ExportDate;EquipmentID;Cycle;Timestamp;Sensor_2;Sensor_3;Sensor_4;Sensor_7;Sensor_8;Sensor_9;Sensor_11;Sensor_12;Sensor_13;Sensor_14;Sensor_15;Sensor_17;HealthScore;AnomalyFlag;WorkOrder;MaintenanceCost
2026-07-02;ENG-019;53;2026-01-03 05:00:00;642.5100;1589.7900;1405.3400;554.6900;2388.0500;9060.2200;47.2400;522.3100;2387.9600;8137.2800;8.4150;391.0000;1.0000;0;WO267744;1818.21
02-Jul-2026;ENG-041;78;2026-01-04 06:00:00;642.4800;1583.6600;1403.9300;554.0700;2388.0700;9050.5800;47.5500;521.6600;2388.1300;8123.8500;8.4243;393.0000;0.5040;0;WO277810;190.83
2026-07-02;  ENG-049 ;186;2026-01-08 18:00:00;642.3400;1581.8400;1397.2700;554.8600;2388.1200;9055.1200;47.2700;521.7400;2388.0700;8138.1600;8.4133;393.0000;1.0000;0;WO349017;430.14
2026/07/02;  ENG-058 ;77;2026-01-04 05:00:00;642.4100;1583.8800;1405.0800;553.6800;2388.0300;9045.4500;47.3900;521.8900;2388.0700;8129.6200;8.4132;393.0000;1.0000;0;WO831534;718.42
02-Jul-2026;  ENG-027 ;80;2026-01-04 08:00:00;642.0200;1584.3600;1403.2800;554.0900;2388.0600;9053.8800;47.3700;522.0800;2388.0200;8136.8000;8.3818;392.0000;1.0000;0;WO739702;2816.32
2026/07/02;ENG-020;120;2026-01-06 00:00:00;642.3700;1601.6600;1406.0200;554.0300;2388.0700;9061.5600;47.5900;521.9900;2388.0700;8139.2600;8.4402;392.0000;0.6400;0;WO291528;2,678.48
02-Jul-2026;ENG-046;70;2026-01-03 22:00:00;642.3100;1588.4500;1400.7400;552.9300;2388.0700;9059.9800;47.5900;521.3400;2388.0900;8149.3000;8.4320;393.0000;0.9840;0;WO130604;2725.30
02-Jul-2026;  ENG-078 ;29;2026-01-02 05:00:00;641.8900;1583.8800;1395.4500;554.5900;2388.0200;9058.3100;47.0900;522.7400;2387.9500;8142.3600;8.3871;391.0000;1.0000;0;WO749799;1422.02
02-Jul-2026;ENG-049;119;2026-01-05 23:00:00;642.2200;1580.9500;1399.8500;554.4300;2388.0500;9072.3800;47.3400;521.8000;2387.9900;8135.1000;8.4401;392.0000;1.0000;0;WO477581;
2026/07/02;ENG-038;70;2026-01-03 22:00:00;643.1700;1594.1800;1422.0000;553.3300;2388.1100;9047.6900;47.5300;521.3200;2388.1300;8137.7400;8.4278;393.0000;0.8400;0;WO461380;876.39
2026-07-02;ENG-084;83;2026-01-04 11:00:00;642.1800;1588.4000;1405.7600;553.8800;2388.1200;9059.7400;47.6300;521.9300;2388.1000;8137.7000;8.4516;392.0000;1.0000;0;WO660113;2976.62
2026-07-02;ENG-060;90;2026-01-04 18:00:00;642.4700;1590.5200;1408.5700;553.8800;2388.0300;9053.8700;47.5100;521.4800;2388.0700;8132.8800;8.4574;393.0000;1.0000;0;WO719922;
2026-07-02;ENG-100;67;2026-01-03 19:00:00;641.7900;1582.0100;1403.8100;554.7500;2388.0300;9058.8400;47.2800;522.1900;2388.0000;8140.1500;8.3738;392.0000;1.0000;0;WO478865;2,927.59
2026-07-02;ENG-027;52;2026-01-03 04:00:00;642.0800;1590.4600;1404.5800;553.9500;2388.0500;9054.8300;47.1100;522.7000;2388.0300;8132.8300;8.3882;391.0000;1.0000;0;WO264258;2009.36
2026-07-02;ENG-046;75;2026-01-04 03:00:00;642.9100;1590.4500;1406.0500;553.7200;2387.9900;9065.3400;47.4800;521.4900;2388.0900;8149.4100;8.4015;393.0000;0.9440;0;WO692096;329.52
2026/07/02;  ENG-093 ;162;2026-01-07 18:00:00;643.3800;1593.8700;1408.3700;552.5000;2388.1000;9062.7200;47.6400;521.0400;2388.1300;8141.1900;8.4265;395.0000;1.0000;0;WO861573;2,702.98
02-Jul-2026;ENG-096;34;2026-01-02 10:00:00;642.3200;1580.3600;1392.1500;553.9100;2388.0300;9069.4300;47.2200;522.2600;2388.0100;8149.5900;8.4256;391.0000;1.0000;0;WO256788;794.26
2026-07-02;  ENG-081 ;117;2026-01-05 21:00:00;642.7900;1586.6300;1402.2300;553.9800;2388.0200;9068.6900;47.3400;521.4300;2388.0800;8154.4000;8.4186;394.0000;0.8320;0;WO484606;1,464.70
2026-07-02;ENG-008;75;2026-01-04 03:00:00;642.1000;1589.3400;1411.9400;553.5300;2388.1400;9048.6000;47.3900;521.3200;2388.1000;8131.7200;8.4074;393.0000;1.0000;0;WO770870;2704.32
2026-07-02;ENG-051;86;2026-01-04 14:00:00;642.4800;1584.4300;1412.2800;553.5100;2388.0800;9047.9500;47.4300;521.7800;2388.1200;8135.4500;8.4359;392.0000;;0;WO776951;
2026/07/02;ENG-049;104;2026-01-05 08:00:00;642.4200;1585.1600;1403.2800;554.0100;2388.0900;9065.6700;47.2300;522.4100;2388.0000;8139.1200;8.3937;391.0000;1.0000;0;WO437432;2072.56
02-Jul-2026;  ENG-077 ;95;2026-01-04 23:00:00;642.8700;1584.6000;1407.4900;553.7500;2388.0900;9054.3900;47.3600;521.6000;2388.0700;8130.2700;8.4264;393.0000;0.8080;0;WO649955;1,984.19
02-Jul-2026;eng-057;95;2026-01-04 23:00:00;642.7900;1581.7200;1401.0900;553.4400;2388.1600;9046.2500;47.6000;521.7600;2388.1200;8123.5600;8.4141;392.0000;1.0000;0;WO191830;987.59
02-Jul-2026;ENG-084;84;2026-01-04 12:00:00;642.1900;1592.7900;1401.8000;553.2500;2388.1000;9054.9100;47.4400;522.1300;2388.1000;8138.2600;8.4357;393.0000;1.0000;0;WO558037;903.86
2026-07-02;ENG-001;17;2026-01-01 17:00:00;642.1900;1582.7000;1404.1200;554.4200;2388.0600;9045.8500;47.2700;522.0900;2388.0200;8126.7800;8.4577;391.0000;1.0000;0;WO892920;2036.97
2026/07/02;ENG-049;137;2026-01-06 17:00:00;642.2700;1584.5500;1393.5800;554.1800;2388.0500;9056.8600;47.2700;522.6100;2388.0500;8140.9800;8.3975;391.0000;1.0000;0;WO927761;1,921.71
2026-07-02;ENG-018;89;2026-01-04 17:00:00;642.6200;1578.5600;1405.3900;554.3400;2388.0600;9060.7800;47.4400;521.9400;2388.0800;8140.0500;8.4203;392.0000;0.5760;0;WO603485;267.23
02-Jul-2026;eng-069;24;2026-01-02 00:00:00;642.8500;1585.5400;1403.0400;552.6000;2388.1100;9054.0100;47.2100;521.2500;2388.0400;8125.3800;8.4159;391.0000;1.0000;0;WO111608;314.66
02-Jul-2026;ENG-032;68;2026-01-03 20:00:00;642.3100;1577.5300;1403.1900;554.3400;2388.0300;9071.5400;47.2200;521.8600;2387.9600;8150.8200;8.3841;391.0000;1.0000;0;WO890153;
2026/07/02;ENG-037;60;2026-01-03 12:00:00;642.4800;1583.6200;1397.6900;554.3400;2388.0800;9057.4200;47.4100;521.6900;2388.0900;8135.2100;8.3920;392.0000;0.6560;0;WO800798;2389.96
2026-07-02;ENG-013;91;2026-01-04 19:00:00;641.9000;1587.7300;1398.5500;554.8800;2387.9900;9063.0000;47.1500;522.3600;2388.0600;8143.0200;8.4397;392.0000;1.0000;0;WO598958;2,659.89
02-Jul-2026;ENG-078;43;2026-01-02 19:00:00;641.8400;1585.9400;1398.6500;554.2700;2388.0300;9057.4600;47.2100;522.2800;2387.9800;8141.0300;8.3960;392.0000;1.0000;0;WO554243;1772.74
02-Jul-2026;  ENG-069 ;22;2026-01-01 22:00:00;642.3200;1587.1000;1410.3400;553.6100;2388.0700;9045.4200;47.3900;521.1600;2388.1000;8129.4400;8.4072;394.0000;1.0000;0;WO463562;1,782.85
2026-07-02;ENG-061;58;2026-01-03 10:00:00;642.5000;1587.8000;1396.0100;554.7800;2387.9800;9063.9900;47.4300;522.0400;2387.9600;8150.2600;8.3954;392.0000;0.9760;0;WO708139;1790.21
2026/07/02;ENG-005;63;2026-01-03 15:00:00;642.3400;1584.2600;1409.2500;554.4700;2388.1200;9056.5800;47.3900;521.1600;2388.1900;8127.7400;8.4506;393.0000;1.0000;0;WO326040;2941.33
2026-07-02;ENG-050;44;2026-01-02 20:00:00;642.1300;1589.2100;1403.1200;554.0700;2388.0500;9060.6200;47.4100;521.7800;2388.1000;8138.9600;8.4199;392.0000;0.8720;0;WO271259;1900.40
02-Jul-2026;ENG-057;87;2026-01-04 15:00:00;643.1100;1586.1100;1403.7600;553.3300;2388.1100;9043.6400;47.5600;521.3300;2388.1700;8125.2100;8.4214;394.0000;1.0000;0;WO345887;63.36
02-Jul-2026;ENG-078;41;2026-01-02 17:00:00;642.3500;1582.5500;1394.8500;554.5800;2388.0500;9050.6200;47.2900;522.2000;2388.0200;8143.7300;8.3908;391.0000;1.0000;0;WO985181;2350.22
2026-07-02;ENG-052;84;2026-01-04 12:00:00;641.7700;1582.8200;1395.7700;555.2000;2388.0300;9060.6000;47.0800;522.1400;2388.0300;8148.5200;8.3734;390.0000;1.0000;0;WO986778;
02-Jul-2026;ENG-032;96;2026-01-05 00:00:00;642.3300;1580.0600;1399.1500;553.9700;2388.0000;9071.7400;47.1800;522.3000;2388.0600;8158.7200;8.4125;392.0000;0.7760;0;WO103964;1169.04
02-Jul-2026;ENG-048;35;2026-01-02 11:00:00;642.9100;1592.7200;1402.1800;553.9400;2388.0600;9055.2600;47.5500;521.2400;2388.0400;8125.4300;8.4111;395.0000;1.0000;0;WO274381;2137.43
2026-07-02;ENG-058;65;2026-01-03 17:00:00;642.3300;1585.7100;1405.8900;553.7300;2388.0800;9056.0500;47.1900;521.8300;2388.0400;8131.8000;8.4502;392.0000;1.0000;0;WO763546;2243.00
2026-07-02;ENG-026;40;2026-01-02 16:00:00;642.5400;1586.3800;1401.6800;554.5500;2388.0200;9068.7600;47.3300;521.9500;2388.1100;8152.2800;8.3792;393.0000;1.0000;0;WO803411;1,832.84
2026/07/02;  ENG-063 ;83;2026-01-04 11:00:00;642.4700;1591.9400;1405.2700;553.1600;2388.1300;9043.7500;47.5800;521.5600;2388.1200;8133.7800;8.4566;394.0000;1.0000;0;WO873943;234.41
2026/07/02;  ENG-048 ;34;2026-01-02 10:00:00;642.5400;1585.8000;1402.3800;553.5000;2388.0800;9053.1800;47.3600;521.5800;2388.1200;8137.8700;8.4262;392.0000;1.0000;0;WO668740;
2026-07-02;  ENG-080 ;81;2026-01-04 09:00:00;642.0100;1593.8100;1406.6700;553.6500;2388.1000;9064.3900;47.4700;521.7100;2388.0500;8144.2000;8.4379;392.0000;1.0000;0;WO350020;1696.25
02-Jul-2026;ENG-049;144;2026-01-07 00:00:00;642.3500;1588.6700;1399.0000;553.7900;2388.0500;9053.1600;47.1700;522.6700;2388.0200;8140.9300;8.4003;392.0000;1.0000;0;WO279358;2306.52
2026/07/02;ENG-003;79;2026-01-04 07:00:00;642.6600;1586.4500;1412.7700;553.1800;2388.1400;9052.7600;47.7000;521.3200;2388.1200;8126.7500;8.4554;392.0000;0.9280;0;WO640247;1,337.94
2026/07/02;  ENG-100 ;101;2026-01-05 05:00:00;642.2800;1588.9100;1402.9700;553.7900;2388.0400;9066.5300;47.1000;522.2100;2388.0300;8142.2600;8.3581;390.0000;0.9360;0;WO240720;
2026-07-02;ENG-079;54;2026-01-03 06:00:00;642.4800;1584.3100;1405.5400;554.0300;2388.0900;9047.7400;47.2600;521.5700;2388.1100;8133.9800;8.4220;394.0000;0.8800;0;WO882361;1,054.20
2026/07/02;ENG-071;38;2026-01-02 14:00:00;642.5000;1588.0300;1399.8300;554.1400;2388.0100;9061.4800;47.4100;522.1700;2388.0200;8142.9700;8.3870;390.0000;1.0000;0;WO436587;2480.41
2026/07/02;ENG-028;91;2026-01-04 19:00:00;642.5400;1593.3000;1406.3300;553.8400;2388.1500;9052.4300;47.3700;521.7800;2388.0700;8135.1300;8.4568;392.0000;1.0000;0;WO498173;2054.12
2026-07-02;eng-013;80;2026-01-04 08:00:00;642.1500;1584.0500;1402.5800;554.0700;2387.9900;9063.3800;47.2400;522.1400;2388.0500;8143.5700;8.4186;393.0000;1.0000;0;WO480246;2,020.47
2026-07-02;ENG-034;130;2026-01-06 10:00:00;642.1700;1586.9400;1410.7200;553.7400;2388.1100;9060.9600;47.0800;521.9700;2388.0500;8138.7900;8.4059;391.0000;0.6400;0;WO759256;162.55
2026-07-02;ENG-089;102;2026-01-05 06:00:00;642.6100;1589.5200;1414.1800;553.5100;2388.1300;9042.6700;47.4400;521.8200;2388.0500;8129.8600;8.4455;392.0000;1.0000;0;WO752236;250.11
02-Jul-2026;ENG-043;81;2026-01-04 09:00:00;642.5600;1584.7300;1399.7700;554.4100;2388.0600;9053.0700;47.4200;522.0300;2388.0800;8132.8200;8.4161;394.0000;1.0000;0;WO523136;1,125.10
02-Jul-2026;ENG-096;55;2026-01-03 07:00:00;642.2900;1584.4100;1401.4300;554.4300;2388.0000;9067.3800;47.2700;522.4500;2388.0200;8147.0500;8.3968;393.0000;1.0000;0;WO864669;1292.20
02-Jul-2026;  ENG-028 ;98;2026-01-05 02:00:00;642.4600;1581.8800;1401.9800;553.6400;2388.0700;9052.2400;47.5800;521.8300;2388.0700;8134.7300;8.4285;394.0000;1.0000;0;WO501242;2,489.59
2026-07-02;ENG-075;51;2026-01-03 03:00:00;642.0600;1587.3200;1398.5600;554.0500;2388.0000;9056.1000;47.2100;522.1800;2388.0100;8141.3600;8.4254;391.0000;1.0000;0;WO932480;627.19
02-Jul-2026;ENG-072;84;2026-01-04 12:00:00;642.6600;1589.1700;1396.2800;553.6400;2388.0500;9070.2000;47.2900;522.3200;2387.9700;8144.0500;8.4106;393.0000;0.7760;0;WO937761;884.47
2026/07/02;ENG-023;54;2026-01-03 06:00:00;642.0300;1578.1300;1402.8400;554.0900;2388.0900;9051.3300;47.0400;521.6700;2387.9700;8138.2300;8.3997;393.0000;1.0000;0;WO495334;223.67
02-Jul-2026;ENG-040;60;2026-01-03 12:00:00;642.8900;1596.0800;1405.9800;553.1500;2388.1100;9062.9300;47.5300;521.4100;2388.0700;8137.8000;8.4429;391.0000;0.8080;0;WO782108;2,743.10
2026/07/02;  ENG-033 ;20;2026-01-01 20:00:00;642.3500;1593.5700;1404.1700;553.2100;2388.1300;9057.1000;47.6500;521.3900;2388.1200;8139.4200;8.4271;391.0000;1.0000;0;WO341684;2722.50
02-Jul-2026;eng-027;49;2026-01-03 01:00:00;642.4100;1588.1100;1404.8200;554.3300;2388.0000;9051.1200;47.3100;522.0700;2388.0600;8132.7900;8.4226;391.0000;1.0000;0;WO258713;1663.47
02-Jul-2026;ENG-030;71;2026-01-03 23:00:00;642.4500;1586.4500;1402.1800;553.5300;2388.1700;9040.4100;47.5400;521.4800;2388.1400;8126.5900;8.4222;392.0000;1.0000;0;WO558948;2879.84
02-Jul-2026;ENG-023;73;2026-01-04 01:00:00;642.1300;1587.0000;1407.3300;554.2500;2388.0300;9048.6800;47.0800;522.3900;2388.0200;8128.5000;8.4181;392.0000;1.0000;0;WO490374;375.13
2026-07-02;ENG-096;64;2026-01-03 16:00:00;641.7100;1578.1400;1402.3900;554.1600;2388.0300;9068.6300;47.1800;522.4800;2387.9900;8143.8500;8.3640;391.0000;1.0000;0;WO373715;1937.10
2026/07/02;  ENG-029 ;99;2026-01-05 03:00:00;642.5000;1576.5100;1398.2700;553.8500;2388.0700;9062.0800;47.1600;522.2400;2388.0300;8136.2700;8.3948;391.0000;1.0000;0;WO994950;1674.47
2026/07/02;ENG-064;61;2026-01-03 13:00:00;642.5100;1590.1900;1401.6300;553.3700;2388.0400;9069.5900;47.3900;521.7800;2388.1100;8142.6700;8.4016;393.0000;1.0000;0;WO967476;1042.85
02-Jul-2026;ENG-007;106;2026-01-05 10:00:00;642.2500;1576.9700;1400.2700;554.7300;2387.9900;9064.8100;47.1700;522.3200;2387.9700;8138.4400;8.4018;393.0000;1.0000;0;WO247302;2942.55
02-Jul-2026;ENG-090;81;2026-01-04 09:00:00;642.5900;1590.7800;1402.2200;553.9300;2388.1200;9062.2000;47.5100;521.6400;2388.0700;8135.4900;8.4637;393.0000;0.7440;0;WO418972;1836.98
2026-07-02;ENG-076;120;2026-01-06 00:00:00;642.2600;1584.6100;1401.6600;554.2600;2388.0400;9059.7100;47.3900;521.8100;2388.0300;8149.1500;8.4251;392.0000;0.7600;0;WO743852;404.31
2026-07-02;ENG-017;83;2026-01-04 11:00:00;642.4800;1588.7800;1403.9200;554.0600;2387.9800;9066.2000;47.0800;522.4800;2388.0000;8153.1000;8.3994;391.0000;1.0000;0;WO959761;1,575.17
2026-07-02;ENG-060;58;2026-01-03 10:00:00;642.6700;1584.8600;1406.5900;553.7900;2388.0900;9054.7800;47.3300;522.0000;2388.0400;8126.5500;8.4507;394.0000;1.0000;0;WO437319;2974.71
2026/07/02;ENG-012;94;2026-01-04 22:00:00;642.2600;1587.5800;1392.1500;553.5900;2388.0300;9063.8600;47.2400;522.4400;2388.0600;8147.9900;8.4267;391.0000;1.0000;0;WO867847;837.55
2026-07-02;ENG-019;67;2026-01-03 19:00:00;642.6000;1592.3700;1398.2000;553.9100;2388.0200;9067.4900;46.9800;522.3500;2388.0200;8139.8200;8.3997;392.0000;1.0000;0;WO559633;2,023.38
02-Jul-2026;ENG-061;61;2026-01-03 13:00:00;642.1400;1588.5600;1402.3200;554.5700;2388.0500;9065.9900;47.3300;522.1800;2388.0500;8149.4600;8.4310;392.0000;0.9520;0;WO900639;
02-Jul-2026;ENG-062;79;2026-01-04 07:00:00;642.3200;1584.4400;1390.9300;554.5500;2387.9900;9053.4600;47.0900;523.0600;2387.9800;8139.5900;8.4009;391.0000;1.0000;0;WO838055;1,508.22
02-Jul-2026;ENG-046;74;2026-01-04 02:00:00;642.5200;1590.5900;1403.6000;553.7400;2388.0000;9069.8100;47.3900;521.4200;2388.0300;8150.1700;8.4206;392.0000;0.9520;0;WO607204;344.77
02-Jul-2026;eng-020;67;2026-01-03 19:00:00;642.1800;1585.8600;1403.0100;553.9500;2388.0700;9062.5100;47.3200;521.8000;2388.0800;8140.4700;8.4238;393.0000;1.0000;0;WO696088;1919.24
02-Jul-2026;ENG-052;95;2026-01-04 23:00:00;642.0200;1591.5500;1396.1500;554.4700;2387.9900;9060.3300;47.0600;522.4100;2387.9800;8141.8800;8.3921;391.0000;;0;WO225623;917.93
2026-07-02;ENG-070;82;2026-01-04 10:00:00;642.8500;1590.9500;1404.2200;553.6800;2388.0700;9054.3400;47.4800;521.1900;2388.0700;8130.8900;8.4092;393.0000;1.0000;0;WO989515;948.86
02-Jul-2026;ENG-093;125;2026-01-06 05:00:00;643.4600;1600.4400;1409.1800;553.3700;2388.1000;9059.1100;47.5600;521.6400;2388.1000;8141.6600;8.4353;394.0000;1.0000;0;WO294099;1535.65
2026-07-02;eng-084;63;2026-01-03 15:00:00;642.8400;1582.9600;1402.9100;554.1500;2388.0500;9056.5300;47.5000;521.3800;2388.0800;8133.9800;8.4534;393.0000;1.0000;0;WO108979;1471.08
02-Jul-2026;ENG-061;100;2026-01-05 04:00:00;642.3600;1591.3300;1404.6900;554.4200;2388.0400;9068.5300;47.4600;521.9500;2388.0700;8149.3300;8.4160;393.0000;0.6400;0;WO195502;1663.01
02-Jul-2026;ENG-096;58;2026-01-03 10:00:00;642.2700;1587.1700;1396.1300;553.7600;2388.0000;9063.5100;47.1200;522.0000;2387.9800;8154.0200;8.4064;390.0000;1.0000;0;WO686999;2446.63
02-Jul-2026;ENG-057;72;2026-01-04 00:00:00;642.4300;1585.6200;1406.3500;553.1600;2388.1400;9045.2000;47.4000;521.7800;2388.1600;8129.7300;8.4273;395.0000;1.0000;0;WO607410;814.03
02-Jul-2026;ENG-025;26;2026-01-02 02:00:00;642.3600;1586.2500;1406.8600;554.3200;2388.0400;9048.2000;47.2700;521.8400;2388.0500;8136.7400;8.4280;392.0000;1.0000;0;WO657876;1,001.88
02-Jul-2026;  ENG-091 ;91;2026-01-04 19:00:00;643.1200;1591.6500;1409.1400;553.5800;2388.1300;9048.6600;47.4600;521.2300;2388.1400;8123.8800;8.4724;393.0000;1.0000;0;WO879395;1,386.02
2026-07-02;  ENG-006 ;50;2026-01-03 02:00:00;642.5200;1588.8700;1410.2000;553.5300;2388.0800;9056.3700;47.4100;521.7300;2388.1100;8130.9400;8.4187;393.0000;1.0000;0;WO912452;241.14
02-Jul-2026;ENG-032;61;2026-01-03 13:00:00;641.9200;1586.5700;1396.0000;554.5900;2388.0200;9065.8300;47.3600;522.4900;2388.0000;8150.8700;8.4008;390.0000;1.0000;0;WO703197;109.04
2026-07-02;ENG-013;97;2026-01-05 01:00:00;642.2700;1590.4000;1407.8900;554.6400;2388.0000;9058.6800;47.2900;521.4900;2387.9700;8145.0800;8.4303;392.0000;1.0000;0;WO696515;1108.98
2026-07-02;ENG-099;40;2026-01-02 16:00:00;641.8700;1588.1500;1394.2100;554.6900;2387.9900;9069.4200;47.3500;522.9200;2387.9500;8145.6700;8.4021;391.0000;1.0000;0;WO320599;2,920.75
02-Jul-2026;ENG-054;42;2026-01-02 18:00:00;642.1300;1584.5000;1399.9500;554.8900;2387.9800;9056.4300;47.0300;522.4400;2388.0300;8136.8000;8.3800;392.0000;1.0000;0;WO327214;1278.24
02-Jul-2026;ENG-034;136;2026-01-06 16:00:00;642.1500;1581.2500;1404.1900;554.4300;2388.1300;9062.7400;47.2800;521.5300;2388.0500;8146.6000;8.4203;394.0000;0.5920;0;WO605620;1649.24
02-Jul-2026;ENG-010;99;2026-01-05 03:00:00;642.6200;1586.4600;1395.5200;554.3600;2388.0100;9060.5100;47.2600;522.3000;2387.9900;8143.7700;8.4394;393.0000;1.0000;0;WO319838;2333.24
2026/07/02;ENG-093;117;2026-01-05 21:00:00;642.9600;1588.2900;1415.3300;553.3200;2388.1000;9056.8200;47.6800;521.1100;2388.1100;8135.9700;8.4644;394.0000;1.0000;0;WO532414;695.41
2026/07/02;ENG-002;24;2026-01-02 00:00:00;643.1700;1590.8300;1408.8400;553.4300;2388.1000;9054.4800;47.4500;521.6600;2388.1100;8137.0700;8.4307;392.0000;0.9840;0;WO107645;1,619.68
2026/07/02;ENG-073;60;2026-01-03 12:00:00;642.1800;1580.5900;1401.0500;553.5100;2387.9900;9055.2500;47.2800;522.6800;2388.0500;8140.5800;8.4024;393.0000;1.0000;0;WO529837;1967.87
2026-07-02;ENG-095;59;2026-01-03 11:00:00;642.2200;1587.9800;1402.7700;553.8200;2388.0500;9041.2000;47.2400;522.2200;2388.0300;8126.7500;8.4053;393.0000;1.0000;0;WO273742;778.52
2026-07-02;  ENG-034 ;112;2026-01-05 16:00:00;641.7600;1583.1700;1401.7200;554.5200;2388.0800;9067.9900;47.2900;521.7900;2388.0100;8146.4800;8.3952;392.0000;0.7840;0;WO704223;2,076.57
2026-07-02;ENG-095;46;2026-01-02 22:00:00;641.9800;1584.0600;1395.9300;554.4100;2388.0800;9051.4200;47.3900;522.2800;2388.0800;8125.7100;8.3796;392.0000;1.0000;0;WO315207;2,281.50
02-Jul-2026;ENG-027;60;2026-01-03 12:00:00;642.0400;1581.9900;1403.7100;554.5800;2388.0500;9044.8500;47.1900;522.4200;2388.0200;8130.8200;8.4242;393.0000;1.0000;0;WO329908;2460.85
2026/07/02;ENG-051;76;2026-01-04 04:00:00;641.9900;1585.8400;1399.5900;553.8700;2388.1000;9054.7200;47.4600;521.5800;2388.0300;8133.8500;8.4429;392.0000;1.0000;0;WO828357;696.00
02-Jul-2026;ENG-074;71;2026-01-03 23:00:00;642.5100;1586.7100;1400.9500;553.6000;2388.0700;9068.2800;47.3500;521.8700;2388.1100;8144.3500;8.4449;395.0000;1.0000;0;WO293948;2006.44
02-Jul-2026;  ENG-077 ;77;2026-01-04 05:00:00;642.6400;1584.0300;1404.0600;553.5300;2388.0900;9053.8000;47.4300;521.7000;2388.0400;8129.6700;8.4404;392.0000;0.9520;0;WO169575;1,934.57
02-Jul-2026;ENG-037;59;2026-01-03 11:00:00;642.4000;1581.0600;1401.4300;554.4500;2388.0300;9049.5400;47.2300;522.2800;2388.0500;8136.6000;8.4136;392.0000;0.6640;0;WO640663;1,453.40
2026-07-02;eng-021;94;2026-01-04 22:00:00;641.9000;1587.7100;1403.7400;554.2300;2388.0200;9064.4100;47.3000;521.8700;2388.0300;8137.4900;8.4130;392.0000;0.8880;0;WO122268;656.50
02-Jul-2026;ENG-096;59;2026-01-03 11:00:00;642.4400;1583.2200;1400.7400;553.4200;2388.0200;9065.4800;47.2900;522.2900;2388.0100;8145.7200;8.3727;392.0000;1.0000;0;WO311461;2,594.90
2026-07-02;ENG-016;42;2026-01-02 18:00:00;642.6200;1594.1300;1394.0700;554.4900;2388.0200;9041.7900;47.4400;522.0600;2388.0600;8134.6300;8.3902;392.0000;1.0000;0;WO420165;2628.23
2026/07/02;ENG-021;81;2026-01-04 09:00:00;641.7900;1587.2900;1401.9800;554.4200;2387.9600;9053.6900;47.3000;522.4600;2388.0000;8139.0800;8.3821;392.0000;0.9920;0;WO119099;1842.72
2026-07-02;ENG-031;125;2026-01-06 05:00:00;642.8300;1593.9000;1405.2900;554.1300;2388.0700;9069.3400;47.5700;521.8200;2388.0600;8155.6400;8.4298;393.0000;0.6320;0;WO114209;
02-Jul-2026;ENG-059;50;2026-01-03 02:00:00;642.2800;1584.6800;1397.3800;553.7300;2388.0000;9056.5800;47.2600;522.0000;2388.0800;8133.6700;8.4187;390.0000;1.0000;0;WO485379;2,813.37
02-Jul-2026;ENG-004;53;2026-01-03 05:00:00;642.4700;1591.3800;1404.0400;553.1100;2388.1400;9047.4300;47.6000;521.8300;2388.1400;8132.0300;8.4230;393.0000;1.0000;0;WO403866;1,886.34
2026-07-02;  ENG-072 ;88;2026-01-04 16:00:00;642.6200;1583.4800;1406.5600;554.6900;2388.0600;9058.3000;47.3600;521.6000;2388.0700;8139.9300;8.4456;393.0000;0.7440;0;WO485496;2751.32
2026/07/02;ENG-093;112;2026-01-05 16:00:00;643.1300;1594.0200;1411.7500;553.1300;2388.1200;9059.4100;47.4300;521.7500;2388.1100;8145.3300;8.4382;395.0000;1.0000;0;WO313417;2839.73
2026/07/02;ENG-083;41;2026-01-02 17:00:00;642.3900;1597.2600;1397.1200;553.6000;2388.1000;9059.9200;47.2300;521.9300;2388.0700;8143.7600;8.4160;391.0000;1.0000;0;WO759858;2,389.21
2026-07-02;ENG-053;95;2026-01-04 23:00:00;642.6900;1595.6800;1401.2800;554.1700;2388.0100;9064.4800;47.3700;522.3900;2388.1200;8141.8800;8.4188;393.0000;0.7600;0;WO277717;
2026-07-02;ENG-039;19;2026-01-01 19:00:00;642.3700;1585.0700;1402.7400;554.2700;2388.0100;9058.1600;47.4000;522.5000;2387.9900;8147.6900;8.4075;391.0000;1.0000;0;WO296274;1074.53
2026/07/02;ENG-055;44;2026-01-02 20:00:00;641.8500;1587.9200;1402.1200;554.1600;2388.0700;9050.8300;47.2200;522.0900;2388.0600;8140.3200;8.3822;392.0000;1.0000;0;WO581250;1182.68
02-Jul-2026;ENG-056;69;2026-01-03 21:00:00;642.8400;1592.7300;1417.1100;553.0600;2388.1500;9045.4700;47.7400;520.8900;2388.1500;8125.0900;8.4402;394.0000;0.6560;0;WO619320;2,711.14
2026/07/02;  ENG-024 ;75;2026-01-04 03:00:00;642.3300;1592.1700;1396.9200;554.4100;2388.0000;9072.7500;47.1200;523.0400;2388.0100;8149.7600;8.3930;393.0000;1.0000;0;WO380469;2479.57
02-Jul-2026;ENG-011;37;2026-01-02 13:00:00;642.6400;1596.7000;1400.3900;553.0300;2388.1500;9040.6600;47.5300;520.7900;2388.2000;8115.1100;8.4183;393.0000;1.0000;0;WO127625;62.69
2026-07-02;ENG-034;80;2026-01-04 08:00:00;642.1700;1585.5800;1395.3200;554.1600;2387.9800;9069.2300;47.2300;522.3000;2387.9800;8154.1000;8.3868;393.0000;1.0000;0;WO267029;2,047.94
02-Jul-2026;ENG-025;32;2026-01-02 08:00:00;642.2900;1588.2400;1405.4900;553.5900;2388.0500;9049.4900;47.4500;522.0500;2388.0400;8132.9000;8.4158;393.0000;1.0000;0;WO543752;2438.52
2026-07-02;ENG-092;61;2026-01-03 13:00:00;642.6100;1597.2000;1408.5500;552.9100;2388.1700;9038.6600;47.5100;521.1800;2388.1500;8119.6400;8.4584;394.0000;0.8720;0;WO849917;2130.48
2026-07-02;eng-049;129;2026-01-06 09:00:00;642.0500;1595.2900;1399.0800;553.8700;2388.0300;9058.2700;47.2900;522.2200;2388.0300;8150.1900;8.4129;393.0000;1.0000;0;WO779148;275.84
2026-07-02;  ENG-041 ;73;2026-01-04 01:00:00;642.7100;1585.7800;1400.0000;553.8300;2388.0800;9045.4300;47.3600;521.5000;2388.0900;8131.0900;8.4092;392.0000;0.5440;0;WO381188;1683.44
2026-07-02;ENG-007;98;2026-01-05 02:00:00;642.4500;1585.3800;1400.2600;554.3800;2388.0800;9053.5000;47.2300;522.3200;2387.9800;8138.7100;8.4455;391.0000;1.0000;0;WO795846;889.25
02-Jul-2026;eng-027;49;2026-01-03 01:00:00;642.4100;1588.1100;1404.8200;554.3300;2388.0000;9051.1200;47.3100;522.0700;2388.0600;8132.7900;8.4226;391.0000;1.0000;0;WO258713;1663.47
02-Jul-2026;ENG-043;68;2026-01-03 20:00:00;641.9800;1591.0900;1409.9900;554.1100;2388.1100;9044.7800;47.3000;522.0300;2388.0700;8137.4500;8.4420;393.0000;1.0000;0;WO479785;2,079.58
2026-07-02;ENG-039;15;2026-01-01 15:00:00;642.1100;1584.5600;1398.2600;554.0100;2388.0000;9054.1000;47.3700;521.9300;2388.0700;8139.2800;8.3992;392.0000;1.0000;0;WO553457;1339.67
02-Jul-2026;ENG-054;75;2026-01-04 03:00:00;641.9100;1574.0000;1396.8900;554.7500;2388.0300;9058.3100;47.3400;522.6900;2388.0200;8147.5000;8.3809;391.0000;1.0000;0;WO674989;2406.51
2026-07-02;ENG-062;118;2026-01-05 22:00:00;642.6200;1587.7300;1400.0100;554.4300;2388.0100;9065.7800;47.1100;522.0500;2388.0100;8140.9700;8.3809;391.0000;1.0000;0;WO496285;1,603.61
02-Jul-2026;ENG-100;80;2026-01-04 08:00:00;641.9900;1591.0400;1389.7100;554.7900;2388.0700;9060.9700;47.1800;522.1400;2388.0100;8141.4100;8.4112;392.0000;1.0000;0;WO458029;2487.02
02-Jul-2026;ENG-021;63;2026-01-03 15:00:00;642.2700;1592.3100;1393.4300;554.1700;2388.0500;9055.8000;47.3000;522.2800;2388.0400;8137.5000;8.3747;389.0000;1.0000;0;WO242471;2,758.21
02-Jul-2026;  ENG-032 ;85;2026-01-04 13:00:00;642.5300;1585.7900;1399.1400;554.6500;2387.9500;9070.4900;47.0800;522.4800;2388.0300;8158.5300;8.4267;391.0000;0.8640;0;WO544249;1643.90
2026-07-02;ENG-062;91;2026-01-04 19:00:00;642.0700;1584.1300;1398.9400;554.7700;2388.0000;9048.9800;46.9700;522.8700;2388.0000;8143.9200;8.4002;391.0000;1.0000;0;WO367457;
2026/07/02;ENG-076;80;2026-01-04 08:00:00;642.3500;1590.0500;1398.8100;553.8500;2388.0900;9053.9000;47.2900;521.9600;2388.0400;8138.8500;8.4037;393.0000;1.0000;0;WO182067;1,553.40
02-Jul-2026;ENG-092;51;2026-01-03 03:00:00;642.3000;1588.2600;1412.5200;553.7300;2388.1500;9038.9600;47.4600;521.0300;2388.1600;8127.7000;8.4314;394.0000;0.9520;0;WO774458;2234.61
2026-07-02;ENG-082;85;2026-01-04 13:00:00;642.2800;1590.7900;1395.9400;554.0800;2388.0300;9060.8800;47.2400;521.6700;2388.0700;8143.2000;8.4364;392.0000;;0;WO463860;2,943.03
2026-07-02;ENG-036;47;2026-01-02 23:00:00;642.3300;1590.8800;1406.6300;553.3000;2388.1100;9066.5100;47.7500;520.4000;2388.1600;8134.3300;8.4488;395.0000;0.7840;0;WO236874;2040.61
02-Jul-2026;ENG-008;105;2026-01-05 09:00:00;642.5800;1588.4000;1404.3700;552.5800;2388.1000;9051.4800;47.3700;521.2500;2388.0900;8130.5700;8.4433;393.0000;1.0000;0;WO543664;2577.06
02-Jul-2026;eng-035;117;2026-01-05 21:00:00;643.4100;1590.0900;1411.4900;553.3600;2388.1300;9057.2700;47.6400;520.7200;2388.1000;8138.2200;8.4191;393.0000;0.7360;0;WO468948;1869.15
2026/07/02;eng-061;97;2026-01-05 01:00:00;642.7900;1592.6000;1404.8500;553.8300;2388.0700;9073.8200;47.4700;521.4300;2388.0400;8145.4000;8.3804;393.0000;0.6640;0;WO455996;1,135.28
2026-07-02;ENG-035;103;2026-01-05 07:00:00;642.7000;1593.4300;1408.2800;553.1300;2388.0800;9051.4500;47.6800;521.4900;2388.1600;8135.4300;8.4371;393.0000;0.8480;0;WO733868;689.98
2026/07/02;ENG-008;69;2026-01-03 21:00:00;642.1500;1586.0200;1407.6900;553.1000;2388.1300;9051.4800;47.4700;521.4800;2388.0700;8130.0900;8.4510;392.0000;1.0000;0;WO328304;1237.79
02-Jul-2026;ENG-055;69;2026-01-03 21:00:00;642.1000;1578.8900;1403.3900;553.8400;2388.0700;9056.9000;47.5600;521.7800;2388.0500;8136.3600;8.4121;392.0000;1.0000;0;WO958933;1609.42
2026/07/02;eng-065;33;2026-01-02 09:00:00;642.3100;1581.0300;1400.8600;554.2800;2387.9300;9066.9200;47.2400;522.7700;2388.0300;8145.9900;8.3915;392.0000;1.0000;0;WO152977;
2026/07/02;eng-089;80;2026-01-04 08:00:00;642.1900;1594.3400;1406.0100;553.2100;2388.1200;9047.2500;47.5900;521.4400;2388.0900;8125.1600;8.4481;392.0000;1.0000;0;WO899639;2,605.03
2026/07/02;ENG-049;116;2026-01-05 20:00:00;641.9500;1580.2200;1389.6800;554.3900;2388.0000;9061.0200;47.1400;522.8600;2387.9900;8143.1300;8.4068;391.0000;1.0000;0;WO599890;1,397.23
2026/07/02;eng-031;83;2026-01-04 11:00:00;642.1900;1586.9100;1407.8000;554.4300;2388.0500;9070.0200;47.4300;522.0800;2388.0300;8148.2900;8.3972;392.0000;0.9680;0;WO791750;267.27
2026-07-02;ENG-043;77;2026-01-04 05:00:00;642.3900;1584.3300;1405.0100;553.6400;2388.0100;9055.8900;47.5700;521.8600;2388.0700;8129.2400;8.4256;393.0000;1.0000;0;WO493554;2,582.82
2026-07-02;ENG-037;81;2026-01-04 09:00:00;642.5500;1587.6200;1399.9800;554.0300;2388.0300;9049.3300;47.3500;521.5800;2388.0300;8131.1300;8.4108;392.0000;0.4880;0;WO468697;1463.06
02-Jul-2026;  ENG-081 ;123;2026-01-06 03:00:00;642.9100;1585.6000;1409.9100;553.7500;2388.0900;9070.9600;47.4700;520.9500;2388.0300;8147.6600;8.4598;393.0000;0.7840;0;WO269546;2541.58
2026/07/02;ENG-004;48;2026-01-03 00:00:00;642.3600;1588.7300;1404.9900;554.5400;2388.1000;9056.2700;47.3700;521.3600;2388.0800;8134.2100;8.4517;394.0000;1.0000;0;WO460192;2793.88
2026/07/02;ENG-008;89;2026-01-04 17:00:00;642.2800;1587.5800;1410.0900;554.1700;2388.0600;9051.0900;47.3000;522.0900;2388.0200;8133.2000;8.4040;393.0000;1.0000;0;WO787280;
02-Jul-2026;eng-089;95;2026-01-04 23:00:00;642.9200;1602.3300;1405.6900;554.3000;2388.0900;9045.4500;47.4300;521.1200;2388.1900;8131.2200;8.4414;393.0000;1.0000;0;WO207281;1846.79
02-Jul-2026;ENG-021;75;2026-01-04 03:00:00;641.9000;1593.6400;1399.4600;554.8700;2388.0100;9052.4700;47.2400;521.8700;2388.0100;8138.4600;8.3969;391.0000;1.0000;0;WO628613;2750.30
2026/07/02;ENG-063;80;2026-01-04 08:00:00;642.6000;1591.2400;1414.3900;553.5700;2388.1500;9053.8000;47.5500;521.3300;2388.1200;8125.6700;8.4516;393.0000;1.0000;0;WO304819;2,588.93
2026/07/02;ENG-031;100;2026-01-05 04:00:00;642.9800;1581.4800;1395.8900;554.5800;2388.0300;9067.0400;47.5000;521.8100;2388.0300;8150.1300;8.4467;393.0000;0.8320;0;WO616061;2927.09
2026-07-02;ENG-058;106;2026-01-05 10:00:00;642.4600;1588.0800;1401.9800;554.1400;2388.0600;9042.3900;47.4400;522.0900;2388.1100;8128.9100;8.4500;392.0000;0.8560;0;WO216424;2462.54
2026/07/02;ENG-052;70;2026-01-03 22:00:00;642.4100;1580.0500;1396.9000;554.5700;2388.0300;9054.4400;47.1400;522.1500;2387.9700;8138.0800;8.3777;391.0000;1.0000;0;WO102235;784.78
2026/07/02;ENG-069;26;2026-01-02 02:00:00;642.6800;1594.1800;1401.6900;553.0600;2388.0600;9050.2400;47.3300;521.7200;2388.0400;8134.0500;8.4626;391.0000;1.0000;0;WO540285;195.68
02-Jul-2026;eng-094;55;2026-01-03 07:00:00;642.6000;1582.6300;1411.6700;552.9400;2388.1000;9054.4500;47.3300;521.6300;2388.1800;8140.4400;8.4157;395.0000;1.0000;0;WO103365;795.72
02-Jul-2026;  ENG-082 ;69;2026-01-03 21:00:00;642.2900;1593.4400;1405.0800;554.6900;2388.0600;9061.0200;47.3700;521.4500;2388.0500;8144.4600;8.4303;392.0000;0.8160;0;WO381592;1,384.56
02-Jul-2026;  ENG-041 ;79;2026-01-04 07:00:00;641.6600;1591.2300;1395.8600;554.7300;2388.0800;9048.5800;47.3200;521.7200;2388.1000;8131.6500;8.4387;393.0000;0.4960;0;WO780285;2,662.81
02-Jul-2026;ENG-013;124;2026-01-06 04:00:00;642.1400;1593.5500;1410.1700;553.7600;2388.0500;9062.0600;47.4400;522.2600;2388.0300;8144.9800;8.3910;394.0000;1.0000;0;WO414253;2557.78
2026/07/02;ENG-039;21;2026-01-01 21:00:00;642.3400;1576.3500;1405.3100;554.1800;2388.0200;9061.4800;47.3300;521.8900;2387.9400;8141.4200;8.4069;391.0000;1.0000;0;WO631250;2,185.65
2026-07-02;ENG-067;35;2026-01-02 11:00:00;642.5000;1581.1800;1394.3800;554.0900;2388.0200;9059.5800;47.2700;522.3600;2388.0400;8141.2200;8.4237;392.0000;0.9040;0;WO980257;2460.87
02-Jul-2026;ENG-068;99;2026-01-05 03:00:00;642.3900;1591.9000;1404.0600;553.5100;2388.0500;9061.9700;47.3800;521.7900;2388.0800;8139.6600;8.4703;392.0000;0.7680;0;WO463063;1056.32
2026/07/02;  ENG-087 ;38;2026-01-02 14:00:00;642.1200;1588.9100;1396.6300;554.8300;2388.0200;9063.4300;47.3200;522.1000;2388.0400;8141.8300;8.3888;392.0000;1.0000;0;WO367221;2458.46
2026-07-02;ENG-046;90;2026-01-04 18:00:00;642.4500;1584.1200;1408.2900;553.3000;2388.0700;9070.2100;47.5400;521.4000;2388.0400;8147.3700;8.4164;392.0000;0.8240;0;WO911929;
2026-07-02;ENG-031;79;2026-01-04 07:00:00;642.2900;1587.8000;1402.1400;554.6200;2388.0600;9073.4800;47.4000;521.7400;2388.0300;8152.4900;8.3950;393.0000;;0;WO903298;1108.74
2026-07-02;ENG-042;82;2026-01-04 10:00:00;642.5000;1590.4900;1408.0800;553.3700;2388.0800;9047.2900;47.2100;521.7200;2388.0100;8135.5000;8.4178;393.0000;0.6720;0;WO930685;2696.34
02-Jul-2026;ENG-079;59;2026-01-03 11:00:00;642.3700;1585.0900;1398.5000;554.7500;2388.0800;9052.2400;47.1700;521.7100;2388.1200;8136.5000;8.4009;392.0000;0.8400;0;WO663718;869.39
2026-07-02;ENG-003;72;2026-01-04 00:00:00;643.2500;1588.9300;1398.3000;553.1000;2388.1800;9054.3300;47.4800;520.8300;2388.1500;8134.9800;8.4195;393.0000;0.9840;0;WO685552;1,012.76
02-Jul-2026;ENG-096;53;2026-01-03 05:00:00;641.6800;1591.2500;1398.0400;554.1100;2387.9800;9071.9100;47.2400;522.1700;2387.9600;8140.9600;8.3679;390.0000;1.0000;0;WO303666;2282.04
2026-07-02;ENG-003;67;2026-01-03 19:00:00;642.5800;1588.3800;1407.1900;553.5900;2388.1200;9050.1400;47.4900;521.1000;2388.0900;8129.9600;8.4270;394.0000;1.0000;0;WO780498;
02-Jul-2026;ENG-055;58;2026-01-03 10:00:00;642.1900;1583.3600;1402.6500;553.8400;2388.0900;9044.9200;47.3900;521.7200;2388.0100;8137.5300;8.4216;393.0000;1.0000;0;WO199772;
02-Jul-2026;ENG-047;31;2026-01-02 07:00:00;642.3800;1582.9600;1408.5500;552.9600;2388.1300;9048.3300;47.6000;521.3300;2388.1300;8116.1500;8.4511;394.0000;1.0000;0;WO457644;2,556.85
2026-07-02;ENG-095;42;2026-01-02 18:00:00;642.4500;1585.2300;1400.3900;554.5000;2388.0600;9045.3300;47.4500;522.2600;2388.0400;8131.3600;8.4146;392.0000;1.0000;0;WO418272;2,376.45
2026-07-02;eng-020;91;2026-01-04 19:00:00;642.3600;1581.9800;1405.7100;553.5500;2388.0900;9063.5600;47.1200;521.8000;2388.0400;8146.8200;8.4289;394.0000;0.8720;0;WO382427;2230.01
2026-07-02;ENG-044;29;2026-01-02 05:00:00;642.0200;1587.5500;1395.3400;554.0600;2388.0900;9052.3500;47.3800;521.3500;2388.1000;8137.5400;8.3785;391.0000;1.0000;0;WO417885;
2026-07-02;ENG-072;50;2026-01-03 02:00:00;642.1700;1590.6300;1398.1700;554.5100;2388.0400;9062.9200;47.3400;521.9300;2388.0200;8145.9700;8.3978;393.0000;1.0000;0;WO694199;925.00
02-Jul-2026;ENG-020;66;2026-01-03 18:00:00;642.5700;1583.7500;1403.7300;554.2500;2388.0500;9057.4000;47.3800;521.9900;2388.1300;8148.2000;8.4125;392.0000;1.0000;0;WO784171;1607.74
02-Jul-2026;ENG-055;43;2026-01-02 19:00:00;642.3000;1584.1000;1401.2100;553.8100;2388.0600;9056.4100;47.3600;521.8900;2388.0700;8138.0900;8.4398;391.0000;1.0000;0;WO694044;2,006.31
2026-07-02;ENG-081;116;2026-01-05 20:00:00;642.4800;1592.2600;1405.2300;553.5900;2388.0500;9076.4200;47.2200;521.4000;2388.0700;8151.0900;8.4337;393.0000;0.8400;0;WO530939;354.63
2026-07-02;  ENG-026 ;39;2026-01-02 15:00:00;642.2800;1586.7400;1393.8900;554.6900;2388.0400;9067.2100;47.2500;521.5400;2388.0100;8149.4400;8.4201;394.0000;1.0000;0;WO785806;2597.48
2026/07/02;ENG-058;95;2026-01-04 23:00:00;642.3200;1589.3900;1402.6100;554.0600;2388.0100;9052.0300;47.4200;522.4200;2388.0700;8134.6700;8.4020;393.0000;0.9440;0;WO167135;326.32
02-Jul-2026;  ENG-041 ;69;2026-01-03 21:00:00;642.6000;1592.6400;1400.1000;554.4400;2388.0200;9043.5200;47.2700;522.0600;2388.0500;8126.7200;8.3669;391.0000;0.5760;0;WO548677;
2026/07/02;eng-074;72;2026-01-04 00:00:00;642.0500;1586.4400;1405.0100;553.6700;2388.0900;9060.4300;47.4900;522.0500;2388.0900;8145.7300;8.4351;393.0000;1.0000;0;WO698179;
02-Jul-2026;eng-054;43;2026-01-02 19:00:00;641.8200;1580.0800;1399.5200;554.6200;2388.0100;9054.3400;47.1100;523.1400;2387.9700;8142.5000;8.3875;389.0000;1.0000;0;WO762350;627.05
2026-07-02;ENG-049;200;2026-01-09 08:00:00;642.4800;1586.8600;1397.6800;553.4900;2388.0500;9055.2000;47.5100;521.8100;2388.0800;8141.4600;8.4214;393.0000;0.9920;0;WO866891;2,782.37
2026-07-02;ENG-003;81;2026-01-04 09:00:00;642.2000;1592.5600;1402.4900;553.4900;2388.1000;9052.1700;47.7000;520.9900;2388.1500;8130.2300;8.4128;392.0000;0.9120;0;WO653508;2,001.08
02-Jul-2026;ENG-061;64;2026-01-03 16:00:00;642.2500;1592.6500;1398.6800;553.5500;2388.0500;9069.5600;47.3900;522.0200;2387.9900;8147.3500;8.4189;392.0000;0.9280;0;WO939871;962.91
2026-07-02;  ENG-029 ;86;2026-01-04 14:00:00;642.6700;1583.9100;1397.2800;554.0200;2388.0600;9055.8000;47.2600;522.3300;2388.0500;8139.8400;8.4111;393.0000;1.0000;0;WO356601;2,868.63
02-Jul-2026;ENG-100;128;2026-01-06 08:00:00;642.8300;1585.3200;1394.3400;553.9600;2388.0500;9065.0000;47.3400;521.8500;2388.0500;8151.9000;8.4486;393.0000;;0;WO442255;2873.55
2026/07/02;ENG-037;43;2026-01-02 19:00:00;642.4100;1594.1600;1402.1300;554.3500;2388.0300;9045.4600;47.3000;521.9800;2388.0500;8144.7300;8.3824;391.0000;0.7920;0;WO750449;1332.24
02-Jul-2026;ENG-084;100;2026-01-05 04:00:00;642.8700;1589.0500;1410.4800;553.7000;2388.0700;9059.4200;47.7200;521.2500;2388.0700;8136.0500;8.4412;393.0000;1.0000;0;WO999842;2,211.30
02-Jul-2026;ENG-008;76;2026-01-04 04:00:00;642.9800;1586.7500;1410.0600;553.6100;2388.0300;9048.0400;47.3400;521.4000;2388.2100;8129.8400;8.4289;390.0000;1.0000;0;WO834842;2602.23
02-Jul-2026;ENG-059;35;2026-01-02 11:00:00;642.1700;1584.4000;1395.5000;554.2200;2388.0200;9058.8000;47.0200;522.7600;2388.0100;8136.2500;8.3709;393.0000;1.0000;0;WO409840;204.78
2026/07/02;ENG-052;76;2026-01-04 04:00:00;641.6500;1582.4000;1402.0500;553.9500;2388.0200;9055.8700;46.9500;522.1100;2388.0700;8134.7500;8.3985;391.0000;1.0000;0;WO565473;358.73
02-Jul-2026;ENG-047;41;2026-01-02 17:00:00;642.0100;1591.8800;1412.4300;553.3800;2388.1300;9055.3700;47.7100;521.5300;2388.1100;8125.3500;8.4189;393.0000;1.0000;0;WO426529;2,431.86
2026-07-02;ENG-076;91;2026-01-04 19:00:00;641.7400;1589.7700;1401.5600;554.1600;2388.0100;9055.2600;47.1200;522.2700;2388.0200;8144.8600;8.4435;391.0000;0.9920;0;WO121978;402.49
2026-07-02;ENG-045;89;2026-01-04 17:00:00;642.8600;1591.0100;1413.9100;553.5300;2388.0700;9062.4600;47.3800;521.7400;2388.0900;8141.9600;8.4451;392.0000;1.0000;0;WO319360;1370.15
2026/07/02;ENG-060;94;2026-01-04 22:00:00;642.6400;1592.9000;1405.9300;553.8100;2388.0800;9052.5300;47.4800;521.8800;2388.0900;8137.8800;8.4363;394.0000;1.0000;0;WO595969;1029.68
2026-07-02;ENG-068;115;2026-01-05 19:00:00;642.4000;1592.1300;1408.1300;553.1200;2388.0800;9061.9800;47.3100;521.8100;2388.1100;8139.1400;8.4277;391.0000;0.6400;0;WO298625;2,579.56
02-Jul-2026;ENG-012;126;2026-01-06 06:00:00;642.0000;1582.1500;1399.3400;553.6100;2388.0600;9058.6400;47.0900;522.6800;2387.9900;8142.3200;8.4166;392.0000;1.0000;0;WO648701;264.93
02-Jul-2026;ENG-043;86;2026-01-04 14:00:00;642.6400;1591.8600;1409.1400;554.1700;2388.0900;9051.2000;47.4500;521.6500;2388.0800;8128.4200;8.3989;393.0000;1.0000;0;WO527840;2422.05
02-Jul-2026;  ENG-034 ;82;2026-01-04 10:00:00;642.3300;1584.3200;1400.8400;554.0900;2387.9900;9061.8100;47.3200;522.3900;2387.9800;8137.1400;8.3907;392.0000;1.0000;0;WO428301;2,928.76
2026-07-02;eng-013;87;2026-01-04 15:00:00;642.1900;1583.8100;1405.9800;554.2500;2387.9800;9063.9300;47.1200;522.6000;2388.0300;8149.4000;8.4338;392.0000;1.0000;0;WO633318;
2026/07/02;ENG-029;114;2026-01-05 18:00:00;642.7300;1580.7900;1396.0300;554.4800;2388.0900;9060.6400;47.3700;522.4200;2388.0500;8135.3700;8.4252;394.0000;1.0000;0;WO932517;983.49
2026/07/02;ENG-075;57;2026-01-03 09:00:00;642.3100;1591.4200;1398.7200;554.4100;2388.0500;9056.8100;47.4800;521.9800;2388.0400;8137.0300;8.4269;392.0000;1.0000;0;WO233582;2,133.08
2026/07/02;ENG-019;68;2026-01-03 20:00:00;642.2100;1578.5100;1397.0100;554.1500;2387.9800;9052.9300;47.3300;522.7000;2388.0000;8137.8800;8.3659;390.0000;1.0000;0;WO677325;345.58
2026-07-02;  ENG-076 ;108;2026-01-05 12:00:00;642.4400;1587.9900;1408.8400;554.2300;2388.0100;9059.9300;47.3000;521.7100;2388.0700;8139.9800;8.3865;392.0000;;0;WO663695;577.40
02-Jul-2026;  ENG-013 ;68;2026-01-03 20:00:00;642.0500;1593.6600;1398.7700;554.3500;2387.9900;9059.7200;47.2600;521.9900;2387.9500;8142.0700;8.4191;391.0000;1.0000;0;WO104099;2,373.82
02-Jul-2026;ENG-095;41;2026-01-02 17:00:00;642.1900;1576.2000;1400.0100;553.9900;2388.0300;9047.0700;47.3600;521.7300;2388.0400;8134.2900;8.3955;393.0000;1.0000;0;WO879899;93.61
02-Jul-2026;eng-074;59;2026-01-03 11:00:00;642.8700;1592.3400;1401.2400;553.6700;2388.0600;9061.2400;47.4600;521.6500;2388.0700;8139.8100;8.4486;392.0000;1.0000;0;WO814170;932.50
2026/07/02;ENG-062;136;2026-01-06 16:00:00;642.7200;1581.2800;1396.0400;554.4100;2388.0000;9060.2600;47.2500;522.5300;2388.0300;8142.8200;8.4096;391.0000;1.0000;0;WO745515;434.26
2026-07-02;ENG-067;43;2026-01-02 19:00:00;642.1800;1588.5600;1401.2300;553.7500;2388.0200;9059.4600;47.4500;522.4900;2388.0500;8138.6400;8.4405;393.0000;0.8400;0;WO743049;250.49
2026-07-02;  ENG-041 ;54;2026-01-03 06:00:00;642.3200;1589.2000;1399.5200;553.8500;2388.0400;9045.4600;47.3000;522.0700;2388.0500;8131.5600;8.4207;391.0000;0.6960;0;WO993013;1079.73
02-Jul-2026;eng-099;62;2026-01-03 14:00:00;641.9200;1585.5200;1394.9500;554.8100;2388.0000;9060.9100;47.1700;522.2900;2388.0100;8143.3400;8.3699;392.0000;1.0000;0;WO381806;2537.73
02-Jul-2026;ENG-010;108;2026-01-05 12:00:00;642.3000;1592.5300;1400.9300;554.4100;2388.0200;9061.3600;47.1700;522.2600;2388.0100;8145.4700;8.3995;393.0000;1.0000;0;WO151179;1190.27
02-Jul-2026;eng-076;70;2026-01-03 22:00:00;641.9800;1580.5400;1407.7200;554.3700;2388.0200;9062.3700;47.2600;522.0200;2388.0100;8144.0800;8.4020;393.0000;1.0000;0;WO919576;981.14
2026/07/02;ENG-007;96;2026-01-05 00:00:00;642.1700;1589.8700;1397.2200;554.4200;2387.9800;9057.3900;47.1200;522.4200;2387.9400;8150.3100;8.3890;392.0000;1.0000;0;WO450563;887.31
2026-07-02;  ENG-049 ;109;2026-01-05 13:00:00;642.0800;1584.3100;1397.7000;554.2000;2388.0500;9064.4300;47.2100;522.4200;2387.9800;8144.6200;8.3867;391.0000;1.0000;0;WO461710;2,093.23
02-Jul-2026;ENG-091;107;2026-01-05 11:00:00;642.5200;1592.7100;1413.3700;552.8600;2388.1700;9055.8800;47.6300;521.3400;2388.1200;8126.3400;8.4575;393.0000;1.0000;0;WO493578;874.65
02-Jul-2026;ENG-077;103;2026-01-05 07:00:00;642.1500;1581.7100;1398.3400;554.2000;2388.1000;9046.0900;47.4700;521.8900;2388.1200;8134.4000;8.4268;393.0000;0.7440;0;WO157839;1635.56
2026-07-02;ENG-092;97;2026-01-05 01:00:00;642.6600;1584.6200;1406.0800;552.8800;2388.1900;9040.5000;47.7600;521.0700;2388.1700;8118.3200;8.4470;393.0000;0.5840;0;WO993256;684.13
2026/07/02;ENG-007;99;2026-01-05 03:00:00;642.4700;1588.4600;1398.6300;554.2300;2388.0800;9052.6100;47.2500;522.3900;2388.0700;8144.2200;8.3796;392.0000;1.0000;0;WO409438;1185.52
2026/07/02;ENG-051;82;2026-01-04 10:00:00;642.3300;1584.3800;1403.1900;553.4300;2388.0800;9048.1400;47.4700;522.5100;2388.1500;8130.4600;8.4580;393.0000;;0;WO350996;2,239.74
2026-07-02;ENG-072;50;2026-01-03 02:00:00;642.1700;1590.6300;1398.1700;554.5100;2388.0400;9062.9200;47.3400;521.9300;2388.0200;8145.9700;8.3978;393.0000;1.0000;0;WO694199;925.00
2026/07/02;eng-062;83;2026-01-04 11:00:00;642.1700;1583.3700;1393.1800;554.3800;2387.9700;9057.2000;47.2100;522.8200;2387.9700;8140.6000;8.3985;391.0000;1.0000;0;WO605242;1504.38
02-Jul-2026;  ENG-071 ;28;2026-01-02 04:00:00;641.9800;1590.5300;1400.3600;554.3700;2388.0000;9067.0300;47.0700;522.5700;2387.9600;8147.6500;8.4124;393.0000;1.0000;0;WO817909;729.73
02-Jul-2026;  ENG-012 ;118;2026-01-05 22:00:00;642.1300;1592.8700;1403.1000;554.0600;2388.0200;9057.2200;47.2700;522.3500;2387.9700;8140.0800;8.3962;390.0000;1.0000;0;WO479390;1271.75
02-Jul-2026;  ENG-003 ;84;2026-01-04 12:00:00;642.7200;1591.5500;1409.5800;553.1300;2388.1600;9053.2100;47.5900;521.2300;2388.1300;8134.9800;8.4715;395.0000;0.8880;0;WO408460;881.09
02-Jul-2026;ENG-036;63;2026-01-03 15:00:00;643.0300;1594.6200;1415.2500;553.3000;2388.1100;9060.1600;47.6300;521.2600;2388.0700;8138.3100;8.4456;395.0000;0.6560;0;WO549406;2749.78
02-Jul-2026;ENG-066;55;2026-01-03 07:00:00;643.5600;1590.1700;1408.1100;553.7100;2388.0100;9058.9100;47.5100;521.7700;2387.9900;8144.9800;8.4533;393.0000;0.8480;0;WO899850;1273.10
2026-07-02;ENG-091;140;2026-01-06 20:00:00;642.7700;1589.5600;1415.1800;553.0700;2388.1600;9048.0800;47.6700;520.9400;2388.1100;8134.6600;8.4425;394.0000;1.0000;0;WO229628;
2026-07-02;eng-100;104;2026-01-05 08:00:00;642.0600;1585.6200;1401.2400;554.2400;2388.0200;9065.4700;47.3600;522.2900;2388.0200;8151.7300;8.3927;392.0000;0.9120;0;WO304614;1,395.02
02-Jul-2026;eng-074;64;2026-01-03 16:00:00;643.0000;1584.7100;1406.4600;553.6500;2388.1000;9055.6400;47.3400;521.6900;2388.0700;8139.4300;8.4416;392.0000;1.0000;0;WO963045;1653.25
2026-07-02;  ENG-044 ;33;2026-01-02 09:00:00;643.1200;1591.1300;1405.9800;553.8600;2388.1400;9046.5200;47.4900;521.8900;2388.0700;8129.5800;8.4083;393.0000;1.0000;0;WO285213;1866.44
2026-07-02;ENG-091;119;2026-01-05 23:00:00;642.6900;1581.1300;1414.1500;553.1700;2388.1300;9049.8800;47.6000;520.8600;2388.1500;8130.3500;8.4525;391.0000;1.0000;0;WO321043;2720.65
2026/07/02;ENG-051;92;2026-01-04 20:00:00;642.8800;1585.5600;1402.3100;553.4600;2388.0700;9043.9800;47.4200;521.4500;2388.0900;8132.0200;8.3924;392.0000;1.0000;0;WO223365;1539.02
02-Jul-2026;ENG-027;93;2026-01-04 21:00:00;642.4600;1585.9100;1402.1800;554.0700;2388.0500;9053.4500;47.3800;521.6200;2388.0300;8137.3000;8.4041;393.0000;0.9040;0;WO873677;1,524.63
2026/07/02;eng-100;69;2026-01-03 21:00:00;642.3100;1585.0000;1406.8000;554.4700;2388.0900;9055.0000;47.2900;522.1300;2388.0200;8141.4000;8.3997;390.0000;1.0000;0;WO694499;1100.11
02-Jul-2026;ENG-018;50;2026-01-03 02:00:00;641.9900;1591.7800;1402.5200;554.4000;2388.0400;9062.4700;47.3700;522.3600;2388.0300;8150.4800;8.4071;391.0000;0.8880;0;WO349830;67.42
02-Jul-2026;ENG-066;59;2026-01-03 11:00:00;642.6000;1599.8900;1413.1800;553.5400;2388.0800;9066.3900;47.5500;521.7100;2388.1100;8144.3400;8.4392;394.0000;0.8160;0;WO400885;2130.26
02-Jul-2026;ENG-058;104;2026-01-05 08:00:00;642.4300;1589.6100;1405.9200;553.9600;2388.1000;9053.8500;47.2300;521.9100;2388.0800;8131.3500;8.4120;390.0000;0.8720;0;WO608899;2230.90
2026-07-02;ENG-090;56;2026-01-03 08:00:00;642.6100;1593.7200;1402.1600;553.7500;2388.1100;9060.6200;47.4900;521.8600;2388.0800;8137.4600;8.4213;393.0000;0.9440;0;WO963067;1105.74
2026-07-02;ENG-088;41;2026-01-02 17:00:00;642.8900;1590.1100;1410.3500;553.1500;2388.1400;9041.9000;47.4800;521.3300;2388.1500;8123.9200;8.5013;392.0000;1.0000;0;WO222770;1004.14
2026-07-02;ENG-045;101;2026-01-05 05:00:00;642.8900;1589.5600;1404.6800;553.5000;2388.1100;9058.9100;47.6100;521.5500;2388.1800;8132.1100;8.4461;393.0000;1.0000;0;WO211565;2708.21
02-Jul-2026;ENG-086;71;2026-01-03 23:00:00;642.7500;1587.3100;1397.0400;554.8900;2388.0500;9062.0100;47.4900;521.9200;2388.0800;8141.4400;8.4249;392.0000;1.0000;0;WO172266;2,020.12
2026-07-02;ENG-051;84;2026-01-04 12:00:00;642.4800;1590.7700;1406.2300;553.7900;2388.1000;9048.7900;47.3500;522.1400;2388.0500;8133.9000;8.4434;390.0000;1.0000;0;WO316827;1770.48
2026-07-02;ENG-098;70;2026-01-03 22:00:00;642.6300;1588.6900;1402.3800;553.8600;2388.0800;9049.6300;47.6300;521.9300;2388.0800;8141.6700;8.4089;391.0000;0.8800;0;WO885066;545.65
02-Jul-2026;eng-032;80;2026-01-04 08:00:00;642.0500;1586.7400;1397.2400;554.2200;2387.9500;9069.6400;47.1000;522.5400;2388.0100;8150.6600;8.4367;392.0000;0.9040;0;WO823358;592.05
2026-07-02;ENG-018;61;2026-01-03 13:00:00;642.3200;1590.7000;1401.1700;554.6900;2387.9700;9067.2100;47.3500;522.0700;2388.0000;8144.2000;8.4060;391.0000;0.8000;0;WO897212;1228.86
2026-07-02;ENG-063;99;2026-01-05 03:00:00;642.5100;1588.0600;1414.6000;553.4600;2388.1700;9049.8100;47.5400;521.6700;2388.1300;8126.9200;8.4366;393.0000;1.0000;0;WO850535;2,931.97
2026-07-02;ENG-036;76;2026-01-04 04:00:00;643.1200;1591.0000;1407.9300;553.2500;2388.1200;9060.3100;47.6100;521.3200;2388.1200;8140.6400;8.4311;393.0000;0.5520;0;WO571649;2361.08
02-Jul-2026;ENG-070;56;2026-01-03 08:00:00;642.1800;1595.0000;1397.5400;553.5700;2388.0800;9058.2500;47.4100;521.3300;2388.0600;8131.0500;8.4294;394.0000;1.0000;0;WO924473;1621.09
2026-07-02;eng-047;37;2026-01-02 13:00:00;643.0700;1595.6300;1410.5700;552.9500;2388.1500;9041.3900;47.5600;521.4300;2388.1400;8123.8000;8.5047;394.0000;1.0000;0;WO556872;
2026/07/02;ENG-074;80;2026-01-04 08:00:00;642.8500;1591.3800;1410.6200;553.5000;2388.0800;9059.1600;47.5300;522.0400;2388.0500;8138.5900;8.4467;392.0000;1.0000;0;WO239455;
2026/07/02;ENG-060;72;2026-01-04 00:00:00;642.3300;1591.8200;1407.3700;553.8800;2388.0700;9059.7500;47.6200;521.9500;2388.1200;8134.7100;8.4476;393.0000;1.0000;0;WO914082;1,784.50
2026-07-02;ENG-028;94;2026-01-04 22:00:00;643.1000;1589.2800;1397.9300;553.6900;2388.0500;9039.3100;47.2400;521.6800;2388.0500;8125.4400;8.4244;392.0000;1.0000;0;WO907693;2370.56
02-Jul-2026;ENG-070;53;2026-01-03 05:00:00;642.5700;1580.9900;1403.3300;554.2400;2388.0600;9052.1400;47.3800;521.9600;2388.0300;8125.7300;8.4273;392.0000;1.0000;0;WO689223;1,117.95
02-Jul-2026;ENG-045;99;2026-01-05 03:00:00;643.0200;1592.8300;1412.1700;553.2500;2388.1000;9060.8900;47.4600;521.5700;2388.1200;8138.7700;8.4419;392.0000;1.0000;0;WO606898;
2026-07-02;ENG-024;63;2026-01-03 15:00:00;642.6500;1580.5200;1398.3900;553.6000;2387.9900;9060.4000;47.2300;522.3100;2388.0500;8150.0600;8.4021;391.0000;;0;WO980878;2645.18
2026/07/02;ENG-027;64;2026-01-03 16:00:00;641.8800;1588.4000;1405.0900;554.6700;2388.0600;9050.1200;47.2700;522.1600;2388.0800;8139.6400;8.4419;391.0000;1.0000;0;WO438828;390.15
02-Jul-2026;  ENG-098 ;73;2026-01-04 01:00:00;642.9500;1586.3000;1406.6500;553.1400;2388.0500;9054.4200;47.4800;521.7200;2388.0400;8136.7400;8.4621;393.0000;0.8560;0;WO652778;1,679.60
2026/07/02;ENG-061;82;2026-01-04 10:00:00;642.1500;1584.6800;1402.8200;553.8400;2388.0400;9070.9100;47.4000;522.2400;2388.0400;8150.7700;8.4449;393.0000;;0;WO367603;1991.17
2026-07-02;ENG-053;98;2026-01-05 02:00:00;642.7100;1593.1200;1401.0100;553.7800;2388.0300;9065.5100;47.6200;521.8500;2388.0900;8142.8700;8.3954;391.0000;0.7360;0;WO209947;57.61
2026-07-02;ENG-073;72;2026-01-04 00:00:00;642.4100;1584.9000;1401.7500;553.8100;2388.0100;9050.6000;47.0600;522.0500;2388.0000;8142.2600;8.4267;390.0000;1.0000;0;WO529163;2,178.24
2026-07-02;ENG-038;66;2026-01-03 18:00:00;642.7100;1589.4800;1416.7900;553.3000;2388.1300;9054.6600;47.6300;521.0400;2388.1700;8135.5200;8.4389;393.0000;0.8720;0;WO811098;
2026-07-02;ENG-073;58;2026-01-03 10:00:00;641.9900;1588.5400;1399.0500;554.4000;2388.0900;9054.5700;47.1000;522.4200;2388.0500;8137.0000;8.4445;392.0000;1.0000;0;WO246472;878.32
2026-07-02;ENG-061;88;2026-01-04 16:00:00;642.6700;1593.2200;1392.6100;554.6100;2388.0200;9057.4800;47.4700;522.0700;2388.0200;8149.7400;8.4432;392.0000;0.7360;0;WO420634;1533.04
2026-07-02;ENG-093;138;2026-01-06 18:00:00;643.0000;1585.6500;1406.0600;553.8100;2388.0800;9058.4100;47.6700;521.1400;2388.0800;8139.8800;8.4719;394.0000;1.0000;0;WO861611;2,057.54
2026/07/02;  ENG-006 ;37;2026-01-02 13:00:00;642.5300;1594.5500;1406.0400;553.5900;2388.0700;9047.9700;47.5000;522.1100;2388.1000;8131.8300;8.3991;392.0000;1.0000;0;WO395702;306.62
02-Jul-2026;  ENG-045 ;83;2026-01-04 11:00:00;642.5900;1586.7400;1399.6200;553.5700;2388.0800;9066.7400;47.4400;521.1800;2388.1100;8145.6400;8.4563;393.0000;1.0000;0;WO633162;1362.51
2026/07/02;ENG-027;63;2026-01-03 15:00:00;642.6900;1580.7500;1403.2000;554.7100;2388.0500;9057.9400;47.1600;522.5100;2388.0100;8127.0900;8.4155;393.0000;1.0000;0;WO608478;1670.77
2026/07/02;ENG-011;49;2026-01-03 01:00:00;642.8900;1587.0800;1410.7500;552.8300;2388.1500;9039.1800;47.6300;521.2300;2388.1600;8122.9500;8.4528;394.0000;1.0000;0;WO170294;84.77
2026/07/02;  ENG-010 ;69;2026-01-03 21:00:00;642.1800;1588.3000;1402.5200;554.6700;2388.0200;9064.7100;47.1100;522.8000;2388.0400;8145.0900;8.4053;391.0000;1.0000;0;WO476482;1,077.32
2026/07/02;eng-085;23;2026-01-01 23:00:00;642.4300;1586.3500;1402.7100;553.7500;2388.1200;9050.2800;47.5700;521.7700;2388.1100;8128.5700;8.3994;392.0000;1.0000;0;WO268712;2628.79
2026/07/02;  ENG-018 ;80;2026-01-04 08:00:00;642.6500;1588.9800;1404.7900;552.8200;2388.0100;9059.1200;47.4400;522.6300;2388.0600;8143.4000;8.4146;392.0000;0.6480;0;WO108807;2,144.31
2026-07-02;ENG-034;91;2026-01-04 19:00:00;642.2200;1585.1500;1398.1700;554.4300;2388.0300;9062.7700;47.3500;522.4300;2387.9900;8146.2800;8.3986;394.0000;0.9520;0;WO370378;2,229.25
2026/07/02;ENG-051;94;2026-01-04 22:00:00;642.7900;1586.9700;1398.9800;553.8400;2388.0500;9049.5100;47.6200;521.5100;2388.1200;8129.0800;8.3982;394.0000;1.0000;0;WO563939;2508.90
02-Jul-2026;eng-038;77;2026-01-04 05:00:00;643.0400;1590.7600;1408.7900;552.3800;2388.1300;9061.4800;47.3800;520.5400;2388.0700;8140.0400;8.4503;393.0000;0.7840;0;WO753014;2950.77
02-Jul-2026;eng-090;52;2026-01-03 04:00:00;642.1900;1590.1200;1407.3900;554.1100;2388.0900;9053.7300;47.4900;522.1000;2388.0500;8140.4700;8.3835;394.0000;0.9760;0;WO928849;2091.10
2026-07-02;  ENG-054 ;70;2026-01-03 22:00:00;642.2100;1587.7000;1392.5900;554.0100;2387.9800;9058.5900;47.1800;522.2400;2388.0200;8140.1000;8.3760;391.0000;1.0000;0;WO459438;449.80
02-Jul-2026;  ENG-003 ;44;2026-01-02 20:00:00;642.1600;1586.4600;1410.7200;552.9500;2388.1300;9055.4300;47.5900;521.7700;2388.1400;8133.7700;8.4204;394.0000;1.0000;0;WO215526;1,809.16
2026/07/02;  ENG-010 ;102;2026-01-05 06:00:00;642.2200;1585.3100;1394.1200;553.9800;2388.0400;9058.8700;47.3400;521.9300;2388.0200;8146.6000;8.4062;391.0000;1.0000;0;WO488432;2485.16
2026-07-02;ENG-082;107;2026-01-05 11:00:00;643.2600;1598.7700;1404.5800;553.9900;2388.0800;9061.4100;47.3900;521.8400;2388.0700;8143.5200;8.4234;392.0000;0.5120;0;WO725339;352.30
2026-07-02;ENG-082;63;2026-01-03 15:00:00;642.2800;1586.4100;1402.0000;554.7700;2388.0400;9062.6300;47.3200;522.5600;2388.0700;8146.0300;8.4063;392.0000;0.8640;0;WO856265;2,758.56
2026/07/02;eng-052;66;2026-01-03 18:00:00;642.0700;1583.9700;1391.2500;554.5900;2388.0400;9052.6100;47.1200;522.4800;2388.0300;8136.3300;8.3915;392.0000;1.0000;0;WO682185;2558.46
2026-07-02;  ENG-053 ;92;2026-01-04 20:00:00;643.2100;1591.9400;1402.3000;553.9400;2388.0500;9057.3000;47.2800;521.5900;2388.0600;8136.6100;8.4135;393.0000;;0;WO960551;117.91
2026/07/02;ENG-048;48;2026-01-03 00:00:00;642.6700;1594.5500;1406.8500;553.4800;2388.1000;9062.2000;47.3000;521.7000;2388.1100;8138.9600;8.4298;392.0000;0.9760;0;WO632701;2,205.26
2026/07/02;  ENG-045 ;63;2026-01-03 15:00:00;642.6700;1584.0600;1406.5800;553.3000;2388.1300;9063.1500;47.4700;521.5400;2388.1100;8145.8500;8.4305;393.0000;1.0000;0;WO962031;1872.07
2026-07-02;ENG-065;26;2026-01-02 02:00:00;642.1900;1581.0200;1395.2000;554.9600;2388.0100;9076.2000;47.1200;522.2300;2388.0500;8158.2700;8.3941;393.0000;1.0000;0;WO822833;139.31
2026/07/02;ENG-097;69;2026-01-03 21:00:00;642.5500;1587.4600;1398.2800;554.2900;2388.0700;9062.9700;47.2900;522.0300;2388.0600;8151.8700;8.4123;392.0000;1.0000;0;WO749583;1,826.42
2026-07-02;ENG-012;142;2026-01-06 22:00:00;641.8100;1582.7500;1402.2900;554.3800;2388.0100;9055.7100;47.1700;522.4200;2388.0300;8142.8200;8.3950;392.0000;1.0000;0;WO401936;437.86
2026-07-02;ENG-064;107;2026-01-05 11:00:00;642.5100;1590.7800;1406.9400;554.2300;2388.0700;9063.8700;47.5300;521.1900;2388.0200;8140.0000;8.4419;393.0000;0.7120;0;WO121759;1965.42
02-Jul-2026;ENG-008;64;2026-01-03 16:00:00;642.3000;1592.0600;1404.8200;553.9700;2388.1100;9057.7600;47.3800;521.6000;2388.0300;8132.5700;8.4200;392.0000;1.0000;0;WO638433;1,203.46
2026-07-02;ENG-023;66;2026-01-03 18:00:00;642.6900;1578.6600;1399.2400;554.6800;2388.0500;9053.1400;47.3000;522.7800;2388.0000;8132.5600;8.4123;392.0000;1.0000;0;WO337434;448.44
2026/07/02;ENG-053;77;2026-01-04 05:00:00;641.9200;1581.6300;1399.3800;554.4000;2388.1000;9057.4400;47.5600;521.4000;2388.1000;8139.8900;8.4493;394.0000;0.9040;0;WO294710;2848.46
02-Jul-2026;ENG-068;91;2026-01-04 19:00:00;642.7500;1588.3000;1417.9600;553.8100;2388.0700;9055.7800;47.2900;522.0700;2388.0500;8135.5900;8.4413;393.0000;0.8320;0;WO239225;2,416.22
2026/07/02;ENG-049;115;2026-01-05 19:00:00;642.0100;1593.1500;1399.7200;554.2400;2388.0100;9055.2500;47.1000;521.9900;2388.0000;8139.5400;8.4042;392.0000;1.0000;0;WO912529;2,049.97
2026/07/02;ENG-079;57;2026-01-03 09:00:00;642.1000;1582.2700;1400.3100;554.3600;2388.0800;9045.5300;47.4200;522.3400;2388.1000;8138.9200;8.4200;393.0000;0.8560;0;WO460903;933.66
02-Jul-2026;ENG-031;128;2026-01-06 08:00:00;642.5700;1585.1700;1410.4500;553.6900;2388.1200;9069.3300;47.4700;521.6800;2388.0700;8154.4400;8.4365;394.0000;0.6080;0;WO678391;468.81
02-Jul-2026;eng-036;53;2026-01-03 05:00:00;642.7200;1592.5700;1412.9900;552.8700;2388.1200;9062.7400;47.5200;521.3200;2388.0700;8140.1400;8.4373;395.0000;0.7360;0;WO777757;2,030.84
02-Jul-2026;  ENG-080 ;57;2026-01-03 09:00:00;642.5000;1590.8100;1402.1100;554.0600;2388.0300;9065.6300;47.5700;522.0000;2388.0900;8139.8500;8.4031;391.0000;1.0000;0;WO918652;1956.04
2026-07-02;ENG-063;85;2026-01-04 13:00:00;642.4500;1580.7100;1395.4900;553.6500;2388.1200;9058.0200;47.5400;521.5200;2388.0800;8129.8700;8.4503;394.0000;1.0000;0;WO190747;1,758.47
2026-07-02;ENG-082;97;2026-01-05 01:00:00;642.7800;1590.0500;1403.2200;553.4200;2388.0700;9063.5100;47.4300;521.4800;2388.0800;8143.3200;8.4384;393.0000;0.5920;0;WO564044;2987.50
2026/07/02;ENG-093;88;2026-01-04 16:00:00;642.6800;1586.7700;1408.2700;553.5400;2388.1300;9054.6900;47.4000;521.4700;2388.0700;8137.5500;8.4716;393.0000;1.0000;0;WO374292;2650.25
02-Jul-2026;ENG-091;117;2026-01-05 21:00:00;642.6700;1591.3700;1407.5900;553.1600;2388.1700;9046.8600;47.3500;521.1300;2388.1800;8125.2400;8.4642;392.0000;1.0000;0;WO508768;1187.15
02-Jul-2026;ENG-009;26;2026-01-02 02:00:00;642.2500;1594.7600;1411.3300;553.2200;2388.1000;9055.8500;47.7800;521.1900;2388.0900;8124.7700;8.4269;393.0000;1.0000;0;WO855762;2,928.53
2026/07/02;ENG-062;139;2026-01-06 19:00:00;642.4000;1583.2500;1394.8100;553.8100;2388.0100;9061.7400;47.1700;522.2100;2387.9700;8142.7800;8.3933;392.0000;;0;WO974589;1,855.81
2026-07-02;ENG-027;58;2026-01-03 10:00:00;642.2800;1583.0700;1395.4700;554.2000;2388.0300;9042.8400;47.3400;522.0800;2388.0600;8131.6800;8.4085;392.0000;1.0000;0;WO365959;284.17
02-Jul-2026;ENG-003;56;2026-01-03 08:00:00;642.4800;1594.7600;1407.6400;552.9600;2388.1200;9051.6400;47.4500;521.7200;2388.1100;8128.2500;8.4621;392.0000;1.0000;0;WO131417;838.62
2026/07/02;ENG-003;68;2026-01-03 20:00:00;642.6100;1587.1000;1402.6400;553.2400;2388.1100;9052.5500;47.6600;521.8200;2388.1200;8123.9000;8.5025;394.0000;1.0000;0;WO752686;627.71
2026/07/02;ENG-006;69;2026-01-03 21:00:00;642.1100;1596.5400;1403.3200;553.4600;2388.1000;9049.1300;47.3200;521.4600;2388.1200;8131.9400;8.4747;394.0000;1.0000;0;WO789593;2231.87
2026/07/02;eng-071;29;2026-01-02 05:00:00;642.2900;1584.7500;1398.4500;555.2000;2387.9800;9067.3900;47.2900;522.1100;2388.0800;8145.9200;8.4134;391.0000;1.0000;0;WO453018;1747.38
02-Jul-2026;ENG-100;120;2026-01-06 00:00:00;642.6500;1586.9900;1399.7900;554.7900;2388.0500;9069.9500;47.2100;521.8400;2388.0600;8146.9800;8.4382;393.0000;0.7840;0;WO509148;1528.36
2026-07-02;ENG-084;81;2026-01-04 09:00:00;642.4900;1587.4600;1409.4000;553.6100;2388.1200;9057.6100;47.4400;521.8500;2388.0800;8135.2600;8.4230;393.0000;1.0000;0;WO610159;2195.22
2026/07/02;ENG-006;40;2026-01-02 16:00:00;642.5600;1586.8800;1414.7600;553.8900;2388.1000;9048.6700;47.6000;521.5100;2388.0900;8134.7100;8.4020;393.0000;1.0000;0;WO156768;1245.29
2026-07-02;ENG-001;16;2026-01-01 16:00:00;642.3200;1584.5100;1407.7600;553.8200;2388.1000;9041.9400;47.3900;522.1600;2388.1000;8133.8300;8.4300;390.0000;1.0000;0;WO633081;1631.32
2026-07-02;ENG-093;134;2026-01-06 14:00:00;642.3400;1585.4200;1414.2800;552.9200;2388.1200;9062.3500;47.5500;520.9900;2388.0800;8141.4700;8.4434;393.0000;1.0000;0;WO490226;754.11
02-Jul-2026;  ENG-035 ;89;2026-01-04 17:00:00;643.0700;1594.6900;1412.2200;553.4400;2388.1000;9054.6000;47.6400;521.0200;2388.0600;8139.4500;8.4543;393.0000;0.9600;0;WO790972;97.66
02-Jul-2026;ENG-091;126;2026-01-06 06:00:00;642.3200;1596.3000;1409.6400;553.8500;2388.1100;9053.2900;47.8300;521.0300;2388.1200;8132.9700;8.4296;391.0000;1.0000;0;WO794221;999.46
2026/07/02;ENG-083;46;2026-01-02 22:00:00;642.6900;1585.4700;1407.1000;553.6900;2388.0600;9062.5000;47.5500;521.6100;2388.0200;8135.1300;8.4169;393.0000;1.0000;0;WO785931;
2026/07/02;ENG-035;78;2026-01-04 06:00:00;643.2200;1584.5300;1413.3500;553.8900;2388.1700;9061.2800;47.5100;521.3100;2388.0900;8137.8300;8.4288;394.0000;1.0000;0;WO313547;1,157.65
2026/07/02;ENG-010;119;2026-01-05 23:00:00;642.1600;1591.1300;1398.6100;554.3700;2388.0300;9060.5200;47.3700;521.8400;2388.0800;8137.1200;8.4120;391.0000;1.0000;0;WO262837;766.25
2026-07-02;ENG-095;52;2026-01-03 04:00:00;642.4600;1581.3000;1401.5000;553.9600;2388.1000;9048.3900;47.3200;521.9400;2388.0900;8129.0100;8.4120;392.0000;;0;WO650642;2,967.37
02-Jul-2026;ENG-020;66;2026-01-03 18:00:00;642.5700;1583.7500;1403.7300;554.2500;2388.0500;9057.4000;47.3800;521.9900;2388.1300;8148.2000;8.4125;392.0000;1.0000;0;WO784171;1607.74
02-Jul-2026;ENG-006;39;2026-01-02 15:00:00;641.9900;1592.8200;1403.2200;553.3700;2388.0900;9053.8200;47.4500;521.7700;2388.0300;8134.1700;8.4324;394.0000;;0;WO899890;1,388.38
2026/07/02;ENG-056;84;2026-01-04 12:00:00;642.7500;1596.8100;1412.5300;553.4500;2388.2200;9042.4900;47.5900;520.8200;2388.1800;8123.3600;8.4917;395.0000;0.5360;0;WO533642;2,504.44
02-Jul-2026;ENG-081;84;2026-01-04 12:00:00;642.2900;1588.6800;1398.6500;553.6800;2388.0900;9074.5600;47.3600;522.1700;2388.0400;8150.5400;8.4089;392.0000;1.0000;0;WO430895;591.70
02-Jul-2026;ENG-034;89;2026-01-04 17:00:00;642.2300;1586.5900;1397.9800;554.7300;2387.9900;9069.0300;47.1800;522.5700;2388.0300;8147.0000;8.4050;392.0000;0.9680;0;WO277357;1,232.10
02-Jul-2026;ENG-052;121;2026-01-06 01:00:00;642.2400;1588.7700;1403.0800;553.7500;2388.0500;9067.3300;47.2100;522.3000;2388.0400;8150.9300;8.3943;392.0000;0.7760;0;WO898640;2,038.92
2026/07/02;ENG-079;46;2026-01-02 22:00:00;642.3900;1580.8800;1392.7000;553.5100;2388.0600;9052.0600;47.2900;521.7400;2388.0800;8128.7600;8.4359;393.0000;0.9440;0;WO552744;2275.45
2026-07-02;ENG-068;95;2026-01-04 23:00:00;642.4800;1579.4400;1402.5400;553.5500;2388.0200;9057.0600;47.5200;521.1200;2388.0600;8134.6700;8.4589;392.0000;0.8000;0;WO180984;631.08
2026-07-02;ENG-083;49;2026-01-03 01:00:00;641.9500;1586.2800;1400.1600;553.4300;2388.1000;9051.7200;47.2500;521.5400;2388.0900;8138.5100;8.3930;393.0000;1.0000;0;WO852459;1,872.95
2026-07-02;ENG-031;118;2026-01-05 22:00:00;642.8700;1592.1200;1410.5400;553.0300;2388.0900;9076.2400;47.5500;521.5000;2388.1200;8141.2900;8.4208;393.0000;0.6880;0;WO964416;827.44
2026/07/02;ENG-077;88;2026-01-04 16:00:00;642.3900;1590.7100;1403.4200;553.8400;2388.1000;9048.9000;47.2900;521.6400;2388.0400;8129.5500;8.4102;392.0000;0.8640;0;WO542563;1436.81
02-Jul-2026;ENG-026;43;2026-01-02 19:00:00;642.2000;1593.2500;1401.5100;554.5100;2388.0100;9063.7300;47.2800;521.7800;2388.0200;8143.7800;8.4058;391.0000;1.0000;0;WO848921;1448.90
02-Jul-2026;ENG-035;98;2026-01-05 02:00:00;642.8500;1590.5400;1412.6300;553.7100;2388.0700;9054.5400;47.6600;520.9700;2388.1200;8137.2700;8.4497;393.0000;0.8880;0;WO282312;1968.01
02-Jul-2026;ENG-040;84;2026-01-04 12:00:00;642.9800;1598.5200;1421.9000;552.9700;2388.1700;9059.1900;47.5100;520.6700;2388.0800;8142.7400;8.4333;394.0000;0.6160;0;WO838739;1238.80
02-Jul-2026;ENG-045;60;2026-01-03 12:00:00;642.4400;1586.5100;1413.6100;552.7500;2388.0600;9060.4500;47.4700;521.1600;2388.0500;8142.1300;8.4251;392.0000;1.0000;0;WO765360;1139.89
02-Jul-2026;ENG-008;90;2026-01-04 18:00:00;642.8300;1595.4800;1408.3500;553.6400;2388.1000;9048.7400;47.7400;521.1100;2388.1000;8126.0700;8.4592;392.0000;1.0000;0;WO678372;2712.04
2026-07-02;ENG-055;56;2026-01-03 08:00:00;641.8000;1580.4800;1397.8100;553.6400;2388.0800;9053.1000;47.4700;521.3100;2388.0500;8137.6600;8.4040;392.0000;1.0000;0;WO530836;2839.43
2026/07/02;ENG-011;33;2026-01-02 09:00:00;641.9500;1590.2400;1408.6300;553.5000;2388.1900;9036.8600;47.4900;521.0300;2388.1600;8117.9100;8.4222;392.0000;1.0000;0;WO706567;2,483.37
2026-07-02;ENG-061;90;2026-01-04 18:00:00;642.0600;1594.4400;1397.9400;554.1100;2388.0100;9071.9600;47.3900;521.7700;2388.0400;8149.4700;8.4228;393.0000;0.7200;0;WO552643;2,954.77
2026/07/02;  ENG-091 ;111;2026-01-05 15:00:00;642.7000;1586.5200;1411.1800;552.7000;2388.1100;9053.7800;47.2400;521.3200;2388.0300;8127.4200;8.4711;393.0000;1.0000;0;WO179506;1,733.45
02-Jul-2026;ENG-038;71;2026-01-03 23:00:00;643.1200;1595.4000;1413.2200;552.7500;2388.1400;9062.0400;47.5900;521.1700;2388.1300;8138.8300;8.4485;395.0000;0.8320;0;WO846259;2,926.16
02-Jul-2026;ENG-053;91;2026-01-04 19:00:00;642.0100;1596.3200;1403.9300;553.6200;2388.0900;9067.4400;47.3500;522.4200;2388.0500;8141.6600;8.4192;390.0000;0.7920;0;WO238713;2585.33
2026-07-02;ENG-034;84;2026-01-04 12:00:00;642.3400;1586.8100;1393.5500;554.8900;2388.0400;9062.8600;47.2000;522.2600;2388.0200;8141.6900;8.3862;391.0000;1.0000;0;WO134124;1,049.94
2026-07-02;ENG-035;100;2026-01-05 04:00:00;642.9600;1595.5000;1416.7800;552.7300;2388.1700;9060.5600;47.7000;521.3500;2388.0700;8140.2300;8.4555;393.0000;0.8720;0;WO267383;188.50
2026-07-02;ENG-032;59;2026-01-03 11:00:00;642.0300;1580.1900;1399.3100;554.8100;2388.0000;9073.9400;47.1400;522.3400;2388.0500;8151.4200;8.3544;394.0000;1.0000;0;WO846985;2145.21
02-Jul-2026;ENG-057;100;2026-01-05 04:00:00;642.5100;1586.8900;1404.6100;553.3700;2388.1100;9049.3300;47.4400;521.2200;2388.1200;8131.4900;8.4316;394.0000;1.0000;0;WO247578;483.99
2026-07-02;ENG-063;79;2026-01-04 07:00:00;642.9100;1582.5200;1406.2500;553.5900;2388.1400;9049.4300;47.6200;521.8700;2388.1100;8129.3900;8.5078;392.0000;1.0000;0;WO866489;145.96
2026/07/02;ENG-015;27;2026-01-02 03:00:00;641.9300;1582.6600;1392.6500;554.2700;2387.9800;9053.3200;47.3700;522.1300;2388.0200;8138.6500;8.4319;393.0000;1.0000;0;WO145016;310.36
02-Jul-2026;ENG-078;37;2026-01-02 13:00:00;642.1600;1587.3700;1402.2500;554.3800;2388.0400;9061.1500;47.3500;523.0700;2388.0200;8144.0200;8.3626;391.0000;1.0000;0;WO787740;620.49
2026-07-02;ENG-063;103;2026-01-05 07:00:00;643.0900;1588.9400;1403.8100;552.8100;2388.1000;9049.6000;47.4200;521.3500;2388.1700;8133.7600;8.4261;393.0000;0.9920;0;WO384105;2,615.77
2026-07-02;  ENG-051 ;60;2026-01-03 12:00:00;642.0500;1589.3600;1402.8100;554.3200;2388.1400;9049.9900;47.6700;521.8400;2388.0700;8132.4900;8.4198;393.0000;1.0000;0;WO177994;70.34
02-Jul-2026;  ENG-030 ;49;2026-01-03 01:00:00;642.6700;1589.6200;1405.9200;554.0300;2388.1000;9046.3700;47.6100;521.4300;2388.1200;8120.8500;8.4405;392.0000;1.0000;0;WO733049;1,739.34
02-Jul-2026;ENG-090;74;2026-01-04 02:00:00;642.1100;1584.4800;1409.1400;553.5800;2388.1400;9058.1400;47.4900;521.6300;2388.0900;8137.6000;8.4309;392.0000;0.8000;0;WO599970;1051.52
02-Jul-2026;eng-058;82;2026-01-04 10:00:00;642.5900;1587.6100;1401.4900;553.6000;2388.1000;9055.0900;47.2400;521.8300;2388.0500;8130.7600;8.3990;391.0000;1.0000;0;WO736212;1,412.07
2026-07-02;  ENG-018 ;56;2026-01-03 08:00:00;641.9200;1590.6300;1400.4300;554.1800;2388.0200;9064.6500;47.3200;521.9600;2388.0100;8151.5000;8.4284;392.0000;0.8400;0;WO424625;1411.21
2026-07-02;ENG-034;75;2026-01-04 03:00:00;641.9200;1581.8700;1401.3400;554.7200;2388.0200;9069.3400;47.2100;522.7500;2387.9900;8145.4100;8.4145;391.0000;1.0000;0;WO826720;1,723.32
02-Jul-2026;ENG-021;71;2026-01-03 23:00:00;642.4000;1586.7400;1399.3200;554.6400;2388.0500;9063.3000;47.2500;522.6100;2388.0600;8135.5500;8.4148;391.0000;1.0000;0;WO619650;1,037.01
2026-07-02;eng-093;139;2026-01-06 19:00:00;643.0400;1590.1900;1416.5500;552.8700;2388.0400;9061.2800;47.3400;521.0300;2388.0900;8141.4700;8.4795;395.0000;1.0000;0;WO171956;819.87
2026-07-02;ENG-062;111;2026-01-05 15:00:00;642.9200;1589.6400;1399.2800;554.0500;2388.0500;9062.9100;47.1800;522.6700;2388.0400;8143.4800;8.4166;393.0000;1.0000;0;WO141736;319.61
2026-07-02;ENG-030;57;2026-01-03 09:00:00;642.3700;1593.2300;1406.7300;553.0500;2388.1200;9047.0200;47.5300;521.3400;2388.1000;8130.0300;8.4308;393.0000;1.0000;0;WO748163;1504.94
02-Jul-2026;eng-087;23;2026-01-01 23:00:00;641.8000;1584.9600;1397.1300;554.1900;2388.0200;9056.2200;47.2500;522.8100;2388.0400;8145.0800;8.4273;392.0000;1.0000;0;WO210004;1,838.38
02-Jul-2026;ENG-025;21;2026-01-01 21:00:00;642.5100;1585.7400;1402.7700;554.1200;2387.9900;9047.9300;47.3600;521.9500;2388.0500;8132.3000;8.4345;392.0000;1.0000;0;WO717731;1299.44
2026-07-02;ENG-010;100;2026-01-05 04:00:00;641.9500;1579.6300;1398.4900;554.2600;2388.0200;9064.1400;47.1700;522.0200;2388.0200;8146.2700;8.3815;391.0000;1.0000;0;WO233433;1,893.35
02-Jul-2026;ENG-049;118;2026-01-05 22:00:00;642.3800;1583.2400;1393.6100;554.2500;2387.9800;9054.8900;47.4300;522.2800;2388.0200;8145.2300;8.3851;391.0000;1.0000;0;WO474582;1029.00
2026-07-02;ENG-020;85;2026-01-04 13:00:00;642.4500;1590.2200;1408.0300;553.7800;2388.0700;9065.6200;47.4800;521.7900;2388.0100;8143.7400;8.3957;393.0000;0.9200;0;WO319696;2,585.47
2026/07/02;ENG-026;37;2026-01-02 13:00:00;642.2700;1579.2100;1396.6500;553.6200;2388.0600;9067.2100;47.1400;521.9500;2388.0800;8144.0500;8.3982;392.0000;1.0000;0;WO371556;
02-Jul-2026;ENG-072;79;2026-01-04 07:00:00;642.1000;1579.9100;1402.0700;554.1500;2388.0500;9069.9100;47.3100;521.9700;2388.1200;8144.0100;8.4234;391.0000;0.8160;0;WO651794;2,946.16
2026-07-02;ENG-045;90;2026-01-04 18:00:00;642.7500;1587.1400;1415.0500;553.4200;2388.1100;9057.9100;47.7400;521.9000;2388.1200;8135.3700;8.4222;392.0000;1.0000;0;WO573955;207.69
2026/07/02;  ENG-064 ;110;2026-01-05 14:00:00;642.0800;1580.9200;1409.6800;553.1300;2388.1400;9051.0300;47.5200;521.6000;2388.1400;8141.2100;8.4271;392.0000;0.6880;0;WO503980;1026.33
02-Jul-2026;ENG-064;57;2026-01-03 09:00:00;642.6900;1586.5700;1404.3300;553.8000;2388.0500;9055.7200;47.4000;522.2500;2388.0600;8137.4700;8.4071;393.0000;1.0000;0;WO779742;2701.16
02-Jul-2026;ENG-024;96;2026-01-05 00:00:00;641.8200;1591.4900;1395.8300;553.9500;2388.0100;9073.7700;47.1700;522.4300;2387.9800;8156.9700;8.4249;391.0000;0.8800;0;WO482472;868.84
02-Jul-2026;eng-007;70;2026-01-03 22:00:00;641.7400;1583.5500;1390.3200;554.4200;2388.0300;9056.6400;47.1300;522.3900;2387.9800;8138.7100;8.3579;392.0000;1.0000;0;WO505409;1791.25
2026/07/02;ENG-092;55;2026-01-03 07:00:00;642.6100;1591.3000;1410.9400;553.1800;2388.1000;9042.0400;47.5300;521.3100;2388.1100;8117.3800;8.4666;394.0000;0.9200;0;WO783791;
02-Jul-2026;ENG-089;98;2026-01-05 02:00:00;642.8200;1584.7500;1406.7500;553.6400;2388.0700;9043.4400;47.3000;521.8600;2388.0700;8124.9500;8.4501;392.0000;1.0000;0;WO253668;2984.29
2026/07/02;ENG-081;133;2026-01-06 13:00:00;643.0200;1583.4200;1409.0000;553.0100;2388.1000;9063.5200;47.5800;521.4700;2388.0800;8144.5000;8.4309;392.0000;0.7040;0;WO727645;2,147.03
02-Jul-2026;ENG-093;135;2026-01-06 15:00:00;642.7300;1593.7900;1422.4400;553.3600;2388.1200;9061.5900;47.6200;521.2600;2388.1100;8134.7800;8.4164;392.0000;;0;WO109489;863.32
02-Jul-2026;ENG-097;56;2026-01-03 08:00:00;642.1100;1591.0500;1395.0400;554.0200;2388.0200;9061.4200;47.2100;522.0700;2388.0300;8153.3000;8.4303;394.0000;1.0000;0;WO560047;2555.51
02-Jul-2026;ENG-057;107;2026-01-05 11:00:00;642.6900;1593.4600;1411.4700;553.1300;2388.1100;9052.5900;47.3800;521.3100;2388.1000;8134.4500;8.4124;393.0000;1.0000;0;WO352714;2061.76
2026/07/02;ENG-052;71;2026-01-03 23:00:00;642.0900;1586.7100;1398.3800;554.3100;2388.0500;9049.0700;47.1900;522.5000;2388.0400;8143.3300;8.4276;393.0000;1.0000;0;WO369570;2447.59
2026-07-02;ENG-006;56;2026-01-03 08:00:00;642.7300;1587.6800;1410.7000;554.0400;2388.1000;9051.6300;47.3300;521.5200;2388.1100;8137.2500;8.4430;392.0000;1.0000;0;WO958694;2126.10
02-Jul-2026;  ENG-052 ;113;2026-01-05 17:00:00;642.3500;1582.7000;1395.2300;554.8600;2387.9900;9060.5100;47.4000;522.2800;2388.0000;8139.6100;8.3392;391.0000;0.8400;0;WO510009;
2026/07/02;ENG-032;58;2026-01-03 10:00:00;642.0700;1586.3700;1406.4000;554.3100;2387.9800;9067.2600;47.1200;522.3100;2388.0200;8146.1400;8.3861;391.0000;1.0000;0;WO565497;851.98
2026/07/02;ENG-052;122;2026-01-06 02:00:00;642.0200;1585.5400;1399.5200;553.7800;2388.0200;9068.2900;47.0200;521.6300;2388.0600;8147.1000;8.4049;391.0000;0.7680;0;WO634948;2,912.62
2026-07-02;ENG-031;104;2026-01-05 08:00:00;642.6400;1595.9300;1406.7100;553.2800;2388.0100;9066.6700;47.5000;521.9200;2388.0500;8148.1700;8.4501;392.0000;0.8000;0;WO344242;1740.56
02-Jul-2026;ENG-024;121;2026-01-06 01:00:00;642.2200;1588.7500;1406.3400;554.7600;2388.0400;9076.1900;47.2900;522.3600;2388.0000;8159.8000;8.4160;392.0000;0.6800;0;WO752510;2052.95
2026-07-02;ENG-017;80;2026-01-04 08:00:00;642.1600;1588.8900;1405.9500;554.2900;2387.9500;9085.1500;47.2800;521.7000;2387.9800;8151.9000;8.3920;392.0000;1.0000;0;WO278150;2563.16
2026-07-02;ENG-062;116;2026-01-05 20:00:00;641.7400;1585.8100;1396.7400;554.4300;2388.0100;9060.2800;47.0800;522.2200;2387.9800;8138.2100;8.4035;391.0000;1.0000;0;WO593510;54.78
2026/07/02;ENG-068;123;2026-01-06 03:00:00;642.4400;1593.2800;1412.4100;553.8500;2388.0800;9063.2600;47.5300;521.9100;2388.0700;8139.7500;8.4025;393.0000;0.5760;0;WO350776;459.19
02-Jul-2026;ENG-031;108;2026-01-05 12:00:00;642.2900;1592.6600;1404.2400;553.7500;2388.0700;9072.8900;47.3800;522.1000;2388.0500;8150.2700;8.4213;393.0000;0.7680;0;WO128816;2441.71
02-Jul-2026;ENG-037;48;2026-01-03 00:00:00;642.2700;1582.5900;1404.5200;554.0900;2388.0400;9051.7900;47.3400;522.2100;2388.0400;8139.9700;8.3865;391.0000;0.7520;0;WO939864;2235.90
2026-07-02;ENG-051;81;2026-01-04 09:00:00;642.2700;1588.9300;1404.7800;553.2000;2388.1400;9053.9000;47.3400;521.8700;2388.0500;8133.2400;8.4566;395.0000;1.0000;0;WO714914;375.55
2026-07-02;ENG-019;64;2026-01-03 16:00:00;642.6200;1584.1100;1403.8600;554.2600;2388.0500;9057.7800;47.3200;521.9800;2388.0600;8135.2500;8.4247;392.0000;1.0000;0;WO922402;2879.86
2026-07-02;eng-043;70;2026-01-03 22:00:00;642.7200;1591.5100;1405.0000;553.7800;2388.1100;9055.8000;47.3200;521.9800;2388.1000;8129.5100;8.4170;393.0000;1.0000;0;WO667622;2,716.72
2026-07-02;ENG-017;86;2026-01-04 14:00:00;642.2600;1590.6900;1405.1200;554.6600;2387.9700;9067.3600;47.2400;521.7500;2387.9800;8153.2200;8.4050;393.0000;1.0000;0;WO311514;1844.40
02-Jul-2026;eng-010;67;2026-01-03 19:00:00;642.5900;1583.9200;1396.0800;555.0200;2387.9800;9057.3700;47.2800;522.4800;2387.9900;8145.6800;8.3891;392.0000;1.0000;0;WO540901;74.88
02-Jul-2026;ENG-045;53;2026-01-03 05:00:00;642.7400;1596.0000;1408.8500;553.8500;2388.0900;9058.4700;47.5200;521.5500;2388.0900;8143.5300;8.4616;392.0000;1.0000;0;WO828960;1413.40
02-Jul-2026;ENG-080;66;2026-01-03 18:00:00;642.3500;1592.1900;1404.6400;553.6600;2388.0600;9062.8400;47.4700;521.5300;2388.0900;8139.7800;8.4450;394.0000;1.0000;0;WO709773;2030.93
2026-07-02;ENG-057;88;2026-01-04 16:00:00;642.7200;1584.2600;1413.2200;553.8900;2388.0900;9053.3600;47.3300;521.1600;2388.0900;8133.1700;8.4383;393.0000;1.0000;0;WO736588;1283.37
2026/07/02;ENG-052;65;2026-01-03 17:00:00;641.2900;1587.8000;1399.6200;554.5500;2388.0200;9051.7300;47.1900;522.4200;2387.9700;8140.5000;8.3666;392.0000;1.0000;0;WO686099;2726.22
2026-07-02;ENG-035;97;2026-01-05 01:00:00;642.4500;1589.4600;1411.3100;552.6000;2388.1100;9055.7700;47.5400;520.9900;2388.0800;8137.5300;8.4633;395.0000;0.8960;0;WO788012;1,271.39
02-Jul-2026;  ENG-081 ;120;2026-01-06 00:00:00;643.0900;1585.7500;1402.2700;554.6900;2388.0700;9070.4300;47.5000;521.7800;2388.0300;8148.4300;8.4556;392.0000;0.8080;0;WO426226;690.76
2026-07-02;ENG-047;27;2026-01-02 03:00:00;643.1600;1581.2100;1411.7200;553.4700;2388.1300;9041.3300;47.4900;521.3100;2388.1300;8122.5500;8.4443;394.0000;;0;WO427333;1,602.33
2026/07/02;ENG-024;94;2026-01-04 22:00:00;642.5700;1584.7800;1401.1900;554.6100;2388.0200;9076.3600;46.9700;522.3200;2388.0000;8156.4200;8.3881;392.0000;;0;WO576420;2,049.93
02-Jul-2026;ENG-074;82;2026-01-04 10:00:00;642.3200;1587.2400;1410.7300;553.3500;2388.0600;9064.5100;47.4600;521.5600;2388.0600;8136.5400;8.4065;393.0000;1.0000;0;WO837125;118.75
2026-07-02;ENG-021;54;2026-01-03 06:00:00;642.0800;1587.7300;1397.0500;554.1700;2388.0600;9053.1000;47.2600;522.5500;2388.0600;8133.6400;8.4248;393.0000;1.0000;0;WO640865;548.35
02-Jul-2026;ENG-082;91;2026-01-04 19:00:00;642.5000;1591.8500;1406.1700;553.8200;2388.0600;9069.2800;47.4300;522.0300;2388.0800;8144.6900;8.4249;393.0000;0.6400;0;WO202715;
02-Jul-2026;ENG-034;119;2026-01-05 23:00:00;642.2500;1585.6600;1398.0200;554.3000;2388.0700;9062.9700;47.4300;522.0700;2388.0200;8142.1700;8.3971;392.0000;0.7280;0;WO433488;1,342.43
02-Jul-2026;  ENG-025 ;29;2026-01-02 05:00:00;642.1600;1586.2400;1400.4500;554.5600;2388.0200;9045.5600;47.1600;521.5900;2388.0600;8134.9000;8.4044;391.0000;1.0000;0;WO704421;1,470.04
02-Jul-2026;ENG-014;21;2026-01-01 21:00:00;642.6200;1594.2500;1414.0100;553.6200;2388.1600;9040.3300;47.4900;520.9400;2388.0900;8120.8000;8.4490;393.0000;1.0000;0;WO114408;
02-Jul-2026;ENG-057;66;2026-01-03 18:00:00;642.5700;1594.3900;1412.0700;553.4100;2388.0800;9047.3700;47.4800;521.6200;2388.1100;8132.3000;8.4445;393.0000;1.0000;0;WO536823;421.59
2026/07/02;  ENG-020 ;115;2026-01-05 19:00:00;642.4400;1587.6900;1401.0600;553.6200;2388.0700;9054.3100;47.5000;521.4900;2388.1000;8141.1400;8.4384;393.0000;0.6800;0;WO202677;742.86
2026/07/02;ENG-043;112;2026-01-05 16:00:00;642.2700;1594.2100;1402.7500;552.9800;2388.1200;9058.9200;47.4300;522.1100;2388.0300;8130.7600;8.4401;392.0000;0.9520;0;WO399161;2076.65
2026/07/02;ENG-092;56;2026-01-03 08:00:00;642.5400;1593.2500;1413.6200;553.1300;2388.1700;9040.2600;47.6800;521.1900;2388.0900;8122.3900;8.4407;392.0000;0.9120;0;WO326287;1,455.99
2026/07/02;ENG-018;57;2026-01-03 09:00:00;642.3300;1582.4100;1399.5300;554.8800;2388.0200;9070.5500;47.1800;522.3600;2388.0200;8142.3800;8.4117;393.0000;0.8320;0;WO382957;1298.91
2026/07/02;ENG-049;178;2026-01-08 10:00:00;642.3000;1580.3800;1404.1000;554.0500;2388.0100;9052.9300;47.4300;522.3400;2388.0500;8143.8500;8.3933;391.0000;1.0000;0;WO279106;115.96
2026/07/02;ENG-099;63;2026-01-03 15:00:00;641.9500;1589.7500;1387.1100;554.6200;2388.0600;9071.4500;47.2600;522.3900;2387.8900;8143.4700;8.3623;392.0000;1.0000;0;WO849512;1,969.58
2026/07/02;ENG-023;60;2026-01-03 12:00:00;642.0400;1593.8000;1394.4200;554.2600;2388.0600;9057.4700;47.0400;522.7100;2388.0400;8132.8400;8.3765;391.0000;1.0000;0;WO559699;
02-Jul-2026;  ENG-026 ;35;2026-01-02 11:00:00;642.6300;1585.6700;1400.4800;554.3500;2388.0500;9061.8700;47.2600;522.1100;2388.0100;8148.5600;8.3977;392.0000;1.0000;0;WO453259;2,976.77
2026-07-02;ENG-032;62;2026-01-03 14:00:00;641.9500;1580.3600;1397.2700;554.9000;2388.0300;9073.0800;47.1400;521.9200;2387.9900;8149.0000;8.4181;392.0000;1.0000;0;WO897694;802.45
2026-07-02;ENG-051;69;2026-01-03 21:00:00;642.2400;1596.4300;1405.9500;553.9300;2388.0800;9046.8900;47.2900;521.9900;2388.1200;8134.9400;8.4097;391.0000;1.0000;0;WO257310;830.83
2026-07-02;ENG-084;107;2026-01-05 11:00:00;642.9900;1593.0900;1405.5900;553.9100;2388.0700;9054.7600;47.5800;521.3900;2388.1300;8136.1200;8.4487;392.0000;0.9840;0;WO663920;2547.87
2026-07-02;ENG-043;76;2026-01-04 04:00:00;641.7000;1579.5900;1392.8200;554.2400;2388.0700;9048.5500;47.3400;521.7400;2388.1300;8132.1100;8.4545;393.0000;1.0000;0;WO614690;1894.15
02-Jul-2026;ENG-051;89;2026-01-04 17:00:00;642.8500;1593.6700;1407.3500;553.2200;2388.0800;9045.6800;47.4900;521.1000;2388.1200;8130.8000;8.4421;391.0000;1.0000;0;WO552020;969.31
2026-07-02;  ENG-086 ;66;2026-01-03 18:00:00;642.8200;1588.1100;1404.2300;553.2700;2388.0900;9063.8900;47.3800;521.8900;2388.0700;8141.1900;8.4394;393.0000;1.0000;0;WO672377;791.53
2026-07-02;ENG-091;106;2026-01-05 10:00:00;643.0600;1591.6200;1412.8400;553.1800;2388.1200;9049.8900;47.8000;521.3700;2388.0900;8129.9000;8.4693;394.0000;1.0000;0;WO616828;2,228.45
2026-07-02;ENG-100;72;2026-01-04 00:00:00;642.3100;1591.8400;1399.9100;553.1700;2388.0400;9053.9900;47.3300;522.5200;2388.0300;8139.3200;8.3930;392.0000;1.0000;0;WO986853;1158.98
02-Jul-2026;ENG-050;48;2026-01-03 00:00:00;642.1400;1593.2800;1401.0800;553.8400;2388.0300;9053.2200;47.3200;522.0400;2388.0200;8138.9400;8.4087;393.0000;0.8400;0;WO120706;
2026/07/02;ENG-100;116;2026-01-05 20:00:00;641.9100;1588.2100;1401.9700;553.5400;2387.9800;9060.9800;47.3300;522.0100;2388.0300;8148.7200;8.4401;392.0000;0.8160;0;WO914762;1,796.69
2026/07/02;ENG-081;96;2026-01-05 00:00:00;642.4300;1585.1600;1400.0600;554.2900;2388.0700;9075.7200;47.3600;521.8200;2387.9900;8154.6200;8.4647;393.0000;1.0000;0;WO538775;658.64
2026/07/02;ENG-093;133;2026-01-06 13:00:00;643.0500;1598.0000;1413.8100;553.3400;2388.0700;9053.5400;47.4200;520.6700;2388.1300;8135.0700;8.4624;394.0000;1.0000;0;WO867934;1386.16
02-Jul-2026;  ENG-090 ;97;2026-01-05 01:00:00;642.4200;1590.9800;1408.9300;553.8200;2388.1100;9059.8700;47.3500;522.0400;2388.1500;8140.1900;8.4819;393.0000;0.6160;0;WO937598;1184.15
02-Jul-2026;ENG-019;58;2026-01-03 10:00:00;642.7300;1585.8700;1394.4600;554.2500;2388.0000;9050.1000;47.3300;522.5500;2388.0800;8136.8500;8.4031;392.0000;1.0000;0;WO954175;
2026-07-02;ENG-034;110;2026-01-05 14:00:00;642.6800;1585.4000;1404.3500;553.7500;2388.1000;9059.3000;47.2700;522.5800;2388.0100;8140.8000;8.4217;392.0000;0.8000;0;WO479983;2858.56
2026-07-02;ENG-045;58;2026-01-03 10:00:00;643.0500;1584.8500;1405.5600;554.8600;2388.1000;9063.0800;47.5500;521.2800;2388.0800;8142.6100;8.4488;393.0000;1.0000;0;WO534548;90.97
2026-07-02;ENG-040;55;2026-01-03 07:00:00;642.9000;1584.5500;1413.6400;553.3000;2388.1100;9049.0900;47.6600;521.3700;2388.1400;8139.5100;8.4804;392.0000;0.8480;0;WO146519;1325.94
2026-07-02;ENG-082;68;2026-01-03 20:00:00;642.8000;1581.2200;1401.7300;554.0300;2388.0100;9064.3800;47.3200;521.7700;2388.0500;8140.7300;8.4291;391.0000;0.8240;0;WO419837;1119.67
2026/07/02;ENG-006;65;2026-01-03 17:00:00;642.3100;1591.5100;1402.8900;552.6100;2388.1200;9056.0700;47.5000;521.3200;2388.1300;8126.6800;8.4400;393.0000;1.0000;0;WO312474;1,137.39
02-Jul-2026;  ENG-078 ;33;2026-01-02 09:00:00;641.6800;1584.3500;1399.2800;555.1700;2388.0100;9052.8100;47.1200;522.8600;2388.0200;8145.1100;8.4096;392.0000;1.0000;0;WO503480;2,774.25
02-Jul-2026;ENG-043;95;2026-01-04 23:00:00;642.5100;1585.3300;1405.5900;552.6200;2388.0600;9057.7500;47.3800;521.6900;2388.0800;8131.8600;8.4562;394.0000;1.0000;0;WO652015;1,034.25
02-Jul-2026;ENG-076;81;2026-01-04 09:00:00;641.9600;1577.9100;1405.9600;554.9000;2387.9900;9061.8700;47.3600;521.5700;2387.9800;8149.4400;8.3990;390.0000;1.0000;0;WO801723;2988.92
2026/07/02;  ENG-065 ;41;2026-01-02 17:00:00;642.3000;1583.7500;1388.7700;553.8600;2387.9800;9070.0700;47.2600;522.1800;2388.0300;8150.9700;8.3950;392.0000;1.0000;0;WO191115;2311.55
2026-07-02;ENG-019;47;2026-01-02 23:00:00;642.1500;1583.4500;1395.4900;554.8100;2388.0500;9050.2900;47.2600;522.6600;2388.0400;8135.0300;8.4055;394.0000;;0;WO281437;1823.59
02-Jul-2026;ENG-020;109;2026-01-05 13:00:00;642.1700;1593.8800;1403.1600;553.9500;2388.0500;9056.4000;47.3100;522.0000;2388.0600;8141.4200;8.4158;392.0000;0.7280;0;WO796652;667.54
2026-07-02;ENG-081;138;2026-01-06 18:00:00;642.6600;1587.5300;1398.8100;552.9400;2388.1200;9075.6500;47.3700;521.8500;2388.1100;8145.5200;8.4285;393.0000;0.6640;0;WO252042;1,946.59
2026-07-02;eng-089;76;2026-01-04 04:00:00;642.9800;1585.3600;1405.6500;554.5500;2388.1000;9049.3700;47.6000;521.6300;2388.1500;8127.0400;8.4386;394.0000;1.0000;0;WO703750;1,996.18
02-Jul-2026;ENG-056;76;2026-01-04 04:00:00;643.2000;1588.8500;1409.1100;552.9000;2388.1900;9040.8700;47.5600;521.2800;2388.2100;8126.3800;8.4456;393.0000;;0;WO400441;2,415.57
02-Jul-2026;ENG-012;102;2026-01-05 06:00:00;642.0500;1579.2900;1400.6700;554.2800;2388.0300;9054.3800;47.1900;522.2700;2388.0600;8144.9100;8.3661;393.0000;1.0000;0;WO625958;409.72
02-Jul-2026;  ENG-005 ;65;2026-01-03 17:00:00;642.5800;1585.7200;1404.0700;553.3400;2388.1000;9053.1800;47.4900;521.5900;2388.0800;8127.2800;8.4079;393.0000;;0;WO180541;
2026-07-02;ENG-076;134;2026-01-06 14:00:00;643.2100;1585.8900;1410.0100;554.0700;2387.9800;9073.4900;47.5800;521.4100;2388.0600;8149.7100;8.4416;395.0000;0.6480;0;WO859788;2816.27
02-Jul-2026;ENG-084;80;2026-01-04 08:00:00;642.6600;1587.6900;1403.6200;554.0800;2388.1000;9063.2000;47.5000;521.4800;2388.0700;8132.0600;8.4389;392.0000;1.0000;0;WO882935;1,474.81
02-Jul-2026;ENG-016;51;2026-01-03 03:00:00;642.3100;1591.8300;1397.6500;554.5100;2388.0300;9044.9800;47.4200;522.0100;2388.0300;8134.4400;8.3764;392.0000;1.0000;0;WO263075;1033.80
2026/07/02;ENG-084;97;2026-01-05 01:00:00;642.5100;1585.2200;1409.0200;553.5000;2388.1300;9052.8800;47.4800;521.5000;2388.0900;8135.6500;8.4124;392.0000;1.0000;0;WO915055;1553.18
2026/07/02;ENG-037;74;2026-01-04 02:00:00;642.3600;1580.5800;1409.2800;554.6000;2388.1200;9042.7900;47.3400;522.2300;2388.1300;8129.9500;8.4145;392.0000;0.5440;0;WO599758;937.54
2026-07-02;ENG-024;107;2026-01-05 11:00:00;642.3300;1583.3500;1392.7600;553.5400;2387.9700;9063.2000;47.2800;521.9400;2387.9500;8155.7700;8.4208;392.0000;0.7920;0;WO460998;344.43
2026/07/02;ENG-076;130;2026-01-06 10:00:00;643.1400;1588.1800;1406.7300;554.1900;2388.0300;9072.5800;47.4200;521.5900;2388.0900;8153.1100;8.4223;391.0000;0.6800;0;WO705969;215.47
2026/07/02;ENG-045;100;2026-01-05 04:00:00;642.4500;1590.1900;1410.8700;553.0300;2388.1300;9064.9700;47.5100;521.9800;2388.1200;8138.7500;8.4448;394.0000;1.0000;0;WO463402;1,057.87
2026-07-02;ENG-081;87;2026-01-04 15:00:00;642.0500;1591.6800;1399.6200;553.5400;2388.0600;9064.8700;47.1800;522.3200;2388.0300;8146.7500;8.4065;393.0000;;0;WO716007;1037.45
2026/07/02;ENG-064;111;2026-01-05 15:00:00;642.3500;1590.0700;1401.7700;553.1300;2388.1000;9063.3800;47.6000;521.9800;2388.1000;8133.5500;8.4502;394.0000;0.6800;0;WO374231;854.11
02-Jul-2026;  ENG-004 ;47;2026-01-02 23:00:00;642.6200;1584.9800;1417.6500;553.2400;2388.1300;9050.6200;47.5200;521.1400;2388.1000;8128.9300;8.4297;394.0000;1.0000;0;WO457479;1994.02
2026-07-02;ENG-067;37;2026-01-02 13:00:00;642.3200;1594.4500;1409.4600;553.7300;2388.0700;9063.1400;47.3400;522.2300;2388.0800;8142.1900;8.4225;392.0000;0.8880;0;WO967636;123.36
2026-07-02;eng-092;66;2026-01-03 18:00:00;642.8000;1585.1000;1414.8200;552.8100;2388.1900;9039.2100;47.4400;521.2100;2388.1000;8120.2400;8.4363;393.0000;0.8320;0;WO661384;2214.47
2026/07/02;ENG-065;48;2026-01-03 00:00:00;642.0800;1577.2600;1398.8700;555.0400;2388.0300;9053.8400;47.1800;522.4200;2387.9800;8149.9100;8.3626;393.0000;1.0000;0;WO304440;1984.41
02-Jul-2026;ENG-074;76;2026-01-04 04:00:00;642.0100;1588.3300;1403.6600;553.6900;2388.0600;9061.9100;47.4500;521.2500;2388.0300;8140.3100;8.4180;393.0000;;0;WO750527;2617.59
2026-07-02;  ENG-083 ;38;2026-01-02 14:00:00;642.6500;1591.4000;1403.3300;553.9300;2388.0900;9057.1000;47.2600;521.5500;2388.0100;8141.8600;8.4367;391.0000;1.0000;0;WO885831;1774.76
02-Jul-2026;ENG-077;64;2026-01-03 16:00:00;642.9300;1585.5800;1399.7500;553.9600;2388.0700;9052.9500;47.5600;521.4300;2388.0200;8134.8800;8.4054;392.0000;1.0000;0;WO824638;383.01
2026/07/02;ENG-070;60;2026-01-03 12:00:00;642.3100;1591.2600;1396.1100;553.7900;2388.1400;9049.5400;47.4500;521.4200;2388.0700;8130.7000;8.4436;392.0000;1.0000;0;WO454681;364.50
2026/07/02;ENG-092;95;2026-01-04 23:00:00;642.5900;1592.9600;1417.8800;552.7200;2388.2200;9039.8900;47.6100;520.7700;2388.2300;8121.5800;8.4528;393.0000;0.6000;0;WO211431;2,398.90
2026-07-02;  ENG-070 ;66;2026-01-03 18:00:00;642.2400;1585.6900;1410.3300;553.8300;2388.1300;9049.9500;47.3900;521.6200;2388.0700;8131.6800;8.4140;393.0000;1.0000;0;WO662805;627.29
02-Jul-2026;ENG-032;83;2026-01-04 11:00:00;642.0200;1589.3600;1390.6500;554.2100;2388.0300;9078.6000;47.1600;522.2500;2387.9300;8157.0800;8.3918;392.0000;0.8800;0;WO632162;1519.04
02-Jul-2026;ENG-040;46;2026-01-02 22:00:00;643.2600;1587.6500;1409.0700;553.2100;2388.0900;9057.8200;47.4300;521.2700;2388.1100;8135.6700;8.3982;392.0000;0.9200;0;WO992531;1552.51
2026-07-02;  ENG-041 ;57;2026-01-03 09:00:00;642.2300;1588.4500;1397.4800;553.7000;2388.0500;9045.1900;47.2400;522.4700;2388.0900;8125.8000;8.4013;392.0000;0.6720;0;WO640228;887.13
2026/07/02;ENG-041;70;2026-01-03 22:00:00;642.2800;1586.0700;1403.1300;553.6600;2388.0800;9048.1800;47.1700;522.3700;2388.0200;8128.4900;8.4007;394.0000;0.5680;0;WO311973;286.77
02-Jul-2026;  ENG-070 ;102;2026-01-05 06:00:00;642.4300;1587.4900;1403.9800;553.4800;2388.1100;9053.3600;47.3800;521.9600;2388.0900;8135.1600;8.4113;393.0000;;0;WO898857;1,781.41
2026-07-02;ENG-072;77;2026-01-04 05:00:00;642.6500;1582.9600;1403.2600;554.5800;2388.0500;9061.3200;47.4500;521.9900;2388.0600;8140.9100;8.4244;393.0000;0.8320;0;WO781427;2781.73
2026/07/02;eng-097;53;2026-01-03 05:00:00;641.9100;1589.6600;1397.8400;554.1100;2388.0000;9072.4700;47.2800;522.3700;2388.0000;8149.5200;8.4423;392.0000;1.0000;0;WO551115;1423.73
2026-07-02;ENG-068;112;2026-01-05 16:00:00;642.8900;1592.9000;1400.8500;553.7600;2388.0800;9053.8300;47.4900;521.8300;2388.1200;8139.7200;8.4488;394.0000;0.6640;0;WO192935;261.52
2026/07/02;ENG-079;63;2026-01-03 15:00:00;642.4800;1591.3400;1402.2800;553.2900;2388.0800;9052.6300;47.2800;521.7100;2388.0900;8135.3100;8.4231;392.0000;0.8080;0;WO296293;
2026-07-02;  ENG-016 ;43;2026-01-02 19:00:00;642.2000;1583.0400;1398.2800;554.5200;2388.0300;9056.4300;47.3900;522.6100;2388.0400;8138.2400;8.4301;392.0000;1.0000;0;WO863917;1,870.94
02-Jul-2026;ENG-077;91;2026-01-04 19:00:00;642.6700;1583.9000;1401.2900;553.3400;2388.0200;9051.9200;47.4300;521.5900;2388.0600;8132.8000;8.4101;392.0000;0.8400;0;WO807863;2444.89
2026-07-02;  ENG-091 ;80;2026-01-04 08:00:00;642.6300;1598.2900;1406.9500;552.7900;2388.1400;9047.9700;47.6300;521.3600;2388.1700;8130.3800;8.4324;395.0000;1.0000;0;WO188127;286.79
2026/07/02;  ENG-010 ;92;2026-01-04 20:00:00;642.2800;1584.4400;1402.9700;554.2300;2388.0600;9059.7600;47.2000;522.3800;2388.0100;8146.9500;8.4173;391.0000;1.0000;0;WO214526;384.95
02-Jul-2026;ENG-029;90;2026-01-04 18:00:00;642.2400;1586.1300;1404.4700;553.1800;2388.0700;9049.4900;47.3500;522.4100;2388.0200;8137.2200;8.4234;393.0000;;0;WO659309;1679.42
2026/07/02;eng-081;107;2026-01-05 11:00:00;642.3300;1582.0500;1392.4400;554.0800;2388.0700;9071.6500;47.3800;521.4200;2388.0500;8148.5800;8.4314;393.0000;0.9120;0;WO257989;492.83
2026-07-02;ENG-024;123;2026-01-06 03:00:00;642.6500;1583.0400;1404.9600;553.6000;2388.0200;9077.1100;47.3200;522.2700;2388.0000;8155.3200;8.4175;391.0000;0.6640;0;WO927320;
02-Jul-2026;ENG-041;51;2026-01-03 03:00:00;642.4100;1586.0400;1395.5900;553.7900;2388.0200;9052.7200;47.2900;522.2800;2388.0200;8132.0100;8.4265;390.0000;0.7200;0;WO774059;338.16
02-Jul-2026;ENG-077;82;2026-01-04 10:00:00;642.5400;1589.4200;1404.6800;553.8400;2388.0500;9054.3500;47.2500;522.2300;2388.0300;8137.1100;8.4278;392.0000;0.9120;0;WO361939;2146.51
02-Jul-2026;eng-009;23;2026-01-01 23:00:00;643.0700;1587.4400;1403.8500;553.4800;2388.1000;9050.3000;47.5600;521.4200;2388.1000;8132.5400;8.4450;394.0000;1.0000;0;WO420272;177.99
2026/07/02;ENG-084;79;2026-01-04 07:00:00;642.5800;1590.2400;1408.3400;553.2500;2388.0700;9044.9600;47.4200;521.1700;2388.1400;8138.3900;8.4271;393.0000;;0;WO779597;777.24
2026/07/02;ENG-061;78;2026-01-04 06:00:00;642.8700;1590.8400;1404.7800;553.9000;2388.0200;9070.5100;47.3500;521.8900;2388.0100;8144.0100;8.4399;393.0000;0.8160;0;WO394804;2,324.25
2026/07/02;ENG-033;27;2026-01-02 03:00:00;643.0800;1582.1900;1416.2200;553.4700;2388.0800;9045.9400;47.5500;521.8000;2388.1300;8134.9100;8.4323;394.0000;1.0000;0;WO307479;1358.37
2026-07-02;ENG-032;56;2026-01-03 08:00:00;641.9200;1580.4500;1408.9600;554.6100;2388.0100;9068.4600;47.3400;522.4200;2387.9700;8154.4400;8.4008;392.0000;1.0000;0;WO288757;959.52
2026/07/02;ENG-048;38;2026-01-02 14:00:00;642.7800;1587.4100;1410.8000;554.5400;2388.0300;9050.9500;47.3900;522.0100;2388.1300;8140.4400;8.4244;393.0000;1.0000;0;WO233052;445.57
02-Jul-2026;eng-056;83;2026-01-04 11:00:00;642.1100;1596.1300;1413.6100;552.3100;2388.2200;9041.7100;47.8200;520.7600;2388.1900;8126.0100;8.4563;393.0000;0.5440;0;WO134729;1997.69
02-Jul-2026;  ENG-058 ;64;2026-01-03 16:00:00;642.5800;1585.8400;1396.4100;554.3500;2388.0600;9052.9500;47.2600;522.1000;2388.0600;8131.4000;8.3753;391.0000;1.0000;0;WO742627;1866.79
02-Jul-2026;  ENG-090 ;90;2026-01-04 18:00:00;643.2900;1584.6300;1410.8700;553.5900;2388.1200;9066.8300;47.3800;521.6800;2388.0900;8137.1700;8.4090;393.0000;0.6720;0;WO544671;1939.51
2026/07/02;ENG-091;130;2026-01-06 10:00:00;642.4900;1591.3000;1417.0500;552.8800;2388.1400;9044.6600;47.7300;521.1800;2388.1500;8130.4500;8.4421;394.0000;1.0000;0;WO361874;2500.26
2026/07/02;ENG-029;65;2026-01-03 17:00:00;642.4500;1583.7400;1402.6500;554.3500;2388.0500;9054.8000;47.1600;522.6000;2388.0700;8137.4300;8.4197;393.0000;1.0000;0;WO293284;675.08
2026/07/02;ENG-081;114;2026-01-05 18:00:00;643.0200;1582.5900;1401.2300;553.6300;2388.0500;9068.9500;47.5000;522.0300;2388.0700;8147.7500;8.4404;392.0000;0.8560;0;WO702977;1,799.03
2026-07-02;ENG-074;81;2026-01-04 09:00:00;642.4000;1591.9100;1402.2000;553.6500;2388.0700;9062.5000;47.5300;521.7300;2388.0600;8140.6900;8.4156;394.0000;;0;WO652256;
2026-07-02;ENG-004;60;2026-01-03 12:00:00;642.5600;1592.9600;1408.1400;553.7800;2388.1300;9055.0100;47.4700;521.8300;2388.0900;8133.6800;8.4586;392.0000;1.0000;0;WO171897;1289.69
02-Jul-2026;ENG-084;105;2026-01-05 09:00:00;642.4700;1585.1700;1398.0700;553.4800;2388.0600;9057.1700;47.5600;521.9500;2388.0500;8137.3100;8.4528;394.0000;1.0000;0;WO306067;2316.72
2026-07-02;ENG-057;83;2026-01-04 11:00:00;642.3100;1592.8600;1407.9800;552.9700;2388.1300;9052.4300;47.3300;521.7500;2388.0900;8131.5200;8.4153;395.0000;1.0000;0;WO926034;
2026/07/02;ENG-091;97;2026-01-05 01:00:00;643.0400;1590.9800;1411.3900;552.8500;2388.1400;9049.2300;47.4400;521.0900;2388.1700;8129.7700;8.4454;394.0000;1.0000;0;WO820553;104.44
2026-07-02;eng-058;111;2026-01-05 15:00:00;642.1600;1583.8500;1406.2200;553.5500;2388.0800;9051.8900;47.6800;521.6500;2388.0900;8129.3400;8.4093;391.0000;0.8160;0;WO705227;2734.01
2026/07/02;ENG-048;50;2026-01-03 02:00:00;642.2900;1592.8300;1407.2400;553.7700;2388.1200;9054.9000;47.6500;521.3300;2388.0800;8138.5600;8.4397;392.0000;0.9600;0;WO393142;1572.45
2026/07/02;ENG-090;95;2026-01-04 23:00:00;642.7600;1590.9100;1409.8200;553.0300;2388.1100;9058.5600;47.4000;521.3200;2388.1100;8143.6700;8.4615;393.0000;0.6320;0;WO528119;2466.27
02-Jul-2026;ENG-036;77;2026-01-04 05:00:00;643.0200;1592.3700;1407.7600;552.4400;2388.2200;9060.4700;47.6400;521.1400;2388.1300;8142.2600;8.4351;393.0000;0.5440;0;WO319436;2,198.29
2026/07/02;ENG-053;75;2026-01-04 03:00:00;642.6000;1583.5000;1408.6600;553.6900;2387.9900;9053.4200;47.5100;522.2100;2388.0700;8138.0700;8.3916;392.0000;0.9200;0;WO895308;2,343.08
2026-07-02;ENG-031;82;2026-01-04 10:00:00;641.9000;1589.7900;1404.2300;554.2600;2388.0200;9068.3100;47.2600;521.9800;2387.9800;8147.2800;8.3829;391.0000;0.9760;0;WO814096;260.76
2026/07/02;ENG-003;65;2026-01-03 17:00:00;642.8600;1591.1300;1403.6200;552.9900;2388.1500;9057.1100;47.3700;520.7900;2388.1500;8132.1000;8.4622;392.0000;;0;WO756758;1335.36
02-Jul-2026;ENG-095;53;2026-01-03 05:00:00;642.6100;1578.1700;1404.1400;553.3400;2388.0500;9051.9200;47.6200;521.7700;2388.0700;8127.4300;8.3802;391.0000;1.0000;0;WO592428;217.69
2026/07/02;ENG-074;67;2026-01-03 19:00:00;642.9700;1591.0000;1396.7800;553.5700;2388.0400;9062.6900;47.3700;522.0800;2388.0500;8139.1600;8.4135;394.0000;1.0000;0;WO391902;288.04
02-Jul-2026;ENG-091;149;2026-01-07 05:00:00;642.6900;1589.3200;1410.1700;552.9400;2388.2000;9047.3500;47.6300;521.0600;2388.1800;8126.8500;8.4679;393.0000;0.9840;0;WO552896;2766.97
2026/07/02;ENG-100;131;2026-01-06 11:00:00;642.1600;1587.6700;1404.6300;554.1900;2388.0200;9076.6700;47.4100;521.5000;2388.0600;8151.3100;8.4223;392.0000;0.6960;0;WO366586;2190.17
2026/07/02;ENG-062;81;2026-01-04 09:00:00;641.8400;1580.0600;1397.9500;554.3400;2387.9900;9055.5300;47.1800;522.3400;2387.9800;8134.1500;8.3841;391.0000;1.0000;0;WO884202;2,673.65
2026/07/02;ENG-030;75;2026-01-04 03:00:00;642.5400;1589.0200;1414.6500;553.1100;2388.1000;9041.9200;47.5200;521.0900;2388.1000;8130.6400;8.4476;392.0000;1.0000;0;WO546094;2,652.81
02-Jul-2026;ENG-076;71;2026-01-03 23:00:00;642.5600;1585.2600;1397.3900;555.0600;2388.0300;9062.7400;47.3900;521.4300;2388.0300;8138.8100;8.3950;393.0000;1.0000;0;WO779278;207.33
2026/07/02;ENG-007;58;2026-01-03 10:00:00;642.7800;1582.3300;1403.4000;554.2000;2387.9600;9058.8300;47.0700;522.0100;2388.0200;8135.0200;8.4204;391.0000;1.0000;0;WO800791;1595.45
2026/07/02;ENG-064;86;2026-01-04 14:00:00;642.7700;1593.9800;1403.1600;553.4000;2388.1100;9064.4300;47.2900;521.8000;2388.1000;8139.0300;8.4311;392.0000;0.8800;0;WO441815;2821.32
02-Jul-2026;ENG-099;64;2026-01-03 16:00:00;642.2700;1588.1400;1396.1500;554.4400;2388.0000;9062.4300;47.1000;522.2200;2387.9300;8149.0200;8.3726;392.0000;1.0000;0;WO125659;1,463.92
2026-07-02;ENG-028;70;2026-01-03 22:00:00;642.1300;1586.2500;1404.8700;553.9100;2388.0600;9043.0700;47.5600;521.3800;2388.1000;8126.4900;8.4203;394.0000;1.0000;0;WO674748;
2026-07-02;ENG-032;52;2026-01-03 04:00:00;642.1600;1582.0800;1395.5100;554.6900;2387.9700;9066.9900;47.1500;522.7200;2388.0100;8147.4100;8.3996;392.0000;1.0000;0;WO607713;2913.38
2026-07-02;ENG-027;51;2026-01-03 03:00:00;642.1200;1579.5500;1395.4200;554.2800;2388.0400;9059.2400;47.2900;521.9100;2388.0500;8131.4200;8.4131;391.0000;1.0000;0;WO861475;1084.71
2026-07-02;ENG-045;58;2026-01-03 10:00:00;643.0500;1584.8500;1405.5600;554.8600;2388.1000;9063.0800;47.5500;521.2800;2388.0800;8142.6100;8.4488;393.0000;1.0000;0;WO534548;90.97
2026/07/02;  ENG-052 ;96;2026-01-05 00:00:00;642.3300;1586.8000;1396.5600;554.8000;2388.0800;9057.8300;47.4200;522.1400;2388.0400;8140.6100;8.4136;392.0000;0.9760;0;WO932208;714.13
02-Jul-2026;ENG-100;111;2026-01-05 15:00:00;642.2300;1581.9500;1401.4700;553.6500;2388.0300;9068.5100;47.3500;522.2100;2387.9800;8148.2200;8.4004;391.0000;0.8560;0;WO385354;976.00
2026/07/02;ENG-003;80;2026-01-04 08:00:00;642.9500;1595.2000;1406.3300;554.0200;2388.1200;9058.6700;47.6800;521.4600;2388.0800;8129.1400;8.4259;394.0000;0.9200;0;WO203249;594.76
2026-07-02;ENG-085;19;2026-01-01 19:00:00;642.9600;1590.9900;1407.5100;553.9100;2388.1300;9053.6500;47.4800;521.4600;2388.1500;8133.4700;8.4046;392.0000;1.0000;0;WO113472;
2026-07-02;ENG-045;72;2026-01-04 00:00:00;642.9400;1590.2900;1404.5500;553.2000;2388.0600;9064.4800;47.3800;521.1900;2388.1500;8137.5300;8.4275;392.0000;1.0000;0;WO200360;2,357.66
02-Jul-2026;eng-086;51;2026-01-03 03:00:00;642.5800;1583.0000;1404.7400;553.4300;2388.0500;9061.1900;47.2000;522.0000;2388.1200;8138.6800;8.4633;394.0000;;0;WO172947;1525.98
02-Jul-2026;ENG-059;61;2026-01-03 13:00:00;642.3000;1591.6000;1405.3300;553.9400;2388.0100;9051.7300;47.3700;521.8000;2388.0200;8135.3100;8.4058;390.0000;1.0000;0;WO107054;1,902.81
02-Jul-2026;ENG-029;105;2026-01-05 09:00:00;642.0300;1578.8300;1398.7000;554.2900;2388.0500;9055.3200;47.3300;521.9800;2388.0300;8144.1900;8.4083;393.0000;;0;WO877711;1,421.08
2026/07/02;ENG-042;53;2026-01-03 05:00:00;642.4100;1584.2900;1396.1100;553.9500;2388.0000;9045.3100;47.2700;522.6300;2388.0200;8133.2800;8.4156;392.0000;0.9040;0;WO860219;1257.75
2026/07/02;ENG-068;70;2026-01-03 22:00:00;642.3100;1581.6700;1398.0800;553.5700;2388.1100;9049.5500;47.4100;521.7600;2388.0800;8140.6000;8.4257;392.0000;1.0000;0;WO827613;2339.33
2026/07/02;ENG-038;64;2026-01-03 16:00:00;642.7400;1591.0800;1415.7300;553.0100;2388.1500;9058.6800;47.6100;521.4800;2388.1200;8133.3200;8.4676;394.0000;0.8880;0;WO197646;2124.80
2026-07-02;ENG-042;80;2026-01-04 08:00:00;641.9700;1584.6200;1401.1500;553.7700;2388.0700;9043.9600;47.4700;521.9500;2388.0900;8130.5000;8.4036;391.0000;0.6880;0;WO334454;183.77
2026-07-02;ENG-028;104;2026-01-05 08:00:00;642.2400;1596.3200;1401.0700;553.7800;2388.0600;9057.2600;47.4000;521.4400;2388.1200;8129.7400;8.4529;393.0000;1.0000;0;WO241596;
2026-07-02;ENG-036;68;2026-01-03 20:00:00;642.3500;1585.2800;1409.5000;552.4900;2388.1000;9056.6200;47.6500;521.1600;2388.1500;8139.5600;8.4584;393.0000;0.6160;0;WO405730;1,860.15
2026/07/02;ENG-072;69;2026-01-03 21:00:00;642.5200;1583.1100;1401.3900;554.0300;2388.0000;9067.3800;47.2900;521.9600;2388.0200;8139.5400;8.4232;392.0000;0.8960;0;WO124350;240.53
2026/07/02;ENG-034;77;2026-01-04 05:00:00;642.4500;1583.5300;1405.0900;555.1400;2388.0000;9070.7300;47.1800;522.4400;2388.0000;8148.2700;8.4019;391.0000;1.0000;0;WO991243;678.67
02-Jul-2026;  ENG-033 ;29;2026-01-02 05:00:00;642.8900;1590.9700;1403.0400;553.4900;2388.0600;9059.1100;47.4900;520.9900;2388.1400;8141.1200;8.4660;393.0000;1.0000;0;WO853607;2136.83
02-Jul-2026;  ENG-090 ;77;2026-01-04 05:00:00;642.4200;1587.6700;1406.7300;554.0600;2388.0800;9055.3600;47.5500;521.2700;2388.1200;8133.0100;8.4277;393.0000;0.7760;0;WO793873;441.94
2026/07/02;ENG-034;100;2026-01-05 04:00:00;641.8100;1583.6800;1397.3700;555.0700;2388.0600;9067.3000;47.2900;522.3400;2388.0600;8144.1300;8.3822;393.0000;0.8800;0;WO690809;393.37
2026/07/02;eng-059;44;2026-01-02 20:00:00;642.0700;1584.9500;1395.2200;554.4700;2387.9900;9055.4700;47.2500;521.7300;2388.0400;8136.4400;8.3961;390.0000;1.0000;0;WO632885;211.63
02-Jul-2026;ENG-065;30;2026-01-02 06:00:00;642.1800;1591.7100;1389.7600;554.0300;2388.0200;9066.2400;47.0700;523.0500;2387.9700;8154.8400;8.4040;391.0000;1.0000;0;WO171560;2177.71
2026-07-02;ENG-034;78;2026-01-04 06:00:00;641.9400;1582.3100;1393.6700;554.5400;2388.0300;9064.8400;47.2600;522.4200;2388.0600;8141.4700;8.4066;392.0000;1.0000;0;WO146440;2,662.65
2026-07-02;ENG-048;46;2026-01-02 22:00:00;642.6600;1588.1600;1406.7000;554.1100;2388.0500;9053.5300;47.3300;521.6600;2388.0600;8145.5000;8.4064;390.0000;0.9920;0;WO159872;2631.98
02-Jul-2026;ENG-020;102;2026-01-05 06:00:00;642.6500;1588.1900;1410.3000;553.5200;2388.0500;9064.9800;47.3800;521.3800;2388.0600;8146.1400;8.4897;393.0000;;0;WO266213;1,321.72
2026/07/02;ENG-052;101;2026-01-05 05:00:00;641.7900;1587.0200;1397.4400;554.7000;2388.0100;9067.7800;47.2900;522.4800;2388.0300;8140.0600;8.3991;393.0000;0.9360;0;WO776954;1073.83
02-Jul-2026;ENG-015;28;2026-01-02 04:00:00;642.2400;1586.2900;1406.0800;553.9600;2388.0500;9060.3500;47.1400;521.5400;2388.0600;8138.4400;8.4379;392.0000;1.0000;0;WO404226;2865.98
02-Jul-2026;ENG-053;102;2026-01-05 06:00:00;642.6400;1576.9300;1403.6300;553.9700;2388.0200;9062.1400;47.4600;521.8600;2388.1100;8148.9100;8.4178;394.0000;0.7040;0;WO540432;283.77
02-Jul-2026;eng-037;64;2026-01-03 16:00:00;641.6200;1594.8600;1391.9900;553.9700;2388.0000;9051.9400;47.3200;521.7700;2388.0700;8138.5600;8.3864;392.0000;0.6240;0;WO312345;68.71
2026/07/02;ENG-089;68;2026-01-03 20:00:00;642.4100;1587.5600;1409.5700;553.1600;2388.0700;9045.6300;47.4500;521.6400;2388.1400;8130.2600;8.4090;392.0000;1.0000;0;WO169928;2757.37
02-Jul-2026;ENG-018;52;2026-01-03 04:00:00;642.0200;1581.0900;1400.1400;554.2300;2387.9900;9066.8900;47.3800;521.9000;2387.9500;8145.6500;8.4046;392.0000;0.8720;0;WO925714;
02-Jul-2026;eng-044;35;2026-01-02 11:00:00;642.4000;1589.1300;1403.9200;554.3700;2388.0400;9049.5400;47.4400;522.0500;2388.0600;8133.1600;8.4364;393.0000;1.0000;0;WO127140;1096.94
2026-07-02;ENG-099;46;2026-01-02 22:00:00;642.4700;1585.5700;1398.6800;554.6800;2387.9600;9064.0400;47.3400;522.1800;2388.0600;8139.7100;8.3914;392.0000;1.0000;0;WO362422;1950.18
2026-07-02;  ENG-019 ;87;2026-01-04 15:00:00;642.6700;1588.3300;1399.3100;553.8800;2388.0800;9046.1900;47.3300;521.5700;2388.0600;8139.8000;8.4130;391.0000;1.0000;0;WO711240;629.14
2026/07/02;ENG-089;61;2026-01-03 13:00:00;642.0600;1592.1900;1405.6500;552.9400;2388.0400;9045.6100;47.4800;520.7300;2388.0900;8127.4300;8.4434;393.0000;1.0000;0;WO473082;2,950.77
2026-07-02;ENG-062;96;2026-01-05 00:00:00;642.1900;1582.0000;1402.7900;554.6000;2387.9900;9062.1500;47.1300;522.4900;2388.0800;8138.2100;8.4030;391.0000;1.0000;0;WO606583;1,080.85
2026-07-02;ENG-042;93;2026-01-04 21:00:00;642.1400;1592.2700;1404.6300;554.7200;2388.0900;9042.5800;47.4200;521.9100;2388.0300;8133.2200;8.4086;392.0000;0.5840;0;WO283402;1,222.70
2026/07/02;ENG-031;95;2026-01-04 23:00:00;642.2400;1591.2000;1403.0200;552.9800;2388.0100;9070.3100;47.3500;521.4900;2388.0300;8150.2400;8.3919;392.0000;0.8720;0;WO931490;230.54
2026/07/02;ENG-016;76;2026-01-04 04:00:00;642.4400;1583.8100;1401.7100;554.1700;2388.0300;9060.0000;47.2800;521.9200;2388.0500;8139.5600;8.3991;391.0000;0.9680;0;WO667419;2985.34
02-Jul-2026;ENG-083;44;2026-01-02 20:00:00;642.8700;1588.6700;1406.7800;553.9700;2388.0500;9061.2600;47.4100;522.0700;2388.0900;8137.6800;8.4136;393.0000;1.0000;0;WO530172;760.45
2026/07/02;ENG-040;69;2026-01-03 21:00:00;642.7700;1590.6400;1417.7400;553.1600;2388.1400;9062.2300;47.8100;520.4500;2388.1400;8132.7200;8.4667;393.0000;0.7360;0;WO628799;
02-Jul-2026;ENG-075;52;2026-01-03 04:00:00;642.2800;1591.0400;1398.9200;553.8200;2388.0700;9054.4900;47.4100;521.2700;2388.0200;8136.5100;8.4325;393.0000;1.0000;0;WO955877;2404.43
2026-07-02;ENG-010;125;2026-01-06 05:00:00;642.6800;1587.6100;1408.5000;553.8800;2388.0700;9067.2600;47.1800;522.0800;2388.0600;8141.7600;8.4187;392.0000;1.0000;0;WO207334;2,758.46
2026-07-02;ENG-045;73;2026-01-04 01:00:00;642.3800;1585.1600;1412.9200;553.0800;2388.1000;9065.9200;47.4300;521.7800;2388.0400;8142.9900;8.4414;393.0000;1.0000;0;WO263089;2,382.49
2026-07-02;ENG-100;83;2026-01-04 11:00:00;642.2100;1584.8700;1403.8800;554.4100;2388.0000;9059.4700;47.2200;522.2300;2387.9900;8135.3500;8.4149;392.0000;1.0000;0;WO988497;848.57
2026-07-02;eng-010;103;2026-01-05 07:00:00;642.3200;1588.3500;1400.1800;554.6500;2388.0100;9063.6700;47.0900;521.8700;2388.0700;8145.5700;8.3968;391.0000;1.0000;0;WO759115;1952.28
2026/07/02;ENG-089;113;2026-01-05 17:00:00;642.6800;1589.6300;1405.5200;553.0900;2388.0800;9043.3000;47.6200;522.0400;2388.0900;8123.2200;8.4447;393.0000;1.0000;0;WO905567;1,281.51
2026-07-02;ENG-033;19;2026-01-01 19:00:00;642.9200;1592.1000;1410.8900;553.0800;2388.1400;9058.7300;47.5900;520.9000;2388.1400;8138.5400;8.4774;393.0000;1.0000;0;WO474580;332.87
2026/07/02;  ENG-026 ;33;2026-01-02 09:00:00;642.2700;1590.2400;1398.9900;554.4500;2388.0300;9059.7300;47.2400;521.9400;2387.9900;8149.0600;8.4064;393.0000;1.0000;0;WO284606;2,753.76
2026/07/02;ENG-032;76;2026-01-04 04:00:00;641.8200;1586.7900;1401.6200;554.2900;2387.9600;9072.6100;47.1100;522.2300;2388.0300;8149.4800;8.4261;392.0000;0.9360;0;WO395802;882.41
02-Jul-2026;ENG-058;86;2026-01-04 14:00:00;642.3900;1585.0800;1395.4100;554.1400;2388.0800;9050.5000;47.4100;521.6100;2388.0800;8133.2800;8.4098;393.0000;1.0000;0;WO478251;147.33
02-Jul-2026;eng-012;100;2026-01-05 04:00:00;641.9500;1577.8800;1400.9400;554.3300;2388.0500;9058.1700;47.4000;522.0800;2388.0400;8141.6800;8.4049;393.0000;1.0000;0;WO580700;2631.21
02-Jul-2026;ENG-089;85;2026-01-04 13:00:00;642.4000;1587.3300;1402.9800;553.2000;2388.0800;9043.4400;47.4600;522.1100;2388.1200;8124.3400;8.4285;393.0000;1.0000;0;WO713229;2542.10
2026/07/02;  ENG-018 ;78;2026-01-04 06:00:00;641.9800;1580.5800;1402.9800;554.1100;2388.0500;9066.4400;47.2000;521.9500;2388.0000;8143.0400;8.4096;391.0000;0.6640;0;WO537443;1,941.46
02-Jul-2026;eng-092;58;2026-01-03 10:00:00;642.8000;1593.3300;1409.3200;553.0200;2388.1400;9043.6900;47.7000;521.5500;2388.1600;8118.5700;8.4775;394.0000;0.8960;0;WO186696;2,505.83
2026/07/02;ENG-019;65;2026-01-03 17:00:00;641.9400;1587.8600;1396.9300;554.3000;2388.0500;9056.9600;47.2700;522.0500;2388.0800;8134.8800;8.3856;391.0000;;0;WO222706;890.09
02-Jul-2026;ENG-049;140;2026-01-06 20:00:00;642.4000;1582.6000;1403.0400;555.4600;2388.0700;9056.4600;47.2600;522.3800;2388.0100;8140.3500;8.4296;392.0000;1.0000;0;WO165134;1903.24
02-Jul-2026;ENG-026;47;2026-01-02 23:00:00;642.8200;1585.4900;1396.8500;553.8000;2388.0200;9060.4400;47.2900;522.3100;2388.0200;8150.0100;8.4183;391.0000;1.0000;0;WO954978;108.15
2026-07-02;ENG-081;83;2026-01-04 11:00:00;642.1800;1586.3800;1400.4800;554.3400;2388.0200;9073.9900;47.2000;521.5500;2388.0300;8150.1800;8.4078;392.0000;;0;WO366296;2831.21
2026/07/02;  ENG-008 ;97;2026-01-05 01:00:00;642.2300;1590.8900;1408.3100;553.2400;2388.1400;9041.6800;47.4300;521.9200;2388.1400;8130.8200;8.4173;394.0000;1.0000;0;WO423614;2033.95
02-Jul-2026;ENG-028;99;2026-01-05 03:00:00;642.2700;1586.7300;1407.2800;553.4700;2388.1000;9054.2100;47.4500;522.5000;2388.0600;8132.7800;8.4391;391.0000;1.0000;0;WO449142;
02-Jul-2026;ENG-033;23;2026-01-01 23:00:00;643.1800;1597.4700;1407.6100;553.1400;2388.0800;9059.7600;47.5700;521.3700;2388.1300;8137.9200;8.4603;393.0000;1.0000;0;WO400933;1,613.21
2026-07-02;  ENG-048 ;37;2026-01-02 13:00:00;642.5500;1582.3700;1404.2100;553.0300;2388.0900;9062.1000;47.4800;521.6400;2388.0400;8133.3100;8.4275;394.0000;1.0000;0;WO688572;
2026-07-02;  ENG-017 ;70;2026-01-03 22:00:00;642.0000;1587.4300;1399.3800;554.0400;2388.0100;9073.5900;47.3100;521.9900;2388.0300;8150.3200;8.3972;392.0000;1.0000;0;WO321751;2045.71
02-Jul-2026;eng-039;16;2026-01-01 16:00:00;642.2700;1591.7600;1401.1200;554.3400;2388.0000;9054.0000;47.2400;522.0100;2387.9700;8135.7300;8.3965;392.0000;1.0000;0;WO119928;
2026-07-02;ENG-011;35;2026-01-02 11:00:00;642.1600;1594.7000;1411.3400;553.5100;2388.1300;9038.2200;47.4100;522.0000;2388.1300;8115.7400;8.4362;394.0000;1.0000;0;WO830761;2871.42
2026/07/02;ENG-085;13;2026-01-01 13:00:00;642.2200;1588.7600;1408.7800;553.0100;2388.1200;9050.8600;47.4900;521.8900;2388.1100;8129.8000;8.4234;394.0000;1.0000;0;WO388474;1089.99
02-Jul-2026;eng-031;76;2026-01-04 04:00:00;642.3900;1585.3400;1397.8900;554.0700;2388.0100;9072.1000;47.3500;521.6500;2388.0000;8151.0000;8.4224;391.0000;1.0000;0;WO350043;819.67
2026-07-02;ENG-024;120;2026-01-06 00:00:00;642.8500;1588.2700;1408.4000;553.3700;2388.0400;9078.3600;47.3100;522.3700;2388.0100;8161.6800;8.4520;391.0000;0.6880;0;WO306257;2,356.72
2026-07-02;ENG-046;72;2026-01-04 00:00:00;642.1900;1594.5000;1403.0600;553.5200;2388.0500;9069.6800;47.5300;521.5600;2388.0100;8148.2200;8.4551;392.0000;0.9680;0;WO828382;540.49
02-Jul-2026;ENG-003;60;2026-01-03 12:00:00;642.7000;1586.1700;1411.9700;553.1400;2388.1500;9052.1700;47.4500;521.4000;2388.0700;8129.0200;8.4746;394.0000;1.0000;0;WO639044;
02-Jul-2026;ENG-049;142;2026-01-06 22:00:00;641.7400;1586.6400;1400.4600;554.2400;2388.0700;9059.1200;47.2800;522.3500;2388.0400;8141.9600;8.4336;392.0000;1.0000;0;WO198641;1,276.49
02-Jul-2026;ENG-097;72;2026-01-04 00:00:00;642.4000;1580.7900;1404.3700;554.3800;2388.0100;9073.7400;47.3500;522.6200;2388.0200;8145.7000;8.4040;392.0000;1.0000;0;WO709166;2957.25
2026-07-02;  ENG-077 ;104;2026-01-05 08:00:00;642.3600;1588.0500;1407.4200;553.6400;2388.0400;9048.5800;47.3300;521.6200;2388.0300;8131.7400;8.4222;394.0000;0.7360;0;WO710388;2505.98
02-Jul-2026;ENG-080;86;2026-01-04 14:00:00;642.8700;1589.3900;1401.2500;553.7300;2388.0900;9074.8600;47.5200;521.6700;2388.0800;8145.2600;8.4158;393.0000;1.0000;0;WO276627;1,185.16
2026/07/02;ENG-022;16;2026-01-01 16:00:00;641.8900;1587.6100;1409.6300;553.5800;2388.0500;9045.3200;47.2900;521.3200;2388.0500;8128.5100;8.4124;394.0000;1.0000;0;WO948525;521.45
02-Jul-2026;  ENG-049 ;202;2026-01-09 10:00:00;642.5000;1592.2900;1402.4700;553.1500;2388.0700;9062.5800;47.4300;521.5400;2388.0200;8143.4400;8.4462;393.0000;0.9760;0;WO294160;2,731.93
2026-07-02;ENG-066;68;2026-01-03 20:00:00;642.2200;1594.7400;1404.6900;553.1700;2388.0800;9065.3100;47.5000;522.0200;2388.0800;8153.8100;8.4508;394.0000;0.7440;0;WO726856;1197.97
2026/07/02;ENG-007;71;2026-01-03 23:00:00;641.9300;1587.3500;1401.4900;554.8900;2387.9900;9052.5900;47.2000;521.6500;2388.0500;8141.0100;8.3917;392.0000;1.0000;0;WO983271;640.43
02-Jul-2026;ENG-012;97;2026-01-05 01:00:00;642.0100;1588.0500;1400.6100;553.9600;2387.9700;9058.9800;47.2500;522.5700;2388.0000;8141.8300;8.3785;393.0000;1.0000;0;WO566762;
2026-07-02;ENG-047;42;2026-01-02 18:00:00;642.8600;1591.1900;1407.6900;552.9400;2388.1200;9042.5900;47.7100;520.6700;2388.2100;8118.2100;8.4737;395.0000;1.0000;0;WO134186;914.06
02-Jul-2026;ENG-021;92;2026-01-04 20:00:00;642.0700;1583.8100;1402.5300;553.5200;2388.0300;9059.2100;47.4000;522.3000;2388.0500;8138.0400;8.4110;392.0000;0.9040;0;WO425090;2385.98
2026-07-02;ENG-091;108;2026-01-05 12:00:00;642.6500;1590.6000;1406.3800;553.1600;2388.1900;9051.4400;47.5800;521.0100;2388.1800;8124.5600;8.4609;393.0000;1.0000;0;WO524596;411.03
2026-07-02;ENG-051;70;2026-01-03 22:00:00;642.4200;1584.2000;1406.0300;553.6600;2388.1100;9042.2100;47.3300;521.7400;2388.0900;8131.8400;8.4165;393.0000;;0;WO524856;1952.09
2026-07-02;ENG-049;154;2026-01-07 10:00:00;642.2500;1582.6900;1403.9900;554.4600;2388.0000;9065.7700;47.3800;522.2100;2388.0300;8140.3000;8.4066;393.0000;1.0000;0;WO770909;721.90
02-Jul-2026;  ENG-094 ;63;2026-01-03 15:00:00;642.8000;1589.5600;1411.5900;553.5600;2388.0500;9061.7200;47.3800;521.2500;2388.1000;8140.2700;8.4620;395.0000;1.0000;0;WO190381;717.08
2026/07/02;ENG-061;63;2026-01-03 15:00:00;641.7400;1583.4600;1397.2500;554.6200;2388.0300;9068.7500;47.4100;522.7500;2388.0100;8147.8000;8.4215;393.0000;0.9360;0;WO375649;1010.41
02-Jul-2026;ENG-100;96;2026-01-05 00:00:00;642.2400;1590.9000;1405.2400;553.9600;2388.0700;9060.6500;47.3200;521.4600;2388.0700;8144.3600;8.4025;391.0000;0.9760;0;WO439949;2526.54
02-Jul-2026;ENG-023;79;2026-01-04 07:00:00;642.0400;1583.9200;1398.2100;553.9800;2388.0600;9053.8000;47.2300;522.2200;2387.9800;8128.1100;8.3867;389.0000;1.0000;0;WO462637;
02-Jul-2026;  ENG-066 ;58;2026-01-03 10:00:00;642.6100;1588.3500;1405.2300;553.4800;2388.0700;9066.5300;47.5500;521.1800;2388.1000;8138.0100;8.4199;393.0000;0.8240;0;WO593289;2911.82
02-Jul-2026;ENG-062;149;2026-01-07 05:00:00;642.3100;1575.2700;1392.6500;554.4000;2388.0300;9057.6800;47.2400;522.0700;2388.0200;8145.2600;8.3599;391.0000;1.0000;0;WO403711;2,081.35
02-Jul-2026;ENG-051;55;2026-01-03 07:00:00;641.8800;1590.1600;1410.0600;553.3300;2388.0500;9045.7900;47.5500;521.7900;2388.0400;8131.8600;8.4136;393.0000;1.0000;0;WO168199;729.49
2026/07/02;ENG-042;88;2026-01-04 16:00:00;642.6100;1584.7700;1399.0000;553.5800;2388.0600;9047.5200;47.3300;521.9100;2388.0200;8136.4300;8.4253;391.0000;;0;WO773383;2,228.38
2026/07/02;ENG-091;134;2026-01-06 14:00:00;642.4300;1591.3100;1414.3700;552.8900;2388.1800;9049.4900;47.7500;520.7400;2388.1500;8129.6400;8.4174;394.0000;1.0000;0;WO731635;2699.44
2026/07/02;ENG-093;122;2026-01-06 02:00:00;643.0900;1585.8800;1406.0500;553.3700;2388.1200;9066.1700;47.5400;521.2200;2388.1000;8135.7200;8.4451;394.0000;1.0000;0;WO152433;701.31
02-Jul-2026;ENG-048;29;2026-01-02 05:00:00;642.9800;1596.1300;1404.1900;553.3300;2388.0800;9059.9600;47.5000;521.6300;2388.0400;8139.6000;8.4082;393.0000;1.0000;0;WO276790;2,641.78
02-Jul-2026;ENG-055;51;2026-01-03 03:00:00;641.7900;1589.2800;1400.3500;553.5800;2388.0600;9058.9300;47.4800;522.5900;2388.0700;8131.1300;8.4123;392.0000;1.0000;0;WO244801;2680.11
02-Jul-2026;ENG-012;112;2026-01-05 16:00:00;641.9000;1581.7700;1405.7800;554.5500;2388.0400;9058.2600;47.1600;522.1700;2388.0300;8134.1400;8.4061;392.0000;1.0000;0;WO615427;2466.75
02-Jul-2026;ENG-028;65;2026-01-03 17:00:00;642.6600;1584.3100;1400.3000;553.1200;2388.0700;9040.8700;47.4100;521.8100;2388.1500;8129.2900;8.3959;393.0000;1.0000;0;WO229627;527.56
2026/07/02;ENG-034;128;2026-01-06 08:00:00;642.8200;1589.3300;1399.0000;553.9800;2388.0900;9066.1300;47.3300;521.4000;2388.0700;8141.9500;8.3972;392.0000;0.6560;0;WO928445;2866.23
2026-07-02;ENG-075;55;2026-01-03 07:00:00;642.3000;1583.9100;1397.2000;553.7400;2388.0500;9053.7300;47.2800;521.9800;2388.0400;8134.0600;8.4426;392.0000;1.0000;0;WO564354;979.38
2026/07/02;  ENG-008 ;77;2026-01-04 05:00:00;642.5300;1580.7900;1402.5500;553.7100;2388.0600;9045.8000;47.3200;521.5000;2388.0800;8133.1100;8.4044;392.0000;1.0000;0;WO454462;911.73
2026-07-02;ENG-008;59;2026-01-03 11:00:00;642.5700;1582.7800;1407.2400;554.4500;2388.0700;9047.6100;47.5900;521.8400;2388.0800;8136.0500;8.4280;393.0000;1.0000;0;WO267806;2,735.94
2026-07-02;ENG-080;64;2026-01-03 16:00:00;642.2500;1593.0900;1403.9800;554.1900;2388.0300;9062.6100;47.5100;521.2900;2387.9900;8145.3000;8.4482;394.0000;1.0000;0;WO789087;2437.89
2026/07/02;ENG-067;36;2026-01-02 12:00:00;641.9500;1588.4000;1406.9100;554.5700;2388.0400;9056.4200;47.3300;522.2000;2388.0700;8145.2100;8.3988;391.0000;0.8960;0;WO246988;1,479.81
2026/07/02;ENG-100;129;2026-01-06 09:00:00;642.1300;1595.0000;1411.2000;553.9100;2388.0100;9067.3700;47.3200;522.1600;2388.0600;8150.5300;8.4214;394.0000;0.7120;0;WO456261;1,030.34
2026/07/02;ENG-082;73;2026-01-04 01:00:00;642.5000;1586.9200;1412.2300;554.2800;2388.0000;9059.7800;47.4000;522.0400;2388.0200;8139.2400;8.4325;393.0000;0.7840;0;WO356949;
2026-07-02;ENG-041;62;2026-01-03 14:00:00;642.0000;1589.0900;1398.7300;554.8800;2388.0700;9042.0200;47.4500;521.8700;2388.0500;8130.8700;8.4152;392.0000;0.6320;0;WO819562;2810.04
2026-07-02;ENG-042;69;2026-01-03 21:00:00;641.9600;1591.3700;1403.5900;554.8200;2388.0200;9048.2100;47.1400;522.1000;2388.0300;8134.1300;8.4205;392.0000;0.7760;0;WO950038;303.26
02-Jul-2026;  ENG-096 ;40;2026-01-02 16:00:00;642.0700;1583.5400;1398.3400;553.7300;2387.9900;9062.3400;47.1600;522.0600;2388.0400;8143.5300;8.3838;392.0000;1.0000;0;WO358239;
2026-07-02;  ENG-066 ;66;2026-01-03 18:00:00;642.7200;1589.4100;1409.4700;554.0700;2388.0500;9062.5200;47.4000;521.1200;2388.0700;8143.3300;8.4365;393.0000;0.7600;0;WO163818;
2026/07/02;ENG-090;64;2026-01-03 16:00:00;642.4100;1591.7500;1412.0400;554.3800;2388.0600;9054.9300;47.4100;521.2400;2388.1400;8133.1200;8.4451;393.0000;0.8800;0;WO608453;571.68
02-Jul-2026;ENG-083;35;2026-01-02 11:00:00;642.4500;1578.0800;1397.4400;554.1500;2388.0600;9056.3100;47.1900;521.9000;2388.0800;8140.5400;8.4098;391.0000;1.0000;0;WO428534;1,727.56
2026/07/02;ENG-008;69;2026-01-03 21:00:00;642.1500;1586.0200;1407.6900;553.1000;2388.1300;9051.4800;47.4700;521.4800;2388.0700;8130.0900;8.4510;392.0000;1.0000;0;WO328304;1237.79
2026/07/02;ENG-055;72;2026-01-04 00:00:00;642.1400;1594.9000;1404.9800;553.9600;2388.1200;9056.4200;47.5400;521.8700;2388.0400;8135.5100;8.4496;393.0000;1.0000;0;WO516536;2,217.13
02-Jul-2026;  ENG-090 ;96;2026-01-05 00:00:00;642.3200;1593.3300;1409.0100;553.4800;2388.0700;9056.3100;47.4200;521.8200;2388.0900;8141.5900;8.4534;394.0000;0.6240;0;WO674806;728.92
2026/07/02;ENG-074;49;2026-01-03 01:00:00;642.6100;1590.9200;1406.5300;553.8500;2388.0900;9062.6300;47.5600;521.6400;2388.1100;8141.8300;8.4242;392.0000;;0;WO846551;2708.02
2026-07-02;ENG-052;100;2026-01-05 04:00:00;642.1700;1585.3200;1393.6800;554.2000;2387.9700;9063.3400;47.1500;522.6300;2388.0500;8136.3500;8.3734;393.0000;0.9440;0;WO350345;867.60
2026-07-02;ENG-017;103;2026-01-05 07:00:00;642.1700;1593.5700;1403.7100;553.8200;2387.9900;9082.6300;47.3200;522.1100;2387.9900;8152.0900;8.4120;393.0000;0.8960;0;WO786634;1042.27
2026/07/02;ENG-068;105;2026-01-05 09:00:00;642.2100;1579.5500;1400.9300;554.1100;2388.0400;9052.4900;47.6100;521.5100;2388.0400;8142.4900;8.4183;394.0000;0.7200;0;WO428443;2698.81
02-Jul-2026;ENG-051;57;2026-01-03 09:00:00;642.4900;1590.4600;1401.0100;553.9700;2388.1000;9048.8500;47.4100;522.1100;2388.0800;8132.0700;8.4411;394.0000;1.0000;0;WO887904;618.78
2026/07/02;ENG-004;67;2026-01-03 19:00:00;642.7300;1594.6800;1401.9300;553.6300;2388.1200;9051.2000;47.2300;522.1000;2388.1500;8134.2900;8.4221;393.0000;0.9680;0;WO571643;2270.44
02-Jul-2026;ENG-064;73;2026-01-04 01:00:00;642.5300;1585.8900;1409.8300;554.1800;2388.0200;9059.4500;47.1700;521.6900;2388.0200;8135.9600;8.4282;390.0000;0.9840;0;WO237539;2,358.90
2026/07/02;ENG-017;56;2026-01-03 08:00:00;642.0000;1586.4100;1401.2200;554.5400;2388.0500;9065.4200;47.2300;522.4200;2388.0000;8157.8400;8.3783;392.0000;1.0000;0;WO281038;
2026/07/02;eng-049;195;2026-01-09 03:00:00;642.6600;1587.6100;1404.0100;554.1600;2388.0200;9056.2900;47.2800;522.1400;2388.0500;8143.5000;8.4278;393.0000;1.0000;0;WO363863;1194.22
02-Jul-2026;  ENG-054 ;50;2026-01-03 02:00:00;641.8900;1595.1300;1394.3600;554.2500;2387.9800;9060.1600;47.1500;522.6800;2388.0000;8132.5000;8.4006;392.0000;1.0000;0;WO901922;1378.88
2026-07-02;  ENG-043 ;93;2026-01-04 21:00:00;642.2100;1584.6300;1409.3200;554.2800;2388.0600;9053.5700;47.4900;521.7200;2388.0500;8127.3700;8.4171;394.0000;1.0000;0;WO996473;2,447.92
2026-07-02;ENG-002;33;2026-01-02 09:00:00;642.5300;1592.5800;1405.0600;553.8500;2388.0900;9048.9500;47.4900;521.4100;2388.0600;8127.1300;8.4163;395.0000;0.9120;0;WO723520;208.37
02-Jul-2026;ENG-065;29;2026-01-02 05:00:00;642.0900;1587.1900;1399.0100;554.0200;2387.9800;9058.4400;47.1900;522.9100;2388.0000;8150.9300;8.3915;391.0000;1.0000;0;WO219049;2,823.10
2026-07-02;ENG-071;42;2026-01-02 18:00:00;642.2700;1585.5000;1398.5400;554.5900;2387.9600;9067.8800;47.3700;522.2400;2387.9300;8146.7000;8.4187;391.0000;1.0000;0;WO180003;170.68
2026-07-02;ENG-067;46;2026-01-02 22:00:00;642.7200;1589.3400;1401.2100;553.7600;2388.0500;9052.2400;47.4600;521.9400;2388.0300;8141.7700;8.4517;391.0000;0.8160;0;WO579575;1,442.18
2026-07-02;ENG-052;78;2026-01-04 06:00:00;642.1700;1581.3700;1396.0500;554.7100;2387.9700;9057.9900;47.1300;522.6100;2387.9900;8141.5600;8.3904;392.0000;1.0000;0;WO532295;1,026.72
2026/07/02;  ENG-083 ;43;2026-01-02 19:00:00;642.0200;1586.2000;1401.2700;553.6200;2387.9800;9057.4200;47.3800;522.0100;2388.0200;8139.3700;8.4374;393.0000;1.0000;0;WO346932;2174.50
2026-07-02;ENG-099;56;2026-01-03 08:00:00;641.5000;1582.1000;1397.6300;554.8300;2388.0000;9058.3100;47.1000;522.6200;2388.0100;8144.9900;8.3844;392.0000;1.0000;0;WO603670;2994.86
2026-07-02;ENG-089;107;2026-01-05 11:00:00;642.5700;1593.7100;1399.9100;554.0400;2388.1200;9043.4300;47.4900;521.3700;2388.1100;8124.0100;8.4255;392.0000;1.0000;0;WO481485;177.94
2026-07-02;ENG-055;68;2026-01-03 20:00:00;642.3000;1584.8900;1403.0100;553.8100;2388.0500;9055.1700;47.4100;521.6700;2388.0700;8137.7500;8.3799;391.0000;1.0000;0;WO127060;118.03
02-Jul-2026;ENG-046;84;2026-01-04 12:00:00;642.4500;1593.9900;1404.1500;553.5600;2388.0800;9063.8300;47.5000;521.6800;2388.1000;8143.7000;8.4199;394.0000;;0;WO377912;100.06
2026/07/02;ENG-041;42;2026-01-02 18:00:00;643.0500;1583.5900;1395.2900;553.9200;2388.0700;9049.7100;47.2500;522.7000;2388.0200;8127.1200;8.4332;393.0000;0.7920;0;WO205376;1,989.70
2026/07/02;ENG-056;91;2026-01-04 19:00:00;643.0700;1590.6600;1417.0400;552.5700;2388.1700;9043.7000;47.5500;520.8400;2388.2000;8122.9800;8.4577;395.0000;0.4800;0;WO564603;2590.16
2026-07-02;ENG-005;61;2026-01-03 13:00:00;641.9900;1577.7100;1407.1700;553.3600;2388.1300;9051.8800;47.4000;521.5100;2388.1100;8131.5300;8.4530;393.0000;1.0000;0;WO708571;1248.97
02-Jul-2026;eng-046;77;2026-01-04 05:00:00;642.3400;1590.9500;1420.8000;553.8200;2388.0700;9074.2700;47.3600;521.4700;2388.0500;8145.1400;8.4661;391.0000;0.9280;0;WO311787;1,382.22
2026-07-02;ENG-036;57;2026-01-03 09:00:00;642.8200;1593.8500;1415.6000;552.5900;2388.1100;9060.0700;47.4500;521.3400;2388.0900;8136.4900;8.4551;394.0000;0.7040;0;WO770370;1,505.95
02-Jul-2026;ENG-008;80;2026-01-04 08:00:00;642.8500;1588.7000;1407.4900;553.5300;2388.0900;9044.1800;47.4800;521.4800;2388.1100;8132.0700;8.4010;391.0000;1.0000;0;WO244251;589.40
2026-07-02;ENG-052;120;2026-01-06 00:00:00;642.0300;1587.0900;1395.3300;554.1800;2387.9900;9065.4700;47.3700;521.8200;2388.0000;8145.0600;8.3841;392.0000;0.7840;0;WO289623;2,743.61
02-Jul-2026;ENG-030;87;2026-01-04 15:00:00;642.8200;1587.8100;1409.7300;553.2900;2388.1400;9051.0400;47.4000;521.0100;2388.1300;8128.5700;8.4313;394.0000;1.0000;0;WO998159;783.40
2026/07/02;ENG-029;74;2026-01-04 02:00:00;642.1500;1580.1400;1399.1800;553.7500;2388.0500;9055.7900;47.4100;521.9900;2388.0600;8142.3500;8.4243;392.0000;1.0000;0;WO316418;1476.81
2026-07-02;ENG-035;69;2026-01-03 21:00:00;642.7900;1586.8800;1415.9900;554.0200;2388.1400;9053.5100;47.5400;521.0900;2388.1100;8128.1100;8.4629;392.0000;1.0000;0;WO487757;395.35
02-Jul-2026;ENG-041;76;2026-01-04 04:00:00;642.3600;1591.3600;1400.0200;553.8800;2388.0900;9036.0000;47.4500;521.6900;2388.1100;8123.8200;8.3888;391.0000;0.5200;0;WO951639;
02-Jul-2026;ENG-093;119;2026-01-05 23:00:00;642.8800;1589.5300;1410.4200;552.7700;2388.1100;9059.4900;47.5300;521.0800;2388.0900;8138.5200;8.4411;392.0000;1.0000;0;WO610175;575.97
2026/07/02;ENG-017;95;2026-01-04 23:00:00;642.5600;1586.0600;1400.9700;554.4700;2388.0600;9072.1800;47.3600;522.0100;2388.0200;8153.9200;8.4022;390.0000;0.9600;0;WO761086;637.69
02-Jul-2026;  ENG-051 ;85;2026-01-04 13:00:00;642.3800;1587.0900;1402.5500;553.9200;2388.0900;9044.5500;47.5100;521.7200;2388.1200;8132.7400;8.4063;392.0000;1.0000;0;WO524046;1,505.02
02-Jul-2026;ENG-044;32;2026-01-02 08:00:00;642.2000;1593.3500;1409.3200;553.9400;2388.0500;9054.4000;47.4300;521.5300;2388.0600;8131.6200;8.4459;393.0000;1.0000;0;WO784464;552.64
2026-07-02;ENG-052;75;2026-01-04 03:00:00;642.0600;1578.1000;1397.9800;554.9600;2387.9900;9056.5600;47.4200;521.9300;2387.9400;8138.6800;8.3887;390.0000;1.0000;0;WO178530;1,958.23
2026-07-02;ENG-012;127;2026-01-06 07:00:00;642.4000;1582.4200;1392.1200;554.4900;2387.9800;9053.6400;47.2600;521.6700;2387.9600;8142.5300;8.4078;390.0000;1.0000;0;WO626040;2780.01
02-Jul-2026;ENG-089;83;2026-01-04 11:00:00;642.4500;1588.3300;1412.8200;554.6500;2388.1400;9043.7300;47.5500;521.2600;2388.1000;8121.3600;8.4505;393.0000;1.0000;0;WO544636;2785.95
02-Jul-2026;eng-008;98;2026-01-05 02:00:00;642.6200;1577.2800;1407.1800;552.9500;2388.1100;9048.6700;47.4800;521.5000;2388.0900;8123.4400;8.4293;392.0000;1.0000;0;WO869795;2,831.21
2026-07-02;ENG-081;110;2026-01-05 14:00:00;642.7600;1584.2100;1411.2000;553.3100;2388.0700;9060.2900;47.4900;521.7300;2388.0000;8147.6800;8.4289;394.0000;0.8880;0;WO589004;
02-Jul-2026;ENG-091;122;2026-01-06 02:00:00;643.1600;1591.6100;1406.9600;553.3200;2388.0800;9048.1700;47.6400;520.7400;2388.1900;8127.5500;8.4531;394.0000;1.0000;0;WO197012;642.61
2026-07-02;  ENG-073 ;66;2026-01-03 18:00:00;642.1400;1583.6900;1395.9700;554.6200;2388.0700;9055.6000;47.1600;521.9600;2388.0400;8132.7200;8.4016;391.0000;1.0000;0;WO604808;
2026/07/02;ENG-068;83;2026-01-04 11:00:00;641.7500;1580.6600;1404.3800;554.2900;2388.0300;9055.5600;47.4700;521.8500;2388.0600;8142.6700;8.4149;391.0000;;0;WO604245;2901.56
02-Jul-2026;ENG-063;66;2026-01-03 18:00:00;642.8300;1589.4400;1404.7100;553.5600;2388.0900;9057.5000;47.5400;521.8700;2388.0200;8130.4500;8.4292;393.0000;1.0000;0;WO627369;2645.74
2026/07/02;ENG-073;75;2026-01-04 03:00:00;642.1500;1585.9800;1403.0900;554.2000;2388.0400;9055.4000;47.3000;522.2300;2388.0300;8131.6500;8.4078;392.0000;1.0000;0;WO628461;2292.00
2026/07/02;ENG-056;68;2026-01-03 20:00:00;642.1800;1592.9900;1417.0300;551.7200;2388.1300;9032.8900;47.6800;521.0600;2388.1100;8129.2500;8.4748;393.0000;0.6640;0;WO345739;848.30
02-Jul-2026;ENG-035;111;2026-01-05 15:00:00;642.5200;1592.7600;1412.1200;553.2700;2388.1300;9061.5800;47.4000;520.7200;2388.1700;8136.3800;8.4554;394.0000;;0;WO836842;1595.91
02-Jul-2026;ENG-013;111;2026-01-05 15:00:00;642.3200;1582.3900;1397.6100;555.0300;2388.0200;9064.8900;47.4400;522.2900;2387.9900;8145.1500;8.4305;391.0000;1.0000;0;WO689308;2791.39
2026/07/02;ENG-029;78;2026-01-04 06:00:00;642.4800;1588.8400;1404.3400;553.5400;2388.0500;9053.6300;47.4200;521.7200;2388.1100;8141.7300;8.4270;392.0000;1.0000;0;WO225025;705.14
2026-07-02;ENG-013;114;2026-01-05 18:00:00;642.3800;1587.5700;1399.3400;554.2500;2388.0100;9060.3600;47.1600;522.1300;2388.0400;8142.6500;8.4244;392.0000;1.0000;0;WO931265;1171.95
2026-07-02;ENG-093;128;2026-01-06 08:00:00;643.3100;1592.1900;1415.6400;553.0700;2388.1700;9052.7200;47.5200;521.2700;2388.1200;8144.0500;8.4500;393.0000;1.0000;0;WO918696;1593.80
02-Jul-2026;  ENG-081 ;113;2026-01-05 17:00:00;642.3600;1587.4400;1405.1300;553.3400;2388.1100;9068.3800;47.4200;522.0000;2388.0600;8150.9400;8.4452;391.0000;0.8640;0;WO672672;2,668.24
02-Jul-2026;ENG-097;64;2026-01-03 16:00:00;642.3500;1585.1600;1401.5700;554.2500;2388.0600;9063.1800;47.4000;522.0400;2387.9600;8146.9800;8.3767;392.0000;1.0000;0;WO965375;1425.45
2026-07-02;ENG-024;72;2026-01-04 00:00:00;642.1900;1580.6000;1400.2800;554.7800;2388.0000;9064.9400;47.1800;522.3300;2388.0100;8140.5000;8.4214;393.0000;1.0000;0;WO123111;2,884.37
02-Jul-2026;ENG-036;54;2026-01-03 06:00:00;642.6200;1591.7700;1416.7000;553.8900;2388.1700;9065.1200;47.3600;521.2100;2388.0800;8135.6700;8.4385;393.0000;0.7280;0;WO163829;2,920.81
02-Jul-2026;eng-071;37;2026-01-02 13:00:00;642.3400;1586.8200;1405.8600;553.7100;2387.9800;9073.8300;47.2300;522.4700;2388.0400;8147.8800;8.4284;393.0000;1.0000;0;WO769947;460.66
2026/07/02;ENG-041;67;2026-01-03 19:00:00;642.3300;1592.5000;1407.9600;554.5200;2388.0400;9047.8400;47.3800;522.0200;2388.0600;8129.5300;8.4124;393.0000;0.5920;0;WO646849;2143.81
2026/07/02;ENG-029;84;2026-01-04 12:00:00;642.1900;1583.7300;1404.7500;553.5500;2388.0800;9055.8400;47.2800;521.8800;2388.0700;8139.5000;8.4155;390.0000;1.0000;0;WO679018;438.89
2026-07-02;ENG-082;72;2026-01-04 00:00:00;642.0900;1588.0000;1400.8800;554.1300;2387.9900;9065.9700;47.3000;522.6200;2388.0400;8145.3600;8.4073;393.0000;0.7920;0;WO627209;345.39
2026/07/02;ENG-070;73;2026-01-04 01:00:00;642.0200;1581.3500;1407.8800;553.8200;2388.1100;9047.3000;47.3100;521.6000;2388.1000;8130.4300;8.4132;392.0000;1.0000;0;WO605102;1338.05
02-Jul-2026;eng-071;46;2026-01-02 22:00:00;642.1700;1579.2500;1403.7000;554.6100;2388.0500;9065.1300;47.2900;522.1500;2388.0300;8141.8000;8.4021;390.0000;1.0000;0;WO865833;2738.08
02-Jul-2026;eng-091;110;2026-01-05 14:00:00;642.8600;1589.5100;1408.7400;553.1400;2388.1000;9046.9200;47.5700;521.5900;2388.1300;8131.7400;8.4521;393.0000;1.0000;0;WO748133;1,041.46
2026/07/02;ENG-083;28;2026-01-02 04:00:00;642.1300;1586.4000;1405.5900;554.1000;2388.0900;9054.4000;47.3500;521.7800;2388.0000;8141.9400;8.4202;392.0000;1.0000;0;WO410948;250.79
2026/07/02;ENG-058;85;2026-01-04 13:00:00;642.7800;1588.8700;1398.8300;553.7000;2388.1000;9046.3400;47.2100;522.4700;2388.1000;8134.8300;8.4583;392.0000;1.0000;0;WO134786;1,414.70
02-Jul-2026;ENG-008;62;2026-01-03 14:00:00;642.7500;1586.8300;1408.7000;553.9500;2388.1400;9052.8700;47.4300;522.2100;2388.0800;8129.7100;8.4483;392.0000;;0;WO226569;2,471.33
2026/07/02;ENG-052;109;2026-01-05 13:00:00;642.1700;1583.9500;1394.9900;554.3400;2387.9900;9064.1100;47.0600;522.3800;2387.9600;8146.7300;8.4144;392.0000;0.8720;0;WO257109;1338.37
2026-07-02;ENG-097;51;2026-01-03 03:00:00;642.2600;1593.8100;1409.1100;553.6200;2387.9900;9061.4700;47.3800;522.6000;2388.0600;8150.1700;8.4037;393.0000;1.0000;0;WO684812;2,848.18
2026-07-02;ENG-053;99;2026-01-05 03:00:00;642.5700;1592.3100;1411.2800;554.2100;2388.0300;9064.9500;47.2100;521.9400;2388.0900;8144.7800;8.4228;393.0000;0.7280;0;WO412545;1306.14
2026-07-02;  ENG-064 ;101;2026-01-05 05:00:00;642.7900;1586.7300;1399.4500;553.5500;2388.0400;9059.1100;47.4500;521.3200;2388.0400;8138.8400;8.4289;392.0000;0.7600;0;WO395108;2,121.86
02-Jul-2026;ENG-061;95;2026-01-04 23:00:00;642.2000;1583.4400;1395.9700;553.8700;2388.0600;9079.3600;47.3200;521.9000;2388.0300;8147.9100;8.4445;393.0000;0.6800;0;WO211760;192.53
2026-07-02;  ENG-046 ;64;2026-01-03 16:00:00;642.3200;1582.1300;1403.7300;553.9900;2388.0500;9068.6100;47.4400;521.9600;2388.0300;8142.7500;8.3887;393.0000;1.0000;0;WO324402;2,637.08
2026-07-02;ENG-020;112;2026-01-05 16:00:00;642.7200;1587.3300;1411.7600;552.9800;2388.1100;9067.8300;47.6500;521.3000;2388.0000;8150.0600;8.4325;392.0000;0.7040;0;WO151486;2439.33
02-Jul-2026;ENG-006;47;2026-01-02 23:00:00;642.3000;1589.1500;1403.8700;553.3700;2388.1000;9054.8500;47.3300;521.3800;2388.0700;8133.5800;8.4323;392.0000;1.0000;0;WO563849;605.62
2026/07/02;ENG-077;81;2026-01-04 09:00:00;642.5500;1587.4300;1406.6500;553.7400;2388.0500;9048.3600;47.5300;521.7400;2388.0800;8132.3000;8.4102;394.0000;0.9200;0;WO861855;1761.66
2026/07/02;ENG-063;71;2026-01-03 23:00:00;642.4200;1587.9100;1407.6500;552.9100;2388.1100;9047.1000;47.4800;521.7100;2388.1300;8132.2800;8.4514;392.0000;1.0000;0;WO597627;1695.06
2026/07/02;  ENG-067 ;42;2026-01-02 18:00:00;642.1500;1590.4800;1404.2400;554.4000;2388.0200;9055.7500;47.3900;522.3000;2388.0000;8140.7300;8.4239;391.0000;0.8480;0;WO375433;1661.59
2026/07/02;ENG-097;48;2026-01-03 00:00:00;642.5800;1583.8900;1400.8400;554.4800;2387.9900;9067.4000;47.4100;521.5500;2388.0500;8141.6000;8.3827;391.0000;1.0000;0;WO512988;2671.34
2026/07/02;ENG-087;25;2026-01-02 01:00:00;641.7200;1587.2600;1398.3700;554.2000;2388.0100;9060.6400;47.1500;523.1300;2388.0000;8145.4100;8.4102;392.0000;1.0000;0;WO363138;1,795.41
2026/07/02;ENG-031;75;2026-01-04 03:00:00;643.0700;1581.5000;1397.9100;554.6300;2388.0700;9067.3200;47.3200;521.7500;2388.0300;8147.0800;8.4017;392.0000;1.0000;0;WO258399;
02-Jul-2026;ENG-031;101;2026-01-05 05:00:00;642.5700;1595.0900;1403.6200;554.1600;2388.0700;9077.6000;47.4400;521.9300;2387.9600;8152.9800;8.4204;392.0000;0.8240;0;WO329828;2976.71
2026-07-02;ENG-053;82;2026-01-04 10:00:00;642.2700;1577.0200;1399.4600;554.7300;2388.0500;9058.8400;47.3800;522.0200;2388.0900;8139.0400;8.4267;392.0000;0.8640;0;WO283326;311.21
2026-07-02;eng-024;66;2026-01-03 18:00:00;641.6500;1578.8600;1399.6500;553.9600;2387.9700;9064.6200;47.2900;522.3100;2387.9400;8148.1400;8.3996;391.0000;1.0000;0;WO646513;1004.71
02-Jul-2026;ENG-011;52;2026-01-03 04:00:00;642.9100;1596.8900;1406.2000;552.9400;2388.1600;9038.4100;47.6000;521.1200;2388.1700;8114.4000;8.4250;392.0000;1.0000;0;WO105123;1,746.37
2026/07/02;ENG-068;65;2026-01-03 17:00:00;642.4100;1584.3700;1401.8800;553.1500;2388.0900;9056.0100;47.2900;521.6000;2388.0400;8137.4900;8.4126;391.0000;1.0000;0;WO494420;213.12
2026/07/02;ENG-092;69;2026-01-03 21:00:00;643.0300;1590.3000;1410.5300;553.1800;2388.1600;9042.6600;47.7900;521.4100;2388.1700;8124.1700;8.4472;393.0000;0.8080;0;WO997696;1238.79
2026/07/02;eng-060;50;2026-01-03 02:00:00;642.0000;1592.6600;1407.9900;553.3900;2388.1100;9057.0100;47.4600;521.8400;2388.0900;8133.2500;8.4796;393.0000;1.0000;0;WO293402;2449.70
2026/07/02;ENG-049;127;2026-01-06 07:00:00;642.0900;1586.2300;1397.9900;553.9600;2388.0200;9056.2400;47.2200;522.3200;2388.0200;8147.4000;8.3685;392.0000;1.0000;0;WO307433;1350.58
2026/07/02;ENG-077;90;2026-01-04 18:00:00;642.3800;1587.0500;1400.3000;554.2900;2388.1000;9051.0600;47.3300;521.8500;2388.0900;8135.5600;8.4051;393.0000;0.8480;0;WO984908;515.59
2026/07/02;  ENG-073 ;63;2026-01-03 15:00:00;642.5900;1579.0800;1394.6500;554.3400;2388.0700;9047.6800;47.0300;522.2900;2388.0300;8135.5600;8.3928;392.0000;1.0000;0;WO165573;2,111.33
2026-07-02;ENG-093;151;2026-01-07 07:00:00;642.7400;1588.4900;1409.5900;553.1900;2388.0900;9060.3100;47.6000;521.0600;2388.1700;8145.0700;8.4651;394.0000;1.0000;0;WO835743;1644.84
2026-07-02;  ENG-035 ;109;2026-01-05 13:00:00;642.7200;1595.2100;1411.2400;554.0200;2388.2300;9056.6000;47.4000;521.5100;2388.1700;8134.6500;8.4586;391.0000;0.8000;0;WO884014;928.05
2026-07-02;eng-076;88;2026-01-04 16:00:00;642.1400;1588.7800;1400.3700;554.3700;2388.0400;9067.2000;47.3700;522.4800;2388.0600;8142.8500;8.4310;392.0000;1.0000;0;WO879758;1056.77
02-Jul-2026;ENG-001;18;2026-01-01 18:00:00;642.5900;1586.5300;1403.6900;553.5000;2388.0400;9048.1200;47.4400;522.1400;2388.0600;8133.2200;8.4323;391.0000;1.0000;0;WO602109;2462.68
02-Jul-2026;ENG-098;64;2026-01-03 16:00:00;642.9800;1593.3900;1412.3000;553.8700;2388.0800;9064.5200;47.5200;521.5300;2388.0800;8143.9200;8.4206;393.0000;0.9280;0;WO212692;1,199.24
2026-07-02;ENG-031;81;2026-01-04 09:00:00;642.1400;1586.3200;1403.2400;553.5400;2388.0500;9066.5300;47.4800;521.8300;2388.0100;8149.0500;8.4371;391.0000;0.9840;0;WO582693;1,388.80
2026/07/02;ENG-068;85;2026-01-04 13:00:00;642.7600;1590.4300;1400.5000;554.4400;2388.0700;9055.8400;47.4300;522.0600;2388.0200;8138.0300;8.4158;391.0000;0.8800;0;WO765428;2528.15
2026/07/02;ENG-045;86;2026-01-04 14:00:00;642.5800;1595.2000;1406.5100;552.9300;2388.1200;9060.6900;47.5500;521.7000;2388.1300;8142.5800;8.4559;393.0000;1.0000;0;WO731777;2450.19
2026-07-02;ENG-035;112;2026-01-05 16:00:00;642.4900;1589.0300;1412.2500;553.2300;2388.1100;9058.5300;47.7000;521.2400;2388.1600;8136.4700;8.4577;394.0000;0.7760;0;WO981804;365.40
2026/07/02;ENG-063;76;2026-01-04 04:00:00;642.6300;1587.2500;1407.9000;553.0600;2388.1300;9052.5700;47.5300;521.4700;2388.0600;8134.4700;8.4228;392.0000;1.0000;0;WO567164;2,410.62
02-Jul-2026;ENG-072;84;2026-01-04 12:00:00;642.6600;1589.1700;1396.2800;553.6400;2388.0500;9070.2000;47.2900;522.3200;2387.9700;8144.0500;8.4106;393.0000;0.7760;0;WO937761;884.47
2026-07-02;ENG-100;102;2026-01-05 06:00:00;641.8600;1586.6300;1407.8900;553.7700;2388.0300;9068.7500;47.2900;522.1100;2388.0100;8139.3800;8.4149;392.0000;0.9280;0;WO619089;911.55
2026/07/02;ENG-090;60;2026-01-03 12:00:00;642.0800;1584.0800;1397.8400;553.5800;2388.1100;9059.9200;47.3300;521.8600;2388.0600;8142.6600;8.4257;393.0000;0.9120;0;WO781638;
2026/07/02;ENG-048;52;2026-01-03 04:00:00;641.7700;1586.0800;1407.0400;553.6600;2388.0400;9054.5600;47.4000;521.9400;2388.0500;8139.2200;8.4256;394.0000;0.9440;0;WO917743;1223.60
2026-07-02;eng-071;27;2026-01-02 03:00:00;642.7500;1588.5300;1401.6800;553.9700;2388.0300;9073.5000;47.2400;522.1200;2388.0200;8151.1600;8.4096;391.0000;1.0000;0;WO462372;581.21
02-Jul-2026;eng-070;83;2026-01-04 11:00:00;642.0600;1582.5500;1395.0700;553.8300;2388.1200;9048.9600;47.3400;521.9300;2388.0600;8130.8400;8.4633;392.0000;1.0000;0;WO522128;2,069.01
02-Jul-2026;  ENG-017 ;104;2026-01-05 08:00:00;642.4400;1583.6200;1402.8300;553.8000;2388.0200;9069.8800;47.3900;522.2100;2388.0400;8150.5500;8.4165;393.0000;0.8880;0;WO118207;2410.83
02-Jul-2026;ENG-028;80;2026-01-04 08:00:00;642.7500;1581.6300;1403.3500;553.9900;2388.0800;9050.0800;47.3900;521.1400;2388.0400;8129.3800;8.4214;391.0000;1.0000;0;WO829821;1965.96
2026-07-02;ENG-093;84;2026-01-04 12:00:00;642.7800;1588.4800;1412.0700;553.7000;2388.1000;9062.9100;47.6500;521.4400;2388.0800;8134.2400;8.4364;393.0000;;0;WO336700;2464.32
2026-07-02;ENG-038;68;2026-01-03 20:00:00;643.1400;1591.6200;1402.7100;553.4100;2388.1000;9059.2400;47.7400;521.7500;2388.1100;8128.8700;8.4454;394.0000;0.8560;0;WO200681;2289.76
02-Jul-2026;ENG-017;77;2026-01-04 05:00:00;642.2000;1584.5300;1400.4400;554.2700;2387.9700;9066.7100;47.3400;521.9400;2388.0200;8151.8800;8.3998;390.0000;1.0000;0;WO364248;2260.98
02-Jul-2026;ENG-010;84;2026-01-04 12:00:00;641.6300;1590.0000;1402.0000;553.6300;2388.0200;9059.9800;47.1500;522.3600;2388.0000;8144.4800;8.3805;393.0000;1.0000;0;WO876665;1,790.17
02-Jul-2026;ENG-011;39;2026-01-02 15:00:00;641.9700;1590.6200;1415.2400;552.9900;2388.1500;9038.8600;47.6900;521.3300;2388.1000;8121.3700;8.4684;392.0000;1.0000;0;WO589761;2,497.32
2026-07-02;ENG-065;27;2026-01-02 03:00:00;642.5800;1586.6300;1401.6100;554.3300;2388.0300;9066.2100;47.1300;522.3200;2388.0500;8143.4800;8.4200;392.0000;1.0000;0;WO853401;208.53
2026-07-02;ENG-070;86;2026-01-04 14:00:00;642.7600;1583.7400;1410.6300;553.8700;2388.0800;9056.7900;47.5300;521.3000;2388.1200;8131.5100;8.4285;393.0000;1.0000;0;WO446734;1848.98
2026-07-02;ENG-072;49;2026-01-03 01:00:00;642.1200;1586.2300;1405.8300;554.2100;2388.0100;9063.8800;47.1200;522.1400;2388.0600;8141.3400;8.3756;393.0000;1.0000;0;WO970172;554.50
2026-07-02;ENG-037;80;2026-01-04 08:00:00;642.3200;1592.1600;1403.9600;553.3200;2388.0600;9052.6200;47.2800;521.5200;2388.0600;8132.4700;8.4348;391.0000;0.4960;0;WO972560;1,757.40
2026-07-02;ENG-046;95;2026-01-04 23:00:00;642.7100;1595.1600;1404.5600;553.0100;2388.1200;9066.8800;47.6500;521.6200;2388.0800;8147.6600;8.4144;392.0000;0.7840;0;WO893995;784.04
2026-07-02;  ENG-056 ;53;2026-01-03 05:00:00;642.7300;1599.6700;1413.2100;553.6400;2388.1600;9041.2200;47.5300;521.0700;2388.1000;8124.1400;8.4377;393.0000;0.7840;0;WO483807;1954.92
2026/07/02;ENG-049;159;2026-01-07 15:00:00;642.4500;1576.6600;1401.1400;554.1900;2388.0500;9058.1200;47.2700;521.5300;2388.0300;8140.7700;8.3982;390.0000;1.0000;0;WO221555;1,857.78
02-Jul-2026;  ENG-015 ;46;2026-01-02 22:00:00;642.7900;1583.9100;1402.8500;554.1100;2388.0700;9062.3800;47.1800;522.0000;2388.0700;8135.6300;8.3697;392.0000;0.9040;0;WO667037;2445.39
2026/07/02;ENG-010;104;2026-01-05 08:00:00;642.7600;1578.1800;1398.4100;553.7800;2388.0600;9068.4800;47.3600;522.0000;2388.0700;8145.4500;8.4113;394.0000;1.0000;0;WO619923;2624.93
2026-07-02;ENG-068;98;2026-01-05 02:00:00;642.4800;1589.4600;1403.1800;553.8900;2388.0900;9059.6000;47.3700;521.0600;2388.1000;8141.7400;8.4134;392.0000;0.7760;0;WO606028;274.62
2026-07-02;  ENG-076 ;123;2026-01-06 03:00:00;642.4400;1590.4100;1406.3400;553.2300;2388.0200;9064.5900;47.3500;522.0800;2388.1300;8143.1600;8.4296;393.0000;0.7360;0;WO351921;575.96
02-Jul-2026;ENG-077;66;2026-01-03 18:00:00;642.2300;1591.6800;1402.2400;554.2500;2388.0500;9055.4900;47.3000;521.9400;2388.0200;8134.3100;8.3818;391.0000;1.0000;0;WO552960;2709.06
2026-07-02;ENG-030;59;2026-01-03 11:00:00;642.6700;1582.2600;1401.5500;553.0100;2388.1400;9044.2100;47.3400;521.7900;2388.0800;8124.6100;8.4503;394.0000;1.0000;0;WO723667;390.27
2026-07-02;ENG-090;85;2026-01-04 13:00:00;642.4300;1589.9500;1409.9900;552.3100;2388.1200;9055.3700;47.3600;521.5600;2388.1300;8141.7100;8.4564;393.0000;0.7120;0;WO513029;2853.34
2026-07-02;  ENG-007 ;103;2026-01-05 07:00:00;642.7700;1586.1600;1410.8400;553.9500;2388.0300;9057.6900;47.1800;522.4200;2388.0300;8142.2100;8.3957;392.0000;1.0000;0;WO278737;1917.67
2026/07/02;ENG-057;89;2026-01-04 17:00:00;642.3400;1585.5700;1410.3900;553.6200;2388.0600;9044.4000;47.4200;521.8400;2388.1000;8131.1200;8.4228;391.0000;1.0000;0;WO384769;856.57
2026/07/02;ENG-035;91;2026-01-04 19:00:00;643.1500;1592.4300;1411.6500;552.5000;2388.1300;9055.8600;47.4500;521.6900;2388.1300;8135.9700;8.4770;394.0000;0.9440;0;WO507579;
2026-07-02;ENG-077;93;2026-01-04 21:00:00;642.9200;1594.4300;1406.9200;553.4100;2388.1000;9044.8300;47.4300;521.8600;2388.0900;8135.8700;8.4349;391.0000;0.8240;0;WO435286;2733.46
02-Jul-2026;eng-077;94;2026-01-04 22:00:00;642.2700;1584.2600;1404.8100;553.2900;2388.0400;9047.7900;47.3000;522.0400;2388.1000;8132.6200;8.4341;395.0000;0.8160;0;WO944860;96.24
02-Jul-2026;ENG-068;82;2026-01-04 10:00:00;642.1400;1583.7900;1405.2800;553.5500;2388.0700;9061.9500;47.4100;521.3300;2388.0300;8139.4000;8.4149;393.0000;0.9040;0;WO821710;2917.57
02-Jul-2026;ENG-086;49;2026-01-03 01:00:00;642.3600;1586.6800;1403.1300;553.7700;2388.0900;9057.7600;47.2300;521.7300;2388.1200;8137.1900;8.4456;393.0000;1.0000;0;WO292191;591.61
02-Jul-2026;  ENG-031 ;102;2026-01-05 06:00:00;642.8500;1591.9500;1411.8400;553.2400;2388.0600;9063.3600;47.4700;521.3700;2388.0800;8153.2400;8.4389;394.0000;0.8160;0;WO946054;688.28
2026-07-02;  ENG-013 ;86;2026-01-04 14:00:00;642.3500;1579.2500;1395.3500;554.0700;2388.0300;9063.2000;47.3600;522.1600;2388.0600;8147.7100;8.4050;391.0000;1.0000;0;WO273172;2,875.04
2026/07/02;ENG-086;42;2026-01-02 18:00:00;642.3300;1589.8200;1398.3700;553.9800;2388.0800;9064.8700;47.5000;521.0300;2388.0500;8137.1900;8.4273;394.0000;1.0000;0;WO329323;1847.37
2026-07-02;ENG-048;41;2026-01-02 17:00:00;642.3400;1588.4200;1405.3400;553.4500;2388.0500;9056.6400;47.4300;521.7900;2388.1200;8134.6000;8.4060;392.0000;1.0000;0;WO745677;1,846.57
2026-07-02;ENG-057;59;2026-01-03 11:00:00;642.3600;1588.3800;1404.9900;553.6800;2388.1200;9048.9700;47.6300;521.3100;2388.0500;8127.9500;8.4291;392.0000;1.0000;0;WO534789;1178.50
2026-07-02;ENG-020;72;2026-01-04 00:00:00;642.4300;1594.2100;1402.2000;554.1500;2388.0500;9062.5100;47.7300;521.9900;2388.0500;8145.8900;8.4727;393.0000;1.0000;0;WO900314;
2026-07-02;eng-049;180;2026-01-08 12:00:00;642.1200;1587.4600;1405.8500;554.0100;2388.1000;9053.2800;47.2300;522.1400;2387.9900;8141.7500;8.4210;392.0000;1.0000;0;WO268942;745.60
2026-07-02;ENG-065;42;2026-01-02 18:00:00;642.2600;1585.8100;1396.0100;554.5000;2388.0300;9062.9500;47.2400;522.4800;2388.0100;8150.9400;8.3990;392.0000;1.0000;0;WO542321;713.49
02-Jul-2026;eng-076;76;2026-01-04 04:00:00;642.3400;1587.2100;1400.0900;554.4900;2388.0100;9056.7300;47.2800;522.1000;2387.9700;8143.9000;8.4222;392.0000;1.0000;0;WO896021;2728.37
02-Jul-2026;ENG-024;100;2026-01-05 04:00:00;642.5500;1586.7200;1400.7100;554.6500;2387.9700;9081.3800;47.2200;521.6800;2387.9900;8156.6500;8.4137;391.0000;0.8480;0;WO605487;450.44
02-Jul-2026;ENG-049;111;2026-01-05 15:00:00;642.0800;1585.6200;1399.3600;554.7200;2388.0200;9056.3500;47.2600;522.3600;2388.0100;8141.5300;8.3578;390.0000;1.0000;0;WO608130;2521.03
02-Jul-2026;  ENG-020 ;69;2026-01-03 21:00:00;641.9300;1585.7400;1409.6800;553.3900;2388.0900;9066.4300;47.4000;521.8500;2388.0300;8144.7600;8.3856;392.0000;1.0000;0;WO686406;1,010.83
2026/07/02;ENG-074;60;2026-01-03 12:00:00;642.3000;1582.7000;1403.0900;554.1600;2388.0900;9064.8200;47.4500;521.9900;2388.0800;8137.7400;8.4398;392.0000;1.0000;0;WO474882;2136.58
2026-07-02;ENG-052;91;2026-01-04 19:00:00;641.6300;1591.7300;1396.7400;554.7500;2388.0400;9049.2500;47.1900;522.4600;2387.9700;8136.6100;8.3910;391.0000;1.0000;0;WO839960;2218.39
2026-07-02;ENG-035;106;2026-01-05 10:00:00;641.9600;1585.5200;1410.3300;553.8700;2388.1400;9059.3000;47.5200;521.6900;2388.1100;8138.2700;8.4349;394.0000;0.8240;0;WO937116;2697.27
02-Jul-2026;  ENG-077 ;99;2026-01-05 03:00:00;642.1100;1585.5500;1408.2100;553.3400;2388.0700;9050.3900;47.3400;521.7100;2388.0400;8135.1700;8.3881;392.0000;0.7760;0;WO476859;2920.50
2026-07-02;  ENG-099 ;55;2026-01-03 07:00:00;642.2000;1587.8200;1395.2900;554.6600;2387.9800;9058.0100;47.0500;522.0500;2388.0000;8140.3200;8.4041;393.0000;1.0000;0;WO795868;2,389.65
02-Jul-2026;  ENG-091 ;151;2026-01-07 07:00:00;642.5200;1597.5100;1414.9900;552.7100;2388.1300;9050.6200;47.6800;520.7800;2388.1400;8130.6200;8.4399;394.0000;0.9680;0;WO416027;1,780.80
2026/07/02;ENG-025;19;2026-01-01 19:00:00;642.6300;1581.3700;1404.0600;553.5000;2388.0400;9043.5700;47.4000;522.1900;2388.1000;8125.8700;8.4553;393.0000;;0;WO847815;2823.21
2026-07-02;ENG-020;103;2026-01-05 07:00:00;642.2900;1584.9300;1399.2700;553.6800;2388.0400;9065.1400;47.3100;522.3600;2388.0500;8143.1400;8.4214;392.0000;0.7760;0;WO423330;1759.74
2026/07/02;ENG-061;103;2026-01-05 07:00:00;642.4600;1590.3200;1404.6500;554.1100;2388.1200;9061.1500;47.3100;521.8800;2388.0500;8149.7600;8.4199;392.0000;0.6160;0;WO246115;1,587.82
2026/07/02;  ENG-070 ;100;2026-01-05 04:00:00;643.0600;1589.2200;1409.3400;552.6900;2388.0600;9052.6300;47.6000;521.8000;2388.0800;8129.4900;8.4078;394.0000;1.0000;0;WO778970;538.12
2026/07/02;ENG-100;114;2026-01-05 18:00:00;642.2100;1583.1700;1398.2400;553.9300;2388.0800;9064.9700;47.3100;522.2000;2388.0500;8146.3700;8.4234;393.0000;0.8320;0;WO126587;1104.08
2026-07-02;ENG-049;123;2026-01-06 03:00:00;642.2000;1581.5100;1398.8400;553.8100;2388.0500;9063.1100;47.2100;522.4900;2388.0800;8140.0300;8.3919;392.0000;1.0000;0;WO378402;2,928.54
2026-07-02;ENG-054;59;2026-01-03 11:00:00;642.4700;1587.9500;1396.3600;554.6200;2387.9700;9057.3300;47.2300;522.6800;2388.0600;8140.4000;8.3905;391.0000;1.0000;0;WO773666;1,582.12
2026/07/02;eng-086;45;2026-01-02 21:00:00;642.3100;1592.8500;1407.9600;553.7800;2388.0800;9056.8000;47.3800;522.0300;2388.0800;8143.8300;8.4246;392.0000;1.0000;0;WO284737;2830.59
2026/07/02;ENG-084;112;2026-01-05 16:00:00;642.4900;1593.5300;1410.2900;553.5600;2388.1200;9050.8700;47.3300;521.5700;2388.1000;8139.1900;8.4166;392.0000;0.9440;0;WO490418;2077.38
02-Jul-2026;ENG-077;73;2026-01-04 01:00:00;642.3100;1589.3000;1406.7200;553.7200;2388.0700;9056.0600;47.4200;522.1500;2388.0900;8131.5400;8.3993;393.0000;0.9840;0;WO149370;2514.19
2026-07-02;ENG-024;90;2026-01-04 18:00:00;642.1200;1579.8200;1394.8200;554.5800;2388.0200;9067.0600;47.3800;521.8200;2388.0000;8152.8800;8.4159;390.0000;0.9280;0;WO580755;531.54
2026/07/02;ENG-089;88;2026-01-04 16:00:00;642.4200;1590.5200;1408.3300;553.5400;2388.1000;9047.3600;47.5500;521.4800;2388.1000;8129.3500;8.3983;392.0000;1.0000;0;WO830727;
2026-07-02;  ENG-084 ;62;2026-01-03 14:00:00;642.5400;1585.8700;1404.9700;553.9700;2388.1400;9047.3900;47.3200;521.7900;2388.0200;8140.4300;8.4109;391.0000;1.0000;0;WO117071;
02-Jul-2026;ENG-007;60;2026-01-03 12:00:00;642.0200;1585.8600;1396.4300;554.6400;2387.9800;9054.8800;47.1600;522.4200;2388.0500;8140.4500;8.3849;393.0000;1.0000;0;WO205441;1040.76
2026/07/02;ENG-055;65;2026-01-03 17:00:00;642.1500;1589.1700;1404.8100;553.7100;2388.0600;9058.9400;47.2300;521.4800;2388.0600;8135.6800;8.4130;391.0000;1.0000;0;WO640834;586.22
02-Jul-2026;ENG-054;54;2026-01-03 06:00:00;642.3300;1582.8400;1393.2700;554.6700;2388.0600;9047.0400;47.1600;522.7400;2387.9900;8137.9700;8.3727;391.0000;1.0000;0;WO497128;2,162.63
2026-07-02;ENG-029;64;2026-01-03 16:00:00;642.3000;1575.8500;1399.7600;554.5000;2388.0200;9055.2600;47.2300;521.7400;2388.0200;8138.1900;8.4241;393.0000;1.0000;0;WO559907;261.87
2026/07/02;ENG-031;92;2026-01-04 20:00:00;642.1600;1588.2000;1410.4100;553.2400;2388.0000;9064.6600;47.4800;521.9600;2388.0300;8151.5100;8.4188;392.0000;0.8960;0;WO319299;1148.51
2026-07-02;  ENG-010 ;86;2026-01-04 14:00:00;642.5400;1583.4700;1397.4600;554.4100;2388.0500;9062.7900;47.1000;522.4000;2388.0000;8141.5400;8.4189;390.0000;1.0000;0;WO813123;325.07
02-Jul-2026;  ENG-094 ;67;2026-01-03 19:00:00;642.5500;1589.2400;1403.0800;553.8200;2388.1300;9060.9600;47.5400;521.8200;2388.1400;8137.8700;8.4788;393.0000;0.9680;0;WO614213;825.00
2026-07-02;ENG-006;58;2026-01-03 10:00:00;642.4300;1588.6000;1397.5600;553.5600;2388.0800;9054.9800;47.5200;521.6400;2388.0900;8137.1000;8.3716;392.0000;1.0000;0;WO773126;1,640.28
02-Jul-2026;ENG-012;101;2026-01-05 05:00:00;641.7300;1581.5600;1401.4400;554.8000;2388.0300;9056.9100;47.1400;522.2800;2388.0400;8138.8000;8.4194;393.0000;1.0000;0;WO972886;
2026-07-02;ENG-035;99;2026-01-05 03:00:00;643.1800;1588.6000;1408.2100;553.4700;2388.1700;9049.7900;47.5500;520.8900;2388.1000;8131.7200;8.4698;393.0000;0.8800;0;WO114440;2,658.43
2026/07/02;ENG-038;52;2026-01-03 04:00:00;642.8500;1592.9800;1409.2900;552.9600;2388.1600;9053.6600;47.5200;521.2500;2388.1000;8131.5300;8.4478;393.0000;0.9840;0;WO440213;2452.40
2026/07/02;ENG-073;47;2026-01-02 23:00:00;641.7900;1590.0300;1397.8000;553.6400;2388.1000;9047.6100;47.3600;522.0200;2388.0400;8140.3300;8.3857;391.0000;1.0000;0;WO681698;
2026-07-02;ENG-031;91;2026-01-04 19:00:00;643.0400;1582.5300;1402.7400;553.8900;2388.0600;9085.6800;47.3500;521.6700;2388.0400;8147.7800;8.4365;392.0000;0.9040;0;WO781052;
2026-07-02;ENG-036;43;2026-01-02 19:00:00;642.6900;1594.4800;1411.8900;553.7900;2388.1500;9060.2500;47.5700;521.3900;2388.0900;8139.1900;8.4322;394.0000;0.8160;0;WO149237;1,317.58
02-Jul-2026;ENG-094;80;2026-01-04 08:00:00;643.4500;1584.5700;1405.8800;553.0900;2388.1200;9062.2700;47.4800;520.8600;2388.1300;8134.1300;8.4422;394.0000;0.8640;0;WO680456;1859.46
02-Jul-2026;eng-063;75;2026-01-04 03:00:00;642.7400;1586.5900;1408.4300;553.8500;2388.0900;9048.4400;47.5300;521.3100;2388.1600;8122.5900;8.4448;393.0000;;0;WO218242;1,795.08
2026/07/02;ENG-043;100;2026-01-05 04:00:00;642.8000;1586.6400;1405.8300;553.5700;2388.1400;9046.3200;47.3600;521.9300;2388.1200;8134.5400;8.4361;392.0000;1.0000;0;WO993329;1,693.20
02-Jul-2026;ENG-090;70;2026-01-03 22:00:00;642.3800;1596.0600;1401.4600;553.5500;2388.1200;9048.1500;47.4500;522.1100;2388.1000;8137.8300;8.4205;393.0000;0.8320;0;WO426625;1287.22
2026-07-02;ENG-077;108;2026-01-05 12:00:00;642.6300;1583.2300;1406.9300;553.0600;2388.0700;9044.3100;47.3700;521.7800;2388.0700;8131.4100;8.4148;392.0000;0.7040;0;WO407385;1912.16
02-Jul-2026;ENG-030;62;2026-01-03 14:00:00;642.4500;1589.8300;1405.7800;553.2700;2388.1100;9051.1500;47.3500;520.8500;2388.1100;8133.4100;8.4329;393.0000;1.0000;0;WO560954;2750.16
02-Jul-2026;ENG-070;92;2026-01-04 20:00:00;642.2800;1587.8800;1409.0500;553.1300;2388.0700;9048.0100;47.3400;521.7500;2388.1000;8124.3400;8.4372;392.0000;1.0000;0;WO475676;1,697.15
2026-07-02;ENG-012;117;2026-01-05 21:00:00;642.4700;1582.1400;1400.3500;554.2600;2388.0300;9055.3500;47.0800;522.2100;2388.0200;8140.0000;8.4162;391.0000;1.0000;0;WO478108;863.83
2026-07-02;eng-074;57;2026-01-03 09:00:00;642.7300;1587.4700;1405.9300;554.0800;2388.0800;9057.7400;47.3200;521.9200;2388.0500;8138.4600;8.4413;394.0000;1.0000;0;WO715252;1273.25
2026-07-02;ENG-049;199;2026-01-09 07:00:00;642.5600;1587.5400;1400.2700;554.1100;2388.1200;9060.2000;47.4100;522.0600;2388.0300;8140.8500;8.4639;391.0000;1.0000;0;WO317288;1368.00
2026/07/02;ENG-040;61;2026-01-03 13:00:00;642.3300;1594.2200;1416.6700;552.6500;2388.1600;9053.1400;47.7400;521.2800;2388.0500;8140.8100;8.4346;394.0000;0.8000;0;WO414659;682.06
02-Jul-2026;ENG-036;48;2026-01-03 00:00:00;642.9800;1583.6900;1416.7200;552.5100;2388.1200;9065.0400;47.6900;521.2000;2388.1400;8136.9200;8.4582;393.0000;0.7760;0;WO159243;2,876.94
2026-07-02;ENG-089;103;2026-01-05 07:00:00;643.2800;1595.1400;1411.7700;552.5300;2388.0500;9045.3200;47.4300;521.4700;2388.0200;8126.9500;8.4421;392.0000;1.0000;0;WO129918;2151.74
2026/07/02;ENG-012;86;2026-01-04 14:00:00;641.8700;1583.5000;1401.8400;554.5000;2388.0000;9057.5900;47.3700;521.9600;2388.0200;8140.8800;8.4225;392.0000;1.0000;0;WO331290;2,848.22
2026/07/02;ENG-058;62;2026-01-03 14:00:00;642.4200;1580.9200;1396.5500;553.7300;2388.0300;9045.4900;47.3300;521.9100;2388.1200;8134.4400;8.4329;392.0000;1.0000;0;WO903095;2575.98
2026/07/02;ENG-036;52;2026-01-03 04:00:00;643.2800;1586.7700;1410.8600;552.5700;2388.1000;9062.4700;47.5300;520.9400;2388.1400;8139.9300;8.4317;391.0000;0.7440;0;WO284700;1402.23
2026/07/02;  ENG-093 ;129;2026-01-06 09:00:00;642.9100;1595.5100;1414.0900;553.4400;2388.1000;9058.9400;47.8100;520.9400;2388.1100;8139.3200;8.4429;394.0000;1.0000;0;WO746585;1397.05
2026-07-02;ENG-029;70;2026-01-03 22:00:00;642.3200;1589.9500;1402.9000;554.4200;2388.0900;9059.3300;47.2400;521.9100;2388.0200;8139.2300;8.3606;392.0000;1.0000;0;WO303300;643.70
02-Jul-2026;ENG-008;82;2026-01-04 10:00:00;642.2500;1585.6100;1404.2100;553.2500;2388.1300;9050.1700;47.6300;521.3700;2388.1100;8127.3800;8.4198;392.0000;1.0000;0;WO844045;1,763.74
2026-07-02;ENG-036;50;2026-01-03 02:00:00;642.8000;1589.4500;1405.7500;553.1500;2388.1000;9057.6400;47.5200;522.0500;2388.1800;8137.7500;8.4419;393.0000;0.7600;0;WO811726;2,265.47
2026-07-02;ENG-090;94;2026-01-04 22:00:00;642.3900;1585.9500;1405.5500;553.0200;2388.1100;9062.3900;47.4100;521.0200;2388.1000;8144.6100;8.4448;394.0000;0.6400;0;WO155274;2964.07
2026-07-02;ENG-028;101;2026-01-05 05:00:00;642.6100;1583.9000;1401.3600;553.2600;2388.1000;9049.5200;47.5200;521.8100;2388.0800;8132.8600;8.4640;391.0000;1.0000;0;WO728721;1271.56
02-Jul-2026;ENG-090;87;2026-01-04 15:00:00;642.4700;1582.0800;1407.0800;553.7500;2388.1500;9064.0500;47.6400;521.7300;2388.1200;8141.2200;8.4330;391.0000;0.6960;0;WO280601;2391.26
2026/07/02;  ENG-093 ;87;2026-01-04 15:00:00;642.3000;1587.0900;1409.9100;552.3600;2388.1100;9057.0700;47.6300;521.0600;2388.1200;8138.0200;8.4645;394.0000;1.0000;0;WO274930;707.62
2026-07-02;  ENG-057 ;102;2026-01-05 06:00:00;643.0400;1588.7000;1403.0300;554.2400;2388.0900;9050.5800;47.4200;521.7000;2388.1400;8129.4000;8.4347;392.0000;1.0000;0;WO418389;399.56
02-Jul-2026;ENG-094;58;2026-01-03 10:00:00;642.8000;1585.3000;1411.0700;553.9800;2388.1300;9058.7300;47.3200;521.6500;2388.1200;8137.1000;8.4187;395.0000;1.0000;0;WO953603;91.41
02-Jul-2026;ENG-020;84;2026-01-04 12:00:00;642.2300;1582.4800;1407.8600;553.9300;2388.0300;9062.0100;47.3000;521.4000;2388.0600;8146.3100;8.4318;393.0000;0.9280;0;WO657902;
2026/07/02;ENG-010;101;2026-01-05 05:00:00;642.4700;1585.3300;1398.1400;554.2400;2388.0100;9054.7900;47.3000;522.5100;2388.0400;8146.9100;8.4132;392.0000;1.0000;0;WO956715;967.29
02-Jul-2026;ENG-019;46;2026-01-02 22:00:00;641.9200;1585.9900;1390.9300;554.2900;2387.9800;9052.6800;47.2400;522.6500;2388.0100;8141.9900;8.3868;392.0000;1.0000;0;WO640458;80.00
2026-07-02;eng-093;136;2026-01-06 16:00:00;642.5600;1586.5300;1408.8400;552.8300;2388.0600;9064.2400;47.4200;521.1300;2388.1100;8139.1300;8.4456;394.0000;1.0000;0;WO153357;1405.35
2026/07/02;  ENG-051 ;66;2026-01-03 18:00:00;642.9000;1584.4100;1404.0900;553.8100;2388.0900;9045.3700;47.4300;522.0700;2388.1200;8129.5700;8.4296;393.0000;1.0000;0;WO816185;535.99
02-Jul-2026;ENG-091;100;2026-01-05 04:00:00;642.6900;1592.0200;1411.0300;552.6500;2388.1700;9045.5200;47.5100;521.1700;2388.1200;8135.1200;8.4665;392.0000;1.0000;0;WO663842;1285.09
02-Jul-2026;  ENG-012 ;118;2026-01-05 22:00:00;642.1300;1592.8700;1403.1000;554.0600;2388.0200;9057.2200;47.2700;522.3500;2387.9700;8140.0800;8.3962;390.0000;1.0000;0;WO479390;1271.75
02-Jul-2026;ENG-089;77;2026-01-04 05:00:00;642.0900;1596.1500;1402.9000;553.6100;2388.1000;9036.2500;47.4000;521.8700;2388.1100;8127.5200;8.4543;392.0000;1.0000;0;WO157024;1,475.22
02-Jul-2026;ENG-049;120;2026-01-06 00:00:00;642.4500;1584.2400;1399.3400;554.4500;2387.9900;9064.8200;47.1900;522.4100;2388.0400;8141.3900;8.4196;392.0000;1.0000;0;WO625298;545.02
2026/07/02;ENG-005;56;2026-01-03 08:00:00;642.7600;1584.7100;1403.8100;553.4000;2388.0800;9055.3100;47.4100;521.6900;2388.1200;8131.9300;8.4274;394.0000;1.0000;0;WO296646;2507.22
02-Jul-2026;ENG-100;70;2026-01-03 22:00:00;642.0400;1579.8300;1406.0600;553.9900;2388.0500;9059.4000;47.3300;522.3000;2388.0100;8140.5200;8.4552;392.0000;1.0000;0;WO788850;2446.34
02-Jul-2026;ENG-018;59;2026-01-03 11:00:00;642.5500;1584.6500;1402.5100;554.4200;2388.0000;9060.1700;47.3600;521.6700;2388.0200;8146.5200;8.4482;393.0000;0.8160;0;WO818517;1,186.76
02-Jul-2026;ENG-028;62;2026-01-03 14:00:00;642.5100;1588.3100;1410.3200;554.0400;2388.1200;9045.5500;47.4900;521.7800;2388.0800;8124.6700;8.4397;392.0000;1.0000;0;WO278938;706.95
2026/07/02;ENG-019;59;2026-01-03 11:00:00;642.2500;1582.9500;1403.5800;553.9700;2388.0000;9055.8500;47.3000;522.1000;2387.9700;8140.5300;8.4303;390.0000;1.0000;0;WO376342;924.68
2026-07-02;ENG-052;110;2026-01-05 14:00:00;642.2600;1592.9500;1395.7900;554.5400;2388.0400;9064.8400;47.3200;522.9200;2388.0100;8144.8900;8.3948;391.0000;0.8640;0;WO933272;510.98
02-Jul-2026;ENG-059;36;2026-01-02 12:00:00;642.2500;1582.2500;1398.3000;554.0500;2387.9900;9054.1100;47.3000;522.6400;2387.9700;8135.3700;8.4124;392.0000;1.0000;0;WO745644;555.25
2026-07-02;  ENG-013 ;90;2026-01-04 18:00:00;642.6000;1594.8000;1393.8600;554.2500;2388.0600;9061.3300;47.2300;522.3100;2388.0600;8142.5100;8.3992;392.0000;1.0000;0;WO543543;2,927.64
2026-07-02;ENG-045;95;2026-01-04 23:00:00;642.7700;1590.0600;1414.7600;553.8700;2388.1100;9061.1400;47.5400;521.6200;2388.0800;8142.9600;8.4433;392.0000;1.0000;0;WO702047;2731.33
2026/07/02;ENG-063;97;2026-01-05 01:00:00;643.2600;1585.6700;1403.1000;553.8200;2388.0800;9052.9800;47.5900;521.3400;2388.0800;8129.8300;8.4363;391.0000;1.0000;0;WO841880;970.92
2026-07-02;ENG-092;75;2026-01-04 03:00:00;643.1400;1594.3600;1411.6200;553.2500;2388.1500;9043.2200;47.5000;520.6100;2388.1700;8124.4500;8.4771;393.0000;0.7600;0;WO718249;2,790.60
2026-07-02;ENG-050;42;2026-01-02 18:00:00;641.5300;1581.7600;1400.1000;554.1700;2388.0000;9062.2800;47.2300;521.6900;2388.0400;8148.5100;8.4231;393.0000;0.8880;0;WO295386;1122.18
2026-07-02;ENG-012;77;2026-01-04 05:00:00;642.3400;1580.8600;1398.7200;554.1000;2388.0700;9059.9700;47.1000;522.4700;2388.0300;8134.4900;8.4180;393.0000;1.0000;0;WO974462;2104.60
2026/07/02;eng-017;82;2026-01-04 10:00:00;642.3400;1585.0700;1409.0300;554.9300;2387.9900;9074.1200;47.3400;521.7400;2388.0500;8152.6100;8.3870;392.0000;1.0000;0;WO620461;2626.60
02-Jul-2026;ENG-091;116;2026-01-05 20:00:00;642.7900;1594.2600;1406.3200;553.0600;2388.1200;9051.7000;47.5200;522.0900;2388.1100;8129.5600;8.4424;393.0000;1.0000;0;WO823801;791.45
2026-07-02;ENG-024;69;2026-01-03 21:00:00;641.8700;1586.7400;1395.7600;553.9400;2388.0200;9069.8500;47.2600;522.6000;2388.0300;8152.1300;8.4102;393.0000;1.0000;0;WO856770;1050.35
2026/07/02;  ENG-062 ;107;2026-01-05 11:00:00;641.8900;1584.1900;1395.1700;555.3800;2387.9700;9054.4200;47.2100;522.3400;2387.9800;8138.9800;8.4286;392.0000;1.0000;0;WO494548;2,067.81
2026-07-02;ENG-007;83;2026-01-04 11:00:00;642.4900;1585.9700;1397.4600;554.6300;2388.0400;9057.8200;47.3700;522.0600;2388.0200;8144.4400;8.4057;391.0000;1.0000;0;WO627333;275.65
2026/07/02;eng-029;112;2026-01-05 16:00:00;642.5200;1588.0400;1400.4500;553.8100;2388.0600;9064.8400;47.2600;522.0000;2388.0500;8137.9300;8.4402;392.0000;1.0000;0;WO407059;
02-Jul-2026;ENG-019;83;2026-01-04 11:00:00;642.1500;1582.1700;1401.2800;554.1200;2388.0300;9056.7600;47.4900;521.5500;2388.0900;8137.5300;8.4498;390.0000;1.0000;0;WO985574;1738.74
2026-07-02;ENG-006;49;2026-01-03 01:00:00;642.6500;1592.8800;1401.0900;553.3600;2388.0800;9050.9800;47.4200;521.1900;2388.0700;8131.8100;8.4288;391.0000;1.0000;0;WO817340;375.59
2026-07-02;ENG-041;59;2026-01-03 11:00:00;642.1900;1578.2300;1401.0100;553.7900;2388.0400;9057.2800;47.4000;522.1400;2388.0700;8136.9500;8.3650;393.0000;0.6560;0;WO110651;60.31
2026/07/02;  ENG-035 ;128;2026-01-06 08:00:00;643.2700;1597.3300;1405.6100;552.7700;2388.2000;9060.6900;47.7400;521.4200;2388.1400;8137.0000;8.4837;394.0000;0.6480;0;WO491040;1,942.20
2026/07/02;ENG-007;99;2026-01-05 03:00:00;642.4700;1588.4600;1398.6300;554.2300;2388.0800;9052.6100;47.2500;522.3900;2388.0700;8144.2200;8.3796;392.0000;1.0000;0;WO409438;1185.52
2026/07/02;ENG-066;85;2026-01-04 13:00:00;642.7200;1594.7100;1405.8100;553.4400;2388.0600;9071.3000;47.5300;521.9000;2388.0800;8146.3800;8.4635;394.0000;0.6080;0;WO890933;673.85
02-Jul-2026;ENG-043;72;2026-01-04 00:00:00;642.4700;1586.8100;1405.1500;553.2100;2388.1000;9051.8500;47.3500;521.6000;2388.0500;8134.7100;8.4159;392.0000;1.0000;0;WO771541;
2026/07/02;  ENG-080 ;62;2026-01-03 14:00:00;642.0600;1581.8900;1402.2100;553.7600;2388.0400;9065.7100;47.3600;521.6300;2388.0000;8144.0000;8.4115;394.0000;1.0000;0;WO546770;1,587.36
2026-07-02;ENG-008;103;2026-01-05 07:00:00;641.8800;1595.3900;1405.5900;553.2800;2388.1700;9048.4400;47.4600;521.5600;2388.1200;8129.5800;8.4068;391.0000;1.0000;0;WO470466;956.26
02-Jul-2026;ENG-004;62;2026-01-03 14:00:00;642.6100;1586.5500;1404.6800;552.9400;2388.0900;9055.2000;47.6000;522.0500;2388.0700;8131.3700;8.4526;394.0000;1.0000;0;WO726227;368.68
2026-07-02;ENG-052;94;2026-01-04 22:00:00;641.9000;1582.3700;1403.2800;554.6400;2388.0100;9064.5100;47.1000;522.5100;2388.0200;8140.1000;8.3820;392.0000;0.9920;0;WO308129;1162.18
02-Jul-2026;ENG-096;35;2026-01-02 11:00:00;642.3700;1581.7600;1395.4100;554.7400;2388.0000;9067.7600;47.2200;522.4500;2388.0700;8149.4000;8.3921;393.0000;1.0000;0;WO475938;545.35
02-Jul-2026;ENG-082;100;2026-01-05 04:00:00;642.6300;1587.8600;1411.6000;553.7000;2388.0600;9064.2000;47.6500;521.9200;2388.1000;8141.5400;8.4578;393.0000;0.5680;0;WO964278;2283.50
02-Jul-2026;eng-043;89;2026-01-04 17:00:00;642.5400;1589.2500;1407.2700;554.6200;2388.0700;9050.6300;47.2700;521.7400;2388.1000;8135.9000;8.4367;394.0000;1.0000;0;WO956561;1878.41
02-Jul-2026;ENG-028;76;2026-01-04 04:00:00;642.0500;1594.9700;1406.1900;554.7600;2388.0900;9049.8000;47.4400;521.9500;2388.1300;8131.2900;8.4213;392.0000;1.0000;0;WO779376;2128.65
02-Jul-2026;ENG-067;45;2026-01-02 21:00:00;642.3700;1587.6200;1406.0800;554.2500;2388.0600;9058.1300;47.4100;521.7100;2388.0600;8146.0000;8.4532;392.0000;0.8240;0;WO295818;1942.33
02-Jul-2026;ENG-020;89;2026-01-04 17:00:00;642.3200;1588.3800;1402.7800;553.6900;2388.0700;9067.2800;47.4300;521.2500;2388.0400;8146.4600;8.4225;393.0000;0.8880;0;WO455469;2597.55
2026/07/02;ENG-065;28;2026-01-02 04:00:00;641.4300;1579.7100;1393.7800;555.0300;2388.0100;9064.6800;47.0000;522.5400;2387.9900;8153.1700;8.4210;390.0000;1.0000;0;WO565798;473.26
2026-07-02;ENG-028;67;2026-01-03 19:00:00;642.6500;1585.3000;1407.8800;554.1600;2388.0900;9041.3900;47.6600;521.2400;2388.1200;8126.8700;8.4237;393.0000;1.0000;0;WO870717;2,382.72
2026/07/02;ENG-074;48;2026-01-03 00:00:00;642.4000;1589.3100;1405.3900;554.4100;2388.1100;9059.1600;47.3900;521.4600;2388.0800;8143.6900;8.4337;394.0000;1.0000;0;WO981767;1,152.26
2026/07/02;ENG-018;69;2026-01-03 21:00:00;642.5600;1588.5000;1396.9500;553.9400;2387.9900;9057.4400;47.2500;521.8900;2388.0400;8142.2300;8.3992;391.0000;0.7360;0;WO695075;2,230.27
02-Jul-2026;ENG-082;78;2026-01-04 06:00:00;642.5000;1589.6500;1404.3800;554.5600;2388.0500;9059.2900;47.4100;521.3700;2388.0800;8142.6100;8.4396;393.0000;0.7440;0;WO119283;1815.09
2026/07/02;ENG-093;150;2026-01-07 06:00:00;642.6700;1590.4200;1412.4300;553.8600;2388.0800;9061.6800;47.4700;520.6700;2388.1000;8140.2000;8.4302;394.0000;1.0000;0;WO851662;791.07
2026/07/02;ENG-076;129;2026-01-06 09:00:00;642.1800;1582.1100;1404.0900;554.2800;2388.0200;9068.1900;47.3000;521.5200;2388.0400;8145.3900;8.3952;393.0000;0.6880;0;WO737943;1888.29
2026/07/02;ENG-062;82;2026-01-04 10:00:00;642.2000;1575.3700;1396.3300;554.6800;2388.0500;9057.6000;47.0900;523.1700;2388.0100;8138.1000;8.3868;393.0000;1.0000;0;WO368055;1,383.09
02-Jul-2026;eng-012;90;2026-01-04 18:00:00;642.1600;1579.1300;1395.7800;554.0000;2387.9600;9054.9900;47.1200;522.3300;2388.0400;8135.0000;8.3923;391.0000;1.0000;0;WO290451;1,195.66
2026-07-02;  ENG-062 ;84;2026-01-04 12:00:00;641.8700;1583.4300;1397.3000;554.1000;2388.0000;9057.0600;46.9900;522.3100;2388.0000;8137.5600;8.3698;390.0000;1.0000;0;WO888114;540.07
02-Jul-2026;  ENG-069 ;23;2026-01-01 23:00:00;642.7500;1593.4800;1408.3800;553.7000;2388.1400;9049.7200;47.5400;521.8500;2388.0800;8128.0500;8.4582;392.0000;1.0000;0;WO164942;1849.69
2026-07-02;ENG-092;99;2026-01-05 03:00:00;643.4500;1590.3800;1407.9500;552.2000;2388.1400;9042.1100;47.6700;520.5600;2388.1800;8127.6100;8.4498;393.0000;0.5680;0;WO471755;
2026/07/02;ENG-089;70;2026-01-03 22:00:00;642.9100;1591.2800;1413.7400;553.9100;2388.1100;9051.4500;47.4800;521.8800;2388.0900;8128.6800;8.4159;393.0000;1.0000;0;WO428955;1073.80
2026/07/02;ENG-050;30;2026-01-02 06:00:00;642.0900;1582.9100;1401.1300;554.7500;2387.9900;9061.8300;47.4000;522.2700;2388.0900;8144.1100;8.4225;391.0000;0.9840;0;WO699131;2523.22
2026-07-02;ENG-064;70;2026-01-03 22:00:00;642.3500;1586.7000;1402.4500;553.5400;2388.0500;9058.4900;47.3600;521.7200;2388.0500;8137.1400;8.3851;392.0000;1.0000;0;WO740000;2,631.98
2026-07-02;eng-056;75;2026-01-04 03:00:00;642.9800;1585.8500;1416.2100;552.4800;2388.2000;9042.0000;47.5900;521.1700;2388.1800;8117.3400;8.4523;393.0000;0.6080;0;WO333330;2,896.90
2026/07/02;  ENG-007 ;91;2026-01-04 19:00:00;642.4300;1588.4500;1400.0100;554.4000;2388.0500;9047.4500;47.2000;522.4400;2388.0300;8143.6100;8.4366;392.0000;1.0000;0;WO211992;2409.10
2026/07/02;ENG-008;99;2026-01-05 03:00:00;642.9900;1587.8200;1407.6600;553.7600;2388.1100;9056.0500;47.4100;521.3700;2388.1000;8126.0200;8.4260;392.0000;1.0000;0;WO620751;2,721.55
02-Jul-2026;eng-063;84;2026-01-04 12:00:00;642.9200;1586.6700;1408.3800;553.9400;2388.1200;9050.1800;47.6800;521.2600;2388.1100;8131.3300;8.4514;392.0000;1.0000;0;WO684249;469.10
02-Jul-2026;eng-076;109;2026-01-05 13:00:00;642.2100;1584.2400;1406.0100;553.5000;2388.0100;9064.1700;47.4200;521.7700;2388.0300;8148.9800;8.4015;392.0000;0.8480;0;WO144580;743.36
02-Jul-2026;ENG-064;75;2026-01-04 03:00:00;642.1200;1587.9500;1400.2500;553.6500;2388.0700;9060.7400;47.4300;521.7900;2388.0700;8141.6700;8.4353;393.0000;0.9680;0;WO611173;642.70
2026/07/02;ENG-010;70;2026-01-03 22:00:00;642.1400;1580.5700;1400.4400;554.3500;2388.0000;9065.1500;47.2500;522.0900;2388.0600;8142.4700;8.4000;392.0000;1.0000;0;WO896205;1378.02
2026/07/02;ENG-057;86;2026-01-04 14:00:00;642.0000;1589.3900;1412.5000;553.7600;2388.1200;9046.9700;47.3500;521.3600;2388.1600;8129.7600;8.4535;393.0000;1.0000;0;WO496612;953.73
2026/07/02;ENG-064;60;2026-01-03 12:00:00;642.1200;1598.4700;1402.5800;553.6600;2388.1000;9060.0400;47.4100;521.6400;2388.0300;8143.2000;8.4553;390.0000;1.0000;0;WO585839;2450.21
2026-07-02;eng-031;90;2026-01-04 18:00:00;641.6300;1584.8300;1399.0300;553.6800;2387.9700;9073.4700;47.4500;522.3000;2388.0400;8149.4400;8.4317;392.0000;0.9120;0;WO229912;2962.94
2026-07-02;  ENG-039 ;22;2026-01-01 22:00:00;642.1300;1582.4500;1393.4900;554.4400;2388.0400;9058.5600;47.3300;521.7800;2388.0300;8141.4600;8.3877;393.0000;1.0000;0;WO239438;450.85
2026/07/02;ENG-060;70;2026-01-03 22:00:00;642.9900;1580.9300;1410.6000;553.9300;2388.0400;9053.9900;47.4300;521.6300;2388.0900;8142.2000;8.4041;394.0000;1.0000;0;WO197177;1,300.11
2026/07/02;ENG-012;121;2026-01-06 01:00:00;642.1700;1593.1700;1398.0500;554.8600;2388.0500;9054.7700;47.1600;522.6300;2388.0400;8141.3400;8.4047;392.0000;1.0000;0;WO938966;807.98
02-Jul-2026;ENG-031;114;2026-01-05 18:00:00;642.7900;1584.0000;1407.5000;553.7800;2388.0200;9070.1700;47.4600;522.2500;2388.0400;8147.6600;8.3961;392.0000;0.7200;0;WO884374;1883.13
2026-07-02;ENG-023;86;2026-01-04 14:00:00;641.9200;1590.0500;1404.8600;553.8900;2388.0500;9049.1800;47.2000;522.2100;2388.0100;8131.1900;8.4079;391.0000;1.0000;0;WO911367;2237.31
2026/07/02;  ENG-100 ;107;2026-01-05 11:00:00;642.8300;1588.5800;1398.5300;553.4400;2388.0600;9059.6600;47.2800;521.7100;2388.0000;8149.8100;8.4114;393.0000;0.8880;0;WO920280;2,339.58
2026/07/02;ENG-043;92;2026-01-04 20:00:00;643.0200;1592.7300;1399.1700;553.4200;2388.0800;9048.9400;47.4900;521.6800;2388.1000;8127.3300;8.4078;394.0000;1.0000;0;WO838648;1333.94
02-Jul-2026;ENG-011;45;2026-01-02 21:00:00;643.1300;1588.8600;1408.2700;553.0000;2388.1500;9041.1600;47.5200;521.0100;2388.1200;8118.0200;8.4002;393.0000;1.0000;0;WO774423;1732.19
2026/07/02;  ENG-099 ;35;2026-01-02 11:00:00;642.4900;1594.2800;1393.7000;554.6900;2388.0000;9065.4600;47.2500;522.3800;2388.0000;8143.2700;8.3922;389.0000;1.0000;0;WO676295;600.60
2026/07/02;ENG-024;68;2026-01-03 20:00:00;642.4800;1584.9600;1399.8100;555.2000;2387.9900;9064.1300;47.1200;521.8900;2387.9800;8148.9000;8.4037;391.0000;1.0000;0;WO396348;124.23
2026-07-02;ENG-021;90;2026-01-04 18:00:00;642.2100;1585.3000;1390.4800;553.6200;2388.0600;9053.3700;47.2100;522.3800;2388.0300;8137.3900;8.4459;392.0000;0.9200;0;WO385563;645.03
2026/07/02;  ENG-076 ;77;2026-01-04 05:00:00;642.2600;1581.9500;1403.3800;553.5900;2388.0300;9065.5400;47.3600;522.0000;2387.9900;8145.1700;8.3912;393.0000;1.0000;0;WO393758;2,077.63
2026/07/02;ENG-051;96;2026-01-05 00:00:00;642.7000;1586.1900;1403.2600;553.5300;2388.1100;9050.0200;47.5000;521.2000;2388.1400;8130.7000;8.4033;392.0000;1.0000;0;WO455457;637.27
2026-07-02;ENG-040;62;2026-01-03 14:00:00;642.8300;1591.9500;1415.3800;553.0500;2388.0700;9056.9600;47.4100;521.7800;2388.1400;8136.8900;8.4604;393.0000;0.7920;0;WO932146;2048.21
02-Jul-2026;ENG-043;113;2026-01-05 17:00:00;642.4800;1590.7000;1406.2100;553.6400;2388.0800;9057.1000;47.4500;521.7900;2388.1000;8132.7800;8.4494;393.0000;0.9440;0;WO155885;1,118.79
02-Jul-2026;ENG-036;49;2026-01-03 01:00:00;642.7600;1593.8200;1411.6700;552.1200;2388.1100;9057.4400;47.5200;521.7900;2388.1000;8140.9500;8.4681;395.0000;0.7680;0;WO911731;1,730.17
02-Jul-2026;  ENG-042 ;70;2026-01-03 22:00:00;642.0100;1590.0500;1400.0100;553.8800;2388.0700;9046.1200;47.2500;522.1900;2388.0200;8132.0800;8.4351;392.0000;0.7680;0;WO855999;1769.89
2026/07/02;ENG-061;86;2026-01-04 14:00:00;642.3000;1589.1200;1404.6300;554.3100;2387.9800;9067.8600;47.4300;522.4100;2388.0300;8153.3100;8.4402;393.0000;0.7520;0;WO184984;2899.08
02-Jul-2026;ENG-006;63;2026-01-03 15:00:00;642.7500;1586.7800;1404.0700;554.3100;2388.1100;9054.2800;47.5700;521.7900;2388.0500;8133.4800;8.4393;393.0000;1.0000;0;WO644349;2459.03
2026-07-02;  ENG-054 ;77;2026-01-04 05:00:00;642.3700;1581.5600;1405.4500;554.1900;2387.9900;9066.3000;47.2500;522.5900;2388.0300;8143.3300;8.3549;391.0000;1.0000;0;WO794639;214.56
02-Jul-2026;ENG-029;73;2026-01-04 01:00:00;641.6200;1588.6800;1399.8500;554.6000;2388.0200;9061.0900;47.2400;522.6200;2388.0700;8137.0600;8.3752;391.0000;1.0000;0;WO319401;143.66
2026-07-02;ENG-043;96;2026-01-05 00:00:00;641.9700;1579.2600;1409.9300;553.6400;2388.0900;9055.6300;47.5500;521.5300;2388.0900;8129.7100;8.3779;393.0000;1.0000;0;WO352846;1856.77
02-Jul-2026;ENG-070;52;2026-01-03 04:00:00;641.8800;1587.5600;1401.8200;554.2900;2388.0900;9042.0000;47.4200;521.7900;2388.0700;8129.1400;8.4161;391.0000;1.0000;0;WO691289;2,150.89
2026-07-02;eng-051;68;2026-01-03 20:00:00;642.2600;1585.2600;1404.5800;553.6800;2388.1200;9047.0600;47.3500;521.3300;2388.0900;8134.4200;8.4081;392.0000;1.0000;0;WO999280;2,212.30
2026-07-02;ENG-063;95;2026-01-04 23:00:00;643.0500;1593.7500;1420.7300;553.7000;2388.1400;9053.1600;47.3500;521.6000;2388.1300;8127.2700;8.4565;393.0000;1.0000;0;WO874092;1022.41
2026/07/02;ENG-029;97;2026-01-05 01:00:00;642.6400;1583.7900;1397.0900;553.7400;2388.0400;9053.4200;47.6100;522.2900;2388.0500;8141.7100;8.4175;391.0000;1.0000;0;WO446213;500.39
2026-07-02;ENG-035;102;2026-01-05 06:00:00;642.7300;1592.7000;1413.1600;553.4300;2388.1100;9060.3700;47.8400;521.4800;2388.1100;8135.0200;8.4291;393.0000;0.8560;0;WO725772;1,912.32
02-Jul-2026;ENG-034;121;2026-01-06 01:00:00;642.1300;1588.5900;1395.4200;554.5000;2388.0800;9065.9900;47.4000;522.1000;2388.0700;8144.8300;8.4088;392.0000;0.7120;0;WO504499;210.33
2026/07/02;ENG-031;98;2026-01-05 02:00:00;642.4800;1583.7600;1408.0100;553.6400;2388.0500;9077.2400;47.3300;522.1700;2388.0100;8144.9600;8.4327;393.0000;0.8480;0;WO206029;2,348.21
2026-07-02;ENG-006;68;2026-01-03 20:00:00;642.2500;1589.7400;1409.7400;553.5700;2388.0800;9052.3800;47.5300;521.1100;2388.1000;8134.1600;8.3899;395.0000;1.0000;0;WO216034;2465.39
2026-07-02;ENG-093;94;2026-01-04 22:00:00;643.2700;1592.0800;1415.3100;553.0300;2388.1200;9066.7500;47.6200;521.4500;2388.1800;8138.4600;8.4452;392.0000;1.0000;0;WO195558;2837.15
2026/07/02;ENG-010;124;2026-01-06 04:00:00;642.1700;1589.9800;1401.6000;554.3200;2388.0200;9062.6000;47.1200;522.2200;2388.0300;8146.8400;8.3778;394.0000;1.0000;0;WO124818;1,819.12
2026/07/02;ENG-006;64;2026-01-03 16:00:00;642.4900;1590.5600;1411.1500;553.1300;2388.1400;9049.9100;47.6200;521.3600;2388.0700;8132.6600;8.4466;393.0000;1.0000;0;WO940363;2787.83
2026-07-02;  ENG-051 ;61;2026-01-03 13:00:00;642.1700;1584.2800;1401.5700;553.2800;2388.1300;9050.0500;47.2200;522.5200;2388.0400;8127.3000;8.4219;392.0000;1.0000;0;WO421055;2,187.59
02-Jul-2026;ENG-078;41;2026-01-02 17:00:00;642.3500;1582.5500;1394.8500;554.5800;2388.0500;9050.6200;47.2900;522.2000;2388.0200;8143.7300;8.3908;391.0000;1.0000;0;WO985181;2350.22
2026-07-02;ENG-021;98;2026-01-05 02:00:00;642.7700;1584.5400;1399.6500;554.0500;2388.0400;9058.4700;47.0300;522.1600;2387.9800;8138.8400;8.4250;392.0000;0.8560;0;WO578481;2415.54
02-Jul-2026;ENG-019;80;2026-01-04 08:00:00;642.1400;1586.6000;1404.7300;554.0300;2388.1200;9058.1200;47.2600;522.4300;2388.0100;8137.9800;8.4084;391.0000;1.0000;0;WO868937;
2026/07/02;  ENG-010 ;112;2026-01-05 16:00:00;642.4000;1586.7300;1403.6300;554.6400;2388.0400;9066.0000;47.2000;522.0400;2387.9700;8145.4600;8.4435;393.0000;1.0000;0;WO366509;
02-Jul-2026;eng-093;108;2026-01-05 12:00:00;642.7500;1589.3900;1414.2800;552.4300;2388.1100;9066.7800;47.4300;520.7100;2388.0600;8139.6700;8.4506;394.0000;1.0000;0;WO152110;1,108.98
2026-07-02;  ENG-056 ;49;2026-01-03 01:00:00;642.5600;1584.3000;1415.8200;552.5900;2388.1300;9049.6800;47.7200;521.2900;2388.1700;8128.5700;8.4467;394.0000;0.8160;0;WO773118;
02-Jul-2026;ENG-060;89;2026-01-04 17:00:00;642.2800;1590.0500;1406.6900;553.2300;2388.0800;9054.0200;47.6500;521.1900;2388.0900;8136.4700;8.3732;391.0000;1.0000;0;WO942136;2413.58
02-Jul-2026;ENG-080;54;2026-01-03 06:00:00;643.0700;1583.6100;1409.0200;554.1500;2388.0600;9061.4100;47.2500;521.1400;2388.0400;8140.6700;8.4310;394.0000;1.0000;0;WO210940;195.21
2026/07/02;eng-018;73;2026-01-04 01:00:00;642.8700;1592.8200;1409.5700;554.8200;2388.1200;9062.6700;47.2200;521.7600;2388.0000;8140.7300;8.3918;392.0000;0.7040;0;WO690766;1,294.77
2026-07-02;  ENG-057 ;63;2026-01-03 15:00:00;643.0000;1588.4600;1403.8300;552.8600;2388.0600;9050.7200;47.5700;521.6500;2388.1300;8132.5200;8.4831;392.0000;1.0000;0;WO574589;831.35
2026/07/02;ENG-072;58;2026-01-03 10:00:00;642.3500;1586.3800;1395.6300;553.5700;2388.0700;9062.1400;47.3100;521.7600;2388.0800;8138.0500;8.3999;392.0000;0.9840;0;WO333384;2257.90
02-Jul-2026;ENG-021;93;2026-01-04 21:00:00;642.4800;1581.0600;1401.8800;554.0000;2388.0100;9052.8800;47.2100;522.0000;2388.0200;8141.8400;8.4109;391.0000;0.8960;0;WO344333;327.57
2026/07/02;ENG-074;89;2026-01-04 17:00:00;643.1700;1586.6300;1395.6300;553.4200;2388.1200;9061.7100;47.4700;521.7200;2388.0500;8136.5500;8.4098;395.0000;1.0000;0;WO737364;2,339.43
2026/07/02;ENG-062;82;2026-01-04 10:00:00;642.2000;1575.3700;1396.3300;554.6800;2388.0500;9057.6000;47.0900;523.1700;2388.0100;8138.1000;8.3868;393.0000;1.0000;0;WO368055;1,383.09
2026/07/02;  ENG-077 ;74;2026-01-04 02:00:00;642.1700;1587.6400;1396.5400;553.9200;2388.0900;9051.6600;47.5500;521.7700;2388.0500;8133.0900;8.4255;393.0000;0.9760;0;WO182834;312.36
2026/07/02;  ENG-051 ;64;2026-01-03 16:00:00;642.3900;1593.7400;1405.8400;554.3100;2388.0900;9044.0400;47.4200;521.9000;2388.1300;8128.2100;8.4293;391.0000;;0;WO710606;1,858.65
02-Jul-2026;  ENG-023 ;76;2026-01-04 04:00:00;642.1500;1584.1600;1397.6200;553.2100;2387.9900;9055.7000;47.1700;522.8200;2388.0500;8138.2400;8.3941;390.0000;1.0000;0;WO460367;1780.70
2026-07-02;ENG-004;37;2026-01-02 13:00:00;642.3400;1594.5400;1411.4800;553.1000;2388.0800;9051.5300;47.5000;521.6800;2388.1000;8134.9900;8.4195;393.0000;1.0000;0;WO635215;1,980.50
02-Jul-2026;ENG-033;21;2026-01-01 21:00:00;643.0800;1589.7700;1413.2300;553.6400;2388.1300;9060.8400;47.4000;521.5200;2388.0800;8140.0900;8.4476;391.0000;1.0000;0;WO553217;1,956.60
2026/07/02;ENG-054;68;2026-01-03 20:00:00;642.4600;1583.8800;1393.6000;554.4300;2388.0200;9050.3600;47.0900;522.7100;2387.9600;8138.6500;8.4036;391.0000;1.0000;0;WO227042;1,787.00
2026-07-02;ENG-077;87;2026-01-04 15:00:00;642.9300;1583.3400;1401.8500;554.1900;2388.0800;9053.0500;47.6700;521.8500;2388.0500;8137.1100;8.4180;393.0000;;0;WO635720;707.20
02-Jul-2026;ENG-043;82;2026-01-04 10:00:00;642.2800;1581.9900;1402.6700;554.1000;2388.1000;9054.1200;47.3500;521.7300;2388.0600;8126.3600;8.4282;394.0000;1.0000;0;WO255673;2919.00
2026-07-02;ENG-071;32;2026-01-02 08:00:00;641.8600;1588.8000;1403.6300;554.1900;2388.0600;9064.6500;47.4000;522.3100;2388.0500;8144.5900;8.3842;393.0000;1.0000;0;WO787873;306.39
2026-07-02;  ENG-015 ;30;2026-01-02 06:00:00;642.3000;1589.3500;1400.8000;554.2700;2388.0100;9057.6300;47.1400;522.6000;2388.0100;8137.4100;8.4296;392.0000;1.0000;0;WO591028;2238.81
2026-07-02;eng-095;44;2026-01-02 20:00:00;642.7100;1580.5600;1398.6800;554.0700;2388.0600;9055.1800;47.2700;521.6900;2388.0300;8126.4800;8.4286;393.0000;1.0000;0;WO412848;
2026/07/02;  ENG-042 ;78;2026-01-04 06:00:00;642.2400;1586.5700;1401.4800;554.3100;2388.0500;9051.4900;47.3800;521.8200;2388.0700;8133.5000;8.4245;392.0000;0.7040;0;WO515684;1,014.11
2026-07-02;ENG-099;65;2026-01-03 17:00:00;641.5400;1578.9800;1399.2600;553.4200;2388.0300;9072.3700;47.1200;522.7000;2388.0000;8139.1700;8.3728;391.0000;1.0000;0;WO269749;2,892.89
2026-07-02;  ENG-081 ;81;2026-01-04 09:00:00;642.6100;1588.7000;1402.8800;554.1000;2388.0600;9065.0100;47.3800;521.7900;2388.0300;8146.2100;8.4288;393.0000;1.0000;0;WO585872;2653.95
2026/07/02;  ENG-079 ;41;2026-01-02 17:00:00;642.5400;1593.1700;1409.4500;553.4300;2388.0300;9051.3100;47.3600;522.0000;2388.0500;8136.7000;8.4141;391.0000;;0;WO281601;2,286.55
2026-07-02;ENG-049;156;2026-01-07 12:00:00;642.8400;1577.6000;1398.0600;553.8600;2388.0100;9066.1000;47.2900;522.4900;2388.0500;8143.1800;8.3910;392.0000;1.0000;0;WO662020;1195.96
2026/07/02;eng-010;117;2026-01-05 21:00:00;642.1900;1587.3500;1390.2100;554.4000;2387.9900;9059.8600;47.1300;521.8400;2388.0100;8144.3800;8.3846;392.0000;1.0000;0;WO780614;2261.08
02-Jul-2026;  ENG-086 ;67;2026-01-03 19:00:00;642.4100;1598.0100;1399.2400;553.1800;2388.0700;9060.1200;47.3700;521.9500;2388.0800;8143.7200;8.4321;390.0000;1.0000;0;WO563188;1584.48
2026-07-02;  ENG-056 ;74;2026-01-04 02:00:00;643.4300;1597.0800;1413.9300;552.3500;2388.1400;9044.8800;47.7100;520.5200;2388.1900;8129.1400;8.4327;395.0000;0.6160;0;WO945726;1,976.10
02-Jul-2026;ENG-053;86;2026-01-04 14:00:00;642.6800;1594.6100;1401.0900;553.0700;2388.1000;9065.4100;47.3800;522.7100;2388.0700;8146.3200;8.4046;392.0000;0.8320;0;WO487648;600.50
2026/07/02;ENG-091;155;2026-01-07 11:00:00;642.5600;1593.8000;1407.5000;553.4700;2388.1500;9047.4800;47.4700;520.9500;2388.1700;8129.9000;8.4666;394.0000;0.9360;0;WO932701;1565.73
2026-07-02;ENG-017;81;2026-01-04 09:00:00;642.3300;1581.7900;1401.3800;555.2000;2387.9900;9076.8500;47.3100;522.5800;2387.9500;8150.8000;8.3896;392.0000;1.0000;0;WO689937;2550.14
2026/07/02;ENG-092;60;2026-01-03 12:00:00;642.3300;1588.6700;1407.1600;552.6600;2388.1300;9036.1400;47.5200;521.3300;2388.2000;8122.2500;8.4868;393.0000;0.8800;0;WO426740;2,525.71
02-Jul-2026;eng-023;46;2026-01-02 22:00:00;641.9100;1587.5200;1395.5500;555.0500;2388.0200;9057.1300;47.2200;522.6200;2387.9800;8140.4500;8.3763;392.0000;1.0000;0;WO878715;2984.92
2026-07-02;eng-032;63;2026-01-03 15:00:00;642.8500;1587.2300;1400.0800;554.9500;2387.9800;9068.5600;47.3000;522.2200;2387.9500;8148.0700;8.4078;391.0000;1.0000;0;WO687569;2411.62
2026-07-02;ENG-059;33;2026-01-02 09:00:00;641.8500;1584.6100;1404.0700;554.4000;2388.0100;9061.2800;47.1200;522.3600;2388.0200;8137.3300;8.4193;392.0000;1.0000;0;WO770211;2,638.87
2026-07-02;ENG-032;73;2026-01-04 01:00:00;641.8800;1578.1600;1399.3600;555.2000;2387.9900;9074.1300;47.2800;522.1000;2387.9500;8157.2200;8.4026;393.0000;0.9600;0;WO535861;2001.64
2026-07-02;ENG-097;80;2026-01-04 08:00:00;641.9500;1582.6500;1397.5700;554.3400;2388.0700;9069.3400;47.3200;522.1000;2387.9900;8151.4300;8.4139;393.0000;1.0000;0;WO542607;2973.99
02-Jul-2026;eng-079;65;2026-01-03 17:00:00;642.6700;1586.0200;1411.8200;554.1000;2388.1300;9041.2100;47.2600;521.8800;2388.0600;8130.0300;8.4310;391.0000;0.7920;0;WO712856;1,317.47
2026/07/02;ENG-021;87;2026-01-04 15:00:00;642.0700;1586.4100;1404.0300;553.9300;2388.0000;9057.8400;47.2500;522.4100;2388.0400;8144.1600;8.4140;392.0000;0.9440;0;WO516422;
2026-07-02;eng-093;97;2026-01-05 01:00:00;642.5700;1588.7600;1410.6300;553.0500;2388.1000;9067.1200;47.5300;520.8300;2388.0800;8139.4900;8.4429;393.0000;1.0000;0;WO904890;1074.01
2026/07/02;eng-058;101;2026-01-05 05:00:00;642.8200;1585.2600;1398.1400;553.9500;2388.1200;9057.5800;47.3500;522.5400;2388.0600;8136.5500;8.4114;392.0000;0.8960;0;WO309537;1,699.50
2026-07-02;eng-024;70;2026-01-03 22:00:00;642.2400;1587.7100;1403.5800;553.7600;2387.9500;9064.0800;47.3300;522.6900;2387.9800;8154.9000;8.3930;392.0000;1.0000;0;WO643385;1989.01
2026-07-02;  ENG-024 ;77;2026-01-04 05:00:00;641.7200;1583.2200;1398.5900;554.0600;2388.0000;9072.5600;47.1800;522.2100;2388.0200;8150.8600;8.3855;391.0000;1.0000;0;WO182874;816.16
02-Jul-2026;ENG-054;54;2026-01-03 06:00:00;642.3300;1582.8400;1393.2700;554.6700;2388.0600;9047.0400;47.1600;522.7400;2387.9900;8137.9700;8.3727;391.0000;1.0000;0;WO497128;2,162.63
02-Jul-2026;ENG-097;65;2026-01-03 17:00:00;642.3000;1587.1000;1392.6900;554.4200;2388.0200;9061.2800;47.3300;522.0000;2387.9300;8146.7600;8.4240;392.0000;1.0000;0;WO856779;1390.74
02-Jul-2026;ENG-068;114;2026-01-05 18:00:00;642.5700;1587.4000;1409.7900;553.5400;2388.0600;9067.4100;47.4900;521.2100;2388.1200;8138.6700;8.4518;393.0000;0.6480;0;WO711188;875.33
02-Jul-2026;ENG-031;127;2026-01-06 07:00:00;642.5300;1593.6700;1409.2500;553.4800;2388.1000;9077.4100;47.3200;520.9600;2388.1100;8147.3800;8.4169;392.0000;0.6160;0;WO867344;2,438.70
2026/07/02;ENG-033;22;2026-01-01 22:00:00;642.2700;1587.2700;1409.7100;552.3500;2388.0900;9062.2700;47.6800;521.2200;2388.1400;8141.7400;8.4386;393.0000;1.0000;0;WO967268;2043.21
2026/07/02;ENG-079;51;2026-01-03 03:00:00;642.3900;1591.8000;1410.5300;553.4300;2388.0700;9046.3500;47.3900;521.4500;2388.0400;8135.7300;8.4122;391.0000;0.9040;0;WO726935;675.20
2026-07-02;ENG-049;121;2026-01-06 01:00:00;642.4100;1592.4400;1404.3600;554.7500;2388.0200;9062.9900;47.2700;521.9100;2388.0200;8141.7800;8.4115;393.0000;1.0000;0;WO153762;
2026/07/02;ENG-013;75;2026-01-04 03:00:00;642.3700;1581.2500;1391.6100;553.7000;2388.0500;9062.0100;47.0900;522.7500;2387.9900;8141.5800;8.4036;393.0000;1.0000;0;WO772838;2659.87
2026-07-02;ENG-100;93;2026-01-04 21:00:00;642.2900;1587.4800;1409.3100;554.3400;2388.0500;9062.5800;47.3100;522.0200;2388.0400;8145.5500;8.4739;392.0000;1.0000;0;WO842565;464.74
2026-07-02;ENG-052;84;2026-01-04 12:00:00;641.7700;1582.8200;1395.7700;555.2000;2388.0300;9060.6000;47.0800;522.1400;2388.0300;8148.5200;8.3734;390.0000;1.0000;0;WO986778;
2026/07/02;ENG-042;94;2026-01-04 22:00:00;642.1700;1581.6200;1401.5900;553.2300;2388.0000;9050.1300;47.4100;521.9300;2388.0500;8131.0600;8.4025;393.0000;0.5760;0;WO426011;2191.62
2026/07/02;ENG-094;68;2026-01-03 20:00:00;642.3900;1592.9400;1406.4200;553.4400;2388.0700;9064.1100;47.4800;521.9200;2388.1000;8143.9600;8.4454;395.0000;0.9600;0;WO105858;2583.62
2026-07-02;ENG-097;90;2026-01-04 18:00:00;641.9800;1590.8200;1395.1400;554.1700;2388.0200;9070.6900;47.2700;521.8500;2388.0100;8153.1800;8.3650;392.0000;1.0000;0;WO281379;
2026/07/02;eng-089;60;2026-01-03 12:00:00;642.4900;1587.1600;1404.4800;553.8000;2388.1400;9046.2000;47.4200;521.3200;2388.1000;8133.0300;8.4531;392.0000;1.0000;0;WO829585;2537.69
02-Jul-2026;ENG-081;139;2026-01-06 19:00:00;642.6100;1584.0700;1414.3000;553.9300;2388.1200;9067.2400;47.5300;521.8300;2388.1000;8144.9700;8.4557;393.0000;0.6560;0;WO391960;2422.78
2026-07-02;ENG-029;80;2026-01-04 08:00:00;642.6200;1591.7200;1402.2200;554.4300;2388.0900;9065.3600;47.2500;522.1500;2388.0700;8137.6900;8.4463;393.0000;1.0000;0;WO670611;1,110.46
02-Jul-2026;ENG-063;104;2026-01-05 08:00:00;642.4800;1587.5500;1404.6100;553.5400;2388.0900;9052.9700;47.4400;521.2300;2388.1600;8129.9700;8.4534;394.0000;0.9840;0;WO954457;2697.40
2026-07-02;ENG-083;39;2026-01-02 15:00:00;642.6500;1582.6100;1404.2100;553.8900;2388.0600;9054.2500;47.2100;521.7600;2388.0000;8140.0300;8.3886;392.0000;1.0000;0;WO867824;2,097.07
2026/07/02;  ENG-008 ;102;2026-01-05 06:00:00;642.6100;1587.2800;1412.5900;553.4500;2388.1200;9051.3800;47.6000;521.6600;2388.0800;8132.9800;8.4535;393.0000;1.0000;0;WO166194;2625.95
02-Jul-2026;ENG-037;73;2026-01-04 01:00:00;642.6200;1586.5500;1402.2000;553.9900;2388.0100;9053.5700;47.1800;522.1500;2388.0300;8134.8200;8.4046;393.0000;0.5520;0;WO907146;1214.69
2026-07-02;ENG-064;76;2026-01-04 04:00:00;642.7300;1585.3900;1399.3800;553.6800;2388.0800;9055.4700;47.5400;521.6900;2388.0700;8137.4500;8.4218;394.0000;0.9600;0;WO403713;391.38
02-Jul-2026;ENG-016;56;2026-01-03 08:00:00;642.6700;1588.6100;1400.9800;554.5800;2388.0000;9048.7600;47.4100;522.0500;2388.0200;8135.7700;8.4205;393.0000;1.0000;0;WO379282;2,407.68
02-Jul-2026;  ENG-049 ;150;2026-01-07 06:00:00;642.3700;1588.3400;1399.6200;554.1800;2388.0600;9059.6600;47.3500;522.3400;2388.0400;8140.8200;8.4186;393.0000;1.0000;0;WO608135;2,499.73
2026/07/02;eng-096;60;2026-01-03 12:00:00;642.0500;1590.2500;1397.4500;554.0000;2387.9900;9062.7900;47.1600;522.4800;2388.0300;8149.5100;8.3740;393.0000;1.0000;0;WO426543;2409.35
2026/07/02;ENG-049;177;2026-01-08 09:00:00;642.4900;1583.0200;1402.1500;554.6300;2387.9900;9060.2900;47.3100;521.9800;2388.0800;8141.6600;8.3977;394.0000;1.0000;0;WO237994;2,793.18
02-Jul-2026;  ENG-012 ;116;2026-01-05 20:00:00;642.1700;1578.6400;1402.5300;554.5600;2387.9500;9058.4600;47.2300;522.0500;2388.0400;8146.3900;8.4017;392.0000;1.0000;0;WO663385;1611.20
2026-07-02;  ENG-051 ;72;2026-01-04 00:00:00;642.4900;1589.5900;1404.7500;554.2400;2388.0800;9046.3400;47.2600;522.0300;2388.1200;8133.6200;8.4612;393.0000;1.0000;0;WO450512;2309.51
2026-07-02;ENG-009;29;2026-01-02 05:00:00;642.5100;1590.2400;1412.1500;552.9800;2388.1100;9055.0000;47.5400;521.3400;2388.1100;8131.6000;8.4248;393.0000;1.0000;0;WO710328;2160.18
02-Jul-2026;ENG-052;107;2026-01-05 11:00:00;642.2200;1585.3900;1409.2000;553.6700;2387.9800;9056.8500;47.1400;522.3800;2387.9600;8150.7300;8.4068;393.0000;0.8880;0;WO511524;666.49
02-Jul-2026;ENG-064;78;2026-01-04 06:00:00;642.4300;1583.7300;1397.5200;553.4000;2388.1400;9057.5000;47.4100;522.0500;2388.0900;8140.8200;8.4112;392.0000;0.9440;0;WO615746;1,141.19
2026-07-02;ENG-068;75;2026-01-04 03:00:00;642.5900;1585.9900;1404.9400;554.4300;2388.0500;9055.6000;47.4700;522.1300;2387.9800;8138.9100;8.4287;394.0000;0.9600;0;WO329855;2,377.16
2026-07-02;ENG-094;59;2026-01-03 11:00:00;642.9800;1589.5100;1408.7000;553.2700;2388.1200;9055.6800;47.5900;522.0800;2388.1400;8138.5900;8.4215;393.0000;1.0000;0;WO505526;1156.68
2026/07/02;ENG-078;30;2026-01-02 06:00:00;642.1600;1581.2800;1398.2700;555.1500;2388.0200;9063.0100;47.2600;522.3600;2387.9500;8148.2300;8.3796;390.0000;1.0000;0;WO739756;1815.81
2026/07/02;ENG-003;52;2026-01-03 04:00:00;642.7700;1588.8900;1406.7600;553.0400;2388.1100;9054.1400;47.4300;522.1000;2388.1100;8133.8500;8.4344;392.0000;1.0000;0;WO615882;1123.55
2026-07-02;  ENG-009 ;27;2026-01-02 03:00:00;642.9200;1586.1400;1409.4000;553.4500;2388.1400;9045.0800;47.3300;521.5900;2388.0800;8130.4000;8.4419;394.0000;1.0000;0;WO474698;2588.84
2026/07/02;ENG-031;74;2026-01-04 02:00:00;642.4600;1588.2100;1402.3500;554.4100;2388.0700;9063.9400;47.4800;522.2000;2388.0000;8143.4600;8.4126;391.0000;1.0000;0;WO833518;800.42
02-Jul-2026;ENG-051;57;2026-01-03 09:00:00;642.4900;1590.4600;1401.0100;553.9700;2388.1000;9048.8500;47.4100;522.1100;2388.0800;8132.0700;8.4411;394.0000;1.0000;0;WO887904;618.78
2026/07/02;  ENG-013 ;119;2026-01-05 23:00:00;642.7100;1585.2100;1403.3700;553.6900;2388.0000;9063.9800;47.2000;522.3100;2388.0300;8145.1600;8.3986;392.0000;1.0000;0;WO412750;2,243.76
2026/07/02;ENG-098;55;2026-01-03 07:00:00;643.2300;1588.0800;1404.5300;553.9800;2388.0400;9060.1300;47.4100;521.8800;2388.0800;8141.5000;8.3903;390.0000;1.0000;0;WO491646;
2026/07/02;ENG-062;123;2026-01-06 03:00:00;642.7000;1583.4300;1392.8600;554.9600;2388.0000;9063.1100;47.1900;522.2800;2388.0300;8142.4100;8.3706;391.0000;1.0000;0;WO928067;1,784.67
02-Jul-2026;ENG-073;73;2026-01-04 01:00:00;642.3700;1579.5000;1394.0800;554.1300;2388.0200;9058.5800;47.2100;522.2600;2388.0100;8137.1000;8.4241;391.0000;1.0000;0;WO129650;2751.20
02-Jul-2026;ENG-014;17;2026-01-01 17:00:00;642.0400;1587.1700;1411.3800;553.2800;2388.1400;9039.3000;47.5900;520.7300;2388.1800;8117.3700;8.4416;393.0000;1.0000;0;WO811867;
02-Jul-2026;ENG-089;81;2026-01-04 09:00:00;642.7500;1586.9500;1405.4000;553.5000;2388.1100;9043.2900;47.5000;521.5100;2388.1200;8125.6000;8.4058;393.0000;1.0000;0;WO655214;745.12
2026/07/02;ENG-093;105;2026-01-05 09:00:00;642.6600;1593.5100;1411.0400;553.3900;2388.0800;9054.0400;47.5500;521.2800;2388.1200;8136.4700;8.4326;394.0000;1.0000;0;WO310974;2846.35
02-Jul-2026;  ENG-049 ;150;2026-01-07 06:00:00;642.3700;1588.3400;1399.6200;554.1800;2388.0600;9059.6600;47.3500;522.3400;2388.0400;8140.8200;8.4186;393.0000;1.0000;0;WO608135;2,499.73
02-Jul-2026;ENG-075;43;2026-01-02 19:00:00;642.7600;1578.2700;1396.7200;554.3400;2388.0000;9059.1000;47.5100;521.5900;2388.0100;8139.0500;8.4359;392.0000;1.0000;0;WO657078;2579.79
2026-07-02;  ENG-023 ;69;2026-01-03 21:00:00;642.2200;1580.8700;1395.3200;554.0300;2388.0100;9050.2800;47.2400;522.4900;2388.0300;8137.6200;8.4476;392.0000;1.0000;0;WO692651;1038.07
2026-07-02;ENG-019;76;2026-01-04 04:00:00;642.4500;1590.1100;1404.8900;554.1900;2388.0500;9061.6700;47.5100;522.2800;2388.0200;8137.2000;8.4160;392.0000;1.0000;0;WO642621;1,314.83
2026-07-02;ENG-047;49;2026-01-03 01:00:00;642.7100;1597.5200;1414.3500;553.3100;2388.1700;9043.1600;47.6100;521.0800;2388.0900;8126.6100;8.4465;395.0000;1.0000;0;WO693677;2,593.53
02-Jul-2026;ENG-042;67;2026-01-03 19:00:00;641.8600;1580.0200;1402.7700;554.6900;2387.9900;9045.0800;47.1500;522.0500;2388.0800;8129.4700;8.4201;393.0000;0.7920;0;WO378459;
2026/07/02;eng-100;106;2026-01-05 10:00:00;642.4700;1586.6300;1401.2100;554.0900;2388.0100;9063.9400;47.2600;521.9400;2388.0600;8146.2100;8.4202;392.0000;0.8960;0;WO843440;2300.72
2026-07-02;ENG-014;19;2026-01-01 19:00:00;642.9700;1592.7900;1402.2200;553.1100;2388.1600;9046.8400;47.6300;521.3300;2388.1600;8119.5100;8.4476;392.0000;1.0000;0;WO136662;589.65
2026/07/02;  ENG-035 ;118;2026-01-05 22:00:00;642.5200;1594.6700;1413.2200;552.7200;2388.1600;9059.6600;47.5800;521.0700;2388.1300;8131.3700;8.4941;394.0000;0.7280;0;WO114715;1,349.57
02-Jul-2026;ENG-002;27;2026-01-02 03:00:00;642.5400;1596.9800;1408.7000;553.3000;2388.1600;9052.5600;47.5300;521.6300;2388.1100;8127.8700;8.4669;393.0000;;0;WO332166;213.32
02-Jul-2026;ENG-093;101;2026-01-05 05:00:00;642.4700;1586.0900;1410.2800;552.9500;2388.0900;9049.4600;47.4400;521.1400;2388.0600;8142.3200;8.4585;392.0000;1.0000;0;WO765047;359.99
2026/07/02;ENG-014;20;2026-01-01 20:00:00;642.8400;1589.0200;1408.1600;552.8600;2388.1100;9041.2000;47.4700;520.9000;2388.1400;8119.2500;8.4431;393.0000;1.0000;0;WO202428;1396.67
2026-07-02;ENG-076;95;2026-01-04 23:00:00;642.1100;1587.9100;1403.5000;554.3500;2388.0400;9060.0100;47.3800;522.3000;2387.9700;8144.3000;8.4433;391.0000;0.9600;0;WO341757;1152.90
2026-07-02;ENG-077;67;2026-01-03 19:00:00;642.4900;1592.5200;1397.4900;554.6200;2388.1000;9054.1700;47.4400;522.3800;2388.0800;8132.3100;8.4250;392.0000;1.0000;0;WO799928;559.00
2026-07-02;ENG-049;126;2026-01-06 06:00:00;642.7100;1584.9500;1400.0600;554.1100;2388.0500;9060.1000;47.1800;522.1300;2387.9500;8143.9500;8.3915;391.0000;1.0000;0;WO994173;
2026-07-02;ENG-060;80;2026-01-04 08:00:00;642.9200;1590.3600;1398.8200;553.9500;2388.0700;9047.4300;47.5200;522.0300;2388.1300;8129.1500;8.4181;391.0000;1.0000;0;WO666872;2677.27
2026-07-02;ENG-072;80;2026-01-04 08:00:00;642.0100;1585.0300;1401.7200;553.7600;2388.0700;9066.1500;47.1700;522.0500;2388.0100;8144.1800;8.3943;394.0000;0.8080;0;WO352210;627.65
2026/07/02;ENG-049;184;2026-01-08 16:00:00;642.3100;1588.4200;1416.2000;553.7600;2388.0300;9065.0600;47.3800;521.9600;2388.0700;8144.4100;8.4278;392.0000;1.0000;0;WO725036;1402.20
2026/07/02;ENG-094;61;2026-01-03 13:00:00;642.3700;1586.2700;1409.1000;553.5900;2388.1200;9064.3800;47.5000;521.7000;2388.1000;8145.5300;8.4013;393.0000;1.0000;0;WO398556;883.85
2026-07-02;ENG-098;45;2026-01-02 21:00:00;642.2200;1586.6300;1403.7100;553.6400;2388.0300;9066.5100;47.3900;522.0800;2388.0600;8139.9200;8.4120;392.0000;1.0000;0;WO516540;1831.42
02-Jul-2026;ENG-005;34;2026-01-02 10:00:00;642.7100;1589.9500;1408.6500;553.6500;2388.1000;9054.2300;47.4100;521.9400;2388.1000;8131.0600;8.3973;392.0000;1.0000;0;WO923022;1578.94
2026-07-02;ENG-084;73;2026-01-04 01:00:00;642.8000;1580.3100;1412.4300;553.5900;2388.1000;9057.3300;47.3400;521.6200;2388.0500;8142.0300;8.4559;391.0000;1.0000;0;WO996995;2,348.47
2026-07-02;ENG-069;35;2026-01-02 11:00:00;642.8700;1589.8000;1403.7400;553.6200;2388.0900;9048.2900;47.5500;521.4600;2388.1400;8126.4600;8.4359;392.0000;1.0000;0;WO924208;2342.24
2026/07/02;ENG-007;97;2026-01-05 01:00:00;642.2100;1587.9400;1402.0000;554.1800;2388.0300;9057.8900;47.2700;522.3700;2388.0300;8141.5800;8.4046;393.0000;1.0000;0;WO970872;2141.69
2026-07-02;ENG-062;99;2026-01-05 03:00:00;642.2100;1586.1500;1404.8500;554.7800;2388.0200;9055.8800;47.2100;522.7000;2388.0400;8142.0700;8.3943;391.0000;1.0000;0;WO826434;1386.72
2026-07-02;ENG-095;38;2026-01-02 14:00:00;642.5900;1584.1600;1406.4100;554.6600;2388.0700;9052.5000;47.2500;522.0700;2388.0600;8129.4500;8.4171;391.0000;1.0000;0;WO441891;851.09
2026-07-02;ENG-080;80;2026-01-04 08:00:00;642.8900;1587.1500;1405.5000;553.0000;2388.1000;9061.4400;47.4500;522.0800;2388.0900;8140.4000;8.4292;393.0000;1.0000;0;WO796173;1010.93
02-Jul-2026;  ENG-040 ;79;2026-01-04 07:00:00;642.6400;1592.9800;1412.6500;552.6000;2388.1500;9054.1800;47.5600;520.8700;2388.0600;8136.4900;8.4224;393.0000;0.6560;0;WO207921;
2026/07/02;ENG-009;24;2026-01-02 00:00:00;642.0800;1595.4800;1402.1100;553.1900;2388.1000;9049.9500;47.3200;521.4000;2388.0900;8135.6400;8.4146;393.0000;1.0000;0;WO514290;
2026-07-02;ENG-066;75;2026-01-04 03:00:00;642.7000;1593.6300;1410.3800;553.1200;2388.0800;9070.3500;47.5000;521.8800;2388.0900;8152.0100;8.4251;394.0000;0.6880;0;WO732954;1161.86
02-Jul-2026;ENG-061;101;2026-01-05 05:00:00;642.4200;1583.4400;1406.9200;553.8700;2388.0000;9064.1500;47.4300;521.6200;2387.9800;8148.1600;8.4038;392.0000;0.6320;0;WO337892;2,781.36
02-Jul-2026;ENG-043;91;2026-01-04 19:00:00;642.3300;1585.8900;1406.6300;553.5100;2388.0700;9054.5500;47.4200;521.4500;2388.0900;8132.9700;8.4599;392.0000;1.0000;0;WO122436;744.63
02-Jul-2026;ENG-012;78;2026-01-04 06:00:00;642.2700;1584.7000;1395.5900;554.2700;2388.0400;9057.3800;47.3800;522.1900;2388.0500;8142.4400;8.4220;392.0000;1.0000;0;WO750740;2,266.74
02-Jul-2026;  ENG-013 ;66;2026-01-03 18:00:00;642.1800;1574.4200;1401.6600;554.4500;2388.0300;9056.8300;47.1500;521.9500;2388.0700;8146.2700;8.4024;392.0000;1.0000;0;WO115186;2,249.61
2026-07-02;ENG-098;61;2026-01-03 13:00:00;642.3600;1590.1600;1415.8300;553.3400;2388.0400;9062.0200;47.4000;521.0600;2388.0700;8143.2300;8.4478;392.0000;0.9520;0;WO354882;
2026/07/02;ENG-040;82;2026-01-04 10:00:00;642.6100;1587.9900;1409.4000;552.8000;2388.1300;9054.6000;47.4500;521.4800;2388.1500;8139.3200;8.4462;393.0000;;0;WO325788;2,867.22
2026-07-02;  ENG-034 ;102;2026-01-05 06:00:00;642.5000;1591.2000;1393.2700;555.0400;2388.0500;9061.8700;47.2100;522.3900;2388.0400;8152.9100;8.4313;392.0000;0.8640;0;WO546626;1443.60
2026-07-02;ENG-013;104;2026-01-05 08:00:00;641.9500;1584.9400;1395.7900;554.0500;2387.9900;9063.4500;47.1700;522.1300;2388.0300;8141.2400;8.3940;393.0000;;0;WO181242;1,485.73
2026/07/02;ENG-066;80;2026-01-04 08:00:00;642.6200;1593.0300;1412.9300;553.8600;2388.1100;9067.4100;47.6300;521.3500;2388.1000;8149.3800;8.4158;394.0000;0.6480;0;WO658654;2,950.72
2026/07/02;  ENG-007 ;79;2026-01-04 07:00:00;641.7600;1581.7700;1397.7800;554.1600;2388.0100;9056.6700;47.3500;522.1600;2388.0200;8148.8700;8.3960;393.0000;1.0000;0;WO561893;1,556.52
2026-07-02;ENG-062;102;2026-01-05 06:00:00;642.2300;1583.6900;1397.2900;554.5000;2388.0100;9057.2900;47.0300;522.5600;2388.0100;8138.7500;8.3749;392.0000;1.0000;0;WO987216;1,827.23
2026-07-02;ENG-080;51;2026-01-03 03:00:00;642.1300;1586.0000;1403.3100;553.7300;2388.0800;9068.5700;47.4200;522.1200;2388.0600;8142.3900;8.4128;394.0000;1.0000;0;WO359662;1856.46
2026/07/02;ENG-054;46;2026-01-02 22:00:00;641.6800;1578.9000;1395.6500;555.4400;2387.9800;9060.4700;47.0900;523.3300;2388.0300;8142.6600;8.3541;391.0000;1.0000;0;WO553035;2784.85
2026-07-02;eng-061;69;2026-01-03 21:00:00;641.8100;1587.9300;1396.9200;553.8600;2388.0000;9066.1900;47.5400;522.3100;2387.9800;8151.4500;8.4073;392.0000;0.8880;0;WO608447;2998.26
02-Jul-2026;ENG-084;108;2026-01-05 12:00:00;642.5600;1593.8300;1407.9600;553.1300;2388.0600;9057.9400;47.5200;521.7100;2388.1200;8137.3300;8.4078;395.0000;0.9760;0;WO225829;291.48
2026/07/02;  ENG-068 ;107;2026-01-05 11:00:00;643.0600;1589.8300;1405.2800;553.4700;2388.0800;9060.3000;47.4900;522.1600;2388.0600;8138.0400;8.4022;394.0000;0.7040;0;WO910869;1381.68
2026-07-02;ENG-061;102;2026-01-05 06:00:00;642.7900;1590.7200;1398.7700;554.0900;2388.0200;9064.1100;47.4500;521.8600;2388.0300;8149.3800;8.4333;392.0000;0.6240;0;WO301327;2947.87
2026/07/02;ENG-092;77;2026-01-04 05:00:00;643.2400;1598.1400;1409.1700;552.7100;2388.1800;9048.3500;47.7200;520.8200;2388.1400;8125.5900;8.4611;394.0000;0.7440;0;WO943497;2337.52
2026-07-02;ENG-063;81;2026-01-04 09:00:00;643.1100;1591.6300;1411.6400;553.8500;2388.0800;9055.1400;47.6400;521.7000;2388.0600;8132.2700;8.4174;393.0000;1.0000;0;WO576504;1488.09
2026/07/02;ENG-023;63;2026-01-03 15:00:00;641.9400;1588.3300;1400.3300;554.5000;2388.0100;9047.3000;47.3000;522.0000;2388.0500;8138.8200;8.3763;392.0000;1.0000;0;WO590097;1561.50
2026/07/02;ENG-093;141;2026-01-06 21:00:00;643.0800;1594.1600;1408.4700;552.7000;2388.0700;9065.2100;47.5000;520.8200;2388.1400;8136.0100;8.4729;395.0000;1.0000;0;WO415513;1,194.41
2026/07/02;ENG-034;74;2026-01-04 02:00:00;642.1200;1583.5700;1398.6200;554.8900;2388.0300;9065.7700;47.2200;522.8300;2388.0800;8146.6500;8.4098;390.0000;1.0000;0;WO828137;
2026-07-02;ENG-042;63;2026-01-03 15:00:00;642.3800;1585.7600;1400.1700;554.7100;2388.0700;9041.4900;47.3200;522.2200;2388.0300;8131.4800;8.3829;391.0000;0.8240;0;WO939893;1511.25
02-Jul-2026;ENG-056;82;2026-01-04 10:00:00;642.6700;1591.2300;1407.4500;552.7100;2388.1800;9042.9600;47.6900;520.6900;2388.1700;8123.5800;8.4712;393.0000;0.5520;0;WO484558;293.50
2026/07/02;ENG-005;64;2026-01-03 16:00:00;643.0000;1593.0700;1409.2800;553.4400;2388.1100;9054.4000;47.5700;521.4000;2388.1300;8132.8300;8.4067;392.0000;1.0000;0;WO757993;2208.14
2026/07/02;ENG-062;126;2026-01-06 06:00:00;642.3500;1585.0400;1402.1600;554.2100;2388.0300;9054.2000;47.1700;522.3200;2387.9800;8140.5800;8.4201;391.0000;1.0000;0;WO879809;380.62
2026-07-02;ENG-091;136;2026-01-06 16:00:00;643.0100;1592.2400;1414.4800;552.5800;2388.1700;9051.9500;47.7900;521.0700;2388.1800;8132.2500;8.4345;394.0000;1.0000;0;WO809417;1763.70
2026/07/02;ENG-052;108;2026-01-05 12:00:00;641.8400;1586.6100;1400.7800;553.7800;2388.0200;9059.4600;47.3100;522.4100;2388.0100;8146.7600;8.3836;392.0000;0.8800;0;WO594679;2985.52
2026/07/02;ENG-042;54;2026-01-03 06:00:00;642.6200;1580.6500;1397.4000;554.4400;2388.0000;9045.4800;47.2100;522.4200;2388.0400;8130.4000;8.3841;392.0000;0.8960;0;WO979979;2,570.44
2026/07/02;ENG-100;126;2026-01-06 06:00:00;641.9400;1592.1100;1404.3500;554.2000;2388.0300;9072.3600;47.2900;521.2600;2388.0200;8154.7400;8.3621;393.0000;0.7360;0;WO873974;2252.06
02-Jul-2026;ENG-032;65;2026-01-03 17:00:00;642.3900;1581.7200;1394.7400;555.1700;2388.0100;9063.5600;47.2500;522.5000;2388.0400;8147.5600;8.4072;390.0000;1.0000;0;WO699962;657.04
2026-07-02;ENG-003;53;2026-01-03 05:00:00;642.5300;1588.8600;1409.8800;553.2400;2388.1300;9046.6400;47.6000;521.2500;2388.1300;8126.8300;8.4125;393.0000;1.0000;0;WO207430;2899.79
2026/07/02;ENG-008;68;2026-01-03 20:00:00;642.3700;1584.4000;1402.2800;553.2600;2388.0600;9043.8600;47.3400;521.4200;2388.1300;8130.9600;8.4235;392.0000;1.0000;0;WO686936;2,682.67
02-Jul-2026;ENG-041;77;2026-01-04 05:00:00;642.3500;1580.1900;1396.4200;554.0500;2388.0900;9050.0800;47.3500;521.8000;2388.0600;8131.4200;8.3948;392.0000;0.5120;0;WO528650;2,999.92
2026-07-02;ENG-035;75;2026-01-04 03:00:00;642.8000;1590.6800;1412.9400;552.9900;2388.1100;9049.9900;47.3800;521.6600;2388.1400;8137.7100;8.4553;393.0000;1.0000;0;WO326774;504.37
2026-07-02;ENG-049;114;2026-01-05 18:00:00;642.3900;1588.1100;1400.2300;554.8100;2388.0000;9064.0500;47.0500;522.2500;2388.0000;8141.8700;8.4234;392.0000;1.0000;0;WO380006;956.81
2026-07-02;  ENG-018 ;88;2026-01-04 16:00:00;642.5700;1586.5700;1407.5600;554.5000;2388.0100;9066.0100;47.5200;521.5200;2388.0700;8136.8200;8.4619;394.0000;0.5840;0;WO768517;1,185.57
2026-07-02;ENG-076;121;2026-01-06 01:00:00;642.4900;1585.4200;1403.9300;554.2200;2388.0000;9067.2000;47.3300;521.7000;2388.0600;8147.0500;8.3977;393.0000;;0;WO975980;
2026/07/02;ENG-052;83;2026-01-04 11:00:00;642.2400;1574.3300;1395.3400;554.4400;2388.0200;9051.3200;47.1100;522.3500;2388.0000;8139.5600;8.3817;392.0000;1.0000;0;WO802153;1,351.44
02-Jul-2026;ENG-076;127;2026-01-06 07:00:00;641.9100;1584.0400;1398.9600;553.8400;2388.0400;9055.9300;47.2400;521.9700;2388.0600;8149.6800;8.3812;392.0000;0.7040;0;WO954226;174.78
2026/07/02;  ENG-100 ;91;2026-01-04 19:00:00;642.5300;1579.9900;1396.1000;554.1600;2388.0400;9057.0900;47.2400;522.6800;2388.0200;8150.7400;8.3939;392.0000;1.0000;0;WO177800;
02-Jul-2026;ENG-007;89;2026-01-04 17:00:00;642.5500;1582.7400;1398.8700;554.9200;2388.0200;9063.1500;47.4100;522.2600;2388.0900;8147.6200;8.4108;393.0000;1.0000;0;WO924022;96.14
02-Jul-2026;  ENG-086 ;73;2026-01-04 01:00:00;642.5000;1580.3000;1410.9000;553.6500;2388.1000;9063.3400;47.6600;522.1600;2388.0600;8142.1300;8.4611;394.0000;1.0000;0;WO883766;1,703.19
2026/07/02;  ENG-052 ;86;2026-01-04 14:00:00;641.9600;1591.5600;1393.2600;554.9200;2387.9400;9053.0600;47.2900;521.8800;2388.0200;8138.5400;8.3775;391.0000;1.0000;0;WO785689;2,145.92
2026/07/02;ENG-049;132;2026-01-06 12:00:00;642.2200;1584.4400;1395.7800;554.7100;2388.0100;9064.3500;47.3300;521.6500;2388.0100;8145.7800;8.4209;392.0000;1.0000;0;WO102648;1583.31
2026/07/02;  ENG-066 ;62;2026-01-03 14:00:00;642.4900;1588.0400;1402.9900;554.3800;2388.1000;9068.7600;47.6400;521.6500;2388.0900;8152.5100;8.4518;394.0000;0.7920;0;WO420768;2,092.03
2026-07-02;ENG-081;109;2026-01-05 13:00:00;642.5600;1585.6400;1400.1200;553.2100;2388.0300;9067.9000;47.4500;521.3700;2388.0500;8149.7900;8.4231;393.0000;0.8960;0;WO317571;524.90
2026-07-02;ENG-023;51;2026-01-03 03:00:00;641.8200;1581.2800;1393.3400;553.9800;2387.9900;9051.9900;47.3800;522.3900;2388.0500;8130.7500;8.3750;392.0000;1.0000;0;WO881038;1096.09
2026-07-02;  ENG-099 ;61;2026-01-03 13:00:00;641.9700;1583.4000;1396.7500;554.9500;2388.0200;9063.9900;47.2300;521.9100;2388.0000;8146.1000;8.3744;392.0000;1.0000;0;WO384870;2876.51
02-Jul-2026;eng-021;68;2026-01-03 20:00:00;642.4600;1581.1600;1395.6900;553.7200;2388.0800;9051.9800;47.1500;522.4600;2387.9700;8136.5700;8.3982;393.0000;1.0000;0;WO894312;1,597.41
02-Jul-2026;ENG-068;78;2026-01-04 06:00:00;642.5700;1587.1500;1405.3500;554.0400;2388.0800;9053.2900;47.2300;521.3500;2388.0500;8139.5300;8.4050;392.0000;0.9360;0;WO537094;2895.01
2026/07/02;  ENG-060 ;82;2026-01-04 10:00:00;643.1400;1592.7500;1403.1900;553.3600;2388.0700;9053.5700;47.5100;521.8600;2388.0200;8139.2800;8.4405;392.0000;1.0000;0;WO935056;1011.11
2026-07-02;ENG-046;76;2026-01-04 04:00:00;642.7000;1586.9000;1410.7100;553.2700;2388.0800;9055.3100;47.4700;521.6000;2387.9900;8145.3700;8.4447;393.0000;0.9360;0;WO549744;2,742.93
02-Jul-2026;ENG-071;30;2026-01-02 06:00:00;642.3900;1575.1600;1406.9500;554.9100;2387.9800;9062.8300;47.4300;521.5700;2387.9800;8150.9500;8.4140;391.0000;1.0000;0;WO170411;2,723.40
2026-07-02;ENG-042;104;2026-01-05 08:00:00;643.2200;1592.2200;1411.9600;554.1900;2388.1100;9051.6500;47.4200;521.9900;2388.1200;8131.6700;8.4343;394.0000;0.4960;0;WO188764;2951.69
2026-07-02;  ENG-049 ;148;2026-01-07 04:00:00;642.0200;1583.3200;1407.1100;554.6900;2388.0300;9058.1100;47.1800;522.1300;2388.0300;8140.0700;8.4120;392.0000;1.0000;0;WO310933;2,117.46
2026-07-02;ENG-097;57;2026-01-03 09:00:00;642.3900;1584.5200;1400.7500;553.9900;2388.0000;9066.5700;47.3400;522.0100;2387.9800;8149.0500;8.4306;392.0000;1.0000;0;WO671351;2,853.03
2026/07/02;ENG-042;57;2026-01-03 09:00:00;642.4000;1580.7800;1395.1700;554.4800;2388.0400;9046.2100;47.2800;522.5400;2388.0400;8129.3800;8.3878;390.0000;0.8720;0;WO652907;358.58
2026/07/02;ENG-088;30;2026-01-02 06:00:00;642.6200;1578.5800;1407.3300;553.5500;2388.1400;9039.4500;47.4900;521.2000;2388.1100;8127.7600;8.4305;393.0000;;0;WO985258;293.15
02-Jul-2026;ENG-005;55;2026-01-03 07:00:00;643.0000;1590.0800;1407.5900;553.1500;2388.1800;9049.1700;47.5900;521.4400;2388.1700;8129.8500;8.4463;394.0000;1.0000;0;WO346868;2643.42
2026/07/02;ENG-080;71;2026-01-03 23:00:00;642.3600;1583.4000;1397.6200;554.1700;2388.0800;9065.9600;47.3700;521.7900;2388.0400;8144.7900;8.4529;394.0000;1.0000;0;WO790563;2016.79
2026-07-02;ENG-066;76;2026-01-04 04:00:00;642.6800;1592.3100;1409.6800;554.3300;2388.1300;9065.8100;47.4500;521.4200;2388.0700;8142.8000;8.4039;393.0000;0.6800;0;WO318745;570.70
02-Jul-2026;ENG-023;68;2026-01-03 20:00:00;641.7100;1590.9700;1397.1100;553.8500;2388.0800;9052.0500;47.3600;522.4000;2388.0100;8134.6200;8.4006;392.0000;1.0000;0;WO871629;869.26
2026/07/02;ENG-086;39;2026-01-02 15:00:00;642.7100;1587.2400;1399.3100;553.7500;2388.0500;9052.2700;47.6000;521.9700;2388.0600;8131.5900;8.4242;395.0000;1.0000;0;WO843449;565.35
02-Jul-2026;ENG-045;60;2026-01-03 12:00:00;642.4400;1586.5100;1413.6100;552.7500;2388.0600;9060.4500;47.4700;521.1600;2388.0500;8142.1300;8.4251;392.0000;1.0000;0;WO765360;1139.89
02-Jul-2026;eng-041;63;2026-01-03 15:00:00;642.2200;1583.1500;1401.5100;553.7400;2388.1100;9047.3200;47.2900;522.3500;2388.0200;8132.7400;8.4017;393.0000;0.6240;0;WO480976;1097.63
2026-07-02;ENG-088;25;2026-01-02 01:00:00;642.3600;1585.0200;1400.8500;553.6900;2388.1200;9038.7800;47.7200;521.1300;2388.1400;8119.8000;8.4406;391.0000;1.0000;0;WO350351;1020.39
2026/07/02;ENG-090;86;2026-01-04 14:00:00;642.4500;1587.0100;1409.1000;553.0800;2388.1100;9057.5200;47.6200;521.4100;2388.1100;8142.2500;8.4158;395.0000;0.7040;0;WO637026;1,829.50
02-Jul-2026;ENG-074;51;2026-01-03 03:00:00;642.4900;1588.1300;1401.7900;553.6700;2388.0200;9059.2500;47.3800;521.7100;2388.0300;8141.7100;8.4869;392.0000;1.0000;0;WO461439;2509.43
2026-07-02;ENG-021;53;2026-01-03 05:00:00;641.7400;1587.1800;1401.3800;554.6200;2388.0600;9051.6000;47.2100;521.6700;2388.0500;8137.0300;8.3645;390.0000;1.0000;0;WO583304;249.63
02-Jul-2026;  ENG-060 ;98;2026-01-05 02:00:00;642.4200;1583.6500;1408.5100;554.6100;2388.0700;9050.8900;47.4400;521.9800;2388.0600;8136.6000;8.4471;393.0000;1.0000;0;WO272101;
2026-07-02;ENG-012;89;2026-01-04 17:00:00;642.5100;1577.1400;1394.5300;553.8700;2388.0500;9059.2800;47.1800;522.0000;2388.1000;8136.2300;8.4426;390.0000;1.0000;0;WO630524;1079.33
2026-07-02;ENG-079;49;2026-01-03 01:00:00;642.8500;1586.4500;1403.5400;554.1000;2388.0300;9056.3600;47.4100;521.9700;2388.0600;8132.9600;8.4144;392.0000;0.9200;0;WO549953;1618.98
02-Jul-2026;  ENG-004 ;58;2026-01-03 10:00:00;642.1800;1592.1300;1409.7500;553.3100;2388.0900;9049.1400;47.5600;521.1200;2388.0900;8130.6900;8.4464;393.0000;1.0000;0;WO813548;997.13
2026/07/02;ENG-065;45;2026-01-02 21:00:00;641.8600;1587.4900;1401.4800;554.6000;2387.9800;9062.6400;47.2600;522.7000;2387.9800;8149.3100;8.3653;390.0000;1.0000;0;WO544714;2085.85
2026/07/02;ENG-017;85;2026-01-04 13:00:00;641.9900;1578.1700;1401.1700;553.6300;2387.9800;9075.7800;47.3100;522.1300;2388.0100;8153.5100;8.4191;392.0000;1.0000;0;WO875732;2,672.38
2026-07-02;ENG-063;73;2026-01-04 01:00:00;642.4300;1591.8100;1409.0600;553.0500;2388.0800;9044.7900;47.3200;521.8500;2388.1300;8129.1600;8.4216;392.0000;1.0000;0;WO580508;1689.77
02-Jul-2026;ENG-072;45;2026-01-02 21:00:00;642.8500;1587.7000;1399.0100;554.2200;2388.0500;9058.4900;47.1500;522.0900;2388.0300;8144.3100;8.4142;391.0000;1.0000;0;WO312545;1283.63
2026/07/02;ENG-058;72;2026-01-04 00:00:00;642.7200;1591.4400;1400.9500;553.2400;2388.0600;9052.6700;47.3300;522.2300;2388.0600;8129.2200;8.4002;391.0000;1.0000;0;WO528537;215.86
02-Jul-2026;ENG-017;109;2026-01-05 13:00:00;642.3000;1591.9100;1410.0100;554.0700;2388.0100;9075.4900;47.4300;521.7300;2388.0600;8154.0600;8.4126;392.0000;0.8480;0;WO799081;
02-Jul-2026;  ENG-068 ;66;2026-01-03 18:00:00;642.1900;1584.9500;1400.0200;553.6200;2388.0000;9054.5300;47.5200;521.5900;2388.0400;8135.4800;8.4171;391.0000;1.0000;0;WO121831;2565.08
02-Jul-2026;ENG-063;72;2026-01-04 00:00:00;642.9700;1582.3200;1406.8000;553.2300;2388.1000;9053.3400;47.5200;521.3600;2388.0600;8132.9100;8.4543;393.0000;1.0000;0;WO632990;1478.75
02-Jul-2026;ENG-019;56;2026-01-03 08:00:00;642.0300;1582.3500;1402.4400;554.2900;2388.0800;9061.2900;47.3200;522.2700;2388.0200;8136.1300;8.3910;391.0000;1.0000;0;WO979907;1549.02
02-Jul-2026;ENG-051;93;2026-01-04 21:00:00;642.6700;1590.6300;1399.8700;554.0400;2388.1400;9052.3200;47.3900;520.5200;2388.1000;8132.9800;8.4347;393.0000;1.0000;0;WO533121;827.41
02-Jul-2026;ENG-013;72;2026-01-04 00:00:00;642.4000;1582.6000;1398.0600;554.9100;2388.0100;9058.0000;47.3200;522.4200;2388.0600;8149.4900;8.4411;391.0000;1.0000;0;WO425042;364.88
02-Jul-2026;ENG-098;68;2026-01-03 20:00:00;642.5600;1586.9300;1403.4400;553.8200;2388.1100;9060.0200;47.5900;521.9200;2388.0900;8139.5700;8.4172;392.0000;0.8960;0;WO189892;1,742.26
02-Jul-2026;ENG-071;36;2026-01-02 12:00:00;642.0700;1593.5400;1397.8300;554.1600;2388.0000;9065.6800;47.1400;521.7400;2388.0600;8147.0000;8.3966;391.0000;1.0000;0;WO840133;296.23
2026/07/02;ENG-038;46;2026-01-02 22:00:00;643.1100;1600.3900;1411.0100;552.3400;2388.0300;9056.8800;47.6600;521.8100;2388.1800;8136.6000;8.4326;394.0000;1.0000;0;WO532441;1724.76
2026-07-02;eng-017;88;2026-01-04 16:00:00;642.6300;1585.5400;1395.7400;554.8100;2388.0600;9068.4100;47.2900;522.6300;2388.0400;8151.4400;8.4019;392.0000;1.0000;0;WO635950;116.14
2026/07/02;eng-082;75;2026-01-04 03:00:00;642.1800;1587.5100;1409.3200;554.2200;2388.0700;9060.4800;47.5500;522.4100;2388.1200;8147.8100;8.4247;393.0000;;0;WO852334;960.84
02-Jul-2026;ENG-051;74;2026-01-04 02:00:00;643.0800;1584.5700;1409.3800;553.9100;2388.0600;9052.0300;47.4600;521.3500;2388.1000;8137.1500;8.4024;394.0000;1.0000;0;WO344925;1393.77
2026/07/02;ENG-077;57;2026-01-03 09:00:00;642.1800;1585.4200;1402.6200;554.1200;2388.0300;9050.2900;47.3700;522.1000;2388.0500;8132.3900;8.4023;391.0000;1.0000;0;WO928309;1,716.67
2026/07/02;ENG-032;67;2026-01-03 19:00:00;642.5900;1582.7900;1393.7900;555.0000;2388.0200;9071.5500;47.1100;522.5900;2388.0500;8153.7600;8.4293;392.0000;1.0000;0;WO699418;1352.54
02-Jul-2026;ENG-098;50;2026-01-03 02:00:00;642.9500;1593.0300;1408.6400;553.5800;2388.0700;9055.1300;47.5800;521.4200;2388.0900;8144.9200;8.4153;393.0000;1.0000;0;WO372878;622.83
2026-07-02;eng-092;63;2026-01-03 15:00:00;642.8900;1598.2400;1408.2300;553.2400;2388.1400;9039.5600;47.6400;521.3700;2388.1100;8122.6000;8.4534;393.0000;0.8560;0;WO159197;97.41
2026/07/02;ENG-063;100;2026-01-05 04:00:00;642.3600;1581.6500;1407.0500;553.7100;2388.0600;9054.6700;47.6200;521.3900;2388.1300;8127.7300;8.4546;392.0000;1.0000;0;WO676574;556.57
02-Jul-2026;ENG-021;85;2026-01-04 13:00:00;642.0500;1583.6300;1397.6900;555.1800;2388.0500;9057.8700;47.2000;522.0100;2388.0500;8143.8400;8.4154;392.0000;0.9600;0;WO739436;2,843.10
2026/07/02;ENG-058;107;2026-01-05 11:00:00;641.9600;1589.4800;1409.4400;553.3500;2388.1200;9050.2100;47.3300;521.6700;2388.1300;8134.4400;8.4518;391.0000;0.8480;0;WO196492;2028.09
2026/07/02;eng-076;107;2026-01-05 11:00:00;642.0800;1586.6800;1406.5200;554.6700;2388.0500;9054.1700;47.4300;522.0600;2388.0300;8141.6100;8.4224;393.0000;0.8640;0;WO226592;2964.09
02-Jul-2026;ENG-037;50;2026-01-03 02:00:00;642.0900;1591.0700;1407.5600;553.9500;2388.0500;9052.2000;47.2500;521.8800;2387.9800;8136.8600;8.3985;392.0000;0.7360;0;WO174693;678.83
2026-07-02;ENG-005;36;2026-01-02 12:00:00;642.3100;1586.7800;1406.1000;552.8100;2388.1300;9050.8400;47.5300;522.1000;2388.1300;8131.0400;8.4109;394.0000;1.0000;0;WO369739;1849.09
2026-07-02;eng-093;160;2026-01-07 16:00:00;642.7900;1586.7600;1412.8900;553.1500;2388.0900;9065.9700;47.5500;520.9100;2388.0700;8138.3200;8.4148;393.0000;1.0000;0;WO731210;127.05
2026-07-02;eng-049;162;2026-01-07 18:00:00;641.9200;1590.5200;1398.4800;554.6900;2387.9600;9064.0600;47.3300;522.5000;2388.0400;8142.0700;8.4144;393.0000;1.0000;0;WO475086;1551.90
02-Jul-2026;  ENG-008 ;100;2026-01-05 04:00:00;642.8000;1592.8600;1406.4400;553.6100;2388.1100;9049.6400;47.4900;521.6500;2388.1200;8129.2600;8.4467;392.0000;1.0000;0;WO610514;2371.20
2026-07-02;ENG-024;82;2026-01-04 10:00:00;642.4200;1590.4500;1404.4200;554.5000;2388.0100;9072.6500;47.1700;521.9800;2387.9700;8146.2900;8.3839;391.0000;0.9920;0;WO438650;2668.68
2026-07-02;ENG-012;103;2026-01-05 07:00:00;642.0100;1576.1600;1401.0100;554.3300;2388.0200;9061.3500;47.1400;522.2400;2388.0600;8141.1000;8.3686;392.0000;1.0000;0;WO387366;1542.42
02-Jul-2026;ENG-076;110;2026-01-05 14:00:00;642.7700;1579.1600;1394.3100;553.8600;2387.9800;9057.7600;47.3000;521.8700;2388.0100;8141.8300;8.4340;391.0000;;0;WO698996;909.82
2026/07/02;ENG-078;47;2026-01-02 23:00:00;642.7100;1582.4500;1395.5500;554.2100;2387.9700;9056.8700;47.2200;522.4700;2387.9900;8141.1800;8.4040;391.0000;1.0000;0;WO577901;151.89
02-Jul-2026;ENG-092;62;2026-01-03 14:00:00;642.5600;1596.8100;1408.0900;553.4000;2388.1900;9039.2200;47.4300;521.1100;2388.1700;8121.7500;8.4465;393.0000;0.8640;0;WO574596;1970.36
02-Jul-2026;ENG-082;86;2026-01-04 14:00:00;642.5700;1587.9700;1399.9000;553.5500;2388.0600;9063.6300;47.2900;522.0800;2388.0400;8141.9300;8.4502;394.0000;0.6800;0;WO873056;2347.35
2026/07/02;ENG-051;95;2026-01-04 23:00:00;642.7600;1586.7400;1399.7400;554.0700;2388.0700;9057.5500;47.5600;521.4600;2388.1000;8129.1600;8.4366;393.0000;1.0000;0;WO449008;2908.68
02-Jul-2026;ENG-091;105;2026-01-05 09:00:00;643.2500;1596.5800;1410.0700;552.9400;2388.1200;9044.8700;47.4800;521.2600;2388.1400;8124.6500;8.4698;394.0000;1.0000;0;WO553459;1,880.76
2026-07-02;ENG-078;42;2026-01-02 18:00:00;642.1000;1575.2100;1391.2300;554.7600;2387.9300;9063.1300;47.2300;522.4600;2387.9800;8146.7300;8.3904;390.0000;1.0000;0;WO318066;961.37
2026-07-02;ENG-058;91;2026-01-04 19:00:00;642.5000;1588.0500;1402.7200;553.2300;2388.1100;9052.8900;47.5000;521.9500;2388.1300;8137.6200;8.4292;393.0000;0.9760;0;WO203240;884.69
2026/07/02;ENG-029;61;2026-01-03 13:00:00;642.5600;1587.7900;1400.3500;553.7700;2388.0200;9056.4300;47.3200;522.2200;2388.0200;8138.1200;8.3873;392.0000;1.0000;0;WO821347;263.56
02-Jul-2026;  ENG-031 ;126;2026-01-06 06:00:00;642.5400;1585.9900;1403.2700;554.4400;2388.0500;9073.3100;47.4500;521.5800;2388.0600;8146.4000;8.4433;394.0000;0.6240;0;WO532373;1108.42
2026/07/02;ENG-062;133;2026-01-06 13:00:00;642.3700;1588.2700;1389.4600;554.6600;2387.9900;9061.3900;47.3100;522.3800;2388.0500;8140.5400;8.3944;393.0000;1.0000;0;WO782463;1,285.84
2026/07/02;ENG-010;66;2026-01-03 18:00:00;641.6900;1588.5800;1406.9000;554.1100;2388.0500;9060.6100;47.1500;522.3800;2388.0600;8143.4700;8.4266;392.0000;1.0000;0;WO569823;1,712.45
02-Jul-2026;ENG-020;94;2026-01-04 22:00:00;642.3900;1586.6400;1398.5700;554.0500;2388.0600;9064.7500;47.5600;521.4600;2388.0600;8142.7700;8.4555;393.0000;0.8480;0;WO326072;122.53
2026/07/02;ENG-098;60;2026-01-03 12:00:00;642.2400;1588.0300;1407.7600;553.1400;2388.0700;9055.7900;47.3900;521.3500;2388.1000;8142.6300;8.4126;393.0000;0.9600;0;WO191767;2688.84
2026-07-02;ENG-080;65;2026-01-03 17:00:00;642.3500;1583.6800;1402.7300;553.7600;2388.0600;9060.8500;47.2600;521.2400;2388.0700;8142.9900;8.4286;391.0000;1.0000;0;WO805858;2668.26
02-Jul-2026;ENG-031;71;2026-01-03 23:00:00;642.1200;1583.1400;1398.0200;554.2300;2387.9200;9063.7000;47.3100;522.0600;2388.0300;8148.0500;8.4223;391.0000;1.0000;0;WO102421;2,139.91
02-Jul-2026;ENG-082;87;2026-01-04 15:00:00;642.6000;1589.5900;1407.3500;553.6700;2388.0900;9061.8800;47.3100;521.6100;2388.0200;8139.6900;8.4085;395.0000;0.6720;0;WO100836;2480.20
2026/07/02;ENG-034;90;2026-01-04 18:00:00;642.1400;1589.9800;1400.0300;554.1900;2388.0400;9066.4500;47.2100;522.5600;2387.9900;8144.2100;8.3842;392.0000;0.9600;0;WO795127;1525.69
2026/07/02;ENG-082;58;2026-01-03 10:00:00;642.5400;1585.6300;1399.5800;553.5600;2388.0400;9053.9600;47.4600;522.0100;2388.0300;8146.9500;8.4209;391.0000;0.9040;0;WO979613;2481.10
2026/07/02;ENG-029;87;2026-01-04 15:00:00;642.8000;1582.5800;1408.8800;553.7300;2388.0700;9061.6300;47.4100;522.3400;2388.0100;8135.5800;8.4111;392.0000;;0;WO438772;2540.84
02-Jul-2026;ENG-041;51;2026-01-03 03:00:00;642.4100;1586.0400;1395.5900;553.7900;2388.0200;9052.7200;47.2900;522.2800;2388.0200;8132.0100;8.4265;390.0000;0.7200;0;WO774059;338.16
02-Jul-2026;ENG-001;14;2026-01-01 14:00:00;642.2300;1583.1600;1402.8800;554.6600;2388.0300;9045.3000;47.2400;521.9500;2388.0600;8130.3000;8.4293;392.0000;1.0000;0;WO814384;2,049.60
2026/07/02;  ENG-067 ;31;2026-01-02 07:00:00;642.0300;1587.3600;1404.5100;553.5100;2388.0700;9064.3500;47.3600;521.6400;2388.0500;8144.5000;8.4314;391.0000;0.9360;0;WO662123;961.97
2026/07/02;ENG-063;88;2026-01-04 16:00:00;642.7400;1584.6400;1414.5700;553.5500;2388.1000;9048.0600;47.5500;521.7500;2388.1400;8129.3400;8.4296;393.0000;1.0000;0;WO392139;2325.24
2026/07/02;ENG-056;58;2026-01-03 10:00:00;642.9700;1593.0000;1414.4800;553.6900;2388.1800;9044.3600;47.6100;521.2500;2388.1200;8127.6200;8.4375;392.0000;0.7440;0;WO819919;871.85
2026-07-02;ENG-005;37;2026-01-02 13:00:00;642.3300;1588.2100;1408.3900;553.2700;2388.1400;9057.6500;47.5400;521.3500;2388.1000;8129.7900;8.4637;393.0000;1.0000;0;WO196313;1024.33
2026/07/02;  ENG-083 ;34;2026-01-02 10:00:00;642.4200;1589.0900;1407.1300;554.1600;2388.0300;9060.2900;47.2400;522.3500;2388.0100;8137.4300;8.4097;393.0000;1.0000;0;WO945800;1,387.41
2026-07-02;ENG-060;53;2026-01-03 05:00:00;641.7800;1589.4500;1409.8500;553.8900;2388.0700;9059.1800;47.3000;521.5100;2388.0200;8136.3600;8.4611;394.0000;1.0000;0;WO594185;979.59
02-Jul-2026;eng-063;92;2026-01-04 20:00:00;642.4200;1586.7300;1411.3000;553.9600;2388.0900;9052.4300;47.5400;521.5300;2388.0900;8131.9000;8.4521;394.0000;1.0000;0;WO604797;977.75
02-Jul-2026;ENG-012;113;2026-01-05 17:00:00;641.7300;1583.0100;1399.7000;553.4400;2388.0500;9062.5600;47.3500;522.2600;2388.0100;8132.0000;8.3946;392.0000;1.0000;0;WO854530;1,232.57
2026-07-02;ENG-015;51;2026-01-03 03:00:00;642.1000;1586.2300;1395.3500;554.0200;2387.9500;9058.8800;47.3500;521.9200;2388.0400;8138.5700;8.3983;393.0000;0.8640;0;WO174686;1,048.07
2026-07-02;ENG-019;55;2026-01-03 07:00:00;642.1500;1580.5900;1390.7700;554.5000;2388.0200;9058.9000;47.2500;522.3700;2388.0400;8132.4200;8.3873;392.0000;1.0000;0;WO381277;775.97
02-Jul-2026;ENG-035;119;2026-01-05 23:00:00;642.7100;1585.9500;1412.7600;552.8700;2388.1000;9057.9000;47.6400;520.8500;2388.1200;8144.3900;8.4525;393.0000;;0;WO220512;1374.61
02-Jul-2026;ENG-064;62;2026-01-03 14:00:00;642.0800;1585.9800;1395.3100;553.9100;2388.0700;9050.1200;47.3700;522.2300;2388.1100;8136.2800;8.4285;391.0000;;0;WO505331;2,037.66
2026/07/02;ENG-057;64;2026-01-03 16:00:00;642.5900;1586.3400;1398.0300;553.3600;2388.1600;9051.6900;47.2300;521.4900;2388.1000;8129.1600;8.4000;393.0000;1.0000;0;WO964045;2,492.11
2026/07/02;  ENG-059 ;42;2026-01-02 18:00:00;642.6200;1587.2600;1396.1100;554.0400;2388.0000;9054.2200;47.1900;521.6200;2388.0600;8140.2800;8.3975;392.0000;1.0000;0;WO884558;1811.15
2026-07-02;ENG-090;71;2026-01-03 23:00:00;642.4700;1586.8100;1408.9000;553.1700;2388.0600;9057.1000;47.5100;521.8600;2388.0700;8136.2200;8.4137;394.0000;0.8240;0;WO885064;621.81
2026/07/02;ENG-088;35;2026-01-02 11:00:00;643.2300;1594.8400;1403.5900;553.1100;2388.1700;9043.9700;47.5300;521.4900;2388.1500;8125.5000;8.4012;394.0000;1.0000;0;WO952476;393.47
2026/07/02;ENG-021;74;2026-01-04 02:00:00;641.9800;1587.2200;1400.6700;554.5400;2388.1000;9051.1700;47.1900;522.0800;2388.0500;8137.4800;8.4178;393.0000;1.0000;0;WO363637;79.16
02-Jul-2026;ENG-026;29;2026-01-02 05:00:00;642.2400;1582.7400;1397.6900;554.4700;2387.9800;9065.2100;47.2300;521.8100;2388.0200;8144.2200;8.3919;392.0000;1.0000;0;WO111031;1,702.70
2026-07-02;ENG-066;84;2026-01-04 12:00:00;642.7600;1589.4600;1404.3700;553.5300;2388.0900;9078.1300;47.4700;520.7300;2388.0700;8148.2500;8.4515;392.0000;0.6160;0;WO467194;1632.81
2026-07-02;ENG-092;93;2026-01-04 21:00:00;642.7400;1591.1200;1412.7100;552.9600;2388.2000;9046.5200;47.6900;521.3400;2388.1700;8119.0900;8.4430;394.0000;0.6160;0;WO641588;908.79
02-Jul-2026;ENG-062;100;2026-01-05 04:00:00;642.3100;1583.4100;1393.3000;554.4300;2388.0000;9054.3400;47.2900;522.4200;2388.0300;8141.8100;8.3972;391.0000;1.0000;0;WO290119;736.08
02-Jul-2026;eng-029;110;2026-01-05 14:00:00;641.9200;1593.9700;1402.5000;554.0700;2388.0200;9061.0300;47.3000;521.7000;2388.0700;8144.2900;8.4692;391.0000;1.0000;0;WO555898;563.74
2026-07-02;ENG-096;38;2026-01-02 14:00:00;641.9700;1579.4100;1406.7500;554.0800;2387.9700;9065.9300;47.0300;522.6700;2387.9800;8147.3000;8.4071;392.0000;1.0000;0;WO149834;926.33
2026/07/02;ENG-017;75;2026-01-04 03:00:00;642.1400;1583.4400;1406.1000;553.9200;2388.0000;9066.7200;47.3500;522.2200;2388.0300;8156.3800;8.4142;391.0000;1.0000;0;WO593490;2303.17
02-Jul-2026;ENG-031;112;2026-01-05 16:00:00;642.1700;1589.3200;1408.7700;553.4300;2388.0500;9078.6200;47.3900;521.7700;2388.1000;8148.4500;8.4252;391.0000;0.7360;0;WO703490;121.03
2026-07-02;ENG-049;198;2026-01-09 06:00:00;642.3600;1583.5700;1401.9900;554.0300;2388.0400;9063.5300;47.3100;521.4700;2388.0500;8142.7700;8.4154;393.0000;1.0000;0;WO469533;2584.25
2026-07-02;ENG-064;79;2026-01-04 07:00:00;642.8000;1594.4200;1408.1900;553.9800;2388.0700;9055.5900;47.4600;521.8600;2388.1100;8134.0100;8.4303;394.0000;0.9360;0;WO890054;1,896.82
2026/07/02;ENG-016;73;2026-01-04 01:00:00;641.9000;1584.5100;1400.0100;554.2900;2388.0600;9061.5000;47.2700;522.4100;2388.0800;8140.8300;8.3929;391.0000;;0;WO181292;835.47
02-Jul-2026;ENG-089;99;2026-01-05 03:00:00;643.1400;1590.5300;1406.8500;553.4100;2388.0500;9053.0200;47.6800;521.3600;2388.1300;8123.0000;8.4206;393.0000;1.0000;0;WO866850;1913.55
02-Jul-2026;ENG-073;71;2026-01-03 23:00:00;642.0900;1579.8200;1404.2500;554.4700;2387.9900;9052.0300;47.1500;522.2700;2388.0400;8132.9800;8.4070;391.0000;1.0000;0;WO301078;1730.55
2026/07/02;ENG-098;48;2026-01-03 00:00:00;641.9300;1585.9500;1403.4000;554.9000;2388.0900;9063.6300;47.6100;521.3700;2388.0500;8141.8500;8.4026;393.0000;1.0000;0;WO140397;2597.74
2026-07-02;ENG-053;63;2026-01-03 15:00:00;642.4500;1580.6100;1408.7100;554.1000;2388.0700;9051.8500;47.3700;522.1800;2388.1100;8136.1300;8.4416;393.0000;1.0000;0;WO981542;1988.65
2026-07-02;ENG-100;123;2026-01-06 03:00:00;642.5400;1582.3000;1402.3000;554.3600;2388.0100;9071.2500;47.4300;521.8700;2388.0400;8148.4200;8.4123;391.0000;0.7600;0;WO225748;360.86
2026/07/02;ENG-046;92;2026-01-04 20:00:00;642.7700;1594.7400;1408.7500;553.7800;2388.0700;9069.9800;47.6100;521.2300;2388.0500;8150.6600;8.3891;392.0000;0.8080;0;WO302388;
02-Jul-2026;ENG-073;41;2026-01-02 17:00:00;642.0900;1583.2500;1401.8200;553.6500;2388.0000;9051.8200;47.2600;522.5200;2388.0000;8141.0800;8.3866;391.0000;1.0000;0;WO990358;764.88
2026/07/02;ENG-034;71;2026-01-03 23:00:00;641.7600;1589.1400;1400.7000;554.1600;2388.0000;9060.4900;47.1800;522.5400;2387.9800;8143.7300;8.4218;393.0000;1.0000;0;WO204533;1217.19
2026/07/02;  ENG-074 ;84;2026-01-04 12:00:00;642.0100;1592.4800;1404.2200;553.5500;2388.1000;9055.7400;47.5500;521.7200;2388.0700;8138.9900;8.4111;392.0000;1.0000;0;WO862387;511.33
02-Jul-2026;  ENG-060 ;92;2026-01-04 20:00:00;641.4400;1587.6300;1402.6800;552.8400;2388.0800;9053.6900;47.4500;521.2800;2388.1000;8133.7700;8.4493;391.0000;1.0000;0;WO939613;2496.05
2026-07-02;ENG-068;102;2026-01-05 06:00:00;642.9200;1589.3100;1406.5400;553.8500;2388.1300;9053.9200;47.3700;521.1900;2388.1300;8136.9200;8.4088;392.0000;0.7440;0;WO540266;1486.95
2026/07/02;  ENG-045 ;102;2026-01-05 06:00:00;642.8900;1592.7000;1400.4600;553.0300;2388.1100;9056.3800;47.3900;521.3100;2388.1400;8139.8500;8.4341;394.0000;;0;WO872287;1924.84
02-Jul-2026;ENG-043;115;2026-01-05 19:00:00;642.8200;1585.7000;1401.7900;553.2900;2388.0700;9051.3000;47.5000;521.5200;2388.0900;8139.1600;8.4273;392.0000;0.9280;0;WO271032;867.93
2026/07/02;ENG-055;52;2026-01-03 04:00:00;642.5100;1585.4400;1401.3400;554.1600;2388.1200;9059.3500;47.3700;522.1100;2388.0200;8137.3300;8.4379;392.0000;1.0000;0;WO155652;1,711.92
02-Jul-2026;ENG-062;110;2026-01-05 14:00:00;642.1900;1582.0300;1401.6800;555.0500;2388.0400;9063.6700;47.1900;522.1100;2388.0200;8142.6400;8.3651;391.0000;;0;WO695895;705.30
02-Jul-2026;ENG-056;52;2026-01-03 04:00:00;642.4400;1581.1800;1408.4700;553.5700;2388.1300;9041.5800;47.7500;520.9300;2388.1400;8123.1800;8.4675;391.0000;0.7920;0;WO292348;1,684.95
2026-07-02;  ENG-007 ;74;2026-01-04 02:00:00;642.0100;1591.2900;1402.7800;554.4700;2387.9900;9061.2400;47.3300;522.4500;2388.0500;8140.8800;8.4235;391.0000;1.0000;0;WO601628;166.84
2026-07-02;ENG-059;60;2026-01-03 12:00:00;641.9000;1584.5100;1395.4800;555.2700;2388.0300;9057.6200;47.2100;522.2500;2388.0400;8140.1100;8.4269;392.0000;1.0000;0;WO671955;
02-Jul-2026;  ENG-007 ;57;2026-01-03 09:00:00;642.2200;1576.2000;1401.4600;554.5100;2388.0400;9063.8100;47.2700;522.8500;2388.0000;8137.9100;8.3829;391.0000;1.0000;0;WO242537;1,248.34
2026/07/02;ENG-058;110;2026-01-05 14:00:00;642.8300;1581.2400;1407.8700;553.9500;2388.1100;9046.0200;47.4200;521.4000;2388.0600;8128.1700;8.4791;393.0000;0.8240;0;WO163696;2616.83
02-Jul-2026;  ENG-007 ;88;2026-01-04 16:00:00;642.4200;1583.3900;1406.6600;554.0800;2388.0300;9053.4700;47.1800;522.4900;2388.0100;8146.8700;8.4461;391.0000;1.0000;0;WO385502;2772.08
2026/07/02;eng-009;22;2026-01-01 22:00:00;642.6100;1592.1600;1409.0900;553.9600;2388.0900;9050.4200;47.5900;521.7300;2388.1400;8132.6900;8.4250;392.0000;1.0000;0;WO121600;1950.47
02-Jul-2026;ENG-074;78;2026-01-04 06:00:00;642.2800;1590.9400;1404.5900;553.3800;2388.0700;9061.5300;47.4300;521.7000;2388.0700;8141.7200;8.4410;394.0000;1.0000;0;WO587977;
2026-07-02;ENG-081;116;2026-01-05 20:00:00;642.4800;1592.2600;1405.2300;553.5900;2388.0500;9076.4200;47.2200;521.4000;2388.0700;8151.0900;8.4337;393.0000;0.8400;0;WO530939;354.63
2026/07/02;  ENG-089 ;69;2026-01-03 21:00:00;642.2300;1590.7400;1409.3500;553.8900;2388.1200;9053.1400;47.4800;521.3900;2388.1400;8125.2000;8.4125;393.0000;1.0000;0;WO608702;1,093.33
02-Jul-2026;ENG-052;67;2026-01-03 19:00:00;641.7400;1582.5800;1400.2000;554.5400;2387.9600;9063.1500;47.3200;522.6200;2388.0200;8134.9500;8.3844;392.0000;1.0000;0;WO909523;2830.37
02-Jul-2026;ENG-026;48;2026-01-03 00:00:00;641.7000;1587.2900;1396.9600;554.0600;2388.0300;9073.4400;47.2200;522.8000;2387.9800;8142.5000;8.4259;391.0000;1.0000;0;WO401074;1,524.18
2026-07-02;ENG-011;50;2026-01-03 02:00:00;642.9200;1591.4200;1410.9600;553.2100;2388.1800;9033.0400;47.6700;521.6700;2388.1700;8119.6000;8.4825;394.0000;1.0000;0;WO125185;
02-Jul-2026;ENG-037;51;2026-01-03 03:00:00;642.1600;1583.2100;1404.7900;554.1400;2388.0400;9050.3200;47.1900;521.9100;2388.0100;8136.0700;8.3670;391.0000;0.7280;0;WO166660;1,297.91
2026-07-02;ENG-054;57;2026-01-03 09:00:00;642.0700;1578.2800;1395.9900;554.5400;2387.9800;9059.4700;47.2500;522.5800;2388.0000;8143.3600;8.3818;392.0000;1.0000;0;WO309606;2465.73
02-Jul-2026;ENG-070;61;2026-01-03 13:00:00;641.8500;1585.1100;1410.7300;554.2300;2388.0600;9055.9600;47.2000;521.4500;2388.0600;8134.4900;8.4282;391.0000;1.0000;0;WO300309;1,097.51
2026-07-02;eng-082;108;2026-01-05 12:00:00;643.0500;1591.3200;1406.8200;553.3200;2388.1700;9065.5100;47.6100;521.4900;2388.1000;8138.6900;8.4430;393.0000;0.5040;0;WO625633;1428.44
02-Jul-2026;ENG-040;76;2026-01-04 04:00:00;642.9200;1593.1900;1415.4200;552.6400;2388.1500;9060.0500;47.5200;521.4500;2388.1300;8140.2600;8.4429;394.0000;;0;WO286367;2612.56
2026/07/02;ENG-053;68;2026-01-03 20:00:00;641.8300;1588.4200;1414.2200;553.7100;2388.0700;9051.6400;47.4100;521.6200;2388.1200;8143.0700;8.3770;393.0000;0.9760;0;WO912415;1,301.38
2026/07/02;ENG-040;72;2026-01-04 00:00:00;643.0600;1602.1000;1411.3500;552.7400;2388.1500;9051.7300;47.3600;520.6400;2388.0900;8134.2600;8.4395;393.0000;0.7120;0;WO134547;
2026-07-02;ENG-074;65;2026-01-03 17:00:00;642.6000;1586.0400;1405.0900;553.7200;2388.0500;9063.7800;47.4000;521.9100;2388.1000;8137.7100;8.3973;393.0000;1.0000;0;WO658744;2748.03
2026-07-02;ENG-012;130;2026-01-06 10:00:00;642.5100;1587.0200;1409.4100;554.3600;2388.0300;9054.1200;47.2100;522.2700;2388.0500;8144.1100;8.3915;392.0000;1.0000;0;WO171609;1,624.96
02-Jul-2026;ENG-008;80;2026-01-04 08:00:00;642.8500;1588.7000;1407.4900;553.5300;2388.0900;9044.1800;47.4800;521.4800;2388.1100;8132.0700;8.4010;391.0000;1.0000;0;WO244251;589.40
2026/07/02;eng-063;54;2026-01-03 06:00:00;642.8900;1582.2900;1410.1700;553.4000;2388.1100;9044.1400;47.4300;521.4100;2388.1300;8130.1900;8.4690;393.0000;1.0000;0;WO769861;2,387.40
02-Jul-2026;  ENG-092 ;81;2026-01-04 09:00:00;642.8300;1591.1500;1410.7000;552.7000;2388.1400;9038.7800;47.6100;521.1700;2388.1700;8120.1700;8.4415;394.0000;0.7120;0;WO792961;2997.55
2026-07-02;  ENG-086 ;48;2026-01-03 00:00:00;642.4000;1588.6200;1402.0600;553.5200;2388.0300;9061.5000;47.4700;521.6200;2388.0600;8140.9000;8.4214;393.0000;1.0000;0;WO432315;2401.12
2026-07-02;eng-013;106;2026-01-05 10:00:00;642.2700;1584.8500;1396.4100;554.9500;2388.0200;9062.1600;47.2100;522.2400;2388.0500;8144.8200;8.4144;392.0000;1.0000;0;WO736858;147.17
02-Jul-2026;ENG-100;73;2026-01-04 01:00:00;642.2100;1586.6300;1391.3500;554.0600;2388.0700;9063.6900;47.1900;522.2600;2388.0100;8138.6400;8.4052;392.0000;1.0000;0;WO476832;2379.71
02-Jul-2026;eng-069;33;2026-01-02 09:00:00;641.7700;1590.7900;1401.9500;554.1400;2388.1300;9039.9900;47.2600;521.5600;2388.1200;8126.8000;8.4264;394.0000;1.0000;0;WO614277;1073.82
2026/07/02;ENG-052;88;2026-01-04 16:00:00;642.6200;1587.5400;1391.0600;554.0200;2388.0500;9059.7000;46.9700;522.4000;2388.0200;8139.3700;8.3914;391.0000;1.0000;0;WO790469;254.71
2026-07-02;ENG-005;57;2026-01-03 09:00:00;642.2500;1582.2300;1412.6400;553.5800;2388.1100;9056.5000;47.3300;521.6600;2388.0800;8130.7600;8.4243;392.0000;1.0000;0;WO543877;2,985.55
02-Jul-2026;eng-091;118;2026-01-05 22:00:00;642.6200;1594.1600;1410.6600;553.3200;2388.1500;9049.4300;47.5100;520.8600;2388.1200;8134.4700;8.4539;393.0000;1.0000;0;WO799727;666.12
2026/07/02;ENG-059;54;2026-01-03 06:00:00;641.6700;1586.0600;1384.3900;554.1300;2388.0400;9057.6300;47.3700;522.1200;2387.9900;8139.7300;8.4057;390.0000;1.0000;0;WO406301;1093.99
02-Jul-2026;ENG-010;106;2026-01-05 10:00:00;641.8700;1589.3800;1399.9000;554.1000;2388.0200;9064.1100;47.2800;521.8300;2388.0500;8139.9900;8.4345;393.0000;1.0000;0;WO394124;1446.42
2026-07-02;eng-040;57;2026-01-03 09:00:00;642.8300;1594.7400;1407.9100;552.3800;2388.0800;9066.8100;47.6800;521.3900;2388.0800;8137.1100;8.4223;393.0000;0.8320;0;WO746292;1174.34
2026/07/02;ENG-050;47;2026-01-02 23:00:00;642.4500;1585.7000;1403.8600;553.6000;2388.0800;9058.9500;47.4600;522.3600;2388.0400;8145.4800;8.4038;392.0000;0.8480;0;WO411753;359.12
2026-07-02;ENG-053;95;2026-01-04 23:00:00;642.6900;1595.6800;1401.2800;554.1700;2388.0100;9064.4800;47.3700;522.3900;2388.1200;8141.8800;8.4188;393.0000;0.7600;0;WO277717;
2026-07-02;ENG-010;116;2026-01-05 20:00:00;642.2300;1589.8900;1404.0100;553.6300;2388.0500;9065.7200;47.2100;521.9000;2388.0100;8142.0600;8.4160;392.0000;1.0000;0;WO840988;643.81
2026-07-02;  ENG-098 ;51;2026-01-03 03:00:00;642.6900;1588.7500;1408.8000;553.3600;2388.0600;9062.1500;47.4700;521.4400;2388.0700;8137.8300;8.4376;393.0000;1.0000;0;WO106610;2953.61
2026/07/02;ENG-095;50;2026-01-03 02:00:00;642.5300;1584.8000;1397.8200;554.1900;2388.0500;9047.3700;47.2600;522.0100;2388.1000;8128.2400;8.4212;393.0000;1.0000;0;WO258020;
02-Jul-2026;ENG-049;122;2026-01-06 02:00:00;642.1000;1597.8800;1403.2900;554.4700;2387.9900;9064.6400;47.3100;522.1700;2388.0400;8144.3600;8.4484;393.0000;1.0000;0;WO377892;785.51
2026/07/02;ENG-038;81;2026-01-04 09:00:00;643.2000;1594.3100;1408.1400;553.0000;2388.0600;9060.3600;47.7200;521.0100;2388.1200;8138.2100;8.4470;392.0000;0.7520;0;WO600472;865.57
02-Jul-2026;ENG-036;60;2026-01-03 12:00:00;643.5500;1589.6600;1417.2000;552.9300;2388.1100;9056.2100;47.6200;521.3200;2388.1400;8135.3200;8.4433;394.0000;0.6800;0;WO342212;
2026-07-02;ENG-020;82;2026-01-04 10:00:00;642.1700;1582.7300;1405.6200;554.5000;2388.0300;9064.7000;47.3300;521.5800;2388.0200;8146.3500;8.4052;393.0000;0.9440;0;WO925592;2,600.57
02-Jul-2026;ENG-007;85;2026-01-04 13:00:00;641.8800;1591.8700;1392.2700;554.8100;2388.0400;9060.2200;47.1400;521.8400;2388.0300;8140.3900;8.3812;391.0000;1.0000;0;WO297232;2,120.40
02-Jul-2026;ENG-015;47;2026-01-02 23:00:00;642.6600;1584.9800;1398.4200;554.4000;2388.0200;9051.7500;47.0900;522.4200;2388.0400;8138.2800;8.4264;393.0000;0.8960;0;WO304726;314.22
2026/07/02;eng-035;87;2026-01-04 15:00:00;642.9400;1599.9400;1408.6400;553.6100;2388.1000;9052.2800;47.5100;521.4900;2388.1600;8128.0300;8.4806;395.0000;0.9760;0;WO949818;759.99
02-Jul-2026;ENG-001;15;2026-01-01 15:00:00;642.5000;1584.8100;1398.7900;554.1500;2388.0000;9052.5900;47.3500;521.3800;2388.0000;8133.6200;8.4163;392.0000;1.0000;0;WO947642;2518.24
2026-07-02;ENG-077;59;2026-01-03 11:00:00;642.3000;1591.8500;1392.6600;553.8300;2388.0400;9053.6700;47.3300;521.9500;2388.0900;8133.6200;8.4006;392.0000;1.0000;0;WO990572;2195.54
2026-07-02;ENG-092;82;2026-01-04 10:00:00;642.4300;1597.2000;1413.4700;552.7800;2388.1000;9039.2600;47.6800;521.6900;2388.1400;8120.2000;8.4304;393.0000;;0;WO427980;1507.34
2026-07-02;ENG-091;93;2026-01-04 21:00:00;642.3200;1592.6900;1414.0600;552.8400;2388.0900;9050.5000;47.5700;520.9400;2388.1300;8129.6200;8.4595;394.0000;1.0000;0;WO367615;2,510.69
2026-07-02;ENG-030;60;2026-01-03 12:00:00;643.2800;1586.6800;1412.0900;553.4600;2388.1100;9047.2000;47.5900;520.8400;2388.1200;8121.8400;8.4487;394.0000;1.0000;0;WO211033;2,873.45
02-Jul-2026;  ENG-032 ;81;2026-01-04 09:00:00;642.1000;1585.8100;1402.6200;553.8500;2388.0100;9073.0200;47.2500;521.9300;2388.0200;8152.1300;8.4161;392.0000;0.8960;0;WO458048;2352.02
2026/07/02;ENG-051;49;2026-01-03 01:00:00;642.2700;1586.0000;1397.1900;553.8500;2388.0300;9048.3400;47.5400;521.6600;2388.1100;8131.6000;8.4213;392.0000;1.0000;0;WO117066;1,272.03
2026-07-02;ENG-005;43;2026-01-02 19:00:00;642.9900;1593.8300;1409.2900;553.8700;2388.0300;9049.7100;47.5200;521.4000;2388.0900;8131.8600;8.3980;393.0000;1.0000;0;WO155000;662.98
02-Jul-2026;ENG-086;61;2026-01-03 13:00:00;642.2100;1583.3100;1403.6500;553.7500;2388.1500;9058.3200;47.4200;521.3700;2388.1100;8144.1300;8.4028;393.0000;1.0000;0;WO574787;2925.10
2026-07-02;ENG-046;98;2026-01-05 02:00:00;642.2600;1593.9900;1407.0000;553.7800;2388.0300;9071.3100;47.5900;520.6300;2388.0000;8155.3400;8.4316;392.0000;0.7600;0;WO653928;940.41
2026-07-02;ENG-020;74;2026-01-04 02:00:00;642.5100;1590.2700;1409.9100;552.9100;2388.0700;9062.7600;47.2700;521.9800;2388.0400;8141.8900;8.4021;392.0000;1.0000;0;WO349799;88.17
2026/07/02;ENG-027;79;2026-01-04 07:00:00;642.1700;1583.8400;1397.9200;554.4100;2388.0500;9052.5900;47.2700;521.9100;2388.0800;8129.2200;8.3952;391.0000;1.0000;0;WO293886;420.77
2026/07/02;eng-060;83;2026-01-04 11:00:00;642.2600;1590.6200;1406.7900;553.5900;2388.0200;9054.4000;47.3900;521.7700;2388.0900;8137.0900;8.4385;391.0000;1.0000;0;WO346550;290.54
2026-07-02;ENG-065;39;2026-01-02 15:00:00;642.2300;1590.1900;1395.9300;554.4000;2387.9800;9063.7100;47.2300;522.9300;2387.9800;8154.1800;8.4088;391.0000;1.0000;0;WO408624;2887.37
2026/07/02;eng-063;74;2026-01-04 02:00:00;642.8200;1585.9400;1409.7900;553.0400;2388.0800;9048.5600;47.5100;521.8700;2388.0900;8141.0800;8.4443;393.0000;1.0000;0;WO456376;920.54
2026/07/02;ENG-031;131;2026-01-06 11:00:00;642.4600;1588.6100;1399.4800;553.5200;2388.0800;9069.7700;47.7600;521.8600;2388.0900;8148.5000;8.4455;395.0000;0.5840;0;WO285475;1149.95
02-Jul-2026;ENG-038;79;2026-01-04 07:00:00;642.9200;1588.5600;1412.1200;553.8700;2388.1200;9058.9700;47.6000;520.6000;2388.0700;8141.9300;8.4361;391.0000;0.7680;0;WO790718;2,237.12
2026/07/02;  ENG-045 ;94;2026-01-04 22:00:00;642.2900;1592.4400;1408.4200;554.0400;2388.0900;9057.9000;47.7900;521.3600;2388.1200;8141.8200;8.4054;393.0000;1.0000;0;WO933016;2,693.52
2026/07/02;ENG-008;81;2026-01-04 09:00:00;642.7300;1589.8500;1400.2000;553.6500;2388.1200;9050.1200;47.5000;521.9400;2388.1000;8131.4500;8.4451;393.0000;1.0000;0;WO657684;661.73
2026/07/02;ENG-080;46;2026-01-02 22:00:00;642.5200;1585.2900;1407.3600;553.9200;2388.1100;9064.2600;47.3400;521.4200;2388.0600;8140.6800;8.4138;393.0000;1.0000;0;WO285530;61.54
2026/07/02;ENG-089;115;2026-01-05 19:00:00;642.0600;1589.4500;1409.4100;553.4300;2388.1200;9051.6100;47.6100;520.9400;2388.0700;8129.9800;8.4465;393.0000;1.0000;0;WO844821;1,766.82
02-Jul-2026;ENG-045;74;2026-01-04 02:00:00;642.8300;1593.4800;1395.3800;553.9000;2388.0400;9063.3600;47.6800;521.9100;2388.1200;8140.7600;8.3909;393.0000;1.0000;0;WO338970;1,808.00
2026/07/02;  ENG-074 ;68;2026-01-03 20:00:00;642.3100;1584.0800;1405.4900;554.5300;2388.0400;9057.7100;47.4900;521.2500;2388.0500;8138.8300;8.4026;392.0000;1.0000;0;WO753702;2379.73
2026/07/02;  ENG-056 ;51;2026-01-03 03:00:00;642.9100;1590.0800;1405.6100;552.6800;2388.1300;9046.1900;47.5300;521.3200;2388.1500;8123.8800;8.4206;393.0000;0.8000;0;WO913928;357.77
2026/07/02;ENG-093;158;2026-01-07 14:00:00;642.5400;1588.5400;1410.8900;553.0300;2388.1200;9058.8000;47.5200;521.0400;2388.1000;8142.5500;8.4286;394.0000;1.0000;0;WO298384;1,238.04
2026-07-02;ENG-004;46;2026-01-02 22:00:00;642.6600;1588.9900;1415.9200;553.8200;2388.1400;9047.5800;47.5200;521.6500;2388.1200;8133.1200;8.4265;394.0000;1.0000;0;WO378031;2,544.08
02-Jul-2026;  ENG-099 ;48;2026-01-03 00:00:00;642.3800;1589.5100;1395.4300;555.1600;2387.9500;9068.0700;47.3000;522.4500;2387.9900;8147.9300;8.3882;392.0000;1.0000;0;WO683437;2864.02
2026/07/02;ENG-010;126;2026-01-06 06:00:00;641.8000;1588.4600;1400.3300;553.9700;2388.0000;9068.5100;47.4000;522.4700;2388.0500;8142.9800;8.4410;392.0000;1.0000;0;WO142399;2,772.90
02-Jul-2026;ENG-011;54;2026-01-03 06:00:00;642.7900;1589.4400;1405.2700;553.5000;2388.1500;9040.6500;47.7800;520.6500;2388.1200;8120.7700;8.4280;394.0000;1.0000;0;WO286627;2,868.53
2026/07/02;ENG-030;76;2026-01-04 04:00:00;642.3500;1590.6600;1403.6700;553.0700;2388.1000;9056.4900;47.5300;520.9600;2388.1100;8132.0600;8.4168;392.0000;1.0000;0;WO636046;211.70
2026-07-02;  ENG-076 ;99;2026-01-05 03:00:00;641.7200;1577.8500;1407.7800;553.7500;2388.0400;9055.0200;47.3600;522.5100;2388.0900;8140.4100;8.3881;391.0000;0.9280;0;WO681738;1535.10
02-Jul-2026;eng-062;87;2026-01-04 15:00:00;641.7700;1587.9500;1397.2500;554.0300;2387.9900;9055.7100;47.0300;522.7800;2388.0100;8142.6600;8.4084;392.0000;1.0000;0;WO982861;1,982.25
02-Jul-2026;ENG-004;49;2026-01-03 01:00:00;642.1200;1587.9500;1403.7500;553.8400;2388.0900;9056.4700;47.3100;521.7800;2388.1400;8131.4300;8.4194;393.0000;1.0000;0;WO929669;
02-Jul-2026;  ENG-020 ;65;2026-01-03 17:00:00;642.4400;1586.3700;1406.1000;554.4900;2388.0300;9067.6200;47.2300;521.9700;2388.0800;8145.2400;8.4436;391.0000;1.0000;0;WO741617;1,437.63
02-Jul-2026;  ENG-018 ;55;2026-01-03 07:00:00;642.0700;1591.8900;1401.1000;555.0500;2388.0000;9059.2500;47.2500;522.2000;2388.0100;8149.8400;8.3735;391.0000;0.8480;0;WO460408;2241.57
2026/07/02;ENG-045;82;2026-01-04 10:00:00;642.5600;1587.5600;1398.5800;553.4900;2388.1300;9068.0800;47.6100;521.8500;2388.0600;8143.7000;8.4038;393.0000;1.0000;0;WO910423;261.34
2026/07/02;ENG-018;47;2026-01-02 23:00:00;641.5300;1582.6300;1395.8600;554.3000;2388.0000;9059.2800;47.1300;522.1700;2388.0400;8145.1800;8.4175;393.0000;0.9120;0;WO853218;2884.54
2026/07/02;ENG-034;73;2026-01-04 01:00:00;642.0900;1584.9200;1397.3200;554.5300;2388.0200;9068.8500;47.0800;521.7700;2388.0300;8148.9400;8.3948;391.0000;1.0000;0;WO487321;2537.87
2026-07-02;ENG-060;65;2026-01-03 17:00:00;642.9000;1579.8300;1396.2300;553.8400;2388.1100;9058.5400;47.4500;521.8000;2388.0700;8132.3000;8.4249;393.0000;;0;WO633645;2450.25
2026/07/02;ENG-090;98;2026-01-05 02:00:00;643.0300;1587.2800;1409.9000;553.5600;2388.1100;9061.6300;47.3700;521.1300;2388.0900;8138.8400;8.4719;394.0000;0.6080;0;WO804900;1864.63
2026/07/02;ENG-093;115;2026-01-05 19:00:00;642.7200;1591.6300;1407.2800;553.0000;2388.0700;9059.2600;47.6000;521.4700;2388.1700;8135.4000;8.4675;395.0000;1.0000;0;WO971474;2543.42
2026-07-02;ENG-084;95;2026-01-04 23:00:00;642.6800;1587.0800;1407.8600;553.3600;2388.0600;9054.6900;47.3700;521.9000;2388.0500;8137.1300;8.4278;394.0000;;0;WO110178;711.85
2026-07-02;ENG-056;63;2026-01-03 15:00:00;643.0600;1592.9000;1415.1200;552.9600;2388.2000;9050.1200;47.7500;520.8000;2388.1500;8123.6500;8.4699;394.0000;0.7040;0;WO468299;1220.91
2026/07/02;ENG-097;78;2026-01-04 06:00:00;641.9300;1586.7800;1406.9600;553.8500;2388.0300;9063.4000;47.3100;522.3300;2388.0300;8147.7400;8.3690;393.0000;1.0000;0;WO691909;1,573.99
02-Jul-2026;  ENG-017 ;84;2026-01-04 12:00:00;642.1800;1587.0700;1404.2500;553.6400;2388.0300;9064.9200;47.2500;521.6300;2387.9900;8153.9500;8.3966;391.0000;1.0000;0;WO896506;1,732.53
2026-07-02;eng-036;61;2026-01-03 13:00:00;642.9300;1591.5300;1413.8700;552.7100;2388.1300;9059.7600;47.6900;521.7100;2388.1500;8138.0700;8.4647;395.0000;0.6720;0;WO240403;1510.27
2026-07-02;eng-036;58;2026-01-03 10:00:00;642.8100;1590.5000;1409.9300;552.3400;2388.0800;9060.9600;47.5200;521.1200;2388.0700;8143.0500;8.4263;394.0000;0.6960;0;WO173140;2,650.73
02-Jul-2026;ENG-005;52;2026-01-03 04:00:00;642.4800;1587.6000;1402.8500;553.2800;2388.1200;9055.1800;47.3300;521.4900;2388.1100;8128.7000;8.4377;393.0000;1.0000;0;WO164436;308.95
02-Jul-2026;ENG-074;83;2026-01-04 11:00:00;642.6800;1591.0600;1405.9700;553.8300;2388.0800;9057.0300;47.3700;521.9300;2388.0600;8138.6200;8.4484;394.0000;1.0000;0;WO547151;2,508.40
2026/07/02;  ENG-091 ;104;2026-01-05 08:00:00;643.2600;1588.8500;1414.5700;553.0600;2388.1100;9051.8100;47.5400;520.6800;2388.1500;8125.7600;8.4436;393.0000;1.0000;0;WO643446;1,624.44
2026-07-02;ENG-024;99;2026-01-05 03:00:00;642.4400;1588.5200;1399.9300;553.6600;2387.9800;9075.4500;47.2400;522.4900;2387.9900;8154.4600;8.4208;392.0000;0.8560;0;WO700958;2670.89
02-Jul-2026;ENG-084;106;2026-01-05 10:00:00;642.8400;1592.1800;1402.3700;553.7900;2388.1100;9061.3500;47.5900;521.5000;2388.0500;8135.9700;8.4167;393.0000;0.9920;0;WO891213;1,209.14
2026/07/02;ENG-049;193;2026-01-09 01:00:00;642.1900;1585.9100;1400.5900;553.4800;2388.0800;9059.8900;47.4600;521.8200;2388.0600;8141.9700;8.4125;393.0000;1.0000;0;WO128737;2,592.30
2026-07-02;  ENG-072 ;51;2026-01-03 03:00:00;642.3700;1586.9600;1401.5400;553.4600;2388.0000;9065.8500;47.1900;522.1600;2388.0800;8143.3700;8.3661;393.0000;1.0000;0;WO225439;1406.00
2026-07-02;ENG-079;60;2026-01-03 12:00:00;642.3700;1583.7300;1397.3000;553.5900;2388.0300;9048.6600;47.3800;521.9300;2388.0400;8134.3000;8.4388;392.0000;0.8320;0;WO105411;1973.67
2026/07/02;ENG-010;113;2026-01-05 17:00:00;642.7300;1586.1400;1399.1200;554.8400;2387.9400;9059.5000;47.2200;522.5100;2388.0400;8144.2400;8.4076;391.0000;1.0000;0;WO471434;1,829.00
2026/07/02;ENG-040;47;2026-01-02 23:00:00;642.6500;1592.5700;1409.1200;552.8800;2388.1600;9051.3100;47.6100;521.5700;2388.1500;8138.8700;8.4547;393.0000;0.9120;0;WO560933;1784.16
2026/07/02;ENG-004;41;2026-01-02 17:00:00;642.4800;1582.2200;1408.3600;553.3300;2388.0200;9056.4900;47.5700;521.4600;2388.0800;8134.0200;8.4146;393.0000;1.0000;0;WO913657;1368.73
2026-07-02;ENG-047;38;2026-01-02 14:00:00;642.7400;1584.7300;1407.2900;552.8100;2388.1300;9043.4100;47.5000;521.5800;2388.1800;8124.3000;8.4830;393.0000;1.0000;0;WO736116;570.56
2026-07-02;ENG-045;55;2026-01-03 07:00:00;642.7500;1588.1800;1412.0300;552.9800;2388.0700;9063.3200;47.4700;521.7700;2388.0800;8139.9100;8.4260;395.0000;1.0000;0;WO337188;1019.74
02-Jul-2026;ENG-100;75;2026-01-04 03:00:00;642.2800;1589.2800;1408.8900;554.4800;2388.0000;9063.8400;47.1700;522.0100;2388.0400;8140.2200;8.4144;390.0000;1.0000;0;WO379312;953.35
2026-07-02;ENG-097;49;2026-01-03 01:00:00;642.0600;1580.1900;1402.3700;554.4200;2388.0200;9066.7800;47.3500;522.1800;2387.9600;8150.5700;8.3912;393.0000;1.0000;0;WO848402;375.65
2026/07/02;ENG-061;56;2026-01-03 08:00:00;642.2100;1577.4800;1387.5800;554.5300;2388.0100;9079.2500;47.1300;522.3700;2388.0200;8157.7900;8.3963;392.0000;0.9920;0;WO893096;2,671.48
2026-07-02;  ENG-066 ;61;2026-01-03 13:00:00;642.6700;1589.3200;1401.6300;554.0600;2388.0500;9066.2400;47.4100;521.5000;2388.0600;8144.9100;8.4191;393.0000;0.8000;0;WO281722;1,408.46
02-Jul-2026;ENG-036;73;2026-01-04 01:00:00;643.0200;1586.9900;1409.0000;553.1200;2388.1400;9061.8500;47.6100;520.8000;2388.1700;8139.1500;8.4642;393.0000;0.5760;0;WO222658;2,982.01
2026/07/02;ENG-046;69;2026-01-03 21:00:00;642.2900;1588.6500;1403.8300;553.6100;2388.0800;9055.6900;47.4700;521.5200;2388.0700;8142.9200;8.4060;394.0000;0.9920;0;WO271813;2,414.45
2026-07-02;ENG-018;62;2026-01-03 14:00:00;642.1800;1582.3400;1402.7900;553.8300;2388.0400;9065.3000;47.2400;522.1800;2388.0000;8145.0500;8.3940;392.0000;0.7920;0;WO472304;1297.57
2026-07-02;ENG-004;66;2026-01-03 18:00:00;642.6900;1593.7000;1408.2800;553.4700;2388.0700;9048.1400;47.6900;521.7000;2388.1200;8131.6200;8.4263;393.0000;0.9760;0;WO786694;235.21
02-Jul-2026;ENG-100;80;2026-01-04 08:00:00;641.9900;1591.0400;1389.7100;554.7900;2388.0700;9060.9700;47.1800;522.1400;2388.0100;8141.4100;8.4112;392.0000;1.0000;0;WO458029;2487.02
2026/07/02;ENG-028;103;2026-01-05 07:00:00;641.8000;1588.8200;1397.2500;553.8400;2388.0800;9053.0800;47.5000;520.9900;2388.1100;8138.2800;8.4345;392.0000;1.0000;0;WO684795;
2026-07-02;ENG-091;139;2026-01-06 19:00:00;643.3800;1600.3800;1411.2000;552.5600;2388.1600;9060.9100;47.7100;521.0400;2388.1500;8131.5100;8.4876;394.0000;1.0000;0;WO876335;749.17
2026/07/02;eng-017;102;2026-01-05 06:00:00;642.5000;1581.1700;1397.0000;554.0500;2388.0300;9074.6300;47.5300;522.4200;2388.0100;8159.3500;8.4274;394.0000;0.9040;0;WO784511;292.62
02-Jul-2026;ENG-085;20;2026-01-01 20:00:00;642.9300;1584.1700;1411.7100;553.7800;2388.1400;9049.1900;47.4600;521.2400;2388.1300;8124.9300;8.4423;393.0000;1.0000;0;WO347941;394.89
2026-07-02;eng-009;21;2026-01-01 21:00:00;642.8100;1584.3300;1406.5000;553.0900;2388.0900;9041.6800;47.5700;521.2900;2388.0900;8133.2500;8.4444;393.0000;1.0000;0;WO395225;1743.13
02-Jul-2026;  ENG-049 ;158;2026-01-07 14:00:00;642.0700;1588.8600;1397.6500;554.1700;2388.0300;9058.2700;47.3700;522.0600;2388.0200;8146.0000;8.4025;391.0000;1.0000;0;WO859458;2418.16
02-Jul-2026;ENG-074;92;2026-01-04 20:00:00;642.6100;1593.8600;1410.0500;553.0800;2388.0800;9065.5900;47.3400;521.5100;2388.1000;8137.5500;8.4055;394.0000;1.0000;0;WO781089;1832.75
2026-07-02;  ENG-084 ;110;2026-01-05 14:00:00;642.6900;1582.6700;1407.8100;553.0200;2388.1100;9058.6800;47.5900;521.5100;2388.0800;8138.3100;8.4484;392.0000;0.9600;0;WO148720;449.94
2026/07/02;ENG-052;79;2026-01-04 07:00:00;641.7000;1583.0500;1400.3500;553.9900;2388.0500;9064.0700;47.1300;522.7500;2388.0300;8145.8500;8.4069;391.0000;1.0000;0;WO501667;2434.49
2026-07-02;ENG-045;56;2026-01-03 08:00:00;642.7700;1590.5400;1394.9200;552.7900;2388.0500;9055.7300;47.6800;522.1000;2388.1300;8141.0100;8.4157;392.0000;1.0000;0;WO198229;806.67
2026-07-02;ENG-017;96;2026-01-05 00:00:00;642.4500;1588.1800;1402.8300;554.4900;2387.9900;9071.2700;47.3700;522.3800;2388.0800;8153.6000;8.4425;393.0000;0.9520;0;WO817386;142.67
2026/07/02;ENG-024;102;2026-01-05 06:00:00;641.3900;1589.9700;1403.7400;553.7300;2387.9800;9075.9500;47.2700;523.1400;2387.9700;8159.5600;8.3728;392.0000;0.8320;0;WO591022;561.58
2026-07-02;ENG-042;66;2026-01-03 18:00:00;641.7500;1582.1000;1403.5300;554.3200;2388.0300;9046.6300;47.3000;522.1900;2388.0500;8131.7600;8.4422;392.0000;0.8000;0;WO698710;168.86
2026-07-02;  ENG-058 ;93;2026-01-04 21:00:00;642.6100;1586.3200;1401.6600;553.9400;2388.0500;9052.1300;47.3600;521.8300;2388.0400;8135.7300;8.4252;392.0000;;0;WO260369;460.52
02-Jul-2026;ENG-063;98;2026-01-05 02:00:00;642.8500;1593.9700;1408.6000;554.1100;2388.1000;9051.7400;47.5300;521.2300;2388.0600;8129.9000;8.4150;394.0000;1.0000;0;WO643054;
2026-07-02;ENG-082;102;2026-01-05 06:00:00;642.7900;1592.7800;1410.2400;553.5700;2388.0800;9059.1500;47.5400;521.5400;2388.1200;8138.9500;8.3792;394.0000;0.5520;0;WO643362;2453.67
2026/07/02;ENG-012;141;2026-01-06 21:00:00;642.7600;1582.8100;1398.5200;553.7200;2388.0500;9053.4500;47.2100;521.8100;2388.0300;8139.3700;8.4114;392.0000;1.0000;0;WO327610;745.67
02-Jul-2026;ENG-053;90;2026-01-04 18:00:00;642.6100;1590.8000;1401.1300;553.4800;2388.0400;9064.1100;47.5500;521.6800;2388.0800;8144.9300;8.4048;392.0000;0.8000;0;WO222757;
02-Jul-2026;eng-017;100;2026-01-05 04:00:00;642.4900;1590.3100;1402.9700;554.4900;2388.0300;9074.6100;47.2700;522.1400;2388.0100;8152.3600;8.4426;394.0000;0.9200;0;WO856984;2,710.14
02-Jul-2026;ENG-084;66;2026-01-03 18:00:00;642.7100;1584.3100;1409.2300;553.5900;2388.0800;9052.2100;47.5500;521.6000;2388.1100;8135.5700;8.4222;392.0000;1.0000;0;WO911164;564.85
2026-07-02;ENG-046;71;2026-01-03 23:00:00;642.8700;1581.8600;1408.2000;553.8100;2388.0700;9070.2000;47.3900;521.5000;2388.0600;8146.0100;8.4358;394.0000;0.9760;0;WO983856;2,967.67
2026-07-02;ENG-021;67;2026-01-03 19:00:00;642.5800;1583.4700;1393.7000;554.2300;2388.0600;9049.8900;47.4200;522.4000;2388.0100;8138.9900;8.4301;391.0000;1.0000;0;WO512074;670.94
2026/07/02;ENG-036;75;2026-01-04 03:00:00;642.5800;1589.5700;1418.6100;552.6200;2388.1300;9066.8200;47.6400;521.6100;2388.0900;8140.3600;8.4477;394.0000;0.5600;0;WO174570;756.05
2026/07/02;ENG-084;111;2026-01-05 15:00:00;642.1900;1595.7700;1406.5100;553.0400;2388.1200;9057.7400;47.5000;521.7200;2388.1200;8132.7000;8.4493;393.0000;;0;WO269200;1452.41
2026/07/02;ENG-093;95;2026-01-04 23:00:00;642.8900;1591.6900;1410.8900;553.1800;2388.0300;9061.9600;47.5600;521.2500;2388.1000;8145.1900;8.4364;391.0000;1.0000;0;WO251253;162.66
2026/07/02;eng-080;78;2026-01-04 06:00:00;642.4500;1588.5500;1406.6700;553.5100;2388.0700;9067.6500;47.2800;521.8700;2388.0600;8145.3800;8.4129;391.0000;1.0000;0;WO346627;1,074.63
02-Jul-2026;ENG-061;73;2026-01-04 01:00:00;641.9200;1595.3600;1405.1700;554.3800;2388.0300;9070.0900;47.3200;522.4000;2388.0300;8149.0800;8.4090;392.0000;;0;WO411974;1,817.64
02-Jul-2026;  ENG-010 ;89;2026-01-04 17:00:00;642.7300;1581.1000;1397.4500;554.6600;2388.0400;9068.6600;47.2600;521.9000;2388.0100;8139.3100;8.4047;391.0000;1.0000;0;WO353789;1,407.87
2026/07/02;eng-031;89;2026-01-04 17:00:00;642.5300;1584.5800;1406.3500;554.0900;2387.9700;9062.5200;47.4000;521.7000;2388.0600;8149.7100;8.4312;393.0000;;0;WO652381;1707.48
2026/07/02;ENG-015;44;2026-01-02 20:00:00;641.9000;1586.2700;1396.9600;554.5100;2388.0600;9054.2700;46.9300;521.8100;2388.0800;8134.1100;8.4080;393.0000;0.9200;0;WO167335;
2026-07-02;ENG-052;80;2026-01-04 08:00:00;641.8300;1585.2900;1404.4000;554.2900;2388.0600;9057.0400;47.3000;522.2000;2387.9500;8135.6000;8.3847;392.0000;1.0000;0;WO301300;1,376.88
2026/07/02;ENG-060;95;2026-01-04 23:00:00;642.1700;1590.0500;1405.5500;554.2500;2388.0800;9049.9100;47.5600;521.4600;2388.0100;8128.6600;8.4132;393.0000;1.0000;0;WO464300;736.29
02-Jul-2026;  ENG-097 ;84;2026-01-04 12:00:00;641.8300;1589.4400;1407.8300;553.5400;2387.9800;9072.3000;47.4100;522.8300;2388.0500;8145.1000;8.3971;391.0000;1.0000;0;WO828948;1,074.41
02-Jul-2026;ENG-013;108;2026-01-05 12:00:00;642.3500;1585.8500;1398.6800;554.4400;2387.9300;9066.3000;47.3100;522.0700;2388.0100;8144.8100;8.4518;392.0000;1.0000;0;WO800044;1018.84
2026-07-02;ENG-052;117;2026-01-05 21:00:00;642.4700;1580.3200;1405.2100;554.1100;2388.0100;9056.3500;47.4300;521.9500;2388.0000;8148.0000;8.4127;391.0000;0.8080;0;WO444440;445.50
2026-07-02;ENG-058;70;2026-01-03 22:00:00;642.4200;1584.1900;1397.6000;554.4400;2388.0600;9057.5800;47.4800;522.2800;2388.0700;8129.1400;8.4109;392.0000;1.0000;0;WO497029;879.96
02-Jul-2026;ENG-072;57;2026-01-03 09:00:00;641.6900;1582.7700;1407.7400;553.9700;2388.0100;9066.3700;47.5500;522.2600;2388.0200;8141.2800;8.4383;392.0000;;0;WO696067;
2026/07/02;ENG-036;71;2026-01-03 23:00:00;643.4300;1590.4900;1411.5600;552.0600;2388.1300;9063.2700;47.5200;521.0400;2388.1500;8137.5400;8.5018;394.0000;0.5920;0;WO101850;1123.00
2026/07/02;ENG-061;94;2026-01-04 22:00:00;642.5500;1587.4400;1403.5700;553.5200;2388.0300;9075.0900;47.2700;521.8500;2388.0600;8150.1500;8.4193;392.0000;0.6880;0;WO616952;1102.68
2026/07/02;  ENG-078 ;32;2026-01-02 08:00:00;641.9500;1586.6500;1403.7800;554.5500;2387.9500;9066.7700;47.3200;522.4200;2387.9600;8143.0500;8.4085;393.0000;1.0000;0;WO209717;1,768.74
2026/07/02;ENG-058;99;2026-01-05 03:00:00;642.4900;1588.7800;1397.7000;554.0900;2388.0600;9052.5100;47.4400;521.8800;2388.1400;8127.0800;8.4327;394.0000;0.9120;0;WO320973;774.61
2026-07-02;ENG-049;125;2026-01-06 05:00:00;642.5700;1582.7300;1400.5000;554.1200;2387.9800;9063.5900;47.3100;522.0100;2388.0500;8143.5200;8.4156;393.0000;1.0000;0;WO605814;
02-Jul-2026;  ENG-010 ;127;2026-01-06 07:00:00;642.4400;1581.7800;1400.0000;554.3500;2388.0300;9056.0400;47.3100;521.8400;2388.0000;8151.3300;8.4055;394.0000;1.0000;0;WO496123;284.39
2026-07-02;ENG-091;81;2026-01-04 09:00:00;642.2900;1589.4800;1415.1300;553.3100;2388.1300;9053.7000;47.4100;521.3700;2388.2100;8131.1900;8.4484;393.0000;1.0000;0;WO376747;827.62
2026/07/02;ENG-100;127;2026-01-06 07:00:00;642.4100;1584.3500;1410.9400;554.1100;2388.0500;9078.3500;47.2800;522.6700;2388.0000;8151.5900;8.4163;392.0000;0.7280;0;WO707116;2,354.53
2026-07-02;ENG-081;79;2026-01-04 07:00:00;642.4600;1589.9000;1399.1600;553.8600;2388.0300;9065.6900;47.3500;521.8900;2388.0600;8147.8100;8.4273;391.0000;1.0000;0;WO874459;786.26
2026-07-02;  ENG-070 ;90;2026-01-04 18:00:00;642.5600;1589.2800;1411.4800;553.1200;2388.1100;9046.2900;47.2600;521.4500;2388.1400;8131.6300;8.4434;392.0000;;0;WO385774;
2026/07/02;ENG-054;58;2026-01-03 10:00:00;641.9000;1579.2900;1398.8900;555.1100;2388.0100;9056.4400;47.0800;522.9200;2388.0100;8137.5300;8.4249;391.0000;1.0000;0;WO594395;293.52
2026-07-02;ENG-017;74;2026-01-04 02:00:00;642.5400;1577.1400;1402.6900;555.0500;2388.0200;9068.4100;47.4000;522.0100;2388.0200;8152.8400;8.4244;391.0000;1.0000;0;WO763960;1,245.58
2026-07-02;ENG-026;44;2026-01-02 20:00:00;642.1300;1582.5000;1401.7800;554.1500;2388.0800;9062.3100;47.1500;522.3000;2388.0500;8148.2200;8.3994;393.0000;1.0000;0;WO738566;2,794.82
2026-07-02;eng-073;48;2026-01-03 00:00:00;642.3200;1588.5900;1399.0000;554.1200;2388.0400;9049.1300;47.2100;522.4600;2388.0400;8135.6000;8.4291;394.0000;1.0000;0;WO219261;2106.87
2026/07/02;ENG-029;108;2026-01-05 12:00:00;641.9500;1581.6000;1396.6200;554.3500;2388.0700;9065.6900;47.2800;521.6400;2388.0700;8142.2300;8.4258;392.0000;1.0000;0;WO541047;830.69
02-Jul-2026;ENG-045;57;2026-01-03 09:00:00;642.6300;1595.3200;1413.7900;553.5700;2388.0600;9053.6900;47.5000;521.6600;2388.1300;8137.4800;8.4550;392.0000;1.0000;0;WO966422;2836.70
2026-07-02;ENG-097;87;2026-01-04 15:00:00;642.3900;1581.7900;1403.0500;554.0200;2388.0400;9075.2400;47.2100;521.9700;2388.0100;8151.5800;8.4058;393.0000;;0;WO503561;1072.06
2026/07/02;ENG-003;75;2026-01-04 03:00:00;642.9100;1589.7200;1410.1600;553.7000;2388.1600;9051.3100;47.5400;521.4300;2388.1400;8131.9600;8.4519;395.0000;0.9600;0;WO158631;1072.44
2026-07-02;ENG-002;23;2026-01-01 23:00:00;642.6900;1591.1300;1407.8200;553.7500;2388.1500;9048.3100;47.3300;522.1200;2388.1100;8126.0700;8.4435;393.0000;0.9920;0;WO348537;2,453.49
2026/07/02;  ENG-011 ;38;2026-01-02 14:00:00;642.9100;1587.3100;1408.4900;553.2000;2388.1300;9039.7000;47.7100;521.6100;2388.0900;8118.2300;8.4369;393.0000;1.0000;0;WO131794;1,726.62
02-Jul-2026;ENG-016;60;2026-01-03 12:00:00;642.7000;1580.0500;1399.1100;554.3100;2388.0100;9053.4300;47.2600;522.1400;2388.1000;8134.4500;8.4023;392.0000;1.0000;0;WO484919;1,890.92
2026/07/02;ENG-066;54;2026-01-03 06:00:00;641.8400;1590.1000;1401.3100;553.3900;2388.0900;9067.9000;47.3900;520.9400;2388.0700;8142.9600;8.3995;393.0000;0.8560;0;WO400775;2856.84
02-Jul-2026;ENG-058;76;2026-01-04 04:00:00;642.4800;1594.9400;1403.0900;553.9800;2388.0700;9052.8300;47.2400;521.6300;2388.0900;8129.0700;8.4251;392.0000;1.0000;0;WO636676;2125.66
2026/07/02;ENG-060;69;2026-01-03 21:00:00;642.3200;1582.7800;1407.3100;553.2200;2388.0300;9054.4500;47.4900;521.5700;2388.0700;8137.8800;8.4365;393.0000;1.0000;0;WO968639;2986.16
02-Jul-2026;eng-030;58;2026-01-03 10:00:00;642.8500;1582.7200;1405.6200;553.3200;2388.0700;9040.7400;47.5000;521.7700;2388.1100;8127.4300;8.4594;392.0000;1.0000;0;WO431254;2834.44
2026/07/02;ENG-020;81;2026-01-04 09:00:00;642.6900;1595.2100;1409.9400;553.6800;2387.9800;9065.8300;47.5100;521.3900;2388.0300;8145.9700;8.3956;395.0000;0.9520;0;WO209291;353.93
2026/07/02;ENG-071;41;2026-01-02 17:00:00;641.9800;1587.9500;1404.2300;553.8400;2388.0200;9067.0400;47.2600;522.3400;2388.0400;8148.1700;8.4204;391.0000;1.0000;0;WO106832;900.85
02-Jul-2026;ENG-075;43;2026-01-02 19:00:00;642.7600;1578.2700;1396.7200;554.3400;2388.0000;9059.1000;47.5100;521.5900;2388.0100;8139.0500;8.4359;392.0000;1.0000;0;WO657078;2579.79
2026-07-02;ENG-062;88;2026-01-04 16:00:00;642.1100;1577.8100;1398.2100;554.5300;2388.0000;9054.8600;47.2200;522.5700;2388.0300;8137.8300;8.3807;393.0000;1.0000;0;WO887199;1885.98
02-Jul-2026;ENG-045;67;2026-01-03 19:00:00;642.2300;1593.1600;1406.8900;553.5600;2388.0800;9060.4300;47.6000;521.2900;2388.1100;8145.4400;8.4536;393.0000;1.0000;0;WO976282;2357.40
02-Jul-2026;ENG-059;39;2026-01-02 15:00:00;641.9100;1585.9700;1401.8600;554.3100;2388.0200;9056.8900;47.2300;522.3100;2388.0600;8139.0300;8.3958;394.0000;1.0000;0;WO425103;466.55
2026-07-02;ENG-097;82;2026-01-04 10:00:00;642.3100;1578.7500;1401.2300;554.1400;2388.0500;9066.7300;47.2600;521.4000;2388.0100;8149.0300;8.4441;394.0000;1.0000;0;WO808331;2,257.25
02-Jul-2026;ENG-028;59;2026-01-03 11:00:00;642.5500;1587.5000;1402.1500;553.0100;2388.1300;9050.0600;47.3900;521.9900;2388.1300;8127.0800;8.4120;393.0000;1.0000;0;WO167974;1,627.45
2026-07-02;ENG-070;71;2026-01-03 23:00:00;642.5000;1594.2900;1405.6100;553.3900;2388.0900;9053.2500;47.4300;522.1700;2388.1000;8125.9800;8.4106;394.0000;1.0000;0;WO325724;888.34
2026-07-02;ENG-020;97;2026-01-05 01:00:00;642.9600;1583.0900;1407.6100;553.7200;2388.1200;9061.8700;47.4800;520.9900;2388.0400;8139.2000;8.4131;393.0000;0.8240;0;WO909388;2890.89
02-Jul-2026;ENG-053;60;2026-01-03 12:00:00;642.2600;1583.6600;1398.4000;554.3300;2388.0700;9050.7700;47.3400;521.6300;2388.0900;8139.1100;8.4306;392.0000;1.0000;0;WO285324;229.03
02-Jul-2026;  ENG-017 ;76;2026-01-04 04:00:00;642.3700;1585.2400;1400.0000;553.4300;2388.0100;9065.6400;47.5800;522.5500;2388.0400;8150.8700;8.4390;393.0000;1.0000;0;WO537629;2783.28
02-Jul-2026;ENG-020;63;2026-01-03 15:00:00;642.9300;1592.7200;1404.7700;554.0600;2388.0500;9064.8300;47.3300;521.4900;2388.0800;8149.1600;8.4246;392.0000;1.0000;0;WO763493;537.69
02-Jul-2026;ENG-077;63;2026-01-03 15:00:00;642.5800;1592.0500;1400.4200;553.7900;2388.1100;9049.5100;47.3000;521.7300;2388.0700;8135.6500;8.4473;393.0000;1.0000;0;WO330030;2,436.23
02-Jul-2026;ENG-018;60;2026-01-03 12:00:00;642.4400;1588.3000;1401.9600;554.2600;2388.0300;9065.2600;47.1800;522.2500;2388.0200;8144.8600;8.4174;394.0000;0.8080;0;WO462084;578.59
2026-07-02;ENG-074;66;2026-01-03 18:00:00;642.0700;1585.3800;1399.8400;554.5800;2388.0500;9063.8700;47.3400;521.8700;2388.1000;8147.0700;8.4009;393.0000;1.0000;0;WO206349;1743.24
2026/07/02;ENG-081;74;2026-01-04 02:00:00;642.6200;1587.4700;1397.3200;553.6500;2388.0200;9066.2400;47.4000;521.8600;2388.0400;8150.3800;8.3734;391.0000;1.0000;0;WO482017;2,205.89
2026/07/02;ENG-045;88;2026-01-04 16:00:00;642.7200;1589.4300;1411.7500;553.6100;2388.1100;9062.8900;47.5700;521.4200;2388.1300;8137.9000;8.4171;393.0000;1.0000;0;WO458059;514.23
02-Jul-2026;  ENG-056 ;80;2026-01-04 08:00:00;643.0300;1602.4500;1409.7700;552.7000;2388.1700;9045.8300;47.7300;521.0500;2388.1200;8125.8100;8.4921;393.0000;0.5680;0;WO412302;278.33
02-Jul-2026;ENG-034;132;2026-01-06 12:00:00;642.2800;1588.3200;1402.3600;554.5000;2388.0200;9063.7300;47.6000;522.8200;2388.0900;8141.6900;8.4597;392.0000;0.6240;0;WO153413;2844.27
2026-07-02;  ENG-076 ;101;2026-01-05 05:00:00;642.3800;1587.2000;1402.5200;554.1600;2388.0400;9056.2700;47.3700;522.5900;2388.0800;8147.8400;8.4258;392.0000;0.9120;0;WO420545;2,250.41
02-Jul-2026;ENG-073;67;2026-01-03 19:00:00;642.5800;1588.1900;1401.7700;553.9400;2388.0100;9055.5200;47.0900;521.9900;2388.0300;8132.6200;8.3862;391.0000;1.0000;0;WO943085;1,278.75
2026-07-02;ENG-076;131;2026-01-06 11:00:00;642.2300;1588.0800;1404.0900;553.4400;2388.0300;9074.8100;47.6100;521.7900;2388.0400;8150.8100;8.4170;393.0000;0.6720;0;WO336236;994.09
2026-07-02;ENG-055;54;2026-01-03 06:00:00;642.2900;1584.6900;1399.7700;554.1700;2388.0600;9064.2200;47.4300;522.5600;2388.0800;8134.5300;8.4561;390.0000;1.0000;0;WO420570;674.49
2026-07-02;ENG-100;78;2026-01-04 06:00:00;642.1700;1587.1100;1399.2800;554.3400;2387.9900;9068.9900;47.1500;522.2000;2388.0200;8142.6400;8.4154;392.0000;1.0000;0;WO218896;1724.77
2026-07-02;ENG-100;119;2026-01-05 23:00:00;642.0400;1582.0500;1403.9500;553.1700;2388.0500;9066.3000;47.3400;521.7800;2388.0300;8150.6900;8.4256;391.0000;0.7920;0;WO256291;2166.65
2026/07/02;ENG-078;34;2026-01-02 10:00:00;642.1800;1594.3800;1393.0100;554.3400;2387.9800;9059.4500;47.0600;522.5200;2388.0100;8150.3600;8.3987;391.0000;1.0000;0;WO605911;807.45
2026/07/02;  ENG-095 ;35;2026-01-02 11:00:00;642.6400;1594.6800;1398.7300;554.2400;2388.0600;9051.8900;47.2700;521.8200;2388.0500;8127.8000;8.4280;391.0000;1.0000;0;WO360659;1104.59
2026/07/02;eng-054;73;2026-01-04 01:00:00;641.8400;1585.1100;1403.9700;553.8200;2388.0400;9057.8400;47.2400;522.6100;2388.0500;8138.6100;8.3821;391.0000;1.0000;0;WO829804;
2026-07-02;ENG-094;57;2026-01-03 09:00:00;642.3900;1589.4200;1401.6000;554.1400;2388.1100;9052.3100;47.5700;521.5200;2388.1200;8136.8300;8.4416;392.0000;1.0000;0;WO427596;413.35
2026/07/02;ENG-058;92;2026-01-04 20:00:00;642.5000;1589.8500;1404.0200;554.2800;2388.0600;9042.4100;47.4500;521.6400;2388.1100;8131.9000;8.3913;393.0000;0.9680;0;WO207526;173.18
2026-07-02;ENG-018;71;2026-01-03 23:00:00;642.1400;1585.4500;1403.6200;553.0000;2388.0500;9065.3800;47.1700;521.8300;2388.0200;8137.2600;8.4202;392.0000;0.7200;0;WO875448;1736.38
2026/07/02;ENG-031;93;2026-01-04 21:00:00;642.3500;1577.9600;1403.5300;553.8700;2388.0300;9074.3300;47.4400;521.2600;2388.0800;8151.0600;8.4338;392.0000;0.8880;0;WO416246;1815.78
02-Jul-2026;ENG-059;56;2026-01-03 08:00:00;642.5000;1588.8000;1401.4600;554.4900;2388.0200;9053.9700;47.0100;522.3300;2388.0800;8137.6700;8.3852;392.0000;1.0000;0;WO687974;1127.80
2026-07-02;ENG-099;51;2026-01-03 03:00:00;642.0500;1582.2400;1396.3700;555.5600;2388.0100;9053.6200;47.2500;522.3500;2387.9900;8141.7400;8.4198;392.0000;1.0000;0;WO724292;2,038.95
2026-07-02;ENG-072;54;2026-01-03 06:00:00;642.8000;1593.3600;1397.8800;554.0600;2387.9900;9066.3800;47.2700;521.0800;2388.0300;8148.6700;8.4199;393.0000;1.0000;0;WO523595;2347.10
2026/07/02;ENG-002;19;2026-01-01 19:00:00;642.3700;1595.0700;1405.6300;553.7300;2388.1400;9041.3900;47.4000;521.8700;2388.0800;8130.1900;8.4992;392.0000;1.0000;0;WO948453;861.47
02-Jul-2026;ENG-090;89;2026-01-04 17:00:00;642.7200;1594.1200;1411.8800;553.9500;2388.1200;9060.3900;47.3700;521.4800;2388.0700;8135.5700;8.4268;394.0000;0.6800;0;WO549444;847.28
02-Jul-2026;eng-044;31;2026-01-02 07:00:00;642.7300;1595.7200;1398.4600;553.5700;2388.0600;9058.0900;47.3900;521.5900;2388.0900;8130.2200;8.3855;393.0000;1.0000;0;WO941860;807.29
2026-07-02;ENG-063;77;2026-01-04 05:00:00;642.5700;1583.7200;1407.9500;553.6700;2388.1300;9052.8400;47.6800;521.6200;2388.1500;8127.8700;8.4782;393.0000;1.0000;0;WO856337;2125.22
2026/07/02;ENG-011;55;2026-01-03 07:00:00;642.6200;1590.4000;1413.8900;553.1300;2388.1600;9043.2400;47.5200;520.7400;2388.1600;8121.5100;8.4368;391.0000;1.0000;0;WO141272;2,904.56
2026/07/02;ENG-093;85;2026-01-04 13:00:00;642.7700;1579.2400;1408.9000;552.9200;2388.1000;9064.0700;47.7100;521.1700;2388.1000;8140.1800;8.4214;393.0000;1.0000;0;WO459900;1625.41
2026/07/02;  ENG-087 ;29;2026-01-02 05:00:00;642.4600;1589.5400;1397.1400;553.8800;2387.9800;9056.1500;47.1400;522.5500;2387.9900;8140.2500;8.3947;392.0000;1.0000;0;WO887274;1,683.38
2026-07-02;ENG-070;91;2026-01-04 19:00:00;643.0700;1590.3600;1406.1900;553.5600;2388.0900;9048.3800;47.5000;521.5400;2388.0900;8132.7600;8.4130;393.0000;1.0000;0;WO863648;1,775.01
02-Jul-2026;  ENG-029 ;85;2026-01-04 13:00:00;642.2800;1595.8100;1406.3100;553.7500;2388.0300;9061.4000;47.3000;521.6300;2388.1200;8139.4200;8.4533;393.0000;1.0000;0;WO830134;2876.95
02-Jul-2026;ENG-053;83;2026-01-04 11:00:00;642.4000;1587.3700;1402.2500;553.1900;2388.0500;9062.8800;47.4300;522.3600;2388.0400;8141.1400;8.4336;391.0000;0.8560;0;WO573068;2,574.68
02-Jul-2026;  ENG-060 ;63;2026-01-03 15:00:00;642.3100;1591.2900;1397.4100;554.7500;2388.0600;9055.0700;47.5100;522.3000;2388.0300;8140.0500;8.4186;392.0000;1.0000;0;WO479739;1132.72
2026/07/02;  ENG-067 ;28;2026-01-02 04:00:00;641.9800;1593.7900;1402.9400;554.1900;2388.0600;9055.6800;47.2200;521.9100;2388.0400;8141.4100;8.4276;394.0000;0.9600;0;WO907710;2068.03
02-Jul-2026;ENG-076;97;2026-01-05 01:00:00;641.1300;1589.7100;1393.1700;554.5100;2387.9700;9058.2600;47.1900;521.7700;2388.0300;8141.2600;8.3949;391.0000;0.9440;0;WO860434;2663.81
2026/07/02;ENG-049;113;2026-01-05 17:00:00;641.7600;1582.8600;1396.4400;554.4500;2387.9900;9062.7400;47.5000;522.0300;2388.0200;8145.7200;8.3911;392.0000;1.0000;0;WO747991;2,363.99
2026-07-02;ENG-091;131;2026-01-06 11:00:00;643.1200;1592.0400;1415.0500;552.8500;2388.1200;9046.4400;47.6400;521.0000;2388.1800;8126.0700;8.4624;394.0000;1.0000;0;WO308379;1,243.53
2026/07/02;ENG-067;48;2026-01-03 00:00:00;642.6100;1589.5400;1410.3500;554.3000;2388.0200;9059.9100;47.1900;521.7200;2388.0800;8140.6300;8.4453;392.0000;0.8000;0;WO385438;2,621.24
02-Jul-2026;ENG-003;50;2026-01-03 02:00:00;642.6200;1590.1700;1412.4900;552.5700;2388.1100;9054.1400;47.6800;521.5400;2388.0700;8133.8100;8.4672;393.0000;1.0000;0;WO189334;2747.19
2026-07-02;ENG-072;70;2026-01-03 22:00:00;642.5300;1586.9300;1393.6000;554.4900;2387.9800;9064.9300;47.3500;521.8500;2388.0600;8142.5600;8.4048;391.0000;0.8880;0;WO744250;1783.44
2026/07/02;ENG-089;111;2026-01-05 15:00:00;642.9300;1581.0600;1400.0800;553.1000;2388.1300;9052.3300;47.5000;521.7500;2388.0500;8130.0100;8.4693;392.0000;1.0000;0;WO631640;394.78
2026-07-02;ENG-057;58;2026-01-03 10:00:00;642.9900;1592.3200;1400.0100;554.4700;2388.0500;9044.6900;47.4000;522.0800;2388.0600;8133.7300;8.4255;393.0000;1.0000;0;WO636078;2,558.33
2026-07-02;ENG-076;118;2026-01-05 22:00:00;642.1400;1591.4700;1402.5100;553.1800;2388.0100;9065.2800;47.5400;521.8500;2388.0300;8146.4200;8.4226;392.0000;0.7760;0;WO953166;2311.37
02-Jul-2026;ENG-098;50;2026-01-03 02:00:00;642.9500;1593.0300;1408.6400;553.5800;2388.0700;9055.1300;47.5800;521.4200;2388.0900;8144.9200;8.4153;393.0000;1.0000;0;WO372878;622.83
2026/07/02;ENG-084;65;2026-01-03 17:00:00;642.3700;1593.1300;1402.6600;553.8800;2388.1300;9057.5000;47.4800;521.7200;2388.0700;8136.2600;8.4037;392.0000;1.0000;0;WO638990;1,226.23
02-Jul-2026;ENG-090;61;2026-01-03 13:00:00;641.8200;1590.8000;1408.7400;552.9100;2388.1000;9047.4300;47.7200;521.7300;2388.1200;8133.6400;8.4430;393.0000;0.9040;0;WO958208;2305.27
02-Jul-2026;ENG-068;109;2026-01-05 13:00:00;642.5400;1596.7500;1409.0000;554.7200;2388.0200;9055.8400;47.6100;521.9000;2388.1000;8144.1000;8.3954;393.0000;0.6880;0;WO287921;
2026/07/02;ENG-100;108;2026-01-05 12:00:00;642.0000;1588.0600;1405.2700;554.0800;2388.1000;9064.6600;47.2400;522.3600;2388.0600;8148.5300;8.3822;392.0000;0.8800;0;WO735936;1,686.91
2026-07-02;ENG-031;68;2026-01-03 20:00:00;642.6900;1593.2000;1401.5300;553.9700;2388.0500;9069.9000;47.1400;521.4600;2388.0300;8147.6700;8.4267;393.0000;1.0000;0;WO156544;2,407.23
02-Jul-2026;ENG-046;78;2026-01-04 06:00:00;642.5400;1593.0100;1415.9800;553.6900;2388.0700;9071.7900;47.3600;521.0700;2388.0800;8139.8400;8.4627;395.0000;0.9200;0;WO660077;1,952.10
2026/07/02;  ENG-067 ;40;2026-01-02 16:00:00;642.8700;1593.3200;1403.3200;554.1100;2388.0500;9051.7600;47.3600;521.9100;2388.0100;8141.0300;8.3971;393.0000;0.8640;0;WO679333;1,113.82
2026/07/02;ENG-059;51;2026-01-03 03:00:00;642.4900;1586.8300;1399.7200;553.3300;2388.0500;9058.3900;47.2400;522.0900;2388.0600;8143.8200;8.4000;392.0000;1.0000;0;WO860609;1814.88
02-Jul-2026;ENG-092;68;2026-01-03 20:00:00;642.4000;1593.6800;1412.1400;552.8400;2388.1800;9040.5900;47.5400;521.4600;2388.1800;8121.6900;8.4242;393.0000;0.8160;0;WO170475;2968.59
02-Jul-2026;eng-042;56;2026-01-03 08:00:00;642.3600;1586.3400;1397.6800;553.9700;2388.0500;9052.2200;47.4400;522.1300;2388.0400;8134.4400;8.4194;394.0000;0.8800;0;WO612739;94.16
2026-07-02;ENG-091;152;2026-01-07 08:00:00;642.8300;1599.2200;1411.8400;552.8400;2388.2100;9048.5400;47.6700;520.9800;2388.1200;8124.9200;8.4182;395.0000;0.9600;0;WO198029;2,677.39
2026/07/02;ENG-032;70;2026-01-03 22:00:00;642.2300;1591.5400;1401.2700;553.9600;2388.0200;9072.1500;47.1200;521.7600;2388.0100;8154.1300;8.4021;390.0000;0.9840;0;WO740904;1372.56
2026/07/02;ENG-058;72;2026-01-04 00:00:00;642.7200;1591.4400;1400.9500;553.2400;2388.0600;9052.6700;47.3300;522.2300;2388.0600;8129.2200;8.4002;391.0000;1.0000;0;WO528537;215.86
2026/07/02;ENG-086;44;2026-01-02 20:00:00;642.6400;1590.5100;1401.5700;554.5700;2388.1000;9053.8700;47.3700;521.8200;2388.0900;8140.4600;8.4059;394.0000;1.0000;0;WO642941;1,506.56
2026-07-02;  ENG-049 ;103;2026-01-05 07:00:00;642.5100;1577.0300;1399.0200;553.7900;2388.0000;9066.9400;47.2000;521.9100;2388.0300;8142.3700;8.3964;391.0000;1.0000;0;WO121666;2,715.16
02-Jul-2026;ENG-073;69;2026-01-03 21:00:00;642.1700;1585.5200;1405.5500;554.4000;2388.0700;9051.6300;47.1300;521.9400;2388.1000;8138.6600;8.3790;391.0000;1.0000;0;WO910611;380.77
2026-07-02;ENG-026;45;2026-01-02 21:00:00;642.5700;1590.2100;1401.3500;554.0400;2387.9900;9064.6600;47.3200;521.7700;2388.0200;8147.8200;8.4109;393.0000;1.0000;0;WO601490;
2026-07-02;ENG-093;124;2026-01-06 04:00:00;642.5200;1596.0500;1411.8200;553.4400;2388.1300;9059.5300;47.3800;521.4600;2388.1200;8138.6100;8.4411;392.0000;1.0000;0;WO596908;2276.60
02-Jul-2026;ENG-029;100;2026-01-05 04:00:00;642.1200;1590.2600;1404.5900;553.5700;2388.0700;9059.7200;47.3300;521.9600;2388.0700;8141.1700;8.4382;393.0000;1.0000;0;WO405807;301.69
2026/07/02;ENG-057;81;2026-01-04 09:00:00;642.1800;1590.1900;1405.4300;553.2400;2388.1100;9056.5000;47.5900;522.0000;2388.0900;8128.9300;8.4662;393.0000;1.0000;0;WO701201;2143.98
2026-07-02;  ENG-012 ;104;2026-01-05 08:00:00;641.8100;1586.8300;1402.3700;554.3700;2388.0400;9054.3100;47.4300;522.3300;2388.0300;8143.8300;8.4111;392.0000;1.0000;0;WO869668;1,526.68
2026-07-02;ENG-029;113;2026-01-05 17:00:00;642.1900;1580.9000;1405.8400;553.6200;2388.0500;9057.7500;47.2900;521.8500;2388.0700;8148.8700;8.4000;391.0000;1.0000;0;WO108180;
02-Jul-2026;eng-057;105;2026-01-05 09:00:00;642.7200;1586.8000;1406.2800;553.8100;2388.0800;9055.5600;47.4000;521.9300;2388.1500;8128.2900;8.4645;393.0000;1.0000;0;WO204661;2765.90
2026/07/02;  ENG-081 ;99;2026-01-05 03:00:00;642.5900;1587.8300;1400.8400;553.7300;2388.0300;9065.1300;47.2600;522.0700;2388.0300;8153.3100;8.3873;393.0000;0.9760;0;WO203377;1,984.27
2026-07-02;ENG-020;114;2026-01-05 18:00:00;642.3600;1597.9000;1402.3900;553.3900;2388.1100;9054.3000;47.5600;521.4200;2388.1000;8146.7900;8.4759;393.0000;0.6880;0;WO812834;
2026/07/02;ENG-033;33;2026-01-02 09:00:00;642.7600;1588.6100;1415.8200;552.7700;2388.0800;9059.7400;47.5700;521.4500;2388.1000;8136.7100;8.4417;395.0000;0.9840;0;WO932965;588.79
2026/07/02;ENG-077;75;2026-01-04 03:00:00;642.8200;1576.4100;1407.7800;554.5900;2388.0500;9061.0300;47.4600;521.3100;2388.0500;8135.5100;8.4148;393.0000;0.9680;0;WO797795;69.96
02-Jul-2026;ENG-041;56;2026-01-03 08:00:00;642.1900;1589.3500;1401.0400;554.7800;2388.0700;9046.1700;47.1200;522.3200;2388.0000;8127.8500;8.3911;394.0000;0.6800;0;WO394192;2661.92
2026/07/02;ENG-081;89;2026-01-04 17:00:00;642.5000;1588.5900;1400.4600;554.0200;2388.1100;9063.0100;47.4200;521.9400;2388.0900;8151.2100;8.4616;392.0000;1.0000;0;WO965160;2459.23
2026/07/02;ENG-029;111;2026-01-05 15:00:00;642.7200;1593.3300;1398.6000;554.0100;2388.1000;9058.0600;47.2300;521.8000;2388.0700;8137.6000;8.4109;392.0000;1.0000;0;WO506573;434.84
2026-07-02;ENG-045;62;2026-01-03 14:00:00;642.3000;1588.7400;1407.6500;553.0400;2388.1100;9069.5800;47.4600;521.5200;2388.0700;8143.5300;8.4261;393.0000;1.0000;0;WO577061;1,335.00
2026-07-02;  ENG-006 ;41;2026-01-02 17:00:00;642.3700;1589.0900;1407.8100;553.4600;2388.1200;9047.5500;47.4200;521.5500;2388.1000;8137.0800;8.3876;393.0000;1.0000;0;WO429342;72.73
2026-07-02;ENG-089;63;2026-01-03 15:00:00;642.3500;1582.5800;1411.3000;553.1200;2388.0700;9052.8800;47.4400;521.4200;2388.0700;8128.6600;8.4523;393.0000;1.0000;0;WO300614;1,043.80
2026-07-02;ENG-060;56;2026-01-03 08:00:00;642.4000;1585.3300;1399.5800;554.2200;2388.0700;9052.7000;47.5400;521.7500;2388.0700;8133.4600;8.4224;393.0000;1.0000;0;WO743964;246.30
02-Jul-2026;ENG-021;76;2026-01-04 04:00:00;642.4700;1587.8500;1397.2300;553.9700;2387.9700;9057.6800;47.2400;521.6700;2388.0500;8137.2200;8.4238;391.0000;1.0000;0;WO318216;2353.16
2026/07/02;ENG-024;89;2026-01-04 17:00:00;642.4400;1589.8100;1404.9200;553.4100;2388.0100;9066.0500;47.3500;522.6700;2388.0300;8152.3200;8.3906;392.0000;0.9360;0;WO499392;574.45
2026/07/02;  ENG-099 ;49;2026-01-03 01:00:00;641.8500;1581.2900;1394.1600;553.9800;2388.0100;9061.0400;47.0800;523.0400;2388.0000;8147.1100;8.3953;391.0000;1.0000;0;WO259627;355.11
2026-07-02;ENG-097;59;2026-01-03 11:00:00;642.4200;1586.8100;1393.6000;554.8400;2388.0800;9062.3700;47.4100;522.0700;2388.0400;8144.3600;8.3925;392.0000;1.0000;0;WO727639;2,152.27
2026/07/02;ENG-028;54;2026-01-03 06:00:00;642.4100;1580.3800;1402.2000;553.6300;2388.1100;9050.1800;47.2800;521.9300;2388.1300;8125.6500;8.4572;392.0000;1.0000;0;WO680508;2643.85
2026/07/02;eng-068;77;2026-01-04 05:00:00;642.5200;1585.5200;1404.5000;554.3600;2388.1000;9048.1600;47.4400;521.8900;2388.0900;8134.9400;8.4221;392.0000;0.9440;0;WO939074;2652.07
2026-07-02;ENG-030;84;2026-01-04 12:00:00;643.0400;1599.3500;1411.3800;552.9100;2388.1100;9050.9700;47.6600;521.5900;2388.1200;8128.0100;8.4100;393.0000;1.0000;0;WO493992;
2026/07/02;ENG-026;30;2026-01-02 06:00:00;642.6600;1589.9500;1403.0800;555.0200;2388.0700;9058.9500;47.1600;522.3000;2387.9900;8146.6400;8.3877;391.0000;1.0000;0;WO822021;1806.39
2026-07-02;eng-040;56;2026-01-03 08:00:00;642.5900;1595.6600;1408.0800;553.1900;2388.1100;9061.2100;47.5300;521.3400;2388.1100;8137.9000;8.4696;393.0000;0.8400;0;WO456378;2855.94
02-Jul-2026;ENG-066;95;2026-01-04 23:00:00;643.1000;1597.3600;1407.1200;553.5900;2388.0800;9076.3600;47.5500;520.9100;2388.0800;8148.0300;8.4363;394.0000;0.5280;0;WO734598;1,396.75
2026/07/02;ENG-034;120;2026-01-06 00:00:00;642.7100;1586.1900;1394.5600;554.0000;2388.0800;9062.6200;47.4400;521.0500;2388.0300;8143.5000;8.4227;392.0000;0.7200;0;WO700352;2,425.33
2026/07/02;  ENG-073 ;53;2026-01-03 05:00:00;642.3100;1586.1400;1401.3900;554.4100;2388.0500;9053.6000;47.1600;522.5700;2388.0200;8133.1600;8.4142;392.0000;1.0000;0;WO481713;305.62
02-Jul-2026;ENG-006;38;2026-01-02 14:00:00;642.5600;1592.5300;1395.9400;553.4900;2388.0600;9050.1600;47.4300;522.0700;2388.0600;8133.6400;8.4398;392.0000;1.0000;0;WO284060;1235.03
2026/07/02;ENG-061;99;2026-01-05 03:00:00;642.7800;1579.7000;1400.5400;554.0100;2388.0500;9067.6000;47.2700;522.5900;2388.0800;8149.2700;8.4410;392.0000;0.6480;0;WO597849;748.49
2026-07-02;ENG-041;60;2026-01-03 12:00:00;642.5700;1589.5800;1404.3400;553.9400;2388.0600;9054.1100;47.0900;522.0800;2388.0900;8131.7200;8.3902;393.0000;0.6480;0;WO131327;1181.19
02-Jul-2026;ENG-053;88;2026-01-04 16:00:00;642.0700;1584.3800;1400.0300;553.3800;2388.0400;9062.9800;47.4900;522.0200;2388.0600;8143.5300;8.4125;391.0000;0.8160;0;WO640663;2,950.66
2026-07-02;ENG-076;106;2026-01-05 10:00:00;642.3300;1589.8200;1403.6900;553.6600;2388.0000;9061.5300;47.3800;521.7000;2388.0100;8143.1700;8.4188;392.0000;0.8720;0;WO462274;607.27
02-Jul-2026;  ENG-054 ;69;2026-01-03 21:00:00;642.1800;1594.3700;1402.2700;554.2300;2388.0300;9058.7100;47.1700;521.9500;2388.0100;8144.1700;8.3823;391.0000;1.0000;0;WO992343;2,910.09
2026/07/02;  ENG-075 ;54;2026-01-03 06:00:00;642.3700;1589.0000;1400.3100;553.0000;2388.0500;9065.4500;47.1700;521.6100;2388.1000;8143.5500;8.4601;392.0000;1.0000;0;WO644043;
02-Jul-2026;  ENG-035 ;120;2026-01-06 00:00:00;642.5700;1591.7700;1409.9600;553.5100;2388.1500;9056.1100;47.7400;521.5900;2388.1400;8137.0700;8.4443;396.0000;0.7120;0;WO831875;2003.50
2026-07-02;ENG-074;63;2026-01-03 15:00:00;642.5500;1587.0800;1406.1100;553.3600;2388.0800;9062.1600;47.4100;521.7900;2388.1100;8142.8200;8.4187;393.0000;1.0000;0;WO454384;
2026/07/02;ENG-070;59;2026-01-03 11:00:00;641.9400;1592.8700;1401.5200;553.4600;2388.0900;9048.5800;47.5200;521.8500;2388.0900;8134.3300;8.4453;393.0000;1.0000;0;WO939722;109.77
2026/07/02;ENG-049;179;2026-01-08 11:00:00;641.5600;1585.4300;1397.1700;553.7400;2387.9600;9069.0300;47.4300;522.1600;2388.0300;8142.3400;8.3792;392.0000;1.0000;0;WO128552;431.77
2026-07-02;ENG-072;86;2026-01-04 14:00:00;642.3100;1590.1100;1404.6500;553.5300;2388.0700;9067.7500;47.4200;522.2600;2388.1000;8146.1000;8.4355;392.0000;0.7600;0;WO205344;2667.73
2026-07-02;eng-057;93;2026-01-04 21:00:00;642.3400;1585.9400;1407.4200;552.6600;2388.1400;9048.7800;47.6200;521.2300;2388.1400;8133.5200;8.4135;393.0000;1.0000;0;WO666701;1,700.58
2026/07/02;ENG-062;103;2026-01-05 07:00:00;641.7500;1585.1900;1398.6600;555.0700;2388.0500;9056.1100;47.1600;522.2300;2387.9600;8133.7000;8.3927;392.0000;1.0000;0;WO174477;1945.41
02-Jul-2026;ENG-057;97;2026-01-05 01:00:00;642.9700;1588.4700;1413.0700;553.2000;2388.1100;9047.7400;47.6800;521.8000;2388.0500;8138.7100;8.4594;392.0000;1.0000;0;WO763524;2,686.78
2026/07/02;ENG-081;142;2026-01-06 22:00:00;642.1600;1587.9400;1400.8300;553.5600;2388.0800;9074.7900;47.6200;521.6400;2388.0500;8149.4200;8.4305;394.0000;0.6320;0;WO369194;2167.81
2026/07/02;eng-021;58;2026-01-03 10:00:00;642.2600;1591.2200;1400.9500;554.1700;2388.0100;9045.1800;47.2400;522.2700;2388.0500;8134.0600;8.3897;390.0000;1.0000;0;WO679236;913.49
2026-07-02;eng-089;78;2026-01-04 06:00:00;642.1400;1585.5700;1414.2700;554.0600;2388.1100;9053.6800;47.3600;522.3400;2388.1100;8127.9700;8.4167;394.0000;;0;WO568358;1,413.34
02-Jul-2026;ENG-094;74;2026-01-04 02:00:00;642.9000;1595.3700;1412.8900;553.4800;2388.1100;9056.1000;47.5100;521.2700;2388.0900;8137.4000;8.4367;394.0000;0.9120;0;WO663053;1,032.81
2026/07/02;ENG-029;95;2026-01-04 23:00:00;642.5500;1586.0900;1407.0500;554.2200;2387.9700;9062.3800;47.2700;522.0000;2388.0200;8143.1200;8.4148;392.0000;1.0000;0;WO398367;1,565.31
02-Jul-2026;ENG-020;68;2026-01-03 20:00:00;642.1400;1594.9500;1405.8200;553.3900;2388.0000;9067.1100;47.4700;521.8400;2388.1200;8143.2700;8.3965;392.0000;1.0000;0;WO888645;1553.91
2026-07-02;ENG-074;52;2026-01-03 04:00:00;642.5300;1591.9100;1402.5400;554.2800;2388.0700;9061.7300;47.3500;521.0800;2388.0600;8144.1200;8.4510;392.0000;1.0000;0;WO211186;175.02
02-Jul-2026;  ENG-010 ;76;2026-01-04 04:00:00;642.4000;1585.6300;1395.1300;554.3900;2388.0100;9054.8600;47.2100;522.0700;2388.0700;8141.4800;8.3956;391.0000;1.0000;0;WO827770;1678.26
2026/07/02;ENG-093;91;2026-01-04 19:00:00;642.9800;1598.0400;1415.2400;553.0700;2388.1200;9062.8300;47.6200;521.2400;2388.0900;8138.4000;8.5006;393.0000;1.0000;0;WO855788;120.40
2026-07-02;eng-015;38;2026-01-02 14:00:00;642.0400;1590.6700;1404.3000;553.6800;2388.0500;9061.9400;47.2300;522.3000;2388.0600;8139.9600;8.4334;393.0000;;0;WO571341;1996.64
02-Jul-2026;ENG-045;61;2026-01-03 13:00:00;642.7400;1586.1500;1409.3300;553.4800;2388.1500;9065.9500;47.5300;521.5500;2388.1300;8137.3800;8.4371;391.0000;1.0000;0;WO233666;2,410.62
02-Jul-2026;ENG-012;128;2026-01-06 08:00:00;642.0100;1586.0400;1406.0400;554.5700;2388.0200;9059.2000;47.2600;522.2200;2388.0200;8138.9600;8.4146;391.0000;1.0000;0;WO544820;1324.48
2026/07/02;ENG-054;55;2026-01-03 07:00:00;641.9700;1581.5000;1396.7600;554.8300;2387.9700;9058.9500;47.2600;523.0400;2388.0000;8137.4400;8.3801;391.0000;1.0000;0;WO114690;
02-Jul-2026;ENG-052;92;2026-01-04 20:00:00;642.1600;1584.9100;1403.5700;553.5800;2388.0000;9056.3700;47.2200;522.0300;2388.0100;8139.1900;8.4203;392.0000;1.0000;0;WO329148;1022.45
02-Jul-2026;  ENG-028 ;82;2026-01-04 10:00:00;642.8200;1590.6300;1412.5800;553.7100;2388.1300;9052.3000;47.4000;521.2500;2388.0700;8130.0700;8.4175;391.0000;1.0000;0;WO480444;1554.46
02-Jul-2026;  ENG-028 ;96;2026-01-05 00:00:00;642.7800;1593.9600;1405.2900;552.6200;2388.0700;9048.6500;47.5300;520.7900;2388.1000;8133.1200;8.4004;396.0000;1.0000;0;WO691469;1869.84
2026/07/02;ENG-018;75;2026-01-04 03:00:00;642.1300;1589.7100;1404.0500;554.3400;2388.0300;9064.9600;47.3400;522.1400;2388.0400;8147.4700;8.4127;392.0000;0.6880;0;WO213161;316.91
2026/07/02;ENG-035;82;2026-01-04 10:00:00;643.0200;1589.3000;1405.3100;553.3900;2388.0900;9050.7300;47.7200;521.1500;2388.1600;8135.9700;8.4545;394.0000;1.0000;0;WO548289;2,095.36
2026-07-02;ENG-088;38;2026-01-02 14:00:00;643.1200;1590.9500;1413.0700;553.3800;2388.2100;9043.6300;47.5600;521.1500;2388.1000;8124.9400;8.4223;393.0000;1.0000;0;WO656291;
2026/07/02;ENG-049;173;2026-01-08 05:00:00;642.0400;1584.2700;1402.0100;554.3200;2388.0900;9062.1900;47.4900;522.0300;2388.0600;8145.5100;8.3869;392.0000;1.0000;0;WO993991;2,522.48
02-Jul-2026;  ENG-034 ;105;2026-01-05 09:00:00;642.9800;1591.6200;1402.3200;554.2400;2388.0200;9066.7200;47.4600;522.3200;2388.0000;8147.6400;8.4041;392.0000;0.8400;0;WO579361;2886.54
02-Jul-2026;ENG-045;71;2026-01-03 23:00:00;642.4700;1589.3400;1409.3700;553.5000;2388.0400;9067.8300;47.5600;521.9300;2388.0600;8143.0900;8.4776;393.0000;1.0000;0;WO468387;225.40
2026-07-02;  ENG-042 ;92;2026-01-04 20:00:00;641.8500;1592.3900;1399.6700;553.7900;2388.1100;9044.1400;47.4100;522.2300;2388.0900;8135.7200;8.3827;392.0000;0.5920;0;WO462131;1,994.53
2026/07/02;ENG-064;88;2026-01-04 16:00:00;642.3100;1592.7300;1410.7300;553.6200;2388.0800;9059.1900;47.3700;521.4800;2388.0300;8135.9200;8.4149;393.0000;0.8640;0;WO901266;1151.58
2026-07-02;eng-091;125;2026-01-06 05:00:00;642.2100;1597.8500;1415.1900;552.2900;2388.1500;9046.0200;47.6200;520.8100;2388.2000;8126.0000;8.4781;393.0000;;0;WO345756;92.74
02-Jul-2026;ENG-052;114;2026-01-05 18:00:00;642.1000;1587.5800;1404.7400;553.9200;2387.9800;9058.7200;47.1900;522.3000;2387.9800;8144.2700;8.4062;392.0000;0.8320;0;WO724391;125.67
2026/07/02;ENG-024;74;2026-01-04 02:00:00;642.6700;1582.7800;1392.5700;554.5100;2387.9900;9065.8800;47.1900;522.1600;2388.0400;8148.5600;8.3924;393.0000;1.0000;0;WO463558;2,598.65
2026-07-02;  ENG-075 ;45;2026-01-02 21:00:00;642.6000;1580.9600;1408.8100;553.7200;2388.0900;9061.9200;47.3400;521.5200;2388.0800;8140.5100;8.4072;393.0000;1.0000;0;WO772804;1889.40
02-Jul-2026;  ENG-034 ;116;2026-01-05 20:00:00;642.6900;1594.2700;1400.5700;553.5400;2388.0100;9064.2800;47.3500;521.8000;2388.0300;8138.0300;8.4267;393.0000;;0;WO686523;488.73
2026/07/02;  ENG-061 ;76;2026-01-04 04:00:00;642.3600;1598.0200;1401.0400;553.9500;2388.0000;9065.2800;47.3300;522.3300;2388.0000;8154.9700;8.3905;392.0000;;0;WO458058;608.11
02-Jul-2026;ENG-069;30;2026-01-02 06:00:00;642.5700;1583.6300;1408.8300;553.9200;2388.0500;9049.4100;47.3400;522.2500;2388.0800;8127.1500;8.4024;392.0000;1.0000;0;WO275347;238.20
2026/07/02;ENG-059;41;2026-01-02 17:00:00;641.9400;1580.4000;1401.8100;554.0900;2388.0100;9063.7100;47.1300;522.3700;2388.0500;8136.0800;8.3845;392.0000;1.0000;0;WO857674;1395.98
02-Jul-2026;ENG-075;49;2026-01-03 01:00:00;642.7800;1599.5600;1404.7400;553.8300;2388.0300;9056.5200;47.4900;521.6200;2388.1300;8139.0500;8.4054;393.0000;1.0000;0;WO506488;2,227.00
02-Jul-2026;ENG-010;95;2026-01-04 23:00:00;642.0200;1585.9900;1394.5500;554.0800;2388.0200;9057.5700;47.1000;522.0200;2388.0500;8137.6200;8.4158;392.0000;1.0000;0;WO544419;1341.33
2026-07-02;eng-037;76;2026-01-04 04:00:00;642.6400;1583.6900;1405.5200;554.4000;2388.0400;9052.0600;47.3800;521.9900;2388.0700;8133.5700;8.4196;391.0000;0.5280;0;WO741684;2679.04
02-Jul-2026;ENG-068;103;2026-01-05 07:00:00;642.4600;1589.5700;1399.5300;553.7100;2388.0200;9060.0100;47.3900;521.5200;2388.1300;8143.7000;8.4175;393.0000;0.7360;0;WO989815;
2026/07/02;ENG-019;69;2026-01-03 21:00:00;642.4400;1583.9800;1403.9300;553.8500;2387.9800;9053.7500;47.4400;522.2100;2387.9800;8136.3800;8.4516;391.0000;1.0000;0;WO547661;1456.37
2026-07-02;  ENG-042 ;83;2026-01-04 11:00:00;642.5100;1587.8500;1409.5000;553.7400;2388.1000;9051.0900;47.1400;521.4200;2388.0600;8134.8000;8.4299;393.0000;0.6640;0;WO236167;2846.61
02-Jul-2026;ENG-048;51;2026-01-03 03:00:00;642.4200;1583.1600;1407.0000;553.2700;2388.1100;9050.1600;47.3300;521.2900;2388.1000;8136.1300;8.4205;392.0000;0.9520;0;WO982552;
2026-07-02;eng-064;98;2026-01-05 02:00:00;642.6500;1592.3500;1401.4300;553.3000;2388.0500;9063.5900;47.4700;521.1900;2388.0400;8145.1100;8.4362;394.0000;0.7840;0;WO112837;2,755.49
02-Jul-2026;eng-062;114;2026-01-05 18:00:00;642.1500;1579.3600;1389.8500;554.3300;2388.0000;9059.4000;47.3900;522.6700;2388.0300;8144.9300;8.3920;392.0000;1.0000;0;WO536364;2394.23
02-Jul-2026;ENG-072;46;2026-01-02 22:00:00;642.0400;1587.4800;1401.2600;554.1500;2388.0400;9063.3000;47.1900;521.6300;2387.9900;8146.2300;8.4089;392.0000;1.0000;0;WO791131;1464.06
02-Jul-2026;ENG-058;79;2026-01-04 07:00:00;642.1800;1591.3600;1409.6000;554.1500;2388.0900;9047.6400;47.1500;522.1700;2388.0800;8135.2600;8.3842;392.0000;1.0000;0;WO767860;2,284.28
02-Jul-2026;  ENG-075 ;35;2026-01-02 11:00:00;642.3400;1581.2900;1403.6000;553.3900;2388.0400;9057.5200;47.1700;521.8800;2388.0400;8143.5500;8.4209;393.0000;1.0000;0;WO614362;663.01
2026/07/02;ENG-023;81;2026-01-04 09:00:00;642.0200;1580.0100;1398.1700;554.1900;2388.0400;9054.3500;47.1800;522.4600;2388.0300;8138.2900;8.4022;393.0000;1.0000;0;WO646289;1,037.00
2026-07-02;ENG-087;32;2026-01-02 08:00:00;641.6400;1584.6200;1395.7500;553.9200;2388.0200;9061.3400;47.3100;522.4000;2388.0600;8140.3000;8.4219;391.0000;1.0000;0;WO873459;2178.80
2026/07/02;  ENG-047 ;33;2026-01-02 09:00:00;642.5000;1589.7800;1402.4300;553.0300;2388.1200;9041.5200;47.4100;521.2200;2388.1600;8126.7800;8.4508;394.0000;1.0000;0;WO583786;1146.12
2026/07/02;ENG-051;52;2026-01-03 04:00:00;641.9700;1587.7400;1403.9100;554.0900;2388.0900;9058.1200;47.2000;521.4500;2388.1100;8132.1300;8.4555;393.0000;1.0000;0;WO577845;164.75
2026/07/02;ENG-008;95;2026-01-04 23:00:00;642.0500;1590.5200;1408.2700;552.8600;2388.0700;9047.0100;47.4000;521.1000;2388.0700;8124.8700;8.4759;394.0000;1.0000;0;WO742078;
2026-07-02;ENG-091;109;2026-01-05 13:00:00;642.6900;1587.4200;1413.2300;552.9300;2388.1700;9042.1700;47.8400;520.7700;2388.1300;8130.8000;8.4682;394.0000;1.0000;0;WO533753;2366.01
02-Jul-2026;ENG-023;79;2026-01-04 07:00:00;642.0400;1583.9200;1398.2100;553.9800;2388.0600;9053.8000;47.2300;522.2200;2387.9800;8128.1100;8.3867;389.0000;1.0000;0;WO462637;
2026-07-02;ENG-003;69;2026-01-03 21:00:00;642.7300;1593.7800;1408.3600;552.9300;2388.1300;9046.3300;47.7200;521.2100;2388.1000;8129.8300;8.4246;393.0000;1.0000;0;WO357831;2,894.76
02-Jul-2026;ENG-068;72;2026-01-04 00:00:00;641.9600;1584.5800;1400.2000;554.3200;2388.0300;9056.2800;47.4200;521.9500;2388.0900;8134.7400;8.4074;392.0000;0.9840;0;WO621236;2304.43
2026/07/02;eng-060;87;2026-01-04 15:00:00;642.8500;1592.6800;1404.1100;553.7000;2388.0300;9051.7300;47.3600;521.6500;2388.0700;8130.3500;8.4226;391.0000;1.0000;0;WO395620;1993.49
2026-07-02;ENG-057;60;2026-01-03 12:00:00;642.9000;1592.7600;1402.8700;553.7900;2388.1100;9048.4700;47.4000;521.5000;2388.0900;8131.4800;8.3946;392.0000;1.0000;0;WO487155;753.82
2026/07/02;ENG-093;126;2026-01-06 06:00:00;642.2100;1592.6700;1411.0700;553.2400;2388.1600;9063.0300;47.5700;521.4900;2388.1200;8141.8700;8.4693;394.0000;1.0000;0;WO773930;1742.11
2026/07/02;ENG-096;63;2026-01-03 15:00:00;641.9000;1584.3000;1398.6800;555.0600;2388.0200;9066.6800;47.1100;522.1400;2387.9600;8150.9700;8.4368;391.0000;1.0000;0;WO901231;1151.53
2026/07/02;ENG-012;98;2026-01-05 02:00:00;642.7200;1588.6400;1397.4500;554.2900;2388.0200;9067.8700;47.3300;522.6100;2388.0400;8142.8900;8.4090;391.0000;1.0000;0;WO183199;1998.40
2026/07/02;ENG-052;93;2026-01-04 21:00:00;641.7000;1576.8700;1401.8900;554.4100;2388.0300;9069.4900;47.1900;522.2000;2388.0000;8143.2500;8.3861;391.0000;1.0000;0;WO408889;102.40
02-Jul-2026;ENG-024;81;2026-01-04 09:00:00;642.1700;1586.7200;1396.0700;553.6600;2387.9700;9069.7000;47.3000;521.7200;2388.0000;8148.3200;8.4047;392.0000;1.0000;0;WO383818;1,608.67
02-Jul-2026;ENG-063;89;2026-01-04 17:00:00;642.3700;1590.2200;1407.5500;553.6200;2388.1500;9046.2500;47.5500;521.1200;2388.1900;8133.2200;8.4886;393.0000;1.0000;0;WO607415;1,302.36
2026-07-02;  ENG-053 ;92;2026-01-04 20:00:00;643.2100;1591.9400;1402.3000;553.9400;2388.0500;9057.3000;47.2800;521.5900;2388.0600;8136.6100;8.4135;393.0000;;0;WO960551;117.91
02-Jul-2026;  ENG-062 ;106;2026-01-05 10:00:00;642.4900;1588.7100;1405.5600;554.0700;2388.0300;9058.3400;47.2200;522.2800;2387.9800;8140.5800;8.4118;393.0000;1.0000;0;WO988414;1,384.57
2026-07-02;ENG-024;67;2026-01-03 19:00:00;642.1900;1589.8600;1391.4700;554.6100;2387.9500;9067.4000;47.1100;522.2600;2388.0200;8147.4000;8.4118;392.0000;;0;WO994187;2,968.29
02-Jul-2026;ENG-053;76;2026-01-04 04:00:00;642.0300;1588.5800;1396.2900;553.8600;2388.0600;9057.3200;47.3800;521.9100;2388.0500;8136.7500;8.4190;393.0000;0.9120;0;WO601567;2,463.95
2026/07/02;ENG-024;64;2026-01-03 16:00:00;641.5900;1582.8300;1401.9500;554.1700;2388.0500;9067.1700;47.2700;521.9200;2387.9700;8155.8600;8.4292;390.0000;1.0000;0;WO416712;2304.71
2026-07-02;ENG-024;111;2026-01-05 15:00:00;641.9700;1589.1800;1403.0200;555.1500;2387.9800;9072.9000;47.1500;522.2800;2388.0000;8153.4700;8.3860;391.0000;0.7600;0;WO795611;1802.47
2026/07/02;ENG-095;43;2026-01-02 19:00:00;642.1400;1586.3700;1405.3300;553.8100;2388.0500;9047.1000;47.3800;522.0200;2388.0700;8129.7700;8.4218;392.0000;1.0000;0;WO422600;
2026/07/02;ENG-008;60;2026-01-03 12:00:00;642.4600;1588.5300;1404.4600;553.4700;2388.1400;9040.1500;47.4400;521.9700;2388.0700;8131.0200;8.4404;393.0000;1.0000;0;WO887564;2455.92
2026-07-02;eng-079;38;2026-01-02 14:00:00;641.9500;1585.9000;1398.1600;553.6600;2388.0500;9049.2500;47.2000;521.9700;2388.0800;8131.4800;8.4102;392.0000;1.0000;0;WO510028;1,768.47
2026/07/02;ENG-018;68;2026-01-03 20:00:00;642.3500;1586.0100;1392.9300;554.0200;2388.0500;9071.1000;47.4100;522.2800;2388.0200;8144.8000;8.4248;392.0000;0.7440;0;WO736476;1,800.70
2026-07-02;ENG-016;57;2026-01-03 09:00:00;642.4500;1584.7400;1394.8700;554.9400;2388.0300;9048.6600;47.2300;522.0800;2388.0400;8127.8200;8.4009;392.0000;1.0000;0;WO404601;297.96
2026/07/02;eng-024;104;2026-01-05 08:00:00;642.2800;1587.7600;1400.7000;554.1800;2387.9700;9073.1400;47.1200;522.2200;2388.0200;8161.2900;8.4315;394.0000;0.8160;0;WO396224;1007.28
2026-07-02;ENG-013;77;2026-01-04 05:00:00;642.2000;1581.0700;1396.7100;555.0700;2388.0100;9063.7400;47.2300;522.2000;2387.9900;8144.6100;8.3985;390.0000;1.0000;0;WO289724;2446.45
2026-07-02;eng-049;190;2026-01-08 22:00:00;642.8300;1588.9600;1404.0500;554.2500;2388.0600;9056.0200;47.4200;521.7100;2388.0800;8141.0700;8.4536;392.0000;1.0000;0;WO626857;874.12
2026/07/02;eng-016;46;2026-01-02 22:00:00;642.5900;1585.0800;1400.0700;554.8100;2388.0500;9050.4500;47.2000;522.1100;2388.0600;8131.8500;8.4179;393.0000;1.0000;0;WO834619;2,069.16
2026/07/02;ENG-049;166;2026-01-07 22:00:00;642.4700;1588.6300;1397.0800;555.1400;2388.0500;9064.0100;47.3600;521.9100;2388.0500;8145.8700;8.4328;393.0000;1.0000;0;WO231883;1195.53
2026/07/02;ENG-012;88;2026-01-04 16:00:00;641.9800;1581.1600;1396.7500;554.7600;2388.0200;9063.1500;47.3800;522.5800;2388.0100;8141.1700;8.4054;391.0000;1.0000;0;WO361271;
2026/07/02;ENG-081;76;2026-01-04 04:00:00;642.4900;1595.1300;1408.0800;554.0100;2388.0200;9069.7900;47.3300;521.7800;2388.0700;8147.2900;8.4124;391.0000;1.0000;0;WO674939;416.42
2026/07/02;ENG-028;90;2026-01-04 18:00:00;642.6000;1598.6000;1397.6900;552.9600;2388.0500;9045.3100;47.3900;521.2600;2388.0700;8126.4700;8.4263;393.0000;1.0000;0;WO659209;352.81
2026/07/02;ENG-059;43;2026-01-02 19:00:00;642.7600;1585.9100;1400.7600;554.5000;2388.0100;9058.1700;47.2200;522.7000;2387.9600;8136.5400;8.3811;392.0000;;0;WO318946;2,088.85
2026/07/02;ENG-082;65;2026-01-03 17:00:00;642.3300;1582.6600;1402.3400;554.7600;2388.1000;9060.2100;47.2800;522.3800;2388.0500;8143.6400;8.4173;393.0000;0.8480;0;WO198485;832.11
2026-07-02;ENG-028;72;2026-01-04 00:00:00;642.4000;1590.2000;1409.0700;553.4500;2388.0700;9049.2800;47.5100;521.5300;2388.1400;8128.3100;8.4267;391.0000;1.0000;0;WO595589;187.07
02-Jul-2026;ENG-057;56;2026-01-03 08:00:00;642.0100;1588.5600;1410.9700;553.7800;2388.0900;9052.7100;47.5400;521.7500;2388.0400;8131.6900;8.4481;393.0000;1.0000;0;WO645743;2635.94
2026/07/02;eng-068;77;2026-01-04 05:00:00;642.5200;1585.5200;1404.5000;554.3600;2388.1000;9048.1600;47.4400;521.8900;2388.0900;8134.9400;8.4221;392.0000;0.9440;0;WO939074;2652.07
02-Jul-2026;  ENG-057 ;77;2026-01-04 05:00:00;642.5000;1590.5100;1404.4800;553.9300;2388.1400;9041.9500;47.2200;521.5900;2388.0200;8130.7600;8.4113;392.0000;1.0000;0;WO912556;2508.07
2026-07-02;ENG-055;73;2026-01-04 01:00:00;642.0100;1590.0500;1410.9500;553.7000;2388.0500;9053.3000;47.2000;522.1200;2388.0500;8140.0200;8.3764;391.0000;1.0000;0;WO651637;1494.85
2026-07-02;ENG-036;59;2026-01-03 11:00:00;642.5700;1603.2300;1411.2700;553.5000;2388.0600;9060.1100;47.5300;520.8800;2388.1100;8137.8300;8.4776;393.0000;0.6880;0;WO272689;196.71
02-Jul-2026;ENG-100;77;2026-01-04 05:00:00;642.5900;1584.1900;1409.3500;553.9300;2388.0500;9057.3500;47.4500;521.5000;2388.0700;8143.0100;8.4149;391.0000;;0;WO756227;138.78
02-Jul-2026;ENG-020;75;2026-01-04 03:00:00;642.2000;1584.8100;1399.9500;553.9600;2388.0400;9068.5600;47.5800;521.6800;2388.0200;8140.0400;8.3859;393.0000;1.0000;0;WO216144;1,948.05
2026/07/02;ENG-067;32;2026-01-02 08:00:00;642.2800;1583.3300;1403.8000;554.3800;2388.0900;9064.0700;47.3000;521.7100;2388.0900;8138.9300;8.4230;393.0000;0.9280;0;WO702504;301.91
2026-07-02;ENG-066;81;2026-01-04 09:00:00;642.4400;1587.1100;1404.2800;553.4300;2388.1300;9070.9600;47.6400;521.4700;2388.0800;8147.6200;8.4482;393.0000;0.6400;0;WO551101;2372.60
2026-07-02;ENG-098;46;2026-01-02 22:00:00;642.2300;1589.7000;1401.9600;553.6700;2388.0900;9054.0500;47.4500;522.3200;2388.0700;8136.8500;8.4417;393.0000;1.0000;0;WO200717;1274.63
02-Jul-2026;eng-096;45;2026-01-02 21:00:00;641.9000;1582.7400;1397.5400;554.5700;2387.9500;9072.6400;47.2200;522.4500;2387.9700;8148.8700;8.3916;392.0000;1.0000;0;WO920608;569.68
02-Jul-2026;  ENG-040 ;52;2026-01-03 04:00:00;642.2300;1595.3700;1404.5000;552.8500;2388.1100;9052.9100;47.6100;521.3500;2388.1200;8134.3500;8.4337;392.0000;0.8720;0;WO502075;548.65
02-Jul-2026;  ENG-012 ;114;2026-01-05 18:00:00;642.0400;1582.8300;1394.2800;554.3400;2388.0100;9052.1800;47.2100;522.1100;2388.0500;8146.2500;8.4222;394.0000;1.0000;0;WO108829;2,225.31
2026/07/02;ENG-062;104;2026-01-05 08:00:00;641.8200;1583.0900;1398.2500;554.1400;2388.0100;9055.7400;47.4700;522.4100;2388.0500;8140.1800;8.4194;389.0000;1.0000;0;WO560434;109.80
2026-07-02;ENG-012;133;2026-01-06 13:00:00;641.4000;1582.2400;1396.8200;554.0600;2388.0500;9061.5300;47.2400;521.8500;2387.9900;8141.3400;8.4289;392.0000;1.0000;0;WO512440;2067.81
02-Jul-2026;ENG-020;94;2026-01-04 22:00:00;642.3900;1586.6400;1398.5700;554.0500;2388.0600;9064.7500;47.5600;521.4600;2388.0600;8142.7700;8.4555;393.0000;0.8480;0;WO326072;122.53
2026/07/02;ENG-088;44;2026-01-02 20:00:00;642.7500;1584.1500;1406.4000;553.4100;2388.1100;9040.0400;47.6600;521.3900;2388.1100;8122.6800;8.4314;393.0000;1.0000;0;WO332029;358.53
2026-07-02;ENG-098;79;2026-01-04 07:00:00;642.2900;1585.1400;1407.0000;553.9000;2388.0800;9069.4700;47.5500;520.9000;2388.0800;8142.7800;8.4691;392.0000;0.8080;0;WO948360;2695.29
2026-07-02;ENG-086;54;2026-01-03 06:00:00;642.6200;1581.7500;1401.1100;553.4500;2388.0500;9056.2600;47.4600;521.5500;2388.0700;8137.4900;8.4224;394.0000;1.0000;0;WO598675;678.70
02-Jul-2026;eng-070;54;2026-01-03 06:00:00;642.4100;1582.9600;1403.7400;553.8000;2388.1100;9053.2400;47.3400;522.1600;2388.1100;8126.8500;8.4360;392.0000;1.0000;0;WO301633;2083.28
2026/07/02;  ENG-100 ;94;2026-01-04 22:00:00;642.0500;1586.6900;1405.4400;553.4100;2388.0100;9069.2400;47.2400;521.9700;2388.0100;8136.8100;8.4102;392.0000;0.9920;0;WO704709;2138.04
2026/07/02;  ENG-083 ;29;2026-01-02 05:00:00;642.3800;1587.2500;1397.4900;553.7400;2388.0900;9060.2400;47.3400;522.0000;2388.0500;8137.3200;8.4137;391.0000;1.0000;0;WO643081;2442.04
2026/07/02;  ENG-077 ;100;2026-01-05 04:00:00;642.6200;1585.2500;1396.5900;553.3700;2388.1100;9050.7200;47.3500;521.7400;2388.1300;8130.2800;8.4646;394.0000;0.7680;0;WO103178;1566.17
2026-07-02;ENG-093;99;2026-01-05 03:00:00;642.6900;1593.9200;1410.1100;552.6400;2388.0900;9060.8700;47.5800;521.9400;2388.1300;8138.9600;8.4402;394.0000;1.0000;0;WO796415;1696.96
2026-07-02;ENG-094;85;2026-01-04 13:00:00;642.9000;1591.8500;1402.7100;553.4900;2388.0900;9060.2600;47.5400;521.1200;2388.1000;8140.8000;8.4090;393.0000;0.8240;0;WO505786;952.48
2026/07/02;ENG-015;40;2026-01-02 16:00:00;642.6300;1588.2900;1400.0100;553.8000;2388.1000;9053.6700;47.3800;522.5900;2388.0100;8142.7100;8.4135;392.0000;0.9520;0;WO723842;765.01
02-Jul-2026;ENG-030;83;2026-01-04 11:00:00;642.5900;1587.1800;1410.6500;552.9300;2388.0300;9046.9700;47.5200;522.0400;2388.0900;8129.6000;8.4666;394.0000;1.0000;0;WO147723;1629.81
2026-07-02;ENG-077;55;2026-01-03 07:00:00;642.2800;1582.8700;1407.2300;554.4800;2388.0600;9049.7900;47.3500;522.4200;2388.0400;8133.3300;8.3978;393.0000;1.0000;0;WO148165;
02-Jul-2026;ENG-037;50;2026-01-03 02:00:00;642.0900;1591.0700;1407.5600;553.9500;2388.0500;9052.2000;47.2500;521.8800;2387.9800;8136.8600;8.3985;392.0000;0.7360;0;WO174693;678.83
2026-07-02;ENG-057;75;2026-01-04 03:00:00;642.6000;1590.7500;1405.4600;553.4000;2388.1100;9049.0900;47.4100;520.8800;2388.1100;8129.8600;8.4255;394.0000;1.0000;0;WO294935;2,727.42
2026/07/02;  ENG-038 ;61;2026-01-03 13:00:00;642.8100;1592.1800;1414.0200;553.4300;2388.1500;9057.7300;47.5700;521.1700;2388.1100;8130.8900;8.4618;392.0000;0.9120;0;WO723002;
2026/07/02;  ENG-062 ;120;2026-01-06 00:00:00;641.7800;1579.8100;1397.3400;554.4800;2387.9700;9052.4000;47.2600;522.5600;2387.9900;8140.1300;8.4077;390.0000;1.0000;0;WO886741;2,188.46
2026-07-02;ENG-097;63;2026-01-03 15:00:00;642.4100;1585.9100;1406.0500;554.7700;2388.0400;9064.8200;47.3300;522.2200;2388.0300;8156.3600;8.4320;392.0000;1.0000;0;WO418059;2,081.38
2026/07/02;ENG-039;24;2026-01-02 00:00:00;642.1700;1583.9900;1406.9600;554.3400;2388.0100;9058.3000;47.2400;522.3400;2387.9900;8144.2900;8.4077;392.0000;1.0000;0;WO766800;2254.43
2026/07/02;eng-068;124;2026-01-06 04:00:00;643.0000;1588.7700;1407.4800;552.7100;2388.1100;9068.5400;47.5900;521.1500;2388.1500;8144.7000;8.4493;393.0000;0.5680;0;WO332765;1,858.67
2026-07-02;eng-064;81;2026-01-04 09:00:00;642.9800;1590.2800;1407.6700;553.9600;2388.0300;9050.0700;47.5000;522.1700;2388.0700;8139.2800;8.4599;393.0000;0.9200;0;WO197519;2,961.36
2026/07/02;  ENG-049 ;107;2026-01-05 11:00:00;641.8200;1588.2100;1398.1000;554.5000;2388.0100;9063.1600;47.2100;521.9900;2388.0000;8144.5100;8.3893;392.0000;1.0000;0;WO689431;2,352.17
2026/07/02;  ENG-099 ;39;2026-01-02 15:00:00;642.2200;1585.6100;1398.1900;555.6300;2388.0000;9063.1300;47.3800;522.4600;2387.9800;8142.8200;8.3633;391.0000;1.0000;0;WO249599;1582.47
2026/07/02;ENG-050;26;2026-01-02 02:00:00;642.1000;1583.6100;1407.7200;553.8500;2388.1000;9063.8900;47.4100;521.7500;2388.0200;8138.0200;8.4177;390.0000;1.0000;0;WO114689;
2026-07-02;  ENG-034 ;127;2026-01-06 07:00:00;642.3700;1586.2000;1402.1400;554.1600;2388.0400;9067.8900;47.3200;521.9600;2388.0200;8136.8300;8.4104;393.0000;0.6640;0;WO666139;897.23
2026-07-02;ENG-027;61;2026-01-03 13:00:00;642.3700;1581.5000;1400.3700;554.6800;2388.0800;9048.7200;47.2100;522.6000;2388.0700;8128.9600;8.4148;390.0000;1.0000;0;WO308281;1752.61
2026/07/02;eng-006;52;2026-01-03 04:00:00;642.7600;1595.7100;1407.2500;553.4400;2388.1400;9059.7200;47.5000;521.5500;2388.0700;8133.9400;8.4176;394.0000;1.0000;0;WO482756;711.60
2026/07/02;ENG-029;66;2026-01-03 18:00:00;642.2300;1590.8700;1399.3500;554.3100;2388.0600;9053.6800;47.4700;521.8100;2388.0500;8142.6500;8.4079;392.0000;1.0000;0;WO526465;1,381.34
2026/07/02;ENG-066;86;2026-01-04 14:00:00;642.7400;1588.3500;1411.2600;553.4400;2388.0800;9069.3500;47.5400;521.3900;2388.0500;8144.3600;8.4482;394.0000;0.6000;0;WO595507;1427.96
2026/07/02;ENG-082;103;2026-01-05 07:00:00;642.7500;1588.7600;1412.0100;553.1100;2388.1000;9060.6500;47.4300;521.1300;2388.0800;8134.4800;8.4223;394.0000;0.5440;0;WO739501;523.76
02-Jul-2026;ENG-035;127;2026-01-06 07:00:00;642.8900;1594.0300;1405.2800;553.0600;2388.1500;9061.7000;47.7200;521.3700;2388.1900;8135.1800;8.4417;395.0000;0.6560;0;WO541731;1266.23
2026/07/02;ENG-096;62;2026-01-03 14:00:00;642.3100;1588.2200;1396.6000;554.6000;2388.0500;9066.2800;47.2100;522.6400;2388.0100;8145.1700;8.4082;392.0000;;0;WO391036;2377.34
2026-07-02;ENG-100;81;2026-01-04 09:00:00;642.1700;1590.8100;1406.1400;554.2300;2388.0400;9062.5000;47.3400;522.5400;2388.0100;8136.1700;8.4150;391.0000;1.0000;0;WO869296;
2026-07-02;  ENG-076 ;99;2026-01-05 03:00:00;641.7200;1577.8500;1407.7800;553.7500;2388.0400;9055.0200;47.3600;522.5100;2388.0900;8140.4100;8.3881;391.0000;0.9280;0;WO681738;1535.10
02-Jul-2026;ENG-065;34;2026-01-02 10:00:00;641.8500;1584.3700;1402.6600;553.9600;2387.9700;9069.8700;47.2000;522.3600;2388.0500;8152.2600;8.4111;391.0000;;0;WO150051;137.13
2026-07-02;ENG-068;67;2026-01-03 19:00:00;642.4200;1591.0500;1405.1800;553.6100;2388.0900;9060.9000;47.3100;521.1800;2388.0700;8134.5800;8.4057;393.0000;1.0000;0;WO663952;677.64
2026/07/02;ENG-016;52;2026-01-03 04:00:00;642.5500;1586.0000;1402.1400;554.4800;2387.9900;9054.1900;47.2900;522.3200;2388.0900;8136.7100;8.3883;391.0000;1.0000;0;WO103117;1,910.77
02-Jul-2026;ENG-082;83;2026-01-04 11:00:00;642.9800;1589.1800;1396.9500;553.9700;2388.0200;9070.0200;47.4400;521.2000;2388.0100;8140.8200;8.3979;393.0000;0.7040;0;WO123981;304.60
02-Jul-2026;ENG-029;58;2026-01-03 10:00:00;642.4300;1585.6100;1401.7900;553.8600;2388.0800;9059.7900;47.2000;521.7600;2388.0700;8139.5500;8.4215;391.0000;1.0000;0;WO557764;2,300.55
2026-07-02;ENG-048;44;2026-01-02 20:00:00;643.2500;1586.2200;1407.4800;553.1400;2388.0500;9062.7500;47.4600;521.6700;2388.0800;8143.3200;8.4216;392.0000;1.0000;0;WO555790;1,819.62
2026-07-02;eng-075;48;2026-01-03 00:00:00;642.6900;1582.5000;1393.9200;553.6500;2388.0800;9062.5500;47.3300;522.3400;2388.0500;8148.9400;8.4426;390.0000;1.0000;0;WO138791;2697.33
02-Jul-2026;ENG-006;62;2026-01-03 14:00:00;642.7400;1591.4500;1413.6700;552.4200;2388.1100;9048.5200;47.6800;521.5200;2388.1300;8135.1200;8.4162;392.0000;1.0000;0;WO359363;267.23
2026/07/02;ENG-047;40;2026-01-02 16:00:00;642.7700;1585.7400;1416.4100;552.7000;2388.1300;9039.4800;47.5400;521.3200;2388.1900;8120.0900;8.4661;393.0000;;0;WO298179;2,430.43
2026/07/02;  ENG-058 ;102;2026-01-05 06:00:00;642.1400;1587.4900;1401.3000;554.0500;2388.1300;9050.1500;47.3700;521.3800;2388.0900;8128.7400;8.4014;393.0000;0.8880;0;WO151417;2,324.32
2026-07-02;eng-036;78;2026-01-04 06:00:00;643.3800;1589.0400;1411.3600;552.5700;2388.1600;9062.8000;47.8100;521.3000;2388.1800;8137.4100;8.4675;392.0000;0.5360;0;WO932724;1210.68
2026-07-02;ENG-081;77;2026-01-04 05:00:00;642.0500;1592.5200;1400.9000;553.8600;2388.0400;9067.2700;47.4100;521.8800;2388.0600;8153.2900;8.4109;392.0000;1.0000;0;WO839287;752.97
02-Jul-2026;ENG-049;165;2026-01-07 21:00:00;642.4200;1581.0100;1402.9500;554.2300;2388.0900;9068.4000;47.4000;522.0100;2388.0400;8142.7500;8.4211;392.0000;1.0000;0;WO318628;2530.69
02-Jul-2026;ENG-064;83;2026-01-04 11:00:00;642.6400;1588.7000;1403.6500;553.3300;2388.0700;9058.1700;47.3300;521.7000;2388.0800;8134.2000;8.4320;392.0000;0.9040;0;WO765534;1350.89
2026-07-02;  ENG-043 ;64;2026-01-03 16:00:00;642.2900;1585.8200;1412.3000;553.8700;2388.0900;9050.4000;47.4200;522.2500;2388.0900;8129.2400;8.4298;393.0000;1.0000;0;WO684404;1767.28
2026-07-02;ENG-061;57;2026-01-03 09:00:00;642.3100;1586.3000;1407.8100;554.4500;2388.0500;9067.8600;47.3700;522.0700;2388.0100;8145.7800;8.3972;391.0000;0.9840;0;WO384020;1836.94
02-Jul-2026;ENG-054;48;2026-01-03 00:00:00;642.4900;1584.1300;1398.0800;554.5400;2388.0100;9059.4700;47.1900;522.3200;2387.9900;8135.7300;8.4135;391.0000;1.0000;0;WO377588;1676.54
02-Jul-2026;eng-020;118;2026-01-05 22:00:00;642.5100;1590.2700;1406.8500;553.7400;2388.0600;9060.8600;47.4300;521.4500;2388.1000;8146.1700;8.4232;393.0000;0.6560;0;WO469093;2520.73
2026-07-02;ENG-022;15;2026-01-01 15:00:00;642.5400;1587.1200;1404.4200;553.9200;2388.1400;9052.2600;47.5000;521.4100;2388.1200;8125.7200;8.4430;393.0000;1.0000;0;WO682936;1287.76
02-Jul-2026;eng-060;78;2026-01-04 06:00:00;641.7300;1589.1600;1400.2700;553.1900;2388.0300;9048.2800;47.2300;521.8400;2388.1100;8137.5700;8.4548;392.0000;1.0000;0;WO374049;1709.28
2026-07-02;ENG-052;90;2026-01-04 18:00:00;642.4400;1587.4600;1399.4400;554.2500;2388.0500;9048.8600;47.3800;522.1500;2388.0100;8135.4700;8.3738;390.0000;1.0000;0;WO496460;1,310.23
02-Jul-2026;ENG-098;52;2026-01-03 04:00:00;642.5300;1590.3600;1405.9700;553.9100;2388.0800;9060.4100;47.5400;521.3900;2388.0600;8136.8200;8.4473;393.0000;1.0000;0;WO876637;2,086.94
02-Jul-2026;ENG-035;74;2026-01-04 02:00:00;642.5300;1582.1300;1407.1400;553.4100;2388.1100;9056.7800;47.5900;521.8100;2388.1500;8134.9800;8.4238;393.0000;;0;WO388199;1,152.36
2026-07-02;ENG-084;92;2026-01-04 20:00:00;643.0300;1589.6100;1409.1200;553.5900;2388.1300;9055.3400;47.3600;521.3400;2388.0900;8130.3600;8.4041;394.0000;1.0000;0;WO691034;2367.20
2026/07/02;ENG-003;54;2026-01-03 06:00:00;642.6000;1596.4700;1408.8200;553.6000;2388.1200;9054.3800;47.5200;521.3000;2388.1200;8134.6300;8.4334;393.0000;1.0000;0;WO567554;
2026/07/02;ENG-061;92;2026-01-04 20:00:00;642.3700;1588.6600;1402.0100;553.9100;2388.0400;9066.1000;47.2300;521.7400;2388.0700;8145.4200;8.4218;391.0000;0.7040;0;WO753772;2998.75
2026-07-02;eng-016;67;2026-01-03 19:00:00;642.3400;1584.9000;1405.9500;554.5900;2388.0300;9051.7500;47.1900;522.4600;2388.0500;8133.7100;8.3746;392.0000;1.0000;0;WO859397;463.93
2026-07-02;  ENG-068 ;121;2026-01-06 01:00:00;642.8600;1589.2600;1399.0300;553.4900;2388.1200;9064.8800;47.4500;521.4600;2388.1000;8137.4000;8.4548;394.0000;0.5920;0;WO858879;1,850.11
2026/07/02;ENG-056;65;2026-01-03 17:00:00;643.3600;1590.4600;1420.2500;552.9100;2388.1600;9045.9800;47.6100;521.2200;2388.1800;8120.5900;8.4456;394.0000;0.6880;0;WO523531;927.55
2026-07-02;ENG-057;70;2026-01-03 22:00:00;642.0200;1583.7900;1404.9600;553.5300;2388.0500;9046.7400;47.5200;521.3400;2388.1300;8131.7800;8.4225;393.0000;1.0000;0;WO132308;1,705.86
2026/07/02;ENG-094;49;2026-01-03 01:00:00;642.7600;1595.6700;1401.8200;553.3100;2388.0700;9058.9400;47.6500;521.4000;2388.0800;8133.7900;8.4352;394.0000;1.0000;0;WO542723;1644.24
2026/07/02;eng-057;78;2026-01-04 06:00:00;642.5800;1577.7700;1400.7300;553.6700;2388.1200;9042.6600;47.2300;521.9000;2388.0700;8125.5600;8.4414;393.0000;1.0000;0;WO546793;63.73
02-Jul-2026;ENG-058;117;2026-01-05 21:00:00;642.5500;1589.3900;1412.1700;553.7000;2388.0900;9044.6600;47.5000;521.9400;2388.0800;8133.4700;8.4170;392.0000;0.7680;0;WO110506;1,824.44
02-Jul-2026;ENG-034;125;2026-01-06 05:00:00;641.8500;1589.7900;1403.2200;553.6500;2388.0800;9067.9200;47.3300;521.8600;2388.0800;8144.4700;8.3875;392.0000;0.6800;0;WO780991;1,519.15
2026-07-02;ENG-049;153;2026-01-07 09:00:00;642.0000;1579.3800;1401.1300;554.7100;2388.0000;9059.5800;47.4100;522.6300;2388.0100;8141.0900;8.3840;392.0000;1.0000;0;WO950951;494.71
02-Jul-2026;ENG-031;96;2026-01-05 00:00:00;641.9600;1590.9600;1397.4400;553.2400;2388.0300;9072.3900;47.4000;522.1600;2388.0700;8148.8500;8.4334;393.0000;0.8640;0;WO484036;141.96
2026/07/02;ENG-024;110;2026-01-05 14:00:00;642.1400;1593.8200;1408.1300;554.7500;2388.0800;9074.7100;47.3000;521.4700;2388.0300;8158.7000;8.3876;392.0000;0.7680;0;WO399223;2705.64
2026/07/02;ENG-097;67;2026-01-03 19:00:00;642.0400;1585.9100;1405.1500;554.9000;2387.9700;9068.8000;47.1300;522.0600;2388.0200;8152.1900;8.4352;392.0000;1.0000;0;WO545004;1,964.30
2026-07-02;eng-082;104;2026-01-05 08:00:00;642.3800;1595.1600;1407.0300;553.3900;2388.1400;9068.9400;47.5100;520.9000;2388.0500;8146.6000;8.4361;390.0000;0.5360;0;WO710606;
02-Jul-2026;ENG-086;58;2026-01-03 10:00:00;642.7500;1588.7900;1405.6200;553.5300;2388.1100;9058.2600;47.4100;521.2900;2388.1700;8140.1400;8.4630;394.0000;1.0000;0;WO452297;1,731.44
2026-07-02;ENG-064;108;2026-01-05 12:00:00;642.6100;1590.3500;1406.4700;553.9600;2388.0500;9060.1200;47.4700;521.1900;2388.1100;8137.9400;8.4347;395.0000;0.7040;0;WO898936;1,574.40
2026/07/02;ENG-039;23;2026-01-01 23:00:00;642.2200;1588.5700;1400.4700;554.3100;2388.0200;9056.5600;47.3500;521.9100;2388.0000;8143.0600;8.4251;393.0000;1.0000;0;WO528624;1,151.16
2026-07-02;ENG-045;64;2026-01-03 16:00:00;642.6700;1589.9000;1410.0100;553.7800;2388.0700;9061.2500;47.6500;521.4400;2388.0900;8139.6100;8.4655;392.0000;1.0000;0;WO414652;2490.70
2026-07-02;ENG-061;83;2026-01-04 11:00:00;642.3600;1580.4800;1412.5600;554.7500;2388.0800;9062.7200;47.2200;521.8700;2387.9900;8149.0600;8.3910;393.0000;0.7760;0;WO297210;626.63
2026/07/02;ENG-077;71;2026-01-03 23:00:00;642.9100;1577.3000;1405.1300;554.6800;2388.0900;9051.9900;47.4600;521.6100;2388.0500;8135.7900;8.4042;393.0000;1.0000;0;WO343803;1694.70
02-Jul-2026;eng-078;27;2026-01-02 03:00:00;642.2300;1577.9900;1396.0300;554.1700;2388.0500;9062.0000;47.1300;522.5700;2387.9800;8148.3500;8.4036;390.0000;;0;WO736334;1700.95
2026-07-02;ENG-058;103;2026-01-05 07:00:00;642.2900;1587.0200;1406.2800;553.0200;2388.1300;9053.3000;47.4100;521.1000;2388.1100;8131.6200;8.4211;392.0000;0.8800;0;WO311127;2,245.60
02-Jul-2026;  ENG-010 ;114;2026-01-05 18:00:00;642.0700;1585.4300;1395.1100;554.8300;2388.0200;9056.8800;47.3100;521.5800;2388.0500;8144.0400;8.4121;393.0000;1.0000;0;WO744346;2,452.07
2026-07-02;  ENG-094 ;51;2026-01-03 03:00:00;642.5800;1586.7700;1413.8200;554.0800;2388.0700;9057.3300;47.4700;521.0800;2388.1100;8137.8000;8.4542;392.0000;1.0000;0;WO582980;1477.64
02-Jul-2026;ENG-064;87;2026-01-04 15:00:00;642.0100;1583.0200;1407.5900;553.9900;2388.1200;9064.0000;47.3800;522.1200;2388.0300;8139.8700;8.4208;392.0000;0.8720;0;WO468428;
2026/07/02;  ENG-010 ;79;2026-01-04 07:00:00;642.5700;1582.0600;1396.4800;553.8500;2387.9800;9056.0600;47.2200;522.6500;2388.0000;8143.8200;8.4104;393.0000;;0;WO223176;1,425.29
2026-07-02;ENG-052;99;2026-01-05 03:00:00;641.8100;1580.6500;1401.3000;554.2500;2388.0100;9056.9700;47.3400;522.5200;2387.9600;8139.5000;8.3982;392.0000;0.9520;0;WO123985;233.24
02-Jul-2026;ENG-075;56;2026-01-03 08:00:00;642.3700;1584.6300;1403.4800;553.3800;2388.0700;9050.5200;47.4400;522.0300;2388.0600;8143.0800;8.4499;392.0000;1.0000;0;WO404205;688.96
2026-07-02;ENG-028;56;2026-01-03 08:00:00;642.3400;1593.0100;1406.4100;553.3400;2388.1100;9048.0100;47.3100;522.0900;2388.1000;8121.9200;8.4260;394.0000;1.0000;0;WO677367;1125.47
2026/07/02;ENG-072;65;2026-01-03 17:00:00;642.2100;1588.6000;1399.4200;554.5600;2388.0000;9068.4900;47.5300;522.1600;2388.0600;8140.5100;8.4527;394.0000;0.9280;0;WO730836;1676.32
02-Jul-2026;ENG-018;66;2026-01-03 18:00:00;642.3800;1591.5700;1400.4100;554.5500;2388.0400;9060.9600;47.3000;522.5800;2388.0300;8147.1700;8.4362;391.0000;0.7600;0;WO225219;393.87
2026/07/02;eng-008;83;2026-01-04 11:00:00;642.6400;1589.7900;1408.6600;554.0300;2388.1100;9045.2700;47.5100;521.3800;2388.0800;8125.3500;8.4736;393.0000;1.0000;0;WO944038;2395.35
02-Jul-2026;ENG-004;68;2026-01-03 20:00:00;642.5700;1583.2800;1409.4600;553.2600;2388.0700;9052.5400;47.2900;520.8100;2388.1000;8133.2800;8.4010;393.0000;0.9600;0;WO386228;2422.94
2026-07-02;ENG-034;106;2026-01-05 10:00:00;642.2400;1588.5200;1396.2300;554.4300;2388.0200;9062.4500;47.3300;522.1600;2388.0400;8144.7400;8.4068;391.0000;;0;WO570577;1,683.11
02-Jul-2026;ENG-074;62;2026-01-03 14:00:00;642.3700;1584.3600;1407.2100;554.3600;2388.1100;9059.6100;47.5800;521.2300;2388.0800;8140.3100;8.4594;391.0000;1.0000;0;WO566254;1,443.32
2026-07-02;ENG-055;45;2026-01-02 21:00:00;642.2600;1587.0800;1400.6400;554.2400;2388.0500;9056.5200;47.2500;522.2700;2388.0700;8137.1800;8.3980;392.0000;1.0000;0;WO252682;
2026/07/02;ENG-020;116;2026-01-05 20:00:00;642.4000;1588.4900;1402.1800;553.1800;2388.0700;9059.4200;47.5400;521.3500;2388.0900;8143.2200;8.4364;391.0000;0.6720;0;WO649623;2,519.40
2026-07-02;ENG-081;118;2026-01-05 22:00:00;642.2500;1590.4400;1411.1100;553.6500;2388.0600;9074.1500;47.3900;521.8500;2387.9600;8148.8600;8.4182;393.0000;0.8240;0;WO499116;2595.05
02-Jul-2026;ENG-043;102;2026-01-05 06:00:00;642.3200;1590.2300;1401.1300;553.0600;2388.0800;9049.6300;47.5000;521.3600;2388.1100;8135.8300;8.4547;394.0000;1.0000;0;WO488276;2,373.13
02-Jul-2026;ENG-009;31;2026-01-02 07:00:00;642.7900;1589.9400;1411.5300;553.1300;2388.1400;9049.1700;47.5700;521.3300;2388.1100;8130.7300;8.4312;394.0000;1.0000;0;WO928200;1634.28
2026/07/02;ENG-014;18;2026-01-01 18:00:00;642.5400;1586.3600;1410.6600;553.6200;2388.1500;9035.3600;47.6700;520.9500;2388.1800;8118.1400;8.4765;393.0000;1.0000;0;WO276120;591.59
02-Jul-2026;ENG-084;68;2026-01-03 20:00:00;642.2700;1585.1500;1414.2500;553.6700;2388.0900;9050.9900;47.6200;521.5100;2388.1000;8138.7700;8.4382;392.0000;1.0000;0;WO683213;1,950.61
2026/07/02;eng-080;75;2026-01-04 03:00:00;642.6000;1584.0100;1405.3800;553.1300;2388.0400;9063.4600;47.3500;522.0400;2388.0100;8149.4700;8.4344;394.0000;1.0000;0;WO543597;403.95
2026-07-02;ENG-063;90;2026-01-04 18:00:00;643.0600;1588.9400;1414.0000;554.5700;2388.1600;9050.9700;47.4600;521.1500;2388.0800;8123.6400;8.4084;394.0000;1.0000;0;WO551371;504.91
2026-07-02;ENG-047;26;2026-01-02 02:00:00;642.5400;1591.7800;1413.0600;552.9200;2388.1400;9046.5800;47.6700;521.7700;2388.0800;8125.0400;8.4359;393.0000;1.0000;0;WO712054;357.53
2026/07/02;  ENG-027 ;57;2026-01-03 09:00:00;642.3500;1579.0500;1395.8500;555.1500;2387.9800;9049.8500;47.2100;521.9000;2388.0100;8137.1500;8.3919;392.0000;1.0000;0;WO772923;2057.28
2026-07-02;ENG-007;81;2026-01-04 09:00:00;642.4700;1584.8500;1396.2800;554.5400;2388.0200;9059.4100;47.3800;521.9700;2388.0500;8145.8800;8.3653;390.0000;1.0000;0;WO605786;1510.10
2026/07/02;eng-071;29;2026-01-02 05:00:00;642.2900;1584.7500;1398.4500;555.2000;2387.9800;9067.3900;47.2900;522.1100;2388.0800;8145.9200;8.4134;391.0000;1.0000;0;WO453018;1747.38
2026-07-02;  ENG-070 ;63;2026-01-03 15:00:00;642.8500;1588.7300;1402.9700;552.6700;2388.0900;9049.3700;47.4600;521.6600;2388.1300;8132.1300;8.4337;394.0000;1.0000;0;WO434945;1,450.68
2026/07/02;ENG-093;143;2026-01-06 23:00:00;642.4000;1587.6500;1408.5900;553.3200;2388.1300;9059.1100;47.6000;521.6700;2388.0800;8145.0500;8.4313;394.0000;1.0000;0;WO622053;931.19
2026/07/02;ENG-031;119;2026-01-05 23:00:00;642.8000;1587.9400;1406.3100;553.6400;2388.0400;9070.9700;47.4800;521.7200;2388.0500;8153.4900;8.4281;393.0000;0.6800;0;WO766728;300.52
02-Jul-2026;eng-045;77;2026-01-04 05:00:00;642.7400;1589.6500;1407.0000;553.0000;2388.0700;9064.5500;47.6100;521.4900;2388.1000;8136.7900;8.4325;394.0000;1.0000;0;WO458895;1766.40
2026/07/02;  ENG-098 ;49;2026-01-03 01:00:00;642.3500;1584.6600;1408.3800;553.7800;2388.0400;9066.2700;47.4200;522.2100;2388.0800;8142.1400;8.4551;392.0000;1.0000;0;WO843545;122.26
02-Jul-2026;  ENG-026 ;32;2026-01-02 08:00:00;642.3200;1590.9400;1393.6100;554.2400;2388.0100;9062.9700;47.3000;521.7900;2388.0500;8144.8800;8.3819;391.0000;1.0000;0;WO770051;653.60
2026-07-02;ENG-034;118;2026-01-05 22:00:00;642.7400;1583.5000;1399.8600;554.3400;2388.0800;9069.7500;47.2000;521.8400;2388.0300;8146.3500;8.4235;392.0000;0.7360;0;WO165293;1,146.40
2026/07/02;ENG-008;107;2026-01-05 11:00:00;642.4900;1591.3100;1412.8400;553.9200;2388.1300;9052.1500;47.4500;521.3100;2388.0800;8120.7000;8.4256;393.0000;1.0000;0;WO269841;208.82
02-Jul-2026;ENG-087;35;2026-01-02 11:00:00;641.9800;1587.3900;1393.1700;554.8500;2388.0100;9059.7500;47.2100;521.9800;2388.0200;8138.1600;8.4078;390.0000;1.0000;0;WO575993;
2026-07-02;ENG-096;52;2026-01-03 04:00:00;642.3700;1580.5300;1394.0800;554.1300;2388.0200;9067.5400;47.3900;522.3500;2388.0200;8148.8400;8.3797;393.0000;1.0000;0;WO131666;521.16
02-Jul-2026;ENG-064;63;2026-01-03 15:00:00;642.9300;1586.6700;1393.1500;554.9700;2388.0800;9060.2400;47.5300;521.8900;2388.0700;8140.4300;8.4469;393.0000;1.0000;0;WO149548;1,868.03
2026/07/02;ENG-088;46;2026-01-02 22:00:00;642.4500;1592.1000;1409.1800;553.5300;2388.1400;9036.9200;47.5600;521.7500;2388.1300;8118.6900;8.4614;393.0000;1.0000;0;WO302033;435.46
02-Jul-2026;ENG-058;75;2026-01-04 03:00:00;642.1700;1583.8600;1404.4600;553.8900;2388.0700;9046.3800;47.4400;521.4400;2388.0100;8133.2900;8.4183;392.0000;1.0000;0;WO482483;368.81
2026-07-02;ENG-075;40;2026-01-02 16:00:00;641.7600;1587.4700;1407.8200;553.0600;2388.0200;9071.9800;47.3000;522.1700;2388.1000;8138.2000;8.4260;393.0000;1.0000;0;WO559375;2359.10
02-Jul-2026;ENG-043;69;2026-01-03 21:00:00;642.9900;1586.3900;1406.6000;554.0400;2388.0900;9053.2000;47.3500;521.3800;2388.1000;8124.7300;8.4503;392.0000;1.0000;0;WO661746;2790.02
02-Jul-2026;ENG-016;68;2026-01-03 20:00:00;642.3400;1594.5900;1402.5100;553.9800;2388.0600;9052.9300;47.3500;522.2700;2388.0500;8134.2400;8.4331;391.0000;1.0000;0;WO601639;2057.64
2026-07-02;ENG-031;111;2026-01-05 15:00:00;642.3800;1586.0000;1397.3700;554.1300;2388.0200;9073.6600;47.2600;521.7700;2388.0400;8146.2300;8.4458;392.0000;0.7440;0;WO254592;2,378.55
02-Jul-2026;ENG-063;59;2026-01-03 11:00:00;642.7800;1589.2800;1406.6100;553.4500;2388.1100;9041.2600;47.6500;521.7500;2388.1300;8133.5900;8.4272;392.0000;1.0000;0;WO487054;2469.80
02-Jul-2026;ENG-057;79;2026-01-04 07:00:00;642.9000;1587.4400;1402.4100;553.6200;2388.0800;9050.3500;47.6000;521.6500;2388.1200;8127.2600;8.4096;393.0000;1.0000;0;WO256175;1248.01
2026/07/02;ENG-012;108;2026-01-05 12:00:00;642.3200;1581.8700;1396.1400;554.6100;2387.9700;9055.9900;47.2400;522.0600;2388.0100;8143.7900;8.4161;391.0000;;0;WO853270;1558.80
2026-07-02;ENG-036;50;2026-01-03 02:00:00;642.8000;1589.4500;1405.7500;553.1500;2388.1000;9057.6400;47.5200;522.0500;2388.1800;8137.7500;8.4419;393.0000;0.7600;0;WO811726;2,265.47
2026-07-02;ENG-041;58;2026-01-03 10:00:00;642.0500;1579.3900;1399.8700;553.8800;2388.1000;9042.1000;47.1700;522.4700;2388.0700;8128.7500;8.4037;391.0000;0.6640;0;WO664061;2617.66
2026-07-02;eng-079;40;2026-01-02 16:00:00;642.0900;1594.8300;1398.6900;554.7700;2388.0500;9051.5200;47.3700;522.4800;2388.0300;8136.5200;8.4227;391.0000;0.9920;0;WO701768;462.99
02-Jul-2026;ENG-082;81;2026-01-04 09:00:00;642.6500;1593.8200;1408.7800;554.2400;2388.0300;9072.4300;47.5400;521.9000;2388.1200;8141.8600;8.4582;395.0000;0.7200;0;WO269653;794.82
2026-07-02;ENG-056;71;2026-01-03 23:00:00;642.9000;1596.8700;1414.7000;553.2000;2388.1800;9051.8200;47.5600;521.1200;2388.1800;8124.1300;8.4707;393.0000;0.6400;0;WO693925;1230.63
02-Jul-2026;ENG-074;91;2026-01-04 19:00:00;642.7800;1591.8900;1414.7100;553.4200;2388.0800;9051.4600;47.4300;521.2100;2388.0300;8138.1000;8.4519;394.0000;1.0000;0;WO314439;867.99
02-Jul-2026;eng-056;56;2026-01-03 08:00:00;642.7400;1588.7200;1405.7900;552.4100;2388.1200;9053.0300;47.5600;520.7900;2388.1100;8123.9900;8.4592;394.0000;0.7600;0;WO920099;595.27
02-Jul-2026;ENG-090;88;2026-01-04 16:00:00;642.5900;1590.4700;1405.3900;552.3800;2388.0500;9058.1700;47.3400;521.5800;2388.0900;8140.4700;8.4386;394.0000;0.6880;0;WO701745;2776.76
02-Jul-2026;ENG-062;113;2026-01-05 17:00:00;641.8100;1588.9100;1401.1500;553.3600;2388.0600;9057.6200;47.3400;522.4700;2387.9800;8141.1700;8.4098;393.0000;1.0000;0;WO159846;1454.47
2026-07-02;ENG-017;108;2026-01-05 12:00:00;642.5300;1587.7000;1401.7100;553.9600;2388.0300;9074.6300;47.5100;521.5500;2388.0500;8146.1200;8.4402;391.0000;0.8560;0;WO711458;1,338.51
02-Jul-2026;ENG-005;40;2026-01-02 16:00:00;642.8700;1590.2600;1410.0300;553.1100;2388.1500;9056.6200;47.3500;521.8700;2388.1600;8131.9000;8.4385;394.0000;1.0000;0;WO507477;2019.63
2026/07/02;  ENG-053 ;101;2026-01-05 05:00:00;642.3400;1588.7500;1406.1100;554.8400;2388.0900;9055.6300;47.3200;522.0500;2388.0300;8145.4700;8.4393;392.0000;0.7120;0;WO996454;
2026-07-02;ENG-034;113;2026-01-05 17:00:00;642.2600;1586.0100;1405.6000;553.7200;2388.0400;9059.2400;47.4100;521.8700;2388.0300;8150.4500;8.3987;393.0000;0.7760;0;WO400495;1902.75
02-Jul-2026;ENG-097;88;2026-01-04 16:00:00;641.9700;1588.5600;1407.3200;554.1100;2388.0100;9068.0900;47.4200;522.0000;2388.0500;8150.5400;8.4289;392.0000;1.0000;0;WO220944;449.81
2026/07/02;ENG-047;43;2026-01-02 19:00:00;642.4700;1587.8000;1411.6800;553.1300;2388.1300;9046.8100;47.6500;521.4100;2388.1700;8116.8300;8.4730;393.0000;1.0000;0;WO183360;2493.53
2026/07/02;ENG-053;80;2026-01-04 08:00:00;642.3800;1600.6900;1394.1600;553.7400;2388.0800;9062.8000;47.2900;522.0700;2388.0700;8133.7800;8.4037;392.0000;0.8800;0;WO412198;1,682.93
2026-07-02;ENG-017;61;2026-01-03 13:00:00;642.2400;1592.6500;1406.0100;554.5300;2388.0000;9077.2000;47.2000;521.9000;2387.9900;8147.4900;8.4344;391.0000;1.0000;0;WO171019;1,094.20
02-Jul-2026;eng-082;64;2026-01-03 16:00:00;642.6100;1591.0600;1396.4000;553.8600;2388.0200;9066.2600;47.2400;521.5500;2388.0200;8145.7700;8.4143;392.0000;0.8560;0;WO658073;999.44
2026/07/02;ENG-012;125;2026-01-06 05:00:00;642.9000;1588.1600;1395.5000;554.4500;2387.9600;9059.9600;47.1900;522.2300;2388.0600;8142.2100;8.3865;392.0000;1.0000;0;WO178454;1265.60
2026/07/02;ENG-057;96;2026-01-05 00:00:00;643.0800;1588.5900;1410.9500;553.0100;2388.0800;9052.4000;47.4600;521.5500;2388.1100;8133.1100;8.4357;393.0000;1.0000;0;WO336110;
02-Jul-2026;ENG-056;79;2026-01-04 07:00:00;643.1400;1587.2000;1413.5100;552.7300;2388.1600;9048.3400;47.8100;520.8300;2388.1700;8126.4100;8.4890;393.0000;0.5760;0;WO589772;629.34
2026-07-02;  ENG-050 ;29;2026-01-02 05:00:00;642.1300;1583.1200;1396.9900;554.0000;2388.0400;9062.3500;47.2500;522.2700;2388.0400;8140.7600;8.3952;392.0000;0.9920;0;WO875890;1956.65
2026/07/02;ENG-022;23;2026-01-01 23:00:00;642.8400;1584.1200;1404.6100;553.5500;2388.0900;9053.9900;47.6000;521.3500;2388.1100;8130.1200;8.4206;394.0000;1.0000;0;WO367860;2144.46
2026-07-02;  ENG-068 ;117;2026-01-05 21:00:00;643.1200;1593.2500;1404.6200;553.3500;2388.0800;9060.4400;47.3600;521.7800;2388.0700;8141.1500;8.4281;391.0000;0.6240;0;WO645742;252.32
2026-07-02;ENG-024;108;2026-01-05 12:00:00;642.3700;1582.7500;1405.5400;554.3800;2387.9600;9074.4600;47.2100;522.4100;2388.0400;8155.8000;8.3785;393.0000;0.7840;0;WO338314;609.33
2026/07/02;  ENG-024 ;101;2026-01-05 05:00:00;642.2200;1584.2300;1395.0600;554.1100;2388.0200;9071.6500;47.2700;522.7500;2387.9900;8152.0700;8.3805;393.0000;0.8400;0;WO409618;
2026/07/02;ENG-004;40;2026-01-02 16:00:00;642.6200;1591.4400;1403.5700;553.9700;2388.1600;9050.6400;47.4500;520.9100;2388.0800;8131.4900;8.4201;393.0000;1.0000;0;WO635591;232.91
2026-07-02;eng-037;77;2026-01-04 05:00:00;642.3400;1591.2500;1396.6700;553.9700;2388.0000;9053.4700;47.3800;521.6400;2388.0600;8133.3600;8.4197;392.0000;0.5200;0;WO608800;2598.25
2026-07-02;ENG-063;86;2026-01-04 14:00:00;642.7800;1587.3000;1404.4200;552.7700;2388.1400;9054.4600;47.6900;521.6900;2388.1100;8134.8000;8.4596;392.0000;1.0000;0;WO173312;251.89
2026-07-02;ENG-072;81;2026-01-04 09:00:00;642.4600;1589.4900;1406.3100;554.6300;2388.0600;9059.5300;47.3300;521.7200;2388.0600;8143.5700;8.4032;393.0000;0.8000;0;WO408544;766.55
02-Jul-2026;  ENG-094 ;48;2026-01-03 00:00:00;642.8600;1587.6800;1408.2400;553.1300;2388.1000;9055.5500;47.4900;521.7000;2388.0400;8140.6900;8.3975;393.0000;1.0000;0;WO706595;
02-Jul-2026;eng-019;70;2026-01-03 22:00:00;642.2300;1588.9000;1396.7600;554.3500;2388.0300;9061.5300;47.3400;521.9900;2388.1000;8136.4500;8.4179;392.0000;;0;WO778290;920.95
2026/07/02;ENG-046;81;2026-01-04 09:00:00;642.4800;1591.0200;1411.7900;553.4900;2388.0700;9077.2600;47.3600;521.7700;2388.0200;8142.8900;8.4264;392.0000;0.8960;0;WO498281;2512.06
2026-07-02;  ENG-054 ;70;2026-01-03 22:00:00;642.2100;1587.7000;1392.5900;554.0100;2387.9800;9058.5900;47.1800;522.2400;2388.0200;8140.1000;8.3760;391.0000;1.0000;0;WO459438;449.80
02-Jul-2026;  ENG-019 ;78;2026-01-04 06:00:00;642.0300;1589.3800;1408.0300;554.6400;2388.0000;9051.6300;47.2900;522.0700;2388.1000;8139.4600;8.4508;391.0000;1.0000;0;WO619399;2689.03
02-Jul-2026;ENG-067;44;2026-01-02 20:00:00;642.5000;1594.4000;1396.3500;553.8100;2388.0400;9056.6500;47.3300;521.6300;2388.0500;8139.6600;8.4232;392.0000;0.8320;0;WO353558;2824.30
2026/07/02;ENG-093;147;2026-01-07 03:00:00;642.7600;1590.1000;1412.0600;552.4500;2388.1600;9057.7300;47.7100;521.6100;2388.1700;8143.8000;8.4801;393.0000;1.0000;0;WO695461;822.50
02-Jul-2026;ENG-013;84;2026-01-04 12:00:00;642.5600;1589.4700;1405.6700;554.4200;2388.0500;9062.7700;47.3300;522.3500;2388.0200;8143.6400;8.4328;390.0000;1.0000;0;WO963724;2345.50
2026-07-02;ENG-024;124;2026-01-06 04:00:00;642.3000;1583.3700;1397.3900;553.7700;2388.0300;9077.8200;47.4200;521.6500;2387.9900;8162.9100;8.4295;394.0000;0.6560;0;WO527609;1,808.64
2026/07/02;ENG-033;31;2026-01-02 07:00:00;643.0300;1593.9700;1409.1600;552.9600;2388.1800;9059.9300;47.6400;520.8500;2388.1100;8137.0300;8.4568;393.0000;1.0000;0;WO563935;1,488.40
2026-07-02;  ENG-051 ;80;2026-01-04 08:00:00;642.1600;1589.2300;1403.2000;553.7200;2388.0600;9046.3400;47.4300;521.7100;2388.0400;8134.8800;8.4042;393.0000;1.0000;0;WO520658;
02-Jul-2026;ENG-068;82;2026-01-04 10:00:00;642.1400;1583.7900;1405.2800;553.5500;2388.0700;9061.9500;47.4100;521.3300;2388.0300;8139.4000;8.4149;393.0000;0.9040;0;WO821710;2917.57
02-Jul-2026;  ENG-073 ;43;2026-01-02 19:00:00;641.9900;1581.3000;1399.4700;555.5700;2388.0500;9056.3600;47.3700;521.7900;2388.0100;8139.1900;8.3680;391.0000;1.0000;0;WO288820;2693.54
2026-07-02;ENG-049;188;2026-01-08 20:00:00;642.2700;1590.6100;1401.5000;554.9300;2387.9900;9057.1800;47.4100;522.1800;2388.0500;8140.7800;8.4015;395.0000;1.0000;0;WO550176;479.46
2026/07/02;eng-002;32;2026-01-02 08:00:00;642.7800;1594.3100;1416.9300;553.7800;2388.1600;9055.9000;47.5100;521.4800;2388.1100;8129.9200;8.4061;394.0000;0.9200;0;WO243120;629.87
02-Jul-2026;ENG-034;108;2026-01-05 12:00:00;642.5000;1586.7900;1398.8000;554.2400;2388.0000;9060.2800;47.3400;521.9900;2388.0100;8142.1800;8.4165;392.0000;0.8160;0;WO611814;322.40
2026/07/02;ENG-090;59;2026-01-03 11:00:00;641.8500;1587.2200;1399.4100;553.3200;2388.0700;9058.6200;47.2900;521.1600;2388.1100;8138.4500;8.4231;394.0000;0.9200;0;WO298656;2639.17
2026-07-02;  ENG-031 ;70;2026-01-03 22:00:00;642.7200;1582.6000;1402.5400;554.5100;2388.0400;9069.1000;47.4300;521.8300;2388.0300;8145.5500;8.4307;393.0000;1.0000;0;WO267971;2,868.93
02-Jul-2026;  ENG-064 ;65;2026-01-03 17:00:00;642.8900;1589.1000;1400.9400;553.6000;2388.0600;9054.3700;47.3400;522.2100;2388.0700;8138.3000;8.4255;392.0000;1.0000;0;WO114680;2,521.61
2026-07-02;eng-040;53;2026-01-03 05:00:00;642.8800;1587.7400;1413.6400;553.6100;2388.1300;9063.1000;47.5100;520.6600;2388.1400;8134.7300;8.4763;393.0000;0.8640;0;WO527658;2045.99
2026/07/02;ENG-060;74;2026-01-04 02:00:00;642.6800;1589.4800;1410.5200;554.4600;2388.0800;9055.7900;47.4900;521.4300;2388.0300;8136.2600;8.4458;391.0000;1.0000;0;WO215782;1196.56
02-Jul-2026;ENG-098;54;2026-01-03 06:00:00;642.0300;1585.1900;1405.3300;554.0500;2388.0600;9064.6900;47.1800;521.9700;2388.0900;8141.3000;8.4272;394.0000;1.0000;0;WO729569;308.29
02-Jul-2026;eng-023;59;2026-01-03 11:00:00;642.1700;1592.0800;1401.8900;554.6700;2388.0200;9050.8900;47.2500;522.2800;2388.0300;8140.5000;8.4137;392.0000;1.0000;0;WO205582;2171.90
2026/07/02;  ENG-073 ;39;2026-01-02 15:00:00;641.9400;1586.2600;1398.8600;554.3300;2388.0000;9054.8700;47.1000;522.6000;2388.0400;8133.1900;8.4160;394.0000;1.0000;0;WO238038;2,249.35
2026-07-02;ENG-028;61;2026-01-03 13:00:00;642.5100;1585.3400;1408.1900;553.7200;2388.0700;9047.7100;47.6600;521.4600;2388.0700;8131.0400;8.4300;394.0000;1.0000;0;WO696809;1,692.40
2026-07-02;eng-080;87;2026-01-04 15:00:00;642.3100;1588.0300;1400.5100;553.4300;2388.0900;9064.4400;47.3300;522.0400;2388.0700;8145.4100;8.4216;393.0000;;0;WO463840;
2026-07-02;ENG-023;77;2026-01-04 05:00:00;642.4500;1579.5900;1396.0500;554.7400;2388.0500;9052.6400;47.3200;522.2300;2387.9800;8131.8300;8.4081;392.0000;1.0000;0;WO281754;987.99
2026-07-02;ENG-017;99;2026-01-05 03:00:00;642.4300;1579.1000;1404.8200;554.1800;2388.0000;9074.1400;47.3200;522.0400;2387.9900;8157.3700;8.4498;393.0000;0.9280;0;WO628759;1025.93
2026-07-02;ENG-037;45;2026-01-02 21:00:00;641.8900;1583.1700;1404.0700;553.9200;2388.0000;9056.5900;47.3400;522.4600;2388.0400;8140.1100;8.3895;393.0000;0.7760;0;WO335437;2747.72
02-Jul-2026;  ENG-080 ;53;2026-01-03 05:00:00;642.4200;1589.3200;1408.7500;553.6300;2388.0800;9070.2900;47.2700;522.2300;2388.0500;8142.8500;8.4188;393.0000;;0;WO780314;1,943.42
2026/07/02;ENG-086;64;2026-01-03 16:00:00;642.5100;1597.8800;1406.5100;553.1600;2388.0600;9060.4000;47.3000;521.7400;2388.0700;8138.0300;8.4479;391.0000;1.0000;0;WO597976;843.78
2026/07/02;ENG-091;102;2026-01-05 06:00:00;642.5000;1596.7200;1411.4200;552.8900;2388.1700;9048.2200;47.3700;521.9300;2388.1200;8126.9900;8.4540;394.0000;1.0000;0;WO314162;174.93
2026/07/02;ENG-026;50;2026-01-03 02:00:00;641.9900;1589.4600;1410.1600;553.9100;2388.0300;9064.4200;47.4100;521.6000;2388.0100;8145.3500;8.4415;391.0000;1.0000;0;WO533770;1445.12
2026/07/02;ENG-007;107;2026-01-05 11:00:00;642.2800;1585.3800;1397.2800;553.3800;2388.0200;9064.0500;47.0800;522.1800;2388.0200;8138.7500;8.4381;393.0000;1.0000;0;WO895887;1678.18
2026/07/02;ENG-028;81;2026-01-04 09:00:00;642.3500;1593.7400;1408.8100;553.8400;2388.0600;9048.5900;47.5500;521.9100;2388.1100;8132.2100;8.4033;393.0000;1.0000;0;WO787252;1709.15
02-Jul-2026;ENG-084;90;2026-01-04 18:00:00;642.8000;1584.5600;1400.1500;553.7000;2388.1000;9055.8400;47.6500;521.7700;2388.1000;8135.4900;8.4285;392.0000;1.0000;0;WO510470;2623.87
2026-07-02;ENG-081;77;2026-01-04 05:00:00;642.0500;1592.5200;1400.9000;553.8600;2388.0400;9067.2700;47.4100;521.8800;2388.0600;8153.2900;8.4109;392.0000;1.0000;0;WO839287;752.97
2026/07/02;ENG-092;59;2026-01-03 11:00:00;643.2100;1583.2700;1406.0200;553.9900;2388.1400;9041.6700;47.4400;521.2700;2388.1100;8123.7200;8.4310;393.0000;0.8880;0;WO955944;543.69
02-Jul-2026;  ENG-020 ;123;2026-01-06 03:00:00;642.6700;1586.5000;1409.9200;553.5400;2388.1000;9065.6600;47.4900;521.5500;2388.0600;8145.0600;8.4261;391.0000;;0;WO507750;1,659.78
2026-07-02;eng-052;111;2026-01-05 15:00:00;642.1400;1586.4500;1395.0900;554.3200;2388.0200;9059.9800;47.4100;521.9800;2387.9900;8139.7000;8.4120;391.0000;0.8560;0;WO458636;1606.11
2026/07/02;ENG-059;38;2026-01-02 14:00:00;642.0800;1587.3100;1396.8900;554.5500;2387.9900;9051.3600;47.2200;522.5700;2388.0600;8139.2400;8.3663;392.0000;1.0000;0;WO826239;2055.40
2026-07-02;ENG-035;86;2026-01-04 14:00:00;642.0400;1589.9400;1406.8600;552.9200;2388.1100;9050.9400;47.6200;521.2300;2388.1300;8135.0300;8.4480;392.0000;0.9840;0;WO918996;2928.41
02-Jul-2026;  ENG-062 ;92;2026-01-04 20:00:00;642.3200;1584.9300;1396.0200;554.3300;2388.0300;9050.2600;47.1000;522.2200;2388.0300;8135.3100;8.3675;391.0000;1.0000;0;WO324055;1422.67
02-Jul-2026;ENG-068;125;2026-01-06 05:00:00;642.6400;1600.2100;1400.7400;553.8700;2388.0800;9061.0400;47.4400;521.2000;2388.1100;8140.2900;8.4332;392.0000;0.5600;0;WO780513;182.29
2026/07/02;ENG-016;62;2026-01-03 14:00:00;642.5400;1577.6100;1403.6100;553.8200;2388.0100;9052.5800;47.2000;522.0000;2388.0600;8136.5600;8.3878;393.0000;1.0000;0;WO563637;1,350.73
2026-07-02;  ENG-054 ;64;2026-01-03 16:00:00;642.8400;1583.9900;1396.0000;554.2900;2388.0000;9056.5200;47.1100;522.0000;2388.0700;8137.7600;8.3973;391.0000;1.0000;0;WO363021;355.42
02-Jul-2026;ENG-091;156;2026-01-07 12:00:00;642.8600;1591.7500;1411.1800;552.9900;2388.1600;9052.5400;47.7800;521.1300;2388.1900;8124.8900;8.4553;394.0000;0.9280;0;WO125823;859.19
02-Jul-2026;  ENG-028 ;83;2026-01-04 11:00:00;642.7300;1587.9600;1408.2800;553.8200;2388.0900;9050.1600;47.6100;521.4500;2388.0600;8133.3000;8.4483;391.0000;1.0000;0;WO347162;2357.93
2026-07-02;ENG-048;31;2026-01-02 07:00:00;642.6400;1591.0600;1407.0700;554.2900;2388.0600;9051.7800;47.3800;521.8300;2388.0400;8135.2700;8.4450;391.0000;1.0000;0;WO905731;89.85
2026-07-02;ENG-052;78;2026-01-04 06:00:00;642.1700;1581.3700;1396.0500;554.7100;2387.9700;9057.9900;47.1300;522.6100;2387.9900;8141.5600;8.3904;392.0000;1.0000;0;WO532295;1,026.72
2026-07-02;ENG-040;66;2026-01-03 18:00:00;642.8100;1592.1100;1416.6100;552.3700;2388.1100;9054.2000;47.6200;520.8400;2388.2000;8138.8800;8.4547;392.0000;0.7600;0;WO630148;2,357.06
02-Jul-2026;eng-100;105;2026-01-05 09:00:00;642.3000;1588.6500;1399.2200;554.4000;2388.0400;9072.3200;47.2200;522.4500;2388.0100;8152.9700;8.4110;390.0000;0.9040;0;WO436770;825.09
2026/07/02;ENG-023;64;2026-01-03 16:00:00;642.1500;1586.1100;1396.1100;554.5100;2388.0300;9045.7200;47.1300;522.6500;2388.0000;8136.1300;8.4120;391.0000;1.0000;0;WO122484;2,728.74
2026/07/02;ENG-081;92;2026-01-04 20:00:00;642.3000;1591.5100;1396.4100;554.4900;2388.1000;9064.0500;47.2500;521.8500;2388.0700;8148.4400;8.4287;391.0000;1.0000;0;WO978460;996.26
02-Jul-2026;eng-068;92;2026-01-04 20:00:00;642.3200;1581.0700;1399.1900;554.3900;2388.0300;9051.8100;47.5700;522.0900;2388.0800;8136.1300;8.3991;393.0000;0.8240;0;WO382463;963.69
2026-07-02;eng-064;64;2026-01-03 16:00:00;642.4300;1587.7200;1396.6800;553.3600;2388.1300;9061.6800;47.2500;522.4900;2388.0500;8145.3100;8.4007;394.0000;1.0000;0;WO367009;2603.66
02-Jul-2026;  ENG-034 ;92;2026-01-04 20:00:00;642.1700;1589.4000;1393.3300;554.1900;2388.0000;9058.8300;47.1900;522.0100;2388.0000;8145.4200;8.3839;391.0000;0.9440;0;WO689044;2,376.77
2026-07-02;ENG-090;56;2026-01-03 08:00:00;642.6100;1593.7200;1402.1600;553.7500;2388.1100;9060.6200;47.4900;521.8600;2388.0800;8137.4600;8.4213;393.0000;0.9440;0;WO963067;1105.74
02-Jul-2026;ENG-003;63;2026-01-03 15:00:00;642.9300;1588.7900;1402.3000;552.6200;2388.1800;9050.5300;47.5900;520.8500;2388.1300;8127.5800;8.4595;393.0000;1.0000;0;WO379948;2981.85
2026-07-02;ENG-092;73;2026-01-04 01:00:00;642.4500;1587.9100;1412.6300;553.8300;2388.0900;9040.0000;47.6500;521.1500;2388.1700;8121.6800;8.4678;394.0000;0.7760;0;WO672678;1140.65
02-Jul-2026;  ENG-040 ;67;2026-01-03 19:00:00;643.0400;1589.9700;1406.7800;552.8200;2388.1200;9054.4700;47.5600;521.0200;2388.1400;8139.9700;8.4381;395.0000;0.7520;0;WO308041;2583.71
02-Jul-2026;ENG-008;108;2026-01-05 12:00:00;642.9100;1590.7700;1400.0200;553.3700;2388.0900;9048.7600;47.4700;521.5800;2388.0700;8133.7600;8.4352;393.0000;1.0000;0;WO372017;127.72
02-Jul-2026;  ENG-091 ;147;2026-01-07 03:00:00;643.5200;1594.2800;1411.3700;552.6900;2388.1500;9045.8600;47.6700;521.2200;2388.1200;8128.5500;8.4613;394.0000;;0;WO736404;649.88
2026/07/02;ENG-037;71;2026-01-03 23:00:00;642.4800;1586.1300;1401.0000;553.6300;2388.0100;9053.2900;47.2700;522.2800;2388.0300;8134.9400;8.4027;393.0000;0.5680;0;WO383448;2984.68
02-Jul-2026;ENG-044;22;2026-01-01 22:00:00;642.6600;1587.9300;1407.2000;554.0000;2388.1100;9058.9300;47.3300;522.0000;2388.0200;8136.3400;8.4686;393.0000;1.0000;0;WO100445;1,435.59
2026-07-02;ENG-011;32;2026-01-02 08:00:00;642.2600;1600.7200;1402.6200;552.8200;2388.1700;9030.6800;47.5600;520.7200;2388.1200;8115.7700;8.4551;392.0000;1.0000;0;WO866937;2160.58
2026-07-02;ENG-010;123;2026-01-06 03:00:00;641.9000;1585.1500;1401.1200;553.8100;2388.0100;9066.3000;47.1600;522.1900;2388.0400;8143.5800;8.4377;391.0000;1.0000;0;WO560795;1,610.80
2026/07/02;ENG-070;64;2026-01-03 16:00:00;642.6200;1588.8200;1403.7000;554.2900;2388.1700;9050.0700;47.5400;521.8800;2388.0600;8128.6800;8.4457;391.0000;1.0000;0;WO747882;1653.50
02-Jul-2026;  ENG-089 ;110;2026-01-05 14:00:00;643.0400;1593.3200;1407.6000;553.7300;2388.1700;9045.8200;47.3100;521.5200;2388.1300;8128.7300;8.4174;393.0000;1.0000;0;WO974376;1,395.88
2026/07/02;ENG-018;72;2026-01-04 00:00:00;641.9500;1586.6300;1395.2200;554.5300;2388.0200;9064.5400;47.4400;522.3700;2387.9900;8150.7100;8.3889;391.0000;0.7120;0;WO153425;654.35
02-Jul-2026;ENG-063;55;2026-01-03 07:00:00;642.0400;1586.5000;1400.1000;553.9700;2388.1300;9051.6700;47.6600;521.7800;2388.0600;8127.2300;8.4382;391.0000;1.0000;0;WO108419;966.58
02-Jul-2026;  ENG-019 ;61;2026-01-03 13:00:00;642.6800;1582.8100;1399.9000;554.1800;2388.0300;9055.7000;47.2000;522.1200;2388.0200;8134.7300;8.4001;392.0000;1.0000;0;WO668676;1338.94
2026-07-02;ENG-057;67;2026-01-03 19:00:00;642.4700;1590.0400;1407.6900;554.1000;2388.0800;9044.6500;47.6600;521.4900;2388.1400;8130.9200;8.4500;391.0000;1.0000;0;WO866469;2,899.64
02-Jul-2026;ENG-002;31;2026-01-02 07:00:00;642.7700;1591.3200;1402.4700;553.4600;2388.1100;9045.8600;47.5300;521.4100;2388.1300;8129.5400;8.4312;394.0000;0.9280;0;WO926993;1212.58
02-Jul-2026;ENG-053;104;2026-01-05 08:00:00;642.0800;1582.3300;1407.0400;554.2200;2388.0800;9063.0200;47.3800;521.4900;2388.0200;8144.9700;8.4312;393.0000;0.6880;0;WO207328;367.78
2026/07/02;ENG-030;81;2026-01-04 09:00:00;642.7000;1591.4700;1417.0800;553.6500;2388.1000;9044.0900;47.6100;521.0600;2388.1300;8132.1800;8.4839;394.0000;1.0000;0;WO784997;710.11
02-Jul-2026;ENG-045;92;2026-01-04 20:00:00;642.7400;1585.8100;1412.1300;553.6200;2388.0900;9066.0300;47.4700;521.4700;2388.1000;8141.9200;8.4413;392.0000;1.0000;0;WO149278;2,943.57
2026/07/02;ENG-075;33;2026-01-02 09:00:00;642.6000;1591.0500;1395.9600;553.5500;2388.0100;9054.4400;47.2800;521.8500;2388.0400;8136.9900;8.4344;393.0000;1.0000;0;WO390495;1,725.07
2026/07/02;ENG-073;55;2026-01-03 07:00:00;642.6700;1582.2800;1399.6200;554.4300;2387.9400;9050.2400;47.1100;521.9600;2388.0600;8138.1300;8.4100;391.0000;1.0000;0;WO683384;2,571.67
2026-07-02;ENG-018;82;2026-01-04 10:00:00;642.4200;1593.9900;1405.6700;554.5100;2388.0100;9062.2700;47.3900;521.4700;2388.0600;8138.1000;8.4156;391.0000;0.6320;0;WO499441;2,391.72
02-Jul-2026;  ENG-049 ;124;2026-01-06 04:00:00;642.0400;1587.6700;1397.4300;554.9900;2388.0300;9062.7100;47.3200;522.1300;2388.0100;8136.9500;8.4138;393.0000;1.0000;0;WO822923;1,147.04
02-Jul-2026;  ENG-041 ;68;2026-01-03 20:00:00;642.2800;1586.9700;1404.0600;554.4900;2388.0600;9048.5600;47.2300;522.1900;2388.0600;8131.5300;8.4303;392.0000;0.5840;0;WO538663;
2026/07/02;  ENG-012 ;123;2026-01-06 03:00:00;642.2500;1584.2300;1396.3700;555.0300;2388.0500;9060.2800;47.3700;522.1800;2388.0300;8145.5400;8.4002;392.0000;1.0000;0;WO633001;113.28
2026-07-02;ENG-055;62;2026-01-03 14:00:00;642.0900;1586.7700;1398.3700;553.5200;2388.0200;9060.1700;47.2800;521.5300;2388.0000;8136.1500;8.3974;393.0000;1.0000;0;WO533394;167.02
02-Jul-2026;ENG-093;93;2026-01-04 21:00:00;642.9100;1600.3800;1408.6800;552.7600;2388.0900;9060.4400;47.5500;520.8600;2388.1500;8136.0200;8.4070;393.0000;1.0000;0;WO706292;
2026-07-02;  ENG-072 ;60;2026-01-03 12:00:00;642.5000;1587.8200;1394.5000;553.2400;2388.0000;9062.1300;47.3700;522.3700;2388.0600;8138.7800;8.4302;392.0000;0.9680;0;WO653819;2880.92
2026/07/02;ENG-003;46;2026-01-02 22:00:00;642.4500;1587.9900;1401.9400;553.7500;2388.0900;9055.8600;47.5500;521.2100;2388.0900;8127.0200;8.4210;393.0000;1.0000;0;WO122783;827.58
02-Jul-2026;ENG-094;69;2026-01-03 21:00:00;642.3900;1588.5500;1410.6700;554.0100;2388.1100;9069.4500;47.4100;521.5200;2388.1000;8139.5500;8.4138;392.0000;0.9520;0;WO678260;2,273.35
02-Jul-2026;eng-089;114;2026-01-05 18:00:00;642.7000;1586.5500;1406.7900;553.5000;2388.0900;9038.4000;47.4900;522.3600;2388.1500;8124.6600;8.4505;394.0000;1.0000;0;WO995871;1,677.60
2026/07/02;ENG-094;81;2026-01-04 09:00:00;642.8100;1587.4700;1413.0400;553.9800;2388.1300;9060.0600;47.5300;522.0600;2388.0700;8140.2000;8.4248;392.0000;0.8560;0;WO969583;484.85
2026-07-02;  ENG-008 ;71;2026-01-03 23:00:00;642.6000;1588.8800;1401.5500;553.6200;2388.1100;9049.8000;47.7200;522.1500;2388.0500;8129.4500;8.4679;392.0000;1.0000;0;WO870468;1213.88
02-Jul-2026;ENG-074;90;2026-01-04 18:00:00;643.0300;1591.7000;1405.1600;553.8000;2388.0700;9061.5100;47.4300;522.3100;2388.1100;8144.1400;8.4476;394.0000;1.0000;0;WO483423;1453.77
02-Jul-2026;ENG-052;74;2026-01-04 02:00:00;641.9500;1583.0200;1403.0800;554.2700;2388.0000;9059.1000;47.1100;522.0900;2387.9600;8141.0300;8.3930;392.0000;1.0000;0;WO394331;1790.44
02-Jul-2026;ENG-025;30;2026-01-02 06:00:00;642.3500;1587.7500;1398.6500;554.2900;2387.9900;9050.5000;47.3600;521.8000;2388.1000;8135.6300;8.4122;392.0000;1.0000;0;WO532330;1517.73
2026-07-02;eng-004;69;2026-01-03 21:00:00;642.7600;1587.5600;1411.8000;552.6600;2388.1000;9050.6800;47.4200;521.2300;2388.1300;8135.8600;8.4459;393.0000;0.9520;0;WO197208;599.73
2026/07/02;ENG-008;84;2026-01-04 12:00:00;642.5200;1597.5800;1398.1000;552.3800;2388.1000;9053.8400;47.4700;521.5000;2388.1100;8132.0500;8.4496;393.0000;1.0000;0;WO803193;2342.35
2026-07-02;ENG-051;63;2026-01-03 15:00:00;642.5400;1584.5200;1400.2700;553.8800;2388.0600;9044.5100;47.5900;521.5300;2388.0800;8127.1900;8.4125;394.0000;1.0000;0;WO433028;729.20
02-Jul-2026;ENG-095;51;2026-01-03 03:00:00;642.0500;1581.1400;1401.6600;554.0100;2388.0700;9044.3600;47.4300;522.2200;2388.0800;8132.0800;8.4421;393.0000;1.0000;0;WO632053;612.26
02-Jul-2026;ENG-068;90;2026-01-04 18:00:00;642.6200;1589.7800;1410.3100;552.9700;2387.9800;9054.8300;47.3800;521.7700;2388.0800;8139.7500;8.4478;392.0000;0.8400;0;WO469303;184.37
2026/07/02;ENG-062;95;2026-01-04 23:00:00;642.5700;1583.7900;1393.9600;554.5900;2388.0100;9051.8300;47.1800;522.5100;2387.9700;8139.8700;8.3880;392.0000;1.0000;0;WO764427;1150.52
2026/07/02;ENG-040;64;2026-01-03 16:00:00;642.3900;1590.5500;1408.1300;552.2900;2388.1300;9060.1100;47.5800;520.8200;2388.1000;8134.3300;8.4362;394.0000;0.7760;0;WO880719;2878.59
2026/07/02;ENG-049;102;2026-01-05 06:00:00;642.0100;1587.2300;1403.1400;554.6500;2388.0400;9060.5600;47.3100;522.4100;2387.9800;8137.1600;8.4314;393.0000;1.0000;0;WO294405;2493.29
2026-07-02;ENG-035;67;2026-01-03 19:00:00;642.6000;1595.4000;1409.5800;552.9400;2388.1200;9052.2300;47.5900;521.3900;2388.1100;8135.9800;8.4457;394.0000;1.0000;0;WO125545;1556.04
2026/07/02;ENG-077;106;2026-01-05 10:00:00;642.0500;1583.4200;1409.8800;554.4800;2388.0900;9048.2700;47.4500;521.8200;2388.0700;8131.6400;8.4320;393.0000;0.7200;0;WO182560;1501.59
2026/07/02;  ENG-079 ;50;2026-01-03 02:00:00;642.2100;1582.5300;1397.8800;554.2500;2388.0800;9046.5500;47.3600;521.8700;2388.1000;8130.5400;8.4459;393.0000;0.9120;0;WO404323;1664.83
2026-07-02;ENG-093;116;2026-01-05 20:00:00;642.3100;1593.6100;1407.6500;553.2100;2388.1600;9064.4600;47.5100;521.5600;2388.1400;8132.9800;8.4202;393.0000;1.0000;0;WO265664;2,217.11
2026/07/02;ENG-076;113;2026-01-05 17:00:00;642.3400;1586.8500;1403.9200;553.3100;2388.0000;9056.9000;47.4300;521.6900;2388.0400;8149.3200;8.4123;392.0000;0.8160;0;WO539053;2221.84
02-Jul-2026;ENG-067;25;2026-01-02 01:00:00;642.3600;1585.1100;1408.3000;553.6300;2388.0300;9064.2900;47.2000;521.5600;2388.0500;8138.7900;8.4342;392.0000;0.9840;0;WO827495;2576.34
2026/07/02;ENG-014;31;2026-01-02 07:00:00;642.5200;1584.2000;1415.3400;552.5500;2388.1400;9042.6300;47.7000;520.7700;2388.1500;8116.5700;8.4505;393.0000;0.9760;0;WO871780;601.36
2026-07-02;ENG-004;57;2026-01-03 09:00:00;642.3100;1589.6600;1402.8000;553.2700;2388.1100;9054.3300;47.5900;521.4700;2388.1300;8130.1500;8.4461;394.0000;;0;WO537649;199.90
02-Jul-2026;eng-020;111;2026-01-05 15:00:00;642.5300;1588.8500;1408.8000;554.2900;2388.0600;9061.0900;47.4100;521.2600;2388.0200;8138.7400;8.4117;392.0000;0.7120;0;WO259644;92.13
02-Jul-2026;ENG-022;24;2026-01-02 00:00:00;642.8600;1587.7400;1409.6500;552.7300;2388.0800;9041.3200;47.4600;521.5800;2388.0800;8128.4700;8.4282;391.0000;;0;WO161981;851.60
02-Jul-2026;  ENG-061 ;105;2026-01-05 09:00:00;642.4300;1585.2200;1400.6100;554.2200;2388.0700;9063.1200;47.5000;522.3600;2388.0900;8145.6500;8.4314;392.0000;0.6000;0;WO806107;2,181.97
2026-07-02;ENG-100;82;2026-01-04 10:00:00;642.7100;1586.7300;1397.5800;554.4600;2387.9800;9059.9500;47.0900;522.5200;2388.0800;8142.8000;8.3945;391.0000;1.0000;0;WO213280;769.54
2026/07/02;ENG-062;112;2026-01-05 16:00:00;642.0600;1580.6400;1401.4000;554.3000;2387.9800;9061.9200;47.2300;522.5100;2388.0100;8141.1200;8.3949;390.0000;1.0000;0;WO841241;1,876.37
2026-07-02;ENG-035;88;2026-01-04 16:00:00;642.8800;1586.7200;1419.7700;553.6900;2388.1000;9049.3200;47.6700;521.0700;2388.0900;8136.7500;8.4158;394.0000;0.9680;0;WO208679;1190.43
2026/07/02;ENG-006;45;2026-01-02 21:00:00;642.3300;1583.6500;1414.4700;553.5600;2388.1100;9047.7100;47.6300;521.5200;2388.1000;8135.7400;8.4572;392.0000;1.0000;0;WO830083;99.26
2026-07-02;ENG-099;60;2026-01-03 12:00:00;642.1500;1577.0700;1396.6100;554.5500;2388.0100;9062.1500;47.1600;522.8100;2388.0500;8145.6000;8.3978;394.0000;1.0000;0;WO126190;2,867.57
2026/07/02;ENG-057;57;2026-01-03 09:00:00;642.7200;1590.0900;1406.8800;553.0500;2388.1300;9053.1600;47.4700;521.4000;2388.1400;8125.4100;8.4435;394.0000;1.0000;0;WO346310;883.77
2026/07/02;  ENG-068 ;87;2026-01-04 15:00:00;642.8500;1583.3400;1404.7400;554.1400;2388.0600;9064.3900;47.2600;521.8000;2388.0800;8137.9500;8.4047;394.0000;0.8640;0;WO526427;1,274.33
2026/07/02;  ENG-030 ;89;2026-01-04 17:00:00;642.8900;1583.4100;1409.4600;553.4600;2388.1000;9045.1600;47.4800;522.0500;2388.1200;8128.3900;8.4359;393.0000;1.0000;0;WO836506;2,594.66
2026-07-02;ENG-043;108;2026-01-05 12:00:00;642.5000;1583.1300;1403.4900;554.1800;2388.0600;9049.1200;47.5800;522.0900;2388.0800;8132.4300;8.4188;393.0000;0.9840;0;WO495384;1368.27
2026-07-02;ENG-059;60;2026-01-03 12:00:00;641.9000;1584.5100;1395.4800;555.2700;2388.0300;9057.6200;47.2100;522.2500;2388.0400;8140.1100;8.4269;392.0000;1.0000;0;WO671955;
02-Jul-2026;  ENG-019 ;78;2026-01-04 06:00:00;642.0300;1589.3800;1408.0300;554.6400;2388.0000;9051.6300;47.2900;522.0700;2388.1000;8139.4600;8.4508;391.0000;1.0000;0;WO619399;2689.03
02-Jul-2026;ENG-059;55;2026-01-03 07:00:00;642.1300;1577.4400;1396.7200;554.4200;2387.9700;9052.8800;47.2000;522.5800;2388.0400;8134.8800;8.3841;393.0000;1.0000;0;WO711903;2008.90
2026-07-02;ENG-046;52;2026-01-03 04:00:00;642.0000;1587.2800;1408.3100;552.6600;2388.0700;9068.6600;47.4300;522.3300;2388.1500;8145.3000;8.4296;393.0000;1.0000;0;WO255574;2,007.15
02-Jul-2026;ENG-062;150;2026-01-07 06:00:00;642.5500;1582.3500;1390.0300;554.3300;2388.0100;9067.7200;47.2600;522.6600;2388.0100;8153.2000;8.4046;393.0000;1.0000;0;WO864977;
02-Jul-2026;ENG-006;44;2026-01-02 20:00:00;642.8900;1591.6900;1409.0100;553.0100;2388.1100;9054.5100;47.6300;520.9000;2388.1200;8135.0500;8.4286;393.0000;1.0000;0;WO312451;2,916.92
2026/07/02;ENG-034;88;2026-01-04 16:00:00;641.8400;1581.1600;1398.3300;554.4400;2388.0200;9066.9800;47.3800;522.7400;2388.0000;8146.1400;8.4036;391.0000;0.9760;0;WO626830;1,030.25
2026-07-02;  ENG-027 ;68;2026-01-03 20:00:00;642.2700;1587.3100;1400.7900;553.6300;2388.0600;9045.6400;47.2600;522.1500;2388.0100;8134.9700;8.4046;391.0000;1.0000;0;WO560412;1479.83
2026-07-02;  ENG-075 ;31;2026-01-02 07:00:00;642.1000;1581.4800;1404.8400;553.7600;2388.1300;9061.8200;47.3500;522.1200;2388.0400;8141.5500;8.4326;391.0000;1.0000;0;WO476440;1,919.03
2026-07-02;ENG-023;85;2026-01-04 13:00:00;641.8300;1583.8200;1397.2100;553.9500;2388.0300;9054.9700;47.1800;522.2700;2388.0500;8134.4700;8.3886;391.0000;1.0000;0;WO451678;2,446.60
2026/07/02;ENG-051;75;2026-01-04 03:00:00;642.6900;1583.0000;1402.9600;553.6400;2388.1200;9051.5600;47.3400;521.9100;2388.0700;8131.1600;8.4263;393.0000;1.0000;0;WO241298;208.73
2026/07/02;ENG-049;163;2026-01-07 19:00:00;642.0600;1585.6500;1401.5700;554.3000;2388.0100;9056.5700;47.3400;522.7800;2388.0300;8141.6600;8.4097;392.0000;1.0000;0;WO373295;1856.95
02-Jul-2026;ENG-014;24;2026-01-02 00:00:00;642.5500;1590.9700;1404.4200;552.5300;2388.1300;9034.4300;47.6300;521.7900;2388.1400;8119.1000;8.4379;393.0000;1.0000;0;WO329342;1555.42
2026/07/02;ENG-079;67;2026-01-03 19:00:00;642.2200;1576.8500;1406.9300;553.1400;2388.0500;9049.8900;47.4100;521.8600;2388.0900;8127.6000;8.4319;392.0000;0.7760;0;WO686860;1,550.71
2026-07-02;  ENG-049 ;105;2026-01-05 09:00:00;641.7300;1585.8000;1396.9100;554.4000;2388.0200;9060.6400;47.2100;522.1200;2388.0200;8148.1400;8.4126;391.0000;1.0000;0;WO959078;2290.19
2026/07/02;ENG-048;42;2026-01-02 18:00:00;642.1200;1584.3500;1400.7200;553.9400;2388.0600;9057.3400;47.1800;521.7300;2388.1000;8135.8300;8.4066;393.0000;1.0000;0;WO351405;2555.08
2026/07/02;ENG-045;75;2026-01-04 03:00:00;642.5600;1589.3900;1409.8900;553.6300;2388.0500;9057.6700;47.6100;521.6000;2388.1100;8135.4200;8.4535;393.0000;1.0000;0;WO366522;230.49
02-Jul-2026;ENG-010;120;2026-01-06 00:00:00;641.9600;1594.4000;1397.5900;553.8700;2388.0000;9067.0700;47.4900;521.7800;2388.0400;8145.7800;8.3912;392.0000;1.0000;0;WO534256;1041.56
2026-07-02;ENG-080;52;2026-01-03 04:00:00;642.7800;1587.0600;1408.8800;553.6800;2388.0400;9063.9100;47.3000;521.9000;2388.0600;8141.6800;8.4522;393.0000;1.0000;0;WO552156;734.49
02-Jul-2026;ENG-053;108;2026-01-05 12:00:00;642.3400;1591.6200;1403.9100;553.3000;2388.0600;9066.8300;47.3900;521.9100;2388.0400;8144.2800;8.4477;393.0000;0.6560;0;WO235090;
02-Jul-2026;  ENG-011 ;53;2026-01-03 05:00:00;643.1400;1594.0800;1420.9900;554.0400;2388.1200;9042.6000;47.5800;521.1000;2388.1300;8119.3700;8.4511;392.0000;1.0000;0;WO559001;781.92
2026-07-02;eng-042;72;2026-01-04 00:00:00;642.3600;1576.7700;1406.0500;554.3100;2388.0700;9051.2900;47.1200;522.2600;2388.0500;8133.9800;8.3940;391.0000;0.7520;0;WO147457;
2026/07/02;eng-043;109;2026-01-05 13:00:00;642.4500;1586.9700;1410.9900;553.6300;2388.0900;9051.3700;47.2800;521.9400;2388.1500;8130.1600;8.4246;392.0000;0.9760;0;WO610556;1660.41
02-Jul-2026;ENG-081;125;2026-01-06 05:00:00;642.7900;1586.6800;1406.2000;553.4100;2388.0600;9067.3200;47.3700;521.7200;2388.0700;8154.4600;8.4618;393.0000;0.7680;0;WO149772;2156.37
2026-07-02;  ENG-056 ;88;2026-01-04 16:00:00;642.8200;1596.5400;1421.2800;552.3200;2388.1200;9047.0200;47.7700;521.3500;2388.1800;8121.8700;8.4878;394.0000;0.5040;0;WO953778;1,043.52
2026/07/02;  ENG-062 ;128;2026-01-06 08:00:00;642.0600;1579.6000;1405.9500;554.7200;2387.9900;9053.0500;47.1100;522.3200;2388.0000;8137.3400;8.3971;393.0000;1.0000;0;WO608225;
2026/07/02;ENG-100;88;2026-01-04 16:00:00;642.1800;1578.6800;1404.8300;554.2400;2388.0400;9059.2400;47.3100;522.0600;2388.1000;8143.5100;8.3862;391.0000;1.0000;0;WO527429;2,670.36
02-Jul-2026;ENG-081;129;2026-01-06 09:00:00;642.4600;1582.4200;1399.5100;554.0200;2388.0000;9068.5200;47.5700;521.3400;2388.1100;8148.7400;8.4187;394.0000;0.7360;0;WO537884;1,231.49
02-Jul-2026;eng-018;51;2026-01-03 03:00:00;642.0300;1583.9900;1408.2000;554.4600;2387.9600;9061.9600;47.3600;522.1300;2388.0200;8149.3100;8.4182;392.0000;0.8800;0;WO995289;1158.26
02-Jul-2026;ENG-016;40;2026-01-02 16:00:00;642.3000;1586.3300;1397.9700;554.8700;2388.0700;9050.9800;47.2800;522.1700;2388.0000;8133.9000;8.3905;391.0000;1.0000;0;WO606641;1426.77
2026-07-02;ENG-076;134;2026-01-06 14:00:00;643.2100;1585.8900;1410.0100;554.0700;2387.9800;9073.4900;47.5800;521.4100;2388.0600;8149.7100;8.4416;395.0000;0.6480;0;WO859788;2816.27
2026/07/02;eng-044;20;2026-01-01 20:00:00;642.0400;1587.4500;1407.8100;553.7100;2388.0700;9053.0200;47.2700;522.0900;2388.0600;8134.4000;8.4282;393.0000;1.0000;0;WO685997;141.42
2026-07-02;ENG-013;121;2026-01-06 01:00:00;642.0000;1585.6200;1402.2700;553.6100;2388.0100;9058.4500;47.3000;521.9200;2388.0400;8141.0900;8.4221;393.0000;1.0000;0;WO593748;1,867.42
2026/07/02;ENG-042;87;2026-01-04 15:00:00;642.3000;1586.8200;1403.7000;555.2500;2388.0700;9048.3300;47.2100;521.8600;2388.0900;8133.5700;8.4206;392.0000;0.6320;0;WO311206;2,987.11
02-Jul-2026;ENG-028;93;2026-01-04 21:00:00;641.9600;1594.6800;1414.0100;553.5900;2388.1000;9050.6700;47.6000;521.8300;2388.0900;8129.4100;8.4350;393.0000;1.0000;0;WO466142;368.61
2026-07-02;eng-015;41;2026-01-02 17:00:00;642.1700;1584.6900;1405.1600;554.7700;2388.0800;9052.2700;47.4700;522.1500;2388.0500;8132.5200;8.4178;392.0000;;0;WO987882;2,727.94
2026/07/02;ENG-089;79;2026-01-04 07:00:00;642.4100;1584.7700;1407.4100;553.8500;2388.1100;9045.7500;47.4600;521.5700;2388.0700;8131.4000;8.4349;393.0000;1.0000;0;WO265275;2,202.86
2026/07/02;eng-066;82;2026-01-04 10:00:00;642.9500;1582.7600;1410.0000;553.7300;2388.0800;9073.7300;47.5500;521.6200;2388.1000;8141.8500;8.4531;394.0000;0.6320;0;WO825772;176.56
02-Jul-2026;eng-038;72;2026-01-04 00:00:00;642.6000;1593.1100;1407.8900;553.3900;2388.1000;9059.9700;47.6400;521.4700;2388.0700;8138.9600;8.4750;394.0000;0.8240;0;WO135108;632.02
02-Jul-2026;ENG-080;58;2026-01-03 10:00:00;642.0000;1590.9300;1401.3300;553.2800;2388.0800;9065.4900;47.4400;522.0300;2388.0400;8148.2900;8.4465;393.0000;;0;WO700349;2169.94
2026-07-02;ENG-068;68;2026-01-03 20:00:00;642.3500;1590.7100;1405.7200;554.0500;2388.0900;9049.8000;47.2600;521.6600;2388.0600;8139.3100;8.4192;392.0000;1.0000;0;WO200893;959.73
02-Jul-2026;ENG-099;37;2026-01-02 13:00:00;641.3000;1581.6900;1393.5700;554.8800;2387.9800;9064.2600;47.2500;522.8600;2387.9900;8140.5200;8.3752;393.0000;1.0000;0;WO940088;2968.36
02-Jul-2026;ENG-047;32;2026-01-02 08:00:00;642.0700;1589.4400;1408.5700;552.8300;2388.1900;9045.3300;47.7400;521.1600;2388.1600;8120.0400;8.4166;394.0000;1.0000;0;WO937053;2299.50
2026-07-02;ENG-035;122;2026-01-06 02:00:00;642.4200;1594.7500;1417.3000;553.3600;2388.1200;9055.9400;47.7200;521.1300;2388.2000;8137.3400;8.4337;393.0000;0.6960;0;WO283001;1,739.03
2026/07/02;  ENG-062 ;89;2026-01-04 17:00:00;641.9700;1584.9800;1395.7000;554.2000;2388.0200;9054.2800;47.2000;522.2200;2388.0700;8134.6200;8.4020;390.0000;1.0000;0;WO228829;2,545.32
2026/07/02;ENG-034;103;2026-01-05 07:00:00;642.0500;1585.5000;1391.2500;554.4500;2388.0100;9061.9000;47.1700;522.0400;2388.0300;8143.2500;8.4441;392.0000;0.8560;0;WO590238;2224.74
2026/07/02;ENG-077;65;2026-01-03 17:00:00;642.2300;1587.9700;1397.7300;554.1500;2388.1300;9051.7900;47.4600;521.8300;2388.0600;8130.1300;8.4177;391.0000;1.0000;0;WO706984;2,073.83
2026/07/02;ENG-098;65;2026-01-03 17:00:00;642.5600;1578.5100;1408.6100;554.0300;2388.0500;9054.7500;47.5500;521.3500;2388.0600;8139.0300;8.4261;391.0000;0.9200;0;WO641381;211.10
2026/07/02;ENG-027;74;2026-01-04 02:00:00;641.9400;1583.2000;1401.5300;554.5700;2388.0500;9059.4500;47.2000;522.0600;2388.0100;8131.6700;8.3994;392.0000;1.0000;0;WO565961;2,712.27
2026-07-02;ENG-058;71;2026-01-03 23:00:00;643.2100;1592.2900;1407.8800;553.7800;2388.1000;9057.6000;47.4000;521.8500;2388.1000;8132.2700;8.4568;392.0000;1.0000;0;WO193336;1099.56
02-Jul-2026;ENG-077;83;2026-01-04 11:00:00;642.6100;1587.7800;1410.6700;553.8100;2388.0500;9044.0200;47.1600;522.2300;2388.0900;8136.4300;8.4392;393.0000;0.9040;0;WO877675;965.24
02-Jul-2026;ENG-020;117;2026-01-05 21:00:00;642.5000;1592.4100;1400.8900;553.1000;2388.0500;9064.8600;47.4400;521.6400;2388.0900;8143.7400;8.4488;393.0000;0.6640;0;WO447383;2745.67
02-Jul-2026;ENG-031;120;2026-01-06 00:00:00;642.3800;1590.0000;1409.9000;554.1800;2388.0600;9073.4600;47.4600;522.0400;2388.0800;8151.0800;8.4195;393.0000;0.6720;0;WO540220;2,961.47
02-Jul-2026;  ENG-086 ;72;2026-01-04 00:00:00;642.7800;1588.9500;1404.3200;553.7900;2388.1000;9065.9700;47.5900;521.2100;2388.0700;8141.2400;8.4422;393.0000;1.0000;0;WO724001;2,834.65
2026/07/02;ENG-018;74;2026-01-04 02:00:00;642.8300;1587.1500;1400.5600;554.1400;2388.0300;9062.2000;47.1700;521.9900;2388.0300;8142.5000;8.4322;392.0000;0.6960;0;WO395244;2754.31
02-Jul-2026;ENG-098;71;2026-01-03 23:00:00;642.6300;1585.2000;1407.4700;553.2800;2388.0700;9062.4100;47.4600;520.9000;2388.0600;8141.2400;8.4490;394.0000;0.8720;0;WO330032;269.39
2026-07-02;ENG-086;74;2026-01-04 02:00:00;642.8700;1585.1600;1412.2900;553.3300;2388.0700;9066.4300;47.4500;522.1300;2388.0200;8141.9800;8.4373;393.0000;1.0000;0;WO232939;2519.36
2026/07/02;ENG-031;87;2026-01-04 15:00:00;642.0900;1582.6900;1400.7200;554.1000;2388.0200;9075.9800;47.4800;522.2700;2388.0900;8145.3600;8.4240;394.0000;0.9360;0;WO649162;2665.13
02-Jul-2026;ENG-034;95;2026-01-04 23:00:00;642.0300;1588.0500;1394.2800;554.2100;2388.0700;9070.7200;47.2800;522.2000;2388.0000;8150.5200;8.4281;391.0000;0.9200;0;WO869782;2711.81
02-Jul-2026;ENG-032;88;2026-01-04 16:00:00;641.8300;1583.2900;1398.6400;554.5800;2388.0200;9066.8300;47.2500;522.1800;2387.9400;8156.1900;8.3962;391.0000;0.8400;0;WO207594;710.61
2026/07/02;eng-086;43;2026-01-02 19:00:00;642.9200;1586.0600;1411.5500;553.3900;2388.0800;9054.8600;47.4700;522.1200;2388.0800;8136.0700;8.4348;393.0000;1.0000;0;WO962129;985.59
2026/07/02;eng-064;82;2026-01-04 10:00:00;641.9500;1586.8700;1408.7500;553.9300;2388.0900;9054.2700;47.3900;521.3300;2388.1100;8141.3600;8.4236;392.0000;0.9120;0;WO296953;1236.64
02-Jul-2026;eng-041;65;2026-01-03 17:00:00;642.3500;1582.4500;1401.1200;553.9300;2388.0100;9047.3300;47.3400;521.5500;2388.0500;8127.6500;8.3840;392.0000;0.6080;0;WO366628;1,374.78
02-Jul-2026;ENG-062;108;2026-01-05 12:00:00;642.3200;1581.0500;1394.6700;554.5400;2387.9800;9059.9900;47.0900;522.0600;2388.0200;8141.4700;8.3892;391.0000;1.0000;0;WO928784;1884.25
2026-07-02;  ENG-093 ;102;2026-01-05 06:00:00;642.4100;1590.4600;1411.5500;552.7600;2388.1100;9062.6100;47.5800;521.5200;2388.0900;8135.1200;8.4165;393.0000;1.0000;0;WO289277;1,370.99
2026/07/02;  ENG-042 ;86;2026-01-04 14:00:00;642.2300;1589.6100;1400.1100;553.5700;2388.1300;9047.6200;47.3300;522.1600;2388.1300;8134.5500;8.4154;392.0000;0.6400;0;WO823042;301.88
02-Jul-2026;ENG-038;63;2026-01-03 15:00:00;643.1400;1584.2800;1411.7200;552.3600;2388.0900;9057.8200;47.5600;520.8400;2388.1000;8141.0900;8.4387;393.0000;0.8960;0;WO444571;2293.73
02-Jul-2026;  ENG-029 ;67;2026-01-03 19:00:00;642.1100;1587.2700;1404.9500;555.1500;2388.0300;9054.7000;47.2500;521.4000;2388.0300;8140.2700;8.4231;392.0000;1.0000;0;WO856024;909.69
02-Jul-2026;ENG-030;55;2026-01-03 07:00:00;642.4600;1590.5800;1406.0800;553.4000;2388.1400;9041.1800;47.3900;521.5400;2388.1500;8126.7100;8.4710;393.0000;1.0000;0;WO484127;1,348.89
02-Jul-2026;  ENG-093 ;83;2026-01-04 11:00:00;642.0300;1584.1900;1410.5600;553.1200;2388.1300;9053.0800;47.6300;521.9000;2388.1100;8134.4200;8.4201;394.0000;1.0000;0;WO784660;2659.86
02-Jul-2026;  ENG-020 ;107;2026-01-05 11:00:00;642.4000;1588.1000;1409.3300;553.9500;2388.0800;9065.9500;47.4600;521.2800;2388.0600;8141.4600;8.4442;393.0000;0.7440;0;WO964032;1,637.88
2026/07/02;ENG-076;87;2026-01-04 15:00:00;642.4300;1586.9900;1397.0900;554.3000;2388.0300;9058.7500;47.4100;521.9400;2388.0700;8141.9800;8.4135;393.0000;1.0000;0;WO604474;2253.62
2026/07/02;ENG-017;68;2026-01-03 20:00:00;641.7400;1591.7500;1392.8800;554.6400;2387.9900;9072.7900;47.0800;521.9100;2388.0000;8154.3600;8.4360;391.0000;1.0000;0;WO878121;
2026/07/02;ENG-007;69;2026-01-03 21:00:00;642.0900;1578.5700;1406.8300;553.9400;2388.0600;9059.1700;47.3400;522.7500;2388.0100;8137.6500;8.3925;392.0000;1.0000;0;WO753211;2838.11
2026/07/02;ENG-004;44;2026-01-02 20:00:00;643.0800;1583.4000;1410.6400;553.4100;2388.1100;9051.5000;47.4600;521.4900;2388.0800;8131.9700;8.4321;393.0000;1.0000;0;WO140409;
02-Jul-2026;ENG-029;72;2026-01-04 00:00:00;642.4300;1583.2800;1399.0300;553.9700;2388.0300;9052.3000;47.4100;522.4700;2388.0900;8140.4300;8.3863;392.0000;1.0000;0;WO104799;1024.49
2026/07/02;ENG-080;70;2026-01-03 22:00:00;642.3800;1589.5100;1408.4200;553.6600;2388.1000;9067.4300;47.5200;522.2000;2388.0600;8140.6400;8.4146;393.0000;1.0000;0;WO856659;1954.88
2026/07/02;ENG-089;84;2026-01-04 12:00:00;642.5400;1584.9200;1408.0000;554.0100;2388.0800;9042.8200;47.4400;521.4800;2388.0600;8124.4400;8.4162;392.0000;1.0000;0;WO442597;2,702.58
02-Jul-2026;  ENG-056 ;47;2026-01-02 23:00:00;642.8300;1583.2600;1403.8200;552.8400;2388.1400;9040.8700;47.3500;520.9800;2388.1400;8126.2800;8.4409;393.0000;0.8320;0;WO451401;2314.07
2026/07/02;ENG-054;66;2026-01-03 18:00:00;642.0500;1578.8900;1397.8600;554.4800;2388.0000;9059.2200;47.1800;522.7700;2388.0100;8142.2600;8.3914;392.0000;1.0000;0;WO182121;348.33
2026-07-02;  ENG-079 ;47;2026-01-02 23:00:00;642.2300;1591.2500;1401.8400;553.8600;2388.0800;9050.5400;47.3600;521.8900;2388.0300;8131.3900;8.4339;393.0000;0.9360;0;WO471247;1919.36
2026/07/02;  ENG-058 ;89;2026-01-04 17:00:00;642.3000;1588.1700;1406.3100;554.4700;2388.1200;9045.9500;47.2900;522.0400;2388.0200;8129.0000;8.4391;391.0000;0.9920;0;WO790907;1732.50
2026/07/02;ENG-080;85;2026-01-04 13:00:00;642.5000;1585.6300;1397.5700;553.7000;2388.0600;9063.2200;47.3100;522.0600;2388.0300;8147.2800;8.4253;394.0000;1.0000;0;WO297349;2,975.83
02-Jul-2026;ENG-046;66;2026-01-03 18:00:00;642.2700;1586.9500;1410.6700;554.3900;2388.0700;9069.3000;47.2400;521.8200;2388.0900;8145.1100;8.4697;392.0000;1.0000;0;WO453948;1074.29
2026/07/02;ENG-041;72;2026-01-04 00:00:00;642.3500;1583.3200;1404.5100;553.5400;2388.0400;9049.4300;47.3400;521.7800;2388.0400;8124.9300;8.4197;391.0000;0.5520;0;WO133114;779.61
2026/07/02;ENG-040;54;2026-01-03 06:00:00;643.0400;1594.5200;1416.6400;552.7500;2388.1400;9059.9300;47.8300;521.2000;2388.0900;8133.4000;8.4206;394.0000;0.8560;0;WO505425;1577.53
02-Jul-2026;ENG-009;37;2026-01-02 13:00:00;642.9700;1591.6400;1406.4000;553.2800;2388.1200;9048.6200;47.6000;521.5900;2388.0600;8127.8800;8.4354;393.0000;1.0000;0;WO696354;2954.16
2026/07/02;ENG-089;112;2026-01-05 16:00:00;642.1300;1586.3500;1403.7500;554.1000;2388.1100;9046.8500;47.6200;521.2400;2388.0800;8129.7400;8.4449;392.0000;1.0000;0;WO163190;1154.13
2026-07-02;eng-089;93;2026-01-04 21:00:00;642.3400;1586.3400;1405.8200;553.5200;2388.1100;9041.2500;47.5300;521.4200;2388.0700;8121.9000;8.4142;391.0000;1.0000;0;WO236831;2,482.94
2026-07-02;ENG-045;76;2026-01-04 04:00:00;642.4300;1589.0300;1409.4700;553.5700;2388.0900;9066.0800;47.6300;521.0700;2388.0700;8137.7700;8.4496;393.0000;1.0000;0;WO472161;191.10
2026-07-02;  ENG-026 ;27;2026-01-02 03:00:00;642.2900;1576.6300;1396.6200;553.8500;2388.0100;9066.4600;47.3500;521.3500;2388.0300;8141.6200;8.4035;391.0000;1.0000;0;WO893948;2794.19
02-Jul-2026;ENG-040;77;2026-01-04 05:00:00;643.1300;1592.4500;1415.9100;553.3700;2388.1200;9055.2300;47.6900;521.0100;2388.1400;8137.1800;8.4555;395.0000;0.6720;0;WO183209;1,852.55
02-Jul-2026;ENG-004;51;2026-01-03 03:00:00;643.4800;1599.9000;1410.5700;553.0000;2388.0800;9052.5500;47.2300;521.3500;2388.1100;8132.7500;8.4187;393.0000;1.0000;0;WO396775;2847.89
02-Jul-2026;ENG-097;74;2026-01-04 02:00:00;642.7100;1582.9300;1397.5300;553.8200;2387.9800;9068.5500;47.4000;521.9000;2388.0000;8148.4100;8.4306;390.0000;1.0000;0;WO396902;222.45
2026-07-02;  ENG-061 ;89;2026-01-04 17:00:00;642.0900;1590.3900;1399.0600;553.9100;2388.0600;9061.5300;47.4300;521.5200;2388.0700;8143.9300;8.4030;392.0000;0.7280;0;WO241940;2,719.49
2026/07/02;ENG-043;103;2026-01-05 07:00:00;642.1900;1589.2000;1401.3500;554.3600;2388.1100;9054.9600;47.3300;521.6600;2388.0600;8138.4700;8.4168;392.0000;1.0000;0;WO498087;1838.31
02-Jul-2026;eng-093;108;2026-01-05 12:00:00;642.7500;1589.3900;1414.2800;552.4300;2388.1100;9066.7800;47.4300;520.7100;2388.0600;8139.6700;8.4506;394.0000;1.0000;0;WO152110;1,108.98
02-Jul-2026;ENG-024;115;2026-01-05 19:00:00;642.5200;1591.6300;1403.4000;553.4900;2388.0000;9079.2500;47.4200;522.2600;2387.9800;8160.2600;8.4134;393.0000;0.7280;0;WO776168;2,010.29
2026/07/02;  ENG-060 ;81;2026-01-04 09:00:00;642.4600;1583.7300;1406.3600;553.9800;2388.0500;9061.0700;47.4000;521.7300;2388.1100;8137.5400;8.4316;392.0000;1.0000;0;WO760478;2081.12
2026/07/02;ENG-080;63;2026-01-03 15:00:00;642.6200;1587.5800;1409.3900;554.8600;2388.0500;9063.5000;47.4500;521.4400;2388.1200;8141.5800;8.4228;391.0000;1.0000;0;WO818391;1645.89
02-Jul-2026;ENG-087;27;2026-01-02 03:00:00;642.0200;1579.5100;1405.9600;554.5300;2388.0500;9061.8100;47.4200;521.8500;2388.0100;8145.2300;8.3927;392.0000;1.0000;0;WO595708;2016.66
2026-07-02;  ENG-090 ;66;2026-01-03 18:00:00;642.3900;1585.9200;1405.3000;553.4800;2388.0400;9064.7400;47.4100;521.2700;2388.0700;8132.6200;8.4356;392.0000;0.8640;0;WO411565;242.75
02-Jul-2026;  ENG-066 ;83;2026-01-04 11:00:00;642.5300;1589.6500;1411.8900;553.6300;2388.0900;9076.7400;47.5200;522.5400;2388.0700;8147.3000;8.4289;393.0000;0.6240;0;WO843634;496.71
2026/07/02;ENG-047;30;2026-01-02 06:00:00;642.7700;1588.1700;1413.3400;553.7700;2388.1300;9038.5000;47.5500;521.0200;2388.1000;8119.4100;8.4293;392.0000;1.0000;0;WO209351;2925.45
2026/07/02;ENG-052;108;2026-01-05 12:00:00;641.8400;1586.6100;1400.7800;553.7800;2388.0200;9059.4600;47.3100;522.4100;2388.0100;8146.7600;8.3836;392.0000;0.8800;0;WO594679;2985.52
02-Jul-2026;eng-094;62;2026-01-03 14:00:00;642.6100;1591.0900;1409.0800;553.3000;2388.0500;9058.6800;47.4500;521.4400;2388.0500;8136.2900;8.4158;392.0000;1.0000;0;WO188696;788.42
2026-07-02;  ENG-091 ;153;2026-01-07 09:00:00;642.5200;1597.4600;1418.0900;552.4200;2388.1200;9046.7100;47.6300;520.9900;2388.1300;8125.2100;8.4635;395.0000;0.9520;0;WO257334;1,797.31
02-Jul-2026;ENG-015;45;2026-01-02 21:00:00;641.9600;1581.3500;1406.6300;554.0900;2388.0500;9057.7500;47.1500;521.6800;2387.9800;8135.0700;8.4058;394.0000;0.9120;0;WO997435;2415.82
02-Jul-2026;  ENG-056 ;64;2026-01-03 16:00:00;642.1500;1582.9800;1404.5400;553.1400;2388.1200;9047.7300;47.6600;520.6700;2388.1100;8123.2300;8.4718;392.0000;0.6960;0;WO128576;2394.55
2026-07-02;ENG-086;55;2026-01-03 07:00:00;642.5900;1588.5000;1407.1300;553.9500;2388.1000;9053.6500;47.5100;521.6500;2388.0400;8138.7600;8.4252;393.0000;1.0000;0;WO656213;2,223.49
2026-07-02;eng-098;77;2026-01-04 05:00:00;642.4400;1588.9600;1407.6300;553.8700;2388.1100;9054.2100;47.5500;521.1600;2388.0400;8146.6500;8.4408;393.0000;0.8240;0;WO616419;2378.97
2026/07/02;ENG-057;106;2026-01-05 10:00:00;643.2200;1588.4500;1410.9300;553.4600;2388.1700;9048.4100;47.7000;521.3100;2388.1300;8131.6300;8.4402;391.0000;1.0000;0;WO825962;1188.79
2026-07-02;ENG-079;54;2026-01-03 06:00:00;642.4800;1584.3100;1405.5400;554.0300;2388.0900;9047.7400;47.2600;521.5700;2388.1100;8133.9800;8.4220;394.0000;0.8800;0;WO882361;1,054.20
02-Jul-2026;  ENG-051 ;50;2026-01-03 02:00:00;642.3300;1590.3600;1400.3100;554.1600;2388.0500;9047.0900;47.5200;521.7800;2388.0700;8132.2600;8.4027;392.0000;1.0000;0;WO580688;
2026-07-02;ENG-072;73;2026-01-04 01:00:00;642.3400;1589.1400;1404.4600;554.3300;2388.0300;9056.0700;47.3000;521.9100;2388.0300;8139.4400;8.4390;392.0000;0.8640;0;WO179127;1917.27
2026-07-02;ENG-057;59;2026-01-03 11:00:00;642.3600;1588.3800;1404.9900;553.6800;2388.1200;9048.9700;47.6300;521.3100;2388.0500;8127.9500;8.4291;392.0000;1.0000;0;WO534789;1178.50
2026-07-02;ENG-030;52;2026-01-03 04:00:00;642.0700;1598.9100;1412.5100;552.3900;2388.0800;9047.7300;47.4300;521.1800;2388.1600;8123.9600;8.4105;393.0000;1.0000;0;WO553192;587.25
2026-07-02;ENG-046;79;2026-01-04 07:00:00;642.2300;1591.4400;1406.7400;554.5200;2388.0500;9067.5000;47.5100;521.4100;2388.0600;8139.6200;8.4309;394.0000;0.9120;0;WO595619;1082.26
2026/07/02;ENG-019;48;2026-01-03 00:00:00;642.5700;1586.2900;1396.0100;554.7200;2388.0700;9059.7100;47.0400;522.4700;2388.0100;8140.8400;8.4149;392.0000;1.0000;0;WO329331;2081.06
02-Jul-2026;ENG-062;144;2026-01-07 00:00:00;642.1400;1592.1500;1397.7400;554.9100;2388.1100;9052.6000;47.2300;522.2900;2388.0200;8143.3700;8.3841;393.0000;1.0000;0;WO868510;1250.75
02-Jul-2026;  ENG-086 ;57;2026-01-03 09:00:00;642.7000;1594.0800;1398.8500;553.6800;2388.0200;9062.3900;47.3400;521.0400;2388.0400;8139.5600;8.4171;391.0000;1.0000;0;WO633464;851.86
02-Jul-2026;ENG-076;96;2026-01-05 00:00:00;642.6800;1582.0300;1396.5500;554.2100;2388.0600;9059.5600;47.2300;521.8100;2388.0300;8142.6900;8.4150;392.0000;0.9520;0;WO321134;172.40
2026/07/02;  ENG-082 ;70;2026-01-03 22:00:00;642.3100;1582.1000;1406.6200;553.5400;2388.0500;9062.5800;47.2800;522.2900;2388.0800;8142.7000;8.4431;392.0000;0.8080;0;WO886004;1,655.08
2026-07-02;eng-028;60;2026-01-03 12:00:00;642.9000;1582.4900;1405.2200;554.0900;2388.1200;9049.6700;47.4500;521.3000;2388.0200;8129.9900;8.4313;391.0000;1.0000;0;WO129458;590.33
2026-07-02;  ENG-056 ;49;2026-01-03 01:00:00;642.5600;1584.3000;1415.8200;552.5900;2388.1300;9049.6800;47.7200;521.2900;2388.1700;8128.5700;8.4467;394.0000;0.8160;0;WO773118;
2026/07/02;ENG-086;52;2026-01-03 04:00:00;641.9600;1589.3100;1394.3200;553.4300;2388.0900;9061.3400;47.2800;521.6600;2388.0900;8149.5000;8.4408;394.0000;1.0000;0;WO516639;1321.58
02-Jul-2026;  ENG-029 ;85;2026-01-04 13:00:00;642.2800;1595.8100;1406.3100;553.7500;2388.0300;9061.4000;47.3000;521.6300;2388.1200;8139.4200;8.4533;393.0000;1.0000;0;WO830134;2876.95
2026/07/02;ENG-080;83;2026-01-04 11:00:00;642.0800;1584.1700;1396.1100;553.8600;2388.0500;9068.5500;47.4000;521.8100;2388.1200;8140.0900;8.4144;393.0000;1.0000;0;WO386046;
2026-07-02;  ENG-007 ;94;2026-01-04 22:00:00;642.7000;1582.0000;1404.3800;554.1900;2388.0200;9072.3300;47.3000;522.0600;2387.9700;8140.2400;8.3970;392.0000;1.0000;0;WO851451;2,572.52
2026/07/02;  ENG-072 ;71;2026-01-03 23:00:00;642.1600;1581.1800;1402.5300;553.2200;2388.0500;9060.5300;47.4400;522.2500;2388.0100;8150.3600;8.4000;392.0000;0.8800;0;WO638897;665.03
02-Jul-2026;  ENG-100 ;92;2026-01-04 20:00:00;642.8300;1589.4600;1400.3000;554.5300;2388.0600;9057.0700;47.2100;522.2200;2388.0400;8137.0100;8.3982;392.0000;;0;WO772195;832.48
2026/07/02;ENG-084;93;2026-01-04 21:00:00;642.5600;1594.5800;1400.9100;553.6000;2388.1200;9057.7100;47.3100;521.2100;2388.1200;8134.7800;8.4435;392.0000;1.0000;0;WO615547;2538.09
2026/07/02;  ENG-084 ;89;2026-01-04 17:00:00;642.4800;1592.4700;1405.8800;553.4600;2388.1100;9062.4900;47.5200;521.3000;2388.0800;8134.7900;8.4292;393.0000;1.0000;0;WO826994;117.10
02-Jul-2026;  ENG-049 ;167;2026-01-07 23:00:00;642.3800;1590.7700;1409.5400;554.2500;2388.0300;9064.9100;47.4000;522.0100;2388.0300;8139.3200;8.4155;392.0000;1.0000;0;WO488256;
2026-07-02;ENG-052;77;2026-01-04 05:00:00;642.5100;1578.2100;1402.4800;554.1000;2388.0200;9053.5100;47.0700;522.1900;2388.0300;8131.9100;8.3832;391.0000;1.0000;0;WO277600;107.02
2026/07/02;ENG-058;69;2026-01-03 21:00:00;642.3400;1585.0400;1397.8300;553.3300;2388.0900;9049.3600;47.4600;522.4900;2388.0900;8132.3400;8.4232;393.0000;1.0000;0;WO385058;
2026/07/02;ENG-045;69;2026-01-03 21:00:00;642.8900;1589.9300;1404.9500;553.9900;2388.0600;9065.0700;47.4900;521.4600;2388.0900;8144.1700;8.4051;393.0000;1.0000;0;WO192494;2,218.95
2026-07-02;ENG-081;103;2026-01-05 07:00:00;642.6200;1583.6100;1397.9600;553.3700;2388.0100;9064.9200;47.3500;521.7900;2388.0000;8149.9300;8.4371;392.0000;0.9440;0;WO117902;326.98
2026-07-02;eng-093;130;2026-01-06 10:00:00;642.3600;1601.2700;1415.3100;552.6200;2388.0900;9055.0400;47.7200;521.2400;2388.1100;8137.6600;8.4478;392.0000;1.0000;0;WO778901;2983.58
2026-07-02;eng-036;69;2026-01-03 21:00:00;643.0200;1590.0700;1420.0000;553.4500;2388.1300;9063.0100;47.7800;521.4000;2388.0900;8141.0000;8.4508;395.0000;0.6080;0;WO372287;429.60
02-Jul-2026;ENG-083;42;2026-01-02 18:00:00;642.4500;1590.9500;1393.4000;553.6100;2388.0200;9052.7100;47.3000;521.9700;2388.0500;8134.6200;8.4025;393.0000;1.0000;0;WO101574;2112.07
2026/07/02;ENG-019;77;2026-01-04 05:00:00;642.1600;1586.9700;1401.0300;554.2300;2388.0200;9060.8300;47.3300;521.9600;2387.9900;8140.4100;8.3672;391.0000;1.0000;0;WO243233;2412.37
2026/07/02;ENG-042;73;2026-01-04 01:00:00;642.4300;1591.8900;1399.6600;553.4700;2388.0000;9048.4500;47.1700;522.1100;2388.0600;8125.4200;8.3951;392.0000;0.7440;0;WO401195;1066.15
2026/07/02;ENG-032;64;2026-01-03 16:00:00;641.7200;1588.5600;1391.7200;554.4800;2388.0200;9070.9900;47.0500;522.5700;2388.0200;8154.7600;8.3942;392.0000;1.0000;0;WO355752;2014.93
02-Jul-2026;ENG-021;77;2026-01-04 05:00:00;642.2700;1582.0100;1402.8900;554.5500;2388.0200;9054.5000;47.3400;522.2600;2388.0300;8139.4400;8.3876;392.0000;;0;WO241663;1,166.41
2026-07-02;ENG-024;116;2026-01-05 20:00:00;642.4200;1596.3800;1405.3500;553.8600;2388.0200;9076.0800;47.2800;522.2200;2387.9800;8158.4900;8.4119;391.0000;0.7200;0;WO852436;2762.55
2026/07/02;ENG-089;86;2026-01-04 14:00:00;642.7800;1589.0900;1411.3400;553.5100;2388.1600;9043.7900;47.4600;521.9000;2388.1500;8126.1900;8.4627;393.0000;;0;WO892321;692.56
2026/07/02;ENG-100;115;2026-01-05 19:00:00;642.4000;1587.2000;1396.7300;553.9900;2388.0700;9066.2900;47.4200;522.0900;2388.0700;8148.5300;8.4174;393.0000;0.8240;0;WO278953;
2026/07/02;eng-081;119;2026-01-05 23:00:00;641.9900;1590.2300;1402.4600;553.7500;2388.0900;9064.4400;47.6400;521.3900;2388.1400;8148.3500;8.4447;394.0000;;0;WO236804;2,935.19
2026/07/02;ENG-057;73;2026-01-04 01:00:00;642.6500;1588.6200;1403.8200;553.4300;2388.1100;9048.7800;47.3600;521.8500;2388.0800;8130.6800;8.4200;392.0000;1.0000;0;WO845406;579.37
02-Jul-2026;ENG-041;43;2026-01-02 19:00:00;642.3600;1586.8000;1394.6900;554.2100;2388.0500;9044.8400;47.3500;521.9700;2388.0200;8129.7200;8.3862;392.0000;0.7840;0;WO714980;2,489.73
2026-07-02;ENG-100;78;2026-01-04 06:00:00;642.1700;1587.1100;1399.2800;554.3400;2387.9900;9068.9900;47.1500;522.2000;2388.0200;8142.6400;8.4154;392.0000;1.0000;0;WO218896;1724.77
2026-07-02;ENG-055;60;2026-01-03 12:00:00;642.1400;1586.3500;1405.3500;554.2300;2388.1200;9051.6000;47.2600;521.6200;2388.0600;8138.3500;8.4181;392.0000;1.0000;0;WO852600;670.17
2026-07-02;ENG-018;49;2026-01-03 01:00:00;642.4900;1583.6300;1405.0800;553.9300;2388.0400;9069.4600;47.0900;521.9500;2388.0000;8146.9500;8.3706;391.0000;0.8960;0;WO956161;2999.33
2026/07/02;eng-004;55;2026-01-03 07:00:00;642.3400;1594.3500;1404.4200;553.2800;2388.1100;9055.9100;47.5200;521.0100;2388.0800;8133.5500;8.4536;392.0000;1.0000;0;WO789991;2913.09
2026-07-02;ENG-064;69;2026-01-03 21:00:00;642.4400;1589.3100;1405.5700;554.1400;2388.0600;9056.5000;47.2200;522.0900;2388.0600;8141.8800;8.4683;390.0000;1.0000;0;WO693897;1797.62
2026-07-02;  ENG-010 ;105;2026-01-05 09:00:00;642.6100;1583.6200;1399.6700;553.3300;2388.0700;9061.0700;47.2600;522.0800;2388.0700;8143.0500;8.4029;394.0000;1.0000;0;WO761076;2,434.47
02-Jul-2026;ENG-020;86;2026-01-04 14:00:00;642.5500;1583.6600;1400.2100;554.0100;2388.0300;9068.9900;47.3400;521.5500;2388.0500;8144.9000;8.4273;392.0000;0.9120;0;WO896290;1551.98
02-Jul-2026;ENG-079;55;2026-01-03 07:00:00;642.6900;1590.9600;1400.5000;553.9700;2388.0700;9048.8800;47.4800;521.6300;2388.0700;8135.8600;8.4168;391.0000;0.8720;0;WO915640;2,449.40
2026-07-02;  ENG-007 ;75;2026-01-04 03:00:00;642.5000;1582.0900;1403.6900;554.7400;2388.0900;9054.1000;47.3000;522.1100;2388.0500;8140.6500;8.3996;390.0000;1.0000;0;WO858852;1,153.04
2026/07/02;ENG-042;97;2026-01-05 01:00:00;642.1700;1585.8200;1405.1400;554.2400;2388.0800;9043.3500;47.2900;522.0300;2388.0700;8130.8300;8.4207;393.0000;0.5520;0;WO663113;1616.70
2026-07-02;ENG-062;109;2026-01-05 13:00:00;642.6800;1582.1500;1394.8500;554.7700;2388.0100;9055.2400;47.1900;522.1100;2388.0400;8144.1800;8.4000;393.0000;1.0000;0;WO403010;219.16
2026-07-02;ENG-023;47;2026-01-02 23:00:00;641.8700;1588.7900;1394.3700;554.1100;2388.0400;9046.7000;47.1300;523.0100;2388.0200;8133.4000;8.4504;391.0000;1.0000;0;WO493041;2565.45
02-Jul-2026;ENG-048;43;2026-01-02 19:00:00;642.8200;1590.3900;1404.8400;553.7000;2388.0600;9050.4900;47.4300;521.6400;2388.0100;8138.3900;8.4043;395.0000;1.0000;0;WO640498;824.51
2026/07/02;eng-081;130;2026-01-06 10:00:00;642.3900;1579.0400;1408.9200;553.5900;2388.0100;9069.3000;47.4700;521.9500;2388.1000;8152.1900;8.4182;394.0000;0.7280;0;WO475722;2,072.65
2026-07-02;eng-021;86;2026-01-04 14:00:00;641.6300;1585.2700;1390.6200;554.9100;2388.0400;9059.6000;47.1700;521.7100;2388.0000;8140.8900;8.3916;392.0000;0.9520;0;WO754435;1105.79
02-Jul-2026;eng-023;58;2026-01-03 10:00:00;641.8600;1575.5900;1402.1800;553.9000;2388.0000;9053.3900;47.2300;523.0300;2388.0500;8131.7900;8.3628;392.0000;1.0000;0;WO264924;1,842.09
02-Jul-2026;ENG-097;50;2026-01-03 02:00:00;642.5300;1583.1800;1401.3000;554.2800;2388.0600;9063.7600;47.2600;522.2600;2388.0200;8140.5500;8.4011;392.0000;1.0000;0;WO679203;2900.37
02-Jul-2026;ENG-062;154;2026-01-07 10:00:00;642.3400;1585.8100;1402.6700;554.6000;2388.0000;9074.4000;47.1900;521.6000;2387.9900;8143.6300;8.4255;391.0000;1.0000;0;WO238942;1595.37
2026/07/02;ENG-010;81;2026-01-04 09:00:00;642.0200;1589.5300;1398.3400;554.4200;2388.0300;9062.5900;47.1900;522.3400;2388.0600;8139.5500;8.3885;391.0000;1.0000;0;WO980916;1298.28
02-Jul-2026;  ENG-072 ;78;2026-01-04 06:00:00;642.3700;1582.2400;1396.5700;553.9200;2388.0200;9064.0400;47.0200;522.4100;2388.0100;8144.6800;8.4419;391.0000;0.8240;0;WO323455;2886.61
2026/07/02;  ENG-061 ;98;2026-01-05 02:00:00;642.5600;1583.7100;1409.3900;553.9700;2388.0100;9071.1800;47.3400;521.9000;2388.0900;8151.3600;8.4286;392.0000;0.6560;0;WO530966;1079.00
02-Jul-2026;ENG-081;91;2026-01-04 19:00:00;642.5900;1583.6400;1399.8400;553.6800;2388.0500;9064.9900;47.2300;522.4300;2388.0200;8152.0800;8.4003;393.0000;1.0000;0;WO835649;807.44
2026/07/02;ENG-074;69;2026-01-03 21:00:00;643.0900;1589.0500;1408.9600;554.8000;2388.1400;9051.0700;47.5700;521.3800;2388.0700;8135.2300;8.4442;393.0000;1.0000;0;WO282915;2,304.59
2026/07/02;ENG-036;74;2026-01-04 02:00:00;642.7300;1590.8600;1413.7200;552.6600;2388.1700;9065.4200;47.6400;520.8200;2388.0800;8143.4400;8.4400;394.0000;0.5680;0;WO851537;2090.74
2026/07/02;  ENG-099 ;42;2026-01-02 18:00:00;641.6800;1591.8000;1394.5400;554.7300;2387.9700;9072.1600;47.1700;522.3600;2387.9500;8145.3600;8.4020;390.0000;1.0000;0;WO952904;1403.75
2026/07/02;eng-013;115;2026-01-05 19:00:00;642.8800;1584.9700;1405.2900;554.8000;2387.9800;9059.7300;47.3600;521.6600;2388.0300;8150.2900;8.3926;393.0000;1.0000;0;WO249687;2,216.51
2026/07/02;  ENG-019 ;81;2026-01-04 09:00:00;642.2400;1580.9900;1398.7500;554.0800;2388.0500;9066.2900;47.1400;522.2500;2388.0300;8143.8000;8.4268;392.0000;1.0000;0;WO158296;2779.39
2026/07/02;eng-050;36;2026-01-02 12:00:00;641.7200;1584.2200;1401.2100;554.8200;2388.0300;9057.4300;47.1500;522.2700;2388.0700;8143.1300;8.4204;392.0000;0.9360;0;WO379588;902.73
2026-07-02;ENG-007;105;2026-01-05 09:00:00;642.1600;1581.2800;1397.1300;554.7300;2388.0400;9054.7900;47.1200;522.3500;2388.0000;8133.8300;8.4279;392.0000;1.0000;0;WO382919;694.08
2026/07/02;ENG-071;44;2026-01-02 20:00:00;642.6300;1590.3900;1402.7900;554.1800;2388.0900;9069.6800;47.3100;522.3500;2388.0500;8152.2100;8.4358;394.0000;;0;WO298780;1,734.81
2026/07/02;ENG-042;68;2026-01-03 20:00:00;642.5200;1586.1000;1403.7800;554.1200;2388.0800;9052.2200;47.1700;522.5400;2388.0600;8130.6300;8.4097;392.0000;;0;WO570109;1,973.04
2026-07-02;ENG-021;88;2026-01-04 16:00:00;641.7700;1586.4700;1401.1800;554.4000;2388.0200;9055.1000;47.4200;521.9800;2387.9700;8138.7000;8.4250;393.0000;0.9360;0;WO289624;1698.62
02-Jul-2026;ENG-016;45;2026-01-02 21:00:00;642.3400;1585.8600;1401.0600;554.4700;2388.0700;9054.2900;47.1400;522.1400;2388.1000;8132.3000;8.3994;393.0000;1.0000;0;WO580855;1877.23
2026-07-02;eng-049;135;2026-01-06 15:00:00;642.1300;1580.7300;1403.3900;552.8900;2387.9800;9059.7100;47.2100;521.8100;2388.0400;8146.0100;8.3635;393.0000;1.0000;0;WO185454;2225.06
2026/07/02;ENG-064;91;2026-01-04 19:00:00;642.9600;1593.1600;1403.5200;554.2600;2388.1000;9052.7700;47.5800;521.7000;2388.0600;8142.3900;8.4441;393.0000;0.8400;0;WO940587;2103.45
2026-07-02;ENG-013;112;2026-01-05 16:00:00;642.4500;1585.2200;1395.6500;553.9300;2387.9900;9060.2700;47.1100;522.5400;2388.0300;8140.3200;8.4093;390.0000;1.0000;0;WO320580;1541.40
02-Jul-2026;ENG-095;49;2026-01-03 01:00:00;642.2100;1587.3800;1406.3800;553.8000;2388.0900;9046.3000;47.2700;522.1700;2388.0300;8131.9200;8.4077;392.0000;1.0000;0;WO739893;2457.39
2026/07/02;ENG-039;20;2026-01-01 20:00:00;641.5900;1583.6500;1399.1600;554.7500;2388.0500;9059.5100;47.2800;522.7000;2388.0200;8142.6100;8.4062;391.0000;1.0000;0;WO885545;2310.15
2026/07/02;ENG-091;142;2026-01-06 22:00:00;642.7200;1591.6500;1410.5500;552.8800;2388.1200;9051.0400;47.5800;520.3000;2388.1900;8127.0900;8.4278;394.0000;1.0000;0;WO196582;1528.45
2026/07/02;  ENG-081 ;127;2026-01-06 07:00:00;642.3400;1594.3800;1397.3000;553.5400;2388.0500;9072.9000;47.4100;521.6300;2388.0300;8148.5700;8.4503;392.0000;0.7520;0;WO220300;
2026/07/02;ENG-042;97;2026-01-05 01:00:00;642.1700;1585.8200;1405.1400;554.2400;2388.0800;9043.3500;47.2900;522.0300;2388.0700;8130.8300;8.4207;393.0000;0.5520;0;WO663113;1616.70
02-Jul-2026;  ENG-035 ;71;2026-01-03 23:00:00;642.6700;1576.6900;1409.6800;553.6300;2388.1000;9046.6000;47.5000;521.3500;2388.0800;8134.7200;8.4515;393.0000;1.0000;0;WO318380;1885.97
2026/07/02;ENG-060;84;2026-01-04 12:00:00;642.8400;1590.3700;1405.4300;554.1000;2388.0400;9061.7200;47.3900;521.7500;2388.0400;8137.8500;8.4110;393.0000;1.0000;0;WO899065;1494.53
02-Jul-2026;ENG-023;48;2026-01-03 00:00:00;642.2300;1582.4800;1400.9900;554.8600;2388.0100;9045.9300;47.1000;522.5000;2388.0400;8140.5000;8.3825;391.0000;1.0000;0;WO527677;2637.27
2026-07-02;ENG-060;61;2026-01-03 13:00:00;642.6400;1586.0500;1399.5700;553.7100;2388.1500;9049.6000;47.4100;521.4500;2388.0800;8133.9400;8.4182;394.0000;1.0000;0;WO156411;58.62
02-Jul-2026;ENG-079;61;2026-01-03 13:00:00;642.7900;1583.6700;1403.0300;553.5700;2388.1200;9052.4100;47.3800;522.1400;2388.0600;8127.6300;8.3854;392.0000;0.8240;0;WO618101;1,654.04
02-Jul-2026;  ENG-024 ;112;2026-01-05 16:00:00;642.4300;1585.1000;1402.5600;553.9400;2388.0200;9080.3700;47.1800;522.3000;2388.0200;8155.7300;8.4401;391.0000;0.7520;0;WO835641;2496.71
2026-07-02;ENG-012;129;2026-01-06 09:00:00;642.5900;1584.0700;1404.3900;554.0900;2388.0300;9058.7000;47.1700;521.9000;2388.0200;8142.4800;8.4194;393.0000;1.0000;0;WO668966;1746.74
02-Jul-2026;ENG-043;66;2026-01-03 18:00:00;642.3800;1587.1600;1398.5200;552.9800;2388.0800;9033.3000;47.4200;522.4700;2388.0700;8127.1100;8.4293;393.0000;1.0000;0;WO808267;2236.95
02-Jul-2026;  ENG-064 ;65;2026-01-03 17:00:00;642.8900;1589.1000;1400.9400;553.6000;2388.0600;9054.3700;47.3400;522.2100;2388.0700;8138.3000;8.4255;392.0000;1.0000;0;WO114680;2,521.61
2026/07/02;  ENG-090 ;68;2026-01-03 20:00:00;642.1100;1594.8000;1408.3300;553.5800;2388.1000;9051.7800;47.4400;521.4600;2388.1200;8135.7000;8.3991;393.0000;0.8480;0;WO368641;1360.87
02-Jul-2026;ENG-017;57;2026-01-03 09:00:00;642.2700;1583.9900;1406.9900;554.7100;2388.0400;9076.8200;47.2200;522.4800;2388.0400;8149.6900;8.4036;391.0000;1.0000;0;WO836117;921.30
02-Jul-2026;eng-062;146;2026-01-07 02:00:00;641.6500;1588.4500;1399.1600;553.7300;2388.0400;9056.4800;47.2900;522.7800;2388.0200;8143.0300;8.3851;392.0000;1.0000;0;WO710285;2534.85
2026-07-02;eng-094;60;2026-01-03 12:00:00;643.1000;1583.8800;1410.8600;553.7700;2388.1200;9060.8600;47.5500;521.6300;2388.0600;8137.8500;8.4276;394.0000;1.0000;0;WO689102;247.55
02-Jul-2026;ENG-087;31;2026-01-02 07:00:00;642.1800;1586.7000;1405.2200;554.5100;2388.0200;9069.0300;47.4500;522.2300;2388.0400;8142.5500;8.3937;392.0000;1.0000;0;WO600183;1,413.34
02-Jul-2026;ENG-084;82;2026-01-04 10:00:00;643.2000;1593.9500;1401.1800;553.6100;2388.0300;9051.7600;47.4900;521.3600;2388.1200;8132.6100;8.4125;392.0000;1.0000;0;WO343911;706.03
2026/07/02;ENG-027;92;2026-01-04 20:00:00;642.4400;1579.9300;1396.0300;554.7500;2388.0400;9048.4900;47.3400;521.8100;2388.0700;8134.0800;8.4257;392.0000;0.9120;0;WO641897;904.46
2026-07-02;ENG-094;87;2026-01-04 15:00:00;642.5900;1592.6600;1408.0100;553.2100;2388.1600;9051.0700;47.4700;521.0600;2388.1200;8133.7600;8.4489;395.0000;0.8080;0;WO393552;1,217.04
2026-07-02;ENG-034;114;2026-01-05 18:00:00;642.1500;1582.0400;1402.3500;553.6500;2388.0400;9062.7200;47.1700;522.2000;2388.0700;8148.1900;8.4290;392.0000;0.7680;0;WO665706;
2026/07/02;ENG-050;27;2026-01-02 03:00:00;642.1900;1582.3600;1396.9300;553.9600;2388.0300;9072.1000;47.3200;522.4000;2388.0100;8144.1100;8.3700;392.0000;1.0000;0;WO173440;1,828.86
2026-07-02;ENG-064;89;2026-01-04 17:00:00;642.2800;1587.2000;1399.7800;553.5600;2388.0600;9069.1000;47.2400;521.5700;2388.1100;8141.0800;8.4401;392.0000;0.8560;0;WO749759;1315.05
2026-07-02;ENG-013;118;2026-01-05 22:00:00;642.1200;1587.8000;1403.8200;554.1700;2388.0300;9055.8400;47.4200;521.9900;2388.0900;8142.1700;8.3898;391.0000;1.0000;0;WO363617;2935.52
02-Jul-2026;ENG-091;127;2026-01-06 07:00:00;642.8200;1586.0200;1407.1200;553.9200;2388.1200;9052.5100;47.4900;521.1700;2388.1700;8122.2800;8.5136;393.0000;1.0000;0;WO182081;288.45
2026-07-02;ENG-012;131;2026-01-06 11:00:00;641.9400;1587.8900;1396.8900;554.4200;2388.0300;9055.2500;47.1000;522.3400;2388.0400;8144.3400;8.3960;393.0000;;0;WO228625;2262.42
2026-07-02;ENG-070;94;2026-01-04 22:00:00;641.9800;1588.2900;1406.9300;553.5200;2388.1700;9041.7800;47.3900;521.7000;2388.0700;8130.2300;8.4662;391.0000;1.0000;0;WO534783;2,672.59
2026/07/02;  ENG-070 ;81;2026-01-04 09:00:00;642.8200;1582.6100;1404.9200;554.1900;2388.0800;9046.6900;47.4800;521.3300;2388.1100;8126.5900;8.4697;391.0000;1.0000;0;WO170283;
02-Jul-2026;ENG-015;39;2026-01-02 15:00:00;642.4000;1585.6400;1404.6300;554.2100;2388.0900;9060.7700;47.2500;522.0800;2388.0200;8139.9800;8.4271;391.0000;0.9600;0;WO443590;72.95
2026-07-02;ENG-074;77;2026-01-04 05:00:00;642.6400;1591.3000;1405.2400;553.5600;2388.0500;9067.6500;47.3700;521.7500;2388.1100;8142.6600;8.4174;393.0000;1.0000;0;WO930590;1527.83
02-Jul-2026;ENG-075;56;2026-01-03 08:00:00;642.3700;1584.6300;1403.4800;553.3800;2388.0700;9050.5200;47.4400;522.0300;2388.0600;8143.0800;8.4499;392.0000;1.0000;0;WO404205;688.96
02-Jul-2026;ENG-032;71;2026-01-03 23:00:00;642.0700;1590.7100;1400.6000;554.9200;2387.9900;9067.0800;47.1600;522.2100;2387.9800;8153.6600;8.3910;391.0000;0.9760;0;WO656738;1290.36
02-Jul-2026;ENG-027;73;2026-01-04 01:00:00;641.5900;1578.9300;1391.1600;554.6700;2388.0200;9049.8100;47.2300;521.8400;2388.0300;8138.3100;8.3936;393.0000;1.0000;0;WO391155;1,938.62
2026-07-02;ENG-050;40;2026-01-02 16:00:00;642.2800;1584.8600;1401.5200;554.4100;2388.0500;9059.9800;47.2200;521.5500;2388.0000;8142.2000;8.3983;392.0000;0.9040;0;WO145099;1038.69
2026-07-02;eng-004;64;2026-01-03 16:00:00;641.8400;1587.0700;1402.5500;553.6300;2388.1400;9049.5500;47.5600;522.0300;2388.0800;8132.3100;8.4550;391.0000;0.9920;0;WO348894;2824.27
2026-07-02;ENG-087;28;2026-01-02 04:00:00;641.9400;1585.4100;1404.5200;554.0000;2388.1000;9059.9400;47.3600;522.2300;2388.0300;8140.2300;8.4364;392.0000;1.0000;0;WO539616;177.28
2026-07-02;ENG-061;93;2026-01-04 21:00:00;642.3600;1583.5400;1405.5000;554.1200;2388.0400;9066.4700;47.1900;521.6500;2387.9700;8152.3700;8.4215;394.0000;0.6960;0;WO472939;2,722.74
2026-07-02;eng-010;94;2026-01-04 22:00:00;642.1300;1580.9900;1400.6700;554.7700;2388.0100;9055.1200;47.2600;521.8200;2388.0600;8139.8300;8.4140;393.0000;1.0000;0;WO477991;570.78
2026-07-02;  ENG-092 ;83;2026-01-04 11:00:00;642.2400;1587.9600;1420.3400;553.0500;2388.1900;9048.5200;47.6600;520.5200;2388.1600;8125.5200;8.4405;395.0000;0.6960;0;WO140163;595.87
2026/07/02;  ENG-028 ;63;2026-01-03 15:00:00;642.8400;1587.5700;1405.9300;553.2700;2388.1100;9050.4300;47.6000;521.8300;2388.1100;8126.8300;8.4097;394.0000;1.0000;0;WO821933;154.25
02-Jul-2026;  ENG-038 ;53;2026-01-03 05:00:00;643.2600;1595.1800;1407.3600;552.9700;2388.1700;9050.0700;47.5400;521.6700;2388.1200;8134.2500;8.4419;395.0000;0.9760;0;WO303842;2,415.49
2026-07-02;eng-049;146;2026-01-07 02:00:00;642.6700;1586.0700;1401.2200;555.1000;2388.0100;9052.1100;47.2600;522.5900;2388.0100;8144.7500;8.3996;393.0000;1.0000;0;WO977338;2755.34
2026/07/02;  ENG-053 ;59;2026-01-03 11:00:00;642.4700;1583.0400;1399.1300;554.0300;2388.0200;9057.8600;47.4400;521.8700;2388.0100;8141.3600;8.3734;391.0000;1.0000;0;WO822644;2,700.84
2026-07-02;ENG-002;33;2026-01-02 09:00:00;642.5300;1592.5800;1405.0600;553.8500;2388.0900;9048.9500;47.4900;521.4100;2388.0600;8127.1300;8.4163;395.0000;0.9120;0;WO723520;208.37
2026/07/02;ENG-061;54;2026-01-03 06:00:00;642.4900;1590.4700;1406.0100;554.4200;2388.0100;9060.9000;47.4300;522.1800;2387.9600;8146.3800;8.3970;391.0000;1.0000;0;WO380838;
2026-07-02;ENG-095;56;2026-01-03 08:00:00;642.0600;1582.3100;1400.3000;553.1800;2388.0500;9045.5800;47.3700;522.1100;2388.0800;8129.8200;8.3649;391.0000;1.0000;0;WO349303;831.18
02-Jul-2026;ENG-068;79;2026-01-04 07:00:00;642.7400;1582.9900;1404.5800;554.2100;2388.0500;9050.6200;47.3700;522.0700;2388.0700;8144.4700;8.4006;394.0000;0.9280;0;WO884249;1034.30
2026/07/02;ENG-048;30;2026-01-02 06:00:00;643.1200;1588.6500;1407.9300;553.5800;2388.0600;9054.6600;47.5400;521.8900;2388.0500;8139.2200;8.4117;394.0000;;0;WO114028;1126.91
2026-07-02;  ENG-077 ;86;2026-01-04 14:00:00;642.2000;1591.9100;1403.5500;553.9300;2388.0700;9048.1100;47.4800;521.6100;2388.1100;8130.7800;8.4297;392.0000;0.8800;0;WO878180;400.17
2026/07/02;ENG-015;50;2026-01-03 02:00:00;642.6900;1594.0800;1403.9400;553.9300;2388.0300;9053.3000;47.2200;521.6600;2388.0200;8137.2200;8.4151;393.0000;0.8720;0;WO387702;1039.04
02-Jul-2026;ENG-062;147;2026-01-07 03:00:00;642.1700;1587.0100;1408.6900;554.1000;2388.0700;9055.4800;47.1600;522.2000;2388.0100;8142.6000;8.3839;393.0000;1.0000;0;WO921024;2427.18
2026/07/02;  ENG-031 ;106;2026-01-05 10:00:00;642.2000;1588.3600;1397.7100;552.8900;2388.0700;9075.2100;47.3600;521.5700;2388.0400;8152.5400;8.4283;392.0000;0.7840;0;WO315546;2,531.02
2026-07-02;ENG-004;57;2026-01-03 09:00:00;642.3100;1589.6600;1402.8000;553.2700;2388.1100;9054.3300;47.5900;521.4700;2388.1300;8130.1500;8.4461;394.0000;;0;WO537649;199.90
2026/07/02;ENG-012;106;2026-01-05 10:00:00;642.1300;1586.5100;1396.7500;554.9900;2388.0200;9058.1600;47.2600;522.2300;2388.0300;8137.8500;8.3763;391.0000;1.0000;0;WO939914;2530.36
2026/07/02;ENG-030;90;2026-01-04 18:00:00;642.1500;1588.2000;1407.7500;554.2700;2388.1300;9049.2700;47.5400;520.7700;2388.0900;8125.8200;8.4222;393.0000;1.0000;0;WO119441;2255.52
2026/07/02;  ENG-091 ;144;2026-01-07 00:00:00;643.1900;1596.8300;1413.9200;552.0100;2388.2000;9051.2300;47.6800;521.0600;2388.1700;8128.9300;8.4941;394.0000;1.0000;0;WO560505;1,811.65
2026-07-02;  ENG-079 ;43;2026-01-02 19:00:00;642.3800;1584.0900;1404.6200;553.7700;2388.0500;9051.7500;47.3200;521.8300;2388.1000;8129.9200;8.3997;393.0000;0.9680;0;WO228288;1,740.61
2026/07/02;ENG-046;55;2026-01-03 07:00:00;642.4300;1588.9200;1407.9500;554.0700;2388.1300;9073.3400;47.3000;521.6900;2388.1400;8147.8200;8.4368;392.0000;1.0000;0;WO657458;535.33
02-Jul-2026;ENG-046;82;2026-01-04 10:00:00;642.4300;1588.7200;1399.3600;554.1600;2388.0100;9063.9700;47.6400;521.8700;2388.0500;8151.3700;8.3939;393.0000;0.8880;0;WO331840;1,739.00
02-Jul-2026;ENG-052;118;2026-01-05 22:00:00;642.2900;1584.1700;1395.9100;554.1800;2388.0500;9064.7500;47.1900;522.2500;2388.0000;8140.9400;8.4410;392.0000;0.8000;0;WO220040;1382.53
02-Jul-2026;  ENG-046 ;53;2026-01-03 05:00:00;642.0900;1594.6000;1407.7800;553.9900;2388.0400;9069.7200;47.3000;521.8900;2388.0200;8144.6300;8.4275;392.0000;1.0000;0;WO415304;2231.48
02-Jul-2026;ENG-035;116;2026-01-05 20:00:00;643.3100;1590.3700;1416.1600;554.1700;2388.1000;9055.0900;47.7500;521.3000;2388.1600;8143.7900;8.4597;393.0000;0.7440;0;WO305933;1515.50
2026-07-02;ENG-044;21;2026-01-01 21:00:00;642.5500;1589.4600;1405.5800;553.8600;2388.0600;9053.7800;47.5200;521.9300;2388.1100;8132.6300;8.4413;392.0000;1.0000;0;WO220743;104.88
2026-07-02;ENG-049;189;2026-01-08 21:00:00;642.6300;1585.1700;1395.6300;554.2600;2388.0800;9056.7900;47.2900;521.4100;2388.0500;8143.0600;8.4282;391.0000;1.0000;0;WO842070;1391.91
02-Jul-2026;ENG-017;106;2026-01-05 10:00:00;642.6300;1588.4000;1401.1700;553.8500;2387.9900;9076.4200;47.4000;521.9600;2388.0600;8160.9500;8.4239;392.0000;0.8720;0;WO264822;2811.97
02-Jul-2026;eng-055;61;2026-01-03 13:00:00;641.9900;1590.7500;1398.7400;553.4400;2388.0800;9052.6800;47.4900;521.5800;2388.0400;8136.4700;8.4024;393.0000;1.0000;0;WO177993;1248.05
2026/07/02;ENG-006;59;2026-01-03 11:00:00;642.7700;1583.0400;1405.3700;553.1000;2388.0800;9050.7200;47.4900;521.4600;2388.0600;8134.5600;8.4492;392.0000;1.0000;0;WO493190;
02-Jul-2026;  ENG-077 ;98;2026-01-05 02:00:00;641.9700;1597.4300;1401.0500;554.4500;2388.0500;9055.0700;47.5100;521.5200;2388.0900;8131.4800;8.4217;394.0000;0.7840;0;WO958860;2,821.39
2026/07/02;eng-058;88;2026-01-04 16:00:00;642.5100;1585.9900;1398.3900;553.9000;2388.0600;9054.8700;47.4500;522.0700;2388.1200;8135.2100;8.4136;393.0000;1.0000;0;WO584319;2805.06
2026/07/02;ENG-052;124;2026-01-06 04:00:00;642.5800;1578.0500;1395.4600;554.5500;2387.9900;9057.4400;47.4400;522.9200;2388.0300;8145.8200;8.4339;390.0000;0.7520;0;WO374730;1028.50
2026/07/02;ENG-021;89;2026-01-04 17:00:00;641.8700;1587.8700;1395.3500;554.3600;2388.0100;9060.3100;47.1200;521.8400;2388.0500;8138.5900;8.3686;391.0000;0.9280;0;WO197509;1877.23
2026/07/02;eng-059;44;2026-01-02 20:00:00;642.0700;1584.9500;1395.2200;554.4700;2387.9900;9055.4700;47.2500;521.7300;2388.0400;8136.4400;8.3961;390.0000;1.0000;0;WO632885;211.63
02-Jul-2026;ENG-022;25;2026-01-02 01:00:00;642.4200;1591.2000;1404.0300;553.8300;2388.0800;9051.0200;47.4000;521.9200;2388.1500;8130.7200;8.4266;392.0000;1.0000;0;WO911834;412.96
02-Jul-2026;eng-025;24;2026-01-02 00:00:00;642.0900;1580.1000;1399.9100;553.6800;2388.0700;9047.1900;47.3600;521.2000;2388.0800;8130.1900;8.3971;394.0000;1.0000;0;WO443457;1,324.46
2026/07/02;  ENG-062 ;117;2026-01-05 21:00:00;642.1600;1583.1300;1399.3400;554.3900;2388.0400;9055.9800;46.9100;522.2400;2388.0300;8137.7900;8.3891;391.0000;1.0000;0;WO488385;2,082.73
02-Jul-2026;ENG-067;29;2026-01-02 05:00:00;642.7900;1589.1400;1406.6000;553.2600;2388.0400;9052.4900;47.1700;522.3300;2388.0200;8140.7700;8.4043;392.0000;0.9520;0;WO695989;1776.99
02-Jul-2026;ENG-070;56;2026-01-03 08:00:00;642.1800;1595.0000;1397.5400;553.5700;2388.0800;9058.2500;47.4100;521.3300;2388.0600;8131.0500;8.4294;394.0000;1.0000;0;WO924473;1621.09
2026/07/02;ENG-060;68;2026-01-03 20:00:00;642.6100;1592.1500;1398.7700;553.7900;2388.1300;9058.1800;47.3700;522.2200;2388.0400;8134.7000;8.4683;392.0000;1.0000;0;WO580255;1370.84
2026-07-02;eng-033;25;2026-01-02 01:00:00;642.8400;1594.5200;1399.7200;553.0900;2388.0800;9059.4500;47.5300;521.7500;2388.0700;8139.2500;8.4380;392.0000;1.0000;0;WO866540;1373.23
2026-07-02;ENG-079;36;2026-01-02 12:00:00;642.1300;1589.2200;1397.2300;553.5900;2388.0200;9049.3400;47.5000;521.7800;2388.0700;8130.5600;8.4017;392.0000;1.0000;0;WO479974;
2026/07/02;eng-081;132;2026-01-06 12:00:00;642.7800;1590.1900;1404.5400;553.0900;2388.0900;9068.9200;47.3600;521.9300;2388.0900;8145.8900;8.4475;394.0000;0.7120;0;WO290195;1609.97
2026/07/02;ENG-014;25;2026-01-02 01:00:00;642.5600;1586.4800;1403.9900;553.3200;2388.1600;9040.8900;47.6200;521.7100;2388.1700;8115.8300;8.4079;392.0000;1.0000;0;WO398506;948.11
2026-07-02;ENG-077;68;2026-01-03 20:00:00;642.5800;1587.8600;1404.1800;554.1700;2388.0600;9048.1200;47.2900;521.5500;2388.0400;8134.7800;8.4112;393.0000;1.0000;0;WO260611;1062.22
2026/07/02;ENG-051;91;2026-01-04 19:00:00;642.1800;1587.2300;1400.0500;553.4600;2388.0700;9047.3800;47.4200;521.7300;2388.0600;8134.4200;8.4560;392.0000;1.0000;0;WO725188;2859.96
2026/07/02;ENG-012;84;2026-01-04 12:00:00;641.9200;1586.1800;1401.0000;554.0700;2387.9900;9052.4000;47.1200;521.8000;2388.0700;8142.7200;8.4369;393.0000;1.0000;0;WO507873;2415.31
2026-07-02;  ENG-038 ;60;2026-01-03 12:00:00;643.0500;1589.4900;1412.8500;553.3100;2388.1600;9053.6500;47.5300;521.3200;2388.1500;8136.6700;8.4340;393.0000;0.9200;0;WO862446;761.86
02-Jul-2026;ENG-086;68;2026-01-03 20:00:00;642.3700;1584.6900;1398.7400;554.8400;2388.0400;9069.7100;47.2500;522.3400;2388.0500;8145.5400;8.4583;392.0000;1.0000;0;WO311352;1,231.95
2026/07/02;eng-072;56;2026-01-03 08:00:00;641.7700;1587.7300;1393.5600;554.4300;2388.0200;9061.7000;47.4200;522.2300;2387.9900;8152.9900;8.4233;392.0000;1.0000;0;WO573742;185.62
2026/07/02;ENG-008;101;2026-01-05 05:00:00;642.5300;1592.1700;1412.1900;553.6400;2388.1600;9050.2200;47.4700;521.8000;2388.1000;8129.3300;8.4687;392.0000;1.0000;0;WO966185;688.61
02-Jul-2026;ENG-034;107;2026-01-05 11:00:00;642.4600;1585.9800;1404.1200;554.4200;2388.0300;9066.8600;47.3500;522.2000;2388.0500;8146.7200;8.3827;390.0000;0.8240;0;WO558018;1894.14
02-Jul-2026;ENG-073;51;2026-01-03 03:00:00;641.9500;1586.0700;1385.2100;554.0700;2387.9700;9054.4100;47.3000;521.5900;2388.0100;8134.7900;8.4092;393.0000;1.0000;0;WO707798;2264.41
02-Jul-2026;  ENG-010 ;74;2026-01-04 02:00:00;642.1500;1588.0100;1404.2400;554.1300;2388.0100;9056.7400;47.2600;521.8800;2388.0000;8143.7900;8.3967;391.0000;1.0000;0;WO425431;2911.21
2026/07/02;ENG-083;31;2026-01-02 07:00:00;642.0700;1588.3600;1403.0900;553.7700;2388.0500;9056.1700;47.4100;521.7500;2388.0500;8142.3100;8.4467;394.0000;1.0000;0;WO386136;651.86
02-Jul-2026;ENG-093;110;2026-01-05 14:00:00;643.0300;1595.7400;1405.8600;553.1000;2388.1100;9058.2600;47.6000;521.1800;2388.0600;8132.9400;8.4400;393.0000;1.0000;0;WO116887;928.76
2026-07-02;ENG-031;77;2026-01-04 05:00:00;642.1300;1590.3100;1403.2500;554.4300;2388.0200;9068.6000;47.3400;522.0100;2388.0500;8150.2500;8.4310;393.0000;1.0000;0;WO746387;1060.02
2026-07-02;ENG-046;65;2026-01-03 17:00:00;642.9400;1580.6600;1404.3300;553.5500;2388.0800;9069.6300;47.4800;521.8000;2388.0600;8147.2300;8.4405;393.0000;1.0000;0;WO925781;145.22
02-Jul-2026;ENG-024;79;2026-01-04 07:00:00;642.0700;1584.0600;1400.7600;553.9100;2388.0200;9066.0200;47.3700;522.5700;2387.9700;8149.4000;8.4166;391.0000;1.0000;0;WO637175;672.69
2026/07/02;ENG-008;66;2026-01-03 18:00:00;642.7900;1595.7900;1403.1200;553.9000;2388.0900;9051.7300;47.3800;521.8900;2388.0400;8125.1800;8.4214;393.0000;1.0000;0;WO800474;1,839.68
02-Jul-2026;ENG-070;70;2026-01-03 22:00:00;642.4700;1591.0400;1401.1100;553.7300;2388.1100;9046.5400;47.2400;521.6700;2388.0800;8126.2300;8.4303;393.0000;1.0000;0;WO686349;1339.27
02-Jul-2026;ENG-081;131;2026-01-06 11:00:00;642.7500;1589.8200;1403.7600;553.2000;2388.0800;9074.2100;47.4800;522.2300;2388.0900;8152.0100;8.4474;394.0000;0.7200;0;WO341273;2722.23
2026-07-02;ENG-009;34;2026-01-02 10:00:00;642.4100;1581.8500;1415.0600;553.4200;2388.1100;9054.2300;47.5000;520.9900;2388.1200;8134.9600;8.4212;392.0000;1.0000;0;WO872322;2,493.48
2026/07/02;ENG-080;72;2026-01-04 00:00:00;642.7700;1587.6600;1410.4400;553.9100;2388.0100;9063.8500;47.4100;521.5100;2388.0200;8142.1900;8.4207;393.0000;1.0000;0;WO418661;2,709.58
2026-07-02;ENG-091;101;2026-01-05 05:00:00;642.5800;1593.9800;1405.9400;553.2400;2388.1600;9048.9600;47.5000;520.9400;2388.1500;8127.9700;8.4389;393.0000;1.0000;0;WO284259;751.69
2026/07/02;ENG-035;107;2026-01-05 11:00:00;643.1300;1593.3300;1414.7000;553.3900;2388.1400;9064.2000;47.7300;521.1900;2388.1300;8137.9400;8.4453;392.0000;0.8160;0;WO433782;2757.92
2026-07-02;ENG-094;64;2026-01-03 16:00:00;642.6300;1586.8600;1413.6300;553.8300;2388.0400;9055.8900;47.5500;521.1300;2388.1000;8135.2800;8.4209;390.0000;0.9920;0;WO364962;2440.40
2026/07/02;  ENG-080 ;67;2026-01-03 19:00:00;642.7400;1587.7500;1406.8400;553.7300;2388.1200;9065.9200;47.4700;522.4100;2388.0100;8145.5500;8.4106;393.0000;1.0000;0;WO729347;2238.05
2026/07/02;ENG-038;51;2026-01-03 03:00:00;642.6000;1594.2100;1409.2500;552.9600;2388.1000;9056.5600;47.4300;521.5100;2388.1200;8131.8500;8.4157;393.0000;0.9920;0;WO626617;2,103.27
2026/07/02;eng-097;47;2026-01-02 23:00:00;642.2300;1588.8600;1400.8700;554.9700;2387.9700;9066.0900;47.3200;522.3300;2387.9700;8146.5800;8.3996;392.0000;1.0000;0;WO799574;586.74
2026/07/02;  ENG-020 ;105;2026-01-05 09:00:00;642.3900;1593.9800;1399.6000;553.6300;2388.0500;9057.5900;47.5000;521.2300;2388.1600;8142.3000;8.4553;392.0000;0.7600;0;WO875049;226.06
2026-07-02;ENG-032;91;2026-01-04 19:00:00;642.2600;1590.7900;1395.7200;554.1800;2387.9800;9081.1000;47.2800;522.1000;2388.0400;8159.2000;8.4277;391.0000;0.8160;0;WO736889;156.42
02-Jul-2026;ENG-043;65;2026-01-03 17:00:00;642.9100;1582.4500;1404.9900;554.2000;2388.1200;9050.7600;47.4600;522.0200;2388.0800;8131.9300;8.4185;392.0000;1.0000;0;WO722501;1951.03
2026/07/02;ENG-098;43;2026-01-02 19:00:00;642.5000;1589.1600;1407.7800;553.6400;2388.1300;9060.5200;47.4800;521.9600;2388.1000;8137.9300;8.4159;393.0000;1.0000;0;WO803124;2408.30
02-Jul-2026;  ENG-017 ;60;2026-01-03 12:00:00;642.4200;1583.7300;1399.6400;553.7800;2388.0400;9071.0600;47.2900;522.0000;2388.0300;8152.4800;8.4132;392.0000;1.0000;0;WO772806;2,534.46
02-Jul-2026;  ENG-021 ;72;2026-01-04 00:00:00;642.4100;1579.7800;1395.0300;554.1000;2388.0100;9053.1400;46.9900;522.5600;2388.0100;8145.4500;8.4349;393.0000;1.0000;0;WO321672;552.67
2026/07/02;  ENG-066 ;53;2026-01-03 05:00:00;642.1000;1586.1900;1404.5800;553.3700;2388.0600;9067.4800;47.7000;521.3200;2388.1000;8141.3200;8.4542;393.0000;0.8640;0;WO330072;1516.09
2026/07/02;  ENG-092 ;96;2026-01-05 00:00:00;643.3900;1592.2000;1415.3100;553.0400;2388.2200;9044.4400;47.6700;520.8800;2388.1200;8120.2100;8.4646;393.0000;0.5920;0;WO113068;1152.44
2026/07/02;eng-037;53;2026-01-03 05:00:00;642.4600;1590.9500;1402.6700;554.2900;2388.0700;9046.4100;47.3200;522.7200;2388.0500;8140.2600;8.3696;392.0000;0.7120;0;WO422638;2,324.78
02-Jul-2026;ENG-059;34;2026-01-02 10:00:00;642.2400;1584.0600;1393.4700;554.8800;2387.9500;9049.3500;47.1300;522.2600;2388.0000;8144.5500;8.3898;393.0000;1.0000;0;WO330874;1583.11
2026-07-02;ENG-049;196;2026-01-09 04:00:00;642.0700;1579.7600;1399.5000;553.7100;2388.0100;9060.4200;47.4200;521.3700;2388.0700;8138.2900;8.4128;392.0000;1.0000;0;WO331227;718.75
2026-07-02;ENG-074;56;2026-01-03 08:00:00;642.5300;1591.0900;1409.3500;554.1600;2388.0700;9057.5700;47.3900;521.9400;2388.0400;8140.5700;8.4623;393.0000;1.0000;0;WO302272;1,288.93
2026-07-02;ENG-054;67;2026-01-03 19:00:00;641.6800;1582.7000;1399.9400;555.0400;2387.9900;9054.4800;47.0300;522.5100;2388.0500;8136.9500;8.3451;392.0000;1.0000;0;WO691378;230.67
2026/07/02;ENG-043;80;2026-01-04 08:00:00;642.4000;1589.7600;1394.9300;553.4900;2388.0700;9051.9400;47.4500;521.6500;2388.0700;8135.4000;8.4432;393.0000;;0;WO809096;1,133.07
02-Jul-2026;ENG-006;43;2026-01-02 19:00:00;642.9200;1584.0800;1403.0600;553.8400;2388.1500;9056.0200;47.2900;521.4100;2388.0600;8136.3700;8.4137;394.0000;1.0000;0;WO174446;295.53
02-Jul-2026;ENG-008;93;2026-01-04 21:00:00;642.4000;1590.1800;1402.5600;553.5600;2388.1500;9045.9000;47.5500;521.4200;2388.1000;8128.0000;8.4116;393.0000;1.0000;0;WO740561;808.75
2026-07-02;ENG-005;44;2026-01-02 20:00:00;642.6600;1591.0000;1407.6000;553.0100;2388.1100;9055.3800;47.5300;521.4900;2388.1200;8134.6000;8.4526;393.0000;1.0000;0;WO505595;239.75
02-Jul-2026;ENG-093;103;2026-01-05 07:00:00;642.9900;1590.8700;1410.6400;553.3900;2388.0600;9065.4500;47.6200;521.5000;2388.1100;8134.9700;8.4286;394.0000;1.0000;0;WO998160;1968.77
2026-07-02;ENG-037;62;2026-01-03 14:00:00;642.3100;1586.1300;1402.6500;553.6100;2388.0600;9058.7000;47.2300;522.6500;2388.0300;8137.4100;8.4045;391.0000;0.6400;0;WO380657;2407.90
02-Jul-2026;ENG-079;58;2026-01-03 10:00:00;642.0700;1585.6200;1403.9100;553.5600;2388.0100;9048.2400;47.4100;522.1000;2388.0400;8131.9800;8.4053;392.0000;0.8480;0;WO466784;1758.13
2026/07/02;ENG-095;32;2026-01-02 08:00:00;642.4000;1589.9200;1395.5700;554.3000;2388.0300;9042.9200;47.2900;521.7900;2388.0900;8128.4900;8.3715;393.0000;;0;WO708078;648.38
2026-07-02;ENG-061;75;2026-01-04 03:00:00;642.6200;1591.1500;1397.2500;553.7600;2388.0300;9066.2500;47.2500;522.7600;2388.0500;8148.1600;8.4045;389.0000;0.8400;0;WO613338;668.72
2026-07-02;ENG-029;96;2026-01-05 00:00:00;642.7700;1592.6300;1410.8500;553.4300;2388.0400;9058.5800;47.3800;522.1800;2388.0400;8140.7800;8.3953;392.0000;1.0000;0;WO660213;1,867.33
02-Jul-2026;ENG-018;64;2026-01-03 16:00:00;642.5700;1587.1600;1401.2400;553.9900;2388.0700;9067.9000;47.3100;522.1400;2388.0500;8149.2700;8.4102;392.0000;0.7760;0;WO541836;2958.00
2026/07/02;ENG-037;70;2026-01-03 22:00:00;641.9200;1584.8000;1406.4200;553.2900;2388.0800;9049.5000;47.2300;521.8400;2388.0700;8133.9900;8.3972;391.0000;0.5760;0;WO863571;1,160.49
02-Jul-2026;ENG-076;98;2026-01-05 02:00:00;642.3500;1586.5500;1400.0400;553.9600;2388.0200;9062.2100;47.2800;522.4100;2388.0100;8145.2300;8.4124;393.0000;0.9360;0;WO489212;2140.80
2026/07/02;ENG-084;86;2026-01-04 14:00:00;642.4400;1585.1900;1405.4400;553.9100;2388.0600;9053.7100;47.6400;521.5300;2388.1100;8132.7700;8.4289;392.0000;1.0000;0;WO583830;1,232.40
2026-07-02;ENG-063;58;2026-01-03 10:00:00;642.5500;1587.7600;1406.7300;553.4800;2388.1100;9047.3800;47.3300;521.3100;2388.0500;8133.5100;8.4475;393.0000;1.0000;0;WO704876;1160.30
2026-07-02;ENG-034;124;2026-01-06 04:00:00;642.5900;1587.9800;1405.5400;554.2000;2388.0000;9065.8100;47.3400;522.1300;2388.0700;8145.4700;8.3819;392.0000;0.6880;0;WO506019;104.11
02-Jul-2026;ENG-058;68;2026-01-03 20:00:00;642.0700;1586.1800;1399.9500;553.5400;2388.1100;9041.8800;47.4500;521.9900;2388.0800;8132.3600;8.3829;393.0000;;0;WO510089;1,331.65
02-Jul-2026;ENG-091;145;2026-01-07 01:00:00;643.3500;1590.1600;1409.0500;552.6000;2388.1200;9049.8800;47.7400;521.5400;2388.1700;8128.3900;8.4394;394.0000;1.0000;0;WO566234;2,126.80
2026/07/02;ENG-026;41;2026-01-02 17:00:00;642.8000;1595.3500;1402.5000;554.2900;2387.9700;9068.5900;47.1900;522.0300;2388.0200;8146.1700;8.4018;391.0000;1.0000;0;WO271115;1807.31
02-Jul-2026;ENG-095;57;2026-01-03 09:00:00;642.2600;1584.1900;1406.7500;554.1000;2388.0900;9045.3100;47.1400;522.3700;2388.0900;8126.9300;8.4096;393.0000;1.0000;0;WO757209;2924.74
2026/07/02;ENG-013;76;2026-01-04 04:00:00;642.2000;1583.7900;1404.2800;554.2600;2387.9800;9063.9200;47.1800;522.1600;2387.9900;8147.1000;8.3851;392.0000;1.0000;0;WO557875;1875.25
2026/07/02;eng-038;76;2026-01-04 04:00:00;642.9300;1587.6900;1411.8100;552.8200;2388.1500;9049.4500;47.6900;521.0300;2388.1000;8142.1000;8.4545;393.0000;0.7920;0;WO728184;294.11
2026-07-02;ENG-036;80;2026-01-04 08:00:00;643.3100;1592.8900;1411.9400;553.2200;2388.1400;9058.7500;47.6000;520.8900;2388.1300;8138.3000;8.4738;394.0000;0.5200;0;WO766524;202.96
02-Jul-2026;ENG-016;61;2026-01-03 13:00:00;641.6400;1587.0800;1396.9400;553.8800;2388.0500;9045.6800;47.3100;521.8600;2388.0000;8135.1300;8.4097;391.0000;1.0000;0;WO740104;792.44
2026/07/02;ENG-080;74;2026-01-04 02:00:00;642.7400;1587.8200;1399.7700;554.2200;2388.0200;9064.7800;47.4000;521.9200;2388.0400;8140.9300;8.4173;393.0000;1.0000;0;WO505180;1,762.94
02-Jul-2026;eng-025;31;2026-01-02 07:00:00;642.3900;1593.7300;1398.2400;554.0200;2388.0500;9048.9900;47.4300;521.8200;2388.0900;8136.6600;8.4248;392.0000;1.0000;0;WO886411;403.14
02-Jul-2026;  ENG-031 ;88;2026-01-04 16:00:00;642.6100;1589.1900;1401.6000;553.8300;2388.0900;9072.2600;47.2600;522.0200;2388.0400;8153.3600;8.4177;392.0000;0.9280;0;WO901247;948.00
2026/07/02;ENG-006;45;2026-01-02 21:00:00;642.3300;1583.6500;1414.4700;553.5600;2388.1100;9047.7100;47.6300;521.5200;2388.1000;8135.7400;8.4572;392.0000;1.0000;0;WO830083;99.26
2026-07-02;  ENG-004 ;43;2026-01-02 19:00:00;642.6400;1589.8500;1413.2400;553.1200;2388.1300;9050.5800;47.5600;521.7300;2388.0900;8137.9100;8.4401;392.0000;1.0000;0;WO569109;900.95
2026/07/02;  ENG-024 ;83;2026-01-04 11:00:00;641.9100;1580.2200;1409.6300;554.6500;2387.9400;9071.7700;47.0600;523.0400;2387.9900;8157.2600;8.3774;390.0000;0.9840;0;WO384390;2938.01
2026-07-02;eng-091;141;2026-01-06 21:00:00;642.8800;1587.6100;1410.1800;553.0000;2388.1200;9044.0100;47.7000;520.8000;2388.1500;8126.6500;8.4474;391.0000;1.0000;0;WO382504;1050.90
02-Jul-2026;ENG-027;69;2026-01-03 21:00:00;642.4200;1585.6300;1407.8200;554.5800;2388.0300;9044.0700;47.4600;522.3700;2388.0600;8135.9800;8.4172;393.0000;1.0000;0;WO562653;1605.10
2026-07-02;eng-081;111;2026-01-05 15:00:00;642.7500;1586.1200;1411.9500;553.6200;2388.0700;9063.7300;47.3600;521.9700;2388.1000;8151.5100;8.4187;394.0000;0.8800;0;WO972224;2698.85
2026-07-02;  ENG-041 ;47;2026-01-02 23:00:00;641.4500;1589.9300;1402.6500;553.9400;2388.0400;9048.2000;47.2200;522.3200;2388.0400;8128.7700;8.3886;391.0000;;0;WO934045;350.82
2026/07/02;ENG-056;77;2026-01-04 05:00:00;642.8700;1586.7400;1423.8500;552.8800;2388.2100;9044.0100;47.6000;521.7100;2388.1400;8126.2900;8.4448;395.0000;0.5920;0;WO676988;1,227.41
2026/07/02;  ENG-053 ;103;2026-01-05 07:00:00;642.3000;1590.4000;1405.4800;553.2500;2388.0700;9064.3400;47.1800;522.0000;2388.0800;8138.5100;8.4441;391.0000;0.6960;0;WO387527;758.73
02-Jul-2026;ENG-056;50;2026-01-03 02:00:00;642.9000;1595.8100;1407.9700;552.4400;2388.1500;9040.4900;47.6900;520.9600;2388.1900;8119.9400;8.4295;393.0000;0.8080;0;WO320696;
2026/07/02;ENG-061;67;2026-01-03 19:00:00;641.8500;1580.6100;1401.3900;554.0700;2387.9800;9070.7500;47.2700;522.3900;2387.9900;8149.5700;8.3883;393.0000;0.9040;0;WO598764;916.55
02-Jul-2026;ENG-056;67;2026-01-03 19:00:00;642.5200;1602.6900;1413.4700;552.9800;2388.1800;9046.6500;47.6500;521.5600;2388.1400;8122.2700;8.4435;394.0000;0.6720;0;WO595742;577.56
2026-07-02;ENG-026;44;2026-01-02 20:00:00;642.1300;1582.5000;1401.7800;554.1500;2388.0800;9062.3100;47.1500;522.3000;2388.0500;8148.2200;8.3994;393.0000;1.0000;0;WO738566;2,794.82
2026/07/02;  ENG-060 ;60;2026-01-03 12:00:00;642.2900;1589.1700;1406.7000;554.1100;2388.1300;9050.6900;47.1600;522.2000;2388.0700;8137.4000;8.4407;393.0000;1.0000;0;WO736734;669.35
2026-07-02;ENG-046;59;2026-01-03 11:00:00;642.9100;1587.8000;1400.7400;553.1900;2388.0300;9060.4000;47.3700;521.7600;2388.0900;8143.3300;8.4469;391.0000;1.0000;0;WO576622;1,377.09
2026-07-02;ENG-076;137;2026-01-06 17:00:00;642.2800;1589.1900;1407.8300;553.2600;2388.0100;9069.4400;47.3100;521.3100;2388.0800;8148.5100;8.4075;393.0000;0.6240;0;WO423697;716.02
2026/07/02;ENG-055;48;2026-01-03 00:00:00;642.3100;1586.4800;1398.3100;554.1600;2388.0600;9052.4800;47.3000;521.6100;2388.0400;8137.7000;8.3690;392.0000;1.0000;0;WO116423;
02-Jul-2026;ENG-052;123;2026-01-06 03:00:00;641.8700;1580.2400;1403.0200;555.0200;2387.9900;9058.5900;47.3400;521.9300;2388.0400;8148.4200;8.4089;390.0000;0.7600;0;WO348368;930.28
2026-07-02;  ENG-088 ;39;2026-01-02 15:00:00;642.3700;1596.7400;1411.1000;552.4100;2388.2100;9037.9300;47.6400;521.4100;2388.1500;8117.1000;8.4668;393.0000;1.0000;0;WO815289;
02-Jul-2026;ENG-043;90;2026-01-04 18:00:00;642.2100;1587.0100;1409.1400;554.1800;2388.1000;9045.0100;47.4900;521.8800;2388.1200;8130.3800;8.4299;394.0000;1.0000;0;WO375625;99.27
2026/07/02;ENG-092;57;2026-01-03 09:00:00;642.4500;1595.0000;1407.2400;553.2000;2388.1300;9043.7300;47.4500;521.2700;2388.1200;8122.6800;8.4291;392.0000;0.9040;0;WO246167;2423.78
2026/07/02;ENG-062;130;2026-01-06 10:00:00;642.2200;1590.1300;1406.6900;553.9700;2388.0300;9056.1200;47.1300;522.6500;2387.9900;8138.7100;8.3889;391.0000;1.0000;0;WO874710;2162.21
02-Jul-2026;  ENG-004 ;58;2026-01-03 10:00:00;642.1800;1592.1300;1409.7500;553.3100;2388.0900;9049.1400;47.5600;521.1200;2388.0900;8130.6900;8.4464;393.0000;1.0000;0;WO813548;997.13
2026/07/02;ENG-047;35;2026-01-02 11:00:00;642.7600;1586.8500;1409.7300;553.6000;2388.1100;9048.5400;47.4800;521.2500;2388.1200;8126.3800;8.4133;393.0000;1.0000;0;WO560976;1030.95
02-Jul-2026;ENG-075;42;2026-01-02 18:00:00;642.7700;1595.9500;1399.2100;553.5300;2388.1100;9053.3200;47.3200;522.1400;2388.0700;8134.6700;8.4247;392.0000;1.0000;0;WO523037;2477.63
2026/07/02;ENG-049;187;2026-01-08 19:00:00;642.5400;1583.3500;1401.5400;553.8500;2388.0700;9059.4200;47.4300;522.0500;2388.0800;8138.8600;8.4478;395.0000;1.0000;0;WO592708;533.40
2026-07-02;  ENG-043 ;62;2026-01-03 14:00:00;642.7100;1593.9200;1402.9600;554.3200;2388.0500;9048.7900;47.6000;522.1200;2388.1400;8128.0000;8.4626;393.0000;1.0000;0;WO941990;2403.40
2026-07-02;ENG-008;79;2026-01-04 07:00:00;642.5500;1590.1100;1406.2100;553.7900;2388.1100;9041.0700;47.3300;521.5800;2388.1600;8129.7300;8.4260;394.0000;1.0000;0;WO727411;1504.49
02-Jul-2026;eng-075;44;2026-01-02 20:00:00;641.9900;1582.6600;1407.0400;554.3000;2388.0800;9059.0700;47.3300;522.2900;2388.0900;8136.5500;8.4304;393.0000;1.0000;0;WO407309;2,046.14
2026/07/02;ENG-080;69;2026-01-03 21:00:00;643.0700;1587.2500;1407.2500;553.1000;2388.0500;9065.4900;47.2800;521.5100;2388.0500;8144.8400;8.4176;392.0000;1.0000;0;WO311807;2875.11
02-Jul-2026;ENG-050;43;2026-01-02 19:00:00;642.1600;1586.5400;1396.2700;553.4100;2388.0400;9061.7400;47.3200;522.0000;2388.0300;8145.7500;8.4270;391.0000;0.8800;0;WO559305;232.13
2026-07-02;ENG-013;107;2026-01-05 11:00:00;642.2700;1588.0200;1402.9500;555.2200;2388.0200;9060.4200;47.2300;522.4500;2388.0400;8142.0500;8.4051;392.0000;1.0000;0;WO695345;442.61
2026-07-02;ENG-048;47;2026-01-02 23:00:00;642.4000;1586.2800;1406.1600;553.4400;2388.0400;9052.5800;47.5500;522.2800;2388.0500;8137.2600;8.4376;391.0000;0.9840;0;WO693810;1992.99
2026-07-02;ENG-011;47;2026-01-02 23:00:00;643.0900;1592.5800;1407.7200;553.3500;2388.2000;9038.0000;47.5900;521.4100;2388.1400;8122.2600;8.4058;393.0000;1.0000;0;WO220573;1364.17
2026/07/02;  ENG-068 ;74;2026-01-04 02:00:00;642.6500;1586.2100;1407.6000;554.5000;2388.1000;9060.9000;47.4800;521.9000;2388.0300;8138.6500;8.4001;392.0000;0.9680;0;WO898925;741.93
2026-07-02;ENG-086;65;2026-01-03 17:00:00;642.6100;1593.1400;1405.4300;553.7700;2388.0600;9054.2200;47.2700;521.3300;2388.0700;8139.6800;8.4255;395.0000;1.0000;0;WO755565;
2026-07-02;ENG-100;125;2026-01-06 05:00:00;642.0700;1593.4600;1407.6400;554.0000;2388.0200;9070.1300;47.3700;521.9800;2388.0100;8151.9000;8.4559;395.0000;0.7440;0;WO524026;1,307.25
2026/07/02;ENG-008;99;2026-01-05 03:00:00;642.9900;1587.8200;1407.6600;553.7600;2388.1100;9056.0500;47.4100;521.3700;2388.1000;8126.0200;8.4260;392.0000;1.0000;0;WO620751;2,721.55
2026-07-02;ENG-043;106;2026-01-05 10:00:00;642.6400;1592.1100;1407.0800;554.1200;2388.1400;9054.2700;47.6200;521.2100;2388.1100;8130.7300;8.4749;395.0000;1.0000;0;WO131570;951.93
2026/07/02;ENG-090;57;2026-01-03 09:00:00;642.1700;1588.7600;1403.1000;553.8400;2388.1300;9052.3000;47.6000;521.6800;2388.0700;8135.3400;8.4375;392.0000;0.9360;0;WO106607;2,569.94
2026/07/02;ENG-012;137;2026-01-06 17:00:00;642.4300;1583.1100;1404.2700;554.3300;2388.0700;9062.5000;47.2000;522.7400;2388.0400;8139.7700;8.4237;391.0000;1.0000;0;WO428002;2236.56
2026-07-02;ENG-062;85;2026-01-04 13:00:00;641.6500;1583.6000;1395.5100;554.9100;2388.0100;9060.0800;47.1800;522.4200;2388.0500;8141.6200;8.4186;392.0000;1.0000;0;WO477510;1308.98
2026/07/02;ENG-049;151;2026-01-07 07:00:00;642.2300;1592.6100;1398.0300;553.4800;2388.0700;9063.7600;47.1900;521.9500;2388.0000;8143.4400;8.4091;390.0000;1.0000;0;WO290272;2900.99
2026/07/02;ENG-090;84;2026-01-04 12:00:00;642.3600;1591.8300;1409.1700;553.1800;2388.0400;9065.5600;47.5800;521.9000;2388.0800;8139.3200;8.4715;393.0000;0.7200;0;WO426750;510.69
2026-07-02;ENG-054;78;2026-01-04 06:00:00;642.1600;1582.4200;1397.8900;554.7600;2388.0400;9057.3400;47.1400;522.1100;2388.0500;8140.9900;8.4294;393.0000;1.0000;0;WO699157;90.15
2026-07-02;eng-079;53;2026-01-03 05:00:00;641.9300;1585.6700;1404.1500;553.8200;2388.1000;9044.3600;47.5000;521.6200;2388.0600;8125.8000;8.4001;392.0000;0.8880;0;WO244881;2,575.43
02-Jul-2026;ENG-038;67;2026-01-03 19:00:00;642.7400;1595.0100;1411.1400;553.5800;2388.1500;9067.0500;47.6600;521.6900;2388.1100;8133.1000;8.4737;395.0000;0.8640;0;WO973038;2587.40
2026-07-02;ENG-056;81;2026-01-04 09:00:00;643.0300;1592.9100;1415.7700;552.6500;2388.1200;9048.0300;47.6300;521.0800;2388.2100;8124.7800;8.4617;394.0000;0.5600;0;WO801908;198.85
2026-07-02;  ENG-008 ;109;2026-01-05 13:00:00;642.5500;1589.5800;1410.2200;553.0300;2388.0700;9047.3000;47.4600;521.1100;2388.1400;8135.7300;8.4360;394.0000;1.0000;0;WO355280;928.63
2026-07-02;ENG-058;74;2026-01-04 02:00:00;641.7900;1590.7600;1403.2400;554.3600;2388.0700;9052.8200;47.2700;521.9000;2388.0200;8131.9300;8.3940;391.0000;1.0000;0;WO636600;2,477.77
02-Jul-2026;  ENG-082 ;88;2026-01-04 16:00:00;642.8500;1583.0000;1403.9100;553.7700;2388.0600;9058.4300;47.3500;521.7000;2388.0900;8143.7500;8.4401;393.0000;0.6640;0;WO956053;1205.85
02-Jul-2026;ENG-091;112;2026-01-05 16:00:00;642.6300;1591.3500;1412.8900;552.3800;2388.1300;9046.4600;47.8500;521.4700;2388.1300;8128.7400;8.4377;394.0000;1.0000;0;WO668069;2,079.26
2026/07/02;ENG-036;79;2026-01-04 07:00:00;643.3400;1591.3000;1414.1100;553.8600;2388.1100;9067.2600;47.8200;521.2100;2388.1300;8133.9200;8.4749;394.0000;0.5280;0;WO434848;2316.09
02-Jul-2026;  ENG-052 ;73;2026-01-04 01:00:00;641.9200;1585.1500;1392.7300;554.4000;2388.0100;9060.6000;47.0900;523.0200;2388.0000;8137.5400;8.4014;390.0000;1.0000;0;WO188465;1,521.11
2026/07/02;ENG-085;21;2026-01-01 21:00:00;642.9000;1587.2900;1406.4600;553.6900;2388.0700;9054.9400;47.6200;521.6100;2388.0600;8133.3700;8.4488;394.0000;1.0000;0;WO770426;1781.16
2026/07/02;ENG-095;54;2026-01-03 06:00:00;642.1300;1579.8800;1398.9700;554.1100;2388.0100;9055.2200;47.2900;522.5100;2388.0200;8131.6100;8.3984;393.0000;1.0000;0;WO751628;2407.64
2026-07-02;eng-068;76;2026-01-04 04:00:00;642.2500;1580.9100;1408.9800;554.7700;2388.1300;9057.4500;47.3400;522.0200;2388.0700;8140.0900;8.4146;393.0000;0.9520;0;WO487967;787.18
2026/07/02;ENG-011;33;2026-01-02 09:00:00;641.9500;1590.2400;1408.6300;553.5000;2388.1900;9036.8600;47.4900;521.0300;2388.1600;8117.9100;8.4222;392.0000;1.0000;0;WO706567;2,483.37
02-Jul-2026;ENG-055;64;2026-01-03 16:00:00;641.7600;1583.5500;1401.1600;554.3800;2388.0900;9055.4800;47.3300;522.0700;2388.0500;8133.8000;8.4027;391.0000;1.0000;0;WO234619;227.08
2026-07-02;ENG-091;87;2026-01-04 15:00:00;643.3600;1585.9500;1416.0000;553.0000;2388.0800;9049.9400;47.6200;520.8000;2388.1400;8127.7300;8.4534;392.0000;1.0000;0;WO832187;1917.00
2026/07/02;ENG-051;77;2026-01-04 05:00:00;642.1000;1581.4500;1393.8400;553.4100;2388.1100;9054.8600;47.3900;521.4800;2388.0200;8131.4400;8.3843;393.0000;1.0000;0;WO287081;
2026/07/02;ENG-032;53;2026-01-03 05:00:00;642.0200;1581.7500;1400.5500;554.4400;2388.0100;9070.8700;47.1700;522.4500;2387.9800;8153.7000;8.3873;393.0000;1.0000;0;WO206454;2087.80
2026/07/02;  ENG-060 ;59;2026-01-03 11:00:00;642.5200;1589.1600;1406.7900;553.0100;2388.0300;9052.5300;47.4900;521.7000;2388.1000;8138.4900;8.4350;392.0000;1.0000;0;WO799785;1,746.74
02-Jul-2026;ENG-024;73;2026-01-04 01:00:00;642.4600;1584.0800;1399.8800;554.6200;2387.9700;9072.6100;47.1800;522.4000;2388.0400;8147.5100;8.3792;390.0000;1.0000;0;WO969751;811.92
2026-07-02;ENG-081;75;2026-01-04 03:00:00;642.3000;1585.8200;1396.8900;554.1700;2387.9900;9071.3600;47.2900;522.2600;2388.0300;8151.5800;8.4008;393.0000;1.0000;0;WO357703;1413.56
2026/07/02;ENG-072;47;2026-01-02 23:00:00;642.0100;1587.1100;1402.9800;553.9900;2388.0100;9062.2700;47.2300;521.6900;2388.0300;8138.3000;8.3683;392.0000;1.0000;0;WO843708;2,682.34
2026/07/02;ENG-072;52;2026-01-03 04:00:00;642.1700;1592.1500;1404.9700;553.8700;2388.0000;9064.8200;47.4500;521.8600;2388.0300;8144.2400;8.4206;391.0000;1.0000;0;WO934894;885.33
2026-07-02;ENG-081;121;2026-01-06 01:00:00;642.9800;1581.2700;1397.9300;552.8500;2388.0100;9072.4500;47.4600;521.2500;2388.0400;8144.9100;8.4320;393.0000;0.8000;0;WO472867;2442.72
2026-07-02;ENG-017;72;2026-01-04 00:00:00;641.9100;1587.6500;1398.8300;554.6600;2388.0300;9073.3500;47.3700;521.4100;2388.0000;8148.5400;8.3982;392.0000;1.0000;0;WO795505;966.86
2026/07/02;ENG-016;70;2026-01-03 22:00:00;642.8300;1591.0100;1401.8800;554.1300;2388.0400;9053.8500;47.4000;522.1300;2388.0400;8129.9600;8.4255;392.0000;1.0000;0;WO719014;2,189.91
2026-07-02;  ENG-092 ;100;2026-01-05 04:00:00;643.2200;1589.0800;1416.9300;553.3900;2388.2100;9044.0100;47.6700;521.0100;2388.1500;8126.3400;8.4757;391.0000;0.5600;0;WO252553;1,623.21
02-Jul-2026;ENG-044;24;2026-01-02 00:00:00;642.3400;1585.5600;1399.8100;554.2500;2388.0300;9058.0000;47.3000;521.8200;2388.0900;8139.1200;8.4313;392.0000;1.0000;0;WO978207;2989.91
2026-07-02;ENG-054;65;2026-01-03 17:00:00;641.9200;1581.3100;1399.5800;553.9200;2387.9700;9055.5200;47.0600;522.7600;2388.0300;8140.2200;8.3780;392.0000;1.0000;0;WO433789;784.57
2026-07-02;ENG-004;42;2026-01-02 18:00:00;642.5600;1591.0800;1410.2300;553.9900;2388.1000;9048.4100;47.3400;521.7800;2388.0500;8130.8700;8.4460;392.0000;1.0000;0;WO490179;580.76
2026-07-02;ENG-024;111;2026-01-05 15:00:00;641.9700;1589.1800;1403.0200;555.1500;2387.9800;9072.9000;47.1500;522.2800;2388.0000;8153.4700;8.3860;391.0000;0.7600;0;WO795611;1802.47
2026-07-02;ENG-033;32;2026-01-02 08:00:00;642.6800;1585.8900;1410.5300;552.8100;2388.1100;9049.4200;47.5900;520.9400;2388.0800;8137.6300;8.4371;394.0000;0.9920;0;WO154535;1357.19
2026-07-02;ENG-072;59;2026-01-03 11:00:00;642.6000;1580.0200;1402.3300;554.0400;2388.0400;9061.4600;47.2800;521.6600;2388.0100;8144.6500;8.3970;393.0000;0.9760;0;WO182157;455.09
02-Jul-2026;ENG-008;87;2026-01-04 15:00:00;642.3400;1584.4400;1407.1200;553.4900;2388.1800;9050.3400;47.4200;521.9900;2388.1300;8128.1800;8.4210;395.0000;1.0000;0;WO184560;2060.99
2026-07-02;ENG-017;67;2026-01-03 19:00:00;641.6800;1591.2900;1395.4100;554.6200;2388.0500;9070.9400;47.3000;522.1400;2387.9600;8150.8300;8.3985;393.0000;1.0000;0;WO909375;2548.58
2026/07/02;ENG-063;88;2026-01-04 16:00:00;642.7400;1584.6400;1414.5700;553.5500;2388.1000;9048.0600;47.5500;521.7500;2388.1400;8129.3400;8.4296;393.0000;1.0000;0;WO392139;2325.24
02-Jul-2026;ENG-057;100;2026-01-05 04:00:00;642.5100;1586.8900;1404.6100;553.3700;2388.1100;9049.3300;47.4400;521.2200;2388.1200;8131.4900;8.4316;394.0000;1.0000;0;WO247578;483.99
02-Jul-2026;eng-070;55;2026-01-03 07:00:00;642.6200;1584.8600;1409.3000;554.0000;2388.0600;9046.0600;47.4500;521.3100;2388.0900;8128.6400;8.4341;391.0000;1.0000;0;WO166239;2,056.82
2026-07-02;ENG-003;64;2026-01-03 16:00:00;643.0900;1584.7600;1410.9100;554.3000;2388.0600;9057.6700;47.4300;521.0400;2388.1300;8128.4100;8.4524;392.0000;1.0000;0;WO430774;1,783.49
2026-07-02;ENG-069;20;2026-01-01 20:00:00;642.6200;1596.1000;1402.8700;554.1500;2388.2000;9037.8600;47.5300;521.6800;2388.1100;8125.3600;8.4405;391.0000;1.0000;0;WO316039;
2026-07-02;ENG-097;52;2026-01-03 04:00:00;641.8500;1586.7400;1398.9600;554.4500;2388.0100;9068.4000;47.3700;522.2800;2388.0500;8155.7900;8.4041;391.0000;1.0000;0;WO718982;1,425.67
2026-07-02;ENG-049;169;2026-01-08 01:00:00;642.1900;1581.8900;1406.6500;553.9300;2388.0300;9065.0800;47.2600;522.3500;2388.0700;8142.4500;8.4278;393.0000;1.0000;0;WO883916;
2026/07/02;ENG-007;97;2026-01-05 01:00:00;642.2100;1587.9400;1402.0000;554.1800;2388.0300;9057.8900;47.2700;522.3700;2388.0300;8141.5800;8.4046;393.0000;1.0000;0;WO970872;2141.69
02-Jul-2026;ENG-084;78;2026-01-04 06:00:00;642.6700;1582.8700;1409.3900;554.5600;2388.0700;9058.8800;47.3700;521.8600;2388.0300;8143.4000;8.4272;394.0000;1.0000;0;WO252104;2267.69
02-Jul-2026;ENG-083;27;2026-01-02 03:00:00;641.8100;1588.1300;1397.1600;554.0500;2388.0600;9057.4700;47.1100;522.4100;2388.0900;8138.1100;8.3971;393.0000;1.0000;0;WO900400;1689.64
2026-07-02;ENG-054;56;2026-01-03 08:00:00;642.3400;1579.2600;1396.1900;554.4400;2388.0100;9055.1500;46.8000;522.1200;2387.9800;8138.6100;8.4007;392.0000;1.0000;0;WO249870;2739.35
2026-07-02;ENG-014;30;2026-01-02 06:00:00;642.5500;1585.1800;1410.1500;553.2600;2388.1300;9035.7500;47.5600;521.0100;2388.1600;8123.6500;8.4605;394.0000;;0;WO729463;683.35
2026/07/02;ENG-098;55;2026-01-03 07:00:00;643.2300;1588.0800;1404.5300;553.9800;2388.0400;9060.1300;47.4100;521.8800;2388.0800;8141.5000;8.3903;390.0000;1.0000;0;WO491646;
2026-07-02;ENG-042;61;2026-01-03 13:00:00;641.9500;1587.7300;1400.8100;555.0800;2388.0200;9042.3300;47.2600;521.9300;2388.0300;8136.3900;8.4158;392.0000;0.8400;0;WO719810;2983.39
02-Jul-2026;ENG-060;64;2026-01-03 16:00:00;643.0700;1587.0200;1409.5900;553.5500;2388.1000;9048.4700;47.3500;522.0100;2388.0900;8132.6300;8.4446;392.0000;1.0000;0;WO474982;854.03
02-Jul-2026;  ENG-074 ;70;2026-01-03 22:00:00;642.5000;1585.0600;1411.4200;554.1000;2388.0700;9053.9100;47.5500;522.0200;2388.1600;8140.1900;8.4762;392.0000;1.0000;0;WO427113;1340.52
02-Jul-2026;ENG-005;38;2026-01-02 14:00:00;641.9700;1592.8700;1407.4600;553.3600;2388.0900;9051.7500;47.4700;521.1300;2388.0600;8135.4900;8.4354;395.0000;1.0000;0;WO392708;
02-Jul-2026;eng-062;134;2026-01-06 14:00:00;642.6000;1578.5900;1394.2100;554.6200;2388.0000;9061.0300;47.2300;522.0600;2387.9900;8143.8200;8.3813;392.0000;1.0000;0;WO585433;898.07
02-Jul-2026;ENG-081;136;2026-01-06 16:00:00;642.7100;1590.8000;1409.6100;553.3400;2388.1100;9068.2300;47.3200;521.3400;2388.0600;8149.8500;8.4241;394.0000;0.6800;0;WO575610;2125.01
02-Jul-2026;ENG-004;56;2026-01-03 08:00:00;643.0800;1586.3400;1409.0200;553.1100;2388.1000;9047.9600;47.4600;521.4900;2388.0700;8131.2800;8.4307;394.0000;1.0000;0;WO920321;2,287.95
2026-07-02;ENG-089;71;2026-01-03 23:00:00;642.3400;1588.9800;1412.8100;552.9100;2388.0600;9045.3300;47.3900;521.3900;2388.0800;8128.7500;8.4296;391.0000;1.0000;0;WO502409;589.30
2026-07-02;ENG-032;93;2026-01-04 21:00:00;642.5800;1581.4100;1397.1000;554.0100;2387.9800;9072.3700;47.5100;522.1600;2387.9800;8156.7700;8.4048;393.0000;0.8000;0;WO601480;112.35
2026-07-02;  ENG-006 ;60;2026-01-03 12:00:00;643.1500;1584.2700;1412.2400;553.5900;2388.1200;9064.2200;47.3500;521.6100;2388.1100;8132.9000;8.4217;393.0000;1.0000;0;WO348255;2,333.98
2026/07/02;eng-074;72;2026-01-04 00:00:00;642.0500;1586.4400;1405.0100;553.6700;2388.0900;9060.4300;47.4900;522.0500;2388.0900;8145.7300;8.4351;393.0000;1.0000;0;WO698179;
02-Jul-2026;ENG-099;54;2026-01-03 06:00:00;642.0000;1582.0400;1392.7900;555.1700;2388.0300;9060.6800;47.1000;522.1300;2388.0300;8138.1000;8.4078;393.0000;1.0000;0;WO235664;1595.94
2026-07-02;ENG-013;117;2026-01-05 21:00:00;642.1100;1579.6700;1405.9700;553.9200;2388.0700;9057.7500;47.2800;521.8300;2388.0700;8142.1100;8.4264;392.0000;1.0000;0;WO157516;847.92
2026/07/02;ENG-093;141;2026-01-06 21:00:00;643.0800;1594.1600;1408.4700;552.7000;2388.0700;9065.2100;47.5000;520.8200;2388.1400;8136.0100;8.4729;395.0000;1.0000;0;WO415513;1,194.41
02-Jul-2026;ENG-043;105;2026-01-05 09:00:00;642.1500;1592.2200;1413.4200;554.3600;2388.1300;9046.5800;47.5900;521.0300;2388.0900;8130.4200;8.4203;392.0000;1.0000;0;WO717981;975.14
2026-07-02;ENG-027;84;2026-01-04 12:00:00;642.2600;1580.3200;1403.0600;554.2900;2388.0100;9049.6500;47.1600;522.2800;2388.0600;8130.6400;8.4216;392.0000;0.9760;0;WO763637;1972.34
02-Jul-2026;ENG-003;82;2026-01-04 10:00:00;642.6200;1586.4800;1404.2400;553.2200;2388.0700;9047.3100;47.4500;521.1800;2388.1100;8124.0600;8.4639;393.0000;0.9040;0;WO638236;1298.50
2026/07/02;ENG-068;94;2026-01-04 22:00:00;642.7500;1585.5100;1403.9600;553.6500;2388.0400;9063.4800;47.3800;521.7400;2388.0300;8140.4100;8.4421;392.0000;0.8080;0;WO162709;2,268.01
2026-07-02;ENG-023;70;2026-01-03 22:00:00;641.7800;1579.6800;1389.8500;554.9100;2388.0900;9048.4000;47.1900;522.9000;2388.0300;8135.9600;8.3930;392.0000;1.0000;0;WO589015;85.48
2026/07/02;ENG-023;78;2026-01-04 06:00:00;641.8800;1585.7400;1408.6400;553.9500;2388.0600;9057.9800;47.2500;522.5800;2388.0300;8132.9800;8.4091;392.0000;1.0000;0;WO551816;
2026-07-02;  ENG-008 ;88;2026-01-04 16:00:00;642.6700;1588.1900;1406.2500;553.9300;2388.0700;9056.4200;47.5100;521.4600;2388.0800;8127.0700;8.4378;394.0000;1.0000;0;WO361563;1,429.36
02-Jul-2026;ENG-069;19;2026-01-01 19:00:00;642.5100;1594.0300;1402.8400;553.4800;2388.0600;9045.0500;47.4100;521.4100;2388.1200;8124.0900;8.4182;391.0000;1.0000;0;WO443273;534.70
2026-07-02;ENG-061;81;2026-01-04 09:00:00;643.1100;1590.0700;1403.3000;553.5200;2388.0300;9063.5400;47.2400;521.8400;2388.0300;8154.1200;8.3851;392.0000;0.7920;0;WO621054;2,146.80
02-Jul-2026;ENG-049;112;2026-01-05 16:00:00;641.7400;1593.2300;1398.4000;553.2700;2388.0600;9068.7500;47.4200;522.1300;2388.0700;8145.7300;8.3993;391.0000;1.0000;0;WO157000;1,617.71
2026/07/02;ENG-012;75;2026-01-04 03:00:00;642.7800;1589.5500;1401.9100;554.5700;2388.0300;9056.6100;47.2100;522.1400;2388.0200;8142.6300;8.4453;391.0000;1.0000;0;WO211798;2642.52
2026-07-02;ENG-030;53;2026-01-03 05:00:00;643.0700;1594.8200;1403.4700;553.8700;2388.1200;9046.9400;47.4900;521.2600;2388.0700;8129.6900;8.4410;392.0000;1.0000;0;WO294741;2919.29
2026-07-02;ENG-079;44;2026-01-02 20:00:00;642.2800;1579.2100;1407.1800;553.9000;2388.0500;9045.3500;47.4300;521.0900;2388.0600;8135.8100;8.4323;393.0000;0.9600;0;WO247476;2,751.13
2026/07/02;ENG-042;85;2026-01-04 13:00:00;642.5200;1589.7100;1402.1000;553.9700;2388.0700;9055.6700;47.2100;521.9300;2388.1000;8131.0500;8.4060;392.0000;0.6480;0;WO950946;691.71
2026/07/02;ENG-011;43;2026-01-02 19:00:00;642.8700;1586.8100;1404.9900;553.3300;2388.1700;9041.4200;47.4600;520.5700;2388.1400;8115.1600;8.4373;392.0000;1.0000;0;WO281216;
02-Jul-2026;ENG-020;68;2026-01-03 20:00:00;642.1400;1594.9500;1405.8200;553.3900;2388.0000;9067.1100;47.4700;521.8400;2388.1200;8143.2700;8.3965;392.0000;1.0000;0;WO888645;1553.91
2026-07-02;ENG-088;28;2026-01-02 04:00:00;642.5100;1589.9200;1409.0100;553.7700;2388.1100;9046.3000;47.4600;521.7700;2388.1500;8124.2200;8.4541;393.0000;1.0000;0;WO282302;2825.43
2026-07-02;ENG-073;65;2026-01-03 17:00:00;641.9100;1577.8400;1398.4100;554.7500;2388.0500;9051.1100;47.2100;522.3200;2388.0200;8138.9300;8.3840;393.0000;1.0000;0;WO638545;2193.61
2026-07-02;ENG-080;79;2026-01-04 07:00:00;642.4400;1595.3700;1399.9800;553.6000;2388.0600;9063.0600;47.2300;522.1300;2388.0700;8147.2500;8.4159;394.0000;1.0000;0;WO798379;1894.86
2026-07-02;ENG-031;111;2026-01-05 15:00:00;642.3800;1586.0000;1397.3700;554.1300;2388.0200;9073.6600;47.2600;521.7700;2388.0400;8146.2300;8.4458;392.0000;0.7440;0;WO254592;2,378.55
2026/07/02;ENG-058;112;2026-01-05 16:00:00;642.6100;1586.8700;1403.9700;553.8100;2388.0400;9051.2500;47.4100;521.6100;2388.0400;8137.3700;8.4123;392.0000;0.8080;0;WO473165;2,654.12
02-Jul-2026;  ENG-093 ;145;2026-01-07 01:00:00;642.8000;1586.6400;1416.8300;552.4900;2388.1400;9065.1500;47.5000;521.4400;2388.1400;8139.0500;8.4577;394.0000;1.0000;0;WO224158;1216.38
02-Jul-2026;eng-018;76;2026-01-04 04:00:00;642.6800;1587.8900;1403.5600;554.3200;2388.0400;9065.4000;47.3400;521.7100;2388.0700;8146.0300;8.4131;393.0000;0.6800;0;WO783237;
2026-07-02;eng-041;74;2026-01-04 02:00:00;642.4200;1596.7900;1404.6200;553.7000;2388.0400;9047.6800;47.2600;521.6700;2388.0600;8131.6800;8.4430;392.0000;0.5360;0;WO740659;1874.39
2026/07/02;ENG-031;123;2026-01-06 03:00:00;643.2500;1585.2300;1405.8600;553.0300;2388.0900;9071.1000;47.3600;521.1400;2388.1100;8151.1200;8.4424;394.0000;;0;WO873562;203.88
2026/07/02;ENG-073;61;2026-01-03 13:00:00;642.4000;1586.6600;1396.4400;554.3200;2388.0400;9048.1900;47.3900;522.3400;2388.0600;8133.4300;8.4012;390.0000;1.0000;0;WO527993;
02-Jul-2026;ENG-003;74;2026-01-04 02:00:00;642.4600;1588.1500;1408.2700;553.4600;2388.1600;9051.6100;47.6100;521.5000;2388.1400;8127.6900;8.4202;395.0000;0.9680;0;WO158160;2629.73
02-Jul-2026;ENG-081;106;2026-01-05 10:00:00;642.2800;1588.8200;1400.2200;553.6800;2388.0200;9071.8700;47.4000;522.1000;2388.0100;8147.1000;8.4637;393.0000;0.9200;0;WO914375;1651.63
02-Jul-2026;eng-058;87;2026-01-04 15:00:00;642.6700;1582.3700;1396.8300;553.3000;2388.0500;9051.7500;47.4900;521.7400;2388.0500;8124.2900;8.4260;392.0000;1.0000;0;WO608439;1422.46
2026-07-02;ENG-093;148;2026-01-07 04:00:00;642.7500;1589.6000;1409.2700;553.3200;2388.0900;9059.3600;47.6000;520.5800;2388.1300;8135.9800;8.4274;394.0000;1.0000;0;WO127087;2,788.87
2026/07/02;ENG-034;135;2026-01-06 15:00:00;642.6300;1580.8600;1404.8100;553.6900;2388.0900;9061.5100;47.5900;522.2100;2388.0100;8146.3400;8.4563;392.0000;0.6000;0;WO152358;398.89
02-Jul-2026;ENG-052;85;2026-01-04 13:00:00;642.2200;1582.6500;1400.2500;554.6000;2388.0100;9060.5300;47.1200;522.5800;2388.0300;8139.3800;8.3746;392.0000;1.0000;0;WO874016;952.58
02-Jul-2026;ENG-031;72;2026-01-04 00:00:00;642.9600;1588.0100;1405.4000;553.8600;2388.0500;9071.6200;47.3900;522.0000;2387.9700;8147.3500;8.4151;391.0000;1.0000;0;WO229275;2082.75
2026-07-02;ENG-022;17;2026-01-01 17:00:00;642.4400;1590.9600;1406.8500;553.0900;2388.1000;9052.6100;47.3300;521.9100;2388.0800;8128.2200;8.4048;391.0000;1.0000;0;WO715353;540.43
02-Jul-2026;ENG-032;95;2026-01-04 23:00:00;642.3400;1587.4400;1399.8500;553.9900;2387.9900;9070.6700;47.2200;522.4800;2388.0300;8158.5000;8.4423;394.0000;0.7840;0;WO553190;2162.52
2026/07/02;ENG-058;78;2026-01-04 06:00:00;642.7500;1592.6500;1399.1900;553.7300;2388.0600;9045.4100;47.2300;522.1200;2388.1200;8132.4700;8.4086;392.0000;1.0000;0;WO621482;1,411.30
2026-07-02;ENG-011;56;2026-01-03 08:00:00;642.9600;1593.4500;1409.4800;553.5600;2388.1100;9039.3400;47.6200;521.2200;2388.1300;8120.5000;8.4801;391.0000;0.9920;0;WO148218;2081.89
2026-07-02;ENG-013;123;2026-01-06 03:00:00;642.2900;1579.7300;1404.3400;554.2400;2388.0700;9062.1900;47.4100;521.3100;2388.0100;8142.7900;8.4034;393.0000;1.0000;0;WO187435;1310.37
2026-07-02;  ENG-090 ;50;2026-01-03 02:00:00;642.4000;1591.2000;1405.6000;553.5700;2388.0200;9056.0400;47.4300;521.4600;2388.0900;8135.2400;8.4005;394.0000;0.9920;0;WO363477;652.83
2026-07-02;ENG-029;79;2026-01-04 07:00:00;642.2700;1585.8700;1399.2800;553.6700;2388.0500;9061.0000;47.3600;521.2900;2388.0500;8136.6300;8.4362;393.0000;1.0000;0;WO483112;262.29
02-Jul-2026;ENG-061;91;2026-01-04 19:00:00;642.6900;1586.4100;1397.3700;554.4000;2387.9900;9066.2100;47.4700;521.9600;2388.0300;8146.1300;8.3787;391.0000;0.7120;0;WO627560;1994.18
2026/07/02;ENG-020;87;2026-01-04 15:00:00;642.7800;1589.1900;1409.5300;553.8400;2388.0500;9070.1900;47.3000;521.5100;2388.0300;8141.9900;8.4289;392.0000;0.9040;0;WO881761;1161.63
2026-07-02;ENG-024;88;2026-01-04 16:00:00;642.3700;1582.0500;1400.2700;554.8100;2388.0300;9072.9700;47.3000;522.7100;2388.0300;8150.9300;8.3887;392.0000;0.9440;0;WO692024;1554.34
2026/07/02;ENG-010;83;2026-01-04 11:00:00;641.9200;1585.1700;1401.3700;554.4100;2387.9800;9060.1100;47.4700;522.0900;2388.0600;8150.1400;8.3953;391.0000;1.0000;0;WO936863;1,564.61
02-Jul-2026;ENG-094;88;2026-01-04 16:00:00;643.4000;1590.9700;1410.0300;552.7000;2388.0800;9059.3400;47.5300;521.3800;2388.0400;8135.7100;8.4712;393.0000;0.8000;0;WO698826;1,808.58
2026/07/02;ENG-016;69;2026-01-03 21:00:00;642.4000;1588.6800;1398.8000;554.2100;2388.0500;9048.4900;47.3000;522.3800;2388.0400;8135.9400;8.4085;392.0000;1.0000;0;WO957703;2766.70
02-Jul-2026;ENG-025;20;2026-01-01 20:00:00;642.2300;1581.2800;1399.1500;553.9000;2388.0800;9050.7600;47.1700;522.3200;2388.0200;8133.9900;8.4290;392.0000;1.0000;0;WO790967;2580.53
2026-07-02;  ENG-070 ;75;2026-01-04 03:00:00;642.1800;1582.9800;1411.4800;553.5100;2388.0800;9054.4300;47.5000;521.6700;2388.1400;8132.9400;8.4388;391.0000;1.0000;0;WO695752;2911.60
2026-07-02;  ENG-070 ;85;2026-01-04 13:00:00;642.1600;1584.3100;1395.5600;553.8000;2388.1300;9054.4100;47.6800;521.2800;2388.0500;8132.7200;8.4574;393.0000;1.0000;0;WO250888;1,741.15
02-Jul-2026;eng-098;63;2026-01-03 15:00:00;642.1000;1583.2500;1406.4100;553.5300;2388.1200;9060.0800;47.5500;521.5900;2388.0500;8139.3000;8.4347;393.0000;0.9360;0;WO676570;1211.03
2026/07/02;ENG-094;84;2026-01-04 12:00:00;642.6100;1591.6800;1408.6200;553.7600;2388.1100;9056.5800;47.5900;521.5000;2388.1400;8135.2800;8.4545;395.0000;0.8320;0;WO373912;2662.64
2026-07-02;  ENG-078 ;48;2026-01-03 00:00:00;641.6900;1580.7500;1403.9600;554.6800;2388.0000;9062.7800;47.2900;522.8200;2388.0400;8145.0800;8.3822;392.0000;1.0000;0;WO903128;2,717.31
2026/07/02;eng-040;75;2026-01-04 03:00:00;642.3600;1593.3200;1414.1800;552.7600;2388.1400;9062.7700;47.7100;521.2000;2388.1000;8138.6500;8.4097;393.0000;0.6880;0;WO322834;262.89
2026-07-02;ENG-095;58;2026-01-03 10:00:00;642.1200;1579.2400;1399.6700;553.8100;2388.1300;9047.0200;47.4300;521.9400;2388.0800;8135.8000;8.4092;392.0000;1.0000;0;WO255728;513.10
02-Jul-2026;ENG-039;18;2026-01-01 18:00:00;642.1800;1588.1900;1404.9100;553.9800;2388.0200;9055.1800;47.1300;522.8900;2388.0200;8139.4700;8.3803;392.0000;1.0000;0;WO406819;
2026-07-02;ENG-030;65;2026-01-03 17:00:00;642.5300;1587.6800;1403.5700;554.2200;2388.1400;9053.7900;47.4100;520.7600;2388.1300;8130.1300;8.4375;393.0000;1.0000;0;WO105153;71.95
2026/07/02;  ENG-030 ;67;2026-01-03 19:00:00;642.4400;1588.6700;1410.0500;553.3100;2388.0800;9047.6700;47.5500;521.1400;2388.1100;8126.1500;8.4638;392.0000;1.0000;0;WO573888;703.89
2026/07/02;ENG-032;92;2026-01-04 20:00:00;642.6300;1585.9400;1402.1800;554.6600;2388.0600;9072.4000;47.3400;522.2700;2387.9800;8153.0100;8.4054;393.0000;0.8080;0;WO655915;
2026-07-02;ENG-060;79;2026-01-04 07:00:00;642.9200;1592.2400;1406.1500;553.2000;2388.0900;9054.0000;47.3000;522.2600;2388.0700;8133.0000;8.3988;393.0000;1.0000;0;WO475940;1560.15
2026/07/02;ENG-040;50;2026-01-03 02:00:00;642.4500;1591.4400;1408.0700;553.7200;2388.1000;9051.8200;47.6500;521.3300;2388.0600;8133.7600;8.4573;393.0000;0.8880;0;WO509307;1023.78
2026-07-02;ENG-059;47;2026-01-02 23:00:00;641.7500;1579.8400;1391.9600;554.6600;2388.0000;9055.8300;47.1900;521.9400;2388.0000;8138.2600;8.3759;394.0000;1.0000;0;WO124217;517.16
2026-07-02;ENG-028;77;2026-01-04 05:00:00;642.5500;1585.2600;1405.5200;553.5700;2388.1100;9039.6300;47.3900;521.2400;2388.1600;8132.1400;8.4387;393.0000;;0;WO969541;1,678.39
02-Jul-2026;eng-094;73;2026-01-04 01:00:00;642.9100;1589.9000;1408.8600;553.3300;2388.1500;9054.7900;47.6700;522.0800;2388.1100;8141.9200;8.4223;393.0000;0.9200;0;WO229490;1,139.00
02-Jul-2026;ENG-054;75;2026-01-04 03:00:00;641.9100;1574.0000;1396.8900;554.7500;2388.0300;9058.3100;47.3400;522.6900;2388.0200;8147.5000;8.3809;391.0000;1.0000;0;WO674989;2406.51
2026-07-02;ENG-051;83;2026-01-04 11:00:00;642.9500;1587.3900;1397.4400;554.0300;2388.0700;9047.2500;47.3800;521.9800;2388.0400;8129.9900;8.4318;393.0000;1.0000;0;WO510077;688.24
02-Jul-2026;ENG-018;79;2026-01-04 07:00:00;643.0100;1586.7500;1398.6200;554.4400;2388.0700;9062.4400;47.3300;521.8700;2388.0800;8141.3000;8.4379;393.0000;0.6560;0;WO403385;1,843.56
02-Jul-2026;  ENG-090 ;58;2026-01-03 10:00:00;643.0100;1591.9000;1402.7400;553.2700;2388.1100;9051.1700;47.3800;521.3800;2388.0500;8136.1300;8.4282;393.0000;0.9280;0;WO814840;433.19
2026/07/02;ENG-024;86;2026-01-04 14:00:00;642.5700;1581.3300;1392.9200;554.5700;2388.0200;9075.9100;47.2200;522.8000;2387.9800;8157.3400;8.4124;394.0000;;0;WO438597;640.23
02-Jul-2026;  ENG-047 ;48;2026-01-03 00:00:00;642.8400;1592.2400;1409.4600;552.7700;2388.1400;9044.5200;47.5400;521.6600;2388.1500;8121.4600;8.4487;393.0000;1.0000;0;WO788933;2390.33
2026-07-02;ENG-019;85;2026-01-04 13:00:00;642.0000;1588.8500;1403.5400;553.2300;2388.0000;9056.5600;47.2000;521.3600;2388.1000;8143.9700;8.4037;390.0000;1.0000;0;WO329674;643.33
2026/07/02;ENG-051;78;2026-01-04 06:00:00;642.4000;1583.5100;1405.9100;553.5900;2388.0700;9047.9600;47.3600;521.7800;2388.1000;8127.7800;8.4356;394.0000;1.0000;0;WO504063;2145.91
2026/07/02;ENG-079;63;2026-01-03 15:00:00;642.4800;1591.3400;1402.2800;553.2900;2388.0800;9052.6300;47.2800;521.7100;2388.0900;8135.3100;8.4231;392.0000;0.8080;0;WO296293;
02-Jul-2026;ENG-038;49;2026-01-03 01:00:00;643.0100;1597.0900;1412.2400;553.4100;2388.1600;9053.7700;47.6200;520.8200;2388.1400;8131.4800;8.4737;394.0000;1.0000;0;WO690542;2,723.65
2026-07-02;ENG-019;79;2026-01-04 07:00:00;642.2200;1581.0700;1397.9000;554.2200;2388.0600;9057.8900;47.1800;522.5200;2388.0400;8141.2000;8.3665;392.0000;1.0000;0;WO114815;2,349.76
2026/07/02;  ENG-043 ;85;2026-01-04 13:00:00;642.6800;1591.3700;1401.4900;553.9200;2388.1100;9046.5500;47.4800;522.3200;2388.0500;8130.9000;8.4193;392.0000;1.0000;0;WO916642;
2026/07/02;  ENG-040 ;74;2026-01-04 02:00:00;642.8000;1586.5400;1410.7600;552.1800;2388.1100;9055.4400;47.7700;521.0500;2388.1200;8135.6300;8.4482;393.0000;0.6960;0;WO505218;2,090.67
2026/07/02;ENG-072;64;2026-01-03 16:00:00;642.1200;1575.2500;1396.3800;553.6600;2387.9800;9062.3000;47.2300;522.2100;2388.0400;8142.8700;8.4138;393.0000;0.9360;0;WO710862;2237.13
2026/07/02;ENG-099;59;2026-01-03 11:00:00;642.2400;1585.7500;1402.5100;554.6900;2387.9700;9061.6900;47.2600;522.2000;2388.0000;8144.1000;8.3928;391.0000;1.0000;0;WO457766;2,088.50
2026/07/02;  ENG-013 ;83;2026-01-04 11:00:00;642.8200;1582.4400;1399.1100;554.7500;2388.0400;9060.3200;47.3900;522.3500;2387.9900;8140.1500;8.4055;391.0000;1.0000;0;WO974680;1211.93
2026/07/02;ENG-045;84;2026-01-04 12:00:00;642.9800;1588.3800;1405.8800;552.8200;2388.0800;9059.0400;47.3500;521.9800;2388.1400;8140.0500;8.4147;394.0000;1.0000;0;WO996922;
2026/07/02;  ENG-035 ;124;2026-01-06 04:00:00;643.2400;1594.7400;1408.3000;553.1000;2388.0900;9054.3700;47.6500;521.1500;2388.1400;8143.0600;8.4513;392.0000;0.6800;0;WO372403;1574.45
02-Jul-2026;ENG-005;47;2026-01-02 23:00:00;642.7400;1589.1600;1411.9500;553.5900;2388.1100;9054.3100;47.6700;521.3400;2388.0500;8131.3400;8.4344;393.0000;1.0000;0;WO798440;2943.65
2026/07/02;eng-099;45;2026-01-02 21:00:00;641.8800;1581.0600;1392.9300;554.5600;2387.9500;9059.1300;47.2700;522.1500;2388.0300;8144.6600;8.3694;390.0000;1.0000;0;WO992932;250.90
02-Jul-2026;  ENG-094 ;71;2026-01-03 23:00:00;642.5400;1590.4500;1411.0800;552.9700;2388.0800;9052.3600;47.5600;521.6400;2388.1000;8139.2600;8.4256;394.0000;0.9360;0;WO926296;688.91
2026/07/02;ENG-013;125;2026-01-06 05:00:00;642.3100;1585.8900;1398.0600;554.1000;2387.9700;9069.5100;47.4300;522.0100;2388.0500;8137.0300;8.4205;393.0000;1.0000;0;WO206427;1,656.14
2026-07-02;  ENG-082 ;99;2026-01-05 03:00:00;642.8700;1585.6800;1409.8600;554.0200;2388.1200;9065.2300;47.5400;521.8700;2388.0700;8143.6000;8.4549;394.0000;0.5760;0;WO726598;
02-Jul-2026;  ENG-023 ;53;2026-01-03 05:00:00;642.4900;1585.8700;1390.3000;554.4500;2388.0200;9052.7200;47.2600;522.2200;2388.0600;8131.4000;8.3860;391.0000;1.0000;0;WO598560;711.98
2026-07-02;  ENG-046 ;88;2026-01-04 16:00:00;642.9100;1586.7500;1413.0200;553.4800;2388.0300;9069.6300;47.3600;521.8400;2388.0800;8150.8300;8.4260;393.0000;0.8400;0;WO773649;2130.18
02-Jul-2026;ENG-065;29;2026-01-02 05:00:00;642.0900;1587.1900;1399.0100;554.0200;2387.9800;9058.4400;47.1900;522.9100;2388.0000;8150.9300;8.3915;391.0000;1.0000;0;WO219049;2,823.10
02-Jul-2026;ENG-019;63;2026-01-03 15:00:00;642.1600;1584.4200;1401.4200;554.1300;2387.9700;9043.0200;47.4600;522.8000;2388.0400;8141.9100;8.3911;393.0000;1.0000;0;WO880994;603.15
2026/07/02;ENG-061;56;2026-01-03 08:00:00;642.2100;1577.4800;1387.5800;554.5300;2388.0100;9079.2500;47.1300;522.3700;2388.0200;8157.7900;8.3963;392.0000;0.9920;0;WO893096;2,671.48
2026/07/02;ENG-049;108;2026-01-05 12:00:00;641.9500;1588.4800;1393.7200;554.4000;2388.0400;9067.1300;47.3000;522.2500;2388.0500;8143.5200;8.4058;391.0000;1.0000;0;WO750827;2066.52
02-Jul-2026;ENG-064;93;2026-01-04 21:00:00;642.0200;1589.7700;1407.6500;553.1400;2388.0500;9061.4500;47.4700;521.6600;2388.0100;8135.2300;8.4278;392.0000;0.8240;0;WO241915;2188.60
2026/07/02;ENG-037;79;2026-01-04 07:00:00;642.1100;1583.6600;1408.2100;554.3900;2388.1100;9053.6400;47.3600;522.1700;2388.1300;8129.3400;8.4221;393.0000;0.5040;0;WO410732;1809.41
02-Jul-2026;ENG-038;82;2026-01-04 10:00:00;642.6700;1588.3700;1411.4400;553.8700;2388.1500;9063.9200;47.6700;521.2500;2388.0900;8137.7400;8.4743;393.0000;0.7440;0;WO752806;2684.10
02-Jul-2026;eng-092;80;2026-01-04 08:00:00;642.9900;1585.2000;1408.0800;553.2200;2388.1800;9036.5100;47.6700;521.5600;2388.1500;8118.7000;8.4413;392.0000;0.7200;0;WO443247;2953.78
02-Jul-2026;ENG-028;100;2026-01-05 04:00:00;642.6500;1586.3900;1410.0000;553.2100;2388.1000;9052.5400;47.6000;521.5600;2388.0900;8134.6800;8.4742;395.0000;1.0000;0;WO294358;887.59
2026-07-02;ENG-037;42;2026-01-02 18:00:00;642.2900;1586.9400;1395.2800;554.3400;2388.0600;9055.6700;47.2100;522.5400;2388.0200;8141.4000;8.3961;391.0000;0.8000;0;WO733618;1521.33
2026/07/02;ENG-014;27;2026-01-02 03:00:00;642.6000;1591.0900;1410.6100;553.0500;2388.1800;9038.1300;47.5500;521.6400;2388.1600;8119.8100;8.4167;394.0000;1.0000;0;WO134790;207.02
02-Jul-2026;ENG-027;53;2026-01-03 05:00:00;643.1500;1581.3800;1394.8600;553.7700;2388.0000;9055.5100;47.1900;522.5900;2388.0400;8132.7500;8.4170;392.0000;1.0000;0;WO477420;1,391.82
2026/07/02;ENG-035;104;2026-01-05 08:00:00;642.5100;1587.6800;1414.9700;553.3400;2388.0900;9055.0700;47.7200;521.3800;2388.0900;8133.3400;8.4487;395.0000;0.8400;0;WO860092;
02-Jul-2026;ENG-065;46;2026-01-02 22:00:00;642.6000;1583.3700;1397.1700;554.2400;2388.0500;9066.2400;47.1400;522.4500;2387.9600;8149.9400;8.4126;392.0000;1.0000;0;WO976496;2550.57
2026-07-02;  ENG-057 ;85;2026-01-04 13:00:00;642.6200;1589.4100;1404.9000;553.5300;2388.0400;9046.3100;47.5100;521.7100;2388.0500;8133.0100;8.3991;393.0000;1.0000;0;WO497507;1266.75
02-Jul-2026;ENG-040;88;2026-01-04 16:00:00;643.0500;1592.4200;1415.1400;554.0000;2388.1000;9054.0100;47.5800;521.2800;2388.1800;8139.9000;8.4428;394.0000;0.5840;0;WO441268;155.22
2026-07-02;ENG-046;83;2026-01-04 11:00:00;642.5400;1583.6200;1403.8000;553.1100;2388.0400;9069.3700;47.4000;521.6900;2388.0800;8147.0200;8.4146;393.0000;;0;WO860368;2,020.81
02-Jul-2026;ENG-043;94;2026-01-04 22:00:00;642.2900;1587.8800;1408.9600;553.4100;2388.1400;9054.5500;47.4300;521.7500;2388.0400;8136.1700;8.4191;393.0000;1.0000;0;WO137955;902.92
2026-07-02;ENG-024;63;2026-01-03 15:00:00;642.6500;1580.5200;1398.3900;553.6000;2387.9900;9060.4000;47.2300;522.3100;2388.0500;8150.0600;8.4021;391.0000;;0;WO980878;2645.18
2026-07-02;ENG-036;66;2026-01-03 18:00:00;642.1000;1592.0900;1413.7200;552.9400;2388.1100;9057.8400;47.6500;520.7900;2388.0900;8139.8200;8.4575;393.0000;0.6320;0;WO911129;1,710.62
2026/07/02;ENG-016;63;2026-01-03 15:00:00;642.1300;1583.7900;1399.2100;554.7400;2388.0400;9057.0300;47.3900;522.9500;2387.9900;8138.5600;8.4194;392.0000;1.0000;0;WO653975;1155.24
2026/07/02;ENG-027;62;2026-01-03 14:00:00;641.8100;1588.7600;1396.7900;554.9800;2387.9800;9050.6100;47.1300;521.8900;2388.0200;8135.3700;8.3860;392.0000;1.0000;0;WO551311;552.29
02-Jul-2026;ENG-007;68;2026-01-03 20:00:00;642.4000;1582.4200;1399.7700;554.7900;2387.9700;9062.0100;47.3400;522.3100;2388.0100;8138.6400;8.4226;390.0000;1.0000;0;WO571098;882.35
2026-07-02;ENG-046;62;2026-01-03 14:00:00;642.3300;1589.3300;1401.0700;552.5200;2388.0600;9059.2600;47.6200;521.7100;2388.0900;8142.3600;8.4265;391.0000;1.0000;0;WO712342;691.46
2026/07/02;ENG-079;42;2026-01-02 18:00:00;641.9800;1592.1500;1406.3200;554.3600;2388.0300;9053.0500;47.4300;521.7400;2388.0800;8130.9200;8.4465;392.0000;0.9760;0;WO752839;1123.96
02-Jul-2026;eng-032;66;2026-01-03 18:00:00;642.2000;1585.0400;1400.2300;553.8800;2388.0400;9078.1000;47.2800;522.5600;2387.9600;8151.6800;8.4221;392.0000;1.0000;0;WO467642;343.87
2026/07/02;  ENG-036 ;45;2026-01-02 21:00:00;642.9900;1592.2500;1415.0900;553.6700;2388.1800;9062.4500;47.6500;520.9100;2388.1200;8134.4500;8.4190;393.0000;0.8000;0;WO381821;434.36
2026/07/02;ENG-056;60;2026-01-03 12:00:00;642.6000;1599.8200;1418.1600;553.6400;2388.1000;9039.4000;47.5300;521.1100;2388.1300;8125.1400;8.4466;395.0000;0.7280;0;WO870453;1199.68
2026/07/02;ENG-032;90;2026-01-04 18:00:00;642.5000;1583.1700;1400.0000;554.5700;2388.0100;9071.7900;47.3000;522.8300;2388.0100;8154.7100;8.3999;392.0000;0.8240;0;WO813402;1034.34
2026/07/02;ENG-005;62;2026-01-03 14:00:00;642.7900;1598.6500;1411.5000;552.9600;2388.1200;9054.4200;47.6100;521.3300;2388.1300;8133.6700;8.4278;393.0000;1.0000;0;WO119865;1086.47
2026/07/02;ENG-037;61;2026-01-03 13:00:00;641.9700;1585.4300;1397.5600;553.6400;2388.0300;9049.0600;47.4400;521.8800;2388.0300;8135.3900;8.4259;392.0000;;0;WO440967;618.80
02-Jul-2026;ENG-064;104;2026-01-05 08:00:00;642.6000;1590.3700;1400.6500;553.4300;2388.0500;9058.2900;47.4600;521.6900;2388.0800;8144.9100;8.4294;393.0000;0.7360;0;WO587842;1,457.41
02-Jul-2026;eng-007;76;2026-01-04 04:00:00;642.1800;1583.1400;1395.2400;554.3800;2388.0100;9053.3900;47.3600;522.6100;2388.0200;8139.8400;8.4036;391.0000;1.0000;0;WO155850;2042.83
2026-07-02;ENG-012;79;2026-01-04 07:00:00;641.9700;1586.1800;1402.3000;555.1200;2388.0500;9055.5300;47.3700;522.0700;2388.0000;8134.9200;8.4067;392.0000;1.0000;0;WO772248;1314.93
2026-07-02;ENG-094;64;2026-01-03 16:00:00;642.6300;1586.8600;1413.6300;553.8300;2388.0400;9055.8900;47.5500;521.1300;2388.1000;8135.2800;8.4209;390.0000;0.9920;0;WO364962;2440.40
2026-07-02;ENG-098;78;2026-01-04 06:00:00;643.1700;1591.6100;1409.4300;553.6200;2388.0800;9066.1300;47.5100;521.7600;2388.0700;8141.0700;8.4429;393.0000;0.8160;0;WO101925;2139.78
2026-07-02;eng-091;114;2026-01-05 18:00:00;643.4100;1594.6500;1409.8400;553.0200;2388.0900;9047.1000;47.5300;520.9100;2388.1900;8123.4000;8.4425;394.0000;1.0000;0;WO309398;1597.22
2026-07-02;ENG-012;111;2026-01-05 15:00:00;642.4500;1587.9700;1400.4500;554.6200;2388.0100;9062.0100;47.4200;522.3500;2388.0000;8144.1400;8.3683;392.0000;1.0000;0;WO188624;1235.51
2026/07/02;ENG-010;101;2026-01-05 05:00:00;642.4700;1585.3300;1398.1400;554.2400;2388.0100;9054.7900;47.3000;522.5100;2388.0400;8146.9100;8.4132;392.0000;1.0000;0;WO956715;967.29
2026-07-02;ENG-052;103;2026-01-05 07:00:00;642.1500;1578.3900;1399.5000;555.1200;2388.0100;9067.7600;47.1300;522.6700;2388.0200;8143.2000;8.4113;391.0000;0.9200;0;WO124783;2,748.89
2026-07-02;  ENG-100 ;79;2026-01-04 07:00:00;642.0600;1584.6600;1402.1400;554.3000;2387.9900;9059.8700;47.4200;521.6800;2387.9900;8143.0200;8.4508;393.0000;1.0000;0;WO828509;
2026/07/02;  ENG-045 ;94;2026-01-04 22:00:00;642.2900;1592.4400;1408.4200;554.0400;2388.0900;9057.9000;47.7900;521.3600;2388.1200;8141.8200;8.4054;393.0000;1.0000;0;WO933016;2,693.52
2026/07/02;ENG-057;62;2026-01-03 14:00:00;642.4700;1593.1700;1412.9400;553.9800;2388.0500;9051.5500;47.4600;521.9800;2388.0500;8130.4100;8.4211;392.0000;1.0000;0;WO116521;2627.49
2026/07/02;eng-073;74;2026-01-04 02:00:00;642.3400;1581.6900;1408.7800;553.9700;2388.0500;9054.4100;47.2700;522.2500;2388.0300;8137.5700;8.4222;391.0000;1.0000;0;WO736904;1,564.13
2026/07/02;ENG-057;106;2026-01-05 10:00:00;643.2200;1588.4500;1410.9300;553.4600;2388.1700;9048.4100;47.7000;521.3100;2388.1300;8131.6300;8.4402;391.0000;1.0000;0;WO825962;1188.79
2026/07/02;  ENG-047 ;29;2026-01-02 05:00:00;642.2000;1587.7700;1408.8200;553.1700;2388.1000;9044.5100;47.6200;521.4500;2388.1200;8121.7500;8.4575;394.0000;1.0000;0;WO982252;1421.65
02-Jul-2026;ENG-043;67;2026-01-03 19:00:00;642.4900;1588.1200;1401.3600;553.7800;2388.0600;9044.2500;47.5400;521.7100;2388.0900;8128.4200;8.3968;392.0000;1.0000;0;WO631839;703.21
02-Jul-2026;ENG-028;74;2026-01-04 02:00:00;642.5100;1594.4700;1399.2200;552.9100;2388.0800;9053.4500;47.3100;521.1100;2388.0800;8127.9000;8.4397;393.0000;1.0000;0;WO497384;
02-Jul-2026;ENG-049;145;2026-01-07 01:00:00;642.9600;1588.9700;1403.4400;554.2300;2388.0200;9064.0700;47.4200;522.0900;2388.0300;8138.3100;8.4135;393.0000;1.0000;0;WO285011;2,094.46
02-Jul-2026;ENG-082;56;2026-01-03 08:00:00;643.2200;1584.0300;1400.8400;553.6700;2388.0800;9065.8000;47.2500;522.0500;2388.0400;8147.3200;8.4159;392.0000;0.9200;0;WO903323;2,213.41
2026-07-02;  ENG-006 ;61;2026-01-03 13:00:00;642.5800;1585.2600;1406.7900;554.2800;2388.1300;9055.3400;47.4100;520.9000;2388.0900;8134.1100;8.4067;393.0000;1.0000;0;WO464024;2682.82
2026/07/02;ENG-029;63;2026-01-03 15:00:00;641.9800;1591.5900;1397.5500;553.8800;2388.0200;9053.5500;47.1700;522.3900;2388.0400;8136.4500;8.4311;392.0000;1.0000;0;WO627767;1,556.13
2026/07/02;ENG-082;105;2026-01-05 09:00:00;642.1400;1598.4800;1407.8900;553.2600;2388.1000;9062.5100;47.5500;520.9800;2388.0300;8141.1800;8.4420;393.0000;0.5280;0;WO807053;
2026-07-02;ENG-030;85;2026-01-04 13:00:00;642.5100;1584.6000;1408.5700;553.3200;2388.1300;9050.2100;47.4300;521.2200;2388.1400;8129.8600;8.4258;393.0000;1.0000;0;WO114355;2,101.72
2026-07-02;ENG-008;111;2026-01-05 15:00:00;643.0400;1592.6900;1403.2000;553.3500;2388.0900;9054.8600;47.5200;521.7500;2388.1500;8131.5400;8.4893;393.0000;1.0000;0;WO569488;
02-Jul-2026;ENG-100;124;2026-01-06 04:00:00;642.6600;1582.6800;1396.6100;554.2300;2388.0100;9068.7600;47.3000;522.0200;2388.0300;8151.2400;8.4279;393.0000;0.7520;0;WO674203;2,675.20
2026/07/02;eng-013;73;2026-01-04 01:00:00;641.6900;1583.4200;1398.9000;554.1800;2388.0500;9060.1700;47.0600;522.3600;2387.9900;8146.6900;8.4132;392.0000;1.0000;0;WO548780;2,679.38
02-Jul-2026;  ENG-031 ;129;2026-01-06 09:00:00;642.0800;1585.5800;1410.9300;553.8200;2388.0300;9078.0100;47.5600;521.8700;2388.1000;8146.7700;8.4273;395.0000;0.6000;0;WO163458;617.63
2026-07-02;ENG-053;62;2026-01-03 14:00:00;642.2500;1592.4900;1398.9000;553.8100;2388.0600;9060.5600;47.3300;522.1900;2388.0300;8135.0600;8.4079;392.0000;1.0000;0;WO845794;1,927.00
2026-07-02;ENG-020;85;2026-01-04 13:00:00;642.4500;1590.2200;1408.0300;553.7800;2388.0700;9065.6200;47.4800;521.7900;2388.0100;8143.7400;8.3957;393.0000;0.9200;0;WO319696;2,585.47
2026-07-02;ENG-021;95;2026-01-04 23:00:00;642.1300;1585.2900;1398.0200;554.2200;2388.0400;9061.0800;47.3400;521.7400;2388.0200;8139.4000;8.4123;391.0000;0.8800;0;WO201262;1580.72
2026/07/02;ENG-023;72;2026-01-04 00:00:00;641.8000;1585.0800;1401.4100;553.9100;2388.0200;9053.6600;47.3800;522.0400;2387.9900;8133.3100;8.4084;392.0000;1.0000;0;WO998899;2809.35
2026-07-02;  ENG-056 ;70;2026-01-03 22:00:00;642.5100;1591.5700;1420.0200;553.1500;2388.1200;9044.5800;47.5800;521.4100;2388.1500;8123.4500;8.4366;393.0000;0.6480;0;WO276551;1,706.01
2026/07/02;ENG-032;67;2026-01-03 19:00:00;642.5900;1582.7900;1393.7900;555.0000;2388.0200;9071.5500;47.1100;522.5900;2388.0500;8153.7600;8.4293;392.0000;1.0000;0;WO699418;1352.54
02-Jul-2026;ENG-045;80;2026-01-04 08:00:00;642.5700;1589.8600;1405.8300;552.8600;2388.1300;9054.9400;47.4900;521.8400;2388.0700;8146.5700;8.4504;392.0000;1.0000;0;WO501157;2,669.93
2026-07-02;ENG-020;106;2026-01-05 10:00:00;642.3900;1587.2100;1399.9800;554.0500;2388.0800;9064.8000;47.5200;521.2700;2388.0200;8139.6900;8.4376;393.0000;0.7520;0;WO504681;1,894.07
2026/07/02;ENG-100;100;2026-01-05 04:00:00;642.6200;1587.3200;1392.1000;554.4800;2388.0400;9066.4500;47.2800;522.1700;2388.0500;8143.4700;8.4119;393.0000;0.9440;0;WO942798;899.97
2026-07-02;eng-018;83;2026-01-04 11:00:00;642.5100;1593.3700;1402.2500;554.0800;2388.0100;9059.2800;47.5000;521.5300;2388.0600;8148.2800;8.4347;393.0000;0.6240;0;WO533227;1692.53
2026-07-02;ENG-080;64;2026-01-03 16:00:00;642.2500;1593.0900;1403.9800;554.1900;2388.0300;9062.6100;47.5100;521.2900;2387.9900;8145.3000;8.4482;394.0000;1.0000;0;WO789087;2437.89
2026-07-02;ENG-061;85;2026-01-04 13:00:00;642.4700;1587.4700;1405.6000;554.0400;2388.0400;9065.0900;47.2200;522.0700;2387.9800;8145.4900;8.4181;392.0000;0.7600;0;WO405178;2336.77
02-Jul-2026;  ENG-060 ;88;2026-01-04 16:00:00;641.9700;1592.8600;1412.2400;553.4400;2388.1100;9049.1300;47.4800;521.3500;2388.1000;8134.3900;8.4114;393.0000;1.0000;0;WO914017;1707.26
2026-07-02;ENG-077;79;2026-01-04 07:00:00;642.7400;1582.9800;1400.0700;554.4100;2388.1000;9055.2700;47.3800;521.2900;2388.0300;8129.7900;8.4270;392.0000;0.9360;0;WO389707;1,786.87
02-Jul-2026;  ENG-045 ;66;2026-01-03 18:00:00;643.1600;1590.3900;1414.0600;553.8100;2388.1300;9062.7200;47.6100;521.8600;2388.1100;8140.7900;8.4485;393.0000;1.0000;0;WO800817;2428.01
2026-07-02;ENG-060;77;2026-01-04 05:00:00;642.1900;1584.7000;1413.7900;553.6300;2388.0700;9048.6100;47.3600;522.0000;2388.0700;8133.1400;8.4708;394.0000;1.0000;0;WO714839;1,182.03
2026-07-02;ENG-044;36;2026-01-02 12:00:00;642.5800;1588.0700;1403.7800;554.9400;2388.0900;9052.3900;47.7000;521.7600;2388.0600;8130.6600;8.4188;391.0000;;0;WO183499;2,635.84
2026-07-02;ENG-024;119;2026-01-05 23:00:00;642.3500;1583.2500;1404.4400;554.1900;2388.0200;9076.6400;47.2900;522.9400;2388.0200;8162.4000;8.4110;390.0000;0.6960;0;WO191629;1408.85
02-Jul-2026;ENG-006;67;2026-01-03 19:00:00;642.7200;1592.7500;1409.0800;553.1500;2388.1300;9053.8500;47.3700;521.5800;2388.1400;8132.2200;8.4235;393.0000;1.0000;0;WO591754;1961.70
02-Jul-2026;  ENG-082 ;95;2026-01-04 23:00:00;642.7500;1585.3100;1405.1700;553.6400;2388.0500;9061.8300;47.3800;521.8400;2388.0600;8142.9000;8.4408;392.0000;0.6080;0;WO620724;2131.08
02-Jul-2026;ENG-097;83;2026-01-04 11:00:00;641.9200;1587.9900;1405.5200;554.4200;2388.0400;9068.2900;47.2000;522.1400;2388.0200;8146.4900;8.4282;392.0000;1.0000;0;WO500408;130.40
02-Jul-2026;ENG-009;36;2026-01-02 12:00:00;642.5700;1592.4700;1405.1300;552.2600;2388.0800;9046.4200;47.4800;521.3100;2388.1000;8135.2100;8.4138;393.0000;;0;WO756805;365.48
2026-07-02;ENG-090;53;2026-01-03 05:00:00;642.4000;1592.8500;1409.2100;553.7600;2388.0400;9050.7200;47.4900;521.6600;2388.0400;8127.9800;8.4148;392.0000;;0;WO169868;1510.06
02-Jul-2026;ENG-090;91;2026-01-04 19:00:00;642.4200;1592.3300;1408.0200;552.7500;2388.0900;9058.5000;47.4600;521.4100;2388.1100;8139.5300;8.4441;392.0000;0.6640;0;WO580272;715.65
02-Jul-2026;ENG-084;109;2026-01-05 13:00:00;643.1700;1595.9400;1418.7500;553.7200;2388.1200;9050.4000;47.6700;521.3500;2388.1700;8132.5200;8.4535;394.0000;0.9680;0;WO283800;2,669.20
2026-07-02;ENG-021;64;2026-01-03 16:00:00;642.3500;1583.2300;1396.8900;553.1200;2388.0200;9054.0600;47.3300;522.4000;2388.0300;8136.2800;8.3813;393.0000;1.0000;0;WO958087;2,263.68
2026-07-02;eng-049;134;2026-01-06 14:00:00;642.1800;1585.3900;1403.0700;554.9900;2388.0800;9059.5400;47.2800;522.1100;2388.0400;8143.8500;8.4222;391.0000;1.0000;0;WO913222;2106.87
2026-07-02;ENG-007;67;2026-01-03 19:00:00;641.5900;1582.5400;1405.5300;554.0000;2387.9800;9061.1800;47.2500;522.1900;2388.0300;8141.7900;8.3997;393.0000;1.0000;0;WO480744;1675.44
2026/07/02;ENG-065;35;2026-01-02 11:00:00;642.3100;1580.9300;1398.2600;554.1800;2388.0000;9067.2400;46.9900;522.2700;2387.9700;8151.9000;8.3696;391.0000;1.0000;0;WO325365;792.01
02-Jul-2026;ENG-078;46;2026-01-02 22:00:00;641.6600;1585.7200;1403.1200;554.9800;2388.0100;9066.3100;47.3500;522.6000;2387.9600;8145.0500;8.4098;391.0000;1.0000;0;WO730246;1929.10
02-Jul-2026;  ENG-100 ;109;2026-01-05 13:00:00;642.1100;1585.9300;1399.0800;553.7000;2388.0400;9068.1400;47.3500;521.7400;2388.1000;8148.0300;8.4171;391.0000;0.8720;0;WO488848;2,759.72
02-Jul-2026;eng-078;44;2026-01-02 20:00:00;642.4100;1577.7900;1391.3600;554.0500;2388.0000;9058.4200;47.0800;522.3500;2388.0000;8145.6900;8.4244;394.0000;1.0000;0;WO698464;
02-Jul-2026;ENG-069;31;2026-01-02 07:00:00;642.1000;1588.7800;1409.3000;553.7800;2388.1000;9046.3400;47.2400;521.7200;2388.0800;8129.1500;8.4250;394.0000;1.0000;0;WO752918;1,098.34
2026-07-02;ENG-024;97;2026-01-05 01:00:00;641.8400;1584.8200;1394.8000;553.8000;2387.9400;9067.7800;47.2900;522.0400;2387.9900;8153.6000;8.3765;391.0000;0.8720;0;WO176780;
2026-07-02;eng-090;67;2026-01-03 19:00:00;642.4500;1595.8100;1408.7900;553.5700;2388.0500;9056.5900;47.4100;521.9800;2388.0700;8135.9700;8.3958;392.0000;0.8560;0;WO858949;639.71
2026/07/02;ENG-029;83;2026-01-04 11:00:00;642.0400;1584.4400;1405.6600;554.3100;2387.9900;9056.8100;47.3200;521.9900;2388.0400;8136.5100;8.4008;392.0000;;0;WO248004;2,967.14
2026-07-02;ENG-085;16;2026-01-01 16:00:00;642.7400;1591.9300;1401.2900;553.2300;2388.1000;9047.6900;47.4200;521.3900;2388.1200;8120.5300;8.4183;393.0000;1.0000;0;WO547846;2282.09
02-Jul-2026;  ENG-020 ;92;2026-01-04 20:00:00;642.2900;1586.2000;1401.4900;553.5900;2388.0800;9064.6000;47.5100;521.5000;2388.1200;8137.8500;8.4369;394.0000;0.8640;0;WO650853;1,199.57
2026/07/02;ENG-091;113;2026-01-05 17:00:00;643.7300;1588.8700;1412.3800;553.1700;2388.1800;9054.7400;47.5300;521.5900;2388.1100;8130.1500;8.4513;394.0000;1.0000;0;WO773287;891.91
02-Jul-2026;ENG-095;33;2026-01-02 09:00:00;642.3400;1577.8000;1404.7200;554.0800;2388.1100;9047.2600;47.3500;522.0900;2388.0600;8129.6000;8.4445;392.0000;1.0000;0;WO691775;453.30
2026-07-02;ENG-072;72;2026-01-04 00:00:00;642.1600;1581.5700;1406.6100;553.7600;2388.0400;9065.2200;47.3800;522.0100;2388.0800;8142.5400;8.4260;391.0000;0.8720;0;WO329062;2999.05
2026-07-02;  ENG-094 ;82;2026-01-04 10:00:00;642.9700;1593.4800;1402.8600;553.7600;2388.0700;9052.8400;47.5800;521.3200;2388.1200;8130.8000;8.4483;393.0000;0.8480;0;WO992465;1,908.01
2026-07-02;ENG-067;39;2026-01-02 15:00:00;642.6200;1584.3700;1403.7700;553.8200;2388.0800;9051.8400;47.3800;522.2400;2388.0800;8134.3800;8.4336;390.0000;0.8720;0;WO692547;1540.68
2026/07/02;ENG-099;43;2026-01-02 19:00:00;641.6200;1580.5100;1395.8900;554.4200;2388.0000;9065.4800;47.0100;522.3500;2387.9800;8145.3400;8.3692;390.0000;1.0000;0;WO872939;
2026/07/02;ENG-037;71;2026-01-03 23:00:00;642.4800;1586.1300;1401.0000;553.6300;2388.0100;9053.2900;47.2700;522.2800;2388.0300;8134.9400;8.4027;393.0000;0.5680;0;WO383448;2984.68
2026/07/02;ENG-018;65;2026-01-03 17:00:00;642.2700;1588.6500;1397.0700;553.8700;2388.0200;9064.0800;47.4600;522.2000;2388.0300;8146.7700;8.4499;393.0000;0.7680;0;WO882519;790.11
2026/07/02;  ENG-089 ;109;2026-01-05 13:00:00;643.3000;1586.2400;1407.2000;553.8000;2388.0900;9047.7500;47.4300;521.4800;2388.1100;8127.9000;8.4592;393.0000;1.0000;0;WO737717;
2026-07-02;ENG-091;123;2026-01-06 03:00:00;642.8000;1596.9400;1415.8900;553.6700;2388.1300;9054.4300;47.6100;521.1800;2388.1100;8129.3600;8.4193;393.0000;1.0000;0;WO328303;1907.92
2026-07-02;ENG-062;140;2026-01-06 20:00:00;642.5900;1579.6900;1392.3000;554.6800;2388.0000;9059.1000;47.2800;522.4500;2388.0000;8145.2800;8.3876;391.0000;1.0000;0;WO510420;2285.05
2026-07-02;ENG-072;55;2026-01-03 07:00:00;642.2700;1586.8000;1396.1400;553.4000;2388.0300;9066.5700;47.3600;522.2700;2388.0600;8148.2800;8.3938;392.0000;1.0000;0;WO805077;1864.29
2026/07/02;ENG-012;122;2026-01-06 02:00:00;642.6300;1584.2700;1397.4900;554.4000;2388.0500;9063.0600;47.2600;521.9800;2388.0400;8135.4700;8.4243;393.0000;1.0000;0;WO694197;755.24
2026-07-02;ENG-099;38;2026-01-02 14:00:00;642.0600;1582.4200;1400.8900;554.8900;2387.9900;9058.8800;47.1500;522.1100;2387.9900;8142.7400;8.4253;391.0000;1.0000;0;WO340943;
2026/07/02;ENG-098;53;2026-01-03 05:00:00;642.2400;1588.6900;1406.2300;553.4000;2388.0200;9061.7200;47.6200;522.2400;2388.0400;8140.1900;8.4282;391.0000;1.0000;0;WO218384;1,427.93
02-Jul-2026;ENG-046;96;2026-01-05 00:00:00;642.6700;1590.1600;1406.0300;553.0100;2388.0300;9077.2800;47.3600;522.0000;2388.1100;8154.8800;8.4401;392.0000;0.7760;0;WO838021;1,193.54
2026-07-02;ENG-098;76;2026-01-04 04:00:00;642.7500;1586.6400;1407.1200;553.3300;2388.1100;9053.9200;47.4600;521.7600;2388.0500;8138.1300;8.4428;394.0000;0.8320;0;WO883076;1123.27
2026-07-02;ENG-052;126;2026-01-06 06:00:00;642.0700;1586.7000;1393.9200;553.0600;2387.9800;9066.4700;47.1800;522.2500;2388.0000;8147.7000;8.4041;392.0000;;0;WO689504;1432.08
2026/07/02;ENG-096;44;2026-01-02 20:00:00;642.4000;1590.9500;1392.6500;554.2800;2388.0900;9065.2500;47.3100;522.5400;2387.9500;8147.9300;8.3646;391.0000;1.0000;0;WO926403;2,326.96
2026/07/02;  ENG-052 ;89;2026-01-04 17:00:00;642.2800;1578.4700;1398.9100;554.9200;2388.0200;9056.4000;47.1000;523.0500;2388.0400;8136.7400;8.4166;392.0000;1.0000;0;WO615835;63.36
02-Jul-2026;ENG-003;45;2026-01-02 21:00:00;642.5500;1588.3600;1405.7500;552.3000;2388.1300;9058.3000;47.5700;521.0000;2388.1400;8125.8400;8.4227;394.0000;1.0000;0;WO583900;1,919.85
2026-07-02;ENG-086;56;2026-01-03 08:00:00;642.3100;1590.5300;1411.3200;553.6900;2388.1200;9062.0100;47.4300;522.1800;2388.0500;8139.4300;8.4459;392.0000;1.0000;0;WO744560;2913.12
2026/07/02;eng-003;61;2026-01-03 13:00:00;642.2600;1594.7600;1408.8800;553.7400;2388.1200;9049.6400;47.5900;521.1900;2388.0800;8135.7000;8.4224;395.0000;1.0000;0;WO680996;1542.85
2026-07-02;ENG-019;50;2026-01-03 02:00:00;642.5600;1590.6000;1401.6100;554.7200;2388.0100;9050.8600;47.1900;522.6700;2388.0200;8132.9600;8.3900;391.0000;1.0000;0;WO202911;1059.80
2026-07-02;ENG-064;84;2026-01-04 12:00:00;642.5400;1590.4100;1399.3200;553.7400;2388.1100;9057.7200;47.4700;521.7100;2388.0400;8142.7600;8.4414;393.0000;0.8960;0;WO430619;796.20
02-Jul-2026;  ENG-031 ;73;2026-01-04 01:00:00;642.7800;1586.0900;1398.0100;554.0200;2388.0300;9063.4300;47.4500;521.6600;2388.0700;8147.6600;8.4180;392.0000;1.0000;0;WO282943;2,139.76
02-Jul-2026;ENG-097;86;2026-01-04 14:00:00;642.3100;1585.6900;1399.9200;555.4700;2388.0900;9066.1200;47.2900;522.3600;2388.0700;8152.7300;8.4179;392.0000;1.0000;0;WO748606;496.96
2026-07-02;ENG-082;106;2026-01-05 10:00:00;641.9900;1581.2800;1404.5900;553.6600;2388.1300;9058.3900;47.6300;521.6100;2388.0500;8141.9200;8.4107;394.0000;0.5200;0;WO347078;2353.06
2026/07/02;ENG-034;115;2026-01-05 19:00:00;642.3400;1584.6100;1400.7400;553.8200;2387.9800;9065.9600;47.3100;521.7300;2388.0100;8141.1700;8.4076;391.0000;0.7600;0;WO892033;430.70
2026-07-02;eng-066;93;2026-01-04 21:00:00;643.2300;1588.9100;1411.2500;553.8800;2388.0900;9072.5000;47.6200;521.2500;2388.0900;8152.8300;8.4464;392.0000;0.5440;0;WO611468;715.76
2026/07/02;ENG-082;61;2026-01-03 13:00:00;642.4900;1590.7600;1402.7300;553.5700;2388.1300;9062.9600;47.2000;521.5400;2388.0200;8143.5800;8.3996;391.0000;0.8800;0;WO322406;2,459.36
02-Jul-2026;ENG-068;86;2026-01-04 14:00:00;642.0700;1589.1600;1405.7900;554.0000;2388.1000;9054.0200;47.4600;521.3200;2388.1100;8137.0900;8.3882;393.0000;0.8720;0;WO725603;1,056.32
2026-07-02;ENG-051;90;2026-01-04 18:00:00;642.4000;1587.2700;1411.4200;553.1300;2388.0800;9045.0300;47.3700;521.5400;2388.1000;8135.9500;8.4275;393.0000;1.0000;0;WO985232;672.99
2026/07/02;ENG-035;95;2026-01-04 23:00:00;642.9100;1591.6000;1411.1500;552.9800;2388.1200;9056.6100;47.6500;521.4000;2388.1100;8133.0300;8.4346;394.0000;0.9120;0;WO668336;1,419.22
02-Jul-2026;eng-040;70;2026-01-03 22:00:00;642.9900;1597.2400;1410.8600;552.9000;2388.1300;9056.6000;47.8300;520.9100;2388.0900;8134.1000;8.4237;393.0000;0.7280;0;WO832355;2324.86
2026/07/02;eng-090;78;2026-01-04 06:00:00;642.3400;1595.0100;1402.7600;554.0000;2388.1300;9048.5100;47.6900;521.6700;2388.1800;8137.0600;8.4378;394.0000;0.7680;0;WO671468;671.90
02-Jul-2026;ENG-070;76;2026-01-04 04:00:00;642.5700;1590.9200;1409.1500;553.9800;2388.1000;9049.6200;47.3700;521.4800;2388.0800;8129.8900;8.3925;392.0000;1.0000;0;WO345872;296.24
2026/07/02;  ENG-075 ;53;2026-01-03 05:00:00;642.5500;1584.7200;1405.3300;554.5200;2388.0100;9065.4500;47.3100;522.1900;2388.1000;8140.2000;8.4293;393.0000;1.0000;0;WO624798;
02-Jul-2026;eng-078;25;2026-01-02 01:00:00;641.3700;1583.7300;1398.6200;553.9700;2387.9800;9065.6000;47.1800;522.6700;2387.9800;8141.2600;8.3718;391.0000;1.0000;0;WO491810;2923.19
02-Jul-2026;  ENG-003 ;48;2026-01-03 00:00:00;642.2600;1586.6300;1411.5900;553.3100;2388.0800;9056.7600;47.5800;521.8500;2388.0900;8135.4600;8.4567;393.0000;1.0000;0;WO460645;2317.18
2026/07/02;eng-010;122;2026-01-06 02:00:00;642.0500;1581.4600;1393.1800;554.5600;2388.0700;9062.4900;47.1700;521.4900;2387.9800;8136.6000;8.3753;392.0000;1.0000;0;WO860896;2,143.41
02-Jul-2026;ENG-010;78;2026-01-04 06:00:00;642.3700;1584.5100;1402.0600;554.5700;2387.9800;9059.5500;47.0800;522.0100;2388.0400;8146.7800;8.3806;392.0000;1.0000;0;WO162174;1710.71
2026/07/02;ENG-066;92;2026-01-04 20:00:00;642.8800;1592.6700;1414.7000;553.3900;2388.1400;9075.6400;47.5500;521.5400;2388.0900;8150.1100;8.4358;393.0000;0.5520;0;WO380266;965.86
2026/07/02;  ENG-054 ;71;2026-01-03 23:00:00;642.5800;1583.8500;1396.4100;554.8300;2387.9400;9058.7900;47.2800;522.6600;2388.0600;8138.1800;8.4088;391.0000;1.0000;0;WO926159;2,157.34
02-Jul-2026;  ENG-008 ;96;2026-01-05 00:00:00;642.7200;1586.7200;1407.4200;553.5400;2388.0800;9042.0700;47.5100;521.1000;2388.0900;8128.8300;8.4462;394.0000;1.0000;0;WO791480;373.71
2026/07/02;  ENG-011 ;34;2026-01-02 10:00:00;642.4000;1584.5800;1405.2600;553.2300;2388.1700;9045.5000;47.5100;521.0400;2388.1200;8121.3300;8.4060;393.0000;1.0000;0;WO613505;537.15
2026/07/02;ENG-015;34;2026-01-02 10:00:00;642.6100;1582.8600;1396.5200;554.9900;2388.0500;9059.5700;47.4400;522.3700;2388.0300;8137.6200;8.4118;392.0000;1.0000;0;WO478550;278.93
02-Jul-2026;ENG-081;141;2026-01-06 21:00:00;642.3200;1585.2600;1416.6000;553.5700;2388.0700;9078.6200;47.5800;521.5900;2388.0800;8149.0300;8.4456;394.0000;0.6400;0;WO833633;398.26
2026/07/02;eng-076;83;2026-01-04 11:00:00;642.1400;1586.3100;1397.5100;554.4900;2388.0800;9057.3000;47.3100;521.9900;2388.0400;8139.2200;8.3962;393.0000;1.0000;0;WO860608;1,453.64
2026-07-02;  ENG-035 ;76;2026-01-04 04:00:00;642.6600;1590.5000;1404.7000;553.5600;2388.1500;9058.9500;47.5300;521.5100;2388.1600;8136.1100;8.4411;394.0000;1.0000;0;WO689043;2,756.25
2026/07/02;  ENG-015 ;35;2026-01-02 11:00:00;642.4400;1583.7300;1400.9300;554.5100;2388.0000;9056.7900;47.3000;522.2700;2388.0400;8136.2900;8.3875;393.0000;0.9920;0;WO569089;993.20
2026/07/02;ENG-024;92;2026-01-04 20:00:00;642.6300;1576.9600;1395.1100;554.8200;2388.0000;9067.1100;47.3100;521.9400;2388.0600;8149.8900;8.4162;393.0000;0.9120;0;WO889151;2897.49
2026-07-02;eng-032;57;2026-01-03 09:00:00;642.0300;1583.6400;1387.7800;554.1600;2387.9700;9068.2100;47.0900;522.2600;2387.9300;8147.8100;8.3689;391.0000;1.0000;0;WO910176;
02-Jul-2026;ENG-081;80;2026-01-04 08:00:00;641.8300;1585.7400;1403.2700;554.2800;2388.0500;9071.2300;47.4400;521.9100;2387.9900;8150.8200;8.4330;393.0000;1.0000;0;WO219509;2234.81
2026/07/02;ENG-027;67;2026-01-03 19:00:00;642.3400;1580.8300;1397.4900;553.8200;2388.0500;9048.1200;47.0900;521.5100;2388.0800;8131.7400;8.4272;392.0000;1.0000;0;WO116855;2265.67
2026/07/02;ENG-029;76;2026-01-04 04:00:00;642.1500;1580.5400;1407.5500;553.0900;2388.0300;9058.6100;47.3900;522.3000;2388.0300;8132.2200;8.4107;393.0000;1.0000;0;WO797037;2197.86
02-Jul-2026;ENG-028;86;2026-01-04 14:00:00;642.8900;1584.0300;1409.1400;553.4500;2388.0700;9044.7400;47.4400;521.9800;2388.0200;8130.8100;8.4312;393.0000;1.0000;0;WO844546;856.01
2026/07/02;ENG-049;201;2026-01-09 09:00:00;642.2800;1587.6000;1400.9300;554.0300;2388.0700;9053.8800;47.3200;522.4900;2388.0200;8139.3600;8.3768;394.0000;0.9840;0;WO880750;1,706.11
2026-07-02;ENG-079;48;2026-01-03 00:00:00;642.4200;1581.6200;1398.1800;554.5300;2388.0800;9051.3100;47.3100;522.4600;2388.0700;8133.5700;8.3980;392.0000;0.9280;0;WO129404;355.41
02-Jul-2026;ENG-045;98;2026-01-05 02:00:00;642.5300;1595.2100;1414.1300;553.7100;2388.0700;9063.9200;47.5200;521.6300;2388.0600;8143.4500;8.4616;395.0000;1.0000;0;WO231413;293.54
2026-07-02;ENG-091;95;2026-01-04 23:00:00;642.7700;1593.7900;1413.2600;553.4000;2388.1500;9046.8000;47.5200;521.5100;2388.1100;8127.4300;8.4597;395.0000;1.0000;0;WO912298;345.64
2026-07-02;ENG-037;80;2026-01-04 08:00:00;642.3200;1592.1600;1403.9600;553.3200;2388.0600;9052.6200;47.2800;521.5200;2388.0600;8132.4700;8.4348;391.0000;0.4960;0;WO972560;1,757.40
02-Jul-2026;ENG-069;21;2026-01-01 21:00:00;642.0600;1590.3800;1406.2900;553.6000;2388.1000;9055.4400;47.3800;522.1700;2388.1200;8128.9400;8.4564;392.0000;1.0000;0;WO690698;610.01
2026-07-02;ENG-012;145;2026-01-07 01:00:00;641.9200;1595.1200;1399.2100;553.7300;2387.9800;9057.4800;47.3500;521.9300;2388.0800;8141.2800;8.4157;392.0000;1.0000;0;WO247999;1,611.20
2026/07/02;ENG-008;58;2026-01-03 10:00:00;642.3900;1591.1400;1409.7300;553.7700;2388.1200;9045.2200;47.3400;521.7500;2388.1300;8127.4600;8.4271;393.0000;1.0000;0;WO286941;2452.60
2026-07-02;ENG-094;89;2026-01-04 17:00:00;642.9100;1586.0100;1404.6300;553.2300;2388.0700;9051.2000;47.6900;521.6600;2388.1100;8141.1700;8.4680;394.0000;0.7920;0;WO693157;1,871.62
02-Jul-2026;ENG-065;37;2026-01-02 13:00:00;642.2100;1585.2100;1393.8500;552.9600;2388.0300;9067.4800;47.1300;522.1300;2388.0800;8146.5100;8.3870;391.0000;1.0000;0;WO940829;2700.88
2026-07-02;ENG-062;145;2026-01-07 01:00:00;642.4800;1586.2800;1399.9700;553.6000;2387.9800;9064.1800;47.2800;521.4200;2388.0400;8141.1900;8.4115;389.0000;1.0000;0;WO954823;1,378.10
2026-07-02;ENG-063;86;2026-01-04 14:00:00;642.7800;1587.3000;1404.4200;552.7700;2388.1400;9054.4600;47.6900;521.6900;2388.1100;8134.8000;8.4596;392.0000;1.0000;0;WO173312;251.89
2026-07-02;ENG-052;116;2026-01-05 20:00:00;642.1400;1584.7000;1401.0500;554.8600;2388.0600;9063.1200;47.3300;521.9800;2387.9200;8139.7700;8.3986;392.0000;0.8160;0;WO547350;1,366.02
2026/07/02;ENG-083;47;2026-01-02 23:00:00;642.3900;1580.6000;1401.2300;553.7500;2388.0500;9062.7900;47.4700;521.9000;2388.1100;8138.7700;8.4025;392.0000;1.0000;0;WO437827;2578.18
2026-07-02;eng-093;144;2026-01-07 00:00:00;642.4800;1587.6500;1411.8200;553.1500;2388.1000;9059.7600;47.5100;521.6600;2388.1400;8137.9900;8.4116;394.0000;1.0000;0;WO284094;2908.57
2026/07/02;ENG-010;65;2026-01-03 17:00:00;642.1600;1584.7000;1389.9700;554.6800;2388.0500;9064.0900;47.2300;522.2800;2388.0600;8149.0900;8.3703;393.0000;1.0000;0;WO134569;872.84
02-Jul-2026;ENG-062;124;2026-01-06 04:00:00;641.4300;1581.2200;1402.5800;554.1800;2387.9700;9055.3300;47.0600;522.1100;2388.0200;8145.3600;8.3903;392.0000;1.0000;0;WO643332;2,537.11
2026/07/02;ENG-061;104;2026-01-05 08:00:00;642.4300;1588.6600;1401.8200;553.7000;2388.0900;9066.4100;47.4400;522.2900;2388.0200;8151.9000;8.4146;392.0000;0.6080;0;WO155278;501.01
02-Jul-2026;ENG-008;108;2026-01-05 12:00:00;642.9100;1590.7700;1400.0200;553.3700;2388.0900;9048.7600;47.4700;521.5800;2388.0700;8133.7600;8.4352;393.0000;1.0000;0;WO372017;127.72
2026-07-02;ENG-059;45;2026-01-02 21:00:00;642.3800;1585.7000;1397.4700;554.5000;2388.0600;9057.9500;47.0300;522.5700;2388.0400;8139.1300;8.4018;392.0000;1.0000;0;WO957260;1,013.86
02-Jul-2026;ENG-041;49;2026-01-03 01:00:00;642.1800;1578.2100;1403.9200;554.3300;2388.0300;9044.7500;47.2000;522.2400;2388.0400;8128.1600;8.4266;393.0000;;0;WO970702;714.19
2026/07/02;ENG-070;93;2026-01-04 21:00:00;642.7800;1591.5500;1404.7500;553.9900;2388.0300;9054.8000;47.3100;521.7800;2388.1000;8138.8100;8.4248;393.0000;1.0000;0;WO602476;2159.78
2026-07-02;eng-027;54;2026-01-03 06:00:00;642.2000;1580.3100;1394.4400;554.2700;2388.0600;9052.1900;47.0600;522.2600;2388.0600;8140.9400;8.4297;392.0000;1.0000;0;WO228873;2850.11
2026-07-02;ENG-049;197;2026-01-09 05:00:00;642.5600;1586.1600;1399.3800;553.6000;2388.0800;9058.0400;47.3900;521.7600;2388.0600;8141.3900;8.4236;392.0000;1.0000;0;WO263859;1,860.14
02-Jul-2026;ENG-091;89;2026-01-04 17:00:00;642.5900;1589.8600;1415.8300;552.5000;2388.1100;9050.8200;47.4500;521.2900;2388.1200;8123.2200;8.4565;393.0000;1.0000;0;WO185854;2512.28
2026/07/02;  ENG-073 ;70;2026-01-03 22:00:00;642.8000;1583.7900;1397.1800;554.2700;2388.0400;9053.3100;47.2100;522.4000;2388.0600;8133.8100;8.3978;393.0000;1.0000;0;WO118820;2,081.86
2026/07/02;ENG-003;70;2026-01-03 22:00:00;642.8000;1590.8800;1403.0800;553.5800;2388.1000;9053.7100;47.5000;521.2800;2388.1400;8133.0500;8.4304;393.0000;;0;WO726253;396.15
2026/07/02;ENG-087;36;2026-01-02 12:00:00;642.7300;1590.6600;1402.7000;553.7700;2388.0300;9054.7400;47.1600;521.8300;2387.9900;8140.4100;8.3665;393.0000;1.0000;0;WO501409;1232.81
02-Jul-2026;eng-027;49;2026-01-03 01:00:00;642.4100;1588.1100;1404.8200;554.3300;2388.0000;9051.1200;47.3100;522.0700;2388.0600;8132.7900;8.4226;391.0000;1.0000;0;WO258713;1663.47
2026-07-02;ENG-017;64;2026-01-03 16:00:00;642.4300;1581.7200;1400.9100;554.3100;2388.0300;9072.4300;47.1000;522.3100;2388.0100;8155.8000;8.4048;392.0000;1.0000;0;WO130109;1521.79
02-Jul-2026;  ENG-005 ;60;2026-01-03 12:00:00;642.9000;1581.3900;1403.8300;553.5700;2388.1200;9053.8700;47.5000;521.7700;2388.1400;8136.7500;8.4244;394.0000;1.0000;0;WO233074;1,609.80
2026/07/02;ENG-033;34;2026-01-02 10:00:00;642.9800;1585.5100;1414.9900;552.7500;2388.1200;9060.9500;47.5500;520.8100;2388.1200;8135.7100;8.3842;394.0000;0.9760;0;WO177918;198.08
2026-07-02;eng-038;56;2026-01-03 08:00:00;642.9400;1596.4800;1412.2100;553.2100;2388.1700;9053.8400;47.7100;521.1700;2388.1200;8137.4300;8.4797;393.0000;0.9520;0;WO972692;2817.69
2026/07/02;ENG-031;113;2026-01-05 17:00:00;642.7400;1575.5000;1406.6600;554.1500;2388.0800;9066.3500;47.4400;521.3700;2388.0700;8149.8300;8.4263;394.0000;0.7280;0;WO562586;402.96
02-Jul-2026;ENG-064;95;2026-01-04 23:00:00;642.1000;1588.2000;1401.6000;553.5400;2388.0900;9057.0500;47.3800;521.8100;2388.1100;8138.8200;8.4280;395.0000;0.8080;0;WO347789;737.63
2026/07/02;ENG-094;76;2026-01-04 04:00:00;642.6300;1583.8200;1411.1500;553.5900;2388.1400;9062.8700;47.5900;521.4500;2388.0800;8136.7200;8.4209;393.0000;0.8960;0;WO660771;2454.78
02-Jul-2026;ENG-100;84;2026-01-04 12:00:00;642.0000;1579.3300;1398.5600;554.5100;2388.0500;9056.3300;47.2600;522.2100;2388.0400;8144.4700;8.4096;392.0000;1.0000;0;WO133632;1115.69
02-Jul-2026;ENG-096;36;2026-01-02 12:00:00;641.7100;1577.5700;1392.5800;554.5400;2388.0200;9065.0400;47.2000;522.0400;2388.0300;8151.7600;8.3791;390.0000;1.0000;0;WO389956;1904.47
2026/07/02;ENG-024;106;2026-01-05 10:00:00;642.5500;1579.3300;1401.3100;554.8000;2388.0400;9069.6900;47.1400;522.2000;2387.9600;8154.6600;8.4054;391.0000;0.8000;0;WO567561;191.31
2026-07-02;  ENG-096 ;41;2026-01-02 17:00:00;641.5400;1585.7700;1400.4000;554.6500;2388.0300;9079.7600;47.2200;522.5200;2387.9900;8151.7500;8.3852;392.0000;1.0000;0;WO585528;2684.84
02-Jul-2026;  ENG-077 ;107;2026-01-05 11:00:00;641.9600;1589.1400;1406.3200;554.1500;2388.0900;9049.4700;47.4800;521.7700;2388.0800;8130.6600;8.3854;392.0000;0.7120;0;WO399125;1,221.15
02-Jul-2026;ENG-080;59;2026-01-03 11:00:00;641.9900;1592.3600;1395.9200;554.0300;2388.0500;9066.4000;47.3000;522.0000;2388.0400;8148.7600;8.3886;393.0000;1.0000;0;WO207794;374.44
02-Jul-2026;ENG-027;56;2026-01-03 08:00:00;642.4900;1584.6700;1400.5300;554.4300;2388.0300;9050.2000;47.2900;522.3300;2388.0400;8133.5100;8.3992;391.0000;1.0000;0;WO454857;1,969.01
2026/07/02;  ENG-099 ;39;2026-01-02 15:00:00;642.2200;1585.6100;1398.1900;555.6300;2388.0000;9063.1300;47.3800;522.4600;2387.9800;8142.8200;8.3633;391.0000;1.0000;0;WO249599;1582.47
2026/07/02;ENG-075;41;2026-01-02 17:00:00;642.3800;1585.7500;1404.6200;553.8400;2388.0200;9063.6700;47.3700;522.0300;2388.0600;8142.2000;8.3917;392.0000;1.0000;0;WO837048;
2026/07/02;  ENG-082 ;84;2026-01-04 12:00:00;642.2300;1585.4900;1410.1200;554.5100;2388.0400;9065.1700;47.5400;522.1300;2388.0800;8141.3600;8.3597;395.0000;0.6960;0;WO373014;1024.92
2026/07/02;ENG-033;30;2026-01-02 06:00:00;642.8800;1589.5900;1411.4700;553.0700;2388.1700;9059.2200;47.5800;521.1600;2388.1100;8141.2100;8.4471;394.0000;1.0000;0;WO652074;841.78
2026/07/02;ENG-031;110;2026-01-05 14:00:00;642.8600;1584.3600;1400.6000;554.0500;2388.0500;9071.8000;47.2800;522.1500;2388.0900;8148.0400;8.4448;392.0000;0.7520;0;WO570565;930.78
02-Jul-2026;ENG-080;61;2026-01-03 13:00:00;642.3000;1582.9400;1408.9900;553.8600;2388.1000;9060.7200;47.4300;521.5800;2388.0800;8142.3700;8.4057;392.0000;1.0000;0;WO914984;
2026-07-02;ENG-046;61;2026-01-03 13:00:00;642.6900;1595.8600;1409.6300;553.1300;2388.0400;9066.1400;47.2800;521.2600;2388.0800;8145.8400;8.4272;394.0000;1.0000;0;WO732504;2,508.70
02-Jul-2026;  ENG-002 ;28;2026-01-02 04:00:00;642.1600;1592.3300;1404.5900;553.7500;2388.1200;9044.3000;47.4700;521.1900;2388.0800;8129.6800;8.4276;393.0000;;0;WO505089;2441.85
2026/07/02;ENG-071;45;2026-01-02 21:00:00;642.6200;1587.7100;1407.4900;554.0100;2388.0200;9066.3300;47.3000;522.2400;2388.0400;8144.0800;8.3878;392.0000;1.0000;0;WO734605;642.97
02-Jul-2026;ENG-059;48;2026-01-03 00:00:00;641.8500;1584.7000;1400.4700;554.2400;2388.0600;9056.2000;47.1800;522.2900;2388.0000;8132.7500;8.3699;391.0000;1.0000;0;WO753255;398.33
2026-07-02;  ENG-027 ;75;2026-01-04 03:00:00;642.1700;1583.4700;1404.8200;554.2000;2388.0800;9048.4000;47.4700;521.9400;2388.0500;8130.3300;8.4211;393.0000;1.0000;0;WO690123;1,433.77
2026/07/02;  ENG-072 ;67;2026-01-03 19:00:00;641.8100;1585.2000;1400.5800;553.8600;2388.0200;9058.7700;47.3400;521.9900;2388.0400;8148.5400;8.4281;393.0000;0.9120;0;WO949144;2551.14
2026-07-02;ENG-062;90;2026-01-04 18:00:00;642.4900;1590.2600;1405.8500;554.2200;2388.0100;9053.3800;47.3100;522.5800;2388.0900;8134.2400;8.3745;391.0000;1.0000;0;WO196389;2239.36
02-Jul-2026;ENG-027;82;2026-01-04 10:00:00;642.6700;1593.4500;1400.0700;554.1800;2388.0700;9058.3500;47.3000;521.8600;2388.1100;8132.0800;8.3969;393.0000;0.9920;0;WO713751;109.40
2026-07-02;ENG-027;66;2026-01-03 18:00:00;642.0600;1584.6900;1398.1900;553.8100;2388.0400;9048.2700;47.0700;522.0300;2388.0500;8128.6300;8.4093;392.0000;1.0000;0;WO179728;2850.95
2026/07/02;ENG-057;90;2026-01-04 18:00:00;643.0200;1586.3700;1407.7000;552.9700;2388.1200;9041.1600;47.3600;521.1200;2388.1500;8128.1500;8.4422;392.0000;1.0000;0;WO237562;367.76
02-Jul-2026;ENG-094;78;2026-01-04 06:00:00;643.2300;1590.8900;1411.7300;552.3400;2388.1300;9051.0800;47.5900;521.5200;2388.0600;8140.3200;8.4716;394.0000;0.8800;0;WO433391;515.90
02-Jul-2026;ENG-060;97;2026-01-05 01:00:00;642.8600;1588.9900;1405.5900;554.3500;2388.1100;9052.9000;47.5700;521.6100;2388.1300;8129.0800;8.4649;393.0000;1.0000;0;WO401730;289.93
2026-07-02;ENG-092;67;2026-01-03 19:00:00;642.7300;1587.0700;1404.2500;553.3600;2388.1200;9044.7000;47.5600;521.6700;2388.1500;8121.5300;8.4416;395.0000;0.8240;0;WO697059;2310.23
02-Jul-2026;ENG-012;109;2026-01-05 13:00:00;642.3900;1584.5500;1398.2700;554.9100;2388.0300;9055.4700;47.2500;522.0600;2388.0000;8141.0800;8.3997;392.0000;1.0000;0;WO606438;2498.64
2026-07-02;  ENG-010 ;105;2026-01-05 09:00:00;642.6100;1583.6200;1399.6700;553.3300;2388.0700;9061.0700;47.2600;522.0800;2388.0700;8143.0500;8.4029;394.0000;1.0000;0;WO761076;2,434.47
02-Jul-2026;ENG-094;66;2026-01-03 18:00:00;642.1500;1580.5200;1403.9800;553.6300;2388.1700;9055.8400;47.4700;521.6500;2388.0800;8139.3400;8.4444;394.0000;0.9760;0;WO384055;1374.40
2026-07-02;ENG-089;75;2026-01-04 03:00:00;642.4100;1587.0800;1400.6200;553.1800;2388.1200;9045.7000;47.4200;521.5700;2388.0700;8124.8400;8.4217;394.0000;1.0000;0;WO352012;1597.16
2026/07/02;ENG-057;71;2026-01-03 23:00:00;642.0800;1588.4600;1401.7000;553.9800;2388.1000;9054.3300;47.3500;521.6000;2388.0900;8129.1700;8.4378;392.0000;1.0000;0;WO858305;482.45
02-Jul-2026;ENG-055;47;2026-01-02 23:00:00;642.8200;1584.6700;1403.1500;554.3400;2388.0700;9054.0800;47.3700;521.4600;2388.0400;8135.9400;8.4415;393.0000;1.0000;0;WO243850;720.05
2026-07-02;ENG-091;129;2026-01-06 09:00:00;642.3300;1587.6600;1408.2700;553.0100;2388.1600;9043.4700;47.6500;520.5300;2388.1500;8129.6900;8.4743;393.0000;1.0000;0;WO688215;753.83
02-Jul-2026;ENG-081;112;2026-01-05 16:00:00;642.3900;1591.8700;1405.4200;553.4700;2388.0100;9070.5900;47.3200;521.4900;2388.0500;8149.9200;8.4075;392.0000;0.8720;0;WO963367;2698.21
02-Jul-2026;eng-097;60;2026-01-03 12:00:00;642.6400;1586.8500;1394.3800;554.8400;2388.0100;9071.9200;47.3800;521.9800;2388.0300;8148.3700;8.3829;393.0000;1.0000;0;WO715948;1310.67
2026-07-02;  ENG-074 ;54;2026-01-03 06:00:00;642.4000;1586.5300;1399.4300;554.1200;2388.0600;9055.6400;47.4500;521.9000;2388.0500;8143.7600;8.4567;392.0000;1.0000;0;WO159041;2755.39
2026/07/02;ENG-091;134;2026-01-06 14:00:00;642.4300;1591.3100;1414.3700;552.8900;2388.1800;9049.4900;47.7500;520.7400;2388.1500;8129.6400;8.4174;394.0000;1.0000;0;WO731635;2699.44
02-Jul-2026;  ENG-058 ;94;2026-01-04 22:00:00;642.2500;1583.2300;1406.7600;553.9700;2388.1000;9044.0600;47.5600;521.9300;2388.0900;8130.8300;8.4383;392.0000;0.9520;0;WO748213;
02-Jul-2026;ENG-007;95;2026-01-04 23:00:00;641.9100;1592.3900;1398.2400;554.4300;2388.0400;9055.2800;47.0900;522.5100;2388.0200;8141.0100;8.4199;392.0000;1.0000;0;WO977779;2532.61
02-Jul-2026;eng-043;98;2026-01-05 02:00:00;642.5100;1584.2800;1401.1600;553.8000;2388.1000;9048.1000;47.4400;521.5600;2388.0500;8133.0000;8.4289;393.0000;1.0000;0;WO819855;2,383.69
2026-07-02;ENG-029;62;2026-01-03 14:00:00;642.1100;1587.6000;1406.8700;553.9000;2388.0900;9054.8400;47.1700;522.0500;2388.0400;8140.4100;8.3902;392.0000;1.0000;0;WO758956;467.02
2026-07-02;ENG-060;85;2026-01-04 13:00:00;642.8800;1595.1600;1402.3700;553.7300;2388.1100;9053.8700;47.3700;522.0500;2388.1100;8139.6200;8.4437;391.0000;1.0000;0;WO634658;2448.34
2026-07-02;  ENG-079 ;37;2026-01-02 13:00:00;642.4800;1585.0900;1404.9100;554.2400;2388.0700;9042.8900;47.2700;522.0100;2388.1000;8134.2400;8.4199;393.0000;1.0000;0;WO321533;2044.62
02-Jul-2026;  ENG-040 ;85;2026-01-04 13:00:00;642.5000;1593.9000;1412.4600;552.9400;2388.1500;9063.9700;47.7100;521.3200;2388.1400;8135.6800;8.4529;394.0000;0.6080;0;WO138091;882.90
02-Jul-2026;eng-100;97;2026-01-05 01:00:00;642.3000;1584.9700;1397.7300;554.6300;2388.0200;9059.0300;47.3500;521.8400;2388.0300;8145.0800;8.4033;394.0000;0.9680;0;WO110339;
2026-07-02;ENG-028;89;2026-01-04 17:00:00;642.1800;1585.9900;1403.4800;553.6400;2388.0900;9047.0500;47.4400;521.7100;2388.1000;8132.9200;8.4247;392.0000;1.0000;0;WO177087;91.04
02-Jul-2026;ENG-058;109;2026-01-05 13:00:00;643.0700;1590.9800;1412.4400;553.8200;2388.1100;9047.3100;47.4000;522.0200;2388.1300;8131.9900;8.4200;392.0000;0.8320;0;WO646336;300.62
2026-07-02;ENG-041;52;2026-01-03 04:00:00;642.3700;1581.3400;1402.0500;554.4300;2388.0200;9038.8600;47.3400;521.8600;2388.0800;8126.8400;8.4264;391.0000;;0;WO323985;330.02
2026/07/02;ENG-005;41;2026-01-02 17:00:00;642.7500;1591.2600;1410.1400;552.8700;2388.1400;9050.4500;47.4900;521.9300;2388.0600;8129.9300;8.4413;392.0000;1.0000;0;WO663897;460.36
2026-07-02;ENG-041;46;2026-01-02 22:00:00;641.7000;1582.1100;1398.0700;554.5400;2388.0200;9047.8600;47.3600;522.4200;2388.0200;8135.1500;8.3852;392.0000;0.7600;0;WO391452;1834.79
02-Jul-2026;ENG-032;89;2026-01-04 17:00:00;641.8700;1591.7600;1400.8000;553.7700;2388.0000;9080.8600;47.1200;522.4500;2387.9700;8153.5700;8.3965;391.0000;0.8320;0;WO391707;1,289.22
2026-07-02;eng-066;91;2026-01-04 19:00:00;642.7100;1592.0400;1407.6300;553.3900;2388.1400;9078.6100;47.6300;521.1700;2388.0900;8146.8400;8.4128;393.0000;0.5600;0;WO380751;2,635.68
2026-07-02;ENG-089;65;2026-01-03 17:00:00;642.3500;1591.5800;1408.4100;553.7400;2388.2000;9049.3100;47.3700;522.0300;2388.0700;8128.1600;8.4263;392.0000;1.0000;0;WO478355;1,782.85
02-Jul-2026;  ENG-041 ;55;2026-01-03 07:00:00;642.4300;1587.6900;1400.2600;553.9400;2388.0700;9041.9300;47.2500;521.7800;2387.9900;8131.1100;8.3843;390.0000;0.6880;0;WO706464;1200.15
2026/07/02;eng-059;46;2026-01-02 22:00:00;642.2700;1579.2000;1399.9500;554.3400;2388.0200;9060.2400;47.1100;522.4400;2388.0300;8138.1300;8.3959;392.0000;1.0000;0;WO158551;1506.92
2026/07/02;ENG-062;97;2026-01-05 01:00:00;641.8100;1594.4600;1395.0700;554.6700;2387.9600;9062.7800;47.2400;522.5700;2388.0000;8142.9700;8.3797;392.0000;1.0000;0;WO160635;2,552.03
2026-07-02;ENG-082;74;2026-01-04 02:00:00;642.2300;1587.3100;1411.6800;554.5300;2388.0200;9067.2500;47.4000;522.0000;2388.0300;8143.8400;8.4069;392.0000;0.7760;0;WO124956;2119.14
2026/07/02;  ENG-052 ;104;2026-01-05 08:00:00;641.9600;1579.0800;1393.2900;554.5100;2387.9700;9061.9400;47.2600;522.2800;2387.9300;8141.9600;8.3828;393.0000;0.9120;0;WO472817;225.73
02-Jul-2026;  ENG-025 ;23;2026-01-01 23:00:00;642.1600;1589.5800;1402.2500;554.4000;2388.0500;9052.7900;47.2400;521.8900;2388.0300;8130.8000;8.4244;391.0000;1.0000;0;WO879031;581.12
2026-07-02;ENG-081;108;2026-01-05 12:00:00;642.3300;1595.0100;1404.3300;554.4700;2388.0600;9062.5800;47.4400;521.6900;2388.0700;8142.9600;8.4118;393.0000;0.9040;0;WO646219;236.23
2026/07/02;ENG-036;51;2026-01-03 03:00:00;642.3900;1591.5000;1411.5000;553.5200;2388.1000;9063.6200;47.6500;520.9500;2388.1300;8134.8500;8.4400;393.0000;0.7520;0;WO801440;52.74
02-Jul-2026;ENG-072;61;2026-01-03 13:00:00;642.0500;1588.3600;1406.3900;554.0400;2388.0900;9060.3500;47.0900;522.0200;2387.9800;8145.2100;8.4407;391.0000;0.9600;0;WO827953;1,797.99
2026-07-02;ENG-079;39;2026-01-02 15:00:00;642.5100;1592.4300;1403.3400;553.8400;2388.0700;9051.5900;47.3500;522.0400;2388.0900;8132.3600;8.4424;393.0000;1.0000;0;WO923503;2947.95
2026/07/02;ENG-077;97;2026-01-05 01:00:00;642.3200;1590.1500;1401.5000;553.7800;2388.0700;9059.5400;47.2500;521.6500;2388.1100;8130.9600;8.4020;392.0000;0.7920;0;WO555085;1525.32
2026/07/02;ENG-052;115;2026-01-05 19:00:00;642.2600;1589.8800;1392.4100;554.3800;2387.9800;9061.6200;47.3100;522.4900;2388.0100;8137.5100;8.3650;391.0000;0.8240;0;WO443307;1,556.72
2026-07-02;  ENG-036 ;72;2026-01-04 00:00:00;642.8200;1592.0700;1407.6000;553.0900;2388.0900;9063.6400;47.9100;521.6900;2388.1400;8143.8600;8.4684;395.0000;0.5840;0;WO969317;820.07
2026-07-02;ENG-076;105;2026-01-05 09:00:00;642.1800;1584.0400;1398.1800;554.4900;2387.9600;9057.3900;47.2500;522.0300;2388.0000;8140.9900;8.4286;393.0000;0.8800;0;WO961582;1,910.24
2026/07/02;  ENG-086 ;47;2026-01-02 23:00:00;642.2700;1579.0500;1403.6000;554.2300;2388.0700;9064.8400;47.2200;521.6800;2388.0900;8139.5400;8.4354;393.0000;1.0000;0;WO507658;2142.68
02-Jul-2026;ENG-070;74;2026-01-04 02:00:00;642.3800;1587.8800;1404.1500;553.6300;2388.0600;9048.0300;47.5000;520.6600;2388.1400;8132.2200;8.4178;394.0000;1.0000;0;WO327881;2854.56
2026-07-02;ENG-053;84;2026-01-04 12:00:00;642.2800;1588.7300;1398.2700;553.3100;2388.0600;9062.8400;47.4000;521.9900;2388.0700;8143.2700;8.4205;391.0000;0.8480;0;WO990319;2564.64
2026/07/02;ENG-041;75;2026-01-04 03:00:00;642.4400;1583.8500;1398.7000;553.8300;2388.0400;9045.4500;47.3800;522.3500;2388.0600;8126.0100;8.4252;391.0000;0.5280;0;WO669564;1775.88
2026/07/02;ENG-095;48;2026-01-03 00:00:00;642.1600;1589.3000;1401.5200;554.0100;2388.0800;9042.0500;47.3400;521.5500;2388.0500;8128.5500;8.4103;392.0000;1.0000;0;WO555879;1303.29
2026/07/02;ENG-012;110;2026-01-05 14:00:00;642.2900;1584.4300;1401.5500;553.8300;2387.9700;9057.2700;47.3200;522.3600;2388.0400;8133.0200;8.4001;393.0000;1.0000;0;WO829525;70.85
2026-07-02;ENG-053;96;2026-01-05 00:00:00;642.4600;1595.0900;1406.2400;553.7500;2388.0200;9064.4000;47.2200;522.0400;2388.0000;8142.4900;8.4906;393.0000;0.7520;0;WO240918;328.48
2026-07-02;ENG-030;77;2026-01-04 05:00:00;642.6300;1588.5700;1405.5000;553.5700;2388.1100;9047.3400;47.5500;521.8100;2388.1300;8126.2100;8.4583;393.0000;1.0000;0;WO835778;488.98
2026-07-02;ENG-010;91;2026-01-04 19:00:00;642.4800;1589.5100;1403.3000;553.8700;2388.0300;9050.1300;47.2200;522.7700;2388.0500;8145.4100;8.4090;392.0000;1.0000;0;WO430513;1,965.74
02-Jul-2026;ENG-028;57;2026-01-03 09:00:00;642.3500;1590.1200;1404.7600;553.4300;2388.1100;9047.0700;47.4900;521.6500;2388.0800;8129.7600;8.4390;392.0000;1.0000;0;WO558624;2617.76
02-Jul-2026;ENG-026;51;2026-01-03 03:00:00;641.6800;1584.4100;1400.6300;554.7000;2388.0600;9067.6100;47.1800;522.1700;2388.0300;8146.9700;8.3930;392.0000;1.0000;0;WO262674;1137.37
2026/07/02;eng-066;97;2026-01-05 01:00:00;642.5200;1587.8700;1408.7900;553.3100;2388.1000;9073.0000;47.5300;521.0700;2388.0700;8152.0500;8.4355;393.0000;;0;WO254937;450.64
2026/07/02;ENG-010;96;2026-01-05 00:00:00;642.3600;1581.9400;1403.3800;554.0700;2388.0000;9069.2500;47.4100;522.8100;2388.0700;8139.0100;8.4086;392.0000;1.0000;0;WO309889;2,025.84
2026/07/02;ENG-062;101;2026-01-05 05:00:00;641.4200;1580.0200;1390.0100;554.4300;2388.0300;9065.2300;47.1100;522.7200;2388.0100;8143.4500;8.4019;391.0000;;0;WO523680;1591.19
2026/07/02;ENG-030;64;2026-01-03 16:00:00;643.0400;1591.3300;1405.8500;553.4700;2388.1200;9046.4100;47.3700;521.0600;2388.0800;8126.0800;8.4321;392.0000;1.0000;0;WO436777;2834.60
02-Jul-2026;ENG-076;92;2026-01-04 20:00:00;642.2900;1587.9700;1410.7900;553.4900;2388.0300;9064.1100;47.1500;521.8100;2388.0300;8136.4100;8.3751;393.0000;0.9840;0;WO572417;1398.94
2026/07/02;ENG-092;64;2026-01-03 16:00:00;642.1300;1589.4900;1411.8600;552.3800;2388.1300;9038.6100;47.6300;521.9100;2388.1200;8119.0600;8.4495;393.0000;0.8480;0;WO836042;2343.43
2026-07-02;  ENG-035 ;114;2026-01-05 18:00:00;643.1300;1590.8700;1412.9700;553.1100;2388.1600;9059.2700;47.6900;521.3000;2388.1400;8139.0200;8.4660;393.0000;0.7600;0;WO560963;279.59
2026/07/02;ENG-066;96;2026-01-05 00:00:00;642.7300;1593.1600;1406.9200;553.4700;2388.0700;9065.4300;47.6200;521.7400;2388.1200;8149.8900;8.4427;394.0000;0.5200;0;WO497266;299.49
2026/07/02;ENG-072;62;2026-01-03 14:00:00;641.9000;1585.0900;1405.5600;553.7900;2387.9800;9067.6400;47.3800;521.5300;2387.9900;8143.5400;8.3858;392.0000;0.9520;0;WO147930;765.44
2026-07-02;ENG-043;74;2026-01-04 02:00:00;642.3100;1600.4400;1407.5600;553.9100;2388.1000;9053.4800;47.4200;521.3100;2388.1300;8130.3000;8.4243;393.0000;1.0000;0;WO895894;59.93
02-Jul-2026;ENG-089;101;2026-01-05 05:00:00;642.1200;1594.7500;1409.9400;554.2300;2388.1400;9044.7000;47.5000;521.6100;2388.1100;8122.8200;8.4359;391.0000;1.0000;0;WO942906;1100.76
2026/07/02;ENG-016;72;2026-01-04 00:00:00;642.8700;1578.3500;1404.0500;554.5300;2388.1100;9051.0900;47.2200;522.6500;2388.0100;8136.5300;8.3734;393.0000;1.0000;0;WO644077;1813.28
2026-07-02;ENG-093;140;2026-01-06 20:00:00;642.7000;1591.4600;1409.1000;552.6000;2388.1200;9063.4600;47.7600;521.2000;2388.0900;8136.0200;8.4360;393.0000;1.0000;0;WO688240;
2026/07/02;ENG-045;79;2026-01-04 07:00:00;642.7500;1590.0000;1405.9200;554.0400;2388.1200;9061.3300;47.3600;521.6300;2388.1000;8142.8700;8.4525;393.0000;1.0000;0;WO446895;2,318.47
2026-07-02;  ENG-092 ;86;2026-01-04 14:00:00;643.2900;1592.9200;1407.3100;553.5100;2388.1500;9045.0100;47.6100;520.7300;2388.1800;8123.6600;8.4626;395.0000;0.6720;0;WO943658;584.68
2026-07-02;ENG-024;71;2026-01-03 23:00:00;642.1600;1590.2600;1399.9900;554.1000;2388.0000;9070.8500;47.2300;522.0400;2387.9500;8152.6300;8.4134;391.0000;1.0000;0;WO210793;2,998.97
2026-07-02;eng-032;78;2026-01-04 06:00:00;642.3100;1574.0500;1402.7300;554.9700;2388.0400;9065.9200;47.1700;522.2800;2387.9900;8157.2200;8.4213;392.0000;0.9200;0;WO380091;1,671.25
02-Jul-2026;ENG-090;72;2026-01-04 00:00:00;642.3800;1586.2200;1409.7700;553.4100;2388.1100;9055.3400;47.4700;521.6100;2387.9800;8139.8900;8.4280;390.0000;0.8160;0;WO331890;593.52
02-Jul-2026;ENG-054;80;2026-01-04 08:00:00;641.8200;1584.0100;1395.2700;555.2700;2387.9900;9061.9300;47.0900;522.3600;2388.0200;8140.8100;8.3842;392.0000;1.0000;0;WO447454;1,500.92
2026-07-02;ENG-072;85;2026-01-04 13:00:00;643.0200;1593.8100;1401.1900;554.1500;2388.0800;9065.7000;47.2600;521.9700;2388.0600;8142.5200;8.3908;392.0000;0.7680;0;WO388042;363.85
2026-07-02;ENG-079;66;2026-01-03 18:00:00;642.5300;1588.9300;1405.2700;554.1600;2388.0500;9049.9600;47.3700;521.8400;2388.0600;8132.5400;8.4031;393.0000;0.7840;0;WO811338;1002.03
02-Jul-2026;  ENG-029 ;60;2026-01-03 12:00:00;642.2800;1580.2200;1398.6000;554.0600;2388.0200;9061.3100;47.3800;522.1800;2388.0300;8141.0400;8.4707;392.0000;1.0000;0;WO956954;2173.62
02-Jul-2026;ENG-065;47;2026-01-02 23:00:00;641.7900;1586.0200;1398.4500;554.6400;2388.0200;9072.8500;47.1400;522.5600;2387.9600;8146.5400;8.4203;392.0000;1.0000;0;WO201218;2,917.98
02-Jul-2026;ENG-075;50;2026-01-03 02:00:00;642.1000;1587.4400;1403.7900;553.3700;2388.0300;9064.2700;47.4900;521.9500;2388.0600;8142.0500;8.3883;394.0000;1.0000;0;WO261665;2808.76
2026/07/02;ENG-045;78;2026-01-04 06:00:00;642.6700;1591.2500;1406.6800;553.5800;2388.0800;9055.4900;47.5500;521.4700;2388.0800;8140.6400;8.4278;394.0000;1.0000;0;WO900661;2839.50
02-Jul-2026;ENG-006;66;2026-01-03 18:00:00;642.6600;1589.5400;1406.2300;553.8000;2388.0900;9052.7300;47.5100;522.0000;2388.1000;8134.7800;8.4641;393.0000;1.0000;0;WO486579;
02-Jul-2026;ENG-088;24;2026-01-02 00:00:00;642.5500;1590.9100;1407.5800;553.8800;2388.1300;9043.5600;47.8300;521.5300;2388.1200;8124.6900;8.4455;392.0000;1.0000;0;WO140968;2074.38
2026-07-02;ENG-096;54;2026-01-03 06:00:00;641.8700;1578.6900;1394.4200;554.3600;2388.0100;9060.8400;47.1300;522.7000;2388.0300;8150.4500;8.4080;393.0000;1.0000;0;WO172942;125.56
2026/07/02;ENG-062;135;2026-01-06 15:00:00;641.7700;1583.5600;1404.5400;553.3800;2388.0000;9058.3600;47.2400;521.8700;2388.0100;8143.1800;8.3786;391.0000;1.0000;0;WO261096;
02-Jul-2026;ENG-089;105;2026-01-05 09:00:00;642.2500;1585.7800;1404.0000;553.7200;2388.0500;9041.9700;47.5200;521.8200;2388.0800;8128.9300;8.4449;393.0000;1.0000;0;WO694234;2146.73
2026-07-02;ENG-004;59;2026-01-03 11:00:00;642.8600;1589.7400;1405.1200;553.4900;2388.1700;9048.1500;47.5300;521.9400;2388.0700;8137.6300;8.4322;393.0000;1.0000;0;WO342759;1690.16
2026-07-02;ENG-029;69;2026-01-03 21:00:00;642.4600;1591.6400;1397.9200;553.8700;2388.0800;9053.8900;47.3000;521.3700;2388.0500;8139.4300;8.4060;391.0000;1.0000;0;WO580042;1,771.53
02-Jul-2026;eng-066;94;2026-01-04 22:00:00;642.5000;1590.6500;1415.0000;553.1100;2388.1200;9073.7300;47.6000;521.4300;2388.1300;8151.8000;8.4698;394.0000;0.5360;0;WO407943;1205.67
2026-07-02;ENG-019;72;2026-01-04 00:00:00;642.1400;1583.5800;1398.9800;554.1700;2388.0100;9056.1200;47.2200;521.9900;2388.1000;8134.4500;8.4110;392.0000;1.0000;0;WO791381;1,496.63
02-Jul-2026;ENG-064;94;2026-01-04 22:00:00;643.2400;1586.4600;1406.4600;553.3100;2388.1400;9065.0900;47.3800;521.6900;2388.1200;8139.0200;8.4346;391.0000;0.8160;0;WO542296;2850.27
2026/07/02;ENG-052;119;2026-01-05 23:00:00;642.0100;1586.7300;1396.8900;553.9900;2388.0300;9068.2200;47.2500;522.0800;2388.0200;8143.8200;8.4120;391.0000;0.7920;0;WO919814;2464.43
02-Jul-2026;ENG-100;103;2026-01-05 07:00:00;642.3800;1584.9000;1403.3100;553.6400;2388.0100;9062.8200;47.1900;521.9300;2388.0100;8148.9200;8.3945;393.0000;0.9200;0;WO347889;1506.10
02-Jul-2026;ENG-012;76;2026-01-04 04:00:00;641.8700;1583.2700;1405.6500;553.5500;2388.0100;9057.0000;47.2700;522.3100;2388.0600;8141.9900;8.4002;394.0000;1.0000;0;WO563071;2052.41
2026-07-02;  ENG-048 ;37;2026-01-02 13:00:00;642.5500;1582.3700;1404.2100;553.0300;2388.0900;9062.1000;47.4800;521.6400;2388.0400;8133.3100;8.4275;394.0000;1.0000;0;WO688572;
2026/07/02;  ENG-066 ;64;2026-01-03 16:00:00;643.1800;1588.9500;1407.3900;555.0200;2388.1000;9065.3400;47.3800;521.5400;2388.1100;8147.0500;8.4276;393.0000;0.7760;0;WO258011;1,300.65
02-Jul-2026;eng-030;61;2026-01-03 13:00:00;642.7500;1594.0600;1412.8700;552.4800;2388.1400;9047.7200;47.5700;521.4600;2388.1600;8125.8300;8.4550;394.0000;1.0000;0;WO264850;2,427.60
2026-07-02;ENG-042;65;2026-01-03 17:00:00;641.9600;1587.7800;1398.4800;554.1600;2388.0100;9054.6900;47.3100;522.6100;2388.0800;8131.8300;8.4114;392.0000;0.8080;0;WO377318;1,492.63
2026/07/02;eng-008;78;2026-01-04 06:00:00;642.0700;1589.9100;1403.4200;553.0200;2388.1000;9048.6600;47.4300;521.9500;2388.0700;8125.6300;8.4065;393.0000;1.0000;0;WO137534;1,142.59
2026/07/02;eng-034;123;2026-01-06 03:00:00;642.4600;1584.2100;1399.9900;554.1600;2388.1100;9056.6400;47.2500;521.9700;2388.0800;8143.6700;8.3867;393.0000;0.6960;0;WO477054;
02-Jul-2026;  ENG-007 ;101;2026-01-05 05:00:00;642.4600;1580.2600;1397.9100;554.1300;2387.9900;9062.1600;47.5200;522.2200;2388.0500;8142.5200;8.4035;392.0000;1.0000;0;WO698401;2,956.58
2026/07/02;ENG-042;99;2026-01-05 03:00:00;642.4800;1587.4200;1402.5300;553.6500;2388.0500;9048.5200;47.4100;522.1000;2388.1100;8134.3800;8.4473;393.0000;0.5360;0;WO931295;1371.71
2026-07-02;ENG-090;75;2026-01-04 03:00:00;642.0200;1594.5300;1408.6200;553.9700;2388.0400;9051.8800;47.6400;521.4000;2388.0500;8138.3100;8.4334;391.0000;0.7920;0;WO247203;2376.35
2026-07-02;ENG-038;48;2026-01-03 00:00:00;642.7200;1589.9800;1408.0700;553.1800;2388.1400;9057.6100;47.8000;520.8000;2388.1200;8129.6700;8.4601;393.0000;1.0000;0;WO119292;2265.33
2026/07/02;eng-080;49;2026-01-03 01:00:00;642.6900;1591.9000;1400.3200;554.0200;2388.0800;9064.4800;47.3100;521.4500;2388.0500;8144.3800;8.4023;393.0000;1.0000;0;WO116209;2,745.28
02-Jul-2026;ENG-092;78;2026-01-04 06:00:00;643.2300;1589.7500;1406.8000;552.5300;2388.1200;9036.9400;47.7000;521.2800;2388.1700;8122.5200;8.4401;393.0000;0.7360;0;WO736351;1,319.72
2026-07-02;  ENG-097 ;81;2026-01-04 09:00:00;642.2800;1583.4900;1401.1200;554.0600;2388.0700;9075.2100;47.4000;521.8800;2388.0400;8152.0600;8.3931;392.0000;1.0000;0;WO848185;2,902.54
02-Jul-2026;  ENG-089 ;94;2026-01-04 22:00:00;642.7000;1594.2300;1407.0700;553.5000;2388.1500;9039.1300;47.5400;521.9300;2388.0800;8128.7400;8.4296;392.0000;1.0000;0;WO988778;1,301.88
2026/07/02;ENG-088;31;2026-01-02 07:00:00;642.7900;1595.6100;1406.3600;552.8700;2388.1100;9037.4100;47.2800;521.2700;2388.1600;8122.3200;8.4552;394.0000;1.0000;0;WO518577;315.60
02-Jul-2026;ENG-038;44;2026-01-02 20:00:00;642.1000;1585.8400;1410.4300;553.2900;2388.1100;9058.1600;47.5900;521.0300;2388.1200;8133.7400;8.4315;393.0000;1.0000;0;WO447771;844.12
2026-07-02;ENG-038;45;2026-01-02 21:00:00;642.9400;1588.6800;1410.3600;552.7700;2388.1300;9053.7900;47.7300;521.3600;2388.1300;8132.8900;8.4327;393.0000;1.0000;0;WO814133;1845.91
02-Jul-2026;ENG-049;117;2026-01-05 21:00:00;642.4700;1585.8000;1393.6000;553.5100;2388.0300;9059.6100;47.2700;522.1600;2388.0200;8141.4600;8.4306;394.0000;1.0000;0;WO887382;1528.69
2026/07/02;ENG-023;62;2026-01-03 14:00:00;642.1100;1584.5300;1392.3500;553.8800;2388.0600;9050.6500;47.1600;522.1600;2388.0200;8131.5400;8.4056;393.0000;1.0000;0;WO541458;1,473.35
2026/07/02;ENG-010;75;2026-01-04 03:00:00;642.6500;1591.0700;1385.5100;554.4600;2388.0100;9066.1600;47.3100;521.8700;2388.0200;8141.9400;8.3926;392.0000;1.0000;0;WO565141;1500.75
2026-07-02;ENG-048;36;2026-01-02 12:00:00;642.5600;1587.7900;1400.0400;553.8000;2388.1000;9053.2400;47.4700;522.1500;2388.1000;8136.0900;8.4232;394.0000;1.0000;0;WO382186;
02-Jul-2026;ENG-091;124;2026-01-06 04:00:00;642.6900;1598.6400;1414.6100;552.9100;2388.1200;9050.3500;47.6900;520.9200;2388.1700;8129.4900;8.4301;392.0000;1.0000;0;WO729512;2507.05
02-Jul-2026;ENG-042;77;2026-01-04 05:00:00;642.0200;1587.0200;1403.6500;553.9000;2388.0800;9045.1800;47.2800;522.5600;2388.1100;8131.6500;8.4422;393.0000;0.7120;0;WO465941;1,281.80
02-Jul-2026;  ENG-054 ;79;2026-01-04 07:00:00;642.0400;1583.7200;1396.2300;554.2900;2387.9700;9058.8200;47.1300;522.2600;2388.0600;8136.9700;8.3827;392.0000;1.0000;0;WO864838;527.34
2026-07-02;ENG-053;89;2026-01-04 17:00:00;642.2200;1585.1000;1401.0600;553.8200;2388.0700;9058.1200;47.4900;521.7100;2388.0700;8143.3000;8.4427;392.0000;0.8080;0;WO993093;2,949.76
2026-07-02;  ENG-008 ;57;2026-01-03 09:00:00;642.3500;1590.3100;1407.9900;553.7000;2388.1200;9046.8100;47.6200;521.3000;2388.0700;8128.2300;8.4082;393.0000;1.0000;0;WO596441;1719.17
2026/07/02;ENG-033;24;2026-01-02 00:00:00;642.0800;1592.9900;1407.4700;553.4400;2388.1000;9052.7900;47.7100;520.9300;2388.1100;8133.6100;8.4522;393.0000;1.0000;0;WO421379;1,908.26
02-Jul-2026;ENG-028;66;2026-01-03 18:00:00;642.4500;1591.7900;1405.0200;553.0800;2388.0500;9047.8700;47.4800;522.0700;2388.0800;8127.6500;8.4404;392.0000;1.0000;0;WO518476;1145.61
02-Jul-2026;eng-068;69;2026-01-03 21:00:00;641.9800;1586.0700;1401.7900;554.1700;2388.0800;9063.5200;47.4500;521.6700;2388.0400;8139.3500;8.4300;391.0000;1.0000;0;WO722408;
2026-07-02;  ENG-016 ;74;2026-01-04 02:00:00;642.5000;1581.1700;1396.5300;554.0600;2388.0900;9051.4000;47.5200;522.3300;2387.9900;8133.0700;8.4151;392.0000;0.9840;0;WO272689;459.44
2026-07-02;  ENG-077 ;105;2026-01-05 09:00:00;642.3900;1587.8400;1400.1600;553.8500;2388.1000;9049.6300;47.4600;521.4600;2388.1300;8138.5700;8.4126;394.0000;0.7280;0;WO818262;295.16
02-Jul-2026;eng-035;90;2026-01-04 18:00:00;642.4400;1588.1900;1411.6200;553.2800;2388.0800;9053.6000;47.6600;520.7600;2388.1100;8128.8700;8.4695;393.0000;0.9520;0;WO556672;1,314.79
2026/07/02;ENG-091;132;2026-01-06 12:00:00;642.3800;1592.0700;1413.0400;552.7300;2388.1200;9054.7700;47.7400;521.3000;2388.0900;8129.7500;8.4323;395.0000;1.0000;0;WO180263;2661.39
2026/07/02;ENG-091;121;2026-01-06 01:00:00;642.1700;1596.8600;1416.6200;553.0700;2388.1500;9054.8100;47.6300;521.4500;2388.1300;8125.3400;8.4656;394.0000;1.0000;0;WO663200;2817.52
2026/07/02;ENG-084;70;2026-01-03 22:00:00;642.8100;1589.1100;1403.2800;553.7600;2388.0900;9061.7800;47.5100;521.3100;2388.0600;8139.2400;8.4109;394.0000;1.0000;0;WO285026;2195.50
2026/07/02;ENG-059;63;2026-01-03 15:00:00;642.1300;1580.7000;1398.5900;555.3700;2388.0200;9055.3800;47.0900;521.8700;2388.0800;8142.1900;8.3913;393.0000;1.0000;0;WO937419;530.14
02-Jul-2026;  ENG-061 ;74;2026-01-04 02:00:00;641.8500;1587.6800;1393.9300;554.7400;2388.0100;9061.1900;47.3700;522.2500;2388.0200;8149.5800;8.4431;393.0000;0.8480;0;WO997474;525.53
2026-07-02;ENG-043;76;2026-01-04 04:00:00;641.7000;1579.5900;1392.8200;554.2400;2388.0700;9048.5500;47.3400;521.7400;2388.1300;8132.1100;8.4545;393.0000;1.0000;0;WO614690;1894.15
02-Jul-2026;ENG-081;85;2026-01-04 13:00:00;642.3400;1592.8800;1406.7300;553.8900;2388.0400;9066.6000;47.3500;522.1100;2388.0000;8144.7500;8.3998;393.0000;1.0000;0;WO561836;2,935.75
2026-07-02;ENG-080;88;2026-01-04 16:00:00;641.8300;1581.5500;1406.6600;553.6600;2387.9900;9060.2900;47.2500;521.5700;2388.0600;8141.8800;8.4546;393.0000;1.0000;0;WO787321;870.36
02-Jul-2026;ENG-020;95;2026-01-04 23:00:00;642.7700;1583.1300;1404.4200;553.6000;2388.0800;9064.0500;47.4400;521.8900;2388.0100;8145.0800;8.4416;393.0000;0.8400;0;WO687481;2268.69
02-Jul-2026;ENG-035;83;2026-01-04 11:00:00;642.7100;1592.6700;1412.5600;553.5400;2388.1700;9058.3900;47.5800;521.7000;2388.1200;8133.2800;8.4570;393.0000;1.0000;0;WO826646;2,926.11
2026-07-02;ENG-057;91;2026-01-04 19:00:00;642.6300;1588.0800;1407.0500;553.5600;2388.1400;9050.5200;47.5600;521.4500;2388.0900;8132.1000;8.4554;393.0000;1.0000;0;WO638143;2211.11
02-Jul-2026;ENG-024;84;2026-01-04 12:00:00;642.4900;1584.9700;1398.2500;554.3700;2387.9600;9072.5500;47.1500;522.8400;2387.9700;8151.5900;8.4248;392.0000;0.9760;0;WO295401;2683.17
02-Jul-2026;ENG-068;110;2026-01-05 14:00:00;642.4800;1585.3900;1404.7300;553.4000;2388.0900;9065.4900;47.4500;521.7100;2388.0600;8137.4700;8.4151;393.0000;0.6800;0;WO556529;372.07
2026/07/02;ENG-050;46;2026-01-02 22:00:00;642.2500;1583.7300;1408.9500;553.8000;2388.0200;9061.6100;47.3500;521.9600;2388.0600;8139.9800;8.4164;393.0000;0.8560;0;WO408622;2911.29
2026-07-02;  ENG-064 ;106;2026-01-05 10:00:00;642.4900;1585.3300;1405.5000;553.8900;2388.0900;9051.4600;47.4500;521.7000;2388.1000;8134.1200;8.4497;394.0000;0.7200;0;WO842888;571.91
2026/07/02;eng-072;48;2026-01-03 00:00:00;642.1200;1586.1100;1399.9800;554.1300;2387.9900;9061.2200;47.2200;521.6900;2387.9800;8146.2200;8.3931;392.0000;1.0000;0;WO744925;2223.11
2026/07/02;eng-090;63;2026-01-03 15:00:00;642.5000;1589.7300;1408.1800;553.7100;2388.1300;9060.0700;47.5700;521.7900;2388.1100;8142.6700;8.4230;394.0000;0.8880;0;WO497263;432.40
02-Jul-2026;ENG-008;94;2026-01-04 22:00:00;642.5600;1583.0100;1405.0700;553.7200;2388.1300;9053.0700;47.5000;521.3200;2388.0900;8131.2300;8.4882;393.0000;1.0000;0;WO488798;1,043.11
2026/07/02;ENG-053;97;2026-01-05 01:00:00;642.4300;1586.5500;1410.9900;554.2200;2388.0500;9060.2400;47.4200;522.2000;2388.0900;8144.3100;8.4126;393.0000;0.7440;0;WO745072;1783.19
2026-07-02;ENG-093;113;2026-01-05 17:00:00;642.8400;1591.7000;1411.2200;553.5100;2388.1500;9066.3400;47.6000;521.6800;2388.0500;8137.9400;8.4448;395.0000;1.0000;0;WO927403;629.31
2026-07-02;eng-013;70;2026-01-03 22:00:00;641.9500;1587.9800;1404.2500;554.4000;2387.9600;9062.3100;47.1600;522.2000;2388.0200;8148.4600;8.3626;392.0000;1.0000;0;WO893238;1450.41
2026-07-02;eng-067;38;2026-01-02 14:00:00;642.4100;1590.8400;1400.0300;553.3800;2388.0900;9059.0500;47.5000;521.6800;2388.1100;8144.5000;8.4325;392.0000;0.8800;0;WO172613;440.39
2026/07/02;  ENG-020 ;70;2026-01-03 22:00:00;642.6000;1580.5300;1398.1000;554.0500;2388.0800;9064.6400;47.1900;522.5400;2388.0500;8139.9900;8.4399;391.0000;1.0000;0;WO535118;
02-Jul-2026;ENG-086;53;2026-01-03 05:00:00;642.9900;1586.0600;1402.5300;553.6500;2388.0700;9056.9600;47.4700;521.0400;2388.0800;8140.7400;8.4331;393.0000;;0;WO202259;1,810.38
2026/07/02;ENG-054;60;2026-01-03 12:00:00;642.0900;1582.2300;1388.1500;553.9500;2388.0200;9063.7100;47.3300;522.2400;2388.0000;8142.0600;8.3700;392.0000;1.0000;0;WO677992;607.16
2026-07-02;eng-082;93;2026-01-04 21:00:00;642.8200;1595.2900;1403.7400;553.6000;2388.1000;9067.4100;47.3600;521.8000;2388.0400;8145.5300;8.4046;393.0000;0.6240;0;WO792314;2,987.64
2026/07/02;  ENG-091 ;120;2026-01-06 00:00:00;642.7400;1589.1000;1409.7300;553.2700;2388.1500;9051.4100;47.7400;520.7400;2388.1700;8128.0100;8.4633;395.0000;1.0000;0;WO723344;2904.01
2026/07/02;ENG-005;54;2026-01-03 06:00:00;642.5700;1586.7300;1403.8700;553.1900;2388.1100;9052.1600;47.3200;521.7400;2388.1200;8130.1700;8.4224;392.0000;1.0000;0;WO653313;2,834.97
02-Jul-2026;ENG-070;95;2026-01-04 23:00:00;642.5600;1582.6600;1399.7400;553.3900;2388.1100;9054.5600;47.4200;522.0800;2388.1100;8134.1100;8.4347;393.0000;1.0000;0;WO825708;696.67
2026-07-02;ENG-028;55;2026-01-03 07:00:00;642.8200;1594.2600;1401.1600;553.6700;2388.1200;9048.6200;47.4200;522.2200;2388.1100;8130.4100;8.4184;393.0000;;0;WO630601;947.27
2026-07-02;ENG-066;89;2026-01-04 17:00:00;643.0000;1590.2000;1420.6400;553.3900;2388.0900;9073.1100;47.7900;521.6700;2388.0500;8148.1500;8.4518;394.0000;0.5760;0;WO930556;
2026/07/02;ENG-085;17;2026-01-01 17:00:00;642.3300;1590.0900;1412.8600;553.1700;2388.0800;9046.7000;47.6000;520.9900;2388.1300;8129.5900;8.4403;393.0000;1.0000;0;WO900359;2,268.05
2026/07/02;ENG-060;71;2026-01-03 23:00:00;642.3700;1581.9800;1409.8900;553.9200;2388.1300;9061.3700;47.3700;522.0500;2388.1000;8138.0800;8.4352;393.0000;1.0000;0;WO280182;824.54
02-Jul-2026;ENG-033;28;2026-01-02 04:00:00;642.6100;1594.8000;1409.2800;553.5800;2388.0900;9053.0700;47.6200;521.4200;2388.1000;8136.6800;8.4782;392.0000;1.0000;0;WO420059;2,123.71
2026-07-02;ENG-032;93;2026-01-04 21:00:00;642.5800;1581.4100;1397.1000;554.0100;2387.9800;9072.3700;47.5100;522.1600;2387.9800;8156.7700;8.4048;393.0000;0.8000;0;WO601480;112.35
02-Jul-2026;ENG-012;82;2026-01-04 10:00:00;642.0800;1579.7700;1396.9700;554.2200;2388.0200;9049.8400;47.3300;522.3600;2387.9300;8143.1200;8.3569;392.0000;1.0000;0;WO802540;2995.11
02-Jul-2026;  ENG-012 ;120;2026-01-06 00:00:00;641.9900;1588.2000;1400.7400;554.0500;2387.9900;9061.5600;47.3800;522.3800;2388.0600;8136.7000;8.3850;392.0000;1.0000;0;WO602218;1273.91
02-Jul-2026;ENG-010;95;2026-01-04 23:00:00;642.0200;1585.9900;1394.5500;554.0800;2388.0200;9057.5700;47.1000;522.0200;2388.0500;8137.6200;8.4158;392.0000;1.0000;0;WO544419;1341.33
2026-07-02;  ENG-091 ;96;2026-01-05 00:00:00;642.5800;1590.4700;1412.0200;553.4700;2388.1200;9049.7400;47.6600;521.0300;2388.1000;8123.8300;8.4305;393.0000;1.0000;0;WO558703;205.72
2026-07-02;ENG-024;85;2026-01-04 13:00:00;642.2600;1588.6400;1402.0600;554.1500;2387.9900;9071.6300;47.2900;521.8000;2388.0600;8150.6300;8.4043;391.0000;0.9680;0;WO917134;791.32
02-Jul-2026;ENG-032;75;2026-01-04 03:00:00;642.7900;1583.6900;1399.7900;554.3700;2387.9800;9060.7900;47.2300;522.5000;2388.0900;8153.9200;8.4130;393.0000;0.9440;0;WO158096;1127.31
02-Jul-2026;ENG-064;71;2026-01-03 23:00:00;642.0900;1582.7800;1403.6700;553.9200;2388.0700;9059.7000;47.3600;521.6800;2388.0700;8135.9300;8.4203;392.0000;1.0000;0;WO650222;1,422.80
2026-07-02;eng-070;72;2026-01-04 00:00:00;642.7400;1586.6900;1405.8400;553.1000;2388.1100;9046.2600;47.5400;521.9100;2388.1400;8132.7800;8.4535;391.0000;1.0000;0;WO896760;1329.09
2026-07-02;ENG-061;84;2026-01-04 12:00:00;642.2300;1584.9700;1396.8100;553.7300;2388.0900;9070.1300;47.4200;522.1300;2388.0400;8148.8800;8.4336;393.0000;0.7680;0;WO724730;1,895.06
2026/07/02;ENG-009;35;2026-01-02 11:00:00;642.6700;1590.1400;1411.5100;552.4600;2388.0700;9047.5700;47.4900;521.2800;2388.0800;8133.7500;8.4361;396.0000;1.0000;0;WO132108;2924.72
2026/07/02;ENG-040;72;2026-01-04 00:00:00;643.0600;1602.1000;1411.3500;552.7400;2388.1500;9051.7300;47.3600;520.6400;2388.0900;8134.2600;8.4395;393.0000;0.7120;0;WO134547;
02-Jul-2026;ENG-075;32;2026-01-02 08:00:00;642.4500;1587.2500;1406.9500;553.2300;2388.0300;9063.4400;47.2900;521.9100;2388.0200;8139.7700;8.3926;392.0000;1.0000;0;WO560312;1,213.71
2026/07/02;ENG-065;31;2026-01-02 07:00:00;641.8000;1578.9000;1389.8400;555.0000;2388.0100;9066.8200;47.2200;523.0300;2387.9300;8149.5900;8.4041;391.0000;1.0000;0;WO797451;1899.45
2026/07/02;eng-061;97;2026-01-05 01:00:00;642.7900;1592.6000;1404.8500;553.8300;2388.0700;9073.8200;47.4700;521.4300;2388.0400;8145.4000;8.3804;393.0000;0.6640;0;WO455996;1,135.28
2026/07/02;  ENG-073 ;54;2026-01-03 06:00:00;641.8300;1577.9500;1398.3700;553.6800;2388.0300;9052.5000;47.3500;521.7800;2388.0300;8130.7100;8.4290;393.0000;1.0000;0;WO509145;62.26
02-Jul-2026;ENG-062;142;2026-01-06 22:00:00;642.1700;1582.1000;1393.9900;554.2600;2388.0500;9063.8900;47.1300;522.0800;2388.0300;8142.5400;8.3914;391.0000;1.0000;0;WO768400;
02-Jul-2026;ENG-082;59;2026-01-03 11:00:00;642.7100;1580.9200;1402.0500;553.9500;2387.9700;9068.1500;47.3900;522.2700;2388.0400;8149.7700;8.4435;391.0000;0.8960;0;WO163201;2889.49
2026/07/02;  ENG-095 ;55;2026-01-03 07:00:00;642.4000;1585.9500;1402.3300;554.0600;2388.1100;9053.3500;47.3800;521.7700;2388.0800;8131.0100;8.4310;394.0000;1.0000;0;WO920878;515.19
02-Jul-2026;ENG-089;100;2026-01-05 04:00:00;642.0700;1591.7200;1400.9000;552.9600;2388.1300;9045.8700;47.4100;521.4600;2388.1300;8123.4100;8.4270;392.0000;1.0000;0;WO911581;1331.56
02-Jul-2026;ENG-097;71;2026-01-03 23:00:00;642.2700;1579.3700;1407.5500;554.2600;2388.0000;9072.5000;47.3300;521.7400;2388.0300;8149.6900;8.4176;392.0000;1.0000;0;WO659119;286.55
2026-07-02;ENG-058;81;2026-01-04 09:00:00;642.0000;1592.4500;1397.4600;554.7700;2388.0900;9055.8000;47.1900;522.0100;2388.0800;8133.5500;8.4358;394.0000;1.0000;0;WO626964;428.98
2026/07/02;ENG-004;52;2026-01-03 04:00:00;642.4600;1589.6000;1405.0600;553.7600;2388.1200;9051.0500;47.3600;521.6100;2388.0600;8132.5900;8.4130;392.0000;1.0000;0;WO767910;214.85
2026-07-02;ENG-003;78;2026-01-04 06:00:00;642.5800;1592.5600;1410.4000;553.2900;2388.1600;9046.2300;47.5800;521.3100;2388.0700;8131.0900;8.4387;394.0000;0.9360;0;WO210077;299.70
02-Jul-2026;ENG-034;104;2026-01-05 08:00:00;642.8400;1583.8000;1394.5700;554.6800;2387.9900;9068.4800;47.2600;522.0600;2388.0700;8147.3300;8.4418;390.0000;0.8480;0;WO921483;161.39
2026-07-02;ENG-071;39;2026-01-02 15:00:00;642.3900;1586.7400;1397.5000;554.0700;2388.0700;9065.8100;47.3000;522.2800;2388.0400;8148.6600;8.3980;393.0000;1.0000;0;WO725044;1098.09
2026-07-02;ENG-076;135;2026-01-06 15:00:00;642.7900;1582.3300;1403.3200;554.2900;2388.0600;9070.5000;47.5500;521.9500;2388.0600;8149.1400;8.4171;393.0000;0.6400;0;WO368562;2,801.83
2026-07-02;ENG-055;40;2026-01-02 16:00:00;642.2200;1582.9300;1399.8700;553.6100;2388.0400;9056.2000;47.4800;522.1100;2388.0900;8130.9700;8.3995;393.0000;1.0000;0;WO491250;318.67
02-Jul-2026;ENG-065;32;2026-01-02 08:00:00;641.6300;1587.7400;1394.9500;554.7000;2387.9700;9067.3000;47.1400;522.3100;2388.0500;8147.9700;8.3828;391.0000;1.0000;0;WO704379;2,154.01
02-Jul-2026;  ENG-068 ;106;2026-01-05 10:00:00;642.1200;1588.9300;1399.7400;553.0600;2388.0800;9060.4600;47.3600;521.4200;2388.0800;8143.4400;8.4287;393.0000;0.7120;0;WO638833;748.84
02-Jul-2026;  ENG-028 ;92;2026-01-04 20:00:00;642.5000;1589.5800;1415.0900;553.8600;2388.0600;9050.7200;47.4600;522.1800;2388.1300;8129.2100;8.4269;393.0000;1.0000;0;WO441327;1256.12
2026/07/02;ENG-057;65;2026-01-03 17:00:00;643.0500;1597.4900;1401.1000;553.1600;2388.1500;9039.0500;47.4800;521.9000;2388.1000;8130.7100;8.4355;392.0000;1.0000;0;WO858950;1885.20
02-Jul-2026;ENG-076;94;2026-01-04 22:00:00;642.0800;1582.7900;1400.2000;553.8800;2388.0400;9067.0000;47.2500;522.0400;2387.9900;8134.1400;8.4305;392.0000;0.9680;0;WO415038;2,851.13
2026-07-02;ENG-100;132;2026-01-06 12:00:00;642.1400;1590.5100;1404.4100;553.5500;2388.0600;9076.5600;47.4700;522.0000;2388.0500;8152.0600;8.3927;393.0000;0.6880;0;WO515638;2,734.04
2026-07-02;eng-047;44;2026-01-02 20:00:00;642.0700;1586.0400;1410.9300;552.6900;2388.1000;9035.1900;47.6100;521.0000;2388.1500;8118.1800;8.4384;395.0000;1.0000;0;WO645026;1702.16
2026-07-02;ENG-095;39;2026-01-02 15:00:00;642.7300;1580.5000;1394.7200;553.4300;2388.0700;9053.3900;47.3100;522.0900;2388.0700;8132.4900;8.4144;392.0000;;0;WO810168;1,252.53
02-Jul-2026;ENG-036;84;2026-01-04 12:00:00;643.0500;1593.0200;1419.0000;552.7700;2388.1800;9062.4800;47.7300;520.9100;2388.1100;8136.9900;8.4778;394.0000;0.4880;0;WO874594;1469.73
02-Jul-2026;  ENG-068 ;106;2026-01-05 10:00:00;642.1200;1588.9300;1399.7400;553.0600;2388.0800;9060.4600;47.3600;521.4200;2388.0800;8143.4400;8.4287;393.0000;0.7120;0;WO638833;748.84
2026/07/02;  ENG-080 ;48;2026-01-03 00:00:00;642.1300;1592.6900;1403.4300;553.7600;2388.0500;9066.2600;47.5100;521.9900;2388.0900;8144.4100;8.4360;393.0000;1.0000;0;WO916365;1783.07
02-Jul-2026;ENG-045;65;2026-01-03 17:00:00;643.0100;1588.1400;1407.6200;553.0500;2388.0700;9064.6400;47.6000;521.9100;2388.0900;8142.6300;8.4490;393.0000;1.0000;0;WO965653;1907.29
2026/07/02;ENG-052;69;2026-01-03 21:00:00;642.0500;1582.2900;1403.8700;554.8900;2388.0100;9049.4300;47.2000;522.2700;2387.9900;8140.1700;8.4028;391.0000;1.0000;0;WO580451;2299.53
02-Jul-2026;ENG-013;100;2026-01-05 04:00:00;641.6300;1586.7300;1406.5000;555.0700;2388.0600;9060.4900;47.3400;522.5200;2387.9900;8150.9900;8.4391;391.0000;1.0000;0;WO192563;
2026-07-02;ENG-094;75;2026-01-04 03:00:00;642.4700;1595.5600;1415.7600;552.6700;2388.1000;9053.1200;47.6000;521.8300;2388.1300;8133.8700;8.4507;392.0000;0.9040;0;WO141530;505.55
2026/07/02;ENG-097;58;2026-01-03 10:00:00;641.9600;1583.7400;1400.9900;553.5200;2388.0200;9064.0600;47.2500;521.9000;2388.0500;8146.9800;8.3941;392.0000;1.0000;0;WO758874;100.29
02-Jul-2026;ENG-037;44;2026-01-02 20:00:00;642.3600;1582.4300;1398.6100;555.0100;2388.0100;9054.9100;47.2700;522.0000;2388.0400;8134.0100;8.4217;392.0000;0.7840;0;WO644398;867.48
2026-07-02;ENG-001;12;2026-01-01 12:00:00;642.5400;1587.4300;1397.8200;554.3500;2388.0200;9050.0200;47.2700;522.0100;2388.0600;8132.3300;8.3984;391.0000;1.0000;0;WO379925;1880.33
2026/07/02;ENG-089;62;2026-01-03 14:00:00;642.3300;1586.9000;1399.0300;553.0300;2388.1300;9051.0800;47.3500;521.4700;2388.0900;8132.0500;8.4326;392.0000;1.0000;0;WO694260;824.52
2026/07/02;ENG-094;83;2026-01-04 11:00:00;642.8800;1588.8100;1412.0900;553.3100;2388.1300;9057.2300;47.4300;521.6400;2388.1500;8137.8500;8.4257;394.0000;0.8400;0;WO435048;1105.20
2026/07/02;ENG-096;51;2026-01-03 03:00:00;641.8600;1585.6100;1399.9100;554.0900;2388.0200;9068.4100;47.5100;522.5800;2388.0100;8144.8600;8.4060;391.0000;1.0000;0;WO296742;2383.98
2026/07/02;ENG-003;59;2026-01-03 11:00:00;642.9200;1589.0900;1406.5100;552.7900;2388.1000;9052.4300;47.4900;520.9100;2388.1200;8133.0700;8.4042;394.0000;1.0000;0;WO791991;2051.26
2026/07/02;ENG-008;70;2026-01-03 22:00:00;642.6200;1587.0800;1399.7800;552.9700;2388.1400;9051.1300;47.4300;521.7500;2388.1500;8129.8700;8.4348;391.0000;1.0000;0;WO291921;2805.55
02-Jul-2026;eng-042;55;2026-01-03 07:00:00;642.5800;1580.6200;1401.8200;553.5500;2388.0100;9047.2600;47.1700;522.0000;2388.0400;8134.5500;8.4036;391.0000;0.8880;0;WO948635;2,998.97
2026/07/02;ENG-028;106;2026-01-05 10:00:00;642.4600;1589.1400;1412.0800;553.7300;2388.1400;9052.3800;47.4900;521.4200;2388.1100;8135.9100;8.4252;393.0000;1.0000;0;WO598306;57.17
02-Jul-2026;ENG-046;57;2026-01-03 09:00:00;642.2300;1598.8800;1398.3700;553.3000;2388.0700;9061.7300;47.4900;521.9300;2388.0700;8144.4700;8.4385;391.0000;1.0000;0;WO658957;2192.92
2026-07-02;ENG-093;86;2026-01-04 14:00:00;642.7600;1594.0400;1415.2200;552.9200;2388.0900;9060.9100;47.4700;520.9100;2388.1500;8135.2700;8.4678;393.0000;1.0000;0;WO762458;2338.32
02-Jul-2026;ENG-044;30;2026-01-02 06:00:00;642.3300;1588.3300;1399.0600;553.9200;2388.1100;9054.6800;47.5300;522.1700;2388.0600;8132.4800;8.4605;393.0000;1.0000;0;WO965135;1,485.21
2026/07/02;  ENG-074 ;50;2026-01-03 02:00:00;642.6400;1594.2400;1402.9500;553.0100;2388.1100;9059.9900;47.4000;521.6800;2388.0700;8146.3800;8.4212;392.0000;;0;WO107715;
2026-07-02;ENG-038;73;2026-01-04 01:00:00;642.7400;1591.1300;1408.1800;552.7200;2388.1600;9057.8300;47.7800;521.4100;2388.1300;8135.2700;8.4497;393.0000;0.8160;0;WO196850;1788.96
2026/07/02;ENG-046;86;2026-01-04 14:00:00;643.0200;1594.5200;1405.9000;553.6600;2388.0900;9066.9200;47.4900;521.8200;2388.0600;8143.0600;8.4472;391.0000;0.8560;0;WO863777;2,225.40
2026/07/02;ENG-061;79;2026-01-04 07:00:00;642.3200;1590.2500;1399.7600;555.3800;2388.0600;9066.1200;47.1200;521.7900;2388.0500;8145.4700;8.4290;391.0000;0.8080;0;WO463505;1713.57
02-Jul-2026;ENG-070;99;2026-01-05 03:00:00;643.3100;1589.3200;1409.4700;554.1400;2388.0700;9052.6000;47.4300;522.1100;2388.1000;8134.6500;8.4327;393.0000;1.0000;0;WO932034;2986.81
02-Jul-2026;ENG-076;119;2026-01-05 23:00:00;641.9800;1587.2400;1406.5200;554.3300;2388.0700;9066.1600;47.2200;521.9600;2388.0500;8145.0200;8.3891;392.0000;0.7680;0;WO535875;1219.82
2026/07/02;ENG-020;78;2026-01-04 06:00:00;642.6700;1591.8300;1409.2200;554.0100;2388.0400;9065.9200;47.3500;521.5200;2388.0600;8139.5600;8.4480;393.0000;0.9760;0;WO339997;2,308.28
2026/07/02;ENG-019;90;2026-01-04 18:00:00;642.0000;1579.2600;1397.9600;554.4600;2388.0500;9060.7100;47.1600;521.8600;2388.0200;8136.7000;8.4179;392.0000;1.0000;0;WO684918;1370.59
2026/07/02;eng-081;102;2026-01-05 06:00:00;642.7700;1590.2400;1393.1300;554.2500;2388.0700;9078.1900;47.5000;521.7500;2388.0300;8146.5700;8.3989;392.0000;0.9520;0;WO817292;862.46
2026/07/02;ENG-076;82;2026-01-04 10:00:00;642.0900;1586.1200;1402.9500;554.2400;2388.0300;9061.7400;47.1400;522.0000;2388.0500;8149.6000;8.4271;391.0000;1.0000;0;WO573980;1146.78
02-Jul-2026;ENG-084;74;2026-01-04 02:00:00;642.1600;1591.3600;1400.0000;553.1700;2388.0400;9054.0200;47.2900;521.7100;2388.0300;8136.9900;8.3994;392.0000;1.0000;0;WO237601;132.27
2026-07-02;ENG-040;89;2026-01-04 17:00:00;642.2200;1589.2800;1414.9100;553.0000;2388.1300;9052.6900;47.5600;520.7000;2388.1300;8129.4400;8.4390;394.0000;0.5760;0;WO608925;2,641.53
02-Jul-2026;ENG-093;153;2026-01-07 09:00:00;642.1700;1597.8700;1405.0600;552.5100;2388.1300;9064.8900;47.6900;521.3700;2388.1000;8142.0000;8.4386;393.0000;1.0000;0;WO148739;
2026/07/02;ENG-095;31;2026-01-02 07:00:00;642.5700;1586.9400;1407.5300;554.1700;2388.0400;9046.0700;47.1700;521.9000;2388.1100;8130.4400;8.4075;392.0000;1.0000;0;WO622996;1622.77
2026/07/02;ENG-052;82;2026-01-04 10:00:00;642.2500;1588.5700;1393.7300;554.0200;2388.0100;9056.9600;47.3200;522.2100;2388.0500;8141.9800;8.3962;392.0000;1.0000;0;WO530565;1,935.05
2026/07/02;  ENG-008 ;106;2026-01-05 10:00:00;642.5400;1584.3100;1413.5700;553.4100;2388.0900;9054.2300;47.5400;521.2000;2388.0700;8127.1000;8.4001;394.0000;1.0000;0;WO982127;753.89
02-Jul-2026;ENG-024;76;2026-01-04 04:00:00;641.4100;1585.3900;1395.4900;554.3800;2387.9400;9069.5200;47.1500;522.6500;2387.9700;8147.9900;8.4159;391.0000;1.0000;0;WO436626;2,549.34
02-Jul-2026;ENG-067;29;2026-01-02 05:00:00;642.7900;1589.1400;1406.6000;553.2600;2388.0400;9052.4900;47.1700;522.3300;2388.0200;8140.7700;8.4043;392.0000;0.9520;0;WO695989;1776.99
02-Jul-2026;  ENG-004 ;50;2026-01-03 02:00:00;642.0600;1592.4300;1408.9800;553.4800;2388.0700;9058.9100;47.5300;520.9500;2388.0800;8136.5600;8.4371;393.0000;1.0000;0;WO913493;1497.92
2026-07-02;ENG-080;77;2026-01-04 05:00:00;642.6000;1590.7900;1408.3700;553.4800;2388.0000;9067.1800;47.6900;521.4100;2388.0700;8146.6200;8.4268;393.0000;1.0000;0;WO965889;2,696.44
02-Jul-2026;ENG-076;125;2026-01-06 05:00:00;642.3500;1583.4800;1405.8600;553.8800;2388.1000;9070.6400;47.4800;521.3500;2388.0600;8144.9100;8.4326;393.0000;0.7200;0;WO773393;2,619.23
02-Jul-2026;ENG-034;83;2026-01-04 11:00:00;642.2800;1578.5200;1401.0000;555.1700;2388.0000;9066.6300;47.2600;521.9400;2387.9900;8145.7300;8.3885;391.0000;;0;WO390190;296.21
2026-07-02;ENG-100;76;2026-01-04 04:00:00;642.2700;1590.3400;1397.8800;553.9200;2388.0300;9050.7000;47.5200;521.8300;2388.0600;8142.6200;8.4071;392.0000;1.0000;0;WO414393;689.48
02-Jul-2026;ENG-064;72;2026-01-04 00:00:00;642.3500;1588.0900;1404.0700;553.7600;2388.0000;9049.9200;47.3000;522.0300;2388.0800;8137.4600;8.4059;392.0000;0.9920;0;WO133539;1321.57
2026/07/02;  ENG-013 ;82;2026-01-04 10:00:00;642.2000;1577.3900;1404.1900;554.7500;2388.0500;9049.8000;47.1100;521.8500;2387.9700;8143.6600;8.4104;391.0000;1.0000;0;WO510618;2,178.85
02-Jul-2026;ENG-045;81;2026-01-04 09:00:00;642.7100;1585.5300;1413.9600;552.7500;2388.1000;9065.1100;47.6000;520.5100;2388.0700;8139.7500;8.4692;394.0000;1.0000;0;WO868852;1,661.78
2026-07-02;ENG-050;35;2026-01-02 11:00:00;642.4700;1590.4400;1411.2300;554.1800;2388.0100;9060.4800;47.3700;522.2000;2388.1000;8142.8700;8.4344;392.0000;0.9440;0;WO151751;1,726.85
2026/07/02;ENG-068;96;2026-01-05 00:00:00;642.6800;1587.4000;1397.8100;553.0100;2388.0400;9049.1600;47.2200;521.3500;2388.0800;8136.1100;8.4191;393.0000;0.7920;0;WO271814;904.11
02-Jul-2026;ENG-038;55;2026-01-03 07:00:00;643.0500;1588.7800;1414.4300;552.7500;2388.1300;9053.1200;47.6200;521.3100;2388.1600;8136.8800;8.4209;394.0000;0.9600;0;WO647233;867.22
2026/07/02;ENG-013;127;2026-01-06 07:00:00;642.1600;1586.8100;1405.7400;553.4000;2388.0600;9057.1200;47.3500;522.1500;2387.9800;8142.2900;8.3973;394.0000;1.0000;0;WO923183;2910.71
02-Jul-2026;ENG-093;107;2026-01-05 11:00:00;642.7400;1589.1300;1409.9000;553.6600;2388.1100;9060.2700;47.3500;521.6300;2388.1200;8141.7400;8.4529;394.0000;1.0000;0;WO369821;2265.56
2026-07-02;ENG-066;87;2026-01-04 15:00:00;642.5800;1590.4400;1412.0800;553.4800;2388.0500;9073.5100;47.5500;520.9400;2388.0800;8150.6900;8.4434;396.0000;0.5920;0;WO254584;1998.53
2026/07/02;ENG-063;67;2026-01-03 19:00:00;642.5700;1596.9700;1407.3300;553.8000;2388.0400;9051.0000;47.6900;521.3800;2388.0300;8134.8900;8.4117;392.0000;1.0000;0;WO294982;2,690.75
02-Jul-2026;ENG-042;96;2026-01-05 00:00:00;642.5800;1585.8300;1401.8000;553.6700;2388.0800;9051.4900;47.3500;521.5500;2388.1400;8126.1900;8.4068;392.0000;0.5600;0;WO656535;61.21
02-Jul-2026;ENG-051;54;2026-01-03 06:00:00;642.2900;1586.8300;1401.1000;553.1200;2388.0800;9055.0700;47.4300;521.5800;2388.1200;8127.3200;8.4443;393.0000;1.0000;0;WO122040;405.30
02-Jul-2026;ENG-026;31;2026-01-02 07:00:00;642.1200;1589.4200;1404.7300;554.0900;2387.9900;9060.8100;47.3100;522.7200;2388.0500;8146.0500;8.4474;392.0000;1.0000;0;WO885555;2,821.86
2026/07/02;  ENG-039 ;14;2026-01-01 14:00:00;642.2400;1587.5300;1401.2700;554.8800;2388.0600;9062.6500;47.2800;521.5800;2388.0700;8140.8400;8.4179;392.0000;1.0000;0;WO832607;2229.35
2026/07/02;  ENG-068 ;80;2026-01-04 08:00:00;643.0400;1586.6800;1403.7800;554.3300;2388.0500;9058.6700;47.4100;522.0100;2388.0500;8143.8900;8.4226;393.0000;0.9200;0;WO683181;1081.54
02-Jul-2026;ENG-086;69;2026-01-03 21:00:00;642.6300;1589.4000;1409.6600;553.6500;2388.1000;9063.4700;47.5800;521.7200;2388.1200;8139.6300;8.4322;392.0000;1.0000;0;WO738460;2516.34
2026-07-02;ENG-005;61;2026-01-03 13:00:00;641.9900;1577.7100;1407.1700;553.3600;2388.1300;9051.8800;47.4000;521.5100;2388.1100;8131.5300;8.4530;393.0000;1.0000;0;WO708571;1248.97
02-Jul-2026;ENG-061;96;2026-01-05 00:00:00;642.1900;1579.2900;1398.3000;553.9300;2388.0300;9068.3100;47.2900;522.1400;2387.9900;8147.6200;8.4352;393.0000;0.6720;0;WO589444;224.33
2026-07-02;ENG-024;118;2026-01-05 22:00:00;642.3200;1578.5300;1401.9400;553.9300;2388.0200;9083.2400;47.2700;522.2900;2388.0300;8161.4300;8.4304;392.0000;0.7040;0;WO687491;1,342.77
2026-07-02;ENG-007;92;2026-01-04 20:00:00;641.8200;1584.0800;1397.4700;554.8900;2388.0400;9059.1500;47.2900;522.3000;2388.0000;8143.3900;8.4117;391.0000;1.0000;0;WO752687;681.68
02-Jul-2026;ENG-049;130;2026-01-06 10:00:00;641.9600;1585.3500;1403.8100;554.7800;2388.0800;9058.3900;47.2500;522.0100;2388.0200;8140.0700;8.3667;393.0000;1.0000;0;WO853717;1583.42
2026/07/02;eng-029;98;2026-01-05 02:00:00;642.6800;1590.5500;1400.4700;555.1200;2388.0000;9062.7500;47.2000;521.9600;2388.0400;8143.8600;8.4035;391.0000;1.0000;0;WO803197;2,894.01
2026/07/02;eng-049;152;2026-01-07 08:00:00;642.6700;1587.0100;1402.5500;554.7100;2388.0700;9060.8200;47.0700;521.3900;2388.0000;8144.5600;8.3872;393.0000;1.0000;0;WO391223;1,240.21
02-Jul-2026;ENG-021;82;2026-01-04 10:00:00;642.3700;1581.0000;1399.4700;554.4400;2388.0100;9066.3000;47.3800;522.3700;2388.0600;8144.2300;8.4111;392.0000;0.9840;0;WO823455;1,285.27
2026/07/02;ENG-037;55;2026-01-03 07:00:00;642.1600;1586.0000;1409.3100;553.6500;2388.0400;9043.3100;47.1700;522.3700;2388.0500;8139.0700;8.3949;392.0000;0.6960;0;WO441403;2,697.55
02-Jul-2026;ENG-054;49;2026-01-03 01:00:00;642.3100;1587.7900;1397.6100;553.9000;2387.9600;9055.9600;47.0900;522.1500;2388.0000;8141.2000;8.3988;391.0000;1.0000;0;WO816339;2,210.05
2026/07/02;ENG-093;96;2026-01-05 00:00:00;642.8000;1596.1900;1406.4200;552.6400;2388.1100;9063.3100;47.4400;520.9200;2388.1200;8140.3900;8.4569;393.0000;1.0000;0;WO199546;1085.74
2026/07/02;ENG-047;28;2026-01-02 04:00:00;643.1300;1593.5100;1411.3500;552.9300;2388.1500;9051.0700;47.7900;521.1300;2388.1600;8123.4200;8.4500;395.0000;1.0000;0;WO334089;2,777.75
02-Jul-2026;ENG-061;65;2026-01-03 17:00:00;642.0100;1583.1800;1405.4100;554.3900;2388.0300;9067.2700;47.1900;522.3100;2388.0500;8147.7700;8.3818;391.0000;0.9200;0;WO241170;1559.27
2026/07/02;  ENG-086 ;62;2026-01-03 14:00:00;642.4700;1590.9900;1402.2700;554.1100;2388.1000;9059.9200;47.3000;521.7100;2388.0300;8141.6800;8.4195;393.0000;1.0000;0;WO456178;2199.51
2026/07/02;ENG-065;25;2026-01-02 01:00:00;642.3600;1583.6200;1397.8500;555.2200;2387.9600;9064.4900;47.2300;522.5500;2388.0300;8140.7400;8.4089;390.0000;1.0000;0;WO491708;206.48
2026-07-02;ENG-035;72;2026-01-04 00:00:00;642.2900;1588.8600;1406.4300;553.1800;2388.0700;9051.9900;47.4200;521.5100;2388.1400;8133.1500;8.4680;393.0000;1.0000;0;WO125703;323.13
2026/07/02;eng-100;68;2026-01-03 20:00:00;642.3500;1589.2900;1403.8600;554.2500;2388.0500;9065.1300;47.3300;522.3700;2388.0200;8134.5800;8.4180;393.0000;1.0000;0;WO528313;1,149.50
02-Jul-2026;ENG-013;122;2026-01-06 02:00:00;642.0700;1589.9400;1398.6100;554.3100;2388.0100;9063.4800;47.4300;522.5100;2388.0800;8141.9100;8.4295;393.0000;1.0000;0;WO119929;2056.53
2026/07/02;ENG-041;71;2026-01-03 23:00:00;642.2000;1573.2800;1399.3700;553.7700;2388.0800;9044.9700;47.3200;522.4600;2388.1100;8132.9800;8.4185;393.0000;0.5600;0;WO295779;2,727.07
2026-07-02;ENG-087;21;2026-01-01 21:00:00;642.4000;1581.1700;1400.4800;554.1500;2387.9700;9061.1300;47.0700;522.2000;2388.0100;8146.7100;8.3895;392.0000;1.0000;0;WO635885;608.68
02-Jul-2026;ENG-013;94;2026-01-04 22:00:00;641.7800;1586.4000;1397.3800;554.3800;2388.0300;9062.4500;47.1400;521.8700;2388.0600;8142.8400;8.3928;392.0000;1.0000;0;WO897669;2574.23
2026/07/02;ENG-074;87;2026-01-04 15:00:00;643.1100;1588.8300;1404.2300;554.2000;2388.0800;9052.8100;47.4400;521.5200;2388.0400;8147.0000;8.4152;392.0000;1.0000;0;WO223237;1944.10
2026-07-02;eng-072;53;2026-01-03 05:00:00;642.2600;1589.2700;1404.6500;554.3600;2388.0300;9058.7200;47.3200;522.2900;2387.9800;8144.6900;8.3881;394.0000;;0;WO539071;592.58
02-Jul-2026;eng-093;120;2026-01-06 00:00:00;642.4700;1594.8000;1414.3700;552.8600;2388.0600;9061.5000;47.5500;521.1600;2388.0900;8135.3100;8.3999;394.0000;1.0000;0;WO563912;1192.57
2026/07/02;ENG-015;29;2026-01-02 05:00:00;641.8900;1581.3600;1400.3600;554.7800;2388.0300;9053.1800;47.2300;522.0600;2388.0400;8137.8600;8.4206;392.0000;1.0000;0;WO127863;2284.50
2026/07/02;ENG-079;64;2026-01-03 16:00:00;642.3100;1588.9500;1400.1800;553.6600;2388.1300;9057.4200;47.4100;522.0500;2388.0800;8133.9100;8.4439;392.0000;0.8000;0;WO230979;2604.37
2026-07-02;ENG-043;61;2026-01-03 13:00:00;642.4600;1575.4000;1398.5700;554.7700;2388.1000;9044.1200;47.1900;521.5600;2388.0600;8132.5400;8.4280;392.0000;1.0000;0;WO955930;1957.29
2026/07/02;ENG-091;85;2026-01-04 13:00:00;643.6200;1592.6800;1406.6300;552.2700;2388.1200;9053.6600;47.5200;521.2300;2388.1500;8121.7300;8.4348;393.0000;1.0000;0;WO855059;2,036.14
2026/07/02;ENG-088;26;2026-01-02 02:00:00;642.8500;1584.0100;1408.7200;553.6600;2388.1300;9040.4700;47.5700;521.5700;2388.1400;8123.7800;8.4390;393.0000;1.0000;0;WO940998;1,979.09
2026/07/02;  ENG-088 ;42;2026-01-02 18:00:00;642.9700;1587.9800;1403.7500;553.2200;2388.1000;9035.2600;47.4900;521.2400;2388.1800;8126.8500;8.4367;394.0000;1.0000;0;WO314891;2577.54
2026-07-02;ENG-058;100;2026-01-05 04:00:00;642.1800;1592.4000;1406.3500;553.8300;2388.0800;9044.7700;47.2900;522.0100;2388.1000;8131.9500;8.4065;392.0000;0.9040;0;WO865777;1060.82
2026-07-02;ENG-084;101;2026-01-05 05:00:00;642.0900;1594.8000;1409.9800;553.4400;2388.0500;9054.3600;47.5600;521.0400;2388.0900;8131.7100;8.4505;391.0000;1.0000;0;WO692604;1,719.97
2026-07-02;ENG-043;104;2026-01-05 08:00:00;643.2900;1594.2300;1403.1600;553.3400;2388.0600;9053.6200;47.5800;521.3900;2388.0400;8129.0300;8.4147;393.0000;1.0000;0;WO234867;441.17
2026-07-02;ENG-010;72;2026-01-04 00:00:00;642.3400;1584.3200;1399.9500;554.1000;2388.0400;9060.8900;47.1800;522.7000;2388.0000;8143.6500;8.3927;392.0000;1.0000;0;WO272744;2,697.59
2026/07/02;ENG-060;73;2026-01-04 01:00:00;642.7100;1590.4700;1406.5900;553.3700;2388.1400;9055.3000;47.5800;521.9200;2388.1000;8135.2500;8.4151;392.0000;1.0000;0;WO826846;1,877.18
2026-07-02;ENG-002;22;2026-01-01 22:00:00;642.4400;1585.4800;1412.6900;554.2200;2388.0500;9052.7500;47.5400;522.0900;2388.0900;8126.3300;8.4271;393.0000;1.0000;0;WO649682;978.72
2026-07-02;ENG-007;93;2026-01-04 21:00:00;642.1300;1587.0500;1398.6900;554.5100;2388.0700;9059.5000;47.2000;521.9900;2388.0300;8142.1800;8.4332;391.0000;1.0000;0;WO436550;954.72
2026-07-02;eng-021;86;2026-01-04 14:00:00;641.6300;1585.2700;1390.6200;554.9100;2388.0400;9059.6000;47.1700;521.7100;2388.0000;8140.8900;8.3916;392.0000;0.9520;0;WO754435;1105.79
2026-07-02;ENG-016;71;2026-01-03 23:00:00;642.8200;1585.3100;1400.5500;554.2700;2388.0800;9056.4800;47.3700;522.4500;2388.1000;8139.6800;8.3985;393.0000;1.0000;0;WO567532;1841.05
2026/07/02;ENG-023;56;2026-01-03 08:00:00;641.7800;1584.7800;1399.3100;554.8900;2388.0300;9049.6700;47.2000;522.1500;2387.9900;8134.3600;8.4101;393.0000;1.0000;0;WO569636;2134.54
2026/07/02;ENG-042;100;2026-01-05 04:00:00;642.6900;1587.3000;1399.3600;553.6200;2388.1000;9046.8400;47.4600;520.9600;2388.1000;8129.3000;8.4449;392.0000;0.5280;0;WO362068;773.00
2026/07/02;ENG-095;47;2026-01-02 23:00:00;642.1600;1577.1800;1404.6800;553.9200;2388.0700;9045.1600;47.5500;522.3400;2388.1000;8133.0700;8.4080;391.0000;1.0000;0;WO134223;1,820.26
02-Jul-2026;ENG-005;48;2026-01-03 00:00:00;643.1800;1592.5400;1402.9300;553.7900;2388.1200;9055.9500;47.5800;521.8800;2388.1100;8135.4400;8.4455;392.0000;1.0000;0;WO102232;
2026-07-02;ENG-045;85;2026-01-04 13:00:00;642.5400;1588.7900;1406.5200;553.4300;2388.1100;9065.2800;47.5800;521.4700;2388.1000;8144.0200;8.4165;393.0000;1.0000;0;WO970702;1831.80
02-Jul-2026;ENG-024;114;2026-01-05 18:00:00;642.0100;1588.3600;1403.2800;554.7800;2387.9800;9077.7900;47.3100;522.1600;2387.9800;8156.9800;8.4015;392.0000;0.7360;0;WO540073;2127.03
2026-07-02;ENG-064;97;2026-01-05 01:00:00;642.7600;1587.0300;1407.9200;554.0700;2388.0400;9060.1700;47.5900;522.0200;2388.0400;8140.8200;8.3871;393.0000;0.7920;0;WO591908;2260.57
2026/07/02;ENG-063;101;2026-01-05 05:00:00;642.6400;1592.2800;1412.1700;553.2000;2388.1500;9046.6100;47.5200;521.1600;2388.1400;8127.6800;8.4542;392.0000;1.0000;0;WO197804;2690.32
2026-07-02;  ENG-092 ;87;2026-01-04 15:00:00;643.1400;1589.2700;1416.5200;552.2800;2388.1500;9036.8600;47.8500;521.2000;2388.1700;8125.6700;8.4437;393.0000;0.6640;0;WO635330;1,193.58
2026/07/02;ENG-062;105;2026-01-05 09:00:00;642.2500;1584.5900;1390.7400;554.1500;2388.0200;9057.2100;47.3400;522.1600;2388.0300;8130.9000;8.3741;391.0000;1.0000;0;WO930458;1,856.68
2026/07/02;ENG-093;132;2026-01-06 12:00:00;642.8400;1593.1000;1401.4400;553.4500;2388.1000;9066.9700;47.6100;521.1100;2388.0400;8134.1800;8.4443;392.0000;1.0000;0;WO239191;1642.06
02-Jul-2026;  ENG-025 ;17;2026-01-01 17:00:00;642.8100;1582.8700;1397.2300;553.9500;2388.0500;9052.9000;47.2300;522.1300;2388.0700;8131.9800;8.3876;392.0000;1.0000;0;WO714647;797.41
2026/07/02;ENG-064;59;2026-01-03 11:00:00;642.5200;1583.9300;1401.5400;554.7800;2388.0600;9057.5100;47.2500;521.7500;2388.0000;8138.5000;8.4304;394.0000;1.0000;0;WO923407;764.56
2026-07-02;ENG-040;71;2026-01-03 23:00:00;643.1800;1597.8600;1416.8400;552.8700;2388.1500;9057.2200;47.6700;521.3800;2388.1200;8132.6500;8.4201;394.0000;0.7200;0;WO908828;2,162.11
2026/07/02;ENG-054;72;2026-01-04 00:00:00;642.1800;1586.3400;1398.5700;554.5900;2388.0200;9057.4100;47.1000;521.5800;2387.9400;8138.4400;8.4030;392.0000;1.0000;0;WO163279;
2026-07-02;  ENG-072 ;87;2026-01-04 15:00:00;642.3900;1587.7200;1399.1400;553.6800;2388.0600;9068.2400;47.3200;521.8100;2388.0200;8145.8400;8.3981;392.0000;0.7520;0;WO909884;2578.28
2026-07-02;  ENG-064 ;105;2026-01-05 09:00:00;642.5100;1590.7300;1408.9100;554.0500;2388.0600;9055.9300;47.5700;521.5100;2388.1400;8137.3200;8.4327;393.0000;0.7280;0;WO730840;1279.37
2026/07/02;ENG-062;125;2026-01-06 05:00:00;642.4400;1580.5600;1396.2100;554.3300;2388.0200;9058.0600;47.3000;522.4100;2388.0300;8145.2500;8.3663;390.0000;1.0000;0;WO185525;2823.40
2026-07-02;ENG-049;182;2026-01-08 14:00:00;642.2800;1591.7700;1407.5000;553.0800;2388.0400;9051.5100;47.5200;522.0300;2388.1100;8145.2100;8.4335;392.0000;1.0000;0;WO767122;2,992.39
2026/07/02;ENG-058;67;2026-01-03 19:00:00;642.1500;1584.5700;1405.3600;554.8400;2388.0200;9055.7400;47.3300;521.8900;2388.1000;8131.4000;8.4063;392.0000;1.0000;0;WO481285;2637.22
2026-07-02;ENG-088;41;2026-01-02 17:00:00;642.8900;1590.1100;1410.3500;553.1500;2388.1400;9041.9000;47.4800;521.3300;2388.1500;8123.9200;8.5013;392.0000;1.0000;0;WO222770;1004.14
2026-07-02;ENG-074;47;2026-01-02 23:00:00;642.2900;1591.7800;1407.0000;553.6200;2388.0700;9058.0700;47.4600;521.4000;2388.0700;8142.0300;8.4352;392.0000;1.0000;0;WO110529;652.26
2026/07/02;ENG-056;59;2026-01-03 11:00:00;642.3100;1591.8000;1412.1800;553.1400;2388.1300;9039.5200;47.6400;521.2600;2388.1200;8121.4700;8.4434;393.0000;0.7360;0;WO343136;1,153.10
02-Jul-2026;ENG-081;122;2026-01-06 02:00:00;642.7900;1587.0200;1412.9500;553.8800;2388.0600;9062.3800;47.2500;522.1300;2388.0000;8151.1500;8.4490;395.0000;0.7920;0;WO168617;
2026/07/02;ENG-100;90;2026-01-04 18:00:00;642.3300;1591.7800;1401.0700;554.4700;2387.9900;9055.2500;47.2800;522.2000;2388.0100;8139.0600;8.4210;392.0000;1.0000;0;WO994571;2875.64
2026/07/02;ENG-084;61;2026-01-03 13:00:00;642.9100;1582.4800;1404.1100;553.3300;2388.0600;9055.1100;47.4100;520.5400;2388.0700;8131.1400;8.4496;392.0000;1.0000;0;WO666091;2,599.14
2026/07/02;ENG-049;174;2026-01-08 06:00:00;642.0500;1589.2300;1398.7900;553.8400;2388.0200;9056.9400;47.1100;522.4600;2388.0500;8142.8700;8.3882;392.0000;1.0000;0;WO720479;2031.38
2026/07/02;ENG-068;122;2026-01-06 02:00:00;642.7800;1589.5200;1409.7800;552.8900;2388.0600;9066.8900;47.5800;521.5000;2388.1200;8143.5300;8.4306;392.0000;0.5840;0;WO321252;
02-Jul-2026;  ENG-096 ;39;2026-01-02 15:00:00;642.2900;1582.2400;1396.9100;554.1400;2387.9700;9065.3600;47.1900;522.3500;2387.9700;8149.0800;8.4035;391.0000;1.0000;0;WO810198;1156.86
2026/07/02;eng-083;37;2026-01-02 13:00:00;641.9100;1586.4300;1404.8700;553.4600;2388.0700;9057.0000;47.4800;521.9300;2388.0200;8140.3700;8.4541;392.0000;1.0000;0;WO827152;824.82
02-Jul-2026;ENG-100;99;2026-01-05 03:00:00;642.3100;1579.0800;1398.9800;554.2300;2388.0600;9056.0000;47.4200;522.1300;2388.0200;8142.6900;8.4008;393.0000;0.9520;0;WO359471;2502.01
2026/07/02;ENG-017;98;2026-01-05 02:00:00;642.6700;1584.7400;1398.3000;553.7000;2388.0000;9076.7400;47.2900;522.7200;2388.0100;8153.6700;8.4299;392.0000;0.9360;0;WO578297;1,103.39
2026/07/02;ENG-015;43;2026-01-02 19:00:00;641.8300;1588.0500;1402.1200;554.3200;2387.9900;9057.8600;47.4700;522.2100;2388.0800;8140.8300;8.4055;392.0000;0.9280;0;WO176541;1,809.79
2026/07/02;ENG-029;107;2026-01-05 11:00:00;642.2800;1587.1400;1393.3000;554.0100;2388.0600;9054.7500;47.3100;521.9200;2388.0200;8140.8200;8.4174;391.0000;1.0000;0;WO840937;884.12
02-Jul-2026;ENG-070;62;2026-01-03 14:00:00;642.4900;1589.6800;1407.9400;553.4800;2388.1100;9054.2800;47.5600;521.8800;2388.1400;8130.4200;8.4467;393.0000;1.0000;0;WO529165;1902.33
02-Jul-2026;ENG-032;72;2026-01-04 00:00:00;642.2100;1593.9300;1402.9100;554.3700;2388.0300;9066.6400;47.2800;522.7300;2387.9300;8154.1700;8.3857;392.0000;;0;WO492972;1336.41
2026-07-02;ENG-054;61;2026-01-03 13:00:00;642.3400;1578.6500;1399.2300;553.7400;2388.0100;9060.3700;47.2000;522.0400;2388.0500;8135.3800;8.3359;392.0000;1.0000;0;WO223304;92.06
02-Jul-2026;  ENG-099 ;34;2026-01-02 10:00:00;642.6000;1582.0100;1394.2100;555.0600;2388.0000;9058.6600;46.9300;522.6100;2388.0000;8144.0200;8.3647;391.0000;1.0000;0;WO406677;2368.01
02-Jul-2026;ENG-029;102;2026-01-05 06:00:00;642.7500;1590.7700;1406.8400;554.0100;2388.0500;9058.9200;47.3200;522.0800;2388.0500;8142.1700;8.4130;391.0000;1.0000;0;WO701871;2947.88
02-Jul-2026;ENG-098;74;2026-01-04 02:00:00;642.4400;1590.6800;1414.3100;552.7300;2388.0700;9062.0000;47.2300;522.0100;2388.0400;8142.1200;8.4397;393.0000;;0;WO618442;639.19
2026-07-02;  ENG-089 ;82;2026-01-04 10:00:00;642.2100;1587.3800;1408.6200;553.8300;2388.0700;9043.0700;47.4900;521.0500;2388.1100;8123.3400;8.4408;393.0000;1.0000;0;WO998462;
2026-07-02;ENG-060;91;2026-01-04 19:00:00;642.9700;1594.3800;1401.9400;554.0300;2388.0900;9045.6800;47.5300;521.8800;2388.0800;8134.6900;8.4266;392.0000;1.0000;0;WO636042;442.68
2026/07/02;ENG-036;51;2026-01-03 03:00:00;642.3900;1591.5000;1411.5000;553.5200;2388.1000;9063.6200;47.6500;520.9500;2388.1300;8134.8500;8.4400;393.0000;0.7520;0;WO801440;52.74
2026/07/02;  ENG-070 ;84;2026-01-04 12:00:00;642.4600;1581.8700;1404.0900;554.3500;2388.0600;9052.0500;47.6100;521.5100;2388.0500;8129.3300;8.4026;393.0000;1.0000;0;WO560269;2005.89
2026/07/02;ENG-006;36;2026-01-02 12:00:00;642.7200;1585.6900;1404.5300;553.9000;2388.0800;9054.7500;47.3600;521.1000;2388.1000;8130.9700;8.4300;394.0000;1.0000;0;WO568725;2,511.40
2026-07-02;ENG-048;45;2026-01-02 21:00:00;642.3100;1584.6100;1407.1300;553.9000;2388.0800;9047.6100;47.3300;521.7500;2388.0500;8134.9800;8.4430;392.0000;1.0000;0;WO832116;1,781.71
2026/07/02;ENG-043;97;2026-01-05 01:00:00;642.4100;1579.7400;1404.7900;554.3100;2388.0800;9053.7900;47.4400;521.8500;2388.1200;8129.3800;8.4108;392.0000;1.0000;0;WO318405;1821.95
2026/07/02;ENG-058;112;2026-01-05 16:00:00;642.6100;1586.8700;1403.9700;553.8100;2388.0400;9051.2500;47.4100;521.6100;2388.0400;8137.3700;8.4123;392.0000;0.8080;0;WO473165;2,654.12
02-Jul-2026;  ENG-017 ;90;2026-01-04 18:00:00;642.1400;1589.2500;1402.9000;554.4900;2388.0100;9076.0300;47.1900;522.7900;2388.0000;8153.4400;8.4048;391.0000;1.0000;0;WO500972;2989.97
02-Jul-2026;ENG-095;45;2026-01-02 21:00:00;642.3500;1590.6300;1403.9200;553.7800;2388.0900;9044.6300;47.3500;521.8000;2388.0700;8130.7900;8.4108;392.0000;1.0000;0;WO178978;1060.17
2026-07-02;eng-018;81;2026-01-04 09:00:00;642.6000;1586.6300;1406.8100;553.9700;2388.0300;9064.4100;47.4400;521.9900;2388.0800;8142.3500;8.4040;393.0000;0.6400;0;WO328591;960.19
2026/07/02;eng-017;93;2026-01-04 21:00:00;641.9800;1590.4500;1402.5600;554.5300;2388.0300;9072.7900;47.4100;521.9100;2387.9800;8153.6800;8.4251;393.0000;0.9760;0;WO942400;230.41
2026/07/02;ENG-084;77;2026-01-04 05:00:00;642.4700;1584.2700;1405.6900;554.0500;2388.0500;9059.2500;47.3300;522.0500;2388.1100;8135.1200;8.4263;393.0000;1.0000;0;WO944972;204.01
2026/07/02;ENG-032;50;2026-01-03 02:00:00;642.4100;1584.3500;1398.4700;554.2900;2387.9900;9064.2700;47.0800;522.8300;2387.9900;8153.5500;8.3818;390.0000;1.0000;0;WO123588;371.11
02-Jul-2026;  ENG-051 ;58;2026-01-03 10:00:00;642.2800;1580.2000;1406.2600;553.2000;2388.0500;9049.9800;47.4400;522.0900;2388.0800;8129.6800;8.4546;391.0000;1.0000;0;WO441433;
02-Jul-2026;ENG-050;41;2026-01-02 17:00:00;642.2400;1587.3600;1404.4800;553.7000;2388.0300;9060.6400;47.3500;522.4100;2388.0700;8139.0500;8.4343;392.0000;0.8960;0;WO131627;2,685.10
02-Jul-2026;ENG-091;90;2026-01-04 18:00:00;642.5100;1595.9400;1400.7500;552.8100;2388.1400;9060.4600;47.6000;521.1900;2388.1700;8127.9800;8.4336;394.0000;1.0000;0;WO625808;2,342.94
2026/07/02;  ENG-063 ;62;2026-01-03 14:00:00;642.3200;1588.5300;1406.9500;553.7500;2388.1000;9051.8100;47.5400;520.9800;2388.1500;8131.1700;8.4474;394.0000;1.0000;0;WO336230;91.71
02-Jul-2026;ENG-055;50;2026-01-03 02:00:00;642.3200;1586.6600;1399.2200;554.4200;2388.0000;9055.6300;47.2900;522.5000;2388.0700;8139.7800;8.4407;391.0000;1.0000;0;WO809847;
02-Jul-2026;ENG-008;92;2026-01-04 20:00:00;642.4000;1592.6000;1398.3400;553.7800;2388.1100;9046.7200;47.3400;521.4300;2388.1000;8135.3400;8.4468;393.0000;1.0000;0;WO906037;1,663.16
2026/07/02;ENG-096;42;2026-01-02 18:00:00;641.9700;1587.5000;1408.1000;555.1400;2388.0800;9069.8700;47.1200;522.7100;2388.0500;8149.5400;8.4002;390.0000;1.0000;0;WO853223;2529.13
2026-07-02;ENG-036;44;2026-01-02 20:00:00;642.7900;1590.7000;1413.4200;553.3400;2388.1200;9066.4600;47.5700;521.3000;2388.0800;8133.3600;8.4622;393.0000;0.8080;0;WO456325;2,809.70
2026/07/02;ENG-024;103;2026-01-05 07:00:00;642.1900;1593.3500;1395.0100;554.3400;2387.9600;9071.2800;47.2200;522.4200;2388.0200;8156.7500;8.4319;391.0000;0.8240;0;WO846135;1,881.57
2026-07-02;ENG-019;54;2026-01-03 06:00:00;642.5700;1583.0700;1405.4900;554.5400;2388.0400;9057.4500;47.2500;521.9300;2388.0600;8136.9700;8.3775;393.0000;1.0000;0;WO104170;267.82
2026/07/02;ENG-046;73;2026-01-04 01:00:00;642.4000;1583.9900;1413.2700;553.0500;2388.0700;9060.1100;47.5100;521.7500;2388.0900;8147.7900;8.4639;392.0000;0.9600;0;WO342918;
2026/07/02;  ENG-055 ;42;2026-01-02 18:00:00;642.5300;1584.4500;1400.5800;554.5100;2388.0400;9049.5300;47.3900;522.5500;2388.0500;8137.1800;8.3818;392.0000;1.0000;0;WO234443;467.57
2026/07/02;eng-049;192;2026-01-09 00:00:00;642.4000;1581.8600;1406.5800;554.3000;2388.0900;9056.5700;47.4500;521.9300;2388.0400;8143.6300;8.4204;392.0000;1.0000;0;WO441239;531.85
02-Jul-2026;  ENG-035 ;130;2026-01-06 10:00:00;642.6000;1589.7200;1408.9300;553.0700;2388.2100;9063.0100;47.8500;521.1200;2388.1000;8134.6400;8.4411;393.0000;0.6320;0;WO483393;
2026-07-02;ENG-036;56;2026-01-03 08:00:00;642.4700;1593.5800;1413.8900;553.2300;2388.1500;9054.0100;47.5500;521.0000;2388.1300;8136.9400;8.4750;393.0000;0.7120;0;WO851880;2714.49
2026/07/02;  ENG-005 ;59;2026-01-03 11:00:00;642.6400;1594.9300;1401.5400;554.2200;2388.1600;9055.1500;47.5700;520.9100;2388.0800;8132.7200;8.4174;394.0000;;0;WO880124;1,866.03
2026/07/02;ENG-072;74;2026-01-04 02:00:00;642.3600;1586.8400;1403.6100;553.7000;2388.0800;9063.1000;47.4000;522.4700;2388.0300;8150.4500;8.4286;393.0000;;0;WO454007;2996.11
2026-07-02;ENG-017;65;2026-01-03 17:00:00;642.2500;1585.6700;1396.0900;554.5000;2388.0500;9073.2000;47.2200;522.2000;2388.0100;8146.4600;8.4166;392.0000;1.0000;0;WO989840;1200.36
2026/07/02;ENG-037;47;2026-01-02 23:00:00;642.4300;1589.9100;1403.2100;553.9900;2388.0400;9056.4300;47.2000;522.3800;2388.0700;8140.8200;8.4008;390.0000;0.7600;0;WO209743;2,184.32
2026-07-02;ENG-028;71;2026-01-03 23:00:00;642.7600;1591.0700;1399.7600;553.2900;2388.1000;9044.9400;47.4700;521.9000;2388.0800;8129.3700;8.4531;392.0000;1.0000;0;WO441136;496.18
02-Jul-2026;ENG-086;71;2026-01-03 23:00:00;642.7500;1587.3100;1397.0400;554.8900;2388.0500;9062.0100;47.4900;521.9200;2388.0800;8141.4400;8.4249;392.0000;1.0000;0;WO172266;2,020.12
2026-07-02;eng-082;104;2026-01-05 08:00:00;642.3800;1595.1600;1407.0300;553.3900;2388.1400;9068.9400;47.5100;520.9000;2388.0500;8146.6000;8.4361;390.0000;0.5360;0;WO710606;
2026/07/02;ENG-061;59;2026-01-03 11:00:00;642.3900;1584.2900;1403.0600;553.6000;2388.0500;9058.9500;47.3000;521.8300;2388.0500;8149.4300;8.3882;390.0000;0.9680;0;WO633446;2,794.67
2026-07-02;ENG-043;71;2026-01-03 23:00:00;642.5100;1582.3800;1408.4700;554.0200;2388.1100;9045.5000;47.3500;521.6400;2388.0700;8134.5400;8.4283;394.0000;1.0000;0;WO395748;837.59
2026-07-02;ENG-064;77;2026-01-04 05:00:00;642.3300;1589.6200;1405.5200;553.7200;2388.0900;9063.9200;47.4500;521.5900;2388.0900;8139.5100;8.4161;394.0000;0.9520;0;WO809222;2410.31
2026/07/02;eng-082;55;2026-01-03 07:00:00;643.2100;1592.6300;1400.3300;554.1800;2388.0700;9055.4000;47.4700;522.1500;2387.9900;8150.0800;8.4055;391.0000;0.9280;0;WO382925;1628.47
02-Jul-2026;ENG-010;107;2026-01-05 11:00:00;642.0500;1582.1200;1397.0700;553.2000;2388.0300;9060.9100;47.2400;521.6200;2388.0200;8144.8500;8.3910;392.0000;1.0000;0;WO692963;2,393.25
2026/07/02;ENG-081;133;2026-01-06 13:00:00;643.0200;1583.4200;1409.0000;553.0100;2388.1000;9063.5200;47.5800;521.4700;2388.0800;8144.5000;8.4309;392.0000;0.7040;0;WO727645;2,147.03
2026-07-02;ENG-062;141;2026-01-06 21:00:00;642.2200;1586.7700;1405.4000;555.2700;2388.0200;9064.4200;47.2200;522.4000;2388.1100;8143.4000;8.4211;393.0000;1.0000;0;WO930511;2554.55
2026/07/02;ENG-059;58;2026-01-03 10:00:00;642.1900;1581.6000;1393.5000;554.2600;2387.9800;9065.2300;47.2700;521.9200;2388.0000;8137.1300;8.4233;392.0000;1.0000;0;WO428220;2626.84
2026/07/02;ENG-044;23;2026-01-01 23:00:00;642.2400;1592.4500;1395.3700;554.1000;2388.0600;9061.1300;47.4800;521.4400;2388.0600;8129.4500;8.4312;393.0000;1.0000;0;WO325960;1,821.86
02-Jul-2026;ENG-062;132;2026-01-06 12:00:00;642.2200;1585.5200;1406.8000;554.3200;2388.0400;9057.6900;47.2400;522.1000;2388.0400;8134.2600;8.4285;393.0000;1.0000;0;WO747693;1019.62
2026-07-02;ENG-060;86;2026-01-04 14:00:00;642.7200;1586.5700;1412.9700;553.5400;2388.0800;9063.1300;47.1800;521.5100;2388.0900;8137.1600;8.4494;394.0000;1.0000;0;WO280534;199.01
2026-07-02;  ENG-070 ;66;2026-01-03 18:00:00;642.2400;1585.6900;1410.3300;553.8300;2388.1300;9049.9500;47.3900;521.6200;2388.0700;8131.6800;8.4140;393.0000;1.0000;0;WO662805;627.29
02-Jul-2026;ENG-025;25;2026-01-02 01:00:00;642.7800;1586.9500;1397.3900;553.8900;2388.1000;9046.3800;47.3600;521.6800;2388.0700;8129.3300;8.4174;394.0000;1.0000;0;WO323006;2180.44
2026/07/02;ENG-013;95;2026-01-04 23:00:00;642.2800;1582.0800;1410.2700;555.3900;2388.0500;9058.1400;47.2200;521.9100;2388.0300;8138.9600;8.4040;394.0000;1.0000;0;WO870542;407.21
2026/07/02;ENG-050;47;2026-01-02 23:00:00;642.4500;1585.7000;1403.8600;553.6000;2388.0800;9058.9500;47.4600;522.3600;2388.0400;8145.4800;8.4038;392.0000;0.8480;0;WO411753;359.12
2026-07-02;  ENG-076 ;122;2026-01-06 02:00:00;642.1100;1586.8000;1411.3500;553.6900;2388.0500;9066.8100;47.3300;521.7300;2388.0500;8147.5400;8.4163;393.0000;0.7440;0;WO565147;1,369.67
2026/07/02;eng-023;71;2026-01-03 23:00:00;642.2300;1581.2700;1394.6900;554.3700;2388.0300;9053.4300;47.3600;522.4800;2388.0700;8139.4300;8.3866;393.0000;1.0000;0;WO133577;1,386.60
02-Jul-2026;ENG-003;47;2026-01-02 23:00:00;642.6300;1587.0500;1407.7900;553.6000;2388.1400;9051.6900;47.5600;520.8100;2388.1100;8137.4400;8.4516;394.0000;1.0000;0;WO382687;1445.52
02-Jul-2026;ENG-075;47;2026-01-02 23:00:00;642.1800;1588.0900;1407.0900;554.1200;2388.0600;9058.3700;47.2600;521.9300;2388.0400;8136.1400;8.4388;392.0000;1.0000;0;WO207462;2409.60
2026/07/02;eng-069;32;2026-01-02 08:00:00;641.9700;1584.5100;1405.1600;554.1400;2388.0600;9048.7100;47.4000;521.7800;2388.0700;8126.2000;8.3842;391.0000;1.0000;0;WO949644;2667.60
2026-07-02;ENG-079;52;2026-01-03 04:00:00;643.0400;1584.0100;1399.6400;553.8200;2388.0800;9055.8100;47.4400;521.3700;2388.1200;8130.4300;8.4346;392.0000;0.8960;0;WO791791;1,345.67
2026/07/02;  ENG-020 ;73;2026-01-04 01:00:00;642.5600;1597.4800;1399.1600;553.7900;2388.0800;9064.3700;47.3500;521.1500;2388.0200;8144.3500;8.4056;394.0000;1.0000;0;WO565474;1,341.67
02-Jul-2026;ENG-050;28;2026-01-02 04:00:00;642.0000;1592.1800;1395.1800;554.3500;2388.0600;9065.0500;47.2200;522.0900;2388.0500;8145.0600;8.4309;391.0000;1.0000;0;WO589033;2,272.03
02-Jul-2026;ENG-037;57;2026-01-03 09:00:00;642.4400;1584.1200;1390.7000;554.8900;2388.0400;9056.8000;47.1000;522.5300;2388.0700;8134.0600;8.3898;392.0000;0.6800;0;WO727134;2204.04
2026-07-02;ENG-004;61;2026-01-03 13:00:00;641.9800;1582.9500;1411.0800;553.4000;2388.0400;9049.5500;47.5100;521.7100;2388.1100;8136.5900;8.4147;393.0000;1.0000;0;WO777621;2,939.58
02-Jul-2026;ENG-035;132;2026-01-06 12:00:00;643.2300;1597.0600;1409.6800;552.8200;2388.1900;9062.6800;47.9200;520.6300;2388.1100;8140.1800;8.4589;394.0000;;0;WO938207;889.99
2026-07-02;ENG-089;89;2026-01-04 17:00:00;642.3800;1588.7800;1405.9800;553.1200;2388.1200;9048.9600;47.4700;521.3500;2388.1300;8133.4700;8.4542;393.0000;1.0000;0;WO523809;2,017.50
02-Jul-2026;ENG-098;58;2026-01-03 10:00:00;642.6000;1595.0700;1405.5300;553.3000;2388.0700;9057.9500;47.6000;521.9000;2388.1300;8138.1100;8.4243;391.0000;0.9760;0;WO828259;273.30
02-Jul-2026;ENG-062;121;2026-01-06 01:00:00;642.6800;1585.5800;1391.4700;554.5900;2387.9800;9054.6500;47.0100;522.6800;2387.9900;8140.2600;8.4223;393.0000;1.0000;0;WO743875;
2026-07-02;ENG-013;109;2026-01-05 13:00:00;642.6500;1585.7000;1401.1800;553.8600;2388.0300;9066.9800;47.3200;521.5900;2388.0400;8145.1000;8.4078;390.0000;1.0000;0;WO791253;917.47
02-Jul-2026;ENG-045;74;2026-01-04 02:00:00;642.8300;1593.4800;1395.3800;553.9000;2388.0400;9063.3600;47.6800;521.9100;2388.1200;8140.7600;8.3909;393.0000;1.0000;0;WO338970;1,808.00
02-Jul-2026;ENG-020;104;2026-01-05 08:00:00;642.5000;1588.2800;1399.5200;553.6300;2388.0700;9066.1500;47.4000;521.8700;2388.1300;8144.1300;8.4122;393.0000;0.7680;0;WO968554;1773.43
2026/07/02;ENG-018;58;2026-01-03 10:00:00;642.1300;1581.6100;1399.5200;554.7000;2387.9700;9062.9000;47.5700;521.8700;2388.0400;8143.8900;8.4012;392.0000;0.8240;0;WO412551;
02-Jul-2026;ENG-067;27;2026-01-02 03:00:00;642.0100;1582.1300;1394.2100;553.9600;2388.0600;9061.7800;47.2300;521.7400;2388.0000;8134.3100;8.4062;392.0000;0.9680;0;WO262470;2663.10
2026/07/02;ENG-092;54;2026-01-03 06:00:00;642.5000;1587.7800;1409.0100;552.8700;2388.1300;9038.9100;47.5700;521.2900;2388.1200;8119.3500;8.4331;393.0000;0.9280;0;WO884724;800.25
2026-07-02;ENG-045;96;2026-01-05 00:00:00;642.6600;1590.5000;1405.9800;554.0400;2388.0900;9063.7500;47.5700;521.4900;2388.1000;8145.5000;8.4659;393.0000;1.0000;0;WO289660;
2026/07/02;eng-031;86;2026-01-04 14:00:00;642.8200;1581.2600;1399.5700;553.7500;2388.0300;9066.4300;47.2900;521.8800;2388.0100;8150.9000;8.4223;392.0000;0.9440;0;WO864710;723.03
02-Jul-2026;ENG-004;65;2026-01-03 17:00:00;642.5300;1596.3800;1408.7900;553.6300;2388.1500;9051.3800;47.7100;521.3500;2388.1100;8139.1400;8.4612;393.0000;0.9840;0;WO102557;2673.95
2026/07/02;ENG-046;87;2026-01-04 15:00:00;642.5800;1587.3500;1402.2800;553.4200;2388.0900;9065.6300;47.4900;520.7800;2388.1200;8147.0600;8.4246;396.0000;0.8480;0;WO615174;2167.31
2026-07-02;ENG-023;65;2026-01-03 17:00:00;642.0500;1582.7300;1394.6600;554.5600;2387.9600;9053.3500;47.0700;522.3300;2388.0300;8139.1400;8.4067;390.0000;1.0000;0;WO293759;240.77
2026-07-02;ENG-049;181;2026-01-08 13:00:00;642.5900;1591.7900;1403.8200;554.2600;2388.0100;9059.9500;47.4100;522.1200;2387.9900;8141.8300;8.4618;392.0000;1.0000;0;WO848836;1040.17
02-Jul-2026;  ENG-098 ;42;2026-01-02 18:00:00;642.1600;1589.0100;1406.7500;553.8700;2388.0900;9051.3000;47.4400;522.1500;2388.0900;8143.6200;8.4220;393.0000;1.0000;0;WO549897;2983.29
2026-07-02;  ENG-034 ;117;2026-01-05 21:00:00;642.2600;1582.5700;1405.8500;553.5900;2387.9900;9066.2500;47.4400;521.8700;2388.0700;8140.8300;8.4179;392.0000;0.7440;0;WO523028;546.79
2026/07/02;ENG-082;90;2026-01-04 18:00:00;641.9400;1590.0700;1405.5900;553.9100;2388.0200;9066.1800;47.4800;522.0200;2388.0700;8144.3300;8.4295;393.0000;0.6480;0;WO765077;2206.01
2026/07/02;ENG-024;87;2026-01-04 15:00:00;642.0500;1587.6200;1401.5900;553.8300;2388.0000;9065.9600;47.2100;522.7500;2388.0800;8153.0300;8.3863;393.0000;0.9520;0;WO764261;873.80
02-Jul-2026;ENG-070;92;2026-01-04 20:00:00;642.2800;1587.8800;1409.0500;553.1300;2388.0700;9048.0100;47.3400;521.7500;2388.1000;8124.3400;8.4372;392.0000;1.0000;0;WO475676;1,697.15
02-Jul-2026;ENG-068;111;2026-01-05 15:00:00;642.4900;1591.3100;1406.8400;553.8500;2388.1100;9061.9100;47.3900;521.9300;2388.0500;8139.8000;8.4323;392.0000;0.6720;0;WO597061;1451.75
02-Jul-2026;ENG-071;40;2026-01-02 16:00:00;642.1600;1590.1000;1403.4600;554.0600;2388.0100;9069.7200;47.1600;522.1300;2388.0500;8146.1200;8.4155;393.0000;1.0000;0;WO331951;401.89
2026-07-02;ENG-042;81;2026-01-04 09:00:00;642.5800;1590.3100;1406.7300;554.2300;2388.1000;9047.7200;47.2400;522.2300;2388.0700;8129.4900;8.3851;392.0000;0.6800;0;WO209103;2,710.82
2026-07-02;ENG-037;46;2026-01-02 22:00:00;642.3100;1591.4100;1404.3800;554.2100;2388.0600;9059.4100;47.3000;522.5300;2388.0500;8139.9100;8.3987;391.0000;0.7680;0;WO273621;483.08
2026-07-02;ENG-049;126;2026-01-06 06:00:00;642.7100;1584.9500;1400.0600;554.1100;2388.0500;9060.1000;47.1800;522.1300;2387.9500;8143.9500;8.3915;391.0000;1.0000;0;WO994173;
2026-07-02;ENG-047;34;2026-01-02 10:00:00;642.7700;1585.6000;1409.3900;553.7800;2388.1200;9041.2100;47.8500;521.0500;2388.1200;8126.5500;8.4576;393.0000;1.0000;0;WO773601;2149.49
02-Jul-2026;ENG-061;77;2026-01-04 05:00:00;641.6900;1587.2500;1402.2700;554.6700;2388.0800;9069.0700;47.1100;522.0900;2388.0100;8146.6400;8.3947;391.0000;0.8240;0;WO923496;2909.56
02-Jul-2026;  ENG-084 ;91;2026-01-04 19:00:00;642.3500;1592.0300;1401.0600;553.1400;2388.1000;9053.6900;47.4000;521.8400;2388.0800;8136.6700;8.4278;394.0000;1.0000;0;WO575316;2,606.17
2026/07/02;  ENG-031 ;97;2026-01-05 01:00:00;643.1000;1590.8800;1406.3700;553.8500;2388.0800;9064.2600;47.6000;522.2300;2388.0700;8145.7800;8.4154;392.0000;0.8560;0;WO473373;2832.81
2026-07-02;  ENG-047 ;47;2026-01-02 23:00:00;642.0000;1589.6700;1407.3700;552.8200;2388.1100;9041.7100;47.4900;521.6300;2388.1100;8125.5900;8.4380;393.0000;1.0000;0;WO814236;850.66
02-Jul-2026;ENG-063;93;2026-01-04 21:00:00;642.7600;1588.2500;1408.6700;553.7300;2388.1200;9052.3500;47.4800;521.0100;2388.0700;8128.2900;8.4207;394.0000;;0;WO718578;2834.66
2026-07-02;  ENG-061 ;68;2026-01-03 20:00:00;642.6700;1588.7400;1400.0100;554.7300;2388.0300;9061.1900;47.3900;521.9300;2388.0300;8146.9200;8.4114;392.0000;0.8960;0;WO837049;2,847.87
02-Jul-2026;ENG-082;79;2026-01-04 07:00:00;642.5900;1578.4000;1403.0600;552.9200;2388.0400;9068.8800;47.4800;521.6100;2388.0600;8144.9100;8.4151;392.0000;0.7360;0;WO993740;1,992.88
2026/07/02;ENG-076;136;2026-01-06 16:00:00;642.7600;1592.3900;1406.6600;554.1400;2388.0600;9070.2200;47.5000;521.4800;2388.1100;8151.7800;8.4141;392.0000;0.6320;0;WO191896;1132.26
2026/07/02;eng-013;79;2026-01-04 07:00:00;642.2600;1582.3000;1402.8300;554.0600;2387.9900;9069.6000;47.2200;522.2800;2388.0100;8145.4600;8.4147;392.0000;1.0000;0;WO822108;486.71
2026/07/02;  ENG-036 ;83;2026-01-04 11:00:00;642.6300;1592.0200;1406.8800;552.7400;2388.1600;9065.9000;47.8300;520.7900;2388.1500;8136.9800;8.4612;394.0000;0.4960;0;WO260350;
2026-07-02;ENG-054;81;2026-01-04 09:00:00;642.2400;1582.2800;1387.9900;554.8800;2387.9900;9049.9300;47.0800;522.5700;2388.0000;8139.7600;8.3696;390.0000;1.0000;0;WO400612;410.82
02-Jul-2026;  ENG-077 ;61;2026-01-03 13:00:00;642.5700;1588.3100;1396.9300;554.2900;2388.0600;9050.0100;47.4100;521.7400;2388.0800;8131.6200;8.4376;392.0000;1.0000;0;WO502886;2,530.32
2026/07/02;ENG-074;85;2026-01-04 13:00:00;642.9900;1593.2800;1403.9400;553.2900;2388.1200;9057.6000;47.5000;521.6500;2388.0400;8140.6900;8.4523;393.0000;1.0000;0;WO296487;
2026-07-02;ENG-076;114;2026-01-05 18:00:00;642.1000;1590.7400;1402.2400;553.9100;2388.0000;9065.2200;47.3200;522.2800;2388.0700;8145.0900;8.4369;391.0000;0.8080;0;WO851798;164.25
2026/07/02;ENG-090;95;2026-01-04 23:00:00;642.7600;1590.9100;1409.8200;553.0300;2388.1100;9058.5600;47.4000;521.3200;2388.1100;8143.6700;8.4615;393.0000;0.6320;0;WO528119;2466.27
02-Jul-2026;ENG-058;114;2026-01-05 18:00:00;642.2200;1587.7200;1409.1500;554.3900;2388.0700;9054.8400;47.4200;521.5100;2388.0800;8134.9300;8.4288;392.0000;0.7920;0;WO827674;1202.54
02-Jul-2026;ENG-033;18;2026-01-01 18:00:00;642.8600;1588.6200;1410.5500;553.1400;2388.1100;9054.6700;47.8500;521.1200;2388.1000;8138.2100;8.4533;394.0000;;0;WO171482;1650.08
2026/07/02;ENG-035;126;2026-01-06 06:00:00;642.8900;1589.2700;1404.9400;553.0700;2388.1100;9065.5200;47.5200;521.1100;2388.1100;8137.9600;8.4466;393.0000;0.6640;0;WO735251;456.59
02-Jul-2026;ENG-028;73;2026-01-04 01:00:00;641.8900;1592.6200;1407.8000;554.1800;2388.1200;9044.9000;47.5200;521.2200;2388.1100;8134.0600;8.4298;393.0000;;0;WO400163;224.84
02-Jul-2026;ENG-005;50;2026-01-03 02:00:00;642.3300;1591.7400;1411.0200;553.2700;2388.1000;9049.6500;47.5400;521.7400;2388.1000;8124.8000;8.4556;392.0000;1.0000;0;WO730880;2905.94
2026-07-02;  ENG-068 ;121;2026-01-06 01:00:00;642.8600;1589.2600;1399.0300;553.4900;2388.1200;9064.8800;47.4500;521.4600;2388.1000;8137.4000;8.4548;394.0000;0.5920;0;WO858879;1,850.11
2026-07-02;ENG-061;80;2026-01-04 08:00:00;642.5800;1582.9300;1404.5800;554.6700;2388.0100;9074.0100;47.0600;521.9900;2387.9600;8144.0300;8.4001;392.0000;0.8000;0;WO653406;344.15
2026-07-02;eng-081;90;2026-01-04 18:00:00;642.4600;1587.7600;1411.2100;553.5700;2388.0700;9067.2500;47.4300;521.9000;2388.0100;8150.4900;8.4043;391.0000;1.0000;0;WO932318;192.05
2026-07-02;ENG-097;89;2026-01-04 17:00:00;642.3800;1589.2200;1399.0400;554.5400;2388.0200;9076.2700;47.3500;522.3300;2388.0200;8150.0900;8.3998;391.0000;;0;WO399085;53.76
02-Jul-2026;ENG-018;85;2026-01-04 13:00:00;642.1500;1588.4100;1405.1200;553.9100;2388.0200;9058.9700;47.2200;521.4000;2388.0900;8144.4600;8.4261;392.0000;0.6080;0;WO854842;1541.45
2026-07-02;ENG-006;68;2026-01-03 20:00:00;642.2500;1589.7400;1409.7400;553.5700;2388.0800;9052.3800;47.5300;521.1100;2388.1000;8134.1600;8.3899;395.0000;1.0000;0;WO216034;2465.39
02-Jul-2026;ENG-028;64;2026-01-03 16:00:00;642.3800;1601.1500;1404.6600;553.7800;2388.0700;9046.6500;47.3100;521.8800;2388.0600;8134.1500;8.4028;391.0000;;0;WO686434;2,767.92
02-Jul-2026;eng-064;100;2026-01-05 04:00:00;642.7500;1585.5700;1401.2600;554.0000;2388.1100;9057.6900;47.4300;521.6200;2388.0600;8140.2500;8.4494;393.0000;0.7680;0;WO241777;2,749.89
2026-07-02;ENG-027;89;2026-01-04 17:00:00;641.7000;1579.5900;1399.6100;554.1300;2388.0700;9045.7200;47.3500;521.9200;2388.0600;8131.7400;8.4317;392.0000;0.9360;0;WO793905;
2026-07-02;ENG-081;86;2026-01-04 14:00:00;642.9900;1590.2500;1401.0600;554.2800;2388.0600;9069.9600;47.3700;522.1500;2388.0800;8155.3800;8.4279;393.0000;1.0000;0;WO995232;102.62
02-Jul-2026;ENG-062;148;2026-01-07 04:00:00;641.8700;1590.4000;1403.0400;554.3800;2388.0500;9061.7500;47.3300;522.3400;2388.0600;8144.4100;8.3685;392.0000;1.0000;0;WO869271;904.12
2026-07-02;ENG-093;111;2026-01-05 15:00:00;643.1900;1603.6100;1408.9500;553.7600;2388.1100;9052.4400;47.4400;521.5200;2388.1700;8141.2800;8.4869;393.0000;1.0000;0;WO918425;
02-Jul-2026;ENG-015;32;2026-01-02 08:00:00;641.6700;1584.0800;1406.2300;554.5200;2387.9900;9052.9300;47.3200;522.4800;2388.0600;8141.8600;8.4361;392.0000;1.0000;0;WO345221;553.36
2026-07-02;ENG-053;71;2026-01-03 23:00:00;642.6000;1588.9600;1399.7600;553.6900;2388.0500;9049.0000;47.5200;521.8500;2388.0400;8139.1200;8.4169;391.0000;0.9520;0;WO232077;1244.22
2026/07/02;ENG-050;38;2026-01-02 14:00:00;642.2300;1590.9300;1401.0700;554.3300;2388.0400;9057.1100;47.2500;522.0300;2388.0300;8145.0100;8.4015;392.0000;0.9200;0;WO409258;930.20
2026/07/02;ENG-035;92;2026-01-04 20:00:00;642.9400;1588.0500;1415.3000;553.3800;2388.1200;9058.6200;47.5000;520.7500;2388.1800;8133.7900;8.4441;393.0000;0.9360;0;WO630830;2,859.47
2026/07/02;ENG-016;59;2026-01-03 11:00:00;642.0200;1588.3000;1401.5500;554.1900;2388.0200;9057.5500;47.3800;521.8500;2388.0400;8133.3400;8.4265;391.0000;1.0000;0;WO681135;932.88
02-Jul-2026;ENG-092;79;2026-01-04 07:00:00;642.3700;1593.7100;1406.1200;553.2100;2388.1300;9044.4000;47.6600;520.9700;2388.1400;8123.4900;8.4368;392.0000;0.7280;0;WO352775;2369.15
2026-07-02;ENG-046;97;2026-01-05 01:00:00;643.1600;1592.0200;1410.0100;554.1500;2388.0200;9070.0100;47.5300;521.4200;2388.0600;8150.0000;8.4474;393.0000;0.7680;0;WO121590;893.85
2026/07/02;  ENG-012 ;136;2026-01-06 16:00:00;642.4900;1588.8300;1397.3300;553.9800;2387.9900;9060.2300;47.4400;522.1300;2387.9800;8144.2600;8.3999;392.0000;1.0000;0;WO956418;2448.91
02-Jul-2026;ENG-093;121;2026-01-06 01:00:00;643.0100;1589.2500;1413.6100;553.4200;2388.1300;9061.7500;47.5700;521.2200;2388.1400;8144.8700;8.4444;393.0000;1.0000;0;WO244322;493.59
2026/07/02;ENG-092;53;2026-01-03 05:00:00;642.6900;1589.9400;1401.6700;553.0000;2388.1600;9048.4200;47.6600;521.5200;2388.1700;8114.8700;8.4979;395.0000;0.9360;0;WO969034;1651.94
2026-07-02;ENG-064;85;2026-01-04 13:00:00;642.5100;1581.7100;1400.3300;554.2600;2388.0600;9060.5700;47.4900;521.7500;2388.0600;8134.5700;8.4616;393.0000;0.8880;0;WO612152;2942.73
2026-07-02;ENG-090;62;2026-01-03 14:00:00;642.8000;1583.3300;1402.9800;553.0300;2388.0900;9060.6900;47.3100;521.7600;2388.1200;8131.9500;8.4568;392.0000;0.8960;0;WO643197;1,630.29
2026/07/02;ENG-021;57;2026-01-03 09:00:00;641.9300;1581.7400;1399.1600;554.2500;2388.0100;9050.6700;47.1400;521.8400;2388.0300;8136.7100;8.3944;391.0000;1.0000;0;WO577187;984.53
2026-07-02;ENG-019;67;2026-01-03 19:00:00;642.6000;1592.3700;1398.2000;553.9100;2388.0200;9067.4900;46.9800;522.3500;2388.0200;8139.8200;8.3997;392.0000;1.0000;0;WO559633;2,023.38
02-Jul-2026;ENG-096;48;2026-01-03 00:00:00;642.4000;1579.2200;1402.7700;554.5700;2387.9700;9070.9100;47.0500;522.3600;2388.0200;8144.8100;8.4024;392.0000;1.0000;0;WO984845;2972.36
02-Jul-2026;ENG-001;19;2026-01-01 19:00:00;642.4300;1585.5800;1402.3000;553.8700;2388.0100;9046.9000;47.2500;522.0600;2388.0100;8129.3100;8.3892;391.0000;0.9920;0;WO303997;1,261.63
02-Jul-2026;ENG-066;51;2026-01-03 03:00:00;643.1500;1587.1900;1396.4100;554.0100;2388.0300;9060.7500;47.4200;521.0900;2388.0700;8145.3900;8.4159;392.0000;;0;WO279582;1753.39
2026-07-02;eng-044;34;2026-01-02 10:00:00;643.3400;1593.3800;1395.3400;553.2400;2388.0700;9053.3200;47.2800;522.2000;2388.1500;8135.3600;8.4308;391.0000;;0;WO124712;1788.20
2026/07/02;ENG-091;150;2026-01-07 06:00:00;643.0300;1594.2000;1411.5800;552.7500;2388.1600;9048.7800;47.5900;520.3400;2388.1400;8120.1800;8.4565;393.0000;0.9760;0;WO764528;2120.66
02-Jul-2026;ENG-013;81;2026-01-04 09:00:00;641.9400;1589.9200;1405.9800;553.8400;2387.9900;9066.9000;47.2400;521.9800;2388.0200;8142.3600;8.4047;392.0000;1.0000;0;WO875312;2,824.22
2026-07-02;ENG-012;89;2026-01-04 17:00:00;642.5100;1577.1400;1394.5300;553.8700;2388.0500;9059.2800;47.1800;522.0000;2388.1000;8136.2300;8.4426;390.0000;1.0000;0;WO630524;1079.33
2026/07/02;ENG-072;52;2026-01-03 04:00:00;642.1700;1592.1500;1404.9700;553.8700;2388.0000;9064.8200;47.4500;521.8600;2388.0300;8144.2400;8.4206;391.0000;1.0000;0;WO934894;885.33
2026/07/02;ENG-100;74;2026-01-04 02:00:00;642.6000;1585.8200;1403.3000;554.3600;2388.0700;9061.3300;47.2200;522.2600;2388.0600;8141.6500;8.3414;393.0000;;0;WO313046;1486.48
02-Jul-2026;ENG-029;101;2026-01-05 05:00:00;642.4500;1591.8100;1403.8700;553.5700;2388.0900;9059.8500;47.5600;522.1000;2388.0300;8139.3900;8.4275;392.0000;1.0000;0;WO672604;
2026/07/02;ENG-049;176;2026-01-08 08:00:00;642.2500;1579.8000;1409.0500;553.6400;2388.0600;9061.1400;47.3700;521.7400;2388.0200;8146.3100;8.3879;391.0000;1.0000;0;WO680672;2575.93
2026-07-02;eng-053;56;2026-01-03 08:00:00;642.5000;1578.9400;1402.0800;553.6900;2388.0900;9053.6000;47.2200;521.6100;2388.0300;8135.2300;8.4107;391.0000;1.0000;0;WO385799;1,558.76
2026/07/02;eng-013;93;2026-01-04 21:00:00;642.2900;1593.1000;1397.1100;554.2000;2388.0100;9059.1100;47.4000;522.2000;2388.0000;8145.2100;8.3957;393.0000;1.0000;0;WO541615;699.65
2026-07-02;ENG-012;80;2026-01-04 08:00:00;641.9600;1582.0000;1398.3600;553.9600;2388.0600;9053.7600;47.1600;522.2600;2388.0400;8139.5900;8.4034;392.0000;1.0000;0;WO707192;1,852.89
02-Jul-2026;ENG-056;62;2026-01-03 14:00:00;643.0600;1583.8900;1410.8800;552.9500;2388.1800;9041.9400;47.5100;521.0500;2388.1300;8123.3100;8.4339;394.0000;0.7120;0;WO758889;2176.40
2026/07/02;ENG-017;110;2026-01-05 14:00:00;642.3600;1590.8800;1401.0700;554.0100;2388.0500;9069.6100;47.2700;521.1400;2388.0400;8153.7100;8.4119;394.0000;0.8400;0;WO478771;658.42
2026-07-02;ENG-075;38;2026-01-02 14:00:00;642.1500;1583.6400;1394.5100;553.9500;2388.0200;9061.9200;47.4700;522.1500;2388.0400;8133.6100;8.4127;391.0000;1.0000;0;WO119105;1595.43
2026-07-02;ENG-044;27;2026-01-02 03:00:00;642.7800;1586.2000;1404.8000;554.1900;2388.0700;9055.6600;47.2500;521.3300;2388.0500;8131.2900;8.4454;393.0000;1.0000;0;WO343723;2,308.53
02-Jul-2026;ENG-064;66;2026-01-03 18:00:00;642.7000;1585.1000;1406.7600;552.7400;2388.0700;9061.8400;47.5100;521.9900;2388.0800;8136.6200;8.4245;392.0000;1.0000;0;WO320568;2,373.35
2026-07-02;ENG-031;115;2026-01-05 19:00:00;642.4800;1578.1400;1403.7300;553.1500;2388.1100;9074.4100;47.3300;521.9000;2388.0500;8146.3200;8.4498;394.0000;;0;WO345528;2,927.15
02-Jul-2026;ENG-030;93;2026-01-04 21:00:00;642.7800;1588.9600;1411.8600;553.8200;2388.1000;9051.9800;47.4400;521.3100;2388.1100;8131.7500;8.4233;393.0000;1.0000;0;WO170695;1,368.39
2026-07-02;  ENG-099 ;36;2026-01-02 12:00:00;642.0800;1584.8700;1393.0500;554.7100;2388.0500;9064.6600;47.1800;522.1900;2387.9500;8144.2400;8.4088;392.0000;1.0000;0;WO768282;1752.66
02-Jul-2026;eng-077;56;2026-01-03 08:00:00;642.3200;1580.1200;1403.9300;554.4000;2388.0300;9051.7900;47.3100;521.9900;2388.0400;8133.7400;8.4287;393.0000;1.0000;0;WO610818;246.99
02-Jul-2026;ENG-068;101;2026-01-05 05:00:00;642.2000;1589.7600;1399.6600;553.4600;2388.1200;9057.3300;47.6600;521.1700;2388.0600;8138.6200;8.4539;393.0000;0.7520;0;WO422379;131.45
2026/07/02;ENG-096;57;2026-01-03 09:00:00;642.2900;1593.1600;1408.1500;555.4000;2387.9900;9073.2600;47.3600;522.3000;2388.0700;8154.5300;8.3807;392.0000;1.0000;0;WO351027;420.24
2026/07/02;ENG-028;68;2026-01-03 20:00:00;642.0000;1589.7600;1401.4400;554.4800;2388.0900;9051.5500;47.3500;521.8100;2388.0700;8124.9400;8.4474;392.0000;1.0000;0;WO769834;1353.66
2026/07/02;ENG-057;61;2026-01-03 13:00:00;642.2200;1588.6300;1402.6500;554.1600;2388.0600;9054.7900;47.1900;521.4700;2388.1300;8130.1600;8.4199;393.0000;1.0000;0;WO482306;
02-Jul-2026;ENG-071;35;2026-01-02 11:00:00;641.9200;1587.8100;1392.3700;554.1900;2387.9800;9062.0300;47.3400;521.7500;2388.0500;8147.6900;8.4290;393.0000;1.0000;0;WO959646;1,324.70
02-Jul-2026;ENG-060;62;2026-01-03 14:00:00;642.9400;1586.8500;1403.1200;553.2600;2388.1100;9050.1300;47.3100;521.8900;2388.0900;8132.4000;8.4292;393.0000;1.0000;0;WO990870;1980.50
2026/07/02;ENG-093;118;2026-01-05 22:00:00;642.7800;1594.0700;1413.6900;552.9200;2388.1600;9056.2700;47.4800;521.5600;2388.0800;8138.1200;8.4432;393.0000;1.0000;0;WO780771;1,371.14
02-Jul-2026;ENG-061;60;2026-01-03 12:00:00;642.3300;1587.0600;1404.8000;554.8200;2388.0300;9070.1700;47.2000;522.1300;2387.9900;8148.1400;8.4201;392.0000;0.9600;0;WO391510;1,345.57
2026-07-02;ENG-010;98;2026-01-05 02:00:00;642.3600;1589.0200;1407.5500;554.3300;2388.0600;9062.0400;47.4500;522.0200;2388.0700;8140.4900;8.4172;392.0000;1.0000;0;WO870240;2,386.71
02-Jul-2026;ENG-058;83;2026-01-04 11:00:00;642.1500;1595.5300;1407.5100;553.9200;2388.0200;9049.1400;47.3400;521.5700;2388.0500;8134.5200;8.4082;393.0000;1.0000;0;WO227298;652.91
02-Jul-2026;ENG-035;70;2026-01-03 22:00:00;642.7100;1584.3900;1408.3800;553.8400;2388.1300;9056.8500;47.7000;521.1800;2388.1400;8141.0100;8.4656;393.0000;1.0000;0;WO558976;1448.25
2026-07-02;ENG-068;115;2026-01-05 19:00:00;642.4000;1592.1300;1408.1300;553.1200;2388.0800;9061.9800;47.3100;521.8100;2388.1100;8139.1400;8.4277;391.0000;0.6400;0;WO298625;2,579.56
2026/07/02;  ENG-069 ;34;2026-01-02 10:00:00;642.7300;1588.9700;1406.2600;553.4300;2388.1200;9047.9400;47.4500;522.1500;2388.0400;8123.8500;8.4335;393.0000;;0;WO275795;260.59
02-Jul-2026;ENG-055;41;2026-01-02 17:00:00;642.5000;1583.0700;1408.8300;553.5200;2388.0500;9055.5500;47.4700;522.3300;2388.0500;8132.8300;8.4103;392.0000;1.0000;0;WO275601;805.16
2026/07/02;ENG-013;116;2026-01-05 20:00:00;642.0300;1590.0400;1391.2700;554.1100;2388.0000;9060.0800;47.3200;522.8900;2388.0400;8139.1100;8.3939;392.0000;1.0000;0;WO968125;2769.35
2026/07/02;ENG-049;147;2026-01-07 03:00:00;642.4700;1587.6800;1400.6400;554.0900;2388.0500;9062.9700;47.3600;522.0800;2387.9900;8140.6200;8.3876;392.0000;1.0000;0;WO908937;352.92
2026-07-02;ENG-093;98;2026-01-05 02:00:00;642.9000;1592.9900;1407.4300;553.7300;2388.1200;9063.4700;47.6100;521.1800;2388.1000;8134.4300;8.4594;392.0000;1.0000;0;WO676086;832.17
02-Jul-2026;ENG-014;23;2026-01-01 23:00:00;642.6700;1592.2900;1402.8100;552.4800;2388.1100;9053.8900;47.7600;521.4300;2388.1200;8119.7000;8.4227;393.0000;1.0000;0;WO322890;563.78
2026-07-02;ENG-051;67;2026-01-03 19:00:00;641.9700;1587.8400;1406.8700;553.4600;2388.1000;9042.5000;47.5200;521.6500;2388.0500;8127.3800;8.4409;392.0000;1.0000;0;WO929775;2002.21
2026-07-02;  ENG-029 ;106;2026-01-05 10:00:00;642.5400;1583.9500;1399.4800;553.3600;2388.0700;9057.6300;47.4700;521.6800;2388.0600;8139.7100;8.4085;392.0000;1.0000;0;WO565358;330.22
2026/07/02;ENG-032;82;2026-01-04 10:00:00;641.9000;1590.8400;1395.3900;554.2800;2388.0200;9075.4300;47.0800;522.1500;2387.9500;8156.3500;8.3924;392.0000;0.8880;0;WO237091;2134.99
2026-07-02;ENG-030;82;2026-01-04 10:00:00;642.7500;1587.2700;1407.1100;553.5400;2388.1500;9050.5900;47.5100;521.5400;2388.1800;8131.1800;8.4252;395.0000;1.0000;0;WO353859;2,282.90
2026/07/02;  ENG-041 ;64;2026-01-03 16:00:00;642.0800;1577.3900;1401.5900;554.3400;2388.0000;9047.3900;47.0800;522.0700;2388.0400;8129.2800;8.3776;392.0000;0.6160;0;WO119361;2,170.75
2026/07/02;ENG-098;80;2026-01-04 08:00:00;642.3200;1592.6500;1407.9600;552.4600;2388.0400;9064.3100;47.3900;521.4600;2388.0500;8142.3000;8.4702;392.0000;0.8000;0;WO190094;722.32
02-Jul-2026;  ENG-058 ;90;2026-01-04 18:00:00;642.1000;1586.4400;1403.3500;554.0000;2388.0700;9050.7800;47.3500;522.1100;2388.0900;8130.2000;8.4374;392.0000;0.9840;0;WO711087;
02-Jul-2026;  ENG-019 ;66;2026-01-03 18:00:00;642.4700;1581.5900;1395.8200;553.5100;2388.0100;9055.9000;47.2100;522.3400;2388.1200;8135.6100;8.4437;392.0000;1.0000;0;WO689216;2030.50
2026-07-02;ENG-060;93;2026-01-04 21:00:00;642.7400;1590.7800;1410.4100;552.8300;2388.0400;9042.9700;47.5000;522.0900;2388.0800;8140.4500;8.4475;393.0000;1.0000;0;WO616103;668.36
02-Jul-2026;ENG-013;71;2026-01-03 23:00:00;641.8800;1585.5800;1398.6900;554.6200;2388.0200;9063.9700;47.0900;522.3300;2388.0300;8147.5000;8.4061;393.0000;1.0000;0;WO562250;1340.83
02-Jul-2026;ENG-051;53;2026-01-03 05:00:00;642.8800;1591.2100;1404.8200;554.0800;2388.0700;9050.1900;47.2800;521.2200;2388.0700;8126.1100;8.4362;392.0000;1.0000;0;WO778934;392.25
2026-07-02;ENG-031;117;2026-01-05 21:00:00;642.8100;1588.0400;1416.5900;553.4000;2388.0100;9076.4600;47.4500;521.6400;2388.0600;8152.0600;8.4116;394.0000;0.6960;0;WO442508;1367.76
2026/07/02;ENG-096;44;2026-01-02 20:00:00;642.4000;1590.9500;1392.6500;554.2800;2388.0900;9065.2500;47.3100;522.5400;2387.9500;8147.9300;8.3646;391.0000;1.0000;0;WO926403;2,326.96
2026-07-02;ENG-088;32;2026-01-02 08:00:00;642.9000;1591.0600;1407.0400;553.0800;2388.2000;9039.5700;47.4800;521.5700;2388.1900;8122.9700;8.4502;392.0000;1.0000;0;WO934830;2097.52
2026/07/02;ENG-047;36;2026-01-02 12:00:00;642.3400;1587.7400;1412.6400;553.6400;2388.1200;9040.4300;47.3600;520.9200;2388.0900;8126.9000;8.4307;393.0000;1.0000;0;WO660654;929.45
2026-07-02;ENG-020;64;2026-01-03 16:00:00;642.5000;1587.3900;1400.5700;553.7600;2388.0700;9056.9700;47.4600;521.4100;2388.0400;8141.4600;8.4323;393.0000;1.0000;0;WO978214;645.94
2026/07/02;ENG-056;78;2026-01-04 06:00:00;642.3000;1594.1000;1414.4900;553.4000;2388.1600;9046.4900;47.7800;521.5100;2388.2000;8122.9700;8.4740;395.0000;0.5840;0;WO847538;359.25
02-Jul-2026;eng-035;123;2026-01-06 03:00:00;643.0900;1587.2600;1409.9300;554.0200;2388.1300;9072.9000;47.6600;521.2800;2388.1500;8140.5300;8.4585;392.0000;0.6880;0;WO540426;850.36
2026-07-02;ENG-089;72;2026-01-04 00:00:00;642.6600;1584.1500;1413.3400;553.9800;2388.0200;9048.2900;47.5100;521.4800;2388.0600;8128.8700;8.4418;392.0000;1.0000;0;WO396968;1,406.97
02-Jul-2026;ENG-049;183;2026-01-08 15:00:00;642.3200;1590.8000;1401.5400;554.1200;2388.0300;9052.9400;47.3700;522.1300;2388.0600;8142.0400;8.4292;392.0000;1.0000;0;WO388144;1,490.17
2026/07/02;ENG-041;61;2026-01-03 13:00:00;642.5200;1588.5600;1403.9900;554.4700;2388.0800;9050.0300;47.3800;521.6100;2388.1100;8131.8500;8.3854;391.0000;0.6400;0;WO409701;909.84
2026-07-02;  ENG-053 ;57;2026-01-03 09:00:00;642.0700;1585.2100;1402.4100;553.8700;2388.0000;9060.0500;47.4200;522.4300;2388.0300;8137.2000;8.4398;391.0000;1.0000;0;WO572639;
2026-07-02;ENG-061;66;2026-01-03 18:00:00;642.8700;1585.1500;1399.2300;555.2400;2388.0200;9067.6100;47.1200;522.0800;2388.0800;8147.9700;8.4152;393.0000;0.9120;0;WO433449;2660.10
2026/07/02;ENG-062;93;2026-01-04 21:00:00;642.3800;1590.2000;1393.7600;554.8400;2387.9800;9050.2000;47.1900;522.3000;2387.9900;8137.4100;8.3647;392.0000;1.0000;0;WO674681;
02-Jul-2026;  ENG-013 ;103;2026-01-05 07:00:00;642.4700;1585.5300;1401.1500;554.7700;2388.0300;9058.7200;47.3300;522.6900;2387.9700;8137.7100;8.3994;392.0000;1.0000;0;WO250912;955.31
2026/07/02;  ENG-062 ;153;2026-01-07 09:00:00;642.3300;1589.0700;1403.5300;553.6700;2388.0400;9066.0700;47.2600;522.1400;2387.9600;8143.8600;8.4112;391.0000;1.0000;0;WO927811;2,183.57
2026/07/02;ENG-084;113;2026-01-05 17:00:00;642.3900;1588.8900;1403.7900;552.5600;2388.1100;9054.3300;47.4600;521.4500;2388.1100;8136.9000;8.4386;391.0000;0.9360;0;WO799175;253.67
2026/07/02;ENG-003;77;2026-01-04 05:00:00;642.5200;1589.5400;1417.2600;552.9200;2388.1100;9053.6500;47.6800;521.4600;2388.1000;8133.6600;8.4274;392.0000;0.9440;0;WO884826;2,501.53
02-Jul-2026;ENG-094;46;2026-01-02 22:00:00;642.6400;1586.8700;1412.7800;554.0500;2388.0500;9057.4700;47.3700;521.4000;2388.0400;8138.1200;8.4500;393.0000;1.0000;0;WO404125;1819.16
02-Jul-2026;ENG-078;39;2026-01-02 15:00:00;641.7300;1586.3800;1401.0300;554.8600;2387.9900;9061.2800;47.2100;522.3100;2387.9500;8142.1500;8.3752;392.0000;1.0000;0;WO441390;2420.34
2026/07/02;ENG-068;73;2026-01-04 01:00:00;642.1200;1594.7600;1404.1200;553.8900;2388.1000;9059.2700;47.3200;522.1100;2388.0500;8137.5300;8.4155;391.0000;0.9760;0;WO276514;269.10
2026-07-02;ENG-042;64;2026-01-03 16:00:00;641.8800;1588.4100;1400.5500;554.1600;2388.0200;9046.2700;47.3500;521.9000;2388.0300;8130.1100;8.3949;392.0000;0.8160;0;WO690553;2,223.74
02-Jul-2026;ENG-083;26;2026-01-02 02:00:00;642.3000;1585.4200;1400.0000;554.1400;2388.0800;9055.3900;47.4100;522.0600;2388.0400;8140.8600;8.4232;393.0000;1.0000;0;WO391675;1041.57
02-Jul-2026;ENG-027;81;2026-01-04 09:00:00;642.6500;1579.9900;1400.3400;553.5300;2388.0900;9042.3000;47.3000;522.3700;2388.0800;8134.7400;8.3899;392.0000;1.0000;0;WO929878;2155.36
2026-07-02;ENG-035;100;2026-01-05 04:00:00;642.9600;1595.5000;1416.7800;552.7300;2388.1700;9060.5600;47.7000;521.3500;2388.0700;8140.2300;8.4555;393.0000;0.8720;0;WO267383;188.50
2026/07/02;ENG-093;127;2026-01-06 07:00:00;643.1100;1587.6000;1409.7700;553.0400;2388.1200;9061.5200;47.5100;521.7200;2388.1300;8135.0600;8.4551;394.0000;1.0000;0;WO150195;2072.44
2026-07-02;ENG-046;93;2026-01-04 21:00:00;642.3800;1593.0300;1412.5000;554.3600;2388.0800;9071.8000;47.7700;522.2500;2388.0200;8148.1100;8.4403;393.0000;0.8000;0;WO187920;685.62
02-Jul-2026;ENG-038;55;2026-01-03 07:00:00;643.0500;1588.7800;1414.4300;552.7500;2388.1300;9053.1200;47.6200;521.3100;2388.1600;8136.8800;8.4209;394.0000;0.9600;0;WO647233;867.22
2026-07-02;ENG-064;99;2026-01-05 03:00:00;642.2200;1597.2100;1404.3400;552.5500;2388.1200;9049.4300;47.6600;521.8600;2388.1400;8133.1400;8.4294;394.0000;0.7760;0;WO891986;1458.20
2026/07/02;ENG-085;15;2026-01-01 15:00:00;642.3500;1588.8800;1409.7600;553.0600;2388.1000;9048.6100;47.5300;520.7700;2388.0900;8131.5700;8.4711;394.0000;1.0000;0;WO343549;1957.87
02-Jul-2026;  ENG-091 ;133;2026-01-06 13:00:00;642.9800;1587.5000;1414.0800;552.9500;2388.1600;9055.9300;47.6100;521.4000;2388.2100;8127.8200;8.4436;395.0000;1.0000;0;WO435087;1540.12
02-Jul-2026;ENG-084;60;2026-01-03 12:00:00;642.6800;1589.4000;1403.9700;553.8400;2388.1000;9058.4400;47.5800;521.9700;2388.1000;8136.3700;8.4282;393.0000;1.0000;0;WO614380;541.88
2026-07-02;ENG-082;77;2026-01-04 05:00:00;642.6800;1582.3000;1399.3400;554.6700;2388.1100;9069.5500;47.4300;521.5000;2388.0800;8147.7100;8.4136;394.0000;0.7520;0;WO830585;1,680.46
02-Jul-2026;ENG-030;86;2026-01-04 14:00:00;642.6400;1586.5800;1409.3000;553.0800;2388.1300;9042.8300;47.6100;521.2700;2388.1400;8130.6300;8.4350;392.0000;1.0000;0;WO978511;752.45
02-Jul-2026;ENG-056;90;2026-01-04 18:00:00;642.3600;1594.1300;1419.5500;552.4200;2388.1300;9042.5800;47.7000;520.6100;2388.1700;8127.2700;8.4438;393.0000;0.4880;0;WO237091;1840.44
02-Jul-2026;ENG-015;48;2026-01-03 00:00:00;642.4700;1587.5000;1404.3100;554.8500;2388.0800;9055.5000;47.3200;521.8700;2388.0500;8135.1300;8.3764;391.0000;0.8880;0;WO792316;958.32
02-Jul-2026;ENG-058;63;2026-01-03 15:00:00;642.6100;1583.1400;1405.3000;554.0900;2388.0300;9045.3800;47.3900;522.1200;2388.0700;8130.7300;8.4276;392.0000;1.0000;0;WO722939;2958.57
2026/07/02;ENG-012;134;2026-01-06 14:00:00;642.0700;1582.7100;1398.8300;554.0900;2388.0300;9060.9800;47.2100;522.3800;2387.9900;8140.8500;8.4229;391.0000;1.0000;0;WO977144;2900.00
2026-07-02;ENG-059;62;2026-01-03 14:00:00;642.1000;1585.6700;1398.3100;553.9300;2388.0300;9060.0300;47.2600;522.1700;2388.0300;8137.6000;8.4065;391.0000;1.0000;0;WO629038;2,162.28
2026-07-02;eng-024;91;2026-01-04 19:00:00;641.9900;1587.6300;1397.4300;554.4500;2387.9800;9070.3200;47.2500;522.7600;2388.0300;8151.6300;8.4076;392.0000;0.9200;0;WO592842;2,722.04
2026/07/02;ENG-017;56;2026-01-03 08:00:00;642.0000;1586.4100;1401.2200;554.5400;2388.0500;9065.4200;47.2300;522.4200;2388.0000;8157.8400;8.3783;392.0000;1.0000;0;WO281038;
2026-07-02;ENG-066;78;2026-01-04 06:00:00;642.2000;1594.7500;1412.8200;553.6300;2388.0600;9068.3200;47.5400;521.6800;2388.0700;8147.6000;8.4116;392.0000;0.6640;0;WO192459;1376.09
2026/07/02;ENG-076;103;2026-01-05 07:00:00;641.8000;1589.7800;1401.1800;553.6800;2388.0400;9063.5600;47.2500;522.1100;2388.0500;8140.8700;8.4243;393.0000;0.8960;0;WO873209;2,156.48
2026-07-02;ENG-020;119;2026-01-05 23:00:00;642.6900;1582.9100;1408.1300;553.5600;2388.1000;9063.4000;47.3400;521.7600;2388.0600;8145.2900;8.4580;393.0000;0.6480;0;WO138152;2948.17
02-Jul-2026;ENG-042;75;2026-01-04 03:00:00;642.4000;1578.5300;1392.7300;554.5200;2388.1300;9049.3500;47.1500;522.1000;2388.1000;8133.8500;8.3880;392.0000;0.7280;0;WO278861;
2026/07/02;  ENG-083 ;32;2026-01-02 08:00:00;642.6600;1584.8800;1405.6400;553.4500;2388.0300;9058.5400;47.3300;521.6000;2388.0500;8140.7300;8.4113;393.0000;1.0000;0;WO273571;2421.43
2026/07/02;ENG-066;63;2026-01-03 15:00:00;642.8500;1587.5200;1408.7100;552.9800;2388.0900;9055.9200;47.5200;521.8600;2388.1100;8146.2900;8.4062;393.0000;0.7840;0;WO430511;2230.38
2026-07-02;ENG-038;80;2026-01-04 08:00:00;643.2300;1595.3600;1413.7900;552.8000;2388.1200;9061.1700;47.6000;521.4200;2388.1600;8133.2900;8.4314;394.0000;0.7600;0;WO290668;1,591.63
2026/07/02;ENG-005;39;2026-01-02 15:00:00;642.5100;1590.8600;1408.8700;553.8200;2388.0500;9048.0500;47.3300;521.2200;2388.1200;8133.5900;8.4282;394.0000;1.0000;0;WO711672;2548.33
2026/07/02;  ENG-091 ;137;2026-01-06 17:00:00;643.1200;1588.5300;1408.9200;553.0700;2388.1200;9048.7100;47.8600;521.1900;2388.1400;8130.3900;8.4703;394.0000;1.0000;0;WO140649;1700.65
2026-07-02;ENG-060;54;2026-01-03 06:00:00;642.4400;1593.2400;1406.9200;554.2600;2388.1100;9053.2500;47.6500;521.6400;2388.0600;8133.7500;8.4262;393.0000;1.0000;0;WO487661;1,702.90
2026-07-02;ENG-081;78;2026-01-04 06:00:00;641.9500;1585.2200;1408.8100;553.0400;2388.1000;9065.2900;47.3100;521.5700;2388.0300;8149.8900;8.3748;392.0000;1.0000;0;WO328526;
2026/07/02;  ENG-023 ;87;2026-01-04 15:00:00;642.0900;1588.8500;1391.6700;554.3100;2388.0600;9051.3900;47.2900;522.1700;2388.0500;8134.6900;8.3846;393.0000;1.0000;0;WO213393;2,175.60
02-Jul-2026;ENG-084;75;2026-01-04 03:00:00;642.8600;1589.1400;1398.8800;553.5900;2388.0500;9060.6100;47.3800;521.7000;2388.1100;8133.1400;8.4216;393.0000;1.0000;0;WO814409;2973.23
2026/07/02;ENG-026;49;2026-01-03 01:00:00;642.0200;1584.3200;1394.6000;554.7900;2388.0500;9064.0600;47.3200;522.3400;2388.0800;8147.6800;8.4483;391.0000;1.0000;0;WO651866;2116.13
02-Jul-2026;  ENG-057 ;80;2026-01-04 08:00:00;642.3200;1581.2900;1404.7600;553.0700;2388.0900;9049.1100;47.3900;521.3200;2388.1100;8126.1400;8.4088;393.0000;1.0000;0;WO636908;2,742.07
2026/07/02;ENG-072;68;2026-01-03 20:00:00;642.7500;1593.7200;1400.4200;553.8000;2388.0000;9062.4600;47.3700;521.7600;2388.0100;8142.6500;8.3892;392.0000;0.9040;0;WO934925;1,049.48
2026/07/02;ENG-023;55;2026-01-03 07:00:00;642.2400;1590.5800;1395.4400;554.1800;2388.0700;9046.3300;47.1100;522.6800;2388.0400;8132.0300;8.3811;392.0000;1.0000;0;WO516122;1,421.30
2026/07/02;ENG-090;80;2026-01-04 08:00:00;642.5000;1590.3600;1401.2300;553.7900;2388.0700;9063.0300;47.5900;521.4000;2388.0400;8137.1500;8.4374;394.0000;0.7520;0;WO535685;1,937.78
2026/07/02;ENG-051;56;2026-01-03 08:00:00;642.7100;1586.7200;1403.5900;553.3400;2388.0600;9054.8800;47.3700;521.7200;2388.0400;8131.0500;8.4011;392.0000;1.0000;0;WO183123;1331.56
2026-07-02;ENG-053;72;2026-01-04 00:00:00;642.6700;1589.1900;1400.4600;554.3000;2388.0100;9052.5900;47.4500;521.7200;2387.9900;8137.3900;8.4523;392.0000;;0;WO820316;1207.65
2026-07-02;ENG-040;86;2026-01-04 14:00:00;643.4800;1596.8300;1401.6600;552.2200;2388.1200;9058.2300;47.6100;520.9600;2388.1100;8140.0800;8.4770;393.0000;0.6000;0;WO554982;2693.34
02-Jul-2026;ENG-082;71;2026-01-03 23:00:00;642.3800;1589.5700;1396.8200;553.6100;2388.0500;9068.5100;47.3700;522.5800;2388.0400;8148.1100;8.4399;392.0000;;0;WO231190;462.39
2026/07/02;ENG-074;58;2026-01-03 10:00:00;642.3400;1595.4100;1408.5200;553.7100;2388.0800;9062.9100;47.5000;522.0700;2388.0900;8140.6400;8.4225;392.0000;1.0000;0;WO598088;1393.48
2026/07/02;ENG-032;94;2026-01-04 22:00:00;642.1500;1584.6600;1395.5600;554.5500;2387.9400;9074.2800;47.2500;522.4400;2388.0000;8153.0200;8.4292;393.0000;0.7920;0;WO964894;104.23
2026/07/02;eng-024;98;2026-01-05 02:00:00;642.1300;1594.3600;1399.8400;554.2000;2388.0300;9079.9500;47.1600;522.2200;2388.0000;8151.2200;8.4142;392.0000;0.8640;0;WO834235;1609.33
2026/07/02;ENG-092;52;2026-01-03 04:00:00;642.5000;1592.6200;1403.8900;553.4900;2388.1000;9039.8800;47.6200;521.2500;2388.1400;8122.6200;8.5003;393.0000;0.9440;0;WO371855;196.60
02-Jul-2026;ENG-086;40;2026-01-02 16:00:00;642.4300;1587.7200;1396.1400;554.2300;2388.0900;9051.4400;47.3400;521.6100;2388.0200;8136.2900;8.4452;393.0000;1.0000;0;WO582043;273.68
02-Jul-2026;eng-078;45;2026-01-02 21:00:00;642.1100;1578.8400;1400.8700;554.6800;2388.0100;9060.5800;47.0400;522.7900;2388.0200;8143.6500;8.3980;391.0000;1.0000;0;WO893652;1,586.17
02-Jul-2026;  ENG-028 ;88;2026-01-04 16:00:00;642.6200;1587.5800;1407.0000;553.8700;2388.1100;9046.9500;47.4800;521.5500;2388.0900;8133.2800;8.4030;391.0000;;0;WO703301;2,229.28
2026-07-02;eng-017;87;2026-01-04 15:00:00;642.3000;1585.3900;1394.5200;553.5700;2388.0400;9074.9800;47.3100;522.1100;2388.0200;8156.9000;8.4167;392.0000;1.0000;0;WO398131;971.26
2026/07/02;  ENG-076 ;86;2026-01-04 14:00:00;642.2800;1588.3400;1403.6300;555.0400;2388.0200;9059.8800;47.2000;522.2600;2388.0800;8149.3100;8.4400;393.0000;1.0000;0;WO671221;2433.72
02-Jul-2026;  ENG-035 ;120;2026-01-06 00:00:00;642.5700;1591.7700;1409.9600;553.5100;2388.1500;9056.1100;47.7400;521.5900;2388.1400;8137.0700;8.4443;396.0000;0.7120;0;WO831875;2003.50
2026-07-02;ENG-059;52;2026-01-03 04:00:00;642.7600;1587.6200;1396.9100;554.5700;2388.0200;9054.4900;47.0800;522.2900;2388.0500;8143.2800;8.4365;393.0000;1.0000;0;WO178732;1520.45
2026-07-02;eng-017;101;2026-01-05 05:00:00;642.6200;1584.9100;1396.0000;553.4700;2388.0000;9075.5700;47.1900;521.3400;2388.0400;8165.7800;8.4043;391.0000;0.9120;0;WO315402;195.48
2026/07/02;  ENG-051 ;79;2026-01-04 07:00:00;642.0000;1584.3600;1410.7600;553.2700;2388.1200;9051.5800;47.6200;521.6900;2388.0500;8127.0100;8.4375;393.0000;1.0000;0;WO258365;2903.13
02-Jul-2026;ENG-049;164;2026-01-07 20:00:00;642.0200;1587.9300;1403.4400;554.1500;2388.0800;9063.7700;47.4400;521.9100;2388.0200;8143.5100;8.4090;393.0000;1.0000;0;WO687775;
2026/07/02;eng-034;98;2026-01-05 02:00:00;642.1300;1585.4500;1409.5100;553.9700;2387.9900;9065.8400;47.2500;522.2700;2388.0500;8145.4900;8.4161;394.0000;0.8960;0;WO789885;2,324.18
2026/07/02;ENG-025;22;2026-01-01 22:00:00;642.3100;1579.2100;1396.4400;553.9000;2388.0000;9052.6500;47.4400;522.2500;2388.1000;8131.9800;8.4142;390.0000;1.0000;0;WO308011;2,852.06
2026/07/02;ENG-078;28;2026-01-02 04:00:00;642.0500;1585.3800;1399.0200;555.2500;2387.9400;9059.2900;47.2000;522.4000;2388.0200;8142.9400;8.4212;392.0000;1.0000;0;WO988324;2,629.91
2026/07/02;ENG-010;90;2026-01-04 18:00:00;641.9800;1589.3300;1399.2300;554.7500;2388.0300;9058.9200;47.2300;521.8600;2388.0200;8142.6000;8.3916;392.0000;1.0000;0;WO815789;133.59
02-Jul-2026;ENG-084;80;2026-01-04 08:00:00;642.6600;1587.6900;1403.6200;554.0800;2388.1000;9063.2000;47.5000;521.4800;2388.0700;8132.0600;8.4389;392.0000;1.0000;0;WO882935;1,474.81
02-Jul-2026;ENG-029;90;2026-01-04 18:00:00;642.2400;1586.1300;1404.4700;553.1800;2388.0700;9049.4900;47.3500;522.4100;2388.0200;8137.2200;8.4234;393.0000;;0;WO659309;1679.42
2026/07/02;ENG-038;50;2026-01-03 02:00:00;642.3600;1594.6800;1411.1300;552.9500;2388.1400;9053.3800;47.6200;520.9300;2388.1600;8134.8600;8.4563;393.0000;1.0000;0;WO656824;1636.78
02-Jul-2026;ENG-092;65;2026-01-03 17:00:00;642.6700;1586.6900;1414.3800;553.2000;2388.2000;9044.0100;47.5000;521.1900;2388.1000;8125.9400;8.4371;394.0000;0.8400;0;WO347675;2571.16
02-Jul-2026;  ENG-076 ;111;2026-01-05 15:00:00;642.2000;1582.9600;1397.6000;554.5000;2388.0600;9063.5800;47.2900;522.4100;2388.0500;8143.9700;8.4056;393.0000;0.8320;0;WO196636;2,596.82
2026/07/02;  ENG-046 ;50;2026-01-03 02:00:00;642.8000;1589.9500;1399.9300;554.3300;2388.1200;9070.2300;47.5000;521.4100;2388.0400;8146.2200;8.4075;394.0000;1.0000;0;WO696367;225.27
2026/07/02;ENG-031;94;2026-01-04 22:00:00;641.8100;1587.8200;1406.1700;553.8000;2388.0300;9071.0900;47.5700;521.5800;2388.0200;8149.8300;8.3995;392.0000;0.8800;0;WO768938;1967.57
2026/07/02;ENG-091;83;2026-01-04 11:00:00;642.4900;1599.3100;1404.2400;552.8700;2388.1200;9053.2700;47.4700;521.6600;2388.1100;8131.2300;8.4769;394.0000;1.0000;0;WO365559;388.19
02-Jul-2026;  ENG-046 ;68;2026-01-03 20:00:00;642.9700;1592.1200;1402.9200;554.1300;2388.0400;9061.8800;47.4400;521.6300;2388.0500;8149.4800;8.4199;392.0000;1.0000;0;WO958361;2,959.31
2026-07-02;eng-097;68;2026-01-03 20:00:00;642.2700;1587.3100;1402.9400;553.8200;2388.0200;9061.6400;47.3300;522.2400;2388.0200;8155.9800;8.3975;393.0000;1.0000;0;WO604424;1237.98
02-Jul-2026;eng-023;59;2026-01-03 11:00:00;642.1700;1592.0800;1401.8900;554.6700;2388.0200;9050.8900;47.2500;522.2800;2388.0300;8140.5000;8.4137;392.0000;1.0000;0;WO205582;2171.90
2026/07/02;ENG-019;62;2026-01-03 14:00:00;642.4300;1583.6300;1400.6500;554.2100;2388.0100;9060.6800;47.0800;522.6000;2388.0800;8141.0700;8.3953;391.0000;1.0000;0;WO135612;1,768.73
02-Jul-2026;  ENG-007 ;104;2026-01-05 08:00:00;642.1100;1578.1700;1397.2700;554.1300;2388.0000;9063.4700;47.1900;522.2800;2388.0300;8144.0000;8.4424;392.0000;1.0000;0;WO736876;796.62
2026-07-02;ENG-030;78;2026-01-04 06:00:00;642.1300;1587.7500;1408.4200;553.0500;2388.0900;9040.3300;47.4600;520.9400;2388.1200;8129.1800;8.4156;393.0000;1.0000;0;WO167769;1510.98
2026/07/02;eng-003;73;2026-01-04 01:00:00;642.9400;1582.7900;1414.7000;553.6000;2388.1400;9057.1900;47.5900;520.8700;2388.1100;8129.7000;8.4571;393.0000;0.9760;0;WO657527;165.00
02-Jul-2026;ENG-037;78;2026-01-04 06:00:00;642.1000;1591.3000;1410.2900;553.9000;2388.0400;9048.4800;47.4900;522.0900;2388.0700;8129.3800;8.4280;394.0000;0.5120;0;WO991042;1415.43
02-Jul-2026;ENG-089;106;2026-01-05 10:00:00;642.8700;1588.7000;1408.0000;553.3900;2388.1500;9048.1000;47.4600;521.1600;2388.1200;8124.6700;8.4351;394.0000;1.0000;0;WO582329;984.69
2026-07-02;ENG-060;67;2026-01-03 19:00:00;642.6000;1588.2200;1407.3700;553.7900;2388.1800;9060.3300;47.5000;521.6200;2388.0600;8140.0300;8.4534;392.0000;1.0000;0;WO136521;966.96
2026/07/02;ENG-027;50;2026-01-03 02:00:00;642.0400;1581.1600;1396.4300;554.6400;2388.0200;9047.2300;47.3300;521.9300;2388.0500;8136.4900;8.3928;392.0000;1.0000;0;WO346978;473.97
02-Jul-2026;ENG-097;76;2026-01-04 04:00:00;642.0400;1580.7500;1405.8700;553.8900;2387.9800;9068.9300;47.2100;522.3100;2388.0000;8147.3400;8.3924;391.0000;1.0000;0;WO603745;2338.14
2026/07/02;ENG-093;118;2026-01-05 22:00:00;642.7800;1594.0700;1413.6900;552.9200;2388.1600;9056.2700;47.4800;521.5600;2388.0800;8138.1200;8.4432;393.0000;1.0000;0;WO780771;1,371.14
02-Jul-2026;ENG-035;85;2026-01-04 13:00:00;642.6900;1585.5600;1408.0000;553.3300;2388.0800;9056.0400;47.5500;521.0400;2388.2100;8134.6000;8.4020;393.0000;0.9920;0;WO784811;367.98
2026-07-02;eng-093;97;2026-01-05 01:00:00;642.5700;1588.7600;1410.6300;553.0500;2388.1000;9067.1200;47.5300;520.8300;2388.0800;8139.4900;8.4429;393.0000;1.0000;0;WO904890;1074.01
02-Jul-2026;ENG-013;98;2026-01-05 02:00:00;641.9700;1585.5700;1403.8300;554.8300;2387.9600;9059.6300;47.2700;522.2200;2388.0600;8140.4200;8.4052;391.0000;1.0000;0;WO927398;173.24
02-Jul-2026;ENG-050;34;2026-01-02 10:00:00;642.6300;1585.1100;1403.1900;554.1600;2388.0400;9062.7800;47.1800;522.4900;2388.0300;8141.0300;8.3771;393.0000;0.9520;0;WO632047;
2026/07/02;ENG-052;87;2026-01-04 15:00:00;642.4800;1582.1700;1392.0000;554.2400;2388.0100;9061.5800;47.3200;522.2100;2388.0200;8137.3900;8.4013;392.0000;1.0000;0;WO773480;2,813.66
02-Jul-2026;ENG-076;89;2026-01-04 17:00:00;642.1000;1593.9400;1395.7800;554.1300;2388.0200;9053.2900;47.2700;522.4700;2388.0300;8147.6600;8.4348;394.0000;1.0000;0;WO316041;451.76
2026-07-02;ENG-017;62;2026-01-03 14:00:00;642.4300;1585.0500;1409.5200;554.8500;2388.0300;9069.2800;47.1400;522.4700;2388.0300;8152.2200;8.3894;390.0000;1.0000;0;WO875807;2,608.06
2026/07/02;ENG-074;49;2026-01-03 01:00:00;642.6100;1590.9200;1406.5300;553.8500;2388.0900;9062.6300;47.5600;521.6400;2388.1100;8141.8300;8.4242;392.0000;;0;WO846551;2708.02
2026/07/02;ENG-070;98;2026-01-05 02:00:00;642.4400;1589.3800;1402.2400;553.9300;2388.1100;9050.2400;47.1900;521.7100;2388.1100;8134.5200;8.4275;391.0000;1.0000;0;WO962480;2559.40
2026/07/02;ENG-050;37;2026-01-02 13:00:00;642.3900;1585.2500;1403.5500;554.2600;2388.0100;9067.8200;47.2500;522.0900;2388.0300;8143.2800;8.3966;392.0000;0.9280;0;WO551071;2558.52
2026/07/02;  ENG-018 ;84;2026-01-04 12:00:00;642.4800;1595.6500;1409.3100;553.7600;2388.0700;9068.4100;47.1200;521.8300;2388.0400;8141.1200;8.4183;392.0000;0.6160;0;WO666275;
2026-07-02;ENG-044;25;2026-01-02 01:00:00;641.6700;1580.6400;1406.2200;553.4600;2388.0600;9054.4800;47.3200;521.4600;2388.0600;8135.9600;8.4147;393.0000;1.0000;0;WO949252;772.24
2026/07/02;ENG-018;47;2026-01-02 23:00:00;641.5300;1582.6300;1395.8600;554.3000;2388.0000;9059.2800;47.1300;522.1700;2388.0400;8145.1800;8.4175;393.0000;0.9120;0;WO853218;2884.54
02-Jul-2026;ENG-027;94;2026-01-04 22:00:00;642.2600;1590.3800;1407.5700;553.7500;2388.0400;9056.2600;47.3000;521.6000;2388.0800;8131.0700;8.3978;391.0000;0.8960;0;WO980978;2189.02
2026/07/02;ENG-055;57;2026-01-03 09:00:00;642.4900;1590.2800;1396.1300;554.3100;2388.0600;9056.2200;47.3500;522.2200;2388.0600;8141.4000;8.4495;391.0000;1.0000;0;WO429439;
2026-07-02;ENG-100;130;2026-01-06 10:00:00;642.0800;1592.1200;1404.3100;553.6300;2388.0200;9074.4300;47.5800;522.0400;2388.0000;8151.6800;8.4060;391.0000;0.7040;0;WO776672;2,746.90
2026/07/02;ENG-095;60;2026-01-03 12:00:00;642.4000;1580.3100;1404.2400;554.1000;2388.0300;9050.0900;47.3800;521.9200;2388.0600;8125.5300;8.3991;393.0000;1.0000;0;WO522471;1954.77
02-Jul-2026;ENG-020;96;2026-01-05 00:00:00;642.1000;1588.8100;1406.1300;553.8800;2388.0800;9062.7200;47.4800;522.3500;2388.0700;8143.0800;8.4057;393.0000;0.8320;0;WO298401;2,399.75
02-Jul-2026;ENG-070;87;2026-01-04 15:00:00;642.4900;1587.5800;1407.9300;553.1500;2388.0500;9045.5300;47.2100;521.7100;2388.0400;8131.1900;8.4273;394.0000;1.0000;0;WO368278;605.60
2026-07-02;ENG-089;108;2026-01-05 12:00:00;642.7900;1590.6200;1395.7000;552.7600;2388.1200;9042.2000;47.2700;520.9000;2388.0900;8129.3900;8.4551;393.0000;1.0000;0;WO646509;2277.90
02-Jul-2026;  ENG-058 ;97;2026-01-05 01:00:00;642.3500;1583.7600;1406.6000;553.4100;2388.1200;9050.8300;47.3600;522.0400;2388.0600;8131.9800;8.4242;393.0000;0.9280;0;WO296911;132.35
2026/07/02;ENG-035;115;2026-01-05 19:00:00;642.7300;1586.2000;1410.7400;552.9700;2388.1300;9056.3600;47.6500;521.1100;2388.0800;8142.8800;8.4509;394.0000;0.7520;0;WO506530;846.80
2026-07-02;ENG-067;33;2026-01-02 09:00:00;642.5000;1584.0400;1396.3800;554.1600;2388.0400;9063.8000;47.1900;522.1400;2388.0200;8139.6000;8.4192;392.0000;0.9200;0;WO154311;283.45
2026-07-02;ENG-100;112;2026-01-05 16:00:00;641.7100;1594.0600;1403.9300;554.0300;2388.0300;9065.1300;47.3700;522.1900;2388.0700;8140.0700;8.4401;392.0000;0.8480;0;WO584844;1313.84
02-Jul-2026;ENG-030;51;2026-01-03 03:00:00;642.6700;1595.7800;1406.7900;552.5600;2388.1300;9045.2600;47.4100;520.9500;2388.1700;8129.2000;8.4540;391.0000;1.0000;0;WO475506;1,280.73
02-Jul-2026;ENG-010;110;2026-01-05 14:00:00;641.8300;1583.1600;1396.1400;554.7100;2388.0100;9057.4700;47.2500;521.4900;2388.0500;8137.8700;8.3913;391.0000;1.0000;0;WO620973;722.22
02-Jul-2026;  ENG-019 ;86;2026-01-04 14:00:00;641.9800;1589.7200;1402.7500;554.6100;2388.0400;9058.5800;47.2300;521.7600;2388.0400;8136.3100;8.3929;393.0000;1.0000;0;WO768363;2,389.20
2026-07-02;ENG-089;67;2026-01-03 19:00:00;642.6600;1584.5700;1410.7300;554.0100;2388.0700;9046.5700;47.5400;521.5000;2388.0300;8124.1200;8.4434;394.0000;;0;WO573999;2520.12
02-Jul-2026;ENG-063;70;2026-01-03 22:00:00;643.2900;1588.4500;1409.3400;552.9200;2388.1200;9042.9300;47.5200;521.3900;2388.1200;8129.2700;8.4423;394.0000;1.0000;0;WO666456;2507.67
02-Jul-2026;ENG-082;82;2026-01-04 10:00:00;642.3000;1592.2800;1405.9100;553.9800;2388.1000;9067.2600;47.3700;521.7500;2388.0800;8138.1700;8.4492;392.0000;0.7120;0;WO709732;231.53
2026-07-02;ENG-092;85;2026-01-04 13:00:00;643.1500;1594.5800;1412.8900;554.2400;2388.1600;9042.4600;47.7500;520.7400;2388.1800;8125.0500;8.5072;392.0000;0.6800;0;WO242978;1071.91
2026-07-02;  ENG-090 ;55;2026-01-03 07:00:00;642.6700;1583.5500;1407.7800;553.4500;2388.1300;9048.2200;47.6900;521.5800;2388.0700;8132.0500;8.4344;393.0000;0.9520;0;WO255845;2,711.14
02-Jul-2026;ENG-089;74;2026-01-04 02:00:00;642.7200;1585.2100;1409.3400;553.7200;2388.0200;9040.0000;47.4300;521.6000;2388.1100;8121.2700;8.4316;392.0000;1.0000;0;WO588245;2,507.96
02-Jul-2026;ENG-034;85;2026-01-04 13:00:00;642.3100;1577.7600;1397.2000;554.6100;2388.0300;9072.3100;47.1900;522.3300;2387.9800;8147.6900;8.4060;393.0000;1.0000;0;WO842110;2834.00
2026/07/02;ENG-084;87;2026-01-04 15:00:00;642.2900;1594.4700;1404.7200;553.5000;2388.0700;9052.6900;47.6800;521.0100;2388.0700;8135.3200;8.4197;393.0000;1.0000;0;WO470329;823.44
2026/07/02;  ENG-056 ;57;2026-01-03 09:00:00;643.1400;1589.0600;1419.4300;552.7800;2388.1500;9046.6600;47.5800;520.3500;2388.1600;8128.6800;8.4790;393.0000;0.7520;0;WO698565;1,399.95
02-Jul-2026;ENG-093;109;2026-01-05 13:00:00;642.5000;1594.0900;1409.4600;552.9200;2388.1000;9061.6700;47.5400;521.1200;2388.1500;8139.0300;8.4385;393.0000;1.0000;0;WO405407;1217.64
2026-07-02;ENG-081;104;2026-01-05 08:00:00;642.5400;1586.0000;1401.9400;553.8900;2388.0900;9070.7000;47.5400;521.6900;2388.0600;8150.5500;8.4304;393.0000;0.9360;0;WO218691;1,053.36
2026-07-02;  ENG-026 ;46;2026-01-02 22:00:00;642.4300;1586.6400;1403.5000;554.5800;2388.0800;9066.1600;47.2300;522.2000;2388.0000;8142.2700;8.3979;391.0000;1.0000;0;WO913621;359.36
2026/07/02;ENG-093;163;2026-01-07 19:00:00;642.5800;1588.9500;1411.3800;553.4400;2388.1000;9062.2900;47.7100;521.2200;2388.1200;8139.1400;8.4603;394.0000;1.0000;0;WO413943;573.15
2026/07/02;ENG-051;65;2026-01-03 17:00:00;641.9000;1584.0400;1395.5200;553.8800;2388.0300;9039.5000;47.5100;521.1300;2388.0300;8133.6800;8.3989;392.0000;1.0000;0;WO203166;2,130.28
2026-07-02;ENG-064;109;2026-01-05 13:00:00;642.9800;1587.9500;1407.7100;553.4600;2388.0500;9052.9100;47.5100;521.6900;2388.0900;8143.5900;8.4324;391.0000;0.6960;0;WO792354;1,735.34
2026-07-02;ENG-092;88;2026-01-04 16:00:00;642.7900;1592.8300;1414.5800;553.3800;2388.1500;9043.1800;47.6900;521.6900;2388.1900;8118.3000;8.4348;392.0000;0.6560;0;WO591100;2793.41
2026/07/02;  ENG-071 ;33;2026-01-02 09:00:00;642.3500;1585.7200;1402.5300;554.3000;2388.0200;9067.7900;47.2800;522.6000;2388.0100;8145.3300;8.4081;392.0000;1.0000;0;WO744763;
02-Jul-2026;eng-040;80;2026-01-04 08:00:00;642.6400;1591.1900;1409.6200;552.9800;2388.1100;9061.4700;47.7600;521.5400;2388.1300;8139.9200;8.4609;393.0000;0.6480;0;WO119506;2485.50
2026-07-02;ENG-070;78;2026-01-04 06:00:00;642.2600;1595.1700;1399.7000;553.9400;2388.1400;9055.3400;47.4100;521.2000;2388.0400;8129.3800;8.4147;392.0000;1.0000;0;WO575091;652.88
2026-07-02;ENG-058;73;2026-01-04 01:00:00;642.3400;1583.2500;1405.0800;554.3800;2388.1200;9043.0900;47.5100;522.2700;2388.1200;8129.6000;8.4382;391.0000;1.0000;0;WO648248;391.86
2026/07/02;eng-072;63;2026-01-03 15:00:00;642.3800;1586.6700;1402.9200;553.9300;2388.0300;9059.4500;47.2900;522.3000;2388.0000;8144.1100;8.4174;393.0000;0.9440;0;WO747272;249.48
02-Jul-2026;ENG-023;49;2026-01-03 01:00:00;642.0500;1588.8100;1395.9500;554.7000;2388.0300;9044.5000;47.1500;522.6800;2388.0700;8132.5400;8.4232;393.0000;1.0000;0;WO976412;1702.86
02-Jul-2026;ENG-012;85;2026-01-04 13:00:00;642.3200;1589.8300;1398.9700;555.1700;2387.9900;9055.5500;47.4200;521.6700;2388.0500;8139.9300;8.3927;392.0000;1.0000;0;WO553099;2,713.16
2026-07-02;eng-020;108;2026-01-05 12:00:00;643.0500;1583.4200;1407.1600;553.5400;2388.0500;9068.2300;47.3500;521.9600;2388.0800;8142.5000;8.4333;394.0000;0.7360;0;WO560704;1814.06
2026-07-02;ENG-043;110;2026-01-05 14:00:00;642.7700;1591.4800;1404.8100;553.2500;2388.1200;9049.4200;47.5300;520.8500;2388.0400;8132.0900;8.4017;393.0000;0.9680;0;WO731791;1582.12
02-Jul-2026;eng-040;78;2026-01-04 06:00:00;643.0800;1595.2900;1410.9000;553.1300;2388.1700;9055.6000;47.6300;520.6500;2388.0800;8142.0000;8.4442;394.0000;0.6640;0;WO222000;434.35
2026-07-02;ENG-042;91;2026-01-04 19:00:00;642.1000;1582.9900;1402.9700;553.9100;2388.1300;9048.3000;47.2300;521.9600;2388.1000;8124.1800;8.3693;393.0000;0.6000;0;WO832590;1487.78
2026-07-02;ENG-093;114;2026-01-05 18:00:00;642.9700;1590.1200;1410.0300;552.7500;2388.1300;9058.1400;47.4000;521.3300;2388.1200;8140.4400;8.4597;393.0000;1.0000;0;WO508485;360.33
2026-07-02;ENG-027;48;2026-01-03 00:00:00;641.9400;1583.8300;1398.5700;554.5800;2387.9800;9050.3300;47.1700;522.2500;2388.0000;8128.7200;8.4101;392.0000;1.0000;0;WO800638;
2026/07/02;  ENG-076 ;90;2026-01-04 18:00:00;642.4000;1581.0200;1398.5500;554.8200;2388.0400;9062.7200;47.2000;521.4500;2387.9900;8138.8500;8.4311;392.0000;1.0000;0;WO483453;1530.37
2026/07/02;ENG-038;57;2026-01-03 09:00:00;642.8100;1589.3100;1405.4000;552.8800;2388.1000;9056.0300;47.7200;521.2500;2388.1200;8132.1900;8.4536;395.0000;0.9440;0;WO540549;215.01
02-Jul-2026;ENG-031;130;2026-01-06 10:00:00;642.2700;1582.0800;1406.8900;553.0500;2388.0600;9073.4900;47.5200;521.3000;2388.0600;8149.3000;8.4389;393.0000;0.5920;0;WO193508;380.71
2026-07-02;ENG-038;48;2026-01-03 00:00:00;642.7200;1589.9800;1408.0700;553.1800;2388.1400;9057.6100;47.8000;520.8000;2388.1200;8129.6700;8.4601;393.0000;1.0000;0;WO119292;2265.33
2026-07-02;ENG-063;87;2026-01-04 15:00:00;643.0300;1587.5500;1399.0900;553.3500;2388.1100;9047.2100;47.5300;521.2400;2388.1500;8128.5700;8.4431;394.0000;1.0000;0;WO830135;2,058.53
02-Jul-2026;eng-064;80;2026-01-04 08:00:00;642.2000;1590.4800;1395.7200;554.0100;2388.0600;9054.8900;47.2100;521.9500;2388.0800;8144.5000;8.4035;392.0000;0.9280;0;WO277740;2,313.44
2026/07/02;ENG-027;55;2026-01-03 07:00:00;641.7700;1585.9800;1398.6100;554.5600;2388.0400;9053.4000;47.3900;522.5000;2388.0300;8130.4100;8.4008;391.0000;;0;WO666065;1,239.21
02-Jul-2026;ENG-055;39;2026-01-02 15:00:00;642.6800;1590.7200;1411.1000;553.6400;2388.0600;9049.7500;47.3300;521.5200;2388.0200;8136.2000;8.3817;392.0000;1.0000;0;WO466819;2720.26
2026-07-02;ENG-013;126;2026-01-06 06:00:00;642.0600;1585.5500;1395.2200;553.3600;2388.0000;9063.9400;47.3000;522.0600;2388.0500;8144.0900;8.4225;391.0000;1.0000;0;WO541270;2423.28
2026/07/02;eng-084;98;2026-01-05 02:00:00;642.8000;1587.0800;1412.3400;553.7600;2388.1000;9056.6300;47.4500;521.2400;2388.0900;8136.8400;8.4622;393.0000;1.0000;0;WO315793;2768.69
2026-07-02;ENG-040;86;2026-01-04 14:00:00;643.4800;1596.8300;1401.6600;552.2200;2388.1200;9058.2300;47.6100;520.9600;2388.1100;8140.0800;8.4770;393.0000;0.6000;0;WO554982;2693.34
2026/07/02;ENG-057;98;2026-01-05 02:00:00;642.6600;1589.2300;1409.3600;553.3000;2388.1200;9050.5100;47.6100;521.4100;2388.0900;8127.3900;8.4664;393.0000;1.0000;0;WO758734;1,107.64
2026-07-02;ENG-006;68;2026-01-03 20:00:00;642.2500;1589.7400;1409.7400;553.5700;2388.0800;9052.3800;47.5300;521.1100;2388.1000;8134.1600;8.3899;395.0000;1.0000;0;WO216034;2465.39
2026/07/02;ENG-087;24;2026-01-02 00:00:00;642.2300;1581.5100;1403.1100;554.2200;2388.0500;9069.9800;47.1800;522.1000;2387.9900;8143.4200;8.3777;393.0000;1.0000;0;WO134987;2,480.58
2026/07/02;ENG-007;55;2026-01-03 07:00:00;641.6600;1588.2900;1405.7100;554.7900;2387.9700;9064.8800;47.2000;522.1600;2387.9700;8141.6900;8.3985;390.0000;;0;WO780896;
2026/07/02;ENG-021;84;2026-01-04 12:00:00;642.7800;1579.9500;1403.4500;554.2100;2388.0500;9055.0700;47.3400;521.6500;2388.0500;8137.0600;8.4095;392.0000;0.9680;0;WO974750;247.81
2026/07/02;  ENG-077 ;76;2026-01-04 04:00:00;642.7600;1582.8800;1410.7200;554.3800;2388.0700;9054.0500;47.5700;521.8700;2388.0400;8129.9700;8.3847;392.0000;0.9600;0;WO329403;1,519.41
2026/07/02;  ENG-048 ;32;2026-01-02 08:00:00;641.8800;1584.6400;1407.3600;553.8500;2388.0900;9057.7100;47.4100;521.4300;2388.0500;8142.4100;8.4050;393.0000;1.0000;0;WO578218;1,661.16
2026-07-02;ENG-002;26;2026-01-02 02:00:00;642.5100;1587.0400;1408.2900;552.7000;2388.1600;9054.4600;47.4600;520.6200;2388.1000;8129.6700;8.4081;392.0000;0.9680;0;WO650357;
02-Jul-2026;ENG-081;134;2026-01-06 14:00:00;642.6200;1591.8300;1403.5400;553.5700;2388.0800;9064.2100;47.6300;521.6300;2388.0700;8145.1200;8.4514;393.0000;0.6960;0;WO323701;2889.67
02-Jul-2026;  ENG-001 ;20;2026-01-01 20:00:00;642.6100;1587.7800;1400.7000;554.3100;2388.0500;9041.1200;47.4600;522.2800;2388.0500;8128.5900;8.4099;392.0000;0.9840;0;WO257685;2526.99
2026/07/02;eng-058;105;2026-01-05 09:00:00;642.4900;1589.2300;1408.3600;553.0100;2388.0900;9047.8100;47.2700;521.5800;2388.0500;8130.4400;8.4034;394.0000;0.8640;0;WO783051;2265.28
2026-07-02;ENG-049;110;2026-01-05 14:00:00;642.1600;1584.1300;1398.6800;554.9100;2388.0100;9063.0200;47.2500;522.1900;2388.0100;8143.3900;8.4540;392.0000;1.0000;0;WO828142;1303.66
2026-07-02;  ENG-051 ;73;2026-01-04 01:00:00;641.8200;1583.8000;1405.3100;553.2900;2388.1400;9049.9800;47.5200;521.3300;2388.0600;8131.7500;8.4615;391.0000;1.0000;0;WO255622;607.63
02-Jul-2026;ENG-082;76;2026-01-04 04:00:00;642.2300;1587.7400;1400.4200;553.6500;2388.1100;9062.1300;47.3200;521.6200;2388.0000;8141.9400;8.4079;393.0000;0.7600;0;WO720885;2469.33
2026-07-02;ENG-034;111;2026-01-05 15:00:00;642.5300;1587.4600;1403.4500;555.2100;2388.0800;9068.0500;47.3200;521.9000;2388.0600;8142.8000;8.4001;391.0000;0.7920;0;WO543363;1418.41
2026/07/02;ENG-096;61;2026-01-03 13:00:00;642.0400;1590.8700;1400.6400;554.1900;2388.0200;9064.6800;47.2600;522.6800;2387.9900;8150.6200;8.3935;393.0000;1.0000;0;WO732334;456.94
2026/07/02;ENG-021;55;2026-01-03 07:00:00;641.5700;1586.7600;1400.9300;554.0200;2388.0400;9042.8900;47.2700;521.9300;2387.9900;8137.3600;8.4020;393.0000;1.0000;0;WO885413;
2026-07-02;ENG-016;50;2026-01-03 02:00:00;642.4100;1584.5900;1403.0700;554.2200;2388.0600;9058.6900;47.3500;521.9400;2388.0300;8135.5600;8.4056;391.0000;1.0000;0;WO732092;2212.48
2026/07/02;  ENG-011 ;29;2026-01-02 05:00:00;643.1600;1590.1600;1405.7800;553.1800;2388.0700;9033.5800;47.6600;521.2900;2388.1300;8120.4900;8.4340;393.0000;1.0000;0;WO406135;1,048.60
02-Jul-2026;ENG-037;52;2026-01-03 04:00:00;642.4200;1589.2000;1400.2600;554.5000;2388.0700;9054.5500;47.2400;522.0700;2387.9800;8132.8400;8.4224;391.0000;0.7200;0;WO249419;110.16
2026/07/02;ENG-094;47;2026-01-02 23:00:00;642.9700;1592.3100;1407.8000;553.1300;2388.0800;9054.5400;47.3200;520.9500;2388.1500;8140.2200;8.4129;393.0000;1.0000;0;WO877868;1,678.40
02-Jul-2026;ENG-070;101;2026-01-05 05:00:00;642.3000;1585.3400;1407.7800;553.0800;2388.0700;9046.2900;47.5600;522.2000;2388.1200;8129.1000;8.4292;393.0000;1.0000;0;WO267314;1633.85
02-Jul-2026;ENG-054;53;2026-01-03 05:00:00;641.8300;1582.0000;1388.9000;554.6500;2387.9900;9059.7500;47.2600;522.3100;2388.0200;8141.8200;8.4167;393.0000;;0;WO811045;507.76
2026/07/02;ENG-042;90;2026-01-04 18:00:00;641.9400;1582.9000;1398.4800;553.9600;2388.0500;9050.4400;47.4400;522.3600;2388.0700;8130.9100;8.4152;390.0000;0.6080;0;WO681941;650.22
2026/07/02;  ENG-093 ;154;2026-01-07 10:00:00;642.6100;1589.0700;1417.4300;553.8900;2388.1300;9069.7500;47.5100;521.3400;2388.1100;8139.9500;8.4382;393.0000;1.0000;0;WO362108;1318.77
2026/07/02;ENG-025;18;2026-01-01 18:00:00;641.9900;1586.7600;1408.1900;553.1800;2388.1100;9048.8900;47.4200;521.6200;2388.1400;8134.9300;8.3924;391.0000;1.0000;0;WO202922;2364.28
2026/07/02;ENG-070;68;2026-01-03 20:00:00;642.6700;1589.7400;1403.8300;554.1800;2388.1000;9053.9700;47.4900;521.3300;2388.0900;8131.2500;8.4349;394.0000;1.0000;0;WO689960;305.34
2026-07-02;ENG-050;32;2026-01-02 08:00:00;642.3400;1586.8200;1402.1800;554.0000;2388.0400;9059.1000;47.1900;521.9400;2388.0600;8143.7700;8.4170;393.0000;0.9680;0;WO756304;376.18
2026/07/02;ENG-028;58;2026-01-03 10:00:00;642.2500;1591.0000;1410.3700;553.6600;2388.1000;9045.5100;47.4300;521.7500;2388.0700;8129.8300;8.4277;391.0000;1.0000;0;WO125202;2402.64
2026-07-02;  ENG-084 ;104;2026-01-05 08:00:00;642.6500;1585.6200;1400.0000;553.8400;2388.0800;9055.7800;47.6300;521.8900;2388.1000;8136.2200;8.4052;393.0000;;0;WO287191;
02-Jul-2026;ENG-034;93;2026-01-04 21:00:00;642.6800;1584.8800;1400.5600;554.2600;2388.0100;9055.4400;47.2300;522.0400;2388.0400;8144.0500;8.4081;391.0000;;0;WO179312;2029.93
2026/07/02;  ENG-016 ;54;2026-01-03 06:00:00;641.6200;1585.0400;1397.3900;555.1400;2388.0700;9056.9200;47.2100;522.5800;2388.0900;8127.4500;8.3814;394.0000;1.0000;0;WO305777;2,082.65
02-Jul-2026;ENG-052;98;2026-01-05 02:00:00;642.0700;1581.7700;1400.8600;554.6000;2388.0000;9060.5200;47.1800;522.2000;2388.0300;8143.6400;8.3893;392.0000;0.9600;0;WO209476;2397.99
02-Jul-2026;ENG-036;62;2026-01-03 14:00:00;642.7600;1591.1000;1407.5900;552.9300;2388.1000;9053.9000;47.5800;520.9900;2388.1400;8139.9800;8.4446;394.0000;0.6640;0;WO338971;2927.03
2026-07-02;eng-038;58;2026-01-03 10:00:00;642.7600;1590.1300;1411.0300;553.3600;2388.1300;9048.3800;47.5300;520.8700;2388.1900;8133.3000;8.4656;393.0000;0.9360;0;WO327138;1152.42
2026-07-02;ENG-016;47;2026-01-02 23:00:00;642.5700;1584.4600;1395.2600;554.9600;2388.0700;9053.2100;47.2700;521.8300;2388.0500;8135.8200;8.4286;393.0000;;0;WO955194;1747.21
2026/07/02;eng-062;151;2026-01-07 07:00:00;642.5600;1585.0700;1408.1100;554.1700;2388.0200;9059.4500;47.1900;522.6000;2388.0300;8140.2200;8.3812;391.0000;1.0000;0;WO414836;1276.36
2026/07/02;ENG-045;54;2026-01-03 06:00:00;642.7800;1590.3700;1415.5800;552.5000;2388.1300;9056.1600;47.7300;521.7300;2388.0800;8139.7600;8.4446;393.0000;1.0000;0;WO570878;2198.28
2026/07/02;ENG-002;21;2026-01-01 21:00:00;642.3200;1590.7200;1402.4000;553.3000;2388.0800;9047.4900;47.6200;521.4400;2388.1200;8134.0800;8.4513;394.0000;1.0000;0;WO778904;
2026-07-02;  ENG-063 ;91;2026-01-04 19:00:00;642.8300;1586.7300;1408.6500;553.2100;2388.1900;9055.7500;47.5900;521.3100;2388.1000;8130.4500;8.4222;394.0000;1.0000;0;WO793042;2180.93
2026/07/02;ENG-005;51;2026-01-03 03:00:00;642.9300;1589.5600;1406.6200;553.3000;2388.1300;9051.9100;47.4600;521.5700;2388.1100;8132.0200;8.4547;392.0000;1.0000;0;WO212586;1,331.46
2026/07/02;eng-049;171;2026-01-08 03:00:00;642.3400;1579.6500;1406.8800;554.4400;2388.0500;9065.8900;47.1700;522.2400;2388.0600;8134.4800;8.4048;391.0000;1.0000;0;WO290506;
02-Jul-2026;ENG-012;139;2026-01-06 19:00:00;641.7100;1585.6400;1400.2700;554.0700;2388.0600;9066.3700;47.3100;522.2200;2388.0100;8141.6800;8.4090;392.0000;1.0000;0;WO764704;1087.94
2026-07-02;ENG-035;81;2026-01-04 09:00:00;642.3600;1596.0100;1420.6400;553.5300;2388.1200;9056.5600;47.5200;521.3500;2388.0700;8136.6800;8.4320;394.0000;1.0000;0;WO332603;1,198.65
2026/07/02;ENG-091;99;2026-01-05 03:00:00;642.6900;1590.5300;1408.0800;553.0900;2388.1100;9048.9200;47.6300;521.3000;2388.0900;8128.4300;8.5000;393.0000;1.0000;0;WO625180;1621.75
02-Jul-2026;ENG-091;143;2026-01-06 23:00:00;643.0200;1594.6000;1414.8900;552.8800;2388.1500;9045.8000;47.7800;520.2300;2388.1100;8127.9000;8.4272;395.0000;;0;WO325595;1545.33
2026/07/02;eng-080;60;2026-01-03 12:00:00;642.5600;1592.1400;1404.0300;554.5000;2388.0600;9062.5700;47.4400;521.3200;2388.0800;8143.3200;8.3797;392.0000;1.0000;0;WO625148;781.91
2026-07-02;ENG-060;55;2026-01-03 07:00:00;642.7300;1587.3600;1404.0700;553.4900;2388.1100;9048.3700;47.4000;521.7900;2388.0300;8138.1800;8.3987;393.0000;1.0000;0;WO338079;2,597.91
2026-07-02;ENG-042;101;2026-01-05 05:00:00;642.3200;1596.0700;1404.3400;554.1100;2388.1300;9047.5900;47.2400;522.0400;2388.0400;8128.7100;8.4363;392.0000;0.5200;0;WO913991;1344.08
2026/07/02;  ENG-026 ;36;2026-01-02 12:00:00;642.2700;1584.1300;1399.6500;553.9200;2388.0400;9062.2400;47.1800;522.2500;2388.0000;8145.9900;8.3838;393.0000;1.0000;0;WO509016;2780.46
2026-07-02;ENG-026;44;2026-01-02 20:00:00;642.1300;1582.5000;1401.7800;554.1500;2388.0800;9062.3100;47.1500;522.3000;2388.0500;8148.2200;8.3994;393.0000;1.0000;0;WO738566;2,794.82
2026-07-02;ENG-022;20;2026-01-01 20:00:00;642.5200;1589.1100;1404.6700;554.7000;2388.1100;9048.4800;47.3700;521.4400;2388.0800;8129.6000;8.4430;393.0000;1.0000;0;WO464563;1,702.77
2026/07/02;ENG-024;113;2026-01-05 17:00:00;642.3800;1578.3000;1402.3700;554.3500;2387.9600;9075.9500;47.3300;522.4000;2388.0500;8162.2800;8.4028;391.0000;0.7440;0;WO776555;493.13
02-Jul-2026;ENG-036;70;2026-01-03 22:00:00;642.6000;1583.5800;1408.1000;552.6300;2388.1300;9056.1000;47.7100;520.8100;2388.1300;8141.0300;8.4371;395.0000;0.6000;0;WO592656;198.42
2026/07/02;ENG-020;88;2026-01-04 16:00:00;642.1000;1587.2500;1409.9300;553.6800;2388.0300;9067.7800;47.5100;522.2400;2388.0100;8145.7400;8.3803;390.0000;0.8960;0;WO356072;2,916.13
2026-07-02;ENG-064;90;2026-01-04 18:00:00;642.4000;1589.2500;1402.4000;553.9300;2388.1300;9061.4100;47.5100;521.8300;2388.0900;8145.6300;8.4569;393.0000;0.8480;0;WO602602;280.73
2026/07/02;ENG-021;69;2026-01-03 21:00:00;642.3200;1581.9500;1397.5100;554.5500;2388.0300;9051.7200;47.4100;522.1300;2388.0400;8137.6800;8.3843;392.0000;1.0000;0;WO961018;1692.04
2026-07-02;ENG-012;131;2026-01-06 11:00:00;641.9400;1587.8900;1396.8900;554.4200;2388.0300;9055.2500;47.1000;522.3400;2388.0400;8144.3400;8.3960;393.0000;;0;WO228625;2262.42
02-Jul-2026;ENG-051;51;2026-01-03 03:00:00;642.6100;1578.7300;1394.7700;554.0100;2388.1200;9045.2800;47.3700;521.9000;2388.0700;8134.0400;8.3921;392.0000;1.0000;0;WO130641;1,142.88
2026-07-02;ENG-011;51;2026-01-03 03:00:00;642.1400;1592.7800;1407.6200;552.8200;2388.1300;9042.5400;47.5300;520.6400;2388.1900;8123.6800;8.4473;394.0000;1.0000;0;WO781182;2116.97
2026-07-02;ENG-048;33;2026-01-02 09:00:00;641.9900;1595.0600;1403.7700;554.0000;2388.0400;9054.7200;47.4700;522.0000;2388.1100;8137.0100;8.4199;391.0000;1.0000;0;WO924156;2,548.69
02-Jul-2026;ENG-005;45;2026-01-02 21:00:00;642.4500;1592.0600;1396.4000;552.9800;2388.0900;9054.6200;47.5200;522.0500;2388.0700;8131.6500;8.3951;391.0000;1.0000;0;WO646126;1,512.53
2026-07-02;ENG-008;85;2026-01-04 13:00:00;642.7800;1587.9400;1409.3400;553.5300;2388.0700;9045.4300;47.4800;521.8700;2388.1000;8127.5300;8.4353;393.0000;;0;WO873423;858.88
2026/07/02;ENG-042;89;2026-01-04 17:00:00;642.1700;1589.2600;1400.5600;554.1200;2388.0300;9050.2700;47.3500;522.1700;2388.0800;8131.5800;8.4042;392.0000;0.6160;0;WO613889;1762.86
2026/07/02;ENG-029;76;2026-01-04 04:00:00;642.1500;1580.5400;1407.5500;553.0900;2388.0300;9058.6100;47.3900;522.3000;2388.0300;8132.2200;8.4107;393.0000;1.0000;0;WO797037;2197.86
02-Jul-2026;ENG-059;57;2026-01-03 09:00:00;641.9800;1582.1000;1397.9000;554.0600;2388.0200;9053.7200;47.1600;522.7200;2388.0100;8140.4700;8.4078;391.0000;1.0000;0;WO709296;876.15
2026/07/02;ENG-087;26;2026-01-02 02:00:00;641.8400;1579.6600;1400.6900;553.7200;2388.0300;9061.5900;47.0900;521.8800;2388.0500;8140.8600;8.4058;393.0000;1.0000;0;WO661435;1,835.95
2026/07/02;ENG-036;81;2026-01-04 09:00:00;642.8900;1593.7200;1408.7100;552.6500;2388.1600;9063.5900;47.7400;520.4500;2388.1400;8143.0900;8.4692;394.0000;0.5120;0;WO776661;1933.46
02-Jul-2026;ENG-045;68;2026-01-03 20:00:00;642.6200;1588.2600;1404.9100;553.5400;2388.1100;9064.6900;47.5300;521.1800;2388.1400;8139.4000;8.4240;393.0000;1.0000;0;WO449272;772.35
02-Jul-2026;ENG-027;86;2026-01-04 14:00:00;642.6300;1583.9600;1408.6700;554.0900;2388.0600;9054.0300;47.3800;522.0700;2388.0800;8132.8600;8.4114;391.0000;0.9600;0;WO952444;779.41
2026/07/02;ENG-029;93;2026-01-04 21:00:00;642.8000;1584.2500;1400.3200;554.1100;2388.0000;9055.1500;47.3500;521.8200;2388.0500;8136.6900;8.4266;392.0000;1.0000;0;WO110498;2,864.45
02-Jul-2026;  ENG-054 ;51;2026-01-03 03:00:00;642.1800;1584.2800;1392.6500;554.3000;2387.9700;9055.4700;47.0800;522.6800;2388.0200;8139.4300;8.3673;392.0000;1.0000;0;WO693227;637.13
02-Jul-2026;ENG-057;97;2026-01-05 01:00:00;642.9700;1588.4700;1413.0700;553.2000;2388.1100;9047.7400;47.6800;521.8000;2388.0500;8138.7100;8.4594;392.0000;1.0000;0;WO763524;2,686.78
2026/07/02;ENG-084;64;2026-01-03 16:00:00;642.4500;1585.8600;1402.8400;554.2800;2388.1000;9061.2500;47.2600;521.5100;2388.1000;8131.6700;8.3914;393.0000;1.0000;0;WO762204;64.06
2026-07-02;ENG-081;124;2026-01-06 04:00:00;643.2200;1588.5100;1400.7700;553.6200;2388.0200;9069.8900;47.6700;521.9000;2388.0800;8146.9300;8.4238;394.0000;0.7760;0;WO860673;
2026/07/02;ENG-068;81;2026-01-04 09:00:00;642.0800;1585.4800;1405.2600;553.8800;2388.0900;9057.3300;47.2800;522.2700;2388.0700;8138.6800;8.4188;390.0000;0.9120;0;WO972596;2682.87
2026/07/02;ENG-034;122;2026-01-06 02:00:00;642.3400;1587.5800;1409.5300;554.1100;2388.0300;9063.8200;47.2700;521.5900;2388.0600;8145.7600;8.4288;393.0000;0.7040;0;WO611890;475.67
2026-07-02;ENG-003;55;2026-01-03 07:00:00;642.7700;1591.5700;1409.5100;554.4200;2388.1800;9051.9200;47.6300;521.2300;2388.1100;8132.5500;8.4423;392.0000;1.0000;0;WO613046;2287.56
2026-07-02;ENG-014;28;2026-01-02 04:00:00;642.7200;1592.4800;1399.0500;554.2400;2388.0800;9037.5900;47.6400;521.5800;2388.1500;8125.2200;8.4593;393.0000;1.0000;0;WO110140;1658.68
02-Jul-2026;ENG-082;57;2026-01-03 09:00:00;642.5400;1590.6800;1404.1400;554.5400;2388.0500;9060.7700;47.3300;522.3800;2388.0900;8146.8900;8.4173;392.0000;0.9120;0;WO768438;2694.15
2026/07/02;ENG-013;67;2026-01-03 19:00:00;642.4000;1581.4800;1408.6100;554.1900;2388.0100;9058.4800;47.1200;521.9300;2388.0500;8141.9100;8.3963;392.0000;1.0000;0;WO996499;2823.77
2026-07-02;ENG-068;119;2026-01-05 23:00:00;642.6200;1598.4000;1399.4700;552.5400;2388.1200;9055.8200;47.5000;521.0500;2388.1100;8140.9700;8.4734;393.0000;0.6080;0;WO118335;2,184.21
02-Jul-2026;eng-093;108;2026-01-05 12:00:00;642.7500;1589.3900;1414.2800;552.4300;2388.1100;9066.7800;47.4300;520.7100;2388.0600;8139.6700;8.4506;394.0000;1.0000;0;WO152110;1,108.98
2026-07-02;ENG-030;68;2026-01-03 20:00:00;642.4400;1587.8400;1405.2300;553.4900;2388.1100;9037.4100;47.3500;521.0900;2388.1000;8128.9000;8.4673;394.0000;1.0000;0;WO577182;2815.69
02-Jul-2026;ENG-096;47;2026-01-02 23:00:00;641.9400;1590.6900;1392.2000;554.8800;2387.9900;9062.3600;47.2900;521.8900;2388.0400;8149.8800;8.4275;391.0000;1.0000;0;WO975071;1856.99
2026-07-02;ENG-010;82;2026-01-04 10:00:00;642.3200;1575.9600;1402.3900;554.5900;2388.0600;9054.8600;47.1700;522.4500;2388.0800;8141.5700;8.4117;394.0000;1.0000;0;WO368820;2,442.08
02-Jul-2026;ENG-001;21;2026-01-01 21:00:00;642.7000;1583.3000;1399.2000;554.4200;2388.0500;9053.7300;47.3600;522.0500;2388.1100;8126.8600;8.4174;392.0000;0.9760;0;WO937283;1037.60
2026-07-02;ENG-098;66;2026-01-03 18:00:00;642.8500;1594.9400;1401.1800;553.5800;2388.0700;9057.3600;47.4500;521.1700;2388.0600;8148.8300;8.4059;393.0000;0.9120;0;WO733807;600.95
02-Jul-2026;ENG-073;40;2026-01-02 16:00:00;642.6900;1588.0800;1401.8900;553.7900;2388.0200;9056.7000;47.4000;522.3800;2388.0600;8136.2400;8.4201;392.0000;1.0000;0;WO516505;1,555.23
2026-07-02;ENG-081;115;2026-01-05 19:00:00;642.1200;1588.5300;1401.8500;553.1000;2388.0600;9078.7700;47.4200;521.8000;2388.1100;8149.0900;8.3969;393.0000;0.8480;0;WO596448;2223.77
02-Jul-2026;ENG-027;87;2026-01-04 15:00:00;641.6900;1584.1100;1403.0700;553.9700;2388.0400;9051.1600;47.2500;522.2200;2388.0600;8125.9100;8.3962;393.0000;0.9520;0;WO789277;1520.84
2026-07-02;ENG-029;71;2026-01-03 23:00:00;642.5700;1594.0200;1399.3800;553.9200;2388.0000;9055.0300;47.3300;521.9700;2388.0200;8138.2800;8.3951;393.0000;1.0000;0;WO969535;2659.21
02-Jul-2026;ENG-057;82;2026-01-04 10:00:00;642.4700;1590.9500;1407.7800;553.1200;2388.0800;9047.3300;47.3200;521.1700;2388.0800;8135.2500;8.4310;393.0000;1.0000;0;WO156852;2814.92
2026/07/02;  ENG-084 ;99;2026-01-05 03:00:00;642.5000;1589.4500;1404.1900;553.9400;2388.1200;9050.0000;47.3700;521.9400;2388.1200;8138.6000;8.4367;394.0000;1.0000;0;WO698943;2098.34
2026/07/02;ENG-093;131;2026-01-06 11:00:00;642.9900;1591.2200;1410.9500;552.9000;2388.1400;9068.5400;47.6000;521.3200;2388.1400;8136.0600;8.4578;394.0000;1.0000;0;WO261668;2121.76
02-Jul-2026;  ENG-010 ;88;2026-01-04 16:00:00;642.3000;1586.0100;1398.7600;554.4500;2387.9500;9060.7200;47.2200;523.0100;2388.0200;8142.9900;8.4442;393.0000;1.0000;0;WO274117;1804.30
2026/07/02;ENG-019;73;2026-01-04 01:00:00;642.2500;1593.9300;1408.0400;554.0000;2388.0100;9053.6200;47.2200;522.6100;2388.0700;8141.8800;8.4423;392.0000;1.0000;0;WO135617;1203.73
2026/07/02;ENG-087;34;2026-01-02 10:00:00;641.9500;1590.2600;1400.5000;554.4600;2388.0200;9061.0400;47.3100;522.4100;2388.0600;8142.5400;8.4084;391.0000;1.0000;0;WO423147;2881.51
02-Jul-2026;ENG-076;133;2026-01-06 13:00:00;642.2000;1583.5900;1403.3200;554.0500;2388.0500;9069.6600;47.3900;522.2100;2388.1000;8143.9200;8.4382;392.0000;0.6560;0;WO583317;2,843.45
02-Jul-2026;ENG-082;94;2026-01-04 22:00:00;642.4300;1588.7900;1404.2500;554.2500;2388.0300;9062.5800;47.3700;522.4500;2388.0600;8148.6700;8.4222;392.0000;0.6160;0;WO553162;2,801.75
2026/07/02;eng-100;89;2026-01-04 17:00:00;642.6000;1586.7400;1407.8400;554.2100;2388.0500;9069.6800;47.2600;521.8100;2388.0000;8145.2900;8.4067;392.0000;1.0000;0;WO862954;1518.57
2026-07-02;ENG-082;92;2026-01-04 20:00:00;642.5800;1589.3400;1407.4600;553.5300;2388.0500;9061.8000;47.4700;521.5500;2388.0500;8138.4000;8.4034;393.0000;0.6320;0;WO858949;1066.23
2026-07-02;ENG-058;84;2026-01-04 12:00:00;642.6700;1585.9300;1401.4500;553.8000;2388.1000;9049.1300;47.4300;521.4500;2388.0900;8128.7200;8.4170;392.0000;1.0000;0;WO427398;2,129.20
2026/07/02;ENG-079;45;2026-01-02 21:00:00;642.1500;1591.3600;1405.8300;553.8500;2388.0800;9048.4900;47.2800;521.2500;2388.0100;8134.6700;8.3825;392.0000;0.9520;0;WO692445;2,208.38
2026/07/02;  ENG-013 ;129;2026-01-06 09:00:00;642.3700;1587.1100;1404.4500;553.9400;2388.0200;9061.8700;47.1900;522.5000;2388.0100;8145.7800;8.4153;392.0000;1.0000;0;WO289142;
2026-07-02;ENG-038;65;2026-01-03 17:00:00;643.0100;1589.6300;1409.0000;552.8400;2388.1800;9050.9900;47.6000;520.8700;2388.1600;8140.1700;8.4349;394.0000;0.8800;0;WO927962;1,809.75
2026/07/02;ENG-066;52;2026-01-03 04:00:00;642.4200;1581.8500;1408.5000;554.0700;2388.0700;9061.3000;47.6800;521.2500;2388.1300;8142.3900;8.4052;393.0000;0.8720;0;WO291929;2,971.74
2026/07/02;ENG-037;68;2026-01-03 20:00:00;642.3900;1592.3400;1399.4300;554.1100;2387.9900;9051.6300;47.1700;522.1700;2388.0700;8135.4100;8.4153;392.0000;0.5920;0;WO657059;435.21
02-Jul-2026;  ENG-037 ;75;2026-01-04 03:00:00;643.0100;1589.1900;1403.6200;553.9500;2388.0600;9046.7600;47.3100;521.9100;2388.0900;8127.7900;8.4211;392.0000;0.5360;0;WO744148;
2026-07-02;ENG-063;61;2026-01-03 13:00:00;642.2400;1592.3600;1406.3700;553.6100;2388.1200;9053.9200;47.3500;521.5300;2388.1100;8133.3700;8.4197;392.0000;1.0000;0;WO131905;2,572.13
2026-07-02;  ENG-066 ;98;2026-01-05 02:00:00;642.0700;1593.3900;1408.8400;553.1800;2388.0200;9074.2300;47.6000;521.5700;2388.1000;8148.9600;8.4172;393.0000;0.5040;0;WO983290;2625.69
2026-07-02;ENG-027;76;2026-01-04 04:00:00;642.0900;1586.6900;1403.7500;554.1300;2387.9900;9046.4500;47.2300;521.7100;2388.0100;8129.5600;8.4129;393.0000;1.0000;0;WO331674;602.83
2026/07/02;ENG-042;90;2026-01-04 18:00:00;641.9400;1582.9000;1398.4800;553.9600;2388.0500;9050.4400;47.4400;522.3600;2388.0700;8130.9100;8.4152;390.0000;0.6080;0;WO681941;650.22
2026-07-02;  ENG-031 ;116;2026-01-05 20:00:00;642.5900;1587.5900;1416.0100;553.6400;2388.0400;9066.5100;47.4400;521.7300;2388.1300;8152.4800;8.4275;391.0000;0.7040;0;WO941196;2557.01
02-Jul-2026;ENG-020;71;2026-01-03 23:00:00;641.9300;1588.9200;1402.6800;553.9000;2388.0200;9055.0300;47.2900;521.4300;2388.0700;8142.9600;8.4059;391.0000;1.0000;0;WO574291;1799.10
02-Jul-2026;ENG-068;97;2026-01-05 01:00:00;642.3600;1583.0100;1403.9500;554.2200;2388.0800;9061.4100;47.5200;521.4600;2388.0100;8141.9900;8.4281;393.0000;0.7840;0;WO927032;553.89
2026-07-02;ENG-100;95;2026-01-04 23:00:00;642.3400;1590.5100;1405.5800;554.3000;2388.0400;9053.9800;47.2700;521.7100;2388.1200;8145.6400;8.4320;393.0000;0.9840;0;WO307069;1947.38
2026/07/02;ENG-074;74;2026-01-04 02:00:00;642.4700;1592.8100;1400.3900;553.7800;2388.0900;9062.8900;47.4200;522.0200;2388.0700;8139.7500;8.4557;393.0000;1.0000;0;WO144035;1,801.91
2026-07-02;eng-091;135;2026-01-06 15:00:00;642.9200;1591.2800;1407.7100;553.0900;2388.2000;9041.8000;47.6500;521.5600;2388.1100;8132.7900;8.4420;395.0000;1.0000;0;WO166577;1496.77
2026/07/02;ENG-076;124;2026-01-06 04:00:00;641.9900;1585.8700;1394.9100;553.5300;2388.0600;9068.2500;47.3300;521.8500;2388.0400;8145.2800;8.4066;394.0000;0.7280;0;WO795231;2,084.92
2026/07/02;ENG-021;73;2026-01-04 01:00:00;641.9900;1581.5100;1399.4500;554.6300;2388.0200;9053.6500;47.1500;522.3000;2387.9900;8140.4900;8.3944;392.0000;1.0000;0;WO593376;732.94
2026/07/02;ENG-098;57;2026-01-03 09:00:00;642.3400;1582.9300;1401.6100;554.1100;2388.0800;9060.1900;47.2600;521.6900;2388.0800;8142.6600;8.4054;394.0000;0.9840;0;WO626680;2922.10
2026/07/02;ENG-017;73;2026-01-04 01:00:00;642.3800;1594.8100;1399.2100;553.6500;2388.0500;9072.6500;47.2800;522.0100;2388.0100;8148.6300;8.4154;391.0000;1.0000;0;WO237002;1,068.44
2026-07-02;ENG-012;124;2026-01-06 04:00:00;642.4500;1587.9700;1396.6700;554.4100;2387.9900;9062.6700;47.2700;521.8200;2388.0600;8138.5500;8.3932;391.0000;1.0000;0;WO622350;443.62
02-Jul-2026;ENG-062;155;2026-01-07 11:00:00;642.1300;1587.5600;1397.7200;554.1100;2387.9800;9060.3300;47.1400;522.3400;2387.9800;8146.5700;8.4042;393.0000;1.0000;0;WO803431;1834.14
02-Jul-2026;ENG-021;56;2026-01-03 08:00:00;642.3300;1586.0500;1403.1100;554.6400;2388.0500;9054.5800;47.2000;521.9400;2388.0800;8134.8800;8.4114;392.0000;1.0000;0;WO667162;2793.77
2026/07/02;ENG-010;128;2026-01-06 08:00:00;642.2200;1591.5800;1396.9400;554.0400;2387.9800;9070.9000;47.0900;522.0700;2388.0600;8142.7300;8.4113;391.0000;1.0000;0;WO841709;437.21
2026-07-02;ENG-024;65;2026-01-03 17:00:00;642.2300;1581.2700;1396.8100;555.1100;2387.9600;9068.5600;47.3100;522.6200;2387.9700;8152.6800;8.4034;391.0000;1.0000;0;WO948819;1,235.46
02-Jul-2026;  ENG-046 ;54;2026-01-03 06:00:00;642.2000;1590.8400;1402.7900;553.9000;2388.0800;9068.8200;47.5200;521.3400;2388.0300;8145.9200;8.4372;393.0000;1.0000;0;WO929138;1318.67
2026-07-02;ENG-092;89;2026-01-04 17:00:00;642.4500;1589.6400;1406.6000;553.3900;2388.1500;9042.4200;47.6500;520.6800;2388.1700;8125.4100;8.4260;394.0000;0.6480;0;WO952755;636.26
2026-07-02;ENG-058;60;2026-01-03 12:00:00;642.4000;1588.2900;1396.1900;553.6400;2388.0800;9046.4300;47.2400;522.2300;2388.0300;8126.9300;8.4087;392.0000;1.0000;0;WO501136;424.81
2026/07/02;ENG-087;20;2026-01-01 20:00:00;642.5200;1582.3500;1399.6300;553.6900;2387.9900;9058.5600;47.1100;521.9300;2388.0400;8143.5600;8.3854;393.0000;1.0000;0;WO722194;1,101.71
2026/07/02;  ENG-060 ;76;2026-01-04 04:00:00;642.2800;1581.9300;1408.6600;552.9800;2388.0600;9043.5300;47.4500;521.7300;2388.0400;8131.9900;8.4233;392.0000;1.0000;0;WO336260;277.02
02-Jul-2026;ENG-032;97;2026-01-05 01:00:00;641.6300;1581.7700;1400.1600;554.0400;2388.0200;9072.2100;47.4200;522.5300;2388.0100;8151.6200;8.4331;391.0000;0.7680;0;WO223714;564.91
2026-07-02;ENG-097;61;2026-01-03 13:00:00;642.4400;1588.8800;1400.9500;553.6000;2388.0600;9069.2200;47.2000;522.0400;2388.0000;8146.9600;8.3977;393.0000;1.0000;0;WO933737;499.87
02-Jul-2026;ENG-021;78;2026-01-04 06:00:00;642.3100;1583.1300;1391.9300;554.3000;2388.0200;9056.1300;47.2300;521.9500;2388.0300;8140.9100;8.3984;391.0000;1.0000;0;WO376107;69.71
2026/07/02;ENG-006;70;2026-01-03 22:00:00;642.3800;1595.8500;1404.9700;553.3900;2388.1000;9054.5100;47.4300;521.1600;2388.1200;8133.7100;8.4151;394.0000;1.0000;0;WO120937;127.85
2026/07/02;eng-035;80;2026-01-04 08:00:00;642.6100;1587.8300;1403.8600;553.5500;2388.0800;9050.3000;47.4800;520.9600;2388.1500;8130.5900;8.4293;393.0000;1.0000;0;WO986380;305.32
2026-07-02;ENG-027;85;2026-01-04 13:00:00;642.5300;1589.5800;1398.7500;554.0700;2388.0700;9046.7900;47.2800;521.9500;2388.0600;8133.5000;8.4239;392.0000;0.9680;0;WO587660;1,303.52
02-Jul-2026;ENG-073;44;2026-01-02 20:00:00;642.3400;1581.4900;1393.6800;553.8000;2388.0700;9051.1800;47.1500;522.1800;2388.0000;8132.3400;8.4102;392.0000;1.0000;0;WO819754;2877.07
2026/07/02;ENG-079;63;2026-01-03 15:00:00;642.4800;1591.3400;1402.2800;553.2900;2388.0800;9052.6300;47.2800;521.7100;2388.0900;8135.3100;8.4231;392.0000;0.8080;0;WO296293;
2026/07/02;  ENG-053 ;67;2026-01-03 19:00:00;642.2000;1592.1300;1406.7500;554.0900;2388.0700;9056.9200;47.4700;521.9600;2387.9800;8136.7300;8.4265;393.0000;;0;WO770887;2722.12
02-Jul-2026;ENG-021;97;2026-01-05 01:00:00;642.6900;1586.8700;1401.1000;554.5800;2388.0100;9062.6300;47.1400;521.9100;2388.0200;8146.6500;8.4126;391.0000;;0;WO997043;526.56
2026/07/02;ENG-037;49;2026-01-03 01:00:00;642.1800;1584.2400;1394.4800;553.9900;2388.0100;9054.7100;47.4100;522.5000;2388.0500;8139.5400;8.3980;392.0000;0.7440;0;WO334756;654.10
2026-07-02;  ENG-013 ;105;2026-01-05 09:00:00;642.0300;1592.1600;1398.1100;554.6500;2388.0400;9073.1900;47.1900;522.0900;2388.0700;8143.3900;8.3780;392.0000;;0;WO917011;1,933.20
02-Jul-2026;ENG-082;98;2026-01-05 02:00:00;642.1900;1586.4000;1403.3400;554.2300;2388.1200;9064.4500;47.5200;521.3300;2388.1200;8140.3500;8.4281;393.0000;0.5840;0;WO985839;2796.59
2026-07-02;ENG-003;76;2026-01-04 04:00:00;642.2700;1587.9200;1400.9400;552.5700;2388.0800;9050.2400;47.6700;521.1600;2388.0900;8133.8300;8.4511;395.0000;0.9520;0;WO476350;2482.44
2026/07/02;ENG-048;27;2026-01-02 03:00:00;642.4300;1585.3300;1405.6600;554.0200;2388.0600;9058.9800;47.3800;521.5900;2388.1000;8138.7000;8.4146;393.0000;1.0000;0;WO441618;921.48
02-Jul-2026;ENG-024;109;2026-01-05 13:00:00;642.4900;1583.5400;1403.3000;553.9500;2388.0200;9071.1300;47.2500;522.2300;2387.9200;8152.2400;8.4100;394.0000;0.7760;0;WO668349;2,625.89
02-Jul-2026;eng-049;139;2026-01-06 19:00:00;642.5000;1587.5900;1405.6300;554.2300;2388.0400;9055.2600;47.2400;522.2700;2388.0200;8148.7900;8.4256;394.0000;1.0000;0;WO540319;
2026/07/02;ENG-013;89;2026-01-04 17:00:00;641.6600;1585.7400;1397.7200;554.0400;2388.0100;9066.3700;47.3300;522.2800;2387.9900;8143.0700;8.3987;393.0000;1.0000;0;WO666657;693.24
2026/07/02;ENG-013;78;2026-01-04 06:00:00;642.1400;1585.9700;1407.5100;554.7900;2388.0300;9059.1900;47.3100;522.2800;2388.0100;8138.7500;8.4064;392.0000;1.0000;0;WO173264;1828.91
02-Jul-2026;  ENG-037 ;67;2026-01-03 19:00:00;642.1000;1594.8800;1397.4400;553.9400;2388.0400;9052.9300;47.3000;522.2800;2388.0700;8140.3000;8.4042;392.0000;0.6000;0;WO667947;311.59
2026/07/02;ENG-019;71;2026-01-03 23:00:00;641.9200;1579.5400;1401.5000;554.5800;2388.0400;9042.9900;47.3500;522.1600;2388.0400;8135.2400;8.3746;392.0000;1.0000;0;WO540954;1,407.00
02-Jul-2026;ENG-049;160;2026-01-07 16:00:00;642.3700;1590.1200;1403.2600;554.0600;2388.0600;9060.7700;47.2700;522.0200;2388.0600;8136.8900;8.3940;392.0000;1.0000;0;WO241772;2,544.64
2026/07/02;ENG-053;100;2026-01-05 04:00:00;642.1300;1586.7300;1399.7600;553.6500;2388.0400;9064.5400;47.2300;521.6700;2388.0900;8141.6200;8.3606;393.0000;0.7200;0;WO637770;
02-Jul-2026;ENG-089;73;2026-01-04 01:00:00;642.4400;1587.4100;1402.6500;554.0300;2388.1400;9040.5000;47.5200;522.0400;2388.1400;8127.3000;8.4028;392.0000;1.0000;0;WO250539;2109.08
02-Jul-2026;  ENG-030 ;80;2026-01-04 08:00:00;642.3700;1593.1100;1405.6700;554.3100;2388.0500;9054.4400;47.5400;521.0500;2388.1100;8126.9300;8.4439;392.0000;;0;WO439296;899.58
2026-07-02;eng-012;92;2026-01-04 20:00:00;642.2200;1581.1500;1403.9700;553.4000;2388.0500;9064.5800;47.0900;521.8700;2387.9800;8142.4200;8.4026;393.0000;1.0000;0;WO148420;656.34
2026-07-02;ENG-008;91;2026-01-04 19:00:00;642.9700;1584.5200;1408.5600;553.8600;2388.0400;9038.5400;47.4300;521.6800;2388.0400;8135.1900;8.4326;393.0000;1.0000;0;WO518904;1,072.18
02-Jul-2026;ENG-099;53;2026-01-03 05:00:00;642.5400;1579.4000;1400.2200;554.4800;2388.0300;9059.6100;47.0400;522.0300;2388.0200;8142.3100;8.3941;391.0000;1.0000;0;WO636266;1663.66
2026-07-02;ENG-053;69;2026-01-03 21:00:00;642.7200;1584.3400;1401.3800;554.2100;2388.0400;9055.0800;47.3500;522.2200;2388.0100;8138.9400;8.4540;392.0000;0.9680;0;WO672040;1752.69
2026-07-02;ENG-080;47;2026-01-02 23:00:00;642.1000;1580.2400;1408.9200;554.1500;2388.0400;9061.1900;47.4500;521.7100;2388.0600;8139.6000;8.3960;391.0000;1.0000;0;WO766069;814.71
2026/07/02;  ENG-046 ;50;2026-01-03 02:00:00;642.8000;1589.9500;1399.9300;554.3300;2388.1200;9070.2300;47.5000;521.4100;2388.0400;8146.2200;8.4075;394.0000;1.0000;0;WO696367;225.27
2026/07/02;ENG-091;92;2026-01-04 20:00:00;642.3100;1589.2300;1409.7700;553.4100;2388.1300;9055.7100;47.4300;521.0400;2388.1900;8129.8200;8.4407;394.0000;1.0000;0;WO138835;
2026/07/02;ENG-082;89;2026-01-04 17:00:00;642.7700;1593.1600;1402.2300;553.0400;2388.1000;9061.1000;47.4700;522.0300;2388.0700;8143.1100;8.4068;393.0000;0.6560;0;WO919683;637.94
2026-07-02;  ENG-042 ;59;2026-01-03 11:00:00;642.0100;1590.6600;1395.4300;554.0400;2388.0500;9046.2200;47.1300;522.3900;2388.0800;8126.7200;8.3727;393.0000;;0;WO113318;2649.39
2026-07-02;eng-062;115;2026-01-05 19:00:00;642.2800;1580.8600;1404.8300;553.5600;2388.0500;9054.5600;47.4300;522.5300;2388.0200;8139.1700;8.3524;392.0000;1.0000;0;WO149607;97.86
02-Jul-2026;ENG-009;30;2026-01-02 06:00:00;642.7600;1591.2800;1411.6300;553.4800;2388.1000;9056.5400;47.5100;521.1800;2388.1000;8132.2100;8.4977;392.0000;1.0000;0;WO559228;2,601.07
02-Jul-2026;eng-078;38;2026-01-02 14:00:00;642.3900;1582.0600;1391.5700;553.9900;2388.0000;9065.6200;47.2100;523.0800;2387.9700;8152.3800;8.3963;392.0000;1.0000;0;WO849714;1,228.87
2026-07-02;ENG-093;142;2026-01-06 22:00:00;642.3700;1587.0900;1414.6000;553.5400;2388.1500;9061.1500;47.4400;521.2500;2388.1200;8135.2000;8.4380;393.0000;1.0000;0;WO832867;1,706.49
02-Jul-2026;  ENG-056 ;66;2026-01-03 18:00:00;642.7700;1589.2700;1414.5200;552.4800;2388.1900;9040.9500;47.6600;520.9900;2388.1400;8121.6200;8.4020;393.0000;0.6800;0;WO201283;403.47
2026-07-02;ENG-046;89;2026-01-04 17:00:00;642.3400;1595.9900;1409.3000;552.8800;2388.1300;9075.3100;47.6800;521.4800;2388.1200;8150.6000;8.4505;392.0000;0.8320;0;WO915556;909.07
02-Jul-2026;ENG-094;77;2026-01-04 05:00:00;642.8200;1589.8700;1408.3400;552.7800;2388.1000;9059.3800;47.5400;521.4800;2388.0900;8138.1500;8.4567;393.0000;0.8880;0;WO881944;1,613.20
2026/07/02;ENG-060;57;2026-01-03 09:00:00;642.1800;1581.4900;1403.3100;553.8500;2388.0900;9055.3600;47.4500;521.7000;2388.1000;8140.6400;8.4215;393.0000;1.0000;0;WO776466;2,151.31
02-Jul-2026;  ENG-067 ;26;2026-01-02 02:00:00;642.3300;1590.8200;1398.3300;554.5200;2388.0100;9066.2100;47.3300;522.1000;2387.9500;8142.7500;8.4242;392.0000;0.9760;0;WO681004;1,803.29
02-Jul-2026;ENG-065;44;2026-01-02 20:00:00;642.0700;1584.7200;1399.7400;555.1800;2388.0000;9065.6200;47.2100;522.4900;2387.9600;8151.3000;8.3608;392.0000;1.0000;0;WO434481;1,219.36
2026-07-02;eng-079;38;2026-01-02 14:00:00;641.9500;1585.9000;1398.1600;553.6600;2388.0500;9049.2500;47.2000;521.9700;2388.0800;8131.4800;8.4102;392.0000;1.0000;0;WO510028;1,768.47
2026-07-02;ENG-028;85;2026-01-04 13:00:00;642.8600;1585.0600;1400.4000;553.9100;2388.1400;9049.9300;47.3900;521.5800;2388.0600;8126.4400;8.4305;393.0000;1.0000;0;WO803797;2322.72
02-Jul-2026;  ENG-086 ;50;2026-01-03 02:00:00;642.3400;1584.6100;1409.9100;554.4300;2388.0900;9055.9800;47.4300;521.4500;2388.0700;8138.7500;8.4544;393.0000;1.0000;0;WO275928;2,106.59
02-Jul-2026;ENG-009;31;2026-01-02 07:00:00;642.7900;1589.9400;1411.5300;553.1300;2388.1400;9049.1700;47.5700;521.3300;2388.1100;8130.7300;8.4312;394.0000;1.0000;0;WO928200;1634.28
02-Jul-2026;ENG-087;33;2026-01-02 09:00:00;641.7100;1575.8100;1397.6400;554.1000;2388.0500;9056.1600;47.2900;521.5300;2388.0100;8138.8900;8.4220;392.0000;1.0000;0;WO534308;2,835.08
02-Jul-2026;ENG-021;60;2026-01-03 12:00:00;642.1600;1586.3600;1398.2700;554.7900;2388.0300;9049.3200;47.4900;522.1300;2388.1200;8135.2100;8.3711;391.0000;1.0000;0;WO633736;2,998.25
2026-07-02;ENG-093;137;2026-01-06 17:00:00;643.4000;1587.0900;1404.5300;553.4700;2388.1100;9063.4900;47.5400;521.6500;2388.1200;8137.4600;8.4778;394.0000;;0;WO773354;85.46
2026-07-02;ENG-021;65;2026-01-03 17:00:00;642.4600;1582.0800;1403.2300;555.0400;2388.0200;9055.8200;47.2900;522.5400;2387.9800;8135.3100;8.4177;391.0000;1.0000;0;WO729516;498.28
2026/07/02;ENG-035;101;2026-01-05 05:00:00;642.4100;1591.7100;1416.4400;552.5100;2388.1600;9057.4100;47.6200;521.5000;2388.1600;8136.4300;8.4747;392.0000;0.8640;0;WO379193;1,535.56
02-Jul-2026;eng-065;38;2026-01-02 14:00:00;642.4500;1585.6200;1385.2700;554.5000;2388.0300;9071.0200;47.1700;522.4300;2388.0000;8149.0600;8.3749;392.0000;1.0000;0;WO603657;1433.70
02-Jul-2026;  ENG-017 ;71;2026-01-03 23:00:00;642.2200;1589.5700;1404.0000;553.5300;2388.0100;9063.2600;47.3400;522.0200;2388.0100;8151.5300;8.4172;392.0000;1.0000;0;WO986319;555.67
2026/07/02;ENG-027;50;2026-01-03 02:00:00;642.0400;1581.1600;1396.4300;554.6400;2388.0200;9047.2300;47.3300;521.9300;2388.0500;8136.4900;8.3928;392.0000;1.0000;0;WO346978;473.97
02-Jul-2026;ENG-063;78;2026-01-04 06:00:00;643.1200;1581.6100;1409.1700;553.7100;2388.1200;9057.4400;47.5800;521.8300;2388.1300;8135.0800;8.4633;394.0000;1.0000;0;WO552058;2,556.28
2026/07/02;ENG-012;122;2026-01-06 02:00:00;642.6300;1584.2700;1397.4900;554.4000;2388.0500;9063.0600;47.2600;521.9800;2388.0400;8135.4700;8.4243;393.0000;1.0000;0;WO694197;755.24
2026/07/02;  ENG-099 ;39;2026-01-02 15:00:00;642.2200;1585.6100;1398.1900;555.6300;2388.0000;9063.1300;47.3800;522.4600;2387.9800;8142.8200;8.3633;391.0000;1.0000;0;WO249599;1582.47
2026/07/02;ENG-014;22;2026-01-01 22:00:00;642.7400;1591.3200;1405.2800;554.0000;2388.2100;9040.7800;47.4300;521.0900;2388.2000;8118.8300;8.4596;393.0000;1.0000;0;WO769887;2258.61
2026/07/02;ENG-021;80;2026-01-04 08:00:00;641.8600;1588.1300;1398.7800;554.4600;2388.0900;9057.7800;47.2700;522.2200;2388.0600;8140.8900;8.4087;391.0000;1.0000;0;WO714077;64.00
2026-07-02;ENG-001;13;2026-01-01 13:00:00;641.9400;1589.0900;1403.9400;554.0400;2388.0200;9045.6700;47.3500;522.3700;2388.0300;8131.1200;8.4166;392.0000;1.0000;0;WO479492;1,359.60
02-Jul-2026;  ENG-073 ;57;2026-01-03 09:00:00;642.4500;1585.9400;1397.6200;553.6000;2387.9500;9050.7500;47.1300;522.3900;2388.0500;8136.8500;8.4478;392.0000;1.0000;0;WO648679;2661.81
2026/07/02;ENG-046;91;2026-01-04 19:00:00;642.7000;1588.1300;1405.6000;553.7900;2388.1000;9070.4000;47.4900;521.7800;2388.1100;8143.4000;8.4161;392.0000;0.8160;0;WO191319;2101.99
2026/07/02;ENG-062;80;2026-01-04 08:00:00;642.1100;1582.4100;1392.3600;554.7400;2388.0000;9059.0400;47.0800;522.5600;2388.0500;8134.9400;8.4041;391.0000;1.0000;0;WO488584;1805.74
2026-07-02;ENG-012;132;2026-01-06 12:00:00;641.8200;1584.1000;1404.6700;554.2300;2388.0000;9056.7300;47.3200;522.5000;2388.0800;8147.3700;8.3969;392.0000;1.0000;0;WO545192;954.23
2026-07-02;ENG-010;121;2026-01-06 01:00:00;642.2300;1580.6100;1398.4200;554.5600;2388.0000;9062.5800;47.3500;522.5200;2388.1000;8143.0300;8.4142;391.0000;1.0000;0;WO845804;2536.03
02-Jul-2026;ENG-053;70;2026-01-03 22:00:00;641.6200;1589.8400;1402.3000;554.1400;2388.1000;9058.9400;47.6100;522.1300;2388.0700;8136.4800;8.3964;393.0000;0.9600;0;WO872329;458.92
2026-07-02;ENG-013;88;2026-01-04 16:00:00;642.3200;1584.0300;1395.4200;553.8100;2387.9900;9064.2800;47.3300;521.9600;2388.0000;8146.2100;8.3919;392.0000;1.0000;0;WO567704;992.84
02-Jul-2026;ENG-007;72;2026-01-04 00:00:00;642.1300;1582.6200;1395.8800;554.9200;2388.0000;9055.1200;47.2900;522.5800;2388.0000;8140.3800;8.3806;391.0000;1.0000;0;WO255927;1498.16
2026/07/02;  ENG-077 ;69;2026-01-03 21:00:00;642.2200;1589.7400;1408.0600;553.9600;2388.0800;9050.6600;47.3200;521.7400;2388.0200;8131.2100;8.4062;392.0000;1.0000;0;WO466680;2008.40
2026/07/02;ENG-037;66;2026-01-03 18:00:00;642.7500;1582.4500;1400.2600;554.2200;2388.0100;9050.2200;47.2700;522.2100;2388.0500;8132.2300;8.4503;393.0000;0.6080;0;WO447511;
02-Jul-2026;ENG-084;85;2026-01-04 13:00:00;642.5500;1590.2100;1401.9500;553.7800;2388.0600;9056.4200;47.3500;522.1700;2388.0900;8133.4300;8.4672;393.0000;1.0000;0;WO276967;2228.14
2026/07/02;ENG-076;117;2026-01-05 21:00:00;642.6700;1582.8600;1402.7300;554.1400;2388.0700;9070.1700;47.5500;522.0200;2388.0100;8142.7500;8.4519;392.0000;0.7840;0;WO466447;2727.47
2026-07-02;  ENG-084 ;104;2026-01-05 08:00:00;642.6500;1585.6200;1400.0000;553.8400;2388.0800;9055.7800;47.6300;521.8900;2388.1000;8136.2200;8.4052;393.0000;;0;WO287191;
2026/07/02;ENG-034;101;2026-01-05 05:00:00;642.4300;1588.2900;1406.1600;554.3200;2388.0800;9071.3400;47.3000;521.9100;2388.0200;8145.7500;8.4280;391.0000;0.8720;0;WO665154;1,977.47
2026-07-02;ENG-042;104;2026-01-05 08:00:00;643.2200;1592.2200;1411.9600;554.1900;2388.1100;9051.6500;47.4200;521.9900;2388.1200;8131.6700;8.4343;394.0000;0.4960;0;WO188764;2951.69
2026/07/02;  ENG-098 ;49;2026-01-03 01:00:00;642.3500;1584.6600;1408.3800;553.7800;2388.0400;9066.2700;47.4200;522.2100;2388.0800;8142.1400;8.4551;392.0000;1.0000;0;WO843545;122.26
2026-07-02;ENG-098;81;2026-01-04 09:00:00;642.6100;1587.3500;1405.3900;553.1000;2388.0500;9051.8500;47.5200;521.1700;2388.1000;8139.3600;8.4524;394.0000;0.7920;0;WO612927;2738.17
02-Jul-2026;ENG-093;146;2026-01-07 02:00:00;642.7400;1595.6800;1417.3000;552.7400;2388.1300;9067.0600;47.6700;521.2000;2388.1100;8135.9100;8.4385;393.0000;1.0000;0;WO684911;1360.99
2026/07/02;  ENG-065 ;40;2026-01-02 16:00:00;641.9700;1576.6400;1401.8500;554.9300;2387.9400;9069.4700;47.1700;523.0500;2388.0400;8148.7200;8.3805;390.0000;1.0000;0;WO619057;2682.41
2026-07-02;ENG-084;59;2026-01-03 11:00:00;642.7100;1594.2400;1408.1100;553.0400;2388.1100;9053.4800;47.4500;521.3200;2388.0600;8135.7000;8.4316;394.0000;1.0000;0;WO946859;1,818.43
2026-07-02;ENG-093;92;2026-01-04 20:00:00;642.6300;1595.9900;1403.4300;552.3000;2388.0900;9068.4100;47.6300;521.5700;2388.0600;8142.7200;8.4463;395.0000;1.0000;0;WO791426;2145.65
2026-07-02;ENG-028;87;2026-01-04 15:00:00;642.2100;1583.7000;1408.3600;553.3900;2388.1400;9052.4100;47.3900;521.1300;2388.1300;8130.9700;8.4200;392.0000;1.0000;0;WO937846;1,512.65
2026-07-02;ENG-090;65;2026-01-03 17:00:00;642.0500;1587.8700;1398.5000;552.7500;2388.0300;9057.8700;47.5100;521.4200;2388.1300;8138.8300;8.4354;392.0000;0.8720;0;WO384168;2819.63
02-Jul-2026;ENG-074;61;2026-01-03 13:00:00;642.7500;1592.6100;1404.7000;553.2400;2388.0400;9059.8300;47.3800;521.6500;2388.1100;8140.8500;8.4212;395.0000;1.0000;0;WO192200;831.11
02-Jul-2026;ENG-055;59;2026-01-03 11:00:00;642.3400;1580.9400;1401.3200;553.6500;2388.0400;9055.6500;47.2600;522.0900;2388.0200;8139.4700;8.3754;393.0000;1.0000;0;WO867790;429.33
2026/07/02;ENG-036;65;2026-01-03 17:00:00;642.8100;1595.8500;1413.4500;552.9500;2388.1600;9047.0100;47.6400;521.1100;2388.1100;8142.9300;8.4574;394.0000;0.6400;0;WO512451;2744.86
02-Jul-2026;  ENG-070 ;79;2026-01-04 07:00:00;642.7000;1592.2400;1405.0100;553.4100;2388.1100;9052.4900;47.5200;521.3000;2388.0700;8127.2100;8.4207;394.0000;1.0000;0;WO954525;1235.41
2026/07/02;  ENG-097 ;75;2026-01-04 03:00:00;642.4400;1584.6400;1401.4900;553.8400;2388.0600;9069.0600;47.5100;522.1300;2388.0600;8147.3200;8.4013;393.0000;1.0000;0;WO501453;2605.36
02-Jul-2026;ENG-059;37;2026-01-02 13:00:00;642.6300;1586.8900;1399.1600;554.1400;2388.0400;9057.9600;47.2100;522.0200;2387.9800;8141.2500;8.3871;393.0000;1.0000;0;WO874980;266.61
2026-07-02;ENG-093;114;2026-01-05 18:00:00;642.9700;1590.1200;1410.0300;552.7500;2388.1300;9058.1400;47.4000;521.3300;2388.1200;8140.4400;8.4597;393.0000;1.0000;0;WO508485;360.33
02-Jul-2026;ENG-088;40;2026-01-02 16:00:00;642.7900;1591.3600;1411.9700;553.0600;2388.0800;9040.3500;47.5700;521.4600;2388.1000;8124.4200;8.4498;394.0000;1.0000;0;WO407951;108.20
2026/07/02;ENG-055;71;2026-01-03 23:00:00;642.2000;1584.9400;1400.3600;554.0200;2388.1400;9054.5800;47.4500;521.6000;2388.0800;8139.2500;8.4103;392.0000;1.0000;0;WO563009;654.42
2026-07-02;ENG-100;85;2026-01-04 13:00:00;641.7400;1584.5800;1401.6300;554.5300;2388.0500;9057.8700;47.2900;522.5100;2387.9800;8136.2700;8.3917;394.0000;;0;WO775360;1,489.02
2026-07-02;ENG-089;91;2026-01-04 19:00:00;643.0600;1587.4100;1406.1500;553.2300;2388.0800;9045.8600;47.4100;521.5100;2388.0700;8130.3700;8.4309;391.0000;1.0000;0;WO826793;2,316.09
2026/07/02;ENG-031;74;2026-01-04 02:00:00;642.4600;1588.2100;1402.3500;554.4100;2388.0700;9063.9400;47.4800;522.2000;2388.0000;8143.4600;8.4126;391.0000;1.0000;0;WO833518;800.42
02-Jul-2026;  ENG-080 ;55;2026-01-03 07:00:00;642.7600;1581.2100;1405.0400;553.9600;2388.0100;9063.3000;47.0100;521.5000;2388.0000;8146.7300;8.4529;391.0000;1.0000;0;WO630842;2996.27
02-Jul-2026;ENG-066;56;2026-01-03 08:00:00;642.3400;1584.2600;1406.9300;553.8600;2388.0100;9066.7900;47.6100;521.3400;2388.1200;8142.6900;8.4135;393.0000;0.8400;0;WO830809;2145.44
02-Jul-2026;ENG-072;66;2026-01-03 18:00:00;642.1200;1593.9300;1407.0000;554.2200;2387.9900;9062.2200;47.1900;522.2000;2388.0800;8143.4500;8.4461;393.0000;0.9200;0;WO357807;1922.71
2026/07/02;ENG-076;78;2026-01-04 06:00:00;643.0900;1590.2800;1406.4800;554.4100;2388.1000;9058.1600;47.4000;521.9500;2388.0400;8144.3400;8.3953;394.0000;1.0000;0;WO818774;180.65
2026-07-02;ENG-016;66;2026-01-03 18:00:00;641.8300;1583.1000;1402.5800;554.0600;2388.0200;9045.3000;47.4000;522.3100;2388.0700;8135.6700;8.4206;392.0000;;0;WO588151;1,695.23
02-Jul-2026;  ENG-012 ;93;2026-01-04 21:00:00;642.0800;1581.6500;1398.7000;554.3000;2388.0100;9060.7900;47.2200;522.1100;2387.9900;8142.9000;8.3810;392.0000;1.0000;0;WO357834;1246.70
02-Jul-2026;ENG-076;74;2026-01-04 02:00:00;642.4500;1586.5600;1401.9000;554.4700;2388.0500;9067.3100;47.2400;522.3700;2387.9300;8141.1900;8.3963;393.0000;1.0000;0;WO157311;483.78
2026-07-02;eng-020;98;2026-01-05 02:00:00;642.9100;1587.1700;1405.8200;553.7300;2388.1100;9054.4200;47.5200;521.7900;2388.0200;8147.0600;8.4102;393.0000;0.8160;0;WO831074;
2026-07-02;ENG-002;18;2026-01-01 18:00:00;642.4500;1596.1900;1403.2000;553.6400;2388.1200;9049.7600;47.3000;521.5200;2388.0900;8127.0200;8.4451;392.0000;1.0000;0;WO959061;831.98
2026-07-02;ENG-032;79;2026-01-04 07:00:00;641.7700;1592.2700;1401.2300;555.0500;2388.0000;9063.5700;47.0600;521.9000;2387.9600;8149.5500;8.4010;393.0000;0.9120;0;WO596395;2508.67
02-Jul-2026;  ENG-057 ;55;2026-01-03 07:00:00;642.5600;1595.1800;1399.4100;553.8000;2388.1500;9051.3400;47.4100;521.8400;2388.1000;8133.8000;8.4545;394.0000;1.0000;0;WO812650;521.64
2026-07-02;ENG-034;79;2026-01-04 07:00:00;642.5300;1586.9300;1399.1800;554.1800;2387.9900;9065.8800;47.1200;522.2100;2388.0200;8147.9300;8.4143;391.0000;1.0000;0;WO280150;276.41
2026-07-02;  ENG-092 ;70;2026-01-03 22:00:00;642.0700;1585.6000;1414.1200;553.2700;2388.1600;9044.6000;47.5400;520.8400;2388.1200;8121.6800;8.4428;394.0000;0.8000;0;WO243414;
2026/07/02;ENG-064;59;2026-01-03 11:00:00;642.5200;1583.9300;1401.5400;554.7800;2388.0600;9057.5100;47.2500;521.7500;2388.0000;8138.5000;8.4304;394.0000;1.0000;0;WO923407;764.56
2026/07/02;ENG-063;56;2026-01-03 08:00:00;643.1500;1591.0200;1407.4900;553.2900;2388.0700;9048.6200;47.4500;522.1500;2388.0800;8125.5500;8.4864;392.0000;1.0000;0;WO213199;2,521.30
02-Jul-2026;ENG-007;62;2026-01-03 14:00:00;642.1400;1587.3300;1397.7300;554.7900;2388.0000;9051.7100;47.1400;522.4200;2387.9700;8141.5800;8.4258;392.0000;1.0000;0;WO723510;2101.32
2026-07-02;ENG-077;101;2026-01-05 05:00:00;642.3400;1582.3800;1404.2900;553.4600;2388.0800;9046.3300;47.2700;522.0700;2388.1200;8130.3100;8.4220;394.0000;0.7600;0;WO632590;94.41
02-Jul-2026;ENG-005;34;2026-01-02 10:00:00;642.7100;1589.9500;1408.6500;553.6500;2388.1000;9054.2300;47.4100;521.9400;2388.1000;8131.0600;8.3973;392.0000;1.0000;0;WO923022;1578.94
02-Jul-2026;ENG-017;63;2026-01-03 15:00:00;642.1900;1583.1000;1397.0300;553.6200;2388.0600;9071.0800;47.3000;522.1200;2388.0200;8151.2400;8.3987;391.0000;1.0000;0;WO323703;2698.13
02-Jul-2026;ENG-068;120;2026-01-06 00:00:00;642.3100;1597.1800;1408.6000;553.4800;2388.0800;9053.0500;47.4600;521.4500;2388.0800;8142.7000;8.4199;395.0000;0.6000;0;WO795203;
2026-07-02;ENG-019;60;2026-01-03 12:00:00;642.7100;1591.4200;1397.4300;554.4500;2388.0100;9062.6000;47.1500;522.3200;2388.0100;8144.0400;8.4253;391.0000;1.0000;0;WO435376;2509.28
2026/07/02;ENG-030;96;2026-01-05 00:00:00;642.6000;1590.2900;1409.1900;553.4700;2388.1500;9045.5900;47.3600;521.3100;2388.1000;8130.4200;8.4400;394.0000;1.0000;0;WO767164;2,378.26
2026-07-02;ENG-058;96;2026-01-05 00:00:00;642.5800;1584.1000;1399.2200;554.1200;2388.0300;9050.5100;47.4100;521.8900;2388.0900;8135.9100;8.4073;393.0000;0.9360;0;WO746867;2139.47
02-Jul-2026;ENG-009;30;2026-01-02 06:00:00;642.7600;1591.2800;1411.6300;553.4800;2388.1000;9056.5400;47.5100;521.1800;2388.1000;8132.2100;8.4977;392.0000;1.0000;0;WO559228;2,601.07
2026-07-02;ENG-068;108;2026-01-05 12:00:00;642.7800;1588.2300;1403.2300;553.7500;2388.1000;9070.7400;47.5500;522.0700;2388.0800;8140.4400;8.4316;393.0000;0.6960;0;WO223001;1010.00
2026/07/02;ENG-013;120;2026-01-06 00:00:00;642.1000;1585.6800;1392.6100;553.9000;2388.0000;9060.2900;47.3900;521.9800;2388.0300;8143.7000;8.4289;391.0000;1.0000;0;WO515084;2,450.58
2026/07/02;  ENG-006 ;53;2026-01-03 05:00:00;642.7500;1587.6400;1405.6400;553.2300;2388.1100;9056.1000;47.4300;521.3100;2388.0600;8142.1400;8.4371;391.0000;1.0000;0;WO909758;942.83
02-Jul-2026;ENG-029;68;2026-01-03 20:00:00;641.7100;1581.2400;1406.3800;553.4800;2388.0300;9060.2800;47.2800;521.5300;2387.9700;8137.6500;8.3990;393.0000;1.0000;0;WO229626;2541.34
2026/07/02;  ENG-043 ;60;2026-01-03 12:00:00;642.5900;1585.0900;1402.0900;553.5900;2388.0500;9053.1400;47.4000;521.8400;2388.0900;8130.6000;8.4148;392.0000;1.0000;0;WO894067;890.66
02-Jul-2026;eng-022;14;2026-01-01 14:00:00;642.4600;1592.6900;1410.4500;553.4400;2388.1000;9048.9700;47.5200;521.3200;2388.0600;8127.8200;8.4218;394.0000;1.0000;0;WO224481;
2026/07/02;ENG-012;144;2026-01-07 00:00:00;642.2600;1588.9300;1398.4000;553.9200;2388.0300;9068.5700;47.2100;522.4000;2387.9800;8140.1300;8.3650;392.0000;1.0000;0;WO996665;1,604.81
02-Jul-2026;ENG-036;82;2026-01-04 10:00:00;643.2000;1594.1900;1406.9000;553.1700;2388.1600;9065.7800;47.5700;520.6600;2388.1700;8136.8600;8.4625;394.0000;0.5040;0;WO524321;803.34
2026/07/02;ENG-028;105;2026-01-05 09:00:00;642.5000;1590.6400;1406.4600;553.7200;2388.0900;9046.7700;47.4800;521.6100;2388.0600;8127.1800;8.4714;391.0000;1.0000;0;WO565823;1,206.92
2026-07-02;ENG-032;87;2026-01-04 15:00:00;641.9000;1590.5700;1398.3500;555.5500;2388.0100;9072.8600;47.2600;522.5300;2388.0100;8158.4400;8.4049;391.0000;0.8480;0;WO399337;1,113.06
02-Jul-2026;eng-022;22;2026-01-01 22:00:00;642.5500;1595.5500;1399.3700;553.8700;2388.0900;9046.6700;47.5500;521.8800;2388.0900;8131.2600;8.4380;392.0000;1.0000;0;WO486305;2,914.28
2026/07/02;ENG-062;129;2026-01-06 09:00:00;642.0600;1585.9000;1398.2400;555.2300;2388.0400;9064.0400;47.1100;522.4400;2388.0100;8136.0000;8.4026;392.0000;1.0000;0;WO416064;1,805.45
2026/07/02;ENG-008;74;2026-01-04 02:00:00;642.4200;1589.1400;1407.2000;554.0500;2388.1200;9049.1900;47.4000;521.5100;2388.1100;8130.3600;8.3826;393.0000;1.0000;0;WO867286;2978.92
02-Jul-2026;ENG-034;76;2026-01-04 04:00:00;642.0100;1587.3400;1399.3900;554.3800;2388.0200;9059.8100;47.3400;522.5200;2388.0400;8148.0500;8.3955;391.0000;1.0000;0;WO940863;737.99
2026/07/02;ENG-057;74;2026-01-04 02:00:00;643.0600;1587.4300;1413.2500;553.7600;2388.0600;9053.7800;47.4800;521.8000;2388.0600;8129.1500;8.4516;393.0000;1.0000;0;WO349679;198.04
02-Jul-2026;ENG-006;46;2026-01-02 22:00:00;642.1800;1587.8100;1406.9600;553.3200;2388.0700;9048.4600;47.4400;521.4200;2388.0400;8136.7600;8.4329;392.0000;1.0000;0;WO834908;291.61
02-Jul-2026;eng-094;52;2026-01-03 04:00:00;642.6600;1595.5000;1406.0700;552.9800;2388.1100;9056.5200;47.5300;521.6200;2388.0600;8139.8100;8.4288;392.0000;1.0000;0;WO879193;273.77
2026/07/02;ENG-049;157;2026-01-07 13:00:00;642.3700;1587.6000;1396.2600;554.3700;2388.0600;9057.6400;47.3100;522.5300;2388.0400;8138.7800;8.4138;393.0000;1.0000;0;WO450016;1438.22
2026-07-02;ENG-007;86;2026-01-04 14:00:00;641.6800;1579.9400;1400.7600;554.2200;2388.0100;9057.7300;47.3800;522.5900;2388.0400;8135.6400;8.3928;393.0000;1.0000;0;WO741530;638.43
02-Jul-2026;ENG-053;58;2026-01-03 10:00:00;642.1200;1582.1800;1398.1800;553.6700;2388.0100;9059.3500;47.3300;521.7700;2388.0500;8136.9500;8.4297;392.0000;1.0000;0;WO384603;1,963.38
2026-07-02;ENG-004;38;2026-01-02 14:00:00;642.9100;1589.0700;1407.8500;553.5100;2388.0200;9051.8800;47.4100;521.2500;2388.1400;8132.5300;8.4293;390.0000;1.0000;0;WO448584;
2026/07/02;ENG-011;41;2026-01-02 17:00:00;642.5000;1595.8600;1409.3700;553.0300;2388.1300;9040.8800;47.6600;521.3500;2388.1600;8121.3000;8.4079;392.0000;1.0000;0;WO817607;2026.03
02-Jul-2026;ENG-087;30;2026-01-02 06:00:00;642.0800;1580.9000;1396.2100;554.2100;2388.0100;9069.2900;47.1800;522.0100;2388.0500;8140.3300;8.3846;393.0000;1.0000;0;WO289468;1939.33
02-Jul-2026;ENG-073;50;2026-01-03 02:00:00;642.2400;1582.4700;1399.1900;554.0300;2388.0600;9053.7300;47.2900;521.6600;2388.0000;8130.9400;8.4157;392.0000;1.0000;0;WO694632;1,899.01
2026-07-02;ENG-023;61;2026-01-03 13:00:00;642.1700;1588.5200;1394.4600;554.8800;2388.1200;9054.9700;47.2100;521.9700;2387.9900;8137.7600;8.4009;393.0000;1.0000;0;WO175353;2,952.86
02-Jul-2026;  ENG-052 ;113;2026-01-05 17:00:00;642.3500;1582.7000;1395.2300;554.8600;2387.9900;9060.5100;47.4000;522.2800;2388.0000;8139.6100;8.3392;391.0000;0.8400;0;WO510009;
2026/07/02;ENG-045;97;2026-01-05 01:00:00;642.2900;1587.8300;1405.4200;552.9800;2388.1100;9055.0400;47.4900;521.1500;2388.0400;8141.3100;8.4082;393.0000;1.0000;0;WO288537;2,912.67
2026-07-02;ENG-097;73;2026-01-04 01:00:00;642.4900;1590.9600;1397.9100;553.6300;2388.0800;9062.4600;47.4200;522.0700;2388.0500;8144.2900;8.4273;390.0000;1.0000;0;WO978882;306.77
2026/07/02;ENG-099;47;2026-01-02 23:00:00;642.6900;1587.9100;1399.4600;554.9700;2388.0100;9052.2100;47.2900;522.1800;2388.0000;8139.6900;8.4165;392.0000;1.0000;0;WO394855;2,029.74
02-Jul-2026;  ENG-097 ;46;2026-01-02 22:00:00;642.4100;1589.5000;1395.7600;553.8300;2388.0200;9065.0200;47.2500;522.3400;2388.0100;8152.3400;8.3931;391.0000;1.0000;0;WO531706;1201.92
02-Jul-2026;eng-071;46;2026-01-02 22:00:00;642.1700;1579.2500;1403.7000;554.6100;2388.0500;9065.1300;47.2900;522.1500;2388.0300;8141.8000;8.4021;390.0000;1.0000;0;WO865833;2738.08
02-Jul-2026;ENG-056;54;2026-01-03 06:00:00;642.3500;1594.1100;1410.8200;553.5000;2388.2000;9046.2800;47.5200;520.6100;2388.1900;8118.6300;8.4570;395.0000;0.7760;0;WO591935;1618.78
2026/07/02;ENG-045;91;2026-01-04 19:00:00;642.9300;1587.7300;1397.9800;553.0500;2388.1400;9069.7400;47.6300;520.6100;2388.0800;8140.5100;8.4362;393.0000;;0;WO457985;2,005.88
02-Jul-2026;ENG-094;72;2026-01-04 00:00:00;642.5700;1583.7100;1405.0100;553.4900;2388.1000;9058.0100;47.7500;521.6200;2388.0800;8139.3800;8.4582;394.0000;0.9280;0;WO749506;152.89
2026/07/02;eng-021;79;2026-01-04 07:00:00;642.1200;1581.4900;1390.5500;554.9100;2388.0400;9058.8000;47.2800;521.9100;2388.0500;8139.1300;8.4090;393.0000;1.0000;0;WO320941;503.86
2026-07-02;ENG-035;94;2026-01-04 22:00:00;642.5300;1592.3000;1404.6900;553.2800;2388.1200;9052.2700;47.4800;521.9400;2388.1500;8135.1600;8.4590;391.0000;0.9200;0;WO299132;177.33
02-Jul-2026;eng-041;66;2026-01-03 18:00:00;641.9600;1581.5800;1398.0900;553.3200;2388.0700;9037.7300;47.2200;522.5100;2388.0900;8129.6700;8.4197;393.0000;0.6000;0;WO139868;1850.09
2026/07/02;ENG-048;40;2026-01-02 16:00:00;642.4300;1594.5500;1401.1800;553.2100;2388.1000;9048.4500;47.4300;522.1600;2388.0700;8133.9000;8.4140;394.0000;1.0000;0;WO509408;1768.75
02-Jul-2026;ENG-024;78;2026-01-04 06:00:00;642.1300;1586.5400;1397.1100;555.0600;2387.9800;9070.1400;47.2800;522.1200;2388.0100;8148.7400;8.4092;392.0000;1.0000;0;WO850186;403.95
2026/07/02;ENG-052;105;2026-01-05 09:00:00;642.3200;1578.8600;1401.8000;553.8900;2388.0500;9059.7400;47.1900;521.8000;2388.0500;8143.0600;8.3332;391.0000;0.9040;0;WO568147;1,035.44
2026-07-02;ENG-010;118;2026-01-05 22:00:00;642.1700;1587.1100;1404.9700;553.1600;2388.0800;9061.9400;47.3100;521.8700;2388.0800;8139.3900;8.3874;392.0000;1.0000;0;WO726510;1616.93
2026/07/02;  ENG-063 ;60;2026-01-03 12:00:00;642.8200;1587.8600;1407.5200;553.2000;2388.0500;9053.2100;47.5000;521.5000;2388.0700;8130.9800;8.4427;393.0000;1.0000;0;WO167480;
2026-07-02;eng-057;94;2026-01-04 22:00:00;642.1600;1593.9900;1403.6400;553.4600;2388.1400;9051.1100;47.4100;521.6700;2388.1400;8128.2600;8.4201;393.0000;1.0000;0;WO206033;
2026-07-02;ENG-032;84;2026-01-04 12:00:00;642.0900;1584.7400;1402.4000;554.6700;2387.9800;9074.6800;47.1800;522.5100;2387.9400;8149.6900;8.4364;392.0000;0.8720;0;WO265246;1953.09
02-Jul-2026;ENG-090;73;2026-01-04 01:00:00;642.6300;1584.3100;1406.4700;553.5700;2388.0900;9052.9800;47.4100;521.5200;2388.1200;8139.2400;8.4275;394.0000;0.8080;0;WO514756;71.62
2026/07/02;eng-100;113;2026-01-05 17:00:00;642.4400;1585.8500;1409.4900;554.6800;2388.0000;9058.8800;47.3000;521.5000;2388.0300;8149.3200;8.4111;393.0000;0.8400;0;WO147605;2,276.65
2026-07-02;ENG-040;63;2026-01-03 15:00:00;643.0000;1594.0900;1406.4000;553.4500;2388.1200;9061.9400;47.5400;520.7900;2388.1100;8136.2800;8.4538;392.0000;0.7840;0;WO502233;1,599.59
02-Jul-2026;ENG-030;74;2026-01-04 02:00:00;642.6100;1593.3100;1408.2300;553.5200;2388.1300;9056.4200;47.6700;521.7000;2388.0700;8128.9500;8.4217;392.0000;1.0000;0;WO251512;2,271.04
2026/07/02;ENG-073;42;2026-01-02 18:00:00;642.2200;1581.6400;1397.8700;554.7800;2388.0000;9050.8500;47.2000;522.4300;2388.0500;8130.4000;8.3728;392.0000;1.0000;0;WO514409;
2026/07/02;ENG-010;77;2026-01-04 05:00:00;641.6300;1585.4800;1395.1000;554.4600;2388.0400;9063.2900;47.2400;522.5100;2388.0600;8144.8400;8.3783;393.0000;1.0000;0;WO386703;1328.54
02-Jul-2026;ENG-036;55;2026-01-03 07:00:00;643.0500;1590.2700;1418.8000;552.8000;2388.1300;9057.7700;47.6100;520.5700;2388.1200;8139.2700;8.4587;392.0000;0.7200;0;WO185662;93.88
2026/07/02;ENG-042;76;2026-01-04 04:00:00;642.2700;1584.9700;1401.9100;553.5300;2388.0600;9055.9300;47.3900;521.6400;2388.0900;8133.7600;8.3758;391.0000;0.7200;0;WO929574;2,212.31
2026-07-02;ENG-020;101;2026-01-05 05:00:00;642.5200;1588.1000;1404.2100;554.1800;2388.0700;9063.1500;47.2400;521.8100;2388.0700;8139.0000;8.4306;392.0000;0.7920;0;WO189693;60.62
2026/07/02;ENG-054;62;2026-01-03 14:00:00;642.5900;1580.2200;1394.6900;555.0000;2388.0200;9049.2900;47.0500;522.4700;2387.9900;8141.0200;8.3857;390.0000;1.0000;0;WO985521;271.15
02-Jul-2026;ENG-059;53;2026-01-03 05:00:00;641.7100;1587.8300;1396.4700;554.1100;2388.0100;9052.7300;47.0800;522.2600;2388.0000;8137.7600;8.4104;391.0000;1.0000;0;WO573801;2725.97
2026-07-02;eng-073;45;2026-01-02 21:00:00;642.3400;1584.7200;1402.9800;554.6000;2388.0200;9051.9200;47.1400;522.3400;2388.0500;8137.1600;8.4040;393.0000;1.0000;0;WO340698;2025.01
2026-07-02;ENG-012;95;2026-01-04 23:00:00;642.1800;1578.5200;1398.5900;553.9300;2388.0700;9059.2700;47.5300;522.2800;2388.0200;8142.3400;8.4187;391.0000;1.0000;0;WO855108;2,458.28
02-Jul-2026;ENG-049;175;2026-01-08 07:00:00;642.7000;1588.1300;1401.0200;553.3800;2388.0800;9055.7500;47.3400;522.3200;2388.0400;8138.8900;8.4013;393.0000;1.0000;0;WO151812;504.26
2026-07-02;ENG-080;82;2026-01-04 10:00:00;642.4300;1587.3900;1392.2800;553.8700;2388.0200;9065.4400;47.5000;521.9700;2388.0300;8144.5800;8.4357;393.0000;1.0000;0;WO731714;1624.82
2026-07-02;ENG-034;86;2026-01-04 14:00:00;642.3400;1585.9800;1400.8200;554.6400;2388.0200;9059.1500;47.3700;523.0600;2388.0500;8143.9200;8.3932;391.0000;0.9920;0;WO258442;1,821.25
02-Jul-2026;  ENG-092 ;91;2026-01-04 19:00:00;642.6100;1586.4100;1410.8300;553.5600;2388.1600;9042.1300;47.6700;521.2100;2388.1600;8119.3500;8.4143;395.0000;0.6320;0;WO472247;606.79
02-Jul-2026;ENG-080;56;2026-01-03 08:00:00;642.1500;1592.3500;1403.0500;553.4400;2388.0500;9061.7700;47.4600;520.8600;2388.0900;8142.6000;8.4371;392.0000;1.0000;0;WO807424;
02-Jul-2026;ENG-007;59;2026-01-03 11:00:00;642.4000;1582.8800;1398.0700;554.4700;2388.0000;9055.2200;47.1600;522.1300;2388.0000;8140.7400;8.3908;393.0000;1.0000;0;WO188737;1,786.58
2026/07/02;ENG-060;51;2026-01-03 03:00:00;642.4900;1586.1700;1408.4800;553.3900;2388.1000;9053.6200;47.4600;521.6300;2388.0800;8133.5400;8.4104;393.0000;1.0000;0;WO395391;2469.32
2026/07/02;ENG-032;54;2026-01-03 06:00:00;641.8900;1586.6600;1396.7200;555.2100;2388.0400;9069.3800;47.1600;522.4500;2387.9500;8149.4900;8.4052;392.0000;1.0000;0;WO580841;220.84
02-Jul-2026;eng-020;99;2026-01-05 03:00:00;642.7500;1592.4200;1406.3900;554.1800;2388.0700;9062.4200;47.7000;521.8500;2388.0700;8145.6900;8.4227;392.0000;0.8080;0;WO707928;2210.42
2026/07/02;ENG-050;45;2026-01-02 21:00:00;642.2800;1588.6000;1399.9000;554.0700;2388.0700;9060.4300;47.3300;521.8100;2388.0500;8142.8400;8.3939;395.0000;0.8640;0;WO131364;284.03
2026/07/02;ENG-055;66;2026-01-03 18:00:00;642.3600;1586.1600;1398.1500;554.6500;2388.0200;9052.7200;47.5300;521.6300;2388.0700;8134.3100;8.4385;393.0000;1.0000;0;WO981355;2401.12
2026-07-02;ENG-029;104;2026-01-05 08:00:00;642.9300;1579.8700;1400.3100;554.2900;2388.0100;9052.5300;47.2900;522.2300;2388.0400;8135.4800;8.4219;392.0000;1.0000;0;WO393750;1,041.74
2026-07-02;ENG-003;83;2026-01-04 11:00:00;642.7300;1592.6600;1411.4000;553.3000;2388.1400;9050.6600;47.7100;521.3700;2388.1700;8132.5700;8.4333;393.0000;0.8960;0;WO877772;1193.66
2026/07/02;ENG-003;71;2026-01-03 23:00:00;642.2000;1592.0300;1411.5600;553.3900;2388.1100;9056.7500;47.4300;521.4800;2388.0900;8128.5200;8.4327;393.0000;0.9920;0;WO318607;125.98
2026/07/02;  ENG-012 ;74;2026-01-04 02:00:00;641.5300;1589.9200;1396.6200;554.1900;2388.0000;9059.4700;47.1500;522.2000;2388.0000;8143.6900;8.4243;390.0000;1.0000;0;WO373458;2790.75
2026-07-02;ENG-040;58;2026-01-03 10:00:00;642.9400;1595.1800;1411.4800;553.5300;2388.0900;9061.6100;47.7500;521.1800;2388.1100;8132.8200;8.4492;393.0000;0.8240;0;WO420999;1,479.99
2026-07-02;ENG-031;99;2026-01-05 03:00:00;642.3400;1588.3200;1405.9700;554.0900;2388.0400;9064.7700;47.3800;521.9300;2388.0500;8150.4600;8.4167;394.0000;0.8400;0;WO882271;2,977.68
2026/07/02;ENG-013;96;2026-01-05 00:00:00;642.4800;1584.8200;1396.7800;554.0500;2388.0400;9060.0000;47.1000;522.3500;2387.9900;8145.6600;8.3884;393.0000;1.0000;0;WO171287;1,568.29
2026/07/02;ENG-015;31;2026-01-02 07:00:00;642.0900;1591.9900;1408.9900;554.4600;2388.0600;9049.7800;47.3100;522.1400;2388.0900;8133.5700;8.3934;391.0000;;0;WO435396;606.97
2026/07/02;eng-100;117;2026-01-05 21:00:00;642.3900;1582.5200;1406.5200;554.4300;2388.0200;9066.5800;47.2000;522.2300;2388.0400;8145.1700;8.4039;391.0000;0.8080;0;WO244105;2,601.20
2026-07-02;ENG-065;27;2026-01-02 03:00:00;642.5800;1586.6300;1401.6100;554.3300;2388.0300;9066.2100;47.1300;522.3200;2388.0500;8143.4800;8.4200;392.0000;1.0000;0;WO853401;208.53
2026/07/02;ENG-030;50;2026-01-03 02:00:00;642.1500;1589.9200;1401.7800;552.8900;2388.0800;9057.2800;47.6000;521.9200;2388.0900;8128.1800;8.4472;393.0000;1.0000;0;WO105955;2,283.40
2026-07-02;ENG-068;93;2026-01-04 21:00:00;642.1600;1593.5500;1405.1800;554.7700;2388.0600;9055.2600;47.3200;521.8300;2388.0800;8140.5900;8.3954;391.0000;0.8160;0;WO503625;1,668.57
2026/07/02;ENG-029;103;2026-01-05 07:00:00;642.0400;1582.7300;1405.0400;553.7000;2388.1000;9057.7000;47.1900;521.9300;2388.0100;8136.4100;8.4096;392.0000;1.0000;0;WO976438;1,460.22
2026/07/02;  ENG-064 ;67;2026-01-03 19:00:00;642.1800;1584.1700;1406.8800;554.1300;2388.0500;9061.8600;47.6000;521.2300;2388.0900;8135.5900;8.4331;393.0000;1.0000;0;WO792151;72.80
2026/07/02;ENG-082;96;2026-01-05 00:00:00;642.7200;1589.1200;1404.8900;553.8900;2388.1000;9059.3800;47.2800;521.4800;2388.0700;8135.7400;8.4338;393.0000;0.6000;0;WO958908;1,081.14
02-Jul-2026;  ENG-015 ;42;2026-01-02 18:00:00;642.4100;1584.1800;1398.6000;554.0700;2388.0500;9054.5000;47.2600;522.0200;2388.0800;8139.4300;8.4103;394.0000;0.9360;0;WO166281;804.08
2026/07/02;ENG-066;71;2026-01-03 23:00:00;643.0800;1594.7600;1408.6800;553.4700;2388.1000;9061.3100;47.5700;521.6000;2388.0600;8145.2500;8.4590;394.0000;0.7200;0;WO647360;1,611.50
2026/07/02;eng-021;59;2026-01-03 11:00:00;642.1400;1582.1400;1397.6900;553.6500;2388.0000;9045.0600;47.4200;522.0700;2388.0400;8136.8700;8.4127;392.0000;1.0000;0;WO288641;2030.85
2026-07-02;  ENG-035 ;93;2026-01-04 21:00:00;643.1300;1589.2800;1413.5000;552.6700;2388.0800;9060.4000;47.5700;521.3800;2388.0700;8136.5100;8.4726;393.0000;0.9280;0;WO609116;220.76
2026/07/02;ENG-031;119;2026-01-05 23:00:00;642.8000;1587.9400;1406.3100;553.6400;2388.0400;9070.9700;47.4800;521.7200;2388.0500;8153.4900;8.4281;393.0000;0.6800;0;WO766728;300.52
2026/07/02;ENG-027;78;2026-01-04 06:00:00;642.4700;1587.0100;1398.4100;554.5600;2388.0600;9053.0000;47.0800;522.5700;2388.0600;8132.3500;8.4397;392.0000;1.0000;0;WO677271;145.63
2026/07/02;eng-066;70;2026-01-03 22:00:00;642.2300;1594.5900;1408.4200;554.2200;2388.0700;9061.9500;47.6100;521.5500;2388.0900;8145.0600;8.4759;392.0000;0.7280;0;WO305435;2465.86
02-Jul-2026;eng-042;79;2026-01-04 07:00:00;643.2700;1589.9800;1406.6600;553.9000;2388.0700;9047.0700;47.3600;522.1900;2388.0800;8129.2200;8.4152;393.0000;0.6960;0;WO119748;
2026/07/02;eng-012;138;2026-01-06 18:00:00;642.1600;1594.2300;1403.7800;553.9700;2388.0400;9062.3400;47.1600;522.6600;2388.1000;8145.6500;8.4053;392.0000;1.0000;0;WO576259;2,749.57
02-Jul-2026;ENG-018;48;2026-01-03 00:00:00;642.0300;1583.9900;1392.6100;553.8800;2387.9900;9063.6600;47.3500;522.8300;2388.0100;8148.4600;8.4315;394.0000;0.9040;0;WO860457;1768.01
2026/07/02;ENG-016;53;2026-01-03 05:00:00;642.5400;1587.6400;1405.3400;553.8400;2388.0600;9053.1300;47.0000;522.2100;2388.0000;8134.1300;8.4225;393.0000;1.0000;0;WO383293;394.24
2026-07-02;ENG-074;75;2026-01-04 03:00:00;642.7200;1585.2000;1408.5300;553.3800;2388.0300;9064.6700;47.3700;521.8500;2388.0400;8132.3700;8.4413;393.0000;1.0000;0;WO610841;2,167.96
2026-07-02;ENG-031;80;2026-01-04 08:00:00;642.3800;1590.9000;1400.0500;554.0700;2388.0300;9073.6900;47.3200;521.7000;2388.0500;8153.5800;8.4166;390.0000;0.9920;0;WO939622;1,840.29
02-Jul-2026;ENG-038;82;2026-01-04 10:00:00;642.6700;1588.3700;1411.4400;553.8700;2388.1500;9063.9200;47.6700;521.2500;2388.0900;8137.7400;8.4743;393.0000;0.7440;0;WO752806;2684.10
02-Jul-2026;ENG-022;26;2026-01-02 02:00:00;642.6600;1583.5900;1407.0700;553.6300;2388.1400;9042.1200;47.5000;521.4600;2388.1100;8131.2900;8.4132;392.0000;;0;WO906072;1484.49
02-Jul-2026;eng-003;66;2026-01-03 18:00:00;642.3600;1593.8600;1403.6700;552.9800;2388.0600;9052.3100;47.4300;521.4800;2388.1600;8127.6400;8.4539;393.0000;1.0000;0;WO919187;
2026-07-02;ENG-090;93;2026-01-04 21:00:00;642.6500;1594.5900;1414.3500;553.5800;2388.0700;9062.8100;47.2500;521.6800;2388.1400;8140.5600;8.4219;393.0000;0.6480;0;WO446782;2,092.53
2026/07/02;  ENG-068 ;113;2026-01-05 17:00:00;642.7100;1582.3100;1410.7200;553.7100;2388.0700;9059.4800;47.4000;521.6000;2388.0800;8139.9400;8.4342;392.0000;;0;WO216681;1,471.67
2026-07-02;ENG-075;37;2026-01-02 13:00:00;642.4800;1584.9900;1395.1500;554.3400;2388.0100;9062.7000;47.3800;522.1300;2388.0600;8141.9500;8.4153;391.0000;1.0000;0;WO562756;2825.25
2026/07/02;ENG-073;46;2026-01-02 22:00:00;642.5800;1585.1100;1394.1600;554.3000;2388.0300;9053.1700;47.3400;521.8200;2388.0200;8136.7700;8.4237;391.0000;1.0000;0;WO779898;2,239.02
02-Jul-2026;ENG-056;85;2026-01-04 13:00:00;642.9100;1596.4000;1414.7400;552.7700;2388.2200;9044.9000;47.7900;520.7000;2388.1800;8121.0700;8.4718;392.0000;0.5280;0;WO387551;842.14
02-Jul-2026;eng-038;84;2026-01-04 12:00:00;642.3000;1591.7300;1408.6100;552.8000;2388.1400;9059.1100;47.6200;521.2700;2388.1100;8138.6700;8.4584;396.0000;0.7280;0;WO274939;491.48
2026/07/02;ENG-096;49;2026-01-03 01:00:00;642.1600;1584.3000;1398.6200;554.1000;2387.9700;9068.6400;47.2100;522.0500;2388.0200;8148.6800;8.4139;392.0000;1.0000;0;WO138990;1,676.71
2026-07-02;  ENG-050 ;31;2026-01-02 07:00:00;642.1200;1584.5700;1403.9200;554.3100;2388.0100;9056.7700;47.3500;522.3400;2388.1100;8132.6900;8.4439;393.0000;0.9760;0;WO958533;2065.36
2026-07-02;ENG-066;74;2026-01-04 02:00:00;643.1700;1595.9900;1402.2000;552.8100;2388.1300;9063.9600;47.4100;521.4100;2388.0900;8149.0300;8.4288;392.0000;0.6960;0;WO347072;2,926.01
2026/07/02;  ENG-031 ;84;2026-01-04 12:00:00;641.9700;1588.3500;1401.7600;554.1700;2388.0700;9059.3100;47.3000;522.2500;2388.0100;8149.7400;8.4052;392.0000;0.9600;0;WO296842;2,306.58
02-Jul-2026;  ENG-023 ;74;2026-01-04 02:00:00;642.5300;1586.2500;1400.4600;554.0600;2388.0100;9051.5600;47.1100;521.6900;2388.0300;8133.8300;8.3733;391.0000;1.0000;0;WO797926;1,518.29
2026-07-02;ENG-097;87;2026-01-04 15:00:00;642.3900;1581.7900;1403.0500;554.0200;2388.0400;9075.2400;47.2100;521.9700;2388.0100;8151.5800;8.4058;393.0000;;0;WO503561;1072.06
2026/07/02;  ENG-068 ;64;2026-01-03 16:00:00;642.7100;1588.6700;1405.0800;553.3800;2388.0200;9058.7800;47.4500;521.8300;2388.0800;8138.6900;8.3771;393.0000;1.0000;0;WO917943;2191.00
02-Jul-2026;ENG-056;48;2026-01-03 00:00:00;643.1300;1588.4400;1411.9800;553.4600;2388.1300;9050.1400;47.4800;521.2800;2388.1800;8128.3000;8.4529;393.0000;0.8240;0;WO767706;2185.45
2026-07-02;ENG-027;77;2026-01-04 05:00:00;642.4200;1586.0700;1403.2200;553.8500;2388.0400;9047.7000;47.3800;521.7900;2388.0500;8130.0100;8.4137;393.0000;1.0000;0;WO439410;993.08
2026/07/02;  ENG-093 ;129;2026-01-06 09:00:00;642.9100;1595.5100;1414.0900;553.4400;2388.1000;9058.9400;47.8100;520.9400;2388.1100;8139.3200;8.4429;394.0000;1.0000;0;WO746585;1397.05
2026/07/02;ENG-043;107;2026-01-05 11:00:00;642.2400;1592.7400;1407.3800;553.4500;2388.0800;9046.8700;47.4900;521.0800;2388.1100;8128.9700;8.4213;391.0000;0.9920;0;WO754919;869.60
2026-07-02;ENG-040;49;2026-01-03 01:00:00;642.8800;1586.5800;1411.1900;553.3600;2388.1700;9051.4400;47.6700;521.8400;2388.1900;8133.0400;8.4620;394.0000;0.8960;0;WO936862;492.60
2026-07-02;ENG-037;58;2026-01-03 10:00:00;642.4900;1579.8300;1398.6200;554.1700;2388.0800;9047.7900;47.2900;521.3700;2388.0300;8133.4800;8.4218;392.0000;0.6720;0;WO843353;2,868.10
2026/07/02;ENG-049;149;2026-01-07 05:00:00;642.6300;1589.0300;1393.7100;554.0700;2388.0100;9063.7100;47.2800;521.7900;2388.0300;8150.2700;8.4081;393.0000;1.0000;0;WO134914;2,243.65
2026-07-02;ENG-092;99;2026-01-05 03:00:00;643.4500;1590.3800;1407.9500;552.2000;2388.1400;9042.1100;47.6700;520.5600;2388.1800;8127.6100;8.4498;393.0000;0.5680;0;WO471755;
2026/07/02;eng-062;138;2026-01-06 18:00:00;642.4300;1587.7100;1399.5900;554.5700;2388.0200;9053.7800;47.3100;522.3000;2388.0600;8142.7100;8.4000;392.0000;1.0000;0;WO681581;
2026-07-02;ENG-037;65;2026-01-03 17:00:00;642.2600;1575.7900;1406.1200;553.8800;2388.0300;9047.6600;47.4500;521.4800;2388.0400;8133.4400;8.4024;392.0000;0.6160;0;WO568457;269.66
2026-07-02;ENG-029;89;2026-01-04 17:00:00;641.7900;1584.2900;1404.3200;554.0200;2388.0700;9060.1900;47.2000;522.1400;2388.0300;8136.6900;8.4245;392.0000;1.0000;0;WO471005;2870.25
2026/07/02;ENG-042;60;2026-01-03 12:00:00;642.2300;1579.8900;1398.8500;554.5100;2388.0900;9051.8400;47.4200;522.0600;2388.0500;8135.0300;8.4290;392.0000;0.8480;0;WO407481;2,290.57
2026-07-02;ENG-035;105;2026-01-05 09:00:00;642.9100;1587.9600;1407.4700;552.6500;2388.1500;9056.0500;47.6700;521.4700;2388.1500;8136.2500;8.4360;393.0000;0.8320;0;WO860666;2729.57
02-Jul-2026;  ENG-046 ;51;2026-01-03 03:00:00;642.9200;1588.8200;1408.3400;554.3300;2388.0200;9063.5600;47.2400;521.8400;2388.0300;8154.8100;8.4674;394.0000;1.0000;0;WO495889;839.99
2026-07-02;ENG-040;81;2026-01-04 09:00:00;642.6900;1590.9800;1415.2900;552.9600;2388.1900;9057.6600;47.6100;520.6000;2388.1400;8134.5000;8.4198;394.0000;0.6400;0;WO167565;2,608.95
02-Jul-2026;eng-084;114;2026-01-05 18:00:00;642.8100;1594.9200;1411.3600;553.9700;2388.1100;9051.5400;47.5200;521.6300;2388.0900;8134.3700;8.4364;394.0000;0.9280;0;WO504854;2597.77
02-Jul-2026;  ENG-032 ;55;2026-01-03 07:00:00;641.7400;1579.5900;1396.3100;554.2500;2387.9300;9071.5000;47.1200;522.2400;2387.9900;8152.6600;8.3580;391.0000;1.0000;0;WO406733;1,801.46
02-Jul-2026;ENG-046;80;2026-01-04 08:00:00;642.6000;1601.9000;1409.6500;554.0000;2388.0500;9064.2200;47.5700;521.3900;2388.1000;8147.5300;8.4421;393.0000;0.9040;0;WO300729;910.87
2026/07/02;ENG-090;79;2026-01-04 07:00:00;642.1100;1588.3600;1404.3700;553.4100;2388.0800;9066.3000;47.5100;520.9900;2388.0900;8138.8300;8.4237;393.0000;;0;WO156971;975.92
2026/07/02;ENG-029;59;2026-01-03 11:00:00;642.7500;1586.7300;1393.6500;554.1500;2388.1000;9054.0200;47.1900;521.6900;2388.0400;8136.3900;8.3975;392.0000;1.0000;0;WO469417;507.02
02-Jul-2026;ENG-059;59;2026-01-03 11:00:00;642.4400;1588.0200;1397.7400;554.2400;2388.0500;9061.2100;47.1400;522.5100;2388.0000;8135.5200;8.4016;393.0000;;0;WO273740;1164.82
2026-07-02;  ENG-047 ;46;2026-01-02 22:00:00;643.1500;1591.5000;1415.8900;552.7500;2388.1300;9040.8200;47.5500;521.0800;2388.1600;8122.8800;8.4497;393.0000;1.0000;0;WO778611;1047.39
02-Jul-2026;  ENG-067 ;41;2026-01-02 17:00:00;642.3000;1595.7500;1399.0300;553.7500;2388.0100;9054.0700;47.5200;522.5600;2388.0200;8146.1800;8.4269;392.0000;0.8560;0;WO154722;609.86
2026/07/02;eng-058;116;2026-01-05 20:00:00;642.8600;1589.3700;1404.6000;553.1800;2388.1500;9049.9600;47.4400;521.4400;2388.0800;8133.3900;8.4233;392.0000;0.7760;0;WO753269;715.16
2026-07-02;eng-056;61;2026-01-03 13:00:00;642.4300;1593.1700;1410.8800;553.4000;2388.2000;9044.0000;47.6100;521.5100;2388.1200;8122.6800;8.4559;393.0000;0.7200;0;WO492674;1,296.30
02-Jul-2026;ENG-061;70;2026-01-03 22:00:00;642.5400;1582.2600;1402.5200;554.9000;2388.0300;9066.3100;47.3500;521.7300;2387.9400;8148.9500;8.4054;393.0000;0.8800;0;WO363569;531.53
2026-07-02;ENG-035;108;2026-01-05 12:00:00;642.5400;1583.7300;1410.3300;553.7700;2388.0900;9059.8800;47.5100;521.6600;2388.0200;8136.9200;8.4320;393.0000;0.8080;0;WO291677;257.22
2026-07-02;ENG-094;54;2026-01-03 06:00:00;642.6300;1587.2100;1403.8400;554.5000;2388.1300;9058.6600;47.5500;521.7300;2388.1100;8135.0700;8.4280;394.0000;1.0000;0;WO341053;2711.11
2026/07/02;ENG-091;94;2026-01-04 22:00:00;642.6400;1583.8700;1412.2500;553.5100;2388.1200;9054.6300;47.7100;521.0500;2388.1600;8127.3700;8.4214;394.0000;1.0000;0;WO799945;1746.02
02-Jul-2026;  ENG-025 ;28;2026-01-02 04:00:00;642.3100;1585.8600;1393.7600;553.6300;2388.1100;9044.7300;47.4400;521.9900;2388.0300;8135.3700;8.3901;392.0000;1.0000;0;WO758245;1554.51
02-Jul-2026;ENG-021;91;2026-01-04 19:00:00;642.0700;1589.6700;1398.9700;554.1200;2388.0300;9056.5400;47.3100;522.6300;2388.0200;8138.6900;8.4085;392.0000;;0;WO897810;1867.08
02-Jul-2026;ENG-038;54;2026-01-03 06:00:00;642.9400;1584.4300;1416.2900;552.8600;2388.1600;9056.2900;47.8400;520.7400;2388.1400;8130.7600;8.4681;394.0000;0.9680;0;WO192116;
2026/07/02;  ENG-007 ;66;2026-01-03 18:00:00;641.8700;1582.2800;1396.6500;554.2600;2388.0700;9054.9100;47.3600;521.6200;2388.0100;8144.4100;8.3947;392.0000;1.0000;0;WO545032;833.77
02-Jul-2026;ENG-069;29;2026-01-02 05:00:00;642.9500;1588.8900;1403.2200;553.4000;2388.1000;9053.0200;47.4500;521.7900;2388.0700;8125.2400;8.4144;393.0000;1.0000;0;WO663895;991.62
2026-07-02;ENG-016;44;2026-01-02 20:00:00;642.1900;1587.5300;1401.9300;555.0700;2388.0600;9055.4000;47.0100;522.3300;2388.0100;8134.9000;8.4090;392.0000;1.0000;0;WO380780;1689.10
02-Jul-2026;ENG-011;36;2026-01-02 12:00:00;642.8400;1592.5600;1414.3700;553.8300;2388.1900;9036.3900;47.6900;521.2300;2388.0800;8114.4900;8.3958;391.0000;1.0000;0;WO459940;1,515.32
2026-07-02;ENG-080;73;2026-01-04 01:00:00;642.4500;1588.4500;1405.0500;553.7200;2388.0400;9067.0000;47.4400;522.7600;2388.0300;8143.6600;8.4777;392.0000;1.0000;0;WO945032;807.53
02-Jul-2026;ENG-007;56;2026-01-03 08:00:00;641.7800;1587.9900;1398.3200;554.4700;2388.0700;9059.6300;47.2600;521.7900;2388.0300;8146.6300;8.4000;392.0000;;0;WO682743;
02-Jul-2026;ENG-049;168;2026-01-08 00:00:00;642.3300;1591.8800;1400.6200;553.6900;2388.0100;9060.2200;47.1900;521.6900;2388.0700;8147.3200;8.4005;392.0000;;0;WO532405;1205.45
2026/07/02;ENG-077;84;2026-01-04 12:00:00;642.7400;1588.7200;1399.5800;553.5500;2388.1200;9053.1100;47.4300;521.7800;2388.0300;8135.3200;8.3904;393.0000;0.8960;0;WO671827;628.39
2026/07/02;ENG-010;93;2026-01-04 21:00:00;641.9800;1586.6800;1403.1600;554.1600;2388.0000;9061.8600;47.3500;522.5500;2387.9800;8143.2000;8.4181;392.0000;;0;WO112142;781.15
2026/07/02;ENG-096;65;2026-01-03 17:00:00;642.2100;1585.5600;1401.7300;554.3700;2387.9700;9069.3300;47.2400;522.1600;2387.9700;8152.1300;8.4243;393.0000;1.0000;0;WO636221;508.04
2026-07-02;ENG-094;70;2026-01-03 22:00:00;642.9200;1592.4300;1410.1300;552.9300;2388.0600;9060.8900;47.4300;521.5700;2388.1000;8141.9000;8.4434;392.0000;;0;WO259024;2,305.97
2026-07-02;  ENG-023 ;67;2026-01-03 19:00:00;642.1100;1579.8300;1395.6600;555.0000;2388.0000;9045.7600;47.3300;522.1700;2388.0500;8131.5300;8.3817;391.0000;1.0000;0;WO552942;1334.51
2026/07/02;ENG-039;20;2026-01-01 20:00:00;641.5900;1583.6500;1399.1600;554.7500;2388.0500;9059.5100;47.2800;522.7000;2388.0200;8142.6100;8.4062;391.0000;1.0000;0;WO885545;2310.15
02-Jul-2026;ENG-088;45;2026-01-02 21:00:00;642.2100;1585.1900;1410.2500;552.6300;2388.1300;9040.5400;47.5500;521.6600;2388.1100;8126.2200;8.4397;391.0000;1.0000;0;WO828474;2071.64
02-Jul-2026;ENG-041;48;2026-01-03 00:00:00;642.8100;1589.4600;1393.3000;554.3700;2388.0800;9051.1900;47.2700;522.1800;2388.0500;8129.9200;8.3849;392.0000;;0;WO848020;1582.57
2026-07-02;ENG-031;105;2026-01-05 09:00:00;643.0000;1585.3300;1405.3700;554.2000;2387.9900;9072.2400;47.1300;522.0500;2387.9800;8151.8400;8.4058;393.0000;0.7920;0;WO209421;1,791.33
2026-07-02;ENG-042;102;2026-01-05 06:00:00;642.3600;1587.2300;1399.7600;554.1400;2388.1000;9049.6300;47.4300;522.0900;2388.1100;8138.2500;8.4541;392.0000;0.5120;0;WO189650;2409.32
02-Jul-2026;ENG-036;46;2026-01-02 22:00:00;642.8300;1590.2300;1404.0100;553.3400;2388.1300;9057.8400;47.6900;521.4400;2388.1500;8140.5300;8.4441;394.0000;0.7920;0;WO782430;2,422.96
02-Jul-2026;ENG-065;36;2026-01-02 12:00:00;641.6100;1579.2500;1393.1600;554.5800;2388.0300;9065.1000;47.2700;522.4600;2387.9600;8153.9500;8.3814;390.0000;1.0000;0;WO314493;1,918.82
2026-07-02;ENG-097;70;2026-01-03 22:00:00;642.0200;1585.0500;1401.1900;554.3800;2388.0000;9059.7600;47.2400;522.1900;2387.9700;8149.1400;8.3983;392.0000;1.0000;0;WO812808;1131.11
2026-07-02;ENG-066;77;2026-01-04 05:00:00;642.6600;1590.4100;1403.1000;553.2700;2388.0700;9064.3600;47.7100;521.5100;2388.1000;8148.6100;8.4150;394.0000;0.6720;0;WO513779;2,992.90
2026/07/02;ENG-085;18;2026-01-01 18:00:00;642.3700;1586.0700;1413.6300;552.9800;2388.0900;9052.7600;47.4400;521.1900;2388.1300;8130.1000;8.4241;393.0000;1.0000;0;WO726035;
02-Jul-2026;ENG-079;62;2026-01-03 14:00:00;642.5600;1586.7500;1404.8800;554.2000;2388.1100;9055.8800;47.3600;522.0000;2388.0900;8128.8300;8.4386;394.0000;;0;WO548723;1071.52
2026-07-02;ENG-075;46;2026-01-02 22:00:00;642.2000;1586.9100;1397.9800;553.9800;2388.0000;9057.7400;47.3800;522.7600;2388.0100;8138.0900;8.4279;393.0000;1.0000;0;WO430224;2,766.14
2026-07-02;ENG-029;91;2026-01-04 19:00:00;642.2000;1582.0300;1407.4900;553.3100;2388.0800;9058.2400;47.3300;522.1600;2388.1300;8135.9100;8.4093;393.0000;1.0000;0;WO271923;173.82
02-Jul-2026;ENG-061;72;2026-01-04 00:00:00;642.2200;1583.5900;1405.2600;554.5900;2388.0000;9065.5600;47.2400;521.6600;2387.9600;8145.8100;8.3932;390.0000;0.8640;0;WO597870;727.27
2026-07-02;  ENG-023 ;83;2026-01-04 11:00:00;642.5000;1581.1000;1404.2800;553.8800;2388.0100;9046.3100;47.2500;522.3600;2388.1100;8147.4400;8.3940;391.0000;1.0000;0;WO616437;520.54
2026-07-02;ENG-028;79;2026-01-04 07:00:00;642.7200;1591.5500;1402.3300;553.5700;2388.1100;9051.0700;47.4200;521.4900;2388.0600;8124.6600;8.4169;392.0000;1.0000;0;WO503100;2379.42
02-Jul-2026;ENG-013;85;2026-01-04 13:00:00;642.4200;1589.3500;1394.5000;553.8600;2387.9900;9061.0800;47.2300;521.8900;2388.0200;8136.1900;8.4297;392.0000;1.0000;0;WO263903;2942.71
2026/07/02;ENG-028;69;2026-01-03 21:00:00;642.3900;1582.7500;1403.4800;553.3900;2388.0900;9048.7600;47.5500;521.1900;2388.1200;8127.3900;8.4223;393.0000;;0;WO140998;2080.91
2026/07/02;ENG-092;76;2026-01-04 04:00:00;642.7400;1598.2500;1410.2500;553.1400;2388.1500;9040.5100;47.5600;521.3100;2388.1500;8128.4200;8.4484;393.0000;0.7520;0;WO179129;1973.48
02-Jul-2026;ENG-078;35;2026-01-02 11:00:00;641.3200;1582.5700;1393.4900;554.3900;2387.9600;9064.1200;46.8600;522.2600;2387.9700;8144.8500;8.3893;392.0000;1.0000;0;WO414606;2,429.38
02-Jul-2026;ENG-035;121;2026-01-06 01:00:00;643.1800;1588.7700;1411.2000;552.6000;2388.1100;9063.1800;47.6800;520.9600;2388.1600;8135.7100;8.4282;395.0000;0.7040;0;WO460293;937.06
2026-07-02;ENG-055;63;2026-01-03 15:00:00;642.9100;1584.4800;1398.3200;554.9900;2388.0300;9050.6100;47.5000;522.2700;2388.0200;8140.9700;8.4266;391.0000;1.0000;0;WO708216;250.43
2026/07/02;  ENG-066 ;88;2026-01-04 16:00:00;643.1100;1588.7600;1411.4500;553.0700;2388.1000;9063.2400;47.6200;521.1600;2388.0800;8146.2500;8.4406;393.0000;0.5840;0;WO809778;2538.30
2026-07-02;ENG-098;75;2026-01-04 03:00:00;642.2800;1594.4900;1400.8600;554.0900;2388.0500;9057.6600;47.4200;521.3900;2388.1000;8140.0100;8.3860;391.0000;0.8400;0;WO305782;832.16
2026-07-02;ENG-053;99;2026-01-05 03:00:00;642.5700;1592.3100;1411.2800;554.2100;2388.0300;9064.9500;47.2100;521.9400;2388.0900;8144.7800;8.4228;393.0000;0.7280;0;WO412545;1306.14
02-Jul-2026;ENG-081;94;2026-01-04 22:00:00;641.9900;1588.1100;1402.6200;554.0400;2388.0600;9068.4300;47.3900;521.8700;2388.0600;8150.5700;8.4005;391.0000;1.0000;0;WO595765;739.66
2026/07/02;ENG-093;155;2026-01-07 11:00:00;642.5700;1587.9400;1403.3100;553.0500;2388.0900;9063.5500;47.5900;520.8600;2388.1500;8140.4200;8.4351;394.0000;1.0000;0;WO460352;465.98
02-Jul-2026;ENG-005;46;2026-01-02 22:00:00;642.7900;1588.7900;1404.5200;553.0900;2388.0900;9053.0800;47.4400;521.7000;2388.0800;8133.2200;8.3975;393.0000;1.0000;0;WO503745;2,744.42
02-Jul-2026;ENG-093;100;2026-01-05 04:00:00;642.8300;1589.8500;1413.5700;552.6500;2388.1200;9061.4100;47.6400;521.8400;2388.1000;8136.8400;8.4605;393.0000;1.0000;0;WO793935;2,963.37
2026-07-02;ENG-007;87;2026-01-04 15:00:00;642.0600;1582.2000;1403.9000;554.6800;2388.0700;9056.3900;47.2900;521.4500;2388.0400;8147.5700;8.4034;393.0000;1.0000;0;WO582986;2429.43
2026/07/02;ENG-030;66;2026-01-03 18:00:00;642.6900;1594.4200;1408.8200;553.8800;2388.1000;9054.7800;47.4000;521.1600;2388.1400;8129.2900;8.4459;392.0000;1.0000;0;WO193674;1,191.51
2026/07/02;ENG-003;71;2026-01-03 23:00:00;642.2000;1592.0300;1411.5600;553.3900;2388.1100;9056.7500;47.4300;521.4800;2388.0900;8128.5200;8.4327;393.0000;0.9920;0;WO318607;125.98
2026/07/02;ENG-068;104;2026-01-05 08:00:00;642.2300;1587.1400;1398.3000;553.7800;2388.0700;9064.1200;47.4100;521.5700;2388.0600;8136.8600;8.4038;392.0000;0.7280;0;WO403215;1,019.97
2026/07/02;eng-042;71;2026-01-03 23:00:00;642.2300;1575.7700;1403.9200;554.0100;2388.0600;9049.6800;47.2600;522.5400;2388.1100;8132.3800;8.3859;391.0000;0.7600;0;WO349291;758.93
02-Jul-2026;ENG-012;83;2026-01-04 11:00:00;642.3200;1585.3600;1403.0700;554.2200;2387.9500;9054.0000;47.4300;522.1500;2388.0400;8136.7200;8.3988;391.0000;1.0000;0;WO559842;847.70
2026/07/02;ENG-072;76;2026-01-04 04:00:00;642.2400;1588.3600;1408.0700;554.0800;2388.0700;9059.7900;47.3700;522.0100;2388.0800;8146.2500;8.4061;391.0000;0.8400;0;WO698087;1,967.77
02-Jul-2026;ENG-077;85;2026-01-04 13:00:00;642.5700;1584.0700;1399.6800;554.5000;2388.0400;9045.4200;47.3500;521.2700;2388.0600;8133.3500;8.3717;391.0000;0.8880;0;WO611062;2794.90
02-Jul-2026;  ENG-076 ;104;2026-01-05 08:00:00;641.7500;1582.9600;1399.7100;554.3400;2388.0600;9063.8700;47.4100;521.7900;2388.0100;8137.8900;8.4126;392.0000;0.8880;0;WO964369;2,145.71
02-Jul-2026;ENG-044;26;2026-01-02 02:00:00;641.9500;1585.5000;1403.3300;553.5600;2388.1000;9050.8100;47.3400;521.8000;2388.0600;8126.6500;8.4302;392.0000;1.0000;0;WO522843;1248.84
2026-07-02;  ENG-098 ;47;2026-01-02 23:00:00;641.6400;1590.7100;1406.9200;554.1300;2388.0700;9059.1100;47.4200;522.5200;2388.1200;8140.3900;8.4279;392.0000;1.0000;0;WO937311;532.90
02-Jul-2026;ENG-032;51;2026-01-03 03:00:00;642.2000;1582.1300;1401.4600;554.0400;2387.9100;9070.3300;47.1700;522.5700;2387.9600;8146.6100;8.3899;392.0000;1.0000;0;WO174069;807.33
2026/07/02;  ENG-013 ;128;2026-01-06 08:00:00;642.2900;1583.8400;1398.0600;554.1600;2388.0000;9056.6000;47.1700;522.0300;2388.0700;8138.9800;8.4218;392.0000;1.0000;0;WO265415;2,409.41
02-Jul-2026;ENG-079;56;2026-01-03 08:00:00;642.2800;1587.4400;1407.0400;554.5500;2388.0300;9048.0800;47.4600;522.0800;2388.0400;8127.0000;8.3884;393.0000;0.8640;0;WO588213;316.32
2026-07-02;eng-013;130;2026-01-06 10:00:00;642.2800;1590.4800;1397.7600;553.8900;2388.0300;9056.2000;47.3800;522.2200;2388.0500;8141.0000;8.4528;394.0000;1.0000;0;WO481484;265.93
2026-07-02;ENG-015;33;2026-01-02 09:00:00;642.9100;1592.5200;1399.7900;555.4200;2388.0500;9052.9400;47.3300;522.2900;2388.0900;8136.7200;8.4119;391.0000;1.0000;0;WO946116;1047.13
2026-07-02;ENG-055;53;2026-01-03 05:00:00;642.5500;1586.5700;1395.2500;554.4300;2388.0200;9055.6500;47.4700;521.5800;2388.0300;8136.3100;8.4221;392.0000;1.0000;0;WO643313;2,102.70
2026/07/02;  ENG-063 ;68;2026-01-03 20:00:00;642.9100;1590.4600;1408.5500;553.5200;2388.0500;9057.0300;47.4900;521.5000;2388.0500;8132.0700;8.4193;394.0000;1.0000;0;WO939700;1,175.32
02-Jul-2026;eng-063;57;2026-01-03 09:00:00;642.7100;1592.7400;1410.2700;553.6300;2388.1200;9048.5700;47.4600;521.2700;2388.1000;8130.9500;8.4314;393.0000;1.0000;0;WO675472;1106.66
2026/07/02;ENG-030;92;2026-01-04 20:00:00;642.3000;1589.7100;1411.4000;552.9700;2388.1100;9049.7600;47.4700;521.4700;2388.0900;8129.6200;8.4513;393.0000;1.0000;0;WO926112;1095.21
2026/07/02;ENG-086;46;2026-01-02 22:00:00;642.7700;1578.3900;1405.7900;553.4500;2388.0000;9058.9200;47.2600;521.6100;2388.0800;8140.6300;8.4472;391.0000;1.0000;0;WO849382;379.37
02-Jul-2026;ENG-063;65;2026-01-03 17:00:00;642.6200;1581.7800;1403.3400;553.9900;2388.0800;9049.3100;47.4000;521.4800;2388.1400;8132.8200;8.4175;392.0000;1.0000;0;WO205337;777.13
2026-07-02;ENG-041;80;2026-01-04 08:00:00;642.7800;1576.7900;1407.8200;553.6900;2388.0400;9039.9100;47.2900;521.6800;2388.1000;8130.0800;8.4146;392.0000;0.4880;0;WO591265;2647.86
02-Jul-2026;ENG-008;65;2026-01-03 17:00:00;642.4700;1591.3300;1406.5300;554.1500;2388.0900;9037.7000;47.4700;521.8900;2388.0800;8124.3400;8.4674;392.0000;1.0000;0;WO254010;2821.51
02-Jul-2026;ENG-049;122;2026-01-06 02:00:00;642.1000;1597.8800;1403.2900;554.4700;2387.9900;9064.6400;47.3100;522.1700;2388.0400;8144.3600;8.4484;393.0000;1.0000;0;WO377892;785.51
02-Jul-2026;ENG-030;94;2026-01-04 22:00:00;643.1900;1592.5900;1405.7400;553.6900;2388.1300;9044.2200;47.5000;521.4200;2388.1800;8131.0000;8.4106;391.0000;1.0000;0;WO315471;1838.71
02-Jul-2026;eng-042;79;2026-01-04 07:00:00;643.2700;1589.9800;1406.6600;553.9000;2388.0700;9047.0700;47.3600;522.1900;2388.0800;8129.2200;8.4152;393.0000;0.6960;0;WO119748;
2026/07/02;ENG-094;79;2026-01-04 07:00:00;642.6400;1586.4400;1407.6100;553.5600;2388.0400;9053.3300;47.5100;521.4500;2388.0700;8139.7100;8.4517;393.0000;0.8720;0;WO447154;1,223.25
2026/07/02;ENG-068;116;2026-01-05 20:00:00;642.9800;1584.5000;1409.5100;554.1300;2388.1000;9064.5200;47.4900;521.7700;2388.0800;8137.3100;8.4305;394.0000;0.6320;0;WO723658;2193.10
2026/07/02;ENG-023;75;2026-01-04 03:00:00;642.6000;1579.9900;1400.4100;554.4500;2388.0400;9050.7100;47.2300;522.5000;2388.0600;8136.0100;8.3946;392.0000;1.0000;0;WO689435;1503.50
02-Jul-2026;eng-100;87;2026-01-04 15:00:00;642.2700;1587.0800;1400.3800;554.2400;2388.0300;9062.7700;47.3300;521.9800;2388.0700;8140.7500;8.3907;391.0000;1.0000;0;WO651948;1248.89
2026/07/02;ENG-081;95;2026-01-04 23:00:00;642.3100;1586.4900;1415.7200;554.1900;2388.0900;9073.1900;47.4700;521.9600;2388.0900;8147.4000;8.3997;393.0000;1.0000;0;WO870629;2629.47
2026-07-02;ENG-092;98;2026-01-05 02:00:00;643.2000;1594.3500;1412.1600;552.7800;2388.1700;9047.6100;47.5800;520.7800;2388.1200;8125.4100;8.4573;394.0000;0.5760;0;WO162233;938.39
02-Jul-2026;  ENG-046 ;58;2026-01-03 10:00:00;643.1500;1596.2300;1412.7600;553.8000;2388.0900;9066.1600;47.3400;521.7400;2388.0200;8147.2800;8.4176;393.0000;1.0000;0;WO509685;1931.27
2026/07/02;ENG-091;128;2026-01-06 08:00:00;642.1400;1590.3400;1416.0600;553.0300;2388.1200;9053.6600;47.7200;521.3000;2388.1100;8128.3800;8.4670;392.0000;1.0000;0;WO531473;2258.50
02-Jul-2026;ENG-099;58;2026-01-03 10:00:00;642.0500;1584.9600;1398.6000;554.6200;2388.0200;9053.0200;47.1400;521.8800;2388.0000;8140.0200;8.3941;391.0000;1.0000;0;WO401439;2,154.23
02-Jul-2026;ENG-054;74;2026-01-04 02:00:00;642.6700;1585.0300;1393.4800;554.7800;2387.9800;9059.0300;47.2300;522.8500;2387.9800;8138.2100;8.4199;391.0000;1.0000;0;WO453642;1,895.65
02-Jul-2026;ENG-081;88;2026-01-04 16:00:00;642.4000;1580.2500;1399.8900;553.7500;2388.0900;9071.4400;47.3100;521.9000;2388.0400;8151.1700;8.4022;392.0000;1.0000;0;WO278218;2,774.68
2026/07/02;ENG-023;82;2026-01-04 10:00:00;642.3400;1584.0300;1397.2700;554.2100;2388.0400;9055.8900;47.2000;522.0400;2388.0200;8136.4100;8.4079;391.0000;1.0000;0;WO902403;2,431.34
2026/07/02;  ENG-077 ;78;2026-01-04 06:00:00;642.4900;1593.8300;1412.1100;553.7200;2388.0800;9045.5500;47.2100;521.8500;2388.0100;8129.5900;8.4467;390.0000;;0;WO966295;754.46
02-Jul-2026;ENG-051;59;2026-01-03 11:00:00;642.0500;1585.7100;1406.1100;553.3900;2388.0800;9041.3400;47.4200;521.4000;2388.0900;8130.1800;8.4144;392.0000;1.0000;0;WO295847;1,075.90
02-Jul-2026;ENG-020;100;2026-01-05 04:00:00;642.6000;1584.8700;1399.6800;553.6500;2388.0500;9063.7600;47.3600;521.6700;2388.0800;8148.0000;8.4115;391.0000;0.8000;0;WO167553;1,858.10
02-Jul-2026;ENG-008;67;2026-01-03 19:00:00;642.5800;1588.5400;1406.3100;554.1000;2388.0900;9059.3000;47.6200;521.7200;2388.1000;8135.5100;8.3961;393.0000;1.0000;0;WO770317;2988.62
2026/07/02;ENG-049;143;2026-01-06 23:00:00;642.5700;1587.7500;1402.3600;554.9500;2388.0400;9066.1300;47.3300;521.7200;2387.9800;8143.3500;8.4070;391.0000;1.0000;0;WO319891;1584.64
02-Jul-2026;ENG-003;57;2026-01-03 09:00:00;642.3000;1588.4000;1409.3700;553.8800;2388.1800;9058.7900;47.6900;521.3200;2388.1500;8127.9200;8.4406;392.0000;1.0000;0;WO813797;1352.03
02-Jul-2026;ENG-057;84;2026-01-04 12:00:00;642.4100;1595.5100;1407.0200;553.4100;2388.0800;9054.2900;47.6000;522.5200;2388.1300;8136.3900;8.4555;393.0000;1.0000;0;WO540946;1113.97
2026/07/02;ENG-079;35;2026-01-02 11:00:00;642.3500;1585.3400;1400.5100;554.3900;2388.1100;9054.9200;47.2400;521.7200;2388.0000;8133.1900;8.4498;393.0000;1.0000;0;WO594978;2212.01
2026-07-02;ENG-094;56;2026-01-03 08:00:00;642.1400;1588.5700;1408.7100;554.2100;2388.1500;9063.5200;47.5000;521.9300;2388.0800;8143.1200;8.4174;392.0000;1.0000;0;WO784665;2335.54
2026-07-02;ENG-057;103;2026-01-05 07:00:00;642.5100;1589.8800;1403.4100;553.4000;2388.0900;9050.8600;47.4700;521.6500;2388.0300;8126.8600;8.4509;394.0000;1.0000;0;WO893276;1950.99
2026/07/02;ENG-031;124;2026-01-06 04:00:00;641.9500;1585.5200;1406.7900;552.9000;2388.0900;9063.1400;47.4000;521.2600;2388.0600;8150.7900;8.4208;393.0000;0.6400;0;WO921483;2,862.63
2026/07/02;ENG-078;31;2026-01-02 07:00:00;642.1200;1576.1700;1395.2400;554.6500;2387.9800;9055.4400;47.1800;522.8100;2387.9800;8141.8100;8.3989;393.0000;1.0000;0;WO640767;1673.45
2026/07/02;ENG-037;72;2026-01-04 00:00:00;641.9400;1585.9000;1404.3800;553.5800;2388.0400;9046.9700;47.3200;521.7100;2388.0700;8136.8500;8.4249;392.0000;0.5600;0;WO490111;1,166.55
2026-07-02;ENG-062;152;2026-01-07 08:00:00;642.1600;1578.9100;1397.3500;553.8400;2388.0600;9067.7500;47.4100;522.0400;2388.0200;8151.4200;8.4244;391.0000;1.0000;0;WO311021;1681.74
02-Jul-2026;ENG-043;88;2026-01-04 16:00:00;642.4500;1589.2400;1406.7600;554.1200;2388.1000;9046.5100;47.4500;521.7400;2388.0800;8135.2600;8.4219;394.0000;1.0000;0;WO730011;1790.12
2026/07/02;ENG-024;95;2026-01-04 23:00:00;642.1700;1580.7200;1387.9800;553.9800;2388.0700;9070.9700;47.2000;522.3800;2388.0400;8152.0900;8.4099;392.0000;0.8880;0;WO118591;1190.40
2026/07/02;eng-082;60;2026-01-03 12:00:00;642.0100;1585.0900;1407.2600;554.1300;2388.0000;9058.5800;47.2100;521.6800;2388.0400;8144.1800;8.4396;391.0000;0.8880;0;WO860039;1,230.98
02-Jul-2026;ENG-010;85;2026-01-04 13:00:00;642.0600;1583.9300;1397.7900;553.7700;2388.0300;9063.1700;47.2700;522.4500;2388.0200;8140.2900;8.4399;391.0000;1.0000;0;WO589806;
02-Jul-2026;ENG-074;53;2026-01-03 05:00:00;642.6800;1590.0200;1404.4400;553.6700;2387.9800;9062.0500;47.4200;521.8300;2388.1400;8132.4800;8.4038;393.0000;1.0000;0;WO469041;1490.91
2026/07/02;eng-054;52;2026-01-03 04:00:00;641.8500;1587.3700;1399.8800;554.4200;2388.0600;9056.5400;47.1600;522.5600;2387.9500;8138.5700;8.4288;391.0000;1.0000;0;WO707293;1219.53
2026/07/02;ENG-062;122;2026-01-06 02:00:00;642.2000;1586.1900;1404.9000;554.2300;2388.0100;9054.7800;47.1600;521.9300;2388.0100;8143.9100;8.4334;391.0000;;0;WO972661;2747.66
02-Jul-2026;ENG-021;82;2026-01-04 10:00:00;642.3700;1581.0000;1399.4700;554.4400;2388.0100;9066.3000;47.3800;522.3700;2388.0600;8144.2300;8.4111;392.0000;0.9840;0;WO823455;1,285.27
02-Jul-2026;ENG-004;70;2026-01-03 22:00:00;642.3800;1588.7400;1414.2300;553.3500;2388.0800;9061.1600;47.6300;521.2900;2388.1200;8134.7100;8.4436;394.0000;0.9440;0;WO863290;955.51
2026/07/02;ENG-029;81;2026-01-04 09:00:00;642.2700;1585.1800;1400.0100;553.8000;2388.0700;9054.5100;47.3400;521.7100;2388.0600;8139.3400;8.4586;392.0000;1.0000;0;WO188562;
2026-07-02;ENG-012;91;2026-01-04 19:00:00;642.3900;1585.0500;1410.5000;554.1600;2388.0500;9055.9900;47.1300;522.1200;2388.0200;8143.1900;8.4033;392.0000;1.0000;0;WO100880;1034.25
2026-07-02;ENG-011;42;2026-01-02 18:00:00;643.0600;1581.4400;1403.0700;553.4800;2388.1200;9034.6600;47.7100;521.1900;2388.1200;8124.5800;8.4389;392.0000;1.0000;0;WO128102;1265.33
2026-07-02;  ENG-016 ;65;2026-01-03 17:00:00;642.0500;1588.2700;1396.3800;553.6200;2388.0200;9051.0500;47.2000;522.2100;2388.1000;8137.3400;8.4112;391.0000;1.0000;0;WO998243;2,656.16
02-Jul-2026;ENG-096;59;2026-01-03 11:00:00;642.4400;1583.2200;1400.7400;553.4200;2388.0200;9065.4800;47.2900;522.2900;2388.0100;8145.7200;8.3727;392.0000;1.0000;0;WO311461;2,594.90
2026-07-02;ENG-010;71;2026-01-03 23:00:00;642.0700;1585.2300;1395.6400;554.2900;2387.9700;9062.3800;47.3700;522.5500;2388.0400;8142.2200;8.3957;393.0000;1.0000;0;WO578184;2904.67
02-Jul-2026;ENG-060;75;2026-01-04 03:00:00;642.6700;1588.6800;1402.8500;553.8700;2388.1300;9056.4300;47.3700;521.2700;2388.0800;8136.5900;8.4315;391.0000;1.0000;0;WO121856;1952.76
2026-07-02;eng-081;105;2026-01-05 09:00:00;642.5800;1587.0500;1403.4600;553.2100;2388.0800;9067.6100;47.4600;521.8000;2388.0600;8149.2800;8.3953;392.0000;0.9280;0;WO286337;2818.26
2026-07-02;  ENG-091 ;138;2026-01-06 18:00:00;642.7100;1590.3600;1408.6500;553.2400;2388.2100;9045.9200;47.5200;521.0700;2388.1700;8134.3600;8.4264;392.0000;;0;WO265999;2,195.62
2026/07/02;eng-066;57;2026-01-03 09:00:00;642.2800;1586.8900;1405.3800;553.6200;2388.0900;9061.7700;47.5700;521.2100;2388.0500;8139.7700;8.4757;392.0000;0.8320;0;WO274970;2583.98
02-Jul-2026;ENG-091;98;2026-01-05 02:00:00;642.9200;1595.0600;1403.1600;553.0500;2388.1200;9046.1300;47.6100;521.4100;2388.2000;8129.7400;8.4434;395.0000;1.0000;0;WO506171;2249.54
2026/07/02;ENG-021;61;2026-01-03 13:00:00;641.6200;1590.0400;1391.0700;554.1500;2388.0500;9052.1600;47.4000;521.7400;2388.0500;8130.3200;8.4081;390.0000;1.0000;0;WO674140;
2026/07/02;ENG-047;45;2026-01-02 21:00:00;643.2800;1590.0700;1405.8800;553.3700;2388.1800;9049.6600;47.4900;520.7900;2388.1300;8123.0500;8.3830;393.0000;1.0000;0;WO597891;2665.60
2026-07-02;  ENG-093 ;152;2026-01-07 08:00:00;642.6300;1588.1900;1417.6300;553.1600;2388.1900;9062.4100;47.6400;521.3100;2388.1300;8145.3900;8.4514;393.0000;1.0000;0;WO130131;2756.97
2026-07-02;ENG-043;87;2026-01-04 15:00:00;642.4500;1591.4500;1402.3200;553.3100;2388.1000;9053.0000;47.0900;521.5800;2388.0900;8133.3600;8.4468;392.0000;1.0000;0;WO561903;111.50
2026-07-02;ENG-063;64;2026-01-03 16:00:00;643.0000;1589.5000;1403.7700;553.1700;2388.1400;9048.2900;47.7000;521.7300;2388.0900;8122.4100;8.4539;392.0000;1.0000;0;WO307273;2620.44
2026/07/02;eng-010;80;2026-01-04 08:00:00;642.5000;1583.1200;1401.8000;554.7700;2388.0100;9073.7000;47.2300;521.9200;2387.9600;8144.5000;8.4082;393.0000;1.0000;0;WO149289;1,995.86
2026/07/02;ENG-060;66;2026-01-03 18:00:00;642.8300;1588.7700;1408.3100;553.9400;2388.0600;9057.8800;47.6100;521.7200;2388.0300;8129.8800;8.4257;393.0000;1.0000;0;WO526839;1732.31
2026/07/02;ENG-099;50;2026-01-03 02:00:00;642.0200;1584.2400;1390.6300;554.5700;2388.0100;9062.5200;46.8900;522.7300;2387.9500;8145.1500;8.4165;392.0000;1.0000;0;WO386727;768.01
2026-07-02;ENG-010;68;2026-01-03 20:00:00;642.0500;1590.6900;1401.5000;554.1300;2388.0100;9066.6200;47.2400;522.0500;2388.0400;8141.9700;8.4298;394.0000;1.0000;0;WO905021;1402.98
2026/07/02;ENG-047;39;2026-01-02 15:00:00;642.5200;1582.9300;1409.2300;553.0300;2388.1400;9039.7600;47.6000;521.1400;2388.1600;8123.6400;8.4550;392.0000;1.0000;0;WO400875;2420.25
2026-07-02;ENG-035;110;2026-01-05 14:00:00;642.7500;1587.9600;1408.8300;553.3600;2388.1100;9060.3800;47.6300;521.0200;2388.1400;8136.0600;8.4310;392.0000;0.7920;0;WO766279;706.58
2026/07/02;ENG-069;27;2026-01-02 03:00:00;642.3700;1591.3100;1405.6000;553.9500;2388.1100;9043.3600;47.4700;521.7400;2388.1000;8128.9000;8.4221;395.0000;1.0000;0;WO966565;170.13
02-Jul-2026;ENG-030;54;2026-01-03 06:00:00;642.8000;1580.4300;1406.2800;553.6600;2388.1800;9055.4300;47.5300;521.4100;2388.0600;8127.0600;8.4653;393.0000;1.0000;0;WO516129;2,240.35
2026/07/02;  ENG-089 ;117;2026-01-05 21:00:00;642.4600;1593.9300;1403.9600;553.7700;2388.1100;9044.2000;47.3200;521.7300;2388.1000;8128.8300;8.4001;393.0000;1.0000;0;WO483203;463.27
2026/07/02;ENG-029;94;2026-01-04 22:00:00;642.4700;1587.3800;1400.2100;553.7800;2388.0200;9064.8500;47.2000;522.1400;2388.0400;8138.8900;8.4086;392.0000;1.0000;0;WO797263;1,223.52
2026-07-02;eng-043;114;2026-01-05 18:00:00;642.9400;1589.8300;1401.7400;553.6600;2388.0800;9044.6800;47.5600;521.5300;2388.1100;8128.8000;8.4460;392.0000;0.9360;0;WO166840;
2026-07-02;ENG-022;19;2026-01-01 19:00:00;642.5200;1597.6000;1407.5500;553.9800;2388.0400;9044.9100;47.5100;521.3600;2388.0800;8125.8900;8.4510;393.0000;1.0000;0;WO523975;
02-Jul-2026;ENG-004;39;2026-01-02 15:00:00;642.2600;1591.7100;1402.9700;554.0100;2388.1400;9053.5900;47.6300;522.1900;2388.0700;8134.2800;8.4190;391.0000;1.0000;0;WO921930;2108.42
02-Jul-2026;eng-016;55;2026-01-03 07:00:00;642.2500;1585.0800;1400.0400;553.8700;2388.0200;9048.4300;47.2700;522.1400;2388.0300;8135.0700;8.4129;391.0000;1.0000;0;WO653835;586.74
2026-07-02;ENG-038;69;2026-01-03 21:00:00;642.4700;1599.3300;1408.2700;553.1200;2388.1000;9056.5100;47.5300;521.2700;2388.1400;8138.6400;8.4256;392.0000;0.8480;0;WO529106;1432.93
2026-07-02;ENG-028;84;2026-01-04 12:00:00;642.6000;1587.7100;1398.7000;553.6500;2388.1000;9044.5300;47.4000;521.8300;2388.1100;8131.2500;8.4394;394.0000;1.0000;0;WO778327;2361.11
2026/07/02;ENG-031;109;2026-01-05 13:00:00;642.5400;1584.5100;1402.7400;553.7800;2387.9900;9064.0900;47.5200;522.0000;2388.0300;8151.6900;8.4156;392.0000;0.7600;0;WO489093;183.00
2026-07-02;ENG-007;78;2026-01-04 06:00:00;641.9700;1587.6500;1393.9700;554.1100;2387.9800;9059.4500;47.2200;522.2000;2388.0100;8141.1200;8.3665;390.0000;1.0000;0;WO486284;730.74
02-Jul-2026;eng-088;36;2026-01-02 12:00:00;642.1100;1594.5200;1418.9000;553.0400;2388.1000;9048.4400;47.6000;521.1700;2388.1500;8123.9300;8.4384;393.0000;1.0000;0;WO713931;511.00
02-Jul-2026;eng-095;37;2026-01-02 13:00:00;642.4400;1588.9400;1401.9400;554.3600;2388.0400;9045.3100;47.2800;521.9500;2388.0400;8134.9600;8.3684;391.0000;1.0000;0;WO243794;2,031.61
2026-07-02;ENG-006;51;2026-01-03 03:00:00;642.6600;1588.2500;1406.4200;553.3900;2388.0700;9045.4600;47.2800;521.1600;2388.1900;8135.1700;8.4053;392.0000;1.0000;0;WO203312;
2026-07-02;ENG-049;128;2026-01-06 08:00:00;641.5900;1575.4400;1400.1200;554.2100;2388.0300;9057.0300;47.3700;522.1500;2388.0600;8136.8100;8.4085;391.0000;1.0000;0;WO392981;1745.86
02-Jul-2026;ENG-055;55;2026-01-03 07:00:00;642.4300;1587.0600;1408.8300;554.2800;2387.9700;9056.9100;47.2900;522.2100;2388.0400;8135.5800;8.4517;393.0000;1.0000;0;WO748153;1382.52
2026/07/02;ENG-053;110;2026-01-05 14:00:00;642.5400;1588.9900;1403.6600;553.3000;2388.0300;9062.2400;47.3700;522.2000;2388.0300;8143.3600;8.4261;393.0000;0.6400;0;WO540973;90.10
2026-07-02;ENG-081;140;2026-01-06 20:00:00;641.8600;1589.4000;1406.5800;552.7100;2388.1100;9072.6700;47.6700;521.4800;2388.0700;8150.4500;8.4485;393.0000;0.6480;0;WO797147;1876.87
2026-07-02;ENG-051;88;2026-01-04 16:00:00;642.2500;1586.6300;1403.5700;553.2900;2388.0200;9050.3600;47.4100;521.4400;2388.0600;8127.1400;8.4457;392.0000;1.0000;0;WO825448;2296.82
2026-07-02;ENG-009;20;2026-01-01 20:00:00;643.2600;1585.8500;1408.7500;553.1400;2388.1200;9048.1500;47.3800;522.1200;2388.1000;8127.6500;8.4539;391.0000;1.0000;0;WO545237;1438.22
02-Jul-2026;ENG-021;96;2026-01-05 00:00:00;642.4100;1585.0700;1402.7300;553.5000;2388.0700;9052.9100;47.2000;522.1700;2388.0100;8145.0800;8.4245;393.0000;0.8720;0;WO621050;975.63
02-Jul-2026;  ENG-063 ;96;2026-01-05 00:00:00;643.2000;1593.2800;1413.0800;553.2300;2388.1600;9049.2700;47.2800;521.1400;2388.1000;8132.1100;8.4255;392.0000;1.0000;0;WO699636;343.08
02-Jul-2026;  ENG-049 ;133;2026-01-06 13:00:00;642.2000;1589.7400;1402.8900;553.6400;2388.0600;9061.7800;47.1400;522.3100;2388.0100;8142.0900;8.4037;393.0000;1.0000;0;WO817699;2320.48
2026/07/02;ENG-076;126;2026-01-06 06:00:00;643.1800;1592.5100;1402.9400;553.7000;2388.0000;9067.5900;47.3700;521.8000;2388.0500;8148.0000;8.4108;392.0000;;0;WO458939;1438.61
2026-07-02;  ENG-015 ;49;2026-01-03 01:00:00;642.5800;1586.6700;1412.7900;554.4800;2388.0500;9055.9700;47.2400;521.9700;2388.0300;8133.6600;8.3800;392.0000;0.8800;0;WO789589;1753.77
2026/07/02;ENG-074;86;2026-01-04 14:00:00;643.0700;1589.6900;1405.1300;553.3000;2388.1500;9060.5700;47.5300;522.2100;2388.1000;8139.4600;8.4507;393.0000;1.0000;0;WO287562;1706.02
2026-07-02;ENG-087;22;2026-01-01 22:00:00;642.0000;1584.1400;1399.3400;554.5700;2388.0300;9051.7100;47.1100;522.1700;2388.1000;8139.8700;8.4150;392.0000;1.0000;0;WO365484;148.15
2026/07/02;ENG-045;93;2026-01-04 21:00:00;643.3600;1591.5700;1411.5100;553.5600;2388.0900;9057.3400;47.4300;520.9000;2388.1300;8138.6500;8.4447;393.0000;1.0000;0;WO658856;2,987.05
02-Jul-2026;ENG-072;75;2026-01-04 03:00:00;642.2400;1595.7600;1406.6600;554.2900;2388.0300;9061.4000;47.4300;521.7000;2388.0300;8145.2100;8.4292;392.0000;0.8480;0;WO395999;2,548.38
02-Jul-2026;ENG-076;75;2026-01-04 03:00:00;642.5000;1588.0500;1406.3300;554.4000;2388.0400;9055.4400;47.3900;522.1100;2388.0600;8141.2600;8.4088;391.0000;1.0000;0;WO626423;2769.90
02-Jul-2026;eng-029;75;2026-01-04 03:00:00;642.2600;1587.0300;1400.9900;554.1500;2388.0700;9056.5000;47.2100;522.1300;2388.0200;8139.7000;8.4158;393.0000;;0;WO317445;1,625.33
2026-07-02;ENG-073;56;2026-01-03 08:00:00;641.6900;1582.5700;1404.1300;555.0100;2388.0100;9054.3600;47.3400;522.4300;2388.1000;8137.4300;8.3915;391.0000;1.0000;0;WO934575;141.32
2026-07-02;eng-019;51;2026-01-03 03:00:00;641.9100;1587.3100;1396.0000;554.7100;2388.0300;9056.5200;47.0500;522.2200;2388.0400;8137.7100;8.3616;393.0000;1.0000;0;WO625677;231.68
2026-07-02;ENG-049;131;2026-01-06 11:00:00;642.2700;1589.2600;1398.6700;554.8800;2388.0300;9060.7100;47.3500;522.5900;2388.0100;8145.1400;8.3813;394.0000;1.0000;0;WO921846;2,825.46
2026/07/02;ENG-089;92;2026-01-04 20:00:00;642.2100;1590.5100;1404.0900;553.1800;2388.1100;9048.0700;47.4500;521.6500;2388.1100;8123.9300;8.4227;394.0000;1.0000;0;WO457854;
2026/07/02;ENG-066;96;2026-01-05 00:00:00;642.7300;1593.1600;1406.9200;553.4700;2388.0700;9065.4300;47.6200;521.7400;2388.1200;8149.8900;8.4427;394.0000;0.5200;0;WO497266;299.49
02-Jul-2026;ENG-013;110;2026-01-05 14:00:00;641.9600;1584.8100;1398.1700;553.6900;2388.0100;9068.1100;47.3100;521.5900;2388.0600;8142.3200;8.3966;391.0000;;0;WO559592;966.58
2026/07/02;ENG-070;97;2026-01-05 01:00:00;642.9600;1594.5300;1410.5700;553.3000;2388.1000;9048.9000;47.3300;521.2800;2388.0800;8129.7200;8.4278;394.0000;1.0000;0;WO396930;865.52
2026-07-02;ENG-039;17;2026-01-01 17:00:00;642.1700;1583.7100;1402.3800;554.4000;2388.0200;9060.3500;47.1700;521.9400;2388.0300;8142.3300;8.4244;392.0000;1.0000;0;WO908763;1593.45
2026-07-02;ENG-077;62;2026-01-03 14:00:00;642.1200;1589.4700;1398.5300;554.0300;2388.1100;9047.6500;47.3500;521.8800;2388.0200;8130.1700;8.3889;393.0000;1.0000;0;WO705242;306.51
02-Jul-2026;  ENG-055 ;70;2026-01-03 22:00:00;642.5400;1589.5200;1404.5300;554.1800;2388.1100;9056.1300;47.3600;522.4400;2388.0700;8137.1100;8.4697;393.0000;1.0000;0;WO611020;2332.91
02-Jul-2026;  ENG-091 ;103;2026-01-05 07:00:00;642.7500;1594.8700;1418.9200;553.4400;2388.1400;9054.5300;47.5900;521.1400;2388.1300;8131.2000;8.4260;393.0000;1.0000;0;WO510367;2,892.96
02-Jul-2026;ENG-073;73;2026-01-04 01:00:00;642.3700;1579.5000;1394.0800;554.1300;2388.0200;9058.5800;47.2100;522.2600;2388.0100;8137.1000;8.4241;391.0000;1.0000;0;WO129650;2751.20
2026-07-02;ENG-095;36;2026-01-02 12:00:00;642.6500;1581.8500;1399.7300;554.5900;2388.0600;9049.4700;47.2500;522.1600;2388.0400;8133.9200;8.3870;391.0000;1.0000;0;WO918322;101.26
2026/07/02;ENG-038;74;2026-01-04 02:00:00;642.5800;1593.1600;1412.3800;553.1800;2388.1300;9054.4900;47.7400;521.3500;2388.1200;8134.9300;8.4781;393.0000;0.8080;0;WO740441;2793.21
2026/07/02;ENG-066;72;2026-01-04 00:00:00;642.5800;1596.0600;1402.1700;553.7300;2388.0700;9073.3100;47.5600;521.5700;2388.0300;8145.2300;8.4223;394.0000;0.7120;0;WO854888;1638.64
2026/07/02;ENG-052;81;2026-01-04 09:00:00;642.3500;1583.9700;1395.9500;555.1500;2388.0200;9064.3400;46.9600;521.9300;2388.0300;8144.3400;8.4118;391.0000;1.0000;0;WO658095;
2026-07-02;ENG-081;128;2026-01-06 08:00:00;642.3200;1592.8700;1410.2000;553.4300;2388.0800;9073.6000;47.4600;521.6900;2388.1000;8145.7700;8.4008;393.0000;0.7440;0;WO150384;598.52
02-Jul-2026;ENG-043;84;2026-01-04 12:00:00;642.3800;1589.8000;1409.6800;554.2600;2388.1000;9051.5000;47.2000;521.8700;2388.0300;8124.9600;8.4365;391.0000;1.0000;0;WO648794;2301.19
02-Jul-2026;eng-076;100;2026-01-05 04:00:00;642.2300;1589.8700;1406.6800;554.3100;2388.0500;9067.4800;47.4400;521.8400;2388.0300;8149.3000;8.4005;393.0000;0.9200;0;WO941878;151.67
2026-07-02;ENG-034;126;2026-01-06 06:00:00;642.5400;1589.1500;1411.0600;554.3400;2388.0600;9064.3600;47.4000;521.6000;2388.0100;8139.3700;8.4252;393.0000;0.6720;0;WO401473;2276.27
2026-07-02;  ENG-063 ;53;2026-01-03 05:00:00;642.6700;1589.8300;1406.0100;552.6700;2388.0500;9046.9500;47.3600;521.3400;2388.0700;8131.6200;8.4216;393.0000;1.0000;0;WO331820;1,863.50
2026-07-02;ENG-002;25;2026-01-02 01:00:00;643.3300;1590.1700;1404.7000;553.2400;2388.0400;9052.5400;47.5200;521.6200;2388.1200;8133.0800;8.4306;392.0000;0.9760;0;WO297644;1,841.13
2026/07/02;eng-062;83;2026-01-04 11:00:00;642.1700;1583.3700;1393.1800;554.3800;2387.9700;9057.2000;47.2100;522.8200;2387.9700;8140.6000;8.3985;391.0000;1.0000;0;WO605242;1504.38
2026-07-02;ENG-086;60;2026-01-03 12:00:00;642.2000;1595.9800;1405.1800;553.3800;2388.0700;9059.7600;47.4900;521.7200;2388.0500;8139.4200;8.4583;393.0000;1.0000;0;WO204051;
02-Jul-2026;ENG-071;26;2026-01-02 02:00:00;641.8600;1583.9800;1399.6800;554.8700;2388.0600;9062.5500;47.3000;522.1200;2388.0500;8150.5100;8.4052;391.0000;1.0000;0;WO727633;1,617.58
2026-07-02;ENG-035;110;2026-01-05 14:00:00;642.7500;1587.9600;1408.8300;553.3600;2388.1100;9060.3800;47.6300;521.0200;2388.1400;8136.0600;8.4310;392.0000;0.7920;0;WO766279;706.58
02-Jul-2026;ENG-058;117;2026-01-05 21:00:00;642.5500;1589.3900;1412.1700;553.7000;2388.0900;9044.6600;47.5000;521.9400;2388.0800;8133.4700;8.4170;392.0000;0.7680;0;WO110506;1,824.44
02-Jul-2026;ENG-019;88;2026-01-04 16:00:00;642.6900;1585.9400;1396.2900;554.1500;2388.0700;9058.8900;47.3700;522.3500;2388.0200;8136.5200;8.3831;391.0000;;0;WO408078;1,753.37
2026/07/02;ENG-023;52;2026-01-03 04:00:00;641.3400;1586.9900;1394.1800;554.1400;2387.9800;9055.1600;47.2400;522.4700;2388.0100;8135.1100;8.3873;393.0000;1.0000;0;WO619637;1,696.82
2026/07/02;ENG-027;83;2026-01-04 11:00:00;641.9500;1591.6200;1399.5500;554.2300;2388.0400;9051.5700;47.3200;522.3400;2388.0700;8132.9400;8.3997;391.0000;0.9840;0;WO225869;2752.87
2026-07-02;eng-098;67;2026-01-03 19:00:00;642.9600;1585.9900;1408.4500;553.5200;2388.0600;9068.8300;47.4900;521.2200;2388.0400;8143.9800;8.4287;392.0000;0.9040;0;WO367178;827.79
2026/07/02;ENG-014;26;2026-01-02 02:00:00;642.9100;1590.3800;1408.8500;552.8600;2388.1100;9044.5200;47.6300;521.0000;2388.1600;8119.6300;8.4616;393.0000;1.0000;0;WO850289;1,383.98
2026/07/02;eng-057;78;2026-01-04 06:00:00;642.5800;1577.7700;1400.7300;553.6700;2388.1200;9042.6600;47.2300;521.9000;2388.0700;8125.5600;8.4414;393.0000;1.0000;0;WO546793;63.73
2026/07/02;  ENG-089 ;64;2026-01-03 16:00:00;642.5400;1587.8500;1399.5700;553.9200;2388.1100;9041.8600;47.5700;521.2800;2388.1400;8127.4200;8.4868;393.0000;1.0000;0;WO482517;2,204.64
2026-07-02;ENG-006;42;2026-01-02 18:00:00;642.5000;1594.3500;1405.8300;553.4400;2388.0800;9057.0500;47.5100;521.3900;2388.0800;8138.8100;8.4093;394.0000;1.0000;0;WO557832;172.92
2026-07-02;ENG-076;132;2026-01-06 12:00:00;642.1700;1589.0400;1400.9000;553.8600;2388.0600;9072.1000;47.4800;522.0700;2388.0300;8149.2700;8.4117;393.0000;0.6640;0;WO779999;
2026-07-02;  ENG-008 ;110;2026-01-05 14:00:00;642.4500;1589.5200;1409.3500;553.6000;2388.1100;9048.5000;47.5000;521.6900;2387.9700;8130.1100;8.4185;392.0000;;0;WO146695;1,527.36
2026-07-02;eng-031;122;2026-01-06 02:00:00;642.3400;1591.9200;1411.8700;553.3600;2388.0800;9070.2400;47.4100;521.7800;2388.0500;8152.9800;8.4279;394.0000;0.6560;0;WO125204;2658.58
2026-07-02;ENG-075;34;2026-01-02 10:00:00;642.3100;1578.7300;1398.3200;554.3100;2388.0300;9055.7000;47.3900;521.9700;2388.1000;8144.7900;8.4056;393.0000;1.0000;0;WO746889;2,860.40
2026/07/02;ENG-009;25;2026-01-02 01:00:00;642.3700;1587.0600;1406.6500;553.8900;2388.1100;9052.0900;47.3900;521.5600;2388.1300;8129.0000;8.4240;393.0000;1.0000;0;WO227882;1130.84
2026-07-02;ENG-020;113;2026-01-05 17:00:00;642.7100;1590.1900;1405.7000;553.7300;2388.0500;9071.2600;47.4900;521.9800;2388.0700;8140.3700;8.4392;391.0000;0.6960;0;WO762373;2,430.69
02-Jul-2026;ENG-037;69;2026-01-03 21:00:00;642.5000;1584.3900;1400.0800;553.8100;2388.0900;9051.7100;47.4600;521.8400;2388.0200;8134.5700;8.4025;393.0000;0.5840;0;WO968925;1272.04
02-Jul-2026;ENG-007;77;2026-01-04 05:00:00;642.2900;1583.8100;1405.4800;554.1800;2388.0800;9057.3500;47.3100;522.2400;2388.0200;8142.3900;8.3666;392.0000;1.0000;0;WO219261;515.05
02-Jul-2026;  ENG-017 ;92;2026-01-04 20:00:00;641.9700;1595.3000;1404.1700;554.7500;2387.9700;9072.2000;47.2000;522.0000;2388.0000;8153.9500;8.3884;392.0000;0.9840;0;WO503273;
2026/07/02;ENG-004;45;2026-01-02 21:00:00;642.6000;1588.5600;1401.7400;553.9400;2388.1300;9057.4200;47.4200;521.7300;2388.1200;8132.5500;8.4473;393.0000;1.0000;0;WO481878;888.42
2026/07/02;  ENG-069 ;25;2026-01-02 01:00:00;642.1400;1593.8200;1402.9000;553.2900;2388.0300;9049.3800;47.4400;522.0000;2388.1200;8126.1700;8.4638;393.0000;1.0000;0;WO405094;253.14
2026-07-02;ENG-019;82;2026-01-04 10:00:00;642.4400;1593.6600;1402.3800;554.3000;2388.1000;9052.7200;47.3200;522.8000;2387.9600;8138.8000;8.4091;392.0000;1.0000;0;WO511553;2,286.92
2026-07-02;ENG-046;85;2026-01-04 13:00:00;642.2700;1592.9000;1404.7700;553.2100;2388.0800;9067.9100;47.5100;521.2500;2388.0900;8145.9300;8.4151;393.0000;0.8640;0;WO561263;2,441.62
02-Jul-2026;ENG-096;43;2026-01-02 19:00:00;641.6200;1583.6300;1412.2400;554.8900;2387.9900;9075.0100;47.1800;522.3800;2388.0000;8147.6500;8.4295;392.0000;1.0000;0;WO397689;1170.52
2026/07/02;  ENG-054 ;63;2026-01-03 15:00:00;642.0300;1578.8400;1394.2200;554.9400;2388.0800;9058.8700;47.0600;522.5200;2387.9900;8138.1900;8.4174;392.0000;1.0000;0;WO959571;2,198.06
2026-07-02;ENG-037;56;2026-01-03 08:00:00;642.2600;1584.8200;1401.7600;555.2600;2388.0700;9055.4700;47.2800;522.1300;2388.0500;8137.0200;8.3665;394.0000;0.6880;0;WO743895;1,026.17
2026/07/02;eng-011;46;2026-01-02 22:00:00;642.6200;1601.8400;1409.4500;553.9300;2388.1500;9036.8200;47.5900;521.5900;2388.1800;8113.2500;8.4345;392.0000;1.0000;0;WO443778;2725.45
2026-07-02;ENG-019;84;2026-01-04 12:00:00;641.9200;1587.4800;1392.6100;553.8200;2388.0200;9069.6900;47.2500;522.2700;2388.0600;8146.2400;8.4054;393.0000;1.0000;0;WO389715;366.57
2026/07/02;  ENG-069 ;36;2026-01-02 12:00:00;642.2600;1584.5300;1403.4100;553.7800;2388.0600;9050.1700;47.2800;521.3700;2388.1000;8130.7000;8.4043;392.0000;1.0000;0;WO636164;2,388.64
2026-07-02;ENG-041;50;2026-01-03 02:00:00;642.0600;1587.5600;1395.6400;554.2500;2388.0300;9052.8300;47.3500;522.7400;2388.0600;8128.1400;8.4009;392.0000;0.7280;0;WO983044;2164.00
02-Jul-2026;ENG-018;54;2026-01-03 06:00:00;642.3700;1582.4000;1396.0400;554.3500;2388.0200;9061.7200;47.1500;522.2100;2388.0400;8147.5600;8.4325;392.0000;0.8560;0;WO884974;2,053.26
02-Jul-2026;ENG-068;88;2026-01-04 16:00:00;642.4300;1591.3800;1406.0200;554.1800;2388.1000;9053.8400;47.3100;521.5000;2388.0300;8137.8600;8.4451;392.0000;0.8560;0;WO479621;2362.12
02-Jul-2026;ENG-088;29;2026-01-02 05:00:00;642.5000;1594.8300;1407.1400;552.6300;2388.2000;9043.7400;47.5800;521.4900;2388.1300;8117.5300;8.3956;393.0000;1.0000;0;WO624284;2752.54
2026-07-02;eng-062;94;2026-01-04 22:00:00;641.7600;1581.2800;1400.8500;553.9600;2388.0200;9064.8900;47.0700;522.2900;2388.0000;8142.8900;8.3701;392.0000;1.0000;0;WO884702;1089.26
2026-07-02;eng-058;108;2026-01-05 12:00:00;642.3700;1587.2900;1408.6400;553.8600;2388.0100;9041.0900;47.5600;520.9900;2388.0700;8134.4700;8.4331;391.0000;0.8400;0;WO330415;
2026/07/02;ENG-040;61;2026-01-03 13:00:00;642.3300;1594.2200;1416.6700;552.6500;2388.1600;9053.1400;47.7400;521.2800;2388.0500;8140.8100;8.4346;394.0000;0.8000;0;WO414659;682.06
02-Jul-2026;ENG-077;92;2026-01-04 20:00:00;642.7900;1583.8100;1409.5600;554.1800;2388.0900;9051.5700;47.3500;522.1500;2388.0900;8133.1700;8.4590;392.0000;0.8320;0;WO929689;1640.13
2026-07-02;ENG-090;76;2026-01-04 04:00:00;642.0900;1589.9200;1405.0800;553.1900;2388.1200;9059.8100;47.7400;521.8500;2388.1100;8141.1600;8.4028;394.0000;0.7840;0;WO147330;
02-Jul-2026;ENG-068;86;2026-01-04 14:00:00;642.0700;1589.1600;1405.7900;554.0000;2388.1000;9054.0200;47.4600;521.3200;2388.1100;8137.0900;8.3882;393.0000;0.8720;0;WO725603;1,056.32
2026/07/02;  ENG-004 ;63;2026-01-03 15:00:00;642.7800;1586.2900;1414.6300;553.7200;2388.0900;9045.7100;47.5400;521.6000;2388.1100;8134.4300;8.4492;394.0000;1.0000;0;WO150842;
02-Jul-2026;ENG-092;94;2026-01-04 22:00:00;643.0700;1597.3400;1407.9200;552.6600;2388.1700;9040.5400;47.6400;521.0100;2388.1200;8120.6500;8.4293;394.0000;0.6080;0;WO375943;83.39
2026/07/02;  ENG-070 ;77;2026-01-04 05:00:00;642.2800;1587.7400;1407.8200;553.9500;2388.0600;9040.1200;47.3900;521.8200;2388.1100;8127.6300;8.4433;391.0000;1.0000;0;WO479885;1508.60
2026-07-02;eng-019;74;2026-01-04 02:00:00;642.5800;1582.4700;1398.5900;554.7400;2388.0300;9064.1900;47.4100;522.2600;2388.0900;8132.6000;8.4087;392.0000;1.0000;0;WO861059;1791.51
02-Jul-2026;ENG-040;51;2026-01-03 03:00:00;642.9400;1598.0200;1409.7300;553.3800;2388.1100;9051.1900;47.5900;521.2500;2388.1100;8137.9600;8.4294;395.0000;0.8800;0;WO610363;1197.32
2026-07-02;ENG-045;87;2026-01-04 15:00:00;642.6000;1585.8800;1400.3400;552.5600;2388.0900;9056.4300;47.6000;521.6600;2388.0900;8145.6400;8.4561;395.0000;1.0000;0;WO406614;2390.74
2026-07-02;ENG-007;100;2026-01-05 04:00:00;642.2300;1583.3200;1403.5300;553.8000;2388.0300;9067.0600;47.3700;522.1500;2387.9900;8143.8000;8.3740;392.0000;1.0000;0;WO371778;196.28
2026/07/02;ENG-041;53;2026-01-03 05:00:00;642.9400;1582.4500;1397.1200;555.0600;2388.0500;9048.9600;47.4100;522.3400;2388.0500;8127.9300;8.4411;392.0000;0.7040;0;WO733338;
2026-07-02;ENG-064;112;2026-01-05 16:00:00;642.0100;1589.5100;1403.6800;553.6400;2388.1100;9062.3200;47.5200;521.8600;2388.0700;8138.2400;8.4200;393.0000;0.6720;0;WO984899;2,429.30
02-Jul-2026;eng-012;99;2026-01-05 03:00:00;642.3200;1576.9400;1393.8000;554.3900;2388.0100;9061.2400;47.1300;522.1100;2388.0700;8140.7300;8.4521;391.0000;1.0000;0;WO186453;1928.94
2026-07-02;  ENG-012 ;115;2026-01-05 19:00:00;642.5500;1591.3800;1398.8400;553.8700;2388.0500;9061.7800;47.4700;522.1900;2387.9600;8141.1600;8.4287;393.0000;1.0000;0;WO445539;2,783.39
2026/07/02;ENG-053;106;2026-01-05 10:00:00;641.9100;1596.5100;1394.3100;553.3800;2388.0600;9063.8500;47.4700;521.7600;2388.0300;8143.5400;8.4285;394.0000;0.6720;0;WO871129;1809.13
02-Jul-2026;ENG-079;68;2026-01-03 20:00:00;642.9700;1581.7100;1406.8000;553.2900;2388.0400;9048.2000;47.4600;521.6000;2388.0800;8131.0400;8.4101;392.0000;0.7680;0;WO722821;2,698.01
2026/07/02;ENG-013;74;2026-01-04 02:00:00;642.5900;1580.9800;1402.1400;554.9000;2388.0200;9065.8800;47.4800;521.8000;2388.0300;8140.5800;8.4235;392.0000;1.0000;0;WO233732;578.73
02-Jul-2026;  ENG-081 ;93;2026-01-04 21:00:00;642.1400;1583.7300;1401.3600;554.1700;2388.0100;9065.8800;47.2700;521.6800;2388.0500;8150.0500;8.4434;392.0000;1.0000;0;WO464030;243.82
2026-07-02;ENG-066;79;2026-01-04 07:00:00;642.3400;1592.5300;1409.1200;553.4300;2388.0500;9069.0700;47.5900;521.3900;2388.0800;8145.9200;8.4082;394.0000;0.6560;0;WO664445;2887.39
02-Jul-2026;ENG-028;97;2026-01-05 01:00:00;642.7000;1586.0700;1402.8300;553.7000;2388.1100;9052.2000;47.4900;522.1300;2388.1000;8131.4500;8.4435;394.0000;1.0000;0;WO193901;2,333.32
2026-07-02;ENG-094;53;2026-01-03 05:00:00;642.9300;1589.0900;1401.8300;554.2500;2388.0900;9060.7300;47.5700;521.6900;2388.1300;8139.5800;8.4307;393.0000;1.0000;0;WO865657;2884.42
02-Jul-2026;ENG-076;112;2026-01-05 16:00:00;642.3200;1582.0200;1405.1100;553.5800;2388.0500;9067.5200;47.3100;521.8600;2388.0700;8146.3200;8.4432;392.0000;0.8240;0;WO743667;2318.45
02-Jul-2026;ENG-017;94;2026-01-04 22:00:00;642.6300;1584.7000;1402.5100;554.0200;2388.0300;9076.8800;47.3500;522.3900;2387.9900;8157.0800;8.4197;393.0000;0.9680;0;WO416000;1975.44
02-Jul-2026;ENG-012;96;2026-01-05 00:00:00;643.1300;1584.8400;1400.8100;554.4400;2388.0200;9059.7500;47.2100;522.0100;2388.0500;8139.9400;8.4003;392.0000;1.0000;0;WO126103;2,818.99
02-Jul-2026;ENG-077;70;2026-01-03 22:00:00;642.5800;1594.2200;1406.3600;553.3400;2388.0400;9055.7500;47.2300;522.0500;2388.0800;8130.3500;8.4432;392.0000;1.0000;0;WO357543;905.04
2026/07/02;  ENG-006 ;54;2026-01-03 06:00:00;642.6600;1592.3200;1404.0400;554.2500;2388.0900;9054.8500;47.4100;521.4100;2388.1100;8133.9300;8.4330;392.0000;1.0000;0;WO395497;2,324.65
2026/07/02;ENG-063;69;2026-01-03 21:00:00;642.4700;1585.9600;1409.3700;553.1500;2388.1400;9052.2300;47.5900;521.3700;2388.0800;8128.6400;8.4385;393.0000;1.0000;0;WO863167;2250.64
2026/07/02;ENG-043;73;2026-01-04 01:00:00;642.4900;1590.9000;1406.9500;554.0600;2388.1000;9051.3100;47.5300;521.6400;2388.1300;8131.2200;8.4150;392.0000;1.0000;0;WO281464;2378.97
2026/07/02;ENG-009;28;2026-01-02 04:00:00;642.4200;1600.3500;1414.0600;553.1300;2388.1000;9049.2700;47.3000;521.8600;2388.1000;8129.8300;8.4322;394.0000;1.0000;0;WO933524;2146.78
2026-07-02;ENG-010;109;2026-01-05 13:00:00;642.2700;1585.3200;1397.2300;554.3800;2388.0900;9062.4700;47.4500;522.2600;2388.0400;8143.4400;8.3761;391.0000;1.0000;0;WO672875;2882.83
2026-07-02;ENG-005;35;2026-01-02 11:00:00;643.2000;1586.4500;1406.9500;553.8400;2388.1200;9048.2000;47.4700;521.4800;2388.1000;8136.0500;8.4583;392.0000;1.0000;0;WO417039;1,721.11
02-Jul-2026;ENG-034;129;2026-01-06 09:00:00;642.1700;1586.9900;1407.0400;553.5200;2388.0500;9062.8600;47.3400;522.0000;2388.0500;8145.2400;8.3828;393.0000;0.6480;0;WO951368;1967.82
2026-07-02;ENG-028;95;2026-01-04 23:00:00;641.7600;1588.9800;1405.2500;553.4000;2388.1100;9051.8700;47.5100;521.3100;2388.1400;8119.6100;8.4653;393.0000;1.0000;0;WO881824;2828.36
02-Jul-2026;ENG-017;66;2026-01-03 18:00:00;642.4300;1582.1400;1398.4300;554.8300;2388.0100;9073.3900;47.2800;522.0100;2388.0300;8148.2100;8.4484;392.0000;1.0000;0;WO142321;694.33
2026/07/02;ENG-088;27;2026-01-02 03:00:00;642.4100;1582.7000;1415.0000;553.2700;2388.1800;9046.9600;47.3500;521.5900;2388.1300;8124.3000;8.4386;394.0000;1.0000;0;WO399500;2796.59
2026-07-02;ENG-010;115;2026-01-05 19:00:00;641.9100;1586.4600;1403.3900;553.8300;2387.9800;9058.9600;47.2300;521.7800;2388.0100;8139.1800;8.4252;392.0000;1.0000;0;WO561751;1,221.56
02-Jul-2026;ENG-076;84;2026-01-04 12:00:00;641.8600;1586.0600;1397.7400;554.8600;2388.0600;9062.2500;47.0600;522.0400;2388.0000;8143.3200;8.3975;392.0000;1.0000;0;WO268573;2867.64
2026-07-02;ENG-043;83;2026-01-04 11:00:00;642.5900;1595.3400;1404.0900;553.2400;2388.0800;9047.1400;47.3200;521.9400;2388.0800;8130.2000;8.4529;394.0000;1.0000;0;WO103338;1213.17
2026/07/02;ENG-041;44;2026-01-02 20:00:00;642.4000;1578.3800;1400.8100;554.2400;2388.0800;9050.0600;47.3500;522.1200;2388.0500;8136.0300;8.3856;394.0000;0.7760;0;WO983401;1722.84
2026-07-02;ENG-092;72;2026-01-04 00:00:00;642.6200;1590.4400;1401.8600;553.3100;2388.1100;9036.5100;47.3700;521.1400;2388.1300;8127.5000;8.4328;393.0000;0.7840;0;WO571765;242.69
2026-07-02;ENG-007;102;2026-01-05 06:00:00;642.1300;1587.7100;1393.9500;554.3600;2388.0400;9053.4600;47.2500;521.7300;2388.0100;8144.8100;8.3729;392.0000;1.0000;0;WO510185;443.71
2026-07-02;ENG-088;37;2026-01-02 13:00:00;642.7700;1583.6600;1408.4600;552.9400;2388.1000;9041.3700;47.6100;521.7000;2388.1000;8120.1700;8.4487;395.0000;1.0000;0;WO513533;1,159.09
02-Jul-2026;ENG-031;67;2026-01-03 19:00:00;642.6200;1592.7600;1405.9600;554.4200;2388.0400;9073.0000;47.3300;522.0500;2388.0300;8148.7400;8.3459;392.0000;1.0000;0;WO741114;
2026/07/02;  ENG-076 ;115;2026-01-05 19:00:00;642.5700;1591.8600;1407.5700;553.8500;2388.0100;9069.4800;47.1900;521.8000;2388.0100;8144.7800;8.4187;393.0000;;0;WO969429;206.95
02-Jul-2026;ENG-086;38;2026-01-02 14:00:00;642.5300;1583.9900;1404.8000;553.7500;2388.0400;9063.3200;47.4000;521.7300;2388.0800;8143.9300;8.4387;392.0000;1.0000;0;WO861760;2317.74
02-Jul-2026;eng-053;66;2026-01-03 18:00:00;642.6900;1588.8400;1410.4100;553.7700;2388.1100;9054.5100;47.1800;522.1400;2388.0300;8141.8900;8.4374;394.0000;0.9920;0;WO985778;2239.06
02-Jul-2026;ENG-053;64;2026-01-03 16:00:00;642.5200;1586.1500;1394.4100;554.4100;2387.9800;9055.3000;47.2200;521.8700;2388.1100;8134.5400;8.4030;393.0000;1.0000;0;WO216846;1,672.12
2026-07-02;ENG-077;102;2026-01-05 06:00:00;642.2900;1583.3000;1405.8700;553.6600;2388.1000;9045.4800;47.3200;521.0800;2388.1000;8132.6600;8.4148;392.0000;0.7520;0;WO717005;1072.22
2026-07-02;ENG-077;89;2026-01-04 17:00:00;642.1800;1584.7000;1401.9300;553.7500;2388.0700;9043.9500;47.3900;521.5500;2388.1100;8126.4300;8.4406;392.0000;0.8560;0;WO242203;1263.72
02-Jul-2026;eng-035;129;2026-01-06 09:00:00;643.2200;1586.2600;1407.9700;552.5200;2388.1000;9057.5400;47.7700;521.0600;2388.1300;8132.7400;8.4782;394.0000;0.6400;0;WO183049;2505.68
2026-07-02;eng-038;59;2026-01-03 11:00:00;642.1400;1593.7500;1412.0700;552.8600;2388.0800;9050.8400;47.6400;521.0000;2388.1700;8133.0300;8.4476;393.0000;0.9280;0;WO189960;398.58
2026/07/02;ENG-016;41;2026-01-02 17:00:00;642.8300;1588.4700;1399.2700;554.6100;2388.0200;9045.9300;47.2500;522.1200;2388.0500;8137.4200;8.4128;392.0000;1.0000;0;WO682084;
2026-07-02;ENG-030;73;2026-01-04 01:00:00;642.4600;1584.6200;1412.5600;553.6500;2388.1200;9051.9600;47.5000;521.0900;2388.0700;8129.4100;8.4303;392.0000;1.0000;0;WO976835;2641.68
02-Jul-2026;ENG-049;106;2026-01-05 10:00:00;642.5800;1582.6200;1395.6600;553.6900;2387.9900;9061.6600;47.0800;522.7400;2388.0500;8146.5600;8.3884;392.0000;1.0000;0;WO673823;2462.96
2026-07-02;ENG-051;83;2026-01-04 11:00:00;642.9500;1587.3900;1397.4400;554.0300;2388.0700;9047.2500;47.3800;521.9800;2388.0400;8129.9900;8.4318;393.0000;1.0000;0;WO510077;688.24
2026-07-02;ENG-066;65;2026-01-03 17:00:00;642.4300;1601.1700;1411.8700;553.9500;2388.1300;9060.7100;47.6300;521.5300;2388.0300;8143.5600;8.4464;393.0000;0.7680;0;WO102559;1688.53
02-Jul-2026;ENG-070;69;2026-01-03 21:00:00;642.7300;1593.7500;1406.2500;553.8600;2388.0800;9050.9900;47.3200;522.3900;2388.0500;8130.0400;8.4242;392.0000;1.0000;0;WO359356;2,124.45
2026/07/02;ENG-080;84;2026-01-04 12:00:00;642.1700;1584.8500;1409.2200;553.8700;2388.0500;9066.3200;47.3200;521.6300;2388.0100;8145.0800;8.4272;393.0000;1.0000;0;WO106019;1011.32
2026/07/02;ENG-066;50;2026-01-03 02:00:00;642.8800;1599.1000;1412.7200;553.3000;2388.0500;9062.2400;47.4600;521.7500;2388.1000;8144.7100;8.4416;393.0000;0.8880;0;WO601508;
2026/07/02;ENG-090;51;2026-01-03 03:00:00;642.1400;1587.7700;1410.4000;554.3300;2388.0800;9056.2600;47.5400;521.8800;2388.0400;8135.9000;8.4169;393.0000;0.9840;0;WO182436;1,955.79
2026-07-02;ENG-011;51;2026-01-03 03:00:00;642.1400;1592.7800;1407.6200;552.8200;2388.1300;9042.5400;47.5300;520.6400;2388.1900;8123.6800;8.4473;394.0000;1.0000;0;WO781182;2116.97
02-Jul-2026;ENG-068;109;2026-01-05 13:00:00;642.5400;1596.7500;1409.0000;554.7200;2388.0200;9055.8400;47.6100;521.9000;2388.1000;8144.1000;8.3954;393.0000;0.6880;0;WO287921;
2026/07/02;  ENG-093 ;157;2026-01-07 13:00:00;642.9100;1584.7700;1414.0800;553.9600;2388.1000;9059.4000;47.4900;521.9800;2388.0800;8138.5700;8.4314;395.0000;1.0000;0;WO124314;810.58
02-Jul-2026;ENG-029;82;2026-01-04 10:00:00;641.6800;1583.9300;1400.0600;553.9400;2388.0200;9052.1200;47.2500;522.3000;2388.0400;8139.4400;8.4266;393.0000;;0;WO540652;745.26
02-Jul-2026;ENG-096;56;2026-01-03 08:00:00;642.3500;1589.6100;1398.3100;554.3900;2388.0100;9061.7800;47.2100;521.9100;2388.0000;8145.1700;8.4085;392.0000;;0;WO540747;1,157.22
02-Jul-2026;ENG-031;85;2026-01-04 13:00:00;642.4400;1589.2800;1404.8600;553.8700;2387.9900;9061.6900;47.4400;522.4500;2388.0600;8152.0800;8.4440;393.0000;0.9520;0;WO650786;2446.89
2026/07/02;ENG-003;51;2026-01-03 03:00:00;642.6100;1588.6800;1406.1900;552.7000;2388.1100;9045.0800;47.4000;521.3600;2388.1200;8132.2700;8.4294;393.0000;1.0000;0;WO350772;1,227.42
2026-07-02;ENG-034;87;2026-01-04 15:00:00;642.0100;1587.5600;1392.4700;554.7200;2388.0400;9061.0000;47.2400;522.2900;2388.0000;8143.3000;8.3956;392.0000;0.9840;0;WO893346;1479.97
02-Jul-2026;eng-077;96;2026-01-05 00:00:00;642.1400;1591.6600;1403.5600;553.8900;2388.0700;9047.3100;47.3400;521.6700;2388.1200;8129.8400;8.4298;393.0000;0.8000;0;WO693422;1,429.50
2026-07-02;ENG-018;63;2026-01-03 15:00:00;642.4100;1587.0400;1397.6600;553.9400;2388.0300;9065.2700;47.3800;521.7700;2388.0800;8143.5600;8.4570;393.0000;0.7840;0;WO475991;373.94
2026/07/02;eng-027;71;2026-01-03 23:00:00;642.1400;1580.9700;1400.7600;553.9400;2388.0800;9046.5100;47.3300;522.3300;2388.0800;8124.7100;8.4156;392.0000;1.0000;0;WO741806;2,879.61
2026-07-02;ENG-092;84;2026-01-04 12:00:00;642.7400;1591.3000;1411.9600;553.5900;2388.1900;9039.8600;47.6200;521.0900;2388.1100;8125.0700;8.4554;393.0000;0.6880;0;WO656289;1147.33
02-Jul-2026;ENG-097;62;2026-01-03 14:00:00;642.0100;1589.0000;1399.2500;553.9900;2388.0200;9069.1100;47.2300;522.4300;2388.0100;8154.2300;8.4599;391.0000;1.0000;0;WO710300;1,660.98
02-Jul-2026;eng-052;106;2026-01-05 10:00:00;641.9400;1581.6100;1400.3400;555.1300;2388.0700;9065.5100;47.2300;522.5900;2387.9800;8145.2600;8.3662;392.0000;0.8960;0;WO607680;2558.37
2026/07/02;ENG-076;73;2026-01-04 01:00:00;642.0200;1587.4600;1399.8300;553.7800;2388.0500;9059.8100;47.0700;522.5200;2388.0100;8150.1100;8.4210;392.0000;1.0000;0;WO952826;
2026-07-02;  ENG-018 ;87;2026-01-04 15:00:00;642.2100;1586.7500;1402.6400;554.2000;2388.0700;9062.2500;47.4200;521.5800;2388.0300;8140.6200;8.4132;392.0000;0.5920;0;WO271525;281.88
2026-07-02;ENG-098;56;2026-01-03 08:00:00;642.3800;1582.1800;1404.6500;553.3700;2388.1300;9061.0900;47.5600;521.8800;2388.0500;8143.9500;8.4089;393.0000;0.9920;0;WO949309;167.58
2026/07/02;ENG-018;86;2026-01-04 14:00:00;642.4500;1587.5300;1403.3200;553.6400;2388.0800;9068.0500;47.4200;522.0500;2388.0100;8146.9500;8.4145;393.0000;0.6000;0;WO309579;2904.93
2026/07/02;ENG-017;91;2026-01-04 19:00:00;642.5900;1578.9100;1400.8300;554.2200;2387.9800;9078.7700;47.4100;522.0500;2388.0200;8155.7300;8.4095;393.0000;0.9920;0;WO143061;2150.10
02-Jul-2026;ENG-083;45;2026-01-02 21:00:00;642.3100;1588.9900;1400.4000;553.5700;2388.0600;9055.2400;47.5900;522.0500;2388.1000;8138.4100;8.4670;393.0000;1.0000;0;WO341781;2840.67
02-Jul-2026;ENG-053;74;2026-01-04 02:00:00;642.8200;1596.7800;1407.5300;554.0900;2388.0400;9060.1700;47.1300;521.7800;2388.0500;8143.8700;8.4069;392.0000;0.9280;0;WO430771;1,813.08
02-Jul-2026;ENG-027;88;2026-01-04 16:00:00;642.2500;1585.5300;1399.3300;554.2900;2388.0500;9047.1000;47.2800;522.7100;2387.9700;8129.7100;8.4043;393.0000;0.9440;0;WO890710;
2026-07-02;ENG-043;99;2026-01-05 03:00:00;642.0700;1580.0800;1403.6500;554.0800;2388.0700;9056.2900;47.4300;521.6800;2388.0900;8123.0800;8.4339;392.0000;1.0000;0;WO736127;140.14
2026/07/02;ENG-062;119;2026-01-05 23:00:00;642.5800;1589.5000;1390.5100;554.0300;2388.0300;9056.8600;47.3000;522.4300;2388.0200;8148.6900;8.3706;390.0000;;0;WO623897;
2026/07/02;ENG-041;81;2026-01-04 09:00:00;642.6300;1592.4300;1397.9700;554.5500;2388.0800;9047.6800;47.5000;522.0000;2388.0400;8134.2800;8.3803;391.0000;0.4800;0;WO251261;1904.50
2026/07/02;eng-031;69;2026-01-03 21:00:00;641.9700;1592.3500;1408.2900;553.5100;2388.0200;9068.7900;47.3300;521.9000;2387.9700;8152.6500;8.4131;393.0000;1.0000;0;WO223469;1768.58
2026-07-02;eng-075;58;2026-01-03 10:00:00;642.4800;1590.9400;1401.1200;554.6200;2388.0100;9066.8900;47.4000;521.5700;2388.0700;8143.5500;8.4223;392.0000;1.0000;0;WO951202;824.77
2026/07/02;ENG-066;69;2026-01-03 21:00:00;642.9200;1593.4800;1404.7400;553.3500;2388.1500;9069.5900;47.4900;521.4800;2388.1100;8148.2200;8.4481;394.0000;0.7360;0;WO927240;2279.77
02-Jul-2026;ENG-099;44;2026-01-02 20:00:00;642.3100;1584.3500;1398.1800;554.7600;2387.9600;9061.8000;47.2000;522.6200;2388.0800;8149.0800;8.4499;391.0000;1.0000;0;WO491220;2904.68
02-Jul-2026;ENG-053;94;2026-01-04 22:00:00;642.6200;1588.6200;1408.7600;553.5300;2388.0500;9059.7500;47.4000;522.0400;2387.9900;8142.7800;8.4189;392.0000;0.7680;0;WO773496;1,910.55
2026/07/02;eng-049;191;2026-01-08 23:00:00;641.9400;1588.0300;1399.1700;554.2400;2388.0500;9064.0000;47.1900;522.1800;2388.0400;8140.4500;8.4285;394.0000;1.0000;0;WO655827;630.54
02-Jul-2026;ENG-029;88;2026-01-04 16:00:00;642.4600;1588.9400;1397.5900;553.9000;2388.0200;9052.2200;47.4600;521.6900;2388.0400;8139.7500;8.4126;392.0000;;0;WO242551;2,658.61
2026/07/02;ENG-049;138;2026-01-06 18:00:00;642.4100;1577.8500;1400.4800;554.3900;2388.0900;9058.0700;47.3200;521.7800;2388.0300;8147.6500;8.3830;391.0000;1.0000;0;WO691800;1,938.57
2026/07/02;ENG-072;74;2026-01-04 02:00:00;642.3600;1586.8400;1403.6100;553.7000;2388.0800;9063.1000;47.4000;522.4700;2388.0300;8150.4500;8.4286;393.0000;;0;WO454007;2996.11
2026-07-02;  ENG-057 ;92;2026-01-04 20:00:00;642.2400;1596.8300;1406.2200;553.6500;2388.0800;9048.2000;47.5200;521.9100;2388.0400;8123.0700;8.4326;392.0000;1.0000;0;WO565312;1,388.42
02-Jul-2026;ENG-012;81;2026-01-04 09:00:00;642.1500;1580.6500;1393.5900;554.7900;2387.9900;9062.3200;47.1400;522.3700;2388.0100;8138.9500;8.4277;393.0000;1.0000;0;WO267885;677.65
02-Jul-2026;ENG-053;105;2026-01-05 09:00:00;642.4100;1581.6700;1409.3800;553.9300;2388.0500;9068.2000;47.4900;521.9300;2388.0900;8143.2300;8.4167;393.0000;0.6800;0;WO762026;1,957.54
2026-07-02;ENG-094;86;2026-01-04 14:00:00;642.7400;1591.7000;1408.4200;552.5900;2388.1100;9054.0600;47.5700;521.2600;2388.0800;8144.0300;8.4411;393.0000;0.8160;0;WO735507;901.31
2026/07/02;ENG-051;62;2026-01-03 14:00:00;641.8500;1591.1000;1402.6400;554.3400;2388.1000;9046.8400;47.4100;521.5000;2388.1100;8132.7100;8.4253;393.0000;1.0000;0;WO929601;
2026-07-02;  ENG-040 ;48;2026-01-03 00:00:00;642.6700;1592.2000;1408.2900;552.3000;2388.1500;9053.5500;47.4100;521.5300;2388.1700;8137.3300;8.4306;394.0000;0.9040;0;WO990480;1542.34
2026/07/02;ENG-067;30;2026-01-02 06:00:00;642.4600;1592.9700;1408.3600;553.4900;2388.0400;9069.2900;47.3700;522.1900;2388.0400;8139.7400;8.4146;392.0000;0.9440;0;WO473211;1,049.22
2026/07/02;ENG-077;65;2026-01-03 17:00:00;642.2300;1587.9700;1397.7300;554.1500;2388.1300;9051.7900;47.4600;521.8300;2388.0600;8130.1300;8.4177;391.0000;1.0000;0;WO706984;2,073.83
2026-07-02;  ENG-053 ;65;2026-01-03 17:00:00;642.3000;1593.1100;1403.3900;553.5700;2388.1200;9060.4400;47.4600;521.9500;2388.0600;8140.5300;8.4301;392.0000;1.0000;0;WO228549;1,240.79
02-Jul-2026;  ENG-058 ;61;2026-01-03 13:00:00;642.5200;1583.1400;1399.5700;554.4800;2387.9200;9047.6000;47.3300;521.8300;2388.1100;8133.3700;8.4430;391.0000;1.0000;0;WO995930;756.05
02-Jul-2026;ENG-084;88;2026-01-04 16:00:00;642.1900;1588.4000;1408.4100;554.1200;2388.0500;9048.3900;47.2100;521.5500;2388.0800;8138.6600;8.4149;393.0000;1.0000;0;WO571725;2698.97
2026-07-02;eng-064;92;2026-01-04 20:00:00;643.3100;1585.5600;1410.8000;554.1700;2388.0800;9060.1500;47.5600;521.7900;2388.1100;8133.3500;8.4297;393.0000;0.8320;0;WO191511;
2026-07-02;ENG-035;113;2026-01-05 17:00:00;642.6900;1594.7100;1414.1000;552.6700;2388.1300;9056.3000;47.5400;520.5600;2388.0900;8134.1200;8.4342;393.0000;;0;WO184196;2866.31
02-Jul-2026;ENG-061;71;2026-01-03 23:00:00;641.9400;1587.2900;1402.3900;554.3000;2388.0200;9062.5000;47.2000;522.3200;2388.0900;8152.2200;8.4036;391.0000;0.8720;0;WO101572;2562.84
02-Jul-2026;ENG-049;141;2026-01-06 21:00:00;642.3300;1588.6700;1402.6000;553.7900;2388.0200;9064.4700;47.3800;522.6200;2388.0200;8141.9600;8.4238;391.0000;1.0000;0;WO663874;2830.19
2026-07-02;ENG-019;54;2026-01-03 06:00:00;642.5700;1583.0700;1405.4900;554.5400;2388.0400;9057.4500;47.2500;521.9300;2388.0600;8136.9700;8.3775;393.0000;1.0000;0;WO104170;267.82
2026/07/02;ENG-099;52;2026-01-03 04:00:00;642.0500;1586.6100;1398.1400;554.7900;2387.9900;9061.8400;46.9900;522.7500;2388.0300;8137.4700;8.3822;391.0000;1.0000;0;WO241274;1049.19
2026/07/02;eng-053;85;2026-01-04 13:00:00;642.3100;1592.1700;1393.2000;554.7600;2388.0000;9063.7800;47.4200;521.8600;2388.0400;8144.2400;8.4221;391.0000;0.8400;0;WO603409;
02-Jul-2026;ENG-076;72;2026-01-04 00:00:00;642.2300;1579.0000;1399.7000;554.8100;2388.0200;9066.8700;47.2600;521.5400;2387.9600;8142.7800;8.3917;392.0000;1.0000;0;WO390048;1648.33
2026-07-02;ENG-082;62;2026-01-03 14:00:00;642.3900;1584.3400;1409.2500;553.7400;2388.0400;9065.6700;47.2500;522.1000;2388.0100;8147.9100;8.4466;394.0000;0.8720;0;WO299547;516.69
02-Jul-2026;ENG-075;59;2026-01-03 11:00:00;642.2700;1582.2600;1394.0600;553.4200;2388.0400;9055.5300;47.2700;521.7500;2388.0900;8142.7200;8.3889;393.0000;1.0000;0;WO649843;1821.25
02-Jul-2026;ENG-004;71;2026-01-03 23:00:00;642.5000;1594.7800;1406.6100;553.5200;2388.1000;9046.1200;47.5500;521.4300;2388.1100;8131.9700;8.4082;393.0000;0.9360;0;WO903729;541.04
02-Jul-2026;ENG-036;82;2026-01-04 10:00:00;643.2000;1594.1900;1406.9000;553.1700;2388.1600;9065.7800;47.5700;520.6600;2388.1700;8136.8600;8.4625;394.0000;0.5040;0;WO524321;803.34
2026/07/02;ENG-031;103;2026-01-05 07:00:00;642.4500;1586.1500;1401.3300;553.6900;2388.0200;9074.3500;47.5100;521.3600;2388.0400;8150.4800;8.4338;393.0000;0.8080;0;WO617386;
2026/07/02;  ENG-093 ;149;2026-01-07 05:00:00;642.8100;1596.9500;1411.7800;552.4000;2388.1100;9064.3100;47.4600;521.0000;2388.0800;8135.5200;8.4539;395.0000;1.0000;0;WO554390;2629.75
2026/07/02;ENG-071;25;2026-01-02 01:00:00;641.7000;1591.0200;1397.8300;554.6100;2387.9800;9060.4900;47.2300;522.4300;2388.0000;8142.7300;8.4098;392.0000;1.0000;0;WO347185;211.88
2026-07-02;ENG-034;70;2026-01-03 22:00:00;641.9400;1590.5600;1396.7700;555.3100;2387.9800;9062.9000;47.2400;522.4200;2388.0000;8145.6400;8.4101;393.0000;1.0000;0;WO924928;1396.35
2026-07-02;  ENG-100 ;98;2026-01-05 02:00:00;642.4800;1588.3300;1403.2300;554.1100;2388.0300;9054.4200;47.3300;522.6000;2387.9800;8138.4900;8.4223;391.0000;0.9600;0;WO499658;2,446.04
2026-07-02;ENG-010;111;2026-01-05 15:00:00;642.6600;1587.2200;1399.4700;554.1700;2388.0400;9061.4400;47.2600;522.0500;2388.0100;8144.7900;8.4388;394.0000;1.0000;0;WO404352;1170.53
02-Jul-2026;ENG-043;79;2026-01-04 07:00:00;642.6300;1588.3600;1409.0700;553.3300;2388.0400;9054.1100;47.3100;521.6700;2388.1100;8131.2500;8.4626;392.0000;1.0000;0;WO317032;659.54
2026/07/02;ENG-058;80;2026-01-04 08:00:00;642.4600;1586.5700;1398.4400;554.2800;2388.1200;9045.2900;47.3700;522.1200;2388.0500;8131.3700;8.4256;393.0000;1.0000;0;WO945979;
02-Jul-2026;ENG-021;99;2026-01-05 03:00:00;642.1600;1580.7900;1401.2100;554.2300;2388.0400;9061.7200;47.0500;522.4400;2388.0500;8140.7900;8.3841;392.0000;0.8480;0;WO205767;1,543.59
02-Jul-2026;  ENG-088 ;34;2026-01-02 10:00:00;642.1000;1593.4000;1402.7800;553.5900;2388.1500;9039.4300;47.4400;521.2000;2388.1200;8123.4900;8.4462;393.0000;1.0000;0;WO738492;2,804.79
02-Jul-2026;eng-008;73;2026-01-04 01:00:00;642.4500;1589.6100;1404.5500;553.9800;2388.0900;9050.9600;47.6300;521.8900;2388.0800;8127.2000;8.4219;394.0000;1.0000;0;WO562433;2449.95
2026/07/02;  ENG-078 ;32;2026-01-02 08:00:00;641.9500;1586.6500;1403.7800;554.5500;2387.9500;9066.7700;47.3200;522.4200;2387.9600;8143.0500;8.4085;393.0000;1.0000;0;WO209717;1,768.74
2026-07-02;ENG-054;47;2026-01-02 23:00:00;641.9100;1581.7900;1397.1900;555.0300;2388.0300;9059.0400;47.3200;522.1300;2387.9600;8137.7000;8.3770;391.0000;1.0000;0;WO778285;2469.47
2026-07-02;ENG-017;61;2026-01-03 13:00:00;642.2400;1592.6500;1406.0100;554.5300;2388.0000;9077.2000;47.2000;521.9000;2387.9900;8147.4900;8.4344;391.0000;1.0000;0;WO171019;1,094.20
2026/07/02;eng-013;101;2026-01-05 05:00:00;642.1600;1580.8000;1398.9700;554.3000;2388.0900;9069.4300;47.3700;522.1200;2388.0900;8142.4700;8.4043;392.0000;1.0000;0;WO441906;833.42
2026-07-02;ENG-026;34;2026-01-02 10:00:00;642.5200;1580.5000;1397.6500;553.6000;2388.0300;9070.9200;47.4000;521.6000;2388.0200;8148.3100;8.4087;392.0000;1.0000;0;WO899071;
2026/07/02;ENG-023;57;2026-01-03 09:00:00;642.4200;1581.8900;1392.3700;555.1700;2388.0100;9049.9100;47.0300;522.3400;2388.0000;8135.9900;8.3882;391.0000;1.0000;0;WO441621;
02-Jul-2026;  ENG-043 ;63;2026-01-03 15:00:00;642.4800;1589.5600;1398.8600;553.4600;2388.0600;9053.0700;47.4100;521.6100;2388.1300;8132.0600;8.4320;393.0000;1.0000;0;WO894901;2634.21
2026/07/02;ENG-007;80;2026-01-04 08:00:00;641.9000;1582.9300;1399.9000;554.1500;2388.0100;9060.5900;47.1800;522.3400;2388.0000;8138.4000;8.4089;391.0000;1.0000;0;WO390353;2442.79
2026/07/02;ENG-093;161;2026-01-07 17:00:00;642.7200;1591.5200;1403.4600;552.8700;2388.1400;9054.4700;47.6700;521.3200;2388.1200;8138.9500;8.4571;394.0000;1.0000;0;WO745849;1143.68
02-Jul-2026;eng-030;79;2026-01-04 07:00:00;642.7800;1589.9500;1405.8100;554.3500;2388.1600;9045.2600;47.4100;521.7600;2388.1000;8127.0200;8.4263;391.0000;1.0000;0;WO203336;2,268.59
02-Jul-2026;ENG-052;64;2026-01-03 16:00:00;641.4800;1582.7000;1399.5400;554.5800;2388.0000;9058.7400;47.2300;523.2800;2388.0300;8137.5900;8.3723;392.0000;1.0000;0;WO797114;2684.74
2026-07-02;ENG-064;74;2026-01-04 02:00:00;643.0800;1588.1500;1405.1100;553.7100;2388.0800;9051.7900;47.2800;521.4800;2388.0500;8135.7200;8.4407;393.0000;0.9760;0;WO635157;2398.19
2026/07/02;ENG-098;62;2026-01-03 14:00:00;642.8300;1587.7900;1400.7400;554.0100;2388.0500;9058.1400;47.4800;521.6600;2388.0800;8136.7700;8.4353;393.0000;;0;WO688609;231.18
2026-07-02;eng-009;32;2026-01-02 08:00:00;642.8700;1585.1500;1407.4400;553.7800;2388.0900;9057.5700;47.4700;521.9200;2388.0800;8129.7200;8.4309;392.0000;1.0000;0;WO766748;173.07
2026-07-02;ENG-009;29;2026-01-02 05:00:00;642.5100;1590.2400;1412.1500;552.9800;2388.1100;9055.0000;47.5400;521.3400;2388.1100;8131.6000;8.4248;393.0000;1.0000;0;WO710328;2160.18
2026/07/02;ENG-052;68;2026-01-03 20:00:00;641.7800;1582.8800;1394.6200;554.4700;2388.0200;9054.1500;47.1700;522.6200;2387.9900;8136.4500;8.3999;392.0000;1.0000;0;WO617789;1,815.45
2026-07-02;ENG-091;79;2026-01-04 07:00:00;642.6300;1592.5900;1411.5100;552.9100;2388.1200;9049.4500;47.5300;521.3200;2388.1000;8128.4700;8.4623;393.0000;1.0000;0;WO323557;1935.56
2026-07-02;ENG-077;60;2026-01-03 12:00:00;641.7100;1583.4000;1399.5800;554.3400;2388.0800;9055.6500;47.4500;521.6600;2388.0900;8134.9000;8.4434;391.0000;1.0000;0;WO123105;1541.03
2026-07-02;ENG-043;59;2026-01-03 11:00:00;642.5500;1582.5600;1398.6700;553.6300;2388.0800;9049.1700;47.4300;521.9700;2388.0700;8130.5400;8.3986;392.0000;;0;WO409176;2976.07
2026-07-02;ENG-007;61;2026-01-03 13:00:00;641.8900;1586.7900;1401.1600;554.7400;2388.0000;9055.4900;47.1900;521.9800;2387.9800;8131.3800;8.3977;391.0000;1.0000;0;WO555096;
2026-07-02;ENG-020;90;2026-01-04 18:00:00;642.6000;1584.4600;1401.7400;553.3300;2388.0100;9068.6400;47.5000;521.6600;2388.0800;8147.0000;8.4499;393.0000;0.8800;0;WO768957;617.52
2026/07/02;ENG-029;109;2026-01-05 13:00:00;642.4100;1588.5700;1401.2000;553.8900;2388.0600;9057.8600;47.3900;521.1800;2388.0300;8136.6400;8.4310;392.0000;;0;WO748110;2967.50
02-Jul-2026;ENG-043;78;2026-01-04 06:00:00;642.4100;1582.1800;1410.4000;553.6500;2388.0700;9052.5300;47.2100;522.0500;2388.0700;8133.2800;8.3884;393.0000;1.0000;0;WO965624;2,757.93
02-Jul-2026;ENG-027;65;2026-01-03 17:00:00;642.1400;1582.9600;1397.4700;554.6300;2388.0500;9057.1300;47.2100;522.2100;2388.0900;8132.5800;8.4175;391.0000;;0;WO596226;1279.29
02-Jul-2026;eng-011;31;2026-01-02 07:00:00;642.6200;1596.2600;1408.5000;553.5500;2388.1200;9041.5700;47.6500;520.8500;2388.1500;8122.0600;8.4177;394.0000;1.0000;0;WO433809;690.22
2026/07/02;ENG-019;57;2026-01-03 09:00:00;642.5800;1588.7600;1396.0800;554.5200;2388.0100;9058.1300;47.3300;522.4100;2388.0100;8139.1000;8.4057;390.0000;1.0000;0;WO505514;1,724.12
2026/07/02;ENG-049;155;2026-01-07 11:00:00;641.6500;1585.4300;1399.7700;554.1100;2387.9900;9059.0600;47.3200;522.3500;2388.0400;8145.5400;8.3891;389.0000;1.0000;0;WO801025;1,546.64
2026-07-02;ENG-055;46;2026-01-02 22:00:00;642.3700;1588.5000;1395.5500;554.2200;2388.0700;9055.4500;47.3000;521.8600;2388.0300;8137.1400;8.4461;392.0000;1.0000;0;WO890111;2,966.12
2026-07-02;ENG-052;97;2026-01-05 01:00:00;642.1100;1581.3000;1404.0800;554.5500;2388.0400;9052.6500;47.1100;522.4000;2387.9900;8141.2300;8.3754;391.0000;0.9680;0;WO461290;644.14
2026/07/02;  ENG-034 ;133;2026-01-06 13:00:00;642.9000;1589.7300;1393.9200;554.0600;2388.0300;9060.2300;47.5100;522.1700;2388.0000;8140.5600;8.4136;391.0000;0.6160;0;WO232632;1,612.81
02-Jul-2026;ENG-058;66;2026-01-03 18:00:00;642.4800;1583.6600;1400.7800;553.7500;2388.0700;9043.2700;47.3600;521.8200;2388.0700;8132.8500;8.3762;394.0000;1.0000;0;WO371043;
2026/07/02;ENG-097;66;2026-01-03 18:00:00;641.9700;1587.7200;1395.7100;554.3300;2388.0500;9068.6600;47.3000;522.1700;2388.0200;8150.9800;8.4390;392.0000;1.0000;0;WO573944;1807.09
2026/07/02;  ENG-060 ;96;2026-01-05 00:00:00;642.8800;1593.4600;1401.6600;553.9300;2388.1300;9056.1500;47.5100;521.7400;2388.0900;8134.7200;8.4615;393.0000;1.0000;0;WO450929;1858.94
02-Jul-2026;ENG-016;39;2026-01-02 15:00:00;642.5300;1584.4200;1397.7800;554.2300;2387.9800;9053.0600;47.1100;521.9500;2388.0200;8134.7500;8.3777;393.0000;1.0000;0;WO140905;2380.94
02-Jul-2026;eng-010;87;2026-01-04 15:00:00;641.7300;1586.4700;1398.4200;554.1000;2388.0000;9063.0500;47.4000;521.9000;2388.0300;8139.6200;8.3806;392.0000;1.0000;0;WO953615;1,103.96
02-Jul-2026;  ENG-091 ;115;2026-01-05 19:00:00;642.5300;1584.7400;1405.3200;553.5600;2388.2000;9046.9700;47.7100;521.0200;2388.1900;8135.6400;8.4444;394.0000;1.0000;0;WO554358;2,646.92
2026/07/02;ENG-083;48;2026-01-03 00:00:00;641.7900;1585.7000;1405.2500;554.1400;2388.0800;9059.6300;47.4000;521.9400;2388.0800;8141.8100;8.4272;391.0000;1.0000;0;WO261098;640.49
2026-07-02;ENG-002;30;2026-01-02 06:00:00;642.7500;1583.7800;1409.9700;553.5800;2388.1200;9043.5700;47.4900;521.7400;2388.1100;8132.5800;8.4629;393.0000;0.9360;0;WO315980;909.49
02-Jul-2026;ENG-093;90;2026-01-04 18:00:00;642.6900;1587.1700;1410.1300;553.8000;2388.1700;9054.8800;47.5300;521.4600;2388.0900;8132.4200;8.4760;394.0000;1.0000;0;WO347075;781.17
02-Jul-2026;eng-084;76;2026-01-04 04:00:00;642.7700;1590.3600;1404.5000;553.5500;2388.1300;9049.6800;47.4700;521.3200;2388.1300;8132.6000;8.4181;391.0000;1.0000;0;WO459909;2,587.88
02-Jul-2026;ENG-042;95;2026-01-04 23:00:00;642.0500;1591.1300;1398.6300;553.8000;2388.0800;9050.1700;47.3600;521.6500;2388.0700;8125.8900;8.4160;391.0000;0.5680;0;WO617070;2982.59
2026-07-02;ENG-034;99;2026-01-05 03:00:00;642.3700;1580.7900;1395.6200;554.4800;2388.0600;9057.4900;47.0600;522.4400;2388.0100;8150.9200;8.4009;392.0000;0.8880;0;WO565824;
2026/07/02;ENG-034;81;2026-01-04 09:00:00;642.3200;1581.0200;1401.2700;554.4600;2387.9800;9065.9500;47.2300;522.5900;2387.9800;8143.2000;8.4342;392.0000;1.0000;0;WO499788;2547.10
02-Jul-2026;ENG-002;20;2026-01-01 20:00:00;642.7200;1589.1500;1400.6900;553.5100;2388.1200;9048.6100;47.5500;521.4300;2388.1500;8129.8800;8.4578;393.0000;1.0000;0;WO851725;796.90
2026/07/02;  ENG-030 ;72;2026-01-04 00:00:00;642.3100;1581.3100;1404.6100;554.1200;2388.1000;9042.7000;47.5100;521.2200;2388.1000;8128.9200;8.4061;393.0000;1.0000;0;WO315771;2,081.07
02-Jul-2026;ENG-084;115;2026-01-05 19:00:00;642.8100;1593.6200;1402.6600;553.3500;2388.1100;9053.5300;47.3600;521.3000;2388.1400;8130.3900;8.4374;394.0000;0.9200;0;WO933224;438.96
2026-07-02;ENG-052;112;2026-01-05 16:00:00;642.2600;1582.6300;1406.7500;554.9500;2388.0100;9060.8200;47.3400;522.7500;2388.0300;8141.0500;8.4339;394.0000;0.8480;0;WO312825;
2026/07/02;  ENG-009 ;33;2026-01-02 09:00:00;642.8100;1581.9700;1402.3200;552.7400;2388.0800;9053.1100;47.4300;520.9700;2388.1200;8129.2500;8.4533;394.0000;1.0000;0;WO715439;1057.67
02-Jul-2026;ENG-008;72;2026-01-04 00:00:00;642.2400;1585.3200;1404.7400;554.3500;2388.1000;9056.2900;47.3200;521.6800;2388.1200;8132.9800;8.4237;391.0000;1.0000;0;WO918265;2,985.22
2026/07/02;  ENG-086 ;63;2026-01-03 15:00:00;642.1300;1589.6600;1409.1300;553.8900;2388.0400;9063.4600;47.2800;521.6600;2388.0600;8143.9600;8.4119;393.0000;1.0000;0;WO746968;2,167.72
2026/07/02;ENG-042;84;2026-01-04 12:00:00;642.6100;1590.3400;1400.3800;554.7300;2388.0700;9043.8700;47.1600;521.8100;2388.0900;8137.2400;8.4355;392.0000;0.6560;0;WO553226;
2026-07-02;ENG-081;126;2026-01-06 06:00:00;642.4900;1586.0500;1411.5000;554.1600;2388.0500;9062.1100;47.6700;521.6000;2388.0700;8145.2600;8.4552;393.0000;0.7600;0;WO896346;2,596.11
02-Jul-2026;eng-016;48;2026-01-03 00:00:00;641.8100;1586.6300;1401.8200;553.1400;2388.0300;9047.6300;47.2900;521.7500;2388.0800;8129.8400;8.4347;393.0000;1.0000;0;WO654181;1183.17
2026-07-02;ENG-018;77;2026-01-04 05:00:00;642.1900;1585.7800;1399.2000;554.0000;2388.0200;9062.1600;47.4000;521.8400;2387.9500;8142.5100;8.4101;391.0000;0.6720;0;WO951762;1,289.18
2026-07-02;eng-084;103;2026-01-05 07:00:00;642.4200;1593.4900;1408.0300;553.2600;2388.0800;9053.6300;47.5300;521.8000;2388.0900;8136.1200;8.4336;392.0000;1.0000;0;WO795012;1,641.53
2026-07-02;ENG-028;101;2026-01-05 05:00:00;642.6100;1583.9000;1401.3600;553.2600;2388.1000;9049.5200;47.5200;521.8100;2388.0800;8132.8600;8.4640;391.0000;1.0000;0;WO728721;1271.56
2026-07-02;  ENG-057 ;101;2026-01-05 05:00:00;642.6300;1584.5600;1406.8300;553.3300;2388.1400;9050.4000;47.5100;522.3300;2388.1200;8128.1000;8.4881;395.0000;1.0000;0;WO720618;801.39
2026/07/02;ENG-030;95;2026-01-04 23:00:00;642.4100;1582.4900;1413.0700;553.7500;2388.1300;9050.3100;47.5000;521.8900;2388.0900;8130.8700;8.4491;392.0000;1.0000;0;WO766315;1810.64
2026-07-02;ENG-093;89;2026-01-04 17:00:00;642.1100;1591.2100;1409.6100;552.7400;2388.0900;9058.8700;47.7000;521.0700;2388.0900;8137.9100;8.4321;393.0000;1.0000;0;WO469694;1,004.98
2026/07/02;eng-080;68;2026-01-03 20:00:00;642.6800;1586.5500;1409.9800;554.3600;2388.0800;9067.1400;47.2800;522.0800;2388.0200;8140.0500;8.4500;390.0000;1.0000;0;WO521121;2713.07
02-Jul-2026;eng-054;45;2026-01-02 21:00:00;642.6000;1580.8700;1399.5400;554.5900;2388.0100;9052.3500;47.0400;522.5200;2388.0400;8140.0100;8.3909;391.0000;1.0000;0;WO761345;2,383.53
2026/07/02;ENG-012;107;2026-01-05 11:00:00;642.2600;1592.8800;1395.5300;554.6100;2388.0300;9052.4000;47.0600;522.1900;2388.0200;8141.1900;8.3999;391.0000;1.0000;0;WO114993;2,475.49
02-Jul-2026;  ENG-084 ;71;2026-01-03 23:00:00;643.1500;1589.4000;1406.1100;553.6200;2388.0900;9051.4500;47.4500;521.6500;2388.0400;8134.0000;8.3932;393.0000;1.0000;0;WO566309;1,549.53
2026-07-02;ENG-026;42;2026-01-02 18:00:00;642.1900;1591.4400;1402.3100;554.4400;2388.0000;9066.2100;47.3000;521.8200;2388.0000;8145.5200;8.3958;392.0000;1.0000;0;WO830829;
2026-07-02;ENG-051;71;2026-01-03 23:00:00;642.1100;1587.7000;1408.6300;554.0900;2388.0900;9046.3200;47.4000;521.6400;2388.0700;8134.1000;8.3984;392.0000;1.0000;0;WO724130;2527.55
2026/07/02;ENG-029;77;2026-01-04 05:00:00;641.8200;1589.4000;1401.4000;554.2100;2388.1200;9064.9300;47.5700;522.1500;2388.0300;8139.9600;8.4256;389.0000;1.0000;0;WO957530;
02-Jul-2026;  ENG-076 ;116;2026-01-05 20:00:00;642.1000;1585.2200;1401.6500;554.4400;2388.0500;9067.7300;47.2300;522.3400;2388.0200;8148.5500;8.4218;392.0000;0.7920;0;WO308921;1415.90
02-Jul-2026;  ENG-003 ;49;2026-01-03 01:00:00;642.2900;1592.8500;1406.7400;553.6400;2388.1200;9047.4800;47.5400;521.5400;2388.0800;8131.2300;8.4352;394.0000;1.0000;0;WO130401;2589.12
02-Jul-2026;ENG-041;45;2026-01-02 21:00:00;642.1700;1589.2200;1401.3400;554.4200;2388.0100;9057.2000;47.3500;522.5000;2388.0100;8131.6400;8.4196;391.0000;0.7680;0;WO152311;1182.48
2026/07/02;eng-096;37;2026-01-02 13:00:00;642.0200;1580.2900;1396.0800;554.4300;2387.9800;9071.8500;47.1800;522.4400;2387.9600;8144.0400;8.4111;391.0000;1.0000;0;WO149328;2,600.90
2026-07-02;ENG-013;102;2026-01-05 06:00:00;642.0600;1594.9400;1402.9200;553.6800;2388.0100;9060.9400;47.5100;521.8900;2388.0200;8143.5000;8.4141;391.0000;1.0000;0;WO307576;434.86
02-Jul-2026;ENG-098;74;2026-01-04 02:00:00;642.4400;1590.6800;1414.3100;552.7300;2388.0700;9062.0000;47.2300;522.0100;2388.0400;8142.1200;8.4397;393.0000;;0;WO618442;639.19
02-Jul-2026;ENG-050;33;2026-01-02 09:00:00;642.7100;1586.2700;1402.8300;554.1300;2388.0300;9066.6100;47.3200;521.8900;2388.0200;8139.1100;8.4321;392.0000;0.9600;0;WO785080;261.54
2026/07/02;ENG-091;86;2026-01-04 14:00:00;642.8800;1597.1700;1410.4900;553.7200;2388.1500;9051.5200;47.6100;521.4500;2388.1900;8127.7500;8.4544;393.0000;1.0000;0;WO705725;
02-Jul-2026;ENG-048;49;2026-01-03 01:00:00;642.2100;1591.3900;1406.0000;553.5400;2388.0900;9053.9400;47.4300;521.5000;2388.0600;8138.8400;8.4461;392.0000;0.9680;0;WO184805;1709.15
2026/07/02;ENG-062;86;2026-01-04 14:00:00;641.5700;1587.0800;1398.4800;555.1400;2388.0000;9050.3700;47.1600;522.2700;2388.0400;8145.2600;8.3975;391.0000;1.0000;0;WO658262;
2026-07-02;ENG-088;33;2026-01-02 09:00:00;642.3400;1589.1900;1408.0200;553.1000;2388.1200;9040.9300;47.5700;521.7800;2388.1400;8126.2400;8.4775;395.0000;1.0000;0;WO250622;2099.61
2026-07-02;ENG-048;39;2026-01-02 15:00:00;642.5800;1582.3700;1404.1600;554.4300;2388.0700;9055.4100;47.2900;521.5900;2388.0500;8142.1000;8.4286;392.0000;1.0000;0;WO262197;1,256.25
2026/07/02;ENG-005;66;2026-01-03 18:00:00;642.7900;1595.7000;1415.0700;553.4200;2388.0800;9051.4600;47.4300;521.3600;2388.1200;8135.8200;8.4331;392.0000;0.9840;0;WO214016;1,783.64
02-Jul-2026;ENG-042;98;2026-01-05 02:00:00;642.6000;1583.7300;1397.5100;554.2100;2388.1300;9041.4600;47.3500;521.2100;2388.0600;8129.0400;8.4483;393.0000;0.5440;0;WO779602;2721.84
02-Jul-2026;ENG-094;50;2026-01-03 02:00:00;643.0500;1582.9600;1405.3000;553.3300;2388.0800;9057.8700;47.5600;520.9200;2388.1000;8137.7000;8.4498;393.0000;1.0000;0;WO589717;1,639.81
02-Jul-2026;ENG-068;118;2026-01-05 22:00:00;642.3200;1587.8100;1410.1400;553.1600;2388.0900;9053.4800;47.1300;520.9700;2388.1000;8139.7600;8.4453;393.0000;0.6160;0;WO848178;626.36
02-Jul-2026;ENG-005;53;2026-01-03 05:00:00;642.2500;1594.8000;1407.6600;553.4900;2388.0700;9055.0900;47.5400;521.5000;2388.0900;8131.3300;8.4475;392.0000;1.0000;0;WO204597;455.00
02-Jul-2026;eng-053;81;2026-01-04 09:00:00;643.0100;1582.7400;1400.7800;554.7500;2388.0200;9061.4100;47.2500;522.4900;2388.0500;8136.9400;8.4224;391.0000;0.8720;0;WO108511;2,884.94
2026-07-02;ENG-070;65;2026-01-03 17:00:00;642.7800;1590.9600;1401.7400;553.3100;2388.0400;9044.8300;47.3500;521.2600;2388.0400;8132.5500;8.4344;394.0000;;0;WO969905;2053.03
2026-07-02;ENG-089;96;2026-01-05 00:00:00;642.8400;1589.4900;1410.0400;553.5500;2388.1300;9050.1000;47.4900;521.5400;2388.0400;8126.2200;8.4966;394.0000;1.0000;0;WO866686;706.09
02-Jul-2026;ENG-076;85;2026-01-04 13:00:00;642.2100;1584.7900;1409.1800;553.9200;2388.0100;9060.3700;47.2000;521.7100;2388.0500;8138.9100;8.3989;392.0000;1.0000;0;WO329887;232.50
2026-07-02;ENG-082;66;2026-01-03 18:00:00;642.4800;1591.6100;1401.6400;554.2400;2388.0300;9069.0400;47.3100;521.6300;2388.0500;8146.7900;8.4043;391.0000;0.8400;0;WO765426;260.63
02-Jul-2026;  ENG-010 ;97;2026-01-05 01:00:00;642.1700;1581.4800;1396.3400;554.5100;2388.0900;9066.5300;47.2200;522.3000;2388.0000;8140.9200;8.4219;391.0000;1.0000;0;WO213946;972.38
2026-07-02;ENG-028;102;2026-01-05 06:00:00;643.0300;1590.0500;1405.7600;553.4500;2388.1100;9049.0900;47.4400;521.4800;2388.0800;8136.8200;8.4489;391.0000;1.0000;0;WO791913;1741.40
02-Jul-2026;eng-083;40;2026-01-02 16:00:00;642.4700;1581.2300;1403.4800;554.6900;2388.0300;9051.6900;47.4100;522.1200;2388.0100;8138.2300;8.3944;390.0000;1.0000;0;WO584244;
2026-07-02;  ENG-027 ;91;2026-01-04 19:00:00;642.1100;1595.6600;1402.4800;554.1800;2388.0700;9043.0600;47.0800;521.7400;2388.0200;8129.3500;8.3904;392.0000;0.9200;0;WO562886;2146.48
2026/07/02;eng-084;94;2026-01-04 22:00:00;642.3900;1588.1300;1403.1800;553.3700;2388.1300;9057.4400;47.5100;521.2300;2388.0800;8141.0700;8.4027;392.0000;1.0000;0;WO400277;1,748.04
02-Jul-2026;  ENG-035 ;131;2026-01-06 11:00:00;643.2300;1597.1200;1411.9100;552.8700;2388.2500;9067.3900;47.4600;521.2000;2388.1200;8136.8700;8.4261;395.0000;0.6240;0;WO255866;1,267.14
2026-07-02;eng-040;56;2026-01-03 08:00:00;642.5900;1595.6600;1408.0800;553.1900;2388.1100;9061.2100;47.5300;521.3400;2388.1100;8137.9000;8.4696;393.0000;0.8400;0;WO456378;2855.94
02-Jul-2026;ENG-068;84;2026-01-04 12:00:00;642.3900;1580.7700;1397.7700;554.4800;2388.0800;9060.6800;47.5300;521.9600;2388.0500;8138.5300;8.4205;392.0000;0.8880;0;WO211806;2645.74
02-Jul-2026;ENG-003;62;2026-01-03 14:00:00;642.5000;1594.7200;1396.9600;553.8300;2388.1500;9054.3200;47.5700;521.5200;2388.1100;8129.6400;8.4120;393.0000;1.0000;0;WO875272;1312.67
2026-07-02;ENG-024;122;2026-01-06 02:00:00;641.8100;1584.1400;1404.2400;553.5800;2387.9700;9078.0600;47.4700;521.6900;2388.0000;8155.0500;8.4056;392.0000;0.6720;0;WO261167;2,393.18
02-Jul-2026;ENG-034;94;2026-01-04 22:00:00;642.3600;1590.2600;1395.2400;553.0800;2388.0200;9062.6700;47.3500;521.7900;2388.0700;8152.3200;8.4112;392.0000;;0;WO278681;2,227.15
2026/07/02;ENG-081;100;2026-01-05 04:00:00;641.9500;1583.4600;1406.1200;553.5800;2388.0600;9065.1000;47.4000;522.0500;2388.0600;8147.7800;8.4284;392.0000;0.9680;0;WO105706;2962.51
2026-07-02;ENG-084;72;2026-01-04 00:00:00;643.0700;1585.2700;1408.9000;553.7400;2388.0800;9054.6200;47.6300;521.4700;2388.0700;8137.8900;8.4218;391.0000;1.0000;0;WO216315;718.99
02-Jul-2026;ENG-097;85;2026-01-04 13:00:00;642.5300;1594.3500;1402.2100;553.9200;2388.0600;9073.5100;47.3800;522.1700;2388.0300;8148.3100;8.4151;393.0000;1.0000;0;WO372997;1434.84
02-Jul-2026;eng-067;47;2026-01-02 23:00:00;642.4000;1585.2300;1401.0600;553.0700;2388.0300;9057.8700;47.4700;521.8700;2388.0300;8139.9100;8.4340;392.0000;;0;WO924043;189.53
02-Jul-2026;eng-066;60;2026-01-03 12:00:00;642.7600;1593.7300;1403.9100;553.8300;2388.0900;9069.4000;47.4300;521.5700;2388.1400;8142.6400;8.4482;392.0000;0.8080;0;WO373322;1,284.72
2026-07-02;ENG-031;78;2026-01-04 06:00:00;642.3200;1590.4800;1395.2700;553.5400;2388.0100;9066.2800;47.3600;522.3700;2388.1000;8145.7400;8.3895;391.0000;1.0000;0;WO795299;2,391.08
2026-07-02;ENG-032;77;2026-01-04 05:00:00;641.7300;1587.6800;1390.4400;554.7000;2387.9700;9077.0900;47.1700;522.2000;2387.9600;8155.4700;8.4092;391.0000;0.9280;0;WO436287;1,005.12
2026-07-02;ENG-030;56;2026-01-03 08:00:00;642.5500;1591.0800;1401.2700;553.1600;2388.0900;9040.0000;47.3700;521.0200;2388.1200;8126.5400;8.4449;394.0000;;0;WO593689;1,044.54
02-Jul-2026;eng-081;73;2026-01-04 01:00:00;642.5100;1592.9500;1407.1500;553.8000;2388.0200;9070.5400;47.2400;521.6300;2388.0400;8150.6400;8.4231;392.0000;1.0000;0;WO707355;2087.21
2026-07-02;ENG-036;64;2026-01-03 16:00:00;643.1600;1591.7300;1408.1200;553.2400;2388.1100;9058.7200;47.4800;521.0700;2388.0900;8135.5300;8.4599;393.0000;0.6480;0;WO409261;2699.23
2026-07-02;  ENG-076 ;79;2026-01-04 07:00:00;641.9900;1585.2200;1403.7600;554.5900;2388.0000;9065.0100;47.2300;521.9800;2388.0400;8145.3800;8.3893;392.0000;1.0000;0;WO290493;268.26
2026/07/02;ENG-002;29;2026-01-02 05:00:00;642.4300;1581.8500;1401.9400;553.8200;2388.1000;9048.6800;47.3700;521.1500;2388.1200;8124.7000;8.4347;394.0000;;0;WO873948;1252.45
02-Jul-2026;ENG-053;87;2026-01-04 15:00:00;642.4800;1584.9900;1407.4800;554.0500;2388.0400;9060.2900;47.2800;522.1700;2388.0800;8144.6200;8.4271;390.0000;0.8240;0;WO421510;2423.59
2026/07/02;ENG-012;105;2026-01-05 09:00:00;642.3600;1592.4500;1402.3200;554.6500;2387.9700;9060.7000;47.2500;522.4200;2388.0500;8140.9400;8.3980;392.0000;1.0000;0;WO280381;525.05
2026/07/02;ENG-075;39;2026-01-02 15:00:00;642.4100;1590.1700;1395.7200;554.7500;2387.9900;9058.6500;47.2700;522.1400;2388.0900;8140.4700;8.3995;392.0000;1.0000;0;WO538489;2630.91
2026/07/02;ENG-089;116;2026-01-05 20:00:00;642.6800;1592.3300;1406.7500;552.8200;2388.1400;9048.4800;47.4900;521.2600;2388.0700;8127.1900;8.4310;392.0000;1.0000;0;WO840582;2825.10
2026/07/02;  ENG-057 ;76;2026-01-04 04:00:00;642.6100;1587.2500;1400.8800;553.7600;2388.1200;9041.0000;47.5200;522.1200;2388.1000;8130.6800;8.4405;393.0000;1.0000;0;WO454682;2966.63
02-Jul-2026;ENG-024;93;2026-01-04 21:00:00;642.3900;1583.4100;1399.3300;554.0000;2388.0000;9070.4100;47.1700;522.0100;2387.9800;8154.6100;8.4025;390.0000;0.9040;0;WO916924;524.95
02-Jul-2026;eng-040;87;2026-01-04 15:00:00;643.5200;1592.6900;1414.4300;552.8900;2388.1300;9055.6700;47.6500;520.8800;2388.1500;8134.4100;8.4559;394.0000;0.5920;0;WO480024;
2026-07-02;ENG-011;30;2026-01-02 06:00:00;642.4800;1592.1400;1412.5200;553.3200;2388.1400;9037.6300;47.5600;521.0000;2388.1600;8120.4700;8.4217;393.0000;1.0000;0;WO563841;2704.76
2026-07-02;ENG-037;63;2026-01-03 15:00:00;641.8300;1591.5000;1397.1600;554.3800;2388.0400;9057.4500;47.4500;522.1600;2388.1200;8140.9000;8.4125;390.0000;0.6320;0;WO811492;2918.00
2026-07-02;ENG-084;96;2026-01-05 00:00:00;642.6200;1587.0700;1417.0700;553.6000;2388.1300;9059.5700;47.4100;521.4300;2388.0900;8138.0800;8.4423;394.0000;1.0000;0;WO917258;973.29
02-Jul-2026;eng-043;111;2026-01-05 15:00:00;642.3200;1585.8800;1408.7000;554.1500;2388.0500;9049.4800;47.5100;521.3000;2388.1200;8128.0200;8.4757;393.0000;0.9600;0;WO411445;2,093.47
2026/07/02;  ENG-035 ;73;2026-01-04 01:00:00;641.7800;1588.7200;1405.7900;553.1500;2388.1700;9046.0300;47.4300;520.8700;2388.1200;8137.5500;8.4496;393.0000;1.0000;0;WO964881;
2026-07-02;ENG-013;113;2026-01-05 17:00:00;642.1100;1580.4500;1392.7500;554.1700;2388.0400;9051.8800;47.1500;522.3300;2388.0800;8143.5900;8.3835;392.0000;1.0000;0;WO655092;1,758.88
02-Jul-2026;ENG-052;125;2026-01-06 05:00:00;642.2900;1585.9400;1396.7100;554.3400;2388.0100;9065.3800;46.9900;522.0700;2388.0200;8148.7000;8.3948;392.0000;0.7440;0;WO843129;1850.49
02-Jul-2026;ENG-034;96;2026-01-05 00:00:00;642.3900;1584.8500;1398.2100;554.6900;2388.0400;9060.8500;47.2200;522.0600;2388.0400;8143.3400;8.4206;392.0000;0.9120;0;WO373234;2258.72
02-Jul-2026;ENG-030;69;2026-01-03 21:00:00;642.7300;1589.2000;1400.2800;552.9800;2388.1100;9045.0000;47.5400;521.3400;2388.1400;8124.8000;8.4108;393.0000;1.0000;0;WO979316;86.04
02-Jul-2026;ENG-014;29;2026-01-02 05:00:00;642.5600;1587.6600;1418.6900;552.9100;2388.1600;9024.5300;47.5200;521.7100;2388.1600;8115.4400;8.4619;393.0000;0.9920;0;WO219571;654.44
2026/07/02;ENG-065;43;2026-01-02 19:00:00;642.1500;1586.7500;1399.6000;554.3000;2387.9900;9056.0900;46.9900;522.4100;2387.9600;8146.4300;8.4309;390.0000;1.0000;0;WO387772;2458.59
02-Jul-2026;ENG-056;87;2026-01-04 15:00:00;643.4900;1590.4000;1414.9800;552.6900;2388.2100;9044.0400;47.5900;521.1900;2388.2200;8121.5300;8.4750;393.0000;0.5120;0;WO346750;599.10
2026/07/02;ENG-081;72;2026-01-04 00:00:00;642.2500;1589.1900;1402.4500;554.2700;2388.0100;9062.2000;47.4100;521.7400;2388.0300;8149.5600;8.4091;395.0000;1.0000;0;WO734712;2524.67
2026-07-02;ENG-023;45;2026-01-02 21:00:00;641.8400;1579.1700;1398.1600;554.3600;2388.0400;9045.8600;47.1500;522.3000;2387.9900;8136.4700;8.4138;391.0000;1.0000;0;WO689106;2700.21
2026/07/02;ENG-011;40;2026-01-02 16:00:00;643.0400;1585.8900;1408.3900;552.9300;2388.1600;9040.4500;47.5300;521.4900;2388.1300;8119.9700;8.4284;394.0000;1.0000;0;WO388523;2239.13
2026/07/02;ENG-007;63;2026-01-03 15:00:00;642.0700;1581.2400;1403.0300;554.2200;2388.0000;9059.1000;47.0700;522.1500;2388.0200;8141.6900;8.3925;392.0000;1.0000;0;WO256548;
02-Jul-2026;ENG-089;104;2026-01-05 08:00:00;643.0000;1583.9000;1412.7000;553.4500;2388.1600;9045.8900;47.3700;521.8200;2388.1700;8128.3500;8.4375;393.0000;1.0000;0;WO381368;2045.39
02-Jul-2026;ENG-068;109;2026-01-05 13:00:00;642.5400;1596.7500;1409.0000;554.7200;2388.0200;9055.8400;47.6100;521.9000;2388.1000;8144.1000;8.3954;393.0000;0.6880;0;WO287921;
2026/07/02;  ENG-043 ;101;2026-01-05 05:00:00;642.4600;1593.8800;1401.7100;553.4300;2388.0800;9058.6100;47.4600;521.6000;2388.0600;8127.9000;8.4485;393.0000;1.0000;0;WO539455;2597.38
2026-07-02;ENG-020;93;2026-01-04 21:00:00;642.7700;1587.5000;1409.8200;553.6700;2388.0100;9064.6300;47.2000;521.6300;2388.0700;8144.1500;8.4347;393.0000;0.8560;0;WO708179;2,877.82
2026/07/02;ENG-089;87;2026-01-04 15:00:00;642.3000;1587.3300;1412.8700;553.2000;2388.1100;9043.7000;47.6000;521.6200;2388.1300;8127.1000;8.4048;393.0000;1.0000;0;WO709141;2418.04
2026-07-02;ENG-019;82;2026-01-04 10:00:00;642.4400;1593.6600;1402.3800;554.3000;2388.1000;9052.7200;47.3200;522.8000;2387.9600;8138.8000;8.4091;392.0000;1.0000;0;WO511553;2,286.92
2026/07/02;ENG-073;49;2026-01-03 01:00:00;642.1900;1582.4700;1393.7100;554.8800;2388.0400;9052.7700;47.2300;522.0200;2388.0000;8137.3000;8.3818;390.0000;1.0000;0;WO196843;937.63
2026/07/02;eng-038;83;2026-01-04 11:00:00;642.9300;1593.0000;1403.5600;553.2100;2388.1400;9059.2500;47.8200;521.8000;2388.1800;8134.7500;8.4619;393.0000;0.7360;0;WO593409;1,537.51
2026-07-02;ENG-043;59;2026-01-03 11:00:00;642.5500;1582.5600;1398.6700;553.6300;2388.0800;9049.1700;47.4300;521.9700;2388.0700;8130.5400;8.3986;392.0000;;0;WO409176;2976.07
02-Jul-2026;ENG-036;67;2026-01-03 19:00:00;642.4200;1591.3700;1412.5200;552.5500;2388.1200;9059.0600;47.6000;521.4800;2388.1400;8137.5700;8.4760;394.0000;0.6240;0;WO178094;
02-Jul-2026;ENG-055;75;2026-01-04 03:00:00;642.3600;1589.0800;1402.6400;554.1500;2388.0800;9056.9700;47.3900;522.1700;2388.1400;8138.8800;8.4272;393.0000;1.0000;0;WO346474;764.94
02-Jul-2026;ENG-040;68;2026-01-03 20:00:00;642.5700;1592.7400;1414.1500;552.5200;2388.1000;9058.8800;47.6200;521.1900;2388.1200;8131.4400;8.4292;395.0000;0.7440;0;WO322732;2,354.95
02-Jul-2026;ENG-020;83;2026-01-04 11:00:00;642.1500;1590.5800;1404.5200;553.8400;2388.0300;9064.8500;47.4600;522.1400;2388.0400;8139.7400;8.4088;392.0000;0.9360;0;WO618463;1,964.58
2026-07-02;  ENG-038 ;47;2026-01-02 23:00:00;642.6200;1592.0000;1409.0200;553.1800;2388.1000;9049.8900;47.5700;521.4000;2388.1000;8136.1300;8.4613;394.0000;1.0000;0;WO745805;254.22
02-Jul-2026;ENG-029;92;2026-01-04 20:00:00;642.5800;1580.6900;1404.0100;553.9700;2388.0500;9062.0400;47.3400;521.9900;2388.0600;8139.6700;8.4225;393.0000;1.0000;0;WO819222;294.13
2026-07-02;  ENG-007 ;82;2026-01-04 10:00:00;642.2700;1587.8700;1400.4300;554.6700;2387.9600;9057.6200;47.2500;522.1100;2388.0000;8140.8500;8.3623;392.0000;1.0000;0;WO177766;2,024.49
2026/07/02;ENG-056;72;2026-01-04 00:00:00;642.9500;1597.0100;1416.3800;553.0600;2388.1600;9046.4100;47.6200;520.5800;2388.1700;8127.9400;8.4550;395.0000;0.6320;0;WO186026;1206.05
2026-07-02;ENG-061;55;2026-01-03 07:00:00;641.9500;1580.0000;1394.5800;554.8100;2388.0200;9064.6300;47.0400;522.1000;2388.0100;8148.7500;8.3858;391.0000;1.0000;0;WO767645;2,020.06
02-Jul-2026;ENG-072;83;2026-01-04 11:00:00;642.4200;1586.9600;1410.7000;554.3700;2388.0600;9061.7800;47.3600;522.2600;2388.0100;8144.3300;8.4467;394.0000;0.7840;0;WO320552;296.83
2026/07/02;ENG-021;62;2026-01-03 14:00:00;642.5100;1588.8600;1400.1600;553.8100;2388.0400;9055.3700;47.2700;522.5500;2388.0000;8140.4200;8.4257;393.0000;1.0000;0;WO450396;2560.56
2026/07/02;ENG-088;43;2026-01-02 19:00:00;642.7500;1585.5200;1402.6600;553.7400;2388.1300;9037.0100;47.5600;521.2600;2388.1300;8121.0500;8.4990;392.0000;1.0000;0;WO281473;1,495.57
2026/07/02;ENG-071;34;2026-01-02 10:00:00;642.8000;1574.4800;1400.0700;553.8400;2388.0200;9069.6000;47.4500;521.5300;2388.0500;8150.6400;8.4294;393.0000;1.0000;0;WO426297;396.62
02-Jul-2026;eng-086;70;2026-01-03 22:00:00;642.1300;1594.3200;1404.7900;553.9400;2388.0900;9060.4000;47.5000;521.6800;2388.1100;8145.0300;8.4185;391.0000;1.0000;0;WO278077;2185.77
2026/07/02;ENG-078;36;2026-01-02 12:00:00;641.8600;1589.5500;1396.8200;554.8900;2387.9700;9065.5200;46.9900;522.6400;2388.0000;8148.3100;8.3797;391.0000;1.0000;0;WO456793;271.23
02-Jul-2026;ENG-077;58;2026-01-03 10:00:00;642.5300;1584.0400;1399.6300;553.6400;2388.0600;9057.4000;47.1400;521.3900;2388.0700;8128.8400;8.3943;392.0000;1.0000;0;WO139914;2,641.30
2026/07/02;ENG-049;185;2026-01-08 17:00:00;642.6700;1585.3500;1402.1300;553.9700;2388.0500;9059.2600;47.6100;522.1000;2388.0600;8135.1800;8.4132;392.0000;1.0000;0;WO103644;50.79
2026-07-02;  ENG-024 ;105;2026-01-05 09:00:00;642.2400;1585.6900;1403.2200;553.9700;2388.0200;9062.8800;47.2800;521.8200;2388.0100;8150.8500;8.4332;392.0000;0.8080;0;WO477574;1502.99
2026/07/02;ENG-061;87;2026-01-04 15:00:00;642.3500;1585.1500;1400.0100;553.9100;2387.9900;9069.0800;47.1000;521.8200;2388.0100;8150.6600;8.4407;394.0000;0.7440;0;WO407641;61.21
2026/07/02;ENG-012;140;2026-01-06 20:00:00;642.4000;1585.8600;1403.7500;553.9900;2388.0400;9046.1700;47.2700;522.4700;2388.0300;8139.5800;8.3619;392.0000;1.0000;0;WO858252;2,081.45
02-Jul-2026;ENG-097;55;2026-01-03 07:00:00;642.5600;1589.1500;1395.8600;554.3400;2388.0400;9063.0500;47.1600;522.4500;2388.0200;8145.9600;8.4252;391.0000;1.0000;0;WO776497;1,256.73
02-Jul-2026;ENG-053;61;2026-01-03 13:00:00;642.3100;1595.9900;1396.9900;554.1300;2388.0400;9055.2700;47.1800;522.0700;2388.0900;8137.2600;8.4060;392.0000;1.0000;0;WO107768;1301.72
02-Jul-2026;ENG-040;59;2026-01-03 11:00:00;642.6900;1591.7100;1413.6700;553.1400;2388.1100;9056.6400;47.8300;520.6700;2388.1300;8135.3200;8.4381;394.0000;0.8160;0;WO160013;1970.24
02-Jul-2026;  ENG-093 ;104;2026-01-05 08:00:00;642.6400;1592.0400;1406.6600;552.9800;2388.1300;9058.6100;47.6100;520.8700;2388.1700;8140.4100;8.4344;393.0000;1.0000;0;WO299556;1451.40
2026/07/02;  ENG-093 ;106;2026-01-05 10:00:00;642.9400;1587.4200;1405.7300;553.7500;2388.0800;9057.5000;47.6400;521.5100;2388.1100;8140.5700;8.4492;393.0000;1.0000;0;WO155613;1,964.15
2026/07/02;eng-072;82;2026-01-04 10:00:00;642.2500;1584.3500;1406.2700;554.0900;2388.0000;9060.1900;47.3400;521.6300;2388.0900;8143.3400;8.4249;392.0000;0.7920;0;WO450856;410.41
2026/07/02;eng-018;46;2026-01-02 22:00:00;642.3500;1579.2200;1402.4000;554.2400;2388.0300;9065.4000;47.3500;521.9400;2387.9700;8147.4400;8.3944;392.0000;0.9200;0;WO663098;2959.77
2026/07/02;ENG-019;89;2026-01-04 17:00:00;642.0200;1578.6100;1400.1100;554.3400;2388.0400;9053.1800;47.1100;521.7600;2388.0600;8140.8100;8.4009;392.0000;1.0000;0;WO755208;1789.40
02-Jul-2026;eng-022;21;2026-01-01 21:00:00;642.5600;1581.4200;1404.4000;553.7900;2388.1100;9052.9600;47.4600;521.9900;2388.0900;8131.1300;8.4487;393.0000;1.0000;0;WO164709;870.40
02-Jul-2026;ENG-019;75;2026-01-04 03:00:00;642.3400;1592.0900;1392.8800;553.6700;2388.0600;9053.6800;47.2700;522.0900;2388.0200;8133.4800;8.4045;391.0000;1.0000;0;WO676456;1510.71
2026/07/02;ENG-064;68;2026-01-03 20:00:00;642.9900;1588.7800;1413.3400;553.5100;2388.0700;9060.0100;47.4700;522.4300;2387.9900;8133.5400;8.4381;393.0000;1.0000;0;WO678185;685.80
02-Jul-2026;ENG-097;79;2026-01-04 07:00:00;642.2400;1585.7200;1406.1700;553.8100;2387.9900;9066.8300;47.2700;522.3700;2388.0400;8149.2500;8.3575;391.0000;1.0000;0;WO891018;186.15
2026-07-02;ENG-076;102;2026-01-05 06:00:00;642.3300;1585.8900;1402.5600;554.6700;2388.0700;9061.9500;47.3400;522.1700;2388.0200;8147.0200;8.4286;393.0000;0.9040;0;WO995592;2,533.02
2026-07-02;ENG-006;48;2026-01-03 00:00:00;642.8900;1590.4300;1402.8200;554.2400;2388.1000;9046.9300;47.2400;521.5000;2388.1000;8137.9100;8.4492;393.0000;;0;WO384593;2066.04
02-Jul-2026;ENG-070;58;2026-01-03 10:00:00;642.1900;1582.7700;1399.6700;553.3300;2388.1000;9055.7100;47.4100;521.8400;2388.0600;8129.1200;8.4150;392.0000;1.0000;0;WO210518;
2026-07-02;ENG-018;70;2026-01-03 22:00:00;641.7400;1588.9000;1398.6000;553.9500;2388.0500;9062.3300;47.1500;521.6100;2388.0400;8143.0800;8.3778;392.0000;0.7280;0;WO680330;1471.12
2026/07/02;ENG-056;55;2026-01-03 07:00:00;642.5500;1592.8700;1413.8000;553.5400;2388.1600;9046.8800;47.6700;520.9500;2388.1700;8121.5300;8.4615;395.0000;0.7680;0;WO263261;2,259.12
2026/07/02;ENG-063;94;2026-01-04 22:00:00;642.7600;1595.0100;1411.5000;554.0900;2388.0700;9052.2100;47.4300;521.0900;2388.0800;8130.6700;8.4495;391.0000;1.0000;0;WO721578;2,803.03
2026/07/02;ENG-014;31;2026-01-02 07:00:00;642.5200;1584.2000;1415.3400;552.5500;2388.1400;9042.6300;47.7000;520.7700;2388.1500;8116.5700;8.4505;393.0000;0.9760;0;WO871780;601.36
2026/07/02;ENG-013;99;2026-01-05 03:00:00;642.2800;1583.9400;1390.3400;553.7800;2388.1000;9057.9000;47.3800;522.3600;2387.9900;8144.8300;8.3928;392.0000;1.0000;0;WO430067;1,729.64
02-Jul-2026;ENG-057;104;2026-01-05 08:00:00;642.1600;1587.8400;1415.5200;553.4000;2388.1100;9048.7400;47.5100;522.0700;2388.1500;8130.6900;8.4430;394.0000;1.0000;0;WO407586;626.65
02-Jul-2026;ENG-090;69;2026-01-03 21:00:00;642.3600;1595.0300;1404.4100;553.0900;2388.1000;9056.5300;47.3800;522.1300;2388.1000;8132.8600;8.4375;394.0000;0.8400;0;WO340198;752.98
2026-07-02;ENG-069;28;2026-01-02 04:00:00;642.6500;1592.8800;1402.0000;553.7100;2388.1800;9040.4800;47.4000;521.3900;2388.1100;8127.0600;8.4363;393.0000;1.0000;0;WO292048;1,585.91
2026/07/02;  ENG-098 ;44;2026-01-02 20:00:00;642.4800;1582.3800;1401.2700;553.1000;2388.1000;9059.7100;47.2800;522.1700;2388.0300;8140.5800;8.4357;391.0000;1.0000;0;WO606893;743.88
2026/07/02;ENG-030;70;2026-01-03 22:00:00;642.7100;1588.8000;1404.7100;553.5800;2388.1600;9044.7900;47.5800;521.7100;2388.1100;8128.4400;8.4352;393.0000;1.0000;0;WO871576;907.77
2026-07-02;ENG-070;57;2026-01-03 09:00:00;642.2100;1589.1600;1402.4000;553.0400;2388.0400;9048.5600;47.1600;521.8200;2388.0400;8132.4000;8.4452;392.0000;1.0000;0;WO259000;804.48
2026-07-02;ENG-040;73;2026-01-04 01:00:00;642.3600;1585.3300;1406.4400;553.1600;2388.1600;9063.9100;47.7100;521.7000;2388.1800;8140.4700;8.4124;393.0000;0.7040;0;WO585126;319.91
2026-07-02;ENG-007;73;2026-01-04 01:00:00;642.4700;1587.5600;1396.8700;554.0700;2388.0400;9062.6200;47.3400;522.1600;2388.0500;8141.7600;8.3868;392.0000;1.0000;0;WO298337;754.98
2026/07/02;ENG-035;104;2026-01-05 08:00:00;642.5100;1587.6800;1414.9700;553.3400;2388.0900;9055.0700;47.7200;521.3800;2388.0900;8133.3400;8.4487;395.0000;0.8400;0;WO860092;
2026-07-02;eng-081;97;2026-01-05 01:00:00;642.2200;1584.5500;1403.9500;554.1900;2388.0900;9068.4500;47.4600;521.4800;2388.0400;8148.6900;8.4060;393.0000;0.9920;0;WO539898;
2026-07-02;ENG-024;117;2026-01-05 21:00:00;642.1300;1590.4800;1397.0800;554.0300;2388.0600;9068.8800;47.2500;522.1600;2388.0700;8160.5800;8.4092;393.0000;0.7120;0;WO918170;2935.52
2026-07-02;ENG-062;137;2026-01-06 17:00:00;642.4800;1590.4800;1394.3500;553.9100;2388.0200;9062.7700;47.1500;522.2600;2387.9800;8140.2600;8.3903;391.0000;1.0000;0;WO867597;1,413.60
02-Jul-2026;ENG-093;123;2026-01-06 03:00:00;642.9000;1592.8200;1407.7900;553.0400;2388.0800;9064.2100;47.5500;521.5800;2388.1100;8140.8600;8.4538;394.0000;1.0000;0;WO281304;687.62
2026/07/02;ENG-081;137;2026-01-06 17:00:00;642.3600;1587.4400;1406.4300;553.8900;2388.1300;9070.2300;47.5500;521.4000;2388.0700;8155.1400;8.4483;393.0000;0.6720;0;WO862387;2053.17
2026-07-02;ENG-081;135;2026-01-06 15:00:00;642.8000;1585.3600;1404.9400;552.5600;2388.0300;9073.1600;47.6500;521.2100;2388.0800;8143.7100;8.4168;391.0000;0.6880;0;WO347498;540.26
2026/07/02;ENG-012;87;2026-01-04 15:00:00;642.1500;1589.1800;1397.0200;554.7400;2388.0300;9062.9000;47.1200;522.1800;2388.0700;8139.7800;8.3490;393.0000;1.0000;0;WO223532;1198.71
2026-07-02;ENG-091;82;2026-01-04 10:00:00;642.8200;1594.2100;1408.5900;552.9300;2388.1800;9052.3900;47.5600;521.1700;2388.1300;8129.2100;8.4590;393.0000;1.0000;0;WO572279;59.58
2026/07/02;  ENG-098 ;49;2026-01-03 01:00:00;642.3500;1584.6600;1408.3800;553.7800;2388.0400;9066.2700;47.4200;522.2100;2388.0800;8142.1400;8.4551;392.0000;1.0000;0;WO843545;122.26
2026-07-02;ENG-061;88;2026-01-04 16:00:00;642.6700;1593.2200;1392.6100;554.6100;2388.0200;9057.4800;47.4700;522.0700;2388.0200;8149.7400;8.4432;392.0000;0.7360;0;WO420634;1533.04
2026-07-02;  ENG-081 ;82;2026-01-04 10:00:00;642.5300;1587.9400;1397.5600;553.6800;2388.0300;9074.5400;47.4700;521.8800;2388.0400;8155.6200;8.4011;394.0000;1.0000;0;WO379013;826.61
02-Jul-2026;ENG-015;37;2026-01-02 13:00:00;642.4300;1586.8100;1405.7700;554.6800;2387.9900;9048.1900;47.2800;522.4400;2388.0300;8139.5700;8.3961;392.0000;0.9760;0;WO739601;2214.82
2026/07/02;  ENG-092 ;90;2026-01-04 18:00:00;642.5100;1588.4800;1410.4700;553.4300;2388.1700;9047.8500;47.6300;520.9500;2388.1500;8118.6900;8.4698;394.0000;0.6400;0;WO184428;2412.28
2026/07/02;ENG-080;89;2026-01-04 17:00:00;642.6600;1578.2700;1403.9000;553.6900;2387.9800;9061.3300;47.4300;521.7100;2388.0900;8144.5900;8.4043;393.0000;1.0000;0;WO703166;1,890.35
2026/07/02;  ENG-025 ;27;2026-01-02 03:00:00;641.8000;1587.4600;1397.2300;554.3600;2388.0800;9049.9600;47.4100;522.0800;2388.0300;8135.7100;8.4039;393.0000;1.0000;0;WO718962;321.84
2026-07-02;ENG-100;132;2026-01-06 12:00:00;642.1400;1590.5100;1404.4100;553.5500;2388.0600;9076.5600;47.4700;522.0000;2388.0500;8152.0600;8.3927;393.0000;0.6880;0;WO515638;2,734.04
02-Jul-2026;ENG-085;14;2026-01-01 14:00:00;642.4500;1583.8900;1406.3200;553.6200;2388.0900;9051.0800;47.4000;521.7300;2388.0800;8127.4900;8.4219;394.0000;1.0000;0;WO447457;1349.08
02-Jul-2026;ENG-100;110;2026-01-05 14:00:00;642.2500;1586.5500;1398.1400;553.6500;2387.9900;9063.2300;47.2700;521.6600;2388.0400;8148.4600;8.4220;392.0000;0.8640;0;WO941928;1332.46
2026-07-02;ENG-017;78;2026-01-04 06:00:00;642.1500;1586.7000;1401.9000;554.5300;2388.0200;9072.6300;47.2300;522.0600;2388.0000;8151.5400;8.3908;391.0000;1.0000;0;WO179742;2832.34
02-Jul-2026;eng-098;72;2026-01-04 00:00:00;642.2400;1591.6900;1410.3500;553.5800;2388.0400;9064.3000;47.5700;521.9100;2388.1000;8144.1500;8.4283;392.0000;0.8640;0;WO871731;
02-Jul-2026;  ENG-089 ;66;2026-01-03 18:00:00;642.7900;1590.9400;1406.8100;553.7500;2388.1100;9046.1900;47.3300;521.2400;2388.1200;8129.2900;8.4599;392.0000;1.0000;0;WO104743;1,937.69
2026/07/02;  ENG-099 ;57;2026-01-03 09:00:00;641.9400;1587.1600;1397.9700;554.9300;2388.0000;9055.8500;47.0900;522.5200;2388.0600;8148.1700;8.4244;394.0000;1.0000;0;WO193177;2621.67
2026/07/02;ENG-007;64;2026-01-03 16:00:00;641.7000;1585.7000;1393.5400;554.3200;2387.9700;9064.6900;47.2600;522.1300;2388.0300;8140.8200;8.4196;391.0000;1.0000;0;WO351824;2201.53
2026/07/02;ENG-094;65;2026-01-03 17:00:00;642.6800;1598.8600;1404.9600;553.4600;2388.0800;9056.0300;47.5200;521.6700;2388.0800;8134.9100;8.4447;392.0000;;0;WO443419;652.68
2026-07-02;ENG-022;18;2026-01-01 18:00:00;642.7100;1592.9800;1405.4800;553.1000;2388.1200;9045.1400;47.3300;521.6900;2388.1200;8132.5900;8.4258;393.0000;1.0000;0;WO633611;1,963.14
2026-07-02;eng-021;66;2026-01-03 18:00:00;642.0300;1586.1200;1395.1200;554.8200;2388.0000;9061.5600;47.0500;522.0200;2387.9900;8135.7800;8.3932;392.0000;1.0000;0;WO410051;
2026-07-02;ENG-045;70;2026-01-03 22:00:00;642.4900;1582.1600;1409.8800;553.6200;2388.1100;9061.4100;47.4700;521.5300;2388.0900;8141.6400;8.3978;392.0000;1.0000;0;WO245286;202.78
02-Jul-2026;ENG-017;105;2026-01-05 09:00:00;641.6900;1587.1000;1393.9100;554.3000;2388.0600;9074.4100;47.2400;521.7800;2388.0300;8153.8000;8.4174;393.0000;0.8800;0;WO435362;413.72
2026-07-02;ENG-062;131;2026-01-06 11:00:00;641.7300;1584.8600;1397.4400;554.4800;2388.0200;9052.6000;47.1200;522.6200;2387.9900;8140.1300;8.4155;391.0000;1.0000;0;WO441415;826.95
2026-07-02;  ENG-081 ;101;2026-01-05 05:00:00;642.8600;1579.9700;1404.2000;553.8200;2388.0400;9067.0300;47.4100;521.8900;2388.0500;8154.1300;8.4169;393.0000;0.9600;0;WO912270;1948.75
02-Jul-2026;ENG-089;97;2026-01-05 01:00:00;642.5500;1590.7100;1409.4500;554.1100;2388.0700;9052.0500;47.4400;521.3700;2388.1000;8129.1900;8.4247;394.0000;1.0000;0;WO285406;905.19
2026/07/02;ENG-010;73;2026-01-04 01:00:00;642.0200;1587.8400;1398.6500;553.9600;2388.0300;9055.4900;47.0800;522.6800;2387.9800;8140.1500;8.4288;392.0000;;0;WO140579;462.52
2026-07-02;ENG-023;50;2026-01-03 02:00:00;642.6000;1586.4200;1399.9600;555.1400;2388.0600;9046.7100;47.2500;522.2500;2388.0800;8140.7300;8.3695;391.0000;1.0000;0;WO799216;247.43
02-Jul-2026;ENG-091;126;2026-01-06 06:00:00;642.3200;1596.3000;1409.6400;553.8500;2388.1100;9053.2900;47.8300;521.0300;2388.1200;8132.9700;8.4296;391.0000;1.0000;0;WO794221;999.46
2026/07/02;ENG-090;54;2026-01-03 06:00:00;642.3800;1586.9000;1405.4900;554.0200;2388.1600;9058.3200;47.4400;521.7400;2388.1600;8140.1700;8.4052;393.0000;0.9600;0;WO415526;1,116.79
02-Jul-2026;ENG-006;55;2026-01-03 07:00:00;643.3600;1593.1600;1406.0200;553.1600;2388.0600;9061.8700;47.4300;521.4700;2388.1100;8133.4500;8.4110;393.0000;;0;WO778176;2,369.55
2026-07-02;  ENG-032 ;69;2026-01-03 21:00:00;642.1900;1579.0700;1399.4800;555.0000;2388.0000;9074.9100;47.1500;522.0200;2388.0100;8152.0500;8.3722;390.0000;0.9920;0;WO298942;532.86
2026-07-02;ENG-053;73;2026-01-04 01:00:00;641.8900;1594.1300;1399.8300;554.1200;2388.0800;9064.2700;47.3500;521.7200;2388.1200;8137.4300;8.4701;392.0000;0.9360;0;WO476760;465.78
2026/07/02;eng-005;42;2026-01-02 18:00:00;643.0600;1586.0000;1406.5200;553.8300;2388.1100;9053.5000;47.7000;521.5800;2388.1700;8133.4900;8.4256;394.0000;1.0000;0;WO760754;1,954.53
2026/07/02;ENG-098;59;2026-01-03 11:00:00;642.8200;1589.4100;1405.5900;553.4200;2388.1200;9057.6600;47.5700;521.8500;2388.0800;8142.2200;8.4143;393.0000;0.9680;0;WO812537;
02-Jul-2026;  ENG-045 ;59;2026-01-03 11:00:00;642.8600;1587.9800;1409.8500;553.5700;2388.1100;9064.6400;47.5400;521.9400;2388.1000;8140.5100;8.4633;394.0000;1.0000;0;WO610486;2021.68
2026-07-02;eng-062;98;2026-01-05 02:00:00;641.8700;1584.7800;1395.9200;555.1900;2388.0100;9060.6400;47.2200;522.3500;2388.0200;8142.1800;8.3984;394.0000;1.0000;0;WO523190;1776.32
2026/07/02;  ENG-098 ;69;2026-01-03 21:00:00;641.9400;1587.0700;1403.0400;553.8000;2388.0400;9060.7800;47.2400;521.5500;2388.0800;8137.7300;8.3922;390.0000;0.8880;0;WO614527;2,117.87
2026-07-02;ENG-008;61;2026-01-03 13:00:00;642.6100;1584.2300;1404.4300;553.2300;2388.0800;9049.6500;47.6000;521.8200;2388.0200;8130.2600;8.4447;392.0000;1.0000;0;WO709307;406.94
02-Jul-2026;ENG-004;54;2026-01-03 06:00:00;642.2400;1584.0400;1408.0400;553.4900;2388.0900;9042.3600;47.4300;521.5900;2388.0800;8131.6200;8.4384;392.0000;1.0000;0;WO229002;1696.82
2026-07-02;eng-052;102;2026-01-05 06:00:00;641.9600;1585.2500;1393.9200;554.6600;2387.9900;9058.4600;47.3200;522.8000;2388.0000;8141.8300;8.3975;393.0000;0.9280;0;WO687273;947.74
02-Jul-2026;ENG-063;63;2026-01-03 15:00:00;642.8100;1590.7700;1397.5200;554.0200;2388.1000;9047.0800;47.4400;521.0700;2388.0900;8136.0400;8.4076;393.0000;1.0000;0;WO774488;606.66
02-Jul-2026;ENG-005;58;2026-01-03 10:00:00;642.6300;1588.2400;1410.6500;553.4400;2388.1100;9052.2300;47.4700;521.4100;2388.1000;8134.0200;8.4557;393.0000;1.0000;0;WO149933;430.13
2026-07-02;  ENG-020 ;121;2026-01-06 01:00:00;642.6800;1589.0300;1403.6200;554.0700;2388.1000;9067.7900;47.3400;521.5900;2388.0200;8145.6800;8.4518;393.0000;0.6320;0;WO374566;1039.73
2026-07-02;ENG-056;73;2026-01-04 01:00:00;642.7200;1584.2200;1412.5200;552.9800;2388.1800;9048.1400;47.5700;521.3300;2388.1600;8129.4700;8.4086;394.0000;0.6240;0;WO572087;2721.40
02-Jul-2026;ENG-054;76;2026-01-04 04:00:00;641.9900;1583.6900;1400.7700;555.1200;2388.0400;9061.7000;47.1600;522.5900;2388.0300;8143.1000;8.4087;391.0000;1.0000;0;WO352544;1,209.59
2026-07-02;ENG-073;64;2026-01-03 16:00:00;642.8200;1590.7200;1394.5800;553.9800;2388.0600;9049.0900;47.3200;522.4900;2388.0100;8133.4200;8.3634;392.0000;1.0000;0;WO559144;2107.79
2026-07-02;ENG-018;53;2026-01-03 05:00:00;642.1000;1589.7800;1396.1900;553.6800;2387.9900;9072.0500;47.2600;522.0200;2388.0100;8146.1700;8.3910;392.0000;0.8640;0;WO820889;182.90
02-Jul-2026;ENG-061;62;2026-01-03 14:00:00;642.0800;1587.8800;1399.9500;554.7000;2387.9800;9062.3900;47.1800;521.7800;2388.0000;8149.2200;8.3802;392.0000;0.9440;0;WO231648;1,370.92
2026/07/02;ENG-077;72;2026-01-04 00:00:00;641.5500;1590.8700;1405.6600;554.3100;2388.0700;9047.4700;47.4200;522.2000;2388.0700;8131.5200;8.4094;391.0000;0.9920;0;WO295479;2966.18
02-Jul-2026;ENG-021;51;2026-01-03 03:00:00;642.5400;1583.4100;1403.2200;554.0400;2388.0000;9050.9000;47.0600;522.5600;2388.0600;8138.9600;8.3565;392.0000;1.0000;0;WO967917;274.65
2026/07/02;eng-040;65;2026-01-03 17:00:00;642.9400;1590.2300;1416.0800;553.2100;2388.1700;9062.2600;47.6600;520.3300;2388.0700;8137.9400;8.4596;393.0000;0.7680;0;WO636177;
2026-07-02;ENG-062;143;2026-01-06 23:00:00;642.0500;1586.4600;1396.5300;554.9900;2388.0500;9061.6400;47.3900;522.3100;2388.0400;8143.7200;8.4153;392.0000;1.0000;0;WO412271;1806.30
2026/07/02;eng-055;49;2026-01-03 01:00:00;642.0900;1587.5200;1400.1200;554.8500;2388.0600;9062.1700;47.4400;522.0900;2387.9800;8136.4500;8.4125;393.0000;1.0000;0;WO417055;595.50
2026-07-02;ENG-027;59;2026-01-03 11:00:00;642.1600;1588.1200;1401.8200;554.6600;2387.9800;9045.9000;47.2500;522.1500;2388.0600;8134.0300;8.4105;393.0000;1.0000;0;WO547499;2498.72
2026/07/02;ENG-035;68;2026-01-03 20:00:00;642.4700;1595.8100;1404.7300;553.5800;2388.1300;9052.6500;47.3800;521.0600;2388.0900;8131.5500;8.4211;393.0000;1.0000;0;WO334561;1,142.83
02-Jul-2026;ENG-032;74;2026-01-04 02:00:00;641.8200;1582.9000;1405.8400;554.0300;2387.9500;9078.4300;46.9800;522.1900;2388.0300;8149.7000;8.4128;392.0000;0.9520;0;WO964952;851.49
2026-07-02;  ENG-092 ;71;2026-01-03 23:00:00;642.7900;1587.8600;1417.5500;552.7100;2388.1800;9042.3400;47.7200;521.4400;2388.1200;8117.9500;8.4218;391.0000;0.7920;0;WO841014;1513.00
02-Jul-2026;ENG-058;98;2026-01-05 02:00:00;642.0600;1591.4500;1408.2800;553.8700;2388.1200;9053.2000;47.3900;522.0200;2388.0300;8129.7400;8.4272;392.0000;0.9200;0;WO407189;2,788.38
2026/07/02;ENG-020;77;2026-01-04 05:00:00;642.2700;1593.1600;1401.0900;553.9400;2388.0500;9057.4600;47.4600;522.1900;2388.0500;8146.9400;8.4343;392.0000;0.9840;0;WO982405;2846.68
02-Jul-2026;ENG-091;148;2026-01-07 04:00:00;643.2700;1595.3800;1416.2000;553.3800;2388.2000;9051.2100;47.5700;520.7400;2388.1500;8131.3400;8.4922;394.0000;0.9920;0;WO687571;2692.19
2026-07-02;ENG-024;80;2026-01-04 08:00:00;642.1900;1584.9800;1401.9700;553.8000;2387.9900;9065.6100;47.5200;523.2000;2388.0400;8153.4900;8.3714;392.0000;1.0000;0;WO417934;1528.86
2026-07-02;ENG-012;119;2026-01-05 23:00:00;641.9600;1587.0900;1398.0200;552.8200;2387.9700;9063.5300;47.2300;522.1400;2388.0400;8138.2400;8.4049;392.0000;1.0000;0;WO812442;1602.25
2026-07-02;ENG-082;80;2026-01-04 08:00:00;642.1700;1587.1300;1404.5800;554.2400;2388.0400;9061.5900;47.2800;521.7400;2388.0700;8139.9500;8.4183;393.0000;0.7280;0;WO119107;466.30
2026-07-02;ENG-043;75;2026-01-04 03:00:00;642.3300;1586.7800;1407.6900;553.4000;2388.0700;9047.5500;47.4500;521.9900;2388.0900;8125.3100;8.3813;391.0000;1.0000;0;WO717716;707.24
2026-07-02;ENG-017;79;2026-01-04 07:00:00;641.9900;1585.3300;1399.3000;554.6900;2387.9600;9071.4800;47.5000;521.8400;2388.0200;8156.0000;8.4142;394.0000;1.0000;0;WO580211;2,544.82
2026/07/02;eng-031;107;2026-01-05 11:00:00;642.4300;1585.5400;1406.7200;553.7400;2388.0500;9068.5100;47.7100;521.4200;2388.0400;8146.7100;8.4301;392.0000;0.7760;0;WO180922;74.84
02-Jul-2026;ENG-049;170;2026-01-08 02:00:00;641.7700;1585.4000;1410.9500;553.6000;2388.0900;9054.9200;47.3700;521.8200;2388.0400;8140.9900;8.4156;392.0000;1.0000;0;WO719446;2377.92
2026-07-02;  ENG-074 ;55;2026-01-03 07:00:00;642.2700;1595.0200;1404.0600;553.9600;2388.0900;9061.4400;47.4400;521.2100;2388.0800;8140.0500;8.4285;392.0000;1.0000;0;WO514114;250.60
02-Jul-2026;  ENG-030 ;63;2026-01-03 15:00:00;642.5700;1586.7100;1403.3800;553.5000;2388.1200;9049.2300;47.6300;521.3300;2388.1100;8126.2800;8.4215;392.0000;1.0000;0;WO982434;827.91
2026/07/02;ENG-083;33;2026-01-02 09:00:00;642.0700;1591.0400;1404.9300;553.9900;2388.0600;9056.1900;47.3900;521.8700;2388.0400;8138.5500;8.3937;394.0000;1.0000;0;WO699378;249.48
2026-07-02;ENG-020;76;2026-01-04 04:00:00;642.6700;1586.0600;1405.6000;553.9900;2388.1200;9063.4100;47.3500;522.1200;2388.0100;8141.2300;8.4312;393.0000;0.9920;0;WO496367;2264.42
2026/07/02;eng-063;82;2026-01-04 10:00:00;642.6500;1590.7100;1403.2000;552.7800;2388.0900;9050.8900;47.4600;521.8400;2388.0600;8132.0500;8.4144;391.0000;1.0000;0;WO426584;2172.21
2026-07-02;ENG-066;90;2026-01-04 18:00:00;642.7800;1592.4200;1404.9300;553.4500;2388.1400;9073.7900;47.6600;521.2600;2388.1200;8148.8300;8.4453;393.0000;0.5680;0;WO635780;2703.17
2026-07-02;ENG-074;88;2026-01-04 16:00:00;642.3000;1591.0600;1407.8700;554.4800;2388.0600;9057.0900;47.3400;521.6600;2388.0700;8141.2700;8.4166;393.0000;1.0000;0;WO797345;64.19
2026/07/02;ENG-080;76;2026-01-04 04:00:00;642.8100;1583.3900;1410.6600;553.8200;2388.0900;9067.0200;47.4000;521.8700;2388.1100;8144.5600;8.4101;391.0000;1.0000;0;WO124322;2246.19
2026/07/02;ENG-016;75;2026-01-04 03:00:00;642.9900;1583.3200;1402.8700;554.0700;2388.0900;9056.9900;47.2200;522.0800;2388.0500;8139.4600;8.3896;392.0000;;0;WO366673;602.38
2026-07-02;ENG-070;89;2026-01-04 17:00:00;642.2700;1584.2500;1403.9000;553.4400;2388.1300;9045.4500;47.1800;522.1500;2388.1200;8131.5700;8.3906;394.0000;1.0000;0;WO773916;64.44
02-Jul-2026;ENG-019;83;2026-01-04 11:00:00;642.1500;1582.1700;1401.2800;554.1200;2388.0300;9056.7600;47.4900;521.5500;2388.0900;8137.5300;8.4498;390.0000;1.0000;0;WO985574;1738.74
2026-07-02;ENG-100;118;2026-01-05 22:00:00;641.9600;1589.0700;1399.0600;554.1000;2387.9900;9077.0700;47.4200;522.7500;2388.0100;8147.9700;8.3881;392.0000;0.8000;0;WO577691;1,450.17
2026-07-02;  ENG-085 ;22;2026-01-01 22:00:00;642.4900;1591.2700;1401.8000;553.4900;2388.1400;9044.0100;47.3600;521.2000;2388.1700;8126.0300;8.4155;393.0000;1.0000;0;WO295003;2,212.73
2026-07-02;ENG-070;67;2026-01-03 19:00:00;641.9700;1585.5500;1408.0800;553.7100;2388.0700;9052.0800;47.4200;521.6600;2388.1100;8131.6700;8.4069;392.0000;1.0000;0;WO931622;1,851.95
2026-07-02;ENG-075;36;2026-01-02 12:00:00;642.2400;1585.6700;1400.2800;553.6700;2388.0400;9057.4400;47.2700;521.5900;2388.0000;8138.2200;8.4124;393.0000;1.0000;0;WO352215;1,899.84
2026-07-02;ENG-087;37;2026-01-02 13:00:00;641.9800;1584.4500;1397.5600;554.5400;2388.0600;9061.5900;47.3800;522.3500;2388.0100;8139.0300;8.3919;390.0000;1.0000;0;WO962160;1379.25
02-Jul-2026;ENG-096;46;2026-01-02 22:00:00;642.3900;1586.4000;1398.3000;554.6800;2387.9700;9058.4600;47.3600;521.9100;2387.9700;8150.7400;8.3872;392.0000;1.0000;0;WO923106;2274.50
2026/07/02;ENG-051;87;2026-01-04 15:00:00;642.3600;1591.0000;1404.7900;554.1700;2388.0600;9049.0700;47.2400;522.0900;2388.0700;8130.1600;8.4229;393.0000;1.0000;0;WO811748;1,667.78
2026-07-02;ENG-064;58;2026-01-03 10:00:00;642.9100;1592.0300;1402.2500;554.3600;2387.9900;9055.3500;47.1600;521.5800;2388.0200;8144.5500;8.3693;393.0000;1.0000;0;WO205148;336.42
2026/07/02;  ENG-077 ;80;2026-01-04 08:00:00;642.5700;1579.2800;1399.6400;553.9600;2388.0900;9053.2700;47.4900;521.4900;2388.1100;8132.2300;8.4148;393.0000;0.9280;0;WO359245;2323.86
2026-07-02;ENG-015;36;2026-01-02 12:00:00;642.2900;1590.0000;1399.0100;554.1900;2388.0600;9050.9500;47.1700;522.6900;2388.0300;8143.9500;8.4601;392.0000;0.9840;0;WO532915;1,367.41
2026-07-02;ENG-003;58;2026-01-03 10:00:00;642.2100;1596.7200;1416.1700;553.2400;2388.1500;9055.8300;47.6000;521.0800;2388.1400;8129.7300;8.4903;393.0000;1.0000;0;WO339073;2,532.20
02-Jul-2026;ENG-038;62;2026-01-03 14:00:00;642.1200;1596.5500;1413.0300;552.6000;2388.1200;9059.8700;47.6300;521.1500;2388.1200;8130.4200;8.4513;394.0000;0.9040;0;WO374432;
02-Jul-2026;ENG-046;63;2026-01-03 15:00:00;642.3000;1595.8100;1408.8700;553.6100;2388.0700;9069.8200;47.2600;521.8600;2388.1000;8142.7900;8.4540;392.0000;1.0000;0;WO994545;528.59
2026/07/02;eng-084;67;2026-01-03 19:00:00;642.2200;1591.9200;1407.9100;552.6900;2388.0700;9048.1100;47.4100;521.3200;2388.1100;8135.9800;8.3889;394.0000;1.0000;0;WO419784;840.37
2026-07-02;ENG-026;38;2026-01-02 14:00:00;642.1300;1586.2200;1395.8100;554.1300;2387.9700;9064.4000;47.2300;522.0100;2387.9900;8147.6300;8.4312;392.0000;1.0000;0;WO949152;1961.52
2026/07/02;ENG-071;31;2026-01-02 07:00:00;642.3200;1585.9300;1397.3100;554.9000;2388.0700;9069.6600;47.3200;522.2900;2388.0000;8148.2100;8.4057;393.0000;1.0000;0;WO627593;907.51
2026-07-02;ENG-053;78;2026-01-04 06:00:00;642.2500;1583.4800;1400.0700;554.0300;2388.0400;9049.7500;47.5000;522.6000;2388.0900;8140.7800;8.3803;394.0000;0.8960;0;WO920183;55.68
02-Jul-2026;ENG-064;96;2026-01-05 00:00:00;642.5100;1593.1600;1404.7200;553.8100;2388.0800;9060.4400;47.5600;521.6800;2388.0800;8135.4400;8.4583;392.0000;0.8000;0;WO368354;330.13
2026-07-02;ENG-053;93;2026-01-04 21:00:00;642.4900;1593.4400;1408.3700;554.1400;2388.0700;9060.2100;47.4900;521.8600;2388.0500;8142.2600;8.4049;392.0000;0.7760;0;WO246944;314.26
2026/07/02;ENG-083;30;2026-01-02 06:00:00;642.2800;1580.2100;1398.8800;554.1700;2388.0600;9056.5900;47.3600;522.1900;2388.0500;8138.4600;8.4039;393.0000;1.0000;0;WO223384;1507.08
2026/07/02;ENG-093;91;2026-01-04 19:00:00;642.9800;1598.0400;1415.2400;553.0700;2388.1200;9062.8300;47.6200;521.2400;2388.0900;8138.4000;8.5006;393.0000;1.0000;0;WO855788;120.40
2026-07-02;ENG-083;36;2026-01-02 12:00:00;641.7900;1592.6900;1403.8100;554.1500;2388.0300;9061.0100;47.4100;521.7800;2388.0900;8137.7000;8.4255;392.0000;1.0000;0;WO235747;1,526.91
2026-07-02;  ENG-044 ;28;2026-01-02 04:00:00;642.5600;1592.7400;1401.4700;553.5600;2388.0800;9048.1500;47.6500;521.3100;2388.1000;8137.5700;8.4270;393.0000;;0;WO307495;2,408.15
2026/07/02;ENG-035;125;2026-01-06 05:00:00;642.7700;1591.5400;1402.3600;553.4400;2388.1200;9054.2900;47.5600;521.4200;2388.1400;8140.5100;8.4287;393.0000;0.6720;0;WO651146;747.96
2026-07-02;ENG-053;107;2026-01-05 11:00:00;642.0100;1587.7400;1406.1000;553.4600;2388.0400;9060.0000;47.4200;521.7400;2388.0600;8149.1400;8.4286;392.0000;;0;WO169688;913.74
02-Jul-2026;ENG-017;97;2026-01-05 01:00:00;642.1700;1592.7800;1402.5800;554.4100;2388.0400;9078.8900;47.6300;522.1600;2388.0100;8155.2900;8.4100;392.0000;0.9440;0;WO533266;1400.17
2026-07-02;ENG-056;89;2026-01-04 17:00:00;643.2200;1597.4200;1416.9200;551.8300;2388.1800;9046.2300;47.7900;520.8200;2388.1300;8120.8400;8.4792;393.0000;0.4960;0;WO287219;1766.07
2026/07/02;ENG-021;52;2026-01-03 04:00:00;642.0200;1580.7300;1400.8000;554.0400;2387.9800;9054.9200;47.3700;522.0500;2388.0600;8141.2700;8.4189;392.0000;1.0000;0;WO321731;1,738.09
02-Jul-2026;ENG-097;54;2026-01-03 06:00:00;642.2000;1583.4500;1401.7200;553.6900;2388.0200;9067.0600;47.3200;522.2100;2388.0500;8147.0800;8.3761;393.0000;1.0000;0;WO555338;2,606.45
2026-07-02;  ENG-013 ;69;2026-01-03 21:00:00;642.4700;1592.8300;1399.3800;554.1500;2388.0400;9057.3400;47.3100;522.3100;2388.0100;8141.1200;8.4340;392.0000;1.0000;0;WO801785;745.05
2026-07-02;ENG-037;54;2026-01-03 06:00:00;642.4700;1586.1100;1402.9000;554.7800;2388.0100;9059.4700;47.3600;521.8000;2388.0100;8138.8000;8.4098;392.0000;0.7040;0;WO586607;
2026-07-02;ENG-045;62;2026-01-03 14:00:00;642.3000;1588.7400;1407.6500;553.0400;2388.1100;9069.5800;47.4600;521.5200;2388.0700;8143.5300;8.4261;393.0000;1.0000;0;WO577061;1,335.00
02-Jul-2026;ENG-012;126;2026-01-06 06:00:00;642.0000;1582.1500;1399.3400;553.6100;2388.0600;9058.6400;47.0900;522.6800;2387.9900;8142.3200;8.4166;392.0000;1.0000;0;WO648701;264.93
02-Jul-2026;ENG-090;83;2026-01-04 11:00:00;642.5600;1587.4200;1404.0000;552.5900;2388.0600;9062.2500;47.4700;521.5200;2388.1500;8136.9300;8.4602;393.0000;0.7280;0;WO359658;1809.59
2026-07-02;ENG-054;44;2026-01-02 20:00:00;642.6200;1573.2800;1393.0000;554.7600;2388.0000;9052.8800;47.0700;522.6100;2388.0000;8138.0800;8.4387;392.0000;1.0000;0;WO103127;1271.46
02-Jul-2026;ENG-032;60;2026-01-03 12:00:00;641.8200;1577.5400;1396.1400;554.5000;2387.9800;9070.1000;47.0600;522.2100;2388.0900;8156.0100;8.3789;390.0000;1.0000;0;WO702611;2584.63
2026/07/02;eng-042;103;2026-01-05 07:00:00;642.5000;1595.8900;1396.4600;553.2100;2388.0800;9052.9700;47.4900;521.5100;2388.0700;8129.9900;8.4175;392.0000;0.5040;0;WO828781;1,679.99
02-Jul-2026;ENG-046;66;2026-01-03 18:00:00;642.2700;1586.9500;1410.6700;554.3900;2388.0700;9069.3000;47.2400;521.8200;2388.0900;8145.1100;8.4697;392.0000;1.0000;0;WO453948;1074.29
2026/07/02;ENG-012;143;2026-01-06 23:00:00;642.2900;1590.6700;1403.8500;554.0500;2388.0400;9059.9900;47.4900;522.4400;2388.0400;8143.6800;8.3857;393.0000;1.0000;0;WO389947;
2026-07-02;ENG-021;83;2026-01-04 11:00:00;642.7100;1577.9200;1398.9700;554.7800;2388.1500;9055.6800;47.3200;522.5400;2388.0700;8138.6800;8.4090;391.0000;0.9760;0;WO876538;629.08
2026/07/02;  ENG-076 ;128;2026-01-06 08:00:00;642.7500;1590.1300;1406.4400;553.6200;2388.0500;9065.7600;47.5700;522.1000;2388.0400;8149.6200;8.4084;393.0000;0.6960;0;WO190477;411.61
2026-07-02;ENG-090;82;2026-01-04 10:00:00;642.5800;1593.6100;1407.6100;553.5700;2388.1000;9062.6200;47.5000;521.6300;2388.1100;8137.7500;8.4237;393.0000;0.7360;0;WO219760;2143.73
02-Jul-2026;ENG-017;107;2026-01-05 11:00:00;642.1700;1589.8300;1405.3700;553.2600;2388.0200;9083.5000;47.5200;521.5000;2388.0000;8158.6500;8.4282;392.0000;0.8640;0;WO367361;1386.84
02-Jul-2026;ENG-042;58;2026-01-03 10:00:00;642.2900;1582.2900;1394.2700;553.4400;2388.0800;9049.9400;47.2500;521.9300;2388.1100;8130.7100;8.3864;392.0000;0.8640;0;WO249233;2619.42
2026/07/02;ENG-006;57;2026-01-03 09:00:00;642.1700;1586.8700;1409.1700;553.2700;2388.1100;9053.7700;47.5700;521.3400;2388.1400;8131.2800;8.4421;393.0000;1.0000;0;WO944096;675.90
2026/07/02;ENG-086;44;2026-01-02 20:00:00;642.6400;1590.5100;1401.5700;554.5700;2388.1000;9053.8700;47.3700;521.8200;2388.0900;8140.4600;8.4059;394.0000;1.0000;0;WO642941;1,506.56
02-Jul-2026;ENG-068;100;2026-01-05 04:00:00;642.5200;1586.9400;1405.5700;553.6800;2388.0400;9058.3200;47.3200;521.5900;2388.0900;8139.5300;8.4678;391.0000;0.7600;0;WO765415;976.56
02-Jul-2026;ENG-055;67;2026-01-03 19:00:00;641.9800;1586.0500;1394.5700;553.5200;2388.0100;9051.1300;47.2100;521.8500;2388.0500;8139.9400;8.3953;391.0000;1.0000;0;WO991998;254.11
2026-07-02;ENG-052;72;2026-01-04 00:00:00;642.1800;1595.4400;1398.7200;554.8700;2388.0700;9057.6000;47.1500;522.6400;2387.9600;8132.6200;8.3817;390.0000;;0;WO586579;2127.67
02-Jul-2026;eng-061;106;2026-01-05 10:00:00;642.4200;1590.2800;1408.0200;553.9400;2388.0600;9073.8400;47.2800;521.9400;2387.9900;8145.4100;8.4098;392.0000;0.5920;0;WO703726;879.99
2026-07-02;eng-034;131;2026-01-06 11:00:00;642.3900;1588.3400;1401.7300;554.4000;2388.0600;9060.8800;47.4700;521.6600;2388.0000;8143.9300;8.3927;391.0000;0.6320;0;WO935507;
2026/07/02;ENG-034;69;2026-01-03 21:00:00;642.2500;1587.2800;1398.3800;554.3200;2387.9900;9065.4000;47.2200;522.5200;2388.0000;8142.8200;8.4165;393.0000;1.0000;0;WO108337;351.74
2026/07/02;ENG-062;127;2026-01-06 07:00:00;641.8800;1592.3000;1401.6800;554.0900;2388.0400;9059.6900;47.1900;522.8300;2387.9500;8142.2200;8.4277;392.0000;1.0000;0;WO445355;1189.13
2026-07-02;ENG-049;136;2026-01-06 16:00:00;642.6900;1591.9800;1394.8900;554.0400;2387.9800;9061.3000;47.3100;522.2200;2388.0600;8145.3800;8.3906;391.0000;1.0000;0;WO501708;2195.17
02-Jul-2026;ENG-016;58;2026-01-03 10:00:00;642.0500;1580.6300;1394.7800;554.1900;2388.0900;9054.6900;47.1700;522.1100;2388.0800;8133.6200;8.4017;391.0000;1.0000;0;WO407261;1030.73
2026/07/02;ENG-021;70;2026-01-03 22:00:00;641.6300;1591.9300;1402.6600;554.1600;2388.0400;9042.3100;47.3000;522.5300;2388.0800;8132.4600;8.3753;392.0000;;0;WO434834;1,031.46
02-Jul-2026;ENG-070;88;2026-01-04 16:00:00;642.6100;1590.6200;1405.9100;554.1300;2388.0100;9045.3200;47.3000;521.4700;2388.1300;8134.1700;8.4439;391.0000;1.0000;0;WO206347;2136.24
2026-07-02;ENG-047;34;2026-01-02 10:00:00;642.7700;1585.6000;1409.3900;553.7800;2388.1200;9041.2100;47.8500;521.0500;2388.1200;8126.5500;8.4576;393.0000;1.0000;0;WO773601;2149.49
02-Jul-2026;  ENG-030 ;88;2026-01-04 16:00:00;642.2200;1587.0500;1407.3300;552.8500;2388.1700;9044.1400;47.5800;521.7600;2388.1000;8130.3600;8.4599;392.0000;1.0000;0;WO626346;510.90
2026-07-02;ENG-046;67;2026-01-03 19:00:00;643.1000;1594.6400;1405.4500;553.5100;2388.0700;9064.4600;47.3900;521.5200;2388.0300;8144.2800;8.4000;393.0000;1.0000;0;WO845978;1301.94
02-Jul-2026;ENG-034;134;2026-01-06 14:00:00;642.7000;1588.4200;1401.0000;553.8300;2388.0500;9052.7600;47.4200;521.3200;2388.0600;8137.1000;8.4349;393.0000;0.6080;0;WO297208;
02-Jul-2026;ENG-096;50;2026-01-03 02:00:00;642.2300;1588.0700;1404.1600;554.4400;2388.0000;9069.0800;47.2700;522.4300;2388.0700;8151.8800;8.4019;391.0000;1.0000;0;WO858494;
2026-07-02;ENG-008;104;2026-01-05 08:00:00;642.4000;1588.4100;1414.5600;553.7200;2388.0900;9054.8200;47.5600;521.4100;2388.0800;8129.3000;8.4015;393.0000;1.0000;0;WO245781;404.02
2026-07-02;ENG-073;62;2026-01-03 14:00:00;641.9200;1582.8100;1402.2500;554.1000;2388.0600;9053.5200;47.2400;521.7100;2388.0700;8134.6900;8.4267;392.0000;1.0000;0;WO408853;1457.35
2026/07/02;  ENG-078 ;40;2026-01-02 16:00:00;642.3700;1582.0900;1398.7100;554.4600;2388.0400;9056.3300;47.2800;522.9100;2387.9700;8142.3900;8.4292;392.0000;1.0000;0;WO533293;1222.97
2026/07/02;ENG-100;86;2026-01-04 14:00:00;642.6600;1580.7100;1400.8400;554.0700;2388.0400;9064.7500;47.3300;522.0200;2388.0400;8142.9900;8.4152;392.0000;1.0000;0;WO654606;1,406.94
02-Jul-2026;ENG-081;98;2026-01-05 02:00:00;642.7200;1586.9400;1407.9000;554.3600;2388.0200;9071.7400;47.4400;522.2400;2388.0500;8149.6200;8.4194;393.0000;0.9840;0;WO281823;1062.77
2026-07-02;ENG-038;75;2026-01-04 03:00:00;642.3400;1590.9300;1410.2500;553.3000;2388.0900;9061.1300;47.6800;520.9500;2388.0800;8138.3700;8.4468;394.0000;0.8000;0;WO718445;1071.40
2026-07-02;ENG-033;26;2026-01-02 02:00:00;642.7100;1586.5300;1409.3600;553.5600;2388.1500;9068.4600;47.6200;520.9100;2388.1700;8136.3800;8.4709;394.0000;1.0000;0;WO703408;270.13
02-Jul-2026;  ENG-010 ;97;2026-01-05 01:00:00;642.1700;1581.4800;1396.3400;554.5100;2388.0900;9066.5300;47.2200;522.3000;2388.0000;8140.9200;8.4219;391.0000;1.0000;0;WO213946;972.38
2026/07/02;  ENG-020 ;115;2026-01-05 19:00:00;642.4400;1587.6900;1401.0600;553.6200;2388.0700;9054.3100;47.5000;521.4900;2388.1000;8141.1400;8.4384;393.0000;0.6800;0;WO202677;742.86
2026-07-02;ENG-044;21;2026-01-01 21:00:00;642.5500;1589.4600;1405.5800;553.8600;2388.0600;9053.7800;47.5200;521.9300;2388.1100;8132.6300;8.4413;392.0000;1.0000;0;WO220743;104.88
02-Jul-2026;ENG-067;34;2026-01-02 10:00:00;642.0700;1582.4800;1397.1500;553.8200;2388.0200;9062.9100;47.3600;522.0700;2388.0200;8135.8100;8.4054;391.0000;;0;WO113904;1994.93
02-Jul-2026;ENG-066;73;2026-01-04 01:00:00;643.0600;1580.6700;1410.7700;553.4100;2388.0700;9063.0400;47.4900;521.5200;2388.0800;8141.8800;8.4394;394.0000;0.7040;0;WO361593;1498.91
2026-07-02;ENG-020;79;2026-01-04 07:00:00;642.3600;1589.8700;1403.7600;554.5000;2388.0700;9059.4600;47.2300;522.1800;2388.0300;8149.5400;8.4122;394.0000;0.9680;0;WO810853;2479.62
02-Jul-2026;ENG-100;122;2026-01-06 02:00:00;642.5700;1583.0200;1406.0700;554.4900;2388.0300;9064.5100;47.1400;522.2100;2388.0400;8146.6800;8.4520;392.0000;0.7680;0;WO659428;778.21
02-Jul-2026;ENG-017;58;2026-01-03 10:00:00;641.4600;1586.2800;1400.6300;554.4600;2388.0400;9069.0500;47.4200;522.2200;2387.9900;8149.4100;8.4037;392.0000;1.0000;0;WO747900;1928.12
02-Jul-2026;  ENG-034 ;72;2026-01-04 00:00:00;642.0800;1585.6700;1398.7100;554.2300;2388.0000;9067.8500;47.1100;522.3600;2387.9700;8150.3800;8.3893;392.0000;1.0000;0;WO488006;236.15
2026-07-02;ENG-027;72;2026-01-04 00:00:00;641.9500;1583.2200;1392.9600;553.9700;2388.0400;9046.0800;47.3700;522.4400;2388.0500;8131.2000;8.3966;392.0000;1.0000;0;WO556278;1,715.24
2026/07/02;ENG-070;96;2026-01-05 00:00:00;642.4300;1589.3700;1407.4400;553.8000;2388.1100;9052.7500;47.3500;521.2400;2388.0700;8130.0000;8.4262;393.0000;1.0000;0;WO859062;2,549.39
02-Jul-2026;  ENG-016 ;49;2026-01-03 01:00:00;642.2800;1582.9400;1404.5900;554.4400;2388.0300;9058.4700;47.2500;521.7500;2388.0700;8132.5200;8.4123;391.0000;1.0000;0;WO713979;991.33
02-Jul-2026;ENG-005;49;2026-01-03 01:00:00;642.2100;1595.6500;1411.6800;553.5400;2388.1000;9050.9400;47.5100;521.6100;2388.1200;8135.1500;8.4619;393.0000;1.0000;0;WO238165;1929.74
2026/07/02;eng-018;67;2026-01-03 19:00:00;642.5500;1586.8900;1392.1200;554.5900;2388.0400;9063.6900;47.2900;522.8900;2388.0200;8148.2400;8.3717;390.0000;0.7520;0;WO297006;819.36
2026-07-02;ENG-020;122;2026-01-06 02:00:00;642.5300;1584.3400;1401.8100;553.8000;2388.1400;9064.9200;47.2800;521.5900;2388.0300;8150.8900;8.4481;392.0000;0.6240;0;WO853984;2470.91
02-Jul-2026;  ENG-049 ;161;2026-01-07 17:00:00;642.6400;1584.4100;1398.2100;554.2800;2388.0000;9064.2500;47.2500;522.1200;2388.0200;8144.9600;8.4421;393.0000;1.0000;0;WO888539;1709.11
2026-07-02;ENG-026;28;2026-01-02 04:00:00;642.3200;1581.6700;1404.7500;554.6700;2387.9900;9062.8400;47.2600;522.6100;2388.1000;8144.2900;8.3776;394.0000;1.0000;0;WO480011;1364.19
2026-07-02;ENG-063;102;2026-01-05 06:00:00;642.3100;1588.6700;1409.1100;552.9700;2388.1100;9041.9700;47.4100;521.6300;2388.1400;8131.7300;8.4341;392.0000;1.0000;0;WO640604;281.68
2026/07/02;eng-082;75;2026-01-04 03:00:00;642.1800;1587.5100;1409.3200;554.2200;2388.0700;9060.4800;47.5500;522.4100;2388.1200;8147.8100;8.4247;393.0000;;0;WO852334;960.84
2026-07-02;eng-050;50;2026-01-03 02:00:00;641.8900;1588.4000;1409.5600;554.2300;2388.0300;9061.3300;47.5000;522.3200;2388.0600;8137.9800;8.4524;392.0000;0.8240;0;WO980755;2,756.67
2026/07/02;ENG-091;154;2026-01-07 10:00:00;642.8800;1597.1700;1410.5700;552.5200;2388.1900;9041.6900;47.5200;520.9700;2388.1800;8122.1800;8.4633;394.0000;0.9440;0;WO602006;525.11
2026/07/02;ENG-051;76;2026-01-04 04:00:00;641.9900;1585.8400;1399.5900;553.8700;2388.1000;9054.7200;47.4600;521.5800;2388.0300;8133.8500;8.4429;392.0000;1.0000;0;WO828357;696.00
2026/07/02;ENG-073;52;2026-01-03 04:00:00;642.0800;1593.5200;1403.2000;554.1100;2387.9900;9048.5800;47.2000;521.8000;2388.0300;8133.4000;8.3980;393.0000;1.0000;0;WO855078;716.93
02-Jul-2026;  ENG-057 ;68;2026-01-03 20:00:00;642.3400;1587.1100;1403.4900;553.5800;2388.1500;9051.4200;47.5500;521.7700;2388.0600;8131.9700;8.4335;391.0000;1.0000;0;WO936979;302.14
2026/07/02;ENG-042;62;2026-01-03 14:00:00;642.1800;1584.0800;1404.1100;554.4000;2388.0600;9043.6100;47.3800;522.9100;2388.0500;8132.7900;8.4111;391.0000;0.8320;0;WO593695;1,948.37
2026-07-02;ENG-074;79;2026-01-04 07:00:00;641.7600;1589.3500;1405.1000;553.2900;2388.0900;9058.6300;47.5900;521.8500;2388.0700;8138.4700;8.4491;392.0000;1.0000;0;WO141558;2527.89
02-Jul-2026;ENG-058;113;2026-01-05 17:00:00;642.7200;1591.6900;1402.3400;553.8400;2388.1200;9052.4400;47.5100;521.7600;2388.0900;8133.4500;8.4312;392.0000;0.8000;0;WO166936;1836.89
2026-07-02;ENG-058;115;2026-01-05 19:00:00;642.5600;1592.5300;1404.6500;554.2600;2388.0300;9052.6000;47.5300;521.8000;2388.0500;8135.3000;8.3798;393.0000;0.7840;0;WO946465;
02-Jul-2026;ENG-053;109;2026-01-05 13:00:00;642.4800;1592.6600;1404.2200;553.0400;2388.0500;9075.0200;47.4700;522.1900;2388.0100;8141.1100;8.4409;393.0000;0.6480;0;WO765299;1223.86
2026/07/02;ENG-046;60;2026-01-03 12:00:00;642.7400;1592.3000;1405.3500;553.5700;2388.0200;9065.6800;47.2900;522.1100;2388.0300;8149.5600;8.4253;392.0000;1.0000;0;WO758958;2198.28
2026-07-02;eng-084;102;2026-01-05 06:00:00;642.6900;1587.6200;1406.9700;552.9000;2388.0900;9057.0300;47.4000;521.9000;2388.0500;8132.5400;8.3949;393.0000;1.0000;0;WO974043;165.03
02-Jul-2026;  ENG-056 ;86;2026-01-04 14:00:00;642.8900;1590.5600;1409.7700;552.7700;2388.1400;9048.2300;47.7700;520.7300;2388.1600;8119.9900;8.4460;395.0000;0.5200;0;WO474634;300.83
02-Jul-2026;ENG-013;92;2026-01-04 20:00:00;642.2700;1586.3800;1400.0300;553.8400;2388.0300;9065.4000;47.1800;522.6100;2388.0000;8139.7500;8.4159;392.0000;1.0000;0;WO273747;961.75
2026/07/02;eng-093;156;2026-01-07 12:00:00;642.8700;1592.4900;1410.4000;553.7400;2388.0800;9060.2600;47.5000;520.9800;2388.0700;8139.9500;8.4652;393.0000;1.0000;0;WO452516;1234.19
2026/07/02;  ENG-031 ;121;2026-01-06 01:00:00;642.8300;1592.0300;1399.9800;554.0600;2388.0500;9072.9100;47.6900;521.7000;2388.0600;8152.7500;8.4472;394.0000;0.6640;0;WO777368;982.08
2026/07/02;ENG-068;89;2026-01-04 17:00:00;642.6300;1583.3700;1401.7100;554.2500;2388.0300;9056.3800;47.4600;521.8000;2388.0000;8140.1400;8.4400;392.0000;0.8480;0;WO518428;2796.92
02-Jul-2026;ENG-068;79;2026-01-04 07:00:00;642.7400;1582.9900;1404.5800;554.2100;2388.0500;9050.6200;47.3700;522.0700;2388.0700;8144.4700;8.4006;394.0000;0.9280;0;WO884249;1034.30
2026/07/02;ENG-034;109;2026-01-05 13:00:00;642.1600;1588.8900;1400.6600;553.6700;2388.0700;9073.9700;47.1700;522.4300;2388.0100;8148.8300;8.4252;391.0000;0.8080;0;WO714669;813.89
02-Jul-2026;ENG-053;79;2026-01-04 07:00:00;642.8700;1586.4400;1393.5000;554.2600;2388.0600;9058.9800;47.5200;522.0700;2388.0000;8137.1200;8.4422;392.0000;0.8880;0;WO799891;2,488.79
2026/07/02;ENG-032;86;2026-01-04 14:00:00;642.0400;1581.6100;1401.8000;553.9500;2387.9800;9072.6500;47.2100;522.3000;2388.0300;8155.7600;8.3845;391.0000;0.8560;0;WO421107;558.81
2026-07-02;ENG-097;77;2026-01-04 05:00:00;642.9600;1583.9000;1400.1500;554.3600;2388.0100;9077.9000;47.1500;522.2200;2387.9700;8152.3500;8.4080;393.0000;1.0000;0;WO350504;2,438.43
02-Jul-2026;ENG-044;19;2026-01-01 19:00:00;641.5800;1589.7400;1405.3100;553.4800;2388.1100;9056.6500;47.3200;521.5000;2388.0700;8132.9000;8.4878;392.0000;1.0000;0;WO357622;2,798.16
2026/07/02;eng-011;48;2026-01-03 00:00:00;642.6800;1592.1800;1403.0800;552.9400;2388.1900;9033.7800;47.6200;521.1200;2388.1500;8120.7600;8.4536;394.0000;;0;WO677553;217.23
2026-07-02;ENG-091;119;2026-01-05 23:00:00;642.6900;1581.1300;1414.1500;553.1700;2388.1300;9049.8800;47.6000;520.8600;2388.1500;8130.3500;8.4525;391.0000;1.0000;0;WO321043;2720.65
2026/07/02;ENG-099;41;2026-01-02 17:00:00;641.6700;1581.6300;1401.5800;555.6400;2387.9800;9071.7300;47.1700;522.9800;2387.9200;8145.3900;8.3741;391.0000;1.0000;0;WO803154;2694.80
2026-07-02;ENG-011;44;2026-01-02 20:00:00;642.6900;1598.0400;1414.0500;553.6200;2388.1000;9040.6900;47.5500;521.1300;2388.1200;8122.5100;8.4527;392.0000;1.0000;0;WO264230;407.65
02-Jul-2026;ENG-038;78;2026-01-04 06:00:00;643.1200;1591.3300;1409.6300;553.4400;2388.1100;9057.8900;47.6600;521.4600;2388.1300;8135.5600;8.4572;394.0000;0.7760;0;WO657322;952.53
2026-07-02;  ENG-042 ;74;2026-01-04 02:00:00;642.0000;1581.7700;1399.5500;554.1000;2388.0500;9047.3000;47.1900;522.0300;2388.0700;8139.6700;8.3962;392.0000;0.7360;0;WO688815;416.79
2026-07-02;eng-048;28;2026-01-02 04:00:00;642.8100;1585.0600;1403.7000;554.1300;2388.0300;9057.4200;47.4400;521.6600;2388.0700;8140.6300;8.4034;392.0000;1.0000;0;WO437591;1,277.10
2026/07/02;ENG-089;118;2026-01-05 22:00:00;642.5400;1585.9400;1405.6700;554.0100;2388.1200;9048.2400;47.4700;521.6000;2388.1200;8124.3700;8.4487;392.0000;1.0000;0;WO312673;1550.71
2026-07-02;ENG-003;43;2026-01-02 19:00:00;643.0200;1589.2600;1413.2000;553.3400;2388.1100;9052.2300;47.5000;521.5900;2388.1000;8134.1200;8.4194;394.0000;1.0000;0;WO155964;112.39
02-Jul-2026;ENG-064;103;2026-01-05 07:00:00;642.3500;1588.0900;1408.7600;552.9100;2388.1100;9059.0000;47.5100;521.4000;2388.1100;8135.0600;8.4239;392.0000;0.7440;0;WO419355;1526.68
02-Jul-2026;ENG-066;67;2026-01-03 19:00:00;642.8300;1590.8300;1410.0600;554.2500;2388.0900;9066.9800;47.5200;521.7600;2388.1100;8143.4100;8.4329;393.0000;0.7520;0;WO850830;2,285.78
2026/07/02;ENG-058;118;2026-01-05 22:00:00;642.5600;1585.4100;1408.9600;553.3300;2388.0800;9054.1900;47.6200;521.1900;2388.1000;8130.5200;8.4456;392.0000;0.7600;0;WO602537;2690.20
2026/07/02;ENG-019;52;2026-01-03 04:00:00;642.1100;1591.4500;1394.2900;554.3400;2388.0500;9055.9600;47.2500;522.1000;2388.0500;8133.4200;8.4071;390.0000;1.0000;0;WO445781;2555.19
02-Jul-2026;ENG-059;49;2026-01-03 01:00:00;642.1000;1583.8100;1404.3600;554.4200;2387.9700;9061.6000;47.1500;522.2600;2388.0300;8140.4700;8.4146;391.0000;1.0000;0;WO318002;1125.04
02-Jul-2026;ENG-086;59;2026-01-03 11:00:00;642.4200;1585.9800;1402.7600;553.2300;2388.1200;9065.3200;47.4400;522.0800;2388.0600;8143.4200;8.4388;392.0000;1.0000;0;WO463840;2744.42
02-Jul-2026;ENG-027;70;2026-01-03 22:00:00;642.4800;1584.5600;1395.8200;554.0000;2388.0400;9049.4900;47.2200;522.5400;2388.0700;8130.6300;8.4362;393.0000;1.0000;0;WO813001;1,981.01
2026-07-02;ENG-100;121;2026-01-06 01:00:00;642.5700;1577.1000;1401.3200;554.1200;2388.0100;9077.2700;47.2700;522.7400;2388.0100;8153.0700;8.4347;392.0000;0.7760;0;WO721091;2245.03
02-Jul-2026;ENG-046;94;2026-01-04 22:00:00;642.8300;1594.6500;1409.1400;553.1400;2388.0700;9065.0600;47.5500;521.8900;2388.0700;8149.3900;8.4396;394.0000;0.7920;0;WO361807;1605.97
2026/07/02;ENG-073;59;2026-01-03 11:00:00;642.1100;1580.0900;1401.6100;554.7300;2388.0200;9055.7800;47.3000;522.0600;2388.0700;8134.0400;8.3848;392.0000;1.0000;0;WO991961;1520.47
02-Jul-2026;ENG-031;96;2026-01-05 00:00:00;641.9600;1590.9600;1397.4400;553.2400;2388.0300;9072.3900;47.4000;522.1600;2388.0700;8148.8500;8.4334;393.0000;0.8640;0;WO484036;141.96
2026/07/02;ENG-017;69;2026-01-03 21:00:00;642.4900;1589.2100;1399.4200;554.8400;2387.9900;9074.1400;47.1800;522.4300;2387.9700;8156.7400;8.4026;392.0000;1.0000;0;WO763406;1,916.54
2026-07-02;ENG-095;40;2026-01-02 16:00:00;642.2400;1584.9800;1406.1100;554.2600;2388.0100;9045.8500;47.1300;521.9200;2388.0000;8128.6500;8.4324;392.0000;1.0000;0;WO659992;60.42
02-Jul-2026;ENG-057;69;2026-01-03 21:00:00;642.4300;1591.9800;1412.2100;554.2400;2388.0800;9050.0100;47.4600;521.4500;2388.0700;8130.5700;8.4522;393.0000;1.0000;0;WO799479;272.15
2026/07/02;ENG-100;71;2026-01-03 23:00:00;642.0800;1580.1800;1402.3400;553.8000;2388.0500;9060.3100;47.3900;522.0500;2388.0300;8138.1100;8.4574;392.0000;1.0000;0;WO689978;2575.63
2026-07-02;ENG-080;50;2026-01-03 02:00:00;642.3100;1581.4000;1400.1700;553.7700;2388.0000;9059.4000;47.3700;521.7600;2388.0200;8143.4300;8.4201;393.0000;1.0000;0;WO984934;1417.66
2026-07-02;ENG-016;47;2026-01-02 23:00:00;642.5700;1584.4600;1395.2600;554.9600;2388.0700;9053.2100;47.2700;521.8300;2388.0500;8135.8200;8.4286;393.0000;;0;WO955194;1747.21
2026-07-02;  ENG-082 ;101;2026-01-05 05:00:00;642.5300;1593.5400;1406.5500;553.8300;2388.0900;9063.9700;47.5800;521.3700;2388.0900;8132.7400;8.4189;392.0000;0.5600;0;WO422225;358.14
2026/07/02;ENG-023;80;2026-01-04 08:00:00;641.7300;1582.3200;1404.5700;553.6400;2388.0500;9048.8500;47.3100;522.1500;2388.0300;8134.0100;8.3913;393.0000;1.0000;0;WO715911;1367.87
2026/07/02;ENG-091;146;2026-01-07 02:00:00;642.8700;1592.4500;1414.8600;553.0800;2388.1300;9049.9200;47.8800;520.8700;2388.1600;8126.4100;8.4766;394.0000;1.0000;0;WO129515;2601.97
2026-07-02;ENG-082;67;2026-01-03 19:00:00;641.9200;1588.6200;1400.4100;553.9700;2388.0100;9064.8400;47.2400;521.4000;2388.0600;8142.6000;8.4190;393.0000;0.8320;0;WO807699;2,160.69
2026-07-02;ENG-040;83;2026-01-04 11:00:00;642.4900;1596.2000;1408.2500;553.6700;2388.1300;9059.0800;47.5700;521.7100;2388.1500;8139.8700;8.4464;396.0000;0.6240;0;WO988410;1,810.42
2026/07/02;ENG-019;49;2026-01-03 01:00:00;642.2200;1590.7000;1402.0200;554.5500;2388.0100;9058.7200;47.3300;522.6200;2388.1200;8134.6700;8.4329;391.0000;1.0000;0;WO363122;422.13
2026/07/02;ENG-091;88;2026-01-04 16:00:00;641.9800;1592.0700;1411.1900;553.3600;2388.1300;9042.9500;47.6800;521.2500;2388.1100;8129.8000;8.4312;391.0000;1.0000;0;WO402679;285.70
2026/07/02;ENG-055;76;2026-01-04 04:00:00;642.5400;1589.5500;1400.6000;553.3200;2388.1300;9052.9400;47.2800;521.9800;2388.0500;8139.0200;8.3924;392.0000;1.0000;0;WO645228;1,275.41
02-Jul-2026;ENG-012;135;2026-01-06 15:00:00;642.3600;1584.2800;1397.7800;554.6600;2388.1200;9057.5900;47.3800;521.9600;2388.0500;8138.9300;8.3756;390.0000;1.0000;0;WO735649;193.40
2026-07-02;ENG-050;39;2026-01-02 15:00:00;642.1000;1586.4400;1401.9800;554.4300;2388.0100;9057.1500;47.3300;522.4200;2388.0400;8141.9800;8.4109;392.0000;0.9120;0;WO972798;260.03
2026/07/02;ENG-017;89;2026-01-04 17:00:00;642.4600;1578.2600;1402.7900;554.1200;2387.9600;9072.1500;47.2600;522.1100;2388.0100;8151.6100;8.4370;394.0000;1.0000;0;WO172297;1519.63
2026-07-02;ENG-030;91;2026-01-04 19:00:00;642.1200;1588.9700;1403.5100;553.5900;2388.1300;9048.4600;47.6200;521.4700;2388.1600;8126.3100;8.4423;392.0000;1.0000;0;WO569435;102.66
2026/07/02;ENG-049;194;2026-01-09 02:00:00;642.5000;1592.8300;1404.3500;553.8700;2388.0400;9058.3200;47.4500;521.6200;2388.0400;8138.3100;8.4398;393.0000;1.0000;0;WO391399;556.72
2026/07/02;ENG-092;92;2026-01-04 20:00:00;642.8000;1595.0400;1414.5000;553.0200;2388.1600;9039.1700;47.6700;521.2400;2388.2000;8127.9800;8.4218;394.0000;0.6240;0;WO385685;1116.92
02-Jul-2026;ENG-035;84;2026-01-04 12:00:00;642.7400;1592.9800;1410.6300;553.1000;2388.1600;9058.0000;47.6800;521.1400;2388.1000;8134.2600;8.4482;394.0000;1.0000;0;WO133268;1771.80
2026/07/02;ENG-092;74;2026-01-04 02:00:00;642.6900;1593.7400;1408.3800;553.4700;2388.1200;9041.0700;47.5500;521.2600;2388.1900;8120.6200;8.4544;393.0000;0.7680;0;WO275365;
02-Jul-2026;  ENG-020 ;80;2026-01-04 08:00:00;642.6400;1588.9400;1403.3600;553.7300;2388.0800;9068.1000;47.4500;521.5400;2388.0500;8146.0400;8.4010;395.0000;0.9600;0;WO984614;1,741.66
2026/07/02;ENG-035;77;2026-01-04 05:00:00;642.6300;1590.5800;1412.4700;553.3700;2388.1100;9053.1200;47.4000;521.5000;2388.1000;8133.8700;8.4117;391.0000;1.0000;0;WO312928;
2026/07/02;ENG-055;74;2026-01-04 02:00:00;642.0200;1581.5100;1405.2600;554.3900;2388.0300;9063.9100;47.3100;522.1800;2388.0700;8139.3200;8.4185;393.0000;1.0000;0;WO402224;1342.56
2026/07/02;ENG-094;79;2026-01-04 07:00:00;642.6400;1586.4400;1407.6100;553.5600;2388.0400;9053.3300;47.5100;521.4500;2388.0700;8139.7100;8.4517;393.0000;0.8720;0;WO447154;1,223.25
2026/07/02;ENG-060;52;2026-01-03 04:00:00;642.1300;1583.1600;1402.2200;553.3100;2388.0900;9050.0300;47.6800;521.4600;2388.0600;8127.7000;8.4303;394.0000;1.0000;0;WO439929;332.98
02-Jul-2026;  ENG-095 ;34;2026-01-02 10:00:00;642.1500;1586.6000;1394.2700;554.1800;2388.0500;9051.7200;47.2100;521.9900;2388.0500;8133.2600;8.4125;390.0000;1.0000;0;WO978938;1,784.42
2026-07-02;  ENG-027 ;90;2026-01-04 18:00:00;642.4400;1587.9700;1402.3600;554.1000;2388.0400;9052.3300;47.3000;521.8100;2388.0000;8132.5300;8.3897;391.0000;0.9280;0;WO739418;2201.53
2026/07/02;  ENG-020 ;110;2026-01-05 14:00:00;642.5100;1582.8700;1412.2100;553.7700;2388.1300;9062.3600;47.3700;521.2500;2388.1000;8141.9800;8.4345;393.0000;0.7200;0;WO506265;
02-Jul-2026;ENG-023;84;2026-01-04 12:00:00;642.1500;1585.4600;1397.0500;554.3000;2387.9600;9048.4900;47.1400;522.4000;2388.0400;8129.6600;8.4315;393.0000;1.0000;0;WO390698;276.99
2026/07/02;eng-057;99;2026-01-05 03:00:00;642.7300;1588.6300;1404.3300;553.7200;2388.1000;9052.7300;47.5900;522.0700;2388.0700;8130.3300;8.4291;393.0000;1.0000;0;WO630484;540.81
02-Jul-2026;ENG-057;79;2026-01-04 07:00:00;642.9000;1587.4400;1402.4100;553.6200;2388.0800;9050.3500;47.6000;521.6500;2388.1200;8127.2600;8.4096;393.0000;1.0000;0;WO256175;1248.01
2026/07/02;ENG-091;84;2026-01-04 12:00:00;642.9100;1593.4500;1409.6200;552.7300;2388.0900;9048.9600;47.6700;520.8400;2388.1600;8126.6600;8.4380;394.0000;1.0000;0;WO801774;2159.09
02-Jul-2026;  ENG-096 ;40;2026-01-02 16:00:00;642.0700;1583.5400;1398.3400;553.7300;2387.9900;9062.3400;47.1600;522.0600;2388.0400;8143.5300;8.3838;392.0000;1.0000;0;WO358239;
2026-07-02;eng-090;92;2026-01-04 20:00:00;642.2900;1586.9700;1401.5700;553.6900;2388.1200;9058.5000;47.5800;521.3400;2388.1300;8133.1000;8.4580;394.0000;0.6560;0;WO533302;1,717.55
2026-07-02;ENG-070;80;2026-01-04 08:00:00;641.6500;1591.8200;1405.2200;554.2600;2388.0700;9051.2900;47.3600;521.4900;2388.1000;8134.3100;8.4472;392.0000;1.0000;0;WO658933;1641.05
02-Jul-2026;ENG-071;24;2026-01-02 00:00:00;641.7900;1594.8400;1396.8500;553.9700;2388.0500;9069.4000;47.0900;522.0600;2388.0200;8152.5500;8.4214;391.0000;1.0000;0;WO206446;2074.55
2026-07-02;ENG-028;78;2026-01-04 06:00:00;642.8600;1582.9000;1404.4400;553.6800;2388.0600;9044.7600;47.2400;521.4400;2388.1100;8121.8600;8.4127;393.0000;1.0000;0;WO756611;1248.11
2026-07-02;ENG-076;93;2026-01-04 21:00:00;642.1000;1582.5800;1397.6700;554.1800;2388.0900;9066.0200;47.2900;522.3000;2387.9900;8150.0500;8.4118;392.0000;0.9760;0;WO783612;600.06
02-Jul-2026;ENG-074;73;2026-01-04 01:00:00;642.5700;1593.7800;1405.6300;553.7600;2388.1100;9059.7000;47.3400;521.1700;2388.0600;8138.1400;8.4110;393.0000;1.0000;0;WO516041;885.77
02-Jul-2026;ENG-008;63;2026-01-03 15:00:00;642.3900;1597.0500;1406.0700;553.4800;2388.0600;9045.8000;47.5300;521.7500;2388.0800;8126.6900;8.4531;393.0000;;0;WO154149;1,542.96
02-Jul-2026;ENG-071;43;2026-01-02 19:00:00;642.0800;1590.2700;1390.5000;553.7300;2388.0500;9064.2300;47.3400;521.6300;2388.0300;8149.6200;8.3991;391.0000;;0;WO574528;92.88
02-Jul-2026;ENG-089;90;2026-01-04 18:00:00;642.0100;1585.1900;1403.7100;553.8800;2388.0900;9050.1200;47.3300;522.2100;2388.1200;8123.5600;8.4210;394.0000;1.0000;0;WO270665;2556.10
02-Jul-2026;ENG-086;41;2026-01-02 17:00:00;642.8000;1591.0300;1401.9300;554.4300;2388.1000;9058.6100;47.5400;522.1900;2388.0400;8141.2800;8.4323;392.0000;1.0000;0;WO571183;1,754.68
2026-07-02;  ENG-028 ;75;2026-01-04 03:00:00;642.5000;1590.9600;1403.0000;554.1100;2388.0600;9042.6900;47.5400;522.0700;2388.1000;8122.4000;8.4423;392.0000;1.0000;0;WO962073;1,062.67
2026/07/02;ENG-016;64;2026-01-03 16:00:00;642.0700;1586.7700;1395.0800;553.9300;2388.0700;9052.1500;47.4800;522.1300;2388.0600;8137.5000;8.4334;392.0000;1.0000;0;WO164125;2,438.09
2026-07-02;ENG-007;65;2026-01-03 17:00:00;641.7300;1581.5000;1404.0800;554.5900;2388.0200;9052.3000;47.1100;521.6900;2388.0100;8146.0000;8.3926;391.0000;1.0000;0;WO866096;2,027.15
2026-07-02;ENG-035;96;2026-01-05 00:00:00;642.1800;1590.7300;1409.7600;553.4900;2388.1600;9048.7400;47.4700;520.8300;2388.1700;8132.0700;8.4485;394.0000;0.9040;0;WO826030;458.90
2026/07/02;  ENG-049 ;172;2026-01-08 04:00:00;642.2500;1583.5200;1405.8000;554.2000;2387.9800;9068.9400;47.4400;521.9700;2388.0400;8141.8300;8.4258;391.0000;1.0000;0;WO823727;
2026-07-02;  ENG-034 ;97;2026-01-05 01:00:00;642.0500;1580.3800;1399.2000;554.5600;2388.0100;9066.5200;47.2400;522.3900;2388.0100;8148.6700;8.4328;390.0000;0.9040;0;WO833979;178.70
02-Jul-2026;ENG-007;84;2026-01-04 12:00:00;642.3400;1583.9500;1400.2300;554.2600;2388.0400;9056.1200;47.2100;522.4500;2388.0000;8139.6500;8.4384;392.0000;1.0000;0;WO247558;1,405.31
2026/07/02;ENG-008;86;2026-01-04 14:00:00;643.0900;1590.9600;1408.5500;553.2300;2388.0800;9051.7600;47.5000;521.5100;2388.0700;8134.9000;8.4410;394.0000;1.0000;0;WO910835;283.27
02-Jul-2026;ENG-007;90;2026-01-04 18:00:00;642.3800;1591.7800;1395.2700;554.6800;2388.0100;9056.7300;47.1900;522.6000;2388.0100;8138.1800;8.4295;393.0000;1.0000;0;WO373093;1078.98
02-Jul-2026;ENG-013;100;2026-01-05 04:00:00;641.6300;1586.7300;1406.5000;555.0700;2388.0600;9060.4900;47.3400;522.5200;2387.9900;8150.9900;8.4391;391.0000;1.0000;0;WO192563;
2026-07-02;ENG-017;59;2026-01-03 11:00:00;642.2600;1583.1300;1404.3400;554.8100;2387.9900;9064.2600;47.5100;522.4100;2388.0000;8151.1400;8.4013;393.0000;1.0000;0;WO164649;893.46
02-Jul-2026;ENG-096;59;2026-01-03 11:00:00;642.4400;1583.2200;1400.7400;553.4200;2388.0200;9065.4800;47.2900;522.2900;2388.0100;8145.7200;8.3727;392.0000;1.0000;0;WO311461;2,594.90
2026/07/02;eng-058;105;2026-01-05 09:00:00;642.4900;1589.2300;1408.3600;553.0100;2388.0900;9047.8100;47.2700;521.5800;2388.0500;8130.4400;8.4034;394.0000;0.8640;0;WO783051;2265.28
2026/07/02;ENG-059;40;2026-01-02 16:00:00;641.9200;1579.8200;1396.2400;554.1200;2388.0000;9051.5300;47.1900;522.7300;2387.9700;8141.4700;8.4179;390.0000;1.0000;0;WO963637;2573.66
2026/07/02;ENG-038;43;2026-01-02 19:00:00;642.8500;1598.0200;1407.3900;553.1500;2388.0900;9051.6000;47.7000;521.0400;2388.1300;8137.5800;8.4303;394.0000;1.0000;0;WO733235;
02-Jul-2026;ENG-050;49;2026-01-03 01:00:00;642.4600;1580.9900;1401.3900;553.6000;2388.0100;9060.5600;47.3800;521.3500;2388.0500;8145.8200;8.4147;394.0000;0.8320;0;WO789851;2183.14
2026/07/02;ENG-039;25;2026-01-02 01:00:00;642.2900;1587.6000;1399.1000;554.0700;2388.0700;9064.2000;47.1400;522.0300;2387.9800;8146.5200;8.4650;391.0000;1.0000;0;WO969721;892.51
2026/07/02;ENG-093;159;2026-01-07 15:00:00;642.8400;1599.6500;1409.5600;553.0100;2388.1000;9063.2400;47.6800;520.6900;2388.1600;8145.0500;8.4598;393.0000;1.0000;0;WO566244;992.52
2026/07/02;ENG-041;82;2026-01-04 10:00:00;642.6400;1587.6400;1397.0800;554.2100;2388.0900;9044.6400;47.4100;521.7100;2388.0900;8130.2700;8.4214;391.0000;0.4720;0;WO260566;1,034.01
02-Jul-2026;  ENG-045 ;52;2026-01-03 04:00:00;643.1700;1589.0900;1407.9500;553.1900;2388.1200;9051.6800;47.4300;521.8200;2388.1100;8138.9700;8.4581;393.0000;1.0000;0;WO385615;412.35
02-Jul-2026;ENG-073;68;2026-01-03 20:00:00;642.6000;1581.6800;1399.7200;554.8100;2388.0400;9055.5700;47.2100;521.8600;2388.0300;8138.5500;8.4080;391.0000;1.0000;0;WO391778;1,313.74
2026-07-02;ENG-064;102;2026-01-05 06:00:00;642.4500;1584.0800;1405.9000;553.6800;2388.0600;9059.4800;47.4800;522.4300;2388.1000;8137.5800;8.4620;392.0000;0.7520;0;WO929089;2162.63
2026-07-02;ENG-078;26;2026-01-02 02:00:00;641.9900;1593.5200;1395.2000;554.8000;2387.9900;9060.0700;47.1600;522.6900;2387.9800;8141.6000;8.4111;391.0000;1.0000;0;WO248138;2349.09
02-Jul-2026;ENG-068;71;2026-01-03 23:00:00;642.2800;1588.7900;1395.8200;553.4800;2388.0600;9059.0600;47.6300;522.0100;2388.0800;8135.7700;8.4301;392.0000;;0;WO230809;
02-Jul-2026;eng-035;79;2026-01-04 07:00:00;642.4700;1594.2900;1413.5000;553.8000;2388.1500;9066.7800;47.5900;521.1600;2388.1100;8134.7200;8.4487;393.0000;1.0000;0;WO560259;939.92
2026-07-02;ENG-084;69;2026-01-03 21:00:00;642.4300;1592.5300;1407.8200;554.0300;2388.0700;9061.5400;47.3700;521.5600;2388.0600;8140.8500;8.4231;393.0000;1.0000;0;WO668269;541.92
2026-07-02;  ENG-046 ;56;2026-01-03 08:00:00;642.5600;1588.5200;1409.3400;552.9200;2388.0800;9070.8200;47.3900;521.2700;2388.0500;8148.2700;8.4274;395.0000;1.0000;0;WO268758;125.00
