ExportDate;EquipmentID;Cycle;Timestamp;Sensor_2;Sensor_3;Sensor_4;Sensor_7;Sensor_8;Sensor_9;Sensor_11;Sensor_12;Sensor_13;Sensor_14;Sensor_15;Sensor_17;HealthScore;AnomalyFlag;WorkOrder;MaintenanceCost
2026-07-03;ENG-093;198;2026-01-09 06:00:00;642.7700;1592.4500;1411.0800;553.2800;2388.0800;9066.7500;47.7600;521.0000;2388.1200;8144.3400;8.4633;392.0000;1.0000;0;WO115947;2906.27
03-Jul-2026;ENG-003;93;2026-01-04 21:00:00;642.7000;1593.2900;1407.2500;552.9100;2388.1600;9047.6300;47.4900;521.1400;2388.1600;8128.2500;8.4262;395.0000;;0;WO157749;1,360.39
03-Jul-2026;  ENG-098 ;121;2026-01-06 01:00:00;642.6800;1599.5100;1415.4700;553.4400;2388.1300;9062.3400;47.6600;521.5300;2388.0900;8146.3900;8.4235;394.0000;0.4720;0;WO846401;1,948.54
2026-07-03;ENG-091;188;2026-01-08 20:00:00;642.9200;1597.1900;1412.0900;552.9900;2388.1500;9054.8100;47.9300;520.6300;2388.1700;8127.9900;8.4607;393.0000;0.6720;0;WO882397;2,291.74
2026-07-03;ENG-068;135;2026-01-06 15:00:00;642.5000;1585.7700;1409.2900;552.9900;2388.1300;9060.8400;47.6500;521.7000;2388.0600;8143.4000;8.4447;394.0000;0.4800;0;WO467507;2,987.59
2026-07-03;ENG-026;66;2026-01-03 18:00:00;642.7400;1588.7900;1398.7900;553.8900;2388.0600;9068.7100;47.4200;521.7300;2388.0400;8149.7900;8.4301;391.0000;;0;WO972600;2299.09
03-Jul-2026;eng-099;86;2026-01-04 14:00:00;641.8400;1579.7800;1397.4400;554.7600;2388.0100;9067.8900;47.2100;522.4400;2387.9500;8144.5900;8.3889;390.0000;1.0000;0;WO549619;2644.07
03-Jul-2026;ENG-009;42;2026-01-02 18:00:00;643.0800;1594.7900;1404.2100;553.6600;2388.0900;9051.8300;47.4600;521.2900;2388.1700;8131.1900;8.4179;394.0000;0.9920;0;WO448180;2420.05
2026/07/03;ENG-087;42;2026-01-02 18:00:00;642.2200;1588.4700;1389.1700;554.0100;2387.9800;9057.9400;47.4500;522.5600;2388.0100;8143.1300;8.4192;391.0000;1.0000;0;WO596337;420.24
2026-07-03;ENG-072;126;2026-01-06 06:00:00;642.4400;1590.0500;1403.5100;553.6300;2388.1100;9069.5300;47.5800;521.3400;2388.1200;8145.0800;8.4030;392.0000;0.4400;0;WO231850;1,135.98
03-Jul-2026;  ENG-079 ;100;2026-01-05 04:00:00;642.7500;1583.3900;1407.6200;553.6900;2388.0700;9049.2400;47.3800;521.4700;2388.0900;8123.7900;8.4631;393.0000;0.5120;0;WO489181;1450.57
03-Jul-2026;ENG-019;112;2026-01-05 16:00:00;641.8700;1582.3000;1394.9300;554.4200;2388.0600;9062.2100;47.4500;521.6300;2388.0100;8141.1600;8.4057;390.0000;0.8800;0;WO374317;2817.54
03-Jul-2026;ENG-046;101;2026-01-05 05:00:00;642.7600;1591.6500;1414.9400;553.4700;2388.1000;9075.4500;47.3900;521.7800;2388.0800;8153.0800;8.4439;393.0000;0.7360;0;WO311873;2265.48
03-Jul-2026;ENG-031;190;2026-01-08 22:00:00;643.3500;1597.7900;1421.6600;551.6600;2388.1700;9088.8500;48.0000;520.1500;2388.1600;8156.5400;8.4771;395.0000;0.1120;1;WO729155;7890.45
2026-07-03;eng-062;229;2026-01-10 13:00:00;642.9100;1591.9200;1413.0300;553.6700;2388.0500;9092.7900;47.4800;521.5400;2388.0500;8165.7600;8.4484;394.0000;0.4560;0;WO400973;1853.99
2026/07/03;ENG-003;121;2026-01-06 01:00:00;643.0500;1595.3600;1412.3600;553.3300;2388.1800;9044.9300;47.6400;520.8700;2388.1500;8125.9300;8.4892;392.0000;0.5920;0;WO738843;2819.90
2026/07/03;  ENG-045 ;129;2026-01-06 09:00:00;642.7900;1594.5000;1410.4600;553.3800;2388.1400;9067.4100;47.6500;521.4500;2388.1200;8145.3200;8.4642;395.0000;1.0000;0;WO280954;2075.23
2026/07/03;  ENG-086 ;107;2026-01-05 11:00:00;642.6100;1586.4100;1404.2700;553.5800;2388.0900;9062.8000;47.4200;521.5400;2388.0500;8145.6800;8.4643;391.0000;0.7360;0;WO263482;1493.13
2026-07-03;ENG-021;110;2026-01-05 14:00:00;641.6100;1586.9300;1395.2500;553.9100;2388.0500;9061.2300;47.1800;521.8800;2388.0500;8151.0100;8.4323;391.0000;;0;WO109323;208.26
2026-07-03;ENG-033;44;2026-01-02 20:00:00;642.2500;1601.2800;1405.5900;552.0900;2388.1100;9054.8100;47.6800;521.9400;2388.1000;8137.1300;8.4691;392.0000;0.8960;0;WO187873;2750.55
03-Jul-2026;  ENG-046 ;116;2026-01-05 20:00:00;642.4100;1584.1200;1401.3800;554.0300;2388.0800;9075.2000;47.7100;520.8300;2388.0900;8151.1500;8.4542;391.0000;0.6160;0;WO279410;2,603.62
2026-07-03;ENG-037;117;2026-01-05 21:00:00;642.8100;1587.8200;1412.6700;552.5300;2388.1700;9047.9600;47.6700;521.0600;2388.1900;8123.8000;8.4725;393.0000;0.2000;1;WO191906;12413.01
03-Jul-2026;eng-086;88;2026-01-04 16:00:00;642.7900;1597.3000;1409.8300;553.3800;2388.0800;9066.5600;47.4000;521.5900;2388.1600;8143.1000;8.4299;392.0000;0.8880;0;WO848592;431.38
2026/07/03;ENG-026;55;2026-01-03 07:00:00;642.3600;1581.5000;1399.9800;553.9100;2388.0000;9070.7500;47.3100;522.3700;2388.0200;8146.2400;8.4204;391.0000;1.0000;0;WO111866;247.98
2026/07/03;ENG-087;53;2026-01-03 05:00:00;641.8900;1592.4700;1399.0600;554.4800;2388.0700;9055.3700;47.3600;521.8600;2388.0200;8144.6000;8.3977;393.0000;0.9520;0;WO736513;2714.81
03-Jul-2026;ENG-033;48;2026-01-03 00:00:00;642.9400;1595.0400;1407.8400;553.2800;2388.1400;9050.9900;47.5800;521.7300;2388.1600;8142.6900;8.4885;395.0000;0.8640;0;WO937502;725.51
2026/07/03;ENG-017;161;2026-01-07 17:00:00;642.8600;1591.4800;1405.8800;553.6000;2388.0300;9093.8400;47.5800;521.3200;2388.0300;8167.3900;8.4641;393.0000;0.4320;0;WO186957;2737.75
03-Jul-2026;ENG-031;164;2026-01-07 20:00:00;642.8000;1589.5000;1413.8000;552.9200;2388.1200;9077.2600;47.6600;521.1400;2388.1500;8153.2700;8.4659;394.0000;0.3200;0;WO220781;1,262.12
2026-07-03;  ENG-058 ;126;2026-01-06 06:00:00;641.8800;1589.9800;1404.3900;553.3800;2388.0800;9047.0600;47.4300;521.4800;2388.1100;8133.0500;8.4381;395.0000;0.6960;0;WO573911;2276.56
2026-07-03;ENG-093;209;2026-01-09 17:00:00;643.0800;1592.6200;1415.6800;552.7100;2388.1300;9064.5300;47.6200;520.8800;2388.1200;8139.6600;8.4529;394.0000;0.9600;0;WO962907;868.09
2026/07/03;ENG-037;121;2026-01-06 01:00:00;643.3400;1593.1500;1413.3800;552.5600;2388.1800;9041.7100;47.6900;520.6900;2388.1500;8119.0700;8.4944;394.0000;;1;WO269267;11050.83
2026/07/03;ENG-055;101;2026-01-05 05:00:00;642.2800;1589.6900;1404.9300;553.5200;2388.0600;9062.8400;47.2600;521.7200;2388.0700;8139.5800;8.4278;393.0000;1.0000;0;WO584253;442.67
2026-07-03;ENG-079;75;2026-01-04 03:00:00;642.4200;1588.4400;1411.3700;553.6600;2388.1200;9047.9300;47.2900;521.5800;2388.1200;8129.4500;8.4233;392.0000;0.7120;0;WO940331;2774.15
03-Jul-2026;ENG-010;165;2026-01-07 21:00:00;642.3700;1590.6600;1407.5500;554.2800;2388.0800;9054.7700;47.4300;522.3600;2388.0100;8148.0300;8.4311;392.0000;0.9840;0;WO387420;1641.89
2026-07-03;ENG-062;193;2026-01-09 01:00:00;642.1600;1586.7000;1405.5900;554.4000;2388.0500;9073.3200;47.6100;522.0100;2388.0400;8147.2300;8.4147;392.0000;0.7440;0;WO700175;1,606.31
2026-07-03;ENG-026;71;2026-01-03 23:00:00;642.7800;1584.3500;1404.6100;554.4700;2388.0500;9069.2400;47.2100;521.4500;2388.0200;8141.4400;8.4432;391.0000;;0;WO330154;
2026/07/03;ENG-086;109;2026-01-05 13:00:00;643.0000;1585.7100;1410.0100;553.7700;2388.0600;9063.6500;47.4900;521.8000;2388.1100;8146.1900;8.4392;392.0000;0.7200;0;WO430511;461.57
2026-07-03;ENG-052;145;2026-01-07 01:00:00;642.9700;1587.8200;1404.4500;554.2300;2388.0200;9077.0900;47.2700;521.6100;2388.0100;8146.4000;8.4454;392.0000;0.5840;0;WO774615;2,308.49
03-Jul-2026;ENG-074;137;2026-01-06 17:00:00;642.6100;1595.1600;1406.1500;552.4400;2388.1000;9063.3500;47.5400;521.3900;2388.0700;8139.5900;8.4362;392.0000;1.0000;0;WO522021;
2026/07/03;ENG-049;282;2026-01-12 18:00:00;642.7100;1593.0300;1420.1000;552.2700;2388.1300;9051.1400;47.6100;520.3200;2388.1700;8134.3200;8.4326;394.0000;0.3360;0;WO646742;563.92
2026/07/03;ENG-046;117;2026-01-05 21:00:00;642.5600;1591.3600;1406.9700;552.6700;2388.0700;9073.2400;47.6500;521.0600;2388.1200;8154.5600;8.4393;392.0000;0.6080;0;WO347250;253.82
2026-07-03;ENG-043;167;2026-01-07 23:00:00;642.7700;1589.0900;1404.3600;553.0400;2388.1000;9058.6400;47.7700;520.7400;2388.1900;8134.3600;8.4827;393.0000;0.5120;0;WO280982;2,325.67
2026-07-03;eng-081;192;2026-01-09 00:00:00;643.0700;1594.8000;1421.7800;552.4400;2388.1400;9076.7300;47.8700;520.5100;2388.1600;8148.0000;8.4497;395.0000;0.2320;1;WO756948;8,867.44
2026/07/03;ENG-095;69;2026-01-03 21:00:00;642.8300;1582.5700;1402.9100;553.5200;2388.0900;9044.4000;47.5300;521.9300;2388.0800;8134.3800;8.4282;394.0000;1.0000;0;WO825348;1,732.44
03-Jul-2026;eng-002;49;2026-01-03 01:00:00;642.5500;1586.5900;1410.8300;553.5200;2388.1000;9044.7700;47.6700;521.7400;2388.0900;8126.9000;8.4505;391.0000;0.7840;0;WO654173;430.95
2026/07/03;ENG-030;112;2026-01-05 16:00:00;642.5100;1591.4800;1413.4500;552.9000;2388.1800;9045.5100;47.6900;521.0200;2388.1900;8125.4700;8.4475;394.0000;1.0000;0;WO862112;1,744.79
2026/07/03;ENG-012;182;2026-01-08 14:00:00;642.8300;1578.5700;1398.7600;553.5800;2388.0400;9066.1300;47.3500;522.8800;2388.0600;8139.2500;8.4573;393.0000;1.0000;0;WO216382;457.24
03-Jul-2026;ENG-070;149;2026-01-07 05:00:00;642.8700;1589.0700;1405.7600;553.1700;2388.1200;9051.1900;47.5500;521.8800;2388.1100;8129.2200;8.4424;392.0000;0.7760;0;WO371468;440.93
2026/07/03;ENG-098;106;2026-01-05 10:00:00;642.4100;1589.5800;1408.6900;553.1500;2388.1300;9067.1300;47.5600;521.8100;2388.1100;8144.0200;8.4550;392.0000;0.5920;0;WO170134;2210.87
2026-07-03;ENG-090;103;2026-01-05 07:00:00;642.7600;1593.9000;1401.0600;553.5800;2388.0800;9060.2300;47.5500;521.1100;2388.1300;8144.0000;8.4524;394.0000;0.5680;0;WO567697;2,671.12
03-Jul-2026;ENG-035;166;2026-01-07 22:00:00;643.0600;1604.4800;1422.4900;552.9300;2388.1700;9071.6400;47.6800;521.0200;2388.1900;8141.7600;8.4585;394.0000;0.3440;0;WO250649;1,083.12
2026/07/03;ENG-091;191;2026-01-08 23:00:00;642.8600;1593.1700;1415.4000;553.0100;2388.1000;9053.9400;48.0200;520.9900;2388.2200;8125.0900;8.4785;393.0000;0.6480;0;WO848990;1596.44
2026/07/03;  ENG-004 ;93;2026-01-04 21:00:00;643.2500;1589.0500;1403.4000;553.2900;2388.1400;9050.1100;47.6300;521.5900;2388.0900;8131.2000;8.4496;394.0000;;0;WO824161;2,533.76
2026/07/03;eng-049;301;2026-01-13 13:00:00;643.3600;1596.5800;1427.6900;552.1400;2388.2300;9060.0900;47.8900;520.8200;2388.2200;8124.7600;8.4854;396.0000;0.1840;1;WO735066;12870.97
2026/07/03;ENG-051;142;2026-01-06 22:00:00;642.1800;1591.1500;1403.4600;553.6000;2388.1100;9064.8900;47.4800;521.5800;2388.1100;8133.1700;8.4513;392.0000;0.9280;0;WO139369;1259.01
2026-07-03;eng-072;107;2026-01-05 11:00:00;642.5400;1589.8900;1409.2600;553.9100;2388.0500;9075.3400;47.4700;521.5200;2388.0700;8141.0300;8.4158;392.0000;0.5920;0;WO133988;1,028.98
2026/07/03;  ENG-035 ;137;2026-01-06 17:00:00;642.7700;1594.5400;1414.1300;553.4400;2388.1600;9068.3700;47.8000;521.0300;2388.1000;8141.6100;8.4441;393.0000;0.5760;0;WO805983;2,357.28
2026/07/03;ENG-067;54;2026-01-03 06:00:00;642.2100;1591.6000;1401.1400;554.5500;2388.0600;9061.4400;47.3800;521.5100;2388.0300;8134.2100;8.3958;392.0000;0.7520;0;WO270639;1327.95
2026/07/03;ENG-055;77;2026-01-04 05:00:00;642.6500;1587.4900;1403.4600;554.1200;2388.0700;9062.1300;47.1600;522.0700;2388.0700;8146.4600;8.4225;391.0000;1.0000;0;WO634470;2,641.78
2026-07-03;ENG-060;110;2026-01-05 14:00:00;642.6200;1586.9200;1408.6300;553.3400;2388.1100;9056.8600;47.5400;521.9800;2388.0900;8132.4400;8.4437;392.0000;1.0000;0;WO125823;301.49
2026-07-03;ENG-006;93;2026-01-04 21:00:00;642.7400;1592.3800;1411.2400;553.6500;2388.0900;9048.8500;47.6000;521.4400;2388.0500;8130.7000;8.4161;392.0000;0.8400;0;WO992167;1,803.37
2026-07-03;ENG-094;92;2026-01-04 20:00:00;642.6400;1590.2000;1409.8000;552.7700;2388.0900;9059.0400;47.4000;521.2200;2388.1500;8137.5200;8.4603;393.0000;0.7680;0;WO610337;504.13
2026-07-03;ENG-029;159;2026-01-07 15:00:00;642.5800;1594.0600;1409.4100;553.4900;2388.0300;9068.8000;47.2800;521.7400;2388.0400;8144.5000;8.4577;393.0000;0.8160;0;WO468971;
2026/07/03;ENG-097;107;2026-01-05 11:00:00;642.2200;1587.1800;1401.0100;553.9900;2388.0200;9072.0400;47.4500;522.2900;2387.9900;8152.1500;8.4221;393.0000;0.8720;0;WO374924;2294.61
2026-07-03;ENG-074;99;2026-01-05 03:00:00;642.2300;1592.3000;1404.3300;554.0600;2388.0900;9064.0200;47.2600;521.7700;2388.0600;8139.7300;8.4218;393.0000;1.0000;0;WO572279;
2026/07/03;ENG-021;141;2026-01-06 21:00:00;642.5800;1587.7200;1403.4800;554.4000;2388.0400;9091.0200;47.3200;521.7200;2387.9900;8157.8100;8.3937;390.0000;0.5120;0;WO570209;2002.78
03-Jul-2026;ENG-037;89;2026-01-04 17:00:00;642.7700;1590.1900;1406.2000;553.5300;2388.1400;9056.0500;47.5000;521.6400;2388.1100;8134.5200;8.4310;392.0000;0.4240;0;WO256261;
03-Jul-2026;ENG-038;91;2026-01-04 19:00:00;642.4400;1591.2300;1409.0400;552.8100;2388.1500;9054.8000;47.6100;520.9600;2388.1400;8141.2300;8.4418;393.0000;0.6720;0;WO258748;94.46
03-Jul-2026;ENG-044;43;2026-01-02 19:00:00;642.7500;1593.4100;1405.1300;555.0100;2388.0800;9052.5200;47.4200;521.9700;2388.0300;8132.9100;8.4544;392.0000;0.9600;0;WO931611;1,197.09
2026/07/03;ENG-090;109;2026-01-05 13:00:00;642.7400;1591.3600;1409.3100;553.2400;2388.1800;9071.4800;47.4600;521.9000;2388.0700;8139.5500;8.4402;391.0000;0.5200;0;WO322036;277.62
2026/07/03;eng-046;136;2026-01-06 16:00:00;642.8000;1598.4600;1416.4900;553.5000;2388.1300;9082.3300;47.8000;521.2700;2388.1100;8157.9500;8.4811;394.0000;0.4560;0;WO175510;2,515.83
2026-07-03;ENG-063;144;2026-01-07 00:00:00;642.9100;1591.9500;1412.3400;552.9700;2388.1800;9048.4100;47.6100;520.8400;2388.1900;8131.7000;8.4340;392.0000;0.6640;0;WO143768;468.95
2026-07-03;ENG-080;122;2026-01-06 02:00:00;642.8700;1583.3900;1405.6800;553.7200;2388.0900;9062.6100;47.6800;521.6400;2388.0700;8143.3500;8.4287;394.0000;0.8080;0;WO679306;2284.92
2026-07-03;ENG-020;184;2026-01-08 16:00:00;643.7500;1595.1200;1419.6000;552.1900;2388.1400;9066.4900;48.1300;520.6400;2388.2100;8138.8600;8.4690;395.0000;0.1280;1;WO532410;9951.91
2026/07/03;ENG-047;65;2026-01-03 17:00:00;643.0900;1596.6600;1413.1600;552.8500;2388.1300;9045.5300;47.8700;521.0300;2388.1300;8123.1500;8.4835;394.0000;1.0000;0;WO314799;1,082.30
2026-07-03;ENG-054;101;2026-01-05 05:00:00;642.0900;1578.0900;1405.8200;554.0200;2388.0300;9067.4300;47.4000;522.5800;2388.0100;8142.4600;8.3990;392.0000;0.9360;0;WO871234;531.16
2026/07/03;ENG-033;38;2026-01-02 14:00:00;643.2200;1584.7900;1417.7300;552.9600;2388.1100;9060.0300;47.5800;521.1700;2388.0900;8136.0800;8.4522;395.0000;0.9440;0;WO245602;1398.25
03-Jul-2026;ENG-048;69;2026-01-03 21:00:00;642.6800;1587.9000;1409.0700;553.6300;2388.1000;9048.9700;47.4000;521.6100;2388.0500;8131.1000;8.4515;393.0000;0.8080;0;WO207818;51.45
03-Jul-2026;ENG-057;146;2026-01-07 02:00:00;642.7200;1586.7000;1408.6600;553.2100;2388.0900;9054.2200;47.6400;521.0400;2388.0900;8129.1300;8.4250;392.0000;0.9360;0;WO434951;2,866.89
03-Jul-2026;ENG-074;100;2026-01-05 04:00:00;642.6000;1584.2100;1411.9400;553.8100;2388.0700;9058.2500;47.4800;521.5300;2388.0700;8140.6800;8.4687;394.0000;1.0000;0;WO736779;1714.12
03-Jul-2026;ENG-007;122;2026-01-06 02:00:00;642.5200;1584.3600;1400.3700;554.5300;2388.0500;9062.0100;47.3500;522.0000;2388.0000;8142.4000;8.3938;392.0000;1.0000;0;WO425350;2060.82
2026-07-03;ENG-085;24;2026-01-02 00:00:00;642.2600;1587.0700;1407.7200;553.3700;2388.1200;9047.0800;47.5000;521.6400;2388.2100;8130.0100;8.4226;392.0000;1.0000;0;WO760266;2486.95
2026-07-03;  ENG-030 ;115;2026-01-05 19:00:00;642.5400;1591.2500;1403.6000;552.9000;2388.1600;9054.2500;47.6300;521.4400;2388.1200;8136.1500;8.4428;393.0000;1.0000;0;WO684006;1,769.00
03-Jul-2026;eng-099;89;2026-01-04 17:00:00;642.1700;1584.9500;1396.1600;553.9600;2388.0200;9072.5700;47.1400;521.8000;2387.9800;8150.0900;8.4062;391.0000;1.0000;0;WO797194;2,335.21
03-Jul-2026;  ENG-045 ;118;2026-01-05 22:00:00;642.7200;1591.9900;1407.4400;553.2600;2388.0800;9059.5900;47.5800;521.0600;2388.1500;8146.1500;8.4261;393.0000;1.0000;0;WO394710;2183.42
2026-07-03;ENG-062;181;2026-01-08 13:00:00;642.0800;1583.9600;1407.9000;553.1100;2388.0600;9064.3000;47.4100;521.7800;2388.0400;8149.1400;8.4521;392.0000;0.8400;0;WO820535;1,987.61
2026-07-03;  ENG-027 ;107;2026-01-05 11:00:00;642.6800;1585.0200;1400.8800;554.6200;2388.0200;9047.9100;47.3500;521.2000;2388.0800;8130.3300;8.4262;392.0000;0.7920;0;WO276075;1475.47
03-Jul-2026;  ENG-040 ;94;2026-01-04 22:00:00;642.6000;1594.5000;1410.3500;553.3000;2388.1100;9053.6500;47.5900;521.2000;2388.1200;8132.6700;8.4233;392.0000;0.5360;0;WO561450;2060.78
2026/07/03;  ENG-083 ;50;2026-01-03 02:00:00;642.5900;1582.6700;1402.7200;553.6700;2388.1100;9065.9100;47.5300;522.1600;2388.0600;8137.5100;8.4370;394.0000;1.0000;0;WO211187;2,637.00
03-Jul-2026;ENG-098;97;2026-01-05 01:00:00;642.7800;1587.8500;1409.9000;552.8600;2388.0700;9058.0600;47.4600;521.5400;2388.0800;8137.6400;8.4153;393.0000;0.6640;0;WO939857;1894.09
2026/07/03;ENG-057;129;2026-01-06 09:00:00;642.5300;1588.5900;1405.9900;553.7300;2388.1300;9052.6900;47.5600;521.2900;2388.1200;8134.3500;8.4317;391.0000;1.0000;0;WO748415;267.40
03-Jul-2026;ENG-091;211;2026-01-09 19:00:00;643.3400;1593.5100;1419.7300;552.2500;2388.2000;9046.3200;47.7600;520.2400;2388.1800;8126.3800;8.4682;394.0000;0.4880;0;WO675679;1686.18
2026/07/03;ENG-012;181;2026-01-08 13:00:00;642.4400;1586.4400;1397.9500;553.9500;2388.0200;9062.9000;47.3400;522.6700;2388.0200;8148.4300;8.4306;393.0000;1.0000;0;WO526765;1122.57
2026-07-03;ENG-098;117;2026-01-05 21:00:00;642.4100;1592.5600;1413.5300;553.2800;2388.1100;9065.1100;47.4300;521.4500;2388.1200;8138.2200;8.4603;394.0000;0.5040;0;WO963352;2,239.45
2026-07-03;ENG-058;137;2026-01-06 17:00:00;642.2300;1588.5000;1404.0400;553.6500;2388.1000;9056.4200;47.4800;521.3300;2388.0700;8128.0400;8.4385;394.0000;0.6080;0;WO871171;1,701.31
2026-07-03;eng-068;129;2026-01-06 09:00:00;642.7200;1587.7500;1410.0200;553.1600;2388.1100;9068.5300;47.6400;521.4800;2388.1000;8139.9000;8.4553;393.0000;0.5280;0;WO341646;1094.53
2026-07-03;ENG-063;110;2026-01-05 14:00:00;642.1900;1589.1800;1406.0300;553.7200;2388.1600;9042.6200;47.6000;521.5100;2388.1100;8126.8600;8.4757;393.0000;0.9360;0;WO927164;1,223.21
2026-07-03;eng-029;152;2026-01-07 08:00:00;642.2400;1591.2600;1410.0200;553.6800;2388.0800;9070.7000;47.5700;521.3100;2388.0900;8147.2800;8.4360;393.0000;;0;WO460959;1,695.95
2026-07-03;ENG-064;165;2026-01-07 21:00:00;643.5000;1589.0400;1416.9300;552.8000;2388.2100;9054.5400;47.7500;520.9000;2388.2500;8141.3500;8.5205;394.0000;0.2480;0;WO780288;2681.92
2026/07/03;eng-083;71;2026-01-03 23:00:00;642.3800;1591.6800;1403.2800;553.6200;2388.1100;9053.2400;47.3400;521.7900;2388.0000;8141.1800;8.4059;393.0000;1.0000;0;WO464344;1,465.72
2026/07/03;ENG-052;155;2026-01-07 11:00:00;642.5400;1588.2700;1404.7900;553.7000;2388.0600;9079.2400;47.5300;522.2800;2388.0600;8157.7500;8.4226;390.0000;0.5040;0;WO773752;2,027.72
2026/07/03;ENG-063;128;2026-01-06 08:00:00;642.5200;1592.6100;1418.9200;553.0000;2388.0700;9044.9600;47.6800;521.3300;2388.1300;8124.6800;8.4422;394.0000;0.7920;0;WO710273;2447.11
2026/07/03;  ENG-060 ;104;2026-01-05 08:00:00;642.9600;1586.2300;1406.7900;554.1400;2388.0700;9049.9400;47.6200;521.2000;2388.0800;8128.9700;8.4736;394.0000;1.0000;0;WO150402;
2026/07/03;ENG-049;213;2026-01-09 21:00:00;642.2800;1586.6100;1412.0200;553.5000;2388.0700;9060.7800;47.3700;521.5000;2388.0800;8139.4300;8.3935;392.0000;0.8880;0;WO712514;2720.39
2026/07/03;ENG-015;57;2026-01-03 09:00:00;642.4900;1581.5000;1398.0900;553.3600;2388.0400;9057.2900;47.4500;522.2100;2387.9900;8138.0100;8.4155;390.0000;0.8160;0;WO419417;1978.56
03-Jul-2026;ENG-020;165;2026-01-07 21:00:00;643.1400;1591.6400;1413.1700;552.9400;2388.1800;9061.4200;47.7500;521.3300;2388.1200;8147.8000;8.4570;395.0000;0.2800;0;WO551512;2,279.95
2026-07-03;eng-039;27;2026-01-02 03:00:00;642.7500;1585.9500;1391.4400;554.2600;2387.9900;9059.1700;47.3100;522.1900;2388.0000;8140.6100;8.4154;392.0000;1.0000;0;WO808819;2353.47
2026-07-03;ENG-051;115;2026-01-05 19:00:00;642.6300;1593.8200;1405.6500;554.7200;2388.0900;9045.0300;47.5300;521.2000;2388.1200;8127.5900;8.4440;394.0000;1.0000;0;WO917554;1,436.31
03-Jul-2026;eng-049;239;2026-01-10 23:00:00;642.0500;1586.0200;1404.7600;553.7900;2388.1400;9052.2200;47.5800;521.4100;2388.1100;8140.1200;8.4206;395.0000;0.6800;0;WO417022;1142.29
2026-07-03;ENG-021;113;2026-01-05 17:00:00;641.5400;1581.5700;1405.1400;554.1700;2388.0200;9062.5900;47.3000;522.1900;2388.0400;8145.5200;8.4201;393.0000;0.7360;0;WO503262;1656.18
2026/07/03;ENG-060;123;2026-01-06 03:00:00;642.5900;1596.0500;1404.5400;552.6400;2388.0900;9050.5300;47.4500;521.5000;2388.0900;8138.4500;8.3962;391.0000;0.9920;0;WO735232;946.46
2026-07-03;  ENG-100 ;160;2026-01-07 16:00:00;642.3200;1592.1500;1398.7900;553.4400;2388.0500;9086.0200;47.3700;521.7700;2388.0200;8172.2200;8.4370;393.0000;0.4640;0;WO278693;444.64
2026-07-03;ENG-046;142;2026-01-06 22:00:00;643.3500;1594.5500;1408.6700;552.6700;2388.0400;9082.1900;47.5400;520.4700;2388.0900;8157.3700;8.4607;394.0000;0.4080;0;WO796296;1047.71
2026/07/03;ENG-097;128;2026-01-06 08:00:00;642.4600;1590.6100;1401.1800;553.8700;2388.0500;9074.3500;47.5000;521.6400;2388.0600;8155.9100;8.4026;392.0000;0.7040;0;WO642562;1653.67
2026-07-03;ENG-042;145;2026-01-07 01:00:00;642.8000;1592.3700;1410.3500;552.0700;2388.2100;9041.3200;47.6700;520.7200;2388.1700;8119.8300;8.4744;394.0000;0.1680;1;WO355702;14,991.33
2026-07-03;ENG-081;151;2026-01-07 07:00:00;642.9100;1598.6900;1407.3700;552.7900;2388.0900;9079.9300;47.4600;521.5700;2388.0800;8147.3600;8.4544;393.0000;0.5600;0;WO409611;
2026/07/03;ENG-100;185;2026-01-08 17:00:00;642.8400;1592.1800;1413.6000;552.8700;2388.0100;9123.8100;47.8000;521.5000;2388.0000;8195.2900;8.4424;394.0000;0.2640;0;WO884959;842.11
2026/07/03;  ENG-087 ;49;2026-01-03 01:00:00;642.7000;1583.5600;1397.8900;553.8000;2388.0900;9052.9300;47.3500;521.7000;2388.0200;8136.3500;8.4013;392.0000;;0;WO384550;1719.54
03-Jul-2026;ENG-008;144;2026-01-07 00:00:00;642.4500;1587.4400;1412.2900;553.3800;2388.0700;9050.1500;47.5700;520.9200;2388.1700;8132.6900;8.4181;393.0000;0.9360;0;WO547459;761.16
2026/07/03;  ENG-070 ;106;2026-01-05 10:00:00;642.1300;1590.2100;1398.8300;553.8100;2388.0900;9059.9400;47.6400;521.3400;2388.0800;8130.8800;8.4215;390.0000;1.0000;0;WO705098;719.87
2026-07-03;ENG-076;195;2026-01-09 03:00:00;643.1500;1597.5400;1417.3700;552.8100;2388.1700;9103.3400;47.8600;520.3300;2388.1400;8179.4600;8.4665;394.0000;0.1600;1;WO600255;4411.81
03-Jul-2026;ENG-090;116;2026-01-05 20:00:00;642.3800;1587.7300;1403.7500;554.2500;2388.1000;9074.1700;47.6800;521.4700;2388.1000;8140.7300;8.4633;394.0000;0.4640;0;WO382445;687.02
03-Jul-2026;ENG-068;186;2026-01-08 18:00:00;643.3200;1605.1800;1422.2300;551.3400;2388.1900;9091.6700;47.8200;520.0200;2388.2000;8155.0600;8.5229;397.0000;0.0720;1;WO620632;12,264.42
2026/07/03;ENG-034;185;2026-01-08 17:00:00;643.2500;1599.6800;1415.4600;552.6100;2388.1900;9048.4700;47.8000;520.7800;2388.1900;8132.1000;8.4884;394.0000;0.2000;1;WO611336;3503.67
03-Jul-2026;ENG-090;134;2026-01-06 14:00:00;643.1400;1590.8700;1417.4200;552.5500;2388.1700;9079.0200;47.5700;521.1600;2388.1300;8145.6400;8.4984;395.0000;0.3200;0;WO883712;2276.36
2026/07/03;ENG-034;159;2026-01-07 15:00:00;642.6000;1591.8500;1415.1700;552.9800;2388.0800;9059.4500;47.4600;521.4800;2388.0900;8140.0100;8.4497;394.0000;0.4080;0;WO575148;654.42
2026-07-03;ENG-052;181;2026-01-08 13:00:00;642.9600;1602.6300;1414.6700;553.6700;2388.0300;9101.4000;47.6500;520.9900;2388.0700;8173.4200;8.5032;394.0000;0.2960;0;WO659661;
2026/07/03;ENG-091;181;2026-01-08 13:00:00;643.0700;1589.2900;1415.3000;552.5400;2388.2100;9053.1200;47.7400;520.3000;2388.1600;8132.1300;8.4868;393.0000;0.7280;0;WO794202;973.90
2026/07/03;ENG-066;126;2026-01-06 06:00:00;643.1000;1594.9000;1413.6000;553.0200;2388.1200;9088.8200;47.8800;521.2800;2388.1700;8167.1400;8.4635;396.0000;0.2800;0;WO836099;2011.97
2026/07/03;ENG-070;137;2026-01-06 17:00:00;641.9600;1579.6500;1405.3100;553.7000;2388.0700;9052.6000;47.5600;521.2400;2388.0600;8135.2200;8.4668;393.0000;;0;WO845735;1561.08
2026-07-03;ENG-082;154;2026-01-07 10:00:00;643.3700;1589.0900;1418.1400;551.8200;2388.2000;9054.3500;47.8800;520.7300;2388.2200;8130.7700;8.4727;393.0000;0.1360;1;WO535904;22303.39
2026-07-03;eng-032;130;2026-01-06 10:00:00;643.0500;1586.7200;1405.5700;554.3600;2387.9600;9094.7000;47.4100;521.6500;2388.0400;8162.7000;8.4212;393.0000;0.5040;0;WO347734;2,459.55
2026-07-03;ENG-013;139;2026-01-06 19:00:00;642.8700;1582.1600;1401.9500;554.2500;2388.0500;9064.7400;47.2600;521.6200;2388.0600;8136.2500;8.4158;392.0000;1.0000;0;WO479983;2,960.09
03-Jul-2026;ENG-042;147;2026-01-07 03:00:00;643.8400;1598.7300;1415.8900;552.4000;2388.1600;9036.2100;47.6100;521.4800;2388.2700;8119.5000;8.4725;396.0000;0.1520;1;WO778080;11628.14
2026-07-03;ENG-076;174;2026-01-08 06:00:00;642.6700;1595.0500;1410.4200;553.0200;2388.0700;9086.7000;47.5600;521.4500;2388.0900;8158.2800;8.4702;395.0000;0.3280;0;WO171512;2,727.95
2026-07-03;ENG-056;113;2026-01-05 17:00:00;643.2600;1593.0800;1415.1900;551.8000;2388.1600;9040.8500;47.8800;520.7600;2388.2300;8117.5200;8.4841;395.0000;0.3040;0;WO326164;2092.43
2026/07/03;ENG-044;39;2026-01-02 15:00:00;642.9000;1587.7800;1411.7300;553.0000;2388.0900;9048.3300;47.5200;521.3600;2388.1000;8131.3100;8.4179;394.0000;0.9920;0;WO203255;2,638.90
2026-07-03;ENG-056;123;2026-01-06 03:00:00;643.2200;1604.0800;1422.5700;551.9800;2388.2100;9043.2900;47.9400;519.8500;2388.2500;8116.0300;8.4669;395.0000;0.2240;1;WO748464;23,486.87
2026/07/03;ENG-056;99;2026-01-05 03:00:00;643.0600;1594.9600;1417.6500;552.9900;2388.1400;9045.8800;47.6800;521.0700;2388.1800;8122.4800;8.4319;395.0000;0.4160;0;WO716952;65.86
03-Jul-2026;ENG-043;164;2026-01-07 20:00:00;642.6100;1589.1400;1405.8300;552.9900;2388.1000;9058.8900;47.6200;520.9500;2388.1400;8133.7300;8.4577;394.0000;0.5360;0;WO272568;1691.85
03-Jul-2026;  ENG-074 ;123;2026-01-06 03:00:00;643.4400;1589.8100;1404.1500;554.0400;2388.0800;9068.6200;47.5100;521.6700;2388.1800;8143.3500;8.4312;393.0000;1.0000;0;WO751793;1140.72
2026-07-03;ENG-020;180;2026-01-08 12:00:00;643.1300;1598.5200;1419.7500;551.7100;2388.2300;9058.9700;47.8800;520.2900;2388.2400;8139.0400;8.5414;394.0000;0.1600;1;WO576866;16,337.42
2026/07/03;  ENG-079 ;96;2026-01-05 00:00:00;642.9900;1585.7600;1414.2000;553.2100;2388.1100;9042.8400;47.5000;521.1100;2388.0600;8128.6900;8.4230;392.0000;0.5440;0;WO594472;2233.32
03-Jul-2026;  ENG-073 ;76;2026-01-04 04:00:00;641.8200;1583.6000;1405.4400;554.0900;2388.0600;9048.2700;47.3100;521.9200;2387.9700;8133.1000;8.4259;392.0000;1.0000;0;WO345162;1,228.93
2026/07/03;ENG-059;78;2026-01-04 06:00:00;641.4600;1583.1200;1401.5000;554.5500;2388.0500;9058.8100;47.2400;522.2800;2388.0200;8143.8300;8.4223;391.0000;1.0000;0;WO819048;2710.08
03-Jul-2026;ENG-058;138;2026-01-06 18:00:00;642.5600;1600.9900;1406.6400;553.6900;2388.0800;9055.0500;47.7200;521.8200;2388.1100;8136.0000;8.4140;393.0000;0.6000;0;WO761294;2774.42
2026/07/03;ENG-031;180;2026-01-08 12:00:00;642.9600;1603.7300;1422.1300;551.6900;2388.2000;9085.3500;48.0300;520.8700;2388.1600;8157.7400;8.4559;395.0000;0.1920;1;WO928535;13473.86
2026/07/03;  ENG-095 ;89;2026-01-04 17:00:00;641.9700;1586.2500;1398.6100;553.4700;2388.0800;9052.1400;47.4200;521.9500;2388.1000;8135.1400;8.4294;394.0000;1.0000;0;WO686676;
03-Jul-2026;ENG-073;97;2026-01-05 01:00:00;642.3600;1579.4500;1406.6200;554.4700;2388.0400;9048.6000;47.2000;522.1700;2388.0300;8138.3700;8.4134;393.0000;1.0000;0;WO747362;873.43
03-Jul-2026;ENG-097;111;2026-01-05 15:00:00;641.9200;1588.9900;1407.6400;554.0800;2388.0300;9078.8200;47.4100;521.5800;2388.0700;8148.1500;8.3822;392.0000;0.8400;0;WO481501;782.68
2026/07/03;  ENG-091 ;184;2026-01-08 16:00:00;642.8600;1592.4700;1410.5600;553.7100;2388.1600;9044.2900;47.6300;520.9300;2388.2300;8129.3200;8.4726;394.0000;0.7040;0;WO354971;2179.53
03-Jul-2026;ENG-081;196;2026-01-09 04:00:00;643.0200;1593.4000;1416.4000;552.0500;2388.1800;9070.7900;47.9100;520.3800;2388.1800;8149.1900;8.4829;395.0000;;1;WO334601;4772.02
2026/07/03;ENG-062;226;2026-01-10 10:00:00;643.1700;1595.4500;1410.0500;553.3200;2388.0600;9097.7600;47.4200;521.9300;2388.0400;8164.4100;8.4394;394.0000;0.4800;0;WO615184;209.09
2026/07/03;ENG-062;182;2026-01-08 14:00:00;642.4800;1583.4400;1401.3900;554.0400;2388.0500;9070.4900;47.2100;522.2500;2388.0500;8151.5000;8.4193;393.0000;0.8320;0;WO609307;716.42
2026/07/03;ENG-032;126;2026-01-06 06:00:00;642.7000;1588.3400;1403.8100;553.7200;2387.9900;9082.6100;47.2600;522.4800;2388.0600;8162.3600;8.4013;393.0000;0.5360;0;WO323150;311.44
03-Jul-2026;ENG-010;152;2026-01-07 08:00:00;642.1700;1593.0800;1406.4300;553.7200;2388.0700;9069.6200;47.2300;521.9700;2388.0900;8142.4300;8.4130;393.0000;1.0000;0;WO119100;2088.50
2026/07/03;  ENG-004 ;94;2026-01-04 22:00:00;643.2300;1591.5200;1411.7800;553.7900;2388.0600;9056.8300;47.5800;521.4500;2388.1200;8128.4800;8.3997;394.0000;0.7520;0;WO665647;2671.28
2026-07-03;  ENG-045 ;107;2026-01-05 11:00:00;642.9100;1588.6300;1410.4500;553.2800;2388.1500;9062.9500;47.4300;521.6900;2388.1400;8136.4900;8.4544;392.0000;1.0000;0;WO498460;1025.70
2026/07/03;ENG-065;53;2026-01-03 05:00:00;642.2700;1578.8200;1399.9500;554.6200;2387.9400;9073.9400;47.1500;522.9100;2388.0100;8141.6600;8.4166;393.0000;1.0000;0;WO667854;372.84
2026-07-03;ENG-035;164;2026-01-07 20:00:00;642.9100;1590.1100;1411.3600;553.0100;2388.1600;9071.4700;47.6900;521.3100;2388.1700;8148.7600;8.4533;394.0000;0.3600;0;WO242654;664.41
2026/07/03;ENG-049;231;2026-01-10 15:00:00;642.8700;1590.3100;1397.6300;553.9500;2388.1000;9054.2400;47.6300;522.2000;2388.0900;8135.0800;8.4413;392.0000;0.7440;0;WO766180;1,621.99
2026/07/03;ENG-062;216;2026-01-10 00:00:00;642.6100;1591.4700;1410.6900;553.3900;2388.0500;9080.1500;47.6700;521.6700;2388.0600;8157.3700;8.4532;392.0000;0.5600;0;WO579479;2724.32
2026-07-03;ENG-069;40;2026-01-02 16:00:00;642.5000;1584.3400;1402.9300;554.1800;2388.1200;9054.9300;47.4700;521.8400;2388.0800;8129.8000;8.4394;392.0000;1.0000;0;WO363659;1,078.37
03-Jul-2026;ENG-045;144;2026-01-07 00:00:00;643.0300;1588.2700;1418.4800;552.9400;2388.1600;9063.6600;47.8600;521.1800;2388.1400;8136.1200;8.4680;394.0000;0.9760;0;WO935217;1,258.64
2026-07-03;ENG-016;108;2026-01-05 12:00:00;642.6000;1595.2000;1396.3900;554.4500;2388.0700;9060.9700;47.3600;522.1200;2388.0500;8137.4800;8.4029;392.0000;0.7120;0;WO822765;2,546.26
2026-07-03;ENG-020;170;2026-01-08 02:00:00;643.1600;1599.3300;1418.7200;552.5500;2388.0900;9071.9200;47.8200;520.5400;2388.1400;8144.7400;8.5027;394.0000;0.2400;1;WO364830;22,943.61
03-Jul-2026;ENG-039;34;2026-01-02 10:00:00;641.3400;1594.4300;1396.6500;554.3200;2388.0100;9054.0100;47.1000;521.9200;2388.0500;8147.4100;8.3664;392.0000;1.0000;0;WO135761;1,216.63
03-Jul-2026;ENG-029;147;2026-01-07 03:00:00;642.3000;1591.5600;1408.1100;553.1500;2388.0600;9064.4000;47.4400;522.4900;2388.0900;8150.5500;8.4329;393.0000;0.9120;0;WO848220;755.22
2026-07-03;ENG-012;190;2026-01-08 22:00:00;642.7200;1587.5600;1403.9600;554.0500;2388.0100;9060.2000;47.4300;521.8000;2388.0600;8142.1800;8.4210;394.0000;1.0000;0;WO881452;2290.10
03-Jul-2026;ENG-090;128;2026-01-06 08:00:00;643.3700;1595.0300;1413.7600;552.8400;2388.1800;9074.5500;47.5900;520.4500;2388.1100;8149.6400;8.4840;395.0000;0.3680;0;WO105425;1,700.19
2026/07/03;ENG-063;121;2026-01-06 01:00:00;643.2900;1586.5600;1404.1700;553.2300;2388.1500;9043.2700;47.7000;521.1700;2388.1700;8126.7900;8.4350;394.0000;0.8480;0;WO784025;1,948.81
2026/07/03;ENG-024;185;2026-01-08 17:00:00;642.8500;1604.4200;1418.6300;552.6000;2388.1000;9142.1800;47.7200;521.3400;2388.1400;8218.1300;8.4421;395.0000;0.1680;1;WO164758;14094.45
2026-07-03;  ENG-073 ;111;2026-01-05 15:00:00;642.1400;1583.3100;1399.3300;553.9600;2388.0600;9058.2700;47.3300;521.7200;2388.1000;8137.2200;8.4278;392.0000;1.0000;0;WO998559;1,559.31
2026/07/03;  ENG-074 ;112;2026-01-05 16:00:00;642.4500;1591.1400;1408.4500;553.4500;2388.0500;9071.6600;47.5300;521.5300;2388.1200;8144.2900;8.4405;394.0000;1.0000;0;WO165991;2,176.88
2026-07-03;ENG-033;36;2026-01-02 12:00:00;642.9800;1590.5800;1405.1100;553.0600;2388.0800;9057.6600;47.5900;521.7400;2388.0800;8135.0700;8.4160;391.0000;0.9600;0;WO384283;2,393.38
03-Jul-2026;ENG-046;135;2026-01-06 15:00:00;642.7900;1589.4700;1415.7400;553.9600;2388.0500;9088.9200;47.6300;521.2900;2388.0700;8159.2200;8.4654;393.0000;0.4640;0;WO804065;1,020.12
2026/07/03;  ENG-049 ;210;2026-01-09 18:00:00;642.4600;1593.7600;1405.2100;553.7000;2388.0300;9067.8400;47.4900;521.7300;2388.0800;8139.7900;8.4472;393.0000;0.9120;0;WO525646;1550.93
03-Jul-2026;  ENG-055 ;84;2026-01-04 12:00:00;642.2900;1585.4200;1408.8600;553.8200;2388.0300;9054.6300;47.3300;521.6700;2388.0800;8142.2800;8.4175;392.0000;1.0000;0;WO291103;1,307.04
2026-07-03;ENG-027;105;2026-01-05 09:00:00;642.0200;1583.2700;1396.2900;554.2300;2388.0500;9050.7700;47.4100;521.4500;2388.0700;8126.5100;8.4250;392.0000;0.8080;0;WO312635;2517.05
03-Jul-2026;ENG-073;97;2026-01-05 01:00:00;642.3600;1579.4500;1406.6200;554.4700;2388.0400;9048.6000;47.2000;522.1700;2388.0300;8138.3700;8.4134;393.0000;1.0000;0;WO747362;873.43
03-Jul-2026;ENG-051;129;2026-01-06 09:00:00;642.6000;1590.2400;1409.2100;553.5900;2388.1000;9042.2300;47.4300;521.9100;2388.1000;8129.3400;8.4633;392.0000;;0;WO361762;139.70
03-Jul-2026;ENG-098;104;2026-01-05 08:00:00;642.5800;1600.1200;1415.7500;553.6300;2388.0900;9065.2300;47.4900;521.3500;2388.0900;8147.6100;8.4554;392.0000;0.6080;0;WO584088;2,301.37
03-Jul-2026;eng-051;108;2026-01-05 12:00:00;642.4100;1586.0300;1397.8500;553.0700;2388.1000;9049.0100;47.1000;521.9700;2388.1100;8128.8000;8.4435;392.0000;1.0000;0;WO750690;2431.42
2026-07-03;ENG-019;118;2026-01-05 22:00:00;642.3600;1583.1800;1401.9600;553.7000;2388.1200;9059.4600;47.2700;522.4200;2388.0500;8141.1000;8.4335;392.0000;0.8320;0;WO644875;1,108.85
03-Jul-2026;ENG-034;176;2026-01-08 08:00:00;642.8400;1584.6800;1413.3200;552.0700;2388.1400;9055.3100;47.7000;521.0000;2388.0700;8133.9200;8.4703;394.0000;0.2720;0;WO573725;1818.38
2026/07/03;ENG-017;125;2026-01-06 05:00:00;642.5300;1591.0000;1403.5600;554.1200;2387.9900;9079.7000;47.4500;521.6800;2388.0200;8159.0800;8.4559;392.0000;0.7200;0;WO152302;2427.98
2026-07-03;ENG-024;181;2026-01-08 13:00:00;642.8600;1597.4300;1406.0100;553.5900;2388.0500;9138.9500;47.8100;521.4200;2388.0500;8209.7200;8.4904;394.0000;0.2000;1;WO954145;4407.17
2026-07-03;ENG-084;149;2026-01-07 05:00:00;642.9900;1602.4400;1413.4500;553.4100;2388.1500;9060.1500;47.6700;521.1800;2388.1700;8128.3200;8.4844;396.0000;0.6480;0;WO630004;1351.93
03-Jul-2026;ENG-097;98;2026-01-05 02:00:00;642.4000;1581.3800;1402.6100;553.9200;2388.0300;9067.5100;47.5800;522.1400;2387.9900;8155.6000;8.4313;391.0000;0.9440;0;WO218378;2,618.99
03-Jul-2026;ENG-011;64;2026-01-03 16:00:00;642.7400;1590.5400;1405.1700;553.4300;2388.1400;9044.4000;47.6500;520.8300;2388.1500;8126.6400;8.4553;393.0000;0.9280;0;WO300189;1976.79
2026-07-03;  ENG-061 ;109;2026-01-05 13:00:00;642.1800;1583.3900;1407.3500;553.9800;2388.0500;9065.6200;47.4400;521.5500;2388.0700;8149.0500;8.4063;393.0000;0.5680;0;WO175278;454.91
2026/07/03;ENG-050;54;2026-01-03 06:00:00;642.5300;1584.7200;1404.6200;554.7400;2388.0800;9063.4000;47.2600;522.6500;2388.0600;8145.2500;8.4164;392.0000;0.7920;0;WO557696;2632.34
2026-07-03;  ENG-018 ;132;2026-01-06 12:00:00;642.8500;1599.1100;1413.8500;552.7000;2388.1900;9048.4700;47.7400;521.2700;2388.1000;8133.2800;8.4285;393.0000;0.2320;1;WO131692;1150.89
2026-07-03;ENG-092;116;2026-01-05 20:00:00;643.4800;1591.9000;1414.3100;553.2000;2388.1500;9043.2600;47.8100;521.1300;2388.1800;8129.3200;8.4764;392.0000;0.4320;0;WO224624;1167.72
2026/07/03;  ENG-084 ;170;2026-01-08 02:00:00;642.8300;1590.9000;1408.2500;552.8900;2388.1200;9050.8400;47.6100;521.2000;2388.1600;8129.0400;8.4124;395.0000;0.4800;0;WO332467;2887.23
03-Jul-2026;  ENG-089 ;164;2026-01-07 20:00:00;642.2200;1591.9100;1404.9400;553.1900;2388.1400;9054.8800;47.4800;521.3300;2388.0800;8128.6200;8.4618;392.0000;1.0000;0;WO811253;2,856.95
2026-07-03;ENG-001;27;2026-01-02 03:00:00;642.0800;1586.6500;1400.3100;554.3500;2388.0900;9046.1000;47.3400;521.8200;2388.0200;8127.2400;8.4494;392.0000;;0;WO236947;2,154.76
2026/07/03;ENG-013;175;2026-01-08 07:00:00;642.6000;1583.5600;1404.3000;553.2600;2388.0800;9066.6600;47.3100;521.8800;2388.0800;8148.9800;8.3977;393.0000;0.9200;0;WO633917;148.74
2026/07/03;eng-084;137;2026-01-06 17:00:00;642.9100;1589.1300;1407.4100;552.7900;2388.1600;9057.0000;47.7300;521.4600;2388.1500;8136.2900;8.4517;393.0000;0.7440;0;WO862722;1483.11
03-Jul-2026;ENG-034;143;2026-01-06 23:00:00;642.3300;1580.2300;1406.9800;553.7200;2388.0500;9059.1400;47.5400;521.6300;2388.0500;8138.6900;8.4250;394.0000;0.5360;0;WO723137;973.57
2026-07-03;ENG-012;209;2026-01-09 17:00:00;642.4900;1581.0600;1399.5800;553.7400;2388.0300;9066.2200;47.4300;521.9400;2388.0200;8151.4100;8.4306;392.0000;1.0000;0;WO293822;79.70
2026/07/03;ENG-089;119;2026-01-05 23:00:00;642.3800;1589.3900;1409.4700;553.2900;2388.0700;9050.1600;47.4200;521.4600;2388.1100;8131.1400;8.4268;393.0000;1.0000;0;WO787618;603.37
03-Jul-2026;ENG-035;156;2026-01-07 12:00:00;643.5500;1596.9600;1410.2400;552.2700;2388.1700;9066.5300;47.5700;521.1100;2388.1300;8138.5700;8.4856;393.0000;0.4240;0;WO599904;2,106.85
03-Jul-2026;ENG-013;170;2026-01-08 02:00:00;642.4900;1594.6100;1409.0300;553.7700;2388.0800;9062.1000;47.1100;522.5300;2388.0300;8144.1900;8.4140;393.0000;0.9600;0;WO166008;2512.49
03-Jul-2026;ENG-045;142;2026-01-06 22:00:00;642.4900;1585.7900;1409.7100;552.6100;2388.1600;9059.7700;47.5400;521.5000;2388.0500;8138.6600;8.4699;392.0000;0.9920;0;WO281411;560.77
03-Jul-2026;  ENG-089 ;159;2026-01-07 15:00:00;642.8800;1587.8000;1407.9400;552.5400;2388.1400;9040.6900;47.4700;521.1400;2388.1100;8130.3500;8.4268;394.0000;1.0000;0;WO885253;2854.03
2026-07-03;ENG-041;110;2026-01-05 14:00:00;643.0800;1597.5300;1411.6400;552.9700;2388.1600;9040.2400;47.6000;520.9600;2388.1600;8112.4500;8.4174;394.0000;0.2480;0;WO522121;177.52
03-Jul-2026;ENG-098;94;2026-01-04 22:00:00;642.5700;1588.4300;1410.6700;553.9900;2388.0900;9061.3800;47.6000;521.8900;2388.1100;8138.4300;8.4387;392.0000;0.6880;0;WO408922;99.82
2026/07/03;eng-021;146;2026-01-07 02:00:00;642.2600;1589.0300;1405.2700;554.1600;2388.0100;9088.8300;47.4400;521.6700;2388.0100;8161.4400;8.4364;395.0000;0.4720;0;WO674004;1,793.55
2026/07/03;ENG-003;92;2026-01-04 20:00:00;642.2800;1593.3600;1416.2400;553.0800;2388.1400;9049.2900;47.4100;520.7200;2388.1100;8128.3200;8.4676;394.0000;0.8240;0;WO146723;1019.12
2026/07/03;  ENG-006 ;85;2026-01-04 13:00:00;642.6800;1586.6000;1410.6800;553.1700;2388.0800;9054.1900;47.6300;521.4500;2388.0700;8136.5600;8.4592;393.0000;0.9040;0;WO763557;2429.13
2026-07-03;ENG-089;147;2026-01-07 03:00:00;643.0100;1595.8700;1409.7100;553.6200;2388.1300;9049.8300;47.5400;521.7900;2388.1300;8125.9000;8.4356;392.0000;1.0000;0;WO435903;1,996.44
2026-07-03;ENG-030;136;2026-01-06 16:00:00;642.5000;1588.1400;1413.0500;553.5800;2388.1100;9051.7400;47.5700;521.3800;2388.1700;8135.6400;8.4184;392.0000;;0;WO855405;1523.50
03-Jul-2026;  ENG-027 ;137;2026-01-06 17:00:00;642.4200;1588.0000;1406.0800;553.8500;2388.1000;9049.9500;47.3400;521.8600;2388.0900;8134.2100;8.4145;391.0000;0.5520;0;WO935355;747.12
03-Jul-2026;ENG-082;128;2026-01-06 08:00:00;642.6400;1589.3200;1413.5700;553.1400;2388.1300;9057.8200;47.5400;521.6600;2388.1000;8135.2400;8.4443;395.0000;0.3440;0;WO356096;2931.95
2026/07/03;ENG-020;148;2026-01-07 04:00:00;643.2800;1593.8300;1413.5300;553.0000;2388.1300;9068.2200;47.5800;520.9600;2388.1100;8141.3800;8.4653;393.0000;0.4160;0;WO607157;1476.52
2026/07/03;ENG-053;113;2026-01-05 17:00:00;642.7300;1590.2900;1403.1800;553.5000;2388.0900;9073.7500;47.3800;521.5000;2387.9900;8153.6400;8.4197;393.0000;;0;WO570476;2115.96
2026-07-03;ENG-091;171;2026-01-08 03:00:00;643.2500;1594.3400;1414.1100;553.4600;2388.1500;9050.1400;47.7900;520.5200;2388.1500;8123.2000;8.4513;393.0000;0.8080;0;WO581703;958.82
2026/07/03;ENG-007;117;2026-01-05 21:00:00;642.1200;1584.0000;1396.9200;554.2700;2388.0600;9061.6100;47.2400;521.8200;2387.9900;8141.9600;8.4236;392.0000;1.0000;0;WO219880;1,738.25
03-Jul-2026;ENG-028;133;2026-01-06 13:00:00;642.9700;1587.6400;1409.2500;552.5300;2388.0700;9047.4800;47.4000;521.4500;2388.0700;8136.2000;8.4352;394.0000;0.9760;0;WO374387;1,457.22
03-Jul-2026;eng-051;127;2026-01-06 07:00:00;642.2500;1587.7000;1404.6800;553.8100;2388.1100;9058.1000;47.5600;521.3500;2388.0800;8136.7300;8.4507;393.0000;1.0000;0;WO408887;1091.22
2026-07-03;ENG-082;126;2026-01-06 06:00:00;642.5100;1594.8500;1407.9000;553.3600;2388.0800;9058.8800;47.5300;520.7800;2388.0900;8141.2600;8.4418;393.0000;0.3600;0;WO364301;1,041.44
2026-07-03;  ENG-050 ;70;2026-01-03 22:00:00;642.3800;1592.9900;1407.1300;554.1900;2388.0500;9058.8300;47.5300;522.3300;2388.0900;8140.0600;8.4410;392.0000;0.6640;0;WO225999;1888.34
03-Jul-2026;  ENG-052 ;151;2026-01-07 07:00:00;642.6400;1584.1000;1403.1800;553.6400;2388.0500;9075.0800;47.3700;522.0200;2387.9800;8148.6500;8.4331;391.0000;0.5360;0;WO432051;946.74
03-Jul-2026;ENG-031;179;2026-01-08 11:00:00;643.4800;1598.0200;1426.4000;552.8600;2388.1100;9086.5700;48.0200;519.7100;2388.1500;8154.7000;8.4857;394.0000;0.2000;1;WO345660;19869.47
03-Jul-2026;eng-019;129;2026-01-06 09:00:00;642.2600;1586.4700;1403.9800;553.7300;2388.0500;9053.3400;47.5500;522.0300;2388.1200;8142.5500;8.4465;393.0000;0.7440;0;WO701181;955.79
2026/07/03;ENG-052;132;2026-01-06 12:00:00;642.2000;1588.8300;1394.6900;554.2300;2387.9800;9063.7000;47.3200;522.2100;2388.0200;8155.4400;8.4009;393.0000;0.6880;0;WO981434;2,886.30
2026-07-03;ENG-050;71;2026-01-03 23:00:00;642.2700;1583.2400;1406.0100;554.3200;2388.0400;9066.5500;47.3000;522.3400;2388.0600;8143.9900;8.4311;394.0000;0.6560;0;WO361551;
2026-07-03;eng-007;125;2026-01-06 05:00:00;642.2300;1589.6500;1400.4900;554.1900;2387.9700;9070.0500;47.3200;521.8600;2388.0000;8141.1900;8.3960;392.0000;1.0000;0;WO748725;1448.27
03-Jul-2026;  ENG-091 ;161;2026-01-07 17:00:00;642.7800;1590.8700;1408.4100;553.5300;2388.1300;9052.9800;47.6200;520.7300;2388.1800;8124.1600;8.4657;395.0000;0.8880;0;WO886002;1033.80
03-Jul-2026;ENG-047;67;2026-01-03 19:00:00;642.4900;1594.7800;1404.9300;552.7500;2388.1900;9045.1200;47.6300;520.8800;2388.1700;8113.4800;8.4651;391.0000;1.0000;0;WO769968;1118.78
03-Jul-2026;  ENG-019 ;98;2026-01-05 02:00:00;641.9700;1590.3000;1394.7500;554.5800;2388.0800;9062.4100;47.1600;521.4600;2388.0700;8136.4500;8.4197;392.0000;0.9920;0;WO722126;1350.12
03-Jul-2026;ENG-035;173;2026-01-08 05:00:00;643.0700;1599.4000;1416.5600;552.9200;2388.1800;9075.2600;47.8900;519.9900;2388.2200;8143.1400;8.4846;396.0000;0.2880;0;WO163793;1559.29
2026-07-03;ENG-028;127;2026-01-06 07:00:00;642.8300;1589.8000;1406.7400;553.1200;2388.1200;9058.3400;47.3600;522.1900;2388.0600;8135.4200;8.4774;394.0000;1.0000;0;WO269614;1135.41
03-Jul-2026;  ENG-090 ;107;2026-01-05 11:00:00;642.6000;1586.6200;1410.0900;553.9000;2388.0900;9060.5500;47.6300;521.1900;2388.0000;8142.4300;8.4418;393.0000;;0;WO743703;1,446.93
2026/07/03;ENG-056;131;2026-01-06 11:00:00;643.4200;1603.5300;1415.6700;552.0400;2388.3000;9041.7300;48.0400;520.4700;2388.2600;8119.0100;8.4756;397.0000;0.1600;1;WO905351;994.20
2026/07/03;ENG-021;126;2026-01-06 06:00:00;641.7700;1586.0400;1403.9500;554.5200;2388.0700;9068.5400;47.3300;522.3700;2388.0000;8145.0300;8.4260;393.0000;0.6320;0;WO706216;1003.12
03-Jul-2026;ENG-018;124;2026-01-06 04:00:00;642.4500;1591.8000;1410.0400;553.3300;2388.1500;9050.9000;47.6600;520.6700;2388.1200;8131.9400;8.4371;394.0000;0.2960;0;WO766435;1491.37
2026/07/03;ENG-022;36;2026-01-02 12:00:00;642.4300;1592.0800;1406.1500;553.5900;2388.1000;9046.5500;47.5700;521.1700;2388.1100;8129.8400;8.4095;392.0000;0.9120;0;WO251765;2736.19
2026-07-03;eng-045;105;2026-01-05 09:00:00;643.0800;1586.8200;1402.6700;552.7200;2388.1400;9055.3200;47.5500;521.4400;2388.1200;8141.3100;8.4411;393.0000;1.0000;0;WO765291;1946.05
2026/07/03;ENG-052;180;2026-01-08 12:00:00;642.0300;1592.3200;1407.5800;552.8500;2388.0300;9098.4000;47.6100;521.6500;2388.0600;8176.8500;8.4360;394.0000;0.3040;0;WO588196;1609.24
2026/07/03;  ENG-020 ;172;2026-01-08 04:00:00;643.2500;1597.9300;1423.5200;552.6900;2388.1300;9063.7200;47.8100;520.2900;2388.2300;8138.7300;8.4624;393.0000;0.2240;1;WO549649;20045.33
2026-07-03;eng-049;283;2026-01-12 19:00:00;642.6800;1598.9300;1412.6900;552.3700;2388.2100;9064.4800;47.8100;520.9700;2388.1900;8134.7800;8.4676;394.0000;0.3280;0;WO777400;793.09
03-Jul-2026;ENG-058;174;2026-01-08 06:00:00;642.8400;1590.4200;1412.7800;553.2600;2388.1400;9063.3900;47.8400;521.1800;2388.1700;8134.1700;8.4270;395.0000;0.3120;0;WO577017;714.33
2026-07-03;ENG-045;150;2026-01-07 06:00:00;642.7100;1596.6300;1410.9600;551.9400;2388.0900;9054.4300;47.7300;520.5100;2388.1800;8135.5000;8.4630;394.0000;0.9280;0;WO396187;1600.98
2026-07-03;ENG-042;143;2026-01-06 23:00:00;643.1000;1598.7600;1415.5000;552.9100;2388.2300;9044.1400;47.7700;521.0400;2388.2000;8116.8000;8.4874;396.0000;0.1840;1;WO629180;17658.67
2026/07/03;ENG-073;112;2026-01-05 16:00:00;642.2700;1576.9300;1398.6200;554.4100;2388.0800;9051.3900;47.2500;522.0200;2388.0500;8136.8700;8.4317;393.0000;;0;WO190766;2782.07
2026/07/03;eng-024;127;2026-01-06 07:00:00;642.1400;1596.5400;1395.7200;553.8000;2387.9400;9085.2600;47.4100;521.9600;2387.9900;8165.1600;8.4302;393.0000;0.6320;0;WO678862;2920.85
2026-07-03;ENG-041;84;2026-01-04 12:00:00;641.7800;1587.7800;1409.7400;554.2200;2388.0700;9047.9700;47.4100;521.5000;2388.0800;8127.3500;8.4479;392.0000;;0;WO176517;2,781.88
2026-07-03;ENG-063;141;2026-01-06 21:00:00;642.5200;1594.2700;1414.9800;552.4300;2388.1400;9051.9700;47.6000;521.3000;2388.1100;8131.9000;8.4181;395.0000;;0;WO821998;2894.92
2026/07/03;ENG-028;128;2026-01-06 08:00:00;642.5700;1595.8700;1407.7700;553.8300;2388.0400;9056.4500;47.4000;521.5100;2388.0900;8131.4400;8.4436;393.0000;1.0000;0;WO639424;804.00
2026/07/03;ENG-054;110;2026-01-05 14:00:00;642.0300;1590.9000;1409.3000;553.9200;2388.0400;9061.2100;47.2600;521.8600;2388.0200;8144.0200;8.3900;393.0000;0.8640;0;WO124622;2972.01
2026-07-03;ENG-005;94;2026-01-04 22:00:00;642.9100;1592.4100;1406.5200;553.4100;2388.1900;9054.3900;47.4100;521.1400;2388.1500;8128.3400;8.4377;393.0000;0.7600;0;WO296060;126.56
2026/07/03;ENG-031;145;2026-01-07 01:00:00;642.3900;1599.5200;1418.4200;553.5900;2388.1300;9074.4400;47.5900;521.4400;2388.0800;8150.1100;8.4695;394.0000;0.4720;0;WO237494;1,509.26
2026/07/03;ENG-024;142;2026-01-06 22:00:00;642.1800;1586.8100;1398.9900;553.9100;2388.0000;9087.5900;47.4500;521.1500;2387.9800;8176.1800;8.4013;393.0000;0.5120;0;WO479603;1813.92
2026-07-03;ENG-019;105;2026-01-05 09:00:00;642.6000;1587.5700;1401.0900;553.8500;2388.0400;9057.3700;47.0700;521.9600;2388.0500;8139.5100;8.3881;390.0000;0.9360;0;WO783274;1047.37
2026/07/03;ENG-010;185;2026-01-08 17:00:00;641.7600;1593.5800;1407.2500;553.5800;2388.0600;9065.4500;47.5000;521.0800;2388.0800;8145.2900;8.4029;392.0000;0.8240;0;WO192070;1,645.01
03-Jul-2026;eng-049;246;2026-01-11 06:00:00;642.4700;1591.5000;1407.2400;552.9300;2388.1600;9054.3700;47.7200;521.1400;2388.1700;8134.9900;8.4481;394.0000;0.6240;0;WO833759;2296.84
2026/07/03;ENG-017;137;2026-01-06 17:00:00;642.5400;1589.4700;1404.0400;553.8100;2388.0100;9076.2700;47.3200;521.4900;2388.0400;8160.6400;8.4655;391.0000;0.6240;0;WO333850;2,219.80
03-Jul-2026;ENG-098;119;2026-01-05 23:00:00;643.0700;1587.5800;1413.5800;553.2900;2388.1000;9066.0600;47.7000;521.0000;2388.1200;8140.7500;8.4635;395.0000;0.4880;0;WO975602;2648.17
2026/07/03;ENG-077;116;2026-01-05 20:00:00;642.8500;1588.5900;1407.5700;553.6400;2388.1400;9048.4000;47.3900;521.7800;2388.0900;8128.8200;8.4629;394.0000;;0;WO133662;1875.46
2026/07/03;ENG-043;123;2026-01-06 03:00:00;642.6600;1582.4400;1409.7500;553.7500;2388.1000;9056.6000;47.5000;521.7800;2388.0400;8131.6700;8.4149;393.0000;;0;WO254666;943.24
2026-07-03;ENG-013;190;2026-01-08 22:00:00;642.0900;1585.7600;1411.2300;553.2700;2388.0700;9067.4100;47.4500;521.5100;2388.0800;8139.5500;8.4246;392.0000;0.8000;0;WO204762;465.44
2026/07/03;ENG-087;52;2026-01-03 04:00:00;641.9400;1575.8700;1396.1300;554.9100;2388.0000;9062.3400;47.3100;522.2500;2388.0700;8144.1000;8.3834;391.0000;0.9600;0;WO239079;831.21
2026/07/03;ENG-093;239;2026-01-10 23:00:00;643.0300;1593.9300;1417.2200;552.3700;2388.1300;9075.5800;47.9100;520.9100;2388.1800;8156.9800;8.4404;396.0000;0.7200;0;WO309273;91.64
2026-07-03;ENG-072;108;2026-01-05 12:00:00;642.8600;1590.6900;1406.3200;553.5400;2388.0400;9065.3100;47.4900;521.9700;2388.0500;8140.3300;8.4202;393.0000;0.5840;0;WO975253;648.92
2026/07/03;ENG-072;114;2026-01-05 18:00:00;642.5800;1594.0400;1402.6700;552.9400;2388.0600;9062.0600;47.3100;521.4900;2388.0700;8144.7800;8.4415;393.0000;0.5360;0;WO551177;936.40
03-Jul-2026;ENG-100;186;2026-01-08 18:00:00;643.3800;1592.0400;1416.2500;553.6200;2388.0600;9130.3300;47.6600;521.5700;2388.0200;8203.0300;8.4802;393.0000;0.2560;0;WO201851;689.38
03-Jul-2026;ENG-057;140;2026-01-06 20:00:00;642.4200;1595.5500;1400.2400;552.9900;2388.1000;9040.1500;47.7000;521.1300;2388.1800;8133.1600;8.4112;393.0000;;0;WO856597;2958.22
2026/07/03;ENG-091;193;2026-01-09 01:00:00;643.5500;1600.2000;1413.4500;552.3000;2388.2300;9045.1900;47.7100;520.3400;2388.1400;8125.3500;8.4749;394.0000;0.6320;0;WO320196;1,830.68
03-Jul-2026;ENG-079;94;2026-01-04 22:00:00;642.4900;1588.9000;1410.5900;553.1400;2388.1200;9046.9000;47.5600;521.6300;2388.1500;8133.9700;8.4380;393.0000;0.5600;0;WO318128;136.65
2026-07-03;ENG-097;118;2026-01-05 22:00:00;642.5600;1593.4800;1398.2100;553.8200;2388.0100;9071.5800;47.3000;521.9400;2388.0000;8152.4700;8.4118;394.0000;;0;WO429456;2957.54
2026/07/03;ENG-035;144;2026-01-07 00:00:00;643.0300;1593.3800;1414.7700;552.0700;2388.1200;9064.4200;47.6400;520.1600;2388.1000;8138.9800;8.4735;394.0000;0.5200;0;WO954084;1872.96
03-Jul-2026;ENG-027;113;2026-01-05 17:00:00;642.0400;1590.2800;1407.3600;553.8500;2388.1000;9051.9400;47.2600;521.9900;2388.0400;8135.2800;8.4142;392.0000;0.7440;0;WO770608;2,892.72
2026/07/03;  ENG-017 ;134;2026-01-06 14:00:00;641.8800;1590.0500;1398.3400;553.9800;2388.0600;9085.0700;47.2200;522.1300;2388.0800;8155.2900;8.3973;393.0000;0.6480;0;WO367089;2092.84
2026-07-03;ENG-082;140;2026-01-06 20:00:00;642.7100;1599.1600;1411.8300;552.2600;2388.1300;9057.9200;47.8300;520.7300;2388.1000;8129.7800;8.4724;394.0000;0.2480;0;WO163647;2,039.74
2026-07-03;ENG-082;121;2026-01-06 01:00:00;643.3300;1584.1700;1409.3900;553.3200;2388.1400;9069.3600;47.5100;521.7500;2388.0800;8138.5600;8.4482;393.0000;0.4000;0;WO719877;792.89
2026/07/03;ENG-035;180;2026-01-08 12:00:00;643.2000;1595.4300;1421.2300;552.7300;2388.1600;9072.5600;48.0200;520.4200;2388.2000;8148.8600;8.4948;395.0000;0.2320;1;WO948228;20537.36
2026/07/03;ENG-079;72;2026-01-04 00:00:00;642.4400;1586.3900;1409.1100;553.9000;2388.0600;9050.5000;47.4100;521.5300;2388.0600;8129.7800;8.4329;392.0000;0.7360;0;WO122659;2538.48
2026-07-03;ENG-052;156;2026-01-07 12:00:00;642.1800;1595.8500;1404.8100;554.1200;2388.0300;9077.8700;47.4300;522.2500;2388.0100;8158.6700;8.4282;393.0000;0.4960;0;WO144714;743.03
2026-07-03;ENG-064;167;2026-01-07 23:00:00;643.3500;1600.2800;1415.0100;552.0700;2388.1800;9053.4100;47.7500;520.3400;2388.1700;8136.4900;8.4610;395.0000;0.2320;1;WO640640;
2026/07/03;ENG-084;162;2026-01-07 18:00:00;642.5600;1597.1300;1412.6800;553.3600;2388.1600;9056.4800;47.7600;520.7800;2388.1700;8128.0100;8.4895;394.0000;;0;WO340483;589.26
2026/07/03;ENG-022;32;2026-01-02 08:00:00;642.3400;1582.7700;1403.1600;553.5400;2388.1100;9043.6600;47.5200;521.4100;2388.1000;8126.9400;8.4371;391.0000;;0;WO282905;258.21
03-Jul-2026;eng-036;114;2026-01-05 18:00:00;643.1300;1598.9700;1428.3100;553.0400;2388.1800;9052.6800;48.0600;520.5200;2388.1700;8139.1600;8.4882;395.0000;0.2480;0;WO801596;1929.61
03-Jul-2026;ENG-066;140;2026-01-06 20:00:00;643.5100;1594.5000;1414.0100;552.4600;2388.1100;9110.5500;47.8400;520.9100;2388.0900;8184.2000;8.4897;397.0000;0.1680;1;WO344075;18,050.13
2026-07-03;ENG-072;115;2026-01-05 19:00:00;642.6200;1590.4300;1409.5100;554.5100;2388.0400;9066.3500;47.5200;521.5900;2388.1400;8145.6500;8.4321;394.0000;0.5280;0;WO223738;1,008.66
03-Jul-2026;eng-046;129;2026-01-06 09:00:00;642.9800;1591.5300;1403.5900;553.8800;2388.1400;9085.5700;47.5400;520.7100;2388.0700;8158.4300;8.4625;393.0000;0.5120;0;WO447500;1601.20
2026/07/03;ENG-077;136;2026-01-06 16:00:00;642.6000;1591.9000;1410.7900;553.0800;2388.1500;9049.3800;47.4800;521.5000;2388.1200;8129.2000;8.4621;395.0000;0.4800;0;WO637266;498.75
03-Jul-2026;ENG-005;93;2026-01-04 21:00:00;642.8700;1585.5500;1405.5700;553.9600;2388.1300;9049.7600;47.6000;520.8400;2388.1600;8128.2500;8.4772;394.0000;0.7680;0;WO435072;193.50
2026-07-03;ENG-076;151;2026-01-07 07:00:00;642.4900;1589.9000;1404.7300;553.1200;2388.0000;9075.5000;47.4700;521.5100;2388.0900;8153.7700;8.4114;392.0000;0.5120;0;WO906009;792.22
03-Jul-2026;  ENG-045 ;135;2026-01-06 15:00:00;642.5900;1593.0600;1413.6400;552.3800;2388.0900;9061.7900;47.5500;521.0900;2388.1000;8139.0800;8.4520;395.0000;1.0000;0;WO932229;1780.47
03-Jul-2026;eng-088;61;2026-01-03 13:00:00;642.7100;1596.6600;1417.7500;552.9700;2388.1300;9038.8200;47.4700;521.3900;2388.1200;8116.4700;8.4695;393.0000;0.9760;0;WO234044;2606.47
2026-07-03;ENG-094;98;2026-01-05 02:00:00;642.8000;1589.2000;1415.4000;553.6900;2388.1300;9059.6600;47.6700;521.2800;2388.1400;8132.9600;8.4548;393.0000;0.7200;0;WO233700;
2026/07/03;ENG-086;95;2026-01-04 23:00:00;643.0500;1587.2800;1406.9700;553.1000;2388.0400;9058.9900;47.4300;521.5100;2388.0900;8145.8200;8.4218;394.0000;;0;WO944371;321.62
2026/07/03;ENG-091;190;2026-01-08 22:00:00;643.3300;1593.2200;1411.0000;552.3900;2388.2000;9049.9900;47.7900;521.2300;2388.2100;8125.7000;8.4618;393.0000;0.6560;0;WO305949;1642.83
03-Jul-2026;ENG-046;130;2026-01-06 10:00:00;643.1400;1595.5800;1414.7400;552.9100;2388.0300;9085.8200;47.4800;520.4500;2388.1200;8157.8800;8.4566;393.0000;0.5040;0;WO379496;
03-Jul-2026;ENG-054;111;2026-01-05 15:00:00;642.1700;1586.5500;1403.3000;553.4800;2388.0000;9061.1100;47.3100;522.1600;2387.9600;8143.4900;8.3867;392.0000;0.8560;0;WO155079;1998.71
03-Jul-2026;ENG-056;109;2026-01-05 13:00:00;643.4200;1601.3700;1414.8000;552.2800;2388.2100;9041.1800;47.6900;520.5600;2388.1800;8118.4200;8.4862;393.0000;0.3360;0;WO978433;2453.02
03-Jul-2026;eng-046;121;2026-01-06 01:00:00;642.7800;1596.9000;1405.2300;553.1300;2388.1000;9077.5000;47.6300;521.0300;2388.0100;8153.2200;8.4525;393.0000;0.5760;0;WO305298;704.41
2026/07/03;ENG-073;84;2026-01-04 12:00:00;642.3900;1587.2700;1399.1500;553.7400;2388.0400;9055.7200;47.1600;522.1400;2388.0300;8129.7300;8.4341;392.0000;1.0000;0;WO360104;537.06
03-Jul-2026;ENG-049;225;2026-01-10 09:00:00;642.5900;1585.2600;1408.4400;553.5300;2388.1100;9057.6900;47.3900;521.2700;2388.0700;8135.2200;8.4361;394.0000;0.7920;0;WO378838;435.29
2026/07/03;  ENG-077 ;158;2026-01-07 14:00:00;642.4200;1600.2000;1410.9900;552.7700;2388.2000;9038.6200;47.7000;520.7700;2388.2000;8128.1000;8.4388;395.0000;0.3040;0;WO735018;2,987.26
03-Jul-2026;ENG-023;129;2026-01-06 09:00:00;642.4800;1586.5500;1395.0400;554.3900;2388.0100;9051.7600;47.1600;522.3700;2388.0700;8136.7500;8.4002;391.0000;0.9120;0;WO751233;374.93
03-Jul-2026;ENG-010;132;2026-01-06 12:00:00;642.6100;1585.3200;1406.9700;554.0000;2387.9800;9067.4900;47.3800;522.0200;2388.0600;8146.2700;8.4078;392.0000;1.0000;0;WO616731;2,313.22
2026-07-03;ENG-031;173;2026-01-08 05:00:00;642.8800;1590.8500;1413.3700;552.3700;2388.1400;9080.2100;47.8000;520.8200;2388.1200;8157.5600;8.4465;394.0000;0.2480;0;WO301541;
2026-07-03;eng-034;144;2026-01-07 00:00:00;642.7200;1584.9400;1408.3700;553.3300;2388.0400;9057.0100;47.5300;521.7400;2388.0500;8143.3600;8.4183;394.0000;0.5280;0;WO628322;991.61
2026/07/03;ENG-077;140;2026-01-06 20:00:00;642.8500;1590.1000;1407.1700;552.7900;2388.1000;9049.3700;47.6100;521.6800;2388.2000;8125.2600;8.4271;394.0000;0.4480;0;WO887449;2719.85
2026/07/03;ENG-068;131;2026-01-06 11:00:00;642.3900;1591.5600;1404.3000;553.2000;2388.0700;9071.7800;47.6700;521.4800;2388.1200;8139.2200;8.4542;393.0000;0.5120;0;WO641132;2910.40
03-Jul-2026;ENG-031;159;2026-01-07 15:00:00;642.9200;1587.2700;1415.0800;552.9100;2388.1100;9081.3600;47.6100;520.7400;2388.0500;8147.8900;8.4632;395.0000;0.3600;0;WO651679;482.16
2026/07/03;ENG-061;151;2026-01-07 07:00:00;643.1000;1594.0300;1409.0300;553.3700;2388.1400;9064.5000;47.7600;520.7400;2388.0800;8147.3100;8.4783;397.0000;0.2320;1;WO257903;14419.52
03-Jul-2026;ENG-076;196;2026-01-09 04:00:00;643.0900;1600.2700;1419.1100;552.3300;2388.1400;9103.8000;47.8100;520.9600;2388.1500;8167.4900;8.4939;397.0000;0.1520;1;WO481637;2657.93
03-Jul-2026;  ENG-004 ;102;2026-01-05 06:00:00;642.6900;1588.8700;1418.3800;553.9300;2388.0300;9056.9200;47.6100;521.6500;2388.0700;8134.1500;8.4156;393.0000;0.6880;0;WO212488;526.72
2026/07/03;ENG-012;149;2026-01-07 05:00:00;642.8300;1584.8400;1402.4300;554.3000;2388.0200;9057.5700;47.2500;521.7400;2388.0600;8142.5300;8.4128;392.0000;1.0000;0;WO951837;2,452.03
03-Jul-2026;eng-034;165;2026-01-07 21:00:00;643.1400;1598.3400;1409.1800;553.1900;2388.1200;9058.7700;47.6400;521.3900;2388.1200;8133.9200;8.4435;394.0000;0.3600;0;WO398518;1772.32
2026-07-03;ENG-004;81;2026-01-04 09:00:00;642.8000;1593.6400;1399.2300;553.0300;2388.0900;9046.1800;47.6300;521.6900;2388.1500;8132.7200;8.4451;392.0000;0.8560;0;WO615053;1,494.15
2026/07/03;ENG-035;175;2026-01-08 07:00:00;643.4400;1600.6600;1417.6500;552.4200;2388.1500;9074.5100;47.9000;520.5900;2388.2100;8145.7900;8.4699;396.0000;0.2720;0;WO785937;1,668.54
2026-07-03;ENG-036;111;2026-01-05 15:00:00;643.3700;1600.6200;1420.9100;551.5400;2388.2100;9064.7800;47.6400;520.7000;2388.1500;8139.4000;8.4527;394.0000;0.2720;0;WO108819;1,202.47
03-Jul-2026;  ENG-084 ;141;2026-01-06 21:00:00;642.9000;1598.3500;1404.3500;553.2700;2388.1000;9051.9100;47.5200;521.4500;2388.1500;8134.2700;8.4497;393.0000;0.7120;0;WO404343;1,594.28
03-Jul-2026;ENG-092;106;2026-01-05 10:00:00;642.8100;1591.2500;1408.2400;552.6700;2388.1700;9046.5900;47.9000;520.8300;2388.1500;8132.1000;8.4696;394.0000;0.5120;0;WO171489;1125.69
03-Jul-2026;  ENG-056 ;133;2026-01-06 13:00:00;643.6100;1589.9600;1428.1200;552.3000;2388.2600;9042.9500;47.9200;519.9200;2388.2400;8116.0700;8.5013;395.0000;0.1440;1;WO940692;3857.80
03-Jul-2026;ENG-008;131;2026-01-06 11:00:00;642.5100;1584.0800;1403.6600;553.2100;2388.1100;9052.3400;47.4300;521.0100;2388.0700;8136.1300;8.4098;395.0000;1.0000;0;WO734455;616.03
03-Jul-2026;eng-091;169;2026-01-08 01:00:00;642.4000;1587.0800;1423.3500;552.6100;2388.1400;9050.8200;47.9100;520.3600;2388.1400;8128.9700;8.4626;394.0000;0.8240;0;WO555085;2186.66
2026-07-03;ENG-040;128;2026-01-06 08:00:00;642.9300;1600.7200;1422.0500;550.9100;2388.1800;9069.4800;47.8300;520.6500;2388.1400;8145.1100;8.5016;397.0000;;0;WO526946;1823.42
2026/07/03;ENG-071;50;2026-01-03 02:00:00;642.9000;1586.3500;1401.9400;554.1500;2388.0500;9067.7600;47.3800;522.1000;2388.0200;8147.8200;8.4334;392.0000;1.0000;0;WO691957;2368.14
03-Jul-2026;eng-004;86;2026-01-04 14:00:00;642.7300;1591.8300;1412.4600;553.8800;2388.1000;9057.0400;47.6300;521.4000;2388.1000;8137.1400;8.4346;392.0000;0.8160;0;WO548978;1867.48
2026/07/03;  ENG-041 ;97;2026-01-05 01:00:00;642.4800;1586.6400;1401.7700;553.5100;2388.1400;9049.1700;47.4800;521.3100;2388.0900;8126.4800;8.4105;392.0000;0.3520;0;WO671261;968.92
2026-07-03;  ENG-079 ;79;2026-01-04 07:00:00;642.4500;1588.5400;1402.5400;553.4700;2388.0500;9046.9800;47.4500;522.0700;2388.1400;8128.3800;8.4453;392.0000;0.6800;0;WO735896;1,413.36
2026/07/03;ENG-059;75;2026-01-04 03:00:00;641.9400;1589.2700;1401.5800;554.5400;2388.0200;9058.2500;47.3200;522.2300;2387.9800;8138.2600;8.4345;392.0000;1.0000;0;WO107660;1194.24
2026/07/03;ENG-002;38;2026-01-02 14:00:00;642.6200;1588.4700;1401.8100;553.2900;2388.1000;9048.8900;47.5000;521.3500;2388.1200;8127.1900;8.4541;393.0000;0.8720;0;WO400469;2887.56
03-Jul-2026;ENG-007;128;2026-01-06 08:00:00;642.4600;1584.4000;1404.3600;554.2800;2388.0200;9061.5400;47.1300;521.9200;2388.0700;8143.7400;8.4205;392.0000;0.9840;0;WO779218;964.00
2026-07-03;ENG-091;186;2026-01-08 18:00:00;642.8800;1590.0900;1414.1600;552.8400;2388.1900;9043.7200;47.8000;520.8500;2388.1700;8126.0200;8.4665;396.0000;0.6880;0;WO252011;811.21
2026/07/03;ENG-037;91;2026-01-04 19:00:00;643.0300;1587.5300;1409.2100;553.8200;2388.0700;9053.1400;47.6300;521.4200;2388.0700;8128.4600;8.4367;392.0000;0.4080;0;WO713307;1401.97
03-Jul-2026;  ENG-089 ;144;2026-01-07 00:00:00;642.9100;1584.2800;1405.3000;553.2300;2388.1000;9052.4100;47.4500;521.8500;2388.1400;8133.3600;8.4698;395.0000;1.0000;0;WO762636;209.04
03-Jul-2026;ENG-079;85;2026-01-04 13:00:00;642.9500;1582.1500;1413.2000;553.2200;2388.1600;9046.9300;47.4600;521.8100;2388.1000;8132.4600;8.4332;392.0000;0.6320;0;WO111223;878.10
2026/07/03;ENG-044;49;2026-01-03 01:00:00;642.6900;1589.1800;1400.3700;554.3600;2388.1300;9045.3200;47.4600;521.4800;2388.0500;8133.6400;8.4222;391.0000;0.9120;0;WO350557;866.43
03-Jul-2026;  ENG-066 ;120;2026-01-06 00:00:00;642.9600;1595.6100;1404.5600;552.7900;2388.1600;9090.0600;47.7400;520.9400;2388.1100;8166.3500;8.5056;396.0000;0.3280;0;WO189188;1917.88
2026-07-03;ENG-078;60;2026-01-03 12:00:00;641.6400;1579.2900;1397.1600;554.8500;2387.9700;9060.5200;47.1800;522.6300;2387.9700;8148.0400;8.4163;393.0000;0.9520;0;WO464025;2316.03
2026/07/03;ENG-002;44;2026-01-02 20:00:00;642.7700;1591.7500;1411.0500;553.6200;2388.1200;9049.8400;47.6500;520.9600;2388.1300;8132.1800;8.4366;392.0000;0.8240;0;WO258729;503.06
2026/07/03;ENG-040;107;2026-01-05 11:00:00;642.8100;1599.0200;1415.0200;552.7200;2388.0800;9059.6700;47.7000;521.0000;2388.1700;8139.6900;8.4822;394.0000;0.4320;0;WO396087;667.42
03-Jul-2026;ENG-071;58;2026-01-03 10:00:00;642.6500;1580.5500;1396.6100;553.7800;2388.0000;9062.0200;47.2900;521.9700;2388.0500;8145.1900;8.4074;393.0000;;0;WO592740;405.48
2026-07-03;ENG-100;151;2026-01-07 07:00:00;642.5400;1597.6600;1410.1300;553.3900;2388.0100;9087.5400;47.4700;521.8500;2388.0300;8164.6200;8.4453;392.0000;0.5360;0;WO792399;1,557.46
2026/07/03;ENG-017;142;2026-01-06 22:00:00;642.5200;1589.6300;1404.4400;553.5600;2388.0300;9081.3900;47.3600;522.0300;2388.0500;8165.8900;8.4460;393.0000;0.5840;0;WO629650;652.01
2026-07-03;ENG-007;126;2026-01-06 06:00:00;642.1900;1586.6000;1398.6400;553.8300;2388.0700;9064.1400;47.3100;521.7100;2388.0300;8146.4600;8.4219;392.0000;1.0000;0;WO233340;1725.21
2026/07/03;ENG-012;178;2026-01-08 10:00:00;642.4800;1583.4400;1405.8500;554.1600;2388.0400;9069.9500;47.1300;522.2400;2388.0200;8144.7200;8.4155;391.0000;1.0000;0;WO597918;1,290.40
03-Jul-2026;ENG-082;143;2026-01-06 23:00:00;642.9900;1591.8000;1409.5300;552.2500;2388.1600;9056.9000;47.7400;520.6500;2388.1300;8137.2600;8.5122;393.0000;0.2240;1;WO696232;
2026/07/03;ENG-035;160;2026-01-07 16:00:00;643.6400;1593.2700;1420.2200;552.3600;2388.1700;9057.7200;47.7300;520.2600;2388.1500;8138.6900;8.4424;396.0000;0.3920;0;WO838885;1136.45
2026-07-03;ENG-081;200;2026-01-09 08:00:00;643.1700;1596.6500;1415.1100;551.7900;2388.1700;9077.1100;47.9700;520.5000;2388.1600;8149.7600;8.4764;395.0000;0.1680;1;WO449861;4647.04
2026-07-03;ENG-003;120;2026-01-06 00:00:00;642.8400;1599.4900;1416.6400;552.3100;2388.1400;9050.5400;47.8800;521.0300;2388.1400;8129.5100;8.4614;394.0000;0.6000;0;WO608000;1548.61
03-Jul-2026;ENG-073;80;2026-01-04 08:00:00;642.5900;1586.2900;1408.2800;554.1100;2388.0700;9048.0700;47.4700;522.0600;2388.0600;8137.3100;8.3708;392.0000;1.0000;0;WO663970;767.66
2026-07-03;ENG-076;158;2026-01-07 14:00:00;642.8800;1587.5900;1408.4800;553.3900;2388.0900;9075.9400;47.6500;521.5800;2388.0800;8157.5800;8.4460;393.0000;0.4560;0;WO773215;734.90
2026/07/03;ENG-099;72;2026-01-04 00:00:00;641.8600;1582.4200;1400.2300;554.9200;2387.9800;9060.4400;47.3300;522.5100;2387.9800;8147.4100;8.3916;391.0000;1.0000;0;WO679116;1031.63
2026/07/03;ENG-053;148;2026-01-07 04:00:00;642.8300;1586.0700;1410.6100;553.3500;2388.1000;9089.8600;47.6100;521.2500;2388.0600;8163.9800;8.4140;394.0000;0.3360;0;WO177901;73.58
03-Jul-2026;  ENG-054 ;97;2026-01-05 01:00:00;642.0700;1578.6500;1398.8800;555.2200;2388.0000;9065.9200;47.1900;521.9800;2388.0100;8142.7500;8.4160;392.0000;0.9680;0;WO534374;2258.21
2026-07-03;ENG-093;233;2026-01-10 17:00:00;643.2600;1596.5200;1419.0900;552.8200;2388.1200;9074.5300;47.9500;520.7900;2388.1700;8147.0200;8.4792;394.0000;0.7680;0;WO320799;361.83
2026-07-03;ENG-029;117;2026-01-05 21:00:00;642.2300;1586.7100;1398.4500;553.7600;2388.0300;9056.2000;47.4400;522.3000;2388.0300;8138.1200;8.4488;392.0000;1.0000;0;WO423517;
2026-07-03;eng-053;123;2026-01-06 03:00:00;642.7000;1593.1300;1404.6800;554.0200;2388.1200;9066.4200;47.3200;521.5700;2388.0300;8149.8400;8.4363;393.0000;0.5360;0;WO220771;1556.48
2026-07-03;ENG-081;177;2026-01-08 09:00:00;643.2400;1583.2600;1415.3400;552.0800;2388.1600;9076.4400;47.6500;520.9700;2388.1200;8145.9100;8.4272;395.0000;0.3520;0;WO878517;2,795.90
2026/07/03;  ENG-037 ;99;2026-01-05 03:00:00;642.2300;1595.5000;1406.4800;554.1600;2388.1100;9051.8500;47.5100;521.7400;2388.0900;8128.0200;8.4690;393.0000;0.3440;0;WO442983;1168.95
2026-07-03;ENG-013;165;2026-01-07 21:00:00;642.4900;1595.3000;1401.0600;554.0400;2388.0800;9064.9000;47.4800;522.1600;2388.0800;8148.6500;8.3854;392.0000;1.0000;0;WO500677;2,389.19
2026/07/03;ENG-031;157;2026-01-07 13:00:00;643.0200;1594.5800;1413.4700;553.2500;2388.1100;9075.6900;47.7800;521.2400;2388.1600;8152.4800;8.4960;393.0000;0.3760;0;WO608545;1723.51
2026/07/03;ENG-096;76;2026-01-04 04:00:00;642.1400;1586.2500;1401.9300;555.6900;2388.0100;9071.3100;47.1600;522.3500;2388.0100;8149.3300;8.4071;391.0000;1.0000;0;WO991769;1,437.33
03-Jul-2026;ENG-047;70;2026-01-03 22:00:00;642.3400;1590.1700;1413.0100;552.4500;2388.1700;9039.5800;47.4700;521.0800;2388.1600;8126.7100;8.4421;393.0000;1.0000;0;WO850789;1672.88
2026-07-03;ENG-066;111;2026-01-05 15:00:00;642.9100;1590.8500;1405.9600;553.3300;2388.0800;9073.5700;47.7300;520.8200;2388.0700;8160.6700;8.4005;393.0000;0.4000;0;WO672102;1,843.94
2026/07/03;eng-081;205;2026-01-09 13:00:00;643.3800;1597.6300;1420.9200;551.5300;2388.1400;9077.6900;47.9800;520.4900;2388.1900;8143.0200;8.5010;395.0000;0.1280;1;WO222706;12268.05
2026/07/03;ENG-060;128;2026-01-06 08:00:00;642.3600;1592.2900;1408.8800;553.8300;2388.1000;9055.6500;47.6300;521.5100;2388.0900;8130.2200;8.4393;393.0000;0.9520;0;WO854931;662.18
2026/07/03;  ENG-030 ;129;2026-01-06 09:00:00;642.3900;1594.1700;1407.7000;553.2200;2388.1200;9050.1600;47.4900;521.2400;2388.1300;8130.7900;8.4487;393.0000;1.0000;0;WO672800;1,760.48
2026/07/03;ENG-077;114;2026-01-05 18:00:00;642.5100;1584.3100;1406.2800;554.3000;2388.0700;9049.7200;47.5500;521.7500;2388.1200;8130.4400;8.4339;393.0000;0.6560;0;WO648113;1,518.62
2026-07-03;  ENG-082 ;149;2026-01-07 05:00:00;642.3700;1599.3900;1422.7600;552.5400;2388.1800;9057.9200;47.8200;520.7000;2388.1400;8127.2600;8.4564;396.0000;0.1760;1;WO563291;19428.85
2026/07/03;ENG-071;54;2026-01-03 06:00:00;641.7100;1586.2100;1405.8500;553.9100;2388.0100;9066.1500;47.3700;522.4400;2388.0400;8144.8400;8.4301;391.0000;1.0000;0;WO631956;
03-Jul-2026;ENG-058;162;2026-01-07 18:00:00;642.9900;1596.8400;1416.7300;552.5100;2388.1900;9051.5900;47.5700;521.2800;2388.1400;8128.1800;8.4698;393.0000;0.4080;0;WO776232;574.34
03-Jul-2026;ENG-036;120;2026-01-06 00:00:00;643.1800;1594.3900;1416.4200;552.2000;2388.2100;9064.3500;47.7000;520.7400;2388.1900;8136.1700;8.4971;396.0000;0.2000;1;WO678704;16340.50
2026-07-03;  ENG-098 ;91;2026-01-04 19:00:00;642.2200;1591.5100;1408.3800;554.2400;2388.0200;9069.4500;47.4300;521.7400;2388.1100;8144.2800;8.4158;394.0000;0.7120;0;WO347334;350.85
2026/07/03;ENG-083;65;2026-01-03 17:00:00;642.4600;1588.4800;1400.9500;553.5500;2388.0600;9056.9700;47.4500;521.9700;2388.0700;8138.3300;8.4197;392.0000;1.0000;0;WO717704;2,874.10
2026/07/03;ENG-012;157;2026-01-07 13:00:00;642.7600;1594.2300;1397.4900;554.0700;2388.0300;9066.0800;47.3300;522.0000;2387.9500;8148.0000;8.4140;393.0000;1.0000;0;WO176824;1754.37
03-Jul-2026;ENG-042;115;2026-01-05 19:00:00;642.4300;1590.4000;1414.6300;553.8800;2388.0800;9053.1100;47.5800;521.6000;2388.1100;8134.3400;8.4136;394.0000;0.4080;0;WO624088;
2026/07/03;eng-042;146;2026-01-07 02:00:00;642.4700;1591.5700;1419.6800;552.6600;2388.2100;9025.9700;47.9000;520.7500;2388.2100;8115.0000;8.4725;394.0000;0.1600;1;WO726385;10904.79
2026-07-03;ENG-024;155;2026-01-07 11:00:00;642.6700;1595.2400;1409.6000;554.3800;2388.0000;9101.6400;47.4600;521.7400;2388.0700;8179.9600;8.4328;392.0000;0.4080;0;WO535647;497.57
2026/07/03;ENG-054;100;2026-01-05 04:00:00;642.2400;1589.5000;1402.7400;554.7500;2388.0100;9060.1600;47.0700;522.4400;2388.0900;8145.2100;8.3746;392.0000;0.9440;0;WO995738;1436.98
03-Jul-2026;ENG-024;171;2026-01-08 03:00:00;642.5200;1585.2500;1410.1400;553.5800;2388.0500;9122.6200;47.6600;521.9000;2388.0600;8193.2900;8.4461;394.0000;0.2800;0;WO394799;2015.97
2026-07-03;  ENG-090 ;124;2026-01-06 04:00:00;642.7700;1589.4100;1409.0700;552.5700;2388.0800;9079.7900;47.7400;520.7700;2388.1200;8141.1700;8.4418;395.0000;0.4000;0;WO571811;778.40
03-Jul-2026;ENG-034;200;2026-01-09 08:00:00;643.2600;1600.7700;1427.1800;551.7000;2388.2900;9047.4600;48.1800;519.9600;2388.2700;8127.9400;8.5023;395.0000;0.0800;1;WO105729;17776.43
03-Jul-2026;eng-034;190;2026-01-08 22:00:00;642.9400;1591.6300;1420.3700;552.3900;2388.2300;9049.1400;47.9300;520.5400;2388.2300;8129.4300;8.4998;393.0000;0.1600;1;WO716623;8157.81
03-Jul-2026;ENG-031;148;2026-01-07 04:00:00;642.7900;1596.2500;1415.8900;552.7800;2388.0700;9072.8400;47.7500;520.5500;2388.1100;8145.4600;8.4590;393.0000;0.4480;0;WO249413;
2026/07/03;ENG-035;176;2026-01-08 08:00:00;643.1900;1598.2500;1415.0300;551.4500;2388.1700;9070.0300;47.9900;520.1300;2388.2000;8138.3900;8.5343;395.0000;0.2640;0;WO164580;2,931.60
03-Jul-2026;ENG-030;114;2026-01-05 18:00:00;642.6400;1583.7400;1409.5100;553.3300;2388.0900;9049.0300;47.6800;521.1800;2388.1600;8126.0200;8.4555;394.0000;1.0000;0;WO345498;589.88
2026-07-03;ENG-028;131;2026-01-06 11:00:00;642.7700;1587.6300;1405.3500;553.2400;2388.0800;9053.2300;47.4600;522.0700;2388.1200;8131.9400;8.4414;393.0000;0.9920;0;WO172365;200.68
03-Jul-2026;ENG-089;169;2026-01-08 01:00:00;642.8000;1595.0400;1410.8100;552.9800;2388.1600;9054.9600;47.4800;520.9300;2388.1400;8135.1400;8.4762;393.0000;1.0000;0;WO874450;996.35
03-Jul-2026;ENG-100;167;2026-01-07 23:00:00;642.6600;1590.7900;1412.6900;553.5700;2388.0400;9108.2800;47.5900;521.5200;2388.0500;8172.7000;8.4855;395.0000;0.4080;0;WO466449;277.87
2026-07-03;ENG-020;176;2026-01-08 08:00:00;643.0400;1594.8600;1417.7100;551.9700;2388.1600;9065.9300;47.9700;520.6300;2388.1100;8141.3900;8.4541;396.0000;0.1920;1;WO264471;10124.08
2026/07/03;eng-020;129;2026-01-06 09:00:00;642.4000;1587.2500;1412.7200;553.4300;2388.0700;9057.5900;47.4400;521.3400;2388.1200;8144.1100;8.4468;394.0000;0.5680;0;WO827238;1529.50
03-Jul-2026;ENG-064;133;2026-01-06 13:00:00;642.4400;1594.4100;1412.6500;553.3800;2388.1100;9057.3800;47.6400;521.2700;2388.1400;8131.4000;8.4588;393.0000;0.5040;0;WO211173;686.09
2026-07-03;ENG-028;142;2026-01-06 22:00:00;642.8200;1586.1300;1401.8400;553.8500;2388.1700;9057.6900;47.4400;521.6300;2388.1200;8134.0900;8.4196;393.0000;0.9040;0;WO391731;1,376.85
2026-07-03;eng-070;109;2026-01-05 13:00:00;642.6300;1595.8100;1410.2400;553.1900;2388.1000;9044.5200;47.5800;521.2000;2388.1100;8129.1900;8.4631;392.0000;1.0000;0;WO875975;1829.72
2026-07-03;ENG-087;55;2026-01-03 07:00:00;641.9400;1587.9400;1398.4300;554.1300;2388.0400;9061.1000;47.2400;522.6400;2388.0800;8139.1900;8.4168;392.0000;0.9360;0;WO133085;670.64
03-Jul-2026;ENG-029;123;2026-01-06 03:00:00;642.5100;1590.3600;1402.6400;554.2300;2388.0600;9059.2100;47.4700;521.3600;2388.0600;8146.9400;8.4118;391.0000;1.0000;0;WO916703;395.74
03-Jul-2026;ENG-018;98;2026-01-05 02:00:00;642.3500;1586.7600;1406.6000;553.3700;2388.0600;9055.5600;47.4200;521.5500;2388.0900;8136.4400;8.4151;393.0000;0.5040;0;WO709729;2856.24
03-Jul-2026;ENG-086;75;2026-01-04 03:00:00;642.4000;1591.5900;1407.1300;553.6300;2388.0500;9058.0500;47.5700;521.6700;2388.0300;8146.5800;8.4328;393.0000;0.9920;0;WO183255;1,689.87
2026/07/03;ENG-047;54;2026-01-03 06:00:00;642.8900;1591.4100;1408.6000;554.0600;2388.1400;9040.1100;47.5800;521.1100;2388.1200;8119.8500;8.3960;393.0000;1.0000;0;WO157919;2624.73
2026/07/03;  ENG-045 ;115;2026-01-05 19:00:00;642.6900;1586.7300;1402.8800;553.0600;2388.1200;9062.3400;47.4000;521.1400;2388.1500;8142.4500;8.4249;393.0000;1.0000;0;WO613254;272.28
2026/07/03;ENG-086;100;2026-01-05 04:00:00;642.2500;1585.2000;1405.9500;553.8800;2388.0600;9065.8100;47.3400;521.7600;2388.1000;8143.7000;8.4225;392.0000;0.7920;0;WO154681;2,246.30
03-Jul-2026;ENG-074;133;2026-01-06 13:00:00;642.6500;1589.8700;1407.5200;553.3000;2388.0900;9054.9600;47.5000;521.7700;2388.1700;8145.0600;8.4794;393.0000;1.0000;0;WO684982;2232.41
03-Jul-2026;ENG-059;79;2026-01-04 07:00:00;642.3200;1579.4600;1406.1900;553.9200;2388.0500;9063.0600;47.2800;522.0700;2388.0200;8140.8100;8.3867;391.0000;1.0000;0;WO808989;2,762.50
03-Jul-2026;eng-052;127;2026-01-06 07:00:00;641.8000;1584.6400;1402.5300;554.3700;2388.0100;9065.7300;47.1700;522.3800;2388.0200;8151.3300;8.3826;391.0000;0.7280;0;WO707593;1,576.18
2026-07-03;ENG-010;137;2026-01-06 17:00:00;642.0600;1585.8200;1401.1400;553.6000;2388.0600;9063.5300;47.3700;522.3100;2388.0400;8146.0100;8.4172;392.0000;1.0000;0;WO133617;1435.98
2026-07-03;ENG-054;95;2026-01-04 23:00:00;642.1500;1581.4500;1402.2800;554.0000;2387.9700;9052.9600;47.1500;522.4400;2388.0100;8146.6100;8.3832;392.0000;0.9840;0;WO875549;1,797.08
2026-07-03;ENG-007;119;2026-01-05 23:00:00;642.5900;1590.8100;1400.7100;553.5200;2388.0900;9063.3000;47.3700;521.6400;2387.9800;8144.1500;8.4295;390.0000;1.0000;0;WO866577;1653.19
2026-07-03;ENG-057;113;2026-01-05 17:00:00;642.9400;1590.8500;1413.9400;553.5600;2388.1600;9045.1200;47.4000;521.2300;2388.1400;8131.1400;8.4357;393.0000;1.0000;0;WO658235;2655.64
03-Jul-2026;  ENG-031 ;174;2026-01-08 06:00:00;642.6700;1594.0900;1421.3400;552.3800;2388.1500;9078.5400;47.7600;520.4100;2388.1400;8152.0400;8.4663;393.0000;0.2400;1;WO530421;15,480.68
03-Jul-2026;eng-100;179;2026-01-08 11:00:00;642.3000;1588.9300;1412.8200;553.0400;2388.0300;9122.4800;47.5300;521.4900;2388.0000;8185.8700;8.4371;393.0000;0.3120;0;WO837121;2656.85
03-Jul-2026;ENG-016;80;2026-01-04 08:00:00;642.1300;1585.3000;1401.4700;554.2800;2388.0300;9056.0700;47.4700;522.1100;2388.0000;8139.1700;8.4243;391.0000;0.9360;0;WO735452;599.91
2026-07-03;ENG-080;118;2026-01-05 22:00:00;643.0800;1587.3600;1405.0900;553.5200;2388.0500;9064.7900;47.4600;521.2700;2388.0800;8143.4800;8.4357;392.0000;0.8400;0;WO444805;987.95
2026-07-03;ENG-051;120;2026-01-06 00:00:00;642.0300;1587.5000;1407.1800;553.0600;2388.1300;9041.9600;47.3800;521.2500;2388.1300;8130.6600;8.4107;390.0000;1.0000;0;WO378546;88.64
2026-07-03;ENG-064;162;2026-01-07 18:00:00;643.0700;1591.3900;1414.4300;551.5000;2388.1800;9054.0300;47.6300;520.3300;2388.2000;8133.2300;8.4545;394.0000;0.2720;0;WO299424;1156.19
2026/07/03;ENG-024;160;2026-01-07 16:00:00;642.7400;1596.8300;1410.6000;553.8100;2388.0700;9105.5000;47.5700;521.9900;2388.0400;8180.8500;8.4341;393.0000;0.3680;0;WO968108;1,736.40
2026-07-03;eng-049;265;2026-01-12 01:00:00;642.8500;1593.6500;1416.4200;552.6400;2388.1900;9050.2400;47.7600;521.1500;2388.1400;8141.6300;8.4557;393.0000;0.4720;0;WO611524;
03-Jul-2026;eng-010;136;2026-01-06 16:00:00;642.0000;1589.8500;1405.0200;554.4000;2388.0800;9067.5900;47.2900;521.7300;2388.0400;8147.9100;8.4223;393.0000;1.0000;0;WO532941;
03-Jul-2026;ENG-004;79;2026-01-04 07:00:00;642.8800;1592.3600;1406.7100;552.0800;2388.1100;9059.6600;47.4500;521.6500;2388.1500;8135.6800;8.4295;394.0000;0.8720;0;WO101658;
2026-07-03;ENG-041;111;2026-01-05 15:00:00;642.8200;1590.4600;1406.1000;552.8400;2388.1100;9041.6200;47.6700;521.5100;2388.1500;8120.1100;8.4750;393.0000;0.2400;1;WO269664;14,600.82
2026/07/03;eng-018;126;2026-01-06 06:00:00;642.4100;1592.5300;1411.9200;552.4300;2388.1700;9050.0800;47.6800;520.4300;2388.1300;8138.0500;8.4705;393.0000;0.2800;0;WO111458;1796.76
03-Jul-2026;  ENG-011 ;65;2026-01-03 17:00:00;642.7200;1588.2500;1407.1500;552.6100;2388.1100;9039.2500;47.5600;521.8200;2388.1700;8121.8900;8.3978;394.0000;0.9200;0;WO620635;2732.43
2026/07/03;ENG-081;160;2026-01-07 16:00:00;643.0500;1584.3100;1416.5000;553.4600;2388.0300;9077.2100;47.5600;521.5000;2388.1400;8149.8300;8.4271;392.0000;0.4880;0;WO577371;2523.71
03-Jul-2026;ENG-066;112;2026-01-05 16:00:00;643.8000;1590.0600;1411.7200;553.1200;2388.0800;9083.2200;47.5400;521.0400;2388.0800;8159.8900;8.4344;391.0000;0.3920;0;WO721554;2172.66
2026/07/03;ENG-054;121;2026-01-06 01:00:00;642.4300;1580.8900;1399.8400;555.0700;2388.0500;9064.4300;47.3400;522.2800;2387.9700;8143.6400;8.3926;392.0000;0.7760;0;WO321504;2681.18
03-Jul-2026;ENG-074;127;2026-01-06 07:00:00;642.1500;1584.3200;1412.4200;553.5200;2388.1100;9058.6100;47.5200;521.4900;2388.1100;8140.7200;8.4562;392.0000;1.0000;0;WO255600;2,390.29
2026-07-03;ENG-008;126;2026-01-06 06:00:00;642.6600;1590.3000;1413.2200;553.8300;2388.1700;9050.6300;47.3700;521.6500;2388.1000;8131.9400;8.3663;394.0000;1.0000;0;WO624956;613.80
03-Jul-2026;ENG-075;71;2026-01-03 23:00:00;642.7300;1589.4200;1401.1400;554.0000;2388.0500;9052.5700;47.2600;521.7600;2388.0600;8144.2300;8.4444;392.0000;1.0000;0;WO974224;1,666.10
2026/07/03;ENG-084;138;2026-01-06 18:00:00;642.3200;1586.2200;1413.9200;553.3200;2388.1100;9053.3700;47.5300;521.4000;2388.1000;8139.4000;8.4328;393.0000;0.7360;0;WO448625;794.90
03-Jul-2026;ENG-023;101;2026-01-05 05:00:00;641.8100;1585.9600;1400.1300;554.7300;2388.0700;9048.2800;47.2200;521.9500;2388.0300;8128.2300;8.3717;391.0000;1.0000;0;WO256415;1,645.44
2026-07-03;ENG-026;71;2026-01-03 23:00:00;642.7800;1584.3500;1404.6100;554.4700;2388.0500;9069.2400;47.2100;521.4500;2388.0200;8141.4400;8.4432;391.0000;;0;WO330154;
2026-07-03;  ENG-062 ;228;2026-01-10 12:00:00;642.7200;1599.1300;1410.1800;552.9900;2388.0100;9088.5400;47.5600;521.7100;2388.0800;8167.3600;8.4300;396.0000;0.4640;0;WO517480;2447.03
2026/07/03;eng-060;115;2026-01-05 19:00:00;642.3000;1585.1300;1405.0100;553.8400;2388.1100;9055.5200;47.4100;521.3300;2388.1200;8133.7000;8.4221;392.0000;1.0000;0;WO708504;993.93
2026-07-03;ENG-019;113;2026-01-05 17:00:00;642.8700;1589.5300;1400.9300;553.8600;2388.0700;9059.9200;47.3500;521.7000;2388.0700;8135.7000;8.3887;391.0000;;0;WO178974;1,473.58
2026/07/03;ENG-008;117;2026-01-05 21:00:00;642.5100;1583.0800;1405.5000;553.7900;2388.0900;9054.3300;47.6500;521.6600;2388.1200;8130.1800;8.4337;392.0000;1.0000;0;WO961702;119.70
03-Jul-2026;ENG-056;112;2026-01-05 16:00:00;643.7400;1594.9500;1415.8100;552.0700;2388.1800;9046.0400;47.9900;520.8500;2388.1600;8123.0400;8.4989;393.0000;0.3120;0;WO105693;1,746.58
2026/07/03;ENG-025;34;2026-01-02 10:00:00;642.1200;1594.2100;1402.1500;553.7700;2388.0800;9051.9400;47.1700;521.9400;2388.0600;8130.9000;8.4287;394.0000;1.0000;0;WO421564;1,284.53
2026/07/03;ENG-018;133;2026-01-06 13:00:00;643.0000;1600.4500;1419.1800;553.3600;2388.1400;9056.0900;47.7000;521.0600;2388.1900;8136.8000;8.4418;395.0000;0.2240;1;WO620015;6916.55
2026-07-03;ENG-017;145;2026-01-07 01:00:00;642.0000;1589.3600;1400.2800;553.7300;2388.0300;9085.7800;47.4100;522.0600;2388.0600;8157.9200;8.4307;393.0000;;0;WO823289;2,136.47
2026/07/03;eng-028;120;2026-01-06 00:00:00;642.1100;1591.3100;1393.6600;553.6900;2388.0600;9056.1100;47.4700;521.6500;2388.0700;8135.6000;8.4104;393.0000;1.0000;0;WO222757;1,604.03
2026/07/03;ENG-059;94;2026-01-04 22:00:00;642.1800;1584.2400;1401.2100;553.7200;2388.0000;9055.0000;47.0800;521.7800;2388.0500;8140.3900;8.4267;390.0000;0.9120;0;WO643613;1710.66
03-Jul-2026;ENG-005;95;2026-01-04 23:00:00;642.9000;1589.9700;1408.7800;552.5300;2388.1000;9047.8300;47.6600;520.7400;2388.1500;8129.6100;8.4390;393.0000;0.7520;0;WO514008;
03-Jul-2026;ENG-011;75;2026-01-04 03:00:00;643.0600;1583.6000;1410.6100;553.1500;2388.1800;9041.9600;47.6100;521.3800;2388.1500;8117.1900;8.4896;394.0000;0.8400;0;WO955371;189.44
03-Jul-2026;eng-029;131;2026-01-06 11:00:00;642.8500;1589.0000;1403.3300;554.3500;2388.0500;9059.8500;47.3900;522.1200;2388.0700;8143.4800;8.4241;393.0000;1.0000;0;WO172906;2857.49
2026-07-03;ENG-057;155;2026-01-07 11:00:00;642.8300;1589.8800;1411.0400;553.5300;2388.0900;9053.7300;47.6000;521.7700;2388.1400;8126.0400;8.4672;395.0000;0.8640;0;WO383725;211.99
03-Jul-2026;ENG-082;150;2026-01-07 06:00:00;643.2200;1590.6700;1421.3600;552.4400;2388.2200;9056.5300;47.8400;520.6900;2388.2000;8131.7000;8.4744;393.0000;0.1680;1;WO446003;9706.24
2026/07/03;ENG-009;44;2026-01-02 20:00:00;642.6800;1590.0100;1410.8800;552.9500;2388.0700;9052.8200;47.6800;521.1300;2388.1500;8126.9300;8.4101;392.0000;0.9760;0;WO359167;2,705.21
2026/07/03;ENG-053;153;2026-01-07 09:00:00;642.7900;1593.9000;1410.7200;553.1400;2388.0800;9100.6700;47.4900;521.5800;2388.0600;8165.9500;8.4634;392.0000;0.2960;0;WO931250;896.15
2026/07/03;ENG-043;155;2026-01-07 11:00:00;642.6700;1582.2800;1408.9400;553.5400;2388.1500;9046.6300;47.3400;521.1700;2388.1400;8134.6700;8.4698;393.0000;0.6080;0;WO688872;
03-Jul-2026;  ENG-051 ;110;2026-01-05 14:00:00;642.5600;1584.5700;1402.0700;554.0200;2388.1400;9055.8400;47.4300;521.6700;2388.0900;8131.7200;8.4390;391.0000;1.0000;0;WO156864;2,245.16
2026-07-03;ENG-082;157;2026-01-07 13:00:00;643.0300;1598.6300;1422.4300;551.8700;2388.1800;9049.2200;47.9300;520.3600;2388.2100;8129.5000;8.4814;396.0000;0.1120;1;WO634182;15890.12
03-Jul-2026;ENG-052;137;2026-01-06 17:00:00;642.2100;1590.7000;1399.1300;553.1000;2388.0700;9066.0200;47.3900;522.0300;2388.0000;8150.7600;8.4285;392.0000;0.6480;0;WO870629;2338.87
2026/07/03;ENG-072;104;2026-01-05 08:00:00;642.6500;1594.7900;1401.9100;553.9700;2388.0700;9060.5200;47.6200;521.3200;2388.0600;8142.5300;8.4529;393.0000;0.6160;0;WO315335;2,513.59
03-Jul-2026;  ENG-079 ;93;2026-01-04 21:00:00;642.6700;1592.2400;1406.7200;554.2700;2388.0900;9041.8000;47.5300;521.5700;2388.1400;8124.2600;8.4132;392.0000;0.5680;0;WO216331;1175.62
2026-07-03;eng-058;129;2026-01-06 09:00:00;642.5600;1579.4700;1402.3400;553.8600;2388.1300;9045.8300;47.5100;521.1900;2388.1000;8131.4500;8.4679;393.0000;;0;WO257831;2747.12
03-Jul-2026;ENG-009;40;2026-01-02 16:00:00;642.8500;1592.2200;1404.7900;553.2200;2388.0800;9049.5100;47.4300;521.0900;2388.1100;8129.3200;8.4503;394.0000;1.0000;0;WO485460;2679.86
03-Jul-2026;ENG-017;123;2026-01-06 03:00:00;642.8800;1586.6800;1403.3100;553.9700;2388.0700;9073.7700;47.3600;521.9000;2388.0000;8159.3500;8.4012;392.0000;0.7360;0;WO154006;1,855.80
2026/07/03;ENG-095;78;2026-01-04 06:00:00;643.3200;1587.1400;1411.5100;553.7200;2388.1100;9048.9500;47.3300;521.6100;2388.0500;8128.6100;8.4077;392.0000;;0;WO219857;1,724.48
2026/07/03;eng-020;128;2026-01-06 08:00:00;642.9100;1590.8700;1406.2500;553.4700;2388.1200;9065.3300;47.6600;521.1500;2388.0900;8148.0200;8.4268;394.0000;0.5760;0;WO788532;
2026-07-03;ENG-034;202;2026-01-09 10:00:00;643.5700;1601.7200;1426.9800;551.4300;2388.2400;9043.0800;48.1100;519.9300;2388.2400;8124.0000;8.4705;394.0000;0.0640;1;WO793837;11,242.22
03-Jul-2026;ENG-021;111;2026-01-05 15:00:00;642.0000;1584.5200;1401.7100;553.6300;2388.0100;9064.7800;47.2500;521.9600;2387.9900;8145.8400;8.4513;392.0000;0.7520;0;WO244724;1374.38
03-Jul-2026;ENG-023;112;2026-01-05 16:00:00;642.2400;1579.3000;1408.2400;554.9200;2388.0100;9055.6900;47.1600;521.5700;2388.0700;8136.1400;8.4224;391.0000;1.0000;0;WO347981;1,510.65
03-Jul-2026;ENG-059;89;2026-01-04 17:00:00;642.6700;1580.4400;1395.1600;553.9300;2388.0300;9056.6400;47.4500;521.6600;2388.0700;8139.2200;8.4201;394.0000;0.9520;0;WO474668;1,251.75
2026-07-03;ENG-006;94;2026-01-04 22:00:00;642.4100;1594.8300;1408.5000;552.8000;2388.0800;9053.1600;47.3700;521.7200;2388.0900;8132.8300;8.4583;391.0000;0.8320;0;WO429052;1164.83
2026-07-03;  ENG-068 ;181;2026-01-08 13:00:00;643.5900;1601.6900;1421.8900;551.8300;2388.1700;9082.1300;47.9300;520.2800;2388.1500;8151.2200;8.5100;395.0000;0.1120;1;WO650540;8309.74
2026/07/03;ENG-068;173;2026-01-08 05:00:00;643.3600;1593.8400;1419.0600;552.3500;2388.2000;9086.9900;47.8400;519.7800;2388.1700;8145.9000;8.4836;394.0000;0.1760;1;WO589004;22578.23
2026-07-03;  ENG-097 ;115;2026-01-05 19:00:00;642.5800;1584.2100;1405.6000;553.9100;2388.0600;9074.5700;47.4600;521.8500;2388.0300;8147.0500;8.3845;392.0000;0.8080;0;WO738558;1451.70
03-Jul-2026;ENG-084;131;2026-01-06 11:00:00;642.0800;1591.0200;1410.0900;553.1000;2388.1000;9052.4900;47.4000;521.3900;2388.1400;8138.3900;8.4047;394.0000;0.7920;0;WO404681;1658.92
2026/07/03;ENG-073;91;2026-01-04 19:00:00;642.9600;1578.0200;1397.6100;554.2100;2388.0100;9047.2100;47.2300;522.0600;2388.0400;8135.4600;8.3847;392.0000;1.0000;0;WO744706;968.09
03-Jul-2026;ENG-018;90;2026-01-04 18:00:00;642.3000;1579.8200;1404.7800;554.0200;2388.0900;9061.3600;47.3900;522.2200;2388.0200;8149.0300;8.4295;391.0000;0.5680;0;WO947943;152.62
2026-07-03;ENG-055;108;2026-01-05 12:00:00;642.2300;1590.4700;1397.9100;553.8500;2388.0900;9048.6600;47.2700;522.4800;2388.0400;8141.2000;8.4189;392.0000;1.0000;0;WO478213;2722.82
2026/07/03;ENG-012;156;2026-01-07 12:00:00;642.6500;1581.9900;1405.3500;554.9800;2388.0600;9067.2000;47.1500;522.6600;2388.0400;8144.9600;8.4357;393.0000;1.0000;0;WO834159;1381.75
03-Jul-2026;ENG-060;113;2026-01-05 17:00:00;642.5400;1592.1100;1406.8300;554.1600;2388.1000;9050.6400;47.5800;521.1100;2388.0600;8136.3200;8.4265;393.0000;1.0000;0;WO358293;2,198.02
03-Jul-2026;ENG-062;194;2026-01-09 02:00:00;642.4500;1587.7100;1410.0700;554.4500;2388.0200;9068.7900;47.3100;521.8600;2388.0500;8153.5500;8.4159;393.0000;0.7360;0;WO478567;954.27
2026-07-03;ENG-022;33;2026-01-02 09:00:00;642.6800;1591.2700;1413.3000;553.4900;2388.1100;9043.2100;47.5300;521.0900;2388.0800;8136.6100;8.4092;393.0000;0.9360;0;WO414214;2,612.95
03-Jul-2026;ENG-043;124;2026-01-06 04:00:00;642.4600;1592.2600;1408.5500;553.1600;2388.0400;9050.1200;47.5500;521.9900;2388.1200;8133.7700;8.4517;392.0000;0.8560;0;WO292559;258.64
2026-07-03;ENG-070;121;2026-01-06 01:00:00;642.5100;1588.0400;1403.4800;552.7400;2388.0800;9059.8200;47.5700;521.6600;2388.1200;8125.4300;8.4306;391.0000;1.0000;0;WO847995;179.19
2026-07-03;eng-036;110;2026-01-05 14:00:00;643.5700;1598.3400;1422.0500;553.0300;2388.2100;9065.7300;47.7900;520.3400;2388.1500;8140.5800;8.4854;395.0000;0.2800;0;WO815808;
2026-07-03;eng-093;204;2026-01-09 12:00:00;643.2800;1594.8700;1414.5400;553.2900;2388.2200;9067.1000;47.6800;521.3500;2388.1200;8147.7000;8.4480;395.0000;1.0000;0;WO149761;2349.50
03-Jul-2026;ENG-030;108;2026-01-05 12:00:00;643.0200;1587.5800;1407.8400;552.6800;2388.1100;9050.7700;47.6100;521.8600;2388.1200;8133.4700;8.4536;393.0000;1.0000;0;WO223284;1,183.98
2026-07-03;ENG-016;105;2026-01-05 09:00:00;642.4300;1585.0300;1399.3600;553.9100;2388.0300;9059.0400;47.3800;522.0800;2388.0800;8143.3500;8.4120;392.0000;0.7360;0;WO244112;2,073.76
2026-07-03;ENG-045;104;2026-01-05 08:00:00;642.7200;1587.4600;1410.6300;552.9400;2388.0800;9062.4100;47.7100;521.3700;2388.1200;8140.3800;8.4177;393.0000;1.0000;0;WO371446;2,577.18
2026/07/03;ENG-064;159;2026-01-07 15:00:00;642.9400;1600.3000;1411.6100;552.7500;2388.1400;9057.2800;47.9300;520.9100;2388.1700;8130.2500;8.5062;394.0000;0.2960;0;WO626306;2555.25
2026/07/03;eng-021;115;2026-01-05 19:00:00;642.0800;1584.2300;1392.8800;554.2800;2387.9800;9068.7600;47.1700;521.9100;2388.0200;8148.2200;8.3914;392.0000;0.7200;0;WO166106;633.40
03-Jul-2026;  ENG-048 ;71;2026-01-03 23:00:00;642.9300;1585.8000;1402.3200;553.7900;2388.0800;9055.4700;47.4100;521.3000;2388.0900;8136.8200;8.4382;394.0000;0.7920;0;WO896892;2,366.93
2026/07/03;ENG-074;107;2026-01-05 11:00:00;642.3400;1586.5000;1408.4900;553.4700;2388.1000;9055.3600;47.7500;521.3300;2388.0800;8141.5900;8.4408;395.0000;1.0000;0;WO899629;1,906.34
2026/07/03;ENG-023;114;2026-01-05 18:00:00;642.5100;1588.4300;1398.2700;553.9200;2387.9900;9052.7200;47.3100;522.1900;2388.0500;8135.5600;8.4167;392.0000;1.0000;0;WO782132;407.28
2026-07-03;ENG-062;199;2026-01-09 07:00:00;642.7300;1589.3900;1411.1700;553.8900;2388.0400;9070.1100;47.5400;521.6900;2388.0400;8155.6800;8.4156;392.0000;0.6960;0;WO980847;1315.59
2026/07/03;ENG-024;172;2026-01-08 04:00:00;642.7200;1595.0600;1417.4800;553.2900;2388.0300;9130.0800;47.6400;521.8000;2388.0600;8191.5200;8.4643;393.0000;0.2720;0;WO497715;1571.21
03-Jul-2026;ENG-021;104;2026-01-05 08:00:00;642.7000;1579.4100;1399.1000;554.1100;2388.0100;9054.8200;47.1900;522.1000;2388.0600;8139.7700;8.4183;392.0000;0.8080;0;WO661928;567.41
2026/07/03;ENG-003;108;2026-01-05 12:00:00;643.0600;1593.7200;1411.8600;553.0600;2388.1100;9055.5100;47.5900;521.4800;2388.1300;8128.8400;8.4509;393.0000;0.6960;0;WO490544;892.56
03-Jul-2026;eng-091;180;2026-01-08 12:00:00;642.8800;1592.9200;1409.1600;552.5500;2388.2200;9061.6900;47.7400;521.0900;2388.1800;8119.8900;8.5043;394.0000;0.7360;0;WO885246;852.02
03-Jul-2026;ENG-025;45;2026-01-02 21:00:00;642.6400;1589.9400;1401.2000;553.3800;2388.1000;9048.7900;47.2900;521.3400;2388.1000;8135.0800;8.3908;392.0000;1.0000;0;WO834677;135.40
2026/07/03;ENG-100;136;2026-01-06 16:00:00;641.9800;1584.2900;1403.9100;554.3700;2388.0100;9072.9500;47.4700;521.9100;2388.0300;8154.2000;8.3951;393.0000;0.6560;0;WO255476;2,264.14
03-Jul-2026;  ENG-008 ;125;2026-01-06 05:00:00;643.1000;1586.9700;1411.4300;553.2100;2388.1400;9051.5300;47.2900;521.4100;2388.0900;8128.0600;8.4492;392.0000;1.0000;0;WO253499;1,138.85
2026-07-03;ENG-049;254;2026-01-11 14:00:00;642.6500;1587.1100;1410.0800;552.9700;2388.1500;9054.0500;47.6600;521.3500;2388.1300;8133.3700;8.4546;394.0000;0.5600;0;WO710537;1,002.63
2026/07/03;ENG-042;151;2026-01-07 07:00:00;643.3400;1594.7600;1417.1600;551.9800;2388.2100;9032.0500;47.8800;520.3700;2388.3200;8112.6400;8.5108;395.0000;0.1200;1;WO708752;23,302.69
2026-07-03;ENG-048;76;2026-01-04 04:00:00;642.6000;1590.3100;1408.3200;553.2600;2388.0700;9058.3100;47.6400;521.5500;2388.0400;8136.9600;8.4210;392.0000;;0;WO307404;1186.99
2026-07-03;ENG-014;32;2026-01-02 08:00:00;642.4900;1587.2200;1410.6200;553.5900;2388.2000;9042.6900;47.6300;521.0800;2388.1700;8122.3400;8.4453;392.0000;0.9680;0;WO705849;166.34
2026/07/03;  ENG-017 ;131;2026-01-06 11:00:00;642.7000;1592.2500;1406.4500;553.6500;2388.0600;9080.1800;47.4000;522.1700;2388.1000;8160.1900;8.4413;393.0000;0.6720;0;WO226553;2,601.80
2026-07-03;eng-031;137;2026-01-06 17:00:00;642.7000;1590.2400;1413.0500;553.4200;2388.0600;9072.2700;47.4100;520.2700;2388.0300;8153.1300;8.4526;393.0000;0.5360;0;WO200110;2545.54
2026-07-03;ENG-025;33;2026-01-02 09:00:00;641.7100;1587.5800;1398.3000;553.9600;2388.0600;9051.1200;47.3600;521.7900;2388.0400;8127.4600;8.4316;393.0000;1.0000;0;WO593715;2649.32
2026/07/03;ENG-003;90;2026-01-04 18:00:00;642.5700;1585.4200;1408.6400;553.0300;2388.1700;9047.1900;47.5600;521.3600;2388.1000;8136.1900;8.5043;393.0000;0.8400;0;WO703003;283.15
2026-07-03;  ENG-027 ;100;2026-01-05 04:00:00;641.9700;1580.1800;1400.1300;554.7500;2388.0500;9052.7500;47.3000;521.7900;2388.0600;8134.2200;8.4339;393.0000;0.8480;0;WO224029;140.56
2026-07-03;  ENG-049 ;263;2026-01-11 23:00:00;643.4700;1600.5600;1421.8300;552.8600;2388.1600;9056.7700;47.5200;521.4700;2388.1300;8134.6800;8.4698;396.0000;0.4880;0;WO760621;2382.95
03-Jul-2026;ENG-060;135;2026-01-06 15:00:00;642.7100;1586.7000;1405.3000;552.4900;2388.1000;9048.1000;47.5300;521.1900;2388.1000;8133.8200;8.4619;392.0000;0.8960;0;WO253232;2,415.20
03-Jul-2026;ENG-042;123;2026-01-06 03:00:00;642.9400;1590.0900;1409.6000;553.6000;2388.1200;9038.0900;47.7100;521.4300;2388.1200;8129.8500;8.4322;392.0000;0.3440;0;WO254472;2,549.77
2026-07-03;ENG-069;52;2026-01-03 04:00:00;641.5700;1593.9200;1405.6600;552.9700;2388.0600;9045.5800;47.4400;521.8200;2388.1300;8130.9900;8.4443;392.0000;0.9840;0;WO261495;856.69
2026/07/03;  ENG-028 ;115;2026-01-05 19:00:00;642.3300;1592.2000;1406.6600;553.8300;2388.1200;9047.8800;47.5600;521.3800;2388.0700;8129.5300;8.4392;392.0000;1.0000;0;WO968609;160.04
2026-07-03;ENG-035;189;2026-01-08 21:00:00;642.9900;1596.8700;1422.4800;552.4800;2388.2100;9074.1600;47.9700;520.3400;2388.1600;8155.4800;8.5176;394.0000;0.1600;1;WO580905;14,848.42
2026/07/03;ENG-038;103;2026-01-05 07:00:00;643.0500;1585.8600;1413.4100;552.8900;2388.1700;9066.5400;47.7000;521.5100;2388.1400;8147.8800;8.4735;394.0000;;0;WO853886;2851.24
03-Jul-2026;ENG-036;93;2026-01-04 21:00:00;643.2400;1599.1800;1414.8000;552.8400;2388.1800;9063.0100;47.6400;521.1000;2388.1600;8138.8200;8.4671;395.0000;0.4160;0;WO796977;
03-Jul-2026;eng-034;146;2026-01-07 02:00:00;643.1400;1590.6300;1407.8600;553.3700;2388.0400;9060.6300;47.3600;521.8800;2388.1100;8137.5700;8.4546;394.0000;0.5120;0;WO621857;1152.76
2026/07/03;ENG-031;193;2026-01-09 01:00:00;643.7200;1597.0900;1429.8900;551.5300;2388.2000;9085.7900;48.0200;519.8300;2388.2000;8157.2100;8.4807;396.0000;0.0880;1;WO136600;3416.03
2026/07/03;ENG-089;166;2026-01-07 22:00:00;642.6200;1591.0400;1410.2400;553.1800;2388.0900;9060.0300;47.5700;521.3300;2388.0800;8124.4200;8.4405;394.0000;1.0000;0;WO845793;737.25
03-Jul-2026;ENG-056;103;2026-01-05 07:00:00;643.3200;1594.9800;1402.1200;552.1400;2388.1900;9050.5400;47.8300;520.6600;2388.1900;8124.4200;8.4712;394.0000;0.3840;0;WO925063;1,548.93
2026/07/03;ENG-032;134;2026-01-06 14:00:00;641.9400;1591.8600;1405.0800;553.5200;2388.0100;9079.9700;47.4400;521.6600;2388.0000;8169.0500;8.4227;393.0000;0.4720;0;WO862620;813.13
2026/07/03;ENG-085;32;2026-01-02 08:00:00;642.9900;1597.0900;1401.7600;552.8900;2388.0900;9051.3000;47.4600;521.1000;2388.0900;8130.7300;8.4172;391.0000;0.9600;0;WO209323;505.72
2026/07/03;eng-064;126;2026-01-06 06:00:00;642.7000;1593.7600;1408.0900;553.1800;2388.0700;9055.4000;47.4600;521.5900;2388.1400;8140.7000;8.4039;395.0000;0.5600;0;WO167717;944.87
2026-07-03;ENG-004;92;2026-01-04 20:00:00;642.5600;1591.0300;1403.3300;553.5600;2388.1200;9046.9600;47.4700;521.1800;2388.0500;8132.3100;8.4910;394.0000;0.7680;0;WO657051;740.60
03-Jul-2026;ENG-092;123;2026-01-06 03:00:00;643.1000;1590.6700;1417.1500;552.6000;2388.2000;9035.3300;47.9400;520.8400;2388.1900;8120.1300;8.4936;394.0000;0.3760;0;WO958009;2540.98
2026-07-03;ENG-004;100;2026-01-05 04:00:00;642.8500;1592.0500;1410.1400;552.8600;2388.1500;9061.9500;47.5800;521.4400;2388.1200;8131.1900;8.4539;392.0000;0.7040;0;WO628952;
03-Jul-2026;ENG-024;154;2026-01-07 10:00:00;642.9600;1589.1000;1407.1800;553.4800;2388.0500;9099.4400;47.3900;521.9400;2388.0800;8174.3600;8.4370;394.0000;0.4160;0;WO561359;2216.90
2026/07/03;ENG-058;149;2026-01-07 05:00:00;642.8800;1590.8500;1409.6800;553.2100;2388.1300;9053.0400;47.7300;521.3500;2388.1800;8135.8200;8.4466;393.0000;0.5120;0;WO857767;420.80
2026/07/03;  ENG-006 ;98;2026-01-05 02:00:00;642.7000;1593.1100;1405.7000;553.3800;2388.1300;9052.5200;47.5000;521.1900;2388.1300;8132.0600;8.4475;394.0000;0.8000;0;WO723830;1598.86
2026-07-03;ENG-010;145;2026-01-07 01:00:00;642.5100;1581.1400;1406.3700;554.5400;2388.0500;9058.4200;47.3000;522.1100;2388.0100;8140.5100;8.4272;392.0000;;0;WO764410;162.67
2026/07/03;ENG-092;118;2026-01-05 22:00:00;642.8500;1599.5900;1421.8500;552.9800;2388.1600;9046.0800;47.8000;521.1000;2388.2000;8121.6600;8.4569;393.0000;0.4160;0;WO101117;1347.25
03-Jul-2026;  ENG-100 ;181;2026-01-08 13:00:00;642.9400;1586.0900;1408.9500;553.9000;2388.0200;9123.8200;47.5300;521.9300;2388.0300;8193.0300;8.4124;393.0000;0.2960;0;WO994657;866.28
2026/07/03;ENG-058;139;2026-01-06 19:00:00;642.7600;1590.4200;1411.1800;553.4100;2388.1200;9048.9100;47.5400;521.2100;2388.1100;8132.6300;8.4255;392.0000;0.5920;0;WO422166;929.30
2026/07/03;ENG-016;92;2026-01-04 20:00:00;642.1500;1584.9400;1398.8500;554.5400;2388.0300;9056.0100;47.2300;522.2400;2388.0700;8137.8500;8.4077;393.0000;0.8400;0;WO754776;733.14
03-Jul-2026;ENG-094;90;2026-01-04 18:00:00;642.2000;1592.6600;1405.3100;553.0900;2388.1300;9060.3000;47.5700;521.4300;2388.1100;8144.2300;8.4460;393.0000;0.7840;0;WO548583;
03-Jul-2026;ENG-023;126;2026-01-06 06:00:00;642.5400;1578.9000;1399.8500;553.8500;2388.0000;9056.5300;47.3400;522.3100;2388.0200;8131.1200;8.3655;391.0000;0.9360;0;WO159435;1,303.25
2026/07/03;eng-037;82;2026-01-04 10:00:00;642.6000;1585.6000;1406.3700;553.1100;2388.1000;9056.7600;47.3800;521.6200;2388.1000;8128.4400;8.4433;393.0000;0.4800;0;WO278393;1097.16
03-Jul-2026;ENG-029;168;2026-01-08 00:00:00;642.2200;1594.7900;1412.6800;553.6800;2388.0600;9073.0800;47.2900;521.6700;2388.1100;8151.5300;8.4331;394.0000;0.7440;0;WO242509;159.55
2026-07-03;ENG-017;146;2026-01-07 02:00:00;642.2300;1589.5200;1409.4100;553.0000;2388.0400;9078.9800;47.5000;521.8400;2388.0000;8162.4900;8.4607;395.0000;0.5520;0;WO380465;2587.38
2026-07-03;  ENG-063 ;136;2026-01-06 16:00:00;642.8500;1588.7600;1415.2300;552.9600;2388.1600;9048.6600;47.7600;521.1500;2388.1600;8128.6400;8.4592;395.0000;;0;WO746470;61.19
03-Jul-2026;ENG-085;33;2026-01-02 09:00:00;642.7500;1588.3300;1405.6400;553.1800;2388.1300;9049.9600;47.4500;521.4000;2388.1400;8129.6800;8.4336;393.0000;0.9520;0;WO192266;2691.37
2026/07/03;  ENG-020 ;146;2026-01-07 02:00:00;642.3700;1591.6600;1405.5300;553.4100;2388.1100;9060.4100;47.5000;521.3400;2388.1300;8144.0300;8.4258;392.0000;0.4320;0;WO465602;851.07
2026-07-03;ENG-020;170;2026-01-08 02:00:00;643.1600;1599.3300;1418.7200;552.5500;2388.0900;9071.9200;47.8200;520.5400;2388.1400;8144.7400;8.5027;394.0000;0.2400;1;WO364830;22,943.61
2026-07-03;ENG-070;107;2026-01-05 11:00:00;642.6700;1592.0100;1407.9200;553.3900;2388.0700;9047.9800;47.4000;521.6000;2388.1000;8131.9800;8.4104;395.0000;1.0000;0;WO297126;292.67
03-Jul-2026;  ENG-041 ;90;2026-01-04 18:00:00;642.3300;1578.5300;1409.4000;553.8700;2388.0700;9051.6200;47.4700;521.4700;2388.1300;8129.3200;8.4584;393.0000;0.4080;0;WO587276;1561.07
2026-07-03;ENG-017;148;2026-01-07 04:00:00;642.8800;1592.3700;1411.2600;553.4100;2388.0200;9083.4000;47.4400;521.3000;2388.0700;8161.2100;8.4307;393.0000;0.5360;0;WO979899;744.42
2026/07/03;eng-007;115;2026-01-05 19:00:00;642.3300;1584.5400;1402.0300;553.5300;2388.1100;9060.5300;47.3800;522.4200;2388.0200;8136.2300;8.3949;390.0000;1.0000;0;WO887857;897.75
03-Jul-2026;  ENG-042 ;137;2026-01-06 17:00:00;642.5800;1591.0700;1412.2800;553.1900;2388.1700;9039.9800;47.6700;520.8300;2388.1500;8121.9400;8.4572;394.0000;0.2320;1;WO880880;9755.76
2026/07/03;ENG-061;153;2026-01-07 09:00:00;643.3500;1594.0700;1412.0100;552.7400;2388.1300;9068.4000;47.7000;520.8200;2388.1400;8141.5600;8.4714;394.0000;0.2160;1;WO549076;20031.49
03-Jul-2026;ENG-094;91;2026-01-04 19:00:00;642.9900;1590.5500;1411.7100;553.4500;2388.1500;9051.4000;47.4800;522.0700;2388.0900;8138.3000;8.4350;392.0000;;0;WO667959;595.95
2026/07/03;ENG-082;120;2026-01-06 00:00:00;642.6500;1589.1900;1405.4400;553.9300;2388.1200;9059.9700;47.4900;521.3400;2388.1100;8141.1400;8.4568;393.0000;;0;WO257445;524.67
2026-07-03;ENG-025;42;2026-01-02 18:00:00;642.6900;1590.0400;1403.6400;554.1500;2388.1000;9052.4900;47.4000;521.9000;2388.0700;8131.2900;8.4687;392.0000;1.0000;0;WO778834;1187.71
2026-07-03;ENG-025;43;2026-01-02 19:00:00;641.7800;1582.6400;1402.6800;554.8200;2388.0500;9052.7500;47.3600;521.8500;2388.0500;8132.9000;8.4059;392.0000;1.0000;0;WO494015;
2026-07-03;eng-041;93;2026-01-04 21:00:00;641.6900;1586.0000;1404.0400;553.3400;2388.0900;9047.9600;47.2900;522.2700;2388.1400;8127.8000;8.4371;391.0000;0.3840;0;WO775069;
03-Jul-2026;ENG-093;216;2026-01-10 00:00:00;642.9500;1588.1200;1422.1700;553.2000;2388.1000;9075.1700;47.7400;520.8900;2388.1300;8147.6800;8.4770;394.0000;0.9040;0;WO527347;1,641.93
2026/07/03;ENG-095;85;2026-01-04 13:00:00;642.6000;1585.3100;1402.8400;553.9400;2388.0600;9046.2100;47.3800;522.0300;2388.0600;8136.1000;8.4353;393.0000;1.0000;0;WO622207;2,224.44
03-Jul-2026;ENG-043;117;2026-01-05 21:00:00;642.1900;1594.9500;1410.5300;554.1600;2388.0600;9054.2900;47.5700;521.4800;2388.1400;8134.3300;8.4186;395.0000;0.9120;0;WO484849;
2026/07/03;ENG-050;69;2026-01-03 21:00:00;642.5300;1590.4000;1411.0100;554.0400;2388.0700;9056.8800;47.2900;521.9400;2388.1000;8142.5400;8.4176;392.0000;0.6720;0;WO569659;2,569.47
03-Jul-2026;ENG-072;125;2026-01-06 05:00:00;642.7100;1595.9600;1407.3800;553.1200;2388.0800;9069.2000;47.6300;521.1600;2388.1000;8149.4200;8.4275;394.0000;0.4480;0;WO637331;416.46
03-Jul-2026;ENG-049;233;2026-01-10 17:00:00;642.9100;1587.2300;1400.1100;553.3500;2388.0700;9054.3000;47.5400;521.3100;2388.1000;8139.0000;8.4341;394.0000;0.7280;0;WO637914;1,576.33
03-Jul-2026;  ENG-091 ;162;2026-01-07 18:00:00;642.6900;1582.3900;1420.1700;553.6100;2388.1400;9050.4100;47.7000;520.8000;2388.1800;8125.3200;8.4716;394.0000;0.8800;0;WO979520;1,133.90
03-Jul-2026;ENG-038;117;2026-01-05 21:00:00;643.4900;1590.0900;1406.3500;553.0700;2388.1300;9071.1800;47.7200;521.3700;2388.0900;8152.9900;8.4472;396.0000;0.4640;0;WO651048;1206.21
03-Jul-2026;ENG-012;148;2026-01-07 04:00:00;642.1200;1587.4700;1395.5300;553.4100;2388.0800;9054.3600;47.3100;521.9500;2388.0400;8143.2400;8.4030;392.0000;1.0000;0;WO566214;1,114.06
03-Jul-2026;ENG-075;60;2026-01-03 12:00:00;642.6900;1590.3200;1403.4600;554.2800;2388.1000;9056.3000;47.3400;522.0800;2388.0200;8142.0700;8.3944;392.0000;1.0000;0;WO165381;565.32
2026/07/03;ENG-071;56;2026-01-03 08:00:00;642.8000;1585.0700;1405.0900;554.6200;2388.0400;9065.5800;47.2600;521.7900;2387.9600;8145.6600;8.3989;391.0000;1.0000;0;WO549930;1304.37
2026/07/03;  ENG-031 ;151;2026-01-07 07:00:00;642.7800;1586.2500;1406.7800;553.3200;2388.0800;9079.3000;47.5500;521.5400;2388.1300;8151.0200;8.4804;394.0000;0.4240;0;WO133930;508.66
2026/07/03;ENG-034;195;2026-01-09 03:00:00;643.2000;1592.8800;1421.4600;551.8200;2388.2400;9052.3800;47.8800;520.4100;2388.2300;8121.7700;8.5021;394.0000;0.1200;1;WO333743;15346.55
03-Jul-2026;  ENG-029 ;160;2026-01-07 16:00:00;642.5100;1591.8100;1403.1200;553.4000;2388.0600;9066.8300;47.4500;521.8200;2388.0400;8151.9600;8.4268;393.0000;;0;WO375612;1,542.84
2026-07-03;ENG-015;72;2026-01-04 00:00:00;642.6400;1591.5700;1398.2600;554.3600;2388.1000;9049.7600;47.5200;521.3600;2388.1100;8134.6700;8.4219;392.0000;0.6960;0;WO664577;2,704.15
2026-07-03;ENG-069;42;2026-01-02 18:00:00;642.4600;1594.0700;1400.4900;554.6700;2388.0700;9050.5000;47.5100;521.2600;2388.0600;8133.4300;8.4642;393.0000;;0;WO969008;1,185.48
2026/07/03;ENG-017;114;2026-01-05 18:00:00;642.5500;1590.0900;1400.4900;554.3700;2387.9800;9072.4200;47.2500;522.2200;2388.0100;8157.3200;8.3979;394.0000;0.8080;0;WO812986;1,499.43
2026-07-03;ENG-035;163;2026-01-07 19:00:00;643.4300;1595.2900;1417.2400;552.7100;2388.1600;9070.5000;48.0100;520.6500;2388.1800;8140.5100;8.4556;393.0000;0.3680;0;WO275207;
2026/07/03;ENG-081;207;2026-01-09 15:00:00;643.4600;1606.6200;1423.2800;552.1900;2388.1400;9073.1000;47.9500;520.1200;2388.2100;8146.7800;8.4964;395.0000;0.1120;1;WO420480;13657.61
2026-07-03;ENG-067;65;2026-01-03 17:00:00;642.3800;1595.0900;1403.6300;554.4700;2388.0300;9060.2100;47.4700;521.9500;2388.0500;8145.2000;8.4048;390.0000;0.6640;0;WO858365;2096.15
2026/07/03;ENG-094;117;2026-01-05 21:00:00;643.1900;1589.9600;1411.8200;552.7600;2388.1000;9057.0800;47.6200;520.6800;2388.1300;8135.4500;8.4552;395.0000;0.5680;0;WO387540;697.04
03-Jul-2026;ENG-092;106;2026-01-05 10:00:00;642.8100;1591.2500;1408.2400;552.6700;2388.1700;9046.5900;47.9000;520.8300;2388.1500;8132.1000;8.4696;394.0000;0.5120;0;WO171489;1125.69
2026-07-03;eng-019;120;2026-01-06 00:00:00;642.5100;1581.2400;1408.2500;553.8100;2388.0300;9056.2000;47.2400;521.3700;2388.0200;8142.7900;8.3935;392.0000;0.8160;0;WO618880;789.72
03-Jul-2026;ENG-029;140;2026-01-06 20:00:00;642.4900;1588.7000;1401.7800;554.3300;2388.0400;9075.5100;47.5200;522.1800;2388.0500;8143.9700;8.4415;392.0000;0.9680;0;WO902874;2,795.24
03-Jul-2026;ENG-049;260;2026-01-11 20:00:00;642.9600;1590.3100;1410.0600;552.7000;2388.1100;9059.8200;47.4400;520.7200;2388.1100;8138.5500;8.4385;394.0000;0.5120;0;WO404380;2363.63
2026/07/03;ENG-081;186;2026-01-08 18:00:00;642.9200;1602.0700;1413.9300;552.4900;2388.1300;9079.1900;47.6300;520.5100;2388.1100;8145.5000;8.4477;394.0000;0.2800;0;WO643842;2,691.47
2026-07-03;  ENG-030 ;111;2026-01-05 15:00:00;642.6900;1588.2900;1408.9700;552.9900;2388.1200;9045.1100;47.5900;520.7500;2388.1400;8129.7100;8.4610;393.0000;1.0000;0;WO813782;71.29
2026-07-03;  ENG-026 ;60;2026-01-03 12:00:00;642.1000;1588.1800;1405.3800;554.3400;2388.0000;9061.5400;47.1000;522.1900;2388.0100;8149.1300;8.4262;393.0000;1.0000;0;WO586501;2431.60
2026-07-03;ENG-076;191;2026-01-08 23:00:00;642.7700;1592.3500;1424.3300;551.7900;2388.1300;9103.7900;47.7300;520.5300;2388.1100;8168.7600;8.4638;395.0000;0.1920;1;WO527924;21,971.43
03-Jul-2026;ENG-055;97;2026-01-05 01:00:00;641.9900;1589.5900;1414.5700;553.2900;2388.0400;9062.0800;47.1800;521.7800;2388.0600;8136.4700;8.3887;394.0000;1.0000;0;WO677976;83.19
2026/07/03;ENG-024;183;2026-01-08 15:00:00;643.3600;1588.3400;1412.6000;553.6100;2388.1000;9145.7700;47.6400;521.7800;2388.0400;8214.3300;8.4718;394.0000;;1;WO780951;8643.60
2026-07-03;ENG-043;122;2026-01-06 02:00:00;643.2700;1580.9400;1402.8700;552.9400;2388.0900;9052.8000;47.4600;521.6100;2388.1000;8134.5900;8.4581;393.0000;0.8720;0;WO629144;2692.60
03-Jul-2026;ENG-038;107;2026-01-05 11:00:00;642.5500;1584.5100;1414.9100;553.1600;2388.1100;9064.8300;47.6300;521.0800;2388.0700;8144.3600;8.4395;393.0000;0.5440;0;WO760327;549.82
03-Jul-2026;ENG-058;132;2026-01-06 12:00:00;642.6100;1590.3200;1407.4100;553.8600;2388.1100;9042.4600;47.6400;520.9300;2388.1400;8129.1900;8.4432;393.0000;0.6480;0;WO612757;2365.44
03-Jul-2026;ENG-058;127;2026-01-06 07:00:00;642.6800;1595.2500;1406.7200;553.2300;2388.1200;9050.1600;47.4600;521.4200;2388.1000;8128.1100;8.4179;393.0000;;0;WO425956;2455.34
2026/07/03;ENG-036;107;2026-01-05 11:00:00;642.8400;1595.6300;1419.2600;553.0700;2388.1300;9060.5000;47.9300;520.6600;2388.1900;8136.7400;8.4709;394.0000;0.3040;0;WO289040;1709.97
2026/07/03;  ENG-059 ;65;2026-01-03 17:00:00;642.0600;1585.7400;1395.6000;554.6900;2388.0300;9051.1400;47.2400;521.9800;2388.0400;8140.1600;8.4487;390.0000;1.0000;0;WO837094;346.25
2026/07/03;eng-066;144;2026-01-07 00:00:00;643.2100;1601.7000;1420.9400;552.1200;2388.1200;9128.3200;48.0600;521.0300;2388.1200;8188.6300;8.5017;394.0000;0.1360;1;WO717854;22688.67
2026/07/03;  ENG-060 ;121;2026-01-06 01:00:00;643.1600;1589.0700;1413.5600;553.6100;2388.0900;9057.0000;47.6000;521.3400;2388.0600;8142.7300;8.4481;393.0000;1.0000;0;WO908409;622.78
03-Jul-2026;ENG-063;116;2026-01-05 20:00:00;642.8600;1588.1600;1410.0100;553.2100;2388.1000;9055.1900;47.4900;521.7400;2388.1200;8125.7200;8.4361;393.0000;0.8880;0;WO389425;
03-Jul-2026;ENG-025;36;2026-01-02 12:00:00;642.9800;1582.0900;1400.5500;554.0600;2388.0700;9052.5300;47.4300;522.3500;2388.0800;8130.3800;8.4016;393.0000;1.0000;0;WO436476;74.58
03-Jul-2026;  ENG-023 ;104;2026-01-05 08:00:00;642.6800;1583.6700;1402.2300;554.1600;2388.0400;9041.8000;47.3000;522.5100;2388.0100;8131.5100;8.4142;392.0000;1.0000;0;WO774182;1683.93
2026/07/03;ENG-023;99;2026-01-05 03:00:00;642.0300;1586.6800;1398.0300;554.9200;2388.0200;9051.4600;47.1600;522.1800;2388.0300;8138.2800;8.4449;393.0000;1.0000;0;WO899761;2,521.83
2026/07/03;ENG-057;142;2026-01-06 22:00:00;642.6100;1593.1700;1410.6800;553.2200;2388.1800;9049.0800;47.5600;520.9200;2388.1400;8131.4800;8.4392;394.0000;0.9680;0;WO738743;1981.91
2026-07-03;  ENG-100 ;141;2026-01-06 21:00:00;642.5900;1587.4000;1407.1700;554.4400;2388.0300;9077.6100;47.2500;521.7900;2388.0000;8158.2800;8.4322;392.0000;0.6160;0;WO647259;
2026/07/03;  ENG-029 ;133;2026-01-06 13:00:00;642.4100;1595.7200;1414.3700;553.4100;2388.1200;9064.8000;47.4500;521.7800;2388.0600;8141.0300;8.4382;393.0000;1.0000;0;WO429489;1210.61
2026/07/03;  ENG-055 ;95;2026-01-04 23:00:00;642.2100;1588.0100;1405.8600;554.7800;2388.0500;9058.1700;47.3400;522.0800;2388.1100;8143.2200;8.4275;392.0000;1.0000;0;WO276567;2,221.77
03-Jul-2026;  ENG-013 ;162;2026-01-07 18:00:00;642.4600;1592.4000;1407.5600;553.3800;2388.0200;9063.8100;47.3700;522.1400;2388.0300;8138.7400;8.4065;392.0000;1.0000;0;WO397536;618.92
03-Jul-2026;  ENG-012 ;200;2026-01-09 08:00:00;642.1100;1591.0900;1403.9600;553.5500;2388.0400;9065.2300;47.6000;522.0400;2388.1000;8146.1900;8.4043;392.0000;1.0000;0;WO175920;2704.35
2026/07/03;ENG-062;161;2026-01-07 17:00:00;642.4600;1582.0000;1400.5200;553.2300;2388.0300;9065.9100;47.3600;522.0800;2388.0400;8150.6400;8.3779;392.0000;;0;WO336299;2,704.99
2026-07-03;ENG-012;201;2026-01-09 09:00:00;641.9700;1582.2400;1401.6400;553.4900;2387.9900;9067.0200;47.2800;521.9300;2388.0900;8142.4300;8.4064;392.0000;1.0000;0;WO604183;2,592.61
2026-07-03;eng-018;104;2026-01-05 08:00:00;642.8000;1594.4900;1404.1500;554.0900;2388.0900;9058.6800;47.5400;522.0200;2388.0700;8140.4700;8.4254;392.0000;0.4560;0;WO793927;78.46
2026-07-03;ENG-035;188;2026-01-08 20:00:00;643.8600;1595.9400;1423.5100;552.1100;2388.2000;9077.4100;48.0600;520.3700;2388.1900;8148.7100;8.5182;395.0000;0.1680;1;WO548420;17,751.76
03-Jul-2026;ENG-016;106;2026-01-05 10:00:00;642.4500;1582.3700;1410.8500;554.1300;2388.0400;9061.5100;47.3100;522.5700;2388.0300;8138.6900;8.4352;394.0000;0.7280;0;WO554407;167.23
2026-07-03;ENG-003;111;2026-01-05 15:00:00;643.0200;1589.9900;1419.2100;552.8400;2388.1600;9049.3100;47.6800;520.9200;2388.1300;8130.5100;8.4788;393.0000;0.6720;0;WO222988;360.19
2026/07/03;ENG-071;55;2026-01-03 07:00:00;642.9200;1591.1000;1406.4300;555.0500;2388.0200;9075.4400;47.4200;521.9800;2387.9900;8144.7400;8.4077;391.0000;1.0000;0;WO861987;2,871.07
2026/07/03;ENG-036;92;2026-01-04 20:00:00;643.2800;1595.8500;1413.4700;552.9000;2388.1600;9070.6500;47.6100;520.7000;2388.1200;8139.9900;8.4619;394.0000;0.4240;0;WO530364;191.58
2026-07-03;ENG-052;167;2026-01-07 23:00:00;642.1600;1589.2700;1407.5000;553.3200;2388.0400;9082.5400;47.3800;520.8200;2388.0700;8165.4500;8.4040;394.0000;0.4080;0;WO956752;824.31
2026-07-03;ENG-012;189;2026-01-08 21:00:00;643.1500;1585.2400;1402.5300;553.8100;2388.0900;9067.3100;47.3500;521.7900;2387.9700;8143.9800;8.4346;392.0000;1.0000;0;WO578393;2727.54
2026/07/03;eng-008;160;2026-01-07 16:00:00;642.7200;1592.7700;1411.9900;552.7500;2388.1300;9054.5700;47.5000;521.0500;2388.1300;8134.9700;8.4726;394.0000;;0;WO499540;2363.08
2026/07/03;ENG-002;43;2026-01-02 19:00:00;642.8200;1588.4000;1405.0600;553.0100;2388.1100;9050.3200;47.5500;521.3100;2388.1500;8125.5600;8.4927;392.0000;0.8320;0;WO399861;2,270.87
2026/07/03;  ENG-015 ;67;2026-01-03 19:00:00;642.0600;1585.6100;1403.0200;554.3300;2388.0400;9061.3500;47.2500;522.0400;2388.0400;8136.8500;8.3714;393.0000;0.7360;0;WO547513;2759.21
03-Jul-2026;eng-031;181;2026-01-08 13:00:00;643.5600;1590.4100;1422.3900;552.5000;2388.1400;9082.7200;48.0300;520.8300;2388.1600;8154.6700;8.4948;394.0000;0.1840;1;WO396350;
03-Jul-2026;ENG-081;180;2026-01-08 12:00:00;642.9300;1599.1300;1412.1600;553.0300;2388.1400;9072.1100;47.8600;521.3200;2388.1300;8146.4900;8.4691;394.0000;0.3280;0;WO969478;
2026-07-03;ENG-062;195;2026-01-09 03:00:00;642.4300;1580.8300;1410.1400;554.1100;2388.0400;9070.5900;47.5100;521.9300;2388.0100;8152.3600;8.4215;392.0000;0.7280;0;WO560639;2984.09
2026/07/03;ENG-008;148;2026-01-07 04:00:00;642.4700;1591.5100;1398.9800;553.4300;2388.1600;9049.5500;47.5800;521.3500;2388.1000;8126.2600;8.4456;392.0000;0.9040;0;WO259868;2467.42
2026-07-03;ENG-058;146;2026-01-07 02:00:00;642.6400;1590.9900;1406.3400;553.3700;2388.1200;9050.9200;47.5600;520.7400;2388.1600;8130.7800;8.4372;394.0000;0.5360;0;WO239878;966.33
2026/07/03;ENG-094;104;2026-01-05 08:00:00;643.0000;1590.8400;1416.7500;552.8300;2388.1100;9055.0800;47.5900;520.8500;2388.1400;8131.2900;8.4853;394.0000;0.6720;0;WO331350;1,601.49
03-Jul-2026;ENG-047;68;2026-01-03 20:00:00;642.5200;1593.2800;1409.9900;553.2600;2388.1300;9042.4900;47.7000;522.2900;2388.1400;8123.3100;8.4311;393.0000;1.0000;0;WO871055;77.50
2026/07/03;ENG-013;187;2026-01-08 19:00:00;642.4800;1585.1300;1407.4600;553.4500;2388.0800;9064.8000;47.5200;521.7700;2388.0900;8138.7900;8.4072;393.0000;0.8240;0;WO166921;453.92
2026/07/03;ENG-072;121;2026-01-06 01:00:00;642.6900;1586.3200;1412.4600;553.2800;2388.0600;9070.5200;47.5900;521.6700;2388.0800;8141.2000;8.4272;395.0000;;0;WO282177;603.10
03-Jul-2026;ENG-008;142;2026-01-06 22:00:00;642.1200;1582.1700;1413.3300;554.1100;2388.1100;9050.9200;47.5000;520.8000;2388.1100;8131.8700;8.4047;393.0000;0.9520;0;WO728629;1568.49
03-Jul-2026;ENG-029;153;2026-01-07 09:00:00;642.1000;1586.9100;1406.9600;554.1200;2388.0300;9058.8900;47.3600;522.3800;2388.0200;8146.8800;8.4814;392.0000;0.8640;0;WO628042;1045.07
03-Jul-2026;ENG-006;78;2026-01-04 06:00:00;643.0600;1584.3800;1404.3100;553.5900;2388.0600;9054.0200;47.4200;521.9800;2388.1200;8136.4700;8.4452;393.0000;0.9600;0;WO635449;1636.85
03-Jul-2026;  ENG-035 ;135;2026-01-06 15:00:00;643.3800;1589.1500;1415.6700;552.6900;2388.1700;9057.9900;47.6800;520.7900;2388.1200;8134.2800;8.4390;393.0000;0.5920;0;WO104626;
2026/07/03;ENG-057;132;2026-01-06 12:00:00;643.3400;1589.4700;1411.0700;553.5800;2388.1200;9056.1400;47.5400;521.0700;2388.1500;8136.2200;8.4305;393.0000;;0;WO955700;528.91
2026/07/03;ENG-072;130;2026-01-06 10:00:00;643.0600;1594.2100;1413.5700;553.1300;2388.1200;9066.2600;47.5400;520.9400;2388.0900;8150.7500;8.4302;394.0000;0.4080;0;WO368866;219.10
03-Jul-2026;  ENG-046 ;100;2026-01-05 04:00:00;642.3100;1588.6600;1409.9100;553.5700;2388.0900;9069.9900;47.5000;521.2200;2388.0700;8152.0500;8.4355;394.0000;;0;WO965619;2636.37
03-Jul-2026;ENG-073;103;2026-01-05 07:00:00;641.9600;1586.3500;1400.5500;554.7100;2388.0200;9058.3600;47.3200;522.3000;2388.0300;8140.9400;8.4145;393.0000;1.0000;0;WO480037;2493.39
03-Jul-2026;ENG-066;130;2026-01-06 10:00:00;643.3000;1595.4000;1417.1000;553.2800;2388.1100;9100.1000;47.8200;521.0700;2388.1100;8171.3900;8.4370;397.0000;0.2480;0;WO605080;1837.70
2026-07-03;ENG-089;153;2026-01-07 09:00:00;642.3600;1589.7600;1406.9600;554.2100;2388.0500;9055.8600;47.4200;520.8400;2388.1300;8130.4700;8.4707;392.0000;1.0000;0;WO833313;1,743.71
03-Jul-2026;eng-050;51;2026-01-03 03:00:00;642.7800;1583.5700;1398.5900;553.6300;2388.0100;9062.3700;47.2900;521.9600;2388.0400;8146.1100;8.4256;392.0000;0.8160;0;WO958776;764.74
2026/07/03;ENG-081;172;2026-01-08 04:00:00;643.0900;1597.3300;1421.6000;552.9100;2388.0900;9071.2100;47.7400;521.2200;2388.1000;8146.0800;8.4346;395.0000;0.3920;0;WO705335;1,307.78
03-Jul-2026;ENG-057;115;2026-01-05 19:00:00;642.2800;1589.5500;1410.3500;553.2200;2388.0900;9054.1800;47.6100;521.3900;2388.1200;8129.0900;8.4078;393.0000;1.0000;0;WO610594;869.65
2026/07/03;eng-096;87;2026-01-04 15:00:00;642.6900;1589.3600;1394.0100;554.3700;2388.0300;9069.0400;47.2800;523.0400;2388.0400;8147.1300;8.4014;391.0000;1.0000;0;WO292390;1067.13
2026-07-03;ENG-098;98;2026-01-05 02:00:00;642.5400;1586.8900;1405.8400;553.7700;2388.1200;9060.9200;47.4800;521.4600;2388.1100;8147.0300;8.4262;395.0000;0.6560;0;WO208437;2917.60
2026-07-03;  ENG-036 ;99;2026-01-05 03:00:00;642.6400;1601.2600;1414.1900;552.9100;2388.1400;9064.7000;47.6000;521.0300;2388.0900;8132.8300;8.4771;396.0000;0.3680;0;WO506465;397.70
03-Jul-2026;ENG-096;71;2026-01-03 23:00:00;642.5100;1583.7700;1402.9900;553.8200;2387.9800;9064.3900;47.3400;522.1300;2388.0300;8147.9100;8.4063;391.0000;1.0000;0;WO156103;2,487.07
03-Jul-2026;eng-081;150;2026-01-07 06:00:00;642.3700;1597.3200;1408.4700;552.6000;2388.1000;9070.9000;47.4100;521.4200;2388.0700;8145.0400;8.4450;394.0000;0.5680;0;WO769754;1,570.97
2026-07-03;eng-056;135;2026-01-06 15:00:00;643.1400;1598.0200;1420.0800;552.2000;2388.2600;9053.0200;47.9800;519.8800;2388.2300;8117.8300;8.4911;395.0000;0.1280;1;WO265481;20,762.99
2026/07/03;ENG-081;159;2026-01-07 15:00:00;642.7000;1589.9200;1415.4200;552.5200;2388.0600;9072.3900;47.6400;521.3600;2388.0800;8144.5800;8.4196;394.0000;0.4960;0;WO247399;2335.20
2026-07-03;ENG-095;63;2026-01-03 15:00:00;642.1600;1579.4100;1409.3500;554.3800;2388.1000;9039.9000;47.3300;521.7900;2388.0400;8130.0900;8.4474;392.0000;1.0000;0;WO650140;
2026-07-03;ENG-077;115;2026-01-05 19:00:00;642.6100;1592.1600;1407.0700;553.5300;2388.2100;9049.0900;47.5200;521.4700;2388.1200;8131.4100;8.4397;393.0000;0.6480;0;WO426196;658.85
2026/07/03;eng-035;187;2026-01-08 19:00:00;643.2500;1595.0900;1421.2000;552.6200;2388.1900;9075.8000;48.1200;520.0500;2388.2200;8153.0200;8.5275;395.0000;0.1760;1;WO751154;4263.24
03-Jul-2026;ENG-100;134;2026-01-06 14:00:00;642.2900;1582.6900;1395.1200;554.0900;2388.0200;9071.4800;47.3600;521.6400;2388.0200;8155.4300;8.4327;390.0000;;0;WO599188;2,147.20
2026/07/03;ENG-026;54;2026-01-03 06:00:00;642.1600;1593.0200;1401.6000;553.4100;2388.0100;9071.5200;47.2000;521.9000;2388.0000;8146.4100;8.4381;391.0000;;0;WO529346;2491.55
2026-07-03;ENG-062;221;2026-01-10 05:00:00;641.8700;1591.2000;1413.2500;553.2500;2388.0100;9089.0600;47.4800;521.1600;2388.0600;8161.9300;8.4251;392.0000;0.5200;0;WO522878;1,356.15
2026/07/03;ENG-048;61;2026-01-03 13:00:00;642.5400;1586.0100;1405.0900;553.4900;2388.0900;9055.1600;47.4100;521.5700;2388.0900;8135.1600;8.4593;394.0000;0.8720;0;WO825050;541.82
2026/07/03;ENG-040;95;2026-01-04 23:00:00;642.4000;1585.5000;1419.0800;551.9900;2388.1200;9053.6500;47.7100;520.6300;2388.1000;8138.8500;8.4545;393.0000;;0;WO750037;2,721.95
03-Jul-2026;ENG-061;152;2026-01-07 08:00:00;642.9300;1598.1600;1416.4000;552.4400;2388.1500;9071.9900;47.7100;521.3800;2388.1600;8142.8100;8.4593;393.0000;0.2240;1;WO670089;19894.30
03-Jul-2026;eng-043;169;2026-01-08 01:00:00;643.7200;1593.0200;1413.1200;553.8200;2388.1600;9059.0700;47.6700;521.3600;2388.1300;8136.2200;8.4464;394.0000;0.4960;0;WO872934;127.74
2026-07-03;ENG-037;111;2026-01-05 15:00:00;643.0500;1589.9300;1412.6300;552.9100;2388.1500;9046.6800;47.6900;520.9000;2388.1700;8118.3200;8.4336;393.0000;0.2480;0;WO865636;1602.17
03-Jul-2026;ENG-082;136;2026-01-06 16:00:00;642.6400;1597.7500;1410.2200;552.9100;2388.1400;9060.1100;47.5500;520.8500;2388.1500;8137.2600;8.4793;393.0000;0.2800;0;WO931756;1240.26
2026/07/03;ENG-068;146;2026-01-07 02:00:00;643.3500;1592.6800;1408.1300;553.1000;2388.1600;9066.4100;47.5400;521.4900;2388.1400;8141.2100;8.4591;395.0000;;0;WO358324;601.34
2026/07/03;  ENG-007 ;141;2026-01-06 21:00:00;642.7500;1585.2300;1407.9300;554.1000;2388.1000;9069.2800;47.3900;522.3600;2388.0000;8148.4700;8.4582;391.0000;0.8800;0;WO334309;1190.66
2026/07/03;ENG-069;45;2026-01-02 21:00:00;642.4100;1587.2500;1397.4900;553.0800;2388.0700;9049.9700;47.5900;521.5900;2388.1000;8129.7700;8.4432;394.0000;1.0000;0;WO456654;1331.78
2026-07-03;  ENG-037 ;92;2026-01-04 20:00:00;642.1900;1588.6200;1405.0400;553.5600;2388.0600;9057.1000;47.5000;521.1200;2388.0500;8132.2700;8.4229;392.0000;0.4000;0;WO239082;1,424.58
03-Jul-2026;ENG-060;108;2026-01-05 12:00:00;642.2600;1587.2500;1406.8400;553.6100;2388.0900;9051.7000;47.5300;521.4100;2388.1200;8134.9300;8.4399;393.0000;1.0000;0;WO815926;2,176.68
03-Jul-2026;ENG-035;172;2026-01-08 04:00:00;643.4000;1595.9000;1416.5300;552.5400;2388.1200;9067.3500;48.0000;520.2400;2388.2200;8144.1400;8.4681;396.0000;0.2960;0;WO549636;2301.56
2026-07-03;  ENG-081 ;145;2026-01-07 01:00:00;641.9700;1588.1700;1405.7500;553.6600;2388.1500;9072.9000;47.5100;521.2200;2388.0900;8147.9900;8.3879;394.0000;0.6080;0;WO771508;2,282.60
2026-07-03;eng-013;191;2026-01-08 23:00:00;642.5500;1593.8500;1411.1900;553.6800;2388.0200;9062.0100;47.5000;522.1700;2388.0700;8149.6600;8.4115;393.0000;0.7920;0;WO526128;2,961.07
2026-07-03;ENG-089;123;2026-01-06 03:00:00;642.3700;1588.4300;1404.1600;553.1800;2388.1100;9041.2100;47.4800;521.2700;2388.1000;8128.8300;8.4502;393.0000;1.0000;0;WO644855;2810.03
03-Jul-2026;ENG-090;127;2026-01-06 07:00:00;643.0000;1590.3200;1411.9300;552.7600;2388.0500;9069.9600;47.6700;520.8100;2388.1600;8149.9700;8.4523;395.0000;0.3760;0;WO529595;
03-Jul-2026;ENG-049;223;2026-01-10 07:00:00;642.9100;1589.1100;1408.5500;554.0200;2388.0900;9060.3000;47.4700;522.1100;2388.1100;8140.3700;8.3998;393.0000;0.8080;0;WO862824;
2026-07-03;ENG-019;91;2026-01-04 19:00:00;642.0200;1583.8700;1400.7200;553.4000;2388.0800;9057.0800;46.9600;521.8100;2388.0800;8133.2100;8.4205;392.0000;1.0000;0;WO793129;1083.50
2026-07-03;ENG-062;179;2026-01-08 11:00:00;642.0600;1587.3100;1404.8700;553.1600;2388.0600;9071.0100;47.4000;522.2600;2388.0300;8148.5500;8.4120;392.0000;0.8560;0;WO584570;788.87
2026-07-03;eng-049;216;2026-01-10 00:00:00;642.9300;1582.4600;1408.5600;553.7900;2388.0000;9058.8800;47.4800;521.2400;2388.0100;8138.9000;8.4209;392.0000;0.8640;0;WO684809;470.00
03-Jul-2026;ENG-093;190;2026-01-08 22:00:00;642.7900;1592.4100;1408.9100;552.8700;2388.1200;9069.0800;47.6500;521.0800;2388.1500;8139.4500;8.4476;394.0000;1.0000;0;WO203950;2,365.67
03-Jul-2026;ENG-077;130;2026-01-06 10:00:00;642.3600;1591.7200;1409.9300;553.0900;2388.1100;9053.4600;47.4700;521.4300;2388.1500;8136.4700;8.4653;394.0000;0.5280;0;WO758998;1928.35
03-Jul-2026;ENG-043;163;2026-01-07 19:00:00;643.0100;1591.5400;1413.3700;552.9000;2388.1600;9053.1500;47.4700;521.2500;2388.1500;8137.7800;8.4236;392.0000;0.5440;0;WO749186;1,990.56
2026-07-03;ENG-016;94;2026-01-04 22:00:00;642.7700;1587.6800;1406.8400;553.7500;2388.0500;9055.9300;47.3800;521.7200;2388.0300;8147.0900;8.4198;393.0000;0.8240;0;WO625586;1168.27
2026/07/03;ENG-007;130;2026-01-06 10:00:00;642.2300;1581.9700;1403.1400;554.8600;2388.0100;9057.8300;47.4500;521.9200;2388.0900;8143.2900;8.4049;393.0000;0.9680;0;WO147877;1296.82
2026-07-03;eng-098;108;2026-01-05 12:00:00;642.3900;1590.2400;1413.2100;553.5100;2388.0900;9063.1800;47.5100;521.3900;2388.0700;8141.2800;8.4452;393.0000;0.5760;0;WO369504;144.94
2026-07-03;ENG-035;136;2026-01-06 16:00:00;642.7800;1594.2700;1415.3900;552.8000;2388.1700;9065.6400;47.7200;520.6700;2388.1200;8142.7400;8.4513;393.0000;0.5840;0;WO329367;588.11
03-Jul-2026;ENG-046;144;2026-01-07 00:00:00;643.3100;1589.4100;1413.0300;552.9300;2388.1200;9084.0200;47.7000;521.2400;2388.1000;8157.9400;8.4781;394.0000;0.3920;0;WO684040;1,775.65
03-Jul-2026;eng-017;154;2026-01-07 10:00:00;642.7600;1587.9900;1409.2900;553.4500;2388.0400;9093.6700;47.3900;521.5900;2388.0700;8164.5300;8.4343;392.0000;0.4880;0;WO637297;108.91
2026/07/03;ENG-077;155;2026-01-07 11:00:00;643.1500;1590.6200;1416.8900;552.8800;2388.2000;9053.1600;47.6800;520.5500;2388.2400;8130.5100;8.4561;393.0000;0.3280;0;WO569385;1488.69
2026-07-03;eng-091;160;2026-01-07 16:00:00;643.1500;1590.5100;1408.8600;553.1700;2388.1400;9044.0100;47.8400;520.9200;2388.1600;8124.9600;8.4702;393.0000;0.8960;0;WO332174;362.24
2026/07/03;eng-052;161;2026-01-07 17:00:00;642.5300;1595.7900;1403.3300;553.8300;2388.0100;9088.5500;47.3600;521.8700;2388.0100;8162.0800;8.4251;392.0000;0.4560;0;WO361877;850.41
2026/07/03;ENG-061;154;2026-01-07 10:00:00;643.1500;1598.3000;1420.1700;551.9800;2388.1900;9070.7300;47.6900;520.5200;2388.1100;8143.8800;8.4477;393.0000;0.2080;1;WO601079;12647.47
2026-07-03;  ENG-064 ;153;2026-01-07 09:00:00;642.8800;1595.6100;1411.8000;552.9100;2388.1000;9061.1500;47.5100;520.3300;2388.1700;8137.6600;8.4578;393.0000;0.3440;0;WO218725;2,535.82
2026/07/03;ENG-028;152;2026-01-07 08:00:00;642.2800;1593.5800;1416.6400;553.3400;2388.1300;9059.1200;47.6400;521.0700;2388.1500;8133.4400;8.4260;393.0000;0.8240;0;WO846486;2,331.43
2026/07/03;eng-012;150;2026-01-07 06:00:00;641.9500;1584.8600;1401.0000;553.8600;2387.9900;9057.6800;47.4900;522.0300;2388.0400;8145.1100;8.4070;392.0000;1.0000;0;WO870296;2,827.94
2026/07/03;ENG-016;99;2026-01-05 03:00:00;642.0100;1592.5600;1401.7700;553.6500;2388.0700;9053.0000;47.2200;521.6500;2388.0200;8142.0500;8.4156;392.0000;;0;WO128882;617.75
2026/07/03;ENG-024;139;2026-01-06 19:00:00;642.4000;1584.6700;1403.8000;554.5500;2388.0800;9092.7900;47.3300;521.1100;2387.9900;8172.6700;8.4168;393.0000;0.5360;0;WO386521;1123.30
2026/07/03;eng-004;72;2026-01-04 00:00:00;643.1600;1591.2800;1410.9200;552.8200;2388.0700;9058.4600;47.4900;521.1000;2388.1000;8128.5100;8.4495;393.0000;0.9280;0;WO764302;525.51
03-Jul-2026;eng-087;39;2026-01-02 15:00:00;641.9700;1583.3700;1394.2100;554.3400;2388.0400;9068.2200;47.1500;521.8500;2388.0200;8144.2400;8.4034;392.0000;1.0000;0;WO925964;1695.39
03-Jul-2026;ENG-050;53;2026-01-03 05:00:00;642.6100;1581.2900;1395.4600;554.4500;2388.0300;9066.9700;47.4100;522.1600;2388.0500;8140.4600;8.4088;392.0000;0.8000;0;WO672202;391.24
2026/07/03;ENG-024;161;2026-01-07 17:00:00;642.4500;1589.3900;1405.7300;553.1200;2387.9900;9110.1900;47.5300;522.2900;2388.0700;8186.5500;8.4569;393.0000;0.3600;0;WO149764;2,697.16
03-Jul-2026;ENG-080;107;2026-01-05 11:00:00;642.8000;1588.5600;1410.4700;553.6500;2388.1100;9066.3100;47.4700;521.8900;2388.0500;8145.4400;8.4379;392.0000;0.9280;0;WO752712;496.69
2026-07-03;  ENG-012 ;194;2026-01-09 02:00:00;642.6600;1583.9000;1409.1700;554.0000;2388.0500;9061.0700;47.5000;521.9500;2388.0700;8147.6900;8.4223;393.0000;1.0000;0;WO169785;1,783.75
2026/07/03;ENG-061;150;2026-01-07 06:00:00;642.6200;1592.0200;1414.8100;552.9000;2388.1400;9074.0400;47.8000;520.9300;2388.1300;8143.8700;8.4638;394.0000;0.2400;1;WO517188;9613.15
03-Jul-2026;eng-065;65;2026-01-03 17:00:00;642.2100;1578.5400;1401.1800;554.7100;2387.9900;9065.0600;47.1600;522.3300;2388.0000;8149.9100;8.3991;393.0000;1.0000;0;WO199552;456.89
2026-07-03;ENG-023;91;2026-01-04 19:00:00;641.7700;1578.7400;1406.3400;554.4700;2387.9700;9051.8600;47.3500;522.3000;2388.0000;8132.4900;8.3911;392.0000;1.0000;0;WO849425;2055.63
2026-07-03;  ENG-060 ;124;2026-01-06 04:00:00;642.7300;1582.7100;1410.4900;553.8200;2388.0900;9048.9500;47.5200;521.5900;2388.1400;8129.9600;8.4122;393.0000;0.9840;0;WO897983;1849.66
03-Jul-2026;ENG-049;203;2026-01-09 11:00:00;642.3300;1589.6400;1405.0100;553.8100;2388.0700;9058.9000;47.4800;521.6700;2388.1000;8139.8800;8.4273;393.0000;0.9680;0;WO439956;2166.15
2026/07/03;  ENG-083 ;62;2026-01-03 14:00:00;642.4100;1593.6500;1395.5800;554.3500;2388.0400;9059.4100;47.3000;521.8800;2388.0700;8140.8300;8.3873;394.0000;1.0000;0;WO857818;1,260.55
2026/07/03;ENG-008;137;2026-01-06 17:00:00;642.9600;1591.2900;1407.5400;553.2500;2388.1800;9050.4600;47.6200;521.1800;2388.1000;8126.5900;8.4176;392.0000;;0;WO871659;1533.49
2026/07/03;ENG-001;23;2026-01-01 23:00:00;642.1200;1587.5100;1395.0900;555.0700;2388.0400;9052.0600;47.1900;522.0000;2388.0600;8130.9700;8.4116;393.0000;0.9600;0;WO381444;2976.20
2026/07/03;ENG-074;121;2026-01-06 01:00:00;642.1400;1588.5200;1411.1000;553.5200;2388.1400;9059.5800;47.6300;521.2800;2388.0900;8140.7300;8.4446;393.0000;1.0000;0;WO793776;2833.01
2026/07/03;ENG-012;176;2026-01-08 08:00:00;642.6900;1591.5700;1398.8900;554.6200;2388.0600;9067.7000;47.3500;521.9900;2387.9800;8147.5300;8.4090;390.0000;1.0000;0;WO280248;2945.29
2026-07-03;eng-074;115;2026-01-05 19:00:00;642.7000;1588.5900;1406.1900;553.2100;2388.1200;9062.7700;47.6000;521.0400;2388.0600;8133.3700;8.3938;393.0000;1.0000;0;WO438061;425.61
03-Jul-2026;ENG-012;164;2026-01-07 20:00:00;642.3300;1599.5800;1405.9100;553.4900;2388.0300;9070.5600;47.3100;522.2700;2387.9900;8144.5900;8.4206;391.0000;1.0000;0;WO302256;302.01
2026/07/03;ENG-034;198;2026-01-09 06:00:00;643.4000;1591.4400;1418.8500;551.2100;2388.2300;9046.0300;48.2300;520.3600;2388.2700;8127.2600;8.4980;397.0000;0.0960;1;WO865827;11560.57
2026/07/03;ENG-066;143;2026-01-06 23:00:00;643.2800;1597.9500;1415.1900;552.5300;2388.0900;9118.6800;47.7900;520.2900;2388.1100;8188.8600;8.5000;395.0000;0.1440;1;WO149890;13135.53
2026/07/03;ENG-028;109;2026-01-05 13:00:00;642.7100;1600.1200;1408.3900;553.6900;2388.0700;9049.9300;47.6400;521.8300;2388.1100;8128.5700;8.4394;394.0000;1.0000;0;WO185247;255.74
2026-07-03;ENG-079;98;2026-01-05 02:00:00;642.4000;1587.3900;1411.4900;553.5900;2388.1400;9043.7300;47.4100;521.3700;2388.1000;8122.6200;8.4411;393.0000;0.5280;0;WO303603;1,793.87
2026-07-03;ENG-072;90;2026-01-04 18:00:00;642.1600;1578.5200;1409.2400;554.2600;2388.0100;9067.1600;47.3200;521.7500;2388.0600;8141.9700;8.4042;394.0000;0.7280;0;WO816289;287.41
2026/07/03;ENG-086;109;2026-01-05 13:00:00;643.0000;1585.7100;1410.0100;553.7700;2388.0600;9063.6500;47.4900;521.8000;2388.1100;8146.1900;8.4392;392.0000;0.7200;0;WO430511;461.57
03-Jul-2026;ENG-098;101;2026-01-05 05:00:00;642.6500;1592.7500;1413.8200;553.8100;2388.1200;9063.6700;47.4700;521.5900;2388.1600;8137.2700;8.4612;393.0000;0.6320;0;WO703206;2,823.14
2026/07/03;ENG-052;129;2026-01-06 09:00:00;642.7300;1590.0000;1400.3800;554.5500;2388.0600;9068.6700;47.2100;521.8700;2388.0000;8147.6900;8.4191;392.0000;0.7120;0;WO455078;2,870.11
03-Jul-2026;ENG-011;74;2026-01-04 02:00:00;642.8600;1590.5500;1414.8000;553.6300;2388.1300;9042.3100;47.6600;521.0000;2388.1900;8122.1200;8.4652;393.0000;0.8480;0;WO388988;1,663.17
03-Jul-2026;ENG-069;49;2026-01-03 01:00:00;642.5400;1587.3700;1407.0000;554.2300;2388.0900;9047.8500;47.2900;521.4300;2388.1400;8127.7700;8.4258;392.0000;1.0000;0;WO587538;1,443.43
2026/07/03;ENG-097;114;2026-01-05 18:00:00;641.9400;1587.4100;1404.3800;554.3200;2387.9800;9071.2700;47.3400;521.3600;2388.0200;8149.6400;8.4421;392.0000;0.8160;0;WO941748;734.37
03-Jul-2026;  ENG-023 ;100;2026-01-05 04:00:00;641.8800;1586.3100;1398.1500;554.1000;2388.0600;9053.8500;47.3200;522.0400;2387.9900;8135.8000;8.3902;391.0000;1.0000;0;WO866671;1,758.42
2026/07/03;ENG-086;80;2026-01-04 08:00:00;642.9000;1591.2800;1408.5500;553.7300;2388.0800;9065.3400;47.6300;521.8400;2388.0700;8140.7700;8.4188;394.0000;0.9520;0;WO322771;2681.39
03-Jul-2026;ENG-087;56;2026-01-03 08:00:00;642.1800;1584.3300;1391.4800;554.3900;2388.0400;9056.9900;47.4000;522.1500;2388.0200;8146.9400;8.4313;393.0000;0.9280;0;WO781823;60.60
2026/07/03;ENG-007;157;2026-01-07 13:00:00;641.9600;1584.4300;1402.8700;553.6400;2388.0100;9063.2700;47.4200;522.1300;2388.0200;8143.2200;8.4236;393.0000;0.7520;0;WO930613;2,925.85
2026/07/03;ENG-058;170;2026-01-08 02:00:00;642.7700;1594.4100;1409.0100;553.0300;2388.1600;9057.7100;47.7000;521.3200;2388.2000;8138.3300;8.5051;394.0000;0.3440;0;WO286209;479.13
03-Jul-2026;ENG-001;29;2026-01-02 05:00:00;641.9500;1587.1500;1398.1100;554.1500;2388.0800;9046.1100;47.4200;522.3900;2388.0700;8133.1300;8.4212;392.0000;0.9120;0;WO492904;229.28
2026-07-03;ENG-063;106;2026-01-05 10:00:00;642.7300;1592.0200;1413.7600;553.5000;2388.0900;9050.7600;47.4900;521.7600;2388.1300;8127.3200;8.4890;394.0000;0.9680;0;WO809183;2,518.99
2026-07-03;ENG-081;199;2026-01-09 07:00:00;642.7400;1598.6900;1418.5400;551.9800;2388.1600;9077.6000;47.9900;520.4000;2388.1500;8155.1200;8.4919;395.0000;0.1760;1;WO598571;8,832.62
03-Jul-2026;ENG-053;128;2026-01-06 08:00:00;642.3400;1588.5700;1405.8700;553.0400;2388.0900;9070.0100;47.5500;521.4100;2388.0700;8156.4500;8.4197;393.0000;0.4960;0;WO533066;1829.71
03-Jul-2026;ENG-015;59;2026-01-03 11:00:00;642.5200;1588.8500;1402.0700;554.2300;2388.0000;9052.3700;47.2500;522.0600;2388.0200;8134.3800;8.4240;392.0000;0.8000;0;WO265320;2,288.33
2026/07/03;ENG-051;105;2026-01-05 09:00:00;642.5200;1587.5400;1404.3400;553.3300;2388.1100;9048.6300;47.4800;521.6700;2388.1100;8129.1600;8.4398;393.0000;1.0000;0;WO602815;2399.14
03-Jul-2026;ENG-060;147;2026-01-07 03:00:00;642.8600;1592.4600;1402.7700;553.3100;2388.1200;9054.2200;47.5300;521.6600;2388.0700;8136.1300;8.4484;394.0000;0.8000;0;WO689889;
2026-07-03;ENG-068;180;2026-01-08 12:00:00;643.3300;1599.1000;1429.1500;551.6900;2388.2200;9082.4900;47.9800;520.3400;2388.2000;8154.5100;8.4922;396.0000;0.1200;1;WO791003;20,946.70
2026/07/03;ENG-094;133;2026-01-06 13:00:00;642.7700;1589.5000;1420.9400;552.7800;2388.1700;9051.2200;47.8100;520.6200;2388.1300;8133.3600;8.5167;393.0000;0.4400;0;WO116016;2321.05
2026/07/03;ENG-093;220;2026-01-10 04:00:00;642.6200;1590.0900;1411.1400;553.2500;2388.1200;9077.2600;47.6000;521.4600;2388.1500;8147.6900;8.4672;393.0000;0.8720;0;WO116749;1,919.63
03-Jul-2026;ENG-053;116;2026-01-05 20:00:00;642.3300;1591.3000;1407.7600;553.4500;2388.0600;9069.3600;47.4200;522.1600;2388.0200;8142.7300;8.4594;392.0000;0.5920;0;WO574081;2,875.19
03-Jul-2026;ENG-018;110;2026-01-05 14:00:00;642.4800;1586.6400;1410.0400;552.7900;2388.0900;9064.1400;47.3600;521.9600;2388.0500;8134.9000;8.4678;390.0000;0.4080;0;WO975120;213.46
2026/07/03;ENG-081;185;2026-01-08 17:00:00;643.1000;1597.0300;1414.4600;551.9500;2388.1200;9071.3000;47.9000;520.2600;2388.1500;8144.2700;8.4564;394.0000;0.2880;0;WO431609;1126.65
03-Jul-2026;ENG-018;130;2026-01-06 10:00:00;642.5400;1591.3600;1411.6000;553.3000;2388.1300;9060.5900;47.5800;520.8500;2388.1100;8135.5600;8.4762;393.0000;0.2480;0;WO175329;77.30
2026-07-03;  ENG-052 ;138;2026-01-06 18:00:00;642.3600;1588.8200;1399.5800;554.0000;2388.0200;9073.9400;47.3500;522.0400;2387.9900;8145.3100;8.4137;392.0000;0.6400;0;WO581702;
2026/07/03;  ENG-058 ;171;2026-01-08 03:00:00;642.5300;1596.0200;1415.2900;553.0200;2388.1700;9059.3500;47.7000;520.6400;2388.1800;8136.8500;8.4346;393.0000;0.3360;0;WO467360;627.97
03-Jul-2026;ENG-082;109;2026-01-05 13:00:00;642.0200;1585.0100;1407.1500;553.6900;2388.0600;9064.9100;47.4700;521.8500;2388.1300;8140.7800;8.4439;394.0000;0.4960;0;WO715108;1196.32
2026-07-03;ENG-081;165;2026-01-07 21:00:00;642.5000;1591.5600;1405.6900;553.2400;2388.1400;9075.4900;47.8000;520.9500;2388.0900;8148.3500;8.4323;394.0000;0.4480;0;WO455072;1511.99
2026/07/03;eng-010;149;2026-01-07 05:00:00;641.8500;1586.4900;1411.6100;553.5600;2388.0500;9070.5500;47.2900;521.8500;2388.0400;8140.9500;8.4131;392.0000;1.0000;0;WO370273;2452.73
2026/07/03;ENG-050;66;2026-01-03 18:00:00;642.7400;1590.8700;1402.8100;554.0500;2388.0600;9063.8100;47.4800;521.7500;2388.0700;8137.6400;8.4402;392.0000;;0;WO325431;1,210.59
2026-07-03;ENG-066;146;2026-01-07 02:00:00;643.4100;1597.8100;1418.8600;551.4500;2388.0800;9120.0500;47.8400;520.6900;2388.0900;8190.6100;8.4822;395.0000;0.1200;1;WO292363;8150.53
2026-07-03;ENG-027;132;2026-01-06 12:00:00;642.6800;1589.8300;1410.2500;553.0400;2388.0300;9049.6100;47.3700;521.2400;2388.0900;8133.8200;8.4439;392.0000;0.5920;0;WO603829;1051.65
03-Jul-2026;ENG-093;180;2026-01-08 12:00:00;642.8500;1589.8800;1410.9500;552.5900;2388.1200;9069.2200;47.4300;521.4300;2388.1100;8139.4700;8.4496;394.0000;1.0000;0;WO889984;2409.66
03-Jul-2026;ENG-062;160;2026-01-07 16:00:00;642.1600;1589.7600;1399.1800;554.5200;2388.0600;9063.1900;47.3100;521.7000;2388.0500;8144.7100;8.4340;393.0000;1.0000;0;WO482061;1,763.76
2026-07-03;eng-030;116;2026-01-05 20:00:00;642.3800;1597.0300;1407.7500;553.1500;2388.1200;9056.2000;47.4800;521.4200;2388.1000;8124.1300;8.4357;395.0000;1.0000;0;WO760591;353.94
03-Jul-2026;ENG-007;134;2026-01-06 14:00:00;641.6800;1587.1700;1396.0700;553.6500;2388.0200;9065.2100;47.2700;521.7100;2388.0400;8142.8300;8.3976;392.0000;0.9360;0;WO744678;
2026/07/03;ENG-052;159;2026-01-07 15:00:00;642.9100;1592.5700;1398.2500;554.4400;2388.0400;9082.8900;47.4100;521.3800;2388.0900;8155.7200;8.4224;395.0000;0.4720;0;WO463218;2067.37
2026-07-03;ENG-076;142;2026-01-06 22:00:00;642.2600;1589.5900;1408.6800;553.9500;2388.1300;9072.1500;47.4700;521.2000;2388.0800;8145.3500;8.4289;392.0000;0.5840;0;WO528904;1,076.57
03-Jul-2026;ENG-028;136;2026-01-06 16:00:00;643.0100;1590.4900;1416.4900;552.5300;2388.1000;9051.1900;47.5800;521.3900;2388.0800;8138.0000;8.4564;392.0000;;0;WO869374;1264.88
2026-07-03;ENG-019;102;2026-01-05 06:00:00;642.1500;1588.1100;1397.7100;553.6700;2388.0300;9056.9300;47.2700;522.4300;2388.0000;8143.9900;8.3895;390.0000;0.9600;0;WO208754;1,545.36
2026-07-03;ENG-092;111;2026-01-05 15:00:00;643.1500;1587.2100;1416.3600;552.5000;2388.2200;9055.4700;47.7900;520.6600;2388.2000;8119.2800;8.4195;395.0000;0.4720;0;WO789140;1085.58
2026-07-03;ENG-029;169;2026-01-08 01:00:00;642.8100;1579.1100;1403.9600;553.5800;2388.0300;9068.5700;47.3000;521.2100;2388.0400;8153.5700;8.3895;394.0000;0.7360;0;WO670022;1908.01
2026-07-03;ENG-049;237;2026-01-10 21:00:00;642.8500;1591.0800;1401.9600;552.7700;2388.0400;9060.7400;47.4400;520.9700;2388.1000;8132.9700;8.4405;393.0000;0.6960;0;WO100380;250.04
2026-07-03;ENG-044;42;2026-01-02 18:00:00;642.7700;1590.2100;1405.5900;554.1800;2388.1000;9057.2200;47.4400;521.9000;2388.0800;8133.4600;8.4464;392.0000;0.9680;0;WO601624;511.79
2026-07-03;ENG-084;132;2026-01-06 12:00:00;642.4800;1594.2300;1411.1900;554.3400;2388.1700;9051.3500;47.5300;521.4600;2388.1100;8133.8900;8.4705;393.0000;0.7840;0;WO404833;369.43
2026-07-03;ENG-024;135;2026-01-06 15:00:00;642.5200;1589.2500;1402.2900;553.9500;2387.9300;9085.6800;47.4500;522.0600;2388.0500;8167.7900;8.4516;391.0000;0.5680;0;WO623772;358.82
2026/07/03;ENG-099;75;2026-01-04 03:00:00;642.5900;1584.6000;1392.0800;554.8100;2387.9500;9065.1400;47.2900;522.5100;2387.9800;8146.7000;8.4023;390.0000;1.0000;0;WO911408;2605.31
2026/07/03;ENG-096;97;2026-01-05 01:00:00;642.3000;1590.8800;1397.9400;553.9900;2388.0300;9062.4100;47.1400;522.3000;2388.0100;8148.2400;8.4110;391.0000;1.0000;0;WO516545;1477.10
03-Jul-2026;ENG-093;218;2026-01-10 02:00:00;643.0700;1594.8800;1409.3200;553.0800;2388.1100;9063.0900;47.6900;521.4300;2388.1500;8147.1200;8.4998;394.0000;0.8880;0;WO665666;1973.90
03-Jul-2026;ENG-013;171;2026-01-08 03:00:00;642.4200;1585.1500;1399.8300;553.9500;2388.0700;9066.5300;47.4800;521.8600;2388.0000;8138.2200;8.4395;393.0000;0.9520;0;WO795812;1,759.69
2026/07/03;eng-023;123;2026-01-06 03:00:00;642.3200;1584.9400;1397.7400;554.6100;2387.9900;9054.8700;47.3300;522.1800;2388.0600;8129.3300;8.4377;391.0000;0.9600;0;WO652244;1162.12
2026-07-03;  ENG-032 ;112;2026-01-05 16:00:00;641.9500;1585.7100;1400.7500;554.0600;2388.0300;9082.4400;47.2700;522.0800;2388.0100;8160.6700;8.4113;394.0000;0.6480;0;WO225396;172.42
03-Jul-2026;eng-062;232;2026-01-10 16:00:00;642.8300;1594.7800;1407.8600;553.8100;2388.0300;9096.2000;47.5200;521.2000;2388.0600;8162.0800;8.4622;394.0000;0.4320;0;WO231739;2,979.34
2026/07/03;  ENG-086 ;84;2026-01-04 12:00:00;642.4000;1583.6100;1413.9800;553.4500;2388.1500;9059.3200;47.4300;521.8300;2388.0400;8143.6500;8.4027;392.0000;0.9200;0;WO457076;1695.87
2026/07/03;ENG-082;148;2026-01-07 04:00:00;643.1900;1601.3000;1418.5900;552.6000;2388.1600;9059.8100;47.8900;520.3400;2388.2100;8127.8800;8.4974;392.0000;0.1840;1;WO501717;
2026/07/03;ENG-052;133;2026-01-06 13:00:00;641.6800;1584.5400;1407.4400;553.9800;2387.9900;9069.0400;47.2100;521.9300;2387.9900;8146.5800;8.4223;391.0000;;0;WO115557;2762.08
2026/07/03;ENG-026;76;2026-01-04 04:00:00;642.3100;1580.9800;1402.4000;554.4500;2388.0200;9074.0100;47.4000;521.9300;2387.9800;8151.6400;8.4331;392.0000;0.9520;0;WO380729;1,374.69
2026-07-03;ENG-034;203;2026-01-09 11:00:00;643.7400;1600.3800;1427.4900;551.7700;2388.2900;9036.2700;48.1300;519.4400;2388.2500;8122.1100;8.5158;397.0000;0.0560;1;WO500306;11,770.86
2026-07-03;eng-010;184;2026-01-08 16:00:00;642.6400;1593.4000;1404.0200;554.8100;2388.0300;9069.2200;47.5600;521.6500;2388.0100;8142.4400;8.4539;392.0000;0.8320;0;WO254944;214.93
2026-07-03;ENG-015;65;2026-01-03 17:00:00;642.5300;1592.9100;1401.8300;554.3500;2388.0100;9050.3800;47.2300;522.3700;2388.0000;8137.3600;8.4109;392.0000;0.7520;0;WO210012;2597.81
2026/07/03;ENG-092;137;2026-01-06 17:00:00;643.5800;1595.5800;1417.5300;552.4100;2388.1800;9037.1000;48.0100;520.3000;2388.2700;8116.5400;8.4815;393.0000;0.2640;0;WO267818;432.00
2026/07/03;  ENG-017 ;164;2026-01-07 20:00:00;642.3900;1583.1300;1413.0300;552.8800;2388.0700;9093.4900;47.3900;521.3700;2388.0300;8169.9700;8.4149;393.0000;0.4080;0;WO826621;2775.45
2026-07-03;ENG-058;168;2026-01-08 00:00:00;643.0200;1585.7900;1418.3200;552.9000;2388.1600;9055.5700;47.7600;520.8500;2388.1300;8134.2600;8.4811;395.0000;0.3600;0;WO149599;1639.05
2026/07/03;  ENG-097 ;92;2026-01-04 20:00:00;642.6700;1594.2100;1398.0100;553.9500;2388.0500;9074.2900;47.2400;521.9500;2388.0600;8145.7000;8.4245;392.0000;0.9920;0;WO803012;1045.93
2026/07/03;ENG-093;225;2026-01-10 09:00:00;643.1400;1596.8400;1417.3800;553.1400;2388.1100;9072.8900;47.6300;520.7200;2388.1200;8141.1800;8.4858;393.0000;0.8320;0;WO427726;2861.04
2026/07/03;  ENG-027 ;98;2026-01-05 02:00:00;642.2600;1585.6900;1405.9200;554.9000;2388.0900;9046.2500;47.4700;522.2100;2388.1100;8136.7100;8.4169;392.0000;0.8640;0;WO367308;1416.77
2026-07-03;  ENG-014 ;44;2026-01-02 20:00:00;642.8100;1598.1400;1417.3900;552.8600;2388.1300;9029.8100;47.6600;520.8000;2388.2300;8122.6100;8.4634;393.0000;0.8720;0;WO699966;2722.48
2026-07-03;  ENG-028 ;132;2026-01-06 12:00:00;642.5800;1589.8200;1406.7700;553.2800;2388.0500;9051.5600;47.7100;521.5200;2388.1200;8131.6800;8.3835;393.0000;0.9840;0;WO681137;2114.96
03-Jul-2026;  ENG-045 ;111;2026-01-05 15:00:00;642.3300;1587.5600;1410.1200;553.4500;2388.0900;9061.5500;47.5200;521.1600;2388.0700;8142.2700;8.4541;393.0000;1.0000;0;WO618349;2,938.86
2026-07-03;ENG-091;220;2026-01-10 04:00:00;643.0300;1599.2200;1418.7100;552.2800;2388.2500;9048.5500;47.8000;520.5000;2388.2300;8127.7800;8.4825;396.0000;0.4160;0;WO551277;237.78
03-Jul-2026;ENG-021;120;2026-01-06 00:00:00;642.2600;1584.0200;1403.7600;554.4900;2388.0200;9065.6100;47.3700;521.6500;2388.0400;8146.4000;8.4201;391.0000;0.6800;0;WO725549;1,858.41
2026-07-03;ENG-074;125;2026-01-06 05:00:00;642.4300;1590.4400;1401.3000;553.7400;2388.0900;9061.2000;47.5300;521.5100;2388.1000;8136.5600;8.4587;393.0000;1.0000;0;WO203750;1,793.35
03-Jul-2026;  ENG-008 ;158;2026-01-07 14:00:00;642.6500;1589.0800;1404.3300;552.5000;2388.1300;9043.6600;47.5800;521.2600;2388.1600;8130.3700;8.4586;393.0000;0.8240;0;WO248491;721.70
03-Jul-2026;  ENG-062 ;170;2026-01-08 02:00:00;642.8000;1581.1100;1403.5800;554.1200;2388.0700;9068.4400;47.2900;522.0300;2388.0600;8144.4900;8.4317;393.0000;0.9280;0;WO702936;2851.07
2026-07-03;eng-053;112;2026-01-05 16:00:00;642.8200;1586.7700;1407.1400;553.9100;2388.0400;9062.9600;47.4100;521.8000;2388.0800;8146.4100;8.4152;390.0000;0.6240;0;WO405261;313.80
2026-07-03;eng-062;171;2026-01-08 03:00:00;642.3300;1593.6600;1406.6800;554.8500;2388.0600;9059.2900;47.3700;521.8900;2388.0200;8146.6900;8.4124;393.0000;0.9200;0;WO232037;2,616.19
2026-07-03;ENG-060;140;2026-01-06 20:00:00;642.9000;1587.4100;1409.0100;553.6000;2388.1600;9049.9800;47.4900;521.2800;2388.0800;8130.9600;8.4169;391.0000;0.8560;0;WO717404;1,589.47
03-Jul-2026;ENG-005;68;2026-01-03 20:00:00;642.9000;1583.3300;1413.1700;553.8600;2388.1300;9053.7800;47.6000;521.0800;2388.1100;8131.5200;8.4320;394.0000;0.9680;0;WO693516;720.75
2026/07/03;ENG-012;192;2026-01-09 00:00:00;642.4400;1586.3500;1408.2800;554.1700;2388.0300;9072.5200;47.3900;521.5800;2387.9700;8141.6300;8.4195;393.0000;1.0000;0;WO690116;1499.91
2026-07-03;ENG-017;156;2026-01-07 12:00:00;642.1300;1588.4800;1412.5500;553.1900;2388.0300;9087.0500;47.5800;521.9100;2388.0400;8170.5900;8.4633;392.0000;0.4720;0;WO315695;589.15
2026-07-03;  ENG-065 ;68;2026-01-03 20:00:00;642.0300;1581.9500;1402.3400;554.4900;2387.9900;9066.6900;47.0600;522.1800;2388.0400;8144.3200;8.4367;392.0000;1.0000;0;WO163476;670.71
2026/07/03;eng-018;94;2026-01-04 22:00:00;642.7900;1586.1700;1412.2400;553.7400;2388.0100;9058.6500;47.5400;521.8100;2388.0900;8145.6700;8.3938;393.0000;0.5360;0;WO381920;2940.60
2026-07-03;  ENG-086 ;94;2026-01-04 22:00:00;643.2300;1592.9500;1409.0700;553.2600;2388.1100;9066.0000;47.4900;521.6800;2388.1000;8140.7000;8.4239;393.0000;0.8400;0;WO207616;1191.63
2026/07/03;ENG-043;132;2026-01-06 12:00:00;642.5400;1589.2200;1400.8100;553.6100;2388.1000;9063.1100;47.4700;521.6800;2388.1200;8131.1400;8.4272;392.0000;0.7920;0;WO378505;774.90
03-Jul-2026;ENG-048;57;2026-01-03 09:00:00;642.3700;1589.5000;1407.9000;553.4500;2388.0600;9057.9600;47.3200;522.0500;2388.1500;8131.1900;8.3991;394.0000;0.9040;0;WO139847;2909.61
03-Jul-2026;eng-038;114;2026-01-05 18:00:00;642.9800;1598.2700;1414.0300;553.9600;2388.1100;9068.7200;47.7800;521.1100;2388.1000;8148.7400;8.4545;394.0000;0.4880;0;WO614480;1194.88
2026/07/03;ENG-066;108;2026-01-05 12:00:00;642.4100;1594.1400;1407.9000;553.0500;2388.0600;9080.4600;47.5200;521.6500;2388.0900;8155.5100;8.4572;394.0000;0.4240;0;WO278038;1,566.76
03-Jul-2026;ENG-061;116;2026-01-05 20:00:00;643.0100;1587.5700;1401.8900;553.7200;2388.1000;9073.4700;47.3800;521.3900;2388.0400;8154.3600;8.4200;394.0000;0.5120;0;WO741073;
2026/07/03;ENG-070;132;2026-01-06 12:00:00;642.6600;1588.1800;1409.7300;553.6000;2388.1700;9051.8800;47.3000;521.3500;2388.1000;8135.0200;8.4022;392.0000;0.9120;0;WO840909;511.51
2026/07/03;eng-015;55;2026-01-03 07:00:00;642.3000;1588.3800;1399.0500;554.0800;2388.0400;9060.6100;47.3000;522.2400;2388.0700;8133.4900;8.4278;392.0000;0.8320;0;WO413673;598.02
2026/07/03;ENG-018;95;2026-01-04 23:00:00;642.6400;1586.4300;1397.2100;553.8100;2388.1000;9060.1900;47.4700;521.8800;2388.0500;8144.7800;8.4414;393.0000;0.5280;0;WO745540;2122.61
2026/07/03;  ENG-081 ;162;2026-01-07 18:00:00;642.6400;1595.5400;1410.5300;552.7700;2388.0500;9069.9700;47.5300;521.4600;2388.1300;8143.9000;8.4432;394.0000;0.4720;0;WO842320;2803.50
2026/07/03;ENG-013;143;2026-01-06 23:00:00;642.2900;1591.2500;1409.2900;553.7900;2388.0500;9069.0200;47.2600;522.3800;2388.0000;8143.2600;8.4093;393.0000;1.0000;0;WO847695;2291.52
2026/07/03;ENG-003;125;2026-01-06 05:00:00;643.2400;1588.6400;1412.6000;553.1000;2388.1900;9048.1200;47.6200;520.1300;2388.2100;8128.0200;8.4608;394.0000;0.5600;0;WO607904;2,960.32
2026-07-03;ENG-086;96;2026-01-05 00:00:00;642.0000;1589.5600;1415.6200;553.7500;2388.0800;9062.4900;47.4200;521.3700;2388.0900;8147.3600;8.4504;393.0000;0.8240;0;WO717846;2,084.63
03-Jul-2026;  ENG-082 ;142;2026-01-06 22:00:00;643.1600;1585.4400;1410.6200;552.1700;2388.1600;9052.5900;47.9600;520.9900;2388.1600;8140.7700;8.4598;392.0000;0.2320;1;WO327994;22,621.74
03-Jul-2026;ENG-049;290;2026-01-13 02:00:00;642.9500;1596.3000;1421.6400;552.5500;2388.2000;9050.9300;47.8200;520.3900;2388.2500;8128.3300;8.4966;394.0000;0.2720;0;WO994065;2395.59
03-Jul-2026;eng-091;185;2026-01-08 17:00:00;642.7700;1593.2500;1419.2600;553.0900;2388.1400;9051.6000;47.6600;520.6000;2388.1600;8134.7000;8.4447;394.0000;0.6960;0;WO508760;1,069.42
03-Jul-2026;ENG-092;123;2026-01-06 03:00:00;643.1000;1590.6700;1417.1500;552.6000;2388.2000;9035.3300;47.9400;520.8400;2388.1900;8120.1300;8.4936;394.0000;0.3760;0;WO958009;2540.98
2026/07/03;ENG-080;96;2026-01-05 00:00:00;642.7600;1586.0400;1409.9900;553.6600;2388.0700;9063.2800;47.4200;521.3000;2388.0700;8141.7400;8.4088;394.0000;1.0000;0;WO167413;1,728.98
03-Jul-2026;eng-068;167;2026-01-07 23:00:00;642.6600;1593.7200;1420.3700;552.0400;2388.1400;9078.3000;47.5700;520.8600;2388.1600;8151.9100;8.4918;395.0000;0.2240;1;WO282886;13,727.42
2026-07-03;  ENG-012 ;206;2026-01-09 14:00:00;642.3400;1587.9100;1408.1300;553.7800;2388.0000;9069.1500;47.4200;521.9000;2388.0500;8150.6300;8.3828;392.0000;1.0000;0;WO161390;1898.59
03-Jul-2026;  ENG-080 ;116;2026-01-05 20:00:00;642.8600;1595.7100;1408.4800;553.8000;2388.1200;9063.5500;47.5100;521.6900;2388.0700;8142.8000;8.4452;393.0000;0.8560;0;WO604895;
2026/07/03;ENG-042;138;2026-01-06 18:00:00;642.9300;1592.2800;1415.2500;552.5200;2388.1600;9041.6700;47.7300;521.3800;2388.1800;8119.7400;8.4041;394.0000;0.2240;1;WO888417;9539.93
2026/07/03;  ENG-038 ;112;2026-01-05 16:00:00;643.5100;1599.3300;1415.5100;552.9400;2388.1100;9076.1800;47.8500;521.3500;2388.1400;8141.8900;8.4869;394.0000;0.5040;0;WO675750;2680.05
2026/07/03;ENG-010;174;2026-01-08 06:00:00;642.5100;1590.4000;1406.3500;553.9100;2388.1300;9066.5400;47.3900;521.6000;2388.0300;8144.0800;8.4447;393.0000;0.9120;0;WO294205;283.99
03-Jul-2026;ENG-006;97;2026-01-05 01:00:00;642.3900;1585.1400;1408.4600;553.8600;2388.0900;9046.4000;47.3400;522.0700;2388.1400;8135.1600;8.4458;393.0000;0.8080;0;WO566531;
2026-07-03;ENG-047;69;2026-01-03 21:00:00;642.2900;1591.7500;1416.4900;553.4800;2388.1400;9045.3900;47.6800;520.8500;2388.0500;8119.7600;8.4238;394.0000;1.0000;0;WO706815;2168.73
2026/07/03;eng-094;130;2026-01-06 10:00:00;642.6000;1588.1400;1417.5600;552.8600;2388.1600;9059.6900;47.6000;520.7800;2388.1300;8137.4900;8.4830;394.0000;0.4640;0;WO372433;1,130.78
2026-07-03;ENG-083;52;2026-01-03 04:00:00;642.6500;1574.9300;1408.4700;554.3600;2388.1300;9058.7300;47.1200;522.1400;2388.0800;8137.3000;8.4178;393.0000;1.0000;0;WO439182;1,822.58
2026-07-03;ENG-089;130;2026-01-06 10:00:00;642.6400;1587.6500;1407.6800;553.2900;2388.0800;9053.7300;47.6100;521.7100;2388.1100;8131.4000;8.4132;392.0000;1.0000;0;WO939631;1,813.98
03-Jul-2026;ENG-059;69;2026-01-03 21:00:00;642.0100;1586.7700;1396.7400;554.9600;2388.0700;9059.8400;47.2200;522.2400;2388.0800;8139.6100;8.3988;392.0000;1.0000;0;WO164536;154.43
03-Jul-2026;ENG-066;141;2026-01-06 21:00:00;643.3400;1598.9400;1419.4000;552.5400;2388.1200;9106.5100;47.7300;521.4200;2388.1300;8180.6300;8.4849;394.0000;0.1600;1;WO854612;21969.06
2026/07/03;ENG-013;176;2026-01-08 08:00:00;642.7100;1589.1600;1407.4500;553.7800;2388.0700;9068.2200;47.4600;521.9700;2388.0500;8140.7000;8.3996;393.0000;0.9120;0;WO603745;1891.74
2026-07-03;ENG-023;122;2026-01-06 02:00:00;642.2200;1582.2700;1399.3100;553.7900;2388.0400;9047.3700;47.3300;521.8500;2388.0300;8134.1500;8.3809;392.0000;0.9680;0;WO668011;694.38
03-Jul-2026;ENG-038;98;2026-01-05 02:00:00;642.6700;1590.5000;1415.8100;552.7000;2388.1200;9062.1300;47.6200;521.0500;2388.1200;8145.9000;8.4484;395.0000;0.6160;0;WO967321;458.39
2026-07-03;ENG-011;57;2026-01-03 09:00:00;643.1600;1594.6800;1412.9300;553.4700;2388.1400;9039.9100;47.7200;521.5800;2388.1200;8116.9500;8.4451;395.0000;0.9840;0;WO914720;557.91
2026/07/03;  ENG-086 ;107;2026-01-05 11:00:00;642.6100;1586.4100;1404.2700;553.5800;2388.0900;9062.8000;47.4200;521.5400;2388.0500;8145.6800;8.4643;391.0000;0.7360;0;WO263482;1493.13
03-Jul-2026;ENG-083;59;2026-01-03 11:00:00;642.4200;1593.0400;1404.7100;553.7800;2388.0400;9056.1800;47.3400;521.7000;2388.0700;8138.3700;8.4352;393.0000;1.0000;0;WO701586;2740.81
03-Jul-2026;ENG-062;180;2026-01-08 12:00:00;642.3100;1586.4200;1404.6500;553.6500;2388.0100;9076.4700;47.4300;522.1600;2388.0300;8149.0000;8.4582;391.0000;;0;WO975313;1672.72
03-Jul-2026;  ENG-062 ;189;2026-01-08 21:00:00;642.2900;1592.3400;1402.5000;554.4600;2388.0200;9078.5100;47.5300;521.6600;2388.0700;8153.7900;8.4187;392.0000;0.7760;0;WO258560;489.37
03-Jul-2026;ENG-015;60;2026-01-03 12:00:00;642.8600;1584.5800;1406.7200;553.9400;2388.0600;9051.6800;47.3400;522.0000;2388.0700;8138.3800;8.4350;393.0000;0.7920;0;WO460696;1,110.14
2026/07/03;  ENG-059 ;93;2026-01-04 21:00:00;642.4200;1585.8400;1403.0000;554.2200;2388.0800;9059.2700;47.3900;521.9100;2388.0600;8138.2200;8.4105;392.0000;0.9200;0;WO785108;623.59
2026/07/03;eng-016;90;2026-01-04 18:00:00;641.8900;1584.3400;1401.8700;553.5600;2388.0200;9046.5700;47.3000;521.9900;2388.0700;8140.8800;8.4037;392.0000;0.8560;0;WO651856;564.35
2026-07-03;ENG-075;79;2026-01-04 07:00:00;642.4400;1589.5400;1407.0400;553.6500;2388.0400;9057.6800;47.2500;522.0700;2388.0400;8140.2100;8.4263;391.0000;0.9760;0;WO329551;
03-Jul-2026;ENG-037;105;2026-01-05 09:00:00;642.8700;1587.8100;1417.9700;554.1000;2388.0700;9039.7100;47.6300;521.4200;2388.1300;8130.8300;8.4425;393.0000;;0;WO457051;97.61
03-Jul-2026;ENG-043;161;2026-01-07 17:00:00;642.9200;1599.1200;1405.5200;553.9800;2388.0700;9058.4100;47.5100;521.6400;2388.1200;8131.4900;8.4622;393.0000;0.5600;0;WO965990;2,792.39
2026/07/03;ENG-034;170;2026-01-08 02:00:00;643.0900;1599.3900;1413.3300;552.3300;2388.0900;9057.1400;47.7700;521.4300;2388.2000;8136.5900;8.4417;394.0000;0.3200;0;WO870447;1674.04
03-Jul-2026;ENG-100;137;2026-01-06 17:00:00;642.1500;1591.6000;1397.4600;554.4500;2388.0100;9077.9200;47.5000;522.1800;2388.0200;8157.5800;8.3445;392.0000;0.6480;0;WO976016;189.25
2026/07/03;ENG-013;161;2026-01-07 17:00:00;642.5400;1591.3800;1407.2600;553.3800;2388.0500;9058.0900;47.4500;521.9600;2388.0800;8143.9800;8.3893;393.0000;1.0000;0;WO944930;162.19
03-Jul-2026;ENG-093;244;2026-01-11 04:00:00;643.0200;1598.8400;1416.1900;552.8600;2388.1500;9074.8200;47.6700;520.6600;2388.1400;8155.6300;8.4826;392.0000;0.6800;0;WO951311;1797.68
2026/07/03;ENG-003;99;2026-01-05 03:00:00;642.7100;1594.9500;1409.9400;553.5400;2388.1600;9055.6000;47.5000;521.4200;2388.1900;8129.5900;8.4535;393.0000;0.7680;0;WO154737;2,975.79
2026-07-03;ENG-064;158;2026-01-07 14:00:00;642.6000;1600.5600;1418.7100;552.7900;2388.1400;9060.2700;47.6900;520.5600;2388.1700;8128.7400;8.4535;394.0000;0.3040;0;WO975285;671.92
2026-07-03;  ENG-019 ;126;2026-01-06 06:00:00;642.1100;1587.3000;1399.4800;554.1300;2388.0700;9064.0100;47.3300;521.7400;2388.0500;8141.3300;8.4007;392.0000;0.7680;0;WO782490;2121.01
2026/07/03;  ENG-004 ;85;2026-01-04 13:00:00;642.6900;1591.5700;1411.4200;553.4000;2388.1500;9047.1900;47.5400;521.0300;2388.1300;8137.8500;8.4214;395.0000;0.8240;0;WO314260;534.09
2026-07-03;ENG-094;121;2026-01-06 01:00:00;643.3000;1593.4500;1416.8100;552.7100;2388.0900;9062.1300;47.6600;520.6300;2388.1400;8132.8500;8.4543;395.0000;0.5360;0;WO330123;1,412.81
03-Jul-2026;ENG-100;184;2026-01-08 16:00:00;642.6000;1595.8900;1416.1700;553.2000;2388.0500;9123.5200;47.7000;521.5400;2388.0600;8197.6600;8.4568;394.0000;0.2720;0;WO725056;2,403.91
2026/07/03;ENG-053;130;2026-01-06 10:00:00;642.4900;1587.8700;1403.3000;553.5400;2388.0700;9083.4000;47.5400;522.1400;2388.1000;8154.0400;8.4340;395.0000;0.4800;0;WO825688;2973.35
2026/07/03;ENG-070;118;2026-01-05 22:00:00;642.2300;1593.2100;1411.2000;553.5000;2388.0900;9050.2000;47.4000;521.1700;2388.1300;8136.2900;8.4478;392.0000;1.0000;0;WO499452;1065.25
2026/07/03;ENG-063;132;2026-01-06 12:00:00;642.6200;1595.0200;1398.1200;553.1500;2388.1500;9048.2800;47.5200;521.4500;2388.1400;8130.3200;8.4543;395.0000;0.7600;0;WO804113;
03-Jul-2026;ENG-049;226;2026-01-10 10:00:00;642.6100;1590.1000;1406.7300;553.2800;2388.0900;9063.8600;47.3300;521.6900;2388.0900;8136.1700;8.4433;393.0000;0.7840;0;WO960976;
2026-07-03;ENG-005;84;2026-01-04 12:00:00;642.3000;1590.1500;1411.0100;553.8000;2388.1400;9056.8900;47.4100;521.1000;2388.1300;8130.2500;8.4543;394.0000;0.8400;0;WO731423;1226.63
03-Jul-2026;ENG-077;121;2026-01-06 01:00:00;642.6600;1589.3400;1410.4400;553.4800;2388.1500;9046.9900;47.5100;521.3700;2388.0700;8133.1000;8.4016;394.0000;0.6000;0;WO942825;1,747.17
2026/07/03;ENG-035;181;2026-01-08 13:00:00;643.4800;1597.5800;1429.6600;551.9100;2388.1800;9072.7200;47.8400;520.2200;2388.1200;8152.7600;8.4761;393.0000;0.2240;1;WO190751;
2026-07-03;ENG-016;84;2026-01-04 12:00:00;641.9500;1588.3400;1401.4300;553.9400;2388.0400;9055.8600;47.3400;522.2000;2388.0100;8139.5000;8.4213;393.0000;0.9040;0;WO746975;236.78
2026/07/03;ENG-086;104;2026-01-05 08:00:00;642.9900;1591.2500;1401.8400;552.6800;2388.0700;9069.1500;47.5200;521.3200;2388.0200;8147.9800;8.4617;393.0000;0.7600;0;WO136309;1007.34
2026/07/03;ENG-063;124;2026-01-06 04:00:00;642.7200;1588.5700;1416.5500;553.8400;2388.1100;9055.1900;47.4100;521.1200;2388.1200;8130.8100;8.4529;394.0000;0.8240;0;WO589507;2500.03
2026-07-03;eng-036;94;2026-01-04 22:00:00;643.1800;1599.5500;1411.4500;552.4900;2388.2000;9068.1800;47.8900;520.7100;2388.1400;8138.9900;8.4823;394.0000;0.4080;0;WO201520;1282.28
2026/07/03;eng-064;123;2026-01-06 03:00:00;642.7600;1596.6100;1406.0700;553.7900;2388.0500;9056.6200;47.6300;521.6100;2388.1200;8140.8100;8.4516;393.0000;0.5840;0;WO311432;886.57
03-Jul-2026;ENG-096;74;2026-01-04 02:00:00;641.6000;1585.2800;1404.0000;554.8000;2388.0200;9067.6200;46.9900;522.0200;2387.9900;8147.1000;8.3871;392.0000;1.0000;0;WO462464;2107.69
2026/07/03;  ENG-018 ;102;2026-01-05 06:00:00;642.1300;1590.0400;1402.9400;554.3700;2388.0600;9060.6400;47.4100;522.1200;2388.0300;8144.4600;8.4277;393.0000;0.4720;0;WO980550;983.76
2026/07/03;  ENG-052 ;157;2026-01-07 13:00:00;642.7600;1585.9400;1406.9100;553.9400;2388.0100;9076.9200;47.4400;521.6200;2388.0000;8157.8300;8.4200;392.0000;0.4880;0;WO487572;2269.28
2026-07-03;ENG-018;115;2026-01-05 19:00:00;642.3600;1589.4900;1414.1100;552.7000;2388.0600;9062.4400;47.3800;522.0500;2388.1100;8143.5900;8.4188;393.0000;0.3680;0;WO885830;770.76
2026-07-03;  ENG-084 ;120;2026-01-06 00:00:00;642.5000;1596.7800;1405.9900;553.1500;2388.1500;9056.9600;47.6300;521.8400;2388.1100;8135.9100;8.4697;394.0000;0.8800;0;WO182022;1777.62
03-Jul-2026;ENG-012;217;2026-01-10 01:00:00;642.5900;1595.9000;1409.6400;553.3600;2388.0400;9074.2400;47.3700;522.0300;2388.0200;8155.7400;8.4482;393.0000;0.9920;0;WO913670;332.77
2026-07-03;ENG-014;46;2026-01-02 22:00:00;642.9100;1591.3900;1408.3500;553.7500;2388.1700;9037.3500;47.5700;520.6600;2388.1000;8118.1000;8.4233;393.0000;0.8560;0;WO870426;2,215.71
03-Jul-2026;ENG-066;136;2026-01-06 16:00:00;643.2100;1597.0200;1419.6800;551.9200;2388.0700;9105.5100;47.8000;520.7800;2388.1300;8178.8100;8.4666;395.0000;0.2000;1;WO320215;
03-Jul-2026;ENG-075;76;2026-01-04 04:00:00;642.7800;1593.4300;1405.7100;554.3500;2388.1000;9053.1700;47.4800;521.9300;2388.0300;8138.9500;8.3844;392.0000;;0;WO954099;1792.65
2026/07/03;ENG-024;175;2026-01-08 07:00:00;642.8300;1593.5400;1413.5900;552.8000;2388.0800;9130.0700;47.5800;521.3600;2388.1000;8201.5600;8.4196;392.0000;0.2480;0;WO289062;1541.87
2026/07/03;ENG-093;236;2026-01-10 20:00:00;643.2200;1592.7500;1416.8300;552.7200;2388.1400;9077.2700;47.7000;520.3500;2388.1100;8149.7600;8.5042;394.0000;0.7440;0;WO171091;1162.50
2026-07-03;ENG-040;116;2026-01-05 20:00:00;643.2500;1595.2300;1416.8100;552.8400;2388.1800;9059.6600;47.8200;520.8300;2388.2000;8145.6000;8.4963;393.0000;0.3600;0;WO390331;1259.22
2026-07-03;ENG-066;134;2026-01-06 14:00:00;643.2200;1605.4800;1415.1700;552.7100;2388.1200;9108.8900;47.7000;520.8900;2388.1100;8173.8200;8.4837;397.0000;0.2160;1;WO312812;18672.62
03-Jul-2026;ENG-006;81;2026-01-04 09:00:00;642.5900;1577.5700;1406.4200;553.4300;2388.0900;9059.7800;47.4700;521.5100;2388.0900;8134.3000;8.4234;393.0000;0.9360;0;WO616308;1414.23
2026-07-03;ENG-023;97;2026-01-05 01:00:00;641.8700;1587.6800;1400.8400;554.7000;2388.0200;9051.6100;47.2900;522.6300;2388.0500;8137.4100;8.3898;391.0000;;0;WO942980;2,250.74
2026/07/03;ENG-026;58;2026-01-03 10:00:00;642.3500;1582.9400;1403.1800;554.0600;2387.9700;9068.7300;47.4700;522.0300;2388.0400;8144.1900;8.4112;393.0000;1.0000;0;WO891377;1,123.29
2026/07/03;  ENG-080 ;90;2026-01-04 18:00:00;642.7200;1593.9400;1409.8400;553.5200;2388.0300;9059.5200;47.3900;521.4500;2388.0900;8145.9400;8.4332;393.0000;1.0000;0;WO445966;1309.12
2026-07-03;ENG-029;121;2026-01-06 01:00:00;642.4700;1580.9400;1401.8600;554.5000;2388.0600;9060.8800;47.3400;521.7200;2388.0300;8144.2000;8.4039;393.0000;1.0000;0;WO235264;2,465.34
2026/07/03;eng-100;159;2026-01-07 15:00:00;642.5200;1586.3300;1412.2200;553.3200;2388.0300;9089.2900;47.4300;522.1600;2388.0200;8166.2400;8.3893;392.0000;0.4720;0;WO194368;
2026-07-03;  ENG-061 ;108;2026-01-05 12:00:00;642.9400;1593.7900;1412.9300;553.7600;2388.0700;9065.7200;47.4200;521.2800;2388.0500;8145.0900;8.4102;393.0000;0.5760;0;WO280664;919.01
2026-07-03;ENG-064;146;2026-01-07 02:00:00;643.0400;1589.0800;1410.5000;552.6700;2388.0700;9049.6200;47.5300;521.5000;2388.1100;8132.3700;8.4475;393.0000;0.4000;0;WO550516;640.63
2026/07/03;ENG-072;119;2026-01-05 23:00:00;642.8000;1591.2200;1405.2200;553.4600;2388.1000;9074.2900;47.6500;521.8500;2388.0700;8143.0300;8.3977;392.0000;0.4960;0;WO388239;988.11
2026-07-03;ENG-062;198;2026-01-09 06:00:00;642.4700;1587.9300;1406.4300;554.2100;2388.1000;9077.7700;47.3400;521.8700;2388.0100;8157.9700;8.4148;393.0000;0.7040;0;WO847257;1,666.53
2026-07-03;eng-042;105;2026-01-05 09:00:00;642.6500;1591.9000;1406.0200;554.2500;2388.1100;9042.5800;47.2500;521.6600;2388.0700;8131.1300;8.3954;393.0000;0.4880;0;WO372548;1763.04
2026/07/03;ENG-064;116;2026-01-05 20:00:00;642.7900;1582.8400;1407.1600;553.9400;2388.1300;9057.7100;47.5500;521.5300;2388.1300;8138.0300;8.4357;394.0000;0.6400;0;WO807824;2726.58
2026-07-03;ENG-072;91;2026-01-04 19:00:00;642.7500;1584.7600;1403.0700;554.5000;2388.0500;9068.9000;47.3400;521.6800;2388.0700;8144.9000;8.4600;393.0000;0.7200;0;WO235250;390.78
2026-07-03;  ENG-030 ;102;2026-01-05 06:00:00;642.7600;1586.5000;1404.6300;553.0900;2388.1500;9053.9800;47.5100;521.5200;2388.1100;8133.2000;8.3959;391.0000;1.0000;0;WO413302;809.26
2026-07-03;  ENG-003 ;87;2026-01-04 15:00:00;643.2600;1588.1900;1416.5400;553.5800;2388.1700;9047.1100;47.7600;521.1500;2388.1600;8126.8100;8.4272;394.0000;0.8640;0;WO854353;2,470.64
2026-07-03;ENG-099;96;2026-01-05 00:00:00;642.3300;1583.3900;1403.3200;554.0400;2387.9800;9070.7400;47.1500;522.0800;2388.0100;8150.5300;8.4022;390.0000;0.9440;0;WO787999;2,877.42
2026-07-03;  ENG-077 ;112;2026-01-05 16:00:00;642.8900;1585.2900;1412.2600;553.6200;2388.0800;9047.6200;47.7200;521.4600;2388.0500;8128.4900;8.4291;392.0000;0.6720;0;WO829169;1716.51
03-Jul-2026;ENG-054;90;2026-01-04 18:00:00;642.6800;1582.1200;1389.3000;554.0200;2387.9800;9060.9800;47.1900;522.4500;2387.9300;8134.7000;8.4213;391.0000;1.0000;0;WO162797;1538.12
03-Jul-2026;ENG-089;135;2026-01-06 15:00:00;642.6900;1594.8300;1404.3100;553.7000;2388.0800;9048.2300;47.4900;521.7200;2388.1100;8131.2400;8.4562;393.0000;1.0000;0;WO878389;2139.03
03-Jul-2026;ENG-098;115;2026-01-05 19:00:00;642.2200;1587.6700;1415.0700;552.7300;2388.1300;9064.4100;47.5600;521.3300;2388.0600;8141.4200;8.4383;395.0000;0.5200;0;WO789044;395.55
2026/07/03;ENG-040;99;2026-01-05 03:00:00;642.8900;1590.8300;1411.5500;553.2300;2388.1400;9052.5100;47.9200;521.1300;2388.0800;8136.1600;8.4875;397.0000;0.4960;0;WO600082;2278.93
2026-07-03;ENG-089;177;2026-01-08 09:00:00;642.9100;1588.9400;1407.4300;553.1800;2388.0800;9057.5800;47.3600;521.4700;2388.1200;8130.7600;8.4575;395.0000;1.0000;0;WO260099;1148.88
2026/07/03;eng-029;126;2026-01-06 06:00:00;642.4300;1582.0700;1402.9100;553.7400;2388.0100;9061.0000;47.3800;521.9000;2388.0300;8147.6300;8.4318;392.0000;1.0000;0;WO178512;945.02
2026-07-03;  ENG-061 ;147;2026-01-07 03:00:00;642.4000;1587.9500;1414.2500;552.9200;2388.2100;9069.2800;47.8100;521.3500;2388.1300;8145.7900;8.4642;393.0000;0.2640;0;WO644372;2,497.19
2026/07/03;eng-021;143;2026-01-06 23:00:00;642.1200;1584.8700;1399.9100;554.0400;2388.0500;9092.9300;47.4000;521.9900;2388.0400;8163.9500;8.4415;393.0000;0.4960;0;WO595367;
03-Jul-2026;ENG-041;95;2026-01-04 23:00:00;643.0400;1582.1700;1397.0700;553.2300;2388.1400;9042.5400;47.2700;521.4300;2388.0900;8126.5300;8.4698;392.0000;0.3680;0;WO651431;1210.96
03-Jul-2026;  ENG-058 ;176;2026-01-08 08:00:00;643.0100;1596.7200;1418.4200;553.0700;2388.2400;9058.1200;47.7800;521.2000;2388.2000;8128.8200;8.4970;392.0000;0.2960;0;WO974371;2170.06
03-Jul-2026;ENG-091;159;2026-01-07 15:00:00;642.9100;1583.4500;1407.1600;552.4900;2388.2000;9041.2400;47.7200;521.3100;2388.1900;8124.2400;8.4438;392.0000;0.9040;0;WO928201;1954.33
2026/07/03;ENG-007;120;2026-01-06 00:00:00;642.0400;1587.3300;1402.0700;554.2300;2388.0800;9060.7800;47.4000;521.9000;2388.0200;8144.5900;8.4163;392.0000;1.0000;0;WO714379;2,534.54
2026/07/03;ENG-047;64;2026-01-03 16:00:00;642.6600;1584.3900;1402.6100;553.0200;2388.1500;9044.4100;47.6500;521.7000;2388.1700;8120.1500;8.4355;392.0000;1.0000;0;WO745922;1077.66
03-Jul-2026;  ENG-028 ;143;2026-01-06 23:00:00;642.9000;1587.1500;1414.0000;552.7900;2388.0800;9064.1100;47.4900;521.1300;2388.0800;8140.4500;8.4524;392.0000;0.8960;0;WO400904;1520.42
2026-07-03;ENG-037;101;2026-01-05 05:00:00;642.5900;1585.7700;1413.9500;553.6800;2388.0700;9043.0000;47.3500;521.3600;2388.1900;8124.4400;8.4230;394.0000;0.3280;0;WO765431;
2026-07-03;  ENG-056 ;110;2026-01-05 14:00:00;642.9200;1597.9400;1407.6200;552.5900;2388.1700;9042.7700;47.8400;520.0400;2388.2200;8125.4600;8.4917;394.0000;0.3280;0;WO150232;283.96
2026-07-03;ENG-089;151;2026-01-07 07:00:00;642.8800;1588.1200;1407.9100;553.3500;2388.0600;9049.3200;47.7100;521.0200;2388.1300;8128.3100;8.4346;392.0000;1.0000;0;WO197423;843.58
2026/07/03;eng-093;223;2026-01-10 07:00:00;643.3000;1598.6700;1410.9400;552.4600;2388.1000;9075.2000;47.6200;520.7300;2388.1500;8152.4300;8.4781;395.0000;0.8480;0;WO988512;1,935.55
2026/07/03;eng-063;139;2026-01-06 19:00:00;643.2800;1593.6500;1412.8500;552.9700;2388.1100;9049.9500;47.6700;521.0900;2388.2200;8132.8800;8.4663;394.0000;0.7040;0;WO127349;600.37
03-Jul-2026;ENG-084;167;2026-01-07 23:00:00;643.0700;1588.7500;1410.2900;553.3500;2388.1600;9050.3900;47.7000;521.0100;2388.0900;8130.6300;8.4673;394.0000;0.5040;0;WO891605;511.95
03-Jul-2026;ENG-099;84;2026-01-04 12:00:00;642.4500;1586.7600;1393.3300;554.7300;2388.0100;9065.9200;47.1400;522.8200;2387.9500;8146.6100;8.3935;391.0000;1.0000;0;WO344146;2,501.36
2026-07-03;ENG-082;123;2026-01-06 03:00:00;642.8500;1594.7100;1407.7300;553.5100;2388.1700;9061.3000;47.5500;520.8400;2388.1400;8135.9200;8.4554;393.0000;0.3840;0;WO265093;660.27
2026/07/03;ENG-038;88;2026-01-04 16:00:00;642.8800;1591.7300;1404.2600;552.1600;2388.1000;9058.8600;47.6800;521.2400;2388.1100;8135.2800;8.4322;394.0000;0.6960;0;WO887448;2,395.85
2026-07-03;ENG-041;104;2026-01-05 08:00:00;642.8600;1588.4600;1412.0800;552.8400;2388.1000;9040.8400;47.5800;521.5200;2388.1300;8123.3700;8.4264;393.0000;0.2960;0;WO354823;1,526.30
2026/07/03;ENG-021;108;2026-01-05 12:00:00;642.7000;1584.1500;1403.6700;554.3300;2388.0000;9063.7000;47.2900;522.3800;2387.9600;8145.7400;8.3721;392.0000;0.7760;0;WO644021;
2026-07-03;ENG-070;129;2026-01-06 09:00:00;642.4900;1590.6000;1404.5900;553.4000;2388.0600;9040.6000;47.5300;521.9400;2388.0700;8133.0300;8.4425;391.0000;0.9360;0;WO228608;668.09
03-Jul-2026;ENG-034;180;2026-01-08 12:00:00;642.5000;1596.6700;1415.8400;552.4600;2388.1500;9057.4400;47.5800;521.7800;2388.1600;8133.8600;8.4965;395.0000;0.2400;1;WO237569;
03-Jul-2026;ENG-087;48;2026-01-03 00:00:00;642.5100;1585.4500;1398.3400;554.2100;2388.0300;9057.6700;47.2400;522.0700;2388.0500;8140.2200;8.4084;392.0000;0.9920;0;WO644494;1,958.94
03-Jul-2026;  ENG-089 ;145;2026-01-07 01:00:00;642.8500;1587.0400;1406.5500;553.4200;2388.1100;9057.5500;47.3400;521.2200;2388.1200;8126.1800;8.4355;392.0000;1.0000;0;WO648102;2314.58
2026-07-03;ENG-094;131;2026-01-06 11:00:00;642.9100;1597.7000;1413.9200;552.3900;2388.1900;9056.8100;47.7200;520.6400;2388.1500;8133.4100;8.4538;393.0000;0.4560;0;WO222771;2,667.84
2026-07-03;ENG-092;124;2026-01-06 04:00:00;643.5500;1599.4200;1412.1200;552.2800;2388.1900;9051.9900;47.7800;520.5200;2388.1400;8125.2200;8.4749;394.0000;0.3680;0;WO178277;552.72
2026/07/03;ENG-076;203;2026-01-09 11:00:00;643.2700;1599.3100;1424.3900;552.0700;2388.1200;9108.1100;48.0900;520.5600;2388.1100;8181.3200;8.5156;396.0000;0.0960;1;WO791473;3769.23
2026-07-03;eng-041;109;2026-01-05 13:00:00;642.3900;1583.5900;1404.9600;552.8800;2388.0900;9040.1700;47.6500;520.9900;2388.1300;8119.7900;8.4054;394.0000;0.2560;0;WO209647;2848.76
2026/07/03;ENG-091;203;2026-01-09 11:00:00;642.7600;1594.5200;1415.9000;552.9100;2388.2100;9055.1600;47.7000;521.1500;2388.1900;8126.4200;8.4278;394.0000;0.5520;0;WO258714;591.31
2026/07/03;eng-008;135;2026-01-06 15:00:00;642.6200;1590.7500;1401.8700;552.9400;2388.1700;9051.0500;47.4400;522.0900;2388.0900;8133.0400;8.4562;392.0000;1.0000;0;WO749730;397.20
2026-07-03;ENG-070;104;2026-01-05 08:00:00;642.3400;1587.3300;1407.8500;553.0600;2388.0600;9049.5800;47.4900;522.0400;2388.0300;8135.4500;8.4117;394.0000;1.0000;0;WO759247;527.00
2026-07-03;ENG-088;50;2026-01-03 02:00:00;642.7300;1587.4900;1413.3800;553.1300;2388.1500;9041.4400;47.8000;521.4500;2388.1700;8123.4000;8.4463;393.0000;1.0000;0;WO979108;366.85
2026/07/03;ENG-018;93;2026-01-04 21:00:00;642.5100;1576.8700;1407.8300;554.3800;2388.0400;9062.4600;47.4700;521.3500;2388.1400;8136.8300;8.4330;392.0000;0.5440;0;WO207310;1492.75
2026-07-03;ENG-097;131;2026-01-06 11:00:00;642.8700;1585.0000;1397.7600;554.5700;2388.0300;9077.5700;47.2700;521.6900;2388.0500;8154.3700;8.4171;395.0000;;0;WO619795;1572.87
03-Jul-2026;  ENG-093 ;207;2026-01-09 15:00:00;642.9200;1592.0900;1412.4000;552.5800;2388.1500;9070.2700;47.8300;520.6500;2388.1300;8147.4900;8.4593;394.0000;0.9760;0;WO953964;1,359.29
2026/07/03;  ENG-045 ;133;2026-01-06 13:00:00;642.4800;1594.4100;1411.4200;553.5300;2388.0300;9058.1400;47.4200;521.8900;2388.1100;8145.2700;8.4410;393.0000;1.0000;0;WO854889;667.08
03-Jul-2026;eng-019;103;2026-01-05 07:00:00;641.8600;1589.3800;1400.8500;554.8000;2388.1000;9056.0500;47.2500;521.7200;2388.0400;8141.1900;8.4109;393.0000;0.9520;0;WO436258;
03-Jul-2026;eng-042;121;2026-01-06 01:00:00;642.8700;1589.1600;1409.2400;552.9600;2388.1000;9042.0600;47.5500;521.1900;2388.1300;8120.3900;8.4513;394.0000;0.3600;0;WO528667;2,543.93
03-Jul-2026;ENG-016;111;2026-01-05 15:00:00;642.2200;1583.1400;1398.0500;554.0700;2388.0900;9064.5200;47.3300;521.3100;2388.0300;8141.5200;8.4308;393.0000;0.6880;0;WO163767;2249.45
2026/07/03;eng-070;111;2026-01-05 15:00:00;642.3100;1589.6300;1413.6700;553.3700;2388.0800;9054.9700;47.4900;521.2700;2388.0800;8130.6500;8.4565;393.0000;1.0000;0;WO961862;2152.16
2026-07-03;ENG-082;138;2026-01-06 18:00:00;642.8100;1593.0900;1420.5800;552.1900;2388.1600;9059.2600;47.7400;520.9800;2388.1500;8131.9300;8.4329;395.0000;0.2640;0;WO656661;1808.10
2026-07-03;ENG-085;27;2026-01-02 03:00:00;642.3700;1587.4800;1413.5100;553.0400;2388.0900;9049.3400;47.4000;520.7900;2388.0700;8128.0500;8.4324;393.0000;1.0000;0;WO715619;2560.15
2026-07-03;ENG-061;137;2026-01-06 17:00:00;642.5800;1594.4400;1408.9200;553.0600;2388.1200;9066.6400;47.6500;521.4900;2388.0500;8145.4800;8.4444;393.0000;0.3440;0;WO347126;177.75
2026-07-03;ENG-015;63;2026-01-03 15:00:00;642.3800;1588.5200;1401.8100;554.6700;2388.0600;9058.8500;47.3300;522.1800;2388.0400;8140.5400;8.3991;392.0000;0.7680;0;WO330405;1441.63
03-Jul-2026;ENG-028;148;2026-01-07 04:00:00;642.7500;1591.8000;1404.0100;552.7700;2388.0900;9062.6900;47.7700;521.4800;2388.0800;8142.6000;8.4610;392.0000;0.8560;0;WO634664;232.78
2026/07/03;ENG-023;95;2026-01-04 23:00:00;642.2000;1584.1400;1397.0500;554.1400;2388.0500;9050.9100;47.1600;522.3700;2388.0400;8130.6200;8.4586;392.0000;;0;WO117318;1899.38
2026/07/03;ENG-080;125;2026-01-06 05:00:00;642.6800;1594.2200;1404.6300;553.3200;2388.0500;9068.5600;47.4900;521.3000;2388.1200;8143.4000;8.4586;394.0000;0.7840;0;WO648702;312.62
2026/07/03;ENG-060;137;2026-01-06 17:00:00;643.1600;1595.2200;1412.6000;553.5100;2388.1200;9049.0900;47.5500;522.0300;2388.0900;8139.7800;8.4340;395.0000;;0;WO701941;1,705.08
2026/07/03;ENG-076;200;2026-01-09 08:00:00;643.2700;1601.4000;1422.5700;552.3500;2388.1500;9099.9900;48.0200;520.5400;2388.1200;8179.0300;8.4897;396.0000;0.1200;1;WO508897;9,191.01
03-Jul-2026;ENG-026;69;2026-01-03 21:00:00;642.3200;1583.8700;1400.7900;554.6200;2387.9600;9070.6300;47.3700;521.8600;2388.0300;8148.0700;8.3787;393.0000;1.0000;0;WO754351;2767.52
2026/07/03;  ENG-077 ;158;2026-01-07 14:00:00;642.4200;1600.2000;1410.9900;552.7700;2388.2000;9038.6200;47.7000;520.7700;2388.2000;8128.1000;8.4388;395.0000;0.3040;0;WO735018;2,987.26
03-Jul-2026;ENG-031;156;2026-01-07 12:00:00;642.9700;1593.2700;1408.8400;553.0500;2388.0800;9077.6800;47.7000;521.3900;2388.0800;8150.1100;8.4335;393.0000;0.3840;0;WO368449;2,565.60
03-Jul-2026;ENG-092;136;2026-01-06 16:00:00;642.9200;1595.7100;1420.8000;552.1600;2388.2700;9043.0700;47.8600;520.3300;2388.2200;8122.1000;8.5029;396.0000;0.2720;0;WO169065;1682.52
03-Jul-2026;ENG-024;149;2026-01-07 05:00:00;642.6500;1589.5400;1404.2500;553.9300;2388.0100;9099.7900;47.5400;521.6300;2388.0600;8179.7600;8.4461;392.0000;0.4560;0;WO104747;2441.70
2026-07-03;ENG-072;118;2026-01-05 22:00:00;642.2100;1589.7400;1405.6000;553.3100;2388.0800;9063.1700;47.4700;521.3700;2388.0600;8141.6600;8.4128;393.0000;0.5040;0;WO464806;301.09
2026/07/03;ENG-080;109;2026-01-05 13:00:00;642.6900;1591.1000;1412.7200;554.3200;2388.0400;9066.7600;47.5200;521.7500;2388.1100;8142.0400;8.4198;392.0000;0.9120;0;WO794029;2397.20
2026/07/03;ENG-080;105;2026-01-05 09:00:00;642.8600;1591.8200;1408.4400;553.1700;2388.0900;9076.6200;47.4300;521.1700;2388.0400;8151.4500;8.4463;393.0000;0.9440;0;WO164659;855.49
03-Jul-2026;ENG-100;133;2026-01-06 13:00:00;642.9500;1591.8400;1399.8900;554.4900;2388.0600;9078.5400;47.1700;521.9100;2388.0000;8152.2900;8.4227;393.0000;0.6800;0;WO399086;2636.46
2026/07/03;ENG-012;162;2026-01-07 18:00:00;641.8600;1586.1600;1400.3800;553.6600;2388.0000;9061.5000;47.1500;521.6200;2388.0100;8140.9700;8.4447;392.0000;1.0000;0;WO365225;1,210.88
2026-07-03;  ENG-074 ;114;2026-01-05 18:00:00;642.6900;1592.5600;1407.8700;552.9100;2388.1000;9065.6300;47.4100;521.3500;2388.0700;8141.0900;8.4587;391.0000;1.0000;0;WO952252;668.57
2026-07-03;eng-034;139;2026-01-06 19:00:00;642.3300;1584.0100;1405.7800;554.0200;2388.0200;9064.3100;47.4500;522.0600;2388.0400;8143.6900;8.4417;393.0000;0.5680;0;WO295789;1634.31
2026/07/03;ENG-060;105;2026-01-05 09:00:00;642.5500;1592.9500;1410.8700;553.8100;2388.1000;9053.4100;47.5300;521.9500;2388.1200;8131.7100;8.4121;392.0000;1.0000;0;WO815681;2958.97
2026-07-03;ENG-017;153;2026-01-07 09:00:00;642.3700;1590.9800;1412.1400;553.7900;2388.0400;9081.4200;47.5500;521.1600;2388.0000;8164.2700;8.4633;393.0000;0.4960;0;WO506791;629.04
03-Jul-2026;ENG-076;161;2026-01-07 17:00:00;642.9900;1590.0200;1409.0000;553.4300;2388.1100;9080.2900;47.6700;521.7100;2388.0400;8155.1900;8.4461;395.0000;0.4320;0;WO365068;1063.30
2026-07-03;ENG-093;208;2026-01-09 16:00:00;642.6300;1586.9700;1409.4300;552.8900;2388.2000;9064.3100;47.7800;521.1000;2388.1300;8149.3800;8.4909;393.0000;0.9680;0;WO946506;1468.31
2026-07-03;ENG-040;102;2026-01-05 06:00:00;642.9400;1593.1200;1413.2900;552.8200;2388.1600;9061.4400;47.6500;521.1600;2388.1600;8138.7100;8.4600;394.0000;0.4720;0;WO178051;2276.62
2026/07/03;ENG-055;90;2026-01-04 18:00:00;642.7500;1592.0600;1407.1500;554.2200;2388.0100;9053.3300;47.3200;522.1000;2388.1100;8136.8500;8.4169;394.0000;1.0000;0;WO875029;1,798.19
03-Jul-2026;ENG-080;93;2026-01-04 21:00:00;642.6000;1593.6400;1409.1600;554.0100;2388.0300;9067.8400;47.5000;522.2800;2388.0400;8142.4700;8.4059;392.0000;1.0000;0;WO720529;
03-Jul-2026;ENG-045;152;2026-01-07 08:00:00;642.7500;1598.5900;1410.3300;553.2000;2388.1500;9067.3100;47.5700;520.7600;2388.1500;8140.5600;8.4695;394.0000;0.9120;0;WO149250;2,514.45
2026/07/03;ENG-049;257;2026-01-11 17:00:00;643.0100;1593.4900;1405.7900;552.6300;2388.1200;9057.6300;47.5900;520.9300;2388.1300;8137.4300;8.4706;393.0000;;0;WO600038;522.98
2026-07-03;eng-080;115;2026-01-05 19:00:00;642.7500;1592.5600;1405.6700;553.4900;2388.0700;9061.2100;47.4400;521.3800;2388.0400;8146.1400;8.4076;391.0000;0.8640;0;WO948012;2880.32
2026-07-03;ENG-097;102;2026-01-05 06:00:00;642.2900;1591.5300;1400.7300;553.9600;2388.0400;9073.2600;47.3700;521.9500;2388.0300;8151.1200;8.3989;392.0000;0.9120;0;WO368818;943.38
2026/07/03;ENG-051;137;2026-01-06 17:00:00;642.6000;1584.5400;1412.6100;553.6800;2388.0900;9054.6800;47.5300;521.3500;2388.1200;8135.8400;8.4776;393.0000;0.9680;0;WO951717;546.58
03-Jul-2026;ENG-068;139;2026-01-06 19:00:00;643.1600;1587.9200;1410.2600;553.4100;2388.0500;9066.3000;47.5800;521.7000;2388.0900;8137.3300;8.4583;393.0000;0.4480;0;WO258343;2,207.62
2026-07-03;eng-049;208;2026-01-09 16:00:00;642.3400;1585.8300;1405.4000;553.6700;2388.0700;9056.2400;47.2200;522.1500;2388.0400;8140.0400;8.4224;394.0000;0.9280;0;WO652329;648.15
03-Jul-2026;  ENG-058 ;128;2026-01-06 08:00:00;642.9100;1582.4200;1405.3400;553.3300;2388.1400;9056.4300;47.4200;521.6000;2388.0700;8132.9300;8.4215;393.0000;0.6800;0;WO700311;1,250.87
03-Jul-2026;ENG-034;178;2026-01-08 10:00:00;642.8900;1594.8200;1416.9100;552.9600;2388.1500;9056.1900;47.6400;521.5500;2388.1800;8130.6200;8.4390;393.0000;0.2560;0;WO594189;2358.68
03-Jul-2026;ENG-059;67;2026-01-03 19:00:00;641.7000;1586.3000;1400.2600;554.3300;2388.0200;9056.3400;47.2500;522.7600;2388.0200;8139.7200;8.3956;391.0000;1.0000;0;WO963757;195.72
2026/07/03;  ENG-016 ;78;2026-01-04 06:00:00;642.1700;1590.1000;1396.1500;554.6300;2388.1000;9054.6200;47.2600;521.8600;2388.0900;8135.6400;8.3889;391.0000;0.9520;0;WO684615;201.68
2026/07/03;  ENG-091 ;179;2026-01-08 11:00:00;643.0400;1591.4600;1413.5200;552.6600;2388.2100;9040.5700;47.8500;520.9000;2388.1900;8129.4700;8.4916;394.0000;0.7440;0;WO624497;1,465.63
2026/07/03;  ENG-095 ;70;2026-01-03 22:00:00;642.0400;1580.9600;1408.7500;553.8200;2388.1200;9057.4700;47.0900;521.4400;2388.0300;8126.0700;8.4050;393.0000;1.0000;0;WO374563;1269.44
2026/07/03;ENG-078;69;2026-01-03 21:00:00;642.1400;1589.1700;1389.6600;554.7000;2387.9700;9069.4400;46.8900;522.3400;2387.9700;8153.9900;8.3847;390.0000;0.8800;0;WO374046;1,425.64
2026-07-03;  ENG-004 ;84;2026-01-04 12:00:00;642.6800;1584.6600;1413.5600;553.8200;2388.1100;9046.4800;47.7000;521.6000;2388.0900;8132.8700;8.4297;393.0000;0.8320;0;WO681157;2,242.68
03-Jul-2026;ENG-073;108;2026-01-05 12:00:00;642.5200;1582.6500;1409.5600;554.0600;2388.0400;9062.0000;47.2300;521.6800;2388.0700;8140.5800;8.4007;394.0000;1.0000;0;WO517542;1038.28
2026-07-03;ENG-056;117;2026-01-05 21:00:00;643.3400;1595.3900;1429.8500;552.9000;2388.2000;9044.6200;47.8900;520.6100;2388.1800;8127.3300;8.4799;394.0000;0.2720;0;WO927112;360.17
03-Jul-2026;ENG-042;148;2026-01-07 04:00:00;643.2100;1597.0300;1416.5100;551.5300;2388.1900;9031.7100;47.8200;519.9100;2388.2300;8109.0300;8.4882;394.0000;0.1440;1;WO278589;16,467.23
2026/07/03;ENG-063;119;2026-01-05 23:00:00;642.4300;1597.8900;1408.4800;552.7500;2388.1200;9058.1500;47.4900;520.7500;2388.1300;8128.9000;8.3878;393.0000;0.8640;0;WO476182;454.33
2026/07/03;eng-066;125;2026-01-06 05:00:00;642.7500;1596.5300;1413.6500;553.1000;2388.1100;9092.7200;47.4700;520.6400;2388.0900;8168.1000;8.4449;395.0000;;0;WO727807;294.36
2026-07-03;ENG-043;116;2026-01-05 20:00:00;642.2400;1592.3300;1413.0600;553.5200;2388.0600;9053.0300;47.3700;521.3500;2388.0800;8134.1800;8.4495;393.0000;0.9200;0;WO478583;1404.43
2026-07-03;ENG-036;119;2026-01-05 23:00:00;643.4100;1599.3100;1417.2000;552.7200;2388.1700;9054.0300;47.7800;520.2600;2388.2200;8140.1700;8.4720;395.0000;0.2080;1;WO670095;
2026/07/03;eng-061;128;2026-01-06 08:00:00;642.5000;1584.4300;1406.0400;553.1900;2388.1000;9073.8600;47.5600;521.5200;2388.1000;8149.9900;8.4566;394.0000;0.4160;0;WO865743;308.96
2026/07/03;eng-072;93;2026-01-04 21:00:00;642.3900;1588.8200;1405.5100;553.9600;2388.0700;9069.8000;47.4400;521.9300;2388.0300;8142.6900;8.4009;393.0000;0.7040;0;WO419235;2,645.92
2026-07-03;ENG-076;139;2026-01-06 19:00:00;643.0400;1590.5700;1414.5200;554.3700;2388.0000;9069.7000;47.5400;521.7400;2388.0500;8147.1900;8.4136;392.0000;0.6080;0;WO587160;374.20
03-Jul-2026;ENG-028;122;2026-01-06 02:00:00;642.1300;1595.1900;1404.2300;553.2200;2388.0800;9046.3200;47.5000;521.6200;2388.1100;8133.3900;8.4576;394.0000;;0;WO871455;2,879.91
2026-07-03;  ENG-040 ;105;2026-01-05 09:00:00;642.7800;1588.0200;1411.7900;552.4400;2388.1600;9063.2800;47.9100;520.3300;2388.1500;8138.2300;8.4350;394.0000;0.4480;0;WO826095;2,913.23
03-Jul-2026;ENG-069;51;2026-01-03 03:00:00;642.4300;1583.2400;1398.5400;553.2600;2388.1300;9042.7100;47.6000;521.5400;2388.0600;8132.2800;8.4335;392.0000;0.9920;0;WO960796;2,392.74
2026/07/03;  ENG-013 ;195;2026-01-09 03:00:00;642.3700;1591.3100;1414.5100;553.2800;2388.1000;9060.9200;47.5200;521.3000;2388.1200;8146.8000;8.4336;394.0000;0.7600;0;WO708448;519.02
2026-07-03;ENG-045;146;2026-01-07 02:00:00;642.9900;1596.5400;1411.0500;553.4900;2388.1300;9061.8400;47.5100;521.8100;2388.1000;8140.5600;8.4417;392.0000;0.9600;0;WO271160;1786.33
2026/07/03;ENG-071;62;2026-01-03 14:00:00;642.5500;1592.8500;1406.7100;554.0900;2388.0400;9077.1800;47.3200;522.2000;2387.9800;8148.8200;8.4137;393.0000;0.9920;0;WO279607;
2026-07-03;eng-010;180;2026-01-08 12:00:00;642.8500;1584.5600;1402.7900;553.3400;2388.0700;9064.1700;47.5600;521.7600;2388.0700;8140.3200;8.4424;393.0000;0.8640;0;WO647202;847.53
2026/07/03;ENG-080;103;2026-01-05 07:00:00;642.6400;1589.3800;1408.6600;553.7800;2388.0800;9068.2900;47.5100;521.4900;2388.0400;8141.4300;8.4028;392.0000;0.9600;0;WO771694;2476.93
2026/07/03;ENG-075;86;2026-01-04 14:00:00;642.5900;1586.1200;1404.5100;553.7900;2388.0700;9060.5800;47.7200;521.2700;2388.0600;8139.4300;8.4111;393.0000;0.9200;0;WO605314;2025.29
03-Jul-2026;ENG-046;108;2026-01-05 12:00:00;643.2200;1588.6800;1412.3300;552.8000;2388.1200;9074.4600;47.5200;521.5300;2388.0900;8155.3200;8.4415;395.0000;0.6800;0;WO697812;837.59
2026/07/03;ENG-030;132;2026-01-06 12:00:00;642.6400;1585.5500;1409.4600;553.4200;2388.1100;9048.7900;47.6500;521.5400;2388.1300;8133.6700;8.4674;394.0000;1.0000;0;WO123303;2,602.29
03-Jul-2026;ENG-083;63;2026-01-03 15:00:00;642.0600;1586.1700;1405.5000;553.7800;2388.0500;9064.4800;47.2800;521.8900;2388.0300;8132.9500;8.4252;394.0000;1.0000;0;WO505609;290.18
2026-07-03;ENG-020;138;2026-01-06 18:00:00;642.6800;1594.2400;1409.5500;553.3200;2388.1700;9057.0500;47.4300;521.1000;2388.1100;8144.9300;8.4461;395.0000;0.4960;0;WO193146;293.76
2026/07/03;ENG-019;123;2026-01-06 03:00:00;642.0400;1580.3600;1402.1600;554.3600;2388.0600;9066.0100;47.2500;521.6500;2388.0200;8141.4900;8.4170;391.0000;0.7920;0;WO763380;2541.35
2026-07-03;  ENG-081 ;198;2026-01-09 06:00:00;644.3000;1596.3700;1411.1400;552.2400;2388.2600;9074.1500;47.8300;520.5800;2388.1400;8148.2100;8.4861;394.0000;0.1840;1;WO874188;14273.41
2026-07-03;ENG-046;133;2026-01-06 13:00:00;643.2800;1590.1400;1404.3100;553.6200;2388.1800;9076.8300;47.6300;521.7000;2388.1200;8154.2700;8.4978;395.0000;0.4800;0;WO252777;1579.48
2026/07/03;ENG-046;137;2026-01-06 17:00:00;643.0000;1598.6300;1404.7200;553.4400;2388.1000;9080.3200;47.7500;521.3600;2388.1000;8157.7100;8.4402;394.0000;0.4480;0;WO805988;1812.08
2026-07-03;ENG-014;33;2026-01-02 09:00:00;642.6000;1590.5800;1409.7200;553.0100;2388.1400;9036.5500;47.7300;521.7000;2388.1300;8114.2900;8.4406;393.0000;0.9600;0;WO343906;2403.05
2026/07/03;ENG-049;297;2026-01-13 09:00:00;643.1800;1595.6100;1422.2200;552.2100;2388.2200;9055.4100;47.9400;520.2900;2388.1700;8129.4300;8.4810;395.0000;0.2160;1;WO843183;1023.41
03-Jul-2026;ENG-049;206;2026-01-09 14:00:00;642.9500;1586.8200;1404.4700;553.7200;2388.0500;9069.9800;47.4700;522.1700;2388.0800;8142.6700;8.4106;394.0000;0.9440;0;WO900843;
03-Jul-2026;ENG-034;154;2026-01-07 10:00:00;642.6400;1591.3400;1410.6700;553.1500;2388.1200;9050.3000;47.3900;521.3300;2388.1300;8141.6700;8.4184;393.0000;0.4480;0;WO466285;579.79
2026-07-03;ENG-100;143;2026-01-06 23:00:00;642.5600;1583.0000;1408.1100;553.3000;2388.0800;9078.1500;47.3500;522.1200;2388.0600;8161.9700;8.4258;393.0000;0.6000;0;WO388891;2,823.45
2026/07/03;ENG-050;74;2026-01-04 02:00:00;642.6600;1582.5900;1397.6500;553.1800;2388.0500;9066.8400;47.5000;521.9100;2388.0600;8142.0700;8.4719;393.0000;0.6320;0;WO446521;2398.42
2026-07-03;ENG-006;75;2026-01-04 03:00:00;642.6200;1587.7500;1412.6900;553.6600;2388.0800;9052.9300;47.4300;521.4800;2388.0700;8132.1100;8.4166;391.0000;0.9840;0;WO147984;293.02
2026/07/03;ENG-033;45;2026-01-02 21:00:00;643.2100;1587.0600;1407.8000;552.9200;2388.1200;9062.1900;47.5400;521.3100;2388.0700;8137.7200;8.4635;393.0000;0.8880;0;WO704549;2,370.51
2026-07-03;ENG-057;131;2026-01-06 11:00:00;642.7200;1591.1600;1407.9100;553.0900;2388.2100;9047.6700;47.6600;521.2300;2388.0900;8135.2600;8.4327;392.0000;1.0000;0;WO491127;2,792.47
2026/07/03;ENG-061;142;2026-01-06 22:00:00;642.7900;1598.3800;1412.3200;553.2400;2388.0800;9074.6700;47.5100;521.2300;2388.1200;8147.8500;8.4934;393.0000;0.3040;0;WO208664;2,884.42
03-Jul-2026;ENG-043;129;2026-01-06 09:00:00;642.9300;1589.5500;1408.3800;553.2300;2388.0500;9052.8800;47.5200;521.8200;2388.1500;8139.8000;8.4567;393.0000;0.8160;0;WO191234;633.23
2026-07-03;eng-093;217;2026-01-10 01:00:00;642.7900;1595.4400;1409.5100;552.4400;2388.1800;9070.7200;47.8000;520.6500;2388.1000;8141.1100;8.4785;395.0000;0.8960;0;WO800207;991.00
2026-07-03;  ENG-067 ;58;2026-01-03 10:00:00;642.0700;1573.4900;1408.0800;554.1700;2388.0900;9056.8500;47.4300;521.6800;2388.0500;8141.9000;8.4404;392.0000;0.7200;0;WO249209;225.41
2026-07-03;  ENG-089 ;167;2026-01-07 23:00:00;642.9100;1586.8400;1410.6500;553.6300;2388.1500;9040.2900;47.5700;521.3500;2388.1300;8131.8900;8.4313;392.0000;1.0000;0;WO601693;160.84
2026/07/03;ENG-100;161;2026-01-07 17:00:00;643.0000;1592.2300;1407.9800;553.0400;2388.0000;9090.8500;47.5000;521.7900;2388.0100;8166.9200;8.4316;392.0000;0.4560;0;WO415337;2856.28
2026-07-03;ENG-036;95;2026-01-04 23:00:00;642.7800;1588.5300;1413.5300;552.6700;2388.1600;9060.3300;47.7600;520.5400;2388.1700;8135.3400;8.4557;396.0000;0.4000;0;WO624258;2,536.28
03-Jul-2026;ENG-070;127;2026-01-06 07:00:00;642.6900;1584.6100;1404.3300;553.5700;2388.1300;9054.5900;47.4000;521.6900;2388.1000;8130.1900;8.4264;394.0000;;0;WO374296;2,236.46
2026-07-03;ENG-031;186;2026-01-08 18:00:00;643.3100;1599.3000;1418.3800;551.3400;2388.1700;9080.4900;48.0500;520.6100;2388.1700;8150.7200;8.5030;395.0000;0.1440;1;WO585546;19874.51
2026/07/03;ENG-089;126;2026-01-06 06:00:00;642.5400;1590.4900;1409.7400;554.0300;2388.0700;9044.7000;47.5200;521.6700;2388.1900;8125.4900;8.4303;394.0000;1.0000;0;WO825041;2856.59
2026-07-03;ENG-041;121;2026-01-06 01:00:00;643.0500;1595.7300;1411.4500;551.7700;2388.2000;9029.7100;47.7500;520.8200;2388.2100;8115.3800;8.4697;394.0000;0.1600;1;WO531310;22930.37
2026/07/03;ENG-084;168;2026-01-08 00:00:00;642.1300;1600.0000;1412.4700;553.0500;2388.1400;9044.7400;47.7400;520.8100;2388.0800;8130.1200;8.4839;394.0000;0.4960;0;WO816073;2,763.43
03-Jul-2026;ENG-048;69;2026-01-03 21:00:00;642.6800;1587.9000;1409.0700;553.6300;2388.1000;9048.9700;47.4000;521.6100;2388.0500;8131.1000;8.4515;393.0000;0.8080;0;WO207818;51.45
2026-07-03;ENG-063;120;2026-01-06 00:00:00;642.9400;1586.9600;1409.8900;553.9800;2388.0900;9045.4900;47.4800;521.0800;2388.1300;8133.2900;8.4385;395.0000;0.8560;0;WO604169;2,391.49
2026/07/03;ENG-047;71;2026-01-03 23:00:00;642.8700;1587.9200;1407.3500;553.6300;2388.1400;9041.7200;47.6000;520.9800;2388.2100;8119.3700;8.4604;393.0000;1.0000;0;WO233603;602.20
03-Jul-2026;ENG-044;48;2026-01-03 00:00:00;642.9300;1586.2800;1404.0800;553.4900;2388.0600;9046.9200;47.3100;521.7200;2388.1000;8129.4900;8.4568;393.0000;0.9200;0;WO806279;
2026/07/03;ENG-036;126;2026-01-06 06:00:00;642.9400;1599.1900;1418.9800;552.3200;2388.1600;9056.3000;47.9400;520.0100;2388.2200;8136.9600;8.5259;394.0000;0.1520;1;WO179678;8424.15
03-Jul-2026;ENG-060;145;2026-01-07 01:00:00;642.5800;1593.2500;1411.7600;553.1600;2388.0700;9057.7500;47.4900;521.2700;2388.1100;8128.2300;8.4123;393.0000;0.8160;0;WO413778;1939.01
2026/07/03;ENG-007;154;2026-01-07 10:00:00;642.0700;1584.3500;1399.3300;554.1300;2388.0100;9073.3800;47.6000;522.6800;2388.0200;8144.0800;8.4136;394.0000;0.7760;0;WO740686;1355.98
2026/07/03;ENG-032;109;2026-01-05 13:00:00;642.6100;1589.3200;1395.8000;554.2100;2388.0600;9085.0100;47.4700;522.2100;2387.9800;8161.4100;8.4246;392.0000;0.6720;0;WO787078;1,201.19
03-Jul-2026;ENG-027;97;2026-01-05 01:00:00;642.0800;1581.9900;1397.0500;554.1000;2388.0800;9050.1800;47.2700;521.8800;2388.0500;8131.4800;8.4019;392.0000;0.8720;0;WO573703;2556.27
03-Jul-2026;  ENG-031 ;177;2026-01-08 09:00:00;642.9600;1587.9500;1420.4200;553.5500;2388.1300;9079.9900;47.8400;520.5200;2388.1600;8147.7100;8.4907;395.0000;0.2160;1;WO812692;2,947.46
2026-07-03;  ENG-020 ;183;2026-01-08 15:00:00;643.3300;1604.1800;1423.0900;551.5500;2388.2400;9060.8100;48.0500;520.2300;2388.2300;8137.6300;8.5354;397.0000;0.1360;1;WO473789;3,004.02
03-Jul-2026;ENG-011;67;2026-01-03 19:00:00;643.1600;1580.7500;1408.7000;553.5900;2388.1200;9041.5800;47.4900;521.3500;2388.1500;8119.1000;8.4364;392.0000;0.9040;0;WO129799;614.44
2026/07/03;ENG-035;195;2026-01-09 03:00:00;643.4200;1599.5100;1429.3100;551.9300;2388.2000;9080.8600;48.0500;520.0200;2388.2200;8149.5600;8.5088;395.0000;0.1120;1;WO115265;
2026/07/03;  ENG-097 ;113;2026-01-05 17:00:00;642.9600;1582.5200;1401.7500;553.6600;2388.0100;9069.3200;47.2000;522.0200;2388.0800;8152.9600;8.3958;393.0000;0.8240;0;WO244995;714.46
2026-07-03;ENG-083;68;2026-01-03 20:00:00;642.4900;1585.1100;1402.9300;553.7900;2388.0400;9050.8700;47.3400;522.4500;2388.0600;8144.1100;8.4098;393.0000;1.0000;0;WO455016;893.25
03-Jul-2026;  ENG-100 ;183;2026-01-08 15:00:00;642.7800;1595.3400;1406.2100;553.5100;2388.0300;9122.9700;47.5300;522.0600;2388.0500;8197.4200;8.4463;394.0000;0.2800;0;WO171690;535.90
03-Jul-2026;ENG-053;138;2026-01-06 18:00:00;642.5900;1592.2800;1404.2600;553.7300;2388.0700;9072.0600;47.4600;521.5600;2388.1000;8158.1100;8.4643;394.0000;0.4160;0;WO992883;748.95
2026/07/03;ENG-028;149;2026-01-07 05:00:00;641.9500;1591.3200;1414.6800;553.5800;2388.1300;9053.4600;47.5400;521.1400;2388.1500;8139.5400;8.4505;394.0000;0.8480;0;WO766582;1192.83
2026/07/03;ENG-058;131;2026-01-06 11:00:00;642.7300;1587.9200;1404.7100;553.9500;2388.1200;9056.5400;47.3900;521.1700;2388.1700;8131.4700;8.4407;393.0000;0.6560;0;WO797787;692.30
2026/07/03;ENG-016;97;2026-01-05 01:00:00;642.2600;1589.1400;1404.1400;554.7500;2388.0300;9058.2000;47.1900;521.7100;2388.0600;8137.9100;8.3891;392.0000;0.8000;0;WO967059;432.26
03-Jul-2026;ENG-069;43;2026-01-02 19:00:00;642.3200;1580.3300;1407.3300;553.7000;2388.0800;9048.9100;47.3900;521.8400;2388.0800;8125.7200;8.4205;392.0000;1.0000;0;WO179704;2816.97
2026-07-03;eng-076;153;2026-01-07 09:00:00;642.2800;1591.4800;1403.3600;553.7700;2388.0500;9075.3500;47.5300;521.8600;2388.1100;8152.4500;8.4273;392.0000;0.4960;0;WO235869;1890.51
03-Jul-2026;ENG-031;150;2026-01-07 06:00:00;643.1000;1594.6100;1408.9300;553.8200;2388.1600;9071.3900;47.5300;521.2300;2388.0700;8150.5400;8.4566;393.0000;0.4320;0;WO963050;2791.58
2026/07/03;ENG-034;157;2026-01-07 13:00:00;642.1900;1587.7400;1418.1000;553.2500;2388.0800;9056.4200;47.5100;521.2100;2388.1000;8139.5100;8.4802;394.0000;0.4240;0;WO514000;
2026/07/03;ENG-081;163;2026-01-07 19:00:00;642.6500;1595.6100;1414.7300;553.0100;2388.0900;9074.0400;47.5100;520.8400;2388.0700;8153.0000;8.4406;393.0000;0.4640;0;WO992411;
2026/07/03;ENG-007;160;2026-01-07 16:00:00;642.1000;1589.5900;1413.5700;553.4200;2388.0400;9070.9900;47.3200;522.3200;2388.0700;8149.1900;8.4028;393.0000;0.7280;0;WO445924;478.01
2026/07/03;ENG-093;171;2026-01-08 03:00:00;642.8400;1601.4700;1412.3300;553.0000;2388.1000;9060.1400;47.7400;521.8100;2388.1500;8139.0600;8.4413;395.0000;1.0000;0;WO216932;257.25
03-Jul-2026;  ENG-028 ;113;2026-01-05 17:00:00;642.8500;1592.1100;1407.1900;553.9300;2388.0500;9056.7100;47.5500;521.2400;2388.0900;8133.0600;8.4037;393.0000;1.0000;0;WO139539;2,683.47
2026/07/03;  ENG-009 ;51;2026-01-03 03:00:00;642.7800;1590.0500;1404.8400;552.8300;2388.1300;9048.3700;47.6000;521.4500;2388.1100;8138.8500;8.4401;393.0000;0.9200;0;WO477885;582.45
2026-07-03;  ENG-007 ;133;2026-01-06 13:00:00;642.2600;1582.7600;1400.3700;554.4500;2388.0800;9071.0700;47.3000;521.7100;2388.0400;8144.1000;8.3975;391.0000;0.9440;0;WO519068;185.75
2026-07-03;ENG-068;147;2026-01-07 03:00:00;642.9300;1586.5300;1409.9900;552.3200;2388.1300;9070.9500;47.7700;520.8900;2388.1200;8144.3100;8.4672;393.0000;0.3840;0;WO351338;2251.83
2026-07-03;ENG-063;133;2026-01-06 13:00:00;642.3600;1596.3300;1408.4700;553.0200;2388.1100;9049.8100;47.8200;521.5200;2388.1500;8129.8900;8.4453;394.0000;0.7520;0;WO720964;904.49
2026-07-03;eng-029;142;2026-01-06 22:00:00;643.1200;1584.0800;1405.7100;553.5200;2388.0100;9066.7900;47.2500;521.6200;2388.0200;8147.4900;8.4377;393.0000;0.9520;0;WO170403;2878.45
2026/07/03;ENG-058;123;2026-01-06 03:00:00;643.1000;1588.8600;1408.1900;553.4000;2388.0900;9049.4000;47.3500;521.7000;2388.1100;8129.5400;8.4076;392.0000;0.7200;0;WO648401;2514.57
2026-07-03;ENG-052;134;2026-01-06 14:00:00;642.5600;1589.3900;1402.3900;554.4400;2387.9700;9068.5300;47.3300;522.3400;2388.0300;8143.8500;8.3932;393.0000;0.6720;0;WO399071;2782.12
2026/07/03;eng-035;183;2026-01-08 15:00:00;643.7000;1600.2200;1415.3200;552.2600;2388.2500;9070.2100;47.9900;520.6300;2388.2300;8150.9400;8.4903;394.0000;0.2080;1;WO798427;9,386.41
2026-07-03;ENG-030;139;2026-01-06 19:00:00;642.7200;1590.5400;1409.4900;553.0600;2388.1000;9045.6500;47.6400;521.1300;2388.1300;8129.5600;8.4639;392.0000;0.9520;0;WO663772;1713.46
2026/07/03;ENG-068;150;2026-01-07 06:00:00;642.4400;1597.0400;1412.0800;553.1600;2388.0900;9067.5300;47.5200;521.1200;2388.1600;8144.8300;8.4505;394.0000;0.3600;0;WO339616;680.43
2026-07-03;  ENG-045 ;107;2026-01-05 11:00:00;642.9100;1588.6300;1410.4500;553.2800;2388.1500;9062.9500;47.4300;521.6900;2388.1400;8136.4900;8.4544;392.0000;1.0000;0;WO498460;1025.70
2026-07-03;ENG-026;74;2026-01-04 02:00:00;642.1800;1591.6700;1394.6000;553.6500;2388.0400;9068.3500;47.3900;521.8700;2388.0800;8146.3300;8.3926;393.0000;0.9680;0;WO683458;592.86
03-Jul-2026;ENG-090;105;2026-01-05 09:00:00;642.7500;1589.4300;1407.2800;552.6800;2388.1100;9062.3900;47.6100;521.2100;2388.1200;8142.7400;8.4855;392.0000;0.5520;0;WO959564;1,505.95
2026-07-03;ENG-066;103;2026-01-05 07:00:00;642.9300;1588.1800;1419.4100;553.2800;2388.1500;9071.4600;47.7700;521.8000;2388.0800;8147.7600;8.4549;394.0000;0.4640;0;WO283964;1566.65
03-Jul-2026;ENG-010;135;2026-01-06 15:00:00;642.5300;1587.6000;1395.3100;554.5700;2388.0800;9061.8200;47.2400;522.0700;2388.0400;8145.4500;8.4328;393.0000;1.0000;0;WO303000;1975.51
2026-07-03;ENG-058;153;2026-01-07 09:00:00;643.4000;1591.9100;1408.3300;553.3100;2388.1400;9051.3600;47.4500;521.5600;2388.1200;8132.4900;8.4235;392.0000;0.4800;0;WO163100;590.48
2026/07/03;ENG-009;43;2026-01-02 19:00:00;642.6100;1592.6700;1414.4200;553.8000;2388.0900;9055.8300;47.5900;521.2400;2388.1400;8135.0000;8.4521;393.0000;0.9840;0;WO800469;555.58
2026-07-03;ENG-076;184;2026-01-08 16:00:00;642.9600;1598.2500;1403.2300;552.6900;2388.0600;9092.0100;47.8200;521.0600;2388.1200;8166.0300;8.4726;396.0000;0.2480;0;WO986016;2,155.59
03-Jul-2026;ENG-017;149;2026-01-07 05:00:00;642.9100;1585.5500;1404.4500;553.8400;2388.0400;9084.5600;47.4800;521.2200;2388.0400;8166.6400;8.4352;392.0000;0.5280;0;WO561192;2,669.19
03-Jul-2026;ENG-058;143;2026-01-06 23:00:00;642.3100;1592.7700;1413.0600;553.1200;2388.1200;9042.7200;47.5600;521.6000;2388.0700;8131.4500;8.4414;393.0000;0.5600;0;WO707873;397.58
03-Jul-2026;  ENG-100 ;138;2026-01-06 18:00:00;642.0600;1587.8100;1397.1800;553.3400;2387.9900;9073.3000;47.4500;522.0600;2388.0200;8154.0700;8.4197;394.0000;0.6400;0;WO727164;1295.93
2026-07-03;ENG-010;173;2026-01-08 05:00:00;643.1400;1584.8900;1399.1600;553.9100;2388.0300;9068.5400;47.5000;521.5700;2388.0600;8143.0300;8.4203;392.0000;0.9200;0;WO459193;540.07
03-Jul-2026;ENG-036;89;2026-01-04 17:00:00;643.2600;1588.8300;1422.0000;552.6900;2388.1600;9063.9300;47.7800;520.6300;2388.1800;8137.6100;8.4340;394.0000;0.4480;0;WO493715;2939.01
03-Jul-2026;  ENG-031 ;141;2026-01-06 21:00:00;642.3200;1591.7400;1407.7600;553.7000;2388.0900;9071.0600;47.4900;521.4400;2388.0900;8154.1500;8.4279;391.0000;0.5040;0;WO395266;1,586.59
03-Jul-2026;ENG-091;197;2026-01-09 05:00:00;643.2200;1593.1600;1422.7800;552.9700;2388.2100;9051.8600;47.8100;520.6700;2388.1800;8126.6500;8.4445;394.0000;0.6000;0;WO182231;656.16
2026-07-03;ENG-080;128;2026-01-06 08:00:00;642.6300;1586.9700;1404.2600;553.6700;2388.0200;9071.7100;47.4500;521.7800;2388.1000;8144.5800;8.4326;391.0000;0.7600;0;WO854865;363.82
2026/07/03;ENG-028;134;2026-01-06 14:00:00;642.4600;1586.8300;1400.8100;553.4600;2388.1300;9055.8300;47.3000;521.3900;2388.1900;8130.1900;8.4247;392.0000;0.9680;0;WO115648;1,132.97
2026-07-03;ENG-030;109;2026-01-05 13:00:00;643.2700;1596.0800;1408.2300;552.9900;2388.1400;9045.7900;47.4300;522.0700;2388.1400;8127.1000;8.4491;392.0000;1.0000;0;WO483905;2038.99
2026/07/03;ENG-077;160;2026-01-07 16:00:00;643.4100;1587.3300;1419.3600;552.2100;2388.1900;9047.2800;47.7400;520.3300;2388.1700;8126.6100;8.4783;395.0000;0.2880;0;WO363297;1835.28
2026/07/03;ENG-022;35;2026-01-02 11:00:00;643.0200;1592.1700;1404.7300;553.5100;2388.1000;9043.3200;47.3800;522.1800;2388.0500;8123.3300;8.4192;394.0000;0.9200;0;WO397809;2,225.39
2026/07/03;  ENG-049 ;240;2026-01-11 00:00:00;642.9000;1588.9000;1400.5800;553.7600;2388.1300;9072.4400;47.4500;521.4300;2388.1100;8135.4100;8.4173;392.0000;0.6720;0;WO609958;351.29
2026-07-03;  ENG-062 ;217;2026-01-10 01:00:00;642.8300;1590.0000;1407.3700;553.8400;2388.0300;9081.1900;47.5000;521.9200;2388.0600;8159.6800;8.4245;393.0000;0.5520;0;WO490849;1575.27
2026/07/03;ENG-005;70;2026-01-03 22:00:00;642.4100;1584.2300;1402.1900;553.2600;2388.0500;9051.3000;47.7500;521.7800;2388.1100;8133.6800;8.4678;393.0000;0.9520;0;WO537284;938.47
2026/07/03;ENG-077;152;2026-01-07 08:00:00;642.9600;1587.5500;1412.3100;553.0900;2388.1800;9045.5100;47.6900;521.4000;2388.1100;8127.4000;8.4658;394.0000;0.3520;0;WO867112;2720.35
2026/07/03;eng-026;75;2026-01-04 03:00:00;642.3000;1585.1500;1394.8400;553.4300;2388.0800;9064.9000;47.4200;522.1700;2387.9800;8154.4600;8.3862;391.0000;0.9600;0;WO411073;1,855.67
2026-07-03;eng-011;62;2026-01-03 14:00:00;642.8800;1580.6000;1414.1900;552.8600;2388.1300;9038.5100;47.6100;521.3400;2388.1300;8114.6600;8.4511;394.0000;0.9440;0;WO936248;1357.17
2026-07-03;ENG-017;121;2026-01-06 01:00:00;642.2200;1589.2500;1407.4400;554.0100;2388.0200;9079.6100;47.3100;522.4600;2388.0200;8156.0700;8.4593;392.0000;0.7520;0;WO470049;1490.97
2026-07-03;  ENG-070 ;120;2026-01-06 00:00:00;642.1400;1592.2700;1405.4400;553.9400;2388.1100;9050.4500;47.5100;522.1900;2388.1100;8129.2300;8.4222;392.0000;1.0000;0;WO393863;1,231.15
2026/07/03;ENG-093;205;2026-01-09 13:00:00;642.7500;1586.8400;1421.2300;553.0900;2388.1800;9066.1400;47.5000;521.4100;2388.0800;8140.1200;8.4637;393.0000;0.9920;0;WO516563;173.33
2026/07/03;ENG-036;116;2026-01-05 20:00:00;643.1200;1601.6000;1415.7000;551.9700;2388.1800;9062.1400;47.8200;520.5600;2388.2000;8140.5100;8.4550;395.0000;0.2320;1;WO875068;24768.66
2026-07-03;  ENG-092 ;102;2026-01-05 06:00:00;642.8600;1588.0900;1415.9900;553.2900;2388.1600;9032.8400;47.7000;521.1400;2388.1400;8125.2300;8.4383;395.0000;0.5440;0;WO298076;2136.54
03-Jul-2026;ENG-072;123;2026-01-06 03:00:00;642.4800;1588.3800;1403.3500;554.4700;2388.0600;9068.0700;47.4400;521.8000;2388.0800;8141.4000;8.4323;393.0000;0.4640;0;WO990613;960.00
03-Jul-2026;ENG-060;127;2026-01-06 07:00:00;642.7200;1589.4800;1411.2000;552.7400;2388.1300;9060.4700;47.6300;521.4700;2388.1300;8128.0400;8.4423;395.0000;0.9600;0;WO115132;1897.70
2026-07-03;ENG-038;116;2026-01-05 20:00:00;643.4300;1591.2100;1410.1700;553.0600;2388.1700;9077.4700;47.6400;521.5200;2388.1200;8147.2100;8.4708;395.0000;0.4720;0;WO764996;2627.61
2026/07/03;ENG-055;110;2026-01-05 14:00:00;642.1200;1591.7600;1408.2900;554.0200;2388.1000;9060.6300;47.2800;521.8600;2388.0800;8140.4800;8.4586;393.0000;1.0000;0;WO554093;707.10
2026/07/03;  ENG-049 ;212;2026-01-09 20:00:00;642.5200;1589.5300;1406.0500;553.7500;2388.0900;9065.3400;47.5600;521.8500;2388.0700;8136.4900;8.4299;392.0000;0.8960;0;WO170055;201.06
2026/07/03;ENG-059;88;2026-01-04 16:00:00;642.0000;1590.1000;1405.7400;554.0600;2388.0300;9053.5200;47.3900;522.1600;2388.0600;8135.4400;8.4154;393.0000;0.9600;0;WO732182;1,158.79
2026/07/03;  ENG-025 ;44;2026-01-02 20:00:00;642.7400;1583.0700;1411.3500;553.8700;2388.0500;9051.9900;47.2500;522.1300;2388.0800;8127.7800;8.4432;392.0000;1.0000;0;WO986679;
03-Jul-2026;ENG-062;178;2026-01-08 10:00:00;641.8600;1581.8400;1401.7700;554.7900;2388.0200;9064.2100;47.3500;522.0800;2387.9800;8149.8600;8.4068;391.0000;0.8640;0;WO323570;1,291.74
2026/07/03;ENG-034;168;2026-01-08 00:00:00;643.2900;1589.4500;1410.7800;553.4100;2388.1400;9064.2500;47.6700;521.4800;2388.1100;8134.2500;8.4628;393.0000;0.3360;0;WO692830;602.09
2026-07-03;ENG-060;126;2026-01-06 06:00:00;642.7700;1596.3900;1405.7600;552.8900;2388.0700;9059.2100;47.6700;521.2500;2388.1700;8135.2200;8.4333;392.0000;0.9680;0;WO160740;1,596.42
2026-07-03;ENG-027;117;2026-01-05 21:00:00;642.2000;1593.1500;1404.3600;554.0500;2388.0800;9047.1000;47.3800;522.0100;2388.0600;8130.9300;8.4266;394.0000;0.7120;0;WO794689;548.22
2026/07/03;  ENG-021 ;136;2026-01-06 16:00:00;642.1200;1585.1500;1402.6700;554.2600;2388.0400;9075.6100;47.4100;521.9800;2388.0300;8154.8900;8.3995;392.0000;0.5520;0;WO170510;2023.30
2026-07-03;ENG-079;101;2026-01-05 05:00:00;642.4300;1590.9400;1405.3900;553.4000;2388.1500;9040.3900;47.6600;521.5500;2388.1400;8125.5500;8.4516;393.0000;0.5040;0;WO112540;246.06
2026/07/03;ENG-029;128;2026-01-06 08:00:00;642.8600;1592.0800;1398.7700;553.7700;2388.0200;9062.1400;47.4100;521.5800;2388.0800;8143.2700;8.4441;393.0000;1.0000;0;WO242035;1286.96
2026-07-03;ENG-076;170;2026-01-08 02:00:00;642.5500;1599.0000;1406.9600;552.8300;2388.0700;9082.7400;47.7800;521.0000;2388.1000;8157.1200;8.4603;393.0000;0.3600;0;WO544993;1,426.17
2026-07-03;ENG-090;99;2026-01-05 03:00:00;642.5000;1591.6200;1407.1400;553.2800;2388.0900;9063.7000;47.5100;521.1500;2388.1100;8136.9000;8.4355;393.0000;0.6000;0;WO497083;1,211.47
2026/07/03;ENG-062;162;2026-01-07 18:00:00;642.5900;1580.8000;1398.1400;554.5000;2388.0200;9061.2800;47.3600;522.3000;2387.9800;8144.1000;8.4569;392.0000;0.9920;0;WO369605;905.14
2026/07/03;ENG-013;151;2026-01-07 07:00:00;641.9300;1588.8600;1412.9400;553.6300;2388.0800;9063.2300;47.4100;521.6800;2388.0300;8142.5600;8.4476;393.0000;1.0000;0;WO932588;496.28
03-Jul-2026;ENG-074;98;2026-01-05 02:00:00;642.9100;1589.5100;1406.8900;553.9900;2388.1000;9060.0600;47.5800;521.6900;2388.0500;8139.9600;8.4590;394.0000;1.0000;0;WO660270;2119.70
2026-07-03;ENG-082;110;2026-01-05 14:00:00;642.7000;1589.8100;1405.0900;552.2300;2388.1100;9061.9700;47.5500;521.5400;2388.0800;8139.3200;8.4411;393.0000;0.4880;0;WO166568;2349.44
2026-07-03;ENG-046;134;2026-01-06 14:00:00;643.0600;1590.0000;1413.9900;552.8900;2388.1200;9076.8900;47.7100;521.6100;2388.0500;8158.4100;8.4555;395.0000;0.4720;0;WO571062;1201.64
2026/07/03;ENG-090;122;2026-01-06 02:00:00;642.9700;1599.3400;1410.7000;553.2700;2388.1000;9064.9400;47.5400;520.9000;2388.0600;8153.5100;8.4482;394.0000;0.4160;0;WO804538;2188.36
2026-07-03;ENG-041;96;2026-01-05 00:00:00;642.4000;1595.8700;1402.6400;554.6700;2388.1400;9043.4800;47.3700;521.9000;2388.1000;8129.3000;8.4042;393.0000;0.3600;0;WO931474;702.66
2026-07-03;ENG-042;112;2026-01-05 16:00:00;642.8200;1587.1000;1409.8500;553.3000;2388.1000;9050.8400;47.3900;521.2500;2388.0800;8120.8100;8.4085;391.0000;0.4320;0;WO790553;202.28
2026/07/03;  ENG-008 ;127;2026-01-06 07:00:00;642.8100;1591.6200;1411.3500;553.6600;2388.1000;9047.3900;47.4100;521.2400;2388.0800;8131.9900;8.4560;391.0000;1.0000;0;WO984766;2,818.08
2026/07/03;eng-039;31;2026-01-02 07:00:00;642.3700;1587.6600;1399.2100;554.3600;2388.0400;9054.1000;47.1300;522.2400;2387.9900;8142.5600;8.3935;391.0000;1.0000;0;WO957590;2,281.83
2026-07-03;ENG-049;261;2026-01-11 21:00:00;642.5200;1593.6400;1411.1600;553.4500;2388.0900;9062.1000;47.6500;521.2200;2388.0700;8132.6200;8.4394;394.0000;0.5040;0;WO514735;1,310.37
03-Jul-2026;ENG-036;96;2026-01-05 00:00:00;643.0500;1594.1000;1411.6700;552.4300;2388.1800;9057.4800;47.8800;521.0000;2388.1900;8142.7500;8.4981;395.0000;0.3920;0;WO961208;
03-Jul-2026;ENG-075;77;2026-01-04 05:00:00;642.6300;1588.6800;1412.4000;553.6800;2388.0100;9052.7700;47.2600;522.1000;2388.0600;8140.8400;8.3856;392.0000;0.9920;0;WO271533;2001.38
2026/07/03;  ENG-030 ;123;2026-01-06 03:00:00;643.4100;1592.6700;1407.2400;553.2200;2388.0800;9048.6200;47.6500;521.6500;2388.1400;8125.4900;8.4908;393.0000;1.0000;0;WO265091;1155.40
2026-07-03;ENG-030;99;2026-01-05 03:00:00;643.4000;1588.2300;1400.3100;553.6000;2388.0900;9043.7700;47.6000;520.5800;2388.0700;8131.9400;8.4554;393.0000;1.0000;0;WO470968;1529.07
2026-07-03;ENG-034;189;2026-01-08 21:00:00;642.8100;1595.4000;1424.0900;552.7500;2388.2500;9052.0100;47.8700;520.1300;2388.2300;8130.0300;8.4497;395.0000;0.1680;1;WO653954;1290.86
03-Jul-2026;ENG-070;151;2026-01-07 07:00:00;642.8700;1593.4000;1407.4700;553.4400;2388.1000;9057.0500;47.6100;521.4000;2388.1800;8141.6900;8.4661;393.0000;0.7600;0;WO890401;434.06
2026/07/03;ENG-074;95;2026-01-04 23:00:00;642.7300;1589.8000;1404.5000;553.5200;2388.1000;9063.8200;47.6700;521.7000;2388.0900;8138.6500;8.4280;393.0000;1.0000;0;WO919544;226.09
2026/07/03;ENG-061;135;2026-01-06 15:00:00;642.6400;1587.5400;1411.6000;553.5400;2388.0400;9063.7000;47.7100;521.1400;2388.1300;8145.1700;8.4313;393.0000;0.3600;0;WO638308;2393.28
2026/07/03;ENG-089;152;2026-01-07 08:00:00;642.2200;1587.3800;1409.8800;553.3400;2388.1900;9055.3300;47.5400;521.8000;2388.0800;8128.9300;8.4265;394.0000;1.0000;0;WO998107;2,963.36
03-Jul-2026;  ENG-056 ;107;2026-01-05 11:00:00;642.4800;1596.9400;1416.7700;551.4800;2388.1600;9049.1300;47.6200;520.6500;2388.2400;8129.4100;8.4782;395.0000;0.3520;0;WO389309;1,231.75
2026/07/03;ENG-100;140;2026-01-06 20:00:00;643.0800;1585.5500;1397.3100;553.7500;2388.0300;9075.3300;47.2300;522.2200;2388.1000;8155.5300;8.3895;393.0000;0.6240;0;WO450464;768.43
03-Jul-2026;ENG-099;82;2026-01-04 10:00:00;642.3000;1585.9900;1398.4400;554.6000;2388.0000;9074.5900;47.1500;522.1400;2388.0500;8146.5500;8.3969;392.0000;1.0000;0;WO728370;2069.83
2026-07-03;ENG-007;138;2026-01-06 18:00:00;642.1000;1579.2000;1405.7100;553.8100;2388.0500;9070.5900;47.4400;521.8400;2388.0300;8149.0800;8.3544;393.0000;0.9040;0;WO646164;2782.96
03-Jul-2026;ENG-089;174;2026-01-08 06:00:00;643.1200;1584.5500;1407.4000;553.4300;2388.1600;9046.6800;47.4700;521.2400;2388.1300;8132.3800;8.4406;395.0000;1.0000;0;WO346074;1,385.62
2026/07/03;ENG-004;75;2026-01-04 03:00:00;642.8500;1587.1300;1413.8500;553.1600;2388.0700;9054.0700;47.6500;521.4800;2388.0700;8129.5000;8.4774;393.0000;0.9040;0;WO374820;
03-Jul-2026;ENG-041;105;2026-01-05 09:00:00;642.9500;1596.5700;1406.2000;552.9800;2388.1600;9039.3000;47.4900;521.3100;2388.1300;8123.0300;8.4170;393.0000;0.2880;0;WO598760;2797.12
2026/07/03;ENG-019;114;2026-01-05 18:00:00;642.8300;1589.8200;1401.9000;553.7400;2388.0500;9057.6700;47.2100;522.5700;2388.0600;8140.7400;8.4284;393.0000;0.8640;0;WO857292;
2026-07-03;ENG-029;125;2026-01-06 05:00:00;642.2400;1589.6600;1400.8900;554.1500;2388.0300;9067.6200;47.3500;521.9800;2388.0700;8149.1800;8.4057;394.0000;1.0000;0;WO903025;2,934.72
2026/07/03;ENG-064;148;2026-01-07 04:00:00;642.6300;1592.0700;1415.7500;553.3300;2388.1200;9057.3000;47.5100;520.9500;2388.1200;8137.3900;8.4290;394.0000;0.3840;0;WO680985;503.40
2026-07-03;  ENG-007 ;127;2026-01-06 07:00:00;641.9500;1592.3000;1397.2200;553.6300;2388.0200;9066.0000;47.3300;522.4000;2388.0200;8145.9400;8.3872;392.0000;0.9920;0;WO457092;201.17
2026/07/03;  ENG-027 ;127;2026-01-06 07:00:00;642.2500;1584.7000;1401.3700;553.7400;2388.1000;9052.4600;47.5600;521.1200;2388.0400;8131.5100;8.4616;393.0000;0.6320;0;WO767127;776.14
2026-07-03;ENG-027;123;2026-01-06 03:00:00;642.2100;1588.1000;1401.6900;553.6900;2388.0700;9049.7800;47.4200;521.6400;2388.0900;8128.6400;8.4413;391.0000;0.6640;0;WO573024;1757.81
2026/07/03;ENG-093;227;2026-01-10 11:00:00;643.0000;1603.4000;1419.5200;553.0800;2388.1600;9077.0000;47.7000;520.6300;2388.1200;8148.0600;8.4729;396.0000;0.8160;0;WO140539;1426.84
2026/07/03;ENG-030;130;2026-01-06 10:00:00;642.4800;1584.5600;1408.3600;553.1000;2388.1000;9042.6800;47.6700;521.0800;2388.1600;8126.6100;8.4370;393.0000;1.0000;0;WO397959;1,729.17
03-Jul-2026;ENG-099;97;2026-01-05 01:00:00;642.0000;1585.0300;1397.9800;554.7500;2388.0100;9067.1600;47.2600;521.8200;2388.0200;8150.3800;8.4003;391.0000;0.9360;0;WO353832;1379.17
2026/07/03;ENG-093;232;2026-01-10 16:00:00;643.1600;1588.7100;1411.6300;553.2700;2388.1000;9077.7300;47.8400;520.6300;2388.1200;8145.2500;8.4332;394.0000;0.7760;0;WO802207;2326.66
2026/07/03;eng-053;137;2026-01-06 17:00:00;643.0100;1591.8200;1415.7200;553.5000;2388.0400;9072.1500;47.5000;521.9100;2388.0700;8158.4400;8.4162;393.0000;0.4240;0;WO188095;1036.02
2026/07/03;ENG-013;131;2026-01-06 11:00:00;642.2300;1584.2100;1402.7600;554.0100;2388.0200;9068.0400;47.3500;521.7500;2388.0500;8143.0700;8.3725;393.0000;1.0000;0;WO989289;2678.42
03-Jul-2026;ENG-007;118;2026-01-05 22:00:00;642.4500;1585.4500;1399.4400;554.0800;2388.0500;9063.4100;47.3100;522.5500;2388.0400;8143.4900;8.4102;391.0000;1.0000;0;WO556305;1453.07
2026/07/03;ENG-015;66;2026-01-03 18:00:00;642.5300;1586.6600;1406.5300;553.6300;2388.0200;9059.4500;47.4500;522.1100;2388.0800;8141.9900;8.4304;394.0000;0.7440;0;WO960099;2222.70
2026/07/03;  ENG-079 ;74;2026-01-04 02:00:00;642.7000;1592.5800;1399.9300;553.1400;2388.0700;9052.4700;47.4200;521.6400;2388.0700;8134.6500;8.3964;392.0000;0.7200;0;WO981015;2209.21
03-Jul-2026;ENG-050;73;2026-01-04 01:00:00;642.5200;1583.0500;1403.4900;554.0800;2388.0300;9067.4400;47.4800;522.3100;2388.0900;8142.8600;8.4350;393.0000;0.6400;0;WO899985;446.83
03-Jul-2026;ENG-005;87;2026-01-04 15:00:00;642.8900;1596.1800;1407.5900;552.9200;2388.1300;9059.2900;47.7200;521.2000;2388.1600;8132.7700;8.4878;394.0000;0.8160;0;WO453555;1742.80
2026/07/03;ENG-010;139;2026-01-06 19:00:00;642.3300;1584.6600;1406.4000;554.5800;2388.0600;9060.1600;47.5000;522.2400;2388.0700;8141.9900;8.4204;393.0000;1.0000;0;WO381604;1,949.79
2026/07/03;  ENG-084 ;157;2026-01-07 13:00:00;642.8500;1581.9800;1407.2200;552.7100;2388.1500;9060.5800;47.7100;521.7500;2388.1400;8129.1700;8.4500;395.0000;0.5840;0;WO161007;1016.84
2026-07-03;ENG-029;118;2026-01-05 22:00:00;642.1400;1587.6300;1400.3100;553.9400;2388.0600;9065.4800;47.5000;522.8900;2388.0400;8142.2500;8.4180;392.0000;;0;WO760545;2845.08
2026-07-03;ENG-070;130;2026-01-06 10:00:00;642.5700;1589.8000;1409.7900;552.9800;2388.1400;9058.4800;47.5300;521.3400;2388.1100;8131.6500;8.4304;394.0000;0.9280;0;WO159168;359.30
2026/07/03;ENG-040;125;2026-01-06 05:00:00;643.2800;1596.6900;1420.6300;552.4500;2388.2100;9063.5800;47.8000;520.6000;2388.2200;8136.5500;8.4966;395.0000;0.2880;0;WO945954;745.60
03-Jul-2026;ENG-075;66;2026-01-03 18:00:00;642.3300;1583.6300;1409.5200;554.0500;2388.0600;9053.5000;47.3600;521.7200;2388.0600;8136.7800;8.4072;392.0000;1.0000;0;WO118683;111.16
2026/07/03;ENG-074;97;2026-01-05 01:00:00;642.4600;1592.8600;1404.6400;554.0400;2388.1200;9059.2200;47.5700;521.4900;2388.1000;8140.1600;8.4306;391.0000;1.0000;0;WO289224;733.50
2026-07-03;ENG-041;113;2026-01-05 17:00:00;642.4900;1587.8000;1413.4000;552.4700;2388.2000;9034.5700;47.7900;520.7600;2388.2000;8118.5700;8.4538;394.0000;0.2240;1;WO557279;14581.68
2026/07/03;ENG-098;99;2026-01-05 03:00:00;642.5300;1586.6400;1411.7200;553.4500;2388.1200;9063.1200;47.5300;521.6100;2388.1000;8141.5800;8.4433;393.0000;0.6480;0;WO192628;628.44
2026/07/03;ENG-054;118;2026-01-05 22:00:00;642.8000;1594.2600;1400.4100;554.2100;2388.0000;9062.4500;47.2600;522.4200;2388.0100;8148.0300;8.4294;392.0000;0.8000;0;WO525503;791.30
2026/07/03;ENG-098;82;2026-01-04 10:00:00;642.8800;1589.6300;1409.2800;553.9300;2388.0600;9059.9900;47.4900;521.5800;2388.1100;8141.0100;8.4515;393.0000;0.7840;0;WO591707;
03-Jul-2026;ENG-040;98;2026-01-05 02:00:00;642.5300;1593.3400;1410.5900;552.2100;2388.0900;9059.9000;47.6700;521.1700;2388.0600;8134.7700;8.4400;395.0000;0.5040;0;WO197521;2921.34
03-Jul-2026;ENG-076;175;2026-01-08 07:00:00;642.2500;1596.2600;1419.3100;552.9900;2388.1200;9076.9200;47.6700;521.2500;2388.1200;8162.3200;8.4591;394.0000;0.3200;0;WO184074;2237.81
2026/07/03;ENG-013;132;2026-01-06 12:00:00;642.3200;1582.8200;1397.3200;554.1600;2388.0500;9062.8400;47.2200;521.5400;2388.0300;8144.2800;8.4431;393.0000;1.0000;0;WO439026;2997.39
2026-07-03;ENG-035;171;2026-01-08 03:00:00;643.0200;1598.4300;1413.0000;552.2900;2388.1600;9067.8800;47.8700;521.2300;2388.1800;8144.8500;8.4697;395.0000;0.3040;0;WO381135;303.42
03-Jul-2026;ENG-022;31;2026-01-02 07:00:00;642.7200;1590.0500;1406.0100;554.3900;2388.1100;9053.8600;47.4900;521.4600;2388.0600;8131.6400;8.4208;394.0000;0.9520;0;WO298239;2448.91
2026/07/03;ENG-068;146;2026-01-07 02:00:00;643.3500;1592.6800;1408.1300;553.1000;2388.1600;9066.4100;47.5400;521.4900;2388.1400;8141.2100;8.4591;395.0000;;0;WO358324;601.34
2026-07-03;eng-081;191;2026-01-08 23:00:00;643.2500;1589.2100;1418.3500;552.4800;2388.2000;9081.5300;47.8400;520.3800;2388.1400;8145.2300;8.4886;394.0000;0.2400;1;WO691960;9089.91
2026/07/03;ENG-032;141;2026-01-06 21:00:00;642.3900;1591.1700;1411.7200;553.9600;2388.0000;9096.4200;47.5000;521.6300;2388.0400;8170.4600;8.4454;394.0000;0.4160;0;WO422979;1378.64
03-Jul-2026;  ENG-040 ;127;2026-01-06 07:00:00;643.5200;1602.6400;1412.2800;552.2900;2388.1900;9071.3800;47.9300;520.9700;2388.1800;8139.9000;8.4820;393.0000;;0;WO666707;50.81
2026-07-03;  ENG-043 ;127;2026-01-06 07:00:00;642.8000;1595.0100;1411.5600;553.8600;2388.1200;9049.5500;47.6300;521.2100;2388.1000;8134.4900;8.4496;394.0000;0.8320;0;WO522341;
2026/07/03;ENG-051;100;2026-01-05 04:00:00;642.1800;1584.4800;1405.5300;553.4900;2388.0500;9051.9400;47.3000;521.9700;2388.1000;8125.3300;8.4503;394.0000;1.0000;0;WO569660;2813.59
03-Jul-2026;  ENG-052 ;140;2026-01-06 20:00:00;642.0400;1595.2400;1401.2900;554.1400;2388.0100;9072.9100;47.4100;522.1500;2388.0700;8151.4800;8.4008;393.0000;0.6240;0;WO724854;
2026-07-03;  ENG-055 ;82;2026-01-04 10:00:00;642.3600;1590.0800;1396.3900;554.5100;2388.0700;9059.8000;47.5800;521.8600;2388.1000;8134.8000;8.4098;394.0000;1.0000;0;WO725572;1535.13
03-Jul-2026;  ENG-013 ;153;2026-01-07 09:00:00;642.5300;1587.9900;1400.4200;554.0900;2388.0400;9065.0500;47.4300;522.0800;2388.0800;8144.4600;8.4254;392.0000;1.0000;0;WO594633;2206.80
03-Jul-2026;  ENG-051 ;98;2026-01-05 02:00:00;642.6100;1585.5100;1403.0800;553.8300;2388.1300;9047.6700;47.3700;521.5900;2388.1400;8130.8400;8.4296;392.0000;1.0000;0;WO620354;1,083.69
2026/07/03;ENG-036;123;2026-01-06 03:00:00;643.6700;1598.4400;1424.8300;551.7800;2388.1500;9069.8100;47.8600;520.0000;2388.1600;8138.2900;8.4842;395.0000;0.1760;1;WO158705;23,798.74
2026/07/03;ENG-076;154;2026-01-07 10:00:00;642.4400;1590.1500;1408.3900;552.1800;2388.0300;9074.1300;47.6100;521.7800;2388.0400;8154.8900;8.4333;394.0000;0.4880;0;WO325220;2248.99
03-Jul-2026;ENG-050;53;2026-01-03 05:00:00;642.6100;1581.2900;1395.4600;554.4500;2388.0300;9066.9700;47.4100;522.1600;2388.0500;8140.4600;8.4088;392.0000;0.8000;0;WO672202;391.24
03-Jul-2026;ENG-049;268;2026-01-12 04:00:00;642.8300;1590.1300;1417.0200;553.5800;2388.1900;9058.7000;47.7900;521.1000;2388.1300;8126.7500;8.4720;394.0000;0.4480;0;WO336992;2207.92
2026-07-03;ENG-081;175;2026-01-08 07:00:00;643.3900;1591.1300;1421.4100;552.7800;2388.1400;9076.6000;47.6300;521.1300;2388.1300;8150.4500;8.4936;395.0000;0.3680;0;WO341726;185.46
2026/07/03;ENG-003;100;2026-01-05 04:00:00;642.5300;1600.0700;1412.8300;552.7300;2388.1100;9059.5500;47.5500;520.9500;2388.1100;8127.4100;8.4299;394.0000;0.7600;0;WO634186;1,339.56
2026-07-03;ENG-066;117;2026-01-05 21:00:00;642.6400;1591.8900;1419.0500;553.0700;2388.1600;9084.0200;47.7000;520.9800;2388.0900;8161.3100;8.4692;395.0000;0.3520;0;WO383255;1400.28
2026-07-03;eng-052;179;2026-01-08 11:00:00;642.8800;1598.7900;1413.0100;553.1700;2388.0300;9092.1900;47.5300;521.2400;2387.9900;8176.1300;8.4499;395.0000;0.3120;0;WO492309;1533.67
2026/07/03;ENG-074;134;2026-01-06 14:00:00;642.6800;1589.2300;1401.4100;553.7800;2388.1100;9059.7500;47.5300;521.1700;2388.1200;8145.0000;8.4591;392.0000;1.0000;0;WO492302;1,630.31
2026/07/03;  ENG-089 ;146;2026-01-07 02:00:00;642.6000;1590.9300;1407.8100;553.1900;2388.1000;9047.3000;47.5800;521.0300;2388.1000;8131.5400;8.4558;394.0000;1.0000;0;WO547099;2705.12
03-Jul-2026;ENG-096;93;2026-01-04 21:00:00;642.2700;1579.8300;1395.5000;554.2200;2388.0400;9069.6400;47.2000;522.3300;2388.0100;8147.0000;8.4033;391.0000;1.0000;0;WO275238;1,225.77
2026/07/03;ENG-064;160;2026-01-07 16:00:00;643.4300;1594.5700;1418.1600;552.6300;2388.1300;9059.6800;47.8400;521.5000;2388.1900;8135.9500;8.4681;395.0000;0.2880;0;WO768092;
2026/07/03;ENG-005;96;2026-01-05 00:00:00;642.7100;1592.4400;1409.1300;553.6800;2388.1200;9054.1400;47.7500;520.9800;2388.1200;8129.4700;8.4485;393.0000;0.7440;0;WO943065;2452.73
2026-07-03;ENG-018;119;2026-01-05 23:00:00;642.9700;1591.3400;1413.8300;552.8400;2388.1000;9057.9500;47.5700;521.3700;2388.1300;8136.5600;8.4568;394.0000;0.3360;0;WO642605;1004.23
2026/07/03;ENG-002;36;2026-01-02 12:00:00;642.2300;1584.8900;1407.8700;553.2200;2388.1200;9050.9100;47.4800;521.4600;2388.1200;8131.6500;8.4211;393.0000;0.8880;0;WO309611;648.21
2026/07/03;ENG-086;91;2026-01-04 19:00:00;643.1300;1594.4300;1405.4300;553.7400;2388.0800;9054.0000;47.5300;521.6800;2388.0500;8142.6800;8.4402;392.0000;0.8640;0;WO611645;1242.13
03-Jul-2026;eng-049;221;2026-01-10 05:00:00;642.2000;1588.0900;1405.1800;553.2000;2388.0900;9057.5100;47.5200;521.7700;2388.0900;8138.2100;8.4243;393.0000;0.8240;0;WO635374;1643.65
2026/07/03;  ENG-002 ;39;2026-01-02 15:00:00;642.9800;1591.6200;1405.4600;553.4900;2388.1000;9049.7100;47.5800;521.7500;2388.1300;8128.5300;8.4363;394.0000;0.8640;0;WO934921;1101.78
2026/07/03;ENG-093;212;2026-01-09 20:00:00;641.8700;1595.6800;1411.6700;552.6100;2388.1600;9071.0000;47.8700;521.1200;2388.1300;8142.5400;8.4671;394.0000;0.9360;0;WO458687;1,197.94
2026-07-03;ENG-089;175;2026-01-08 07:00:00;643.0100;1592.4300;1410.2600;553.7000;2388.0800;9055.9100;47.5100;521.2400;2388.1400;8133.8200;8.4156;392.0000;1.0000;0;WO483271;
2026/07/03;ENG-063;155;2026-01-07 11:00:00;643.2600;1592.1900;1412.7400;552.8000;2388.1900;9052.5700;47.7900;521.1700;2388.1700;8131.3000;8.4704;393.0000;0.5760;0;WO299410;1800.41
2026-07-03;ENG-042;156;2026-01-07 12:00:00;643.3100;1599.5500;1425.1200;550.9400;2388.2700;9026.8900;47.8900;520.5400;2388.2700;8118.4500;8.4792;395.0000;0.0800;1;WO777531;13,984.73
2026/07/03;ENG-060;139;2026-01-06 19:00:00;643.4200;1588.1700;1412.0600;553.5700;2388.1500;9050.6600;47.4500;521.2800;2388.0900;8128.0900;8.4320;394.0000;0.8640;0;WO855370;2227.73
03-Jul-2026;ENG-093;199;2026-01-09 07:00:00;643.2800;1587.6000;1406.9100;552.4800;2388.0800;9074.7800;47.8600;521.0500;2388.1000;8142.9700;8.4676;394.0000;1.0000;0;WO324065;1229.96
03-Jul-2026;ENG-080;106;2026-01-05 10:00:00;642.4200;1591.1800;1410.1500;553.3000;2388.1000;9074.1300;47.4500;521.7800;2388.0900;8140.8000;8.4259;393.0000;0.9360;0;WO464819;
2026-07-03;ENG-008;146;2026-01-07 02:00:00;642.4900;1584.2000;1415.0500;553.6300;2388.1300;9045.1000;47.4300;521.7400;2388.0700;8133.2800;8.4469;394.0000;0.9200;0;WO325140;2,243.38
03-Jul-2026;ENG-035;154;2026-01-07 10:00:00;643.2100;1605.8700;1412.6800;552.8100;2388.1700;9059.7300;47.7600;520.5200;2388.1200;8142.3400;8.4575;396.0000;0.4400;0;WO124836;
03-Jul-2026;ENG-093;182;2026-01-08 14:00:00;643.4600;1588.1500;1407.9800;553.0600;2388.1100;9058.1100;47.7500;521.4200;2388.1000;8144.5800;8.4319;394.0000;1.0000;0;WO833170;2200.47
03-Jul-2026;ENG-036;102;2026-01-05 06:00:00;642.6900;1593.5400;1415.8400;552.3400;2388.1400;9061.1000;47.6900;520.8300;2388.1600;8137.3300;8.5107;394.0000;0.3440;0;WO751063;561.91
2026-07-03;ENG-063;127;2026-01-06 07:00:00;642.7000;1592.2600;1404.4500;552.9900;2388.1900;9055.0600;47.7600;521.3400;2388.1400;8127.2900;8.4491;392.0000;0.8000;0;WO394422;1801.87
2026/07/03;eng-031;176;2026-01-08 08:00:00;643.3300;1597.4600;1423.8000;553.2200;2388.1900;9082.4000;47.9300;520.3600;2388.1500;8154.7400;8.4998;395.0000;0.2240;1;WO499862;22,758.50
2026-07-03;eng-080;115;2026-01-05 19:00:00;642.7500;1592.5600;1405.6700;553.4900;2388.0700;9061.2100;47.4400;521.3800;2388.0400;8146.1400;8.4076;391.0000;0.8640;0;WO948012;2880.32
03-Jul-2026;ENG-088;58;2026-01-03 10:00:00;643.1000;1597.4200;1420.6800;553.6200;2388.1300;9047.6800;47.7200;521.2300;2388.1300;8128.4400;8.4471;393.0000;1.0000;0;WO821291;
03-Jul-2026;ENG-062;190;2026-01-08 22:00:00;642.5100;1593.0800;1398.0200;553.4600;2388.0600;9070.2100;47.3200;522.2300;2387.9800;8150.0500;8.4361;391.0000;0.7680;0;WO526090;2414.17
2026-07-03;ENG-049;281;2026-01-12 17:00:00;643.0800;1592.3100;1424.5500;552.3500;2388.2000;9060.0500;47.8800;521.5800;2388.1600;8132.9300;8.4772;394.0000;0.3440;0;WO760043;
03-Jul-2026;ENG-048;57;2026-01-03 09:00:00;642.3700;1589.5000;1407.9000;553.4500;2388.0600;9057.9600;47.3200;522.0500;2388.1500;8131.1900;8.3991;394.0000;0.9040;0;WO139847;2909.61
03-Jul-2026;eng-024;132;2026-01-06 12:00:00;641.7500;1591.0700;1402.5300;554.7600;2387.9800;9084.6100;47.4400;521.9000;2388.0300;8159.6200;8.4009;393.0000;0.5920;0;WO542784;356.60
03-Jul-2026;ENG-081;194;2026-01-09 02:00:00;643.2500;1596.5800;1422.3300;551.9300;2388.1400;9073.0600;47.9000;520.5700;2388.1400;8152.8800;8.4838;394.0000;0.2160;1;WO907150;7,656.87
2026-07-03;ENG-029;127;2026-01-06 07:00:00;642.6000;1590.7600;1402.7300;553.8300;2388.0000;9069.1700;47.3600;521.6400;2388.0400;8139.2400;8.4122;393.0000;1.0000;0;WO669793;1,760.59
2026-07-03;ENG-013;148;2026-01-07 04:00:00;641.8600;1585.9000;1406.2900;553.6600;2388.0100;9068.2000;47.2400;522.1100;2388.0700;8146.9100;8.4173;392.0000;1.0000;0;WO920160;2294.27
2026-07-03;  ENG-070 ;115;2026-01-05 19:00:00;643.2100;1593.2700;1400.8900;553.7700;2388.0100;9054.7500;47.5800;521.5300;2388.1000;8131.0000;8.4125;392.0000;1.0000;0;WO246648;1204.19
2026/07/03;ENG-046;105;2026-01-05 09:00:00;642.5000;1588.9100;1404.2600;553.5100;2388.0800;9080.9800;47.4500;521.4200;2388.0500;8150.0300;8.4279;392.0000;0.7040;0;WO557449;709.69
2026/07/03;ENG-024;166;2026-01-07 22:00:00;642.7400;1592.1500;1409.8600;553.1800;2388.0300;9111.7400;47.5500;522.1100;2388.0400;8184.2000;8.4495;393.0000;0.3200;0;WO312749;2109.93
03-Jul-2026;  ENG-059 ;91;2026-01-04 19:00:00;642.5200;1589.2500;1396.8600;554.0800;2388.0400;9060.5000;47.3400;522.1500;2388.0600;8136.5800;8.4272;392.0000;0.9360;0;WO888382;1896.79
03-Jul-2026;ENG-042;140;2026-01-06 20:00:00;643.1600;1604.9300;1412.6100;552.9300;2388.2000;9038.9500;47.6800;520.9400;2388.1900;8117.8600;8.4186;395.0000;0.2080;1;WO388140;
2026/07/03;ENG-012;208;2026-01-09 16:00:00;642.6100;1592.1400;1398.2500;554.6200;2388.0600;9075.5700;47.4300;522.0200;2388.0000;8150.1700;8.4418;391.0000;1.0000;0;WO597893;1039.22
03-Jul-2026;  ENG-070 ;122;2026-01-06 02:00:00;642.4000;1595.4300;1412.7600;554.3900;2388.0900;9056.1400;47.5300;521.3900;2388.1100;8127.5300;8.4460;393.0000;0.9920;0;WO525124;374.12
2026/07/03;ENG-063;131;2026-01-06 11:00:00;642.5000;1587.9200;1409.5800;553.8100;2388.1100;9053.6700;47.7800;521.5100;2388.1100;8131.0500;8.4464;394.0000;0.7680;0;WO803452;1755.58
2026-07-03;  ENG-061 ;110;2026-01-05 14:00:00;642.4700;1585.1500;1409.7300;553.1600;2388.0300;9071.7300;47.3700;521.5000;2388.0200;8150.7500;8.4233;394.0000;0.5600;0;WO915187;1,091.80
2026-07-03;ENG-057;112;2026-01-05 16:00:00;642.2100;1592.3200;1404.6000;553.5300;2388.0500;9055.3600;47.4200;520.8800;2388.1400;8129.3600;8.4238;393.0000;1.0000;0;WO162436;1,443.69
2026-07-03;ENG-091;223;2026-01-10 07:00:00;643.6100;1595.9600;1414.1700;552.6500;2388.1700;9044.5700;47.8900;520.4100;2388.2300;8126.5100;8.5340;396.0000;0.3920;0;WO683456;528.72
2026/07/03;  ENG-013 ;193;2026-01-09 01:00:00;642.4500;1586.8400;1409.9600;553.9000;2388.0800;9063.7400;47.5400;521.6700;2388.0200;8140.5200;8.4217;392.0000;0.7760;0;WO485506;616.44
03-Jul-2026;ENG-097;104;2026-01-05 08:00:00;642.4100;1588.9600;1405.8700;554.0200;2388.0600;9076.4300;47.2400;521.8000;2388.0700;8157.1600;8.4139;392.0000;;0;WO455467;495.49
03-Jul-2026;ENG-071;63;2026-01-03 15:00:00;642.1700;1591.2600;1409.8200;554.1500;2388.0600;9065.2100;47.4200;522.0900;2388.0400;8146.0100;8.3995;394.0000;0.9840;0;WO590969;2110.58
03-Jul-2026;ENG-085;30;2026-01-02 06:00:00;642.3500;1589.6300;1410.5400;553.0300;2388.0900;9047.9600;47.4900;521.9900;2388.1500;8132.3000;8.4355;393.0000;0.9760;0;WO591693;2545.93
03-Jul-2026;ENG-055;93;2026-01-04 21:00:00;642.7700;1589.4200;1404.4900;553.9200;2388.0900;9059.4600;47.3100;521.9500;2388.0500;8138.6100;8.4222;393.0000;1.0000;0;WO238766;1009.86
03-Jul-2026;ENG-074;105;2026-01-05 09:00:00;642.7300;1595.2200;1405.6600;553.3000;2388.0700;9061.0400;47.5100;521.7000;2388.1000;8139.9400;8.4231;393.0000;1.0000;0;WO197409;395.14
2026-07-03;ENG-017;122;2026-01-06 02:00:00;642.2600;1587.7800;1406.0100;553.8100;2388.0700;9078.4400;47.4000;521.6900;2388.1200;8156.0200;8.4536;392.0000;0.7440;0;WO273978;2,356.11
2026-07-03;ENG-081;202;2026-01-09 10:00:00;643.5500;1605.0300;1418.5300;551.8500;2388.1600;9070.7100;48.0700;520.2100;2388.2400;8145.4100;8.4745;394.0000;0.1520;1;WO619992;16963.38
2026-07-03;ENG-017;162;2026-01-07 18:00:00;643.1100;1596.4600;1409.7700;553.2600;2388.0500;9094.8800;47.4500;522.3000;2388.0100;8166.6500;8.4259;392.0000;0.4240;0;WO322489;1875.11
2026-07-03;ENG-013;172;2026-01-08 04:00:00;642.5900;1588.6000;1409.0300;554.4300;2388.0900;9062.9500;47.2700;521.8400;2388.0800;8143.4000;8.4102;393.0000;0.9440;0;WO714922;1876.07
2026/07/03;ENG-081;212;2026-01-09 20:00:00;643.3600;1600.1000;1430.8500;551.1900;2388.2000;9075.1500;47.9800;519.3800;2388.2400;8152.0900;8.5137;396.0000;0.0720;1;WO923721;6,889.34
2026/07/03;eng-077;125;2026-01-06 05:00:00;642.5800;1598.4000;1402.7300;553.5800;2388.1300;9046.8500;47.5200;521.1000;2388.1400;8130.5800;8.4052;393.0000;0.5680;0;WO904989;2,966.29
2026/07/03;ENG-060;109;2026-01-05 13:00:00;642.5800;1586.4600;1404.6900;553.8200;2388.1300;9054.6100;47.5500;520.8100;2388.1300;8140.6500;8.4073;393.0000;1.0000;0;WO201041;1420.64
2026-07-03;  ENG-076 ;193;2026-01-09 01:00:00;643.1700;1591.0600;1422.7900;552.1500;2388.1200;9103.7200;47.8600;520.4500;2388.1600;8166.7700;8.4631;396.0000;0.1760;1;WO791929;23659.57
2026/07/03;  ENG-043 ;146;2026-01-07 02:00:00;642.1600;1589.0600;1413.3800;553.4200;2388.1000;9063.7200;47.4700;521.7500;2388.1000;8134.4000;8.4209;394.0000;0.6800;0;WO711799;394.92
03-Jul-2026;ENG-042;109;2026-01-05 13:00:00;642.7300;1588.0500;1405.3400;553.7800;2388.1300;9047.8600;47.5200;521.8500;2388.1000;8128.8100;8.4649;393.0000;0.4560;0;WO635540;1826.51
2026-07-03;eng-052;131;2026-01-06 11:00:00;641.7100;1587.0500;1401.0800;553.7200;2388.0000;9061.1600;47.2100;522.9400;2387.9900;8149.1200;8.3722;391.0000;0.6960;0;WO474555;
2026/07/03;ENG-047;57;2026-01-03 09:00:00;642.4900;1590.6100;1413.1800;553.2200;2388.1700;9037.9200;47.6500;520.9900;2388.1900;8117.6500;8.4627;394.0000;1.0000;0;WO844328;201.25
2026/07/03;ENG-028;123;2026-01-06 03:00:00;642.3400;1594.9800;1401.6900;553.8400;2388.0600;9045.4900;47.3200;522.0000;2388.0500;8134.2000;8.3979;392.0000;1.0000;0;WO441108;1987.78
2026/07/03;  ENG-081 ;188;2026-01-08 20:00:00;643.3400;1591.9200;1414.6200;551.8300;2388.1600;9069.8700;47.8000;521.0400;2388.1800;8150.2300;8.4722;394.0000;0.2640;0;WO687904;
2026-07-03;ENG-094;114;2026-01-05 18:00:00;642.8600;1589.7900;1411.2400;553.5200;2388.1500;9052.2900;47.7200;521.3700;2388.1300;8135.3400;8.4524;393.0000;0.5920;0;WO427281;1,348.07
2026-07-03;ENG-049;274;2026-01-12 10:00:00;642.9500;1595.1600;1416.2600;552.6200;2388.1600;9058.1700;47.5600;520.4600;2388.1100;8133.4600;8.4621;393.0000;0.4000;0;WO498129;103.61
2026/07/03;ENG-072;120;2026-01-06 00:00:00;642.5700;1589.3700;1408.4000;554.1000;2388.0800;9067.2300;47.4100;521.7800;2388.1100;8146.5700;8.4702;393.0000;0.4880;0;WO339964;1531.61
03-Jul-2026;ENG-057;149;2026-01-07 05:00:00;642.6500;1592.8200;1417.5500;553.5800;2388.1200;9052.1200;47.5100;521.6200;2388.1000;8127.3400;8.4105;395.0000;0.9120;0;WO525500;1340.93
2026-07-03;ENG-050;55;2026-01-03 07:00:00;642.6500;1584.5000;1399.8000;553.6800;2388.0500;9063.5700;47.1600;522.0200;2388.0300;8145.3400;8.4268;391.0000;0.7840;0;WO786555;1,828.73
2026/07/03;ENG-094;112;2026-01-05 16:00:00;642.6800;1592.3900;1412.3100;553.9100;2388.1400;9054.8500;47.7000;521.2700;2388.1500;8132.2000;8.4390;394.0000;0.6080;0;WO313093;952.03
2026-07-03;ENG-086;98;2026-01-05 02:00:00;642.3000;1590.8500;1403.8900;554.1700;2387.9900;9064.8100;47.4800;522.5700;2388.0400;8143.6500;8.4163;391.0000;0.8080;0;WO900971;1,932.71
2026-07-03;ENG-027;138;2026-01-06 18:00:00;642.8200;1589.5200;1403.3400;553.6600;2388.0500;9044.8200;47.4200;521.9200;2388.0700;8128.5500;8.4057;392.0000;0.5440;0;WO980199;2608.58
2026/07/03;eng-083;55;2026-01-03 07:00:00;642.1000;1584.2100;1401.8100;553.5200;2388.0200;9055.9200;47.3400;522.2700;2388.0000;8136.9700;8.4098;391.0000;1.0000;0;WO535004;1,629.73
2026-07-03;ENG-099;76;2026-01-04 04:00:00;642.5000;1582.6600;1399.7600;554.7400;2388.0000;9054.1700;47.2900;522.4200;2388.0300;8145.5100;8.4209;393.0000;1.0000;0;WO110243;1156.82
2026-07-03;ENG-058;141;2026-01-06 21:00:00;642.9700;1581.9600;1405.6400;553.1400;2388.1000;9051.0800;47.3600;521.0100;2388.0800;8133.3900;8.4304;395.0000;0.5760;0;WO143888;2,795.51
2026-07-03;ENG-035;191;2026-01-08 23:00:00;643.2000;1598.5900;1417.9400;551.5400;2388.2400;9078.1400;47.9800;520.5800;2388.1700;8145.4700;8.5008;396.0000;0.1440;1;WO967111;5641.58
2026-07-03;ENG-089;140;2026-01-06 20:00:00;643.1700;1587.4200;1405.7600;554.0000;2388.1600;9047.6200;47.6000;521.4500;2388.1100;8129.9500;8.4545;393.0000;1.0000;0;WO941107;2299.06
03-Jul-2026;ENG-020;169;2026-01-08 01:00:00;642.5500;1593.4300;1423.5500;552.1400;2388.1700;9062.9400;47.8200;520.5600;2388.1500;8139.3800;8.5198;395.0000;0.2480;0;WO617587;1259.63
2026-07-03;ENG-078;49;2026-01-03 01:00:00;641.6600;1583.3300;1393.8000;554.9300;2388.0000;9057.0500;47.1500;522.0800;2388.0200;8140.2500;8.3627;391.0000;1.0000;0;WO897189;1,829.17
2026-07-03;  ENG-041 ;120;2026-01-06 00:00:00;642.8500;1590.9100;1411.1600;552.9600;2388.1800;9042.7800;47.7300;520.8400;2388.1900;8117.1000;8.4814;395.0000;0.1680;1;WO481350;13223.76
2026-07-03;ENG-011;70;2026-01-03 22:00:00;643.0700;1589.8800;1414.6100;553.9900;2388.1400;9041.1300;47.7300;520.6900;2388.1400;8121.7700;8.4368;394.0000;0.8800;0;WO553545;2,068.08
03-Jul-2026;ENG-068;166;2026-01-07 22:00:00;642.8700;1592.7900;1417.2100;552.0100;2388.0800;9077.9900;47.8100;520.6000;2388.1600;8148.4300;8.4819;394.0000;0.2320;1;WO471142;1,424.48
2026/07/03;ENG-070;116;2026-01-05 20:00:00;642.1600;1598.4100;1408.9600;552.9600;2388.1100;9050.9500;47.5300;521.9000;2388.0900;8135.4200;8.4279;392.0000;1.0000;0;WO132310;
2026-07-03;  ENG-079 ;92;2026-01-04 20:00:00;642.6100;1587.6500;1398.8500;553.6700;2388.0600;9044.6400;47.4800;521.9700;2388.1000;8131.0100;8.4340;394.0000;0.5760;0;WO764417;2403.59
03-Jul-2026;ENG-080;112;2026-01-05 16:00:00;642.5100;1591.3500;1408.9800;552.7600;2388.0800;9063.8800;47.5800;521.8400;2388.0800;8148.8600;8.4156;393.0000;0.8880;0;WO544992;1,445.43
2026-07-03;ENG-027;106;2026-01-05 10:00:00;642.6100;1587.0000;1402.5300;553.2900;2388.0500;9054.1000;47.2200;522.1700;2388.0400;8132.3100;8.4221;392.0000;0.8000;0;WO239384;314.96
2026-07-03;ENG-049;217;2026-01-10 01:00:00;642.4300;1591.3900;1405.6700;554.3300;2388.0300;9059.8300;47.4800;521.3000;2388.0500;8137.4600;8.4255;393.0000;;0;WO189901;819.92
03-Jul-2026;eng-052;185;2026-01-08 17:00:00;642.5800;1593.6100;1407.4200;553.3800;2388.0900;9106.0000;47.4800;521.2100;2388.0300;8182.8600;8.4513;393.0000;0.2640;0;WO732339;1244.38
2026/07/03;ENG-064;130;2026-01-06 10:00:00;642.4200;1590.3000;1409.5900;552.8700;2388.1200;9053.8000;47.5000;521.2500;2388.1200;8129.4300;8.4698;394.0000;0.5280;0;WO370853;2738.10
2026/07/03;ENG-037;116;2026-01-05 20:00:00;642.9900;1582.5900;1411.9300;552.6400;2388.1600;9037.6300;47.5100;521.3400;2388.1800;8122.0400;8.4658;393.0000;0.2080;1;WO895540;6,174.82
2026-07-03;ENG-058;155;2026-01-07 11:00:00;642.6500;1591.5000;1404.6000;553.5800;2388.1300;9055.8600;47.5700;520.8000;2388.1600;8136.9800;8.4520;394.0000;0.4640;0;WO864826;488.23
2026-07-03;ENG-071;49;2026-01-03 01:00:00;642.4400;1588.4300;1398.9200;553.0700;2388.0400;9070.2900;47.4800;521.9800;2387.9900;8145.7300;8.4311;392.0000;1.0000;0;WO585364;1,968.07
03-Jul-2026;ENG-042;116;2026-01-05 20:00:00;643.2600;1587.0300;1412.9000;553.6300;2388.0800;9042.7100;47.5800;521.6800;2388.0700;8130.5600;8.4313;390.0000;0.4000;0;WO277067;
2026-07-03;ENG-051;118;2026-01-05 22:00:00;642.9900;1588.8800;1402.7300;553.9800;2388.1000;9050.0400;47.4100;521.2100;2388.1000;8129.7700;8.4421;392.0000;1.0000;0;WO523986;122.00
03-Jul-2026;ENG-032;122;2026-01-06 02:00:00;642.6200;1586.5900;1407.9000;553.5600;2388.0200;9077.7500;47.2600;521.8200;2387.9700;8163.4100;8.4198;394.0000;0.5680;0;WO161066;2212.99
2026-07-03;ENG-036;112;2026-01-05 16:00:00;643.5600;1598.6400;1416.6700;552.0800;2388.1100;9058.9400;47.7200;520.7200;2388.1800;8139.9000;8.4571;394.0000;0.2640;0;WO977243;1,518.93
03-Jul-2026;ENG-031;187;2026-01-08 19:00:00;642.8500;1599.5000;1426.3500;552.0100;2388.2400;9076.8200;47.9500;520.0100;2388.1900;8157.5900;8.5113;396.0000;0.1360;1;WO764414;20564.54
03-Jul-2026;ENG-091;231;2026-01-10 15:00:00;643.3100;1595.0700;1415.7200;551.5100;2388.2400;9049.3200;47.9300;519.9400;2388.2700;8127.3300;8.4925;394.0000;0.3280;0;WO294318;2614.51
03-Jul-2026;ENG-079;91;2026-01-04 19:00:00;642.3800;1599.1800;1409.8300;553.8600;2388.1400;9048.5100;47.4500;521.1300;2388.0700;8130.3400;8.4147;394.0000;0.5840;0;WO620842;
03-Jul-2026;  ENG-091 ;204;2026-01-09 12:00:00;643.7900;1597.1800;1418.6800;552.6400;2388.1900;9055.0400;47.7800;521.1100;2388.1400;8131.5300;8.5126;396.0000;0.5440;0;WO764643;2533.82
2026-07-03;ENG-043;134;2026-01-06 14:00:00;642.6700;1592.2100;1403.2400;553.6400;2388.0900;9056.6800;47.4600;520.7200;2388.0700;8133.0300;8.4359;394.0000;0.7760;0;WO686393;2146.77
2026-07-03;eng-056;135;2026-01-06 15:00:00;643.1400;1598.0200;1420.0800;552.2000;2388.2600;9053.0200;47.9800;519.8800;2388.2300;8117.8300;8.4911;395.0000;0.1280;1;WO265481;20,762.99
03-Jul-2026;ENG-092;127;2026-01-06 07:00:00;642.9600;1589.2400;1418.3200;552.5600;2388.2000;9049.2200;47.8300;520.1300;2388.2000;8122.2100;8.4646;394.0000;0.3440;0;WO413017;375.25
2026/07/03;eng-100;170;2026-01-08 02:00:00;642.7000;1589.9200;1407.9300;553.2900;2388.0500;9111.3100;47.5500;521.7100;2388.0600;8178.2300;8.4235;393.0000;0.3840;0;WO448489;1136.80
2026/07/03;ENG-053;150;2026-01-07 06:00:00;642.3800;1594.1000;1412.9200;553.7200;2388.0600;9085.3400;47.4300;521.4900;2388.0700;8163.4100;8.4326;394.0000;0.3200;0;WO402859;2,449.57
2026/07/03;ENG-081;164;2026-01-07 20:00:00;643.5900;1589.6900;1415.5300;553.6700;2388.1100;9069.8500;47.6100;521.4300;2388.1200;8149.5200;8.4576;394.0000;0.4560;0;WO996448;
2026/07/03;ENG-060;99;2026-01-05 03:00:00;642.1900;1597.2200;1405.7400;552.8500;2388.1000;9058.6200;47.3200;521.7200;2388.0700;8131.5000;8.4465;394.0000;1.0000;0;WO537786;373.60
2026/07/03;ENG-023;124;2026-01-06 04:00:00;642.1400;1581.8100;1402.9700;553.5100;2387.9800;9058.2700;47.2100;521.7100;2388.0300;8133.4500;8.4075;392.0000;0.9520;0;WO476993;369.87
2026/07/03;ENG-012;204;2026-01-09 12:00:00;642.5500;1585.4000;1404.1300;553.7000;2388.0600;9069.3900;47.3800;522.0300;2388.0500;8152.4500;8.4111;392.0000;1.0000;0;WO250506;1,033.97
03-Jul-2026;  ENG-071 ;64;2026-01-03 16:00:00;642.4500;1591.3400;1398.5000;553.4100;2388.0600;9070.4800;47.2400;522.5500;2388.0900;8146.7500;8.4168;393.0000;0.9760;0;WO615466;1467.73
2026/07/03;ENG-099;67;2026-01-03 19:00:00;642.0200;1578.9700;1400.6900;553.3900;2388.0500;9065.2700;47.1000;522.4600;2388.0300;8150.2300;8.3701;389.0000;1.0000;0;WO629455;2,506.59
03-Jul-2026;ENG-019;122;2026-01-06 02:00:00;641.8600;1583.0600;1402.9600;553.9600;2388.1200;9056.4700;47.2200;521.8000;2388.0200;8139.9000;8.4210;393.0000;0.8000;0;WO601051;1,381.74
2026-07-03;ENG-068;154;2026-01-07 10:00:00;642.2800;1587.2800;1412.5200;553.4800;2388.1500;9071.6500;47.7600;521.2600;2388.1000;8148.2000;8.4277;395.0000;0.3280;0;WO555679;1500.71
2026-07-03;ENG-051;107;2026-01-05 11:00:00;642.8900;1583.5100;1405.9500;553.4900;2388.0200;9053.3700;47.3500;521.4500;2388.1000;8129.6300;8.4265;393.0000;1.0000;0;WO286589;571.66
2026/07/03;ENG-076;171;2026-01-08 03:00:00;643.0000;1598.6600;1412.8500;552.4900;2388.0400;9080.9300;47.6400;521.2700;2388.0900;8150.9700;8.4299;394.0000;0.3520;0;WO248570;1481.03
2026/07/03;ENG-024;165;2026-01-07 21:00:00;642.3500;1590.6300;1406.1600;553.4100;2387.9800;9113.3900;47.5100;521.4500;2388.0000;8187.2800;8.4535;393.0000;0.3280;0;WO675283;2810.87
2026/07/03;ENG-021;142;2026-01-06 22:00:00;642.3200;1591.9800;1410.1300;553.6800;2388.0400;9085.5200;47.4500;522.2300;2387.9700;8162.2800;8.4284;394.0000;0.5040;0;WO188218;1606.83
2026-07-03;  ENG-098 ;90;2026-01-04 18:00:00;642.4800;1594.4900;1406.9400;553.2300;2388.0100;9062.3500;47.6100;521.1200;2388.0900;8142.5900;8.4232;393.0000;0.7200;0;WO467791;543.15
2026-07-03;  ENG-060 ;116;2026-01-05 20:00:00;642.5100;1593.1300;1406.7900;553.6000;2388.1200;9050.3400;47.4200;521.7000;2388.0900;8134.9100;8.4424;392.0000;1.0000;0;WO760060;123.54
2026/07/03;ENG-034;137;2026-01-06 17:00:00;642.2900;1586.0100;1409.4100;554.2300;2388.0500;9058.4500;47.3800;522.2600;2388.0600;8143.0200;8.4247;393.0000;0.5840;0;WO696029;2,112.31
03-Jul-2026;ENG-099;84;2026-01-04 12:00:00;642.4500;1586.7600;1393.3300;554.7300;2388.0100;9065.9200;47.1400;522.8200;2387.9500;8146.6100;8.3935;391.0000;1.0000;0;WO344146;2,501.36
03-Jul-2026;ENG-012;158;2026-01-07 14:00:00;642.9500;1584.3200;1406.5400;554.2200;2388.0200;9062.3500;47.4600;521.8600;2388.0300;8143.2200;8.4352;392.0000;1.0000;0;WO904742;1271.93
2026/07/03;ENG-051;134;2026-01-06 14:00:00;642.6200;1592.3800;1407.8900;553.5700;2388.0700;9049.4300;47.4700;522.1700;2388.1400;8131.5400;8.4370;392.0000;0.9920;0;WO878124;254.55
2026/07/03;ENG-032;102;2026-01-05 06:00:00;642.5200;1591.2500;1400.9500;554.9500;2387.9800;9077.7700;47.4300;522.2600;2387.9800;8158.1800;8.4096;392.0000;0.7280;0;WO258620;298.93
03-Jul-2026;ENG-093;178;2026-01-08 10:00:00;642.9600;1583.2000;1416.8400;553.1900;2388.1400;9063.2900;47.6400;521.1500;2388.1400;8143.2000;8.4486;395.0000;1.0000;0;WO627458;1146.39
03-Jul-2026;  ENG-078 ;50;2026-01-03 02:00:00;641.9500;1581.5500;1396.0100;554.2800;2387.9400;9061.8400;47.0600;522.8200;2387.9600;8139.4200;8.3657;391.0000;1.0000;0;WO288984;1,144.21
2026-07-03;ENG-053;115;2026-01-05 19:00:00;642.8400;1590.3800;1409.3300;553.3400;2388.0200;9073.2100;47.5400;521.4800;2388.0400;8146.2100;8.4502;393.0000;0.6000;0;WO964931;354.36
2026/07/03;ENG-024;133;2026-01-06 13:00:00;642.3500;1591.7000;1405.9900;554.6300;2388.0300;9086.4200;47.4600;522.1300;2388.0400;8168.5300;8.4068;392.0000;0.5840;0;WO960949;863.05
03-Jul-2026;ENG-083;64;2026-01-03 16:00:00;642.9100;1586.5200;1403.9100;554.1300;2388.0800;9055.0000;47.3700;521.8200;2388.0600;8139.0800;8.4403;392.0000;1.0000;0;WO612387;2809.07
03-Jul-2026;ENG-063;150;2026-01-07 06:00:00;641.8600;1580.2400;1404.0500;552.9500;2388.2200;9042.2600;47.5900;520.8200;2388.1700;8128.0800;8.4744;394.0000;0.6160;0;WO462939;1569.64
2026-07-03;ENG-072;105;2026-01-05 09:00:00;642.1600;1582.4400;1408.1200;554.0700;2388.0600;9067.0100;47.4200;521.8500;2388.1000;8152.3800;8.4269;392.0000;;0;WO686880;1,876.64
03-Jul-2026;eng-020;152;2026-01-07 08:00:00;643.1100;1594.7000;1415.1600;552.6800;2388.1900;9062.2600;47.7200;521.4100;2388.1500;8143.1500;8.4362;395.0000;0.3840;0;WO958115;765.48
03-Jul-2026;ENG-096;90;2026-01-04 18:00:00;642.0700;1585.6300;1401.0500;553.2600;2388.0500;9072.0800;47.2900;521.6300;2388.0700;8144.0100;8.4107;392.0000;1.0000;0;WO340405;
2026-07-03;ENG-077;141;2026-01-06 21:00:00;642.8900;1589.5800;1414.1600;553.3300;2388.1700;9054.1900;47.6600;521.6500;2388.1600;8132.6100;8.4276;393.0000;0.4400;0;WO635701;1756.36
2026/07/03;ENG-007;159;2026-01-07 15:00:00;642.4900;1587.0500;1407.9800;554.3200;2388.0200;9071.6900;47.4300;522.3400;2388.0300;8148.4500;8.4450;393.0000;0.7360;0;WO343124;627.90
2026-07-03;ENG-077;148;2026-01-07 04:00:00;643.2300;1591.2000;1415.7900;553.0600;2388.1700;9051.7600;47.5900;520.7800;2388.1900;8129.4400;8.4419;393.0000;0.3840;0;WO982752;170.16
2026-07-03;ENG-028;114;2026-01-05 18:00:00;642.9500;1589.4200;1405.7200;553.4900;2388.1000;9050.5600;47.5400;521.5200;2388.1000;8126.9700;8.4124;393.0000;1.0000;0;WO274775;1657.22
03-Jul-2026;ENG-019;124;2026-01-06 04:00:00;642.4000;1589.9100;1406.8400;553.6300;2388.0600;9060.4000;47.3900;522.2500;2388.0500;8141.0200;8.4541;393.0000;0.7840;0;WO426151;2024.86
2026-07-03;eng-056;97;2026-01-05 01:00:00;643.2900;1595.0400;1417.4000;552.4000;2388.1900;9041.0000;47.8200;520.9600;2388.1600;8119.5200;8.4886;394.0000;0.4320;0;WO319010;885.90
2026-07-03;  ENG-021 ;124;2026-01-06 04:00:00;641.9900;1592.1200;1399.7900;554.0700;2388.0600;9071.5900;47.3700;522.0600;2388.0300;8152.1400;8.4163;393.0000;0.6480;0;WO221972;1541.71
2026-07-03;ENG-060;120;2026-01-06 00:00:00;642.8000;1586.0500;1403.3100;553.5300;2388.0900;9056.0600;47.5000;521.3100;2388.0900;8134.9000;8.4192;392.0000;1.0000;0;WO290666;1492.83
2026-07-03;ENG-035;149;2026-01-07 05:00:00;643.0600;1592.6300;1406.0000;553.2400;2388.1700;9065.1900;47.6400;520.8100;2388.1100;8142.4300;8.4706;395.0000;0.4800;0;WO736396;2100.49
2026/07/03;ENG-098;93;2026-01-04 21:00:00;642.4600;1588.6200;1408.6100;553.1500;2388.1400;9065.4700;47.4000;522.1800;2388.0700;8138.5800;8.4406;393.0000;0.6960;0;WO485063;2314.09
2026-07-03;  ENG-049 ;256;2026-01-11 16:00:00;642.2400;1593.9000;1411.9800;553.0200;2388.1200;9050.4400;47.8100;520.8800;2388.1400;8130.0700;8.4382;393.0000;0.5440;0;WO152371;
2026-07-03;ENG-016;89;2026-01-04 17:00:00;641.8000;1587.0700;1402.0600;554.6000;2388.0700;9060.5500;47.3800;522.3400;2388.0400;8142.6100;8.4302;394.0000;0.8640;0;WO817584;1,139.09
2026-07-03;ENG-038;109;2026-01-05 13:00:00;642.7800;1588.5500;1413.3300;553.6200;2388.1200;9067.3200;47.6300;521.0600;2388.1200;8145.6900;8.4706;393.0000;0.5280;0;WO594017;489.06
03-Jul-2026;ENG-034;147;2026-01-07 03:00:00;642.6300;1590.7200;1409.4200;553.8300;2388.1300;9058.7100;47.4300;521.6500;2388.0900;8138.2500;8.4141;393.0000;0.5040;0;WO803603;829.31
2026/07/03;ENG-062;227;2026-01-10 11:00:00;642.3500;1588.9000;1406.9000;553.7000;2388.1100;9089.5500;47.5000;522.0000;2388.1000;8159.9000;8.4067;394.0000;0.4720;0;WO586230;149.74
2026-07-03;ENG-056;104;2026-01-05 08:00:00;643.0400;1592.5500;1413.6700;552.5100;2388.1900;9051.0800;47.5900;521.1400;2388.2100;8126.4500;8.4717;395.0000;0.3760;0;WO827977;74.38
2026/07/03;eng-035;183;2026-01-08 15:00:00;643.7000;1600.2200;1415.3200;552.2600;2388.2500;9070.2100;47.9900;520.6300;2388.2300;8150.9400;8.4903;394.0000;0.2080;1;WO798427;9,386.41
2026-07-03;ENG-080;119;2026-01-05 23:00:00;642.2700;1594.5200;1405.3300;553.6300;2388.1000;9066.4300;47.6900;520.9600;2388.1200;8138.5000;8.4286;392.0000;0.8320;0;WO830072;
03-Jul-2026;ENG-100;154;2026-01-07 10:00:00;642.6200;1597.9100;1406.4700;553.8200;2388.0600;9084.5900;47.4100;521.7600;2388.0100;8162.2100;8.4168;393.0000;0.5120;0;WO423452;1,310.10
03-Jul-2026;ENG-029;145;2026-01-07 01:00:00;642.7900;1586.3700;1408.2400;553.9100;2388.1100;9064.0000;47.4000;521.7100;2388.0400;8144.0600;8.4223;392.0000;0.9280;0;WO928780;963.23
2026-07-03;ENG-038;105;2026-01-05 09:00:00;642.8300;1593.2400;1416.0400;553.1700;2388.0700;9070.1200;47.7000;521.1800;2388.1200;8140.0900;8.4432;394.0000;0.5600;0;WO168819;2813.13
2026-07-03;eng-100;182;2026-01-08 14:00:00;642.2800;1598.0500;1414.4300;553.8500;2388.0500;9122.3900;47.6300;521.4700;2388.0300;8193.0500;8.4333;394.0000;0.2880;0;WO949566;1489.46
2026/07/03;ENG-060;132;2026-01-06 12:00:00;642.0700;1596.3700;1407.2000;553.4000;2388.1100;9054.5300;47.4000;521.1900;2388.1100;8136.4400;8.4456;393.0000;0.9200;0;WO117256;321.01
2026/07/03;ENG-063;138;2026-01-06 18:00:00;642.4600;1591.5000;1412.7300;552.7200;2388.1500;9043.9000;47.5900;521.5200;2388.1500;8134.0800;8.4392;394.0000;0.7120;0;WO948909;2,179.34
2026-07-03;ENG-090;135;2026-01-06 15:00:00;642.9200;1588.7000;1411.8000;553.0500;2388.0800;9077.7700;47.8300;520.9200;2388.1000;8153.9300;8.4428;394.0000;0.3120;0;WO904704;
03-Jul-2026;ENG-068;138;2026-01-06 18:00:00;642.8300;1594.2200;1409.6300;552.9600;2388.1000;9064.1000;47.6300;520.8700;2388.1000;8142.8600;8.4790;395.0000;0.4560;0;WO616911;495.80
2026/07/03;ENG-007;144;2026-01-07 00:00:00;642.5300;1584.9800;1406.4800;554.0300;2388.0000;9068.4000;47.4400;521.7700;2388.0800;8144.8600;8.4046;393.0000;0.8560;0;WO999474;2,713.28
03-Jul-2026;ENG-024;186;2026-01-08 18:00:00;643.2800;1593.8200;1415.1300;553.7800;2388.0800;9148.5600;47.7000;520.6900;2388.0700;8211.2100;8.4785;393.0000;0.1600;1;WO854829;19,770.90
03-Jul-2026;ENG-070;133;2026-01-06 13:00:00;642.3000;1595.0700;1404.7700;553.4700;2388.1000;9058.6900;47.6100;521.9700;2388.1100;8131.3700;8.4309;394.0000;0.9040;0;WO153752;1,019.86
03-Jul-2026;  ENG-043 ;150;2026-01-07 06:00:00;642.8400;1589.0700;1411.3100;552.8300;2388.1500;9047.2400;47.2000;521.2700;2388.1600;8129.3800;8.4379;394.0000;0.6480;0;WO788764;
2026/07/03;ENG-013;157;2026-01-07 13:00:00;642.1400;1588.4000;1403.2400;554.2900;2388.0300;9057.3800;47.5000;521.9400;2388.0100;8142.5900;8.4156;393.0000;1.0000;0;WO954657;366.70
2026-07-03;eng-080;111;2026-01-05 15:00:00;642.6900;1591.9000;1404.1400;554.0200;2388.1200;9063.3800;47.5300;521.3900;2388.1000;8143.8000;8.4277;392.0000;0.8960;0;WO466144;2535.62
2026/07/03;ENG-042;106;2026-01-05 10:00:00;642.4800;1588.2300;1411.2400;553.4100;2388.0800;9050.6200;47.3700;521.7100;2388.1100;8129.8600;8.4372;392.0000;0.4800;0;WO167235;1,106.08
03-Jul-2026;ENG-013;169;2026-01-08 01:00:00;642.2900;1589.5500;1400.4100;553.4800;2388.0400;9049.0300;47.4000;522.1200;2388.0600;8146.1600;8.4296;392.0000;0.9680;0;WO297568;887.68
2026-07-03;  ENG-054 ;91;2026-01-04 19:00:00;642.1300;1581.7100;1395.3800;554.6100;2388.0400;9053.7100;47.2400;521.9700;2388.0400;8139.8700;8.4045;391.0000;1.0000;0;WO848382;2466.02
03-Jul-2026;ENG-031;182;2026-01-08 14:00:00;643.2300;1599.8400;1419.0300;552.4200;2388.1400;9083.8600;47.9800;520.0000;2388.1600;8153.3000;8.5060;396.0000;0.1760;1;WO490576;21097.74
2026/07/03;ENG-009;44;2026-01-02 20:00:00;642.6800;1590.0100;1410.8800;552.9500;2388.0700;9052.8200;47.6800;521.1300;2388.1500;8126.9300;8.4101;392.0000;0.9760;0;WO359167;2,705.21
2026/07/03;ENG-072;94;2026-01-04 22:00:00;642.4100;1589.9700;1409.7100;554.3800;2388.0100;9062.1300;47.3400;521.7900;2387.9900;8144.3700;8.4282;392.0000;0.6960;0;WO288389;439.05
2026/07/03;ENG-084;125;2026-01-06 05:00:00;642.1400;1593.2500;1407.6000;553.2200;2388.1600;9056.5900;47.5700;521.6500;2388.1200;8133.7300;8.4267;393.0000;0.8400;0;WO955102;
2026/07/03;ENG-051;141;2026-01-06 21:00:00;642.7600;1587.1400;1404.3300;553.0100;2388.1400;9053.2000;47.6100;521.2100;2388.1100;8132.0400;8.4578;393.0000;0.9360;0;WO114660;91.90
2026-07-03;ENG-084;119;2026-01-05 23:00:00;642.5600;1579.4100;1408.9600;553.1600;2388.0600;9046.8000;47.4100;521.3400;2388.0800;8138.5800;8.4377;393.0000;0.8880;0;WO819652;2669.77
2026-07-03;ENG-005;89;2026-01-04 17:00:00;642.7000;1592.5500;1408.9300;553.5400;2388.1000;9053.8500;47.4400;521.1300;2388.0900;8138.9800;8.4675;393.0000;0.8000;0;WO223080;1,207.23
2026/07/03;ENG-031;143;2026-01-06 23:00:00;642.5900;1592.7200;1405.0700;553.0400;2388.0500;9069.9600;47.6300;521.2600;2388.0300;8145.4600;8.4624;392.0000;0.4880;0;WO848623;2,578.28
03-Jul-2026;ENG-003;105;2026-01-05 09:00:00;642.7300;1586.0900;1405.3600;552.6000;2388.1200;9050.5900;47.5900;521.1700;2388.1800;8126.2700;8.4394;395.0000;0.7200;0;WO737364;1624.65
2026-07-03;ENG-010;143;2026-01-06 23:00:00;642.2200;1583.7600;1400.1100;555.1000;2388.0100;9061.0800;47.1600;521.8300;2388.0100;8140.2800;8.3736;393.0000;1.0000;0;WO281251;1007.04
2026/07/03;ENG-076;192;2026-01-09 00:00:00;643.1000;1600.9700;1416.9700;553.0600;2388.0900;9103.1000;47.8400;520.2500;2388.1400;8167.9000;8.4802;395.0000;0.1840;1;WO341267;8659.85
2026/07/03;ENG-062;210;2026-01-09 18:00:00;641.6100;1593.3400;1414.2600;553.2400;2388.0500;9082.3800;47.4400;521.6600;2388.0300;8165.4900;8.4357;391.0000;0.6080;0;WO537481;1,991.98
03-Jul-2026;  ENG-026 ;52;2026-01-03 04:00:00;642.1900;1576.9600;1400.6900;554.0400;2388.0400;9067.3700;47.2500;522.3800;2387.9700;8144.1700;8.3899;392.0000;1.0000;0;WO137539;127.16
2026/07/03;ENG-048;64;2026-01-03 16:00:00;642.5200;1583.7300;1408.1900;553.7500;2388.0700;9053.6700;47.5300;521.5000;2388.1200;8135.3300;8.4498;391.0000;0.8480;0;WO794032;1049.23
03-Jul-2026;ENG-063;142;2026-01-06 22:00:00;643.7000;1591.7300;1416.0800;553.5400;2388.1600;9048.3000;47.6300;520.9400;2388.1100;8124.7900;8.4670;393.0000;0.6800;0;WO719542;1,153.51
03-Jul-2026;  ENG-052 ;170;2026-01-08 02:00:00;642.3200;1592.2800;1410.6600;554.4500;2388.0400;9084.3900;47.5000;521.6400;2388.0500;8169.1400;8.4256;392.0000;0.3840;0;WO343085;2,707.94
2026-07-03;ENG-010;133;2026-01-06 13:00:00;641.9700;1582.9800;1404.5700;554.0800;2388.0400;9064.8000;47.2900;522.2900;2388.0400;8141.4500;8.4343;394.0000;1.0000;0;WO158727;1811.95
2026/07/03;ENG-092;120;2026-01-06 00:00:00;642.9200;1593.6100;1416.9000;552.7100;2388.1900;9044.7300;47.9300;521.2700;2388.1800;8120.6600;8.4717;397.0000;0.4000;0;WO142608;2,095.55
2026/07/03;ENG-089;170;2026-01-08 02:00:00;642.2200;1601.5000;1408.1800;553.1900;2388.1000;9056.9600;47.4200;521.8500;2388.0700;8135.0100;8.4105;393.0000;1.0000;0;WO793422;1488.19
2026/07/03;eng-086;101;2026-01-05 05:00:00;643.0600;1586.4500;1404.6700;553.8000;2388.0900;9066.2000;47.6300;521.9100;2388.0700;8147.3100;8.4132;393.0000;0.7840;0;WO471880;2061.23
2026/07/03;ENG-072;112;2026-01-05 16:00:00;642.3500;1587.3500;1406.5800;554.1500;2388.1000;9071.7500;47.4700;521.5200;2388.0300;8143.4000;8.4495;394.0000;0.5520;0;WO574992;2064.31
2026/07/03;ENG-076;150;2026-01-07 06:00:00;643.0800;1586.6400;1411.1600;553.7100;2388.0600;9068.6300;47.4500;521.1300;2388.1000;8147.7100;8.4476;393.0000;0.5200;0;WO298402;1204.25
2026-07-03;ENG-010;142;2026-01-06 22:00:00;642.0100;1588.0200;1405.3100;554.4800;2388.0300;9064.3800;47.4700;522.0700;2388.0100;8147.9500;8.4079;393.0000;1.0000;0;WO145767;1700.30
03-Jul-2026;ENG-082;151;2026-01-07 07:00:00;642.8300;1590.7300;1420.5600;551.7000;2388.2000;9060.4600;47.9000;520.4600;2388.1500;8128.3900;8.4856;394.0000;0.1600;1;WO827233;9990.02
2026-07-03;ENG-024;164;2026-01-07 20:00:00;642.0300;1588.1400;1409.4900;553.6800;2388.1000;9108.6400;47.7000;521.7800;2388.0700;8184.2600;8.4304;392.0000;0.3360;0;WO983498;242.43
2026-07-03;  ENG-063 ;143;2026-01-06 23:00:00;642.6700;1596.6300;1414.0200;552.4700;2388.1300;9051.4700;47.6400;521.2200;2388.1900;8130.7900;8.4256;393.0000;0.6720;0;WO520874;1,812.91
2026/07/03;  ENG-089 ;139;2026-01-06 19:00:00;642.5700;1586.8100;1408.8100;554.3100;2388.1000;9054.4200;47.5800;521.2300;2388.1200;8137.4200;8.4025;391.0000;1.0000;0;WO651986;
2026/07/03;ENG-082;145;2026-01-07 01:00:00;642.7700;1593.9500;1415.4200;552.6800;2388.1600;9055.6300;47.6500;520.7400;2388.1600;8129.9600;8.4810;393.0000;0.2080;1;WO904535;15297.23
2026/07/03;ENG-006;74;2026-01-04 02:00:00;642.5800;1592.8700;1411.1900;552.8900;2388.0600;9054.8100;47.4500;521.6500;2388.1100;8135.5800;8.4471;393.0000;0.9920;0;WO652451;882.55
2026-07-03;ENG-064;121;2026-01-06 01:00:00;642.9400;1599.1400;1403.5300;553.4200;2388.1100;9055.7500;47.5600;521.5400;2388.1700;8135.2200;8.4315;393.0000;0.6000;0;WO537545;2,789.04
2026/07/03;ENG-021;125;2026-01-06 05:00:00;642.1400;1587.7600;1408.0800;553.5200;2388.0500;9073.2800;47.5100;522.1200;2388.0700;8150.5300;8.3984;394.0000;0.6400;0;WO419198;64.17
2026/07/03;ENG-015;75;2026-01-04 03:00:00;642.3300;1594.5800;1407.8000;554.1400;2388.0800;9057.2900;47.2800;521.9000;2388.0600;8129.6900;8.4158;394.0000;0.6720;0;WO496385;2,634.36
2026-07-03;ENG-070;150;2026-01-07 06:00:00;643.5600;1589.0800;1411.9200;553.7000;2388.0600;9061.0400;47.5900;520.5500;2388.1300;8135.6600;8.4445;392.0000;0.7680;0;WO124081;
2026-07-03;ENG-068;185;2026-01-08 17:00:00;643.8800;1591.6300;1419.8100;551.8800;2388.2600;9089.9300;48.0700;519.8400;2388.1700;8156.4800;8.5025;396.0000;0.0800;1;WO165296;13192.46
2026/07/03;eng-081;183;2026-01-08 15:00:00;642.4500;1590.3800;1418.7800;552.1600;2388.1900;9069.6300;47.9600;520.6500;2388.1600;8147.7400;8.4930;395.0000;0.3040;0;WO679777;1355.52
2026/07/03;ENG-019;100;2026-01-05 04:00:00;642.9300;1580.6500;1397.9000;554.9900;2388.0000;9063.8700;47.2100;521.9800;2387.9900;8142.4900;8.4014;392.0000;0.9760;0;WO269139;2,736.74
2026/07/03;ENG-088;63;2026-01-03 15:00:00;642.3500;1593.1500;1412.5600;553.9100;2388.1100;9040.2500;47.5300;521.0300;2388.1900;8120.3300;8.4343;392.0000;0.9600;0;WO862238;2993.81
2026-07-03;ENG-054;99;2026-01-05 03:00:00;642.5400;1589.2800;1398.4000;554.7200;2387.9800;9054.1200;47.1700;522.3800;2387.9600;8143.2900;8.4026;391.0000;0.9520;0;WO480121;2844.94
2026/07/03;ENG-049;276;2026-01-12 12:00:00;643.0400;1592.6800;1417.0900;553.3200;2388.2100;9048.9300;47.7800;521.1500;2388.1200;8132.2200;8.4500;394.0000;0.3840;0;WO717053;625.73
03-Jul-2026;ENG-090;126;2026-01-06 06:00:00;643.0500;1589.6100;1412.6200;552.7800;2388.1600;9069.3100;47.5400;521.2400;2388.1300;8145.8000;8.4874;394.0000;0.3840;0;WO223051;1081.76
03-Jul-2026;  ENG-017 ;120;2026-01-06 00:00:00;642.3700;1588.2400;1414.2600;553.0500;2387.9800;9071.6800;47.3800;522.0600;2388.0500;8156.7000;8.4327;393.0000;0.7600;0;WO925020;2,195.80
03-Jul-2026;ENG-086;102;2026-01-05 06:00:00;642.2000;1583.5900;1402.9100;552.7700;2388.0900;9061.6900;47.4700;521.3700;2388.0600;8144.9300;8.4236;392.0000;;0;WO469816;1729.69
2026-07-03;ENG-057;128;2026-01-06 08:00:00;643.1500;1589.1000;1407.3600;552.8800;2388.1400;9051.7200;47.4300;520.4200;2388.0900;8130.2200;8.4271;391.0000;1.0000;0;WO372884;2,223.43
2026/07/03;ENG-008;152;2026-01-07 08:00:00;642.7300;1590.5800;1409.1800;553.2400;2388.1300;9055.1500;47.6700;520.9000;2388.0800;8126.0000;8.4542;393.0000;0.8720;0;WO637349;2249.36
2026-07-03;ENG-059;70;2026-01-03 22:00:00;642.4100;1588.3300;1396.5200;555.0200;2387.9900;9055.0000;47.1800;522.3400;2388.0400;8146.2100;8.3701;391.0000;1.0000;0;WO913413;1,625.89
03-Jul-2026;ENG-074;109;2026-01-05 13:00:00;642.3200;1603.5200;1409.4600;553.6500;2388.1200;9067.3800;47.4100;521.5100;2388.0500;8134.6900;8.4580;392.0000;1.0000;0;WO428792;2,581.15
2026-07-03;ENG-013;146;2026-01-07 02:00:00;642.2000;1587.5900;1400.9300;553.7400;2388.0200;9064.1500;47.4100;521.6900;2387.9800;8145.7600;8.4025;392.0000;1.0000;0;WO451308;447.45
03-Jul-2026;  ENG-064 ;128;2026-01-06 08:00:00;642.6300;1595.0100;1405.3400;552.7000;2388.1400;9059.5000;47.4500;521.1100;2388.1200;8132.0000;8.4690;393.0000;0.5440;0;WO772927;2497.02
03-Jul-2026;ENG-049;255;2026-01-11 15:00:00;642.9600;1593.3900;1398.7500;553.5900;2388.1100;9055.0500;47.7700;521.4900;2388.0900;8138.5800;8.4245;394.0000;0.5520;0;WO511666;2,174.85
03-Jul-2026;  ENG-003 ;124;2026-01-06 04:00:00;643.0600;1590.4900;1412.7800;552.3000;2388.1300;9047.8400;47.6100;520.8700;2388.1600;8133.6100;8.4551;395.0000;0.5680;0;WO699227;1,956.98
2026/07/03;ENG-084;146;2026-01-07 02:00:00;642.3200;1587.9200;1416.9400;552.9600;2388.1500;9061.1000;47.4300;521.1400;2388.1000;8128.8600;8.3880;393.0000;0.6720;0;WO967914;2659.52
2026-07-03;ENG-060;130;2026-01-06 10:00:00;642.9900;1586.1800;1408.8900;552.2500;2388.0700;9061.5600;47.5600;522.2000;2388.1200;8136.8100;8.4699;394.0000;0.9360;0;WO466069;1508.30
03-Jul-2026;  ENG-019 ;106;2026-01-05 10:00:00;642.3600;1587.4500;1399.5800;553.2900;2388.0500;9067.3900;47.3500;521.9500;2388.0900;8145.4600;8.4159;391.0000;0.9280;0;WO411172;
03-Jul-2026;ENG-010;140;2026-01-06 20:00:00;642.7000;1588.5000;1401.9500;553.8300;2388.0700;9061.9200;47.3500;522.0400;2388.0100;8143.6300;8.3792;392.0000;1.0000;0;WO875357;
2026-07-03;ENG-049;258;2026-01-11 18:00:00;643.4100;1584.5300;1407.7000;553.2500;2388.0800;9057.8900;47.4300;521.3800;2388.1100;8138.4300;8.4345;394.0000;0.5280;0;WO229988;2741.34
2026/07/03;eng-054;94;2026-01-04 22:00:00;641.4500;1586.9600;1398.3600;553.9700;2387.9900;9062.2500;46.9700;522.5800;2388.0400;8141.1100;8.3728;392.0000;0.9920;0;WO488617;982.96
2026/07/03;eng-033;35;2026-01-02 11:00:00;641.9900;1588.8700;1405.4300;553.8500;2388.1300;9063.1200;47.5600;520.9000;2388.1500;8136.3300;8.4340;394.0000;0.9680;0;WO600026;2780.43
03-Jul-2026;  ENG-062 ;209;2026-01-09 17:00:00;642.7300;1591.2400;1405.1800;552.8500;2388.0400;9073.3800;47.4300;521.6800;2388.0100;8159.3000;8.4471;393.0000;0.6160;0;WO580631;493.42
03-Jul-2026;ENG-028;150;2026-01-07 06:00:00;643.0300;1597.9600;1406.7100;553.3100;2388.1100;9062.9200;47.4800;520.8500;2388.0800;8135.3200;8.3905;395.0000;0.8400;0;WO289050;2163.62
2026/07/03;ENG-081;210;2026-01-09 18:00:00;643.1600;1603.7500;1428.9500;551.0100;2388.2700;9082.3000;47.9000;520.2400;2388.1300;8154.0700;8.5195;395.0000;;1;WO932665;11,462.81
2026-07-03;ENG-005;98;2026-01-05 02:00:00;642.2700;1589.9400;1419.3600;553.2900;2388.1000;9053.9900;47.4600;521.0000;2388.1500;8125.7400;8.4362;394.0000;0.7280;0;WO111592;389.38
2026-07-03;ENG-054;120;2026-01-06 00:00:00;641.9400;1582.7500;1404.1100;554.1100;2387.9800;9063.3300;47.3000;522.1500;2388.0200;8145.9600;8.4113;390.0000;0.7840;0;WO711516;482.16
2026-07-03;  ENG-030 ;115;2026-01-05 19:00:00;642.5400;1591.2500;1403.6000;552.9000;2388.1600;9054.2500;47.6300;521.4400;2388.1200;8136.1500;8.4428;393.0000;1.0000;0;WO684006;1,769.00
2026/07/03;ENG-037;88;2026-01-04 16:00:00;642.4500;1583.4300;1398.4200;553.9100;2388.0800;9052.7900;47.4600;522.0700;2388.0800;8135.8200;8.4260;393.0000;0.4320;0;WO242701;2537.97
2026-07-03;eng-041;118;2026-01-05 22:00:00;643.1400;1587.7900;1410.9000;552.3300;2388.1700;9037.4900;47.6000;521.3700;2388.1700;8114.7700;8.4545;394.0000;0.1840;1;WO636277;10010.14
2026/07/03;ENG-046;99;2026-01-05 03:00:00;642.7300;1585.7400;1407.9100;553.1600;2388.0700;9066.3200;47.5800;520.9900;2388.0500;8149.3200;8.4468;390.0000;0.7520;0;WO466289;
2026-07-03;ENG-031;183;2026-01-08 15:00:00;643.4500;1597.9700;1417.5300;552.2000;2388.1700;9082.1300;47.8300;520.7100;2388.2000;8155.2000;8.4852;395.0000;0.1680;1;WO264221;20,694.21
2026/07/03;ENG-029;157;2026-01-07 13:00:00;642.4100;1597.5900;1401.0800;554.7800;2388.0500;9071.8500;47.1600;521.7700;2388.0500;8145.2400;8.4624;392.0000;0.8320;0;WO637365;883.18
2026/07/03;ENG-017;159;2026-01-07 15:00:00;642.9600;1589.4600;1412.8000;553.1800;2388.1100;9088.0000;47.5300;521.6900;2388.0400;8159.6200;8.4181;393.0000;0.4480;0;WO915393;1584.49
03-Jul-2026;ENG-057;134;2026-01-06 14:00:00;642.9200;1585.9500;1405.2200;553.2300;2388.1200;9049.2400;47.4900;520.6700;2388.1300;8131.1900;8.4611;393.0000;1.0000;0;WO244667;247.36
03-Jul-2026;ENG-068;155;2026-01-07 11:00:00;643.0600;1597.5400;1415.4800;553.1900;2388.0700;9074.6700;47.4800;521.4600;2388.1300;8150.0300;8.4520;393.0000;0.3200;0;WO327855;1,921.25
03-Jul-2026;ENG-076;182;2026-01-08 14:00:00;643.6900;1593.6300;1419.3300;552.8500;2388.0800;9091.8100;47.6100;520.8600;2388.1300;8162.0700;8.4819;394.0000;0.2640;0;WO959566;1362.45
03-Jul-2026;ENG-007;112;2026-01-05 16:00:00;642.0900;1591.2300;1396.5500;554.2200;2388.0000;9056.8500;47.2300;522.6400;2388.0000;8152.4100;8.4290;393.0000;1.0000;0;WO719588;2,664.75
2026-07-03;ENG-088;66;2026-01-03 18:00:00;642.5200;1581.0900;1413.5900;553.4400;2388.1400;9042.0900;47.5700;521.0500;2388.1100;8124.6700;8.4488;393.0000;0.9360;0;WO887362;2117.95
2026-07-03;ENG-013;164;2026-01-07 20:00:00;642.2500;1586.2400;1400.0300;553.4800;2388.0400;9072.9000;47.3600;522.3100;2388.0500;8147.1900;8.4040;393.0000;1.0000;0;WO818888;2185.78
03-Jul-2026;ENG-091;207;2026-01-09 15:00:00;643.2800;1589.4100;1416.4800;552.6500;2388.2000;9048.2300;47.8800;521.0300;2388.2400;8125.2500;8.4637;396.0000;0.5200;0;WO507769;2,477.26
2026-07-03;ENG-004;76;2026-01-04 04:00:00;643.1100;1583.4400;1408.3200;552.6800;2388.1300;9052.0600;47.7000;521.4900;2388.1500;8136.2400;8.4456;393.0000;0.8960;0;WO705492;1,987.52
2026/07/03;ENG-016;87;2026-01-04 15:00:00;642.2900;1584.0300;1398.8400;554.0500;2388.0600;9054.5800;47.2800;522.2800;2388.0300;8136.8900;8.3808;392.0000;0.8800;0;WO760073;1354.68
2026-07-03;ENG-074;118;2026-01-05 22:00:00;642.4400;1589.8400;1409.6400;553.5300;2388.1000;9059.8300;47.4300;521.4000;2388.0300;8136.8000;8.4759;394.0000;1.0000;0;WO142795;2044.66
03-Jul-2026;  ENG-081 ;149;2026-01-07 05:00:00;642.9200;1591.3900;1411.3300;553.2200;2388.1200;9073.1200;47.5800;521.0800;2388.0900;8153.6600;8.4360;394.0000;0.5760;0;WO493187;1555.63
2026-07-03;  ENG-092 ;115;2026-01-05 19:00:00;643.1800;1593.4400;1410.5400;552.3300;2388.1900;9041.2500;47.5800;521.0000;2388.1500;8123.8000;8.4875;393.0000;0.4400;0;WO998592;987.22
2026-07-03;ENG-075;85;2026-01-04 13:00:00;641.9700;1585.4900;1410.0200;553.6700;2388.1000;9052.9600;47.2900;522.0500;2388.0600;8141.4200;8.4376;394.0000;0.9280;0;WO663406;2,543.25
03-Jul-2026;ENG-025;35;2026-01-02 11:00:00;642.4500;1587.6000;1402.1500;554.2100;2388.0200;9052.6000;47.3200;521.8400;2387.9800;8131.7400;8.4123;391.0000;1.0000;0;WO107234;717.46
2026/07/03;ENG-093;230;2026-01-10 14:00:00;643.5300;1590.0400;1412.4900;552.2400;2388.1100;9072.9400;47.7500;520.7200;2388.1300;8142.5100;8.4684;394.0000;;0;WO482971;1961.64
03-Jul-2026;ENG-068;134;2026-01-06 14:00:00;642.7400;1589.5600;1411.9900;553.3300;2388.0900;9063.5300;47.5000;521.1800;2388.0300;8143.7500;8.4344;392.0000;0.4880;0;WO727945;2074.01
03-Jul-2026;ENG-052;146;2026-01-07 02:00:00;642.8800;1582.5600;1407.2800;554.3700;2387.9500;9076.2900;47.3700;522.1700;2388.0100;8153.9300;8.4274;391.0000;0.5760;0;WO404449;
03-Jul-2026;ENG-080;108;2026-01-05 12:00:00;643.0600;1588.0700;1416.5800;553.8400;2388.0900;9068.3100;47.3500;521.3300;2388.1300;8145.5800;8.4213;392.0000;0.9200;0;WO610163;1937.56
03-Jul-2026;ENG-040;109;2026-01-05 13:00:00;642.8900;1595.6900;1413.8300;552.3800;2388.1000;9067.3600;47.7600;520.9500;2388.1600;8140.0300;8.4581;395.0000;0.4160;0;WO739377;225.83
2026/07/03;ENG-020;161;2026-01-07 17:00:00;642.9400;1595.4700;1421.8300;552.1900;2388.1100;9067.5800;47.4900;520.9600;2388.1000;8145.4100;8.4554;395.0000;0.3120;0;WO454899;2247.68
2026/07/03;ENG-084;138;2026-01-06 18:00:00;642.3200;1586.2200;1413.9200;553.3200;2388.1100;9053.3700;47.5300;521.4000;2388.1000;8139.4000;8.4328;393.0000;0.7360;0;WO448625;794.90
2026-07-03;eng-047;72;2026-01-04 00:00:00;642.9800;1588.6000;1413.1300;553.3600;2388.1600;9035.7100;47.4000;520.6800;2388.1900;8125.4100;8.4380;392.0000;1.0000;0;WO373029;911.30
2026/07/03;eng-053;118;2026-01-05 22:00:00;643.1000;1581.6000;1409.1200;553.2100;2388.0500;9063.8700;47.4300;520.9800;2388.0900;8152.9700;8.4452;394.0000;0.5760;0;WO481680;1985.96
03-Jul-2026;ENG-045;149;2026-01-07 05:00:00;642.9100;1593.3700;1412.6300;553.6600;2388.1100;9061.9500;47.7100;521.5400;2388.1100;8140.0700;8.4994;395.0000;0.9360;0;WO892444;766.34
03-Jul-2026;ENG-015;64;2026-01-03 16:00:00;642.2800;1586.8500;1403.5700;553.5200;2387.9900;9051.8700;47.2300;522.3800;2388.0100;8138.9200;8.4514;392.0000;0.7600;0;WO466396;2,908.73
2026/07/03;eng-072;124;2026-01-06 04:00:00;642.3800;1590.5300;1409.5400;553.4300;2388.0600;9065.2000;47.5200;521.3800;2388.1300;8148.5800;8.4462;394.0000;0.4560;0;WO945431;114.41
2026-07-03;ENG-024;180;2026-01-08 12:00:00;642.8300;1605.5800;1413.3000;553.9000;2388.0900;9137.4000;47.6800;521.4300;2388.0900;8201.9800;8.4441;395.0000;0.2080;1;WO298473;15076.31
03-Jul-2026;  ENG-009 ;52;2026-01-03 04:00:00;642.8400;1589.1800;1408.6800;553.8200;2388.1400;9056.3900;47.5100;522.0000;2388.1300;8133.3200;8.4436;393.0000;0.9120;0;WO455294;78.92
03-Jul-2026;ENG-002;46;2026-01-02 22:00:00;642.8400;1589.3100;1401.6700;553.8300;2388.1100;9045.3500;47.4200;521.0400;2388.1000;8128.8200;8.4455;394.0000;0.8080;0;WO484914;2650.34
03-Jul-2026;  ENG-072 ;97;2026-01-05 01:00:00;643.0400;1592.7600;1399.1400;553.3000;2388.0400;9062.2400;47.4100;521.6900;2388.0700;8142.4300;8.4290;393.0000;0.6720;0;WO783161;941.00
03-Jul-2026;ENG-065;70;2026-01-03 22:00:00;641.8700;1587.0400;1405.0000;554.4100;2388.0200;9060.3600;47.2500;522.0700;2388.0500;8152.0800;8.4455;391.0000;1.0000;0;WO798715;2,476.26
2026/07/03;ENG-029;148;2026-01-07 04:00:00;642.2900;1586.0000;1408.7800;554.1700;2388.0700;9068.4200;47.3700;521.6800;2388.0900;8145.7900;8.4215;391.0000;0.9040;0;WO221245;2,919.75
03-Jul-2026;ENG-054;85;2026-01-04 13:00:00;642.6000;1588.7900;1399.2000;554.4700;2388.0400;9062.6800;47.2600;522.1600;2388.0000;8137.4700;8.4578;391.0000;1.0000;0;WO446619;956.05
2026-07-03;ENG-095;81;2026-01-04 09:00:00;642.1700;1588.0300;1401.0600;553.9400;2387.9900;9045.0700;47.4100;521.9700;2388.1200;8130.5800;8.3665;393.0000;1.0000;0;WO676269;2,196.80
2026/07/03;ENG-090;114;2026-01-05 18:00:00;642.7700;1593.4700;1410.0600;553.1000;2388.1100;9060.5500;47.6900;521.6300;2388.1000;8145.4100;8.4397;394.0000;0.4800;0;WO492949;926.70
03-Jul-2026;ENG-080;120;2026-01-06 00:00:00;642.7400;1590.6000;1403.3600;553.0000;2388.0600;9067.1100;47.5700;521.4900;2388.0500;8142.6100;8.4264;394.0000;0.8240;0;WO723208;1871.23
2026/07/03;ENG-073;81;2026-01-04 09:00:00;642.5400;1582.8000;1400.8500;554.6800;2388.0400;9058.3300;47.3200;522.5100;2388.0300;8139.8100;8.4004;393.0000;1.0000;0;WO100176;2,965.57
2026/07/03;eng-094;130;2026-01-06 10:00:00;642.6000;1588.1400;1417.5600;552.8600;2388.1600;9059.6900;47.6000;520.7800;2388.1300;8137.4900;8.4830;394.0000;0.4640;0;WO372433;1,130.78
03-Jul-2026;ENG-012;167;2026-01-07 23:00:00;641.9200;1587.6800;1393.2300;554.2000;2388.0900;9063.6300;47.3200;522.6300;2388.0100;8141.7800;8.4093;394.0000;1.0000;0;WO540342;696.90
03-Jul-2026;ENG-031;194;2026-01-09 02:00:00;643.3000;1593.4500;1426.2100;551.6700;2388.1900;9080.8900;48.1500;520.3000;2388.1900;8156.4000;8.4803;395.0000;0.0800;1;WO187873;1804.55
2026/07/03;ENG-033;49;2026-01-03 01:00:00;642.4900;1588.3000;1405.9100;552.9600;2388.1200;9060.3800;47.5400;521.4800;2388.0900;8134.4300;8.4690;394.0000;0.8560;0;WO347687;1829.54
2026/07/03;ENG-096;95;2026-01-04 23:00:00;642.0900;1596.4200;1403.5000;554.9500;2388.0100;9075.4600;47.1900;522.5700;2388.0200;8150.9300;8.3933;393.0000;1.0000;0;WO198313;2,391.20
2026/07/03;ENG-035;180;2026-01-08 12:00:00;643.2000;1595.4300;1421.2300;552.7300;2388.1600;9072.5600;48.0200;520.4200;2388.2000;8148.8600;8.4948;395.0000;0.2320;1;WO948228;20537.36
03-Jul-2026;ENG-091;229;2026-01-10 13:00:00;643.6700;1591.8900;1423.1400;551.9400;2388.1600;9044.0200;47.9400;520.1600;2388.2400;8129.4500;8.4987;395.0000;;0;WO905823;497.59
2026/07/03;ENG-012;162;2026-01-07 18:00:00;641.8600;1586.1600;1400.3800;553.6600;2388.0000;9061.5000;47.1500;521.6200;2388.0100;8140.9700;8.4447;392.0000;1.0000;0;WO365225;1,210.88
03-Jul-2026;ENG-011;63;2026-01-03 15:00:00;642.6800;1593.8000;1408.5500;553.1100;2388.1300;9040.5800;47.6900;521.2400;2388.1400;8119.1000;8.4734;393.0000;0.9360;0;WO941486;390.12
2026/07/03;ENG-023;96;2026-01-05 00:00:00;642.2000;1584.7300;1392.6600;554.4900;2388.0500;9053.9500;47.1500;521.6200;2388.0500;8137.3400;8.3951;392.0000;1.0000;0;WO102272;336.75
2026-07-03;ENG-074;116;2026-01-05 20:00:00;641.9800;1592.2700;1399.8800;554.3400;2388.0900;9053.2300;47.5700;521.5800;2388.0600;8140.3100;8.4262;392.0000;1.0000;0;WO706307;2091.76
03-Jul-2026;ENG-059;77;2026-01-04 05:00:00;642.1000;1582.8300;1401.2500;554.1000;2388.0100;9056.5400;47.1300;521.9700;2388.0400;8140.7900;8.3722;393.0000;1.0000;0;WO629855;211.14
2026-07-03;ENG-091;182;2026-01-08 14:00:00;642.1200;1588.5100;1420.4800;552.7400;2388.1800;9052.7900;47.7900;520.8500;2388.1500;8126.4900;8.4755;394.0000;0.7200;0;WO479724;1,974.94
2026/07/03;ENG-049;285;2026-01-12 21:00:00;643.1900;1590.4300;1409.2900;552.6100;2388.1400;9056.0300;47.7200;520.8700;2388.1900;8137.6500;8.4897;394.0000;0.3120;0;WO458579;2734.94
03-Jul-2026;ENG-035;159;2026-01-07 15:00:00;643.0200;1593.2900;1416.1700;552.3200;2388.1500;9073.4200;47.7900;521.0900;2388.2000;8139.4200;8.4591;394.0000;0.4000;0;WO859271;742.06
2026/07/03;ENG-046;120;2026-01-06 00:00:00;642.8600;1587.9200;1416.8000;553.0400;2388.0600;9076.0200;47.4900;520.8200;2388.0800;8154.3800;8.4282;392.0000;0.5840;0;WO725953;2621.50
2026/07/03;ENG-068;168;2026-01-08 00:00:00;643.6600;1595.5400;1421.7400;552.5400;2388.1900;9077.7800;47.7300;521.1600;2388.1600;8148.8600;8.4468;396.0000;0.2160;1;WO589771;9219.74
2026-07-03;  ENG-092 ;147;2026-01-07 03:00:00;643.0800;1599.4200;1424.1200;551.4500;2388.2000;9046.7100;48.0100;520.6500;2388.2000;8122.2600;8.4812;397.0000;0.1840;1;WO730881;2248.72
03-Jul-2026;ENG-042;125;2026-01-06 05:00:00;642.6200;1583.7100;1410.5200;552.5200;2388.1100;9042.3000;47.5900;521.6000;2388.1800;8118.6700;8.4319;392.0000;0.3280;0;WO813972;1,063.76
2026/07/03;ENG-060;133;2026-01-06 13:00:00;642.5900;1589.4600;1412.7000;553.4300;2388.1500;9048.7500;47.4300;521.8100;2388.1200;8135.3600;8.4297;393.0000;0.9120;0;WO539254;1763.23
03-Jul-2026;ENG-069;54;2026-01-03 06:00:00;642.3100;1593.6800;1403.9600;553.6600;2388.1200;9048.6200;47.3700;521.8400;2388.1600;8128.3900;8.4387;393.0000;0.9680;0;WO657923;
2026-07-03;  ENG-004 ;90;2026-01-04 18:00:00;643.1700;1588.4800;1413.1500;553.5200;2388.1000;9047.7100;47.3900;521.2200;2388.1600;8134.4900;8.4449;392.0000;0.7840;0;WO212513;525.49
2026/07/03;ENG-063;132;2026-01-06 12:00:00;642.6200;1595.0200;1398.1200;553.1500;2388.1500;9048.2800;47.5200;521.4500;2388.1400;8130.3200;8.4543;395.0000;0.7600;0;WO804113;
2026/07/03;  ENG-066 ;109;2026-01-05 13:00:00;642.5000;1587.3000;1403.9800;553.1000;2388.0700;9093.0800;47.6100;520.8500;2388.1100;8157.6000;8.4387;393.0000;0.4160;0;WO166367;
2026/07/03;eng-008;138;2026-01-06 18:00:00;642.9500;1584.0100;1406.2700;552.9300;2388.1800;9049.6000;47.5900;521.7000;2388.0800;8135.0500;8.4375;393.0000;0.9840;0;WO552314;
03-Jul-2026;ENG-029;154;2026-01-07 10:00:00;642.7100;1590.1000;1395.1200;553.6600;2388.1000;9066.8500;47.5100;521.5600;2388.0800;8149.2100;8.4163;394.0000;0.8560;0;WO355330;1604.82
2026/07/03;ENG-052;184;2026-01-08 16:00:00;642.9100;1582.5600;1408.3700;553.4200;2388.1100;9106.0500;47.6200;521.1400;2388.0800;8175.0700;8.4718;395.0000;0.2720;0;WO293643;
2026/07/03;ENG-017;133;2026-01-06 13:00:00;642.9500;1595.7500;1405.7200;553.9300;2388.0300;9080.0100;47.2800;521.6300;2388.0600;8154.9900;8.4306;393.0000;0.6560;0;WO508659;998.76
03-Jul-2026;  ENG-083 ;60;2026-01-03 12:00:00;642.3900;1584.4800;1406.8900;553.5100;2388.0300;9055.9500;47.3100;522.2500;2388.0600;8135.8500;8.4497;393.0000;1.0000;0;WO659984;
2026-07-03;  ENG-097 ;112;2026-01-05 16:00:00;642.4600;1586.9900;1401.6000;553.9000;2388.0400;9068.1900;47.3200;522.1700;2388.0600;8155.5500;8.4101;394.0000;0.8320;0;WO778660;523.07
03-Jul-2026;ENG-034;192;2026-01-09 00:00:00;643.8000;1593.0900;1420.8000;552.0500;2388.1800;9057.3700;47.9600;521.0500;2388.2000;8128.7300;8.4983;394.0000;0.1440;1;WO431078;2473.89
03-Jul-2026;ENG-026;73;2026-01-04 01:00:00;642.6900;1589.1100;1398.7600;554.5000;2387.9900;9060.0800;47.3600;522.2700;2388.0000;8154.4800;8.3915;392.0000;0.9760;0;WO613596;1,083.83
2026-07-03;  ENG-061 ;145;2026-01-07 01:00:00;642.6700;1591.7300;1418.7300;553.2000;2388.1100;9072.6900;47.7300;520.9300;2388.1900;8144.3600;8.4466;394.0000;0.2800;0;WO834509;1159.43
2026/07/03;eng-005;79;2026-01-04 07:00:00;642.5400;1592.1300;1409.0900;552.4500;2388.1200;9049.5600;47.7300;521.4100;2388.0900;8133.1900;8.4206;394.0000;0.8800;0;WO838299;740.37
03-Jul-2026;eng-061;122;2026-01-06 02:00:00;642.4100;1592.4200;1402.4100;552.6100;2388.0400;9072.4700;47.5900;521.5600;2388.0300;8143.6800;8.4570;393.0000;;0;WO103954;1,434.41
2026-07-03;ENG-085;25;2026-01-02 01:00:00;642.7500;1588.7000;1406.0700;553.4500;2388.1200;9050.6300;47.3800;521.3400;2388.1000;8129.5300;8.4195;395.0000;1.0000;0;WO731694;
2026-07-03;ENG-020;143;2026-01-06 23:00:00;642.2300;1594.3400;1407.2300;553.5200;2388.1300;9075.1000;47.5900;521.1900;2388.1000;8141.6400;8.4809;394.0000;0.4560;0;WO174482;2855.81
03-Jul-2026;ENG-057;126;2026-01-06 06:00:00;642.7400;1594.7800;1404.9300;553.4000;2388.1100;9052.7800;47.6900;521.2000;2388.0900;8135.6400;8.4802;393.0000;1.0000;0;WO717115;202.52
2026-07-03;ENG-038;124;2026-01-06 04:00:00;643.3200;1590.5700;1414.9700;552.5000;2388.1600;9078.1800;47.7800;520.8700;2388.1400;8153.4900;8.5083;396.0000;0.4080;0;WO700837;502.66
2026/07/03;ENG-045;128;2026-01-06 08:00:00;643.5600;1587.3200;1407.4900;552.9900;2388.1000;9057.4100;47.6700;520.9200;2388.0900;8141.4900;8.4632;393.0000;1.0000;0;WO161453;1,585.96
03-Jul-2026;ENG-040;124;2026-01-06 04:00:00;642.8100;1592.4600;1414.3400;552.9200;2388.1600;9065.5000;47.7800;520.5200;2388.2600;8137.2300;8.4839;395.0000;;0;WO286890;1728.83
2026-07-03;ENG-064;166;2026-01-07 22:00:00;643.2500;1598.0600;1421.8100;552.6400;2388.2000;9050.7300;47.9100;520.6100;2388.1600;8134.6300;8.4456;394.0000;0.2400;1;WO334662;20505.41
2026-07-03;  ENG-045 ;132;2026-01-06 12:00:00;642.5100;1590.4400;1410.5100;552.5100;2388.1300;9067.0300;47.5600;521.4000;2388.0600;8144.9200;8.4639;393.0000;1.0000;0;WO526205;1291.52
2026-07-03;ENG-100;198;2026-01-09 06:00:00;642.9500;1601.6200;1424.9900;552.4800;2388.0600;9155.0300;47.8000;521.0700;2388.0500;8214.6400;8.4903;396.0000;0.1600;1;WO506963;3,315.73
2026-07-03;ENG-030;105;2026-01-05 09:00:00;642.3900;1588.7700;1412.9500;553.4200;2388.1400;9043.1900;47.5100;521.8900;2388.1400;8136.8700;8.4268;394.0000;1.0000;0;WO444317;862.42
03-Jul-2026;  ENG-068 ;175;2026-01-08 07:00:00;643.4700;1600.0400;1423.9600;552.1000;2388.1500;9077.7500;47.9500;520.2000;2388.1100;8151.1100;8.4681;395.0000;0.1600;1;WO418767;2986.15
2026-07-03;ENG-093;184;2026-01-08 16:00:00;642.7500;1588.1900;1407.7600;552.2700;2388.1500;9070.8500;47.7200;520.9300;2388.1600;8148.9900;8.4633;394.0000;1.0000;0;WO989383;1,217.61
2026-07-03;ENG-064;137;2026-01-06 17:00:00;643.1100;1590.7200;1404.4000;553.2200;2388.1500;9054.7300;47.4400;520.9700;2388.1000;8132.7300;8.4546;393.0000;0.4720;0;WO768178;1,579.05
2026/07/03;ENG-028;121;2026-01-06 01:00:00;642.8300;1585.4200;1401.2600;553.2700;2388.1300;9058.0300;47.4800;521.4500;2388.1200;8132.0300;8.4285;392.0000;1.0000;0;WO467604;1088.86
2026-07-03;  ENG-036 ;113;2026-01-05 17:00:00;643.2800;1593.2100;1423.9800;552.1600;2388.2500;9062.9800;47.8800;521.1500;2388.2000;8135.6700;8.4762;395.0000;0.2560;0;WO454278;745.98
2026/07/03;ENG-030;97;2026-01-05 01:00:00;643.2900;1588.7200;1403.7700;553.1500;2388.1100;9046.5200;47.2800;521.4700;2388.1700;8131.7000;8.4408;393.0000;1.0000;0;WO366517;1532.80
2026-07-03;ENG-068;145;2026-01-07 01:00:00;643.3900;1590.3500;1410.6900;553.6200;2388.1300;9065.5500;47.7000;520.6700;2388.1300;8143.0100;8.4563;393.0000;0.4000;0;WO376492;2,288.42
2026-07-03;  ENG-072 ;113;2026-01-05 17:00:00;642.7900;1583.1000;1401.8900;553.3400;2388.0600;9066.6800;47.4000;521.9900;2388.0100;8144.2800;8.4634;393.0000;0.5440;0;WO794658;1259.91
2026/07/03;ENG-089;134;2026-01-06 14:00:00;642.2300;1584.4800;1401.9900;553.2200;2388.1200;9050.6700;47.4600;521.3900;2388.1200;8125.7100;8.4346;393.0000;1.0000;0;WO825072;2354.95
2026/07/03;  ENG-011 ;61;2026-01-03 13:00:00;643.0800;1594.3500;1414.8000;553.3700;2388.1400;9037.8200;47.7100;521.4000;2388.1400;8119.5300;8.4538;392.0000;0.9520;0;WO138072;325.94
2026/07/03;ENG-019;96;2026-01-05 00:00:00;642.7300;1590.0100;1403.3700;553.6800;2388.0400;9058.8600;47.4800;522.1900;2388.0600;8138.8100;8.4221;392.0000;1.0000;0;WO127669;2,894.35
2026/07/03;  ENG-002 ;42;2026-01-02 18:00:00;642.7400;1586.4300;1409.1000;553.9100;2388.0900;9045.0900;47.4500;521.5100;2388.1400;8126.6600;8.4788;393.0000;0.8400;0;WO255398;1,556.05
2026-07-03;ENG-055;79;2026-01-04 07:00:00;642.4000;1585.7100;1399.3900;554.2700;2388.0700;9055.3900;47.2300;522.1900;2388.0100;8138.8400;8.4147;391.0000;1.0000;0;WO505261;2018.26
2026-07-03;  ENG-051 ;143;2026-01-06 23:00:00;643.1500;1598.7900;1403.9300;553.1900;2388.1100;9054.2800;47.4600;521.8100;2388.0600;8131.9300;8.4632;392.0000;0.9200;0;WO763028;1,410.22
2026-07-03;eng-077;137;2026-01-06 17:00:00;642.4700;1597.5200;1410.1000;553.5100;2388.1300;9039.4200;47.6500;520.5300;2388.1500;8131.3300;8.4490;393.0000;0.4720;0;WO826209;1,237.60
03-Jul-2026;ENG-037;97;2026-01-05 01:00:00;642.7800;1592.4500;1409.0300;553.0000;2388.1200;9047.1300;47.4200;521.9800;2388.0600;8130.2800;8.4245;393.0000;0.3600;0;WO790586;2069.63
03-Jul-2026;  ENG-024 ;140;2026-01-06 20:00:00;642.4400;1588.5000;1400.4000;553.6900;2388.0500;9092.2600;47.5100;522.0200;2387.9900;8168.6800;8.4379;392.0000;;0;WO743157;1390.25
2026/07/03;ENG-040;122;2026-01-06 02:00:00;642.8200;1593.9800;1409.8800;552.4400;2388.1600;9068.9400;47.9000;520.6500;2388.1600;8147.1700;8.4542;395.0000;0.3120;0;WO130837;2781.50
03-Jul-2026;  ENG-007 ;137;2026-01-06 17:00:00;642.2900;1583.8900;1399.2600;553.1900;2388.0100;9063.6200;47.4400;522.1400;2388.0700;8143.1900;8.4230;393.0000;0.9120;0;WO609085;
03-Jul-2026;  ENG-012 ;160;2026-01-07 16:00:00;642.1000;1584.9200;1403.9700;554.4000;2387.9700;9064.5700;47.1400;522.0500;2388.0500;8142.6900;8.4092;392.0000;1.0000;0;WO870646;2,537.48
03-Jul-2026;ENG-088;56;2026-01-03 08:00:00;642.7300;1594.5400;1405.1900;554.2400;2388.1200;9044.1800;47.6700;520.9700;2388.1400;8122.5600;8.4294;394.0000;1.0000;0;WO996518;2494.77
03-Jul-2026;ENG-041;112;2026-01-05 16:00:00;642.9500;1596.0200;1413.7400;552.6400;2388.1600;9048.9800;47.6600;521.5700;2388.1500;8122.3400;8.4787;392.0000;0.2320;1;WO227675;9452.56
2026-07-03;ENG-071;61;2026-01-03 13:00:00;642.3500;1591.4100;1402.9000;554.1500;2388.0100;9058.5700;47.1300;521.9900;2388.0000;8143.7700;8.4043;392.0000;1.0000;0;WO465837;1,207.51
2026/07/03;ENG-003;117;2026-01-05 21:00:00;642.6100;1592.1600;1418.6200;552.8000;2388.1500;9050.3700;47.8100;520.7800;2388.1300;8126.6200;8.4657;395.0000;0.6240;0;WO176666;2668.50
2026-07-03;ENG-007;153;2026-01-07 09:00:00;642.9400;1584.4400;1402.9700;553.4600;2388.0100;9062.3900;47.3700;521.9300;2388.0100;8154.2900;8.3824;392.0000;0.7840;0;WO673806;
2026-07-03;  ENG-030 ;102;2026-01-05 06:00:00;642.7600;1586.5000;1404.6300;553.0900;2388.1500;9053.9800;47.5100;521.5200;2388.1100;8133.2000;8.3959;391.0000;1.0000;0;WO413302;809.26
03-Jul-2026;ENG-024;129;2026-01-06 09:00:00;642.6600;1583.9900;1407.2700;554.5300;2388.0000;9081.8600;47.2700;522.3800;2388.0000;8166.2300;8.3972;393.0000;0.6160;0;WO800311;2263.63
03-Jul-2026;  ENG-034 ;175;2026-01-08 07:00:00;642.8000;1592.7500;1415.0700;552.5900;2388.1600;9055.4200;47.7900;521.0700;2388.1200;8133.3300;8.4821;393.0000;0.2800;0;WO872494;1,427.95
03-Jul-2026;ENG-019;109;2026-01-05 13:00:00;642.9500;1589.5800;1409.3500;554.3100;2388.0000;9064.1100;47.2600;521.4100;2388.0100;8142.2700;8.4049;392.0000;0.9040;0;WO525555;2,491.07
2026-07-03;ENG-012;213;2026-01-09 21:00:00;642.2800;1585.7000;1405.3000;553.9800;2388.0000;9062.9200;47.4400;521.6800;2388.0300;8149.8000;8.4259;393.0000;;0;WO444236;172.41
03-Jul-2026;ENG-100;165;2026-01-07 21:00:00;642.8900;1594.1700;1405.6700;553.2900;2388.0400;9098.8200;47.4700;521.8100;2388.0000;8171.5000;8.4286;393.0000;0.4240;0;WO831007;1,302.35
03-Jul-2026;  ENG-052 ;151;2026-01-07 07:00:00;642.6400;1584.1000;1403.1800;553.6400;2388.0500;9075.0800;47.3700;522.0200;2387.9800;8148.6500;8.4331;391.0000;0.5360;0;WO432051;946.74
03-Jul-2026;ENG-035;177;2026-01-08 09:00:00;643.5200;1598.2700;1421.9300;551.6700;2388.2100;9073.1500;47.9000;520.2600;2388.1900;8146.7400;8.4950;395.0000;0.2560;0;WO478164;1,374.83
03-Jul-2026;  ENG-057 ;114;2026-01-05 18:00:00;642.3900;1585.7400;1407.8700;552.8900;2388.1400;9048.0000;47.5700;521.4400;2388.1400;8126.9900;8.4428;394.0000;1.0000;0;WO894652;
2026-07-03;ENG-023;94;2026-01-04 22:00:00;642.4500;1589.5400;1397.9600;554.5000;2388.0500;9053.3900;47.0600;522.0300;2388.0600;8137.6100;8.4128;390.0000;1.0000;0;WO492413;2,932.84
03-Jul-2026;ENG-076;205;2026-01-09 13:00:00;643.1400;1603.4800;1420.0700;551.8200;2388.1800;9114.9900;48.0400;520.1900;2388.1400;8182.4500;8.5125;395.0000;0.0800;1;WO225283;8965.18
2026-07-03;ENG-091;232;2026-01-10 16:00:00;643.7200;1595.7500;1414.3300;552.2500;2388.1800;9051.2600;47.9400;519.9200;2388.2300;8128.7300;8.4501;394.0000;0.3200;0;WO594217;2333.08
2026/07/03;eng-058;119;2026-01-05 23:00:00;643.3600;1591.2300;1399.8300;552.9300;2388.1000;9050.6100;47.7000;521.7800;2388.0900;8132.8300;8.4163;394.0000;0.7520;0;WO874180;370.97
2026/07/03;ENG-078;68;2026-01-03 20:00:00;642.1000;1582.5000;1395.2900;554.6300;2388.0000;9058.9800;47.1100;522.4400;2387.9800;8148.3000;8.4074;390.0000;0.8880;0;WO588257;2652.27
2026-07-03;ENG-004;105;2026-01-05 09:00:00;642.6800;1593.0100;1408.2100;554.0500;2388.1800;9061.2600;47.6900;520.9400;2388.1200;8135.1900;8.4498;395.0000;0.6640;0;WO560140;329.37
2026-07-03;ENG-078;70;2026-01-03 22:00:00;642.4500;1586.9700;1405.2600;555.0000;2387.9500;9061.4200;47.1600;522.5600;2388.0300;8149.6800;8.4112;391.0000;0.8720;0;WO943885;824.94
2026/07/03;ENG-064;156;2026-01-07 12:00:00;642.9500;1583.9100;1419.1200;553.4100;2388.1200;9060.1600;47.5700;520.6900;2388.1200;8134.5100;8.4763;393.0000;0.3200;0;WO382472;1763.18
2026-07-03;ENG-097;127;2026-01-06 07:00:00;642.0600;1592.3300;1400.1100;553.9200;2388.0900;9077.3900;47.3300;521.5800;2388.0500;8153.4500;8.4031;394.0000;0.7120;0;WO823066;2,183.21
2026/07/03;ENG-051;114;2026-01-05 18:00:00;642.5400;1591.6100;1409.7000;553.1700;2388.0600;9054.4900;47.2600;520.9400;2388.1100;8133.6600;8.4398;391.0000;1.0000;0;WO148427;689.64
03-Jul-2026;ENG-021;138;2026-01-06 18:00:00;641.9800;1589.0400;1400.5200;554.5800;2387.9700;9075.2900;47.5100;521.9100;2388.0700;8156.0000;8.3870;391.0000;;0;WO846465;1,215.33
2026-07-03;ENG-061;136;2026-01-06 16:00:00;642.8300;1589.2800;1409.1700;553.0500;2388.1000;9065.3700;47.5500;521.4600;2388.0900;8146.7200;8.4536;393.0000;0.3520;0;WO337419;715.28
03-Jul-2026;eng-092;134;2026-01-06 14:00:00;642.9700;1593.6200;1412.9900;552.9100;2388.1500;9045.5800;47.9000;520.4800;2388.2100;8131.1600;8.4725;395.0000;0.2880;0;WO195518;786.50
2026/07/03;ENG-006;73;2026-01-04 01:00:00;642.4000;1592.1900;1406.3700;554.1900;2388.1200;9053.2800;47.5900;521.6600;2388.0800;8132.7400;8.4183;393.0000;1.0000;0;WO981398;215.38
2026-07-03;ENG-021;100;2026-01-05 04:00:00;641.9500;1589.6300;1404.1200;553.7500;2388.0300;9063.4800;47.3900;522.1500;2388.0100;8141.4000;8.4141;392.0000;0.8400;0;WO499808;644.80
2026-07-03;eng-013;192;2026-01-09 00:00:00;642.4700;1592.9000;1404.9800;552.8400;2388.1100;9062.8900;47.4200;521.8200;2388.1000;8147.4300;8.3998;393.0000;0.7840;0;WO946601;2,680.22
03-Jul-2026;ENG-081;193;2026-01-09 01:00:00;643.6300;1592.6500;1420.7300;553.2800;2388.1400;9077.6600;47.9300;520.3600;2388.1800;8150.4900;8.4584;396.0000;0.2240;1;WO805101;8880.80
2026/07/03;ENG-082;155;2026-01-07 11:00:00;643.7800;1592.3100;1416.0600;551.6500;2388.2100;9056.6400;47.9500;521.2500;2388.1400;8131.9100;8.4814;395.0000;0.1280;1;WO794148;18,921.09
2026-07-03;ENG-041;86;2026-01-04 14:00:00;641.9300;1587.3700;1406.9100;554.0000;2388.0400;9038.6700;47.3600;521.7900;2388.0900;8126.6300;8.4405;392.0000;0.4400;0;WO761466;127.24
2026/07/03;ENG-056;132;2026-01-06 12:00:00;644.0400;1591.3100;1425.6600;552.0600;2388.2800;9043.7600;47.9000;520.0300;2388.2100;8115.0200;8.5215;395.0000;0.1520;1;WO365706;1429.85
2026-07-03;ENG-018;116;2026-01-05 20:00:00;642.9000;1589.0900;1412.7800;553.7200;2388.0800;9059.9800;47.4800;521.8700;2388.0900;8140.7600;8.4246;392.0000;0.3600;0;WO306122;2054.60
2026/07/03;ENG-060;100;2026-01-05 04:00:00;642.4700;1584.0300;1410.2400;552.8700;2388.0700;9050.1600;47.5200;521.3000;2388.0700;8128.0900;8.4320;392.0000;1.0000;0;WO594036;333.75
03-Jul-2026;ENG-028;112;2026-01-05 16:00:00;642.2900;1588.3300;1404.7400;553.9000;2388.1100;9047.2700;47.5900;520.8700;2388.0600;8129.0900;8.4464;393.0000;1.0000;0;WO735819;2835.27
03-Jul-2026;ENG-046;140;2026-01-06 20:00:00;642.8100;1593.7900;1407.7000;552.7600;2388.0700;9077.8800;47.7700;520.9300;2388.1400;8150.6700;8.4967;394.0000;0.4240;0;WO779901;1,852.81
03-Jul-2026;ENG-053;111;2026-01-05 15:00:00;642.8100;1591.7200;1398.5200;553.9500;2388.0300;9064.8800;47.4200;521.7400;2388.0900;8145.6700;8.4150;392.0000;0.6320;0;WO471553;179.37
2026-07-03;ENG-010;154;2026-01-07 10:00:00;642.4800;1584.5200;1405.3100;553.5400;2388.1100;9065.4700;47.1700;522.2100;2388.0100;8142.6000;8.4569;392.0000;1.0000;0;WO203982;1,346.97
03-Jul-2026;ENG-063;113;2026-01-05 17:00:00;642.8300;1589.5800;1412.0500;553.1600;2388.0700;9051.2700;47.6200;521.1900;2388.1000;8135.0600;8.4174;392.0000;0.9120;0;WO392263;932.76
2026-07-03;eng-091;199;2026-01-09 07:00:00;642.6200;1593.7400;1420.0000;552.3200;2388.2200;9049.3000;47.8600;520.8400;2388.1300;8129.7400;8.4622;395.0000;0.5840;0;WO828611;1,496.46
03-Jul-2026;ENG-078;59;2026-01-03 11:00:00;641.6200;1584.2200;1392.7600;554.1500;2387.9700;9059.3300;47.1400;522.9000;2388.0000;8142.0200;8.3993;389.0000;0.9600;0;WO907279;2591.33
2026/07/03;  ENG-035 ;142;2026-01-06 22:00:00;642.4600;1592.5200;1417.0800;552.3200;2388.1900;9063.5100;47.5800;520.9800;2388.1500;8142.5800;8.4980;392.0000;0.5360;0;WO627845;2382.24
03-Jul-2026;ENG-017;139;2026-01-06 19:00:00;643.0800;1589.4500;1410.7500;553.6800;2388.0400;9082.2200;47.6600;521.6300;2388.0100;8158.7700;8.4675;393.0000;0.6080;0;WO911784;
2026-07-03;ENG-055;109;2026-01-05 13:00:00;642.5200;1592.7600;1400.6900;553.9300;2388.0500;9056.8400;47.2500;522.5100;2388.0900;8142.5200;8.3962;392.0000;1.0000;0;WO673005;2738.63
03-Jul-2026;eng-019;117;2026-01-05 21:00:00;642.1600;1588.9100;1397.2700;554.3600;2388.0700;9063.1400;47.2400;521.7700;2388.1100;8142.1200;8.4034;394.0000;;0;WO717093;2,653.30
03-Jul-2026;ENG-097;119;2026-01-05 23:00:00;642.4500;1588.2600;1409.8300;553.9800;2388.0400;9074.9800;47.3100;522.4400;2388.0600;8150.3600;8.4382;393.0000;0.7760;0;WO452090;508.28
2026-07-03;ENG-049;299;2026-01-13 11:00:00;643.6100;1601.0400;1421.2800;552.9800;2388.1800;9050.2900;47.8500;520.6300;2388.2300;8131.0700;8.5087;396.0000;0.2000;1;WO809474;24223.74
2026/07/03;  ENG-012 ;154;2026-01-07 10:00:00;642.4100;1583.0400;1393.1700;554.3800;2388.1100;9063.6700;47.1800;522.2600;2388.0500;8142.3000;8.4431;392.0000;1.0000;0;WO965814;1890.43
2026/07/03;ENG-059;78;2026-01-04 06:00:00;641.4600;1583.1200;1401.5000;554.5500;2388.0500;9058.8100;47.2400;522.2800;2388.0200;8143.8300;8.4223;391.0000;1.0000;0;WO819048;2710.08
2026/07/03;ENG-060;101;2026-01-05 05:00:00;642.6900;1589.4700;1409.9400;553.8000;2388.1000;9049.1000;47.3800;521.5400;2388.1600;8132.4500;8.4420;393.0000;1.0000;0;WO763737;258.92
2026/07/03;ENG-017;118;2026-01-05 22:00:00;642.2600;1589.6600;1407.9400;554.1500;2388.0800;9080.2900;47.2600;522.0200;2388.0300;8160.9900;8.3842;392.0000;0.7760;0;WO815123;1992.99
2026-07-03;ENG-020;155;2026-01-07 11:00:00;642.5100;1594.0300;1420.4100;553.1200;2388.1700;9060.0000;47.7000;520.8800;2388.1200;8148.7600;8.4623;394.0000;0.3600;0;WO240268;2199.36
2026-07-03;ENG-048;54;2026-01-03 06:00:00;642.1800;1586.1700;1404.8000;552.9200;2388.0800;9051.4100;47.4700;521.5100;2388.0700;8139.2400;8.3946;391.0000;0.9280;0;WO504606;463.39
2026-07-03;ENG-024;167;2026-01-07 23:00:00;642.7900;1590.0800;1410.1400;552.8900;2388.0100;9116.5300;47.4800;521.3400;2388.1000;8186.1900;8.4081;393.0000;0.3120;0;WO359896;1355.99
2026/07/03;ENG-077;146;2026-01-07 02:00:00;642.5300;1585.2700;1411.8400;552.9000;2388.1600;9048.0600;47.7200;520.9800;2388.1700;8122.3700;8.4557;393.0000;0.4000;0;WO847326;1,891.00
2026/07/03;ENG-091;226;2026-01-10 10:00:00;643.1700;1600.8500;1423.9200;551.9000;2388.2400;9055.2400;47.8600;519.9100;2388.2500;8122.0100;8.5092;394.0000;0.3680;0;WO166190;658.74
2026/07/03;ENG-017;144;2026-01-07 00:00:00;642.6800;1592.0200;1404.6800;552.8400;2387.9900;9078.9600;47.5200;521.2900;2388.0600;8162.5200;8.4318;393.0000;0.5680;0;WO168678;1,185.79
03-Jul-2026;ENG-080;123;2026-01-06 03:00:00;642.7600;1587.9900;1410.9300;553.1700;2388.0800;9063.5300;47.5800;521.4200;2388.0700;8146.0800;8.4431;392.0000;0.8000;0;WO721351;2353.02
2026-07-03;ENG-091;222;2026-01-10 06:00:00;643.4600;1593.1700;1418.4300;552.1100;2388.2600;9049.4600;47.7100;520.3700;2388.1700;8121.5100;8.4663;394.0000;0.4000;0;WO483667;57.09
03-Jul-2026;ENG-024;169;2026-01-08 01:00:00;643.2600;1595.9600;1410.6900;552.8800;2387.9800;9121.9500;47.6100;520.5900;2388.0500;8191.9900;8.4580;395.0000;0.2960;0;WO319661;2,417.86
2026/07/03;eng-012;175;2026-01-08 07:00:00;641.8400;1587.7900;1404.4900;554.0000;2388.0800;9070.7500;47.3200;522.1300;2387.9800;8147.7900;8.4117;392.0000;1.0000;0;WO939186;1,223.34
2026-07-03;ENG-069;37;2026-01-02 13:00:00;642.9600;1591.2500;1404.2100;554.4400;2388.0900;9050.8600;47.2800;522.1500;2388.1000;8132.9500;8.4199;392.0000;1.0000;0;WO249761;2100.54
2026-07-03;  ENG-023 ;121;2026-01-06 01:00:00;642.1400;1585.3500;1396.8500;554.3100;2388.0500;9059.3600;47.3000;522.3100;2387.9700;8136.6300;8.4194;392.0000;0.9760;0;WO504911;810.14
2026/07/03;ENG-003;103;2026-01-05 07:00:00;642.8000;1589.5200;1411.2500;553.7000;2388.1500;9058.6400;47.5300;521.2900;2388.1000;8131.7900;8.4557;395.0000;0.7360;0;WO295753;786.40
2026-07-03;eng-077;127;2026-01-06 07:00:00;642.6800;1583.4700;1409.8500;553.4900;2388.1400;9049.3700;47.5200;521.6500;2388.0900;8131.7000;8.4552;394.0000;0.5520;0;WO836944;2470.73
2026/07/03;ENG-056;108;2026-01-05 12:00:00;643.0300;1591.9600;1416.6400;552.4400;2388.2300;9040.0100;47.7200;520.1700;2388.2400;8120.3600;8.4690;393.0000;0.3440;0;WO572386;2,188.24
2026/07/03;ENG-070;113;2026-01-05 17:00:00;642.9800;1587.6900;1404.4600;553.9700;2388.1200;9050.0900;47.4900;521.5900;2388.0300;8132.9700;8.4774;392.0000;1.0000;0;WO628810;312.25
2026-07-03;ENG-049;267;2026-01-12 03:00:00;642.5400;1592.3000;1418.0400;552.6500;2388.1300;9057.0100;47.7500;520.8700;2388.1600;8134.2700;8.4904;393.0000;0.4560;0;WO801732;2641.23
03-Jul-2026;ENG-029;150;2026-01-07 06:00:00;642.3200;1584.0000;1394.9400;554.2300;2388.0700;9063.8600;47.4700;521.8500;2388.0500;8148.6000;8.4308;394.0000;0.8880;0;WO726544;137.84
03-Jul-2026;  ENG-052 ;162;2026-01-07 18:00:00;642.3800;1587.4100;1398.1900;553.7600;2388.0000;9081.9100;47.1700;521.4300;2388.0900;8159.2100;8.4288;394.0000;0.4480;0;WO901924;2,895.75
2026/07/03;ENG-081;154;2026-01-07 10:00:00;642.8700;1586.8700;1409.9100;552.2900;2388.0900;9063.2500;47.5500;521.2400;2388.0900;8143.7400;8.4785;393.0000;0.5360;0;WO853309;1,614.12
2026/07/03;ENG-028;147;2026-01-07 03:00:00;642.1100;1587.0500;1411.4200;552.7800;2388.1000;9053.7900;47.3900;521.9400;2388.1000;8133.7700;8.4424;393.0000;0.8640;0;WO303788;1102.78
2026-07-03;ENG-057;116;2026-01-05 20:00:00;642.1300;1585.3800;1414.9800;554.2200;2388.1100;9046.4900;47.6100;521.3000;2388.1200;8130.6700;8.4147;393.0000;1.0000;0;WO336758;2,592.51
03-Jul-2026;ENG-080;114;2026-01-05 18:00:00;642.6000;1588.3400;1407.1600;553.8900;2388.1200;9069.7700;47.4700;521.6400;2388.0800;8145.1300;8.4541;393.0000;0.8720;0;WO506497;
2026/07/03;ENG-005;92;2026-01-04 20:00:00;642.9400;1587.0800;1408.1900;553.9000;2388.1400;9044.7600;47.5200;521.4800;2388.1400;8130.8400;8.4620;393.0000;0.7760;0;WO702153;
2026/07/03;ENG-083;58;2026-01-03 10:00:00;642.5900;1588.5500;1405.6500;553.4400;2388.0000;9059.0100;47.1600;521.6900;2388.0400;8141.9900;8.3860;391.0000;1.0000;0;WO150874;750.89
2026-07-03;  ENG-011 ;72;2026-01-04 00:00:00;642.2700;1591.8600;1409.3800;553.5500;2388.1400;9039.9500;47.6100;521.2000;2388.1600;8120.0300;8.4381;393.0000;0.8640;0;WO818849;1057.26
03-Jul-2026;ENG-027;128;2026-01-06 08:00:00;642.2900;1593.4700;1407.9800;553.5800;2388.0600;9053.8300;47.4700;521.5600;2388.0800;8126.2600;8.4584;392.0000;0.6240;0;WO246442;2686.39
03-Jul-2026;  ENG-037 ;84;2026-01-04 12:00:00;642.4400;1586.9700;1404.9800;552.9600;2388.1200;9051.4000;47.3000;521.5200;2388.1100;8131.2400;8.4049;393.0000;0.4640;0;WO422937;2,021.96
03-Jul-2026;  ENG-079 ;76;2026-01-04 04:00:00;642.3200;1598.9000;1405.4300;553.3400;2388.0700;9051.4500;47.3200;521.5000;2388.0900;8134.7500;8.4147;393.0000;0.7040;0;WO394905;412.90
03-Jul-2026;ENG-017;117;2026-01-05 21:00:00;641.8900;1588.6000;1404.9300;553.8000;2388.0200;9081.0200;47.2900;521.8000;2388.0400;8161.7300;8.4460;394.0000;0.7840;0;WO121125;2730.60
2026/07/03;eng-006;103;2026-01-05 07:00:00;642.0000;1587.5900;1405.0600;553.1000;2388.1600;9052.9700;47.4300;521.5000;2388.0800;8127.5800;8.4504;393.0000;0.7600;0;WO825447;
2026-07-03;ENG-015;70;2026-01-03 22:00:00;642.0500;1590.2500;1396.9900;554.1400;2388.0200;9055.5700;47.5000;521.9800;2388.0600;8136.4900;8.4260;394.0000;0.7120;0;WO198797;1011.26
03-Jul-2026;eng-043;151;2026-01-07 07:00:00;643.1300;1591.2900;1406.7200;553.5600;2388.0700;9059.1900;47.5000;521.4000;2388.1200;8134.6800;8.4664;393.0000;0.6400;0;WO390263;1919.74
03-Jul-2026;ENG-029;130;2026-01-06 10:00:00;642.4200;1592.2100;1398.4500;553.8500;2388.1200;9060.8300;47.4400;522.0000;2388.0300;8147.0900;8.4361;392.0000;1.0000;0;WO976884;741.94
03-Jul-2026;  ENG-017 ;150;2026-01-07 06:00:00;643.0800;1586.5200;1409.1700;554.0900;2388.0900;9084.2100;47.4900;522.0000;2388.0100;8169.2900;8.4171;392.0000;0.5200;0;WO405968;2,087.18
2026/07/03;ENG-013;184;2026-01-08 16:00:00;643.1100;1586.5400;1407.6500;553.5000;2388.0800;9056.2600;47.5000;522.2000;2388.0800;8141.1900;8.4367;393.0000;0.8480;0;WO493085;
2026-07-03;ENG-040;119;2026-01-05 23:00:00;642.5800;1596.5500;1413.0000;552.2800;2388.1500;9064.0100;47.8600;520.9200;2388.1400;8146.4300;8.4429;394.0000;0.3360;0;WO272355;489.01
2026-07-03;ENG-071;57;2026-01-03 09:00:00;641.9400;1584.7000;1394.0600;554.3700;2388.0300;9059.5500;47.0900;522.1500;2388.0200;8145.0300;8.4393;393.0000;;0;WO943739;390.66
2026/07/03;  ENG-049 ;302;2026-01-13 14:00:00;642.9400;1591.3000;1416.2700;551.8800;2388.2700;9051.2200;47.9300;520.4800;2388.1900;8129.6600;8.4917;395.0000;0.1760;1;WO925652;12201.94
03-Jul-2026;eng-007;132;2026-01-06 12:00:00;642.3500;1594.9800;1403.9200;553.2800;2388.0900;9060.9500;47.2700;522.1700;2387.9900;8137.9300;8.4356;392.0000;0.9520;0;WO817985;257.96
2026-07-03;  ENG-035 ;139;2026-01-06 19:00:00;642.8900;1596.4800;1403.7600;552.9000;2388.1400;9061.6600;47.5000;520.7600;2388.1700;8142.1100;8.4422;394.0000;0.5600;0;WO428040;2,799.33
2026/07/03;ENG-022;29;2026-01-02 05:00:00;642.3000;1596.9900;1406.0500;553.0000;2388.1000;9047.4800;47.4400;522.0400;2388.0800;8127.6200;8.4431;394.0000;0.9680;0;WO209686;2,790.36
03-Jul-2026;ENG-090;143;2026-01-06 23:00:00;643.3000;1585.8600;1412.3400;552.9200;2388.1300;9085.0900;47.8600;520.9500;2388.1200;8157.9900;8.4802;396.0000;0.2480;0;WO886572;2064.32
2026-07-03;eng-066;119;2026-01-05 23:00:00;642.8100;1592.5000;1415.1900;552.5900;2388.1100;9099.1100;47.5100;521.0100;2388.0800;8165.3000;8.5001;395.0000;0.3360;0;WO673190;1907.03
2026/07/03;  ENG-099 ;90;2026-01-04 18:00:00;642.4500;1579.4600;1399.0900;554.2600;2387.9800;9071.6700;47.1800;522.2600;2387.9500;8145.7200;8.3866;393.0000;0.9920;0;WO467891;2,459.35
2026-07-03;ENG-043;158;2026-01-07 14:00:00;642.4100;1592.2200;1405.5400;553.1700;2388.1700;9049.7100;47.6500;521.5900;2388.1200;8136.3100;8.4276;392.0000;0.5840;0;WO307260;2,287.90
2026/07/03;ENG-009;46;2026-01-02 22:00:00;642.3300;1582.0300;1410.8400;553.5200;2388.0800;9051.7500;47.5100;521.7300;2388.1100;8130.1800;8.4433;393.0000;0.9600;0;WO484497;2,633.12
2026-07-03;ENG-082;160;2026-01-07 16:00:00;643.6600;1594.1400;1422.0500;552.1000;2388.2900;9051.4300;48.0200;519.6600;2388.2400;8129.9700;8.5272;394.0000;0.0880;1;WO411263;15,321.18
03-Jul-2026;ENG-074;104;2026-01-05 08:00:00;642.2600;1583.0000;1406.6900;553.4500;2388.0400;9067.2400;47.4800;521.3600;2388.0900;8140.4800;8.4379;393.0000;1.0000;0;WO275135;1984.94
2026-07-03;eng-093;189;2026-01-08 21:00:00;642.5200;1599.1400;1400.2500;553.6600;2388.0700;9058.7300;47.5500;521.1700;2388.1000;8144.5000;8.4507;394.0000;1.0000;0;WO403742;2,608.19
2026-07-03;ENG-004;88;2026-01-04 16:00:00;642.5200;1593.8300;1409.4200;553.8800;2388.1000;9050.8000;47.5000;521.4400;2388.1000;8137.4400;8.4584;393.0000;0.8000;0;WO286178;643.68
2026/07/03;ENG-042;131;2026-01-06 11:00:00;642.2000;1590.6700;1402.3000;553.7500;2388.1400;9045.8200;47.6100;521.2700;2388.2200;8122.4000;8.4116;394.0000;0.2800;0;WO680041;2032.12
2026/07/03;ENG-011;59;2026-01-03 11:00:00;642.5500;1598.9600;1408.3600;553.4200;2388.1700;9039.1700;47.5500;521.4900;2388.2000;8114.5200;8.4440;394.0000;0.9680;0;WO387847;512.48
2026/07/03;ENG-019;94;2026-01-04 22:00:00;642.0500;1587.9200;1405.5800;553.6200;2388.0200;9056.6300;47.1500;522.1600;2388.0200;8139.9100;8.4430;392.0000;1.0000;0;WO946902;172.72
2026/07/03;  ENG-008 ;156;2026-01-07 12:00:00;642.2500;1591.7900;1403.4700;553.9000;2388.1700;9049.1300;47.4900;520.7100;2388.0300;8130.6000;8.4509;393.0000;0.8400;0;WO563106;423.20
2026/07/03;ENG-045;125;2026-01-06 05:00:00;642.7700;1593.1200;1407.9300;553.3600;2388.1100;9064.3800;47.6700;521.1900;2388.0900;8142.3000;8.4317;393.0000;1.0000;0;WO840659;2449.23
03-Jul-2026;ENG-034;171;2026-01-08 03:00:00;642.8800;1592.9400;1416.2200;553.0000;2388.1900;9045.0300;47.7400;520.8100;2388.1800;8134.6600;8.4600;394.0000;0.3120;0;WO401137;431.47
2026-07-03;ENG-020;127;2026-01-06 07:00:00;642.9100;1589.4800;1412.5400;553.2100;2388.1100;9066.8100;47.4500;521.5200;2388.1100;8144.7700;8.4345;394.0000;0.5840;0;WO890272;2,810.64
03-Jul-2026;  ENG-061 ;120;2026-01-06 00:00:00;643.2700;1589.4500;1401.7000;553.2700;2388.0900;9067.5100;47.5600;521.3800;2388.0700;8146.9100;8.4599;394.0000;0.4800;0;WO407358;2424.57
03-Jul-2026;ENG-050;63;2026-01-03 15:00:00;642.6700;1591.5800;1400.7600;553.4800;2388.0100;9065.3900;47.3200;522.1600;2388.0300;8143.6600;8.4550;393.0000;0.7200;0;WO520934;1,279.27
2026-07-03;ENG-056;115;2026-01-05 19:00:00;643.4600;1596.6700;1415.7500;552.1700;2388.2300;9044.3100;47.7100;519.7300;2388.2000;8121.0100;8.4596;394.0000;0.2880;0;WO997247;
03-Jul-2026;ENG-080;126;2026-01-06 06:00:00;643.1300;1590.2600;1409.9600;552.9000;2388.0500;9060.6800;47.4900;521.5300;2388.0700;8143.7100;8.4447;393.0000;0.7760;0;WO891120;2,518.37
2026/07/03;ENG-056;130;2026-01-06 10:00:00;643.0500;1597.6600;1420.8300;552.1600;2388.2500;9041.3700;47.9100;520.3200;2388.1900;8121.4900;8.5011;395.0000;0.1680;1;WO510318;15809.81
2026-07-03;ENG-027;119;2026-01-05 23:00:00;642.2500;1584.8500;1402.4900;553.3300;2388.0100;9051.9500;47.1500;521.0300;2388.0400;8136.7600;8.4200;392.0000;0.6960;0;WO553030;1,286.03
03-Jul-2026;ENG-046;128;2026-01-06 08:00:00;642.6600;1593.3900;1404.6900;552.8700;2388.0900;9082.8900;47.7600;521.2400;2388.1400;8153.6300;8.4696;393.0000;0.5200;0;WO238849;537.11
2026-07-03;ENG-017;163;2026-01-07 19:00:00;642.8500;1593.3500;1418.0700;553.9500;2388.0700;9095.3400;47.5300;521.8200;2388.0600;8173.1600;8.4825;395.0000;0.4160;0;WO583686;1672.35
2026/07/03;ENG-042;120;2026-01-06 00:00:00;642.5200;1588.2100;1407.7500;553.7500;2388.1100;9042.3800;47.5200;521.1700;2388.1000;8125.9700;8.4072;393.0000;0.3680;0;WO710749;
2026-07-03;  ENG-006 ;88;2026-01-04 16:00:00;642.3900;1592.6700;1415.7600;553.1800;2388.1200;9059.8300;47.5600;521.3000;2388.0700;8131.4300;8.4262;393.0000;0.8800;0;WO935853;2420.22
03-Jul-2026;ENG-057;118;2026-01-05 22:00:00;642.3100;1588.1500;1400.8100;553.5700;2388.1500;9052.9500;47.4900;521.4500;2388.0900;8133.0900;8.4825;392.0000;1.0000;0;WO300026;1463.26
03-Jul-2026;ENG-021;107;2026-01-05 11:00:00;642.0500;1586.7500;1407.6200;553.8800;2388.0900;9063.9000;47.3200;521.9500;2388.0300;8143.9400;8.4253;392.0000;0.7840;0;WO400102;2066.37
2026-07-03;ENG-003;123;2026-01-06 03:00:00;642.5400;1596.4900;1409.7200;552.7200;2388.2000;9046.8300;47.6700;520.5300;2388.1600;8125.9400;8.4677;394.0000;0.5760;0;WO333440;1,171.73
2026-07-03;ENG-057;127;2026-01-06 07:00:00;642.7100;1584.9000;1411.7700;553.5900;2388.0900;9045.7900;47.6100;521.7500;2388.1100;8126.0400;8.4554;393.0000;1.0000;0;WO726792;1,102.55
03-Jul-2026;ENG-046;107;2026-01-05 11:00:00;642.2900;1589.7300;1405.9300;553.4900;2388.0400;9073.9900;47.5700;521.1000;2388.0900;8151.0000;8.4602;394.0000;0.6880;0;WO771840;1423.81
2026-07-03;ENG-064;113;2026-01-05 17:00:00;642.3500;1589.7400;1407.1800;553.2300;2388.1300;9062.6500;47.3900;521.3000;2388.1000;8138.1100;8.4146;392.0000;0.6640;0;WO538359;2910.00
2026-07-03;ENG-051;122;2026-01-06 02:00:00;643.1000;1590.6800;1413.4100;553.4800;2388.1200;9049.3600;47.4700;521.3400;2388.1000;8125.1500;8.4363;392.0000;1.0000;0;WO576538;2438.12
03-Jul-2026;ENG-045;139;2026-01-06 19:00:00;642.6700;1589.6800;1406.4100;553.2300;2388.0800;9058.1500;47.6400;521.2000;2388.1100;8137.5500;8.4425;394.0000;1.0000;0;WO656319;341.98
2026/07/03;ENG-077;120;2026-01-06 00:00:00;642.6500;1588.1900;1404.4400;553.1300;2388.1100;9048.7900;47.3500;521.1000;2388.1000;8131.0600;8.4763;394.0000;0.6080;0;WO322040;1581.77
03-Jul-2026;ENG-081;161;2026-01-07 17:00:00;642.8200;1589.8500;1410.1700;552.5800;2388.0900;9073.9900;47.5300;521.2200;2388.0500;8150.5300;8.4524;394.0000;0.4800;0;WO518276;862.31
2026/07/03;ENG-059;66;2026-01-03 18:00:00;642.2500;1585.2100;1406.9600;554.5600;2388.0500;9061.7000;47.1200;522.3300;2388.0300;8134.4600;8.4097;393.0000;1.0000;0;WO295306;721.12
2026/07/03;ENG-052;169;2026-01-08 01:00:00;642.3600;1590.2300;1404.4200;553.3300;2388.0100;9096.5200;47.3900;521.6100;2388.0200;8166.2400;8.4315;393.0000;0.3920;0;WO255157;1773.90
2026/07/03;eng-007;158;2026-01-07 14:00:00;642.6000;1583.2600;1412.2800;554.4000;2388.0600;9076.7400;47.3700;522.5100;2388.0500;8144.3200;8.4352;393.0000;0.7440;0;WO489981;1369.81
2026-07-03;ENG-033;50;2026-01-03 02:00:00;642.4200;1579.3600;1416.5300;553.5600;2388.1400;9059.5600;47.6100;520.9500;2388.1100;8134.2700;8.4463;392.0000;0.8480;0;WO870283;235.30
2026/07/03;ENG-032;98;2026-01-05 02:00:00;642.1200;1584.7700;1404.7700;554.1400;2388.0600;9077.8100;47.2600;522.1400;2388.0600;8162.4600;8.4314;394.0000;0.7600;0;WO893455;1380.13
2026-07-03;ENG-064;144;2026-01-07 00:00:00;642.5700;1597.9400;1417.5600;552.9600;2388.1600;9054.2700;47.6300;521.3100;2388.1400;8135.4800;8.4766;395.0000;;0;WO675794;1888.41
03-Jul-2026;ENG-040;101;2026-01-05 05:00:00;643.5000;1593.3300;1415.7900;552.7800;2388.1700;9065.8500;47.6900;520.5800;2388.1600;8137.9800;8.4504;394.0000;0.4800;0;WO162385;759.05
03-Jul-2026;  ENG-001 ;25;2026-01-02 01:00:00;642.2500;1582.4300;1400.2300;553.7600;2388.1100;9043.8000;47.3700;522.2600;2388.0800;8128.6500;8.4007;393.0000;0.9440;0;WO587197;1213.57
2026/07/03;  ENG-081 ;195;2026-01-09 03:00:00;643.4700;1597.0700;1422.7500;552.5200;2388.2000;9071.9300;47.9000;520.3400;2388.2100;8150.4100;8.4875;394.0000;0.2080;1;WO303409;1967.36
03-Jul-2026;ENG-072;128;2026-01-06 08:00:00;642.6200;1584.0700;1403.9500;553.9000;2388.0500;9071.2800;47.5800;521.6400;2388.0400;8147.2100;8.4443;391.0000;0.4240;0;WO498625;1411.62
2026/07/03;ENG-030;100;2026-01-05 04:00:00;642.7800;1580.7200;1405.4400;554.0100;2388.1000;9045.8500;47.6100;521.4900;2388.1400;8130.5800;8.4630;394.0000;1.0000;0;WO770009;
2026-07-03;eng-081;201;2026-01-09 09:00:00;643.6100;1601.8400;1424.1400;552.1200;2388.1900;9074.8400;47.8600;519.9600;2388.1600;8151.7500;8.4900;394.0000;0.1600;1;WO293628;16234.38
2026/07/03;eng-013;166;2026-01-07 22:00:00;643.2200;1594.2600;1403.7100;554.6200;2388.0200;9063.0200;47.3200;521.8600;2388.0300;8143.4300;8.4452;392.0000;0.9920;0;WO765640;2,073.74
2026/07/03;ENG-040;104;2026-01-05 08:00:00;643.2800;1604.0300;1414.0900;552.9500;2388.1200;9046.8900;47.7700;520.7700;2388.1500;8139.6300;8.4752;395.0000;0.4560;0;WO937800;2,012.62
2026-07-03;ENG-049;269;2026-01-12 05:00:00;643.0300;1596.3300;1417.0200;552.5700;2388.1600;9061.7300;47.6400;521.1500;2388.1500;8138.5900;8.4727;392.0000;0.4400;0;WO960270;220.01
2026/07/03;ENG-073;104;2026-01-05 08:00:00;642.3000;1594.3000;1402.2800;554.3500;2388.0700;9050.8500;47.3000;522.0800;2388.0800;8141.5500;8.4065;392.0000;1.0000;0;WO158217;2876.56
2026-07-03;ENG-061;114;2026-01-05 18:00:00;642.6200;1591.0800;1405.2200;553.2600;2388.0900;9066.8400;47.3000;521.8100;2388.0800;8148.1400;8.4462;393.0000;0.5280;0;WO315039;487.75
2026-07-03;ENG-080;132;2026-01-06 12:00:00;642.6200;1596.7500;1411.3200;552.9500;2388.0900;9073.0700;47.7200;521.6600;2388.1100;8137.8200;8.4400;392.0000;0.7280;0;WO473210;165.94
03-Jul-2026;ENG-091;212;2026-01-09 20:00:00;643.1400;1600.7800;1422.9600;552.6200;2388.1600;9052.0300;47.6800;520.0500;2388.1900;8130.1200;8.4714;395.0000;0.4800;0;WO192243;1,586.18
03-Jul-2026;ENG-003;97;2026-01-05 01:00:00;642.8600;1588.9000;1408.7200;553.1100;2388.1300;9050.3900;47.4500;521.2900;2388.1600;8128.3900;8.4480;392.0000;0.7840;0;WO252702;103.11
2026/07/03;ENG-009;53;2026-01-03 05:00:00;642.7700;1584.8600;1409.1500;553.5300;2388.1400;9050.2200;47.7300;521.0000;2388.2000;8128.0100;8.4656;394.0000;0.9040;0;WO153260;258.96
2026-07-03;ENG-039;26;2026-01-02 02:00:00;642.3600;1591.0500;1404.0600;553.7200;2387.9900;9054.8700;47.2400;522.8000;2388.0300;8145.2800;8.3973;391.0000;1.0000;0;WO739211;1,902.42
2026-07-03;ENG-040;110;2026-01-05 14:00:00;642.6500;1596.9200;1401.2200;552.4300;2388.1300;9058.2500;47.6100;520.6600;2388.1400;8148.9700;8.4685;394.0000;0.4080;0;WO446372;137.62
2026/07/03;ENG-046;139;2026-01-06 19:00:00;642.8000;1591.5000;1414.5000;552.8400;2388.0900;9078.9300;47.7500;520.9200;2388.1000;8157.8200;8.4764;394.0000;0.4320;0;WO393850;2,975.83
2026-07-03;ENG-091;194;2026-01-09 02:00:00;642.2400;1592.9300;1420.2700;553.0900;2388.1600;9052.3200;47.6800;520.5800;2388.2100;8125.4400;8.4574;395.0000;0.6240;0;WO295216;721.91
03-Jul-2026;ENG-004;91;2026-01-04 19:00:00;642.5100;1584.3100;1405.1200;553.1800;2388.1300;9049.8700;47.6000;521.5300;2388.1900;8130.8700;8.4415;393.0000;0.7760;0;WO834166;1415.08
03-Jul-2026;ENG-049;227;2026-01-10 11:00:00;642.3300;1597.9300;1408.7400;553.4000;2388.0600;9062.4000;47.6300;522.1000;2388.0600;8138.3100;8.4207;394.0000;0.7760;0;WO608836;2,423.46
2026-07-03;ENG-013;177;2026-01-08 09:00:00;642.3900;1589.0800;1402.4900;553.8800;2388.0500;9064.5800;47.2100;522.0000;2388.1200;8143.4900;8.4136;393.0000;0.9040;0;WO867357;
2026/07/03;ENG-006;86;2026-01-04 14:00:00;643.1300;1591.1300;1406.2500;552.9000;2388.1500;9052.8400;47.4600;521.6200;2388.0700;8131.8300;8.4542;394.0000;0.8960;0;WO580827;1875.41
2026/07/03;ENG-094;94;2026-01-04 22:00:00;642.8900;1590.0200;1407.0500;553.3300;2388.1700;9055.8600;47.7300;520.8500;2388.1300;8135.1500;8.4552;393.0000;0.7520;0;WO371192;1762.87
2026-07-03;ENG-081;179;2026-01-08 11:00:00;643.1000;1591.9900;1416.5600;553.6300;2388.0700;9066.9200;47.7500;520.7500;2388.1700;8151.0200;8.4781;394.0000;0.3360;0;WO247542;1,435.95
2026-07-03;  ENG-052 ;175;2026-01-08 07:00:00;642.7100;1587.2300;1405.8900;553.9300;2388.1100;9098.5600;47.7400;521.9600;2388.0300;8163.9700;8.4592;394.0000;0.3440;0;WO902058;1275.02
03-Jul-2026;  ENG-053 ;139;2026-01-06 19:00:00;642.3700;1591.8600;1407.0600;552.5100;2388.0300;9084.1800;47.5200;520.8900;2388.0400;8159.9700;8.4149;392.0000;0.4080;0;WO244572;1430.09
2026-07-03;ENG-063;137;2026-01-06 17:00:00;642.7300;1592.9900;1413.3200;552.6700;2388.2100;9047.1300;47.8200;521.3200;2388.1100;8128.8100;8.4660;393.0000;0.7200;0;WO323899;812.21
2026/07/03;ENG-076;168;2026-01-08 00:00:00;642.9500;1591.5100;1409.7100;553.3600;2388.0900;9085.1800;47.8900;520.9400;2388.0800;8159.2800;8.4658;394.0000;0.3760;0;WO373572;2,837.36
2026-07-03;ENG-058;135;2026-01-06 15:00:00;642.5700;1588.2800;1405.2800;552.9900;2388.0900;9050.4700;47.3900;521.5000;2388.0700;8137.6100;8.4526;392.0000;0.6240;0;WO208736;433.12
2026-07-03;  ENG-043 ;144;2026-01-07 00:00:00;642.8700;1593.6800;1404.0200;553.2900;2388.0900;9050.7200;47.7100;521.2800;2388.1000;8135.3800;8.4290;394.0000;;0;WO575905;
03-Jul-2026;ENG-041;122;2026-01-06 02:00:00;643.0800;1590.8900;1416.2800;552.3300;2388.1800;9039.5100;47.8200;520.8000;2388.2100;8116.5000;8.5060;393.0000;0.1520;1;WO231292;20,542.26
2026/07/03;ENG-035;157;2026-01-07 13:00:00;643.6300;1593.4400;1419.9200;552.7800;2388.1400;9066.7400;47.8300;520.6000;2388.1700;8144.3600;8.4804;394.0000;0.4160;0;WO104321;707.09
2026-07-03;eng-083;57;2026-01-03 09:00:00;641.9300;1589.8000;1408.1500;554.0900;2388.1000;9056.3000;47.3800;522.1200;2388.0800;8136.5400;8.4139;392.0000;1.0000;0;WO668594;1717.89
2026/07/03;  ENG-055 ;80;2026-01-04 08:00:00;642.1800;1581.8200;1408.5100;554.0200;2388.0000;9061.6200;47.3200;522.1900;2388.0700;8137.3500;8.4017;392.0000;1.0000;0;WO824204;1261.11
2026-07-03;ENG-010;177;2026-01-08 09:00:00;642.6600;1588.0200;1407.2300;553.3200;2388.0800;9060.6200;47.4900;522.0200;2388.1500;8140.4800;8.4336;392.0000;0.8880;0;WO845459;101.04
03-Jul-2026;ENG-037;107;2026-01-05 11:00:00;642.4900;1592.7300;1401.6500;552.9800;2388.0800;9047.8100;47.6500;521.3500;2388.1100;8129.4200;8.4138;392.0000;;0;WO992654;2576.02
2026-07-03;ENG-040;106;2026-01-05 10:00:00;643.0500;1595.5200;1417.5500;553.3200;2388.2100;9064.2300;47.8700;520.9700;2388.1200;8141.5600;8.4406;395.0000;0.4400;0;WO199094;966.45
2026/07/03;  ENG-050 ;72;2026-01-04 00:00:00;642.5800;1582.8100;1402.1100;554.0300;2388.0400;9059.5600;47.7000;521.6500;2388.0400;8147.3800;8.4488;391.0000;0.6480;0;WO123612;279.44
2026/07/03;ENG-062;218;2026-01-10 02:00:00;642.8600;1595.2500;1414.0600;553.8200;2388.0700;9080.0600;47.5100;521.3400;2388.0200;8165.9100;8.4517;395.0000;0.5440;0;WO835899;
2026-07-03;ENG-093;192;2026-01-09 00:00:00;643.2600;1590.4800;1409.6000;552.8100;2388.1300;9071.1600;47.5800;521.1200;2388.1300;8141.6700;8.4821;395.0000;1.0000;0;WO695686;
2026/07/03;ENG-096;80;2026-01-04 08:00:00;641.9700;1591.4900;1396.4900;554.4400;2388.0400;9076.6500;47.4000;522.6600;2388.0100;8148.7700;8.4179;391.0000;1.0000;0;WO732856;2,351.12
03-Jul-2026;ENG-056;111;2026-01-05 15:00:00;642.6000;1593.8900;1416.8400;552.2600;2388.2100;9042.2200;47.7800;520.3700;2388.2300;8125.4300;8.4878;396.0000;0.3200;0;WO884960;1538.83
2026/07/03;ENG-080;130;2026-01-06 10:00:00;643.0400;1591.2700;1408.8400;553.6200;2388.1200;9064.6300;47.3600;521.3600;2388.0800;8145.6100;8.4400;393.0000;0.7440;0;WO830244;2,363.40
2026/07/03;ENG-024;160;2026-01-07 16:00:00;642.7400;1596.8300;1410.6000;553.8100;2388.0700;9105.5000;47.5700;521.9900;2388.0400;8180.8500;8.4341;393.0000;0.3680;0;WO968108;1,736.40
2026/07/03;  ENG-067 ;71;2026-01-03 23:00:00;642.3900;1593.8600;1409.9700;554.5200;2388.1200;9046.2600;47.2700;521.7500;2388.1100;8141.9800;8.3732;392.0000;0.6160;0;WO239965;1107.80
2026/07/03;ENG-096;86;2026-01-04 14:00:00;642.4300;1583.7800;1395.9300;553.7900;2387.9800;9066.5000;47.2900;521.9500;2388.0400;8146.2400;8.3760;392.0000;1.0000;0;WO240120;
2026/07/03;eng-093;206;2026-01-09 14:00:00;642.6500;1591.0500;1409.6600;552.7000;2388.1100;9066.9200;47.5900;521.2500;2388.1000;8144.6400;8.5058;393.0000;0.9840;0;WO300931;1639.20
2026-07-03;eng-084;159;2026-01-07 15:00:00;642.8100;1591.0600;1408.4200;552.8000;2388.1200;9053.9800;47.6800;520.8400;2388.1100;8136.7900;8.5001;394.0000;0.5680;0;WO935377;2,329.19
03-Jul-2026;ENG-012;163;2026-01-07 19:00:00;642.3300;1581.1100;1393.4500;554.2100;2388.0000;9069.0200;47.2900;521.9200;2388.0100;8145.2500;8.4380;393.0000;1.0000;0;WO793490;1191.76
2026/07/03;ENG-045;114;2026-01-05 18:00:00;642.5600;1589.9200;1407.4700;552.9300;2388.0600;9075.3900;47.8100;521.7400;2388.1100;8140.9800;8.4375;392.0000;1.0000;0;WO966023;2855.57
2026-07-03;ENG-100;162;2026-01-07 18:00:00;642.5300;1593.4500;1406.5400;553.4000;2387.9800;9094.7500;47.4300;521.8700;2388.0500;8167.7400;8.4517;393.0000;0.4480;0;WO189197;1717.85
2026/07/03;ENG-066;121;2026-01-06 01:00:00;643.2100;1593.4600;1416.3000;551.7000;2388.1400;9086.8300;47.7500;521.1000;2388.1500;8165.7900;8.4570;394.0000;0.3200;0;WO934628;1,630.73
2026-07-03;ENG-010;187;2026-01-08 19:00:00;642.5400;1589.3200;1405.9200;553.5600;2388.1300;9063.9900;47.6000;521.6400;2388.1100;8141.9300;8.4481;394.0000;0.8080;0;WO576706;268.82
2026/07/03;ENG-091;172;2026-01-08 04:00:00;642.8400;1591.7200;1416.3100;552.8200;2388.1500;9052.9900;47.5800;520.3700;2388.1700;8126.2200;8.4837;395.0000;0.8000;0;WO272552;
03-Jul-2026;ENG-035;197;2026-01-09 05:00:00;643.3900;1596.3700;1427.9300;552.0600;2388.2300;9085.8000;48.2600;520.5300;2388.1800;8159.3100;8.5375;394.0000;0.0960;1;WO995840;7287.30
03-Jul-2026;ENG-032;107;2026-01-05 11:00:00;642.7200;1586.8100;1403.0700;554.5000;2387.9600;9079.4100;47.5000;522.2600;2388.0500;8163.2200;8.3955;391.0000;0.6880;0;WO985498;363.02
2026-07-03;  ENG-092 ;142;2026-01-06 22:00:00;643.3500;1590.0100;1419.7000;552.0800;2388.2500;9050.7400;47.7800;519.9500;2388.2200;8123.2100;8.5374;396.0000;;1;WO589349;6,635.55
2026/07/03;eng-062;191;2026-01-08 23:00:00;642.4700;1588.4500;1403.3000;553.6300;2388.0700;9071.3000;47.3800;521.9300;2388.0600;8155.2100;8.4271;392.0000;0.7600;0;WO421536;2094.54
2026/07/03;  ENG-099 ;91;2026-01-04 19:00:00;642.6200;1586.2200;1404.5200;554.3800;2388.0300;9062.1000;47.3600;522.7400;2387.9800;8146.8100;8.4116;391.0000;0.9840;0;WO959679;2985.52
03-Jul-2026;eng-051;123;2026-01-06 03:00:00;642.2800;1583.3000;1415.0200;552.7500;2388.0800;9052.0400;47.5700;521.5200;2388.1200;8131.7500;8.3903;392.0000;1.0000;0;WO889752;1427.63
2026/07/03;ENG-049;297;2026-01-13 09:00:00;643.1800;1595.6100;1422.2200;552.2100;2388.2200;9055.4100;47.9400;520.2900;2388.1700;8129.4300;8.4810;395.0000;0.2160;1;WO843183;1023.41
03-Jul-2026;  ENG-048 ;55;2026-01-03 07:00:00;642.4200;1593.0800;1410.7800;553.8900;2388.0800;9053.8300;47.3200;521.7200;2388.0300;8135.5200;8.4230;393.0000;0.9200;0;WO887638;2482.84
2026/07/03;ENG-008;157;2026-01-07 13:00:00;642.6500;1594.9700;1409.2800;553.2700;2388.1600;9053.0200;47.5900;520.7500;2388.1900;8131.3600;8.4697;394.0000;0.8320;0;WO995812;2,764.35
2026-07-03;ENG-090;145;2026-01-07 01:00:00;643.3000;1600.1500;1423.5800;552.0400;2388.1500;9083.4400;48.0600;520.0000;2388.1600;8156.4000;8.4649;394.0000;0.2320;1;WO952047;3,415.01
2026/07/03;ENG-024;185;2026-01-08 17:00:00;642.8500;1604.4200;1418.6300;552.6000;2388.1000;9142.1800;47.7200;521.3400;2388.1400;8218.1300;8.4421;395.0000;0.1680;1;WO164758;14094.45
03-Jul-2026;ENG-006;80;2026-01-04 08:00:00;642.9300;1596.7300;1418.4800;554.1100;2388.0800;9053.6900;47.5800;521.2400;2388.1100;8134.5100;8.4397;393.0000;0.9440;0;WO607263;2054.78
03-Jul-2026;ENG-062;213;2026-01-09 21:00:00;642.3100;1590.3500;1415.2700;553.4500;2388.0400;9082.2400;47.5700;521.2600;2388.0900;8158.6700;8.4193;393.0000;0.5840;0;WO280660;54.08
2026/07/03;eng-029;134;2026-01-06 14:00:00;642.4700;1589.9800;1396.4000;554.1900;2388.0400;9056.7300;47.3400;521.7500;2388.0700;8137.3900;8.4291;393.0000;1.0000;0;WO226783;2529.41
2026-07-03;ENG-012;161;2026-01-07 17:00:00;642.4500;1589.1100;1400.1400;554.3100;2388.0500;9062.5000;47.2300;521.6700;2388.0300;8142.1700;8.4418;394.0000;1.0000;0;WO242936;2367.21
03-Jul-2026;ENG-021;139;2026-01-06 19:00:00;641.7100;1584.5100;1405.4900;553.0600;2388.0000;9090.8000;47.3600;521.9700;2388.0100;8158.3600;8.4254;393.0000;0.5280;0;WO246123;2402.37
2026/07/03;ENG-007;140;2026-01-06 20:00:00;642.1200;1584.7700;1402.1300;553.8700;2388.0500;9069.9000;47.2700;522.3900;2388.0000;8142.9700;8.3911;391.0000;0.8880;0;WO680218;870.02
2026-07-03;  ENG-084 ;160;2026-01-07 16:00:00;642.8800;1594.3000;1412.9300;552.8200;2388.0800;9054.0700;47.7000;520.6300;2388.0700;8133.0500;8.4558;392.0000;;0;WO857997;1171.15
03-Jul-2026;eng-053;141;2026-01-06 21:00:00;642.3300;1588.7200;1412.8900;553.5700;2387.9900;9084.1700;47.7000;521.3100;2388.0900;8159.8800;8.4630;394.0000;0.3920;0;WO128192;1455.78
03-Jul-2026;ENG-093;241;2026-01-11 01:00:00;642.5400;1594.0500;1415.0300;551.8900;2388.2000;9075.2700;47.7600;520.9300;2388.1200;8153.9900;8.4854;395.0000;0.7040;0;WO926073;2040.47
03-Jul-2026;ENG-012;170;2026-01-08 02:00:00;642.3700;1585.7900;1397.4100;554.5900;2388.0400;9057.6200;47.3400;522.0200;2388.0400;8147.0500;8.4115;391.0000;1.0000;0;WO962281;
2026/07/03;ENG-025;48;2026-01-03 00:00:00;642.9200;1584.0800;1403.1000;553.5500;2388.0800;9046.2000;47.3800;521.7500;2388.0700;8132.1800;8.4422;394.0000;1.0000;0;WO400496;985.21
2026-07-03;  ENG-093 ;215;2026-01-09 23:00:00;642.7900;1589.1000;1416.5600;552.6700;2388.1400;9064.6800;47.8000;520.4700;2388.1200;8146.4200;8.4613;394.0000;;0;WO616775;2,229.02
2026-07-03;ENG-013;155;2026-01-07 11:00:00;642.5000;1586.6300;1403.1600;553.9400;2388.0400;9062.7300;47.3000;522.2200;2388.0500;8140.2900;8.3871;393.0000;1.0000;0;WO435875;131.65
2026/07/03;  ENG-029 ;162;2026-01-07 18:00:00;642.8800;1589.9400;1400.2900;553.6700;2388.0600;9075.7700;47.6600;521.4400;2388.0200;8145.7500;8.4334;393.0000;0.7920;0;WO148380;393.89
2026/07/03;ENG-091;189;2026-01-08 21:00:00;643.1500;1592.0800;1412.4400;552.6200;2388.1300;9054.6100;47.7200;520.4500;2388.1700;8127.4400;8.4375;393.0000;0.6640;0;WO845560;899.46
2026/07/03;ENG-076;164;2026-01-07 20:00:00;642.7900;1587.2100;1412.6500;553.0400;2388.0800;9082.4600;47.4600;521.0900;2388.1200;8155.2900;8.4406;395.0000;0.4080;0;WO516306;2,774.66
2026/07/03;ENG-050;61;2026-01-03 13:00:00;642.7800;1593.2400;1408.4200;553.8800;2388.1000;9060.7100;47.5000;522.0100;2388.0700;8140.9700;8.4307;390.0000;0.7360;0;WO525369;
2026/07/03;  ENG-060 ;117;2026-01-05 21:00:00;642.4300;1587.1800;1412.2500;553.9400;2388.1000;9052.9100;47.4600;521.7700;2388.1300;8132.3200;8.4495;393.0000;1.0000;0;WO291259;2,735.74
2026-07-03;  ENG-023 ;110;2026-01-05 14:00:00;642.2200;1582.9000;1399.4600;554.1800;2388.0400;9057.0400;47.2800;522.0400;2388.0200;8131.0400;8.3943;393.0000;1.0000;0;WO890697;1,574.17
2026-07-03;ENG-089;172;2026-01-08 04:00:00;642.2900;1588.9200;1410.1600;553.9500;2388.1200;9048.6100;47.5600;521.1100;2388.1000;8128.5200;8.4253;392.0000;1.0000;0;WO377707;2,292.29
2026/07/03;ENG-031;158;2026-01-07 14:00:00;643.0300;1587.4000;1411.7000;553.4200;2388.1200;9078.6600;47.4100;521.0300;2388.1300;8150.0900;8.4498;394.0000;0.3680;0;WO363070;2,541.34
03-Jul-2026;  ENG-100 ;148;2026-01-07 04:00:00;642.4200;1590.4600;1403.8200;554.2600;2388.0200;9079.2700;47.3000;522.0200;2388.0200;8163.2400;8.4074;392.0000;0.5600;0;WO524325;1,373.99
2026-07-03;ENG-049;248;2026-01-11 08:00:00;642.5200;1595.4600;1409.8000;553.2200;2388.1100;9057.1900;47.6300;521.1200;2388.1400;8133.4300;8.4823;393.0000;0.6080;0;WO481279;1,087.44
03-Jul-2026;eng-065;56;2026-01-03 08:00:00;642.5700;1577.3000;1386.5700;554.2600;2388.0400;9067.0400;47.2500;522.3200;2388.0500;8146.6200;8.4337;391.0000;1.0000;0;WO991947;2429.94
2026-07-03;ENG-091;209;2026-01-09 17:00:00;642.8400;1586.2900;1419.3200;552.3400;2388.1900;9050.5100;48.0000;520.6100;2388.1600;8129.5900;8.4686;394.0000;0.5040;0;WO229328;529.94
2026/07/03;ENG-086;77;2026-01-04 05:00:00;642.5600;1586.7000;1399.9400;553.6200;2388.1200;9070.1900;47.4400;522.1100;2388.1200;8145.9300;8.4302;392.0000;0.9760;0;WO303555;893.86
2026-07-03;ENG-002;40;2026-01-02 16:00:00;642.6500;1590.3300;1407.8200;553.6800;2388.1600;9051.0700;47.4700;521.9100;2388.1200;8127.5900;8.4190;393.0000;0.8560;0;WO599656;1545.19
2026/07/03;ENG-032;137;2026-01-06 17:00:00;642.5600;1594.1300;1401.3600;553.3300;2388.0100;9091.0200;47.3800;521.8100;2387.9800;8170.4100;8.4041;395.0000;0.4480;0;WO776450;2377.05
2026-07-03;ENG-030;113;2026-01-05 17:00:00;642.6000;1588.3000;1411.1900;553.0500;2388.2000;9044.3200;47.6600;521.5400;2388.0900;8124.2100;8.4498;391.0000;1.0000;0;WO849942;2,455.84
2026-07-03;ENG-051;140;2026-01-06 20:00:00;642.5800;1590.2500;1400.2600;553.5000;2388.1300;9058.4400;47.4200;520.9800;2388.0900;8130.8600;8.4615;392.0000;0.9440;0;WO794091;2,270.94
03-Jul-2026;ENG-050;65;2026-01-03 17:00:00;642.5100;1579.7700;1403.3500;553.6900;2388.0400;9062.4000;47.3600;521.6000;2388.0600;8144.8900;8.4212;393.0000;0.7040;0;WO662404;2,743.54
03-Jul-2026;ENG-084;136;2026-01-06 16:00:00;642.5700;1588.6400;1414.1200;553.6300;2388.1000;9051.7600;47.6100;521.0500;2388.0800;8133.9000;8.4301;393.0000;0.7520;0;WO191513;2508.22
2026-07-03;ENG-068;172;2026-01-08 04:00:00;643.2100;1598.7600;1417.8500;552.8800;2388.1400;9085.6600;47.8300;520.8300;2388.1900;8149.9500;8.4720;394.0000;0.1840;1;WO392762;11849.33
2026-07-03;  ENG-007 ;133;2026-01-06 13:00:00;642.2600;1582.7600;1400.3700;554.4500;2388.0800;9071.0700;47.3000;521.7100;2388.0400;8144.1000;8.3975;391.0000;0.9440;0;WO519068;185.75
2026-07-03;ENG-043;126;2026-01-06 06:00:00;642.3400;1584.0000;1410.7100;553.4300;2388.0800;9047.7600;47.5800;521.3600;2388.1000;8130.3500;8.4307;393.0000;0.8400;0;WO684731;2,997.02
03-Jul-2026;ENG-064;150;2026-01-07 06:00:00;643.4400;1594.9200;1407.2900;552.5100;2388.1300;9060.1600;47.7900;520.8700;2388.1200;8133.8900;8.4869;394.0000;0.3680;0;WO537951;2028.15
03-Jul-2026;ENG-093;194;2026-01-09 02:00:00;642.5700;1591.7900;1406.1100;553.0300;2388.1200;9059.4400;47.6200;521.0600;2388.0600;8143.8900;8.4550;394.0000;1.0000;0;WO783885;2789.88
03-Jul-2026;ENG-012;215;2026-01-09 23:00:00;642.8100;1586.4100;1404.6000;553.8500;2388.0800;9069.1800;47.3500;522.2000;2388.1000;8147.5500;8.4510;392.0000;1.0000;0;WO619497;2,517.23
2026/07/03;ENG-012;199;2026-01-09 07:00:00;642.3400;1585.8300;1401.5300;554.3400;2388.0700;9071.9700;47.3900;522.2000;2388.0600;8151.2100;8.4173;392.0000;1.0000;0;WO243434;1,859.65
03-Jul-2026;ENG-062;173;2026-01-08 05:00:00;642.8500;1585.3800;1399.0100;554.2700;2388.0500;9056.0000;47.3300;521.7500;2388.0200;8151.6200;8.4237;391.0000;0.9040;0;WO848514;
2026/07/03;ENG-014;41;2026-01-02 17:00:00;642.9000;1582.4600;1411.7100;553.1600;2388.1700;9042.6300;47.5800;520.9200;2388.1500;8119.6300;8.4707;393.0000;0.8960;0;WO754005;1908.57
2026/07/03;  ENG-100 ;146;2026-01-07 02:00:00;642.0500;1591.2400;1405.5700;554.5100;2387.9900;9077.6400;47.3000;522.0500;2388.0800;8158.9900;8.4173;392.0000;;0;WO677072;759.58
2026/07/03;ENG-064;125;2026-01-06 05:00:00;642.7100;1594.3400;1406.9500;553.9200;2388.0600;9062.8100;47.4300;521.1700;2388.1300;8139.9700;8.4618;393.0000;0.5680;0;WO851080;714.13
2026-07-03;ENG-021;100;2026-01-05 04:00:00;641.9500;1589.6300;1404.1200;553.7500;2388.0300;9063.4800;47.3900;522.1500;2388.0100;8141.4000;8.4141;392.0000;0.8400;0;WO499808;644.80
2026/07/03;  ENG-091 ;198;2026-01-09 06:00:00;643.3500;1585.1400;1421.2000;552.3900;2388.1500;9050.2500;47.7300;520.6600;2388.1900;8137.1000;8.4752;396.0000;0.5920;0;WO272746;1780.19
2026-07-03;ENG-043;171;2026-01-08 03:00:00;642.9300;1588.6600;1407.7800;553.4200;2388.1000;9054.3600;47.6400;521.5100;2388.1500;8133.8300;8.4709;395.0000;0.4800;0;WO335167;1577.29
2026-07-03;  ENG-027 ;118;2026-01-05 22:00:00;642.1600;1582.6600;1398.4400;554.2400;2388.0500;9051.9900;47.4400;521.5800;2388.1100;8131.5000;8.4260;392.0000;0.7040;0;WO802366;
2026/07/03;ENG-046;114;2026-01-05 18:00:00;643.1700;1580.9400;1408.6700;552.9000;2388.1100;9075.1400;47.6500;521.3200;2388.1600;8153.8300;8.4682;394.0000;0.6320;0;WO583404;2769.17
2026-07-03;  ENG-053 ;121;2026-01-06 01:00:00;642.4800;1581.3600;1401.8500;553.7100;2388.0900;9070.5300;47.5100;521.4700;2388.0400;8151.5400;8.4139;393.0000;0.5520;0;WO280519;1675.60
2026/07/03;ENG-010;146;2026-01-07 02:00:00;641.9200;1592.0600;1401.1300;554.5100;2388.0400;9061.7000;47.4100;522.3500;2388.0400;8141.2700;8.4099;393.0000;1.0000;0;WO710373;2,143.13
03-Jul-2026;ENG-073;96;2026-01-05 00:00:00;642.8700;1582.7200;1405.4100;553.9500;2388.0600;9053.6900;47.4300;522.0100;2388.0800;8143.2600;8.4444;392.0000;1.0000;0;WO816857;1,553.10
03-Jul-2026;ENG-063;130;2026-01-06 10:00:00;642.5500;1588.6700;1407.9200;552.9700;2388.1100;9051.0000;47.6400;521.2600;2388.1500;8128.5700;8.4386;393.0000;0.7760;0;WO115114;2,795.26
2026/07/03;ENG-074;124;2026-01-06 04:00:00;642.5100;1593.3000;1409.8000;553.4300;2388.1300;9063.8500;47.4400;521.6200;2388.1200;8139.8800;8.4566;393.0000;1.0000;0;WO536916;
2026/07/03;ENG-052;186;2026-01-08 18:00:00;642.3900;1592.4600;1411.4200;553.4400;2388.1200;9107.2300;47.5700;521.7100;2388.1000;8190.3500;8.4436;394.0000;0.2560;0;WO721871;1100.56
03-Jul-2026;  ENG-087 ;44;2026-01-02 20:00:00;642.6200;1584.4400;1396.1300;554.6000;2388.0400;9061.8200;47.2500;521.7000;2388.0600;8140.5200;8.4215;394.0000;1.0000;0;WO246093;2,089.96
2026-07-03;ENG-031;168;2026-01-08 00:00:00;643.4000;1596.0900;1420.1800;552.7800;2388.0600;9073.2200;47.7500;521.0300;2388.0900;8151.8700;8.4826;396.0000;0.2880;0;WO422347;2786.83
03-Jul-2026;ENG-030;107;2026-01-05 11:00:00;642.6300;1587.0600;1410.4400;553.2400;2388.1100;9040.7900;47.5300;521.5100;2388.1500;8127.2000;8.4568;393.0000;1.0000;0;WO647053;634.79
03-Jul-2026;eng-012;197;2026-01-09 05:00:00;642.5200;1588.6000;1407.3900;554.3000;2388.0100;9061.2100;47.2100;521.4400;2388.0600;8145.1500;8.4102;394.0000;1.0000;0;WO542032;2453.42
2026/07/03;  ENG-020 ;142;2026-01-06 22:00:00;643.1100;1596.5900;1414.3800;554.0900;2388.1300;9065.4000;47.5800;521.2700;2388.1000;8143.3800;8.4286;393.0000;0.4640;0;WO232017;1,973.24
03-Jul-2026;  ENG-088 ;51;2026-01-03 03:00:00;642.7500;1587.6100;1414.3800;553.1100;2388.1500;9041.1100;47.4700;521.8100;2388.1600;8122.7400;8.4187;393.0000;1.0000;0;WO158436;879.06
2026-07-03;ENG-066;99;2026-01-05 03:00:00;642.6400;1599.9600;1416.7300;553.4000;2388.0700;9077.0100;47.5800;521.4000;2388.0700;8153.2000;8.4656;394.0000;0.4960;0;WO211098;349.18
2026/07/03;ENG-056;126;2026-01-06 06:00:00;643.0800;1592.2100;1423.7400;551.6600;2388.2600;9039.6600;47.7400;519.3900;2388.2100;8122.5300;8.4884;396.0000;0.2000;1;WO694515;24,022.73
03-Jul-2026;ENG-042;118;2026-01-05 22:00:00;642.4800;1592.2700;1406.9500;552.8300;2388.0700;9041.3300;47.3700;521.8200;2388.1000;8125.3900;8.4427;393.0000;0.3840;0;WO294072;
2026-07-03;ENG-077;159;2026-01-07 15:00:00;642.6700;1588.8200;1414.8200;551.9900;2388.1800;9047.5900;47.5800;520.9200;2388.2200;8127.6600;8.4485;394.0000;0.2960;0;WO284526;2701.64
2026/07/03;  ENG-006 ;101;2026-01-05 05:00:00;643.0100;1590.0300;1405.5300;553.3700;2388.1800;9051.1100;47.5700;521.3200;2388.1400;8134.5700;8.4427;392.0000;0.7760;0;WO548512;1,122.55
2026/07/03;ENG-066;115;2026-01-05 19:00:00;643.1300;1597.0800;1416.0600;552.4800;2388.1200;9088.5100;47.8700;521.5500;2388.0500;8156.7700;8.4561;395.0000;0.3680;0;WO202299;1,456.11
2026-07-03;ENG-009;47;2026-01-02 23:00:00;642.8600;1596.0400;1407.5000;552.7900;2388.1200;9053.3300;47.3500;521.1900;2388.0900;8127.8600;8.4025;393.0000;0.9520;0;WO453852;2,485.28
2026/07/03;  ENG-097 ;130;2026-01-06 10:00:00;642.4900;1592.8300;1400.6900;553.8400;2388.0700;9073.6700;47.3200;521.5000;2388.0400;8145.8800;8.4033;393.0000;0.6880;0;WO405993;2,936.24
2026/07/03;  ENG-091 ;221;2026-01-10 05:00:00;643.8500;1600.3800;1416.6700;552.7000;2388.1900;9047.3100;47.8900;520.4400;2388.1900;8130.6900;8.5217;395.0000;0.4080;0;WO896717;2521.67
2026/07/03;ENG-044;38;2026-01-02 14:00:00;642.6600;1591.8300;1398.3900;553.6900;2388.1100;9061.6100;47.5300;521.7400;2388.0700;8134.9100;8.3958;392.0000;1.0000;0;WO788032;1,394.59
2026-07-03;ENG-084;121;2026-01-06 01:00:00;642.8500;1585.1700;1411.8700;553.0900;2388.0900;9062.4300;47.5500;521.8900;2388.0700;8130.8800;8.4339;392.0000;0.8720;0;WO786879;1,691.67
03-Jul-2026;ENG-058;124;2026-01-06 04:00:00;643.1300;1591.5300;1406.7800;553.3300;2388.1200;9051.0400;47.3400;521.5200;2388.0900;8126.1000;8.4349;392.0000;0.7120;0;WO454872;2,075.27
2026-07-03;ENG-031;144;2026-01-07 00:00:00;643.1200;1587.7300;1410.4300;553.1700;2388.0900;9068.2900;47.5300;521.3900;2388.0600;8150.5700;8.4557;392.0000;0.4800;0;WO720402;1642.95
2026-07-03;  ENG-073 ;83;2026-01-04 11:00:00;641.9100;1586.3200;1399.9600;554.0800;2388.0700;9054.2100;47.3600;522.3100;2388.0500;8139.9400;8.3865;392.0000;1.0000;0;WO116495;416.93
03-Jul-2026;ENG-019;128;2026-01-06 08:00:00;643.1700;1588.7000;1400.0000;553.3000;2388.0900;9055.3600;47.4300;521.8300;2388.0400;8145.1300;8.4326;391.0000;0.7520;0;WO683361;2,657.06
2026/07/03;ENG-072;89;2026-01-04 17:00:00;642.1600;1588.8900;1408.0600;554.5800;2388.0200;9071.6800;47.4200;522.2100;2388.0100;8149.5000;8.3951;393.0000;;0;WO284287;2465.59
2026-07-03;ENG-100;169;2026-01-08 01:00:00;642.3600;1591.2500;1408.4800;553.5600;2388.0400;9098.8400;47.3600;521.6300;2388.0200;8176.1700;8.4480;392.0000;0.3920;0;WO889708;
2026-07-03;ENG-045;137;2026-01-06 17:00:00;642.6400;1593.3100;1405.4500;552.9800;2388.1300;9063.2200;47.5800;521.1200;2388.1200;8145.2900;8.4339;394.0000;1.0000;0;WO110398;859.18
2026/07/03;ENG-086;105;2026-01-05 09:00:00;642.5900;1595.2700;1409.3500;553.0500;2388.0900;9074.9100;47.4600;521.5800;2388.1100;8144.9500;8.4301;392.0000;0.7520;0;WO183419;1794.44
2026-07-03;  ENG-057 ;143;2026-01-06 23:00:00;642.4800;1592.7200;1411.5500;552.5200;2388.1100;9053.8800;47.5900;521.1400;2388.1300;8132.2400;8.4585;394.0000;0.9600;0;WO868003;
2026/07/03;  ENG-037 ;94;2026-01-04 22:00:00;642.6500;1582.5100;1410.3100;553.2100;2388.0900;9049.4500;47.2400;521.3100;2388.1200;8126.6300;8.4253;394.0000;0.3840;0;WO298641;2940.68
2026-07-03;ENG-052;171;2026-01-08 03:00:00;642.3100;1589.0700;1410.3600;553.3300;2388.0200;9087.3800;47.5700;521.3000;2388.0800;8163.1800;8.4455;393.0000;0.3760;0;WO851964;170.69
03-Jul-2026;ENG-012;214;2026-01-09 22:00:00;642.4600;1588.8400;1409.3700;553.6700;2388.0700;9073.2300;47.4100;521.7400;2388.0300;8148.3000;8.4290;392.0000;1.0000;0;WO650242;1850.80
2026-07-03;ENG-082;133;2026-01-06 13:00:00;643.1600;1595.2300;1413.3700;553.5900;2388.1700;9056.3100;47.6900;521.1500;2388.1200;8134.7900;8.4162;395.0000;0.3040;0;WO895140;1,281.96
2026-07-03;ENG-050;52;2026-01-03 04:00:00;642.2900;1579.3100;1397.3300;554.4300;2388.0100;9057.5000;47.2100;522.1600;2388.0500;8145.8100;8.4112;393.0000;0.8080;0;WO220448;
2026-07-03;ENG-069;39;2026-01-02 15:00:00;642.4400;1585.2800;1409.3400;553.2500;2388.0600;9049.4200;47.6200;521.4200;2388.1000;8130.0100;8.4244;394.0000;1.0000;0;WO560156;1,015.47
03-Jul-2026;ENG-036;121;2026-01-06 01:00:00;643.4900;1596.9100;1424.4300;552.5900;2388.1800;9060.4100;47.8900;520.3800;2388.1800;8140.5600;8.5030;393.0000;0.1920;1;WO495143;4929.86
03-Jul-2026;ENG-037;83;2026-01-04 11:00:00;642.2400;1586.9800;1396.1800;553.2400;2388.0300;9048.4100;47.6500;522.4400;2388.1000;8139.1800;8.4324;394.0000;0.4720;0;WO109626;2030.33
2026/07/03;ENG-057;122;2026-01-06 02:00:00;642.9400;1589.6700;1406.3300;552.9800;2388.1400;9050.0900;47.5100;521.6100;2388.0800;8130.8900;8.4530;393.0000;1.0000;0;WO388343;1,664.18
2026/07/03;ENG-032;118;2026-01-05 22:00:00;642.4900;1590.8300;1410.2000;553.6200;2388.0800;9071.6300;47.3100;522.2800;2388.0200;8166.3400;8.4117;392.0000;0.6000;0;WO573393;1766.38
2026/07/03;ENG-077;156;2026-01-07 12:00:00;642.7200;1591.3000;1420.7100;553.0500;2388.2000;9041.0600;47.5900;521.0200;2388.2100;8127.3600;8.4680;395.0000;0.3200;0;WO356720;
2026/07/03;eng-006;77;2026-01-04 05:00:00;642.0400;1593.2800;1410.1900;553.5700;2388.1000;9061.5400;47.3300;521.4100;2388.0800;8139.1300;8.4549;393.0000;0.9680;0;WO439184;2,137.66
03-Jul-2026;  ENG-094 ;111;2026-01-05 15:00:00;642.1800;1592.9800;1407.9000;553.4200;2388.1200;9055.8800;47.6400;520.7600;2388.1900;8136.8200;8.4723;394.0000;0.6160;0;WO616319;2,645.99
03-Jul-2026;ENG-055;100;2026-01-05 04:00:00;642.5400;1593.5200;1406.8600;553.7900;2388.0500;9055.8700;47.2900;522.7100;2387.9900;8138.5800;8.4108;392.0000;1.0000;0;WO756821;211.55
2026-07-03;ENG-060;144;2026-01-07 00:00:00;642.8000;1587.3200;1406.5000;552.5200;2388.1300;9061.6000;47.6500;520.7900;2388.0700;8139.7100;8.3988;394.0000;0.8240;0;WO865453;381.64
03-Jul-2026;ENG-024;174;2026-01-08 06:00:00;643.0800;1595.8100;1410.3300;553.2800;2388.0300;9125.4900;47.3600;521.1300;2388.1200;8202.4200;8.4719;395.0000;0.2560;0;WO708658;1522.47
2026-07-03;eng-063;140;2026-01-06 20:00:00;642.9000;1594.4100;1417.0100;551.9300;2388.1500;9050.1700;47.7800;521.1800;2388.1800;8124.5400;8.4714;394.0000;;0;WO207587;183.49
03-Jul-2026;ENG-020;145;2026-01-07 01:00:00;642.3900;1595.9400;1409.9400;552.7500;2388.1300;9062.9900;47.7700;521.5300;2388.1200;8139.8300;8.4452;394.0000;0.4400;0;WO254871;703.52
03-Jul-2026;eng-030;141;2026-01-06 21:00:00;642.8800;1587.2800;1408.4700;553.9700;2388.1200;9047.5700;47.5200;521.2100;2388.1700;8126.7400;8.4387;394.0000;0.9360;0;WO131178;2441.46
2026-07-03;eng-032;110;2026-01-05 14:00:00;642.4500;1584.6900;1397.6000;553.7100;2388.0100;9075.0400;47.2300;522.6100;2387.9400;8155.3900;8.4328;393.0000;0.6640;0;WO823862;2315.97
03-Jul-2026;ENG-034;142;2026-01-06 22:00:00;642.8300;1583.2600;1414.0600;553.4500;2388.0400;9063.5200;47.4600;522.0400;2388.0800;8141.5100;8.3927;393.0000;0.5440;0;WO594081;1,339.31
2026/07/03;ENG-010;151;2026-01-07 07:00:00;641.7800;1584.4100;1399.9200;554.8000;2388.0500;9065.1600;47.3100;522.1600;2388.0600;8144.7300;8.3863;392.0000;1.0000;0;WO218907;2,804.22
2026/07/03;ENG-034;172;2026-01-08 04:00:00;642.9500;1584.9000;1410.0100;552.3000;2388.1300;9055.4200;47.8900;520.8900;2388.1400;8133.5100;8.4636;393.0000;0.3040;0;WO263122;979.71
03-Jul-2026;ENG-008;161;2026-01-07 17:00:00;642.8700;1585.2400;1410.1700;553.3500;2388.1500;9052.5500;47.5100;520.8300;2388.1600;8126.7000;8.4666;392.0000;0.8000;0;WO523453;1,931.69
2026/07/03;ENG-090;138;2026-01-06 18:00:00;642.8600;1595.9800;1414.6600;552.9500;2388.1200;9073.2800;47.6400;521.1800;2388.0900;8145.7200;8.4683;396.0000;0.2880;0;WO762849;2539.63
03-Jul-2026;  ENG-015 ;52;2026-01-03 04:00:00;642.1000;1579.4100;1403.0300;554.1400;2388.0300;9056.3700;47.1400;522.0500;2388.0300;8138.8700;8.4393;392.0000;0.8560;0;WO827771;2591.24
03-Jul-2026;ENG-078;63;2026-01-03 15:00:00;642.1800;1584.5300;1394.0000;554.8200;2387.9800;9063.2800;47.2700;522.1100;2388.0100;8146.2000;8.3980;391.0000;0.9280;0;WO581598;1,368.95
2026/07/03;ENG-003;86;2026-01-04 14:00:00;643.2900;1592.9700;1405.3200;553.9300;2388.1800;9049.5900;47.4900;521.2000;2388.1100;8124.3400;8.4363;393.0000;0.8720;0;WO683339;2802.52
2026/07/03;ENG-058;166;2026-01-07 22:00:00;642.9100;1592.4800;1407.3000;553.4800;2388.1800;9054.1900;47.6900;520.9900;2388.1200;8129.1200;8.4612;394.0000;0.3760;0;WO454529;1849.19
2026/07/03;eng-090;106;2026-01-05 10:00:00;641.9000;1592.7500;1410.3800;553.3900;2388.1200;9059.8400;47.5600;520.8300;2388.1200;8143.7500;8.4460;395.0000;0.5440;0;WO606403;2182.93
2026-07-03;eng-007;113;2026-01-05 17:00:00;642.2900;1585.5200;1405.7500;553.9000;2388.0300;9054.9000;47.2500;521.7500;2388.0300;8139.6800;8.4216;392.0000;1.0000;0;WO609334;577.19
2026-07-03;ENG-057;117;2026-01-05 21:00:00;642.9500;1590.3300;1416.7400;553.7400;2388.1400;9052.3700;47.5900;521.6100;2388.1400;8128.3600;8.4317;393.0000;1.0000;0;WO466195;1,284.01
2026-07-03;  ENG-032 ;106;2026-01-05 10:00:00;641.8400;1588.0400;1405.6400;554.3700;2387.9900;9083.3600;47.3400;521.5700;2387.9900;8151.8200;8.4407;391.0000;0.6960;0;WO487392;2,850.19
03-Jul-2026;ENG-089;138;2026-01-06 18:00:00;642.3200;1597.3600;1411.8000;553.6400;2388.1000;9041.2600;47.4900;521.3100;2388.1200;8125.9000;8.4521;393.0000;1.0000;0;WO554581;191.41
03-Jul-2026;ENG-020;163;2026-01-07 19:00:00;643.5800;1595.9400;1414.6100;552.6700;2388.0700;9069.2500;47.5600;520.9100;2388.1500;8145.3200;8.4519;394.0000;;0;WO548163;445.79
2026-07-03;ENG-019;101;2026-01-05 05:00:00;642.4000;1582.6500;1398.8500;554.7900;2388.0700;9062.3100;47.5300;521.7300;2388.0300;8139.1200;8.4199;391.0000;0.9680;0;WO590539;1,708.08
03-Jul-2026;ENG-041;89;2026-01-04 17:00:00;642.5000;1587.5700;1402.1900;553.6200;2388.1300;9043.4700;47.4100;521.3400;2388.1300;8122.8800;8.4549;392.0000;0.4160;0;WO308481;2881.29
2026/07/03;ENG-013;157;2026-01-07 13:00:00;642.1400;1588.4000;1403.2400;554.2900;2388.0300;9057.3800;47.5000;521.9400;2388.0100;8142.5900;8.4156;393.0000;1.0000;0;WO954657;366.70
2026/07/03;ENG-054;115;2026-01-05 19:00:00;642.1000;1586.7400;1403.2700;554.6400;2388.0400;9058.7700;47.2900;522.4000;2387.9800;8142.4000;8.4222;392.0000;0.8240;0;WO819037;
2026-07-03;ENG-003;107;2026-01-05 11:00:00;642.7900;1589.1600;1408.5800;552.1200;2388.0800;9051.5200;47.5700;521.5000;2388.1300;8127.5000;8.4386;392.0000;0.7040;0;WO837787;1,399.42
2026-07-03;  ENG-012 ;171;2026-01-08 03:00:00;642.3900;1581.5700;1402.4500;553.9300;2388.0400;9061.7000;47.1300;522.2700;2388.1000;8147.2700;8.4307;393.0000;1.0000;0;WO751566;351.93
2026/07/03;ENG-075;70;2026-01-03 22:00:00;642.6200;1580.5100;1407.6000;554.5800;2388.0700;9060.5200;47.3800;521.8900;2388.0800;8144.6900;8.4172;394.0000;1.0000;0;WO905353;
2026-07-03;ENG-077;126;2026-01-06 06:00:00;642.8500;1590.3700;1406.2000;552.9900;2388.1600;9046.5800;47.4300;521.4700;2388.1500;8124.4100;8.3984;393.0000;0.5600;0;WO554519;1143.09
2026-07-03;ENG-057;160;2026-01-07 16:00:00;642.1700;1590.3800;1411.9500;552.4300;2388.1100;9043.8000;47.5900;521.6100;2388.1900;8131.7600;8.4603;394.0000;0.8240;0;WO174642;640.92
2026/07/03;ENG-068;126;2026-01-06 06:00:00;642.8700;1592.6900;1412.1800;553.3500;2388.0400;9066.0300;47.5400;521.3700;2388.1000;8138.6100;8.4567;392.0000;0.5520;0;WO715208;268.13
2026/07/03;ENG-079;78;2026-01-04 06:00:00;642.0700;1584.5700;1401.7800;553.6700;2388.0900;9052.2000;47.4000;522.3800;2388.1000;8128.7000;8.4032;391.0000;0.6880;0;WO190639;311.14
03-Jul-2026;ENG-073;95;2026-01-04 23:00:00;642.1500;1589.5700;1400.5300;553.9800;2388.0200;9050.0500;47.3200;521.8500;2388.0700;8137.1300;8.4319;393.0000;1.0000;0;WO636836;2528.18
03-Jul-2026;ENG-042;110;2026-01-05 14:00:00;642.4500;1590.2800;1404.0600;552.8600;2388.0600;9047.9300;47.3300;521.7400;2388.0800;8124.2600;8.4430;393.0000;0.4480;0;WO369266;1833.81
2026-07-03;  ENG-053 ;163;2026-01-07 19:00:00;642.8600;1590.9800;1410.9100;552.8100;2388.0500;9109.6200;47.5500;521.1800;2388.0600;8178.0200;8.4709;395.0000;0.2160;1;WO248448;18,553.92
2026/07/03;ENG-016;93;2026-01-04 21:00:00;642.1600;1580.5600;1405.7500;553.8700;2388.0500;9056.2000;47.3400;522.0700;2388.0200;8135.0600;8.4529;393.0000;0.8320;0;WO933221;2,800.67
2026/07/03;eng-031;147;2026-01-07 03:00:00;642.3300;1590.5000;1405.6600;553.0500;2388.0700;9075.3800;47.4600;520.7900;2388.1000;8151.2600;8.4383;394.0000;0.4560;0;WO846857;2,852.05
2026/07/03;eng-061;134;2026-01-06 14:00:00;642.8300;1593.9300;1406.3000;553.5000;2388.1100;9076.6800;47.5900;521.2300;2388.0400;8145.0600;8.4548;392.0000;0.3680;0;WO611793;1,877.27
2026-07-03;ENG-061;112;2026-01-05 16:00:00;643.0700;1589.8500;1408.4100;553.7000;2388.0600;9067.8000;47.4500;522.1800;2388.0100;8146.4900;8.4207;394.0000;0.5440;0;WO533443;1431.58
2026/07/03;ENG-092;109;2026-01-05 13:00:00;642.9000;1598.0000;1405.7500;552.8700;2388.2300;9043.6500;47.6500;520.9100;2388.1500;8126.7000;8.4576;394.0000;0.4880;0;WO992058;2,129.10
2026-07-03;  ENG-089 ;137;2026-01-06 17:00:00;642.4300;1589.8600;1409.0800;553.0700;2388.1500;9050.6800;47.3600;521.9400;2388.1100;8129.4400;8.4346;394.0000;1.0000;0;WO138577;1,663.29
03-Jul-2026;  ENG-096 ;68;2026-01-03 20:00:00;641.9500;1579.9600;1395.5100;554.6200;2387.9500;9069.3400;47.1200;522.1100;2388.0500;8146.5500;8.4031;392.0000;1.0000;0;WO479737;2361.67
2026-07-03;ENG-066;118;2026-01-05 22:00:00;642.9300;1606.2400;1411.4400;552.3300;2388.0900;9091.9700;47.8300;520.7400;2388.1000;8169.2800;8.4669;394.0000;0.3440;0;WO660287;1638.76
03-Jul-2026;ENG-031;182;2026-01-08 14:00:00;643.2300;1599.8400;1419.0300;552.4200;2388.1400;9083.8600;47.9800;520.0000;2388.1600;8153.3000;8.5060;396.0000;0.1760;1;WO490576;21097.74
03-Jul-2026;  ENG-074 ;119;2026-01-05 23:00:00;642.4500;1588.8100;1407.5100;553.0100;2388.0500;9061.9200;47.5000;521.2700;2388.0700;8136.1500;8.4329;394.0000;1.0000;0;WO312145;2,372.12
03-Jul-2026;ENG-093;221;2026-01-10 05:00:00;642.7100;1592.5100;1418.6200;552.2700;2388.2300;9069.3100;47.6900;520.8800;2388.1000;8153.5800;8.4488;395.0000;0.8640;0;WO649220;2080.80
03-Jul-2026;ENG-080;129;2026-01-06 09:00:00;642.7600;1588.6400;1406.6800;553.4200;2388.1300;9060.2300;47.5400;520.8300;2388.1100;8144.2200;8.4352;393.0000;0.7520;0;WO734231;2555.00
2026/07/03;ENG-024;170;2026-01-08 02:00:00;643.1600;1594.1500;1406.4700;553.8800;2388.0700;9122.1600;47.4600;521.7300;2388.0600;8192.5900;8.4982;394.0000;0.2880;0;WO838766;1855.73
2026/07/03;ENG-007;114;2026-01-05 18:00:00;641.8700;1586.3600;1402.3200;553.9300;2388.0200;9062.4700;47.2300;521.8400;2388.0200;8139.4500;8.4170;391.0000;1.0000;0;WO325820;131.75
2026/07/03;ENG-098;107;2026-01-05 11:00:00;642.5800;1597.5300;1403.1500;553.9700;2388.0800;9064.9000;47.4800;521.3300;2388.1200;8141.4400;8.4545;393.0000;0.5840;0;WO176909;827.17
2026/07/03;eng-028;118;2026-01-05 22:00:00;641.6300;1599.3400;1407.0500;553.1400;2388.0400;9055.7800;47.4200;521.7500;2388.1200;8131.7000;8.4323;391.0000;1.0000;0;WO472819;108.56
03-Jul-2026;ENG-031;170;2026-01-08 02:00:00;642.4600;1589.1100;1415.4100;552.8100;2388.1500;9081.0200;47.7600;520.8500;2388.1000;8153.6300;8.4903;393.0000;0.2720;0;WO112758;
2026/07/03;ENG-047;56;2026-01-03 08:00:00;642.7300;1587.5900;1412.5300;552.8400;2388.1800;9037.0800;47.4600;521.1600;2388.1500;8122.5600;8.4314;394.0000;;0;WO601473;313.31
2026/07/03;ENG-057;109;2026-01-05 13:00:00;643.0000;1585.1600;1409.7600;552.9300;2388.0600;9050.1700;47.5300;521.6200;2388.0600;8130.3300;8.4787;392.0000;1.0000;0;WO805601;2298.39
2026-07-03;  ENG-029 ;119;2026-01-05 23:00:00;642.6200;1592.1500;1406.4200;554.4100;2388.0500;9065.9500;47.4100;521.9900;2388.1000;8143.3900;8.4139;392.0000;1.0000;0;WO715769;999.63
03-Jul-2026;ENG-090;129;2026-01-06 09:00:00;643.0300;1592.4700;1420.0800;552.5200;2388.1000;9073.0700;47.6900;521.3100;2388.1000;8147.9500;8.4677;395.0000;0.3600;0;WO672794;2863.81
2026/07/03;ENG-034;169;2026-01-08 01:00:00;642.6600;1596.0000;1411.6300;552.3600;2388.1900;9051.6000;47.6100;520.9800;2388.1200;8137.5100;8.4678;396.0000;0.3280;0;WO958994;1484.41
2026-07-03;eng-094;108;2026-01-05 12:00:00;642.7300;1597.3400;1412.3100;553.0200;2388.1500;9058.7800;47.4200;520.9800;2388.1400;8139.3600;8.4286;393.0000;0.6400;0;WO398973;1,346.96
03-Jul-2026;  ENG-091 ;201;2026-01-09 09:00:00;643.1600;1590.7800;1418.9700;551.9800;2388.1800;9046.3200;47.8300;520.9900;2388.1700;8120.5800;8.4900;393.0000;0.5680;0;WO137686;1750.56
2026-07-03;ENG-032;123;2026-01-06 03:00:00;642.3700;1590.6800;1405.7900;553.8100;2388.0200;9092.2300;47.3600;521.9900;2388.0800;8166.5800;8.3786;392.0000;0.5600;0;WO332937;1699.08
2026-07-03;  ENG-016 ;109;2026-01-05 13:00:00;642.5000;1588.2600;1402.5700;554.1700;2388.0400;9058.8600;47.2700;521.6500;2388.0500;8150.5400;8.4105;391.0000;0.7040;0;WO271297;1,371.73
2026/07/03;ENG-020;177;2026-01-08 09:00:00;643.0000;1593.1100;1419.8300;552.2300;2388.1700;9064.6400;47.6900;519.9000;2388.1900;8141.3100;8.4920;394.0000;0.1840;1;WO432293;1623.93
03-Jul-2026;ENG-098;86;2026-01-04 14:00:00;642.8700;1589.8900;1403.1400;552.6400;2388.0900;9056.2300;47.5200;522.0100;2388.1300;8142.8900;8.3997;394.0000;0.7520;0;WO119822;128.44
03-Jul-2026;ENG-090;105;2026-01-05 09:00:00;642.7500;1589.4300;1407.2800;552.6800;2388.1100;9062.3900;47.6100;521.2100;2388.1200;8142.7400;8.4855;392.0000;0.5520;0;WO959564;1,505.95
2026-07-03;  ENG-041 ;107;2026-01-05 11:00:00;643.0200;1591.6400;1410.9100;553.1200;2388.1200;9043.0400;47.5600;521.0800;2388.0900;8124.3800;8.4207;392.0000;0.2720;0;WO919735;69.12
2026/07/03;  ENG-046 ;123;2026-01-06 03:00:00;643.0900;1593.0100;1406.9100;553.7900;2388.1000;9081.5800;47.5700;520.8300;2388.1100;8152.7600;8.4637;395.0000;0.5600;0;WO236808;1,475.49
2026-07-03;ENG-052;149;2026-01-07 05:00:00;642.0400;1592.7800;1402.2300;553.4900;2387.9900;9074.9300;47.3500;522.2900;2388.0100;8152.8200;8.3995;393.0000;;0;WO876949;2669.41
2026/07/03;ENG-056;125;2026-01-06 05:00:00;643.1900;1595.1700;1421.5100;552.1500;2388.2200;9049.6100;48.0700;520.1500;2388.1300;8120.8900;8.4510;394.0000;0.2080;1;WO992203;20784.00
03-Jul-2026;ENG-046;110;2026-01-05 14:00:00;642.4800;1585.4200;1405.5700;553.6100;2388.0700;9080.7900;47.5400;522.2200;2388.0500;8150.4500;8.4530;392.0000;0.6640;0;WO771228;2639.50
2026/07/03;ENG-067;49;2026-01-03 01:00:00;641.9900;1585.1800;1402.2600;554.0100;2388.0100;9056.5800;47.3600;521.8500;2388.0100;8140.6100;8.4363;391.0000;0.7920;0;WO607466;1917.37
03-Jul-2026;  ENG-078 ;55;2026-01-03 07:00:00;642.3600;1578.6900;1397.1300;554.6600;2387.9500;9060.7100;47.2300;522.1200;2387.9800;8149.7400;8.3629;390.0000;0.9920;0;WO432191;1170.07
03-Jul-2026;  ENG-058 ;175;2026-01-08 07:00:00;643.4700;1592.8300;1419.2100;551.9900;2388.2000;9049.1800;47.7100;520.8100;2388.1600;8131.1300;8.4813;394.0000;0.3040;0;WO222858;1755.77
2026-07-03;ENG-071;47;2026-01-02 23:00:00;641.9700;1590.7500;1408.8800;553.9400;2388.0400;9060.0100;47.2500;521.9500;2388.0000;8146.6000;8.4169;391.0000;1.0000;0;WO160848;2431.21
2026/07/03;ENG-068;158;2026-01-07 14:00:00;642.6700;1597.7600;1413.7600;553.0200;2388.1100;9075.5500;47.7100;521.1500;2388.1000;8147.4600;8.4584;393.0000;0.2960;0;WO645934;1564.46
03-Jul-2026;ENG-076;143;2026-01-06 23:00:00;642.3300;1581.1400;1404.5500;553.8500;2388.1000;9073.8000;47.3500;521.3500;2388.0400;8144.5400;8.4401;393.0000;0.5760;0;WO908564;2,630.22
03-Jul-2026;eng-072;129;2026-01-06 09:00:00;642.0100;1586.1300;1403.5900;553.0100;2388.1000;9065.7400;47.6100;521.6500;2388.1500;8146.5600;8.4399;394.0000;0.4160;0;WO136028;
2026/07/03;eng-055;107;2026-01-05 11:00:00;642.4800;1586.6700;1407.5300;554.2100;2388.0600;9062.1900;47.1900;521.3500;2388.0800;8142.6500;8.4148;393.0000;1.0000;0;WO996961;1121.26
2026/07/03;  ENG-084 ;142;2026-01-06 22:00:00;642.6500;1594.1900;1414.6900;553.4800;2388.0800;9059.4500;47.4700;521.2000;2388.1100;8135.0700;8.4531;394.0000;0.7040;0;WO686668;1,383.85
2026/07/03;ENG-041;91;2026-01-04 19:00:00;642.0000;1589.9100;1412.2600;553.3500;2388.0900;9046.6400;47.3900;521.9800;2388.1500;8123.5800;8.4255;392.0000;0.4000;0;WO920068;1135.73
03-Jul-2026;ENG-087;45;2026-01-02 21:00:00;642.1800;1580.4100;1398.8700;553.8500;2388.0500;9065.7000;47.0800;522.1500;2388.0300;8144.8300;8.4110;391.0000;1.0000;0;WO746926;2,502.63
03-Jul-2026;ENG-092;123;2026-01-06 03:00:00;643.1000;1590.6700;1417.1500;552.6000;2388.2000;9035.3300;47.9400;520.8400;2388.1900;8120.1300;8.4936;394.0000;0.3760;0;WO958009;2540.98
2026/07/03;ENG-058;156;2026-01-07 12:00:00;642.8600;1592.3100;1409.5300;553.2600;2388.1200;9061.7500;47.6900;520.9700;2388.1400;8135.2000;8.4761;393.0000;0.4560;0;WO406314;1,434.79
2026-07-03;ENG-018;122;2026-01-06 02:00:00;642.4500;1590.3400;1410.5100;553.1800;2388.1000;9056.1500;47.5000;521.1800;2388.1100;8135.3100;8.4584;394.0000;0.3120;0;WO247357;1897.12
03-Jul-2026;ENG-092;104;2026-01-05 08:00:00;642.6700;1585.1900;1413.0700;552.6800;2388.1700;9041.7700;47.6600;521.1900;2388.1900;8120.4700;8.4799;395.0000;0.5280;0;WO246891;106.90
2026/07/03;eng-058;145;2026-01-07 01:00:00;643.1500;1586.4700;1408.9500;553.7400;2388.1200;9046.0800;47.4500;520.7500;2388.1300;8131.7300;8.4506;394.0000;0.5440;0;WO130667;1993.92
2026/07/03;ENG-073;81;2026-01-04 09:00:00;642.5400;1582.8000;1400.8500;554.6800;2388.0400;9058.3300;47.3200;522.5100;2388.0300;8139.8100;8.4004;393.0000;1.0000;0;WO100176;2,965.57
2026/07/03;ENG-064;122;2026-01-06 02:00:00;642.4500;1591.6700;1414.0100;553.2700;2388.1100;9060.8700;47.4200;521.1800;2388.1000;8141.0400;8.4091;393.0000;0.5920;0;WO579389;1929.53
03-Jul-2026;ENG-092;140;2026-01-06 20:00:00;643.5400;1598.5900;1411.5400;552.1600;2388.2200;9041.0200;47.6900;520.6500;2388.1800;8121.5400;8.4986;393.0000;0.2400;1;WO869960;13,599.36
2026/07/03;ENG-021;125;2026-01-06 05:00:00;642.1400;1587.7600;1408.0800;553.5200;2388.0500;9073.2800;47.5100;522.1200;2388.0700;8150.5300;8.3984;394.0000;0.6400;0;WO419198;64.17
2026/07/03;ENG-098;118;2026-01-05 22:00:00;642.6700;1595.1200;1412.8300;553.2200;2388.1300;9065.2400;47.5700;521.7700;2388.1300;8144.0200;8.4815;393.0000;0.4960;0;WO183212;
2026-07-03;ENG-030;142;2026-01-06 22:00:00;642.5600;1597.4500;1416.6500;553.7200;2388.1500;9049.6400;47.4500;521.0200;2388.1300;8130.5400;8.4902;394.0000;0.9280;0;WO691497;2,548.23
2026/07/03;  ENG-040 ;118;2026-01-05 22:00:00;643.1600;1590.4100;1417.1000;552.5000;2388.1700;9069.9400;47.6300;520.5100;2388.1900;8137.4900;8.4759;395.0000;0.3440;0;WO137149;2,408.66
03-Jul-2026;ENG-066;127;2026-01-06 07:00:00;643.0500;1599.3800;1415.8500;552.6800;2388.1400;9094.5000;47.8300;520.7300;2388.1500;8171.0100;8.4648;394.0000;0.2720;0;WO403162;2846.39
03-Jul-2026;ENG-072;123;2026-01-06 03:00:00;642.4800;1588.3800;1403.3500;554.4700;2388.0600;9068.0700;47.4400;521.8000;2388.0800;8141.4000;8.4323;393.0000;0.4640;0;WO990613;960.00
2026/07/03;ENG-007;155;2026-01-07 11:00:00;642.2900;1581.9600;1402.4300;553.5700;2388.0800;9067.7000;47.3100;522.0500;2388.0500;8145.1000;8.3959;393.0000;0.7680;0;WO382732;1,802.55
2026/07/03;ENG-074;130;2026-01-06 10:00:00;642.3600;1580.9000;1407.0300;553.8300;2388.0300;9062.8100;47.4700;521.8100;2388.0800;8148.2800;8.4747;393.0000;1.0000;0;WO759839;1460.47
2026-07-03;ENG-049;235;2026-01-10 19:00:00;641.9600;1587.7500;1408.4600;553.8200;2388.1000;9050.4100;47.5800;522.0000;2388.1000;8138.4200;8.4071;391.0000;0.7120;0;WO784198;189.37
03-Jul-2026;  ENG-030 ;119;2026-01-05 23:00:00;642.9500;1592.1600;1414.8800;552.6200;2388.0900;9058.9000;47.4600;521.3400;2388.0600;8133.1600;8.4754;394.0000;1.0000;0;WO400981;299.49
03-Jul-2026;ENG-100;139;2026-01-06 19:00:00;642.4300;1584.8200;1406.0600;554.1900;2387.9800;9074.0500;47.4000;521.5100;2388.0400;8153.7600;8.3967;392.0000;0.6320;0;WO413752;134.46
03-Jul-2026;  ENG-077 ;149;2026-01-07 05:00:00;642.7600;1590.6900;1407.3900;552.7400;2388.1800;9051.8600;47.5000;521.2000;2388.1600;8133.2100;8.4423;396.0000;0.3760;0;WO637857;1,580.26
2026/07/03;ENG-036;90;2026-01-04 18:00:00;643.1400;1599.7800;1408.8500;552.2700;2388.1600;9060.1100;47.8500;520.8300;2388.1600;8135.2800;8.4242;392.0000;0.4400;0;WO982786;1836.65
03-Jul-2026;ENG-010;191;2026-01-08 23:00:00;642.5100;1588.3900;1404.4400;553.7100;2388.1100;9058.3600;47.5700;521.4800;2388.0400;8138.3600;8.4073;392.0000;0.7760;0;WO996989;1026.60
2026/07/03;ENG-016;102;2026-01-05 06:00:00;642.3700;1593.3800;1400.0300;553.7900;2388.1100;9057.4200;47.3800;522.4900;2388.0400;8142.2000;8.4228;394.0000;0.7600;0;WO625239;1,906.70
2026-07-03;  ENG-049 ;253;2026-01-11 13:00:00;642.7100;1596.4900;1405.5000;553.5500;2388.1300;9062.9900;47.5800;521.4200;2388.0900;8139.8700;8.4556;394.0000;0.5680;0;WO309880;2965.93
2026/07/03;  ENG-031 ;188;2026-01-08 20:00:00;643.4000;1598.1200;1423.5200;551.9600;2388.1700;9079.4100;47.8700;520.1500;2388.2100;8153.3900;8.5063;395.0000;0.1280;1;WO849124;7645.28
2026/07/03;ENG-020;158;2026-01-07 14:00:00;642.8800;1588.2100;1412.7900;552.2900;2388.1500;9063.8300;47.9200;520.8300;2388.1800;8139.8100;8.4399;395.0000;0.3360;0;WO423253;2604.37
2026/07/03;ENG-010;163;2026-01-07 19:00:00;642.3400;1588.7900;1396.4400;553.6200;2388.0800;9059.0900;47.3200;521.4600;2388.0400;8141.6800;8.4281;393.0000;1.0000;0;WO388131;498.83
2026-07-03;ENG-023;115;2026-01-05 19:00:00;642.4900;1588.6500;1398.1000;554.2200;2388.0300;9050.0100;47.3200;522.2900;2388.0700;8136.4500;8.3981;393.0000;1.0000;0;WO853041;2,167.90
2026/07/03;ENG-026;55;2026-01-03 07:00:00;642.3600;1581.5000;1399.9800;553.9100;2388.0000;9070.7500;47.3100;522.3700;2388.0200;8146.2400;8.4204;391.0000;1.0000;0;WO111866;247.98
2026/07/03;ENG-069;48;2026-01-03 00:00:00;642.4900;1588.6300;1405.4400;553.7800;2388.0800;9051.9900;47.5300;521.0600;2388.0900;8135.1700;8.4275;392.0000;1.0000;0;WO531958;882.68
2026-07-03;ENG-024;147;2026-01-07 03:00:00;642.0700;1584.6000;1405.8100;553.8200;2388.0300;9088.2400;47.4700;521.9000;2388.0300;8170.5000;8.4337;393.0000;0.4720;0;WO642393;1095.04
03-Jul-2026;ENG-060;111;2026-01-05 15:00:00;642.5600;1590.4100;1408.8800;553.5100;2388.1000;9050.4500;47.5700;521.7400;2388.1500;8132.4100;8.3905;393.0000;1.0000;0;WO350455;2362.79
2026-07-03;ENG-054;98;2026-01-05 02:00:00;641.9300;1584.3100;1400.7100;553.9600;2388.0200;9056.5300;47.3500;522.4500;2387.9800;8138.3300;8.3960;391.0000;0.9600;0;WO603012;590.02
03-Jul-2026;  ENG-062 ;167;2026-01-07 23:00:00;642.1800;1586.2000;1400.8900;554.1100;2388.0800;9069.6800;47.4700;522.2700;2388.0700;8146.2000;8.4075;391.0000;0.9520;0;WO698855;416.39
2026/07/03;  ENG-052 ;158;2026-01-07 14:00:00;642.6100;1582.1800;1395.1700;553.5400;2388.0400;9080.9900;47.3900;521.8700;2388.0200;8160.5900;8.4321;394.0000;0.4800;0;WO820678;1547.87
2026/07/03;ENG-053;164;2026-01-07 20:00:00;642.8700;1602.7600;1418.1800;553.0900;2388.0800;9102.3300;47.7500;520.9800;2388.0500;8180.9700;8.4702;394.0000;0.2080;1;WO217299;4206.82
2026/07/03;ENG-014;45;2026-01-02 21:00:00;642.8600;1595.2100;1412.5200;553.2000;2388.1600;9034.5200;47.5100;521.1700;2388.1500;8117.6800;8.4468;392.0000;0.8640;0;WO821556;2,426.25
03-Jul-2026;ENG-044;52;2026-01-03 04:00:00;642.4400;1587.5600;1403.3100;553.8500;2388.1300;9054.3300;47.4100;521.8600;2388.0900;8138.6300;8.4287;394.0000;0.8880;0;WO817215;
03-Jul-2026;eng-040;123;2026-01-06 03:00:00;643.0400;1601.1500;1418.5100;552.5800;2388.1900;9069.0400;47.6600;520.5000;2388.1600;8140.9300;8.4986;396.0000;0.3040;0;WO109972;2514.19
03-Jul-2026;ENG-074;104;2026-01-05 08:00:00;642.2600;1583.0000;1406.6900;553.4500;2388.0400;9067.2400;47.4800;521.3600;2388.0900;8140.4800;8.4379;393.0000;1.0000;0;WO275135;1984.94
2026-07-03;ENG-092;143;2026-01-06 23:00:00;643.4000;1598.6500;1422.9700;552.4400;2388.2000;9049.6900;47.7800;521.1300;2388.2000;8120.7400;8.5132;394.0000;0.2160;1;WO725211;10,615.55
2026/07/03;ENG-100;157;2026-01-07 13:00:00;642.7800;1587.5500;1407.8400;554.5700;2388.0700;9086.2200;47.3900;521.8700;2388.0400;8169.6700;8.4228;394.0000;0.4880;0;WO492546;795.95
03-Jul-2026;eng-018;96;2026-01-05 00:00:00;642.4900;1590.1700;1398.7800;553.7900;2388.0300;9066.4500;47.4500;521.5400;2388.0700;8147.1100;8.4234;391.0000;0.5200;0;WO287300;
03-Jul-2026;ENG-015;62;2026-01-03 14:00:00;642.7700;1592.2600;1400.0600;554.0800;2388.0700;9054.9000;47.2100;521.8800;2388.0500;8141.5200;8.4408;393.0000;0.7760;0;WO699304;2215.69
03-Jul-2026;ENG-075;63;2026-01-03 15:00:00;642.5700;1583.9900;1400.8800;553.2300;2388.0700;9060.9300;47.3400;522.0800;2388.0200;8139.9600;8.4185;392.0000;1.0000;0;WO169481;895.57
03-Jul-2026;ENG-060;125;2026-01-06 05:00:00;642.6000;1582.6100;1412.3900;553.0200;2388.1900;9055.3800;47.4300;521.4400;2388.1100;8131.9600;8.4330;395.0000;0.9760;0;WO712238;2252.89
2026-07-03;ENG-014;43;2026-01-02 19:00:00;642.5600;1587.9400;1405.9600;553.3000;2388.1700;9042.9500;47.6400;521.4300;2388.1500;8120.1000;8.4221;393.0000;0.8800;0;WO237526;2,665.70
2026-07-03;  ENG-034 ;141;2026-01-06 21:00:00;642.5800;1591.1000;1410.4400;553.5500;2388.0100;9065.1300;47.4600;521.4900;2388.0900;8141.1000;8.4860;394.0000;0.5520;0;WO392695;95.39
03-Jul-2026;  ENG-061 ;118;2026-01-05 22:00:00;643.1000;1593.2000;1407.8000;553.0900;2388.0900;9066.6600;47.4400;521.1200;2388.0500;8144.7100;8.4513;392.0000;0.4960;0;WO271570;446.61
2026/07/03;ENG-034;167;2026-01-07 23:00:00;642.6000;1592.9400;1409.5900;552.5800;2388.1700;9048.0600;47.6100;521.7000;2388.1500;8133.6000;8.4783;392.0000;0.3440;0;WO946541;284.67
2026-07-03;ENG-091;196;2026-01-09 04:00:00;643.3200;1591.9900;1415.3500;552.9800;2388.1500;9055.3100;47.7400;520.6100;2388.2200;8128.6200;8.4633;394.0000;0.6080;0;WO394659;2430.37
2026/07/03;ENG-075;84;2026-01-04 12:00:00;642.5100;1588.7400;1409.1100;552.8400;2388.0700;9053.6800;47.4100;522.1300;2388.0900;8141.1800;8.4552;391.0000;0.9360;0;WO458655;2,990.30
2026-07-03;ENG-075;67;2026-01-03 19:00:00;642.2000;1587.5800;1412.4200;554.1300;2388.0400;9052.4800;47.3300;521.6700;2388.0700;8143.2300;8.4242;393.0000;1.0000;0;WO397530;2,742.07
2026/07/03;  ENG-093 ;183;2026-01-08 15:00:00;642.6000;1599.0200;1406.8800;553.4500;2388.1400;9068.7100;47.7700;521.0500;2388.1100;8140.3700;8.4729;394.0000;1.0000;0;WO718337;785.94
03-Jul-2026;ENG-092;105;2026-01-05 09:00:00;642.6900;1588.7000;1409.7100;552.8800;2388.2000;9048.1000;47.5800;521.4000;2388.1600;8124.3800;8.4409;394.0000;0.5200;0;WO773890;761.49
2026/07/03;ENG-018;107;2026-01-05 11:00:00;642.4500;1582.3500;1401.7500;554.1800;2388.0300;9066.3900;47.3300;521.5400;2388.0700;8141.9300;8.4382;392.0000;0.4320;0;WO515791;1,599.03
03-Jul-2026;ENG-080;92;2026-01-04 20:00:00;642.0300;1588.6200;1410.9700;554.5600;2388.0700;9059.8700;47.5100;521.5900;2388.0800;8143.4400;8.4277;394.0000;1.0000;0;WO977915;1516.70
2026/07/03;ENG-067;53;2026-01-03 05:00:00;642.9300;1589.3700;1398.7700;554.1100;2388.0300;9059.6000;47.2400;522.2300;2388.0300;8142.5000;8.3998;392.0000;0.7600;0;WO690620;1454.13
03-Jul-2026;ENG-072;111;2026-01-05 15:00:00;642.0800;1588.6200;1404.8200;554.5300;2388.1000;9067.3000;47.5100;521.4200;2388.0200;8148.0300;8.4363;394.0000;0.5600;0;WO266981;248.37
03-Jul-2026;ENG-073;85;2026-01-04 13:00:00;641.8500;1584.4800;1402.7000;553.8800;2388.0700;9051.6300;47.3000;522.0100;2388.0400;8134.5400;8.3728;392.0000;1.0000;0;WO558800;1827.22
2026-07-03;ENG-099;83;2026-01-04 11:00:00;642.7200;1587.7600;1392.3900;554.7000;2388.0000;9058.2900;47.0200;522.2800;2387.9900;8140.0600;8.4243;391.0000;1.0000;0;WO418607;1,454.26
2026-07-03;ENG-049;273;2026-01-12 09:00:00;643.0500;1593.1800;1411.4000;552.9700;2388.1900;9054.1400;47.6200;521.0900;2388.1200;8129.5200;8.4844;395.0000;0.4080;0;WO667276;1327.93
2026-07-03;ENG-068;130;2026-01-06 10:00:00;642.4400;1592.3600;1412.0600;553.5100;2388.1100;9066.1600;47.6100;520.9800;2388.1000;8137.8100;8.4395;393.0000;0.5200;0;WO159859;
2026-07-03;eng-069;53;2026-01-03 05:00:00;642.8400;1589.1300;1402.6800;553.7400;2388.1200;9047.7600;47.4100;522.0000;2388.1000;8136.3300;8.4043;392.0000;0.9760;0;WO741798;1,466.09
03-Jul-2026;ENG-010;130;2026-01-06 10:00:00;642.9600;1586.3900;1392.3400;554.5600;2388.0200;9056.9100;47.3600;521.9600;2388.0300;8143.9100;8.3843;393.0000;1.0000;0;WO605914;
2026/07/03;ENG-061;159;2026-01-07 15:00:00;643.2900;1603.1600;1414.1700;552.7400;2388.1600;9065.7900;47.8100;520.9700;2388.1700;8147.5100;8.4725;395.0000;0.1680;1;WO365645;6020.99
2026-07-03;eng-045;113;2026-01-05 17:00:00;642.1800;1583.5100;1410.8300;553.7700;2388.1100;9062.3900;47.4500;521.2000;2388.0900;8139.4400;8.4461;392.0000;1.0000;0;WO645798;1696.68
2026/07/03;eng-020;141;2026-01-06 21:00:00;642.0200;1590.7000;1408.6400;552.6800;2388.1400;9062.2000;47.5600;520.9800;2388.0900;8144.9600;8.4166;393.0000;0.4720;0;WO987259;522.40
03-Jul-2026;eng-031;152;2026-01-07 08:00:00;642.6900;1597.9300;1414.1700;552.7300;2388.0600;9072.2300;47.5500;521.2400;2388.1500;8153.5200;8.4667;393.0000;0.4160;0;WO932924;2,032.31
03-Jul-2026;ENG-042;122;2026-01-06 02:00:00;643.2700;1588.9000;1413.8600;553.5600;2388.1100;9042.3000;47.5600;521.0800;2388.1100;8122.3900;8.4370;393.0000;0.3520;0;WO137486;832.29
2026/07/03;ENG-040;103;2026-01-05 07:00:00;643.0500;1595.1600;1414.6100;553.0900;2388.1300;9065.4100;47.7900;520.7100;2388.1900;8135.3200;8.4547;394.0000;0.4640;0;WO171028;1016.00
03-Jul-2026;ENG-066;145;2026-01-07 01:00:00;643.9300;1591.0000;1426.8100;552.7100;2388.1900;9126.2300;47.8200;520.7200;2388.1000;8195.6800;8.4565;396.0000;0.1280;1;WO609144;16196.53
2026/07/03;ENG-056;122;2026-01-06 02:00:00;643.0400;1599.4700;1422.1500;552.0000;2388.1800;9049.4000;47.8900;519.9000;2388.2300;8123.5500;8.5002;395.0000;0.2320;1;WO524983;19,899.67
03-Jul-2026;ENG-046;109;2026-01-05 13:00:00;642.6700;1585.1600;1406.1800;554.0200;2388.0900;9066.1100;47.5600;521.6900;2388.1400;8149.1400;8.4500;393.0000;0.6720;0;WO611117;535.70
2026/07/03;ENG-015;76;2026-01-04 04:00:00;642.4900;1589.2100;1400.6100;554.0800;2388.1000;9056.1000;47.2500;522.1200;2388.1100;8139.7500;8.4067;392.0000;0.6640;0;WO503674;1,316.74
2026/07/03;ENG-010;150;2026-01-07 06:00:00;642.8700;1587.6900;1411.6900;554.4700;2388.0400;9069.0800;47.5300;521.5600;2388.0500;8140.7200;8.4084;392.0000;1.0000;0;WO386654;333.01
2026-07-03;  ENG-067 ;59;2026-01-03 11:00:00;642.7800;1589.4700;1406.5000;554.2300;2388.0700;9057.3700;47.3800;521.8900;2388.0000;8138.7900;8.4264;392.0000;;0;WO796900;2713.55
2026-07-03;ENG-057;137;2026-01-06 17:00:00;642.6000;1602.5800;1410.8500;553.4400;2388.0600;9043.4800;47.6100;521.4300;2388.1500;8127.6600;8.4285;394.0000;;0;WO100725;1,258.02
2026-07-03;ENG-039;29;2026-01-02 05:00:00;641.9300;1588.2000;1395.9400;554.1700;2388.0200;9067.6600;47.2500;522.6700;2388.0400;8140.0200;8.3858;391.0000;1.0000;0;WO542508;2,177.88
2026-07-03;ENG-082;153;2026-01-07 09:00:00;643.0500;1594.3600;1416.0500;552.6800;2388.1900;9048.6900;47.8600;520.4400;2388.2400;8125.4300;8.4923;397.0000;0.1440;1;WO727771;10642.73
03-Jul-2026;ENG-058;161;2026-01-07 17:00:00;642.6800;1593.8000;1410.0800;552.9800;2388.1600;9058.6400;47.7800;521.1100;2388.1100;8132.6000;8.4449;392.0000;0.4160;0;WO898830;2,489.70
2026-07-03;ENG-005;69;2026-01-03 21:00:00;642.5800;1595.4100;1408.8300;553.0900;2388.1100;9051.2300;47.5200;521.7100;2388.1100;8127.3000;8.4626;394.0000;0.9600;0;WO725106;
03-Jul-2026;ENG-053;156;2026-01-07 12:00:00;643.5700;1595.6700;1411.5100;552.9400;2388.1300;9104.2600;47.5100;521.9000;2388.1000;8174.9700;8.4827;395.0000;0.2720;0;WO486294;1502.44
2026/07/03;  ENG-091 ;230;2026-01-10 14:00:00;643.3100;1600.3300;1416.2500;551.8600;2388.2100;9051.0300;48.0000;520.1500;2388.1800;8131.0300;8.4982;394.0000;0.3360;0;WO836446;1684.36
03-Jul-2026;ENG-046;141;2026-01-06 21:00:00;642.3600;1590.4600;1409.8500;553.4400;2388.1400;9089.0500;47.7400;520.8900;2388.0900;8158.3000;8.4520;394.0000;0.4160;0;WO360721;2094.62
2026-07-03;ENG-017;113;2026-01-05 17:00:00;642.1100;1590.7700;1398.8900;553.8100;2388.0100;9074.5200;47.2500;522.2200;2388.0500;8155.6900;8.3883;393.0000;0.8160;0;WO215208;579.86
2026-07-03;ENG-038;110;2026-01-05 14:00:00;642.3200;1589.7500;1405.8200;552.9600;2388.1300;9074.0900;47.5300;520.5400;2388.0900;8142.2300;8.4510;394.0000;0.5200;0;WO110035;1,948.97
03-Jul-2026;ENG-061;126;2026-01-06 06:00:00;642.8300;1594.9600;1405.7700;553.4700;2388.0800;9070.9000;47.6300;521.1400;2388.0800;8140.3500;8.4290;395.0000;0.4320;0;WO445082;2460.69
03-Jul-2026;ENG-046;113;2026-01-05 17:00:00;642.1600;1587.1600;1407.2900;553.0900;2388.1300;9076.2100;47.5700;521.0300;2388.0900;8152.6300;8.4172;393.0000;0.6400;0;WO967616;865.58
2026/07/03;ENG-020;137;2026-01-06 17:00:00;642.3300;1590.2200;1406.7300;553.1600;2388.0900;9065.4400;47.6100;521.5100;2388.0900;8136.7800;8.4387;395.0000;0.5040;0;WO973333;675.29
2026-07-03;ENG-020;156;2026-01-07 12:00:00;642.9500;1594.2800;1414.1600;551.9600;2388.1500;9068.4400;47.7600;520.4500;2388.1700;8144.4400;8.4850;395.0000;0.3520;0;WO937479;1189.18
2026/07/03;eng-046;122;2026-01-06 02:00:00;642.7500;1595.0100;1412.5200;554.1100;2388.0700;9074.9000;47.6300;521.2000;2388.0500;8154.1700;8.4047;392.0000;0.5680;0;WO669170;530.90
2026-07-03;ENG-021;147;2026-01-07 03:00:00;642.6200;1591.3600;1407.3500;553.8400;2387.9900;9085.9800;47.2700;521.6000;2388.0300;8160.7300;8.4587;392.0000;0.4640;0;WO711431;1,086.26
2026-07-03;ENG-075;68;2026-01-03 20:00:00;642.2600;1583.6100;1398.6600;553.9200;2388.0500;9056.0600;47.4700;522.0800;2388.0200;8138.5600;8.4238;392.0000;1.0000;0;WO913100;977.57
2026-07-03;ENG-013;168;2026-01-08 00:00:00;642.8700;1591.4000;1406.7600;554.2000;2388.0900;9057.4800;47.3800;522.0700;2388.0800;8138.2600;8.4351;392.0000;0.9760;0;WO817494;2,780.54
03-Jul-2026;ENG-088;59;2026-01-03 11:00:00;642.6800;1587.4500;1411.2000;552.4700;2388.1100;9032.3700;47.6300;520.9900;2388.1700;8122.6200;8.4474;394.0000;0.9920;0;WO380345;1412.04
2026-07-03;ENG-094;107;2026-01-05 11:00:00;642.7400;1593.8300;1407.9400;553.4300;2388.1100;9060.0000;47.5900;520.8700;2388.1200;8136.5700;8.4646;393.0000;;0;WO776751;1,699.35
2026-07-03;ENG-075;69;2026-01-03 21:00:00;642.0900;1583.0500;1409.7600;554.2800;2388.0400;9055.8300;47.2500;521.8600;2388.0600;8138.0700;8.4334;390.0000;1.0000;0;WO325277;2,340.95
2026-07-03;ENG-092;133;2026-01-06 13:00:00;643.0700;1597.3200;1414.5300;552.3600;2388.1900;9043.7400;47.7400;519.9800;2388.2200;8122.1200;8.4954;395.0000;0.2960;0;WO431712;891.77
03-Jul-2026;ENG-028;107;2026-01-05 11:00:00;642.6500;1594.3800;1395.2000;553.2300;2388.1100;9043.8200;47.5500;521.6200;2388.0800;8127.6200;8.4213;393.0000;1.0000;0;WO234612;1,870.05
03-Jul-2026;eng-070;128;2026-01-06 08:00:00;642.8300;1593.5700;1400.9500;552.9200;2388.0900;9055.7400;47.5200;521.4100;2388.1200;8129.4100;8.4221;391.0000;0.9440;0;WO563663;752.98
03-Jul-2026;ENG-064;168;2026-01-08 00:00:00;643.0100;1597.9400;1417.1400;552.0500;2388.2200;9056.2500;47.7300;520.9700;2388.1300;8133.0000;8.4665;394.0000;0.2240;1;WO254255;14,406.96
2026-07-03;eng-076;204;2026-01-09 12:00:00;644.0500;1600.3700;1432.2900;551.8300;2388.1400;9108.9500;48.0500;520.3400;2388.1800;8179.0700;8.5278;396.0000;0.0880;1;WO280309;24985.75
2026-07-03;eng-049;271;2026-01-12 07:00:00;643.0300;1593.3400;1422.0500;553.4200;2388.1400;9052.1400;47.8100;521.2000;2388.1700;8136.0600;8.4831;393.0000;0.4240;0;WO538825;1079.77
2026/07/03;ENG-020;149;2026-01-07 05:00:00;643.0100;1585.7700;1413.0400;552.5100;2388.1600;9065.6800;47.6200;521.1100;2388.1000;8147.2900;8.4343;395.0000;0.4080;0;WO742243;470.54
2026/07/03;ENG-048;70;2026-01-03 22:00:00;641.9000;1585.6000;1407.2700;554.0100;2388.1000;9057.4800;47.5000;521.8700;2388.0900;8132.4100;8.4278;392.0000;0.8000;0;WO267299;1936.03
2026/07/03;ENG-066;147;2026-01-07 03:00:00;643.3400;1599.3800;1422.9800;552.0600;2388.0900;9122.3000;47.9200;520.7500;2388.1100;8197.6900;8.4838;396.0000;0.1120;1;WO570704;18,669.27
03-Jul-2026;ENG-091;170;2026-01-08 02:00:00;643.0000;1592.3600;1412.7000;553.3700;2388.2000;9051.6200;47.6100;521.1900;2388.1800;8130.3200;8.4515;394.0000;0.8160;0;WO369246;724.24
2026-07-03;ENG-035;165;2026-01-07 21:00:00;643.2600;1596.9200;1418.6300;552.6200;2388.1700;9067.0600;47.7000;520.6800;2388.2000;8144.4400;8.4955;395.0000;0.3520;0;WO139440;281.94
2026-07-03;ENG-058;159;2026-01-07 15:00:00;642.1600;1590.2500;1416.9700;552.6700;2388.1500;9045.2200;47.5200;521.7800;2388.1600;8135.1100;8.4467;392.0000;0.4320;0;WO818577;
2026-07-03;ENG-046;132;2026-01-06 12:00:00;643.2800;1593.2900;1414.6000;553.3000;2388.1000;9084.2300;47.7400;520.2400;2388.1100;8152.1400;8.4493;394.0000;0.4880;0;WO249518;1263.47
2026/07/03;ENG-065;54;2026-01-03 06:00:00;642.6100;1582.7300;1395.9300;554.7200;2388.0600;9069.9400;47.1800;522.3500;2387.9600;8146.0800;8.3644;393.0000;1.0000;0;WO277862;2565.36
03-Jul-2026;ENG-082;137;2026-01-06 17:00:00;642.7000;1595.2000;1415.0700;553.3900;2388.1400;9059.4900;47.8600;521.0900;2388.1700;8136.9400;8.4271;396.0000;0.2720;0;WO972962;733.73
2026-07-03;ENG-066;110;2026-01-05 14:00:00;642.9800;1588.1300;1419.8300;552.9800;2388.1400;9086.4300;47.5300;520.8400;2388.1200;8161.5400;8.4661;393.0000;0.4080;0;WO832002;960.00
2026-07-03;ENG-080;102;2026-01-05 06:00:00;642.6000;1589.2200;1406.7000;553.5300;2388.0800;9064.7100;47.4100;521.7700;2388.0200;8140.1800;8.4049;393.0000;0.9680;0;WO532969;164.43
2026-07-03;ENG-100;197;2026-01-09 05:00:00;643.2600;1594.9900;1419.3600;553.3700;2388.0700;9148.8500;47.6100;521.3300;2388.0800;8220.4800;8.4711;395.0000;0.1680;1;WO908120;
2026/07/03;ENG-019;95;2026-01-04 23:00:00;642.4000;1585.8000;1409.1800;554.3900;2388.0600;9057.6500;47.3100;522.2500;2388.0400;8140.9600;8.3812;392.0000;1.0000;0;WO928192;847.34
03-Jul-2026;  ENG-003 ;116;2026-01-05 20:00:00;642.8400;1592.1800;1410.3300;553.6600;2388.1300;9058.1600;47.6600;520.9300;2388.2100;8132.2000;8.4621;393.0000;0.6320;0;WO697071;2,184.70
2026/07/03;ENG-002;43;2026-01-02 19:00:00;642.8200;1588.4000;1405.0600;553.0100;2388.1100;9050.3200;47.5500;521.3100;2388.1500;8125.5600;8.4927;392.0000;0.8320;0;WO399861;2,270.87
2026-07-03;eng-088;67;2026-01-03 19:00:00;643.4100;1592.4400;1410.1200;553.4000;2388.1600;9045.0200;47.7600;521.3400;2388.1500;8126.1700;8.4647;393.0000;0.9280;0;WO375065;580.94
2026-07-03;ENG-067;67;2026-01-03 19:00:00;642.5000;1583.5600;1396.7800;553.7900;2388.0200;9059.7900;47.4300;522.2900;2387.9800;8132.8500;8.3911;391.0000;0.6480;0;WO185016;1770.90
2026/07/03;eng-098;102;2026-01-05 06:00:00;642.4100;1594.9900;1409.5400;553.2900;2388.1200;9053.8900;47.5800;521.3400;2388.1100;8140.6300;8.4194;391.0000;0.6240;0;WO544184;2,382.11
03-Jul-2026;ENG-076;197;2026-01-09 05:00:00;642.8200;1603.0400;1424.9800;551.9800;2388.1800;9108.8100;47.7400;520.6900;2388.1500;8171.5000;8.5212;395.0000;0.1440;1;WO346827;15650.74
03-Jul-2026;ENG-008;128;2026-01-06 08:00:00;643.0400;1583.3500;1410.1800;553.5600;2388.1100;9043.0100;47.5600;521.9000;2388.0700;8128.0800;8.4598;392.0000;1.0000;0;WO311352;1821.55
03-Jul-2026;ENG-080;104;2026-01-05 08:00:00;642.2600;1581.2200;1403.8800;553.6000;2388.0400;9068.1500;47.5500;521.1900;2388.0200;8147.8500;8.4337;394.0000;0.9520;0;WO277069;2,277.94
2026-07-03;  ENG-035 ;169;2026-01-08 01:00:00;643.2800;1593.0900;1421.1100;552.5100;2388.1400;9069.9000;47.8800;520.0600;2388.1800;8145.3400;8.4796;394.0000;0.3200;0;WO354574;167.07
2026-07-03;ENG-077;139;2026-01-06 19:00:00;642.8400;1589.6700;1408.0700;553.3100;2388.1300;9044.6000;47.5400;521.7100;2388.1200;8133.1100;8.4589;393.0000;0.4560;0;WO139659;1072.09
2026/07/03;ENG-049;222;2026-01-10 06:00:00;642.2100;1586.5800;1403.2000;553.7300;2388.0900;9053.2300;47.3400;521.4400;2388.1500;8135.6300;8.4227;393.0000;0.8160;0;WO128995;1257.82
2026-07-03;ENG-004;83;2026-01-04 11:00:00;642.4900;1593.5800;1407.8200;553.7500;2388.1200;9048.3900;47.5200;520.7900;2388.0800;8134.9400;8.4438;392.0000;0.8400;0;WO463888;2495.01
2026-07-03;  ENG-092 ;131;2026-01-06 11:00:00;643.3500;1590.9800;1419.7500;552.4500;2388.1900;9043.6300;47.9100;520.4900;2388.1900;8121.2000;8.4779;394.0000;0.3120;0;WO472021;855.96
2026/07/03;ENG-029;143;2026-01-06 23:00:00;642.4800;1588.6300;1397.9000;553.5000;2388.0400;9060.5100;47.3500;522.0200;2388.0500;8145.0500;8.4288;391.0000;0.9440;0;WO828930;2,137.61
2026/07/03;ENG-029;155;2026-01-07 11:00:00;642.6600;1584.0300;1408.2200;553.8000;2388.0700;9070.7500;47.4400;521.6900;2388.0600;8148.0300;8.4493;393.0000;0.8480;0;WO853675;2,000.25
03-Jul-2026;ENG-010;176;2026-01-08 08:00:00;642.0800;1591.5000;1390.6900;553.5100;2388.0400;9065.1000;47.4900;521.6900;2388.0500;8141.7700;8.4411;392.0000;0.8960;0;WO820240;1623.54
2026-07-03;ENG-080;99;2026-01-05 03:00:00;642.3800;1586.2400;1409.7400;553.6800;2388.0600;9066.5800;47.4700;522.0200;2388.1000;8146.7000;8.4591;394.0000;0.9920;0;WO290560;1573.65
2026-07-03;  ENG-042 ;134;2026-01-06 14:00:00;643.1000;1591.2500;1413.0400;552.9300;2388.1600;9039.1200;47.5800;520.5100;2388.2100;8118.0700;8.4762;394.0000;0.2560;0;WO298823;1400.64
03-Jul-2026;ENG-037;85;2026-01-04 13:00:00;642.0800;1591.0300;1399.1600;553.7200;2388.0900;9047.6200;47.3700;521.5600;2388.0600;8132.3300;8.4090;392.0000;0.4560;0;WO854088;1963.96
2026-07-03;ENG-082;135;2026-01-06 15:00:00;642.8600;1591.6300;1407.2000;553.1700;2388.1800;9054.1000;47.6500;521.1800;2388.1100;8135.3700;8.4541;394.0000;;0;WO640384;1553.11
03-Jul-2026;ENG-024;168;2026-01-08 00:00:00;642.3300;1587.2200;1413.3200;553.2800;2388.0400;9111.4000;47.5400;521.6600;2388.0600;8190.2500;8.4407;393.0000;0.3040;0;WO457744;145.39
03-Jul-2026;ENG-019;125;2026-01-06 05:00:00;642.8500;1589.8200;1406.3600;554.0700;2388.1100;9055.9800;47.5000;521.6400;2388.1200;8143.1200;8.4017;393.0000;0.7760;0;WO127202;
2026-07-03;ENG-027;114;2026-01-05 18:00:00;642.4500;1589.2800;1400.6400;553.6400;2388.0600;9053.9500;47.5100;522.5200;2388.0600;8134.8600;8.3961;392.0000;0.7360;0;WO998289;151.50
2026/07/03;  ENG-066 ;107;2026-01-05 11:00:00;643.4300;1594.2100;1413.9800;553.5700;2388.0900;9078.2900;47.3700;521.2300;2388.1000;8149.3700;8.4516;392.0000;0.4320;0;WO998292;338.00
2026-07-03;ENG-010;134;2026-01-06 14:00:00;642.6800;1591.8800;1399.5900;553.7000;2388.0500;9067.9900;47.1900;522.1700;2388.0600;8140.1400;8.4323;394.0000;1.0000;0;WO317008;1,982.01
2026/07/03;  ENG-055 ;102;2026-01-05 06:00:00;642.3000;1588.4100;1408.2500;553.0600;2388.0900;9061.4200;47.3800;521.7800;2388.0200;8133.2000;8.4404;393.0000;;0;WO673066;1,772.20
2026/07/03;ENG-009;41;2026-01-02 17:00:00;642.6100;1587.8800;1409.2200;553.3700;2388.1700;9055.6000;47.7300;521.5800;2388.1100;8126.2500;8.4177;394.0000;1.0000;0;WO982564;2109.95
03-Jul-2026;ENG-008;150;2026-01-07 06:00:00;642.1900;1593.3600;1408.4800;553.7500;2388.1600;9040.0700;47.6000;521.7900;2388.1900;8126.8400;8.4347;394.0000;0.8880;0;WO917423;2,014.52
2026/07/03;  ENG-035 ;162;2026-01-07 18:00:00;643.0100;1597.4900;1421.6100;552.7900;2388.1400;9067.3900;47.6700;520.6800;2388.1400;8137.4700;8.4570;395.0000;0.3760;0;WO400050;1888.27
2026-07-03;ENG-027;115;2026-01-05 19:00:00;642.3800;1594.5300;1396.5800;553.2000;2388.1400;9055.3000;47.5800;521.6900;2388.0600;8133.4100;8.4129;393.0000;0.7280;0;WO738483;740.22
2026/07/03;ENG-036;105;2026-01-05 09:00:00;643.4700;1591.2800;1413.5400;552.3600;2388.1600;9054.4700;47.5700;520.0800;2388.2100;8138.2800;8.4767;394.0000;0.3200;0;WO777942;1,554.11
03-Jul-2026;eng-011;76;2026-01-04 04:00:00;642.9300;1596.6800;1411.4700;553.3600;2388.1600;9038.1000;47.5900;521.2000;2388.1100;8123.9900;8.4538;393.0000;0.8320;0;WO917699;2,921.50
2026/07/03;ENG-053;151;2026-01-07 07:00:00;642.4200;1595.5700;1411.1000;553.2600;2388.0600;9089.8700;47.6200;520.7700;2388.1100;8171.4400;8.4622;393.0000;0.3120;0;WO940016;443.25
2026/07/03;  ENG-031 ;191;2026-01-08 23:00:00;643.2900;1597.3100;1413.6400;551.9600;2388.2300;9082.2900;48.0300;520.3000;2388.1500;8156.7000;8.4773;395.0000;0.1040;1;WO222104;1,141.90
03-Jul-2026;  ENG-064 ;149;2026-01-07 05:00:00;643.0100;1588.9800;1412.1200;552.5300;2388.1100;9056.4800;47.5900;520.8200;2388.1800;8139.3800;8.4923;394.0000;0.3760;0;WO401291;997.37
03-Jul-2026;ENG-057;110;2026-01-05 14:00:00;643.0800;1591.0100;1404.4800;553.5100;2388.1100;9049.6000;47.4200;521.0900;2388.0800;8129.7800;8.4746;393.0000;1.0000;0;WO583152;1218.19
2026-07-03;  ENG-079 ;87;2026-01-04 15:00:00;642.4200;1589.1000;1403.9200;553.1700;2388.1000;9051.9900;47.4900;521.9300;2388.1000;8129.3700;8.4209;392.0000;0.6160;0;WO897901;1355.18
2026-07-03;ENG-010;179;2026-01-08 11:00:00;642.6000;1587.8400;1399.4700;553.3800;2388.0500;9061.2800;47.4200;522.0300;2388.0700;8142.1000;8.4098;391.0000;0.8720;0;WO180259;2510.05
2026-07-03;ENG-064;138;2026-01-06 18:00:00;643.2600;1588.1100;1405.0200;553.8000;2388.1200;9059.7000;47.7500;520.9300;2388.1400;8137.7300;8.4250;393.0000;0.4640;0;WO890653;884.28
2026/07/03;ENG-093;235;2026-01-10 19:00:00;642.7900;1598.3100;1419.7300;551.9900;2388.1400;9079.0800;47.7800;520.6300;2388.1300;8155.3300;8.4924;394.0000;0.7520;0;WO187940;1,260.51
2026/07/03;ENG-013;150;2026-01-07 06:00:00;642.2500;1586.8000;1397.9800;554.3200;2388.0700;9070.5900;47.4300;521.5100;2388.0500;8142.1800;8.3869;392.0000;1.0000;0;WO130211;149.51
2026-07-03;ENG-036;124;2026-01-06 04:00:00;643.0200;1601.0100;1424.6100;551.9000;2388.1800;9066.0200;47.8400;520.1400;2388.2000;8135.8100;8.4980;394.0000;0.1680;1;WO786462;8,555.82
2026-07-03;eng-003;96;2026-01-05 00:00:00;642.8300;1588.7600;1406.0800;552.9300;2388.1500;9053.6800;47.6300;521.3400;2388.1800;8131.7200;8.4491;394.0000;0.7920;0;WO544126;749.16
2026-07-03;ENG-010;157;2026-01-07 13:00:00;642.1200;1594.3300;1401.6300;553.6400;2388.0700;9063.8000;47.3600;522.0200;2388.0300;8143.5400;8.4228;393.0000;1.0000;0;WO920414;2337.03
2026/07/03;ENG-060;143;2026-01-06 23:00:00;642.4400;1591.9300;1416.6800;552.6400;2388.1200;9052.7700;47.4200;521.3900;2388.1700;8139.6700;8.4355;393.0000;0.8320;0;WO780065;163.07
2026/07/03;ENG-002;48;2026-01-03 00:00:00;642.6400;1587.7100;1411.9600;553.3000;2388.1800;9046.7300;47.4400;521.3200;2388.1100;8125.6500;8.4465;392.0000;0.7920;0;WO492919;2643.94
2026/07/03;ENG-013;156;2026-01-07 12:00:00;641.8300;1587.1400;1404.0200;553.3100;2388.0500;9070.4600;47.3600;522.0300;2388.0800;8141.7800;8.4297;392.0000;1.0000;0;WO486943;2,214.44
2026-07-03;eng-060;103;2026-01-05 07:00:00;642.4600;1585.2400;1402.9300;553.8000;2388.0500;9052.8800;47.3900;521.6700;2388.0500;8133.8200;8.4332;394.0000;1.0000;0;WO622049;577.32
2026/07/03;ENG-032;142;2026-01-06 22:00:00;642.7900;1590.7100;1408.9900;553.8700;2388.0400;9102.1900;47.4100;521.9000;2388.0200;8175.0100;8.4170;393.0000;0.4080;0;WO647586;984.58
2026/07/03;eng-023;117;2026-01-05 21:00:00;641.8800;1580.7200;1398.4600;553.7500;2388.0500;9053.7500;47.2300;521.9900;2388.0000;8133.7500;8.3974;392.0000;1.0000;0;WO997357;2943.11
03-Jul-2026;eng-093;193;2026-01-09 01:00:00;642.4500;1595.2800;1422.9400;552.9500;2388.1100;9069.6100;47.7100;521.1600;2388.1100;8146.7800;8.4841;393.0000;1.0000;0;WO397642;810.12
2026/07/03;ENG-068;151;2026-01-07 07:00:00;642.8800;1587.6500;1410.4900;553.2400;2388.0700;9063.0400;47.7200;521.1700;2388.1500;8141.8100;8.4592;394.0000;0.3520;0;WO134643;
2026/07/03;ENG-003;89;2026-01-04 17:00:00;642.2400;1591.7600;1410.4200;552.8300;2388.1300;9052.1400;47.6000;520.9200;2388.0700;8130.1700;8.4720;394.0000;0.8480;0;WO245758;655.89
03-Jul-2026;ENG-096;67;2026-01-03 19:00:00;642.3200;1582.2500;1403.5700;554.7600;2388.0400;9059.7900;47.4200;523.1800;2388.0000;8147.1400;8.4001;392.0000;1.0000;0;WO881191;2117.97
03-Jul-2026;  ENG-096 ;96;2026-01-05 00:00:00;642.4600;1586.2200;1404.7600;554.2100;2388.0300;9072.1400;47.4400;522.4000;2388.0500;8144.7900;8.4437;393.0000;1.0000;0;WO361857;1083.23
2026/07/03;ENG-097;108;2026-01-05 12:00:00;642.7200;1590.6400;1405.3000;553.5000;2388.0200;9071.5900;47.3300;521.9800;2387.9900;8146.1100;8.4263;394.0000;0.8640;0;WO598007;1,622.71
2026-07-03;eng-087;54;2026-01-03 06:00:00;642.7900;1588.5700;1401.0300;553.6100;2388.0500;9062.6100;47.1800;521.8300;2388.0300;8136.0200;8.4608;392.0000;0.9440;0;WO153672;2,910.63
2026/07/03;  ENG-006 ;99;2026-01-05 03:00:00;642.5400;1591.2900;1406.2400;553.2700;2388.1200;9048.7200;47.4200;521.3900;2388.1100;8132.1700;8.4566;393.0000;0.7920;0;WO566677;2861.90
03-Jul-2026;ENG-055;96;2026-01-05 00:00:00;641.8800;1594.2000;1407.9800;553.4000;2388.0500;9051.2400;47.3900;522.0200;2388.0600;8136.9300;8.4086;391.0000;1.0000;0;WO524052;513.36
2026/07/03;eng-049;301;2026-01-13 13:00:00;643.3600;1596.5800;1427.6900;552.1400;2388.2300;9060.0900;47.8900;520.8200;2388.2200;8124.7600;8.4854;396.0000;0.1840;1;WO735066;12870.97
2026/07/03;ENG-032;145;2026-01-07 01:00:00;642.9600;1587.3700;1406.2200;553.8400;2388.0500;9105.1300;47.4800;522.3000;2388.0500;8173.9000;8.4380;394.0000;0.3840;0;WO512498;2844.00
03-Jul-2026;ENG-010;169;2026-01-08 01:00:00;642.6700;1590.1800;1407.8900;553.7600;2388.0900;9056.0000;47.4800;521.4300;2388.0600;8141.4900;8.3970;393.0000;0.9520;0;WO627806;1,771.29
03-Jul-2026;ENG-029;151;2026-01-07 07:00:00;643.0900;1584.8100;1405.1400;553.5500;2388.0700;9068.5000;47.4600;522.1400;2388.0600;8147.9000;8.4351;392.0000;0.8800;0;WO780106;2,888.66
2026/07/03;ENG-015;56;2026-01-03 08:00:00;642.3200;1580.8200;1397.8600;553.9300;2388.0000;9056.7300;47.2500;522.0900;2388.0000;8132.8900;8.3909;391.0000;0.8240;0;WO819242;1,109.04
2026/07/03;ENG-087;43;2026-01-02 19:00:00;642.5500;1583.9400;1405.4500;554.5400;2388.0100;9058.2300;47.3400;522.2000;2388.1000;8138.6400;8.4263;392.0000;1.0000;0;WO352094;2493.38
2026/07/03;ENG-031;134;2026-01-06 14:00:00;642.7000;1592.2300;1403.9800;553.0600;2388.0600;9069.4200;47.6100;521.5400;2388.0000;8150.6000;8.4163;394.0000;;0;WO423171;1480.17
2026-07-03;ENG-026;64;2026-01-03 16:00:00;642.4000;1580.9500;1403.5400;553.2900;2388.0600;9064.5000;47.4700;522.2000;2388.0200;8147.8000;8.4035;390.0000;1.0000;0;WO258714;2730.56
03-Jul-2026;eng-018;113;2026-01-05 17:00:00;642.4600;1591.1300;1413.7100;553.0300;2388.1300;9059.3700;47.7600;521.8200;2388.0400;8138.0600;8.4666;394.0000;0.3840;0;WO301446;1,722.61
2026-07-03;ENG-086;106;2026-01-05 10:00:00;643.1400;1584.1900;1406.9500;553.2900;2388.0600;9067.6000;47.3600;521.6400;2388.0700;8146.8700;8.4339;394.0000;0.7440;0;WO621154;2197.96
03-Jul-2026;ENG-032;135;2026-01-06 15:00:00;642.1300;1584.8100;1407.5200;553.5000;2388.0200;9090.7000;47.4100;521.6800;2387.9700;8168.3100;8.4811;392.0000;0.4640;0;WO222476;252.33
03-Jul-2026;ENG-016;104;2026-01-05 08:00:00;642.6400;1586.0100;1404.1400;553.2400;2388.0200;9058.3500;47.3700;522.5800;2388.0600;8142.3300;8.4061;392.0000;0.7440;0;WO759761;911.36
03-Jul-2026;eng-029;156;2026-01-07 12:00:00;643.1600;1583.0500;1406.9500;554.1800;2388.1000;9066.5700;47.3700;521.6100;2388.0800;8151.9500;8.4298;391.0000;0.8400;0;WO661356;2,971.58
2026-07-03;ENG-036;122;2026-01-06 02:00:00;643.1300;1603.2700;1422.8500;551.5200;2388.1300;9062.6300;48.0600;520.5300;2388.2100;8143.5800;8.4649;395.0000;0.1840;1;WO254594;22132.16
2026-07-03;ENG-096;69;2026-01-03 21:00:00;641.7900;1589.9200;1389.6100;554.9100;2388.0500;9070.6400;47.0300;522.0600;2387.9800;8144.3900;8.3736;392.0000;1.0000;0;WO857766;544.99
03-Jul-2026;ENG-051;130;2026-01-06 10:00:00;642.5900;1587.7700;1408.1400;553.3400;2388.1300;9053.3900;47.6600;521.4100;2388.1500;8133.0200;8.4313;393.0000;1.0000;0;WO496952;2337.16
2026-07-03;eng-082;139;2026-01-06 19:00:00;642.9400;1592.3700;1414.8900;552.5900;2388.1300;9062.5400;47.6800;520.8600;2388.1500;8131.9500;8.4472;395.0000;0.2560;0;WO218407;2,897.35
2026/07/03;ENG-027;108;2026-01-05 12:00:00;642.2700;1587.2300;1401.6500;554.3200;2388.0100;9056.1600;47.2400;522.0800;2388.0400;8133.1600;8.3939;394.0000;0.7840;0;WO807258;1624.48
03-Jul-2026;ENG-052;166;2026-01-07 22:00:00;642.3700;1590.6900;1406.5800;553.6900;2388.0400;9084.7100;47.3500;521.7800;2388.0900;8162.5000;8.4039;393.0000;0.4160;0;WO379235;483.72
03-Jul-2026;eng-056;121;2026-01-06 01:00:00;643.2300;1596.9500;1418.9700;551.8200;2388.2400;9044.9200;47.9600;520.6700;2388.2600;8117.6400;8.4867;394.0000;0.2400;1;WO381972;8886.38
2026/07/03;  ENG-030 ;120;2026-01-06 00:00:00;643.1800;1588.0600;1414.4700;554.0700;2388.0600;9046.6200;47.5100;520.9600;2388.1700;8132.3400;8.4466;395.0000;1.0000;0;WO933799;590.63
2026/07/03;ENG-042;141;2026-01-06 21:00:00;643.0700;1591.1400;1412.9900;552.6900;2388.1100;9037.6300;47.8000;520.7600;2388.2000;8114.6900;8.5046;393.0000;0.2000;1;WO687007;16640.71
2026/07/03;ENG-034;153;2026-01-07 09:00:00;642.5900;1588.5600;1406.2200;553.2600;2388.0500;9051.1800;47.5000;521.4700;2388.0700;8136.9900;8.4098;393.0000;0.4560;0;WO910187;1,047.50
03-Jul-2026;ENG-063;115;2026-01-05 19:00:00;642.7000;1589.3400;1409.8900;553.9900;2388.1000;9046.5500;47.5900;521.9300;2388.1600;8130.2900;8.4569;393.0000;0.8960;0;WO414075;2592.61
2026-07-03;ENG-066;129;2026-01-06 09:00:00;642.8000;1604.7000;1425.2800;552.7800;2388.1300;9102.7200;47.7500;520.6600;2388.1500;8170.4600;8.4807;393.0000;0.2560;0;WO324656;1829.25
03-Jul-2026;eng-065;65;2026-01-03 17:00:00;642.2100;1578.5400;1401.1800;554.7100;2387.9900;9065.0600;47.1600;522.3300;2388.0000;8149.9100;8.3991;393.0000;1.0000;0;WO199552;456.89
03-Jul-2026;ENG-034;164;2026-01-07 20:00:00;642.3500;1583.8500;1408.5100;553.0000;2388.1600;9052.6000;47.4100;520.8300;2388.1100;8136.9100;8.4316;395.0000;0.3680;0;WO109899;2,592.43
2026-07-03;  ENG-042 ;149;2026-01-07 05:00:00;642.8900;1594.3900;1416.2800;552.3700;2388.2200;9038.9500;47.9200;520.2400;2388.2300;8115.3000;8.4683;394.0000;;1;WO626778;14504.66
2026/07/03;ENG-016;110;2026-01-05 14:00:00;642.2900;1583.9700;1400.6400;553.9800;2388.0200;9064.5100;47.4200;521.6800;2388.0500;8148.4700;8.4246;391.0000;0.6960;0;WO946885;1,197.72
2026-07-03;ENG-062;211;2026-01-09 19:00:00;642.6500;1584.0600;1403.8000;554.6700;2388.0800;9075.5800;47.5200;522.4800;2388.0500;8159.2100;8.4712;391.0000;0.6000;0;WO949275;222.37
2026/07/03;ENG-083;51;2026-01-03 03:00:00;642.2800;1579.8700;1401.7100;553.3400;2388.0700;9056.7200;47.4300;521.9300;2388.0800;8138.4500;8.4258;393.0000;1.0000;0;WO624909;583.25
03-Jul-2026;ENG-008;112;2026-01-05 16:00:00;642.8600;1595.8200;1402.8000;553.6500;2388.1300;9052.5900;47.6000;521.5800;2388.1100;8130.8900;8.4247;394.0000;1.0000;0;WO878493;1,362.20
03-Jul-2026;ENG-058;151;2026-01-07 07:00:00;642.8100;1589.5900;1418.4600;552.4100;2388.1100;9053.5300;47.5600;521.4100;2388.1300;8131.7700;8.4557;394.0000;0.4960;0;WO824711;795.46
2026-07-03;  ENG-013 ;149;2026-01-07 05:00:00;641.9400;1587.2700;1400.6900;553.7900;2388.0700;9061.3400;47.2700;522.0600;2388.0400;8144.5300;8.4055;392.0000;1.0000;0;WO674665;946.05
03-Jul-2026;ENG-032;128;2026-01-06 08:00:00;642.2700;1584.2000;1405.3100;552.8900;2388.0500;9082.4600;47.3400;521.7900;2388.0000;8168.0800;8.3914;393.0000;0.5200;0;WO808338;2252.63
2026-07-03;ENG-093;165;2026-01-07 21:00:00;642.8800;1593.7900;1412.9800;552.6500;2388.0900;9061.5000;47.6100;521.2500;2388.1500;8142.8100;8.4627;393.0000;1.0000;0;WO408684;2156.69
2026-07-03;ENG-018;117;2026-01-05 21:00:00;642.4900;1591.9600;1410.2900;553.4300;2388.1200;9062.1300;47.4800;521.1900;2388.1400;8130.8400;8.4407;394.0000;0.3520;0;WO649827;
03-Jul-2026;  ENG-031 ;175;2026-01-08 07:00:00;642.9600;1595.2300;1422.1600;551.9000;2388.1600;9079.6400;47.6300;520.9600;2388.1200;8153.5500;8.4914;395.0000;0.2320;1;WO153264;6,085.50
2026/07/03;ENG-058;122;2026-01-06 02:00:00;642.3400;1585.4300;1404.7200;553.3600;2388.0800;9041.3700;47.4400;521.3800;2388.0700;8130.6500;8.4433;393.0000;0.7280;0;WO866716;2389.87
2026/07/03;ENG-062;206;2026-01-09 14:00:00;643.0800;1587.4400;1405.0200;553.5100;2388.0500;9078.8900;47.6100;521.7400;2388.0300;8157.8800;8.4303;391.0000;0.6400;0;WO122983;2399.10
2026-07-03;  ENG-035 ;143;2026-01-06 23:00:00;643.4700;1589.9800;1420.7400;553.0400;2388.1300;9060.5300;47.6500;520.8900;2388.0900;8138.4200;8.4699;394.0000;0.5280;0;WO945207;1017.46
03-Jul-2026;eng-083;73;2026-01-04 01:00:00;642.8100;1594.6800;1406.9000;553.8700;2388.0600;9058.7000;47.2000;521.6700;2388.0900;8141.3800;8.4309;392.0000;1.0000;0;WO268108;2362.96
03-Jul-2026;ENG-020;181;2026-01-08 13:00:00;643.7400;1606.1800;1423.7800;552.2500;2388.1500;9061.0800;47.9600;520.7600;2388.2100;8145.6500;8.4790;395.0000;0.1520;1;WO458888;7649.19
2026/07/03;  ENG-029 ;166;2026-01-07 22:00:00;642.3300;1589.3700;1403.3100;553.0100;2388.0500;9067.6900;47.4000;521.6800;2388.0200;8154.3000;8.4410;394.0000;0.7600;0;WO331648;1,583.48
03-Jul-2026;ENG-006;91;2026-01-04 19:00:00;642.4800;1586.6200;1406.8300;553.5000;2388.0800;9051.0600;47.4800;521.1600;2388.1200;8132.6700;8.4388;393.0000;0.8560;0;WO977546;834.82
03-Jul-2026;ENG-036;86;2026-01-04 14:00:00;643.1900;1592.0500;1415.5600;552.2000;2388.1100;9058.0200;47.5300;520.9600;2388.1000;8142.4500;8.4471;394.0000;0.4720;0;WO972089;
2026/07/03;ENG-043;136;2026-01-06 16:00:00;642.7800;1591.5500;1407.1000;553.5100;2388.0900;9059.5700;47.3100;521.3500;2388.1300;8133.8900;8.4430;392.0000;0.7600;0;WO916102;1061.77
03-Jul-2026;eng-073;100;2026-01-05 04:00:00;642.4200;1582.5000;1401.4300;554.2900;2388.0400;9060.1000;47.2000;521.4400;2388.0500;8141.4100;8.4423;391.0000;1.0000;0;WO845816;1447.75
2026-07-03;ENG-003;88;2026-01-04 16:00:00;642.3500;1596.5800;1416.4700;552.9700;2388.1000;9060.2600;47.6200;521.3200;2388.1400;8134.5300;8.4659;391.0000;0.8560;0;WO935520;310.83
2026/07/03;eng-010;155;2026-01-07 11:00:00;642.5800;1585.2800;1406.1100;554.5300;2388.0100;9065.2000;47.2800;522.0700;2388.0700;8147.4900;8.4477;393.0000;1.0000;0;WO856875;486.27
03-Jul-2026;ENG-091;205;2026-01-09 13:00:00;642.8600;1597.1600;1417.6800;552.9900;2388.2000;9049.4400;47.9500;520.4400;2388.1500;8125.4700;8.4592;393.0000;0.5360;0;WO948960;585.09
2026/07/03;ENG-088;54;2026-01-03 06:00:00;642.9000;1595.0300;1408.9700;552.9300;2388.1800;9043.8200;47.5600;521.4400;2388.1100;8119.4700;8.4574;393.0000;1.0000;0;WO432083;708.05
03-Jul-2026;ENG-051;124;2026-01-06 04:00:00;642.9300;1591.5300;1414.4600;553.4800;2388.1500;9052.0200;47.3200;521.9300;2388.1100;8135.8200;8.4120;393.0000;1.0000;0;WO482482;876.99
2026/07/03;ENG-006;102;2026-01-05 06:00:00;642.8000;1591.5300;1406.2600;553.3600;2388.1400;9049.8200;47.6000;521.4800;2388.1000;8131.1700;8.4443;393.0000;0.7680;0;WO211378;460.98
03-Jul-2026;  ENG-098 ;120;2026-01-06 00:00:00;642.8900;1593.1200;1403.3100;553.0000;2388.1000;9059.6500;47.7100;521.0600;2388.1200;8140.5200;8.4686;394.0000;0.4800;0;WO206251;2,046.34
2026/07/03;  ENG-092 ;139;2026-01-06 19:00:00;642.9500;1592.9700;1422.2900;552.0300;2388.2600;9042.5100;47.8500;521.3600;2388.1400;8126.6400;8.4627;395.0000;;0;WO742812;
2026-07-03;ENG-062;230;2026-01-10 14:00:00;642.3800;1595.3700;1416.2100;553.7200;2388.1000;9096.7700;47.4300;521.1600;2388.0700;8164.4300;8.4476;393.0000;0.4480;0;WO949329;67.24
2026/07/03;ENG-017;157;2026-01-07 13:00:00;642.6500;1597.2900;1413.0500;553.2000;2388.0400;9097.5800;47.4700;521.8800;2388.0600;8166.5300;8.4455;393.0000;0.4640;0;WO684124;2964.73
2026-07-03;ENG-081;200;2026-01-09 08:00:00;643.1700;1596.6500;1415.1100;551.7900;2388.1700;9077.1100;47.9700;520.5000;2388.1600;8149.7600;8.4764;395.0000;0.1680;1;WO449861;4647.04
2026/07/03;ENG-055;112;2026-01-05 16:00:00;642.6300;1583.0400;1402.3000;553.9600;2388.0500;9064.5200;47.5000;522.5800;2388.1100;8142.0500;8.4096;393.0000;1.0000;0;WO826926;2,696.94
2026-07-03;eng-093;167;2026-01-07 23:00:00;642.5300;1596.3700;1416.6700;553.3100;2388.1400;9066.7600;47.6800;521.5500;2388.1100;8146.4700;8.4575;394.0000;1.0000;0;WO279429;251.46
2026/07/03;ENG-005;78;2026-01-04 06:00:00;642.4000;1588.2400;1408.7400;552.7800;2388.0900;9043.0900;47.5800;521.6200;2388.1400;8129.9500;8.4237;392.0000;0.8880;0;WO208436;890.93
2026-07-03;  ENG-033 ;43;2026-01-02 19:00:00;642.4400;1598.1500;1415.4100;553.1000;2388.1100;9054.6100;47.7100;521.0500;2388.1100;8140.9600;8.4513;394.0000;0.9040;0;WO820058;1,832.58
03-Jul-2026;  ENG-024 ;148;2026-01-07 04:00:00;641.9600;1583.1200;1402.5300;553.5100;2388.0400;9107.1200;47.3800;521.9700;2388.0300;8177.0000;8.4445;394.0000;0.4640;0;WO536214;2534.24
03-Jul-2026;eng-030;118;2026-01-05 22:00:00;642.4000;1579.8700;1405.1900;553.8500;2388.1500;9042.2700;47.6900;521.1300;2388.1500;8131.0500;8.3993;392.0000;1.0000;0;WO180100;2211.46
2026-07-03;ENG-040;115;2026-01-05 19:00:00;643.1000;1598.1300;1420.4900;552.4900;2388.1200;9057.8900;47.8000;520.9300;2388.1100;8137.6500;8.4982;397.0000;0.3680;0;WO803906;
2026/07/03;ENG-070;138;2026-01-06 18:00:00;642.5500;1586.2600;1405.8100;553.5200;2388.0800;9054.1800;47.5100;521.8100;2388.1000;8131.4200;8.4178;394.0000;0.8640;0;WO286525;2710.91
2026-07-03;ENG-099;77;2026-01-04 05:00:00;642.0900;1586.2000;1405.7100;555.2200;2387.9800;9066.2200;47.2800;522.4000;2388.0000;8148.8600;8.4106;392.0000;1.0000;0;WO440201;898.62
03-Jul-2026;eng-052;142;2026-01-06 22:00:00;642.2100;1589.6600;1406.8700;554.0000;2388.0900;9065.6800;47.3100;521.2400;2388.0600;8151.1900;8.4293;392.0000;0.6080;0;WO159835;133.50
2026-07-03;ENG-055;91;2026-01-04 19:00:00;642.2700;1586.0100;1406.2800;554.8100;2388.0400;9056.9400;47.3500;521.9100;2388.0500;8136.3200;8.4630;392.0000;1.0000;0;WO116052;1,964.15
2026-07-03;ENG-079;73;2026-01-04 01:00:00;642.6700;1589.5700;1397.9800;553.4500;2388.1100;9050.3600;47.3200;521.5600;2388.0600;8130.2200;8.4462;392.0000;0.7280;0;WO905537;2222.96
03-Jul-2026;ENG-073;87;2026-01-04 15:00:00;641.9400;1584.6900;1399.6300;553.9900;2388.0700;9060.3800;47.3200;521.8700;2388.0100;8134.8800;8.4161;391.0000;1.0000;0;WO915972;
03-Jul-2026;ENG-062;225;2026-01-10 09:00:00;642.2900;1591.9100;1413.4400;553.2700;2388.0600;9086.0200;47.6800;521.6500;2388.0300;8160.0100;8.4399;394.0000;0.4880;0;WO673768;2366.02
03-Jul-2026;ENG-052;182;2026-01-08 14:00:00;642.7000;1592.2600;1410.2700;553.5400;2388.1000;9100.0400;47.4300;521.5500;2388.0300;8176.1400;8.4620;395.0000;0.2880;0;WO480119;2125.70
03-Jul-2026;ENG-068;171;2026-01-08 03:00:00;643.0600;1589.6600;1419.0400;552.4200;2388.0800;9071.2300;47.9200;520.4100;2388.1700;8151.7900;8.5071;396.0000;0.1920;1;WO605943;22,371.34
2026-07-03;ENG-010;129;2026-01-06 09:00:00;642.9500;1592.6600;1402.5300;554.3900;2388.0200;9064.1000;47.3700;521.8700;2388.0500;8142.5500;8.4125;393.0000;1.0000;0;WO464968;2,987.33
03-Jul-2026;  ENG-061 ;124;2026-01-06 04:00:00;642.3600;1586.4800;1409.6600;553.2600;2388.1000;9064.9900;47.5500;521.9500;2388.1300;8144.4600;8.4673;394.0000;0.4480;0;WO569710;1916.20
2026/07/03;ENG-075;87;2026-01-04 15:00:00;641.7500;1585.7900;1396.1800;552.9800;2388.0500;9058.4400;47.4900;522.2300;2388.0600;8136.1800;8.4023;393.0000;0.9120;0;WO866155;837.44
03-Jul-2026;  ENG-007 ;145;2026-01-07 01:00:00;642.0600;1584.2300;1401.9800;553.5300;2388.0000;9069.6800;47.4100;521.5200;2388.1200;8141.7100;8.3909;393.0000;0.8480;0;WO772842;948.83
03-Jul-2026;ENG-027;139;2026-01-06 19:00:00;642.4900;1580.8000;1401.7500;553.7600;2388.1300;9052.4000;47.3500;521.3400;2388.0400;8132.6800;8.4344;393.0000;0.5360;0;WO951821;1086.02
03-Jul-2026;ENG-097;100;2026-01-05 04:00:00;642.6700;1586.3900;1402.5000;554.1600;2387.9900;9077.9900;47.3500;522.1100;2388.0400;8148.1600;8.4235;391.0000;0.9280;0;WO385630;935.96
2026/07/03;ENG-067;56;2026-01-03 08:00:00;642.2700;1584.1800;1403.5300;553.5800;2388.0000;9058.4200;47.3000;521.5400;2388.0000;8138.4600;8.4015;393.0000;0.7360;0;WO852578;749.26
2026/07/03;ENG-010;172;2026-01-08 04:00:00;641.9200;1591.3900;1403.4000;553.7500;2388.1200;9063.3900;47.4600;521.8700;2388.0800;8139.6500;8.4430;392.0000;0.9280;0;WO454003;2,792.17
2026-07-03;ENG-010;159;2026-01-07 15:00:00;642.0600;1585.6400;1400.1500;553.9900;2388.0400;9065.1900;47.3200;521.6700;2388.0500;8148.2500;8.4241;392.0000;1.0000;0;WO566525;
03-Jul-2026;ENG-081;174;2026-01-08 06:00:00;643.0400;1594.0100;1407.6600;553.2200;2388.1300;9079.7800;47.7600;521.0600;2388.1300;8147.9800;8.4819;393.0000;0.3760;0;WO991108;984.65
2026-07-03;ENG-084;124;2026-01-06 04:00:00;642.1300;1585.3400;1411.6900;553.5400;2388.1100;9057.4100;47.5500;521.2900;2388.1400;8135.9900;8.4610;394.0000;0.8480;0;WO206113;1,131.03
2026-07-03;ENG-042;136;2026-01-06 16:00:00;643.1800;1587.1500;1409.9900;552.7400;2388.1200;9043.8500;47.7300;520.8100;2388.2300;8119.2500;8.4278;395.0000;0.2400;1;WO445336;2,988.78
03-Jul-2026;eng-025;46;2026-01-02 22:00:00;642.3100;1592.8500;1403.6800;553.9100;2388.0500;9054.9400;47.3900;522.5000;2388.0800;8135.5600;8.3981;392.0000;1.0000;0;WO898511;1,620.99
2026-07-03;ENG-077;133;2026-01-06 13:00:00;643.1500;1590.3000;1416.4100;552.8300;2388.1000;9041.8000;47.5000;521.6900;2388.0600;8125.4100;8.4794;393.0000;0.5040;0;WO106752;1,990.22
2026/07/03;ENG-053;145;2026-01-07 01:00:00;643.4200;1594.5300;1411.3600;552.9200;2388.0800;9084.1500;47.6300;521.2400;2388.1300;8158.5600;8.4740;394.0000;0.3600;0;WO959746;1984.93
2026/07/03;ENG-080;94;2026-01-04 22:00:00;642.2900;1598.0900;1403.3300;553.3600;2388.0700;9066.4900;47.4600;521.9100;2388.0700;8136.2600;8.4293;395.0000;1.0000;0;WO843799;1,564.12
03-Jul-2026;ENG-062;160;2026-01-07 16:00:00;642.1600;1589.7600;1399.1800;554.5200;2388.0600;9063.1900;47.3100;521.7000;2388.0500;8144.7100;8.4340;393.0000;1.0000;0;WO482061;1,763.76
2026/07/03;ENG-053;131;2026-01-06 11:00:00;643.0200;1590.0200;1404.1200;553.6600;2388.0800;9077.1600;47.4600;522.2300;2388.0300;8156.3900;8.4458;392.0000;0.4720;0;WO552273;511.66
2026-07-03;ENG-070;110;2026-01-05 14:00:00;642.8100;1589.5700;1411.9100;553.3900;2388.1700;9050.1300;47.6100;521.8100;2388.1300;8134.2500;8.4329;395.0000;1.0000;0;WO270871;2239.81
03-Jul-2026;ENG-094;102;2026-01-05 06:00:00;643.3500;1587.7800;1409.2500;553.5100;2388.0700;9057.6700;47.7500;521.5500;2388.1100;8133.3300;8.4247;393.0000;0.6880;0;WO726885;2,148.76
2026-07-03;ENG-082;116;2026-01-05 20:00:00;642.5400;1593.1900;1408.1400;552.9900;2388.0900;9069.8900;47.5100;521.7800;2388.0900;8143.5900;8.4251;393.0000;0.4400;0;WO762811;2,553.51
2026-07-03;ENG-038;125;2026-01-06 05:00:00;643.0400;1588.2300;1404.9100;553.0900;2388.1400;9086.1800;47.8600;520.9100;2388.1500;8160.7600;8.4695;393.0000;0.4000;0;WO562698;2609.87
03-Jul-2026;ENG-030;121;2026-01-06 01:00:00;643.0600;1586.1500;1411.8700;552.7100;2388.1900;9050.1800;47.6000;521.2400;2388.1700;8131.5400;8.4445;395.0000;1.0000;0;WO966878;1359.05
03-Jul-2026;eng-035;161;2026-01-07 17:00:00;643.1800;1595.6900;1414.4900;552.7300;2388.1600;9067.7300;47.7800;520.2300;2388.1300;8141.7500;8.5244;394.0000;0.3840;0;WO252549;2122.87
03-Jul-2026;ENG-077;132;2026-01-06 12:00:00;642.3500;1592.1900;1410.8200;554.3000;2388.1100;9050.0000;47.5400;521.5100;2388.1300;8129.1800;8.4772;394.0000;0.5120;0;WO603659;807.95
2026/07/03;ENG-008;119;2026-01-05 23:00:00;642.6900;1582.8100;1406.4300;553.2300;2388.1300;9044.1800;47.5000;521.6900;2388.1100;8125.7200;8.4580;392.0000;1.0000;0;WO141219;1,220.59
2026/07/03;eng-051;126;2026-01-06 06:00:00;642.4800;1585.4500;1403.7100;554.2300;2388.1000;9049.4100;47.4200;521.7700;2388.1100;8133.6700;8.4495;392.0000;1.0000;0;WO805044;1,257.25
2026/07/03;  ENG-081 ;184;2026-01-08 16:00:00;643.3800;1595.3400;1414.6800;552.0400;2388.1300;9071.8800;47.9200;520.4600;2388.1300;8142.6800;8.4862;395.0000;0.2960;0;WO606774;1516.41
03-Jul-2026;ENG-094;116;2026-01-05 20:00:00;642.9800;1589.2100;1412.1400;552.7900;2388.1500;9058.0100;47.5600;520.6800;2388.1100;8136.8900;8.4687;394.0000;0.5760;0;WO394903;1166.73
2026-07-03;ENG-024;162;2026-01-07 18:00:00;642.4000;1589.5000;1401.8400;553.5300;2388.0200;9108.3900;47.4700;521.6200;2388.0600;8182.3200;8.4647;395.0000;0.3520;0;WO300214;155.91
03-Jul-2026;ENG-010;170;2026-01-08 02:00:00;642.5200;1586.0600;1404.5000;553.6200;2388.0500;9070.3600;47.3000;522.1100;2388.0600;8143.0000;8.4148;393.0000;0.9440;0;WO276580;2572.29
2026/07/03;  ENG-041 ;117;2026-01-05 21:00:00;642.5600;1590.5900;1421.0700;552.8500;2388.1900;9034.9000;47.7100;521.0800;2388.1800;8120.1800;8.4485;393.0000;0.1920;1;WO982628;21906.77
2026-07-03;ENG-043;160;2026-01-07 16:00:00;642.7800;1592.8800;1405.7700;553.5000;2388.1200;9058.7500;47.5700;521.4100;2388.1100;8127.8300;8.4790;395.0000;0.5680;0;WO310047;532.42
03-Jul-2026;ENG-059;68;2026-01-03 20:00:00;642.0500;1589.1400;1400.2300;554.6800;2388.0000;9054.4000;47.1200;522.3200;2388.0200;8134.3600;8.4033;394.0000;1.0000;0;WO493782;669.87
2026/07/03;ENG-043;130;2026-01-06 10:00:00;642.3500;1593.8600;1409.6500;553.5900;2388.1300;9062.9600;47.5300;521.6300;2388.1200;8132.5000;8.4405;395.0000;0.8080;0;WO841764;1,417.67
2026/07/03;  ENG-014 ;37;2026-01-02 13:00:00;642.7900;1593.5400;1407.3600;553.0900;2388.1500;9032.7400;47.5700;521.1700;2388.1800;8119.2600;8.4496;395.0000;0.9280;0;WO632954;250.38
2026/07/03;ENG-056;98;2026-01-05 02:00:00;642.7400;1593.2500;1413.7000;552.3800;2388.1700;9047.4600;47.7300;520.5800;2388.2300;8122.7500;8.4351;394.0000;0.4240;0;WO338320;1496.61
2026-07-03;ENG-020;174;2026-01-08 06:00:00;642.9000;1595.2500;1412.2400;552.4700;2388.1300;9064.6600;48.0000;520.5700;2388.1400;8143.3200;8.4933;395.0000;0.2080;1;WO379169;12163.95
03-Jul-2026;ENG-034;150;2026-01-07 06:00:00;642.5200;1590.6000;1408.9100;553.9400;2388.1700;9056.5600;47.6400;521.1900;2388.0900;8135.4800;8.4156;393.0000;0.4800;0;WO339186;241.27
2026-07-03;ENG-091;225;2026-01-10 09:00:00;643.3100;1593.3500;1420.0800;552.5500;2388.1800;9050.5700;47.8200;520.3600;2388.2400;8122.9500;8.4430;395.0000;0.3760;0;WO134901;180.60
03-Jul-2026;ENG-024;176;2026-01-08 08:00:00;642.4000;1588.7800;1409.3800;553.0600;2388.0400;9125.7000;47.5400;521.2800;2388.0700;8193.7400;8.4830;395.0000;;1;WO246750;13847.75
2026/07/03;ENG-011;82;2026-01-04 10:00:00;643.2900;1601.3900;1408.1400;553.7700;2388.2200;9032.0900;47.6100;520.9500;2388.1200;8116.5400;8.4364;394.0000;0.7840;0;WO174242;1,806.30
2026-07-03;ENG-057;148;2026-01-07 04:00:00;642.6800;1589.3700;1409.5400;553.2200;2388.0900;9049.1500;47.7000;521.2300;2388.1500;8129.2200;8.4250;392.0000;0.9200;0;WO243659;1310.08
2026/07/03;ENG-094;128;2026-01-06 08:00:00;643.0300;1586.0100;1414.6300;552.3700;2388.1600;9061.1800;47.7600;521.0800;2388.1400;8137.8700;8.4218;394.0000;0.4800;0;WO281119;306.20
03-Jul-2026;ENG-079;90;2026-01-04 18:00:00;642.1200;1591.5300;1411.5400;553.6600;2388.1000;9056.1800;47.3600;521.8300;2388.1000;8125.7200;8.4107;391.0000;0.5920;0;WO342972;2,968.09
2026/07/03;ENG-062;175;2026-01-08 07:00:00;642.7000;1590.1700;1405.9200;554.4100;2388.0600;9071.0000;47.3600;521.6800;2388.0600;8140.7300;8.4129;391.0000;0.8880;0;WO488541;1,925.70
03-Jul-2026;ENG-065;61;2026-01-03 13:00:00;641.8800;1580.4600;1402.7500;553.9200;2388.0000;9063.6000;47.1200;522.7100;2387.9800;8146.6800;8.4123;393.0000;1.0000;0;WO843787;996.25
03-Jul-2026;ENG-012;146;2026-01-07 02:00:00;642.6900;1588.7600;1403.4600;554.3900;2388.0400;9066.4700;47.2000;522.2600;2388.0300;8139.4500;8.3898;392.0000;1.0000;0;WO363722;
2026-07-03;ENG-006;84;2026-01-04 12:00:00;642.6200;1584.0100;1408.3400;553.8200;2388.0900;9046.9700;47.3900;521.3600;2388.0200;8139.1200;8.4195;393.0000;0.9120;0;WO992969;671.12
2026/07/03;ENG-064;116;2026-01-05 20:00:00;642.7900;1582.8400;1407.1600;553.9400;2388.1300;9057.7100;47.5500;521.5300;2388.1300;8138.0300;8.4357;394.0000;0.6400;0;WO807824;2726.58
2026/07/03;  ENG-053 ;158;2026-01-07 14:00:00;642.9000;1596.5500;1419.7700;553.0400;2388.0700;9099.1600;47.8500;521.2200;2388.1000;8175.0900;8.4576;393.0000;0.2560;0;WO813712;1,344.09
2026-07-03;ENG-091;225;2026-01-10 09:00:00;643.3100;1593.3500;1420.0800;552.5500;2388.1800;9050.5700;47.8200;520.3600;2388.2400;8122.9500;8.4430;395.0000;0.3760;0;WO134901;180.60
2026/07/03;ENG-049;204;2026-01-09 12:00:00;642.1500;1587.3100;1407.2400;554.2500;2388.1200;9053.2500;47.4500;521.5700;2388.0600;8135.7500;8.4234;392.0000;0.9600;0;WO379189;2091.55
2026-07-03;ENG-012;205;2026-01-09 13:00:00;642.3500;1590.2300;1403.0900;554.1500;2388.0500;9069.3300;47.5300;521.5600;2388.0200;8150.3100;8.4366;394.0000;1.0000;0;WO730187;274.68
03-Jul-2026;  ENG-077 ;124;2026-01-06 04:00:00;642.5700;1588.2200;1409.5200;552.9900;2388.1200;9046.6900;47.5500;521.8200;2388.0900;8130.0700;8.4219;393.0000;0.5760;0;WO556621;1951.43
03-Jul-2026;ENG-057;156;2026-01-07 12:00:00;642.3600;1589.5000;1410.2000;552.7600;2388.1300;9047.7400;47.4600;521.2900;2388.1200;8131.9000;8.4410;395.0000;0.8560;0;WO844978;2,689.77
2026-07-03;ENG-008;140;2026-01-06 20:00:00;642.5700;1592.0900;1407.1400;553.1000;2388.1400;9050.7500;47.5500;521.2200;2388.0900;8132.2800;8.4617;394.0000;0.9680;0;WO279744;
2026-07-03;ENG-042;155;2026-01-07 11:00:00;644.0700;1597.0700;1425.3700;551.9500;2388.2700;9038.6100;47.7800;520.4500;2388.2300;8114.2400;8.4762;396.0000;0.0880;1;WO925241;9876.90
2026/07/03;ENG-017;141;2026-01-06 21:00:00;642.7800;1583.8400;1406.8400;553.1700;2388.0500;9090.0200;47.4000;521.6700;2388.0800;8162.9600;8.4396;393.0000;0.5920;0;WO467117;829.08
2026-07-03;ENG-089;120;2026-01-06 00:00:00;642.5000;1589.7600;1412.5300;553.4600;2388.1800;9046.5700;47.5700;521.5800;2388.1100;8128.7200;8.4652;394.0000;1.0000;0;WO474630;
03-Jul-2026;ENG-018;90;2026-01-04 18:00:00;642.3000;1579.8200;1404.7800;554.0200;2388.0900;9061.3600;47.3900;522.2200;2388.0200;8149.0300;8.4295;391.0000;0.5680;0;WO947943;152.62
2026/07/03;ENG-054;93;2026-01-04 21:00:00;641.7600;1581.8200;1393.7300;555.1200;2388.0400;9056.6100;47.2300;522.2800;2388.0300;8143.7700;8.4013;391.0000;1.0000;0;WO731309;1536.83
03-Jul-2026;ENG-034;174;2026-01-08 06:00:00;642.8900;1587.0700;1418.7500;552.9200;2388.1400;9061.0600;47.4600;521.2500;2388.2000;8135.8700;8.4250;394.0000;0.2880;0;WO652521;1466.08
2026/07/03;ENG-043;138;2026-01-06 18:00:00;642.5100;1591.8500;1408.5600;554.0700;2388.0800;9057.9700;47.6100;521.5200;2388.0900;8129.3900;8.4623;393.0000;0.7440;0;WO242547;574.40
2026-07-03;ENG-029;163;2026-01-07 19:00:00;642.4100;1585.8700;1399.9000;553.5200;2388.0100;9076.3300;47.2900;521.5000;2388.1200;8150.0600;8.4289;393.0000;0.7840;0;WO500386;2647.06
2026-07-03;ENG-012;183;2026-01-08 15:00:00;642.0400;1586.6400;1402.1600;554.0700;2388.0900;9069.4600;47.4700;522.1100;2388.0200;8141.6700;8.4473;393.0000;1.0000;0;WO471528;1882.07
03-Jul-2026;ENG-096;88;2026-01-04 16:00:00;642.5100;1586.1200;1402.1600;554.2100;2388.0300;9066.2000;47.4200;522.1100;2388.0100;8147.1200;8.3890;394.0000;1.0000;0;WO682952;1,160.15
2026/07/03;ENG-064;134;2026-01-06 14:00:00;642.6200;1590.2800;1408.3900;552.1600;2388.1200;9048.5700;47.5000;521.3800;2388.2100;8133.0000;8.4247;393.0000;0.4960;0;WO615459;1,656.03
03-Jul-2026;ENG-094;95;2026-01-04 23:00:00;642.6000;1583.7700;1403.0500;553.3600;2388.0400;9062.8400;47.5500;521.2400;2388.1000;8138.2600;8.4499;392.0000;0.7440;0;WO697030;818.74
2026/07/03;ENG-062;172;2026-01-08 04:00:00;642.5500;1593.6000;1401.1900;554.3600;2388.0400;9070.8100;47.3300;522.2800;2388.0200;8150.0900;8.4291;394.0000;0.9120;0;WO675855;2,114.83
03-Jul-2026;  ENG-100 ;188;2026-01-08 20:00:00;643.3500;1589.8800;1409.8800;552.9600;2388.0300;9130.8500;47.5200;521.7600;2388.0600;8206.2500;8.4457;394.0000;0.2400;1;WO118207;9538.70
03-Jul-2026;ENG-016;88;2026-01-04 16:00:00;642.6000;1586.2400;1406.2300;553.9600;2388.0500;9055.4100;47.4300;522.2800;2388.0400;8133.5400;8.4052;393.0000;0.8720;0;WO141055;1,357.90
03-Jul-2026;ENG-014;36;2026-01-02 12:00:00;642.8700;1596.7100;1408.2300;553.4500;2388.1800;9035.1200;47.4500;520.9500;2388.1400;8118.9600;8.4130;395.0000;0.9360;0;WO856748;1,841.99
2026/07/03;ENG-062;204;2026-01-09 12:00:00;642.1700;1587.0000;1405.8700;553.7000;2388.0400;9074.0300;47.6700;521.8500;2388.0000;8151.6600;8.4273;393.0000;0.6560;0;WO938511;1282.94
2026/07/03;ENG-040;100;2026-01-05 04:00:00;642.8800;1598.0400;1411.0000;552.2500;2388.0900;9062.7600;47.7000;520.9200;2388.1500;8140.2100;8.4544;394.0000;0.4880;0;WO798356;1,978.32
03-Jul-2026;ENG-070;131;2026-01-06 11:00:00;642.7600;1585.7000;1406.0700;552.8500;2388.1400;9057.6600;47.7800;521.4500;2388.0800;8134.2000;8.4553;393.0000;0.9200;0;WO707693;875.20
2026/07/03;ENG-053;125;2026-01-06 05:00:00;642.5800;1592.0000;1414.1100;554.1100;2388.0300;9067.8000;47.3300;522.0700;2388.1200;8148.2900;8.4648;394.0000;0.5200;0;WO763038;956.42
03-Jul-2026;ENG-089;127;2026-01-06 07:00:00;642.9100;1588.2300;1402.3300;553.4900;2388.1200;9051.9500;47.5300;521.7600;2388.1400;8131.3200;8.4171;393.0000;1.0000;0;WO641865;1,627.94
2026/07/03;ENG-095;65;2026-01-03 17:00:00;642.3800;1584.9400;1398.4400;553.8900;2388.0200;9052.5300;47.3400;521.6600;2388.0500;8128.1400;8.4036;392.0000;1.0000;0;WO289278;2911.40
03-Jul-2026;ENG-032;124;2026-01-06 04:00:00;642.1600;1588.8600;1405.4400;553.7600;2388.0100;9083.6900;47.2500;522.0700;2388.0000;8166.0600;8.4284;392.0000;0.5520;0;WO445922;1505.72
2026/07/03;ENG-011;71;2026-01-03 23:00:00;642.6800;1580.2600;1413.2200;553.5300;2388.1400;9037.7900;47.5100;521.5600;2388.1400;8116.0800;8.4482;392.0000;0.8720;0;WO127535;2,609.94
2026/07/03;ENG-019;99;2026-01-05 03:00:00;642.5800;1585.9900;1403.7300;554.0000;2388.0500;9063.5900;47.3800;521.7700;2388.0500;8140.7200;8.4294;393.0000;0.9840;0;WO604223;598.73
2026/07/03;ENG-060;118;2026-01-05 22:00:00;642.9900;1589.8400;1407.9900;553.4200;2388.0800;9058.0700;47.4400;521.9900;2388.1000;8136.1000;8.4362;393.0000;1.0000;0;WO444398;1,524.21
2026/07/03;ENG-078;57;2026-01-03 09:00:00;641.7800;1580.9600;1402.5200;554.5300;2388.0400;9054.9900;47.1900;522.3600;2387.9700;8138.8600;8.3937;390.0000;;0;WO295775;2,663.62
03-Jul-2026;ENG-020;140;2026-01-06 20:00:00;642.7700;1586.7100;1414.3500;552.9100;2388.0900;9060.0500;47.6600;521.8800;2388.1100;8140.9900;8.4186;393.0000;0.4800;0;WO110239;791.51
03-Jul-2026;ENG-020;133;2026-01-06 13:00:00;642.3500;1591.5800;1413.8300;553.3200;2388.0900;9063.4000;47.3900;520.9200;2388.1200;8139.7400;8.4344;393.0000;0.5360;0;WO453625;461.52
2026-07-03;ENG-044;45;2026-01-02 21:00:00;642.2700;1587.0700;1404.3000;553.1100;2388.0400;9055.1400;47.4800;522.2400;2388.0700;8133.0300;8.4106;394.0000;0.9440;0;WO626255;2,281.07
2026-07-03;ENG-070;124;2026-01-06 04:00:00;643.0600;1588.8200;1407.4500;552.9800;2388.0900;9049.4900;47.2800;521.5300;2388.1100;8131.1000;8.4237;392.0000;0.9760;0;WO724692;2,979.39
03-Jul-2026;ENG-096;78;2026-01-04 06:00:00;642.1700;1586.5700;1401.0400;554.0600;2388.0100;9065.7400;47.2500;522.3100;2388.0100;8148.4400;8.4158;393.0000;1.0000;0;WO348034;1,575.28
2026/07/03;ENG-077;142;2026-01-06 22:00:00;642.8300;1589.1800;1412.1700;553.2300;2388.1400;9051.6400;47.6600;521.2700;2388.1000;8124.6700;8.4545;394.0000;0.4320;0;WO382956;667.66
03-Jul-2026;ENG-074;103;2026-01-05 07:00:00;642.6600;1592.0400;1409.8800;553.4100;2388.1000;9054.9100;47.4400;521.7500;2388.1100;8138.4000;8.4463;392.0000;1.0000;0;WO920219;2,198.02
03-Jul-2026;ENG-091;168;2026-01-08 00:00:00;642.8800;1589.4800;1419.0900;552.2000;2388.1700;9056.8500;47.7700;520.9200;2388.1900;8127.3900;8.4867;395.0000;0.8320;0;WO960351;1550.25
2026-07-03;ENG-007;146;2026-01-07 02:00:00;641.9800;1590.6100;1403.7200;554.0400;2388.0100;9064.0300;47.3800;521.9600;2388.0200;8141.5300;8.4140;392.0000;0.8400;0;WO819671;581.66
2026/07/03;eng-062;169;2026-01-08 01:00:00;642.1500;1583.5300;1396.4300;554.1500;2388.1000;9067.5400;47.3700;521.4200;2388.0300;8140.6900;8.4332;391.0000;0.9360;0;WO785529;
03-Jul-2026;ENG-066;132;2026-01-06 12:00:00;643.1000;1596.3000;1415.3200;553.0400;2388.1000;9107.1500;47.6900;520.7900;2388.1400;8176.6600;8.4501;393.0000;0.2320;1;WO232842;18362.72
03-Jul-2026;ENG-030;137;2026-01-06 17:00:00;642.1400;1587.9700;1409.2500;553.0200;2388.1700;9061.5000;47.6900;521.3900;2388.1900;8128.2100;8.4531;393.0000;0.9680;0;WO174395;
2026/07/03;ENG-053;120;2026-01-06 00:00:00;642.8100;1588.2500;1406.5300;553.7100;2388.1200;9068.7000;47.5500;521.2500;2388.0800;8149.3100;8.4281;393.0000;0.5600;0;WO565192;342.95
2026-07-03;ENG-072;90;2026-01-04 18:00:00;642.1600;1578.5200;1409.2400;554.2600;2388.0100;9067.1600;47.3200;521.7500;2388.0600;8141.9700;8.4042;394.0000;0.7280;0;WO816289;287.41
03-Jul-2026;ENG-013;134;2026-01-06 14:00:00;642.0300;1593.3800;1405.5600;554.3600;2388.0700;9067.0300;47.3900;522.1500;2388.0300;8141.4900;8.4254;392.0000;1.0000;0;WO725295;1,288.83
2026/07/03;ENG-081;157;2026-01-07 13:00:00;642.6700;1582.4800;1414.3300;553.0100;2388.1000;9069.3600;47.7900;521.4100;2388.0900;8156.8400;8.4431;392.0000;0.5120;0;WO521888;627.34
2026-07-03;ENG-012;188;2026-01-08 20:00:00;642.7600;1591.7700;1406.7800;553.4900;2388.0500;9062.8900;47.4000;521.5500;2387.9900;8142.6500;8.3855;394.0000;1.0000;0;WO361038;363.85
2026-07-03;ENG-017;160;2026-01-07 16:00:00;642.7600;1588.1400;1418.2500;553.6000;2388.0700;9094.7700;47.5200;521.6800;2388.0200;8169.9700;8.4247;393.0000;0.4400;0;WO362544;
03-Jul-2026;ENG-059;90;2026-01-04 18:00:00;641.8500;1582.8000;1395.4300;554.5900;2388.0600;9056.9900;47.2300;522.0800;2388.0600;8142.3600;8.4392;392.0000;0.9440;0;WO616832;2,201.60
2026-07-03;ENG-061;144;2026-01-07 00:00:00;642.8400;1596.3700;1407.9900;553.6400;2388.1300;9067.1100;47.6700;520.9400;2388.2000;8145.4100;8.4485;393.0000;0.2880;0;WO597888;2,934.64
2026/07/03;eng-053;159;2026-01-07 15:00:00;642.7800;1592.7400;1418.2200;553.5800;2388.0700;9096.0800;47.6100;521.2200;2388.1700;8174.5300;8.5041;396.0000;0.2480;0;WO779362;1713.06
03-Jul-2026;ENG-036;87;2026-01-04 15:00:00;643.3200;1591.2800;1417.7800;552.8500;2388.1500;9057.6300;47.6600;520.8800;2388.1600;8137.9100;8.4699;394.0000;0.4640;0;WO929029;899.15
2026/07/03;  ENG-077 ;111;2026-01-05 15:00:00;642.7600;1591.8000;1410.0700;553.4900;2388.0800;9044.3700;47.5900;521.3700;2388.1000;8132.1600;8.4238;391.0000;0.6800;0;WO543648;2,424.09
2026-07-03;  ENG-003 ;95;2026-01-04 23:00:00;642.9500;1595.3700;1408.5700;553.0100;2388.1000;9049.8800;47.6100;521.0000;2388.1600;8129.8400;8.4695;393.0000;0.8000;0;WO582225;561.35
03-Jul-2026;ENG-016;82;2026-01-04 10:00:00;642.4400;1579.7500;1402.3600;554.7100;2388.0300;9061.0900;47.3100;522.2000;2388.0100;8135.7700;8.4150;391.0000;0.9200;0;WO172730;159.89
2026-07-03;ENG-012;216;2026-01-10 00:00:00;642.0900;1582.3200;1408.0700;554.1500;2388.0400;9069.0800;47.4600;521.4400;2388.1000;8148.8500;8.3988;392.0000;1.0000;0;WO117783;1501.02
2026/07/03;ENG-042;117;2026-01-05 21:00:00;642.9500;1594.9900;1405.5000;553.4600;2388.1100;9046.5400;47.5800;521.8100;2388.1000;8126.8700;8.4091;394.0000;0.3920;0;WO109721;234.84
2026/07/03;ENG-049;289;2026-01-13 01:00:00;643.0700;1587.9200;1418.9000;552.0900;2388.2400;9052.8600;47.7600;520.2600;2388.2000;8129.8100;8.5240;394.0000;0.2800;0;WO494498;771.87
03-Jul-2026;  ENG-070 ;119;2026-01-05 23:00:00;643.0100;1584.3100;1409.8000;554.0500;2388.1500;9051.9500;47.5500;520.8400;2388.1100;8139.4900;8.4376;395.0000;1.0000;0;WO381617;260.97
2026/07/03;ENG-026;58;2026-01-03 10:00:00;642.3500;1582.9400;1403.1800;554.0600;2387.9700;9068.7300;47.4700;522.0300;2388.0400;8144.1900;8.4112;393.0000;1.0000;0;WO891377;1,123.29
2026/07/03;ENG-051;97;2026-01-05 01:00:00;642.3800;1588.6800;1403.7000;554.9100;2388.0900;9045.8700;47.6300;521.4300;2388.1000;8131.3500;8.4158;392.0000;1.0000;0;WO433694;962.55
2026-07-03;ENG-081;208;2026-01-09 16:00:00;643.1000;1596.4200;1424.8600;551.7000;2388.1900;9080.6700;48.1000;520.0900;2388.1800;8151.2500;8.5127;395.0000;0.1040;1;WO447770;20782.13
2026-07-03;ENG-058;144;2026-01-07 00:00:00;642.7700;1589.0600;1405.7700;553.1500;2388.1500;9054.5800;47.4500;521.3500;2388.1300;8129.5200;8.4176;393.0000;0.5520;0;WO557868;1,468.45
2026/07/03;ENG-048;74;2026-01-04 02:00:00;642.6800;1591.8500;1407.5800;553.3900;2388.0700;9063.2300;47.4300;521.3600;2388.1100;8137.4100;8.4324;393.0000;0.7680;0;WO587852;229.05
03-Jul-2026;ENG-063;153;2026-01-07 09:00:00;642.9100;1594.9300;1408.5700;552.5700;2388.1400;9049.4100;47.6900;521.4100;2388.1500;8125.6700;8.4949;393.0000;0.5920;0;WO996617;
2026-07-03;ENG-094;97;2026-01-05 01:00:00;642.9900;1591.4200;1411.8700;553.2400;2388.0900;9061.0600;47.4300;521.0800;2388.0600;8137.8400;8.4301;393.0000;0.7280;0;WO681581;2743.00
03-Jul-2026;ENG-081;153;2026-01-07 09:00:00;643.1400;1590.1100;1409.4600;553.0100;2388.1000;9072.6100;47.6600;521.1900;2388.1000;8152.1300;8.4520;393.0000;0.5440;0;WO543828;1359.56
03-Jul-2026;ENG-070;114;2026-01-05 18:00:00;642.6600;1585.2200;1401.0200;553.7000;2388.1600;9047.4000;47.5600;521.1400;2388.0800;8133.8700;8.4433;392.0000;1.0000;0;WO774795;2458.69
2026/07/03;  ENG-011 ;68;2026-01-03 20:00:00;642.9600;1593.6300;1408.6100;553.1500;2388.1600;9037.6300;47.5100;521.1200;2388.1600;8125.1900;8.4565;393.0000;0.8960;0;WO831745;2,004.85
2026/07/03;ENG-055;88;2026-01-04 16:00:00;642.2000;1590.6100;1402.3100;554.9100;2388.0500;9056.2600;47.5200;521.9400;2388.0800;8142.2800;8.4246;393.0000;1.0000;0;WO151896;1,029.64
2026/07/03;ENG-023;120;2026-01-06 00:00:00;641.5400;1584.6100;1402.4800;554.0300;2388.0400;9059.4800;47.4700;522.5300;2388.0300;8137.0600;8.4064;392.0000;;0;WO746069;1,948.70
2026/07/03;ENG-026;53;2026-01-03 05:00:00;642.3000;1577.3800;1404.8800;554.1400;2388.0000;9068.2300;47.3700;521.9200;2388.0400;8142.7500;8.3985;392.0000;1.0000;0;WO576088;2,616.36
2026/07/03;ENG-034;186;2026-01-08 18:00:00;643.3600;1598.5500;1424.1400;551.8600;2388.1900;9052.7900;47.8000;521.0000;2388.1700;8121.2700;8.4861;393.0000;0.1920;1;WO682875;21072.31
2026/07/03;  ENG-050 ;57;2026-01-03 09:00:00;642.8400;1586.8800;1398.3500;553.6900;2388.0100;9066.5000;47.1900;521.8500;2388.0700;8146.2300;8.4272;391.0000;0.7680;0;WO455491;886.23
03-Jul-2026;  ENG-043 ;172;2026-01-08 04:00:00;642.7700;1594.1900;1418.4000;552.2500;2388.1300;9052.9300;47.6000;520.8600;2388.1600;8135.4600;8.4456;394.0000;0.4720;0;WO614960;1,768.61
2026-07-03;ENG-081;148;2026-01-07 04:00:00;642.8200;1589.4800;1412.0400;552.6400;2388.0500;9077.7800;47.4800;521.3100;2388.1200;8150.3100;8.4493;392.0000;0.5840;0;WO466915;1380.08
2026/07/03;  ENG-013 ;194;2026-01-09 02:00:00;642.6600;1587.9400;1410.7100;553.8100;2388.0600;9058.9500;47.4100;521.4500;2388.1300;8145.6200;8.4543;395.0000;0.7680;0;WO405143;2,367.48
2026/07/03;  ENG-005 ;90;2026-01-04 18:00:00;642.6000;1586.6500;1414.1500;553.9000;2388.0900;9051.0800;47.5000;521.2600;2388.1100;8133.4300;8.4580;395.0000;0.7920;0;WO922147;1503.07
2026/07/03;ENG-010;151;2026-01-07 07:00:00;641.7800;1584.4100;1399.9200;554.8000;2388.0500;9065.1600;47.3100;522.1600;2388.0600;8144.7300;8.3863;392.0000;1.0000;0;WO218907;2,804.22
2026/07/03;eng-081;183;2026-01-08 15:00:00;642.4500;1590.3800;1418.7800;552.1600;2388.1900;9069.6300;47.9600;520.6500;2388.1600;8147.7400;8.4930;395.0000;0.3040;0;WO679777;1355.52
2026-07-03;ENG-090;111;2026-01-05 15:00:00;643.6000;1595.4700;1415.6700;553.1800;2388.1000;9063.8000;47.6100;521.2400;2388.1100;8140.7500;8.4539;395.0000;0.5040;0;WO109888;2,157.38
2026-07-03;ENG-034;184;2026-01-08 16:00:00;643.2400;1595.6900;1414.9000;551.9100;2388.2100;9048.2200;47.8400;520.4200;2388.1500;8126.0400;8.4733;394.0000;0.2080;1;WO325643;17626.02
03-Jul-2026;ENG-097;94;2026-01-04 22:00:00;642.6200;1586.4900;1410.9000;554.5100;2388.0800;9058.0200;47.4500;521.4600;2388.0600;8151.7300;8.3951;393.0000;0.9760;0;WO256840;2,598.75
2026/07/03;ENG-040;132;2026-01-06 12:00:00;643.0400;1591.8500;1421.3000;552.8000;2388.1800;9071.0900;47.9300;520.8600;2388.1900;8146.4400;8.4741;394.0000;0.2320;1;WO800774;4,986.47
2026/07/03;ENG-057;135;2026-01-06 15:00:00;642.7100;1589.1600;1404.5800;553.7800;2388.0800;9055.7400;47.6500;521.3400;2388.1700;8132.7500;8.4099;392.0000;1.0000;0;WO499396;1,009.57
2026/07/03;  ENG-092 ;150;2026-01-07 06:00:00;644.0300;1597.0600;1414.0700;550.8800;2388.2300;9049.2500;47.9800;520.1700;2388.1900;8122.8900;8.4804;394.0000;;1;WO329936;18,554.92
2026-07-03;ENG-062;212;2026-01-09 20:00:00;642.4400;1594.1600;1408.7900;553.6800;2388.0900;9081.1400;47.4900;522.2500;2388.0100;8157.7500;8.4537;393.0000;0.5920;0;WO399073;1,759.15
2026-07-03;ENG-051;102;2026-01-05 06:00:00;642.9000;1589.3000;1404.4600;554.3700;2388.1100;9047.7900;47.4600;521.3600;2388.0800;8125.4100;8.4202;392.0000;;0;WO425545;2004.77
2026/07/03;  ENG-079 ;88;2026-01-04 16:00:00;642.9300;1585.2700;1410.2400;553.3900;2388.0700;9044.9200;47.5600;521.4700;2388.0700;8133.6800;8.4288;393.0000;;0;WO949539;2689.44
03-Jul-2026;ENG-087;47;2026-01-02 23:00:00;642.2400;1582.9200;1400.8900;554.4700;2388.0200;9058.2100;47.4200;522.1000;2388.0800;8141.5400;8.3898;392.0000;1.0000;0;WO783481;1,761.53
2026/07/03;ENG-005;80;2026-01-04 08:00:00;642.7500;1596.8600;1403.0700;553.4200;2388.1400;9050.3800;47.4700;522.1700;2388.0600;8131.3500;8.4119;394.0000;0.8720;0;WO752836;1,427.38
2026-07-03;ENG-036;98;2026-01-05 02:00:00;642.9000;1596.6000;1417.7500;553.1900;2388.1600;9064.0800;47.7300;520.3800;2388.1100;8138.7500;8.4900;393.0000;0.3760;0;WO832721;840.80
2026/07/03;ENG-068;140;2026-01-06 20:00:00;642.9100;1585.7400;1406.1800;553.0400;2388.1000;9063.4500;47.6700;520.8400;2388.0800;8143.6900;8.4514;393.0000;0.4400;0;WO126317;1243.68
2026-07-03;ENG-058;141;2026-01-06 21:00:00;642.9700;1581.9600;1405.6400;553.1400;2388.1000;9051.0800;47.3600;521.0100;2388.0800;8133.3900;8.4304;395.0000;0.5760;0;WO143888;2,795.51
2026-07-03;ENG-056;92;2026-01-04 20:00:00;643.1500;1591.1500;1417.0300;553.4500;2388.1100;9047.2200;47.7700;521.1600;2388.2500;8125.3300;8.4688;394.0000;0.4720;0;WO693113;2,572.57
2026-07-03;ENG-012;179;2026-01-08 11:00:00;642.2900;1589.2700;1396.5300;553.4600;2388.0100;9066.1500;47.4100;522.2200;2388.0000;8140.4400;8.4121;393.0000;1.0000;0;WO215007;1790.03
2026/07/03;ENG-003;106;2026-01-05 10:00:00;643.2100;1589.9800;1414.6000;552.8500;2388.1100;9038.0600;47.7500;521.1000;2388.1000;8128.3700;8.4485;393.0000;0.7120;0;WO255799;433.87
2026-07-03;ENG-084;172;2026-01-08 04:00:00;643.3900;1588.7000;1412.7300;552.4700;2388.1600;9050.5700;47.6000;520.8800;2388.2200;8130.6100;8.4791;395.0000;0.4640;0;WO678210;1505.36
03-Jul-2026;ENG-079;99;2026-01-05 03:00:00;642.3700;1593.4600;1404.7000;553.4800;2388.0600;9040.9700;47.4600;521.7100;2388.0500;8128.8200;8.4293;391.0000;0.5200;0;WO858473;2161.40
03-Jul-2026;  ENG-020 ;132;2026-01-06 12:00:00;642.8800;1597.2800;1413.0200;553.5600;2388.0600;9060.9500;47.6500;521.1100;2388.0500;8146.3300;8.4417;390.0000;;0;WO942466;1770.88
2026-07-03;ENG-094;109;2026-01-05 13:00:00;643.2400;1591.0900;1409.2200;552.8000;2388.1400;9056.3700;47.6500;521.2900;2388.1100;8136.5500;8.4701;394.0000;0.6320;0;WO903504;2,958.27
2026/07/03;ENG-048;73;2026-01-04 01:00:00;642.4600;1588.5100;1413.5400;553.5800;2388.1200;9057.6500;47.4500;521.3700;2388.0800;8134.6300;8.4399;392.0000;0.7760;0;WO520674;1072.82
2026-07-03;ENG-022;38;2026-01-02 14:00:00;642.6700;1592.0300;1405.0800;553.7100;2388.1000;9043.8700;47.5300;521.4900;2388.1000;8126.7000;8.4364;392.0000;0.8960;0;WO620255;2,335.83
2026-07-03;ENG-076;186;2026-01-08 18:00:00;643.1700;1597.6200;1418.6000;552.2000;2388.1100;9092.5700;47.8200;520.8000;2388.1500;8164.9200;8.4529;395.0000;0.2320;1;WO111489;
2026-07-03;ENG-016;107;2026-01-05 11:00:00;642.2200;1589.8200;1399.7000;554.2300;2388.0100;9065.0000;47.3700;522.1400;2388.0000;8146.9400;8.3991;392.0000;0.7200;0;WO168270;1,557.60
03-Jul-2026;ENG-013;173;2026-01-08 05:00:00;642.9000;1588.9700;1407.2900;553.8300;2388.0500;9057.6400;47.5000;521.8200;2388.0500;8140.5600;8.4614;394.0000;0.9360;0;WO961325;2527.43
2026/07/03;eng-049;207;2026-01-09 15:00:00;642.7100;1590.2600;1407.8400;553.9900;2388.0800;9065.7400;47.6100;522.4400;2388.0400;8142.0600;8.4507;392.0000;0.9360;0;WO979745;137.39
03-Jul-2026;ENG-034;182;2026-01-08 14:00:00;642.8800;1592.5400;1417.0100;552.8000;2388.1800;9057.0100;47.7400;521.1500;2388.2100;8136.0900;8.4488;394.0000;0.2240;1;WO193359;13720.07
2026/07/03;ENG-056;118;2026-01-05 22:00:00;643.0900;1592.5400;1415.3600;552.6700;2388.2100;9038.8300;47.8600;520.0000;2388.2300;8121.0700;8.4656;395.0000;0.2640;0;WO437172;2293.56
03-Jul-2026;ENG-056;94;2026-01-04 22:00:00;642.9500;1594.4000;1421.8700;553.0800;2388.1700;9044.8500;47.7600;520.9800;2388.2000;8125.0500;8.4611;395.0000;0.4560;0;WO967691;2194.80
03-Jul-2026;  ENG-010 ;168;2026-01-08 00:00:00;643.2200;1580.8600;1400.9500;553.0800;2388.0300;9056.8800;47.4800;521.7100;2388.0600;8141.0600;8.4292;392.0000;0.9600;0;WO240448;582.64
2026-07-03;ENG-014;34;2026-01-02 10:00:00;642.9100;1590.2300;1410.8800;552.7500;2388.1700;9041.8500;47.5100;520.8300;2388.1200;8114.5900;8.4145;393.0000;0.9520;0;WO645654;1,317.45
2026-07-03;ENG-066;134;2026-01-06 14:00:00;643.2200;1605.4800;1415.1700;552.7100;2388.1200;9108.8900;47.7000;520.8900;2388.1100;8173.8200;8.4837;397.0000;0.2160;1;WO312812;18672.62
03-Jul-2026;ENG-053;132;2026-01-06 12:00:00;642.9600;1589.5400;1406.4200;552.8500;2388.0300;9076.0500;47.4200;521.4000;2388.0900;8153.9800;8.4591;392.0000;0.4640;0;WO453411;1523.60
2026/07/03;ENG-001;26;2026-01-02 02:00:00;642.4800;1583.2800;1408.0700;554.5900;2388.0800;9053.4300;47.3300;521.9500;2388.0700;8129.1200;8.3949;391.0000;0.9360;0;WO693496;730.01
2026-07-03;ENG-006;83;2026-01-04 11:00:00;642.9400;1589.3600;1412.8800;553.4000;2388.1400;9051.9400;47.4700;521.1200;2388.1400;8131.0600;8.3982;394.0000;0.9200;0;WO926681;2417.99
03-Jul-2026;ENG-086;76;2026-01-04 04:00:00;642.5000;1588.1500;1414.8900;554.1300;2388.0400;9061.7700;47.3500;521.2400;2388.0800;8148.4100;8.4000;393.0000;0.9840;0;WO185308;2,051.69
2026-07-03;  ENG-092 ;135;2026-01-06 15:00:00;643.1600;1584.3400;1422.7000;552.5500;2388.1600;9043.7500;47.9000;520.9700;2388.1700;8117.9600;8.4844;395.0000;0.2800;0;WO689494;858.51
2026-07-03;ENG-089;157;2026-01-07 13:00:00;642.4900;1593.2500;1405.7500;553.9500;2388.0900;9050.5300;47.4900;521.8200;2388.1600;8130.6300;8.4421;393.0000;1.0000;0;WO174506;1,965.79
2026-07-03;ENG-049;243;2026-01-11 03:00:00;643.0200;1591.6600;1408.0000;553.6200;2388.0800;9059.2400;47.5800;521.0100;2388.1000;8132.5500;8.4259;393.0000;0.6480;0;WO922609;2,314.26
03-Jul-2026;ENG-078;54;2026-01-03 06:00:00;641.6900;1589.5400;1396.4000;554.2600;2388.0200;9062.7800;47.1000;522.5600;2388.0400;8146.3800;8.3468;392.0000;1.0000;0;WO750018;
2026/07/03;ENG-056;127;2026-01-06 07:00:00;643.5000;1597.1400;1412.4200;552.0600;2388.2500;9045.3900;48.1800;520.7300;2388.2700;8117.9900;8.4813;394.0000;0.1920;1;WO392625;12,039.59
2026/07/03;eng-042;124;2026-01-06 04:00:00;642.9000;1588.1000;1407.7400;552.4400;2388.1300;9039.0800;47.4700;521.2500;2388.1400;8122.7200;8.4044;393.0000;0.3360;0;WO755205;1,013.89
2026/07/03;ENG-098;89;2026-01-04 17:00:00;642.6500;1585.0300;1411.5000;553.2400;2388.1000;9061.5700;47.6500;521.5400;2388.0600;8140.6100;8.4161;393.0000;0.7280;0;WO354589;2756.26
2026-07-03;ENG-008;151;2026-01-07 07:00:00;642.4300;1589.0000;1412.3400;553.2300;2388.0700;9053.7200;47.5900;521.2300;2388.1600;8131.9400;8.4370;394.0000;0.8800;0;WO535354;
2026/07/03;ENG-043;159;2026-01-07 15:00:00;643.0300;1588.7500;1412.9700;552.7800;2388.1600;9055.6200;47.5100;521.3100;2388.1000;8135.4200;8.4238;394.0000;0.5760;0;WO513773;301.15
03-Jul-2026;ENG-034;197;2026-01-09 05:00:00;643.7700;1593.2400;1420.5400;552.0700;2388.2800;9044.9200;48.0200;520.2100;2388.1900;8117.6400;8.4947;396.0000;0.1040;1;WO353968;18008.50
03-Jul-2026;ENG-091;217;2026-01-10 01:00:00;643.3100;1598.0600;1411.5900;552.8100;2388.2300;9059.5900;47.8400;520.4600;2388.1900;8125.7100;8.4595;394.0000;0.4400;0;WO756745;1150.36
03-Jul-2026;eng-050;51;2026-01-03 03:00:00;642.7800;1583.5700;1398.5900;553.6300;2388.0100;9062.3700;47.2900;521.9600;2388.0400;8146.1100;8.4256;392.0000;0.8160;0;WO958776;764.74
03-Jul-2026;ENG-037;120;2026-01-06 00:00:00;642.9900;1581.0100;1410.4300;553.2200;2388.2100;9036.0900;47.7700;521.0900;2388.1900;8117.7600;8.4574;393.0000;0.1760;1;WO298066;7994.28
2026/07/03;ENG-049;295;2026-01-13 07:00:00;643.5800;1590.7400;1423.3800;551.6000;2388.1700;9053.1900;47.8200;520.0700;2388.2200;8135.9900;8.4806;397.0000;0.2320;1;WO244931;16,039.94
2026/07/03;ENG-080;133;2026-01-06 13:00:00;642.6400;1591.4100;1407.1500;552.6300;2388.1100;9069.7000;47.5700;521.0500;2388.0200;8142.8900;8.4671;393.0000;0.7200;0;WO928727;2805.80
2026/07/03;ENG-084;122;2026-01-06 02:00:00;642.9000;1596.7700;1403.1400;553.5900;2388.0800;9049.4200;47.6100;521.4600;2388.1100;8131.3300;8.4272;393.0000;0.8640;0;WO660088;850.30
03-Jul-2026;ENG-081;156;2026-01-07 12:00:00;642.5400;1596.9300;1407.1100;552.9600;2388.0700;9071.6600;47.6000;521.1300;2388.1300;8144.0400;8.4534;396.0000;0.5200;0;WO843104;1,056.79
2026-07-03;ENG-090;119;2026-01-05 23:00:00;642.9300;1591.7900;1413.0300;552.7300;2388.1100;9076.6500;47.5300;521.1000;2388.1300;8146.5500;8.4240;395.0000;0.4400;0;WO426498;739.24
2026-07-03;ENG-030;125;2026-01-06 05:00:00;643.0200;1592.8200;1411.3300;552.6600;2388.1100;9050.8300;47.5000;521.3600;2388.1700;8118.4000;8.4247;393.0000;1.0000;0;WO941788;1,826.13
2026-07-03;  ENG-013 ;136;2026-01-06 16:00:00;642.2900;1594.5200;1403.0300;554.5800;2388.0300;9059.7200;47.2800;521.6800;2388.0000;8142.8900;8.4424;391.0000;1.0000;0;WO810228;1634.72
2026-07-03;  ENG-093 ;197;2026-01-09 05:00:00;642.6900;1585.7400;1420.4800;552.8900;2388.1400;9069.7900;47.8000;521.1300;2388.1400;8140.7700;8.4558;393.0000;1.0000;0;WO305582;
03-Jul-2026;ENG-059;80;2026-01-04 08:00:00;641.8100;1585.2000;1392.6000;553.7600;2388.0200;9053.4800;47.3400;521.9100;2388.0400;8133.9700;8.4114;391.0000;1.0000;0;WO827736;1,562.30
03-Jul-2026;ENG-087;41;2026-01-02 17:00:00;642.6300;1583.8600;1400.1100;553.7800;2388.0100;9073.6400;47.1300;522.1700;2388.0400;8146.3300;8.4258;391.0000;1.0000;0;WO979157;209.93
2026/07/03;  ENG-008 ;139;2026-01-06 19:00:00;642.4900;1593.3700;1410.5100;553.0600;2388.1200;9040.2700;47.5200;521.1100;2388.1200;8123.0500;8.4518;393.0000;0.9760;0;WO615939;2965.07
2026/07/03;  ENG-041 ;117;2026-01-05 21:00:00;642.5600;1590.5900;1421.0700;552.8500;2388.1900;9034.9000;47.7100;521.0800;2388.1800;8120.1800;8.4485;393.0000;0.1920;1;WO982628;21906.77
03-Jul-2026;ENG-029;115;2026-01-05 19:00:00;642.8000;1589.2400;1401.1700;553.7700;2388.0600;9055.1000;47.4700;521.9000;2388.0200;8141.7900;8.4297;392.0000;1.0000;0;WO531764;1,356.37
03-Jul-2026;ENG-093;226;2026-01-10 10:00:00;643.1300;1589.4600;1415.7500;552.5600;2388.1200;9076.8200;47.6600;520.3900;2388.1300;8146.5000;8.5025;395.0000;0.8240;0;WO413127;1,701.66
2026-07-03;ENG-034;163;2026-01-07 19:00:00;642.8100;1599.8600;1404.9900;553.2700;2388.1000;9064.6800;47.5200;521.3100;2388.0900;8138.4300;8.4377;394.0000;0.3760;0;WO894742;666.66
2026-07-03;ENG-023;108;2026-01-05 12:00:00;642.6800;1573.2300;1398.9000;554.8300;2388.0400;9045.2800;47.2200;522.2900;2388.0200;8132.9400;8.4042;392.0000;1.0000;0;WO202138;2978.01
2026/07/03;ENG-036;103;2026-01-05 07:00:00;643.1600;1594.7900;1416.8600;551.8500;2388.1500;9068.1000;47.7700;520.5900;2388.1800;8133.9700;8.4750;395.0000;0.3360;0;WO645827;919.31
2026-07-03;ENG-056;95;2026-01-04 23:00:00;643.0000;1584.4700;1418.1000;552.0200;2388.1900;9040.3000;47.9000;520.8500;2388.1800;8125.1500;8.4437;393.0000;0.4480;0;WO959822;504.81
03-Jul-2026;ENG-093;229;2026-01-10 13:00:00;642.8100;1589.5600;1415.0200;552.3300;2388.1200;9074.8200;47.5500;520.4600;2388.1100;8152.0300;8.4238;394.0000;0.8000;0;WO514845;721.84
03-Jul-2026;ENG-073;89;2026-01-04 17:00:00;642.4300;1588.4600;1400.6700;554.0500;2388.0800;9056.2600;47.2800;522.3700;2388.0400;8138.9100;8.3833;393.0000;1.0000;0;WO347452;1476.56
2026/07/03;ENG-018;121;2026-01-06 01:00:00;643.2100;1599.2800;1404.9200;552.9800;2388.1200;9062.0000;47.6200;521.1700;2388.1200;8138.8400;8.4279;393.0000;0.3200;0;WO535240;914.46
2026/07/03;eng-013;142;2026-01-06 22:00:00;642.2000;1584.7600;1397.1700;554.2400;2388.0700;9060.8400;47.3900;522.0600;2388.0700;8144.0200;8.4288;391.0000;1.0000;0;WO366286;
2026/07/03;ENG-081;204;2026-01-09 12:00:00;643.8100;1607.1600;1419.7300;552.1900;2388.2300;9078.4900;47.9700;520.6100;2388.1700;8154.9400;8.4440;396.0000;0.1360;1;WO821440;3332.48
2026/07/03;ENG-061;140;2026-01-06 20:00:00;642.7300;1594.3600;1408.0400;552.7200;2388.0900;9069.4900;47.7000;521.5700;2388.0700;8143.8300;8.4008;393.0000;0.3200;0;WO721488;2362.02
03-Jul-2026;ENG-097;129;2026-01-06 09:00:00;642.1600;1591.2300;1408.9800;553.7100;2388.0400;9074.9700;47.3200;522.0400;2388.0800;8152.7800;8.4779;392.0000;0.6960;0;WO242683;854.16
03-Jul-2026;ENG-092;125;2026-01-06 05:00:00;643.0600;1594.2300;1409.4900;552.7500;2388.1600;9051.4000;47.6500;520.4600;2388.1800;8125.3600;8.4825;394.0000;0.3600;0;WO932310;1932.11
2026-07-03;  ENG-084 ;135;2026-01-06 15:00:00;642.6300;1589.9800;1407.7200;553.4200;2388.1300;9051.4900;47.5800;521.4700;2388.1200;8135.5500;8.4404;394.0000;0.7600;0;WO577934;1956.14
03-Jul-2026;ENG-049;249;2026-01-11 09:00:00;643.0000;1591.7000;1415.6400;553.0200;2388.1400;9057.0000;47.5400;521.1700;2388.1000;8139.2500;8.3827;393.0000;0.6000;0;WO190688;1,849.84
03-Jul-2026;ENG-062;197;2026-01-09 05:00:00;642.1600;1585.1700;1410.8800;553.8100;2388.0000;9082.0200;47.4600;521.6500;2388.0300;8153.5600;8.4130;392.0000;0.7120;0;WO898754;1,478.68
03-Jul-2026;ENG-051;112;2026-01-05 16:00:00;642.5100;1589.0600;1406.8200;553.5700;2388.0600;9047.5300;47.4600;521.6100;2388.1000;8135.3000;8.4260;393.0000;1.0000;0;WO583238;1569.12
2026-07-03;ENG-076;172;2026-01-08 04:00:00;643.1200;1594.2900;1414.9200;552.2300;2388.1100;9091.3700;47.6500;521.2600;2388.1000;8163.0700;8.4535;393.0000;0.3440;0;WO944733;228.04
03-Jul-2026;eng-099;78;2026-01-04 06:00:00;641.9800;1585.1900;1394.7700;554.5800;2387.9600;9057.1500;47.2200;522.4000;2387.9900;8143.5500;8.4274;390.0000;1.0000;0;WO351190;2308.16
03-Jul-2026;eng-034;181;2026-01-08 13:00:00;643.2800;1596.1600;1416.2300;552.6000;2388.1700;9050.6200;47.6200;520.4800;2388.1200;8131.5500;8.4636;395.0000;0.2320;1;WO666621;3128.22
03-Jul-2026;  ENG-035 ;141;2026-01-06 21:00:00;642.5400;1590.7200;1413.6400;553.3000;2388.1500;9064.2600;47.7200;521.7300;2388.1300;8139.4900;8.4536;393.0000;0.5440;0;WO608963;499.01
2026-07-03;ENG-074;99;2026-01-05 03:00:00;642.2300;1592.3000;1404.3300;554.0600;2388.0900;9064.0200;47.2600;521.7700;2388.0600;8139.7300;8.4218;393.0000;1.0000;0;WO572279;
2026/07/03;ENG-020;134;2026-01-06 14:00:00;643.0200;1591.5600;1412.8100;553.1600;2388.0700;9062.0100;47.5700;520.9300;2388.1100;8141.1500;8.4593;393.0000;0.5280;0;WO315527;2,206.95
2026-07-03;ENG-028;130;2026-01-06 10:00:00;642.7400;1591.1100;1408.1200;553.2100;2388.1400;9055.2300;47.6700;521.8200;2388.0700;8135.7400;8.4034;392.0000;1.0000;0;WO626086;
03-Jul-2026;ENG-070;142;2026-01-06 22:00:00;642.9900;1595.0800;1409.6400;552.8900;2388.1200;9057.2400;47.6700;521.4300;2388.1200;8137.0600;8.4760;393.0000;0.8320;0;WO627714;967.36
2026/07/03;ENG-089;156;2026-01-07 12:00:00;642.6000;1587.8800;1411.6600;553.1100;2388.1100;9050.6500;47.2600;521.5100;2388.1100;8134.0100;8.4184;393.0000;1.0000;0;WO720466;2755.53
2026/07/03;ENG-013;135;2026-01-06 15:00:00;641.8800;1579.9700;1403.0400;553.7400;2388.0600;9063.8900;47.3200;521.9500;2388.0000;8139.2900;8.4133;391.0000;1.0000;0;WO864210;2675.53
03-Jul-2026;  ENG-066 ;105;2026-01-05 09:00:00;642.8900;1588.0500;1405.1300;552.4700;2388.0800;9076.1500;47.5200;520.6900;2388.1000;8158.8300;8.4166;395.0000;0.4480;0;WO563281;2,040.95
2026/07/03;ENG-099;85;2026-01-04 13:00:00;641.6200;1584.6200;1400.8400;554.3400;2388.0100;9064.6200;47.3000;522.5200;2388.0200;8148.3600;8.3969;390.0000;1.0000;0;WO286688;397.26
2026/07/03;ENG-074;122;2026-01-06 02:00:00;642.4300;1583.4400;1408.5000;553.3900;2388.1000;9052.6600;47.5100;521.4700;2388.0900;8134.9900;8.4209;394.0000;1.0000;0;WO482107;2195.33
03-Jul-2026;ENG-016;91;2026-01-04 19:00:00;642.8700;1577.4600;1402.8400;554.4600;2387.9900;9064.2200;47.3600;522.0000;2388.0400;8138.0100;8.4088;394.0000;0.8480;0;WO583359;2,777.92
2026-07-03;ENG-036;101;2026-01-05 05:00:00;643.0400;1598.1000;1409.1400;552.0700;2388.1400;9062.5200;47.5200;520.4700;2388.1500;8136.5600;8.4793;393.0000;;0;WO676316;2,720.56
03-Jul-2026;ENG-037;115;2026-01-05 19:00:00;642.6600;1591.4600;1411.9700;552.6400;2388.1900;9038.8600;47.6300;520.9400;2388.1400;8121.6700;8.4847;395.0000;0.2160;1;WO928702;11606.00
2026-07-03;ENG-082;154;2026-01-07 10:00:00;643.3700;1589.0900;1418.1400;551.8200;2388.2000;9054.3500;47.8800;520.7300;2388.2200;8130.7700;8.4727;393.0000;0.1360;1;WO535904;22303.39
03-Jul-2026;eng-064;154;2026-01-07 10:00:00;643.4100;1589.7000;1410.1500;552.6100;2388.1500;9054.9000;47.6600;521.1000;2388.1900;8132.2800;8.4399;393.0000;0.3360;0;WO330978;860.23
2026/07/03;ENG-016;95;2026-01-04 23:00:00;642.2700;1583.2300;1402.1300;554.3500;2388.0700;9054.8600;47.3300;522.3400;2388.0700;8142.0800;8.4164;390.0000;0.8160;0;WO649476;2257.63
2026/07/03;ENG-056;101;2026-01-05 05:00:00;642.6000;1588.7600;1410.3000;552.6600;2388.1900;9050.8500;47.7300;520.9700;2388.2300;8130.3300;8.4803;394.0000;0.4000;0;WO841661;2073.27
2026-07-03;ENG-094;127;2026-01-06 07:00:00;642.6700;1590.5000;1411.6400;553.2200;2388.1300;9059.3700;47.7000;521.4400;2388.1500;8133.3300;8.4691;394.0000;0.4880;0;WO158759;810.32
03-Jul-2026;ENG-023;105;2026-01-05 09:00:00;642.6500;1586.5300;1400.7100;554.8500;2388.0100;9043.2300;47.3000;522.4600;2388.0200;8139.0100;8.4205;391.0000;1.0000;0;WO606978;2,873.93
2026/07/03;ENG-032;113;2026-01-05 17:00:00;642.2100;1591.5100;1400.2600;554.6500;2388.0100;9076.5000;47.3400;522.3500;2388.0200;8157.9600;8.4201;393.0000;0.6400;0;WO613704;
03-Jul-2026;ENG-059;64;2026-01-03 16:00:00;642.4300;1578.6500;1398.0400;554.1100;2388.0300;9057.3700;47.3400;522.3200;2388.0000;8141.3400;8.3888;391.0000;1.0000;0;WO526416;2875.60
03-Jul-2026;ENG-034;138;2026-01-06 18:00:00;642.9700;1586.7900;1412.9800;554.3000;2388.0900;9063.4200;47.2500;521.0800;2388.0700;8143.9800;8.4377;392.0000;0.5760;0;WO717673;
03-Jul-2026;  ENG-063 ;129;2026-01-06 09:00:00;642.5300;1588.0500;1411.2200;552.7500;2388.1700;9054.3900;47.6200;520.9600;2388.1100;8128.6900;8.4517;393.0000;0.7840;0;WO743948;2548.54
2026-07-03;eng-044;54;2026-01-03 06:00:00;642.4900;1582.3000;1415.2900;552.9700;2388.1300;9057.7700;47.5200;521.7300;2388.1000;8131.4400;8.4391;392.0000;0.8720;0;WO647363;1480.22
03-Jul-2026;ENG-100;158;2026-01-07 14:00:00;642.5700;1584.4300;1408.3300;553.6100;2388.0100;9097.6300;47.4600;521.6200;2388.0000;8160.8700;8.4247;393.0000;0.4800;0;WO442692;683.92
03-Jul-2026;ENG-035;147;2026-01-07 03:00:00;642.9400;1597.3200;1414.9100;552.3500;2388.1900;9061.2900;47.6700;520.4500;2388.1500;8140.9600;8.4600;394.0000;0.4960;0;WO858382;809.42
2026-07-03;ENG-011;58;2026-01-03 10:00:00;642.8900;1588.4800;1411.5700;552.7900;2388.1500;9037.3400;47.5100;521.5100;2388.1600;8119.4800;8.4500;391.0000;0.9760;0;WO353191;
2026/07/03;ENG-027;121;2026-01-06 01:00:00;642.5600;1590.4300;1405.5500;553.5100;2388.0800;9062.1800;47.5800;521.7900;2388.0100;8133.3400;8.3956;392.0000;0.6800;0;WO571809;1,480.18
2026/07/03;ENG-017;116;2026-01-05 20:00:00;642.9200;1588.8800;1399.5000;553.7100;2388.0700;9085.6200;47.4200;521.9500;2388.0200;8159.2300;8.4049;393.0000;0.7920;0;WO254303;151.97
2026-07-03;  ENG-061 ;132;2026-01-06 12:00:00;642.7200;1593.6200;1415.7600;553.5800;2388.1000;9066.6100;47.4400;521.4500;2388.0600;8147.8800;8.4331;393.0000;0.3840;0;WO233060;2,844.80
2026/07/03;ENG-095;77;2026-01-04 05:00:00;642.0900;1585.2100;1402.7800;553.5600;2388.0600;9049.7600;47.5000;521.9900;2388.1200;8129.0100;8.4238;392.0000;1.0000;0;WO963723;709.87
03-Jul-2026;ENG-010;161;2026-01-07 17:00:00;642.4400;1589.0400;1400.4500;553.9500;2388.0600;9054.5600;47.4300;521.6200;2388.0900;8147.1500;8.4396;392.0000;1.0000;0;WO532245;1,073.12
2026-07-03;ENG-010;167;2026-01-07 23:00:00;642.4400;1588.5300;1400.1100;554.6100;2388.1000;9070.7300;47.4900;521.9500;2388.0200;8146.8900;8.4298;392.0000;0.9680;0;WO925715;2447.97
2026-07-03;ENG-086;93;2026-01-04 21:00:00;642.7100;1582.9600;1401.5700;553.3900;2388.0400;9063.8900;47.5000;521.8100;2388.0300;8143.4800;8.4214;394.0000;0.8480;0;WO788704;2881.43
2026/07/03;ENG-088;48;2026-01-03 00:00:00;643.0200;1590.1500;1414.7800;553.1300;2388.1100;9042.4200;47.5400;521.3200;2388.1500;8126.0600;8.4457;394.0000;1.0000;0;WO630340;612.89
2026-07-03;ENG-068;187;2026-01-08 19:00:00;643.2100;1602.0700;1427.2500;552.0000;2388.2000;9086.5900;48.0400;520.4700;2388.2200;8160.3200;8.4867;396.0000;0.0640;1;WO320356;3005.95
2026/07/03;ENG-045;124;2026-01-06 04:00:00;643.0800;1596.8900;1412.3900;553.9500;2388.1400;9058.4600;47.5400;520.8500;2388.1300;8138.6900;8.4217;393.0000;1.0000;0;WO786894;1874.58
2026/07/03;ENG-066;135;2026-01-06 15:00:00;643.1500;1595.5200;1410.2800;552.7500;2388.1300;9110.2900;47.6500;520.5900;2388.1300;8182.9400;8.4732;394.0000;0.2080;1;WO658100;7,853.56
2026/07/03;ENG-100;173;2026-01-08 05:00:00;642.5600;1591.4900;1405.7500;553.6600;2388.0500;9110.2100;47.4700;521.8200;2388.0400;8182.1700;8.4615;393.0000;0.3600;0;WO948929;1112.59
2026/07/03;ENG-031;149;2026-01-07 05:00:00;643.1900;1593.3900;1410.1000;553.4700;2388.1300;9071.0600;47.6100;521.6400;2388.0500;8154.0200;8.4832;393.0000;0.4400;0;WO396289;527.09
03-Jul-2026;ENG-094;110;2026-01-05 14:00:00;642.7300;1594.0500;1414.8700;552.6000;2388.0200;9056.3000;47.7300;520.8600;2388.1900;8136.2900;8.4629;393.0000;0.6240;0;WO202977;1,398.94
03-Jul-2026;ENG-052;150;2026-01-07 06:00:00;642.8800;1580.4900;1407.4900;554.1900;2387.9700;9077.7500;47.3700;522.2600;2388.0400;8159.7600;8.4429;392.0000;0.5440;0;WO725125;304.93
2026-07-03;ENG-023;113;2026-01-05 17:00:00;642.1100;1582.9800;1400.1600;554.8500;2388.0500;9050.9200;47.1800;521.6800;2388.0500;8133.2800;8.3981;393.0000;1.0000;0;WO628842;1968.27
2026-07-03;ENG-033;50;2026-01-03 02:00:00;642.4200;1579.3600;1416.5300;553.5600;2388.1400;9059.5600;47.6100;520.9500;2388.1100;8134.2700;8.4463;392.0000;0.8480;0;WO870283;235.30
03-Jul-2026;ENG-045;145;2026-01-07 01:00:00;642.8800;1588.4900;1415.3800;553.5800;2388.1200;9067.4500;47.4000;521.1800;2388.0900;8135.4200;8.4346;394.0000;0.9680;0;WO356506;860.31
2026/07/03;ENG-057;124;2026-01-06 04:00:00;642.5700;1588.6100;1409.1700;552.6200;2388.1200;9052.2500;47.4500;521.5200;2388.1400;8131.2800;8.4100;393.0000;1.0000;0;WO257142;2,709.08
2026/07/03;  ENG-092 ;126;2026-01-06 06:00:00;643.1800;1595.0200;1418.3000;552.1900;2388.1500;9043.8800;47.7600;520.7400;2388.1400;8123.4400;8.4487;394.0000;0.3520;0;WO825203;712.47
03-Jul-2026;eng-063;105;2026-01-05 09:00:00;642.8400;1589.7600;1416.2200;552.9600;2388.1000;9045.7100;47.5000;521.5700;2388.1300;8126.9000;8.4122;393.0000;0.9760;0;WO746252;765.78
2026-07-03;ENG-005;74;2026-01-04 02:00:00;643.0300;1591.8100;1416.1000;553.2200;2388.1600;9058.1400;47.7600;521.4000;2388.1500;8137.4000;8.4450;393.0000;0.9200;0;WO984529;
2026/07/03;ENG-051;144;2026-01-07 00:00:00;642.5600;1585.0800;1406.6000;553.5800;2388.1000;9053.3700;47.5000;521.2500;2388.1200;8127.6100;8.4577;394.0000;0.9120;0;WO548804;2288.01
2026-07-03;ENG-008;154;2026-01-07 10:00:00;642.5700;1585.7600;1410.2000;552.7700;2388.1800;9047.8300;47.6000;521.2200;2388.1500;8127.3600;8.4332;393.0000;0.8560;0;WO374038;1238.42
2026/07/03;ENG-049;278;2026-01-12 14:00:00;643.0600;1591.3900;1416.7400;552.6500;2388.1800;9046.6200;47.7100;520.8000;2388.1900;8133.1500;8.4444;393.0000;0.3680;0;WO193041;429.83
03-Jul-2026;ENG-045;143;2026-01-06 23:00:00;642.6300;1593.7500;1410.5800;552.9600;2388.0500;9061.1100;47.5900;521.4000;2388.0700;8143.3200;8.4367;393.0000;;0;WO127028;1114.25
2026/07/03;ENG-075;75;2026-01-04 03:00:00;642.5000;1585.8500;1404.7700;554.3100;2388.0700;9059.2600;47.4200;521.4100;2388.0800;8146.2200;8.4106;393.0000;1.0000;0;WO694407;1134.84
2026-07-03;ENG-096;73;2026-01-04 01:00:00;642.1000;1580.9700;1403.6700;554.2900;2388.0000;9064.5100;47.0700;522.7100;2388.0200;8149.3500;8.4212;392.0000;1.0000;0;WO935866;2285.51
2026/07/03;  ENG-061 ;130;2026-01-06 10:00:00;642.4800;1597.1300;1402.1400;554.1300;2388.0500;9069.3800;47.6400;521.5000;2388.1500;8143.0000;8.4298;393.0000;0.4000;0;WO213142;2,274.34
2026-07-03;ENG-053;135;2026-01-06 15:00:00;642.3900;1593.9300;1413.0600;553.4400;2388.1100;9081.1200;47.6300;521.8100;2388.0600;8149.5600;8.4384;393.0000;0.4400;0;WO719864;2,590.94
03-Jul-2026;eng-089;171;2026-01-08 03:00:00;643.0600;1594.9100;1405.8500;552.8000;2388.1000;9049.4900;47.5700;522.3100;2388.1600;8129.1500;8.4347;393.0000;1.0000;0;WO275382;1805.46
03-Jul-2026;ENG-046;127;2026-01-06 07:00:00;642.7300;1589.0700;1410.1400;552.8500;2388.0900;9075.9600;47.6500;521.1900;2388.0900;8151.7300;8.4810;392.0000;;0;WO685094;2519.65
2026-07-03;  ENG-064 ;140;2026-01-06 20:00:00;642.2500;1591.8600;1410.9800;553.3100;2388.1200;9056.9800;47.7400;521.1900;2388.1400;8136.7800;8.4931;394.0000;0.4480;0;WO785853;1,585.38
03-Jul-2026;ENG-011;80;2026-01-04 08:00:00;642.8400;1595.3900;1417.8500;552.7900;2388.2400;9033.5800;47.5800;520.4800;2388.1800;8117.8600;8.4600;391.0000;0.8000;0;WO332949;
2026/07/03;ENG-029;167;2026-01-07 23:00:00;642.7100;1593.3100;1409.5300;553.5700;2388.0800;9065.9500;47.5300;521.7500;2388.0800;8143.8400;8.3972;393.0000;0.7520;0;WO761570;588.99
2026-07-03;ENG-060;114;2026-01-05 18:00:00;642.1700;1592.8200;1406.8600;553.5400;2388.0600;9058.2500;47.4500;521.9300;2388.1300;8133.9800;8.4484;393.0000;1.0000;0;WO429276;2555.01
2026/07/03;ENG-064;163;2026-01-07 19:00:00;643.1600;1589.3600;1417.9900;552.6400;2388.1700;9060.5800;47.6500;520.3000;2388.1300;8138.3000;8.4809;394.0000;0.2640;0;WO513482;919.73
2026/07/03;ENG-049;289;2026-01-13 01:00:00;643.0700;1587.9200;1418.9000;552.0900;2388.2400;9052.8600;47.7600;520.2600;2388.2000;8129.8100;8.5240;394.0000;0.2800;0;WO494498;771.87
03-Jul-2026;ENG-027;111;2026-01-05 15:00:00;642.8200;1590.9200;1403.4800;554.5000;2388.0700;9044.6700;47.5000;522.1800;2388.0400;8129.1200;8.4264;391.0000;0.7600;0;WO940455;2048.63
2026/07/03;  ENG-045 ;148;2026-01-07 04:00:00;642.9500;1595.8100;1411.6700;552.7700;2388.1200;9063.8400;47.6000;521.2000;2388.0900;8143.1300;8.4590;394.0000;0.9440;0;WO901154;2,666.54
03-Jul-2026;ENG-083;54;2026-01-03 06:00:00;642.1100;1595.4400;1397.8700;554.6200;2388.0900;9066.3200;47.4500;521.7600;2388.0400;8139.2900;8.4316;392.0000;1.0000;0;WO988736;1016.68
2026-07-03;ENG-077;147;2026-01-07 03:00:00;642.9000;1596.8800;1406.4400;552.8900;2388.1600;9058.4000;47.7000;520.7400;2388.1400;8138.1900;8.4701;394.0000;0.3920;0;WO845896;2,652.85
2026/07/03;ENG-090;120;2026-01-06 00:00:00;642.4600;1592.1900;1409.2700;553.1400;2388.1100;9067.4100;47.5100;521.0000;2388.1200;8148.2600;8.4567;394.0000;0.4320;0;WO162662;138.35
2026/07/03;ENG-065;62;2026-01-03 14:00:00;642.4600;1594.1100;1390.1000;554.3400;2388.0200;9062.8500;47.2000;522.4800;2388.0300;8148.2600;8.4307;391.0000;1.0000;0;WO559821;1,127.28
2026/07/03;ENG-002;44;2026-01-02 20:00:00;642.7700;1591.7500;1411.0500;553.6200;2388.1200;9049.8400;47.6500;520.9600;2388.1300;8132.1800;8.4366;392.0000;0.8240;0;WO258729;503.06
2026/07/03;eng-076;176;2026-01-08 08:00:00;642.9700;1586.2800;1410.7800;553.2300;2388.0900;9085.6700;47.4200;520.9700;2388.1300;8158.0300;8.4857;393.0000;0.3120;0;WO567986;1,713.81
2026/07/03;ENG-031;154;2026-01-07 10:00:00;642.7600;1601.6700;1419.3500;552.6400;2388.1500;9077.2800;47.7300;521.5500;2388.1100;8151.4700;8.4859;395.0000;0.4000;0;WO926937;1251.80
2026/07/03;ENG-035;133;2026-01-06 13:00:00;643.1100;1593.5300;1417.9400;552.9300;2388.1300;9061.8800;47.8000;521.0100;2388.1900;8136.3000;8.4526;395.0000;0.6080;0;WO623497;974.55
03-Jul-2026;ENG-093;187;2026-01-08 19:00:00;642.7900;1590.7900;1408.4100;553.7000;2388.0900;9062.0400;47.6600;521.3300;2388.0600;8142.0300;8.4168;394.0000;1.0000;0;WO117269;2,907.73
2026/07/03;ENG-040;92;2026-01-04 20:00:00;642.7600;1589.7000;1414.1300;553.2300;2388.1600;9062.2500;47.7900;520.6700;2388.1500;8142.3200;8.4546;394.0000;0.5520;0;WO662719;991.64
03-Jul-2026;eng-066;133;2026-01-06 13:00:00;642.8800;1591.7000;1411.1200;553.0500;2388.1200;9097.7100;47.7900;521.1100;2388.0900;8181.5600;8.4561;394.0000;0.2240;1;WO116632;17437.88
03-Jul-2026;ENG-061;127;2026-01-06 07:00:00;642.4700;1589.1800;1411.5700;553.1400;2388.0900;9065.7700;47.5400;521.5200;2388.1200;8146.8300;8.4313;392.0000;0.4240;0;WO699308;1,581.01
2026/07/03;ENG-045;119;2026-01-05 23:00:00;642.0600;1595.0800;1405.4100;553.3200;2388.0800;9065.1200;47.4600;521.1000;2388.1200;8144.9800;8.4656;394.0000;1.0000;0;WO297367;1,264.58
03-Jul-2026;eng-092;113;2026-01-05 17:00:00;642.9700;1587.6900;1411.0700;553.2100;2388.1800;9046.2300;47.5700;520.7700;2388.1700;8124.4000;8.4170;393.0000;0.4560;0;WO303551;975.59
2026-07-03;ENG-052;171;2026-01-08 03:00:00;642.3100;1589.0700;1410.3600;553.3300;2388.0200;9087.3800;47.5700;521.3000;2388.0800;8163.1800;8.4455;393.0000;0.3760;0;WO851964;170.69
03-Jul-2026;  ENG-081 ;176;2026-01-08 08:00:00;643.1300;1587.8700;1412.8700;553.0000;2388.0700;9077.7700;47.6400;521.2700;2388.1000;8148.2100;8.4956;394.0000;0.3600;0;WO880352;1537.53
2026-07-03;ENG-081;206;2026-01-09 14:00:00;643.4500;1603.1500;1421.7100;551.9600;2388.2300;9080.8900;47.8000;519.6800;2388.2100;8154.9300;8.5205;394.0000;0.1200;1;WO284942;16,498.02
2026-07-03;  ENG-097 ;101;2026-01-05 05:00:00;642.7000;1586.4000;1403.4300;554.3100;2388.0300;9070.9800;47.2700;521.7900;2388.0300;8148.5300;8.3972;391.0000;0.9200;0;WO195132;2288.81
2026/07/03;ENG-089;176;2026-01-08 08:00:00;642.4900;1589.8700;1411.8300;553.4000;2388.0900;9052.7200;47.3500;521.3700;2388.1400;8134.5600;8.4463;394.0000;1.0000;0;WO215758;1,488.35
2026-07-03;eng-022;39;2026-01-02 15:00:00;642.5000;1583.4200;1410.1600;554.0400;2388.0900;9055.4100;47.3600;521.7700;2388.1100;8133.1200;8.4143;392.0000;0.8880;0;WO676076;1,484.34
2026/07/03;ENG-035;193;2026-01-09 01:00:00;643.5600;1599.8400;1426.3500;552.2400;2388.2300;9081.1700;47.9500;520.0500;2388.1900;8150.6500;8.5019;395.0000;0.1280;1;WO849328;14313.85
03-Jul-2026;ENG-064;119;2026-01-05 23:00:00;642.6600;1596.7400;1402.0300;553.7200;2388.1300;9060.6200;47.5000;521.1400;2388.0800;8138.8200;8.4572;395.0000;0.6160;0;WO971074;962.17
03-Jul-2026;ENG-082;141;2026-01-06 21:00:00;642.5900;1594.1400;1410.0500;552.6400;2388.2000;9052.0700;47.8000;520.5600;2388.1700;8133.3000;8.4671;393.0000;0.2400;1;WO578920;17,268.07
03-Jul-2026;ENG-029;171;2026-01-08 03:00:00;642.5300;1585.7200;1405.8800;553.2900;2388.0800;9074.1100;47.2600;521.5700;2388.0700;8147.2700;8.4202;393.0000;0.7200;0;WO587794;2355.53
2026/07/03;  ENG-047 ;52;2026-01-03 04:00:00;642.8200;1587.0900;1408.1900;553.4200;2388.1400;9034.3200;47.6400;521.1300;2388.1500;8118.5400;8.4663;392.0000;1.0000;0;WO103848;2879.71
2026-07-03;ENG-005;91;2026-01-04 19:00:00;642.6000;1593.1500;1402.7700;553.2100;2388.1300;9052.8800;47.5900;521.1300;2388.0600;8127.9500;8.4720;393.0000;0.7840;0;WO583619;1597.21
2026/07/03;eng-048;75;2026-01-04 03:00:00;642.0700;1591.2000;1408.4500;554.2200;2388.0800;9056.3200;47.5700;521.8400;2388.1200;8133.0200;8.4190;394.0000;0.7600;0;WO898854;1935.68
2026/07/03;ENG-027;131;2026-01-06 11:00:00;642.1600;1584.8100;1406.4400;553.7900;2388.0700;9052.7500;47.4100;521.6700;2388.1200;8130.3100;8.4169;393.0000;0.6000;0;WO771307;89.34
2026/07/03;ENG-053;152;2026-01-07 08:00:00;642.4900;1595.8200;1412.4700;552.9000;2388.0400;9097.3500;47.6800;521.3700;2388.0700;8169.0900;8.4937;395.0000;0.3040;0;WO354088;1,429.61
03-Jul-2026;ENG-057;120;2026-01-06 00:00:00;642.7400;1585.3300;1412.6200;554.5800;2388.0800;9049.3200;47.5700;521.5700;2388.1400;8134.6500;8.4390;392.0000;;0;WO736408;1024.84
2026-07-03;ENG-023;103;2026-01-05 07:00:00;642.1500;1585.7300;1399.1300;553.7600;2388.0800;9043.6200;47.1700;522.1500;2388.0600;8137.4700;8.3813;392.0000;1.0000;0;WO963818;673.19
2026/07/03;ENG-062;174;2026-01-08 06:00:00;642.0900;1585.4400;1410.8300;554.7000;2388.0200;9064.8800;47.2900;521.6900;2388.0300;8148.7900;8.4000;393.0000;0.8960;0;WO433200;1929.91
2026/07/03;  ENG-031 ;138;2026-01-06 18:00:00;642.3700;1591.0700;1406.3100;552.9800;2388.0900;9069.6900;47.4700;521.6000;2388.1000;8153.8100;8.4266;390.0000;0.5280;0;WO640438;1630.90
2026/07/03;ENG-029;120;2026-01-06 00:00:00;642.4900;1584.6700;1403.2500;553.7400;2388.0400;9062.9000;47.3000;522.0200;2388.0200;8147.6200;8.3924;393.0000;1.0000;0;WO771916;2,353.27
2026/07/03;ENG-038;121;2026-01-06 01:00:00;643.1800;1594.3900;1414.7000;552.6000;2388.1600;9075.3700;47.7900;521.0800;2388.1100;8158.0500;8.4635;394.0000;0.4320;0;WO918524;2300.22
2026/07/03;  ENG-076 ;147;2026-01-07 03:00:00;642.8700;1581.9200;1408.3900;554.4100;2388.0400;9073.4100;47.3500;521.5100;2388.0900;8150.8200;8.4247;394.0000;0.5440;0;WO386509;1,105.03
03-Jul-2026;  ENG-091 ;173;2026-01-08 05:00:00;643.1600;1589.2900;1417.5200;553.2800;2388.1900;9051.6700;47.7400;520.9900;2388.1600;8128.8400;8.4395;393.0000;0.7920;0;WO913593;1938.31
2026-07-03;eng-077;137;2026-01-06 17:00:00;642.4700;1597.5200;1410.1000;553.5100;2388.1300;9039.4200;47.6500;520.5300;2388.1500;8131.3300;8.4490;393.0000;0.4720;0;WO826209;1,237.60
03-Jul-2026;ENG-006;95;2026-01-04 23:00:00;642.4800;1583.0800;1411.2200;553.6400;2388.1100;9056.2100;47.6500;521.3600;2388.1600;8131.6700;8.4128;394.0000;;0;WO304130;1547.28
03-Jul-2026;ENG-099;66;2026-01-03 18:00:00;641.6700;1588.0900;1392.5900;554.8600;2388.0300;9060.8700;47.1400;522.0700;2388.0200;8148.6800;8.4054;392.0000;1.0000;0;WO962876;
2026/07/03;ENG-093;211;2026-01-09 19:00:00;643.0400;1595.3500;1417.9400;553.0100;2388.1300;9074.1300;47.6700;521.0100;2388.1600;8148.4400;8.4377;395.0000;;0;WO831304;1225.03
03-Jul-2026;ENG-035;190;2026-01-08 22:00:00;643.4500;1598.3300;1422.1400;552.8100;2388.2000;9068.2800;47.8400;520.1900;2388.2300;8154.3600;8.5294;395.0000;0.1520;1;WO132347;2487.57
03-Jul-2026;eng-054;108;2026-01-05 12:00:00;642.0000;1591.1100;1400.9500;554.1800;2388.0300;9057.9800;47.1300;522.2000;2387.9900;8146.1300;8.4164;392.0000;0.8800;0;WO531132;2,489.31
2026/07/03;ENG-032;136;2026-01-06 16:00:00;642.4300;1594.5000;1401.6700;554.0200;2388.0400;9097.5500;47.3700;521.3200;2388.0400;8173.6600;8.4279;392.0000;0.4560;0;WO300875;2141.88
2026/07/03;  ENG-019 ;132;2026-01-06 12:00:00;642.4800;1590.2200;1409.8500;553.3600;2388.0300;9057.5800;47.4800;521.9900;2388.0600;8143.3100;8.4337;393.0000;0.7200;0;WO901777;2,378.19
2026-07-03;ENG-031;178;2026-01-08 10:00:00;643.2200;1597.3300;1417.3100;552.3400;2388.1600;9079.6400;47.8800;520.7600;2388.1600;8161.2900;8.5021;394.0000;0.2080;1;WO532577;23385.29
03-Jul-2026;ENG-034;156;2026-01-07 12:00:00;642.0900;1589.4100;1411.9500;553.0900;2388.1200;9060.2100;47.4500;521.4900;2388.0600;8142.5100;8.4083;393.0000;0.4320;0;WO911559;1850.82
2026-07-03;ENG-070;140;2026-01-06 20:00:00;642.7600;1590.6500;1413.4300;553.3600;2388.0900;9053.1200;47.5600;521.2400;2388.1500;8134.3300;8.4710;395.0000;0.8480;0;WO785140;455.22
03-Jul-2026;eng-077;162;2026-01-07 18:00:00;642.7900;1593.8100;1418.6200;552.2400;2388.2500;9045.4300;47.8100;520.1600;2388.2100;8128.1600;8.4543;396.0000;0.2720;0;WO477613;931.57
2026/07/03;ENG-072;122;2026-01-06 02:00:00;642.9100;1592.8700;1400.5400;553.8900;2388.0400;9070.5600;47.3700;521.0900;2388.0400;8146.8900;8.4359;394.0000;0.4720;0;WO900776;1578.25
03-Jul-2026;ENG-018;128;2026-01-06 08:00:00;642.8800;1588.8800;1416.6300;553.1800;2388.1500;9051.7200;47.6200;521.4200;2388.1300;8138.4000;8.4378;394.0000;0.2640;0;WO807173;344.10
2026-07-03;ENG-074;135;2026-01-06 15:00:00;642.7100;1596.4900;1409.9800;554.1800;2388.0800;9056.0000;47.5900;520.9400;2388.0800;8138.5600;8.4460;393.0000;1.0000;0;WO525109;2124.10
2026-07-03;ENG-073;105;2026-01-05 09:00:00;642.4400;1589.8500;1400.6400;554.1200;2388.0500;9056.4900;47.3100;523.0800;2388.0800;8133.0400;8.4071;392.0000;1.0000;0;WO790391;509.78
03-Jul-2026;eng-072;106;2026-01-05 10:00:00;642.0100;1588.2000;1402.0000;553.6000;2388.0600;9060.7200;47.4500;521.6300;2388.0600;8146.8400;8.4295;393.0000;0.6000;0;WO278113;1022.70
2026/07/03;ENG-096;79;2026-01-04 07:00:00;642.3100;1591.4200;1396.9600;554.8800;2387.9800;9063.2700;47.3900;522.0600;2387.9600;8151.6300;8.4069;392.0000;1.0000;0;WO372617;310.69
2026-07-03;eng-097;126;2026-01-06 06:00:00;642.4100;1588.0700;1403.2300;554.2900;2388.0200;9073.7500;47.4000;521.8500;2388.0500;8147.8700;8.4503;393.0000;;0;WO604197;2,056.06
2026-07-03;ENG-052;189;2026-01-08 21:00:00;643.1500;1600.9600;1412.0500;553.1900;2388.1100;9122.6000;47.5500;521.2700;2388.0700;8192.0200;8.4645;395.0000;0.2320;1;WO583620;10468.18
2026/07/03;ENG-078;64;2026-01-03 16:00:00;641.9300;1575.8900;1396.2100;554.7100;2388.0000;9065.6400;47.3200;522.5300;2387.9900;8142.2800;8.4391;392.0000;0.9200;0;WO570391;1,137.86
2026-07-03;ENG-028;151;2026-01-07 07:00:00;642.7200;1583.7000;1408.9500;552.9100;2388.1100;9058.9300;47.6400;521.4600;2388.1100;8139.0100;8.4850;392.0000;0.8320;0;WO545113;292.91
03-Jul-2026;ENG-057;150;2026-01-07 06:00:00;642.4900;1591.6300;1408.0200;553.0100;2388.0900;9051.3100;47.5500;520.8700;2388.1300;8127.4500;8.4565;393.0000;0.9040;0;WO720912;1,043.98
2026/07/03;ENG-084;117;2026-01-05 21:00:00;642.6300;1583.7200;1405.8700;554.0500;2388.0300;9050.8600;47.4200;521.8500;2388.1200;8133.8100;8.4198;392.0000;0.9040;0;WO252073;2935.51
03-Jul-2026;ENG-053;122;2026-01-06 02:00:00;642.3600;1592.1300;1406.5800;553.3100;2388.0400;9066.0300;47.4600;521.5300;2388.0400;8144.7000;8.4050;394.0000;0.5440;0;WO781884;1660.86
2026/07/03;ENG-035;184;2026-01-08 16:00:00;642.9600;1598.5500;1424.4300;552.0200;2388.1900;9064.3700;48.0300;520.3800;2388.1300;8147.1100;8.5074;396.0000;0.2000;1;WO372047;20604.46
03-Jul-2026;eng-073;92;2026-01-04 20:00:00;641.6400;1591.1700;1396.4300;554.0100;2388.0700;9054.2700;47.1400;522.0100;2388.0100;8140.9300;8.4249;391.0000;1.0000;0;WO829615;308.63
2026-07-03;eng-088;67;2026-01-03 19:00:00;643.4100;1592.4400;1410.1200;553.4000;2388.1600;9045.0200;47.7600;521.3400;2388.1500;8126.1700;8.4647;393.0000;0.9280;0;WO375065;580.94
2026-07-03;ENG-076;148;2026-01-07 04:00:00;642.4200;1586.0500;1403.2400;553.7500;2388.0800;9065.2600;47.5900;521.6600;2388.0800;8148.2600;8.4362;392.0000;0.5360;0;WO334596;1341.51
2026/07/03;ENG-051;116;2026-01-05 20:00:00;642.5200;1591.5900;1408.4300;553.3700;2388.0700;9044.9800;47.5200;521.8800;2388.1100;8130.0900;8.3940;393.0000;1.0000;0;WO886697;1,724.57
03-Jul-2026;ENG-021;122;2026-01-06 02:00:00;643.1900;1587.0200;1401.6500;553.6500;2388.0400;9074.4500;47.4700;521.9700;2388.0500;8151.4900;8.4137;392.0000;0.6640;0;WO499387;694.05
03-Jul-2026;ENG-081;144;2026-01-07 00:00:00;642.8200;1589.7200;1410.7400;554.1900;2388.1400;9064.5100;47.3900;521.3800;2388.1000;8152.6400;8.4505;395.0000;0.6160;0;WO572180;1,220.09
2026/07/03;ENG-037;96;2026-01-05 00:00:00;642.6700;1584.7100;1408.0800;553.7900;2388.1600;9047.3700;47.5100;521.8700;2388.1600;8128.5300;8.4229;393.0000;0.3680;0;WO274994;1,744.51
03-Jul-2026;ENG-034;196;2026-01-09 04:00:00;643.5700;1594.2400;1417.1700;551.8400;2388.2400;9046.0500;47.9200;519.8900;2388.2200;8127.7600;8.4950;396.0000;0.1120;1;WO871007;4,544.28
2026/07/03;ENG-004;99;2026-01-05 03:00:00;642.9200;1585.8800;1407.7600;553.3100;2388.1600;9062.0400;47.7000;521.2200;2388.0900;8127.7700;8.4449;394.0000;0.7120;0;WO136104;1,751.04
03-Jul-2026;ENG-080;127;2026-01-06 07:00:00;642.0500;1589.7600;1408.0200;553.0300;2388.0700;9065.5500;47.5500;521.6400;2388.0700;8143.5200;8.4854;393.0000;0.7680;0;WO189175;1,257.09
2026-07-03;ENG-055;78;2026-01-04 06:00:00;642.6700;1586.5800;1401.6900;553.6000;2387.9800;9062.2700;47.3700;522.0400;2388.0700;8139.6100;8.4021;391.0000;1.0000;0;WO975723;932.03
2026-07-03;ENG-061;111;2026-01-05 15:00:00;642.4800;1596.5200;1402.9600;553.7200;2388.0100;9070.4300;47.3100;522.3300;2388.0400;8150.3100;8.4563;394.0000;0.5520;0;WO355894;1,361.10
2026-07-03;  ENG-008 ;143;2026-01-06 23:00:00;642.7500;1591.5500;1409.2000;552.8100;2388.1600;9051.6400;47.4700;522.2900;2388.1300;8133.6800;8.4272;393.0000;0.9440;0;WO771167;149.06
2026/07/03;eng-021;103;2026-01-05 07:00:00;642.4400;1581.2000;1396.0600;554.6400;2388.0500;9061.9800;47.0800;522.0800;2388.0200;8141.1100;8.4359;391.0000;0.8160;0;WO183026;960.95
03-Jul-2026;ENG-058;136;2026-01-06 16:00:00;643.1700;1591.0000;1407.6700;553.4400;2388.1200;9048.9300;47.6000;521.5200;2388.1000;8129.9800;8.4581;393.0000;0.6160;0;WO880206;1897.47
2026-07-03;ENG-052;183;2026-01-08 15:00:00;642.1700;1596.5700;1411.2800;553.2500;2388.0600;9104.6300;47.4200;521.2600;2388.0900;8178.8100;8.4684;393.0000;0.2800;0;WO645749;130.39
2026-07-03;ENG-052;147;2026-01-07 03:00:00;642.0700;1589.3300;1396.8700;554.1500;2388.0100;9079.5900;47.3600;521.9800;2388.0300;8154.5100;8.4514;393.0000;0.5680;0;WO936427;2995.76
2026/07/03;ENG-028;137;2026-01-06 17:00:00;642.5800;1582.4500;1407.8300;553.4200;2388.0500;9059.0600;47.4300;521.5100;2388.0600;8137.4300;8.4094;391.0000;0.9440;0;WO338545;1199.20
2026-07-03;eng-016;98;2026-01-05 02:00:00;642.2500;1580.7000;1399.4100;553.8000;2388.0200;9056.6000;47.3000;521.9400;2388.1200;8144.0900;8.3987;393.0000;0.7920;0;WO756846;2,894.45
03-Jul-2026;ENG-016;101;2026-01-05 05:00:00;642.5800;1582.6200;1400.1200;553.7800;2388.0400;9067.5300;47.2600;521.7600;2388.0200;8140.0400;8.3781;392.0000;0.7680;0;WO308584;787.22
03-Jul-2026;eng-029;144;2026-01-07 00:00:00;642.1500;1591.1800;1405.1200;552.8400;2388.0600;9065.6600;47.5000;521.4100;2388.0500;8145.1600;8.3884;392.0000;0.9360;0;WO355464;321.91
2026-07-03;ENG-053;157;2026-01-07 13:00:00;642.8800;1598.9500;1410.1600;552.1700;2388.1000;9102.6400;47.7100;521.3600;2388.0600;8173.9400;8.4547;394.0000;0.2640;0;WO897966;2865.58
2026/07/03;ENG-052;163;2026-01-07 19:00:00;642.2200;1590.2900;1405.5900;553.8600;2388.0100;9083.5000;47.2200;521.7300;2388.0500;8166.1400;8.4105;393.0000;0.4400;0;WO237146;1807.62
2026-07-03;ENG-100;190;2026-01-08 22:00:00;642.9500;1598.9700;1421.2800;553.5900;2388.1000;9137.3500;47.4900;521.6300;2388.0700;8207.9500;8.4765;395.0000;0.2240;1;WO371607;
2026-07-03;ENG-020;171;2026-01-08 03:00:00;642.9500;1594.4700;1425.5800;552.9000;2388.1500;9069.0800;47.8700;520.5600;2388.1300;8143.2700;8.4611;394.0000;0.2320;1;WO189208;15411.33
2026-07-03;ENG-049;245;2026-01-11 05:00:00;642.4600;1591.6100;1410.6200;553.6500;2388.1500;9050.8300;47.3400;521.7300;2388.1000;8139.6700;8.4625;393.0000;0.6320;0;WO580477;1,771.76
03-Jul-2026;ENG-043;166;2026-01-07 22:00:00;642.9900;1589.7000;1411.2400;553.7100;2388.1200;9064.0300;47.5000;521.0600;2388.1300;8133.0400;8.4417;395.0000;0.5200;0;WO151238;1,645.53
2026/07/03;ENG-095;73;2026-01-04 01:00:00;642.4200;1588.0700;1403.1100;554.1400;2388.0700;9043.7200;47.3200;521.4900;2388.1000;8134.2200;8.3941;392.0000;1.0000;0;WO124696;1135.28
2026/07/03;eng-080;91;2026-01-04 19:00:00;642.2500;1590.2400;1405.4900;553.0000;2388.0800;9068.1800;47.3200;522.0200;2388.0900;8144.8700;8.3999;392.0000;1.0000;0;WO866953;243.06
03-Jul-2026;  ENG-057 ;147;2026-01-07 03:00:00;642.6100;1588.7700;1412.7000;553.2700;2388.1100;9051.2800;47.6300;521.1500;2388.1300;8122.4600;8.4241;393.0000;0.9280;0;WO936815;700.58
2026-07-03;eng-012;193;2026-01-09 01:00:00;641.9000;1594.8600;1400.0500;553.9700;2388.0300;9071.9400;47.3300;521.6700;2388.0200;8146.5800;8.4362;393.0000;1.0000;0;WO959087;396.87
03-Jul-2026;ENG-002;47;2026-01-02 23:00:00;642.8500;1587.5800;1403.2300;554.2400;2388.0600;9052.3200;47.5000;522.2300;2388.1100;8128.7700;8.4221;392.0000;0.8000;0;WO298855;191.55
2026/07/03;ENG-072;127;2026-01-06 07:00:00;642.7600;1585.8200;1414.0900;552.8100;2388.0500;9065.9900;47.5800;521.3400;2388.0900;8146.1800;8.4095;393.0000;0.4320;0;WO318247;2258.57
2026-07-03;  ENG-004 ;74;2026-01-04 02:00:00;642.5400;1590.9500;1409.8500;554.0100;2388.1100;9060.7800;47.6100;521.0600;2388.1200;8137.7100;8.4230;393.0000;0.9120;0;WO750223;771.67
2026-07-03;ENG-024;136;2026-01-06 16:00:00;642.3800;1597.9600;1404.7100;554.4300;2387.9800;9083.4500;47.3200;522.0900;2388.0400;8166.7300;8.4070;394.0000;0.5600;0;WO852430;2269.08
03-Jul-2026;eng-093;210;2026-01-09 18:00:00;642.9900;1600.2600;1409.0900;553.2500;2388.1500;9072.3800;47.7100;520.9900;2388.1400;8148.1700;8.4687;393.0000;0.9520;0;WO490436;1726.40
03-Jul-2026;ENG-080;123;2026-01-06 03:00:00;642.7600;1587.9900;1410.9300;553.1700;2388.0800;9063.5300;47.5800;521.4200;2388.0700;8146.0800;8.4431;392.0000;0.8000;0;WO721351;2353.02
2026/07/03;ENG-024;175;2026-01-08 07:00:00;642.8300;1593.5400;1413.5900;552.8000;2388.0800;9130.0700;47.5800;521.3600;2388.1000;8201.5600;8.4196;392.0000;0.2480;0;WO289062;1541.87
03-Jul-2026;ENG-038;119;2026-01-05 23:00:00;642.8100;1597.0000;1417.1400;552.2400;2388.1400;9079.3700;47.7700;520.8900;2388.0900;8151.1700;8.4753;395.0000;0.4480;0;WO671538;2,969.69
2026/07/03;ENG-077;161;2026-01-07 17:00:00;643.0200;1596.0000;1411.8700;552.7800;2388.1500;9043.8600;47.9100;520.9500;2388.1700;8124.0200;8.4664;394.0000;0.2800;0;WO824344;2921.81
2026/07/03;ENG-047;58;2026-01-03 10:00:00;642.3800;1591.0200;1405.0700;553.3800;2388.1100;9044.7800;47.5900;521.0700;2388.1600;8120.8900;8.4997;393.0000;1.0000;0;WO337805;2104.85
2026/07/03;ENG-070;139;2026-01-06 19:00:00;642.4400;1589.2800;1405.8000;553.0400;2388.1200;9054.7200;47.4800;520.8700;2388.1500;8131.6200;8.4627;394.0000;0.8560;0;WO803123;2759.50
2026-07-03;  ENG-071 ;66;2026-01-03 18:00:00;642.4800;1581.7200;1399.9500;553.9200;2388.0100;9066.1000;47.2900;522.3700;2388.0400;8152.8200;8.4088;392.0000;0.9600;0;WO790005;2,863.35
03-Jul-2026;  ENG-063 ;112;2026-01-05 16:00:00;642.5600;1587.4700;1414.4200;553.1700;2388.1200;9056.0000;47.5800;521.4700;2388.1400;8130.9600;8.4462;393.0000;0.9200;0;WO572674;52.67
03-Jul-2026;ENG-091;192;2026-01-09 00:00:00;642.9100;1593.0700;1414.8100;552.3500;2388.1600;9051.1200;47.6000;520.6500;2388.1700;8125.6700;8.4763;395.0000;0.6400;0;WO949980;1,590.21
2026/07/03;ENG-084;156;2026-01-07 12:00:00;643.0800;1597.3100;1408.8400;553.1300;2388.1200;9052.3100;47.4500;522.1200;2388.1600;8130.9600;8.4496;393.0000;0.5920;0;WO645472;912.91
2026/07/03;ENG-029;124;2026-01-06 04:00:00;642.6000;1585.4200;1397.2900;553.4700;2388.0400;9064.3900;47.2000;522.0500;2388.0300;8138.1400;8.4079;392.0000;1.0000;0;WO163880;
03-Jul-2026;ENG-021;116;2026-01-05 20:00:00;642.7600;1583.1100;1403.4700;553.8900;2387.9700;9073.1700;47.1700;521.9500;2388.0300;8149.1800;8.4212;394.0000;0.7120;0;WO460987;1,837.92
03-Jul-2026;eng-029;141;2026-01-06 21:00:00;642.4800;1587.0900;1404.4100;554.7100;2388.0600;9059.5200;47.2700;521.5900;2388.0900;8140.0400;8.4325;393.0000;0.9600;0;WO893508;2179.17
03-Jul-2026;  ENG-066 ;138;2026-01-06 18:00:00;643.6600;1588.5500;1421.4000;552.8100;2388.1800;9110.5900;47.7900;520.8600;2388.1600;8180.1500;8.5254;396.0000;0.1840;1;WO406277;20484.98
2026-07-03;ENG-085;31;2026-01-02 07:00:00;643.0400;1587.0700;1398.2200;553.3100;2388.0700;9051.8200;47.4500;521.5400;2388.1000;8129.6400;8.4174;394.0000;0.9680;0;WO138473;2274.75
03-Jul-2026;ENG-036;125;2026-01-06 05:00:00;643.6800;1602.3500;1422.9000;551.7900;2388.2200;9066.7300;47.8400;519.9800;2388.2100;8137.5300;8.5136;395.0000;0.1600;1;WO386167;21,053.83
2026-07-03;ENG-064;152;2026-01-07 08:00:00;642.6900;1587.9700;1407.0500;552.7300;2388.2300;9061.8500;47.7300;521.2600;2388.1900;8133.1100;8.4429;395.0000;0.3520;0;WO933890;2557.82
03-Jul-2026;ENG-039;35;2026-01-02 11:00:00;641.7300;1583.9900;1395.1700;554.1500;2388.0100;9059.6400;47.2400;522.0800;2388.0200;8142.7100;8.4209;390.0000;1.0000;0;WO493363;2,005.32
2026-07-03;ENG-019;119;2026-01-05 23:00:00;642.4000;1593.9100;1402.7500;554.2800;2388.0200;9061.2000;47.4700;521.8100;2388.0500;8144.9700;8.4329;392.0000;0.8240;0;WO646314;451.22
2026/07/03;ENG-034;155;2026-01-07 11:00:00;642.2300;1586.2800;1403.7700;553.4400;2388.1000;9061.7400;47.5800;521.1100;2388.0700;8141.7000;8.4700;394.0000;0.4400;0;WO734765;1,896.49
03-Jul-2026;ENG-056;129;2026-01-06 09:00:00;643.6400;1591.3100;1427.4200;551.8600;2388.1800;9045.5100;47.8600;520.1800;2388.2000;8120.4600;8.4932;395.0000;;1;WO207933;20727.39
03-Jul-2026;eng-016;86;2026-01-04 14:00:00;641.9400;1587.5800;1397.6600;553.5700;2388.0600;9060.0200;47.2300;522.0000;2388.0600;8138.1600;8.3836;390.0000;0.8880;0;WO602656;1242.58
03-Jul-2026;ENG-035;151;2026-01-07 07:00:00;642.7900;1603.1600;1408.4400;552.2300;2388.1600;9062.6400;47.9600;520.4300;2388.2000;8141.5500;8.4575;394.0000;0.4640;0;WO296839;1,447.41
03-Jul-2026;ENG-043;147;2026-01-07 03:00:00;642.4100;1589.8800;1402.3100;553.5700;2388.1400;9050.7500;47.5500;521.1800;2388.0800;8137.2500;8.4421;394.0000;0.6720;0;WO102884;425.89
2026-07-03;ENG-035;192;2026-01-09 00:00:00;643.5700;1600.1400;1425.4900;551.7500;2388.1800;9083.8900;47.9800;520.2900;2388.2000;8150.3000;8.5117;396.0000;0.1360;1;WO866496;19523.99
2026-07-03;ENG-061;156;2026-01-07 12:00:00;642.5400;1597.2700;1424.3000;552.4200;2388.0900;9068.5400;47.7000;519.9300;2388.2100;8145.4800;8.4824;394.0000;0.1920;1;WO525611;7691.52
2026/07/03;ENG-057;141;2026-01-06 21:00:00;641.9900;1603.5800;1413.2100;553.4200;2388.1000;9050.6200;47.5400;521.9700;2388.1900;8134.4200;8.4320;395.0000;0.9760;0;WO874423;90.90
2026/07/03;ENG-061;117;2026-01-05 21:00:00;643.0100;1593.7700;1407.1900;553.8900;2388.0300;9066.7200;47.4800;521.6300;2388.0600;8142.1200;8.4168;393.0000;0.5040;0;WO900809;1,347.08
03-Jul-2026;eng-065;58;2026-01-03 10:00:00;642.2700;1585.9500;1397.3400;553.8500;2388.0400;9068.7800;47.2500;522.7700;2387.9900;8153.1600;8.4227;392.0000;;0;WO546550;1056.43
2026/07/03;ENG-038;96;2026-01-05 00:00:00;642.7400;1590.1800;1415.5200;552.6300;2388.1300;9055.8800;47.4900;521.0400;2388.0900;8135.5500;8.4308;393.0000;0.6320;0;WO342501;2765.96
2026/07/03;ENG-092;122;2026-01-06 02:00:00;642.7200;1598.5800;1419.1500;552.1800;2388.2000;9036.7400;47.7500;520.8200;2388.2000;8125.8200;8.4624;394.0000;0.3840;0;WO858296;2,272.02
2026/07/03;ENG-066;123;2026-01-06 03:00:00;642.8300;1594.8900;1412.9400;552.6600;2388.1200;9096.5000;47.6300;521.2000;2388.0300;8161.7100;8.4655;394.0000;0.3040;0;WO811064;1831.88
2026/07/03;ENG-003;119;2026-01-05 23:00:00;643.1500;1589.8600;1414.4700;553.1500;2388.1900;9049.4100;47.4600;520.9500;2388.1800;8133.9000;8.4591;393.0000;0.6080;0;WO853387;1152.54
2026-07-03;ENG-060;129;2026-01-06 09:00:00;642.6200;1597.1000;1413.4400;552.9800;2388.1200;9050.9300;47.6300;520.9500;2388.1000;8134.0000;8.4941;392.0000;0.9440;0;WO756057;263.30
2026-07-03;ENG-094;125;2026-01-06 05:00:00;643.0300;1590.7800;1413.9800;552.8000;2388.1100;9055.8200;47.6700;520.8700;2388.1100;8138.8500;8.4815;395.0000;0.5040;0;WO726012;2027.04
2026-07-03;ENG-089;173;2026-01-08 05:00:00;642.9200;1590.8000;1402.5000;552.9900;2388.0800;9052.3700;47.5600;520.9600;2388.1100;8133.6800;8.4272;393.0000;1.0000;0;WO557509;385.44
2026-07-03;ENG-032;121;2026-01-06 01:00:00;642.9200;1586.2400;1400.9900;554.3900;2388.0200;9079.7500;47.2600;522.2200;2387.9900;8159.3900;8.4130;391.0000;0.5760;0;WO667248;2369.63
2026/07/03;eng-034;151;2026-01-07 07:00:00;642.9300;1595.7700;1408.5500;553.5600;2388.0800;9061.8800;47.4400;520.9300;2388.0900;8145.9300;8.4359;392.0000;0.4720;0;WO677592;730.45
03-Jul-2026;ENG-045;130;2026-01-06 10:00:00;642.4900;1596.2600;1407.2200;552.7600;2388.1500;9064.3800;47.6800;521.2000;2388.1000;8135.2200;8.4250;392.0000;1.0000;0;WO208141;2259.91
03-Jul-2026;ENG-083;70;2026-01-03 22:00:00;642.4000;1585.1800;1397.2400;555.2100;2388.0300;9056.7200;47.4500;522.0700;2388.0700;8141.6100;8.4364;393.0000;1.0000;0;WO687732;173.57
2026-07-03;ENG-068;169;2026-01-08 01:00:00;643.2700;1597.2100;1417.6900;552.9300;2388.1900;9075.8700;47.8000;520.4500;2388.1200;8152.6100;8.5086;395.0000;0.2080;1;WO487702;10,926.14
2026-07-03;ENG-058;134;2026-01-06 14:00:00;643.0100;1589.1700;1409.7000;553.6000;2388.0900;9044.8700;47.5700;521.5200;2388.0900;8137.9300;8.4636;393.0000;0.6320;0;WO412145;1775.30
2026-07-03;ENG-084;130;2026-01-06 10:00:00;643.4100;1593.1600;1412.5700;553.1600;2388.1000;9057.8300;47.7100;521.0800;2388.0900;8129.0000;8.4418;394.0000;0.8000;0;WO453744;1,090.34
2026-07-03;ENG-008;134;2026-01-06 14:00:00;642.7700;1591.6300;1413.7300;553.9600;2388.1300;9055.3500;47.4900;521.3000;2388.0800;8128.1500;8.4388;392.0000;1.0000;0;WO420912;1997.29
2026-07-03;ENG-074;126;2026-01-06 06:00:00;642.1300;1594.5900;1400.7000;554.3200;2388.0600;9063.5600;47.5500;521.3200;2388.1100;8142.2700;8.4377;393.0000;1.0000;0;WO891757;762.59
2026-07-03;ENG-061;119;2026-01-05 23:00:00;642.4600;1582.3800;1404.5800;553.8200;2388.0800;9059.0400;47.5400;521.6200;2388.0400;8142.3900;8.4351;392.0000;0.4880;0;WO236441;2,516.22
2026/07/03;ENG-052;169;2026-01-08 01:00:00;642.3600;1590.2300;1404.4200;553.3300;2388.0100;9096.5200;47.3900;521.6100;2388.0200;8166.2400;8.4315;393.0000;0.3920;0;WO255157;1773.90
03-Jul-2026;ENG-004;101;2026-01-05 05:00:00;643.1800;1594.2700;1416.0200;553.2000;2388.1600;9055.5600;47.5900;521.0300;2388.0800;8136.5900;8.4632;393.0000;0.6960;0;WO827434;
2026/07/03;ENG-021;105;2026-01-05 09:00:00;641.7700;1586.3900;1390.4800;554.0900;2387.9900;9058.8600;47.1100;522.2800;2388.0600;8144.6100;8.3981;391.0000;0.8000;0;WO306839;2,711.43
2026/07/03;ENG-002;37;2026-01-02 13:00:00;643.2000;1581.9000;1404.8300;553.6100;2388.1100;9047.6600;47.1900;521.7400;2388.1600;8135.1500;8.4178;393.0000;0.8800;0;WO980184;
03-Jul-2026;ENG-030;128;2026-01-06 08:00:00;643.3200;1599.4500;1418.3400;552.9000;2388.1200;9059.9800;47.6000;521.5500;2388.0900;8128.3300;8.4690;394.0000;1.0000;0;WO606815;1430.99
03-Jul-2026;  ENG-043 ;133;2026-01-06 13:00:00;641.9400;1597.8100;1409.1900;553.8000;2388.0600;9052.1100;47.5400;521.2400;2388.1000;8131.2300;8.3971;394.0000;0.7840;0;WO951794;530.39
2026-07-03;eng-023;116;2026-01-05 20:00:00;642.3600;1588.0700;1394.6600;553.9600;2388.0500;9041.9400;47.3500;522.2600;2388.0300;8133.0500;8.4150;390.0000;1.0000;0;WO522140;1455.52
2026/07/03;ENG-093;225;2026-01-10 09:00:00;643.1400;1596.8400;1417.3800;553.1400;2388.1100;9072.8900;47.6300;520.7200;2388.1200;8141.1800;8.4858;393.0000;0.8320;0;WO427726;2861.04
2026/07/03;ENG-049;244;2026-01-11 04:00:00;642.7000;1592.4100;1403.7500;553.2000;2388.1200;9064.8000;47.4800;521.7400;2388.1400;8139.0300;8.4641;394.0000;0.6400;0;WO958514;585.64
2026/07/03;ENG-087;43;2026-01-02 19:00:00;642.5500;1583.9400;1405.4500;554.5400;2388.0100;9058.2300;47.3400;522.2000;2388.1000;8138.6400;8.4263;392.0000;1.0000;0;WO352094;2493.38
03-Jul-2026;ENG-043;135;2026-01-06 15:00:00;642.1500;1590.4000;1410.3000;553.2900;2388.1300;9053.5000;47.5700;521.6000;2388.1900;8128.1100;8.3986;392.0000;0.7680;0;WO974218;737.67
03-Jul-2026;ENG-096;82;2026-01-04 10:00:00;641.8900;1591.3700;1404.7400;554.1800;2388.0000;9070.6500;47.1700;521.8900;2388.0000;8154.2400;8.4085;391.0000;1.0000;0;WO950198;
2026/07/03;ENG-068;153;2026-01-07 09:00:00;642.8300;1598.7100;1417.1000;552.7600;2388.1300;9070.6700;47.6800;520.6400;2388.1600;8146.3000;8.4638;394.0000;0.3360;0;WO117460;2020.52
2026-07-03;eng-028;110;2026-01-05 14:00:00;643.2100;1588.5900;1411.4000;553.4800;2388.0900;9055.6900;47.4800;521.5300;2388.1900;8132.5000;8.4438;392.0000;1.0000;0;WO836979;83.33
03-Jul-2026;  ENG-092 ;107;2026-01-05 11:00:00;642.9100;1591.9200;1414.1700;552.3500;2388.1700;9050.5800;47.7300;520.7800;2388.1800;8123.5100;8.4663;395.0000;0.5040;0;WO583338;1,859.46
03-Jul-2026;ENG-007;110;2026-01-05 14:00:00;641.9900;1577.9500;1402.9000;554.2900;2388.0400;9063.6600;47.3400;521.6900;2388.0800;8143.2700;8.4018;391.0000;1.0000;0;WO437120;2495.82
2026-07-03;ENG-021;109;2026-01-05 13:00:00;642.6000;1584.0900;1407.2200;554.1400;2388.0300;9066.9500;47.1600;521.8500;2388.0300;8141.3600;8.4481;393.0000;0.7680;0;WO204591;2,646.07
2026/07/03;ENG-069;50;2026-01-03 02:00:00;642.0400;1587.5500;1401.0900;553.5800;2388.1200;9044.0700;47.4100;521.7700;2388.1100;8122.7500;8.4169;392.0000;1.0000;0;WO254261;1,854.79
2026-07-03;ENG-052;143;2026-01-06 23:00:00;642.6500;1585.2100;1401.6400;554.0000;2388.0300;9070.3400;47.4100;522.2100;2388.0100;8151.4200;8.3912;392.0000;0.6000;0;WO294119;1,610.11
03-Jul-2026;ENG-068;170;2026-01-08 02:00:00;643.1900;1596.4200;1419.1900;552.9100;2388.1500;9071.5400;47.6900;520.8500;2388.2200;8155.2300;8.4500;394.0000;0.2000;1;WO812617;4526.40
03-Jul-2026;  ENG-021 ;117;2026-01-05 21:00:00;641.6400;1587.8800;1397.2300;553.2300;2388.0000;9062.8400;47.1800;522.2200;2388.0400;8144.4600;8.4327;392.0000;0.7040;0;WO737819;1424.33
2026/07/03;  ENG-036 ;106;2026-01-05 10:00:00;642.4600;1594.4300;1416.7000;552.7700;2388.2200;9059.3200;47.8200;520.6800;2388.1200;8139.2500;8.4521;395.0000;0.3120;0;WO306228;497.95
03-Jul-2026;ENG-024;157;2026-01-07 13:00:00;642.9200;1596.6100;1404.5500;554.0500;2388.0300;9093.7500;47.5700;521.8600;2388.0200;8183.8000;8.4445;392.0000;0.3920;0;WO958631;546.52
2026-07-03;ENG-091;175;2026-01-08 07:00:00;643.2700;1594.1400;1417.3900;552.0900;2388.1500;9049.2600;47.7300;520.9800;2388.1700;8132.0800;8.4422;393.0000;0.7760;0;WO815377;2841.44
2026/07/03;ENG-040;90;2026-01-04 18:00:00;642.8400;1590.4100;1422.3600;552.6200;2388.1700;9056.5400;47.7000;521.2000;2388.0900;8133.4800;8.4747;394.0000;0.5680;0;WO692736;1352.31
03-Jul-2026;ENG-076;155;2026-01-07 11:00:00;642.8800;1584.3800;1407.5900;553.7500;2388.0700;9071.4100;47.5500;521.0200;2388.0800;8151.3500;8.4059;393.0000;0.4800;0;WO924153;
2026/07/03;eng-038;93;2026-01-04 21:00:00;642.8300;1589.5100;1411.2100;553.1400;2388.1200;9061.7600;47.7200;521.0700;2388.0700;8139.2900;8.4575;395.0000;0.6560;0;WO979673;1,067.20
2026/07/03;eng-098;102;2026-01-05 06:00:00;642.4100;1594.9900;1409.5400;553.2900;2388.1200;9053.8900;47.5800;521.3400;2388.1100;8140.6300;8.4194;391.0000;0.6240;0;WO544184;2,382.11
03-Jul-2026;ENG-093;168;2026-01-08 00:00:00;642.8100;1591.2500;1405.4300;552.3000;2388.1100;9063.7900;47.5700;521.2000;2388.0800;8146.9800;8.4488;395.0000;1.0000;0;WO987722;2,397.78
2026-07-03;  ENG-054 ;117;2026-01-05 21:00:00;642.5300;1579.2400;1403.9600;553.7900;2388.0600;9058.5100;47.1800;521.9700;2387.9800;8143.9500;8.4383;393.0000;;0;WO851081;401.95
2026-07-03;ENG-081;155;2026-01-07 11:00:00;642.5200;1598.7500;1412.1200;553.5200;2388.0800;9067.3200;47.5200;521.4700;2388.1300;8144.5900;8.4705;393.0000;0.5280;0;WO385875;
2026/07/03;ENG-053;134;2026-01-06 14:00:00;642.9500;1586.5200;1406.9800;553.5900;2388.0600;9077.5900;47.6100;521.3600;2388.0800;8156.1700;8.4236;394.0000;0.4480;0;WO774146;1554.52
2026/07/03;ENG-093;195;2026-01-09 03:00:00;642.1200;1593.0100;1410.4700;552.6300;2388.1400;9071.2500;47.7700;521.2800;2388.1200;8147.9400;8.4704;394.0000;1.0000;0;WO504517;
2026-07-03;ENG-003;126;2026-01-06 06:00:00;642.8800;1589.7500;1418.8900;552.5900;2388.1600;9049.2600;47.8800;520.8300;2388.1400;8131.4600;8.4119;395.0000;0.5520;0;WO208430;855.95
03-Jul-2026;  ENG-091 ;224;2026-01-10 08:00:00;642.5900;1600.5500;1423.8200;552.6500;2388.2900;9049.0900;47.8800;520.3800;2388.2600;8126.9500;8.4605;395.0000;0.3840;0;WO557871;2,125.71
2026/07/03;ENG-081;158;2026-01-07 14:00:00;642.8300;1588.0700;1406.1900;552.7200;2388.1000;9072.9700;47.4200;521.3000;2388.0700;8148.0400;8.4555;393.0000;0.5040;0;WO481791;1552.47
03-Jul-2026;  ENG-042 ;153;2026-01-07 09:00:00;643.0900;1595.2400;1409.1800;551.9600;2388.2600;9036.2700;47.9600;520.3200;2388.2600;8116.0500;8.4690;394.0000;0.1040;1;WO421700;20477.25
2026-07-03;ENG-052;147;2026-01-07 03:00:00;642.0700;1589.3300;1396.8700;554.1500;2388.0100;9079.5900;47.3600;521.9800;2388.0300;8154.5100;8.4514;393.0000;0.5680;0;WO936427;2995.76
03-Jul-2026;ENG-003;109;2026-01-05 13:00:00;643.2900;1593.5100;1411.0800;553.1600;2388.1000;9052.7300;47.6000;521.3600;2388.1400;8131.9000;8.4593;394.0000;0.6880;0;WO468977;920.13
2026/07/03;ENG-057;108;2026-01-05 12:00:00;642.7700;1594.4700;1410.1900;552.5500;2388.1200;9047.7300;47.5400;521.5700;2388.1600;8131.7100;8.4164;393.0000;1.0000;0;WO234913;1431.60
2026-07-03;ENG-077;154;2026-01-07 10:00:00;642.8500;1592.3000;1416.5300;552.6300;2388.1300;9052.1400;47.6500;521.0800;2388.1500;8124.5400;8.4486;393.0000;0.3360;0;WO136987;2941.15
03-Jul-2026;  ENG-023 ;125;2026-01-06 05:00:00;642.1400;1588.3800;1405.3300;554.4300;2388.0800;9050.5400;47.3900;521.6900;2388.0900;8132.6700;8.4311;393.0000;0.9440;0;WO499227;2,636.27
03-Jul-2026;eng-051;127;2026-01-06 07:00:00;642.2500;1587.7000;1404.6800;553.8100;2388.1100;9058.1000;47.5600;521.3500;2388.0800;8136.7300;8.4507;393.0000;1.0000;0;WO408887;1091.22
03-Jul-2026;ENG-040;126;2026-01-06 06:00:00;643.5400;1592.0900;1417.8700;553.3500;2388.1400;9063.4800;47.9600;520.7900;2388.1900;8139.9700;8.4821;396.0000;0.2800;0;WO258434;2604.04
2026/07/03;ENG-019;115;2026-01-05 19:00:00;642.5000;1583.0100;1402.3000;553.2500;2388.0600;9061.5200;47.4600;521.7500;2388.0900;8141.7700;8.4326;393.0000;0.8560;0;WO822791;2479.28
03-Jul-2026;ENG-063;145;2026-01-07 01:00:00;642.3900;1585.1800;1411.0700;552.2100;2388.1500;9054.1900;47.5100;521.6900;2388.1300;8130.5200;8.4456;392.0000;0.6560;0;WO471285;
2026-07-03;ENG-016;105;2026-01-05 09:00:00;642.4300;1585.0300;1399.3600;553.9100;2388.0300;9059.0400;47.3800;522.0800;2388.0800;8143.3500;8.4120;392.0000;0.7360;0;WO244112;2,073.76
2026-07-03;ENG-043;152;2026-01-07 08:00:00;642.3800;1590.9800;1403.6200;553.6200;2388.1200;9058.2200;47.4800;521.6700;2388.1500;8133.1500;8.4255;394.0000;0.6320;0;WO165968;953.67
2026-07-03;ENG-068;141;2026-01-06 21:00:00;643.0000;1590.7500;1407.2700;552.7600;2388.1300;9065.4200;47.6600;521.5000;2388.1400;8141.5300;8.4372;395.0000;0.4320;0;WO100828;1155.27
2026/07/03;ENG-096;84;2026-01-04 12:00:00;642.1800;1586.7300;1403.2000;554.3800;2387.9700;9071.5200;47.2700;522.1700;2388.0700;8148.1200;8.4071;391.0000;1.0000;0;WO543104;1,306.40
03-Jul-2026;eng-076;201;2026-01-09 09:00:00;643.1300;1599.5200;1427.5400;552.6200;2388.1400;9106.8900;47.9600;519.7700;2388.1700;8184.2100;8.5104;397.0000;0.1120;1;WO152868;22544.27
2026-07-03;ENG-067;50;2026-01-03 02:00:00;642.3900;1589.7300;1399.2500;553.6900;2388.0000;9058.8100;47.3100;522.8900;2388.0200;8138.6400;8.3940;393.0000;0.7840;0;WO971663;1707.61
2026-07-03;ENG-003;85;2026-01-04 13:00:00;642.7500;1591.2900;1407.7100;552.9100;2388.0900;9056.0500;47.5800;521.0100;2388.1400;8133.3600;8.4406;393.0000;0.8800;0;WO315869;2927.36
2026-07-03;ENG-083;72;2026-01-04 00:00:00;642.8300;1587.1600;1398.0700;554.5900;2388.0700;9065.4000;47.4700;522.0800;2388.0900;8137.1900;8.4128;392.0000;1.0000;0;WO609070;1822.65
2026-07-03;  ENG-091 ;228;2026-01-10 12:00:00;643.2400;1595.6900;1426.9500;552.7400;2388.2300;9050.0400;47.8700;519.9600;2388.1800;8130.8900;8.4795;395.0000;0.3520;0;WO758459;94.78
2026/07/03;ENG-081;143;2026-01-06 23:00:00;642.6200;1591.8900;1400.2500;554.1200;2388.0600;9069.1700;47.5100;522.1200;2388.0500;8150.1500;8.4521;394.0000;0.6240;0;WO670528;2580.50
2026-07-03;ENG-068;184;2026-01-08 16:00:00;643.8900;1602.4000;1424.5200;551.3700;2388.2300;9080.0700;47.9000;519.9500;2388.1600;8162.6900;8.5252;397.0000;0.0880;1;WO862569;24944.35
2026/07/03;ENG-091;213;2026-01-09 21:00:00;642.8200;1592.2600;1418.0200;552.0200;2388.2300;9043.1200;47.9600;520.6300;2388.2500;8124.6800;8.4552;394.0000;0.4720;0;WO436103;1,818.24
2026/07/03;ENG-027;116;2026-01-05 20:00:00;642.9000;1591.0300;1396.3800;554.3900;2388.0500;9051.1400;47.3500;521.9800;2388.0400;8131.8600;8.4042;393.0000;0.7200;0;WO219603;
2026/07/03;  ENG-013 ;158;2026-01-07 14:00:00;642.4900;1589.5400;1406.4000;554.0000;2388.0500;9056.6900;47.4300;521.8700;2388.0300;8145.4600;8.4298;393.0000;1.0000;0;WO659133;725.47
2026-07-03;ENG-084;171;2026-01-08 03:00:00;642.6600;1593.9500;1406.9300;551.9200;2388.1600;9048.9800;47.6700;520.7200;2388.2200;8129.3200;8.4615;392.0000;0.4720;0;WO961757;1111.52
03-Jul-2026;ENG-093;181;2026-01-08 13:00:00;642.8800;1593.8500;1406.6300;553.9000;2388.1000;9069.1000;47.7400;520.8200;2388.1100;8141.0900;8.4734;394.0000;1.0000;0;WO688472;1938.84
2026-07-03;ENG-047;53;2026-01-03 05:00:00;642.6400;1583.9500;1411.3000;553.4100;2388.1000;9038.8900;47.6100;521.8800;2388.1700;8128.1500;8.4727;394.0000;1.0000;0;WO220109;360.05
2026/07/03;ENG-008;114;2026-01-05 18:00:00;642.7100;1587.3200;1408.5600;553.6100;2388.1100;9049.0500;47.5700;521.4500;2388.0700;8132.7700;8.4094;392.0000;1.0000;0;WO341165;718.20
2026/07/03;ENG-034;160;2026-01-07 16:00:00;642.7400;1589.6900;1408.3000;553.3900;2388.1200;9056.9600;47.5500;521.4100;2388.1000;8141.3500;8.4380;395.0000;0.4000;0;WO351358;2,336.04
03-Jul-2026;ENG-076;178;2026-01-08 10:00:00;643.2900;1597.1200;1413.7700;552.8300;2388.1100;9086.4500;47.8700;520.9000;2388.1100;8162.0700;8.4824;395.0000;0.2960;0;WO505426;2799.08
2026/07/03;ENG-024;130;2026-01-06 10:00:00;642.5000;1582.6700;1407.4700;554.3500;2387.9600;9087.9500;47.6100;522.3700;2388.0800;8160.0200;8.4366;392.0000;0.6080;0;WO526265;1,443.64
2026/07/03;ENG-001;24;2026-01-02 00:00:00;642.3200;1594.2900;1400.1500;553.2700;2388.0700;9043.3200;47.2900;522.0600;2388.1200;8130.7000;8.4074;393.0000;0.9520;0;WO431238;635.17
2026-07-03;ENG-066;106;2026-01-05 10:00:00;642.4000;1594.1000;1414.0000;553.1600;2388.1100;9080.4500;47.7000;521.3900;2388.0600;8159.5800;8.4494;394.0000;0.4400;0;WO197463;776.92
2026-07-03;ENG-068;159;2026-01-07 15:00:00;643.0400;1589.1900;1421.6200;552.9200;2388.1700;9068.5700;47.6400;521.7100;2388.1000;8144.8300;8.4486;394.0000;0.2880;0;WO531804;419.54
03-Jul-2026;ENG-062;203;2026-01-09 11:00:00;642.4300;1584.7600;1406.8200;553.8500;2388.0200;9074.7700;47.4800;521.5700;2388.0100;8153.3900;8.4323;394.0000;0.6640;0;WO675771;
03-Jul-2026;ENG-093;185;2026-01-08 17:00:00;642.8100;1592.5900;1410.1000;552.8800;2388.1800;9064.7000;47.7700;521.0100;2388.0900;8146.2800;8.4583;393.0000;1.0000;0;WO591273;1,292.42
03-Jul-2026;ENG-071;65;2026-01-03 17:00:00;642.4900;1579.8900;1403.8200;554.8500;2388.0800;9063.0200;47.3600;522.2100;2388.0200;8144.2600;8.4061;391.0000;0.9680;0;WO160450;797.63
2026/07/03;  ENG-057 ;151;2026-01-07 07:00:00;642.5800;1590.6500;1412.5300;553.0500;2388.1100;9050.0800;47.5900;521.9700;2388.0600;8134.1300;8.4358;393.0000;0.8960;0;WO901631;2511.14
2026-07-03;ENG-066;113;2026-01-05 17:00:00;643.3400;1589.5700;1405.7900;553.2800;2388.0700;9089.0400;47.7100;520.8900;2388.0800;8157.6200;8.4467;394.0000;0.3840;0;WO527011;2103.93
2026/07/03;ENG-068;182;2026-01-08 14:00:00;643.5400;1599.9000;1423.9500;552.5700;2388.1600;9082.9400;47.9600;520.0500;2388.1600;8156.4700;8.5191;396.0000;0.1040;1;WO620159;5,764.14
03-Jul-2026;  ENG-033 ;39;2026-01-02 15:00:00;642.7500;1587.0700;1419.1000;553.1400;2388.1300;9062.2600;47.6800;521.2300;2388.0700;8137.5100;8.4510;393.0000;;0;WO816846;1,161.84
2026-07-03;  ENG-062 ;228;2026-01-10 12:00:00;642.7200;1599.1300;1410.1800;552.9900;2388.0100;9088.5400;47.5600;521.7100;2388.0800;8167.3600;8.4300;396.0000;0.4640;0;WO517480;2447.03
03-Jul-2026;ENG-061;113;2026-01-05 17:00:00;642.5600;1584.4400;1399.2700;553.7300;2388.0400;9064.0600;47.4500;521.8000;2388.0700;8143.6100;8.4520;392.0000;0.5360;0;WO306093;1933.15
2026/07/03;ENG-072;99;2026-01-05 03:00:00;642.2800;1580.4300;1404.8600;553.5500;2388.0200;9065.0200;47.2700;522.0100;2388.0600;8142.6400;8.4027;393.0000;0.6560;0;WO691591;2,868.17
2026/07/03;ENG-096;72;2026-01-04 00:00:00;642.3800;1584.0500;1396.1200;554.5600;2388.0000;9069.8000;47.1700;522.3600;2387.9700;8149.4300;8.3703;392.0000;1.0000;0;WO990784;2935.96
2026-07-03;ENG-046;111;2026-01-05 15:00:00;642.7900;1593.3800;1411.1000;553.0400;2388.0600;9079.5000;47.7000;521.2900;2388.0400;8154.6800;8.4905;392.0000;0.6560;0;WO584739;1402.05
03-Jul-2026;ENG-097;91;2026-01-04 19:00:00;642.3300;1579.7300;1405.9700;553.7700;2388.0200;9066.6500;47.4300;522.0500;2388.0000;8150.5800;8.4024;392.0000;1.0000;0;WO948584;1541.71
2026-07-03;ENG-100;177;2026-01-08 09:00:00;642.8000;1593.2600;1411.2900;553.9300;2388.0800;9115.3700;47.8100;521.5200;2388.0200;8188.4500;8.4296;393.0000;0.3280;0;WO791193;2236.39
03-Jul-2026;ENG-043;168;2026-01-08 00:00:00;642.6900;1592.9000;1416.1200;552.6100;2388.1100;9056.6000;47.6300;521.3600;2388.0900;8131.3000;8.4421;395.0000;0.5040;0;WO143012;409.58
2026-07-03;ENG-048;63;2026-01-03 15:00:00;642.6500;1585.8900;1405.9900;553.9800;2388.0800;9057.7700;47.5700;521.5500;2388.0100;8140.6900;8.3886;393.0000;0.8560;0;WO863775;675.69
03-Jul-2026;ENG-016;80;2026-01-04 08:00:00;642.1300;1585.3000;1401.4700;554.2800;2388.0300;9056.0700;47.4700;522.1100;2388.0000;8139.1700;8.4243;391.0000;0.9360;0;WO735452;599.91
2026-07-03;ENG-100;176;2026-01-08 08:00:00;642.7300;1590.9600;1410.7600;553.3700;2388.0300;9107.9900;47.6800;521.2300;2388.0400;8186.6800;8.4922;395.0000;0.3360;0;WO126068;252.36
2026-07-03;ENG-086;87;2026-01-04 15:00:00;642.4800;1587.2600;1410.5400;553.9300;2388.0900;9074.3400;47.4700;521.7700;2388.0800;8146.0000;8.4475;394.0000;0.8960;0;WO301652;2710.13
2026-07-03;ENG-013;164;2026-01-07 20:00:00;642.2500;1586.2400;1400.0300;553.4800;2388.0400;9072.9000;47.3600;522.3100;2388.0500;8147.1900;8.4040;393.0000;1.0000;0;WO818888;2185.78
2026-07-03;ENG-008;120;2026-01-06 00:00:00;642.4600;1589.0400;1408.8500;553.5600;2388.0900;9051.1900;47.3400;521.4800;2388.1000;8130.2800;8.4206;392.0000;1.0000;0;WO541660;2,262.65
2026/07/03;ENG-024;125;2026-01-06 05:00:00;641.9800;1585.7400;1402.9200;554.5000;2388.0000;9075.4000;47.2800;522.5000;2388.0100;8156.2100;8.4395;394.0000;0.6480;0;WO730254;935.16
03-Jul-2026;eng-021;101;2026-01-05 05:00:00;642.6400;1587.5400;1406.7000;554.3500;2388.0300;9061.4100;47.3300;521.8100;2388.0500;8146.5500;8.4229;391.0000;0.8320;0;WO944195;1,906.32
2026/07/03;ENG-049;277;2026-01-12 13:00:00;643.3400;1592.2400;1415.7000;552.6100;2388.1700;9054.6000;47.7200;520.9700;2388.1000;8134.3900;8.4999;394.0000;;0;WO184355;1413.58
03-Jul-2026;ENG-070;123;2026-01-06 03:00:00;642.3100;1589.2100;1412.8600;553.0200;2388.1000;9055.0700;47.5700;521.2300;2388.1200;8133.4600;8.4705;391.0000;0.9840;0;WO497110;1,887.40
2026/07/03;  ENG-036 ;97;2026-01-05 01:00:00;642.9200;1586.6000;1417.4400;553.2100;2388.1100;9060.9000;47.7900;520.7300;2388.2000;8141.6300;8.4409;393.0000;0.3840;0;WO990909;1,242.59
2026/07/03;ENG-076;169;2026-01-08 01:00:00;642.8800;1593.2500;1409.2500;553.6500;2388.0800;9087.6900;47.5900;521.1900;2388.0700;8157.4500;8.4630;393.0000;0.3680;0;WO467175;2993.38
2026/07/03;ENG-045;147;2026-01-07 03:00:00;643.2400;1594.5200;1414.3500;552.8700;2388.0700;9057.1200;47.4400;520.8800;2388.1100;8139.3100;8.4644;393.0000;0.9520;0;WO164705;2966.92
2026/07/03;ENG-062;210;2026-01-09 18:00:00;641.6100;1593.3400;1414.2600;553.2400;2388.0500;9082.3800;47.4400;521.6600;2388.0300;8165.4900;8.4357;391.0000;0.6080;0;WO537481;1,991.98
03-Jul-2026;ENG-062;159;2026-01-07 15:00:00;642.2100;1589.1600;1406.2300;554.4200;2388.0300;9060.9300;47.2500;522.3600;2388.0400;8146.7700;8.4407;392.0000;1.0000;0;WO395126;2321.98
2026/07/03;ENG-047;62;2026-01-03 14:00:00;642.2200;1594.5200;1416.0000;552.7900;2388.1000;9033.2700;47.7600;520.9800;2388.1200;8117.9100;8.4401;392.0000;1.0000;0;WO141689;1,329.97
2026-07-03;ENG-069;38;2026-01-02 14:00:00;642.5700;1589.5600;1411.2100;554.3100;2388.0700;9047.3500;47.2800;521.8300;2388.1300;8126.7000;8.4441;393.0000;1.0000;0;WO454881;2,561.26
2026-07-03;ENG-046;106;2026-01-05 10:00:00;642.8300;1588.4500;1401.7000;553.3300;2388.0700;9071.7100;47.4000;521.3300;2388.0900;8149.1000;8.4632;394.0000;0.6960;0;WO776737;1219.62
2026/07/03;ENG-045;126;2026-01-06 06:00:00;642.4600;1592.7200;1412.7800;552.9200;2388.1200;9061.9500;47.6200;521.8400;2388.1200;8138.9600;8.4428;393.0000;1.0000;0;WO530395;2,570.63
03-Jul-2026;ENG-066;139;2026-01-06 19:00:00;643.2800;1592.6700;1417.4300;552.1900;2388.1500;9112.6000;47.8800;520.6200;2388.0900;8186.3300;8.4469;395.0000;0.1760;1;WO378413;14547.49
2026/07/03;ENG-059;73;2026-01-04 01:00:00;642.3900;1587.8200;1399.0300;554.8000;2388.0200;9053.9200;47.1300;522.5300;2387.9900;8140.4700;8.4305;393.0000;1.0000;0;WO125471;327.57
03-Jul-2026;ENG-029;116;2026-01-05 20:00:00;642.6400;1586.3700;1405.7200;554.3300;2388.0200;9055.0700;47.3700;522.0400;2388.0300;8141.9000;8.4069;391.0000;1.0000;0;WO537182;
2026/07/03;eng-024;156;2026-01-07 12:00:00;642.7300;1588.9200;1406.6400;553.5500;2388.0200;9104.5100;47.4900;521.8600;2388.0800;8176.2900;8.4184;393.0000;0.4000;0;WO241562;1,481.76
03-Jul-2026;ENG-031;167;2026-01-07 23:00:00;642.7800;1598.0900;1417.8300;553.2600;2388.1100;9080.4900;47.9100;521.0700;2388.1200;8156.8300;8.4751;393.0000;0.2960;0;WO752994;1425.60
2026/07/03;ENG-090;133;2026-01-06 13:00:00;642.3100;1587.0800;1408.5300;553.5900;2388.1300;9078.5600;47.6900;521.4900;2388.1400;8149.2300;8.4678;394.0000;0.3280;0;WO671322;1,873.74
2026-07-03;  ENG-082 ;125;2026-01-06 05:00:00;642.8100;1586.3500;1415.7200;552.8800;2388.1200;9058.7000;47.6600;520.9800;2388.1600;8136.3500;8.4147;393.0000;0.3680;0;WO504747;2686.24
2026-07-03;eng-046;131;2026-01-06 11:00:00;642.9100;1595.1000;1411.2700;552.7500;2388.1000;9079.5700;47.6900;521.4400;2388.0700;8160.9800;8.4448;394.0000;0.4960;0;WO890003;2746.10
03-Jul-2026;ENG-031;136;2026-01-06 16:00:00;642.6300;1584.0300;1407.4100;553.3000;2388.0900;9079.9900;47.5600;521.7000;2388.0700;8152.9700;8.4304;394.0000;0.5440;0;WO436808;656.79
2026-07-03;ENG-057;119;2026-01-05 23:00:00;642.5300;1592.2800;1404.2900;553.4900;2388.1600;9047.2200;47.4700;521.2300;2388.1100;8124.9500;8.4342;393.0000;1.0000;0;WO545755;787.66
2026/07/03;ENG-024;152;2026-01-07 08:00:00;642.1300;1593.1400;1407.8800;554.2100;2388.0200;9099.9200;47.4100;521.7500;2388.0000;8176.8600;8.4572;394.0000;0.4320;0;WO931602;569.97
2026-07-03;  ENG-012 ;174;2026-01-08 06:00:00;642.3600;1587.5500;1402.5600;554.0900;2388.0400;9065.7100;47.2900;521.7700;2388.0900;8144.7200;8.4051;393.0000;1.0000;0;WO314387;1305.69
03-Jul-2026;ENG-062;220;2026-01-10 04:00:00;642.4100;1601.0600;1403.4900;553.7500;2388.1200;9081.7200;47.4900;520.9800;2388.0200;8159.7500;8.4426;395.0000;0.5280;0;WO228257;865.56
03-Jul-2026;ENG-035;185;2026-01-08 17:00:00;643.3000;1603.5800;1430.6400;551.8800;2388.1500;9068.5800;47.8200;520.3300;2388.2000;8148.9800;8.5055;396.0000;0.1920;1;WO509151;8,346.75
2026/07/03;ENG-070;148;2026-01-07 04:00:00;642.4600;1587.5400;1407.9700;553.5200;2388.1200;9054.5100;47.5000;521.7700;2388.1200;8135.0600;8.4512;393.0000;0.7840;0;WO497391;1,042.02
2026-07-03;ENG-039;32;2026-01-02 08:00:00;642.4100;1587.7000;1399.8500;553.9300;2388.0200;9066.7500;47.3800;521.6000;2388.0300;8139.5300;8.4438;392.0000;1.0000;0;WO171793;334.61
2026-07-03;ENG-033;37;2026-01-02 13:00:00;642.6800;1591.9700;1414.6500;553.3600;2388.0800;9057.3900;47.7800;521.3800;2388.1000;8134.1000;8.4625;394.0000;0.9520;0;WO587189;1433.15
2026-07-03;ENG-094;93;2026-01-04 21:00:00;642.4400;1594.8100;1410.1800;552.0800;2388.1400;9051.3200;47.6000;521.3300;2388.0500;8137.0200;8.4345;395.0000;0.7600;0;WO451910;252.74
2026/07/03;eng-092;138;2026-01-06 18:00:00;643.0500;1605.8400;1411.9900;552.1400;2388.2300;9049.5900;47.9400;519.9500;2388.2400;8123.9900;8.4769;395.0000;0.2560;0;WO528161;1,800.22
03-Jul-2026;eng-059;72;2026-01-04 00:00:00;641.9400;1591.1900;1397.2300;553.8100;2387.9900;9058.3000;47.2600;522.4600;2388.0100;8141.2500;8.3723;391.0000;1.0000;0;WO259414;2261.49
2026/07/03;ENG-058;140;2026-01-06 20:00:00;642.6000;1589.2300;1411.5400;553.2400;2388.1200;9052.3500;47.3900;521.7300;2388.1800;8125.7200;8.4014;394.0000;0.5840;0;WO664614;891.75
2026/07/03;  ENG-006 ;98;2026-01-05 02:00:00;642.7000;1593.1100;1405.7000;553.3800;2388.1300;9052.5200;47.5000;521.1900;2388.1300;8132.0600;8.4475;394.0000;0.8000;0;WO723830;1598.86
03-Jul-2026;ENG-073;82;2026-01-04 10:00:00;642.8500;1583.0800;1405.2900;553.6000;2388.0000;9049.0900;47.4300;522.2400;2387.9800;8136.7600;8.3939;391.0000;1.0000;0;WO331400;2,098.61
2026/07/03;eng-062;222;2026-01-10 06:00:00;643.1000;1585.5700;1409.2300;553.5300;2388.0000;9082.0600;47.6100;521.5900;2388.0500;8159.1000;8.4419;393.0000;0.5120;0;WO192792;458.21
03-Jul-2026;ENG-058;130;2026-01-06 10:00:00;642.8000;1592.8600;1413.5900;553.2900;2388.1200;9053.7700;47.5400;521.3000;2388.0900;8133.9400;8.4332;394.0000;0.6640;0;WO249834;1,106.01
03-Jul-2026;ENG-047;59;2026-01-03 11:00:00;642.6900;1594.6500;1406.7200;553.5400;2388.1500;9044.3300;47.6500;521.1000;2388.1900;8127.0300;8.4404;394.0000;1.0000;0;WO739669;585.63
03-Jul-2026;ENG-032;120;2026-01-06 00:00:00;643.2600;1588.3800;1408.0400;554.0100;2388.0500;9088.5100;47.3000;521.8700;2388.0700;8160.6200;8.3911;393.0000;0.5840;0;WO524797;1047.93
03-Jul-2026;eng-074;101;2026-01-05 05:00:00;642.2900;1589.5700;1406.4500;553.3800;2388.0700;9058.8800;47.1900;521.8000;2388.0700;8132.2200;8.4444;395.0000;1.0000;0;WO937786;1844.76
03-Jul-2026;  ENG-076 ;183;2026-01-08 15:00:00;642.8400;1598.2400;1414.5600;553.4500;2388.0600;9092.2400;47.9000;521.4600;2388.1200;8171.8300;8.4585;394.0000;0.2560;0;WO249904;534.60
2026-07-03;eng-046;125;2026-01-06 05:00:00;642.7400;1596.8400;1415.0800;553.7800;2388.0500;9076.8200;47.6000;520.8100;2388.1200;8154.8300;8.4561;392.0000;0.5440;0;WO555430;1926.58
2026-07-03;eng-008;123;2026-01-06 03:00:00;642.9000;1588.4400;1405.7300;552.9400;2388.1300;9050.6100;47.3500;521.6300;2388.1000;8129.9900;8.4296;394.0000;1.0000;0;WO448151;2,886.62
2026-07-03;  ENG-062 ;202;2026-01-09 10:00:00;642.1000;1586.5800;1407.6500;553.2800;2388.0600;9076.6100;47.5500;521.4800;2388.0100;8155.1300;8.4566;392.0000;0.6720;0;WO650766;2157.34
2026/07/03;ENG-037;104;2026-01-05 08:00:00;642.8700;1583.6100;1415.1800;552.8900;2388.1100;9040.2100;47.6100;521.0100;2388.1200;8127.0700;8.4776;393.0000;0.3040;0;WO822585;2,602.07
2026/07/03;ENG-090;141;2026-01-06 21:00:00;643.1000;1595.5800;1420.9600;553.2400;2388.1100;9082.7000;47.6500;521.4600;2388.1300;8153.2000;8.4587;393.0000;0.2640;0;WO351593;
2026-07-03;ENG-063;154;2026-01-07 10:00:00;642.5900;1593.6100;1409.9600;552.6400;2388.1400;9054.8300;47.6200;521.0900;2388.1700;8123.8100;8.4388;394.0000;0.5840;0;WO246822;730.91
2026/07/03;ENG-094;122;2026-01-06 02:00:00;643.0400;1592.4500;1416.0600;552.3500;2388.0800;9057.1900;47.6300;521.1200;2388.1200;8131.1500;8.4534;394.0000;0.5280;0;WO787335;147.43
03-Jul-2026;  ENG-051 ;133;2026-01-06 13:00:00;642.6300;1588.4700;1408.0900;552.8700;2388.0800;9054.1000;47.5200;521.8000;2388.0500;8136.0900;8.4250;392.0000;1.0000;0;WO967023;2803.54
2026/07/03;eng-092;146;2026-01-07 02:00:00;642.6000;1590.7500;1419.6300;551.9900;2388.1900;9044.5100;47.9500;520.5900;2388.2600;8121.3100;8.4806;394.0000;0.1920;1;WO325904;
03-Jul-2026;ENG-016;91;2026-01-04 19:00:00;642.8700;1577.4600;1402.8400;554.4600;2387.9900;9064.2200;47.3600;522.0000;2388.0400;8138.0100;8.4088;394.0000;0.8480;0;WO583359;2,777.92
2026/07/03;  ENG-085 ;28;2026-01-02 04:00:00;642.6600;1595.2800;1413.2200;553.1700;2388.1100;9057.2500;47.4300;521.6400;2388.1100;8134.6200;8.4345;393.0000;0.9920;0;WO817748;
03-Jul-2026;ENG-074;136;2026-01-06 16:00:00;643.1300;1589.6300;1414.3900;553.8000;2388.0500;9057.0400;47.4100;521.3100;2388.0800;8136.6600;8.4485;393.0000;;0;WO673868;571.70
03-Jul-2026;ENG-019;97;2026-01-05 01:00:00;641.7600;1582.9800;1396.4300;553.6800;2388.1000;9054.7400;47.3300;522.0000;2388.0600;8141.9600;8.4189;391.0000;1.0000;0;WO979862;784.67
03-Jul-2026;ENG-073;102;2026-01-05 06:00:00;642.2600;1582.5600;1404.9900;554.0700;2388.0600;9049.3500;47.3300;521.9600;2388.0500;8141.9800;8.3953;391.0000;1.0000;0;WO637680;318.89
03-Jul-2026;ENG-086;110;2026-01-05 14:00:00;643.0700;1586.2900;1404.8300;553.6500;2388.0500;9074.5300;47.5200;521.5200;2388.1300;8148.1400;8.4500;394.0000;0.7120;0;WO982371;2,325.81
2026-07-03;ENG-030;138;2026-01-06 18:00:00;643.3900;1594.0300;1412.8700;553.6200;2388.1800;9054.7500;47.7800;520.6000;2388.1600;8129.8800;8.4397;393.0000;0.9600;0;WO881812;
2026/07/03;ENG-069;46;2026-01-02 22:00:00;642.4700;1590.1300;1400.9800;553.5200;2388.1300;9045.8000;47.3600;521.9500;2388.1300;8129.2800;8.4076;393.0000;1.0000;0;WO381796;672.83
2026/07/03;eng-062;176;2026-01-08 08:00:00;642.2200;1581.3300;1401.2700;554.9700;2388.0300;9070.0200;47.2700;522.3200;2388.0600;8144.9600;8.4236;392.0000;0.8800;0;WO746932;1,168.78
2026/07/03;ENG-076;165;2026-01-07 21:00:00;642.8700;1589.9200;1411.2800;553.3400;2388.0700;9077.5800;47.5500;521.1700;2388.0600;8155.8000;8.4594;393.0000;0.4000;0;WO596852;2059.42
2026-07-03;ENG-035;198;2026-01-09 06:00:00;643.4000;1602.0200;1428.4200;551.7600;2388.2600;9079.8800;48.1000;519.8100;2388.2200;8153.8500;8.5141;395.0000;0.0880;1;WO278694;23056.52
2026/07/03;ENG-020;150;2026-01-07 06:00:00;643.1200;1591.8100;1413.5600;552.7900;2388.1200;9056.4400;47.5700;520.3700;2388.1000;8144.2700;8.4781;393.0000;0.4000;0;WO253520;2093.90
03-Jul-2026;eng-075;64;2026-01-03 16:00:00;642.3300;1589.2200;1403.0300;553.2800;2388.1200;9057.7400;47.3700;521.7300;2388.0700;8137.2800;8.4364;392.0000;1.0000;0;WO523482;1592.88
2026-07-03;ENG-065;55;2026-01-03 07:00:00;642.5800;1585.8300;1400.8600;554.3900;2388.0100;9061.5200;47.1000;522.3000;2388.0000;8149.6100;8.4140;392.0000;1.0000;0;WO431574;2779.68
2026/07/03;eng-096;81;2026-01-04 09:00:00;642.8900;1579.7700;1402.5200;554.0000;2388.0100;9063.7600;47.2200;522.7900;2388.0300;8150.9500;8.3729;391.0000;1.0000;0;WO855591;445.90
2026-07-03;ENG-064;115;2026-01-05 19:00:00;642.4900;1587.7100;1410.4000;553.3500;2388.1200;9054.6400;47.3300;520.8800;2388.1100;8139.7800;8.4284;394.0000;0.6480;0;WO901287;1,639.85
2026-07-03;  ENG-030 ;103;2026-01-05 07:00:00;642.4500;1587.3600;1405.9100;553.7900;2388.0900;9051.3000;47.6700;521.8900;2388.0800;8132.2900;8.4087;392.0000;1.0000;0;WO314451;2,893.96
2026/07/03;ENG-076;149;2026-01-07 05:00:00;642.7200;1594.1100;1408.9800;553.7000;2388.0500;9072.9900;47.4600;521.9200;2388.0700;8152.1900;8.4604;393.0000;0.5280;0;WO158359;1,502.04
03-Jul-2026;ENG-023;130;2026-01-06 10:00:00;642.0300;1588.7700;1403.0600;554.1500;2388.0500;9051.1000;47.2200;521.8300;2388.0800;8133.6000;8.4249;392.0000;0.9040;0;WO726322;2028.67
2026/07/03;ENG-068;179;2026-01-08 11:00:00;642.7500;1602.6700;1421.1000;552.5200;2388.1500;9083.1600;47.9900;520.3700;2388.2000;8157.8900;8.4737;395.0000;0.1280;1;WO133344;3333.98
2026-07-03;ENG-088;47;2026-01-02 23:00:00;642.9300;1588.2500;1412.4500;552.5700;2388.1700;9037.8600;47.5600;521.6700;2388.1700;8120.5600;8.4618;393.0000;1.0000;0;WO719714;1069.16
2026/07/03;  ENG-065 ;49;2026-01-03 01:00:00;642.1200;1582.5100;1398.0600;554.8200;2387.9800;9067.2300;47.2900;521.7600;2388.0100;8145.3400;8.4387;390.0000;1.0000;0;WO677896;2461.97
2026-07-03;ENG-084;144;2026-01-07 00:00:00;643.0800;1593.5300;1411.2400;553.5600;2388.1200;9048.9200;47.5300;520.9300;2388.1400;8134.5200;8.4594;394.0000;0.6880;0;WO893439;510.96
03-Jul-2026;ENG-037;85;2026-01-04 13:00:00;642.0800;1591.0300;1399.1600;553.7200;2388.0900;9047.6200;47.3700;521.5600;2388.0600;8132.3300;8.4090;392.0000;0.4560;0;WO854088;1963.96
2026-07-03;  ENG-007 ;116;2026-01-05 20:00:00;642.0800;1583.8800;1396.9400;553.8800;2388.0400;9049.6300;47.2500;522.4800;2387.9800;8142.5900;8.4270;392.0000;1.0000;0;WO547100;873.47
2026/07/03;ENG-099;68;2026-01-03 20:00:00;642.1900;1589.6100;1395.1000;554.6100;2387.9700;9062.9500;47.1100;522.6800;2388.0100;8145.7200;8.4118;390.0000;1.0000;0;WO886893;1381.94
2026-07-03;  ENG-082 ;158;2026-01-07 14:00:00;643.3000;1592.6900;1417.7400;551.8200;2388.2100;9046.8200;47.9500;519.7900;2388.2200;8128.9100;8.5007;394.0000;0.1040;1;WO466882;22,947.72
2026-07-03;  ENG-050 ;64;2026-01-03 16:00:00;642.1200;1587.0800;1402.8600;554.3800;2388.0700;9062.6300;47.3400;521.9300;2387.9700;8134.8100;8.3941;393.0000;0.7120;0;WO251441;2,326.65
2026-07-03;eng-100;192;2026-01-09 00:00:00;643.0500;1598.1800;1418.5800;553.1600;2388.0500;9141.9200;47.5700;520.9900;2388.0700;8210.2400;8.4171;395.0000;0.2080;1;WO438803;17,462.08
2026-07-03;ENG-013;160;2026-01-07 16:00:00;642.3000;1596.8100;1405.7900;554.4400;2388.0100;9059.3000;47.5700;522.1900;2388.0400;8142.2100;8.4506;394.0000;1.0000;0;WO906630;1,809.34
2026-07-03;ENG-058;150;2026-01-07 06:00:00;642.6300;1587.4600;1407.6000;553.1400;2388.1300;9054.0200;47.5300;520.7200;2388.1500;8128.3100;8.4531;394.0000;;0;WO147941;1820.12
2026-07-03;eng-093;242;2026-01-11 02:00:00;643.0600;1592.5100;1418.3200;552.8700;2388.1100;9081.4400;47.7500;520.7700;2388.1700;8155.4600;8.5153;394.0000;0.6960;0;WO889569;865.22
2026-07-03;eng-069;53;2026-01-03 05:00:00;642.8400;1589.1300;1402.6800;553.7400;2388.1200;9047.7600;47.4100;522.0000;2388.1000;8136.3300;8.4043;392.0000;0.9760;0;WO741798;1,466.09
2026/07/03;ENG-017;130;2026-01-06 10:00:00;642.5000;1587.8700;1408.4700;553.8500;2388.0300;9082.4500;47.3300;522.1400;2388.0600;8154.9000;8.4143;393.0000;0.6800;0;WO552765;2502.52
2026-07-03;ENG-063;108;2026-01-05 12:00:00;642.6200;1587.8900;1403.0900;552.9300;2388.1300;9053.0400;47.5400;520.9700;2388.1300;8129.7800;8.4425;393.0000;0.9520;0;WO137100;2153.80
2026/07/03;  ENG-008 ;124;2026-01-06 04:00:00;641.8500;1592.7400;1404.5700;553.6500;2388.1400;9053.0600;47.5000;521.4600;2388.0600;8134.7900;8.4459;394.0000;1.0000;0;WO420018;662.39
2026/07/03;ENG-095;87;2026-01-04 15:00:00;642.5800;1590.2400;1402.5900;553.3900;2388.0800;9053.5300;47.3700;521.4300;2388.0200;8127.1500;8.4133;392.0000;1.0000;0;WO491912;465.35
2026-07-03;ENG-036;109;2026-01-05 13:00:00;642.9800;1603.9100;1411.7500;552.4100;2388.1600;9054.7600;47.6800;520.2000;2388.1900;8143.1700;8.4851;396.0000;0.2880;0;WO166125;1766.52
2026-07-03;ENG-029;135;2026-01-06 15:00:00;642.4500;1590.0300;1402.3400;554.1100;2387.9800;9074.4600;47.5500;522.0200;2388.0400;8147.5400;8.3950;394.0000;;0;WO566388;1946.85
2026/07/03;ENG-038;122;2026-01-06 02:00:00;642.7300;1590.7600;1414.8000;553.0000;2388.1100;9073.0400;47.6100;520.9800;2388.1000;8152.8200;8.4780;395.0000;0.4240;0;WO185310;116.68
2026/07/03;ENG-037;113;2026-01-05 17:00:00;642.6000;1597.9300;1410.0000;552.8600;2388.1900;9039.7600;47.5300;520.7800;2388.1800;8123.5700;8.4513;394.0000;0.2320;1;WO118209;6963.89
03-Jul-2026;ENG-041;108;2026-01-05 12:00:00;642.7500;1585.5600;1410.0300;552.8100;2388.1700;9039.9500;47.4600;520.8700;2388.1600;8116.9700;8.4502;394.0000;0.2640;0;WO748996;2309.23
2026-07-03;ENG-088;52;2026-01-03 04:00:00;642.4000;1594.1400;1400.8000;553.2300;2388.0900;9047.0700;47.4600;521.1600;2388.1500;8116.0000;8.4407;392.0000;1.0000;0;WO985730;675.08
2026-07-03;ENG-034;183;2026-01-08 15:00:00;642.9300;1597.3700;1424.2600;551.9800;2388.1900;9059.7400;47.6800;520.8800;2388.1700;8133.0100;8.4648;394.0000;0.2160;1;WO176979;11218.26
2026-07-03;ENG-055;94;2026-01-04 22:00:00;641.7600;1589.5100;1403.3700;554.5500;2388.1000;9055.1900;47.5300;521.9900;2388.0100;8133.8800;8.4071;392.0000;1.0000;0;WO107498;2069.89
2026-07-03;ENG-029;146;2026-01-07 02:00:00;642.6300;1580.5400;1402.6800;553.5300;2388.0700;9069.1800;47.4400;522.0800;2388.0300;8148.5700;8.4553;392.0000;0.9200;0;WO940217;1984.19
03-Jul-2026;  ENG-031 ;153;2026-01-07 09:00:00;642.5400;1594.5300;1413.3800;552.8100;2388.1200;9082.0300;47.7000;521.4100;2388.1000;8153.5900;8.4195;393.0000;;0;WO691230;1,780.92
03-Jul-2026;ENG-094;120;2026-01-06 00:00:00;643.3800;1596.0100;1414.9400;552.9800;2388.1200;9064.2700;47.7100;520.9300;2388.1100;8138.3100;8.4767;395.0000;0.5440;0;WO980267;2257.19
2026-07-03;ENG-058;142;2026-01-06 22:00:00;642.8800;1585.0800;1408.0400;553.4600;2388.1100;9052.0700;47.5600;521.7500;2388.1400;8134.2800;8.4536;392.0000;0.5680;0;WO844365;2,589.35
03-Jul-2026;  ENG-051 ;132;2026-01-06 12:00:00;642.7600;1582.1300;1406.0300;552.9600;2388.1200;9056.0300;47.6700;521.3200;2388.1300;8127.2300;8.4310;391.0000;1.0000;0;WO696951;2,989.21
03-Jul-2026;ENG-098;97;2026-01-05 01:00:00;642.7800;1587.8500;1409.9000;552.8600;2388.0700;9058.0600;47.4600;521.5400;2388.0800;8137.6400;8.4153;393.0000;0.6640;0;WO939857;1894.09
2026/07/03;  ENG-062 ;163;2026-01-07 19:00:00;641.7000;1591.4000;1407.6900;554.6500;2388.0700;9064.1900;47.4500;521.4800;2388.0000;8145.1400;8.4072;391.0000;0.9840;0;WO338866;2,392.97
03-Jul-2026;eng-010;186;2026-01-08 18:00:00;642.4400;1592.6400;1405.9700;553.4600;2388.0800;9061.8700;47.4500;521.7300;2388.0800;8142.1800;8.4315;393.0000;0.8160;0;WO643747;1743.98
03-Jul-2026;eng-021;128;2026-01-06 08:00:00;642.4300;1585.6400;1405.4600;554.5100;2388.0600;9073.7800;47.3700;521.8900;2387.9800;8153.9500;8.4323;393.0000;0.6160;0;WO665065;1219.52
03-Jul-2026;ENG-056;102;2026-01-05 06:00:00;643.2800;1590.1600;1413.6000;552.9800;2388.1900;9046.2300;47.6100;520.9200;2388.1400;8120.1200;8.4858;394.0000;0.3920;0;WO451429;
03-Jul-2026;ENG-054;82;2026-01-04 10:00:00;641.9600;1580.2500;1403.3700;554.4800;2388.0000;9057.2200;47.1000;522.7000;2387.9800;8140.5800;8.4019;391.0000;1.0000;0;WO964741;1817.37
2026-07-03;ENG-044;50;2026-01-03 02:00:00;642.6600;1583.0100;1407.2500;553.4400;2388.0700;9050.2300;47.3600;522.1200;2388.0700;8135.3800;8.3894;393.0000;0.9040;0;WO759976;1,112.17
03-Jul-2026;eng-053;133;2026-01-06 13:00:00;642.7800;1591.6000;1406.4300;553.5400;2388.1200;9081.6600;47.3300;521.5800;2388.0900;8152.1500;8.4366;393.0000;0.4560;0;WO191601;2712.08
2026-07-03;ENG-093;222;2026-01-10 06:00:00;643.2800;1592.9400;1414.7800;552.6900;2388.1300;9072.8800;47.8200;520.5700;2388.1500;8143.9800;8.4789;393.0000;;0;WO811158;1,589.86
2026/07/03;eng-040;97;2026-01-05 01:00:00;642.7600;1590.7200;1411.6100;552.8700;2388.1300;9058.0900;47.8400;521.0300;2388.2100;8135.3600;8.4955;394.0000;0.5120;0;WO456740;1,743.63
03-Jul-2026;ENG-021;129;2026-01-06 09:00:00;642.0400;1590.5400;1409.1100;554.4700;2387.9800;9071.3100;47.3800;522.1500;2388.0000;8146.6600;8.4268;392.0000;0.6080;0;WO517279;2993.80
2026-07-03;ENG-089;136;2026-01-06 16:00:00;642.5800;1591.0300;1399.8800;553.5200;2388.0900;9046.9900;47.4800;521.2900;2388.0600;8128.9900;8.4503;392.0000;1.0000;0;WO434738;2,691.96
2026-07-03;ENG-052;139;2026-01-06 19:00:00;641.9300;1581.0900;1401.3300;554.1100;2388.0800;9073.1300;47.3000;522.0400;2388.0300;8153.7300;8.4208;394.0000;0.6320;0;WO438845;256.46
03-Jul-2026;ENG-036;117;2026-01-05 21:00:00;643.1000;1593.6900;1420.7100;552.2700;2388.2100;9059.8400;47.8600;520.1700;2388.1400;8141.3200;8.4843;396.0000;0.2240;1;WO887300;7,823.48
2026-07-03;eng-089;128;2026-01-06 08:00:00;642.8100;1582.9000;1409.3200;553.6500;2388.1100;9042.9200;47.4200;521.7600;2388.1100;8126.9700;8.4757;394.0000;1.0000;0;WO589370;2890.08
2026-07-03;  ENG-073 ;107;2026-01-05 11:00:00;642.3100;1579.5200;1406.0800;554.3200;2388.0700;9053.2400;47.3200;521.6900;2388.0400;8134.7200;8.3734;391.0000;1.0000;0;WO669711;2,144.88
2026/07/03;eng-053;149;2026-01-07 05:00:00;641.9800;1594.3700;1412.2000;552.8400;2388.0400;9089.1500;47.7100;521.2000;2387.9800;8167.1000;8.4571;395.0000;0.3280;0;WO415676;901.25
03-Jul-2026;  ENG-013 ;178;2026-01-08 10:00:00;642.3300;1590.2000;1403.4500;553.8700;2388.0500;9060.8000;47.4100;521.1600;2388.0500;8141.9200;8.4240;393.0000;0.8960;0;WO753051;245.85
2026/07/03;ENG-013;185;2026-01-08 17:00:00;642.4300;1584.4200;1408.5600;553.2200;2388.1100;9067.6100;47.4900;521.6600;2388.0900;8137.2500;8.4301;392.0000;0.8400;0;WO453534;1889.41
2026-07-03;ENG-043;119;2026-01-05 23:00:00;642.5500;1590.5100;1401.0100;553.4300;2388.0800;9054.8400;47.6100;521.2400;2388.0500;8132.1800;8.4638;392.0000;0.8960;0;WO948964;1,978.20
2026-07-03;ENG-003;94;2026-01-04 22:00:00;642.6800;1588.4000;1413.4900;552.8300;2388.1600;9056.8000;47.6400;521.2300;2388.1100;8131.8300;8.4445;394.0000;0.8080;0;WO166325;942.64
2026-07-03;ENG-060;138;2026-01-06 18:00:00;642.4500;1583.0400;1405.9700;553.3800;2388.1300;9056.5700;47.5200;521.4900;2388.1200;8133.3400;8.4162;394.0000;;0;WO311403;458.03
03-Jul-2026;ENG-004;80;2026-01-04 08:00:00;642.5600;1594.9200;1408.4900;553.0200;2388.1400;9050.1300;47.5600;521.3500;2388.1100;8136.5100;8.4258;393.0000;0.8640;0;WO956021;1274.59
2026/07/03;  ENG-003 ;102;2026-01-05 06:00:00;643.3900;1589.5100;1409.8900;553.1300;2388.1400;9053.0600;47.6100;521.0400;2388.1000;8130.4800;8.4504;393.0000;0.7440;0;WO646011;616.67
2026/07/03;eng-013;147;2026-01-07 03:00:00;642.4900;1586.1500;1400.4600;553.7900;2388.1000;9060.5500;47.2600;521.6500;2388.0000;8141.7700;8.4371;393.0000;1.0000;0;WO522734;2,870.19
2026-07-03;ENG-073;93;2026-01-04 21:00:00;642.3300;1582.7000;1401.5100;554.4200;2388.0000;9050.8200;47.3800;521.8900;2388.0600;8137.4900;8.4285;392.0000;1.0000;0;WO282092;2460.47
2026/07/03;ENG-073;110;2026-01-05 14:00:00;642.8300;1588.2200;1405.1500;554.2900;2388.0500;9061.5300;47.5400;522.2700;2388.0700;8137.9400;8.4313;391.0000;1.0000;0;WO340355;656.02
2026-07-03;ENG-029;129;2026-01-06 09:00:00;642.7100;1589.4900;1397.9300;553.9900;2387.9400;9061.4600;47.4000;522.0400;2388.0800;8138.4200;8.4162;393.0000;1.0000;0;WO729581;1,218.45
03-Jul-2026;ENG-008;132;2026-01-06 12:00:00;642.8700;1583.5100;1414.4700;553.9100;2388.1100;9052.0400;47.3700;521.8400;2388.1300;8131.8500;8.4365;393.0000;1.0000;0;WO688727;1,774.85
03-Jul-2026;  ENG-049 ;279;2026-01-12 15:00:00;643.7800;1597.9300;1412.5200;552.6900;2388.1700;9056.8600;47.8000;520.7700;2388.2200;8128.8100;8.4699;394.0000;0.3600;0;WO820891;2196.00
03-Jul-2026;ENG-028;139;2026-01-06 19:00:00;642.2700;1594.1300;1406.2500;553.4500;2388.0800;9059.1600;47.4300;521.9300;2388.1000;8132.8500;8.4394;394.0000;0.9280;0;WO797839;1379.45
2026-07-03;ENG-093;173;2026-01-08 05:00:00;642.8600;1595.3700;1410.7400;553.5100;2388.0600;9067.8400;47.6500;521.3400;2388.0700;8141.3400;8.4347;393.0000;1.0000;0;WO881359;2863.09
03-Jul-2026;  ENG-070 ;152;2026-01-07 08:00:00;642.7100;1588.5600;1406.4900;553.0100;2388.1000;9054.8400;47.6700;521.6500;2388.1100;8133.8800;8.4349;394.0000;0.7520;0;WO257640;1456.32
2026-07-03;  ENG-043 ;125;2026-01-06 05:00:00;642.3000;1594.6500;1392.5500;554.3800;2388.0800;9049.4000;47.4000;521.4600;2388.0900;8135.3200;8.4247;393.0000;0.8480;0;WO871095;2,575.40
03-Jul-2026;ENG-082;117;2026-01-05 21:00:00;642.5700;1592.6600;1407.5200;553.0300;2388.1800;9056.3000;47.6600;521.0400;2388.0700;8132.5100;8.4507;391.0000;0.4320;0;WO850702;859.76
03-Jul-2026;eng-072;102;2026-01-05 06:00:00;642.6700;1589.6900;1409.4400;553.9300;2388.0700;9073.8200;47.3400;521.6500;2388.0400;8147.3700;8.4044;391.0000;0.6320;0;WO374786;2,664.81
03-Jul-2026;  ENG-032 ;105;2026-01-05 09:00:00;642.2800;1581.8600;1400.6500;554.0900;2388.0200;9085.8000;47.3000;522.3200;2387.9500;8153.1500;8.4308;392.0000;0.7040;0;WO130199;2569.87
03-Jul-2026;ENG-049;266;2026-01-12 02:00:00;643.0800;1593.0800;1411.5400;552.8000;2388.1500;9061.6700;47.6700;521.4900;2388.1100;8137.3600;8.4590;393.0000;0.4640;0;WO494685;364.46
2026-07-03;ENG-039;30;2026-01-02 06:00:00;642.2500;1582.5700;1393.6700;553.7500;2388.0600;9055.8900;47.1700;521.9200;2388.0700;8143.3100;8.4056;392.0000;1.0000;0;WO531493;
2026-07-03;ENG-062;200;2026-01-09 08:00:00;642.8000;1586.2800;1403.3900;554.3200;2388.0500;9078.2600;47.2900;521.5800;2388.0300;8151.1400;8.4035;391.0000;0.6880;0;WO516045;2513.69
03-Jul-2026;ENG-056;134;2026-01-06 14:00:00;643.1000;1596.1900;1426.3200;552.2500;2388.2800;9049.5200;47.9900;520.3600;2388.3200;8125.0300;8.4924;395.0000;0.1360;1;WO510872;10744.13
2026-07-03;ENG-012;177;2026-01-08 09:00:00;641.7800;1585.1100;1396.7000;553.8300;2388.0700;9062.5100;47.0800;521.8700;2388.0200;8146.0900;8.4320;395.0000;1.0000;0;WO956482;1887.85
2026/07/03;  ENG-089 ;148;2026-01-07 04:00:00;642.9300;1591.6300;1400.5800;553.1300;2388.1000;9045.6200;47.6600;521.9700;2388.0900;8131.2900;8.4210;392.0000;1.0000;0;WO482051;2,152.30
03-Jul-2026;ENG-082;134;2026-01-06 14:00:00;642.4600;1594.9900;1410.9700;552.9200;2388.1200;9060.4200;47.6500;520.8900;2388.1200;8136.0400;8.4412;392.0000;0.2960;0;WO574966;2,606.47
2026-07-03;ENG-035;140;2026-01-06 20:00:00;642.8400;1593.8100;1417.6000;553.1700;2388.2000;9058.7700;47.6400;521.1000;2388.1600;8136.5800;8.4942;394.0000;0.5520;0;WO526333;939.11
03-Jul-2026;ENG-100;195;2026-01-09 03:00:00;643.2200;1595.6900;1422.0500;553.2200;2388.0500;9140.6800;47.6000;521.0500;2388.0900;8210.8500;8.4512;395.0000;0.1840;1;WO327841;11,306.16
2026/07/03;ENG-019;130;2026-01-06 10:00:00;641.7800;1587.2800;1400.2200;553.4000;2388.1300;9062.9700;47.4400;521.5500;2388.0700;8138.1200;8.4228;392.0000;0.7360;0;WO238958;1252.79
2026-07-03;eng-091;157;2026-01-07 13:00:00;643.5400;1597.1700;1413.2400;553.7800;2388.1300;9050.8700;47.7600;521.2500;2388.1400;8124.3800;8.4608;394.0000;0.9200;0;WO251114;
03-Jul-2026;eng-010;182;2026-01-08 14:00:00;642.0500;1589.7600;1399.2300;553.8200;2388.0800;9065.6900;47.5300;521.4800;2388.0500;8146.6100;8.4247;392.0000;0.8480;0;WO106401;203.87
2026/07/03;  ENG-041 ;116;2026-01-05 20:00:00;642.2700;1594.3100;1412.2700;553.6000;2388.1300;9043.1200;47.7100;521.2800;2388.1700;8117.1300;8.4405;395.0000;0.2000;1;WO159414;15,184.04
2026/07/03;ENG-061;121;2026-01-06 01:00:00;642.4400;1591.9400;1408.7100;553.1200;2388.1200;9068.8700;47.3400;521.0300;2388.0800;8152.2100;8.4045;393.0000;0.4720;0;WO252112;753.49
03-Jul-2026;ENG-089;154;2026-01-07 10:00:00;642.3500;1589.2900;1408.9300;553.3700;2388.1200;9053.9100;47.5100;521.9400;2388.1000;8131.2600;8.4210;393.0000;1.0000;0;WO716902;2752.25
2026-07-03;ENG-034;166;2026-01-07 22:00:00;642.8600;1589.4600;1415.1000;553.0500;2388.1600;9061.7400;47.8100;521.0200;2388.0600;8132.4700;8.4253;393.0000;0.3520;0;WO152730;1266.01
2026-07-03;ENG-066;116;2026-01-05 20:00:00;642.9500;1590.7500;1409.6600;553.6300;2388.0500;9088.8100;47.6000;521.4900;2388.0900;8161.0400;8.4787;395.0000;0.3600;0;WO608949;812.24
2026-07-03;ENG-070;134;2026-01-06 14:00:00;642.8200;1592.7400;1416.1600;553.2500;2388.1700;9054.9100;47.5400;521.6700;2388.1700;8133.7700;8.4300;392.0000;0.8960;0;WO274986;1,699.45
2026-07-03;ENG-020;154;2026-01-07 10:00:00;643.1400;1595.5100;1412.1300;552.4800;2388.1100;9066.4000;47.7200;521.2400;2388.1200;8139.7700;8.4719;393.0000;0.3680;0;WO730742;1200.28
2026/07/03;ENG-038;89;2026-01-04 17:00:00;642.1300;1592.0000;1410.5500;552.8700;2388.1500;9056.8600;47.7200;521.7400;2388.1400;8136.1600;8.4648;393.0000;0.6880;0;WO401045;233.34
03-Jul-2026;ENG-023;119;2026-01-05 23:00:00;642.5900;1581.7300;1395.8000;553.9800;2388.0400;9046.5300;47.1900;522.0000;2388.0500;8128.9500;8.4147;391.0000;0.9920;0;WO880853;248.61
2026-07-03;ENG-023;102;2026-01-05 06:00:00;642.2400;1591.0200;1404.0800;553.6500;2388.0400;9056.0800;47.3000;521.9500;2388.0200;8132.7300;8.3981;393.0000;1.0000;0;WO615606;1,314.33
2026/07/03;ENG-018;108;2026-01-05 12:00:00;643.2000;1587.3600;1405.2800;553.5300;2388.0700;9059.5800;47.4700;522.1500;2388.0900;8139.2800;8.4482;393.0000;0.4240;0;WO716442;1653.51
2026-07-03;ENG-090;104;2026-01-05 08:00:00;642.1500;1588.9100;1409.8500;553.4700;2388.1500;9066.0300;47.7200;521.1900;2388.1400;8144.6600;8.4284;392.0000;0.5600;0;WO544649;2794.17
03-Jul-2026;ENG-060;141;2026-01-06 21:00:00;642.3800;1590.1700;1417.3300;553.1200;2388.1200;9053.9300;47.3700;521.5300;2388.1400;8137.2200;8.4642;392.0000;0.8480;0;WO729882;1,387.77
03-Jul-2026;ENG-056;100;2026-01-05 04:00:00;643.2700;1596.2700;1413.6000;552.3700;2388.1800;9043.2700;47.7600;520.3700;2388.2000;8124.4500;8.4638;396.0000;0.4080;0;WO323724;2381.10
03-Jul-2026;ENG-007;129;2026-01-06 09:00:00;642.0700;1580.1300;1399.6800;553.8000;2387.9900;9069.2600;47.0300;521.9700;2388.0400;8151.4700;8.3928;393.0000;0.9760;0;WO908058;2608.78
03-Jul-2026;  ENG-055 ;111;2026-01-05 15:00:00;642.7700;1585.5800;1412.9700;553.7200;2388.0500;9054.4800;47.4600;521.8200;2388.0700;8140.7700;8.4367;393.0000;1.0000;0;WO320135;1742.88
2026/07/03;ENG-066;142;2026-01-06 22:00:00;643.2500;1599.4800;1422.5700;552.4600;2388.0900;9115.7500;47.6100;520.3500;2388.1700;8184.4100;8.4419;394.0000;;1;WO174807;24387.70
03-Jul-2026;eng-024;153;2026-01-07 09:00:00;642.6700;1595.1700;1412.7400;554.5700;2388.0500;9098.2400;47.4800;522.1600;2388.0200;8175.2700;8.4102;392.0000;;0;WO695889;1660.80
2026-07-03;  ENG-046 ;126;2026-01-06 06:00:00;642.8300;1587.8900;1409.7900;552.9800;2388.0600;9070.9800;47.8600;520.8000;2388.1200;8151.4300;8.4727;394.0000;0.5360;0;WO586123;2136.58
03-Jul-2026;ENG-059;92;2026-01-04 20:00:00;642.0200;1585.1100;1405.9700;553.6400;2388.0000;9052.7700;47.1500;521.8200;2388.0400;8142.0700;8.4307;392.0000;0.9280;0;WO723179;334.25
2026-07-03;ENG-005;71;2026-01-03 23:00:00;643.1100;1587.4000;1401.6600;553.3400;2388.1900;9057.8800;47.5900;521.6200;2388.1200;8133.8800;8.4428;394.0000;0.9440;0;WO471156;727.18
2026/07/03;ENG-086;81;2026-01-04 09:00:00;642.7800;1579.4000;1409.9500;553.7000;2388.0500;9063.4000;47.4700;521.6200;2388.0900;8145.2400;8.4375;392.0000;0.9440;0;WO118815;2295.79
2026-07-03;ENG-043;140;2026-01-06 20:00:00;642.2600;1595.1900;1412.4000;552.9600;2388.0900;9050.4600;47.5400;521.1500;2388.1100;8130.7500;8.4243;391.0000;0.7280;0;WO262501;1780.44
2026/07/03;eng-017;151;2026-01-07 07:00:00;642.7000;1596.0300;1410.2900;552.7200;2388.0600;9089.3300;47.5500;521.7700;2388.0700;8168.9400;8.4517;393.0000;0.5120;0;WO511181;736.52
03-Jul-2026;ENG-058;147;2026-01-07 03:00:00;643.1200;1592.4600;1414.8000;553.1900;2388.0900;9057.5700;47.4800;521.2800;2388.0800;8135.1100;8.4552;393.0000;0.5280;0;WO489041;266.30
03-Jul-2026;ENG-032;111;2026-01-05 15:00:00;642.3300;1581.4600;1408.3300;554.6500;2388.0200;9089.0300;47.3300;522.2800;2388.0000;8159.4800;8.4236;393.0000;0.6560;0;WO835928;524.20
2026/07/03;ENG-013;157;2026-01-07 13:00:00;642.1400;1588.4000;1403.2400;554.2900;2388.0300;9057.3800;47.5000;521.9400;2388.0100;8142.5900;8.4156;393.0000;1.0000;0;WO954657;366.70
2026/07/03;ENG-076;180;2026-01-08 12:00:00;642.9100;1591.5800;1412.3100;553.2200;2388.0800;9089.5000;47.7300;520.8000;2388.1400;8157.8600;8.4727;394.0000;0.2800;0;WO847455;
2026-07-03;eng-059;87;2026-01-04 15:00:00;642.0400;1592.9800;1405.4200;553.7700;2388.0000;9057.6500;47.2000;522.4100;2388.0400;8140.1700;8.3873;393.0000;0.9680;0;WO357849;526.28
2026/07/03;ENG-097;109;2026-01-05 13:00:00;642.6400;1590.1500;1407.6300;554.0300;2388.0000;9076.1800;47.4400;521.8500;2387.9700;8152.3100;8.4170;392.0000;0.8560;0;WO542969;395.70
03-Jul-2026;ENG-042;126;2026-01-06 06:00:00;642.6800;1589.5800;1402.3200;552.5200;2388.1100;9044.0100;47.4800;521.3700;2388.1100;8118.2800;8.4383;393.0000;0.3200;0;WO775707;2,584.13
2026-07-03;ENG-078;66;2026-01-03 18:00:00;642.2500;1588.4900;1396.8400;554.4300;2387.9700;9069.9100;46.9800;522.0600;2387.9300;8147.3900;8.4066;392.0000;0.9040;0;WO179568;2,512.40
2026/07/03;eng-100;180;2026-01-08 12:00:00;642.6500;1593.4700;1415.7900;553.9300;2388.0400;9109.3700;47.6100;521.5800;2388.0700;8193.0200;8.5022;392.0000;0.3040;0;WO966708;1456.07
2026/07/03;ENG-065;67;2026-01-03 19:00:00;642.3500;1587.2500;1397.0200;554.9500;2388.0000;9068.5100;47.1100;522.4400;2387.9200;8147.3600;8.3916;392.0000;1.0000;0;WO358268;1,906.02
03-Jul-2026;ENG-073;109;2026-01-05 13:00:00;642.0200;1588.4100;1400.3800;553.9300;2388.0400;9058.7000;47.4300;521.9700;2388.0800;8135.0100;8.4125;393.0000;1.0000;0;WO375088;2681.44
2026-07-03;ENG-004;77;2026-01-04 05:00:00;642.4500;1593.8800;1407.8400;553.6100;2388.1200;9052.5300;47.5600;521.4500;2388.1000;8136.3100;8.4510;390.0000;0.8880;0;WO404563;2,961.71
2026/07/03;ENG-008;115;2026-01-05 19:00:00;642.7100;1592.8800;1406.5500;553.3000;2388.1700;9050.1200;47.4200;521.1900;2388.1400;8131.8900;8.4360;392.0000;1.0000;0;WO489991;411.06
2026-07-03;eng-093;204;2026-01-09 12:00:00;643.2800;1594.8700;1414.5400;553.2900;2388.2200;9067.1000;47.6800;521.3500;2388.1200;8147.7000;8.4480;395.0000;1.0000;0;WO149761;2349.50
2026-07-03;eng-019;135;2026-01-06 15:00:00;642.7900;1588.8800;1406.3200;553.8700;2388.1000;9055.5400;47.3500;521.4800;2388.0600;8140.2000;8.4768;393.0000;0.6960;0;WO728535;1009.91
2026/07/03;ENG-068;160;2026-01-07 16:00:00;643.1400;1591.1100;1416.5400;553.0500;2388.1200;9075.4100;47.7900;521.3200;2388.1300;8147.7100;8.4718;394.0000;0.2800;0;WO775130;2,517.53
2026-07-03;  ENG-022 ;34;2026-01-02 10:00:00;642.7600;1588.0900;1402.4100;553.6300;2388.0500;9052.2400;47.2100;522.2300;2388.1500;8131.3800;8.4424;392.0000;0.9280;0;WO588372;2823.87
2026/07/03;ENG-015;54;2026-01-03 06:00:00;642.5400;1597.4500;1405.1900;554.0000;2387.9900;9059.0800;47.1900;522.1200;2388.0600;8140.0700;8.3933;392.0000;0.8400;0;WO362006;2924.46
2026/07/03;ENG-063;117;2026-01-05 21:00:00;643.1500;1588.3900;1412.4800;551.9500;2388.1400;9048.5200;47.5200;521.0100;2388.1100;8132.7500;8.4608;393.0000;0.8800;0;WO824523;2505.31
2026/07/03;ENG-020;166;2026-01-07 22:00:00;642.9900;1591.9900;1412.3800;552.9400;2388.1700;9066.0600;47.7400;520.6500;2388.1900;8142.4500;8.4764;393.0000;0.2720;0;WO903154;849.48
03-Jul-2026;ENG-048;68;2026-01-03 20:00:00;642.6400;1594.4200;1402.3400;553.9900;2388.1000;9063.1000;47.4100;521.8000;2388.1100;8139.9200;8.4273;393.0000;;0;WO223035;2772.05
03-Jul-2026;eng-021;140;2026-01-06 20:00:00;642.3400;1590.8000;1398.9900;553.4000;2388.0400;9082.7700;47.4900;521.8500;2388.0600;8160.5600;8.3907;392.0000;0.5200;0;WO878494;2,678.33
2026-07-03;eng-062;165;2026-01-07 21:00:00;642.2500;1589.1400;1398.6700;554.1300;2387.9800;9058.9000;47.3000;522.0900;2388.0300;8143.0400;8.4173;392.0000;0.9680;0;WO258884;2515.61
03-Jul-2026;eng-073;92;2026-01-04 20:00:00;641.6400;1591.1700;1396.4300;554.0100;2388.0700;9054.2700;47.1400;522.0100;2388.0100;8140.9300;8.4249;391.0000;1.0000;0;WO829615;308.63
03-Jul-2026;  ENG-024 ;151;2026-01-07 07:00:00;642.6500;1588.7600;1409.1900;553.8900;2388.0200;9103.3300;47.4500;522.0800;2388.0600;8179.3300;8.4239;393.0000;0.4400;0;WO527967;1,653.83
03-Jul-2026;  ENG-038 ;90;2026-01-04 18:00:00;643.2100;1589.6000;1415.4400;553.2900;2388.1200;9061.8000;47.8000;521.0100;2388.1900;8138.8400;8.4270;393.0000;0.6800;0;WO221185;2,633.96
2026/07/03;ENG-013;181;2026-01-08 13:00:00;642.3800;1586.7900;1407.0100;554.1300;2388.0400;9054.4900;47.5000;521.8000;2388.0400;8141.4500;8.4077;392.0000;0.8720;0;WO197272;2650.11
03-Jul-2026;ENG-078;53;2026-01-03 05:00:00;641.8400;1587.3600;1396.0400;554.4600;2388.0400;9056.2600;47.2600;523.0000;2388.0000;8141.0100;8.3882;390.0000;1.0000;0;WO144205;968.91
03-Jul-2026;ENG-089;161;2026-01-07 17:00:00;642.5800;1596.4600;1405.8600;554.0400;2388.1400;9054.7500;47.5700;521.8400;2388.1100;8132.2600;8.4087;392.0000;1.0000;0;WO930070;886.78
2026-07-03;ENG-018;123;2026-01-06 03:00:00;642.5100;1591.0300;1403.1200;553.6300;2388.1600;9057.3600;47.4900;520.7000;2388.1200;8132.0400;8.4419;391.0000;0.3040;0;WO214038;1880.58
2026-07-03;ENG-007;149;2026-01-07 05:00:00;641.8200;1586.9600;1401.7600;554.0600;2388.0300;9065.3600;47.3000;521.8600;2388.0300;8148.7000;8.3916;391.0000;0.8160;0;WO866341;2267.07
03-Jul-2026;ENG-038;108;2026-01-05 12:00:00;642.9600;1597.7300;1411.7900;553.2300;2388.1300;9076.5700;47.5900;521.2500;2388.0900;8139.5900;8.4741;393.0000;0.5360;0;WO903029;1902.46
2026/07/03;eng-100;187;2026-01-08 19:00:00;642.4000;1595.1900;1416.9500;552.9000;2388.0200;9126.4400;47.8400;521.5300;2388.0500;8197.5600;8.4632;394.0000;0.2480;0;WO369638;2034.66
2026/07/03;ENG-093;169;2026-01-08 01:00:00;642.9300;1592.2800;1410.4600;553.5500;2388.1500;9064.0700;47.5000;521.0000;2388.0900;8141.4200;8.4387;394.0000;1.0000;0;WO810890;440.21
2026-07-03;ENG-095;72;2026-01-04 00:00:00;641.9500;1583.9500;1400.5700;553.8900;2388.0900;9048.7500;47.4000;521.8900;2388.0500;8129.4800;8.4100;393.0000;1.0000;0;WO498217;1,151.51
2026-07-03;ENG-053;146;2026-01-07 02:00:00;642.7500;1587.7300;1415.1700;553.2900;2388.0500;9087.0200;47.4600;521.2400;2388.0200;8160.0600;8.4772;393.0000;0.3520;0;WO576080;1334.08
03-Jul-2026;ENG-089;160;2026-01-07 16:00:00;642.6200;1587.9300;1412.8100;554.0500;2388.1100;9052.3500;47.4300;521.1000;2388.1300;8131.8400;8.4593;392.0000;1.0000;0;WO631502;469.95
2026/07/03;  ENG-043 ;120;2026-01-06 00:00:00;641.9400;1587.1900;1400.8800;553.8300;2388.0300;9047.5800;47.3500;521.3100;2388.0900;8133.4400;8.4201;393.0000;0.8880;0;WO457513;2579.74
03-Jul-2026;eng-007;121;2026-01-06 01:00:00;642.0400;1586.1800;1404.8100;554.1600;2388.0400;9063.0100;47.1300;522.1400;2387.9700;8143.7400;8.3722;391.0000;1.0000;0;WO297297;678.90
2026/07/03;ENG-034;187;2026-01-08 19:00:00;643.4900;1595.8300;1416.7500;552.5000;2388.1800;9054.3100;47.9800;520.4300;2388.1800;8128.8500;8.5000;395.0000;0.1840;1;WO107097;22,074.21
2026-07-03;ENG-008;122;2026-01-06 02:00:00;642.8800;1590.4700;1401.0300;553.2800;2388.1200;9045.8600;47.6400;521.8500;2388.1000;8135.6700;8.4187;394.0000;1.0000;0;WO575011;1316.15
2026/07/03;ENG-042;152;2026-01-07 08:00:00;643.3800;1590.1900;1424.1900;551.9600;2388.2300;9042.8800;47.9900;520.2200;2388.2000;8108.5000;8.4692;395.0000;0.1120;1;WO171850;
03-Jul-2026;ENG-028;138;2026-01-06 18:00:00;642.3200;1592.1500;1409.1800;553.6800;2388.1300;9049.9000;47.4900;521.4200;2388.0900;8140.1200;8.4596;393.0000;0.9360;0;WO818309;2323.31
2026/07/03;  ENG-032 ;116;2026-01-05 20:00:00;642.2000;1583.4500;1399.4100;554.6500;2387.9500;9079.6600;47.2300;521.9600;2387.9900;8158.0100;8.4102;392.0000;0.6160;0;WO692552;2,315.66
03-Jul-2026;eng-007;152;2026-01-07 08:00:00;641.5700;1589.0800;1399.0400;553.9200;2388.0000;9069.5100;47.3100;521.8900;2388.0200;8144.8700;8.4226;394.0000;0.7920;0;WO632971;141.89
2026/07/03;ENG-065;64;2026-01-03 16:00:00;641.9900;1584.0500;1397.2200;553.9500;2387.9800;9067.9000;47.3200;521.9500;2388.1000;8147.3600;8.4120;393.0000;1.0000;0;WO951032;
2026/07/03;  ENG-074 ;129;2026-01-06 09:00:00;642.3900;1591.3000;1404.8100;553.0400;2388.0900;9068.4300;47.4500;521.0900;2388.0700;8144.7600;8.4303;394.0000;1.0000;0;WO929999;2819.55
03-Jul-2026;eng-056;121;2026-01-06 01:00:00;643.2300;1596.9500;1418.9700;551.8200;2388.2400;9044.9200;47.9600;520.6700;2388.2600;8117.6400;8.4867;394.0000;0.2400;1;WO381972;8886.38
03-Jul-2026;ENG-038;85;2026-01-04 13:00:00;642.6600;1595.3200;1414.4500;552.5900;2388.0600;9055.8300;47.6000;520.8400;2388.1100;8142.3000;8.4505;395.0000;0.7200;0;WO637869;2478.91
2026/07/03;ENG-070;144;2026-01-07 00:00:00;643.2200;1591.9000;1408.3200;553.3000;2388.1500;9052.7400;47.6600;521.2500;2388.1000;8132.5300;8.4060;393.0000;0.8160;0;WO719859;1942.72
2026-07-03;ENG-096;66;2026-01-03 18:00:00;642.6400;1585.8900;1396.7700;554.2100;2387.9700;9066.1400;47.2100;522.0700;2387.9800;8144.9400;8.4303;391.0000;1.0000;0;WO694295;384.93
03-Jul-2026;ENG-056;116;2026-01-05 20:00:00;643.2600;1594.9200;1423.3100;552.6800;2388.2600;9032.0900;47.7700;521.0400;2388.2400;8117.5700;8.4666;394.0000;0.2800;0;WO391483;340.22
03-Jul-2026;ENG-032;115;2026-01-05 19:00:00;642.0000;1586.2000;1405.6900;553.6800;2387.9800;9074.0000;47.3000;522.3700;2387.9800;8165.1600;8.4103;393.0000;;0;WO242269;2076.45
2026-07-03;ENG-010;141;2026-01-06 21:00:00;641.8300;1586.0400;1401.4400;554.1900;2388.0400;9059.1600;47.4900;521.6700;2388.0100;8139.5500;8.4310;394.0000;1.0000;0;WO387020;2,143.38
2026-07-03;ENG-096;77;2026-01-04 05:00:00;642.4000;1584.8000;1395.9500;554.4500;2388.0300;9062.2700;47.4300;522.3100;2388.0500;8143.7000;8.3978;392.0000;1.0000;0;WO368653;1918.14
03-Jul-2026;  ENG-020 ;125;2026-01-06 05:00:00;642.5000;1591.1800;1407.0000;553.1300;2388.1000;9073.2300;47.3300;521.6500;2388.0700;8144.0500;8.4067;392.0000;0.6000;0;WO954266;
03-Jul-2026;  ENG-100 ;153;2026-01-07 09:00:00;642.6000;1583.7100;1396.7300;553.2700;2388.0400;9089.4100;47.3500;522.1100;2388.0100;8163.5500;8.4185;391.0000;0.5200;0;WO165643;428.95
03-Jul-2026;  ENG-017 ;136;2026-01-06 16:00:00;642.2500;1594.3800;1404.3500;554.1200;2388.0200;9082.5100;47.4700;521.1800;2388.0500;8158.8000;8.4183;393.0000;0.6320;0;WO881728;1439.32
2026-07-03;ENG-032;127;2026-01-06 07:00:00;642.4200;1589.4300;1400.5000;553.7100;2388.0500;9085.6200;47.2100;521.5300;2388.0300;8163.3100;8.4269;392.0000;0.5280;0;WO642547;2,549.98
2026/07/03;ENG-098;110;2026-01-05 14:00:00;642.7400;1598.5300;1409.4800;553.6400;2388.1200;9069.9100;47.5400;521.0300;2388.1500;8144.9700;8.4630;393.0000;0.5600;0;WO208337;
03-Jul-2026;eng-073;101;2026-01-05 05:00:00;642.3500;1584.7700;1404.1100;553.9400;2388.0400;9058.1200;47.3300;521.9200;2388.0500;8140.6600;8.4020;393.0000;1.0000;0;WO773463;1,276.15
2026-07-03;  ENG-098 ;85;2026-01-04 13:00:00;642.5400;1592.3100;1405.4000;553.4900;2388.0300;9063.5500;47.6600;521.5100;2388.0800;8140.9600;8.4191;393.0000;0.7600;0;WO305119;2,831.89
2026/07/03;ENG-062;215;2026-01-09 23:00:00;642.3800;1591.2100;1399.4200;553.6500;2388.0300;9083.7400;47.4400;521.3400;2388.0700;8161.9600;8.4302;393.0000;0.5680;0;WO700206;
2026-07-03;ENG-072;117;2026-01-05 21:00:00;643.0600;1590.0500;1411.1300;554.0900;2388.0700;9070.8800;47.5000;522.2000;2388.0400;8149.6500;8.4428;391.0000;0.5120;0;WO304977;134.83
03-Jul-2026;  ENG-027 ;109;2026-01-05 13:00:00;642.4800;1585.6300;1406.4900;554.1700;2388.0600;9050.6500;47.4200;521.5500;2388.0600;8136.0400;8.3831;392.0000;0.7760;0;WO226542;302.67
03-Jul-2026;ENG-033;42;2026-01-02 18:00:00;643.3600;1582.4300;1408.2100;552.1900;2388.1600;9055.4700;47.7500;521.1500;2388.1000;8136.7600;8.4351;395.0000;0.9120;0;WO136228;2,905.06
2026-07-03;  ENG-035 ;134;2026-01-06 14:00:00;642.6600;1592.6100;1408.4400;552.9000;2388.1600;9058.4800;47.6900;521.2500;2388.1500;8132.7700;8.4564;394.0000;0.6000;0;WO767050;2220.70
03-Jul-2026;ENG-090;121;2026-01-06 01:00:00;642.6600;1596.5500;1418.4700;552.9300;2388.1100;9071.0000;47.5700;521.0700;2388.1000;8141.6700;8.4329;393.0000;0.4240;0;WO613193;2236.58
2026/07/03;ENG-037;103;2026-01-05 07:00:00;642.6600;1584.7800;1411.8500;553.3500;2388.0800;9044.2100;47.3600;521.2800;2388.1000;8130.3200;8.4430;393.0000;0.3120;0;WO526286;1958.02
2026/07/03;ENG-001;24;2026-01-02 00:00:00;642.3200;1594.2900;1400.1500;553.2700;2388.0700;9043.3200;47.2900;522.0600;2388.1200;8130.7000;8.4074;393.0000;0.9520;0;WO431238;635.17
03-Jul-2026;ENG-091;158;2026-01-07 14:00:00;643.1700;1590.8200;1419.7200;552.7300;2388.1300;9044.8800;47.8300;521.3900;2388.1500;8132.6800;8.4494;394.0000;0.9120;0;WO987356;166.23
2026-07-03;ENG-007;143;2026-01-06 23:00:00;642.4100;1587.1600;1399.5500;554.0600;2388.0300;9064.3800;47.3400;521.9100;2388.0300;8143.0100;8.4137;394.0000;0.8640;0;WO596912;1,798.84
2026/07/03;ENG-055;105;2026-01-05 09:00:00;642.6700;1582.1900;1401.9000;553.8600;2388.0700;9063.2300;47.4600;521.9100;2388.0600;8134.8600;8.4281;393.0000;1.0000;0;WO637892;2,313.58
2026/07/03;ENG-043;121;2026-01-06 01:00:00;642.5300;1582.2000;1409.9700;554.1400;2388.1200;9053.3200;47.5200;521.5700;2388.1000;8129.4900;8.4389;394.0000;0.8800;0;WO511740;873.94
2026-07-03;ENG-068;178;2026-01-08 10:00:00;643.5600;1593.6000;1416.1300;552.5300;2388.2100;9080.3600;47.7700;520.0100;2388.1800;8151.5800;8.4673;395.0000;0.1360;1;WO897210;21139.85
2026/07/03;  ENG-024 ;178;2026-01-08 10:00:00;643.4400;1596.5500;1407.8900;553.7000;2388.1000;9133.4400;47.5300;521.3800;2388.0600;8200.0500;8.4495;395.0000;0.2240;1;WO953260;2,524.65
2026-07-03;ENG-080;124;2026-01-06 04:00:00;642.4200;1590.2200;1409.3600;554.0000;2388.1000;9067.2500;47.6200;521.7100;2388.0900;8147.1500;8.3903;392.0000;0.7920;0;WO845681;493.34
03-Jul-2026;ENG-028;122;2026-01-06 02:00:00;642.1300;1595.1900;1404.2300;553.2200;2388.0800;9046.3200;47.5000;521.6200;2388.1100;8133.3900;8.4576;394.0000;;0;WO871455;2,879.91
03-Jul-2026;  ENG-018 ;99;2026-01-05 03:00:00;643.0100;1591.9000;1401.4700;553.9000;2388.0800;9068.2200;47.3200;522.1800;2388.0400;8141.8400;8.4517;392.0000;0.4960;0;WO252192;507.70
2026-07-03;ENG-054;83;2026-01-04 11:00:00;642.0700;1583.7900;1396.1000;554.8200;2388.0300;9052.4800;47.0800;522.3400;2388.0200;8144.0100;8.3803;392.0000;1.0000;0;WO402945;539.21
2026/07/03;  ENG-004 ;98;2026-01-05 02:00:00;642.5000;1590.3200;1415.0400;553.5600;2388.1400;9054.4200;47.5600;521.0100;2388.1300;8137.1200;8.4575;394.0000;;0;WO941615;1031.12
2026/07/03;ENG-012;173;2026-01-08 05:00:00;642.5600;1580.8900;1407.1800;553.4400;2388.0100;9062.6000;47.1700;522.1300;2387.9700;8144.0700;8.4152;392.0000;1.0000;0;WO175845;2728.29
03-Jul-2026;ENG-043;118;2026-01-05 22:00:00;642.4200;1584.5200;1407.5100;552.8500;2388.1600;9057.3300;47.4300;521.9800;2388.1400;8132.7600;8.4039;392.0000;0.9040;0;WO449533;1,414.58
03-Jul-2026;ENG-048;62;2026-01-03 14:00:00;643.0900;1590.1900;1403.0100;554.0200;2388.0900;9056.1900;47.4700;521.6100;2388.0400;8139.6100;8.4535;392.0000;;0;WO359409;2,364.45
2026/07/03;  ENG-035 ;146;2026-01-07 02:00:00;642.7100;1596.4800;1412.1800;552.8800;2388.1200;9056.6000;47.7000;521.3000;2388.0700;8140.5900;8.5176;395.0000;0.5040;0;WO444953;2975.70
2026-07-03;ENG-040;117;2026-01-05 21:00:00;643.5600;1589.4600;1414.5500;552.0100;2388.1400;9068.1700;47.9800;520.6600;2388.1500;8146.8900;8.4861;396.0000;0.3520;0;WO607960;2,169.51
03-Jul-2026;ENG-094;103;2026-01-05 07:00:00;642.8900;1593.4600;1408.4800;553.3300;2388.0500;9067.0900;47.6100;521.2100;2388.1600;8132.1000;8.4571;392.0000;0.6800;0;WO248742;
2026-07-03;ENG-032;144;2026-01-07 00:00:00;642.2800;1597.8500;1410.4700;553.5400;2388.0100;9097.3800;47.4300;521.5000;2388.0300;8177.2800;8.4323;393.0000;0.3920;0;WO995619;906.37
03-Jul-2026;ENG-076;173;2026-01-08 05:00:00;642.9000;1592.1800;1415.9300;552.8500;2388.1300;9083.9700;47.8400;521.2600;2388.1000;8164.8800;8.4896;393.0000;0.3360;0;WO757848;2763.43
2026/07/03;eng-013;182;2026-01-08 14:00:00;642.4700;1585.6500;1409.4200;553.6200;2388.0700;9066.7600;47.2800;521.5600;2388.0200;8146.8900;8.4402;392.0000;0.8640;0;WO459386;2,895.78
2026/07/03;ENG-010;147;2026-01-07 03:00:00;642.5100;1589.6900;1402.3300;554.2900;2388.0600;9056.2600;47.2300;521.8800;2388.0500;8137.5100;8.4275;392.0000;1.0000;0;WO229324;2,698.31
2026/07/03;ENG-030;126;2026-01-06 06:00:00;642.8700;1588.7400;1408.3300;552.8000;2388.1100;9048.0600;47.5300;521.0000;2388.1200;8135.4800;8.4811;392.0000;1.0000;0;WO359294;1483.45
03-Jul-2026;ENG-004;87;2026-01-04 15:00:00;641.8800;1595.4600;1418.0200;553.1800;2388.0800;9052.7700;47.4300;521.2400;2388.1000;8135.7900;8.4335;394.0000;0.8080;0;WO420058;2,184.52
2026/07/03;ENG-037;87;2026-01-04 15:00:00;642.1300;1582.0300;1406.9300;552.8600;2388.0200;9048.4700;47.4100;521.8400;2388.0500;8129.2300;8.4030;392.0000;0.4400;0;WO385994;1277.99
03-Jul-2026;eng-020;124;2026-01-06 04:00:00;642.7400;1590.3400;1413.7400;553.6500;2388.0600;9061.1600;47.6500;521.8000;2388.0700;8143.7900;8.4445;392.0000;0.6080;0;WO340265;1,334.96
03-Jul-2026;ENG-042;114;2026-01-05 18:00:00;642.5800;1586.3300;1413.9300;553.3900;2388.1100;9039.6000;47.4000;520.8100;2388.1000;8126.7800;8.4655;393.0000;0.4160;0;WO862448;1876.50
2026/07/03;ENG-018;125;2026-01-06 05:00:00;642.7800;1588.4000;1411.3000;553.2700;2388.0700;9054.4700;47.7100;521.2100;2388.1300;8134.6600;8.4299;394.0000;0.2880;0;WO917676;170.18
03-Jul-2026;ENG-084;165;2026-01-07 21:00:00;642.5700;1584.3400;1415.6600;553.0000;2388.1500;9049.4500;47.6400;521.5400;2388.1300;8134.9500;8.4478;394.0000;0.5200;0;WO143573;1,417.94
2026-07-03;eng-068;136;2026-01-06 16:00:00;642.5500;1597.7200;1405.2300;553.2800;2388.1100;9058.0200;47.7100;521.1700;2388.1000;8136.0100;8.4625;393.0000;0.4720;0;WO101279;477.41
2026-07-03;ENG-049;281;2026-01-12 17:00:00;643.0800;1592.3100;1424.5500;552.3500;2388.2000;9060.0500;47.8800;521.5800;2388.1600;8132.9300;8.4772;394.0000;0.3440;0;WO760043;
2026/07/03;ENG-031;165;2026-01-07 21:00:00;642.8500;1592.8500;1413.1200;552.5800;2388.1700;9075.3900;47.6500;521.2500;2388.1300;8156.7700;8.4534;394.0000;0.3120;0;WO415839;1098.31
2026-07-03;ENG-092;124;2026-01-06 04:00:00;643.5500;1599.4200;1412.1200;552.2800;2388.1900;9051.9900;47.7800;520.5200;2388.1400;8125.2200;8.4749;394.0000;0.3680;0;WO178277;552.72
2026-07-03;ENG-024;179;2026-01-08 11:00:00;643.1300;1594.8000;1418.1100;552.4400;2388.0500;9137.6900;47.4700;522.3000;2388.1300;8202.7200;8.4509;394.0000;0.2160;1;WO195376;16284.70
2026-07-03;eng-053;160;2026-01-07 16:00:00;642.4900;1587.2900;1408.4500;552.8100;2388.0900;9106.7300;47.7600;521.1600;2388.0800;8180.5900;8.4505;392.0000;0.2400;1;WO880623;22674.10
2026/07/03;ENG-095;64;2026-01-03 16:00:00;642.4300;1576.7000;1400.8400;553.6800;2388.0700;9044.3300;47.3000;521.8800;2388.1700;8134.0900;8.4039;393.0000;1.0000;0;WO979798;1,214.75
2026-07-03;  ENG-084 ;143;2026-01-06 23:00:00;642.8900;1593.4200;1408.6700;553.1600;2388.1100;9052.1900;47.6200;520.4900;2388.1100;8133.6900;8.4888;394.0000;0.6960;0;WO582582;1376.25
2026/07/03;ENG-067;55;2026-01-03 07:00:00;642.4700;1583.5000;1401.0400;553.8500;2388.0100;9058.3700;47.4000;521.5600;2388.0700;8136.9300;8.4545;390.0000;0.7440;0;WO464867;1782.78
2026-07-03;ENG-038;86;2026-01-04 14:00:00;642.5900;1592.4200;1406.7500;553.8300;2388.1400;9061.5100;47.7700;521.3100;2388.1200;8136.4400;8.4467;393.0000;0.7120;0;WO130850;2,598.27
2026-07-03;  ENG-083 ;69;2026-01-03 21:00:00;642.5100;1584.7500;1406.9900;554.5000;2388.0600;9060.0600;47.4700;521.6900;2388.0500;8143.5700;8.3962;393.0000;1.0000;0;WO521713;1,067.11
03-Jul-2026;ENG-087;51;2026-01-03 03:00:00;641.4600;1579.1300;1402.3500;554.4000;2388.0300;9062.4600;47.1900;521.4200;2388.0500;8143.1200;8.4281;393.0000;0.9680;0;WO921472;
03-Jul-2026;ENG-053;155;2026-01-07 11:00:00;642.6400;1593.5600;1414.2900;553.6200;2388.1200;9093.1600;47.5400;521.5500;2388.1200;8175.7300;8.4013;395.0000;0.2800;0;WO684489;530.16
2026/07/03;ENG-057;158;2026-01-07 14:00:00;642.8900;1589.9600;1414.0200;553.3800;2388.1000;9060.1000;47.3700;520.7600;2388.1200;8130.3500;8.4909;394.0000;0.8400;0;WO422369;641.12
2026/07/03;ENG-049;276;2026-01-12 12:00:00;643.0400;1592.6800;1417.0900;553.3200;2388.2100;9048.9300;47.7800;521.1500;2388.1200;8132.2200;8.4500;394.0000;0.3840;0;WO717053;625.73
2026-07-03;  ENG-008 ;129;2026-01-06 09:00:00;642.2600;1589.7100;1416.5700;552.8900;2388.1400;9044.0600;47.6400;521.8700;2388.1000;8128.1600;8.4502;393.0000;1.0000;0;WO685198;961.86
2026/07/03;  ENG-029 ;170;2026-01-08 02:00:00;642.8500;1584.7100;1406.7500;554.5600;2388.0200;9069.1800;47.4200;521.0800;2388.1000;8146.5100;8.4390;393.0000;0.7280;0;WO477433;2491.00
03-Jul-2026;  ENG-028 ;108;2026-01-05 12:00:00;642.7800;1585.5000;1404.1800;553.8600;2388.1000;9050.5100;47.5200;521.8500;2388.1100;8129.9800;8.4505;396.0000;1.0000;0;WO127317;1832.55
2026/07/03;ENG-049;215;2026-01-09 23:00:00;642.4700;1589.3500;1407.2600;553.2400;2388.0800;9064.5500;47.4200;521.3900;2388.0400;8140.4300;8.4249;393.0000;0.8720;0;WO424514;1844.95
2026-07-03;ENG-015;73;2026-01-04 01:00:00;642.9100;1587.4800;1408.8200;553.9900;2388.0200;9062.1100;47.3900;522.1300;2388.0500;8130.6600;8.4137;392.0000;0.6880;0;WO357890;2435.78
2026-07-03;ENG-064;131;2026-01-06 11:00:00;642.7000;1596.3900;1409.0600;552.9700;2388.0900;9058.5600;47.4800;521.1400;2388.0700;8140.2700;8.4398;394.0000;0.5200;0;WO446081;1146.76
2026/07/03;  ENG-076 ;141;2026-01-06 21:00:00;642.4800;1587.3400;1408.0000;553.6300;2388.0700;9074.0100;47.3800;521.8600;2388.0800;8147.6200;8.4641;395.0000;0.5920;0;WO900915;1,388.17
2026-07-03;ENG-028;157;2026-01-07 13:00:00;643.0000;1590.8500;1408.8100;553.5100;2388.1000;9058.3400;47.6600;521.3400;2388.1300;8139.0000;8.4239;393.0000;0.7840;0;WO237298;1,580.16
03-Jul-2026;  ENG-091 ;178;2026-01-08 10:00:00;643.3200;1590.0100;1411.2400;552.6900;2388.1000;9050.2500;47.8600;520.6800;2388.1400;8127.2600;8.4357;394.0000;0.7520;0;WO494017;2413.73
03-Jul-2026;ENG-067;51;2026-01-03 03:00:00;642.3200;1580.0300;1402.7800;555.1700;2388.0400;9062.2600;47.3200;521.9400;2388.0400;8141.1800;8.4149;393.0000;0.7760;0;WO374772;1,100.76
2026/07/03;ENG-099;71;2026-01-03 23:00:00;641.9600;1586.9000;1395.5300;554.4700;2388.0200;9067.3000;47.1500;522.7700;2387.9400;8142.0500;8.4096;390.0000;1.0000;0;WO340670;2692.99
03-Jul-2026;ENG-061;131;2026-01-06 11:00:00;643.2600;1589.6100;1408.2400;553.8500;2388.1400;9075.6600;47.5700;521.2200;2388.0900;8146.4200;8.4531;393.0000;0.3920;0;WO505367;
2026-07-03;  ENG-024 ;126;2026-01-06 06:00:00;642.4500;1592.5600;1401.0700;554.3500;2388.0400;9080.1200;47.3000;522.4600;2387.9700;8163.4700;8.4308;393.0000;0.6400;0;WO329552;1522.86
2026/07/03;ENG-054;119;2026-01-05 23:00:00;642.4200;1588.5000;1403.5400;554.2600;2388.0000;9064.3600;47.3000;521.9900;2387.9800;8146.6000;8.4248;394.0000;0.7920;0;WO321512;2,388.28
03-Jul-2026;ENG-007;123;2026-01-06 03:00:00;642.1100;1586.2000;1397.7100;553.8200;2388.0300;9063.5900;47.1200;522.3000;2388.0300;8143.6300;8.4076;392.0000;1.0000;0;WO384300;1,434.75
2026/07/03;  ENG-038 ;113;2026-01-05 17:00:00;642.9000;1595.5600;1412.7900;552.7900;2388.1100;9068.8800;47.7200;521.1300;2388.1300;8153.1400;8.4703;393.0000;0.4960;0;WO281457;1,289.16
2026-07-03;ENG-006;104;2026-01-05 08:00:00;642.0700;1588.5800;1408.8800;552.8900;2388.1100;9052.5800;47.4700;521.0500;2388.1100;8131.3500;8.4611;393.0000;0.7520;0;WO557457;1281.49
03-Jul-2026;ENG-049;284;2026-01-12 20:00:00;643.0100;1594.1000;1411.4000;553.0800;2388.1800;9057.2300;47.6800;520.7400;2388.1400;8129.0800;8.4563;395.0000;0.3200;0;WO140626;
03-Jul-2026;ENG-007;136;2026-01-06 16:00:00;642.3000;1577.7000;1403.3800;554.1600;2388.0000;9067.9500;47.4200;521.8200;2387.9900;8147.7200;8.4349;392.0000;;0;WO720824;1010.42
2026/07/03;  ENG-042 ;135;2026-01-06 15:00:00;643.3800;1587.1300;1414.4000;552.8900;2388.0800;9042.2400;47.6500;521.3400;2388.2100;8119.9400;8.4605;393.0000;0.2480;0;WO756144;279.21
2026-07-03;eng-010;184;2026-01-08 16:00:00;642.6400;1593.4000;1404.0200;554.8100;2388.0300;9069.2200;47.5600;521.6500;2388.0100;8142.4400;8.4539;392.0000;0.8320;0;WO254944;214.93
03-Jul-2026;ENG-082;115;2026-01-05 19:00:00;643.0100;1588.2900;1408.4400;553.2900;2388.1800;9058.1500;47.5500;521.2000;2388.1000;8136.5100;8.4578;393.0000;0.4480;0;WO907282;176.91
2026/07/03;ENG-008;165;2026-01-07 21:00:00;643.2700;1594.1400;1406.1200;552.6500;2388.0900;9044.4400;47.6100;520.9900;2388.1500;8132.9000;8.4441;392.0000;0.7680;0;WO866804;911.29
2026/07/03;ENG-018;100;2026-01-05 04:00:00;642.8200;1593.4900;1399.0100;553.6100;2388.0800;9057.7800;47.2900;521.5900;2388.0100;8141.4100;8.4417;393.0000;0.4880;0;WO946687;2090.41
03-Jul-2026;ENG-007;108;2026-01-05 12:00:00;642.1900;1589.0400;1403.6600;555.4900;2388.0100;9063.6400;47.4000;521.9100;2388.0700;8139.8900;8.3959;391.0000;1.0000;0;WO302973;1121.21
2026-07-03;ENG-036;104;2026-01-05 08:00:00;642.6900;1593.6400;1414.6700;553.0000;2388.1700;9062.4200;47.6800;520.5400;2388.1900;8135.7800;8.4893;395.0000;0.3280;0;WO656572;2669.96
2026-07-03;ENG-062;186;2026-01-08 18:00:00;642.0900;1590.2800;1399.4800;553.2900;2388.0000;9062.7700;47.5300;522.0000;2388.0500;8149.0600;8.4291;393.0000;0.8000;0;WO457591;2,654.46
2026/07/03;ENG-063;125;2026-01-06 05:00:00;642.3900;1588.4900;1419.4000;553.0300;2388.1300;9045.5600;47.6000;521.6000;2388.1100;8130.5200;8.4623;395.0000;0.8160;0;WO966580;368.37
2026-07-03;eng-041;100;2026-01-05 04:00:00;642.7300;1581.5500;1412.4300;553.5300;2388.1200;9046.5500;47.5000;521.3800;2388.1400;8126.5700;8.4338;391.0000;0.3280;0;WO247641;1561.50
2026/07/03;ENG-051;101;2026-01-05 05:00:00;642.6900;1583.3000;1406.7700;553.2400;2388.1100;9052.4500;47.4500;522.1100;2388.0500;8131.1800;8.3963;392.0000;1.0000;0;WO186426;361.09
03-Jul-2026;ENG-086;89;2026-01-04 17:00:00;642.7100;1588.5400;1408.2200;553.5200;2388.0500;9064.8200;47.6600;521.1200;2388.0800;8139.5200;8.4136;391.0000;0.8800;0;WO211654;1,692.50
03-Jul-2026;  ENG-047 ;66;2026-01-03 18:00:00;642.9300;1586.3400;1410.0400;553.4300;2388.1400;9049.4600;47.7300;521.0500;2388.1400;8123.5300;8.4376;394.0000;1.0000;0;WO949429;412.88
2026-07-03;ENG-019;110;2026-01-05 14:00:00;642.2500;1581.7600;1408.6300;554.1200;2388.0100;9061.0500;47.1600;521.9400;2388.0600;8142.0000;8.4135;394.0000;;0;WO544106;1,245.12
03-Jul-2026;ENG-052;153;2026-01-07 09:00:00;642.9400;1587.1900;1405.4100;554.2400;2388.0400;9077.1800;47.5000;521.7700;2388.0800;8153.2000;8.4348;394.0000;0.5200;0;WO698128;200.03
2026-07-03;eng-100;144;2026-01-07 00:00:00;642.6300;1585.9200;1405.6400;554.5400;2388.0400;9085.3000;47.2600;521.7000;2388.0400;8157.5900;8.4253;394.0000;0.5920;0;WO536597;787.86
03-Jul-2026;ENG-038;92;2026-01-04 20:00:00;642.6400;1596.4000;1413.0300;552.8200;2388.1200;9066.9000;47.9300;520.5300;2388.1200;8137.8200;8.4422;395.0000;0.6640;0;WO484913;1360.44
03-Jul-2026;ENG-064;129;2026-01-06 09:00:00;642.4800;1588.2700;1414.3400;553.5700;2388.1300;9063.4500;47.5700;521.3000;2388.1600;8135.9900;8.4321;393.0000;0.5360;0;WO448453;135.34
03-Jul-2026;ENG-080;121;2026-01-06 01:00:00;642.8500;1592.8300;1409.2700;553.3100;2388.0800;9064.0000;47.6300;521.3700;2388.0500;8148.7100;8.4310;393.0000;0.8160;0;WO393002;278.29
03-Jul-2026;ENG-081;189;2026-01-08 21:00:00;642.6600;1593.4200;1418.9100;552.0200;2388.1500;9078.1700;47.6500;520.2200;2388.2200;8149.3200;8.5045;393.0000;0.2560;0;WO867478;1970.94
03-Jul-2026;  ENG-043 ;145;2026-01-07 01:00:00;642.4300;1587.2100;1408.1300;552.5600;2388.1300;9052.1700;47.6000;521.4300;2388.1400;8137.4200;8.4496;394.0000;0.6880;0;WO488622;1854.69
2026/07/03;ENG-078;56;2026-01-03 08:00:00;642.2800;1582.1200;1398.5900;553.8900;2388.0100;9063.1200;47.2100;522.4200;2388.0600;8142.3100;8.4027;390.0000;;0;WO260619;1,936.30
2026-07-03;ENG-021;114;2026-01-05 18:00:00;641.9600;1588.0100;1397.0700;554.4100;2388.0600;9065.4200;47.3800;522.0000;2388.0900;8150.2300;8.4115;392.0000;0.7280;0;WO507959;2181.93
2026-07-03;ENG-051;113;2026-01-05 17:00:00;642.2700;1589.0800;1406.5100;553.0000;2388.0500;9046.2300;47.4400;521.8700;2388.0400;8126.8200;8.4503;393.0000;1.0000;0;WO338330;1256.00
2026/07/03;ENG-015;74;2026-01-04 02:00:00;642.0300;1599.6600;1397.8800;554.7400;2388.0400;9057.6800;47.2700;521.7700;2388.0200;8135.4400;8.4200;393.0000;0.6800;0;WO530523;2,866.74
2026-07-03;  ENG-026 ;61;2026-01-03 13:00:00;642.3700;1586.5900;1403.4100;553.8300;2388.0200;9065.2000;47.2900;521.4100;2388.0600;8151.0400;8.4124;391.0000;1.0000;0;WO899254;2360.49
2026-07-03;ENG-095;71;2026-01-03 23:00:00;642.0900;1586.0400;1396.8900;554.3000;2388.0700;9047.8500;47.3500;521.9000;2388.0200;8132.9800;8.4013;392.0000;1.0000;0;WO706821;1433.39
2026/07/03;ENG-065;57;2026-01-03 09:00:00;642.1200;1582.8600;1394.8500;553.9900;2387.9300;9059.2600;47.1900;522.4500;2387.9800;8146.4900;8.3924;393.0000;1.0000;0;WO800791;729.52
2026/07/03;eng-051;135;2026-01-06 15:00:00;642.6000;1592.3200;1409.0900;553.4100;2388.0700;9048.9900;47.6400;521.2300;2388.1100;8133.4900;8.4407;392.0000;0.9840;0;WO529699;1796.40
2026-07-03;ENG-073;88;2026-01-04 16:00:00;642.1900;1589.2400;1404.9100;553.9700;2388.0500;9052.6000;47.2900;522.1400;2388.0600;8141.3000;8.4088;392.0000;1.0000;0;WO673459;977.48
2026/07/03;ENG-092;149;2026-01-07 05:00:00;643.0700;1600.3500;1423.3400;551.9500;2388.2200;9050.5300;47.9500;519.7400;2388.2500;8127.2900;8.5115;396.0000;0.1680;1;WO686757;9,372.95
2026-07-03;ENG-020;130;2026-01-06 10:00:00;642.8000;1583.8800;1402.4500;553.4300;2388.0400;9067.2500;47.6600;520.6300;2388.1300;8138.5300;8.4718;394.0000;0.5600;0;WO289770;2,224.74
2026/07/03;ENG-024;143;2026-01-06 23:00:00;642.6600;1588.0800;1407.4500;554.1100;2387.9800;9096.8200;47.4300;522.0700;2388.0700;8175.0200;8.4184;391.0000;0.5040;0;WO834063;2,102.49
03-Jul-2026;  ENG-065 ;71;2026-01-03 23:00:00;641.7500;1588.1000;1398.1700;554.3900;2388.0300;9063.1700;47.1000;522.6500;2388.0300;8153.0600;8.4240;392.0000;1.0000;0;WO895967;2,605.56
03-Jul-2026;  ENG-092 ;119;2026-01-05 23:00:00;642.8000;1590.8000;1411.3500;552.4500;2388.1700;9040.1700;47.9200;521.0800;2388.1700;8124.1000;8.4899;394.0000;0.4080;0;WO261244;2304.54
2026-07-03;  ENG-082 ;113;2026-01-05 17:00:00;642.8200;1589.4700;1407.6000;553.4200;2388.1200;9066.4500;47.3300;521.4300;2388.1100;8137.4900;8.4473;393.0000;;0;WO346080;1509.61
03-Jul-2026;ENG-032;131;2026-01-06 11:00:00;642.1900;1585.2400;1404.3300;553.4200;2387.9500;9081.5200;47.3800;521.4600;2388.0300;8163.7500;8.4317;392.0000;0.4960;0;WO645187;84.14
2026-07-03;ENG-091;218;2026-01-10 02:00:00;643.3600;1595.2800;1419.8500;552.0100;2388.2000;9053.5300;47.7600;520.6500;2388.1700;8126.7200;8.4642;394.0000;0.4320;0;WO638469;1323.60
2026/07/03;ENG-067;61;2026-01-03 13:00:00;642.5700;1587.4000;1403.8000;553.7500;2388.0500;9063.1400;47.4200;522.2100;2388.0700;8137.8400;8.4439;393.0000;0.6960;0;WO534256;2,124.18
2026/07/03;  ENG-024 ;150;2026-01-07 06:00:00;642.6300;1587.1600;1408.0400;553.4300;2388.0500;9098.7500;47.5700;522.2200;2388.0600;8166.6100;8.4270;393.0000;0.4480;0;WO528334;736.05
2026-07-03;ENG-017;148;2026-01-07 04:00:00;642.8800;1592.3700;1411.2600;553.4100;2388.0200;9083.4000;47.4400;521.3000;2388.0700;8161.2100;8.4307;393.0000;0.5360;0;WO979899;744.42
03-Jul-2026;ENG-094;105;2026-01-05 09:00:00;642.7600;1596.6000;1420.7700;552.4000;2388.1300;9051.3600;47.6700;520.5200;2388.1600;8132.2100;8.4324;395.0000;0.6640;0;WO425246;1,277.87
2026/07/03;ENG-013;145;2026-01-07 01:00:00;642.7400;1584.6000;1410.3400;553.9600;2387.9800;9054.3500;47.3300;522.1600;2388.0600;8140.5200;8.3957;392.0000;1.0000;0;WO862264;2,129.98
2026-07-03;eng-035;152;2026-01-07 08:00:00;643.1200;1600.6000;1414.6500;552.6100;2388.2100;9063.8900;47.7300;521.0700;2388.1900;8143.5800;8.4629;393.0000;0.4560;0;WO232816;2,032.49
2026/07/03;  ENG-021 ;135;2026-01-06 15:00:00;642.4400;1585.6700;1405.0100;554.3600;2388.0200;9077.0400;47.3900;521.8900;2387.9700;8163.3500;8.3901;391.0000;0.5600;0;WO123681;468.07
2026-07-03;ENG-015;58;2026-01-03 10:00:00;641.9900;1587.4200;1393.9100;554.3800;2388.0500;9058.5800;47.2300;521.2800;2388.0700;8139.6300;8.4122;393.0000;0.8080;0;WO296684;991.49
03-Jul-2026;ENG-020;164;2026-01-07 20:00:00;642.9600;1595.7000;1420.1100;552.9400;2388.1600;9067.7200;47.7300;520.7800;2388.0700;8144.7800;8.4799;395.0000;0.2880;0;WO928386;497.47
03-Jul-2026;eng-044;53;2026-01-03 05:00:00;642.2700;1594.6600;1403.2900;554.3400;2388.0900;9059.3800;47.2800;521.8000;2388.0500;8135.1400;8.4827;392.0000;0.8800;0;WO111496;1623.67
2026/07/03;ENG-022;27;2026-01-02 03:00:00;642.0400;1584.8600;1406.3700;553.3500;2388.1700;9053.7300;47.4300;521.4900;2388.0500;8131.8400;8.4515;392.0000;0.9840;0;WO910728;1,398.18
2026-07-03;ENG-082;146;2026-01-07 02:00:00;643.2200;1593.5500;1421.2600;552.6600;2388.1900;9055.4300;47.7000;520.5600;2388.1300;8133.3100;8.4564;393.0000;0.2000;1;WO811563;4650.24
2026-07-03;eng-068;177;2026-01-08 09:00:00;642.8500;1602.2700;1423.2500;552.2600;2388.1600;9075.9000;48.0100;519.8800;2388.1800;8154.2900;8.5023;395.0000;0.1440;1;WO926083;13067.43
2026/07/03;ENG-059;74;2026-01-04 02:00:00;641.9200;1589.7200;1399.4100;554.9800;2388.0400;9048.4200;47.3800;522.2400;2388.0300;8139.6900;8.4610;392.0000;1.0000;0;WO363015;2485.02
2026-07-03;ENG-072;101;2026-01-05 05:00:00;642.0900;1584.1700;1409.2400;554.5700;2388.0600;9059.6200;47.3200;522.0500;2388.1000;8141.4400;8.4271;393.0000;0.6400;0;WO302805;2,817.36
2026/07/03;ENG-089;125;2026-01-06 05:00:00;642.7800;1584.0000;1409.0300;553.4400;2388.1200;9048.5400;47.5600;521.3500;2388.1000;8126.7400;8.4111;393.0000;1.0000;0;WO455954;1969.19
03-Jul-2026;  ENG-039 ;33;2026-01-02 09:00:00;642.1300;1582.6000;1402.6500;554.2300;2387.9700;9061.8800;47.2000;522.1600;2387.9700;8138.7100;8.4139;391.0000;1.0000;0;WO573851;
2026-07-03;ENG-076;166;2026-01-07 22:00:00;642.3800;1595.0600;1411.4500;553.7200;2388.0700;9080.2900;47.7100;521.6700;2388.1300;8163.8500;8.4657;395.0000;0.3920;0;WO619731;1369.80
2026/07/03;  ENG-058 ;157;2026-01-07 13:00:00;642.4400;1595.4900;1412.7000;553.1500;2388.1700;9052.1900;47.6800;520.7800;2388.1900;8133.4200;8.4333;394.0000;0.4480;0;WO776879;2,917.45
2026/07/03;ENG-041;106;2026-01-05 10:00:00;642.8600;1588.6400;1410.8800;552.1100;2388.1500;9042.2800;47.5400;520.8100;2388.1600;8118.4800;8.4387;393.0000;0.2800;0;WO961727;1280.09
2026/07/03;ENG-080;110;2026-01-05 14:00:00;642.7200;1590.2300;1415.6700;553.6800;2388.0400;9067.6100;47.4600;521.9100;2388.1100;8145.0200;8.4107;393.0000;;0;WO571473;1,489.62
2026-07-03;ENG-049;211;2026-01-09 19:00:00;642.4900;1584.4400;1402.8900;553.8300;2388.1000;9068.9600;47.5000;521.7500;2388.0600;8140.7500;8.4380;393.0000;0.9040;0;WO387657;
2026-07-03;ENG-076;167;2026-01-07 23:00:00;643.0500;1595.0600;1421.3500;553.0900;2388.1000;9075.4500;47.6500;521.0000;2388.0800;8154.7000;8.4746;394.0000;0.3840;0;WO346233;1339.98
2026-07-03;  ENG-051 ;138;2026-01-06 18:00:00;642.4700;1594.6900;1403.7500;552.9100;2388.0400;9050.8400;47.6100;521.1800;2388.1300;8132.2400;8.4176;392.0000;0.9600;0;WO908082;1232.18
2026-07-03;ENG-049;272;2026-01-12 08:00:00;642.7500;1591.0900;1414.1200;552.1400;2388.1100;9057.7300;47.8400;521.1000;2388.1200;8134.4300;8.4427;393.0000;0.4160;0;WO754013;634.73
2026-07-03;ENG-082;161;2026-01-07 17:00:00;643.1600;1592.7900;1423.6700;552.2900;2388.1800;9050.2600;48.2000;520.0900;2388.2400;8127.7700;8.5125;396.0000;0.0800;1;WO210991;6,084.58
2026-07-03;ENG-010;188;2026-01-08 20:00:00;643.0700;1585.8600;1399.5900;554.1100;2388.0700;9065.3200;47.5000;521.4300;2388.0600;8136.2000;8.4437;392.0000;;0;WO539566;1,083.11
03-Jul-2026;ENG-061;127;2026-01-06 07:00:00;642.4700;1589.1800;1411.5700;553.1400;2388.0900;9065.7700;47.5400;521.5200;2388.1200;8146.8300;8.4313;392.0000;0.4240;0;WO699308;1,581.01
2026/07/03;ENG-078;52;2026-01-03 04:00:00;641.7500;1584.1000;1389.9200;554.0800;2388.0300;9064.9100;47.1300;522.1300;2387.9800;8148.4600;8.3652;392.0000;1.0000;0;WO947417;2866.47
2026/07/03;ENG-062;204;2026-01-09 12:00:00;642.1700;1587.0000;1405.8700;553.7000;2388.0400;9074.0300;47.6700;521.8500;2388.0000;8151.6600;8.4273;393.0000;0.6560;0;WO938511;1282.94
2026/07/03;  ENG-097 ;117;2026-01-05 21:00:00;642.3900;1584.7600;1395.0100;553.3600;2388.0600;9068.5500;47.3200;521.7700;2388.0700;8151.4000;8.4175;393.0000;0.7920;0;WO856562;2,319.38
2026/07/03;  ENG-003 ;122;2026-01-06 02:00:00;642.6500;1597.8300;1412.7600;552.8000;2388.1500;9044.9800;47.7500;521.2500;2388.2000;8129.3000;8.4979;393.0000;0.5840;0;WO618074;1745.46
03-Jul-2026;ENG-051;139;2026-01-06 19:00:00;642.3300;1589.3500;1408.2300;553.3100;2388.1100;9040.8900;47.4800;521.3200;2388.0800;8126.0700;8.4488;393.0000;0.9520;0;WO349125;2,684.05
2026/07/03;  ENG-068 ;148;2026-01-07 04:00:00;643.0500;1594.5300;1415.7500;552.6900;2388.1000;9059.7600;47.7700;521.4400;2388.1300;8144.6700;8.4609;392.0000;0.3760;0;WO914184;2,244.70
03-Jul-2026;  ENG-031 ;172;2026-01-08 04:00:00;643.0300;1597.1800;1408.5300;552.3300;2388.1600;9080.9300;47.7000;521.4000;2388.0900;8152.5200;8.4594;395.0000;0.2560;0;WO376918;1,488.08
03-Jul-2026;ENG-064;114;2026-01-05 18:00:00;642.6300;1587.5200;1407.5700;553.7700;2388.0900;9065.3800;47.4000;521.8200;2388.1100;8139.0300;8.4299;393.0000;0.6560;0;WO132288;1510.68
2026-07-03;ENG-058;160;2026-01-07 16:00:00;642.4400;1597.0700;1415.4400;553.4100;2388.1400;9058.6900;47.7900;521.1300;2388.1100;8129.6800;8.4456;392.0000;0.4240;0;WO978693;339.36
2026-07-03;ENG-058;120;2026-01-06 00:00:00;642.2400;1592.1200;1399.0900;554.4800;2388.1100;9054.3100;47.3900;521.6300;2388.0900;8132.0400;8.4752;394.0000;0.7440;0;WO619606;
03-Jul-2026;ENG-043;157;2026-01-07 13:00:00;642.8000;1590.0600;1407.9000;552.9000;2388.1200;9052.3800;47.5500;521.5100;2388.1200;8141.7400;8.4437;393.0000;;0;WO438357;1301.10
2026/07/03;ENG-008;164;2026-01-07 20:00:00;642.7100;1594.9800;1411.0200;553.3800;2388.1400;9047.7700;47.5100;520.9300;2388.0900;8128.2200;8.4396;393.0000;0.7760;0;WO531921;1324.23
2026-07-03;  ENG-093 ;213;2026-01-09 21:00:00;642.8400;1601.4500;1417.6600;553.2800;2388.1400;9075.1300;47.7500;521.1400;2388.0800;8147.5500;8.4217;395.0000;0.9280;0;WO383200;200.35
2026-07-03;ENG-090;146;2026-01-07 02:00:00;643.4500;1587.7800;1418.8500;552.3100;2388.1900;9087.5900;48.0000;521.3200;2388.0900;8156.4600;8.4686;393.0000;;1;WO970182;13,188.45
03-Jul-2026;ENG-035;150;2026-01-07 06:00:00;642.8100;1593.9800;1414.3800;553.0600;2388.1300;9064.3800;47.7700;521.1000;2388.1300;8143.6000;8.4429;394.0000;0.4720;0;WO952837;2530.50
2026/07/03;  ENG-022 ;28;2026-01-02 04:00:00;642.5000;1585.5000;1402.2300;553.9800;2388.1100;9046.2100;47.4100;522.0400;2388.0600;8129.4300;8.4638;392.0000;0.9760;0;WO330844;2784.00
2026/07/03;ENG-033;47;2026-01-02 23:00:00;642.3400;1586.7700;1411.8900;553.4600;2388.1300;9060.2500;47.5400;521.2400;2388.1000;8137.6200;8.4332;392.0000;0.8720;0;WO721857;348.73
2026-07-03;ENG-092;114;2026-01-05 18:00:00;642.7300;1598.8200;1414.3900;552.8800;2388.1900;9041.6100;47.7700;520.2500;2388.1800;8119.1800;8.4770;393.0000;0.4480;0;WO508236;2532.54
2026-07-03;ENG-081;167;2026-01-07 23:00:00;642.7000;1597.7100;1414.5400;553.0700;2388.1600;9062.8600;47.6400;521.3000;2388.0900;8153.6500;8.4632;395.0000;0.4320;0;WO163891;2109.81
03-Jul-2026;ENG-084;152;2026-01-07 08:00:00;643.0100;1586.8500;1408.8200;552.8000;2388.1400;9049.9500;47.8400;521.1900;2388.1600;8129.2600;8.4564;394.0000;0.6240;0;WO684599;2698.16
2026/07/03;ENG-046;112;2026-01-05 16:00:00;643.1700;1591.3600;1408.9300;553.6600;2388.0800;9073.3100;47.6200;521.2600;2388.1000;8152.4600;8.4207;393.0000;0.6480;0;WO519217;1693.53
2026/07/03;ENG-028;117;2026-01-05 21:00:00;642.5500;1591.3700;1411.3200;553.5200;2388.0400;9056.0000;47.5400;521.5000;2388.1100;8130.0200;8.4353;391.0000;1.0000;0;WO709577;1535.80
2026-07-03;ENG-042;129;2026-01-06 09:00:00;642.7200;1591.6900;1408.8400;552.9300;2388.1700;9045.3400;47.6900;521.5000;2388.1300;8120.3100;8.4377;394.0000;0.2960;0;WO960362;2,922.59
2026/07/03;ENG-057;159;2026-01-07 15:00:00;642.6900;1585.4600;1416.3600;553.4500;2388.0800;9044.0500;47.6600;521.3900;2388.1500;8130.7600;8.4964;395.0000;0.8320;0;WO500973;1787.04
2026-07-03;  ENG-064 ;142;2026-01-06 22:00:00;642.4500;1589.7300;1411.5100;553.0600;2388.1000;9053.1100;47.6600;520.6700;2388.1400;8127.8700;8.4691;394.0000;0.4320;0;WO711172;1766.09
03-Jul-2026;ENG-096;83;2026-01-04 11:00:00;641.9300;1584.1300;1402.6400;554.0100;2388.0400;9067.4200;47.1700;522.0700;2388.0100;8149.9700;8.4360;392.0000;1.0000;0;WO248628;1726.56
2026-07-03;ENG-040;111;2026-01-05 15:00:00;642.6400;1600.3200;1411.9900;553.0600;2388.1300;9062.1500;47.7300;520.4400;2388.1600;8146.6500;8.4955;395.0000;0.4000;0;WO383052;205.27
2026/07/03;  ENG-083 ;56;2026-01-03 08:00:00;642.6700;1584.6700;1405.6700;554.0500;2388.0900;9062.9600;47.3400;521.3200;2388.0600;8144.3200;8.4002;391.0000;1.0000;0;WO546800;2501.03
2026-07-03;  ENG-032 ;139;2026-01-06 19:00:00;642.9300;1592.9900;1409.8700;554.0100;2388.0800;9087.7500;47.3100;521.9500;2387.9900;8166.9600;8.4380;394.0000;0.4320;0;WO303611;2,527.81
2026/07/03;  ENG-020 ;142;2026-01-06 22:00:00;643.1100;1596.5900;1414.3800;554.0900;2388.1300;9065.4000;47.5800;521.2700;2388.1000;8143.3800;8.4286;393.0000;0.4640;0;WO232017;1,973.24
03-Jul-2026;ENG-049;236;2026-01-10 20:00:00;642.4700;1586.0800;1400.7700;553.5000;2388.0900;9058.5000;47.5200;521.7100;2388.0900;8130.7500;8.4323;394.0000;0.7040;0;WO626752;477.88
2026/07/03;ENG-017;127;2026-01-06 07:00:00;642.4900;1585.2500;1402.2400;553.8400;2388.0200;9075.1900;47.4800;521.6300;2388.0300;8157.5300;8.4063;393.0000;0.7040;0;WO718012;439.62
03-Jul-2026;ENG-031;169;2026-01-08 01:00:00;642.8600;1598.1700;1415.5300;552.2000;2388.1400;9085.6000;47.5100;520.7200;2388.1400;8148.8200;8.4355;395.0000;0.2800;0;WO219715;2353.96
2026-07-03;ENG-100;171;2026-01-08 03:00:00;642.8300;1586.6400;1411.1900;554.1900;2388.0500;9101.3100;47.7200;521.5900;2388.0300;8172.3200;8.4667;392.0000;0.3760;0;WO992595;1232.05
2026-07-03;ENG-020;131;2026-01-06 11:00:00;642.7200;1589.0200;1406.4400;552.7000;2388.0800;9072.5300;47.5000;520.8300;2388.0800;8144.5100;8.4572;393.0000;0.5520;0;WO987730;139.97
03-Jul-2026;ENG-075;74;2026-01-04 02:00:00;642.0500;1587.7700;1400.4600;553.9800;2388.1100;9061.6600;47.4500;521.6700;2388.0500;8140.6800;8.4256;393.0000;1.0000;0;WO631640;1471.00
03-Jul-2026;ENG-024;129;2026-01-06 09:00:00;642.6600;1583.9900;1407.2700;554.5300;2388.0000;9081.8600;47.2700;522.3800;2388.0000;8166.2300;8.3972;393.0000;0.6160;0;WO800311;2263.63
2026/07/03;ENG-089;158;2026-01-07 14:00:00;642.7400;1593.2800;1410.3300;553.4600;2388.1200;9046.7200;47.7100;520.8100;2388.1100;8128.0200;8.4397;392.0000;1.0000;0;WO492402;2797.89
2026/07/03;ENG-013;188;2026-01-08 20:00:00;642.6900;1592.7800;1398.9100;553.2500;2388.0000;9066.1600;47.4500;521.9200;2388.0900;8140.0000;8.4660;394.0000;0.8160;0;WO151624;2,533.91
2026-07-03;ENG-089;142;2026-01-06 22:00:00;642.6200;1591.1300;1407.1800;553.4300;2388.1300;9051.3100;47.6300;521.8100;2388.0900;8123.4900;8.4155;393.0000;;0;WO504409;1,657.74
03-Jul-2026;ENG-061;155;2026-01-07 11:00:00;643.0000;1589.0000;1419.8500;552.6200;2388.1600;9068.9700;47.7200;520.9300;2388.1700;8142.2000;8.4779;394.0000;0.2000;1;WO747037;5743.88
03-Jul-2026;ENG-026;68;2026-01-03 20:00:00;642.1700;1588.0200;1405.9800;553.8100;2388.0300;9072.3900;47.2300;522.3100;2388.0300;8146.4300;8.4312;393.0000;1.0000;0;WO753993;668.93
03-Jul-2026;ENG-020;144;2026-01-07 00:00:00;642.8000;1593.7000;1410.4900;553.2700;2388.0900;9062.0100;47.6000;520.9700;2388.1100;8145.9600;8.4373;393.0000;0.4480;0;WO944445;2150.19
03-Jul-2026;ENG-086;85;2026-01-04 13:00:00;642.5900;1596.2400;1407.8000;553.3400;2388.0200;9057.6300;47.4600;521.4100;2388.0300;8148.5300;8.4045;394.0000;0.9120;0;WO621200;2,985.40
2026-07-03;  ENG-064 ;135;2026-01-06 15:00:00;642.5500;1589.6900;1414.6500;553.1000;2388.1000;9060.2000;47.5200;520.9200;2388.1300;8132.4200;8.4227;392.0000;0.4880;0;WO152270;2517.96
2026-07-03;ENG-035;179;2026-01-08 11:00:00;643.6200;1596.2900;1417.2700;552.3900;2388.1800;9073.7500;47.9600;520.5300;2388.1900;8145.2700;8.4964;394.0000;0.2400;1;WO408097;854.13
03-Jul-2026;  ENG-017 ;155;2026-01-07 11:00:00;643.2900;1586.4500;1405.6800;554.0900;2388.0800;9094.9300;47.6500;521.5100;2388.0500;8166.1000;8.4777;392.0000;0.4800;0;WO317430;199.64
03-Jul-2026;ENG-066;112;2026-01-05 16:00:00;643.8000;1590.0600;1411.7200;553.1200;2388.0800;9083.2200;47.5400;521.0400;2388.0800;8159.8900;8.4344;391.0000;0.3920;0;WO721554;2172.66
2026-07-03;ENG-084;118;2026-01-05 22:00:00;642.6300;1590.5000;1407.5900;554.0800;2388.1000;9051.5800;47.6500;521.4200;2388.0600;8135.8300;8.4316;392.0000;0.8960;0;WO629580;2,790.92
2026-07-03;ENG-079;83;2026-01-04 11:00:00;642.4900;1589.9000;1406.3600;554.2200;2388.0700;9046.4100;47.4400;521.2200;2388.0700;8127.7300;8.4415;393.0000;0.6480;0;WO499300;1,379.02
2026/07/03;ENG-041;83;2026-01-04 11:00:00;642.3400;1578.2300;1403.0900;553.8700;2388.0600;9044.9000;47.4500;521.9200;2388.0800;8131.4100;8.3903;392.0000;;0;WO514260;293.14
2026/07/03;ENG-087;50;2026-01-03 02:00:00;641.6700;1586.3600;1393.7300;553.6500;2388.0100;9065.6500;47.4300;522.3500;2388.0500;8142.4500;8.4060;392.0000;0.9760;0;WO122990;2181.96
03-Jul-2026;ENG-001;22;2026-01-01 22:00:00;642.4500;1582.7800;1404.0600;553.4300;2388.0000;9046.4500;47.2600;521.4100;2388.0400;8128.8900;8.4557;392.0000;0.9680;0;WO744176;2546.81
2026-07-03;ENG-031;135;2026-01-06 15:00:00;642.7100;1594.2000;1409.1400;552.8400;2388.1100;9076.8500;47.4600;521.0100;2388.0700;8147.9400;8.4525;394.0000;;0;WO554210;
2026/07/03;ENG-053;117;2026-01-05 21:00:00;642.5800;1589.3900;1406.5600;553.1600;2388.0000;9067.7400;47.4800;521.6000;2388.0900;8150.0300;8.4009;392.0000;0.5840;0;WO965706;1485.60
2026/07/03;ENG-041;92;2026-01-04 20:00:00;642.6300;1578.1600;1400.9500;553.7900;2388.0700;9044.1100;47.3600;521.3800;2388.0800;8130.6400;8.4188;391.0000;0.3920;0;WO107232;1748.05
03-Jul-2026;ENG-023;98;2026-01-05 02:00:00;642.2900;1579.9100;1395.8800;554.5100;2388.0200;9047.8700;47.3700;522.4400;2388.0100;8131.8700;8.4371;392.0000;1.0000;0;WO206731;1393.94
2026/07/03;eng-005;79;2026-01-04 07:00:00;642.5400;1592.1300;1409.0900;552.4500;2388.1200;9049.5600;47.7300;521.4100;2388.0900;8133.1900;8.4206;394.0000;0.8800;0;WO838299;740.37
2026/07/03;ENG-070;112;2026-01-05 16:00:00;642.8100;1590.1200;1410.5800;553.7000;2388.0500;9051.0000;47.3400;521.5900;2388.0900;8129.1600;8.4420;392.0000;1.0000;0;WO827545;2508.96
2026/07/03;ENG-072;116;2026-01-05 20:00:00;642.4500;1591.3700;1408.3000;553.7400;2388.0500;9070.3800;47.5300;521.5800;2388.0500;8143.6800;8.4052;392.0000;0.5200;0;WO295940;2794.97
2026-07-03;ENG-031;195;2026-01-09 03:00:00;643.5700;1603.8200;1426.4400;551.9300;2388.1600;9091.7600;47.9100;519.8400;2388.2000;8151.1400;8.4715;396.0000;0.0720;1;WO158071;7147.55
2026-07-03;eng-042;154;2026-01-07 10:00:00;643.0700;1597.8200;1420.8700;552.0500;2388.2900;9034.0500;47.9100;519.6000;2388.2600;8113.2600;8.4866;396.0000;0.0960;1;WO624917;17,111.32
2026/07/03;ENG-005;86;2026-01-04 14:00:00;642.6700;1596.1500;1405.2400;553.5300;2388.0800;9047.1700;47.6600;522.1000;2388.0900;8131.0700;8.4029;392.0000;0.8240;0;WO297773;2116.72
03-Jul-2026;ENG-034;182;2026-01-08 14:00:00;642.8800;1592.5400;1417.0100;552.8000;2388.1800;9057.0100;47.7400;521.1500;2388.2100;8136.0900;8.4488;394.0000;0.2240;1;WO193359;13720.07
2026-07-03;eng-038;101;2026-01-05 05:00:00;642.7500;1595.6400;1407.8000;553.5500;2388.1200;9074.6900;47.7200;520.6300;2388.1200;8145.5000;8.4643;396.0000;0.5920;0;WO116188;79.21
03-Jul-2026;ENG-016;113;2026-01-05 17:00:00;642.9900;1587.0300;1401.0000;554.6000;2388.0800;9059.7500;47.3700;521.7700;2388.0800;8147.4000;8.4299;391.0000;0.6720;0;WO679491;699.64
03-Jul-2026;ENG-038;91;2026-01-04 19:00:00;642.4400;1591.2300;1409.0400;552.8100;2388.1500;9054.8000;47.6100;520.9600;2388.1400;8141.2300;8.4418;393.0000;0.6720;0;WO258748;94.46
2026-07-03;ENG-091;214;2026-01-09 22:00:00;642.9300;1586.3400;1414.2600;551.4500;2388.1500;9051.0400;47.7700;520.6200;2388.1600;8127.0200;8.4812;394.0000;0.4640;0;WO978258;1,013.30
2026-07-03;ENG-004;97;2026-01-05 01:00:00;643.0000;1591.3500;1410.5800;553.2900;2388.1700;9047.6700;47.6600;521.3700;2388.1400;8132.4400;8.4303;393.0000;0.7280;0;WO953374;2835.46
2026-07-03;ENG-043;128;2026-01-06 08:00:00;641.9300;1589.6600;1408.2100;552.8500;2388.1000;9066.4100;47.3800;521.6900;2388.0600;8132.9200;8.4398;394.0000;0.8240;0;WO629913;856.30
2026/07/03;ENG-012;195;2026-01-09 03:00:00;642.7600;1579.7700;1403.8000;553.8500;2388.0600;9074.4900;47.4200;521.9900;2388.0100;8151.9100;8.4495;392.0000;1.0000;0;WO610832;1,992.07
03-Jul-2026;ENG-097;95;2026-01-04 23:00:00;642.4400;1581.8200;1401.0300;554.3300;2388.0200;9076.0400;47.3600;522.3800;2388.0000;8148.2400;8.4083;393.0000;0.9680;0;WO185311;2,789.48
2026-07-03;ENG-003;104;2026-01-05 08:00:00;642.9100;1591.4700;1409.8000;553.1600;2388.1500;9055.5300;47.7800;521.5000;2388.1600;8133.1400;8.4978;393.0000;0.7280;0;WO648684;1,611.92
2026-07-03;ENG-010;154;2026-01-07 10:00:00;642.4800;1584.5200;1405.3100;553.5400;2388.1100;9065.4700;47.1700;522.2100;2388.0100;8142.6000;8.4569;392.0000;1.0000;0;WO203982;1,346.97
03-Jul-2026;ENG-075;71;2026-01-03 23:00:00;642.7300;1589.4200;1401.1400;554.0000;2388.0500;9052.5700;47.2600;521.7600;2388.0600;8144.2300;8.4444;392.0000;1.0000;0;WO974224;1,666.10
03-Jul-2026;  ENG-011 ;79;2026-01-04 07:00:00;642.7400;1589.1600;1416.2400;553.2300;2388.1500;9041.1500;47.7000;520.7500;2388.1000;8116.5700;8.4350;392.0000;0.8080;0;WO848985;829.59
2026/07/03;ENG-054;116;2026-01-05 20:00:00;642.0300;1591.2300;1400.2400;554.3700;2388.0000;9066.9700;47.1500;522.0700;2387.9600;8139.1600;8.3874;391.0000;0.8160;0;WO452348;300.88
03-Jul-2026;ENG-061;146;2026-01-07 02:00:00;642.6800;1587.8300;1408.6000;552.2100;2388.0800;9069.1900;47.7600;520.6700;2388.0500;8145.8200;8.4705;393.0000;0.2720;0;WO289758;681.05
2026/07/03;ENG-023;127;2026-01-06 07:00:00;642.8500;1589.1800;1397.5200;553.9200;2388.0800;9053.9100;47.3400;521.6800;2388.0500;8132.5000;8.4127;393.0000;0.9280;0;WO880091;899.23
2026-07-03;ENG-087;46;2026-01-02 22:00:00;641.7900;1590.8800;1400.6800;553.8900;2388.0100;9060.6100;47.0800;522.1000;2388.0800;8143.1000;8.4083;393.0000;1.0000;0;WO243160;562.90
2026-07-03;  ENG-029 ;122;2026-01-06 02:00:00;642.5900;1584.5100;1404.3900;554.7200;2388.0400;9061.0100;47.3100;521.3700;2388.0500;8148.3900;8.4150;392.0000;1.0000;0;WO950994;487.16
2026-07-03;ENG-085;34;2026-01-02 10:00:00;642.5800;1582.9400;1413.2200;553.5500;2388.0700;9045.2300;47.7300;521.4300;2388.0900;8126.6000;8.4228;393.0000;0.9440;0;WO982384;
2026-07-03;ENG-009;38;2026-01-02 14:00:00;642.6200;1587.1300;1411.5200;553.2700;2388.1000;9052.8900;47.4300;521.6600;2388.1200;8141.9100;8.4398;393.0000;1.0000;0;WO615504;2,402.84
2026/07/03;ENG-063;111;2026-01-05 15:00:00;642.4600;1583.7800;1407.2300;554.1000;2388.0800;9047.3900;47.5100;521.1100;2388.1700;8132.0000;8.4893;393.0000;0.9280;0;WO148555;1990.54
2026-07-03;ENG-012;196;2026-01-09 04:00:00;643.2400;1584.1600;1397.0200;554.3400;2388.0300;9072.3500;47.4500;521.9700;2388.0400;8150.2100;8.4208;392.0000;1.0000;0;WO323176;1312.20
03-Jul-2026;  ENG-095 ;86;2026-01-04 14:00:00;641.5700;1582.0900;1410.1000;553.1500;2388.0800;9050.7000;47.4700;521.8600;2388.0400;8133.3400;8.4316;394.0000;1.0000;0;WO710731;1400.57
03-Jul-2026;  ENG-086 ;103;2026-01-05 07:00:00;642.0600;1589.4000;1405.8000;553.6300;2388.0200;9055.8400;47.5000;521.2000;2388.0600;8138.4800;8.4163;393.0000;0.7680;0;WO729718;457.67
2026-07-03;ENG-062;187;2026-01-08 19:00:00;641.9900;1583.4500;1407.7200;553.6700;2388.0500;9071.5100;47.3200;522.1000;2388.0000;8153.2000;8.4114;393.0000;0.7920;0;WO603752;
2026/07/03;eng-054;92;2026-01-04 20:00:00;642.5000;1587.1700;1402.8800;555.1600;2388.0700;9059.8400;47.1600;521.9200;2388.0300;8138.6500;8.3700;392.0000;1.0000;0;WO869119;2,343.43
2026/07/03;ENG-077;129;2026-01-06 09:00:00;642.8200;1590.8800;1411.3200;553.3000;2388.1200;9055.4200;47.5900;521.2200;2388.0900;8127.7500;8.4213;392.0000;0.5360;0;WO693773;2978.17
2026-07-03;ENG-073;79;2026-01-04 07:00:00;641.8000;1588.8600;1405.4800;554.8500;2388.0100;9053.2300;47.3500;522.6400;2388.0200;8139.7800;8.4208;393.0000;1.0000;0;WO137954;
2026/07/03;ENG-019;96;2026-01-05 00:00:00;642.7300;1590.0100;1403.3700;553.6800;2388.0400;9058.8600;47.4800;522.1900;2388.0600;8138.8100;8.4221;392.0000;1.0000;0;WO127669;2,894.35
2026-07-03;ENG-045;136;2026-01-06 16:00:00;642.9900;1591.2400;1418.2200;553.2500;2388.1200;9060.5500;47.7000;521.2000;2388.1400;8142.3900;8.4415;395.0000;1.0000;0;WO496340;2,267.92
2026/07/03;  ENG-076 ;162;2026-01-07 18:00:00;642.8800;1591.8000;1412.7000;553.9200;2388.1000;9082.0400;47.5100;521.5400;2388.0800;8157.3800;8.4543;392.0000;0.4240;0;WO888411;385.77
03-Jul-2026;ENG-018;101;2026-01-05 05:00:00;643.0100;1590.4400;1403.0600;553.4800;2388.0400;9059.8700;47.2900;521.7900;2388.0700;8140.7100;8.3929;392.0000;0.4800;0;WO796878;377.12
03-Jul-2026;ENG-032;104;2026-01-05 08:00:00;642.3400;1582.4600;1404.6400;554.2100;2388.0200;9083.9300;47.4700;522.0700;2387.9800;8158.8200;8.3867;392.0000;0.7120;0;WO832431;555.40
2026-07-03;ENG-046;115;2026-01-05 19:00:00;642.5600;1596.4000;1409.0400;552.7000;2388.1600;9067.7100;47.4800;520.8900;2388.0300;8151.1300;8.4332;394.0000;0.6240;0;WO823170;88.49
2026-07-03;ENG-065;52;2026-01-03 04:00:00;641.9600;1582.1200;1405.0100;553.6900;2388.0300;9062.1500;47.2300;522.4300;2388.0200;8153.4800;8.3865;393.0000;1.0000;0;WO909996;1186.31
2026/07/03;ENG-090;131;2026-01-06 11:00:00;643.3300;1591.5900;1412.1300;552.9600;2388.1000;9077.7500;47.8700;520.8100;2388.1900;8153.4500;8.4735;394.0000;0.3440;0;WO749227;2150.79
2026-07-03;  ENG-008 ;129;2026-01-06 09:00:00;642.2600;1589.7100;1416.5700;552.8900;2388.1400;9044.0600;47.6400;521.8700;2388.1000;8128.1600;8.4502;393.0000;1.0000;0;WO685198;961.86
03-Jul-2026;ENG-091;195;2026-01-09 03:00:00;643.0600;1588.6800;1420.3800;552.5400;2388.1300;9046.2700;47.7000;520.9000;2388.1700;8127.6200;8.4902;395.0000;0.6160;0;WO521602;1,072.31
2026-07-03;ENG-031;146;2026-01-07 02:00:00;642.8200;1587.7200;1411.0500;553.0700;2388.1300;9074.5900;47.6300;521.1800;2388.1200;8151.4900;8.4237;393.0000;0.4640;0;WO264620;2530.48
2026/07/03;ENG-092;132;2026-01-06 12:00:00;643.7500;1594.1500;1418.5300;552.6200;2388.2500;9048.4700;47.6800;520.7700;2388.1700;8123.5700;8.4722;394.0000;0.3040;0;WO894937;1117.81
2026/07/03;ENG-068;142;2026-01-06 22:00:00;642.9200;1591.9900;1405.5000;553.8200;2388.0600;9066.3000;47.4500;521.5400;2388.1100;8137.1300;8.4150;393.0000;0.4240;0;WO210408;2,113.62
2026-07-03;ENG-088;68;2026-01-03 20:00:00;642.9100;1593.6700;1405.2200;553.6800;2388.1400;9046.7500;47.3900;521.6900;2388.1800;8127.7900;8.4101;394.0000;0.9200;0;WO965740;2346.19
2026-07-03;  ENG-087 ;40;2026-01-02 16:00:00;642.3200;1575.3600;1402.2600;554.4900;2388.0200;9060.5900;47.2100;522.4000;2388.0000;8141.7700;8.4128;391.0000;1.0000;0;WO495990;1,269.52
2026-07-03;ENG-100;155;2026-01-07 11:00:00;642.5300;1594.9300;1405.7000;553.2400;2388.0100;9085.4500;47.7500;521.5300;2388.0600;8163.0800;8.4344;393.0000;0.5040;0;WO938541;840.05
03-Jul-2026;eng-059;82;2026-01-04 10:00:00;642.0000;1579.7300;1399.2900;554.3800;2388.0100;9058.1900;47.1800;522.2400;2388.0000;8134.2800;8.3813;391.0000;1.0000;0;WO675077;1,139.63
2026-07-03;ENG-041;88;2026-01-04 16:00:00;642.7300;1587.3600;1401.6900;554.1600;2388.1400;9041.2400;47.4700;521.7500;2388.1000;8130.7600;8.4423;391.0000;0.4240;0;WO758603;769.18
2026/07/03;ENG-091;176;2026-01-08 08:00:00;642.8900;1588.1500;1425.0300;552.3800;2388.1700;9048.6700;47.6300;520.3600;2388.1800;8122.4200;8.4588;394.0000;0.7680;0;WO398684;1,828.80
03-Jul-2026;ENG-031;162;2026-01-07 18:00:00;642.5500;1594.0800;1413.5600;552.8500;2388.1400;9075.1800;47.7800;520.5500;2388.1100;8162.3000;8.4575;394.0000;0.3360;0;WO736703;89.52
03-Jul-2026;eng-079;77;2026-01-04 05:00:00;641.9200;1582.0800;1407.0600;554.0300;2388.1100;9048.1000;47.2700;522.2200;2388.0700;8134.1400;8.4297;392.0000;0.6960;0;WO880883;1,189.78
2026-07-03;ENG-058;164;2026-01-07 20:00:00;643.0100;1593.6800;1412.9600;552.9800;2388.1600;9055.6400;47.6300;521.3100;2388.0700;8136.4200;8.4162;393.0000;0.3920;0;WO325959;1258.10
2026/07/03;ENG-064;120;2026-01-06 00:00:00;641.8900;1580.6600;1410.8800;553.6700;2388.0600;9065.1100;47.4900;521.5200;2388.0900;8141.0800;8.4522;394.0000;0.6080;0;WO208704;2996.28
2026/07/03;ENG-023;89;2026-01-04 17:00:00;641.6300;1587.5100;1396.4000;554.0600;2388.0400;9054.8200;47.0700;521.8700;2388.0300;8132.2700;8.3725;391.0000;1.0000;0;WO812573;370.53
2026-07-03;  ENG-100 ;194;2026-01-09 02:00:00;643.2400;1599.4500;1415.7900;553.4100;2388.0200;9142.3700;47.6900;520.6900;2388.0000;8213.2800;8.4715;394.0000;0.1920;1;WO388168;19602.54
03-Jul-2026;  ENG-028 ;125;2026-01-06 05:00:00;642.6800;1588.5400;1411.2500;552.9100;2388.1600;9047.4300;47.6000;521.1100;2388.1300;8134.7900;8.4638;392.0000;;0;WO623169;1209.27
2026/07/03;  ENG-047 ;51;2026-01-03 03:00:00;642.7100;1588.6300;1405.3100;553.6100;2388.1300;9041.2100;47.4800;521.5200;2388.1600;8122.0000;8.4200;393.0000;1.0000;0;WO153004;561.66
03-Jul-2026;  ENG-014 ;35;2026-01-02 11:00:00;642.6100;1596.7700;1410.4700;553.7500;2388.1800;9039.9500;47.7800;521.2600;2388.1200;8121.2400;8.4319;393.0000;0.9440;0;WO804068;2,610.58
03-Jul-2026;eng-041;85;2026-01-04 13:00:00;642.1400;1583.7400;1402.3700;553.3600;2388.0500;9049.1600;47.7200;521.6900;2388.0700;8125.8700;8.4509;393.0000;0.4480;0;WO411302;2919.76
2026/07/03;ENG-030;133;2026-01-06 13:00:00;643.0600;1588.7900;1411.7200;553.2100;2388.1300;9060.0200;47.4400;521.0500;2388.1400;8133.4200;8.4178;391.0000;1.0000;0;WO760287;174.37
03-Jul-2026;ENG-030;135;2026-01-06 15:00:00;642.4900;1588.2900;1414.7700;552.6600;2388.0700;9052.8300;47.6600;521.3700;2388.1200;8124.2200;8.4084;393.0000;0.9840;0;WO818222;2216.10
03-Jul-2026;ENG-031;171;2026-01-08 03:00:00;643.4900;1594.5100;1417.4400;552.7200;2388.1000;9078.1700;47.7400;520.6400;2388.1100;8156.6000;8.4836;394.0000;0.2640;0;WO285467;2,297.02
03-Jul-2026;ENG-037;114;2026-01-05 18:00:00;643.4400;1590.0600;1409.9400;553.4200;2388.1700;9044.0600;47.7500;521.2500;2388.1500;8126.4800;8.4516;393.0000;0.2240;1;WO460045;19,216.66
2026-07-03;ENG-029;158;2026-01-07 14:00:00;642.7300;1590.5100;1406.2300;553.7100;2388.0600;9060.9700;47.3000;521.4800;2387.9700;8142.0000;8.4260;393.0000;0.8240;0;WO110815;367.51
2026-07-03;ENG-008;121;2026-01-06 01:00:00;642.4900;1581.7900;1407.0600;553.8800;2388.0900;9043.9800;47.3700;521.3500;2388.1500;8126.6400;8.4333;393.0000;1.0000;0;WO670358;1,252.26
2026/07/03;ENG-014;41;2026-01-02 17:00:00;642.9000;1582.4600;1411.7100;553.1600;2388.1700;9042.6300;47.5800;520.9200;2388.1500;8119.6300;8.4707;393.0000;0.8960;0;WO754005;1908.57
2026-07-03;ENG-010;183;2026-01-08 15:00:00;642.1400;1595.3500;1417.9100;553.0700;2388.1000;9065.3300;47.5400;522.1800;2388.0600;8150.0200;8.4388;393.0000;0.8400;0;WO915871;2514.56
2026/07/03;ENG-081;212;2026-01-09 20:00:00;643.3600;1600.1000;1430.8500;551.1900;2388.2000;9075.1500;47.9800;519.3800;2388.2400;8152.0900;8.5137;396.0000;0.0720;1;WO923721;6,889.34
2026-07-03;ENG-076;140;2026-01-06 20:00:00;642.4600;1584.0900;1403.1300;553.8700;2388.0400;9070.8800;47.5000;521.7200;2388.0700;8154.2100;8.4773;394.0000;0.6000;0;WO204449;1,430.72
2026/07/03;ENG-032;132;2026-01-06 12:00:00;642.1900;1587.5400;1409.7000;552.8900;2388.0500;9083.4000;47.4000;521.3100;2388.0400;8166.6900;8.4096;393.0000;0.4880;0;WO513495;2766.43
2026-07-03;ENG-008;163;2026-01-07 19:00:00;642.9600;1586.0100;1414.6000;553.3000;2388.1200;9051.8200;47.5200;521.0500;2388.1000;8129.8600;8.4732;393.0000;0.7840;0;WO690276;2109.33
03-Jul-2026;eng-044;51;2026-01-03 03:00:00;642.3100;1590.3100;1410.6100;553.8900;2388.0900;9059.3400;47.5800;521.4500;2388.0900;8135.6400;8.4303;394.0000;0.8960;0;WO623178;965.99
2026/07/03;ENG-012;151;2026-01-07 07:00:00;642.4000;1582.6100;1395.9700;554.5600;2388.0500;9058.8500;47.3400;521.6800;2388.0200;8144.1700;8.3700;392.0000;1.0000;0;WO395781;1348.04
2026-07-03;ENG-071;47;2026-01-02 23:00:00;641.9700;1590.7500;1408.8800;553.9400;2388.0400;9060.0100;47.2500;521.9500;2388.0000;8146.6000;8.4169;391.0000;1.0000;0;WO160848;2431.21
03-Jul-2026;ENG-055;86;2026-01-04 14:00:00;642.1000;1593.6300;1402.7300;553.6300;2387.9600;9054.0900;47.3900;522.2300;2388.0600;8136.7500;8.4127;391.0000;1.0000;0;WO661511;637.96
2026/07/03;  ENG-089 ;133;2026-01-06 13:00:00;642.6000;1590.5500;1402.6800;553.2000;2388.1100;9042.8900;47.6200;520.8300;2388.1100;8129.9400;8.4435;392.0000;1.0000;0;WO848419;1702.39
2026-07-03;ENG-066;101;2026-01-05 05:00:00;642.5000;1597.2000;1411.8600;553.0200;2388.1100;9070.4900;47.6000;520.7600;2388.1300;8151.8100;8.4445;393.0000;0.4800;0;WO730900;1675.82
2026/07/03;eng-062;168;2026-01-08 00:00:00;642.8700;1581.2300;1406.6700;554.0200;2388.0200;9067.1500;47.2400;522.1600;2387.9700;8148.6000;8.4382;391.0000;0.9440;0;WO967830;2216.07
2026-07-03;  ENG-092 ;130;2026-01-06 10:00:00;643.4900;1597.2700;1421.2600;552.5600;2388.1800;9049.8000;47.7300;520.8200;2388.1300;8123.5100;8.4457;395.0000;0.3200;0;WO421110;2,138.68
2026-07-03;eng-083;61;2026-01-03 13:00:00;642.1000;1598.1100;1410.2400;553.7300;2388.0600;9059.2400;47.2000;521.9700;2388.0300;8133.9200;8.4674;393.0000;1.0000;0;WO496179;2250.50
2026-07-03;ENG-028;130;2026-01-06 10:00:00;642.7400;1591.1100;1408.1200;553.2100;2388.1400;9055.2300;47.6700;521.8200;2388.0700;8135.7400;8.4034;392.0000;1.0000;0;WO626086;
03-Jul-2026;ENG-013;141;2026-01-06 21:00:00;642.6400;1588.6700;1404.7500;554.2600;2388.0600;9062.8600;47.3200;521.9300;2387.9900;8146.3000;8.4004;392.0000;1.0000;0;WO942005;1,191.78
2026-07-03;ENG-088;57;2026-01-03 09:00:00;642.5100;1584.5300;1413.7800;553.4100;2388.1300;9040.2300;47.5700;521.6600;2388.1600;8118.8100;8.4466;392.0000;1.0000;0;WO181596;2456.91
03-Jul-2026;eng-045;116;2026-01-05 20:00:00;643.1200;1584.1200;1414.7200;553.3000;2388.1400;9066.6400;47.4700;521.4500;2388.0900;8138.8200;8.3893;394.0000;1.0000;0;WO603546;2,391.00
2026/07/03;ENG-095;84;2026-01-04 12:00:00;642.3900;1586.5400;1408.7100;553.7600;2388.0900;9049.4500;47.5300;521.7100;2388.0600;8126.2400;8.4446;391.0000;1.0000;0;WO506113;2534.35
03-Jul-2026;ENG-070;108;2026-01-05 12:00:00;642.2900;1591.9300;1405.9800;554.3200;2388.1200;9045.4200;47.5200;521.2900;2388.0900;8132.9200;8.4394;392.0000;1.0000;0;WO488918;2574.52
03-Jul-2026;ENG-059;67;2026-01-03 19:00:00;641.7000;1586.3000;1400.2600;554.3300;2388.0200;9056.3400;47.2500;522.7600;2388.0200;8139.7200;8.3956;391.0000;1.0000;0;WO963757;195.72
2026/07/03;ENG-098;92;2026-01-04 20:00:00;642.6100;1592.6500;1403.0900;553.3600;2388.0900;9060.0800;47.4300;521.4400;2388.1000;8142.3000;8.3933;393.0000;0.7040;0;WO854026;348.56
03-Jul-2026;ENG-034;188;2026-01-08 20:00:00;643.0200;1593.6300;1420.6900;552.3400;2388.1900;9042.6500;48.0400;520.2300;2388.1600;8125.3500;8.4989;394.0000;0.1760;1;WO126653;15648.10
2026/07/03;  ENG-037 ;90;2026-01-04 18:00:00;643.0100;1588.3000;1401.2800;554.1000;2388.1100;9052.6300;47.5600;521.7900;2388.1000;8128.1000;8.4291;392.0000;0.4160;0;WO122724;
03-Jul-2026;  ENG-060 ;112;2026-01-05 16:00:00;641.9800;1585.4900;1404.3600;553.7800;2388.1400;9055.0900;47.4200;521.9100;2388.1000;8142.3900;8.4446;391.0000;1.0000;0;WO398397;1,855.15
2026-07-03;ENG-084;129;2026-01-06 09:00:00;642.8400;1587.9200;1405.0500;553.2100;2388.1400;9051.1200;47.6800;521.2300;2388.1700;8132.8500;8.4492;393.0000;0.8080;0;WO261668;512.50
03-Jul-2026;eng-020;151;2026-01-07 07:00:00;642.7000;1589.7100;1405.9000;552.9700;2388.1200;9069.1200;47.5400;521.0000;2388.1300;8149.8800;8.4696;394.0000;0.3920;0;WO821137;
2026/07/03;ENG-049;219;2026-01-10 03:00:00;642.3700;1586.6200;1405.5400;553.5000;2388.0900;9062.4800;47.5700;521.3100;2388.1100;8144.2200;8.4533;393.0000;0.8400;0;WO573485;786.22
2026/07/03;  ENG-061 ;141;2026-01-06 21:00:00;642.8700;1590.9900;1411.3000;553.1500;2388.1400;9066.4400;47.7200;521.5000;2388.1100;8145.3200;8.4513;396.0000;0.3120;0;WO579651;182.54
2026-07-03;ENG-045;123;2026-01-06 03:00:00;642.8000;1600.6800;1406.1300;553.0900;2388.0800;9060.5400;47.4700;521.4400;2388.1000;8141.1800;8.4491;393.0000;1.0000;0;WO662227;2750.39
03-Jul-2026;eng-004;78;2026-01-04 06:00:00;643.1900;1583.0300;1404.6900;553.8800;2388.1100;9050.5900;47.6700;521.4300;2388.1100;8134.1400;8.4294;393.0000;0.8800;0;WO772129;434.70
2026/07/03;  ENG-049 ;240;2026-01-11 00:00:00;642.9000;1588.9000;1400.5800;553.7600;2388.1300;9072.4400;47.4500;521.4300;2388.1100;8135.4100;8.4173;392.0000;0.6720;0;WO609958;351.29
03-Jul-2026;ENG-080;117;2026-01-05 21:00:00;642.6900;1593.7600;1414.5400;553.1800;2388.0800;9067.3700;47.5800;521.2600;2388.1100;8144.2500;8.4727;392.0000;0.8480;0;WO476973;65.34
2026/07/03;ENG-080;100;2026-01-05 04:00:00;642.2100;1586.6700;1410.0900;553.2800;2388.0600;9059.6500;47.5100;521.1000;2388.0500;8147.7800;8.4461;391.0000;0.9840;0;WO401602;1257.13
2026/07/03;ENG-003;110;2026-01-05 14:00:00;642.6000;1582.4600;1409.5400;553.1000;2388.1800;9046.7400;47.5900;521.3700;2388.1600;8125.3400;8.4713;394.0000;0.6800;0;WO142534;150.92
2026-07-03;ENG-026;67;2026-01-03 19:00:00;642.2300;1588.7700;1396.4600;553.6300;2388.0600;9070.6100;47.3800;521.9100;2388.0100;8149.1200;8.4359;393.0000;1.0000;0;WO555069;771.18
03-Jul-2026;ENG-007;147;2026-01-07 03:00:00;642.7800;1588.2700;1400.8500;553.9800;2388.0600;9069.2600;47.2700;521.5200;2388.0800;8143.8800;8.4087;393.0000;0.8320;0;WO782030;2,999.04
03-Jul-2026;  ENG-032 ;129;2026-01-06 09:00:00;642.9100;1592.2200;1406.0400;553.4300;2388.0000;9095.3300;47.4400;521.5400;2388.0600;8168.0500;8.4288;391.0000;0.5120;0;WO784466;1539.34
03-Jul-2026;ENG-041;123;2026-01-06 03:00:00;642.5400;1594.2400;1416.7600;553.0200;2388.1900;9036.8800;47.6400;520.6100;2388.2000;8115.8200;8.4533;395.0000;0.1440;1;WO213304;6766.00
2026-07-03;  ENG-058 ;167;2026-01-07 23:00:00;642.7000;1602.5100;1413.3600;551.8500;2388.1000;9051.8400;47.8200;521.0300;2388.1500;8129.9300;8.4819;393.0000;0.3680;0;WO812228;898.95
03-Jul-2026;ENG-091;177;2026-01-08 09:00:00;643.2000;1592.6500;1414.8100;552.1300;2388.1900;9052.8000;47.7400;520.8800;2388.1500;8129.1100;8.4499;395.0000;0.7600;0;WO674216;813.47
2026-07-03;ENG-038;99;2026-01-05 03:00:00;642.8300;1589.9700;1414.5400;552.7300;2388.1200;9067.3600;47.5100;520.7500;2388.1300;8140.8000;8.4487;396.0000;0.6080;0;WO939121;1,112.18
03-Jul-2026;ENG-048;67;2026-01-03 19:00:00;642.5500;1592.1800;1404.7100;554.1600;2388.1000;9057.3600;47.2200;521.8200;2388.0400;8132.8700;8.4335;392.0000;0.8240;0;WO485288;1004.61
2026/07/03;ENG-027;124;2026-01-06 04:00:00;642.5100;1589.5000;1406.2300;553.6200;2388.0700;9058.9600;47.5100;521.2100;2388.1000;8134.9300;8.4233;391.0000;0.6560;0;WO718034;827.35
03-Jul-2026;ENG-038;97;2026-01-05 01:00:00;643.1500;1592.4700;1404.8200;552.5600;2388.1200;9067.9200;47.6900;521.0000;2388.0800;8138.1600;8.5116;393.0000;0.6240;0;WO117812;595.83
2026-07-03;ENG-018;109;2026-01-05 13:00:00;642.1900;1591.0800;1401.7000;552.7800;2388.1000;9056.6600;47.2200;521.5100;2388.1100;8142.1100;8.4136;392.0000;0.4160;0;WO906570;867.36
03-Jul-2026;eng-094;113;2026-01-05 17:00:00;642.7600;1583.0900;1408.0300;552.8100;2388.1500;9059.9300;47.4800;521.0900;2388.1100;8129.9400;8.4680;394.0000;0.6000;0;WO483494;2,693.03
2026-07-03;ENG-061;138;2026-01-06 18:00:00;642.9200;1594.5700;1413.2400;553.1500;2388.1000;9063.4000;47.5400;521.7100;2388.0600;8144.4000;8.4458;394.0000;0.3360;0;WO234722;1277.76
2026-07-03;ENG-064;152;2026-01-07 08:00:00;642.6900;1587.9700;1407.0500;552.7300;2388.2300;9061.8500;47.7300;521.2600;2388.1900;8133.1100;8.4429;395.0000;0.3520;0;WO933890;2557.82
03-Jul-2026;  ENG-091 ;162;2026-01-07 18:00:00;642.6900;1582.3900;1420.1700;553.6100;2388.1400;9050.4100;47.7000;520.8000;2388.1800;8125.3200;8.4716;394.0000;0.8800;0;WO979520;1,133.90
2026/07/03;ENG-089;163;2026-01-07 19:00:00;643.2900;1584.6900;1407.0500;553.9600;2388.1000;9052.7900;47.4200;520.9300;2388.1200;8127.1200;8.4110;393.0000;1.0000;0;WO901409;2,253.09
2026-07-03;ENG-029;132;2026-01-06 12:00:00;641.9800;1590.3300;1403.9100;554.5900;2388.0800;9072.8300;47.3800;521.7300;2388.0400;8143.8200;8.3901;391.0000;1.0000;0;WO823062;2,877.47
2026-07-03;ENG-090;130;2026-01-06 10:00:00;642.4500;1593.2200;1416.6200;552.7600;2388.1100;9082.8500;47.9100;521.2200;2388.1000;8152.5000;8.4570;394.0000;0.3520;0;WO500569;1837.29
2026/07/03;ENG-013;186;2026-01-08 18:00:00;642.3100;1590.8100;1409.4600;553.2800;2388.0600;9064.7200;47.4300;522.0100;2388.0400;8140.7500;8.4194;393.0000;0.8320;0;WO494081;1974.15
03-Jul-2026;ENG-091;227;2026-01-10 11:00:00;643.5000;1592.5300;1419.6100;552.5200;2388.2000;9055.9000;47.9200;520.3900;2388.2100;8122.1500;8.5263;395.0000;0.3600;0;WO684478;1938.51
2026/07/03;ENG-082;127;2026-01-06 07:00:00;643.0000;1589.5400;1412.7100;553.0800;2388.1200;9061.9000;47.5600;521.2000;2388.1400;8138.6700;8.4336;395.0000;0.3520;0;WO380139;2,918.54
03-Jul-2026;ENG-073;89;2026-01-04 17:00:00;642.4300;1588.4600;1400.6700;554.0500;2388.0800;9056.2600;47.2800;522.3700;2388.0400;8138.9100;8.3833;393.0000;1.0000;0;WO347452;1476.56
2026-07-03;ENG-021;127;2026-01-06 07:00:00;642.8500;1586.8900;1398.1000;554.7600;2388.0500;9073.8300;47.3600;522.0800;2388.0500;8152.8300;8.4043;393.0000;0.6240;0;WO334210;1,160.38
03-Jul-2026;ENG-049;270;2026-01-12 06:00:00;643.2500;1594.3600;1411.3700;552.9700;2388.1500;9054.9400;47.9300;520.9300;2388.1500;8139.8400;8.4394;395.0000;0.4320;0;WO129058;2,652.86
03-Jul-2026;ENG-020;126;2026-01-06 06:00:00;643.3000;1591.2900;1411.6400;553.2900;2388.1300;9063.8400;47.5900;520.5200;2388.0600;8142.3400;8.4691;393.0000;0.5920;0;WO363492;1734.76
2026/07/03;ENG-076;190;2026-01-08 22:00:00;642.7300;1594.7200;1418.9800;553.1200;2388.1400;9099.9200;47.7500;520.6900;2388.1400;8164.4100;8.4968;395.0000;0.2000;1;WO650650;16509.47
2026/07/03;ENG-077;118;2026-01-05 22:00:00;642.9200;1594.1300;1409.9500;553.3700;2388.0900;9046.4900;47.5200;521.2200;2388.1300;8124.3900;8.4471;393.0000;0.6240;0;WO394362;1,213.64
03-Jul-2026;ENG-010;160;2026-01-07 16:00:00;642.4200;1590.4700;1409.2400;554.3000;2388.1000;9066.5600;47.2600;521.6300;2388.0700;8138.4300;8.4698;393.0000;1.0000;0;WO130109;1,056.79
2026/07/03;ENG-072;109;2026-01-05 13:00:00;642.5100;1590.5200;1400.8900;553.1500;2388.0600;9060.9100;47.3300;521.5900;2388.0100;8142.3100;8.4154;392.0000;0.5760;0;WO246081;1,477.29
03-Jul-2026;ENG-072;92;2026-01-04 20:00:00;642.6900;1587.0400;1402.8800;553.6700;2388.0600;9068.3600;47.3600;521.3000;2388.0700;8145.2900;8.4012;394.0000;;0;WO248670;1592.27
03-Jul-2026;ENG-064;147;2026-01-07 03:00:00;643.0700;1591.9400;1413.2200;552.9800;2388.1400;9059.5900;47.8100;520.9300;2388.1500;8132.3900;8.4083;394.0000;0.3920;0;WO522378;1,091.16
03-Jul-2026;ENG-018;105;2026-01-05 09:00:00;642.0200;1594.8800;1404.3300;553.6200;2388.0700;9062.8200;47.4600;521.7100;2388.0900;8139.1100;8.4185;392.0000;0.4480;0;WO469084;2,449.07
03-Jul-2026;ENG-032;119;2026-01-05 23:00:00;643.0300;1590.1500;1401.6200;554.3000;2388.0300;9084.2000;47.4000;521.7200;2387.9800;8162.2900;8.4204;392.0000;0.5920;0;WO368636;
03-Jul-2026;ENG-002;34;2026-01-02 10:00:00;642.4300;1582.2500;1409.1500;554.0200;2388.1300;9048.3100;47.5400;521.8700;2388.0900;8126.8100;8.4476;392.0000;0.9040;0;WO886476;1256.54
03-Jul-2026;ENG-010;144;2026-01-07 00:00:00;642.2700;1588.2700;1403.8900;554.7200;2388.0800;9067.4700;47.3400;521.7600;2388.0100;8148.4300;8.3967;392.0000;1.0000;0;WO212514;819.59
03-Jul-2026;  ENG-063 ;147;2026-01-07 03:00:00;642.5200;1591.9100;1415.4100;553.1900;2388.2100;9042.9200;47.6500;521.3300;2388.1700;8126.3500;8.4328;394.0000;0.6400;0;WO400890;
2026/07/03;ENG-023;109;2026-01-05 13:00:00;642.2000;1591.1600;1400.8800;553.7900;2388.0500;9044.9800;47.3000;521.4100;2388.0600;8132.0400;8.3912;390.0000;1.0000;0;WO256245;
2026-07-03;ENG-049;209;2026-01-09 17:00:00;642.1100;1584.8100;1406.9500;553.5400;2388.0700;9060.7800;47.4000;521.3900;2388.0500;8143.0700;8.4580;394.0000;0.9200;0;WO884926;2739.51
03-Jul-2026;ENG-010;166;2026-01-07 22:00:00;642.1700;1591.3300;1403.7000;554.1900;2388.0800;9059.1800;47.4200;521.9100;2388.0400;8145.7900;8.4361;392.0000;0.9760;0;WO452984;2885.44
2026/07/03;ENG-070;147;2026-01-07 03:00:00;642.8500;1592.2400;1408.2100;553.0100;2388.1600;9055.1800;47.3000;521.4700;2388.1200;8128.0000;8.4668;393.0000;0.7920;0;WO451527;
2026/07/03;ENG-008;164;2026-01-07 20:00:00;642.7100;1594.9800;1411.0200;553.3800;2388.1400;9047.7700;47.5100;520.9300;2388.0900;8128.2200;8.4396;393.0000;0.7760;0;WO531921;1324.23
2026/07/03;ENG-051;111;2026-01-05 15:00:00;642.4500;1587.1800;1402.8300;553.6100;2388.0700;9051.4700;47.5500;521.4500;2388.1000;8126.1000;8.4120;393.0000;1.0000;0;WO472501;2,668.91
2026-07-03;ENG-017;113;2026-01-05 17:00:00;642.1100;1590.7700;1398.8900;553.8100;2388.0100;9074.5200;47.2500;522.2200;2388.0500;8155.6900;8.3883;393.0000;0.8160;0;WO215208;579.86
2026-07-03;ENG-013;138;2026-01-06 18:00:00;642.0400;1590.7300;1404.1800;553.5200;2388.0800;9067.1000;47.2800;522.1700;2388.0600;8144.6200;8.4448;393.0000;1.0000;0;WO222152;2,550.73
2026-07-03;ENG-082;159;2026-01-07 15:00:00;643.2000;1602.0500;1419.5600;552.3900;2388.2600;9049.4700;48.1500;520.0900;2388.2800;8123.8100;8.5014;396.0000;0.0960;1;WO349427;
03-Jul-2026;ENG-099;94;2026-01-04 22:00:00;642.4800;1585.5900;1397.5500;554.7700;2388.0200;9065.9000;47.2800;522.2800;2388.0100;8152.3600;8.3898;391.0000;0.9600;0;WO304109;2,115.94
2026-07-03;ENG-020;159;2026-01-07 15:00:00;642.8300;1595.4100;1413.8000;552.3500;2388.1200;9067.9000;47.5700;521.1000;2388.1900;8142.0000;8.4798;394.0000;0.3280;0;WO336401;1496.49
2026-07-03;ENG-061;143;2026-01-06 23:00:00;642.5900;1596.7800;1411.8200;553.4000;2388.1800;9067.6300;47.6500;521.4100;2388.1200;8144.3700;8.4362;394.0000;0.2960;0;WO265284;373.78
03-Jul-2026;ENG-100;135;2026-01-06 15:00:00;642.7000;1592.9200;1400.0100;554.1700;2388.0300;9075.3100;47.4100;522.2000;2388.0200;8151.7900;8.4143;394.0000;0.6640;0;WO851539;1,087.01
2026-07-03;ENG-042;132;2026-01-06 12:00:00;642.7200;1596.2000;1410.0000;553.1100;2388.1000;9046.9400;47.5300;520.7000;2388.2000;8121.8600;8.4295;393.0000;0.2720;0;WO904898;395.34
2026/07/03;eng-081;169;2026-01-08 01:00:00;643.0400;1596.9300;1412.6500;552.7700;2388.1000;9068.5100;47.7500;520.5800;2388.1200;8147.3700;8.4790;394.0000;0.4160;0;WO836211;1699.38
2026/07/03;  ENG-062 ;205;2026-01-09 13:00:00;642.3600;1589.2700;1400.1300;553.7700;2388.0500;9076.8400;47.3600;521.8600;2388.0300;8158.5200;8.4087;391.0000;0.6480;0;WO274522;2,575.31
2026/07/03;ENG-040;130;2026-01-06 10:00:00;643.2600;1598.0000;1420.1600;552.0600;2388.2200;9068.1500;47.8200;520.3600;2388.1300;8146.7700;8.4699;395.0000;0.2480;0;WO773777;2,444.40
2026/07/03;ENG-100;172;2026-01-08 04:00:00;642.6100;1594.5100;1403.9300;553.5800;2388.0000;9111.1700;47.6200;521.9000;2388.0600;8179.2900;8.4279;394.0000;0.3680;0;WO776665;1055.86
03-Jul-2026;ENG-097;110;2026-01-05 14:00:00;642.1300;1586.2400;1404.0400;553.6500;2388.0100;9072.4200;47.2900;522.1100;2388.0400;8149.9400;8.3957;394.0000;0.8480;0;WO904164;2355.58
2026/07/03;ENG-049;250;2026-01-11 10:00:00;642.7400;1595.5700;1405.7900;553.0400;2388.1100;9063.2400;47.6500;521.2200;2388.1700;8137.6900;8.4725;394.0000;0.5920;0;WO933164;1878.49
03-Jul-2026;ENG-028;144;2026-01-07 00:00:00;642.5200;1582.5900;1403.9000;553.7200;2388.1500;9055.4300;47.4900;521.5000;2388.1100;8140.8700;8.4598;393.0000;0.8880;0;WO104975;237.12
03-Jul-2026;ENG-063;126;2026-01-06 06:00:00;642.3500;1586.8700;1409.6800;553.2400;2388.1700;9043.2200;47.7500;521.0800;2388.1100;8128.5600;8.4066;394.0000;0.8080;0;WO253499;601.36
2026-07-03;ENG-054;101;2026-01-05 05:00:00;642.0900;1578.0900;1405.8200;554.0200;2388.0300;9067.4300;47.4000;522.5800;2388.0100;8142.4600;8.3990;392.0000;0.9360;0;WO871234;531.16
2026/07/03;eng-098;102;2026-01-05 06:00:00;642.4100;1594.9900;1409.5400;553.2900;2388.1200;9053.8900;47.5800;521.3400;2388.1100;8140.6300;8.4194;391.0000;0.6240;0;WO544184;2,382.11
2026/07/03;  ENG-056 ;124;2026-01-06 04:00:00;642.4900;1599.3600;1415.8700;552.5900;2388.2400;9046.1200;47.8600;520.3500;2388.1900;8120.4600;8.4789;395.0000;0.2160;1;WO287216;23,374.92
03-Jul-2026;ENG-041;119;2026-01-05 23:00:00;642.8000;1595.7400;1418.9600;552.9800;2388.1900;9034.3200;47.9200;520.7400;2388.1600;8113.0200;8.4270;395.0000;0.1760;1;WO801121;1876.02
2026-07-03;ENG-029;138;2026-01-06 18:00:00;643.0100;1589.5400;1396.0600;553.5900;2388.0300;9067.3100;47.4000;521.7600;2387.9900;8143.0000;8.4160;393.0000;0.9840;0;WO194870;760.23
2026/07/03;ENG-089;132;2026-01-06 12:00:00;643.2200;1590.2900;1408.8200;553.5600;2388.1000;9046.6700;47.6800;521.0000;2388.1300;8125.5200;8.4195;395.0000;1.0000;0;WO876933;1722.54
03-Jul-2026;ENG-018;97;2026-01-05 01:00:00;642.7700;1581.6500;1401.7200;554.0000;2388.0200;9066.4500;47.3200;521.7100;2388.0300;8146.3000;8.4286;391.0000;0.5120;0;WO258699;812.64
2026/07/03;ENG-093;243;2026-01-11 03:00:00;642.8000;1596.3900;1421.4000;552.0400;2388.1400;9077.9900;47.7100;520.3700;2388.1200;8151.5200;8.4909;394.0000;0.6880;0;WO399389;2,794.84
2026-07-03;ENG-051;128;2026-01-06 08:00:00;642.6500;1594.7100;1408.2900;553.4900;2388.1000;9051.1500;47.4700;521.6100;2388.1100;8126.8400;8.4420;393.0000;1.0000;0;WO296018;937.17
03-Jul-2026;ENG-012;186;2026-01-08 18:00:00;642.7600;1581.3200;1404.8300;553.8600;2388.0500;9064.8800;47.5200;521.7700;2388.0300;8140.0900;8.4317;392.0000;1.0000;0;WO196740;1,525.64
2026/07/03;eng-031;163;2026-01-07 19:00:00;642.9400;1592.3600;1414.7600;552.9100;2388.1700;9074.9600;47.7700;520.8700;2388.1700;8148.1500;8.4677;393.0000;;0;WO298836;1140.45
03-Jul-2026;ENG-077;157;2026-01-07 13:00:00;642.5400;1591.1200;1419.8100;552.9500;2388.1700;9049.7900;47.6500;520.9600;2388.2200;8125.8000;8.5056;393.0000;0.3120;0;WO205416;
03-Jul-2026;ENG-095;80;2026-01-04 08:00:00;642.3600;1591.1600;1404.8200;553.4700;2388.0300;9040.5200;47.5300;522.1800;2388.0600;8132.6100;8.4306;390.0000;1.0000;0;WO621237;2642.91
03-Jul-2026;ENG-015;53;2026-01-03 05:00:00;641.8700;1589.1600;1398.7000;554.3100;2388.0200;9058.3100;47.3900;522.0900;2388.0400;8136.2300;8.4241;392.0000;0.8480;0;WO934086;
03-Jul-2026;ENG-086;79;2026-01-04 07:00:00;642.6000;1586.6800;1413.1100;554.1900;2388.1000;9064.5200;47.4300;522.1900;2388.0700;8144.4200;8.4511;394.0000;0.9600;0;WO747077;2088.54
2026-07-03;  ENG-008 ;118;2026-01-05 22:00:00;642.4200;1587.6000;1407.5500;553.8700;2388.0900;9050.2700;47.2000;522.1200;2388.0900;8132.9300;8.4046;392.0000;;0;WO577193;2466.17
2026-07-03;ENG-077;150;2026-01-07 06:00:00;642.6900;1592.6100;1411.9600;552.7200;2388.1900;9053.2300;47.7500;520.9700;2388.2000;8132.6200;8.4699;394.0000;;0;WO593598;824.00
2026/07/03;  ENG-018 ;131;2026-01-06 11:00:00;643.2900;1594.2400;1408.4900;554.0600;2388.1300;9065.9600;47.4900;521.3300;2388.1300;8133.0600;8.4389;394.0000;0.2400;1;WO831486;11122.89
03-Jul-2026;ENG-027;96;2026-01-05 00:00:00;642.3200;1577.9500;1403.9200;553.9500;2388.0300;9049.2000;47.2900;521.5200;2388.0600;8127.0600;8.4144;392.0000;0.8800;0;WO387385;2751.44
2026/07/03;  ENG-098 ;103;2026-01-05 07:00:00;642.8100;1591.4900;1409.5100;552.7500;2388.1700;9073.7500;47.4400;521.2500;2388.0600;8138.7000;8.4302;393.0000;0.6160;0;WO815621;1478.40
2026/07/03;ENG-048;77;2026-01-04 05:00:00;642.5400;1590.8900;1401.1200;553.6600;2388.0900;9061.1900;47.4100;521.6000;2388.1200;8136.6100;8.4311;392.0000;0.7440;0;WO837059;1877.29
2026-07-03;ENG-096;75;2026-01-04 03:00:00;642.3900;1587.4200;1393.3300;554.9200;2388.0200;9072.7500;47.2600;522.5400;2388.0100;8152.9200;8.4275;391.0000;1.0000;0;WO439788;1335.98
03-Jul-2026;ENG-084;153;2026-01-07 09:00:00;642.6400;1590.8400;1412.2900;552.4000;2388.1400;9055.1500;47.6500;521.1100;2388.1300;8129.7700;8.4428;394.0000;0.6160;0;WO934384;1,889.53
2026/07/03;ENG-100;152;2026-01-07 08:00:00;642.9400;1587.5700;1411.3800;553.7400;2388.0300;9083.3800;47.4700;521.5800;2388.0300;8158.0900;8.4161;393.0000;0.5280;0;WO211319;1319.18
03-Jul-2026;ENG-100;168;2026-01-08 00:00:00;642.9400;1585.1600;1406.9500;553.8100;2388.0400;9099.3100;47.4700;521.6500;2388.0700;8181.4900;8.4520;393.0000;0.4000;0;WO369179;681.69
2026/07/03;ENG-007;151;2026-01-07 07:00:00;642.4700;1587.4500;1396.2100;554.0100;2387.9900;9066.9500;47.3900;522.0800;2387.9700;8143.8300;8.4006;393.0000;0.8000;0;WO558567;1100.80
2026-07-03;eng-030;134;2026-01-06 14:00:00;643.2200;1590.5900;1411.3900;553.1600;2388.1200;9049.7700;47.7200;521.3700;2388.1700;8134.2500;8.4408;393.0000;0.9920;0;WO365035;50.51
2026-07-03;ENG-064;164;2026-01-07 20:00:00;642.9200;1597.3600;1420.0900;552.4600;2388.1600;9058.1500;47.6800;520.2700;2388.1800;8134.8200;8.4854;393.0000;0.2560;0;WO214150;2403.59
2026/07/03;ENG-094;132;2026-01-06 12:00:00;642.7900;1601.2400;1411.5200;552.7800;2388.1200;9065.1200;47.7300;521.1000;2388.1100;8131.3300;8.4422;394.0000;0.4480;0;WO149303;1874.33
2026-07-03;ENG-057;125;2026-01-06 05:00:00;642.7600;1587.6800;1403.8100;553.2200;2388.1300;9050.3600;47.6700;521.6700;2388.1100;8128.1100;8.4380;393.0000;1.0000;0;WO827196;2,709.15
2026/07/03;ENG-049;300;2026-01-13 12:00:00;643.6900;1597.7100;1421.2800;551.6700;2388.2300;9049.3500;47.9200;520.5200;2388.2200;8126.2300;8.4753;395.0000;0.1920;1;WO290812;13,820.04
2026/07/03;ENG-045;106;2026-01-05 10:00:00;642.6000;1592.6200;1408.4600;553.4800;2388.1400;9061.8000;47.4200;521.8200;2388.1400;8145.4800;8.4682;394.0000;1.0000;0;WO612280;2,705.32
2026-07-03;ENG-021;127;2026-01-06 07:00:00;642.8500;1586.8900;1398.1000;554.7600;2388.0500;9073.8300;47.3600;522.0800;2388.0500;8152.8300;8.4043;393.0000;0.6240;0;WO334210;1,160.38
2026/07/03;ENG-063;148;2026-01-07 04:00:00;642.5400;1592.3700;1415.4400;553.3400;2388.1700;9046.4900;47.6000;520.7400;2388.1500;8133.3200;8.4124;393.0000;0.6320;0;WO493803;
03-Jul-2026;ENG-077;151;2026-01-07 07:00:00;643.3900;1592.1700;1418.8300;552.7300;2388.1400;9055.6800;47.6800;520.7400;2388.1400;8123.1200;8.4443;393.0000;0.3600;0;WO871724;1838.44
03-Jul-2026;ENG-017;111;2026-01-05 15:00:00;642.5700;1587.2800;1402.3800;554.2800;2388.0200;9069.8800;47.3500;521.5900;2387.9800;8162.3900;8.4282;393.0000;0.8320;0;WO408056;889.87
2026/07/03;  ENG-064 ;157;2026-01-07 13:00:00;642.7400;1590.4500;1417.4800;552.4700;2388.1800;9062.1700;47.8100;520.4300;2388.1400;8131.6900;8.4634;394.0000;0.3120;0;WO433337;805.60
03-Jul-2026;ENG-038;123;2026-01-06 03:00:00;642.7000;1593.1800;1417.8600;552.4600;2388.1200;9082.0600;47.9700;520.9200;2388.0500;8159.0700;8.4920;393.0000;0.4160;0;WO300560;1545.56
03-Jul-2026;ENG-006;71;2026-01-03 23:00:00;642.6400;1590.0600;1402.5300;553.4800;2388.1200;9056.6100;47.5200;521.8100;2388.1300;8133.3200;8.4604;394.0000;1.0000;0;WO812111;357.22
2026/07/03;ENG-031;185;2026-01-08 17:00:00;643.4700;1599.7600;1424.5200;551.7000;2388.1300;9075.8800;48.0000;520.6300;2388.1600;8155.9200;8.4953;394.0000;0.1520;1;WO188582;17,683.74
2026-07-03;ENG-018;111;2026-01-05 15:00:00;642.3900;1585.8900;1400.1800;553.0200;2388.0600;9061.1800;47.4900;521.5700;2388.0900;8140.5400;8.4576;392.0000;0.4000;0;WO485989;1612.99
2026-07-03;  ENG-095 ;88;2026-01-04 16:00:00;642.9200;1583.4000;1401.4200;553.3400;2388.1100;9049.8700;47.5000;521.3300;2388.0300;8132.5600;8.4261;392.0000;1.0000;0;WO919779;2,429.56
03-Jul-2026;  ENG-038 ;118;2026-01-05 22:00:00;642.9100;1585.0700;1407.8900;551.5900;2388.0800;9072.9500;47.6200;521.6200;2388.1100;8150.0700;8.4625;395.0000;0.4560;0;WO680041;222.39
2026-07-03;ENG-044;44;2026-01-02 20:00:00;642.1200;1593.4600;1409.3000;553.7400;2388.0400;9057.0300;47.2800;521.9000;2388.0500;8139.5000;8.3928;393.0000;0.9520;0;WO476995;1855.27
2026/07/03;  ENG-030 ;98;2026-01-05 02:00:00;642.1400;1591.3000;1401.3000;552.7800;2388.1100;9052.6100;47.5900;521.3200;2388.1100;8135.2500;8.4504;392.0000;;0;WO837367;433.68
03-Jul-2026;eng-093;219;2026-01-10 03:00:00;643.0800;1597.7500;1414.2700;552.5900;2388.1600;9072.5700;47.5500;521.6600;2388.0900;8150.9000;8.4775;396.0000;0.8800;0;WO573592;818.56
2026-07-03;ENG-051;136;2026-01-06 16:00:00;642.7500;1582.1100;1402.6200;553.7600;2388.0700;9041.8900;47.6400;521.2800;2388.1300;8133.1500;8.3997;392.0000;0.9760;0;WO389230;418.56
03-Jul-2026;ENG-009;50;2026-01-03 02:00:00;642.7200;1585.5100;1404.9800;553.6600;2388.1800;9054.6000;47.4400;521.7400;2388.0800;8127.6900;8.4263;394.0000;0.9280;0;WO857367;
2026-07-03;ENG-063;109;2026-01-05 13:00:00;642.6800;1589.1700;1404.3500;553.2000;2388.0600;9046.4700;47.6600;521.1100;2388.1500;8132.1000;8.4472;393.0000;0.9440;0;WO677965;2746.61
2026/07/03;ENG-024;138;2026-01-06 18:00:00;642.4000;1587.4400;1405.3500;553.9400;2388.0500;9082.6000;47.4600;522.3300;2388.0100;8170.4800;8.4317;392.0000;0.5440;0;WO705905;1402.28
2026-07-03;ENG-040;96;2026-01-05 00:00:00;642.9400;1595.4400;1409.1300;552.9700;2388.1200;9061.5900;47.7700;521.2200;2388.1900;8133.5800;8.4667;395.0000;;0;WO718527;929.89
2026-07-03;ENG-081;171;2026-01-08 03:00:00;642.9600;1595.9800;1413.7400;553.0900;2388.1700;9075.4100;47.6100;520.8200;2388.1200;8150.7000;8.4633;395.0000;0.4000;0;WO380756;1,544.36
2026-07-03;ENG-029;165;2026-01-07 21:00:00;642.0400;1586.4900;1409.2800;553.7700;2388.0600;9063.7500;47.4500;521.4300;2388.0500;8150.3200;8.4200;393.0000;0.7680;0;WO509899;1904.98
2026-07-03;ENG-067;64;2026-01-03 16:00:00;641.9100;1587.3900;1401.6500;553.9700;2388.1300;9057.6300;47.3300;521.6600;2388.0400;8137.9900;8.4211;395.0000;0.6720;0;WO971543;2952.16
03-Jul-2026;ENG-091;163;2026-01-07 19:00:00;642.7000;1594.6700;1414.3600;552.7200;2388.2100;9045.3000;47.7900;521.2600;2388.1900;8129.1900;8.4472;395.0000;0.8720;0;WO924536;425.86
2026/07/03;ENG-027;133;2026-01-06 13:00:00;642.7800;1587.7300;1407.3000;553.7400;2388.0700;9048.7000;47.5300;521.4100;2388.0400;8133.7300;8.4409;393.0000;0.5840;0;WO864544;2050.63
2026/07/03;ENG-054;102;2026-01-05 06:00:00;641.8900;1585.1000;1409.2700;554.6700;2387.9800;9061.0000;47.1700;522.3600;2388.0400;8143.3200;8.4408;392.0000;0.9280;0;WO782906;1,883.88
2026/07/03;ENG-024;145;2026-01-07 01:00:00;642.5400;1588.7200;1403.4600;554.4800;2388.0500;9094.3300;47.6300;521.9300;2388.0100;8172.2200;8.4346;393.0000;0.4880;0;WO521594;1432.64
2026-07-03;ENG-021;148;2026-01-07 04:00:00;642.6600;1592.3200;1403.7700;553.8600;2388.0600;9087.2500;47.4600;522.0200;2388.0700;8168.5100;8.4410;392.0000;0.4560;0;WO910401;1056.93
2026-07-03;ENG-010;164;2026-01-07 20:00:00;642.3700;1585.8600;1403.8800;553.6500;2388.0600;9068.0200;47.4800;522.1000;2388.0600;8145.0800;8.4215;392.0000;0.9920;0;WO714523;1,064.27
03-Jul-2026;ENG-073;108;2026-01-05 12:00:00;642.5200;1582.6500;1409.5600;554.0600;2388.0400;9062.0000;47.2300;521.6800;2388.0700;8140.5800;8.4007;394.0000;1.0000;0;WO517542;1038.28
03-Jul-2026;ENG-058;133;2026-01-06 13:00:00;642.3500;1587.5900;1410.8600;553.6500;2388.0900;9054.8600;47.4300;521.7000;2388.1000;8134.1800;8.4243;393.0000;0.6400;0;WO321707;1339.97
03-Jul-2026;ENG-047;63;2026-01-03 15:00:00;642.8500;1588.4000;1412.8900;553.6300;2388.1900;9044.1500;47.5500;521.3100;2388.1700;8119.1200;8.4550;393.0000;1.0000;0;WO581462;800.62
03-Jul-2026;  ENG-043 ;139;2026-01-06 19:00:00;642.8800;1586.8300;1406.1600;553.4900;2388.0900;9056.1600;47.6600;521.5100;2388.1300;8134.5600;8.4653;395.0000;0.7360;0;WO328266;1,971.15
2026/07/03;ENG-004;96;2026-01-05 00:00:00;642.6700;1594.3800;1412.0500;552.6500;2388.1000;9051.6500;47.6400;521.6700;2388.1400;8133.6100;8.4464;392.0000;0.7360;0;WO248658;451.81
2026-07-03;ENG-024;182;2026-01-08 14:00:00;643.0300;1590.3900;1413.2200;552.6900;2388.0900;9146.0300;47.6300;521.3700;2388.0700;8211.5300;8.4491;394.0000;0.1920;1;WO223841;17728.27
2026-07-03;ENG-070;135;2026-01-06 15:00:00;642.7600;1596.5900;1411.6200;553.0900;2388.1500;9061.3700;47.4200;521.6300;2388.1000;8131.6700;8.4320;392.0000;0.8880;0;WO422839;432.84
03-Jul-2026;ENG-065;66;2026-01-03 18:00:00;642.0600;1592.8000;1400.8400;554.5200;2388.0100;9068.3200;47.3000;522.4500;2388.0800;8142.6600;8.3685;391.0000;1.0000;0;WO439932;1054.68
2026/07/03;ENG-075;80;2026-01-04 08:00:00;642.6700;1583.7500;1414.1400;553.7300;2388.0100;9064.9300;47.4200;521.4900;2388.0100;8140.2300;8.4214;393.0000;0.9680;0;WO633737;2,767.44
03-Jul-2026;ENG-012;185;2026-01-08 17:00:00;642.7700;1591.1000;1402.4300;554.2500;2388.0600;9066.8600;47.2000;521.4300;2388.0400;8142.5300;8.4098;392.0000;1.0000;0;WO695016;1,684.75
03-Jul-2026;ENG-079;70;2026-01-03 22:00:00;642.7400;1582.9000;1405.1800;552.9600;2388.0900;9048.8400;47.3200;521.8800;2388.1000;8127.1500;8.4424;394.0000;0.7520;0;WO568802;2622.68
2026/07/03;ENG-039;37;2026-01-02 13:00:00;642.0900;1581.5800;1402.1700;554.0300;2388.0200;9061.9100;47.2000;521.9400;2388.0000;8147.3100;8.3904;393.0000;1.0000;0;WO327149;991.66
03-Jul-2026;ENG-077;128;2026-01-06 08:00:00;642.3500;1591.0700;1409.6100;553.7000;2388.1600;9045.8800;47.5800;521.6900;2388.1200;8129.3900;8.4418;393.0000;0.5440;0;WO139187;1217.26
03-Jul-2026;ENG-093;191;2026-01-08 23:00:00;643.0500;1588.5900;1415.6700;554.0400;2388.1200;9065.5800;47.5400;521.1100;2388.1200;8150.0200;8.4410;394.0000;1.0000;0;WO933336;2,023.31
03-Jul-2026;ENG-027;99;2026-01-05 03:00:00;642.7000;1579.7700;1400.2500;553.7000;2388.0300;9051.9900;47.4100;521.2800;2388.0100;8133.8800;8.3816;394.0000;0.8560;0;WO315536;403.70
03-Jul-2026;ENG-074;96;2026-01-05 00:00:00;642.5600;1590.3900;1401.7200;552.7100;2388.1100;9060.4600;47.5400;521.6500;2388.1000;8142.1100;8.4361;393.0000;1.0000;0;WO874221;1448.19
2026/07/03;ENG-008;145;2026-01-07 01:00:00;642.5000;1583.2900;1407.3800;552.8500;2388.1400;9049.4200;47.7600;520.8100;2388.1200;8133.1600;8.4447;393.0000;0.9280;0;WO310909;2195.50
2026/07/03;ENG-090;108;2026-01-05 12:00:00;642.8300;1588.9600;1412.3300;553.1300;2388.1500;9059.5900;47.6500;521.6000;2388.0800;8143.5700;8.4440;394.0000;0.5280;0;WO900134;1739.29
2026-07-03;ENG-064;155;2026-01-07 11:00:00;643.0900;1593.4400;1418.4700;553.5700;2388.1300;9054.9500;47.5600;521.0400;2388.1700;8133.6500;8.4337;393.0000;0.3280;0;WO326001;
03-Jul-2026;ENG-012;152;2026-01-07 08:00:00;642.1900;1591.1500;1403.3200;554.3400;2388.0100;9065.0500;47.4100;521.6100;2388.0100;8148.4300;8.4280;392.0000;1.0000;0;WO255759;2031.90
03-Jul-2026;ENG-012;165;2026-01-07 21:00:00;642.6700;1581.5700;1402.2800;554.4500;2388.0700;9065.1600;47.2700;522.3100;2388.0500;8146.0200;8.3950;392.0000;1.0000;0;WO688927;858.62
2026/07/03;ENG-084;166;2026-01-07 22:00:00;642.9700;1586.7200;1412.0900;552.7900;2388.1700;9050.7500;47.6300;521.0300;2388.1800;8129.8600;8.4982;393.0000;0.5120;0;WO907249;946.91
2026/07/03;ENG-070;146;2026-01-07 02:00:00;642.2500;1586.8300;1410.1300;553.3700;2388.1500;9065.1800;47.5200;521.7800;2388.1500;8131.5800;8.4664;394.0000;0.8000;0;WO197448;199.32
2026/07/03;ENG-043;156;2026-01-07 12:00:00;642.8800;1598.6300;1416.1400;553.9200;2388.1400;9054.0700;47.5100;520.6400;2388.1700;8130.5600;8.4592;393.0000;0.6000;0;WO278266;1959.42
03-Jul-2026;ENG-047;60;2026-01-03 12:00:00;642.9700;1588.9500;1414.3200;553.1900;2388.1000;9035.0800;47.4900;521.1200;2388.1800;8122.7900;8.4229;393.0000;1.0000;0;WO160902;585.05
03-Jul-2026;eng-067;62;2026-01-03 14:00:00;642.3400;1586.3000;1404.6100;553.7200;2388.0100;9057.0600;47.2700;521.6000;2388.0600;8139.8400;8.4142;393.0000;0.6880;0;WO626824;1,276.02
2026-07-03;ENG-049;217;2026-01-10 01:00:00;642.4300;1591.3900;1405.6700;554.3300;2388.0300;9059.8300;47.4800;521.3000;2388.0500;8137.4600;8.4255;393.0000;;0;WO189901;819.92
2026-07-03;ENG-067;69;2026-01-03 21:00:00;642.1800;1590.6400;1404.7600;553.9000;2388.0300;9056.8400;47.1900;521.8900;2388.0300;8141.8000;8.4296;392.0000;0.6320;0;WO494953;53.47
03-Jul-2026;ENG-018;112;2026-01-05 16:00:00;643.0400;1594.1700;1400.7500;553.8800;2388.1600;9064.7100;47.4100;522.0600;2388.0500;8147.0400;8.4408;394.0000;0.3920;0;WO197121;2442.77
2026/07/03;ENG-077;146;2026-01-07 02:00:00;642.5300;1585.2700;1411.8400;552.9000;2388.1600;9048.0600;47.7200;520.9800;2388.1700;8122.3700;8.4557;393.0000;0.4000;0;WO847326;1,891.00
03-Jul-2026;ENG-049;249;2026-01-11 09:00:00;643.0000;1591.7000;1415.6400;553.0200;2388.1400;9057.0000;47.5400;521.1700;2388.1000;8139.2500;8.3827;393.0000;0.6000;0;WO190688;1,849.84
03-Jul-2026;ENG-027;104;2026-01-05 08:00:00;642.5500;1579.0800;1392.4200;554.1400;2388.0800;9049.9500;47.4100;521.6300;2388.0300;8134.0500;8.4080;393.0000;0.8160;0;WO763781;1,420.11
2026/07/03;ENG-013;167;2026-01-07 23:00:00;642.1400;1589.2000;1402.8200;554.0600;2388.0700;9062.2500;47.4500;521.3800;2388.0400;8141.1500;8.4462;392.0000;0.9840;0;WO744751;2,346.83
2026/07/03;ENG-078;64;2026-01-03 16:00:00;641.9300;1575.8900;1396.2100;554.7100;2388.0000;9065.6400;47.3200;522.5300;2387.9900;8142.2800;8.4391;392.0000;0.9200;0;WO570391;1,137.86
2026/07/03;ENG-053;124;2026-01-06 04:00:00;642.3600;1594.5400;1410.0100;553.9500;2388.1100;9070.6600;47.5800;521.6000;2388.0700;8145.9200;8.4122;392.0000;;0;WO245024;1945.23
2026-07-03;ENG-006;92;2026-01-04 20:00:00;642.6700;1598.3500;1409.6100;553.5500;2388.1400;9052.4800;47.5900;521.4600;2388.0900;8128.9000;8.4391;392.0000;0.8480;0;WO793587;661.02
2026-07-03;ENG-029;161;2026-01-07 17:00:00;642.6200;1592.7200;1409.5200;553.7700;2388.0800;9073.7200;47.2900;521.6800;2388.0600;8150.1700;8.4539;392.0000;0.8000;0;WO922674;2577.61
2026/07/03;  ENG-031 ;132;2026-01-06 12:00:00;642.8900;1590.6900;1414.8500;553.0700;2388.0500;9072.9500;47.4900;521.4000;2388.0600;8145.6000;8.4740;391.0000;0.5760;0;WO617431;279.14
03-Jul-2026;ENG-036;100;2026-01-05 04:00:00;643.4300;1583.4700;1421.1500;552.7900;2388.1700;9062.1600;47.7200;520.5000;2388.1300;8143.3100;8.4848;392.0000;0.3600;0;WO628927;2782.68
2026/07/03;ENG-018;91;2026-01-04 19:00:00;643.0700;1580.0900;1404.9300;553.2800;2388.0900;9057.4900;47.4600;521.7600;2388.1100;8145.0300;8.4387;393.0000;0.5600;0;WO535172;2439.91
2026/07/03;ENG-021;106;2026-01-05 10:00:00;642.8600;1587.3700;1404.6600;554.8900;2387.9900;9055.0900;47.1700;522.2300;2387.9900;8150.3100;8.4202;392.0000;0.7920;0;WO971352;971.02
2026-07-03;ENG-005;81;2026-01-04 09:00:00;642.2400;1586.6000;1416.8800;552.9100;2388.1400;9048.3800;47.5000;521.4700;2388.1200;8127.6500;8.4414;392.0000;0.8640;0;WO993730;2675.38
2026-07-03;  ENG-100 ;156;2026-01-07 12:00:00;642.3100;1595.8000;1408.0300;553.5300;2388.0100;9083.2600;47.2300;521.5500;2388.0100;8161.1800;8.4079;393.0000;0.4960;0;WO393580;1553.63
2026/07/03;ENG-019;127;2026-01-06 07:00:00;642.3400;1587.4800;1399.3100;553.9100;2388.0400;9058.1600;47.3900;522.0200;2388.0400;8141.7000;8.4548;392.0000;0.7600;0;WO455144;1030.15
2026-07-03;ENG-066;137;2026-01-06 17:00:00;643.0500;1596.4800;1423.1000;553.3400;2388.1400;9108.4100;47.9000;520.5500;2388.1300;8175.9800;8.4509;396.0000;0.1920;1;WO571589;20,701.91
03-Jul-2026;ENG-075;72;2026-01-04 00:00:00;642.6000;1580.0200;1408.8900;554.4200;2388.0500;9055.2900;47.4000;521.3300;2388.0600;8140.0400;8.4143;392.0000;1.0000;0;WO726067;1491.37
2026-07-03;ENG-070;136;2026-01-06 16:00:00;642.5900;1590.8900;1411.1500;553.3700;2388.1400;9053.8300;47.6000;521.2500;2388.0800;8132.9800;8.4842;393.0000;0.8800;0;WO296488;563.32
2026-07-03;ENG-094;114;2026-01-05 18:00:00;642.8600;1589.7900;1411.2400;553.5200;2388.1500;9052.2900;47.7200;521.3700;2388.1300;8135.3400;8.4524;393.0000;0.5920;0;WO427281;1,348.07
2026/07/03;ENG-100;174;2026-01-08 06:00:00;642.8100;1589.9700;1404.9000;553.6600;2388.0400;9103.7800;47.3900;521.7300;2388.0000;8183.7000;8.4234;392.0000;0.3520;0;WO991983;1,254.50
03-Jul-2026;ENG-030;104;2026-01-05 08:00:00;641.8100;1595.9500;1401.0400;552.8800;2388.1600;9052.6900;47.6100;521.2800;2388.1300;8123.5500;8.4381;392.0000;1.0000;0;WO802864;2,078.14
2026/07/03;ENG-052;136;2026-01-06 16:00:00;641.7200;1585.7600;1400.1900;554.0500;2387.9600;9065.6600;47.4100;522.4000;2388.0400;8147.4700;8.4055;393.0000;0.6560;0;WO134219;2,651.35
2026-07-03;ENG-057;138;2026-01-06 18:00:00;642.1700;1586.2900;1404.4900;553.9900;2388.2100;9049.0000;47.5500;522.0100;2388.1200;8128.8300;8.3982;393.0000;1.0000;0;WO833872;2216.72
03-Jul-2026;ENG-009;54;2026-01-03 06:00:00;642.0900;1585.2000;1404.7100;553.5000;2388.1300;9049.6400;47.5000;521.5400;2388.1100;8132.6300;8.4380;392.0000;0.8960;0;WO552870;2,682.71
03-Jul-2026;eng-040;93;2026-01-04 21:00:00;642.7700;1592.3100;1416.8400;552.9600;2388.1800;9065.7700;47.7500;521.0200;2388.1100;8136.6700;8.4569;395.0000;0.5440;0;WO865957;189.46
2026/07/03;ENG-062;166;2026-01-07 22:00:00;642.0800;1580.5400;1403.4900;553.8700;2388.0200;9057.4100;47.3000;521.5700;2388.0100;8137.3300;8.4186;393.0000;0.9600;0;WO992718;2456.71
03-Jul-2026;ENG-057;152;2026-01-07 08:00:00;642.6700;1598.0200;1407.6200;552.8000;2388.1300;9048.6100;47.5800;520.7100;2388.1600;8132.1100;8.4302;393.0000;0.8880;0;WO831704;1,692.49
2026/07/03;ENG-006;100;2026-01-05 04:00:00;642.8000;1583.2600;1413.5000;553.0900;2388.1000;9048.8300;47.6000;521.1700;2388.1500;8132.4700;8.4199;393.0000;0.7840;0;WO597293;1,175.64
2026/07/03;eng-029;149;2026-01-07 05:00:00;641.8900;1593.7500;1400.5300;553.4700;2388.0400;9065.0500;47.3200;521.8200;2388.0700;8146.0100;8.4205;394.0000;0.8960;0;WO560415;
03-Jul-2026;ENG-012;166;2026-01-07 22:00:00;642.3500;1585.2500;1401.8000;553.9900;2388.0600;9063.1300;47.4500;521.9300;2388.1000;8143.6700;8.3964;393.0000;1.0000;0;WO315489;1632.46
03-Jul-2026;ENG-045;103;2026-01-05 07:00:00;642.7600;1588.1500;1413.0200;553.5900;2388.0800;9057.0100;47.6800;521.0000;2388.1200;8143.7100;8.4904;392.0000;1.0000;0;WO846189;2704.40
03-Jul-2026;ENG-049;287;2026-01-12 23:00:00;642.5400;1596.5300;1420.0000;553.1400;2388.2200;9044.8800;47.9000;520.8800;2388.1900;8129.9000;8.4831;395.0000;0.2960;0;WO822887;1210.36
2026-07-03;ENG-088;65;2026-01-03 17:00:00;642.6600;1585.7800;1407.4000;552.9800;2388.1700;9039.9500;47.5800;521.5000;2388.1300;8121.8700;8.4519;392.0000;;0;WO257176;1562.52
2026/07/03;ENG-072;131;2026-01-06 11:00:00;642.9000;1588.4900;1410.5700;553.5200;2388.1100;9072.0300;47.6900;521.4700;2388.0900;8149.2700;8.4450;394.0000;0.4000;0;WO913336;478.99
2026/07/03;ENG-048;70;2026-01-03 22:00:00;641.9000;1585.6000;1407.2700;554.0100;2388.1000;9057.4800;47.5000;521.8700;2388.0900;8132.4100;8.4278;392.0000;0.8000;0;WO267299;1936.03
03-Jul-2026;eng-021;118;2026-01-05 22:00:00;642.8700;1587.7200;1398.9700;554.0000;2388.0500;9065.1900;47.3000;521.6800;2388.0000;8146.5500;8.3984;394.0000;0.6960;0;WO710725;1,415.54
2026/07/03;eng-034;201;2026-01-09 09:00:00;643.3600;1599.0500;1432.9500;551.7900;2388.2400;9042.6500;48.1200;519.9800;2388.3000;8124.6700;8.5049;396.0000;0.0720;1;WO887407;1100.05
2026-07-03;ENG-027;102;2026-01-05 06:00:00;642.0200;1584.5300;1398.0900;554.6700;2388.0700;9053.9300;47.2600;521.8100;2388.0600;8128.7900;8.3973;392.0000;0.8320;0;WO327485;899.18
03-Jul-2026;ENG-099;88;2026-01-04 16:00:00;641.8300;1588.5900;1400.4800;554.3000;2387.9800;9067.6400;47.0500;522.5400;2388.0600;8152.1600;8.3886;392.0000;1.0000;0;WO244413;475.96
03-Jul-2026;ENG-067;63;2026-01-03 15:00:00;642.2700;1583.9200;1402.0900;554.0200;2388.0800;9056.3600;47.3400;521.3100;2388.0900;8147.2800;8.4211;391.0000;0.6800;0;WO465833;56.37
03-Jul-2026;ENG-084;127;2026-01-06 07:00:00;642.1800;1588.7400;1406.4200;552.9500;2388.1500;9048.8900;47.4100;521.5000;2388.1000;8133.4600;8.4446;391.0000;0.8240;0;WO425978;161.24
2026/07/03;ENG-090;117;2026-01-05 21:00:00;643.2000;1590.8600;1413.9800;552.9600;2388.0900;9066.1700;47.5200;520.6300;2388.1600;8150.6400;8.4535;396.0000;0.4560;0;WO752890;754.86
2026/07/03;ENG-077;138;2026-01-06 18:00:00;643.1000;1586.9600;1402.2500;553.4500;2388.1500;9046.3100;47.5700;521.3700;2388.1700;8132.2200;8.4231;394.0000;0.4640;0;WO652845;2,057.15
2026/07/03;ENG-064;161;2026-01-07 17:00:00;642.6800;1598.6000;1412.6400;552.2800;2388.2200;9053.9200;47.7000;520.5700;2388.1800;8136.0600;8.4608;394.0000;0.2800;0;WO780871;1,907.02
03-Jul-2026;ENG-035;196;2026-01-09 04:00:00;643.4200;1598.7900;1424.9600;551.7900;2388.2300;9083.6700;47.8200;519.7700;2388.2000;8158.3100;8.5005;397.0000;0.1040;1;WO528877;15944.67
03-Jul-2026;ENG-096;89;2026-01-04 17:00:00;642.3800;1584.6600;1399.1100;554.2400;2388.0500;9070.1700;47.2800;522.2300;2387.9800;8150.9100;8.4137;391.0000;1.0000;0;WO603527;133.94
03-Jul-2026;  ENG-005 ;67;2026-01-03 19:00:00;642.5800;1586.5900;1410.2900;553.2000;2388.1000;9058.1700;47.5300;521.7500;2388.0600;8128.1600;8.4509;394.0000;0.9760;0;WO664212;2998.69
2026/07/03;eng-063;149;2026-01-07 05:00:00;642.6100;1590.3900;1410.5000;552.8500;2388.1500;9044.6500;47.6400;521.4600;2388.1700;8127.6600;8.4313;392.0000;0.6240;0;WO296346;624.11
03-Jul-2026;ENG-089;131;2026-01-06 11:00:00;642.3600;1587.3400;1407.8400;553.4600;2388.1500;9045.6300;47.3100;521.6000;2388.0800;8131.2800;8.4244;393.0000;1.0000;0;WO693152;1618.00
2026-07-03;ENG-006;83;2026-01-04 11:00:00;642.9400;1589.3600;1412.8800;553.4000;2388.1400;9051.9400;47.4700;521.1200;2388.1400;8131.0600;8.3982;394.0000;0.9200;0;WO926681;2417.99
03-Jul-2026;ENG-002;41;2026-01-02 17:00:00;642.7800;1595.9800;1405.7900;553.4400;2388.0800;9042.0300;47.4400;521.4700;2388.1000;8125.4900;8.4247;393.0000;0.8480;0;WO967160;1712.62
03-Jul-2026;eng-008;153;2026-01-07 09:00:00;642.5200;1578.5100;1407.2900;553.3800;2388.1300;9053.8900;47.5900;520.9300;2388.0900;8136.1200;8.4652;392.0000;;0;WO608459;529.77
2026-07-03;ENG-093;214;2026-01-09 22:00:00;643.2500;1591.7000;1404.5800;553.0800;2388.1200;9072.9000;47.7000;520.8300;2388.1800;8149.2000;8.4834;394.0000;;0;WO307021;723.03
2026/07/03;  ENG-008 ;159;2026-01-07 15:00:00;642.4500;1583.6100;1407.2800;552.9300;2388.1300;9052.5900;47.5800;521.4000;2388.0400;8129.8500;8.4408;394.0000;0.8160;0;WO117468;1925.91
2026/07/03;ENG-021;133;2026-01-06 13:00:00;642.3100;1580.5500;1397.9000;553.8500;2387.9600;9081.8900;47.2300;521.8800;2388.0200;8152.2500;8.4167;393.0000;0.5760;0;WO826862;1,229.34
2026/07/03;  ENG-095 ;89;2026-01-04 17:00:00;641.9700;1586.2500;1398.6100;553.4700;2388.0800;9052.1400;47.4200;521.9500;2388.1000;8135.1400;8.4294;394.0000;1.0000;0;WO686676;
03-Jul-2026;ENG-054;84;2026-01-04 12:00:00;642.3200;1586.1000;1403.4600;554.3800;2387.9900;9056.1700;47.1000;522.5000;2387.9800;8142.4300;8.3674;392.0000;1.0000;0;WO561346;1136.04
2026-07-03;ENG-028;146;2026-01-07 02:00:00;642.4600;1586.2900;1403.6500;553.4400;2388.1300;9053.0900;47.5200;521.8000;2388.1300;8136.7400;8.4858;394.0000;0.8720;0;WO168102;1,315.40
03-Jul-2026;ENG-055;99;2026-01-05 03:00:00;642.7400;1592.8700;1396.6900;554.0600;2388.0200;9052.4300;47.3500;521.9400;2388.0600;8137.3100;8.3986;394.0000;1.0000;0;WO623672;113.87
2026-07-03;ENG-015;71;2026-01-03 23:00:00;642.7000;1581.1900;1402.8200;553.8500;2388.0600;9051.1700;47.2700;521.9600;2388.0500;8138.6200;8.4166;393.0000;;0;WO157921;886.13
2026/07/03;eng-062;177;2026-01-08 09:00:00;642.1000;1577.6900;1406.3300;553.5400;2388.0300;9063.8500;47.3200;522.1400;2388.0500;8147.4400;8.4444;393.0000;0.8720;0;WO223682;503.40
03-Jul-2026;ENG-046;102;2026-01-05 06:00:00;642.7000;1581.0600;1415.7600;553.5500;2388.0700;9067.5200;47.5300;521.3400;2388.1100;8146.7800;8.4454;393.0000;0.7280;0;WO238687;561.03
2026/07/03;ENG-081;181;2026-01-08 13:00:00;643.1400;1593.5400;1421.5100;552.1200;2388.1000;9071.9000;47.7200;520.7300;2388.1100;8150.9600;8.4509;395.0000;0.3200;0;WO780862;170.12
2026/07/03;  ENG-027 ;122;2026-01-06 02:00:00;642.4900;1588.0600;1407.1100;553.9500;2388.0700;9047.5600;47.3400;521.9400;2388.0600;8132.3400;8.4366;391.0000;0.6720;0;WO468417;2,826.09
2026-07-03;ENG-010;177;2026-01-08 09:00:00;642.6600;1588.0200;1407.2300;553.3200;2388.0800;9060.6200;47.4900;522.0200;2388.1500;8140.4800;8.4336;392.0000;0.8880;0;WO845459;101.04
2026-07-03;ENG-052;164;2026-01-07 20:00:00;642.3400;1591.5600;1405.2700;553.3800;2388.0100;9084.9900;47.4400;521.8100;2388.0800;8167.9100;8.4177;393.0000;0.4320;0;WO971481;1466.80
03-Jul-2026;  ENG-010 ;162;2026-01-07 18:00:00;642.4500;1591.8100;1398.2500;553.5900;2388.0400;9066.5000;47.4200;522.2200;2388.1000;8141.3600;8.4471;392.0000;1.0000;0;WO242064;1,907.52
2026-07-03;ENG-072;110;2026-01-05 14:00:00;642.4100;1587.2200;1398.8300;554.0700;2388.0600;9063.6800;47.5700;521.2300;2388.0700;8148.4000;8.4198;390.0000;0.5680;0;WO604036;2,804.65
2026/07/03;ENG-052;135;2026-01-06 15:00:00;642.7300;1583.7100;1406.2700;553.8900;2388.0300;9072.7800;47.3700;522.0800;2388.0000;8151.8700;8.4039;390.0000;0.6640;0;WO743858;1634.94
2026-07-03;eng-012;155;2026-01-07 11:00:00;642.3300;1584.3700;1402.3400;554.5000;2388.0100;9064.3500;47.3500;522.3900;2387.9800;8145.7500;8.4060;393.0000;1.0000;0;WO247311;1,141.77
2026-07-03;eng-006;96;2026-01-05 00:00:00;642.6800;1592.1000;1407.4400;552.5000;2388.1200;9053.8000;47.5400;520.7300;2388.1300;8133.1300;8.4092;395.0000;0.8160;0;WO590407;651.43
2026/07/03;ENG-057;139;2026-01-06 19:00:00;642.6800;1584.5900;1410.5400;552.9400;2388.1400;9049.1600;47.6100;521.3200;2388.1400;8127.3700;8.4404;393.0000;0.9920;0;WO304966;114.01
03-Jul-2026;ENG-017;147;2026-01-07 03:00:00;642.5200;1588.5900;1401.4500;553.5500;2388.0100;9080.8300;47.4900;521.9700;2387.9900;8159.1700;8.4226;392.0000;0.5440;0;WO699134;359.12
2026-07-03;ENG-003;101;2026-01-05 05:00:00;642.4400;1586.9700;1408.9900;553.0100;2388.1600;9050.9400;47.5800;520.7000;2388.1200;8123.9700;8.4394;393.0000;0.7520;0;WO237368;373.23
2026-07-03;ENG-073;86;2026-01-04 14:00:00;642.2700;1582.4000;1403.9600;553.8700;2388.0400;9052.9300;47.3700;522.2200;2388.0400;8136.9300;8.4065;392.0000;1.0000;0;WO516687;1,216.78
2026-07-03;ENG-076;179;2026-01-08 11:00:00;642.6900;1595.5100;1418.3000;552.2300;2388.0900;9096.1700;47.7800;521.4200;2388.0600;8161.5100;8.4949;393.0000;0.2880;0;WO871587;1745.94
2026-07-03;ENG-091;208;2026-01-09 16:00:00;643.1100;1593.9600;1417.9600;552.0800;2388.1900;9054.2800;47.9900;520.9800;2388.2100;8129.9600;8.4879;394.0000;0.5120;0;WO646854;1017.34
2026-07-03;ENG-071;48;2026-01-03 00:00:00;642.2300;1582.6200;1401.0800;553.7700;2387.9900;9071.4000;47.2700;522.3700;2388.0000;8154.7800;8.3890;392.0000;1.0000;0;WO237728;2755.07
2026-07-03;ENG-061;157;2026-01-07 13:00:00;643.2900;1599.6200;1420.8200;552.6000;2388.1200;9066.7300;47.6700;520.6100;2388.1900;8146.4300;8.4810;395.0000;0.1840;1;WO594012;16,649.39
03-Jul-2026;eng-057;136;2026-01-06 16:00:00;642.6300;1588.9800;1402.4400;552.6400;2388.0900;9054.9300;47.4600;521.5400;2388.1100;8132.7300;8.4272;393.0000;1.0000;0;WO691970;2,074.77
2026/07/03;ENG-049;288;2026-01-13 00:00:00;643.2200;1595.0000;1418.2300;552.0000;2388.2300;9055.6800;47.7300;520.9500;2388.2500;8125.4900;8.4896;394.0000;0.2880;0;WO904061;2,783.47
03-Jul-2026;ENG-076;144;2026-01-07 00:00:00;642.9600;1588.2200;1400.8900;553.6300;2388.0500;9075.4800;47.4100;521.6500;2388.0500;8149.6900;8.3998;392.0000;0.5680;0;WO472255;1,573.49
2026/07/03;ENG-090;110;2026-01-05 14:00:00;642.9500;1591.1600;1412.3400;552.6700;2388.0800;9066.3700;47.4100;521.5800;2388.1500;8146.9700;8.4610;393.0000;0.5120;0;WO660084;966.73
2026/07/03;ENG-071;59;2026-01-03 11:00:00;642.6600;1588.9900;1396.7700;553.7000;2388.0300;9068.8900;47.2400;522.0300;2388.0500;8146.5700;8.4336;391.0000;1.0000;0;WO782633;542.17
2026/07/03;ENG-054;107;2026-01-05 11:00:00;642.1700;1580.7500;1389.7100;554.7400;2388.0400;9057.9800;47.3300;522.4700;2387.9600;8147.0500;8.3754;392.0000;0.8880;0;WO627612;1186.42
2026-07-03;ENG-077;145;2026-01-07 01:00:00;643.5000;1598.5000;1414.1300;552.6200;2388.1800;9055.0900;47.7400;521.1800;2388.1200;8130.9000;8.4469;393.0000;0.4080;0;WO878877;2025.80
2026/07/03;ENG-030;131;2026-01-06 11:00:00;642.7000;1591.7700;1414.5100;553.2500;2388.1500;9044.8500;47.6800;521.0400;2388.1300;8128.2700;8.4820;395.0000;1.0000;0;WO640964;499.97
2026-07-03;ENG-078;67;2026-01-03 19:00:00;642.6000;1577.9200;1397.5600;554.8100;2387.9800;9073.1100;47.2500;522.7200;2387.9600;8147.9100;8.3899;391.0000;0.8960;0;WO530232;1999.73
2026-07-03;ENG-005;72;2026-01-04 00:00:00;642.3700;1589.6500;1407.2200;553.0300;2388.1200;9048.7500;47.5000;520.8500;2388.1200;8132.9800;8.4189;393.0000;0.9360;0;WO453994;
2026/07/03;eng-086;92;2026-01-04 20:00:00;642.9200;1588.5600;1412.3000;552.8600;2388.1000;9065.8100;47.5600;521.1900;2388.1000;8144.2200;8.4443;394.0000;0.8560;0;WO241913;938.82
2026/07/03;ENG-098;111;2026-01-05 15:00:00;643.0500;1591.2300;1407.1700;553.7800;2388.1200;9058.8000;47.4300;521.3900;2388.1100;8143.1000;8.4404;393.0000;0.5520;0;WO922476;210.32
03-Jul-2026;ENG-055;83;2026-01-04 11:00:00;642.7100;1585.0900;1399.3200;553.8900;2388.0300;9059.4400;47.3900;522.0900;2388.0500;8142.4500;8.4156;393.0000;1.0000;0;WO256704;1,583.00
2026/07/03;ENG-013;163;2026-01-07 19:00:00;642.0100;1581.4800;1396.9900;554.1100;2388.0300;9062.3800;47.2800;521.9800;2388.0700;8135.6400;8.4077;392.0000;;0;WO667483;324.86
2026/07/03;eng-037;108;2026-01-05 12:00:00;642.6300;1596.7100;1411.3300;552.3500;2388.1400;9049.5300;47.7200;521.3400;2388.1700;8121.9000;8.4624;395.0000;0.2720;0;WO284940;2,137.45
03-Jul-2026;ENG-035;138;2026-01-06 18:00:00;642.6500;1595.6200;1410.7000;553.1900;2388.1200;9064.7900;47.5500;520.9300;2388.1300;8137.5300;8.4673;394.0000;0.5680;0;WO545268;1800.77
03-Jul-2026;ENG-051;104;2026-01-05 08:00:00;642.5200;1587.6300;1405.9300;553.1800;2388.1300;9053.2600;47.5400;521.7600;2388.0900;8130.8200;8.4274;392.0000;1.0000;0;WO154099;168.81
2026/07/03;ENG-072;103;2026-01-05 07:00:00;642.3000;1593.4900;1402.5700;553.6800;2388.0500;9071.2400;47.4600;522.1400;2388.0600;8144.1500;8.4291;392.0000;0.6240;0;WO759407;1,936.34
2026-07-03;eng-034;199;2026-01-09 07:00:00;643.2200;1599.1700;1422.2100;551.9500;2388.2300;9050.1400;48.0300;519.7200;2388.2500;8124.7500;8.4920;397.0000;0.0880;1;WO433281;4826.64
2026/07/03;ENG-096;84;2026-01-04 12:00:00;642.1800;1586.7300;1403.2000;554.3800;2387.9700;9071.5200;47.2700;522.1700;2388.0700;8148.1200;8.4071;391.0000;1.0000;0;WO543104;1,306.40
2026-07-03;ENG-028;154;2026-01-07 10:00:00;642.4700;1590.6400;1404.0800;553.6700;2388.1200;9061.8600;47.4000;521.4800;2388.0800;8137.1300;8.4428;394.0000;0.8080;0;WO550869;1,265.23
03-Jul-2026;ENG-077;131;2026-01-06 11:00:00;642.3700;1589.9000;1417.4100;553.2300;2388.0800;9045.6500;47.4600;521.4800;2388.1500;8129.9000;8.4082;393.0000;0.5200;0;WO172699;1,321.55
2026-07-03;ENG-013;180;2026-01-08 12:00:00;642.7400;1590.7800;1400.3300;554.3200;2388.0300;9061.2400;47.3500;520.7800;2388.0700;8143.9500;8.4528;393.0000;0.8800;0;WO985202;155.88
2026-07-03;  ENG-013 ;154;2026-01-07 10:00:00;642.2700;1587.2000;1401.4100;554.2700;2388.0700;9060.3800;47.3200;521.5500;2388.0500;8136.2300;8.4121;393.0000;1.0000;0;WO748325;
2026/07/03;ENG-016;79;2026-01-04 07:00:00;642.3500;1593.0700;1398.6600;553.9600;2388.0400;9057.7800;47.4200;522.8100;2388.0700;8135.1600;8.4122;391.0000;0.9440;0;WO528601;1948.24
2026/07/03;ENG-075;81;2026-01-04 09:00:00;642.1100;1589.0000;1407.1700;553.5700;2388.0500;9060.6200;47.4100;521.9800;2388.0400;8139.0500;8.4058;392.0000;0.9600;0;WO780134;1344.72
2026/07/03;ENG-019;93;2026-01-04 21:00:00;642.2800;1583.5300;1395.3700;554.1300;2388.0200;9061.1100;47.3400;522.2100;2388.0600;8141.8200;8.4301;392.0000;1.0000;0;WO481322;1,515.84
2026/07/03;ENG-063;123;2026-01-06 03:00:00;642.9500;1583.7500;1417.0700;553.5300;2388.1000;9045.4600;47.5100;521.1800;2388.0900;8133.1100;8.4201;393.0000;0.8320;0;WO385989;204.97
2026-07-03;ENG-059;86;2026-01-04 14:00:00;642.5100;1579.2800;1399.2700;554.2200;2388.0700;9064.4700;47.3400;523.1000;2388.0500;8138.2300;8.3988;392.0000;0.9760;0;WO881389;595.02
2026/07/03;  ENG-037 ;95;2026-01-04 23:00:00;642.7900;1586.2600;1398.0600;553.9600;2388.1100;9050.3100;47.4600;521.0700;2388.0000;8132.1700;8.4343;392.0000;0.3760;0;WO475649;577.88
03-Jul-2026;ENG-080;113;2026-01-05 17:00:00;642.5900;1585.4200;1403.2100;553.3000;2388.1200;9073.5900;47.3300;521.5700;2388.0600;8145.3900;8.4424;393.0000;0.8800;0;WO790883;764.85
2026/07/03;ENG-091;233;2026-01-10 17:00:00;643.1100;1591.7100;1422.5700;552.2100;2388.2400;9045.0900;47.9300;519.5500;2388.2300;8122.5200;8.4901;395.0000;0.3120;0;WO538033;
2026/07/03;  ENG-051 ;117;2026-01-05 21:00:00;642.0200;1581.5100;1412.7800;554.1000;2388.0500;9055.4200;47.2900;521.7000;2388.0400;8134.3700;8.4275;392.0000;1.0000;0;WO937403;
03-Jul-2026;  ENG-017 ;143;2026-01-06 23:00:00;642.3000;1585.1800;1404.8100;553.2300;2388.0600;9090.6200;47.5500;522.2400;2388.0600;8157.5500;8.4143;394.0000;0.5760;0;WO128008;2831.65
03-Jul-2026;ENG-069;44;2026-01-02 20:00:00;642.0800;1584.8200;1408.3600;553.6500;2388.0900;9041.7800;47.2700;521.5100;2388.0800;8123.4700;8.4179;393.0000;1.0000;0;WO246254;
2026/07/03;  ENG-089 ;148;2026-01-07 04:00:00;642.9300;1591.6300;1400.5800;553.1300;2388.1000;9045.6200;47.6600;521.9700;2388.0900;8131.2900;8.4210;392.0000;1.0000;0;WO482051;2,152.30
2026/07/03;ENG-028;116;2026-01-05 20:00:00;642.6800;1586.7600;1408.0800;553.8100;2388.1000;9052.9000;47.5000;521.4200;2388.1500;8132.2500;8.4454;393.0000;1.0000;0;WO751476;54.31
2026-07-03;ENG-078;58;2026-01-03 10:00:00;642.1800;1588.4300;1389.5400;554.0700;2387.9400;9068.3800;46.9200;522.5000;2387.9800;8146.5400;8.4099;392.0000;0.9680;0;WO194195;926.05
2026-07-03;ENG-070;141;2026-01-06 21:00:00;642.3400;1590.3200;1407.3600;553.3900;2388.1400;9048.8500;47.6600;521.2800;2388.1300;8136.1400;8.4519;394.0000;0.8400;0;WO928582;1345.03
2026/07/03;ENG-036;118;2026-01-05 22:00:00;643.4700;1594.2300;1424.4200;552.6900;2388.2100;9055.0700;47.9600;520.7500;2388.1600;8133.7700;8.4829;394.0000;0.2160;1;WO268440;7231.70
2026/07/03;ENG-084;150;2026-01-07 06:00:00;642.3400;1591.8300;1415.1900;553.0200;2388.1100;9052.6300;47.6300;520.9100;2388.0600;8137.6500;8.4346;394.0000;0.6400;0;WO496719;113.86
2026/07/03;ENG-077;117;2026-01-05 21:00:00;642.2500;1592.4900;1409.6600;553.5500;2388.1200;9046.0300;47.4300;521.4100;2388.1300;8128.0400;8.4079;394.0000;0.6320;0;WO149242;88.97
2026/07/03;ENG-026;65;2026-01-03 17:00:00;642.2800;1587.9200;1394.8600;553.7800;2388.0000;9066.6400;47.2400;522.5000;2388.0400;8148.1900;8.4053;393.0000;1.0000;0;WO130956;2001.49
03-Jul-2026;ENG-074;110;2026-01-05 14:00:00;643.1500;1586.1700;1409.9300;553.3200;2388.0900;9053.6600;47.5200;521.4600;2388.0700;8136.3800;8.4538;393.0000;1.0000;0;WO946699;230.69
2026-07-03;ENG-009;47;2026-01-02 23:00:00;642.8600;1596.0400;1407.5000;552.7900;2388.1200;9053.3300;47.3500;521.1900;2388.0900;8127.8600;8.4025;393.0000;0.9520;0;WO453852;2,485.28
2026-07-03;ENG-064;124;2026-01-06 04:00:00;642.3900;1591.0200;1403.5600;553.4400;2388.1500;9048.8100;47.5300;522.3600;2388.1400;8142.2000;8.4296;393.0000;0.5760;0;WO658314;1,179.48
2026/07/03;ENG-081;146;2026-01-07 02:00:00;642.5500;1596.2300;1411.4500;553.5900;2388.1000;9071.0600;47.4500;521.8600;2388.1100;8144.9600;8.4308;392.0000;0.6000;0;WO675603;2026.54
2026-07-03;ENG-021;137;2026-01-06 17:00:00;642.0800;1579.6500;1403.6900;554.5300;2388.0000;9084.2000;47.3100;521.9000;2388.0200;8158.7800;8.4299;393.0000;0.5440;0;WO674324;1,997.64
2026-07-03;  ENG-054 ;89;2026-01-04 17:00:00;642.5400;1586.6800;1399.6800;554.1600;2388.0500;9060.8800;47.3400;522.8900;2387.9900;8140.0400;8.3715;391.0000;1.0000;0;WO542525;396.58
03-Jul-2026;eng-023;88;2026-01-04 16:00:00;642.5400;1584.6300;1399.2800;554.0200;2388.0200;9054.0900;47.2000;522.1600;2388.0600;8137.8800;8.4277;392.0000;1.0000;0;WO778182;351.53
03-Jul-2026;ENG-057;133;2026-01-06 13:00:00;643.0200;1594.9600;1406.4200;553.3000;2388.1000;9055.6900;47.5500;521.1700;2388.1800;8127.9500;8.4429;394.0000;1.0000;0;WO500286;2,170.02
03-Jul-2026;  ENG-042 ;127;2026-01-06 07:00:00;643.0400;1586.6800;1412.5500;553.2700;2388.1300;9042.2200;47.5300;521.3500;2388.1800;8126.4500;8.4577;394.0000;0.3120;0;WO576155;1,467.22
2026/07/03;ENG-053;142;2026-01-06 22:00:00;642.7200;1591.5000;1412.8400;553.0000;2388.0200;9085.9500;47.5900;521.5900;2388.0300;8161.7300;8.4337;392.0000;0.3840;0;WO826194;1,815.10
03-Jul-2026;  ENG-021 ;102;2026-01-05 06:00:00;642.1900;1584.1500;1401.6000;553.8000;2387.9600;9058.2500;47.3600;522.0300;2388.0200;8143.2200;8.3778;391.0000;0.8240;0;WO141942;1400.60
03-Jul-2026;  ENG-093 ;202;2026-01-09 10:00:00;642.9200;1591.2600;1409.4000;552.6900;2388.0600;9061.3200;47.6200;521.0000;2388.1200;8146.4300;8.4703;394.0000;1.0000;0;WO920629;1334.80
2026-07-03;  ENG-094 ;126;2026-01-06 06:00:00;643.5900;1591.6300;1411.9300;552.6400;2388.1600;9051.9300;47.6000;521.0700;2388.1800;8132.2700;8.4489;394.0000;0.4960;0;WO704552;
2026-07-03;ENG-032;103;2026-01-05 07:00:00;642.1700;1587.9400;1391.8800;554.3000;2387.9800;9072.2200;47.3400;521.8400;2388.0600;8160.9900;8.4130;392.0000;0.7200;0;WO410356;514.20
2026/07/03;eng-088;64;2026-01-03 16:00:00;643.1300;1588.8900;1407.7500;553.4100;2388.1500;9039.3100;47.6600;520.7600;2388.1300;8116.7000;8.4679;394.0000;0.9520;0;WO447360;1381.06
2026-07-03;ENG-055;92;2026-01-04 20:00:00;642.9200;1587.4300;1404.0000;554.3400;2388.0500;9051.5700;47.3800;521.9000;2388.1200;8136.9000;8.4370;394.0000;1.0000;0;WO356563;1427.91
2026-07-03;  ENG-045 ;141;2026-01-06 21:00:00;642.6900;1598.8800;1407.2400;553.3100;2388.1200;9061.7000;47.7000;521.0400;2388.1500;8144.3700;8.4468;392.0000;1.0000;0;WO119355;2,141.97
2026-07-03;ENG-027;126;2026-01-06 06:00:00;642.3900;1591.2300;1400.8600;553.5900;2388.1100;9060.1000;47.2200;521.5700;2388.1000;8137.8100;8.4297;392.0000;0.6400;0;WO920958;560.53
2026-07-03;  ENG-066 ;104;2026-01-05 08:00:00;643.1300;1598.9600;1413.6400;553.5000;2388.0700;9075.6300;47.6500;521.1200;2388.0600;8152.0200;8.4543;393.0000;0.4560;0;WO764626;
2026/07/03;ENG-074;131;2026-01-06 11:00:00;642.4500;1592.9600;1406.2900;553.3600;2388.1600;9063.5900;47.4300;521.7600;2388.1200;8142.8000;8.4170;394.0000;1.0000;0;WO389451;
03-Jul-2026;ENG-013;137;2026-01-06 17:00:00;642.7200;1585.9700;1400.9800;554.0400;2388.0400;9058.0000;47.4100;521.8800;2388.0500;8141.9500;8.4097;392.0000;1.0000;0;WO685583;931.49
2026-07-03;ENG-016;77;2026-01-04 05:00:00;641.9500;1586.7100;1393.7100;554.0500;2388.0500;9056.5900;47.4800;521.5400;2388.1100;8135.7000;8.4191;393.0000;0.9600;0;WO477167;2710.87
03-Jul-2026;ENG-079;85;2026-01-04 13:00:00;642.9500;1582.1500;1413.2000;553.2200;2388.1600;9046.9300;47.4600;521.8100;2388.1000;8132.4600;8.4332;392.0000;0.6320;0;WO111223;878.10
2026/07/03;ENG-034;191;2026-01-08 23:00:00;643.1900;1596.8800;1427.1600;552.0100;2388.2200;9055.1700;47.9500;520.3900;2388.2100;8129.1700;8.4685;394.0000;0.1520;1;WO217630;9893.37
03-Jul-2026;ENG-081;178;2026-01-08 10:00:00;642.7600;1586.9900;1412.8200;552.3100;2388.1300;9071.8600;47.6500;520.9100;2388.1200;8154.7500;8.4507;394.0000;0.3440;0;WO879481;969.57
03-Jul-2026;ENG-074;128;2026-01-06 08:00:00;642.3400;1585.4900;1409.5200;552.8400;2388.0900;9057.0400;47.4900;521.5900;2388.0700;8140.5100;8.3949;392.0000;1.0000;0;WO543721;2,436.40
2026-07-03;ENG-053;162;2026-01-07 18:00:00;643.1200;1591.3500;1415.3400;553.6300;2388.0800;9109.3400;47.8000;520.7200;2388.1000;8180.4600;8.4386;393.0000;0.2240;1;WO534786;
2026-07-03;ENG-007;138;2026-01-06 18:00:00;642.1000;1579.2000;1405.7100;553.8100;2388.0500;9070.5900;47.4400;521.8400;2388.0300;8149.0800;8.3544;393.0000;0.9040;0;WO646164;2782.96
2026/07/03;ENG-089;155;2026-01-07 11:00:00;642.6000;1589.3100;1414.3500;553.8700;2388.0700;9056.3200;47.4700;521.7800;2388.1800;8130.7700;8.4635;395.0000;1.0000;0;WO636343;2,418.49
2026/07/03;ENG-025;38;2026-01-02 14:00:00;642.6100;1587.9400;1401.9200;553.9000;2388.0600;9050.5000;47.3600;522.2200;2388.1200;8136.4200;8.4209;390.0000;1.0000;0;WO337854;885.31
2026-07-03;ENG-079;84;2026-01-04 12:00:00;642.2600;1592.4000;1409.5800;553.8600;2388.1000;9048.6000;47.3400;521.2400;2388.0600;8133.1900;8.4372;392.0000;0.6400;0;WO913140;459.94
03-Jul-2026;ENG-075;82;2026-01-04 10:00:00;642.4500;1586.1600;1403.0200;553.7400;2388.0700;9056.0400;47.3700;521.8000;2388.0700;8140.5900;8.4521;393.0000;0.9520;0;WO603201;231.66
2026-07-03;ENG-021;119;2026-01-05 23:00:00;642.1000;1579.9400;1404.0300;554.1400;2388.0300;9064.9500;47.3100;521.5900;2388.0600;8148.4900;8.4153;391.0000;0.6880;0;WO591638;1728.08
2026-07-03;ENG-060;122;2026-01-06 02:00:00;643.0700;1586.3400;1410.8000;553.0100;2388.0900;9056.9300;47.6200;521.0700;2388.1300;8135.9200;8.4378;392.0000;1.0000;0;WO215049;2344.61
03-Jul-2026;ENG-067;66;2026-01-03 18:00:00;642.2600;1588.2000;1397.0200;553.7200;2388.0800;9058.0100;47.2700;522.7800;2388.0500;8137.0500;8.4179;393.0000;0.6560;0;WO245520;880.48
2026/07/03;ENG-052;165;2026-01-07 21:00:00;642.0300;1588.5500;1399.4300;554.0500;2388.0600;9095.4700;47.4400;521.9200;2388.0900;8163.4800;8.4340;392.0000;0.4240;0;WO694669;2033.08
03-Jul-2026;ENG-040;108;2026-01-05 12:00:00;643.1500;1597.5400;1420.3900;552.3500;2388.1400;9065.4400;47.8600;520.6200;2388.1500;8142.0100;8.4592;395.0000;0.4240;0;WO950693;617.25
03-Jul-2026;ENG-077;134;2026-01-06 14:00:00;642.6000;1596.1000;1406.2800;553.2600;2388.1300;9050.7600;47.5900;520.9500;2388.1300;8131.2700;8.4415;393.0000;0.4960;0;WO596609;2303.95
2026-07-03;ENG-093;188;2026-01-08 20:00:00;643.3400;1588.5300;1415.2000;552.0600;2388.1400;9067.3800;47.7600;521.4000;2388.1600;8148.6700;8.4502;392.0000;1.0000;0;WO247115;2568.52
2026/07/03;  ENG-024 ;184;2026-01-08 16:00:00;642.9500;1589.6500;1411.5100;553.1700;2388.0600;9145.8800;47.8200;521.1800;2388.1200;8207.5100;8.4825;395.0000;0.1760;1;WO775518;14578.88
2026-07-03;ENG-068;176;2026-01-08 08:00:00;643.4300;1595.3600;1415.5900;552.7800;2388.1600;9074.8000;47.9000;521.0100;2388.1600;8153.5600;8.4679;394.0000;0.1520;1;WO388817;15,447.99
2026-07-03;eng-063;151;2026-01-07 07:00:00;642.4300;1589.8800;1408.4900;552.2600;2388.1700;9050.0200;47.7500;521.4500;2388.1800;8127.5200;8.4402;394.0000;0.6080;0;WO366612;1358.11
2026/07/03;ENG-049;251;2026-01-11 11:00:00;642.6500;1589.8000;1408.6600;553.4600;2388.1300;9059.6600;47.5400;521.1800;2388.1300;8141.5300;8.4430;394.0000;;0;WO143930;2,800.99
2026/07/03;ENG-021;125;2026-01-06 05:00:00;642.1400;1587.7600;1408.0800;553.5200;2388.0500;9073.2800;47.5100;522.1200;2388.0700;8150.5300;8.3984;394.0000;0.6400;0;WO419198;64.17
2026/07/03;ENG-060;102;2026-01-05 06:00:00;642.5400;1589.7900;1411.2400;553.5600;2388.0900;9053.0000;47.5900;521.5300;2388.1200;8137.2000;8.4548;393.0000;1.0000;0;WO252860;168.02
2026-07-03;ENG-067;57;2026-01-03 09:00:00;642.2400;1590.8400;1397.7200;553.2800;2388.0600;9058.2900;47.4700;521.3400;2388.0400;8141.7700;8.4040;393.0000;0.7280;0;WO634384;1,527.36
2026-07-03;ENG-091;202;2026-01-09 10:00:00;642.6000;1595.0000;1414.8700;552.5700;2388.1900;9052.6000;47.9700;521.1500;2388.1900;8128.9500;8.4569;394.0000;0.5600;0;WO783270;421.33
2026/07/03;ENG-093;201;2026-01-09 09:00:00;643.2900;1589.8600;1418.6100;553.1700;2388.1300;9069.1200;47.6500;520.5400;2388.0900;8143.3400;8.4516;395.0000;1.0000;0;WO860983;1413.33
2026-07-03;ENG-058;125;2026-01-06 05:00:00;642.2500;1587.8800;1404.1700;552.5000;2388.1100;9053.4800;47.3800;521.8900;2388.1100;8131.2600;8.4226;394.0000;0.7040;0;WO411959;
2026-07-03;ENG-048;58;2026-01-03 10:00:00;642.4400;1591.2700;1404.8800;553.6400;2388.1000;9058.0200;47.3000;521.4500;2388.0900;8140.9300;8.3684;394.0000;0.8960;0;WO817571;1585.82
03-Jul-2026;ENG-032;133;2026-01-06 13:00:00;642.4500;1585.7600;1405.5200;553.9400;2387.9900;9089.0300;47.4100;522.4600;2388.0800;8174.7600;8.4207;393.0000;0.4800;0;WO223117;340.67
03-Jul-2026;ENG-071;51;2026-01-03 03:00:00;642.3100;1587.5700;1395.7400;554.2500;2388.0000;9064.6900;47.2900;522.0800;2388.0300;8145.5000;8.3855;392.0000;1.0000;0;WO343378;
2026/07/03;  ENG-084 ;139;2026-01-06 19:00:00;642.4800;1589.4500;1407.2100;553.1800;2388.1900;9058.6700;47.6200;521.1500;2388.1500;8137.7400;8.4485;392.0000;0.7280;0;WO355868;1681.05
03-Jul-2026;  ENG-062 ;208;2026-01-09 16:00:00;642.7500;1588.0000;1399.2500;553.3800;2388.0500;9079.4600;47.3700;521.8000;2388.1000;8155.8400;8.4185;392.0000;0.6240;0;WO747254;
03-Jul-2026;eng-047;61;2026-01-03 13:00:00;642.8600;1598.9300;1410.3600;553.2700;2388.1500;9043.2400;47.4800;521.2300;2388.1600;8125.1600;8.4531;392.0000;1.0000;0;WO978180;92.92
2026-07-03;ENG-020;178;2026-01-08 10:00:00;643.3900;1592.4500;1418.6400;551.4800;2388.1700;9064.8300;47.8400;520.4600;2388.1500;8140.1900;8.4945;393.0000;0.1760;1;WO428622;20,597.34
03-Jul-2026;ENG-053;119;2026-01-05 23:00:00;642.8600;1586.8300;1408.5600;553.6900;2388.0600;9073.8700;47.4600;521.5500;2388.0300;8144.5200;8.4380;393.0000;0.5680;0;WO473096;2,134.16
2026/07/03;ENG-023;128;2026-01-06 08:00:00;642.6900;1587.9500;1396.7600;554.3900;2388.0900;9045.2400;47.1700;521.7800;2388.0400;8131.6800;8.3694;391.0000;0.9200;0;WO279660;2,355.23
2026/07/03;eng-034;201;2026-01-09 09:00:00;643.3600;1599.0500;1432.9500;551.7900;2388.2400;9042.6500;48.1200;519.9800;2388.3000;8124.6700;8.5049;396.0000;0.0720;1;WO887407;1100.05
03-Jul-2026;ENG-037;93;2026-01-04 21:00:00;641.9100;1587.3100;1406.6500;553.7600;2388.0800;9050.4400;47.4500;521.1500;2388.1200;8133.1100;8.4425;393.0000;0.3920;0;WO795698;1,887.32
03-Jul-2026;eng-066;133;2026-01-06 13:00:00;642.8800;1591.7000;1411.1200;553.0500;2388.1200;9097.7100;47.7900;521.1100;2388.0900;8181.5600;8.4561;394.0000;0.2240;1;WO116632;17437.88
03-Jul-2026;ENG-044;40;2026-01-02 16:00:00;642.8600;1588.8400;1408.3600;554.4100;2388.0900;9054.9200;47.3500;521.8200;2388.0700;8131.8200;8.3806;393.0000;;0;WO691476;1928.13
2026-07-03;ENG-042;128;2026-01-06 08:00:00;642.9600;1594.2200;1408.5500;553.0000;2388.1300;9045.5300;47.4900;521.0300;2388.0900;8121.5600;8.4661;394.0000;0.3040;0;WO259526;2115.21
03-Jul-2026;ENG-040;121;2026-01-06 01:00:00;643.1700;1596.5300;1419.1500;551.8000;2388.2100;9069.9800;47.9400;520.5100;2388.1900;8141.0900;8.4659;396.0000;0.3200;0;WO238171;1615.08
2026-07-03;ENG-019;121;2026-01-06 01:00:00;642.3200;1587.3800;1405.0900;554.1100;2387.9700;9053.0600;47.1500;521.8700;2388.0700;8146.6800;8.4019;392.0000;;0;WO378035;1,533.23
2026-07-03;ENG-094;118;2026-01-05 22:00:00;642.8400;1587.2400;1409.9300;552.7100;2388.1100;9056.9600;47.7500;520.6400;2388.1600;8135.0200;8.4500;393.0000;0.5600;0;WO328185;2096.99
2026-07-03;  ENG-096 ;91;2026-01-04 19:00:00;642.5600;1582.5600;1398.3600;553.2200;2388.0400;9065.9600;47.2900;522.5700;2388.0100;8152.0700;8.4043;392.0000;1.0000;0;WO929147;
03-Jul-2026;  ENG-086 ;83;2026-01-04 11:00:00;642.3000;1593.2100;1408.7400;554.0900;2388.1100;9054.5800;47.6100;522.0300;2388.0700;8146.6700;8.4435;391.0000;0.9280;0;WO622184;1357.78
2026/07/03;ENG-055;113;2026-01-05 17:00:00;642.2000;1585.6800;1399.6300;553.3700;2388.0900;9056.1600;47.5000;521.9200;2388.0400;8135.6200;8.4276;393.0000;1.0000;0;WO549364;
2026-07-03;ENG-013;152;2026-01-07 08:00:00;642.5000;1584.4800;1400.5700;554.1900;2388.0000;9057.0700;47.3800;522.1800;2388.1100;8145.0800;8.4213;393.0000;1.0000;0;WO776978;2,684.75
2026/07/03;ENG-020;175;2026-01-08 07:00:00;643.2500;1596.9600;1423.2900;552.6000;2388.1700;9071.6400;47.6600;520.5100;2388.2200;8138.2300;8.4797;394.0000;0.2000;1;WO925900;4453.39
2026-07-03;  ENG-017 ;119;2026-01-05 23:00:00;642.6400;1587.4200;1407.3400;553.7500;2388.0100;9077.6500;47.2700;521.9000;2388.0400;8158.9700;8.4646;395.0000;0.7680;0;WO156644;2,574.65
03-Jul-2026;ENG-058;165;2026-01-07 21:00:00;642.8400;1594.3600;1408.1900;552.6700;2388.1100;9056.1100;47.4200;521.3700;2388.1300;8131.6800;8.4446;394.0000;;0;WO878419;280.73
2026/07/03;ENG-019;93;2026-01-04 21:00:00;642.2800;1583.5300;1395.3700;554.1300;2388.0200;9061.1100;47.3400;522.2100;2388.0600;8141.8200;8.4301;392.0000;1.0000;0;WO481322;1,515.84
03-Jul-2026;  ENG-041 ;101;2026-01-05 05:00:00;642.1600;1596.4600;1404.9800;552.2900;2388.1200;9046.8900;47.4600;521.7200;2388.1000;8126.2700;8.4215;394.0000;0.3200;0;WO622578;1,592.79
2026-07-03;ENG-061;133;2026-01-06 13:00:00;642.6400;1589.7700;1407.4900;553.6100;2388.0200;9065.3900;47.4200;522.2300;2388.0500;8146.7600;8.4551;393.0000;0.3760;0;WO981299;
2026/07/03;eng-094;123;2026-01-06 03:00:00;642.8200;1587.6100;1416.4300;552.1800;2388.1800;9058.7100;47.4300;521.1300;2388.1200;8133.5300;8.4230;393.0000;0.5200;0;WO868461;2,877.29
2026/07/03;ENG-066;102;2026-01-05 06:00:00;642.4600;1594.3500;1405.3100;552.9000;2388.0900;9077.6900;47.6400;521.3700;2388.0600;8151.3100;8.4647;394.0000;0.4720;0;WO586172;1653.56
03-Jul-2026;eng-071;68;2026-01-03 20:00:00;642.5200;1585.4500;1400.9700;553.1700;2388.0100;9068.5300;47.3500;522.4200;2388.0800;8146.1900;8.4386;391.0000;0.9440;0;WO885415;1493.47
03-Jul-2026;ENG-061;158;2026-01-07 14:00:00;642.6500;1596.5700;1414.4900;552.1700;2388.1900;9065.7900;47.8700;521.1200;2388.1700;8143.8600;8.4890;394.0000;0.1760;1;WO663570;17,680.00
2026/07/03;ENG-058;148;2026-01-07 04:00:00;642.6100;1590.4900;1410.1300;553.0100;2388.1200;9050.5300;47.7400;521.4300;2388.1400;8136.6800;8.4525;393.0000;0.5200;0;WO233794;2808.13
2026-07-03;  ENG-018 ;92;2026-01-04 20:00:00;642.6000;1584.7100;1404.4200;554.9700;2388.0300;9063.3400;47.1700;522.1500;2387.9900;8141.6400;8.4470;391.0000;0.5520;0;WO386675;2743.72
2026-07-03;ENG-041;98;2026-01-05 02:00:00;642.5000;1588.6100;1405.1100;553.9200;2388.1000;9046.4300;47.6600;521.5000;2388.1400;8130.3700;8.4381;392.0000;0.3440;0;WO539996;2,186.81
2026-07-03;ENG-064;151;2026-01-07 07:00:00;642.7800;1595.7900;1411.8400;553.3200;2388.1900;9055.7200;47.6500;521.0600;2388.1400;8139.3900;8.4381;393.0000;0.3600;0;WO939327;1102.53
2026-07-03;ENG-054;114;2026-01-05 18:00:00;642.2900;1584.6300;1396.9500;554.8900;2388.0000;9066.5700;47.2900;522.5200;2388.0300;8139.6300;8.4112;391.0000;0.8320;0;WO406112;1,208.17
2026/07/03;ENG-007;139;2026-01-06 19:00:00;642.4400;1592.0100;1395.1700;554.1900;2388.0300;9061.7800;47.2300;522.0800;2388.0200;8148.3800;8.4286;392.0000;0.8960;0;WO230372;2479.49
03-Jul-2026;ENG-054;106;2026-01-05 10:00:00;642.3500;1591.3600;1399.7500;555.1200;2388.0400;9069.3700;47.4200;522.2200;2388.0100;8152.4400;8.4170;392.0000;0.8960;0;WO248270;863.03
2026-07-03;ENG-093;231;2026-01-10 15:00:00;642.8800;1590.4800;1417.3500;552.1900;2388.1900;9069.0700;47.7400;521.0900;2388.1200;8153.8000;8.4658;394.0000;0.7840;0;WO647196;2339.78
2026/07/03;ENG-077;122;2026-01-06 02:00:00;642.4400;1585.7200;1412.9500;553.5300;2388.1200;9050.2700;47.4300;521.5100;2388.1100;8124.8300;8.4427;391.0000;0.5920;0;WO861669;2964.38
2026/07/03;ENG-027;101;2026-01-05 05:00:00;642.3900;1582.5200;1401.6600;554.6100;2388.0000;9048.5700;47.3200;522.2700;2388.0500;8137.0200;8.3958;390.0000;0.8400;0;WO945555;1,429.88
03-Jul-2026;ENG-049;236;2026-01-10 20:00:00;642.4700;1586.0800;1400.7700;553.5000;2388.0900;9058.5000;47.5200;521.7100;2388.0900;8130.7500;8.4323;394.0000;0.7040;0;WO626752;477.88
2026/07/03;ENG-081;182;2026-01-08 14:00:00;642.8500;1597.0400;1412.5600;552.4200;2388.1100;9069.7900;47.7700;521.0800;2388.1500;8148.9200;8.4665;395.0000;0.3120;0;WO101350;1954.07
03-Jul-2026;ENG-092;108;2026-01-05 12:00:00;642.9500;1594.6500;1409.6100;552.8500;2388.1200;9047.7400;47.8200;520.8000;2388.1600;8122.5400;8.4741;395.0000;0.4960;0;WO826012;2,727.36
03-Jul-2026;ENG-003;118;2026-01-05 22:00:00;642.5200;1596.4600;1411.0200;553.1300;2388.1300;9056.8000;47.7300;520.7100;2388.1400;8129.5800;8.4522;394.0000;0.6160;0;WO148770;
03-Jul-2026;ENG-008;149;2026-01-07 05:00:00;642.3000;1592.4400;1412.5600;552.7900;2388.1800;9048.2000;47.6000;521.1600;2388.1100;8126.9300;8.4399;393.0000;0.8960;0;WO709817;2726.61
2026/07/03;ENG-023;111;2026-01-05 15:00:00;642.0600;1586.5400;1404.5000;554.8700;2388.0800;9053.3000;47.3800;521.7400;2388.1000;8133.5700;8.3821;391.0000;1.0000;0;WO673948;
03-Jul-2026;ENG-043;153;2026-01-07 09:00:00;642.3500;1590.8400;1408.4000;552.6900;2388.1300;9050.6500;47.6000;521.0600;2388.1000;8133.4500;8.4627;394.0000;0.6240;0;WO491905;2694.57
2026/07/03;ENG-016;103;2026-01-05 07:00:00;641.6700;1589.4100;1401.7700;553.7800;2388.0400;9055.2000;47.2200;522.2300;2388.0800;8141.2000;8.3942;393.0000;0.7520;0;WO635726;1598.07
03-Jul-2026;ENG-098;83;2026-01-04 11:00:00;642.6000;1585.9600;1414.1500;553.2800;2388.1200;9060.4300;47.5800;521.9500;2388.0300;8140.7500;8.4443;394.0000;0.7760;0;WO353585;2022.47
03-Jul-2026;ENG-023;92;2026-01-04 20:00:00;642.0500;1589.3600;1398.6400;554.0800;2388.0300;9046.4900;47.2300;521.9200;2388.0400;8131.5600;8.3881;392.0000;1.0000;0;WO578596;1107.36
2026-07-03;ENG-004;82;2026-01-04 10:00:00;642.4800;1593.2200;1409.2500;553.5400;2388.1500;9047.7800;47.6300;521.4500;2388.1300;8131.6700;8.4550;394.0000;0.8480;0;WO962951;2,333.26
2026-07-03;eng-089;124;2026-01-06 04:00:00;642.2900;1591.2700;1410.1900;552.5300;2388.0900;9050.9100;47.5300;521.5500;2388.1200;8129.6200;8.3986;392.0000;1.0000;0;WO918196;1,689.26
03-Jul-2026;eng-059;81;2026-01-04 09:00:00;642.0000;1590.7300;1407.0500;554.7700;2387.9800;9057.0800;47.4400;522.6100;2388.0400;8134.4200;8.3942;390.0000;1.0000;0;WO130527;1,291.82
2026-07-03;  ENG-054 ;113;2026-01-05 17:00:00;642.0700;1582.3300;1402.5500;554.6800;2387.9500;9061.0400;47.1200;522.4700;2388.0300;8144.1400;8.4049;392.0000;0.8400;0;WO192490;1117.22
2026-07-03;ENG-012;180;2026-01-08 12:00:00;641.8000;1581.9400;1401.1500;554.2700;2388.0900;9064.5500;47.3600;521.5000;2387.9900;8147.8800;8.4470;391.0000;1.0000;0;WO281580;1494.52
2026-07-03;ENG-090;102;2026-01-05 06:00:00;642.6100;1589.8000;1408.3700;553.1600;2388.1000;9056.2700;47.5600;520.9300;2388.0700;8133.0600;8.4108;393.0000;0.5760;0;WO855732;2275.02
2026-07-03;ENG-017;115;2026-01-05 19:00:00;642.0000;1589.0500;1394.7700;554.0900;2387.9700;9083.5200;47.3200;521.8500;2388.0500;8156.1600;8.3915;393.0000;0.8000;0;WO860695;1,105.42
2026/07/03;eng-013;159;2026-01-07 15:00:00;641.8300;1592.2500;1403.7700;553.9300;2388.0900;9067.5500;47.4100;522.4700;2388.0700;8141.8000;8.4205;394.0000;1.0000;0;WO380943;1063.12
03-Jul-2026;ENG-055;81;2026-01-04 09:00:00;642.4300;1590.5800;1406.1500;553.8100;2388.0700;9061.3500;47.2700;522.1600;2388.0700;8137.9300;8.4021;391.0000;1.0000;0;WO327310;1319.49
2026/07/03;  ENG-043 ;142;2026-01-06 22:00:00;642.2400;1585.1200;1408.0700;553.2900;2388.0700;9055.2800;47.4400;521.5400;2388.0600;8131.3400;8.4533;392.0000;0.7120;0;WO820237;2896.56
2026/07/03;ENG-003;91;2026-01-04 19:00:00;642.5100;1591.6000;1404.1400;553.2900;2388.1400;9054.2800;47.4200;521.3500;2388.1500;8130.1400;8.4529;395.0000;;0;WO151226;812.16
2026-07-03;  ENG-091 ;174;2026-01-08 06:00:00;643.0100;1591.7500;1413.5600;552.3400;2388.1200;9060.2400;47.7000;521.2200;2388.1500;8128.9800;8.4802;395.0000;0.7840;0;WO420943;
2026/07/03;ENG-007;148;2026-01-07 04:00:00;642.0300;1587.3900;1405.0000;554.0000;2388.0300;9064.9900;47.3700;521.6200;2388.0800;8149.1600;8.4082;392.0000;0.8240;0;WO175094;695.95
2026/07/03;ENG-020;137;2026-01-06 17:00:00;642.3300;1590.2200;1406.7300;553.1600;2388.0900;9065.4400;47.6100;521.5100;2388.0900;8136.7800;8.4387;395.0000;0.5040;0;WO973333;675.29
2026-07-03;eng-045;121;2026-01-06 01:00:00;642.7400;1594.4700;1412.0600;552.4200;2388.1300;9062.1300;47.6100;521.6400;2388.0900;8139.0900;8.4283;393.0000;1.0000;0;WO497333;290.49
2026-07-03;ENG-038;106;2026-01-05 10:00:00;643.1100;1591.2700;1410.2000;552.4500;2388.0800;9070.1900;47.6500;521.0700;2388.1000;8141.6400;8.4791;393.0000;0.5520;0;WO429680;
03-Jul-2026;eng-010;148;2026-01-07 04:00:00;642.6100;1580.0800;1400.5600;553.8200;2388.0600;9062.4200;47.4100;521.9800;2388.0500;8144.4400;8.4322;392.0000;1.0000;0;WO934906;141.61
2026-07-03;  ENG-068 ;163;2026-01-07 19:00:00;642.7700;1589.5900;1416.6600;553.3400;2388.1000;9073.8000;47.8000;521.0700;2388.1600;8149.7600;8.4865;395.0000;0.2560;0;WO459922;2539.58
2026/07/03;ENG-028;140;2026-01-06 20:00:00;642.5800;1587.6700;1413.7400;553.6800;2388.1000;9051.9100;47.5800;521.3500;2388.0800;8131.2600;8.4231;394.0000;0.9200;0;WO188092;439.69
2026-07-03;ENG-037;110;2026-01-05 14:00:00;643.0100;1592.9100;1400.5300;552.6800;2388.0900;9049.6900;47.5300;520.8800;2388.1300;8130.5700;8.4323;394.0000;0.2560;0;WO164417;887.52
03-Jul-2026;ENG-035;174;2026-01-08 06:00:00;643.3300;1587.8900;1411.5400;552.8800;2388.2000;9071.0400;47.9500;520.4800;2388.1400;8146.5900;8.4696;394.0000;0.2800;0;WO703071;1126.59
2026/07/03;ENG-093;170;2026-01-08 02:00:00;642.2500;1592.6500;1414.6700;552.8400;2388.1500;9064.5900;47.6900;521.1700;2388.1200;8140.7600;8.4752;393.0000;1.0000;0;WO199246;1249.86
2026/07/03;ENG-032;114;2026-01-05 18:00:00;642.6000;1582.4800;1400.3300;554.3200;2387.9700;9080.2600;47.2100;522.3000;2388.0500;8159.6800;8.4141;391.0000;0.6320;0;WO670579;2979.26
2026-07-03;ENG-086;108;2026-01-05 12:00:00;642.6700;1592.1600;1404.6900;553.3600;2388.0600;9064.3700;47.3300;521.2300;2388.1400;8142.2600;8.4135;392.0000;0.7280;0;WO142337;2585.46
2026/07/03;ENG-097;96;2026-01-05 00:00:00;642.6000;1589.2900;1403.3900;553.4800;2388.0200;9061.5500;47.2200;521.9000;2388.0300;8145.9300;8.4353;393.0000;0.9600;0;WO827260;2456.17
2026-07-03;eng-005;88;2026-01-04 16:00:00;643.2200;1588.1300;1409.5100;553.0800;2388.0800;9052.9100;47.4500;520.9000;2388.1200;8129.1400;8.4380;393.0000;0.8080;0;WO810951;611.13
2026/07/03;ENG-060;107;2026-01-05 11:00:00;643.0800;1591.6100;1413.0800;553.6500;2388.0800;9056.9600;47.6200;521.4300;2388.1100;8135.4700;8.4281;392.0000;1.0000;0;WO239022;290.70
2026/07/03;ENG-097;134;2026-01-06 14:00:00;642.5900;1582.9600;1410.9200;554.0500;2388.0600;9076.3600;47.3800;521.5800;2388.0600;8155.4800;8.4500;395.0000;0.6560;0;WO574471;2691.24
2026-07-03;ENG-100;191;2026-01-08 23:00:00;642.9200;1589.5400;1413.6500;553.2400;2388.0200;9136.1900;47.6100;521.2300;2388.0700;8201.9400;8.4877;396.0000;0.2160;1;WO390079;14420.06
2026-07-03;eng-071;67;2026-01-03 19:00:00;641.9300;1589.2600;1400.0600;554.4700;2388.0800;9073.3600;47.4000;521.8100;2388.0300;8146.3500;8.4159;393.0000;0.9520;0;WO510386;2,470.98
2026/07/03;eng-074;106;2026-01-05 10:00:00;642.3700;1594.0000;1410.6400;554.5000;2388.0700;9060.1200;47.5100;521.6900;2388.0700;8137.8700;8.4481;392.0000;1.0000;0;WO550627;2,825.16
2026-07-03;ENG-020;153;2026-01-07 09:00:00;643.2600;1598.5400;1418.6000;552.7000;2388.1200;9062.4200;47.7000;521.0400;2388.1500;8140.2500;8.4699;393.0000;0.3760;0;WO456077;2,124.67
2026-07-03;ENG-016;107;2026-01-05 11:00:00;642.2200;1589.8200;1399.7000;554.2300;2388.0100;9065.0000;47.3700;522.1400;2388.0000;8146.9400;8.3991;392.0000;0.7200;0;WO168270;1,557.60
2026/07/03;ENG-079;89;2026-01-04 17:00:00;642.6400;1583.8800;1404.7300;553.1500;2388.1000;9039.2900;47.4200;521.4600;2388.1600;8130.3000;8.4116;391.0000;;0;WO298847;1,757.83
2026/07/03;ENG-030;122;2026-01-06 02:00:00;642.6300;1588.8900;1407.9300;553.4600;2388.1200;9042.3900;47.5600;521.5900;2388.1800;8132.1900;8.4428;392.0000;1.0000;0;WO770841;72.08
2026-07-03;ENG-092;117;2026-01-05 21:00:00;643.0000;1600.0300;1415.1100;552.8000;2388.2300;9044.2100;47.7200;520.7500;2388.2300;8124.4500;8.4510;394.0000;0.4240;0;WO405635;2427.99
2026/07/03;ENG-052;172;2026-01-08 04:00:00;642.7800;1597.2500;1404.7300;553.6300;2388.0400;9090.4700;47.4000;521.9300;2388.0300;8165.2200;8.4880;392.0000;0.3680;0;WO851344;738.44
03-Jul-2026;ENG-020;182;2026-01-08 14:00:00;643.5400;1589.9300;1421.0900;551.2300;2388.2300;9064.5500;48.0200;520.3400;2388.2200;8139.4100;8.4677;396.0000;0.1440;1;WO418171;
2026/07/03;ENG-007;135;2026-01-06 15:00:00;642.1600;1586.3900;1402.8300;554.2800;2388.0300;9062.7800;47.2700;522.8100;2388.0500;8143.4600;8.3839;393.0000;0.9280;0;WO960403;2,110.13
2026/07/03;ENG-098;114;2026-01-05 18:00:00;642.9800;1586.4100;1409.5700;553.7700;2388.0900;9061.0700;47.5700;521.5600;2388.1100;8140.5300;8.4354;394.0000;0.5280;0;WO584415;137.90
03-Jul-2026;ENG-028;124;2026-01-06 04:00:00;642.0000;1589.9500;1412.5000;553.8100;2388.1000;9057.6500;47.7200;521.0500;2388.1200;8138.0500;8.4540;394.0000;1.0000;0;WO676026;732.98
2026-07-03;ENG-006;76;2026-01-04 04:00:00;643.0200;1591.1600;1413.6600;552.7500;2388.0800;9051.7300;47.4700;521.3700;2388.0900;8135.0700;8.4554;393.0000;0.9760;0;WO612224;1,066.31
03-Jul-2026;ENG-046;145;2026-01-07 01:00:00;643.5800;1596.8000;1413.2400;552.9800;2388.1200;9086.3800;47.7200;521.0400;2388.1600;8160.1000;8.4804;395.0000;0.3840;0;WO985016;134.64
2026-07-03;ENG-042;108;2026-01-05 12:00:00;642.7100;1588.6300;1413.3800;553.4200;2388.1300;9043.1300;47.3600;521.9300;2388.1000;8132.3300;8.4123;393.0000;0.4640;0;WO494728;865.74
2026-07-03;ENG-061;149;2026-01-07 05:00:00;642.9000;1594.1800;1413.5200;552.2000;2388.1600;9073.8700;47.9600;520.9500;2388.1800;8141.8300;8.4707;394.0000;0.2480;0;WO354316;1976.08
03-Jul-2026;ENG-003;98;2026-01-05 02:00:00;642.4600;1596.3000;1409.7400;552.6600;2388.1400;9050.8800;47.5300;521.4700;2388.1600;8129.6900;8.4624;394.0000;0.7760;0;WO264521;430.00
2026-07-03;ENG-054;96;2026-01-05 00:00:00;642.3900;1582.7400;1395.3100;554.5800;2388.0200;9055.2800;47.2500;522.3700;2387.9800;8144.5200;8.4049;391.0000;0.9760;0;WO835792;853.77
2026-07-03;ENG-095;83;2026-01-04 11:00:00;642.6000;1587.3500;1407.7000;553.6700;2388.0700;9044.7900;47.4100;521.8600;2388.0800;8123.9500;8.4225;393.0000;1.0000;0;WO810318;1,732.71
03-Jul-2026;ENG-097;120;2026-01-06 00:00:00;642.1700;1584.9300;1406.4500;553.8100;2388.0400;9068.3100;47.3500;521.7200;2388.0300;8154.1100;8.4291;392.0000;0.7680;0;WO331810;2,260.00
2026-07-03;  ENG-062 ;223;2026-01-10 07:00:00;643.4400;1584.6700;1409.0900;553.7000;2388.0200;9087.2200;47.4700;521.2600;2388.0800;8161.1100;8.4537;392.0000;0.5040;0;WO598301;1950.87
03-Jul-2026;eng-082;130;2026-01-06 10:00:00;643.1000;1592.0900;1414.0100;553.0700;2388.1400;9054.4500;47.7500;521.3200;2388.1300;8139.3000;8.4539;393.0000;0.3280;0;WO252919;2958.90
03-Jul-2026;ENG-091;219;2026-01-10 03:00:00;643.3500;1595.7300;1421.3500;552.4300;2388.1700;9048.5700;47.8300;520.0600;2388.2000;8127.8500;8.4656;393.0000;0.4240;0;WO407474;695.26
2026/07/03;eng-015;55;2026-01-03 07:00:00;642.3000;1588.3800;1399.0500;554.0800;2388.0400;9060.6100;47.3000;522.2400;2388.0700;8133.4900;8.4278;392.0000;0.8320;0;WO413673;598.02
2026/07/03;ENG-006;105;2026-01-05 09:00:00;643.0500;1586.9400;1404.4900;553.7300;2388.1400;9055.8300;47.5100;521.5600;2388.1500;8139.0200;8.4452;393.0000;0.7440;0;WO971499;297.43
2026/07/03;ENG-076;198;2026-01-09 06:00:00;643.2300;1601.6900;1420.3600;552.2200;2388.1300;9109.0400;48.0200;520.2200;2388.1200;8179.8800;8.5006;396.0000;0.1360;1;WO127424;21680.48
2026/07/03;ENG-074;108;2026-01-05 12:00:00;642.6900;1586.5300;1400.7000;553.4600;2388.0900;9057.5900;47.3800;521.6000;2388.0900;8144.5100;8.4415;392.0000;1.0000;0;WO255261;292.84
2026/07/03;ENG-046;119;2026-01-05 23:00:00;643.3400;1598.9200;1417.8100;553.8100;2388.1000;9067.5600;47.4100;521.5600;2388.0800;8153.7200;8.4699;393.0000;0.5920;0;WO246407;1606.28
03-Jul-2026;eng-038;111;2026-01-05 15:00:00;643.6500;1589.4800;1412.3900;552.7300;2388.1200;9076.5100;47.7800;520.9400;2388.1300;8148.6400;8.4211;394.0000;0.5120;0;WO942001;547.19
2026-07-03;ENG-028;156;2026-01-07 12:00:00;642.4400;1586.6200;1410.3000;553.9500;2388.0500;9067.3600;47.6000;522.1500;2388.0900;8137.6600;8.4438;394.0000;0.7920;0;WO566253;2682.55
03-Jul-2026;ENG-057;154;2026-01-07 10:00:00;642.8300;1592.8300;1414.0800;552.5700;2388.1100;9048.6500;47.6600;520.8900;2388.1100;8130.3800;8.4427;394.0000;0.8720;0;WO144443;672.85
2026-07-03;ENG-086;97;2026-01-05 01:00:00;642.7700;1593.6800;1406.7300;553.4600;2388.0100;9071.4000;47.4200;521.5100;2388.0700;8143.3900;8.4098;393.0000;0.8160;0;WO211661;2552.19
2026-07-03;ENG-030;127;2026-01-06 07:00:00;642.3100;1593.6800;1420.6700;553.5700;2388.1700;9053.6200;47.6100;521.3700;2388.1700;8126.0900;8.4326;394.0000;1.0000;0;WO303197;2,700.70
03-Jul-2026;ENG-089;160;2026-01-07 16:00:00;642.6200;1587.9300;1412.8100;554.0500;2388.1100;9052.3500;47.4300;521.1000;2388.1300;8131.8400;8.4593;392.0000;1.0000;0;WO631502;469.95
2026-07-03;ENG-007;150;2026-01-07 06:00:00;642.6200;1585.5000;1401.2700;554.0700;2388.0000;9065.0100;47.4300;521.8800;2388.0100;8147.7100;8.4466;393.0000;0.8080;0;WO403017;2,596.76
2026/07/03;  ENG-064 ;145;2026-01-07 01:00:00;642.3900;1596.2900;1411.2900;553.3400;2388.1500;9056.8500;47.6700;520.8200;2388.1700;8134.0900;8.4355;394.0000;0.4080;0;WO311147;87.01
2026/07/03;ENG-076;189;2026-01-08 21:00:00;643.1100;1595.6000;1417.4500;552.9100;2388.1700;9095.7800;47.7300;521.0900;2388.1700;8167.2900;8.5038;393.0000;0.2080;1;WO251427;13151.47
2026/07/03;ENG-063;146;2026-01-07 02:00:00;642.9000;1591.2400;1411.4300;553.5500;2388.1900;9051.6500;47.5300;521.3200;2388.1300;8126.0200;8.4701;392.0000;;0;WO937658;
2026-07-03;ENG-026;56;2026-01-03 08:00:00;641.9300;1584.5400;1398.6700;554.0200;2388.0000;9066.7500;47.1600;522.2100;2388.0400;8146.9300;8.4080;391.0000;1.0000;0;WO551730;2,860.03
2026-07-03;ENG-021;119;2026-01-05 23:00:00;642.1000;1579.9400;1404.0300;554.1400;2388.0300;9064.9500;47.3100;521.5900;2388.0600;8148.4900;8.4153;391.0000;0.6880;0;WO591638;1728.08
03-Jul-2026;ENG-063;152;2026-01-07 08:00:00;642.8600;1590.3600;1412.4200;552.1200;2388.1500;9052.2700;47.5600;520.9500;2388.1300;8134.5600;8.5160;394.0000;0.6000;0;WO752263;1501.90
2026/07/03;ENG-041;106;2026-01-05 10:00:00;642.8600;1588.6400;1410.8800;552.1100;2388.1500;9042.2800;47.5400;520.8100;2388.1600;8118.4800;8.4387;393.0000;0.2800;0;WO961727;1280.09
2026-07-03;  ENG-030 ;124;2026-01-06 04:00:00;643.1300;1596.2200;1415.8200;553.3400;2388.1000;9047.1500;47.4800;521.5800;2388.1500;8130.1900;8.4534;394.0000;1.0000;0;WO902366;2,535.56
03-Jul-2026;ENG-093;196;2026-01-09 04:00:00;642.7500;1596.8500;1409.3900;553.1400;2388.1400;9074.4800;47.5600;520.7000;2388.1300;8152.6200;8.4473;394.0000;;0;WO889135;317.27
2026-07-03;ENG-039;28;2026-01-02 04:00:00;642.0100;1581.4500;1397.0700;554.3100;2388.0400;9058.8700;47.2300;522.5000;2387.9900;8142.3800;8.4075;391.0000;1.0000;0;WO338312;2,616.24
2026/07/03;ENG-021;130;2026-01-06 10:00:00;642.1400;1585.1900;1403.3200;553.6100;2387.9800;9072.3900;47.3800;522.2900;2388.0100;8149.3900;8.3980;392.0000;0.6000;0;WO785673;2621.13
2026/07/03;ENG-052;144;2026-01-07 00:00:00;642.3400;1584.4200;1406.8700;554.8700;2388.0000;9071.6700;47.2700;522.0400;2388.0200;8153.6100;8.4105;392.0000;0.5920;0;WO604787;2,359.07
2026/07/03;ENG-068;174;2026-01-08 06:00:00;643.0500;1598.9600;1426.7700;552.0700;2388.1900;9081.1300;48.1000;520.0100;2388.2300;8150.2600;8.4603;395.0000;;1;WO362484;7118.84
2026-07-03;ENG-081;211;2026-01-09 19:00:00;643.4800;1595.3200;1427.1200;551.1900;2388.2100;9076.2400;48.1300;519.5800;2388.2100;8146.2900;8.5019;396.0000;0.0800;1;WO779044;4421.49
2026-07-03;ENG-012;172;2026-01-08 04:00:00;642.3700;1583.4700;1404.8300;554.1100;2388.0400;9065.6300;47.2500;521.8800;2388.0100;8141.9100;8.3941;392.0000;1.0000;0;WO366413;990.12
03-Jul-2026;ENG-083;54;2026-01-03 06:00:00;642.1100;1595.4400;1397.8700;554.6200;2388.0900;9066.3200;47.4500;521.7600;2388.0400;8139.2900;8.4316;392.0000;1.0000;0;WO988736;1016.68
2026-07-03;ENG-097;125;2026-01-06 05:00:00;642.3300;1587.7400;1403.8700;553.8800;2388.0400;9076.3300;47.5100;521.9600;2388.0500;8152.4100;8.4398;393.0000;0.7280;0;WO887562;279.89
2026/07/03;ENG-040;100;2026-01-05 04:00:00;642.8800;1598.0400;1411.0000;552.2500;2388.0900;9062.7600;47.7000;520.9200;2388.1500;8140.2100;8.4544;394.0000;0.4880;0;WO798356;1,978.32
03-Jul-2026;ENG-084;161;2026-01-07 17:00:00;643.0800;1595.9000;1414.3200;552.8900;2388.1600;9051.0800;47.6600;521.5400;2388.0900;8133.8700;8.4571;394.0000;0.5520;0;WO496879;1,349.68
2026-07-03;ENG-091;167;2026-01-07 23:00:00;642.8800;1596.6500;1422.2100;552.5300;2388.1900;9052.7200;47.8700;520.6100;2388.1100;8123.1200;8.4704;393.0000;0.8400;0;WO760976;266.06
2026-07-03;ENG-095;67;2026-01-03 19:00:00;642.3400;1584.0600;1401.2200;554.3000;2388.0600;9053.1900;47.3800;522.2300;2388.0500;8130.4400;8.4299;393.0000;1.0000;0;WO109712;1594.75
03-Jul-2026;eng-049;280;2026-01-12 16:00:00;642.3700;1591.7200;1416.7700;552.1000;2388.1200;9059.3700;47.5700;520.9200;2388.1700;8135.5800;8.4866;394.0000;0.3520;0;WO723757;1,923.93
2026/07/03;ENG-049;292;2026-01-13 04:00:00;643.5600;1603.7100;1416.2900;551.5800;2388.2400;9049.5500;47.7500;520.7100;2388.1900;8131.0000;8.4517;392.0000;0.2560;0;WO707753;
2026-07-03;ENG-057;157;2026-01-07 13:00:00;643.1300;1589.4700;1411.3300;553.3200;2388.1800;9046.6500;47.6300;520.9500;2388.1400;8129.2200;8.3743;393.0000;0.8480;0;WO586616;544.67
2026-07-03;ENG-093;200;2026-01-09 08:00:00;642.5100;1590.7900;1412.3300;552.7000;2388.1200;9070.1500;47.7300;521.3800;2388.1300;8149.3200;8.4606;395.0000;1.0000;0;WO287227;1,946.44
2026/07/03;ENG-030;117;2026-01-05 21:00:00;643.1100;1588.7200;1407.6300;553.2900;2388.1100;9055.2200;47.6300;520.9500;2388.1200;8133.0100;8.4880;394.0000;1.0000;0;WO463100;2,066.00
2026/07/03;ENG-046;118;2026-01-05 22:00:00;642.3600;1590.6600;1409.8200;553.2400;2388.1000;9071.8900;47.5400;521.3900;2388.0800;8152.6100;8.4355;394.0000;0.6000;0;WO134967;1,710.22
2026-07-03;ENG-005;75;2026-01-04 03:00:00;642.6800;1591.2300;1412.9100;553.4000;2388.0700;9054.0300;47.6000;521.6900;2388.1100;8127.1000;8.4466;393.0000;0.9120;0;WO653073;1,542.68
2026-07-03;  ENG-084 ;116;2026-01-05 20:00:00;642.4700;1585.3400;1408.2200;553.8500;2388.0800;9054.0500;47.5800;521.3700;2388.1200;8136.1000;8.4545;393.0000;0.9120;0;WO849543;2331.73
03-Jul-2026;ENG-028;119;2026-01-05 23:00:00;642.6900;1583.7800;1415.3700;553.7400;2388.1300;9050.6100;47.5100;521.4700;2388.1300;8133.2600;8.3892;394.0000;1.0000;0;WO187877;1325.26
2026-07-03;ENG-001;30;2026-01-02 06:00:00;642.7900;1585.7200;1400.9700;554.1000;2388.0900;9047.4500;47.4000;521.7800;2388.1000;8134.7900;8.4110;391.0000;0.9040;0;WO675239;2,549.28
2026/07/03;ENG-024;141;2026-01-06 21:00:00;642.4700;1592.9200;1394.7400;554.0700;2388.0100;9088.8500;47.3000;522.2600;2387.9900;8170.1200;8.3915;393.0000;0.5200;0;WO969691;2,760.56
03-Jul-2026;ENG-041;87;2026-01-04 15:00:00;642.0200;1584.7000;1412.5900;553.8100;2388.0700;9048.2200;47.4700;521.7100;2388.0400;8131.9800;8.4286;392.0000;0.4320;0;WO461558;1563.54
03-Jul-2026;ENG-093;176;2026-01-08 08:00:00;642.5800;1587.5200;1410.9500;553.3200;2388.1300;9068.9100;47.6900;520.9800;2388.1500;8143.2700;8.4255;393.0000;1.0000;0;WO517974;2,663.97
2026/07/03;ENG-081;152;2026-01-07 08:00:00;642.1000;1587.0600;1408.0700;553.1900;2388.1000;9072.4700;47.4300;520.8600;2388.1100;8147.7900;8.4523;393.0000;0.5520;0;WO507384;469.00
03-Jul-2026;ENG-052;148;2026-01-07 04:00:00;642.3600;1585.0200;1401.5300;554.0600;2387.9900;9072.3900;47.5400;522.1000;2388.0500;8152.8800;8.4111;392.0000;0.5600;0;WO535274;2126.99
2026-07-03;ENG-044;37;2026-01-02 13:00:00;642.0000;1589.9300;1408.5700;554.1500;2388.0600;9050.2800;47.5300;521.9500;2388.0900;8129.1000;8.4256;394.0000;1.0000;0;WO447857;130.40
03-Jul-2026;ENG-057;123;2026-01-06 03:00:00;643.7000;1583.6400;1412.3000;553.0500;2388.0800;9048.4000;47.6200;521.8400;2388.0900;8136.3400;8.4434;393.0000;1.0000;0;WO231185;783.80
2026/07/03;ENG-083;66;2026-01-03 18:00:00;642.3800;1586.9400;1405.6400;554.0500;2388.0600;9061.0200;47.4300;521.6800;2388.0600;8140.3800;8.4206;391.0000;1.0000;0;WO526923;
2026/07/03;ENG-020;157;2026-01-07 13:00:00;642.7000;1582.6600;1412.8600;553.0800;2388.1000;9066.8800;47.6400;520.7800;2388.1400;8144.3800;8.4636;395.0000;0.3440;0;WO422010;1,704.97
2026-07-03;ENG-062;188;2026-01-08 20:00:00;642.5500;1590.2600;1404.7000;553.7200;2388.0000;9068.4300;47.5000;521.8700;2388.0600;8153.2500;8.4112;393.0000;0.7840;0;WO724843;1,085.58
03-Jul-2026;ENG-079;71;2026-01-03 23:00:00;642.6400;1589.3700;1404.9200;553.6000;2388.0800;9048.9200;47.2100;522.1300;2388.0600;8125.6000;8.4264;393.0000;0.7440;0;WO742216;2,526.29
2026-07-03;ENG-005;73;2026-01-04 01:00:00;642.8600;1596.1500;1405.1900;553.8300;2388.0900;9056.1200;47.5400;521.3100;2388.0600;8131.4000;8.3881;392.0000;0.9280;0;WO677403;2,207.01
2026/07/03;  ENG-088 ;53;2026-01-03 05:00:00;642.7000;1590.1300;1417.2100;552.3800;2388.1200;9041.2000;47.5000;521.4700;2388.1500;8121.5000;8.4582;394.0000;1.0000;0;WO861084;1,104.09
2026-07-03;ENG-084;147;2026-01-07 03:00:00;643.3200;1584.6900;1413.6400;553.7600;2388.1300;9061.4800;47.7400;521.5500;2388.1800;8130.6000;8.4172;393.0000;0.6640;0;WO711946;604.16
03-Jul-2026;ENG-034;194;2026-01-09 02:00:00;643.3800;1599.1900;1413.4800;552.0400;2388.1800;9050.1900;48.0200;520.7400;2388.1900;8128.2500;8.4715;394.0000;0.1280;1;WO446153;20,797.59
2026-07-03;ENG-066;128;2026-01-06 08:00:00;642.6600;1596.4200;1414.3000;553.3400;2388.1300;9094.9300;47.6300;520.8900;2388.0700;8176.8700;8.4598;394.0000;0.2640;0;WO168545;1,492.22
03-Jul-2026;ENG-056;120;2026-01-06 00:00:00;643.3300;1598.1200;1417.8600;552.2300;2388.1900;9041.8800;47.8100;520.8100;2388.2200;8120.5400;8.4235;393.0000;0.2480;0;WO200555;1,671.64
03-Jul-2026;  ENG-026 ;62;2026-01-03 14:00:00;642.3900;1589.5000;1398.1500;554.3900;2388.0400;9064.8500;47.1500;522.0100;2388.0100;8147.3900;8.4138;391.0000;1.0000;0;WO811231;2642.09
2026-07-03;eng-027;95;2026-01-04 23:00:00;642.3000;1584.8100;1400.4500;554.5900;2388.0400;9049.6600;47.3100;521.9000;2388.0600;8134.0100;8.4078;391.0000;0.8880;0;WO118683;1,734.56
03-Jul-2026;  ENG-027 ;137;2026-01-06 17:00:00;642.4200;1588.0000;1406.0800;553.8500;2388.1000;9049.9500;47.3400;521.8600;2388.0900;8134.2100;8.4145;391.0000;0.5520;0;WO935355;747.12
2026-07-03;ENG-093;203;2026-01-09 11:00:00;643.1200;1592.0700;1415.2000;552.6000;2388.1000;9072.6900;47.7000;520.9100;2388.0900;8146.7800;8.4739;394.0000;1.0000;0;WO705173;1044.17
2026-07-03;  ENG-035 ;145;2026-01-07 01:00:00;642.9500;1588.5200;1413.7200;552.6800;2388.1500;9059.9300;47.7300;521.1100;2388.1200;8139.3700;8.4660;396.0000;0.5120;0;WO708712;840.59
2026-07-03;ENG-024;158;2026-01-07 14:00:00;643.1300;1586.6100;1403.9300;553.7600;2388.0200;9106.5200;47.6100;521.9700;2388.0600;8179.4900;8.4550;393.0000;0.3840;0;WO298518;2058.48
2026/07/03;ENG-003;113;2026-01-05 17:00:00;643.2200;1595.3800;1416.0700;553.7300;2388.1200;9054.8000;47.5800;520.6400;2388.1700;8130.1100;8.4495;394.0000;0.6560;0;WO100573;2,338.48
2026/07/03;  ENG-084 ;133;2026-01-06 13:00:00;642.6400;1587.9000;1406.3600;553.6000;2388.0800;9058.3700;47.7200;521.0600;2388.1200;8131.1300;8.4584;393.0000;0.7760;0;WO504305;1827.80
2026/07/03;ENG-032;108;2026-01-05 12:00:00;641.8100;1584.0800;1401.3300;554.6400;2388.0400;9081.6200;47.1800;522.1500;2388.0200;8161.9900;8.3843;392.0000;0.6800;0;WO904183;1797.79
2026-07-03;ENG-024;137;2026-01-06 17:00:00;642.6100;1583.6000;1412.0400;554.9300;2387.9600;9089.7400;47.4300;522.1800;2387.9500;8162.2600;8.4462;393.0000;0.5520;0;WO131608;970.10
2026/07/03;ENG-013;179;2026-01-08 11:00:00;642.2200;1591.4700;1407.6700;553.7200;2388.1100;9060.4900;47.4600;521.7600;2388.0500;8143.5200;8.4105;394.0000;0.8880;0;WO554963;569.10
2026-07-03;ENG-021;121;2026-01-06 01:00:00;642.1100;1581.6700;1393.3000;554.0300;2387.9900;9070.8300;47.3600;522.0600;2388.0500;8149.4700;8.4338;392.0000;0.6720;0;WO642956;2079.78
2026/07/03;ENG-094;99;2026-01-05 03:00:00;642.6300;1588.4900;1409.1700;553.2200;2388.1600;9057.5700;47.6100;521.5300;2388.1000;8135.7500;8.4504;395.0000;0.7120;0;WO303724;2307.89
03-Jul-2026;ENG-088;49;2026-01-03 01:00:00;642.9300;1585.7400;1410.1200;553.6300;2388.1500;9036.1700;47.4900;521.1100;2388.1400;8119.4600;8.4464;393.0000;1.0000;0;WO405182;2932.50
03-Jul-2026;  ENG-079 ;86;2026-01-04 14:00:00;642.9300;1592.8200;1402.1700;553.8400;2388.0700;9041.7900;47.4100;521.6600;2388.0300;8129.2200;8.4282;391.0000;0.6240;0;WO991667;1351.32
2026-07-03;ENG-070;103;2026-01-05 07:00:00;642.3600;1593.1200;1402.6300;554.1900;2388.0700;9048.2100;47.3000;521.5900;2388.0900;8132.2300;8.4213;392.0000;1.0000;0;WO906697;2072.45
2026-07-03;  ENG-053 ;114;2026-01-05 18:00:00;642.3400;1585.1800;1409.9100;553.9900;2388.0300;9075.8800;47.6900;521.8800;2388.0800;8148.6400;8.4411;392.0000;0.6080;0;WO330569;998.80
2026/07/03;ENG-049;229;2026-01-10 13:00:00;643.3900;1588.3800;1403.2300;553.8300;2388.0100;9060.1300;47.6200;521.2000;2388.0600;8138.7500;8.4609;392.0000;0.7600;0;WO775137;283.43
2026/07/03;ENG-045;108;2026-01-05 12:00:00;642.7100;1590.2000;1412.6300;552.7000;2388.0700;9060.2800;47.5700;521.6100;2388.1400;8141.6200;8.4359;393.0000;1.0000;0;WO581066;119.14
2026-07-03;ENG-045;134;2026-01-06 14:00:00;643.2400;1592.7900;1406.8900;553.4200;2388.1000;9060.3400;47.5500;521.2500;2388.1100;8139.1700;8.4444;392.0000;1.0000;0;WO286547;1,753.14
2026/07/03;ENG-052;154;2026-01-07 10:00:00;642.4800;1585.7100;1406.5600;553.8600;2388.0700;9087.9700;47.3500;522.0200;2388.0200;8157.9200;8.3906;391.0000;0.5120;0;WO519706;84.81
2026/07/03;ENG-049;303;2026-01-13 15:00:00;643.2100;1607.5500;1425.3000;552.0000;2388.2100;9052.4800;48.0100;520.2700;2388.2200;8132.4600;8.5168;396.0000;0.1680;1;WO405942;19,537.05
2026/07/03;  ENG-017 ;132;2026-01-06 12:00:00;642.5300;1586.8000;1405.0100;553.4900;2388.0400;9085.0300;47.4500;522.0200;2388.0400;8156.4000;8.4411;394.0000;0.6640;0;WO123930;404.81
03-Jul-2026;ENG-085;29;2026-01-02 05:00:00;642.6600;1592.5800;1410.3500;553.7300;2388.1100;9055.7500;47.5000;522.0100;2388.1000;8128.1400;8.4188;393.0000;0.9840;0;WO974264;176.32
2026/07/03;ENG-094;129;2026-01-06 09:00:00;642.8200;1595.7600;1410.9700;552.2500;2388.1500;9057.5300;47.6200;521.4600;2388.1800;8134.3700;8.4731;394.0000;0.4720;0;WO657421;1246.18
2026/07/03;ENG-095;62;2026-01-03 14:00:00;641.9900;1591.8100;1401.5600;554.1000;2388.1000;9050.7200;47.3500;521.6000;2388.0500;8128.9100;8.4504;392.0000;1.0000;0;WO290640;833.22
2026-07-03;ENG-023;107;2026-01-05 11:00:00;642.4600;1591.0900;1403.5400;554.0700;2388.0800;9053.9200;47.2600;522.6100;2388.0500;8134.5400;8.4031;392.0000;1.0000;0;WO626540;
2026/07/03;ENG-068;157;2026-01-07 13:00:00;642.7200;1587.9300;1417.9100;552.6100;2388.1600;9067.4300;47.6000;520.9900;2388.1700;8140.8100;8.4590;394.0000;0.3040;0;WO523407;2233.70
03-Jul-2026;ENG-086;86;2026-01-04 14:00:00;642.5800;1587.8200;1403.9300;553.4200;2388.0900;9055.5100;47.6200;520.8500;2388.0700;8146.6200;8.4347;394.0000;0.9040;0;WO420127;1648.27
2026-07-03;ENG-057;111;2026-01-05 15:00:00;642.5100;1583.8400;1407.5000;553.6300;2388.0900;9048.5400;47.3900;521.7600;2388.1500;8132.9400;8.4205;393.0000;1.0000;0;WO159058;1995.28
2026-07-03;ENG-017;158;2026-01-07 14:00:00;642.6400;1597.1000;1409.5700;553.0500;2388.0900;9086.4900;47.5800;521.1300;2388.0100;8170.8000;8.4466;394.0000;0.4560;0;WO598682;740.21
03-Jul-2026;ENG-079;85;2026-01-04 13:00:00;642.9500;1582.1500;1413.2000;553.2200;2388.1600;9046.9300;47.4600;521.8100;2388.1000;8132.4600;8.4332;392.0000;0.6320;0;WO111223;878.10
2026/07/03;ENG-099;74;2026-01-04 02:00:00;641.8000;1580.0500;1397.3300;554.3200;2387.9900;9068.2300;47.1500;522.6600;2388.0300;8147.3500;8.4027;392.0000;1.0000;0;WO385615;719.28
03-Jul-2026;ENG-020;147;2026-01-07 03:00:00;642.6500;1592.8100;1409.3200;552.8200;2388.1500;9070.8000;47.6800;520.8900;2388.1300;8142.9900;8.4544;393.0000;0.4240;0;WO609661;2648.35
03-Jul-2026;  ENG-062 ;207;2026-01-09 15:00:00;642.5900;1591.3200;1408.1900;554.0300;2388.0700;9078.4900;47.3400;521.9000;2388.0000;8156.4400;8.4232;393.0000;0.6320;0;WO553706;2755.54
2026-07-03;ENG-015;68;2026-01-03 20:00:00;642.1300;1586.2300;1399.9500;553.3700;2388.0200;9059.2900;47.3600;521.9900;2388.0200;8135.7500;8.4296;392.0000;0.7280;0;WO473776;2291.25
03-Jul-2026;ENG-010;189;2026-01-08 21:00:00;642.6500;1596.7200;1414.2300;553.2800;2388.1300;9063.0300;47.3600;521.4400;2388.0400;8140.4600;8.4033;394.0000;0.7920;0;WO344673;2,694.44
2026/07/03;ENG-008;166;2026-01-07 22:00:00;642.5900;1591.9100;1413.8900;553.5100;2388.1400;9049.9600;47.5900;520.5300;2388.1200;8127.8400;8.4744;393.0000;0.7600;0;WO967058;2007.17
2026-07-03;ENG-097;124;2026-01-06 04:00:00;642.6400;1587.6100;1396.6000;553.8200;2388.0600;9078.0600;47.3000;522.3900;2388.0300;8152.7700;8.4004;393.0000;0.7360;0;WO397565;2402.57
03-Jul-2026;ENG-076;145;2026-01-07 01:00:00;641.5800;1593.3700;1400.8600;553.7000;2388.0500;9074.8500;47.5200;521.3600;2388.0700;8148.8400;8.4423;391.0000;0.5600;0;WO591177;1478.92
2026/07/03;ENG-062;210;2026-01-09 18:00:00;641.6100;1593.3400;1414.2600;553.2400;2388.0500;9082.3800;47.4400;521.6600;2388.0300;8165.4900;8.4357;391.0000;0.6080;0;WO537481;1,991.98
03-Jul-2026;ENG-062;231;2026-01-10 15:00:00;642.5400;1596.4100;1410.2600;553.1000;2388.1400;9089.6200;47.6800;521.3500;2388.0400;8175.3100;8.4642;393.0000;0.4400;0;WO439887;887.89
2026-07-03;  ENG-017 ;152;2026-01-07 08:00:00;643.1700;1594.0400;1415.0800;553.8400;2388.0800;9085.5500;47.6900;521.5100;2388.0900;8163.1200;8.4334;393.0000;0.5040;0;WO724222;55.75
2026/07/03;ENG-031;160;2026-01-07 16:00:00;643.4300;1591.3500;1412.2500;553.6900;2388.0700;9077.5600;47.9000;521.3500;2388.0800;8155.5000;8.4688;395.0000;0.3520;0;WO505905;1239.37
2026-07-03;ENG-099;80;2026-01-04 08:00:00;641.9400;1581.7200;1398.2400;553.7300;2388.0200;9067.1900;47.1800;522.4600;2387.9700;8148.0900;8.4189;392.0000;1.0000;0;WO692194;200.87
2026-07-03;ENG-020;136;2026-01-06 16:00:00;642.5800;1592.1900;1411.4800;553.0000;2388.0600;9067.3100;47.4800;521.3500;2388.1100;8143.0400;8.4309;392.0000;;0;WO858328;2,103.28
2026-07-03;ENG-056;105;2026-01-05 09:00:00;643.5600;1597.2300;1416.8400;553.0700;2388.1400;9045.3600;47.6400;520.3100;2388.2200;8122.9300;8.4580;394.0000;;0;WO151657;1664.08
03-Jul-2026;ENG-091;210;2026-01-09 18:00:00;643.2700;1600.3800;1416.1600;552.3500;2388.2300;9046.6800;47.9000;520.7800;2388.2200;8128.1500;8.5075;394.0000;0.4960;0;WO256749;2,479.61
03-Jul-2026;ENG-055;85;2026-01-04 13:00:00;641.9000;1584.4800;1403.5200;554.0900;2388.1200;9051.9400;47.4800;521.9600;2388.0100;8138.0700;8.4237;393.0000;1.0000;0;WO407537;933.60
2026-07-03;  ENG-052 ;130;2026-01-06 10:00:00;642.6800;1583.0200;1396.9200;553.9800;2387.9900;9067.7300;47.1400;522.0000;2387.9300;8148.9000;8.3885;393.0000;0.7040;0;WO382283;767.43
03-Jul-2026;ENG-020;167;2026-01-07 23:00:00;643.1900;1597.3200;1417.4700;552.1500;2388.1900;9068.2900;47.6800;521.2800;2388.1100;8140.5100;8.4519;394.0000;0.2640;0;WO276554;2133.05
2026/07/03;eng-050;58;2026-01-03 10:00:00;642.2900;1585.0800;1405.7600;553.8200;2388.0600;9064.4200;47.4000;521.3600;2388.0900;8143.2800;8.4140;393.0000;0.7600;0;WO545401;211.73
03-Jul-2026;ENG-064;132;2026-01-06 12:00:00;642.5800;1595.6300;1413.8800;553.4000;2388.1400;9054.9900;47.6900;521.6800;2388.1000;8142.2300;8.4312;391.0000;0.5120;0;WO969695;1,669.87
03-Jul-2026;ENG-066;124;2026-01-06 04:00:00;643.1300;1590.6100;1416.3900;552.5600;2388.1000;9095.5100;47.6600;521.0500;2388.0900;8165.2900;8.4488;394.0000;0.2960;0;WO938370;2105.68
03-Jul-2026;eng-027;134;2026-01-06 14:00:00;642.5000;1585.7900;1407.1300;553.4400;2388.0900;9049.2100;47.4600;521.4900;2388.1200;8130.0600;8.4165;392.0000;;0;WO173175;1546.96
03-Jul-2026;ENG-049;296;2026-01-13 08:00:00;643.1600;1591.9900;1413.9700;552.3600;2388.1700;9043.7600;48.0100;520.0000;2388.2200;8133.8300;8.5293;394.0000;0.2240;1;WO698387;11869.58
2026/07/03;ENG-049;232;2026-01-10 16:00:00;642.7000;1580.3700;1410.5900;553.5300;2388.1000;9053.8300;47.5000;521.5800;2388.1000;8141.9300;8.4394;393.0000;0.7360;0;WO249622;2978.30
03-Jul-2026;ENG-056;93;2026-01-04 21:00:00;642.1300;1594.3500;1422.3300;552.6400;2388.1600;9039.8300;47.5000;521.2800;2388.1700;8126.4600;8.4499;395.0000;0.4640;0;WO599292;2862.05
2026/07/03;ENG-077;153;2026-01-07 09:00:00;642.7900;1590.3300;1411.8900;553.8200;2388.1700;9053.4700;47.7400;520.8200;2388.1500;8131.3100;8.4627;393.0000;;0;WO907862;2,318.23
03-Jul-2026;  ENG-004 ;73;2026-01-04 01:00:00;642.5500;1593.5800;1408.4900;552.8200;2388.1700;9055.6400;47.5700;521.3300;2388.0800;8132.9900;8.4569;393.0000;0.9200;0;WO141514;
2026/07/03;ENG-084;169;2026-01-08 01:00:00;642.7700;1590.9500;1415.8400;552.2900;2388.1700;9046.5400;47.6700;520.7500;2388.1300;8136.2500;8.4453;394.0000;0.4880;0;WO155809;1,533.83
03-Jul-2026;ENG-017;111;2026-01-05 15:00:00;642.5700;1587.2800;1402.3800;554.2800;2388.0200;9069.8800;47.3500;521.5900;2387.9800;8162.3900;8.4282;393.0000;0.8320;0;WO408056;889.87
03-Jul-2026;ENG-095;68;2026-01-03 20:00:00;641.9400;1585.6800;1405.4600;553.4800;2388.0600;9042.3100;47.5200;521.8900;2388.0600;8125.2400;8.4118;392.0000;;0;WO732540;88.16
2026/07/03;ENG-061;107;2026-01-05 11:00:00;642.5100;1592.5400;1409.3300;553.7600;2388.1100;9060.6200;47.5200;521.2900;2388.0600;8145.0000;8.4260;394.0000;0.5840;0;WO556633;1285.72
03-Jul-2026;ENG-053;154;2026-01-07 10:00:00;643.0000;1590.2200;1415.1000;553.5200;2388.0700;9092.7200;47.6200;521.4600;2388.0700;8171.6000;8.4509;394.0000;0.2880;0;WO252818;2,463.81
2026/07/03;ENG-055;89;2026-01-04 17:00:00;642.4300;1591.0900;1409.5800;554.3700;2388.0700;9056.1900;47.3900;521.9200;2388.0900;8138.6900;8.3782;392.0000;1.0000;0;WO197948;2,305.16
2026-07-03;ENG-071;52;2026-01-03 04:00:00;642.5400;1591.0400;1394.0500;554.4400;2388.0600;9069.4800;47.3900;521.8100;2388.0800;8148.2300;8.4023;394.0000;1.0000;0;WO341391;2463.47
03-Jul-2026;ENG-074;111;2026-01-05 15:00:00;642.8800;1587.3900;1407.7300;553.7900;2388.0100;9055.1600;47.4200;521.7400;2388.1000;8141.6500;8.4624;392.0000;1.0000;0;WO460835;228.52
2026-07-03;ENG-068;149;2026-01-07 05:00:00;642.5300;1597.0700;1406.6500;553.5500;2388.1400;9067.6600;47.4900;521.0500;2388.1300;8153.8400;8.5014;395.0000;0.3680;0;WO479659;1138.07
2026/07/03;ENG-053;124;2026-01-06 04:00:00;642.3600;1594.5400;1410.0100;553.9500;2388.1100;9070.6600;47.5800;521.6000;2388.0700;8145.9200;8.4122;392.0000;;0;WO245024;1945.23
2026-07-03;ENG-017;112;2026-01-05 16:00:00;642.1900;1598.8100;1400.9900;553.6200;2388.0300;9076.1300;47.3000;521.7200;2388.0600;8156.6600;8.4291;393.0000;0.8240;0;WO536362;750.77
2026/07/03;ENG-098;88;2026-01-04 16:00:00;643.2100;1588.9000;1409.9900;553.6700;2388.0800;9065.4600;47.5800;521.6300;2388.1200;8136.7600;8.4648;393.0000;0.7360;0;WO119801;1730.04
2026/07/03;ENG-082;122;2026-01-06 02:00:00;642.2300;1588.1900;1404.5400;553.3900;2388.1000;9054.6800;47.4700;520.6800;2388.1700;8138.6300;8.4341;393.0000;0.3920;0;WO857586;
2026-07-03;ENG-032;138;2026-01-06 18:00:00;642.3000;1584.2300;1404.0200;553.0800;2388.0200;9098.8000;47.3600;521.5600;2388.0600;8171.9400;8.4537;393.0000;0.4400;0;WO828332;1,435.30
2026/07/03;ENG-076;181;2026-01-08 13:00:00;642.8300;1600.6400;1413.8100;553.1400;2388.1000;9089.7400;47.5700;520.9100;2388.1200;8159.3900;8.4440;393.0000;0.2720;0;WO332236;2,388.78
2026-07-03;ENG-092;128;2026-01-06 08:00:00;643.2100;1590.5800;1419.8600;552.8300;2388.2000;9048.7700;48.0000;521.1800;2388.2000;8122.3100;8.4908;395.0000;0.3360;0;WO213809;1,619.74
2026-07-03;ENG-091;188;2026-01-08 20:00:00;642.9200;1597.1900;1412.0900;552.9900;2388.1500;9054.8100;47.9300;520.6300;2388.1700;8127.9900;8.4607;393.0000;0.6720;0;WO882397;2,291.74
2026/07/03;ENG-091;216;2026-01-10 00:00:00;643.0600;1598.3000;1419.2900;552.0600;2388.2500;9047.1700;48.0300;520.6000;2388.2100;8125.8600;8.4708;395.0000;0.4480;0;WO827753;385.36
2026-07-03;ENG-028;141;2026-01-06 21:00:00;643.1400;1593.9500;1407.4900;553.1500;2388.1100;9055.3300;47.5100;521.5200;2388.1000;8132.2400;8.4275;395.0000;0.9120;0;WO724011;1428.19
03-Jul-2026;eng-004;78;2026-01-04 06:00:00;643.1900;1583.0300;1404.6900;553.8800;2388.1100;9050.5900;47.6700;521.4300;2388.1100;8134.1400;8.4294;393.0000;0.8800;0;WO772129;434.70
2026/07/03;ENG-059;84;2026-01-04 12:00:00;642.1300;1586.6800;1394.9600;554.3600;2388.0300;9060.1400;47.2000;522.3500;2388.0500;8139.1000;8.3723;392.0000;0.9920;0;WO966318;2,234.66
2026-07-03;ENG-099;92;2026-01-04 20:00:00;642.3200;1581.5200;1397.3700;554.7800;2387.9700;9060.3300;47.3300;522.1400;2387.9800;8144.6500;8.3913;392.0000;0.9760;0;WO486188;1,069.74
2026/07/03;ENG-019;134;2026-01-06 14:00:00;642.2600;1591.9500;1400.1300;554.0000;2388.0700;9063.4100;47.5100;521.6000;2388.0800;8140.0900;8.4274;392.0000;0.7040;0;WO459603;1446.21
03-Jul-2026;  ENG-012 ;202;2026-01-09 10:00:00;642.7200;1585.3500;1406.8000;554.0700;2388.0600;9069.3200;47.0900;521.6300;2388.0800;8155.6900;8.4301;394.0000;1.0000;0;WO363129;397.24
2026-07-03;ENG-044;41;2026-01-02 17:00:00;642.4900;1585.3100;1406.2500;553.5000;2388.0800;9053.6400;47.4200;521.7300;2388.0200;8137.3700;8.4506;393.0000;0.9760;0;WO605279;2121.93
2026-07-03;ENG-037;102;2026-01-05 06:00:00;642.9100;1584.3400;1406.9600;553.8200;2388.1300;9048.7900;47.4700;520.9900;2388.1200;8127.9700;8.4265;393.0000;0.3200;0;WO745056;300.01
2026/07/03;ENG-041;102;2026-01-05 06:00:00;642.8800;1591.6100;1405.7300;552.6800;2388.1100;9044.2600;47.6100;521.0500;2388.1000;8125.7800;8.4413;391.0000;0.3120;0;WO343564;1,549.77
03-Jul-2026;  ENG-004 ;104;2026-01-05 08:00:00;642.8500;1588.9200;1406.1600;553.5300;2388.1500;9054.6000;47.6800;521.2400;2388.1400;8133.9400;8.4646;392.0000;0.6720;0;WO514480;172.56
2026/07/03;eng-016;112;2026-01-05 16:00:00;642.4700;1592.9800;1402.7100;554.1900;2388.0300;9062.9800;47.3000;521.9000;2388.0600;8136.9900;8.4159;393.0000;0.6800;0;WO730531;411.11
2026-07-03;ENG-031;133;2026-01-06 13:00:00;642.6000;1597.1200;1401.1000;553.9500;2388.0900;9068.1300;47.4400;521.6400;2388.1300;8149.1300;8.4254;394.0000;;0;WO729274;637.69
2026-07-03;ENG-036;85;2026-01-04 13:00:00;642.5800;1591.6500;1421.1200;552.3300;2388.1400;9059.3600;47.6600;521.0100;2388.1900;8132.0700;8.4879;394.0000;0.4800;0;WO531629;354.79
2026/07/03;ENG-100;147;2026-01-07 03:00:00;642.8100;1582.2000;1409.0500;554.2000;2388.0500;9080.2500;47.4300;521.7500;2388.0600;8160.1100;8.4471;392.0000;0.5680;0;WO942166;1,857.18
2026/07/03;  ENG-049 ;294;2026-01-13 06:00:00;642.9600;1598.2600;1419.0700;552.1000;2388.2400;9050.9900;48.0000;520.3900;2388.2800;8124.4800;8.4896;394.0000;0.2400;1;WO580248;9,200.37
2026-07-03;ENG-041;103;2026-01-05 07:00:00;642.5400;1589.0600;1399.9300;553.9200;2388.1500;9041.2600;47.3100;521.1000;2388.1400;8126.7000;8.4493;393.0000;0.3040;0;WO717082;
2026-07-03;ENG-032;100;2026-01-05 04:00:00;642.3000;1592.4200;1391.8400;554.5200;2388.0100;9079.3700;47.3300;522.5100;2388.0200;8158.9000;8.4016;392.0000;;0;WO465728;693.95
2026/07/03;  ENG-045 ;127;2026-01-06 07:00:00;642.5300;1592.1700;1408.3500;553.7600;2388.1200;9057.9600;47.3600;521.6700;2388.1400;8142.3800;8.4727;393.0000;1.0000;0;WO403031;2932.66
2026-07-03;  ENG-057 ;143;2026-01-06 23:00:00;642.4800;1592.7200;1411.5500;552.5200;2388.1100;9053.8800;47.5900;521.1400;2388.1300;8132.2400;8.4585;394.0000;0.9600;0;WO868003;
03-Jul-2026;ENG-078;61;2026-01-03 13:00:00;642.2500;1581.3700;1396.9500;554.2900;2387.9900;9066.6400;47.1700;522.7100;2387.9400;8144.8400;8.3886;392.0000;0.9440;0;WO461215;1398.18
2026/07/03;ENG-032;117;2026-01-05 21:00:00;642.0700;1586.1600;1406.6600;553.8400;2387.9400;9081.1100;47.2600;522.8800;2388.0200;8161.8800;8.4382;393.0000;0.6080;0;WO230683;1757.66
03-Jul-2026;ENG-057;121;2026-01-06 01:00:00;643.0800;1587.0300;1403.4600;553.2600;2388.0800;9052.1500;47.3800;521.6900;2388.1000;8128.7000;8.4103;393.0000;1.0000;0;WO576296;404.20
2026-07-03;ENG-007;142;2026-01-06 22:00:00;642.8100;1590.4400;1408.2300;554.3800;2388.0200;9062.6800;47.4100;521.8200;2388.0000;8143.1100;8.4164;393.0000;0.8720;0;WO334551;1184.12
2026/07/03;ENG-012;153;2026-01-07 09:00:00;642.4900;1587.5900;1399.1900;554.5400;2388.0000;9061.1600;47.3300;522.1000;2388.0600;8140.3300;8.4438;392.0000;1.0000;0;WO823911;232.09
03-Jul-2026;ENG-031;142;2026-01-06 22:00:00;642.8100;1588.1000;1406.0000;553.2200;2388.1200;9068.1800;47.6500;520.8100;2388.0800;8150.4500;8.4202;395.0000;0.4960;0;WO245629;1895.03
03-Jul-2026;ENG-036;108;2026-01-05 12:00:00;643.2500;1598.7700;1422.2500;552.6700;2388.1500;9069.1300;47.8000;520.5900;2388.2100;8137.6100;8.5071;395.0000;0.2960;0;WO139660;2820.13
2026-07-03;ENG-045;112;2026-01-05 16:00:00;642.8500;1594.9000;1407.9900;553.1800;2388.1200;9063.2500;47.5700;521.1400;2388.0700;8146.7900;8.4445;393.0000;1.0000;0;WO968448;2,784.60
2026-07-03;ENG-068;183;2026-01-08 15:00:00;643.6400;1602.5900;1419.7800;552.0000;2388.1600;9081.9700;48.0700;520.3400;2388.2300;8155.8600;8.4721;395.0000;0.0960;1;WO567959;5,038.25
2026-07-03;  ENG-100 ;175;2026-01-08 07:00:00;642.2500;1595.0800;1398.4600;553.0700;2388.0300;9104.5300;47.4400;521.6000;2387.9900;8182.5000;8.4691;393.0000;0.3440;0;WO391473;2,825.77
2026-07-03;ENG-014;40;2026-01-02 16:00:00;642.4000;1590.5700;1414.9800;553.1100;2388.1600;9025.0000;47.6000;521.4300;2388.2000;8111.1600;8.4364;393.0000;0.9040;0;WO554190;507.90
2026-07-03;ENG-068;128;2026-01-06 08:00:00;642.5700;1581.8800;1407.9500;553.0700;2388.1300;9065.8300;47.5600;521.4400;2388.1100;8142.2400;8.4365;392.0000;0.5360;0;WO608982;1289.74
03-Jul-2026;ENG-031;166;2026-01-07 22:00:00;642.6700;1583.4500;1420.2800;552.7200;2388.1700;9073.0400;47.6200;521.0100;2388.0600;8150.0500;8.4764;395.0000;0.3040;0;WO578663;2691.72
03-Jul-2026;ENG-055;99;2026-01-05 03:00:00;642.7400;1592.8700;1396.6900;554.0600;2388.0200;9052.4300;47.3500;521.9400;2388.0600;8137.3100;8.3986;394.0000;1.0000;0;WO623672;113.87
2026-07-03;ENG-049;264;2026-01-12 00:00:00;642.5200;1593.1000;1409.1400;553.0900;2388.1400;9059.0300;47.5700;521.2000;2388.0900;8137.2600;8.4068;394.0000;0.4800;0;WO175058;2,575.97
03-Jul-2026;ENG-095;74;2026-01-04 02:00:00;642.0000;1588.3100;1404.8700;554.2200;2388.0700;9051.0300;47.3300;522.6400;2388.0700;8133.4000;8.4205;392.0000;1.0000;0;WO653744;1768.82
03-Jul-2026;ENG-041;115;2026-01-05 19:00:00;642.6800;1596.4600;1417.7000;552.9200;2388.2000;9039.6700;47.6000;520.9400;2388.1700;8116.5800;8.4680;392.0000;0.2080;1;WO376094;9535.62
03-Jul-2026;ENG-012;163;2026-01-07 19:00:00;642.3300;1581.1100;1393.4500;554.2100;2388.0000;9069.0200;47.2900;521.9200;2388.0100;8145.2500;8.4380;393.0000;1.0000;0;WO793490;1191.76
2026/07/03;ENG-010;158;2026-01-07 14:00:00;642.5900;1585.2700;1401.7700;553.0600;2388.0500;9065.6000;47.3500;522.0200;2388.0900;8144.2100;8.4178;392.0000;1.0000;0;WO881072;1364.98
2026/07/03;ENG-076;189;2026-01-08 21:00:00;643.1100;1595.6000;1417.4500;552.9100;2388.1700;9095.7800;47.7300;521.0900;2388.1700;8167.2900;8.5038;393.0000;0.2080;1;WO251427;13151.47
2026/07/03;ENG-098;100;2026-01-05 04:00:00;642.9500;1595.8500;1405.2700;553.2400;2388.0800;9057.9900;47.6300;521.5100;2388.1100;8134.0200;8.4652;392.0000;0.6400;0;WO993381;308.73
2026-07-03;ENG-036;85;2026-01-04 13:00:00;642.5800;1591.6500;1421.1200;552.3300;2388.1400;9059.3600;47.6600;521.0100;2388.1900;8132.0700;8.4879;394.0000;0.4800;0;WO531629;354.79
03-Jul-2026;ENG-020;135;2026-01-06 15:00:00;643.0200;1596.0900;1404.8700;553.5700;2388.1300;9057.7100;47.6400;521.3800;2388.1100;8138.0400;8.4159;391.0000;0.5200;0;WO996121;523.33
03-Jul-2026;ENG-090;132;2026-01-06 12:00:00;642.9800;1592.2000;1417.8000;553.0500;2388.0700;9070.6000;47.6200;520.6100;2388.1300;8151.5200;8.4735;393.0000;0.3360;0;WO772521;2316.20
2026/07/03;ENG-049;234;2026-01-10 18:00:00;642.5300;1588.4400;1410.8700;553.3500;2388.1100;9059.7900;47.4800;521.4800;2388.1200;8139.4100;8.4401;394.0000;0.7200;0;WO723779;219.45
03-Jul-2026;ENG-025;37;2026-01-02 13:00:00;642.3900;1591.8100;1392.5300;553.9400;2388.0600;9046.5900;47.2600;521.4300;2388.1200;8127.6700;8.3778;392.0000;1.0000;0;WO837428;1916.81
03-Jul-2026;ENG-011;60;2026-01-03 12:00:00;643.0100;1592.2900;1412.8500;553.4900;2388.2000;9038.5400;47.6000;520.6300;2388.1800;8121.5800;8.4475;394.0000;0.9600;0;WO590907;350.75
03-Jul-2026;  ENG-008 ;113;2026-01-05 17:00:00;642.8700;1587.6200;1405.4600;552.9400;2388.1400;9046.8500;47.3900;521.7000;2388.1100;8133.2000;8.4324;392.0000;1.0000;0;WO960974;326.14
2026-07-03;ENG-068;133;2026-01-06 13:00:00;643.1900;1590.3400;1406.4300;553.0700;2388.0900;9063.2400;47.5400;521.5200;2388.0900;8142.8300;8.4343;393.0000;0.4960;0;WO431862;2172.56
03-Jul-2026;ENG-081;203;2026-01-09 11:00:00;643.3000;1599.3300;1421.5600;552.2200;2388.2400;9072.7700;47.9600;520.2700;2388.1800;8146.4800;8.5015;395.0000;0.1440;1;WO425501;14,612.74
2026/07/03;ENG-054;104;2026-01-05 08:00:00;642.5000;1586.9700;1398.6400;554.0200;2388.0100;9059.5200;47.1200;522.1800;2388.0500;8150.2300;8.3879;392.0000;0.9120;0;WO304645;202.57
2026/07/03;ENG-012;203;2026-01-09 11:00:00;642.3100;1585.0600;1404.5200;553.7600;2388.0700;9078.9100;47.3300;522.0900;2388.0500;8153.2900;8.4056;390.0000;1.0000;0;WO916293;
2026/07/03;ENG-027;129;2026-01-06 09:00:00;642.6700;1591.3000;1411.8500;553.4000;2388.0900;9048.6500;47.4200;521.4400;2388.0600;8136.1500;8.3858;394.0000;0.6160;0;WO806463;2,846.08
2026-07-03;ENG-012;207;2026-01-09 15:00:00;642.5900;1581.9900;1399.1900;553.7700;2388.0500;9066.3000;47.3600;521.5700;2388.0500;8155.4400;8.4144;393.0000;;0;WO313913;2521.53
2026/07/03;ENG-043;148;2026-01-07 04:00:00;642.8700;1591.9200;1408.3300;553.0900;2388.1100;9052.9200;47.6600;521.3700;2388.1500;8138.4600;8.4339;392.0000;0.6640;0;WO247023;1377.61
2026-07-03;  ENG-040 ;112;2026-01-05 16:00:00;643.3700;1591.2400;1408.4800;552.6800;2388.1000;9068.9300;47.6400;520.7600;2388.1400;8145.7700;8.4872;394.0000;0.3920;0;WO583726;2800.42
2026/07/03;  ENG-047 ;50;2026-01-03 02:00:00;642.9300;1584.8100;1415.1200;552.9500;2388.1900;9043.6800;47.2700;521.3500;2388.1900;8120.9600;8.4344;392.0000;;0;WO716142;
2026/07/03;  ENG-084 ;133;2026-01-06 13:00:00;642.6400;1587.9000;1406.3600;553.6000;2388.0800;9058.3700;47.7200;521.0600;2388.1200;8131.1300;8.4584;393.0000;0.7760;0;WO504305;1827.80
2026-07-03;ENG-035;178;2026-01-08 10:00:00;643.1400;1593.1600;1412.7400;552.3400;2388.2100;9071.3800;47.8700;521.0400;2388.1600;8148.9400;8.4616;396.0000;0.2480;0;WO534020;
2026-07-03;ENG-027;126;2026-01-06 06:00:00;642.3900;1591.2300;1400.8600;553.5900;2388.1100;9060.1000;47.2200;521.5700;2388.1000;8137.8100;8.4297;392.0000;0.6400;0;WO920958;560.53
2026-07-03;ENG-086;82;2026-01-04 10:00:00;642.3200;1593.0300;1403.3500;553.4600;2388.0600;9060.7800;47.3800;521.9400;2388.0900;8140.8900;8.4392;394.0000;0.9360;0;WO458136;2465.96
03-Jul-2026;ENG-082;132;2026-01-06 12:00:00;643.0600;1585.5000;1411.9600;552.4600;2388.0900;9060.7200;47.5300;521.4600;2388.1500;8132.6400;8.4584;393.0000;0.3120;0;WO279904;1257.47
2026-07-03;ENG-092;112;2026-01-05 16:00:00;643.4000;1599.1100;1424.3100;553.1100;2388.1800;9042.6000;47.5800;520.8600;2388.1600;8129.1000;8.4787;393.0000;0.4640;0;WO668564;1208.27
2026-07-03;  ENG-010 ;153;2026-01-07 09:00:00;642.3500;1583.0300;1398.8000;554.1000;2387.9900;9066.6300;47.4200;521.9800;2388.0700;8142.7200;8.3879;392.0000;1.0000;0;WO740197;136.10
03-Jul-2026;ENG-054;103;2026-01-05 07:00:00;642.3800;1592.8200;1399.8900;554.6500;2388.0300;9055.3500;47.1700;522.0800;2387.9900;8143.0700;8.4594;391.0000;0.9200;0;WO533735;2762.19
2026/07/03;eng-094;124;2026-01-06 04:00:00;642.7100;1592.3800;1413.5800;552.6400;2388.1400;9056.5500;47.5600;521.6500;2388.1200;8131.2700;8.4543;394.0000;0.5120;0;WO897613;1,955.20
2026-07-03;ENG-050;62;2026-01-03 14:00:00;642.9800;1591.1400;1406.5200;554.2700;2388.0600;9061.3700;47.3600;521.9500;2388.0400;8147.5200;8.4035;391.0000;0.7280;0;WO851480;2,050.17
03-Jul-2026;ENG-045;120;2026-01-06 00:00:00;642.8100;1591.2800;1407.5800;553.0300;2388.1300;9061.4200;47.4100;521.3200;2388.0900;8144.4100;8.4269;394.0000;1.0000;0;WO317721;
2026-07-03;ENG-082;119;2026-01-05 23:00:00;642.8500;1591.2200;1412.5900;553.5100;2388.0600;9060.0200;47.4700;521.1700;2388.0700;8137.0500;8.4341;394.0000;0.4160;0;WO968765;2632.09
2026/07/03;eng-099;79;2026-01-04 07:00:00;642.2600;1590.9400;1400.4900;554.3500;2388.0000;9066.1500;47.1800;522.8100;2387.9800;8150.9300;8.4071;391.0000;1.0000;0;WO320254;405.96
2026/07/03;ENG-073;106;2026-01-05 10:00:00;641.7900;1575.7100;1394.0100;553.8700;2388.0600;9058.6300;47.4000;521.6000;2388.0100;8136.7800;8.4157;392.0000;1.0000;0;WO580412;
2026/07/03;eng-074;113;2026-01-05 17:00:00;642.7900;1585.5800;1407.1200;553.3200;2388.0800;9061.4100;47.4400;521.1200;2388.1100;8138.7100;8.4403;393.0000;;0;WO870171;
2026-07-03;ENG-089;150;2026-01-07 06:00:00;642.8900;1582.7600;1409.3200;553.8800;2388.1200;9045.0800;47.7200;521.0700;2388.1300;8135.6900;8.4401;391.0000;1.0000;0;WO723131;1821.93
2026-07-03;ENG-029;137;2026-01-06 17:00:00;641.9400;1588.7100;1405.8200;553.4400;2388.0200;9059.5500;47.3600;521.9500;2387.9900;8149.7500;8.4551;393.0000;0.9920;0;WO648332;2,177.30
2026/07/03;ENG-089;143;2026-01-06 23:00:00;641.9900;1582.8300;1415.2600;553.3600;2388.1100;9045.9000;47.6700;521.6900;2388.1000;8132.3100;8.4439;393.0000;1.0000;0;WO367702;1124.36
2026/07/03;ENG-058;158;2026-01-07 14:00:00;642.5500;1587.6100;1415.3100;553.2500;2388.1200;9047.3900;47.5800;520.9600;2388.0900;8133.6600;8.4632;393.0000;0.4400;0;WO352591;
2026-07-03;ENG-054;87;2026-01-04 15:00:00;642.5400;1583.7800;1394.4000;554.8800;2388.0000;9059.8000;47.0900;522.2100;2388.0300;8138.7100;8.3935;392.0000;1.0000;0;WO726634;1,159.13
2026/07/03;ENG-068;132;2026-01-06 12:00:00;642.9300;1596.4900;1409.5000;553.5400;2388.0900;9064.7300;47.4000;521.1200;2388.1100;8143.7500;8.4238;393.0000;0.5040;0;WO539338;2107.74
03-Jul-2026;ENG-035;159;2026-01-07 15:00:00;643.0200;1593.2900;1416.1700;552.3200;2388.1500;9073.4200;47.7900;521.0900;2388.2000;8139.4200;8.4591;394.0000;0.4000;0;WO859271;742.06
2026-07-03;ENG-038;87;2026-01-04 15:00:00;642.4300;1595.3300;1409.3000;553.6100;2388.1500;9057.4900;47.8600;520.9500;2388.1500;8142.6600;8.4944;395.0000;0.7040;0;WO800321;2526.03
2026-07-03;ENG-024;146;2026-01-07 02:00:00;642.4700;1586.7400;1410.8400;553.4100;2388.0500;9097.1200;47.4400;521.3100;2388.0100;8167.7500;8.4328;394.0000;0.4800;0;WO739537;1,945.75
2026-07-03;eng-026;72;2026-01-04 00:00:00;642.0700;1587.1200;1407.8700;554.2100;2388.0300;9060.3600;47.2200;522.0900;2388.0300;8149.1900;8.3672;392.0000;0.9840;0;WO898619;2909.88
2026/07/03;ENG-052;188;2026-01-08 20:00:00;642.5800;1591.0500;1408.0600;553.6200;2388.0800;9111.8700;47.7100;521.6500;2388.0400;8187.1500;8.4412;395.0000;0.2400;1;WO957968;6,724.87
2026-07-03;ENG-074;102;2026-01-05 06:00:00;642.2700;1594.1200;1404.1400;553.6800;2388.0900;9060.1900;47.3700;521.3800;2388.1400;8141.6100;8.3932;394.0000;1.0000;0;WO177058;1609.28
2026/07/03;ENG-052;128;2026-01-06 08:00:00;641.8100;1582.6000;1400.0300;555.0300;2388.0700;9069.7700;47.0400;522.3400;2388.0500;8150.5700;8.3942;392.0000;0.7200;0;WO873885;2583.00
03-Jul-2026;ENG-098;112;2026-01-05 16:00:00;642.4900;1595.2000;1417.3100;553.6200;2388.1600;9062.1000;47.6000;520.9800;2388.0700;8138.6700;8.4660;392.0000;0.5440;0;WO534976;81.90
2026/07/03;ENG-026;59;2026-01-03 11:00:00;641.9700;1583.9300;1404.3400;554.8200;2388.0100;9064.3600;47.4400;522.4600;2388.0400;8144.5200;8.4678;393.0000;1.0000;0;WO217861;1537.32
2026-07-03;ENG-076;186;2026-01-08 18:00:00;643.1700;1597.6200;1418.6000;552.2000;2388.1100;9092.5700;47.8200;520.8000;2388.1500;8164.9200;8.4529;395.0000;0.2320;1;WO111489;
2026-07-03;ENG-012;211;2026-01-09 19:00:00;642.6700;1596.3600;1404.6100;553.8300;2387.9600;9065.3800;47.3400;522.0400;2388.0000;8151.0200;8.4158;394.0000;1.0000;0;WO953536;2,260.02
2026-07-03;eng-093;224;2026-01-10 08:00:00;643.1700;1595.6200;1415.7600;553.0100;2388.1300;9071.5200;47.9300;521.2500;2388.1400;8149.9900;8.4517;396.0000;0.8400;0;WO101226;1325.93
2026/07/03;ENG-073;90;2026-01-04 18:00:00;642.5700;1578.4100;1401.0500;553.9000;2388.0800;9051.0400;47.2700;521.8600;2388.0400;8135.8200;8.4128;393.0000;1.0000;0;WO136574;125.74
2026/07/03;  ENG-097 ;106;2026-01-05 10:00:00;642.6000;1587.3200;1404.8000;554.2300;2388.0400;9068.0900;47.2600;521.9000;2388.0200;8149.6400;8.4191;393.0000;0.8800;0;WO112275;2537.40
03-Jul-2026;  ENG-082 ;114;2026-01-05 18:00:00;642.6600;1593.1900;1410.1400;553.1400;2388.1000;9060.9900;47.5700;521.4400;2388.0700;8147.8900;8.4522;394.0000;0.4560;0;WO536188;2,426.69
2026/07/03;  ENG-042 ;119;2026-01-05 23:00:00;642.7500;1588.9000;1408.7200;553.2200;2388.1500;9042.5700;47.3900;521.2700;2388.0800;8129.9100;8.4212;394.0000;0.3760;0;WO929788;1631.52
2026/07/03;ENG-095;76;2026-01-04 04:00:00;641.8000;1582.8900;1399.6900;553.8100;2388.0900;9056.6800;47.3100;522.0100;2388.0100;8131.2400;8.4392;392.0000;1.0000;0;WO585132;149.06
2026/07/03;eng-048;53;2026-01-03 05:00:00;642.6600;1584.5400;1408.8500;553.0000;2388.0600;9050.2800;47.3300;521.5100;2388.0400;8139.5500;8.4352;394.0000;0.9360;0;WO420408;2,775.57
2026/07/03;ENG-091;183;2026-01-08 15:00:00;643.1100;1602.2700;1417.9900;552.8400;2388.1300;9043.4300;47.6600;520.6100;2388.1500;8124.1800;8.4975;393.0000;0.7120;0;WO307036;960.13
2026/07/03;ENG-056;136;2026-01-06 16:00:00;643.3200;1598.6000;1416.8500;551.4500;2388.2300;9035.5500;48.0200;520.0000;2388.2300;8116.7000;8.5235;395.0000;0.1200;1;WO861739;1,128.37
03-Jul-2026;ENG-049;298;2026-01-13 10:00:00;642.9500;1602.9500;1422.8400;552.2300;2388.1900;9057.8200;47.9600;520.1100;2388.2100;8130.8600;8.5359;395.0000;0.2080;1;WO307879;24777.86
2026/07/03;ENG-021;131;2026-01-06 11:00:00;642.8200;1592.3100;1395.9800;552.9600;2388.0300;9068.2400;47.2800;521.8900;2388.0400;8151.9600;8.4373;391.0000;0.5920;0;WO842926;1,846.67
03-Jul-2026;ENG-067;63;2026-01-03 15:00:00;642.2700;1583.9200;1402.0900;554.0200;2388.0800;9056.3600;47.3400;521.3100;2388.0900;8147.2800;8.4211;391.0000;0.6800;0;WO465833;56.37
2026/07/03;ENG-052;141;2026-01-06 21:00:00;642.4800;1592.1800;1407.4300;553.9900;2388.0500;9065.3200;47.5200;522.2400;2388.0300;8155.8900;8.4169;391.0000;0.6160;0;WO968837;2304.18
2026-07-03;ENG-023;90;2026-01-04 18:00:00;642.1200;1583.0200;1397.3700;554.5600;2388.0100;9044.6900;47.0800;521.4400;2388.0200;8139.1900;8.3609;393.0000;1.0000;0;WO996535;2175.88
03-Jul-2026;  ENG-025 ;39;2026-01-02 15:00:00;642.6500;1585.1400;1407.4100;553.4300;2388.0800;9049.6900;47.3700;521.9300;2388.0700;8129.7000;8.4263;393.0000;1.0000;0;WO537172;1,348.35
2026-07-03;ENG-049;220;2026-01-10 04:00:00;642.4000;1588.5400;1407.4400;553.5500;2388.0200;9057.5700;47.5900;522.2400;2388.0700;8140.1200;8.3846;393.0000;0.8320;0;WO967706;953.38
2026/07/03;eng-017;126;2026-01-06 06:00:00;642.4500;1591.0900;1405.1000;553.7300;2388.0100;9079.7500;47.5200;521.7200;2388.0700;8157.9100;8.4337;393.0000;0.7120;0;WO175605;1492.02
2026/07/03;ENG-047;55;2026-01-03 07:00:00;642.4600;1584.6900;1408.8200;552.5500;2388.1100;9043.8400;47.5900;521.2400;2388.1200;8125.8600;8.4194;395.0000;1.0000;0;WO723498;2,043.91
2026-07-03;ENG-046;124;2026-01-06 04:00:00;642.7800;1586.5700;1411.7300;553.5000;2388.0400;9073.7000;47.6500;522.0200;2388.0300;8150.5400;8.4309;394.0000;;0;WO381911;1796.52
03-Jul-2026;ENG-010;175;2026-01-08 07:00:00;642.8800;1589.1400;1406.5400;554.2000;2388.0800;9061.3500;47.4100;521.2300;2388.0700;8144.6300;8.4127;394.0000;0.9040;0;WO825144;2200.71
03-Jul-2026;ENG-005;82;2026-01-04 10:00:00;642.7500;1586.8100;1407.2800;553.5800;2388.1300;9058.6000;47.5800;521.3700;2388.1100;8129.8000;8.4500;392.0000;0.8560;0;WO646015;818.81
2026/07/03;  ENG-034 ;145;2026-01-07 01:00:00;641.6900;1594.3400;1405.9800;553.8400;2388.1100;9060.4500;47.4700;520.9400;2388.0200;8142.7900;8.4410;393.0000;0.5200;0;WO115511;1,357.63
03-Jul-2026;ENG-040;126;2026-01-06 06:00:00;643.5400;1592.0900;1417.8700;553.3500;2388.1400;9063.4800;47.9600;520.7900;2388.1900;8139.9700;8.4821;396.0000;0.2800;0;WO258434;2604.04
03-Jul-2026;  ENG-058 ;121;2026-01-06 01:00:00;642.4900;1588.0100;1403.3600;553.3300;2388.0400;9054.0200;47.4000;521.5200;2388.0500;8130.1100;8.4186;392.0000;0.7360;0;WO935894;1,510.86
2026-07-03;ENG-007;156;2026-01-07 12:00:00;641.9300;1590.7800;1400.1600;553.6000;2388.0100;9056.4700;47.2100;521.6600;2388.1000;8144.1600;8.4139;393.0000;0.7600;0;WO729625;1,416.64
03-Jul-2026;ENG-089;162;2026-01-07 18:00:00;642.3000;1587.7400;1404.3600;553.6900;2388.0700;9051.1900;47.5800;521.3800;2388.1000;8132.1200;8.3961;393.0000;1.0000;0;WO772500;2,022.99
03-Jul-2026;  ENG-045 ;135;2026-01-06 15:00:00;642.5900;1593.0600;1413.6400;552.3800;2388.0900;9061.7900;47.5500;521.0900;2388.1000;8139.0800;8.4520;395.0000;1.0000;0;WO932229;1780.47
03-Jul-2026;ENG-055;103;2026-01-05 07:00:00;642.5000;1582.1900;1407.5800;553.8900;2388.0400;9067.1100;47.5300;521.6100;2388.0300;8138.2400;8.4196;392.0000;1.0000;0;WO385655;1923.02
2026-07-03;ENG-060;136;2026-01-06 16:00:00;643.2000;1599.1100;1409.3200;553.6000;2388.0900;9057.3200;47.5700;521.7800;2388.1500;8133.4100;8.4584;394.0000;0.8880;0;WO270350;489.44
2026-07-03;eng-018;118;2026-01-05 22:00:00;642.7000;1585.3800;1408.4800;552.7500;2388.1300;9058.3000;47.5800;521.4900;2388.1300;8141.8100;8.4341;394.0000;0.3440;0;WO948131;1616.27
03-Jul-2026;  ENG-070 ;105;2026-01-05 09:00:00;642.9800;1582.6600;1404.7400;553.7700;2388.0700;9039.2200;47.5300;521.9000;2388.1200;8127.0800;8.4462;393.0000;1.0000;0;WO526186;2018.75
2026/07/03;ENG-076;199;2026-01-09 07:00:00;643.8400;1594.8100;1427.3900;552.1100;2388.1200;9100.3900;47.8500;520.3900;2388.1400;8176.8200;8.4771;396.0000;0.1280;1;WO133234;18308.27
03-Jul-2026;ENG-035;148;2026-01-07 04:00:00;642.9800;1597.6000;1412.7300;551.9400;2388.0800;9065.1100;47.7200;520.4100;2388.1500;8137.4300;8.4894;395.0000;0.4880;0;WO802028;2833.44
2026-07-03;ENG-064;117;2026-01-05 21:00:00;642.8200;1581.3500;1400.6100;553.3000;2388.1600;9053.7200;47.4200;521.5900;2388.1200;8133.6200;8.4501;392.0000;0.6320;0;WO352076;
03-Jul-2026;ENG-075;73;2026-01-04 01:00:00;642.6300;1587.4400;1407.3800;554.1200;2388.1200;9063.0300;47.3300;521.9400;2388.0700;8136.7600;8.4195;393.0000;1.0000;0;WO516765;1675.86
2026-07-03;ENG-091;165;2026-01-07 21:00:00;643.2800;1592.6600;1416.6600;552.4400;2388.0900;9048.7900;47.6800;521.0500;2388.1600;8125.5000;8.4893;394.0000;0.8560;0;WO954328;1096.84
2026/07/03;ENG-079;95;2026-01-04 23:00:00;642.1100;1588.3500;1402.8900;553.2800;2388.0900;9047.9300;47.3900;521.3800;2388.1100;8124.0100;8.4415;392.0000;0.5520;0;WO823900;1093.64
2026/07/03;ENG-022;29;2026-01-02 05:00:00;642.3000;1596.9900;1406.0500;553.0000;2388.1000;9047.4800;47.4400;522.0400;2388.0800;8127.6200;8.4431;394.0000;0.9680;0;WO209686;2,790.36
2026/07/03;  ENG-020 ;179;2026-01-08 11:00:00;643.4900;1601.5500;1420.0700;551.7200;2388.1600;9064.2900;48.0400;520.6000;2388.2300;8143.1600;8.5017;394.0000;0.1680;1;WO503531;12572.19
2026/07/03;ENG-003;112;2026-01-05 16:00:00;643.3500;1592.6100;1416.7500;552.7700;2388.1200;9057.8000;47.6600;520.6500;2388.1400;8122.2600;8.4778;393.0000;0.6640;0;WO639189;1,512.44
03-Jul-2026;ENG-091;215;2026-01-09 23:00:00;642.6700;1597.2000;1408.5200;552.4600;2388.2000;9054.8800;48.0100;520.8700;2388.2500;8130.9600;8.4542;395.0000;0.4560;0;WO707461;1044.57
03-Jul-2026;ENG-005;77;2026-01-04 05:00:00;642.5500;1586.2700;1405.6800;554.1000;2388.1800;9045.8900;47.6800;521.6900;2388.1300;8130.6600;8.4740;392.0000;0.8960;0;WO554462;2959.95
2026/07/03;ENG-048;56;2026-01-03 08:00:00;642.5000;1588.6800;1410.9500;553.7800;2388.0700;9057.9000;47.3500;521.3800;2388.0600;8134.1400;8.4301;392.0000;0.9120;0;WO199357;1696.75
2026-07-03;ENG-058;172;2026-01-08 04:00:00;643.0300;1592.3100;1421.2700;552.8900;2388.1200;9055.4400;47.8300;520.9300;2388.1500;8138.4100;8.4626;393.0000;0.3280;0;WO844567;371.51
2026/07/03;ENG-024;173;2026-01-08 05:00:00;642.7800;1592.4100;1417.4800;553.2600;2388.0900;9126.7700;47.6800;521.5400;2388.0900;8200.3500;8.4667;393.0000;0.2640;0;WO568242;
03-Jul-2026;ENG-040;113;2026-01-05 17:00:00;643.0700;1591.7100;1408.6600;552.9500;2388.1900;9054.8600;47.5300;520.7500;2388.1800;8136.4500;8.4872;394.0000;0.3840;0;WO873651;1418.97
2026/07/03;ENG-009;43;2026-01-02 19:00:00;642.6100;1592.6700;1414.4200;553.8000;2388.0900;9055.8300;47.5900;521.2400;2388.1400;8135.0000;8.4521;393.0000;0.9840;0;WO800469;555.58
2026-07-03;ENG-077;109;2026-01-05 13:00:00;642.7300;1583.8300;1409.3400;553.7200;2388.1000;9047.4500;47.4400;521.5700;2388.0900;8129.4500;8.4375;392.0000;0.6960;0;WO899361;1096.65
2026/07/03;ENG-031;192;2026-01-09 00:00:00;643.8600;1597.6300;1433.3600;551.6500;2388.2300;9087.6800;48.1400;520.2600;2388.1800;8161.0000;8.5274;394.0000;0.0960;1;WO626404;7447.14
2026-07-03;ENG-012;169;2026-01-08 01:00:00;642.2100;1587.7400;1402.0900;554.8800;2388.0100;9065.0300;47.3400;522.1000;2388.0600;8147.6500;8.4063;393.0000;1.0000;0;WO804031;927.32
2026-07-03;ENG-048;60;2026-01-03 12:00:00;642.4100;1586.3100;1405.1000;553.2800;2388.0100;9060.0000;47.5800;521.6400;2388.0500;8134.8700;8.3773;391.0000;0.8800;0;WO911326;2287.08
2026-07-03;ENG-034;177;2026-01-08 09:00:00;642.6200;1587.0400;1417.8700;552.1700;2388.1400;9056.5700;47.8900;520.6400;2388.1700;8129.8000;8.4391;394.0000;0.2640;0;WO685975;1,920.58
2026/07/03;ENG-088;55;2026-01-03 07:00:00;642.6500;1588.1000;1409.1300;553.9300;2388.1500;9044.3800;47.6200;521.0700;2388.1600;8123.4600;8.4335;394.0000;1.0000;0;WO139237;375.10
2026/07/03;  ENG-056 ;106;2026-01-05 10:00:00;642.6100;1598.0200;1416.4000;551.9900;2388.1900;9048.3500;47.7000;520.8200;2388.2100;8123.6500;8.4487;395.0000;0.3600;0;WO234784;733.09
2026/07/03;ENG-094;106;2026-01-05 10:00:00;642.6900;1594.2400;1409.8500;553.2700;2388.0900;9054.6200;47.6600;521.0800;2388.1300;8138.9500;8.4544;394.0000;0.6560;0;WO656845;2,411.05
2026/07/03;eng-009;49;2026-01-03 01:00:00;642.8100;1590.6100;1412.3300;553.4900;2388.1500;9051.8200;47.3100;522.0100;2388.0800;8130.5100;8.4409;393.0000;0.9360;0;WO310524;
2026-07-03;ENG-092;141;2026-01-06 21:00:00;643.4100;1595.3800;1419.3500;552.3900;2388.2000;9049.3800;47.7900;520.5000;2388.1700;8127.3400;8.4902;396.0000;0.2320;1;WO876901;12,290.08
2026-07-03;ENG-092;148;2026-01-07 04:00:00;643.1100;1594.2600;1421.4500;552.2500;2388.2400;9049.6900;48.1600;520.1400;2388.2200;8123.9300;8.4685;396.0000;0.1760;1;WO375167;20090.59
03-Jul-2026;ENG-029;139;2026-01-06 19:00:00;642.1600;1585.3600;1398.9100;554.0000;2388.0500;9072.7000;47.4200;521.4800;2388.0600;8148.3400;8.4187;393.0000;0.9760;0;WO766411;1,959.31
2026-07-03;  ENG-092 ;144;2026-01-07 00:00:00;643.2200;1595.4300;1413.4500;552.0300;2388.1800;9044.9600;47.7900;520.2200;2388.1700;8128.9100;8.4887;397.0000;0.2080;1;WO583601;5373.98
03-Jul-2026;ENG-020;168;2026-01-08 00:00:00;643.3600;1599.1900;1415.2000;551.7100;2388.1800;9070.8700;47.8200;520.4000;2388.1800;8143.2200;8.4651;394.0000;0.2560;0;WO548254;2,895.44
2026-07-03;eng-089;121;2026-01-06 01:00:00;642.7400;1593.3100;1412.7900;553.4800;2388.1100;9047.5200;47.3600;521.8000;2388.1100;8126.4400;8.4271;392.0000;1.0000;0;WO538446;1,068.22
2026/07/03;ENG-037;103;2026-01-05 07:00:00;642.6600;1584.7800;1411.8500;553.3500;2388.0800;9044.2100;47.3600;521.2800;2388.1000;8130.3200;8.4430;393.0000;0.3120;0;WO526286;1958.02
03-Jul-2026;ENG-054;86;2026-01-04 14:00:00;642.0200;1590.3600;1393.1700;554.5700;2388.0400;9057.3300;47.1300;521.9000;2388.0200;8140.3000;8.4067;392.0000;1.0000;0;WO264544;1021.34
03-Jul-2026;ENG-098;105;2026-01-05 09:00:00;642.0100;1587.9400;1410.5300;553.4700;2388.0500;9065.6600;47.4000;521.5300;2388.0400;8140.0100;8.4430;392.0000;0.6000;0;WO936925;1689.98
2026-07-03;ENG-062;164;2026-01-07 20:00:00;642.3000;1582.1400;1402.4500;555.0300;2388.0300;9058.6300;47.2700;521.9900;2388.0000;8145.3400;8.3611;392.0000;0.9760;0;WO613744;187.75
2026/07/03;ENG-089;168;2026-01-08 00:00:00;642.6900;1584.6800;1408.0900;553.6700;2388.1200;9051.8500;47.5400;521.5900;2388.1000;8126.5600;8.4344;392.0000;1.0000;0;WO393189;2,685.69
2026/07/03;ENG-090;115;2026-01-05 19:00:00;642.5500;1586.2900;1415.3800;553.1000;2388.0800;9058.9000;47.4500;521.0300;2388.1000;8143.5600;8.4382;395.0000;0.4720;0;WO428490;2,179.85
2026/07/03;ENG-052;176;2026-01-08 08:00:00;642.7200;1590.7000;1405.8400;553.5300;2388.0500;9096.1400;47.5200;521.9000;2388.0100;8170.6900;8.4169;393.0000;0.3360;0;WO674615;859.68
2026/07/03;ENG-015;69;2026-01-03 21:00:00;641.8600;1588.5000;1403.2700;553.6400;2388.0800;9054.1600;47.3900;522.1900;2388.0500;8132.9300;8.4284;391.0000;0.7200;0;WO131577;1931.67
03-Jul-2026;ENG-010;178;2026-01-08 10:00:00;642.0400;1581.9000;1396.7200;553.1600;2388.0300;9050.5500;47.0700;522.0200;2388.0600;8137.2000;8.4210;393.0000;0.8800;0;WO932121;2,284.39
03-Jul-2026;ENG-034;152;2026-01-07 08:00:00;642.5200;1586.3600;1403.4400;553.1500;2388.0800;9051.8400;47.6200;521.2500;2388.0700;8142.9400;8.4560;392.0000;0.4640;0;WO494582;1,886.63
2026/07/03;  ENG-070 ;117;2026-01-05 21:00:00;642.7600;1586.0500;1401.9000;552.9100;2388.0800;9054.1200;47.5100;521.7600;2388.0900;8132.7000;8.4466;394.0000;1.0000;0;WO214954;443.21
03-Jul-2026;ENG-036;115;2026-01-05 19:00:00;642.6200;1591.7200;1424.1200;552.4300;2388.2000;9061.2400;47.8600;520.0200;2388.1900;8137.3100;8.4992;395.0000;0.2400;1;WO785769;22,811.54
2026-07-03;  ENG-042 ;133;2026-01-06 13:00:00;642.9000;1587.7700;1408.4300;552.7000;2388.1700;9032.1900;47.6300;521.2000;2388.1800;8122.3600;8.4224;393.0000;0.2640;0;WO409766;1,393.00
2026/07/03;  ENG-099 ;70;2026-01-03 22:00:00;642.1600;1585.5100;1397.4700;554.6700;2388.0200;9060.6900;47.2000;522.3200;2388.0100;8148.4400;8.4103;391.0000;1.0000;0;WO564580;2164.26
2026/07/03;  ENG-089 ;149;2026-01-07 05:00:00;642.3800;1592.4100;1403.4400;553.1600;2388.1400;9053.1600;47.5800;521.9200;2388.1200;8126.9100;8.4347;393.0000;1.0000;0;WO806717;2064.48
2026/07/03;ENG-053;129;2026-01-06 09:00:00;642.3700;1587.8900;1404.2000;553.3700;2388.0100;9075.2100;47.6200;521.7700;2388.0700;8159.8600;8.4228;393.0000;0.4880;0;WO633736;2,595.20
2026-07-03;ENG-029;164;2026-01-07 20:00:00;642.4000;1584.3500;1411.8500;553.6500;2388.0700;9067.9400;47.5400;521.4200;2388.0800;8145.0300;8.4428;393.0000;0.7760;0;WO752299;1586.69
2026-07-03;ENG-021;144;2026-01-07 00:00:00;642.4500;1594.4000;1407.1300;553.8200;2388.0500;9078.7000;47.3500;521.9100;2388.0100;8167.7300;8.4161;393.0000;0.4880;0;WO754448;2953.79
03-Jul-2026;ENG-097;105;2026-01-05 09:00:00;642.8300;1586.8700;1402.2900;554.2600;2388.0500;9069.1300;47.2300;521.7800;2388.0500;8148.0600;8.4184;392.0000;0.8880;0;WO703277;2,727.88
2026-07-03;  ENG-074 ;117;2026-01-05 21:00:00;641.9700;1585.2300;1409.7500;552.9800;2388.1000;9059.3200;47.5700;521.3700;2388.0800;8144.8700;8.4487;394.0000;1.0000;0;WO912930;2312.52
03-Jul-2026;ENG-008;155;2026-01-07 11:00:00;642.4800;1584.2800;1404.7300;553.1300;2388.1300;9049.9900;47.6000;520.9800;2388.1200;8124.1300;8.4801;393.0000;0.8480;0;WO322012;1863.11
2026-07-03;ENG-008;141;2026-01-06 21:00:00;642.3400;1594.5300;1412.1800;552.7700;2388.0700;9049.4700;47.4900;521.3400;2388.1700;8132.5200;8.4484;392.0000;0.9600;0;WO202100;2,283.30
2026-07-03;eng-080;97;2026-01-05 01:00:00;642.6300;1585.1800;1406.5900;553.4400;2388.1300;9063.9400;47.6000;521.1600;2388.0400;8147.2100;8.4253;394.0000;1.0000;0;WO296663;680.56
03-Jul-2026;ENG-068;156;2026-01-07 12:00:00;642.3400;1594.5800;1408.1600;552.2100;2388.1700;9073.1700;47.8000;520.7000;2388.1100;8146.6100;8.4647;395.0000;0.3120;0;WO336357;502.18
03-Jul-2026;ENG-062;196;2026-01-09 04:00:00;642.4900;1589.1000;1399.5400;553.9700;2388.0500;9075.0900;47.4000;521.9000;2388.0100;8153.7300;8.4442;394.0000;0.7200;0;WO330994;2,332.45
03-Jul-2026;ENG-021;132;2026-01-06 12:00:00;642.3500;1592.0700;1404.8000;553.2900;2388.0300;9069.4900;47.4600;522.3000;2388.0800;8156.5400;8.4258;393.0000;0.5840;0;WO779533;750.63
2026/07/03;ENG-091;206;2026-01-09 14:00:00;644.0300;1596.4900;1413.9200;552.6800;2388.1900;9050.4100;47.7000;520.3800;2388.1800;8123.7100;8.4765;395.0000;0.5280;0;WO379261;2,591.71
2026/07/03;eng-019;111;2026-01-05 15:00:00;642.8300;1581.1400;1405.7400;553.5900;2388.0600;9062.7900;47.3900;521.1700;2388.0400;8140.9400;8.4205;393.0000;0.8880;0;WO242539;1,943.26
03-Jul-2026;ENG-050;60;2026-01-03 12:00:00;642.7300;1578.6700;1401.4100;554.3500;2388.0700;9058.5800;47.4200;521.6000;2388.0300;8144.4500;8.4045;393.0000;0.7440;0;WO713441;1,630.64
2026-07-03;ENG-081;166;2026-01-07 22:00:00;642.7800;1590.5400;1414.4600;552.9300;2388.0800;9075.6500;47.6400;521.1400;2388.0900;8147.7600;8.4563;394.0000;0.4400;0;WO168090;1,215.59
03-Jul-2026;ENG-060;146;2026-01-07 02:00:00;642.5500;1586.5700;1410.2800;554.1200;2388.1300;9052.3000;47.5600;520.8200;2388.1100;8132.0500;8.4175;394.0000;0.8080;0;WO453667;414.06
2026/07/03;ENG-075;61;2026-01-03 13:00:00;642.4200;1586.0200;1395.4000;554.1200;2388.0000;9055.0400;47.5400;521.2900;2388.0700;8143.9500;8.4442;393.0000;1.0000;0;WO852939;2381.97
03-Jul-2026;ENG-043;141;2026-01-06 21:00:00;642.2400;1591.4200;1410.2200;553.5100;2388.0700;9057.9300;47.5800;521.1000;2388.0700;8131.6500;8.4668;394.0000;0.7200;0;WO810549;1018.40
03-Jul-2026;ENG-032;133;2026-01-06 13:00:00;642.4500;1585.7600;1405.5200;553.9400;2387.9900;9089.0300;47.4100;522.4600;2388.0800;8174.7600;8.4207;393.0000;0.4800;0;WO223117;340.67
2026/07/03;ENG-005;85;2026-01-04 13:00:00;642.3400;1588.8000;1413.9900;554.0400;2388.1200;9056.4800;47.5700;521.4300;2388.1400;8136.3100;8.4333;395.0000;0.8320;0;WO713541;1590.80
2026/07/03;eng-078;51;2026-01-03 03:00:00;641.9700;1581.1700;1390.5400;554.6500;2388.0400;9059.3600;47.2000;522.5500;2387.9800;8150.6000;8.3739;392.0000;1.0000;0;WO933116;1,850.03
2026/07/03;ENG-031;139;2026-01-06 19:00:00;642.9400;1581.3300;1408.1000;552.9100;2388.0500;9075.5800;47.5500;521.9100;2388.1000;8150.3800;8.4625;395.0000;0.5200;0;WO405279;842.44
2026/07/03;ENG-035;167;2026-01-07 23:00:00;643.3600;1599.7100;1416.2200;552.2600;2388.1800;9067.3700;47.8800;520.7300;2388.1800;8148.7900;8.4539;395.0000;0.3360;0;WO793291;2489.96
2026-07-03;ENG-030;143;2026-01-06 23:00:00;642.5400;1599.2200;1408.6200;553.0100;2388.1200;9057.7100;47.6100;521.3200;2388.1300;8135.4400;8.4829;393.0000;;0;WO519835;1001.23
03-Jul-2026;ENG-002;35;2026-01-02 11:00:00;642.8900;1597.3600;1402.0200;553.6400;2388.0900;9048.3500;47.4200;521.9900;2388.1400;8124.1000;8.4593;393.0000;0.8960;0;WO322860;2485.89
2026/07/03;ENG-040;120;2026-01-06 00:00:00;642.9800;1600.3000;1422.0700;552.7300;2388.1900;9062.5300;47.9000;520.8700;2388.1200;8139.3500;8.5032;394.0000;0.3280;0;WO669631;1129.11
03-Jul-2026;ENG-071;60;2026-01-03 12:00:00;642.4700;1598.9900;1407.9700;553.0700;2388.0200;9078.5800;47.3100;521.8500;2388.0600;8150.0800;8.4527;391.0000;1.0000;0;WO441799;675.93
03-Jul-2026;ENG-002;45;2026-01-02 21:00:00;642.4800;1590.5200;1406.2000;553.8500;2388.0900;9045.9900;47.5000;521.6500;2388.1000;8128.2200;8.4467;392.0000;0.8160;0;WO739162;2183.34
03-Jul-2026;eng-081;187;2026-01-08 19:00:00;643.0600;1590.9000;1419.9100;552.5000;2388.1000;9066.9000;47.8600;521.1000;2388.1100;8145.5300;8.4800;393.0000;0.2720;0;WO257367;832.41
03-Jul-2026;eng-083;53;2026-01-03 05:00:00;642.6400;1589.4400;1404.8600;554.1200;2388.0600;9056.4100;47.2900;521.3600;2388.0600;8144.4700;8.4215;394.0000;1.0000;0;WO177274;950.37
2026-07-03;ENG-082;124;2026-01-06 04:00:00;642.3200;1589.6800;1404.1500;552.8400;2388.0500;9054.5500;47.4800;521.1800;2388.0600;8136.6100;8.4407;394.0000;0.3760;0;WO733127;
03-Jul-2026;ENG-017;138;2026-01-06 18:00:00;642.1000;1590.0000;1412.4700;553.8600;2388.0800;9080.8500;47.3400;521.6000;2388.0300;8157.4200;8.4094;393.0000;0.6160;0;WO125722;1,726.42
2026-07-03;eng-064;141;2026-01-06 21:00:00;642.8800;1591.0500;1417.9400;553.4100;2388.1500;9056.7500;47.6200;521.1900;2388.0700;8138.6800;8.4515;395.0000;0.4400;0;WO106734;845.09
03-Jul-2026;  ENG-050 ;59;2026-01-03 11:00:00;642.5700;1592.4300;1405.4800;553.2400;2388.0300;9060.8100;47.5000;522.2200;2388.1000;8140.5500;8.4049;392.0000;0.7520;0;WO117588;2633.04
2026/07/03;ENG-079;97;2026-01-05 01:00:00;642.7800;1584.6800;1401.9500;554.2500;2388.0800;9045.5900;47.4600;521.4400;2388.1000;8127.7200;8.4196;393.0000;0.5360;0;WO896488;401.63
03-Jul-2026;ENG-095;61;2026-01-03 13:00:00;642.2900;1587.6500;1406.4000;553.2900;2388.0900;9053.6000;47.2100;522.1200;2388.0700;8132.5600;8.4459;392.0000;1.0000;0;WO575190;709.60
2026/07/03;eng-055;104;2026-01-05 08:00:00;642.1200;1585.5000;1403.3700;554.3300;2388.0500;9053.9000;47.3600;521.8800;2388.0600;8143.9300;8.4269;391.0000;1.0000;0;WO921276;2486.11
2026/07/03;ENG-010;190;2026-01-08 22:00:00;642.7600;1588.1500;1401.0400;553.8900;2388.0500;9060.6400;47.1600;521.5600;2388.0600;8144.0900;8.4768;393.0000;0.7840;0;WO186623;1391.07
2026/07/03;ENG-011;81;2026-01-04 09:00:00;642.7100;1588.2200;1421.3400;553.3700;2388.1500;9033.7900;47.3900;521.3500;2388.1900;8119.8100;8.4499;392.0000;0.7920;0;WO548690;1846.79
2026/07/03;ENG-046;146;2026-01-07 02:00:00;642.7900;1594.2800;1413.1700;552.7300;2388.1200;9080.6100;47.7400;520.9700;2388.1100;8153.8600;8.4628;393.0000;0.3760;0;WO343745;591.09
03-Jul-2026;  ENG-022 ;37;2026-01-02 13:00:00;642.5400;1590.9400;1411.5300;553.1100;2388.0600;9047.6900;47.6400;522.0200;2388.1100;8126.2300;8.4024;393.0000;0.9040;0;WO288600;2554.71
2026/07/03;ENG-067;68;2026-01-03 20:00:00;642.3800;1586.1600;1403.8400;554.5200;2388.0700;9060.7100;47.1800;521.4600;2388.0700;8130.3900;8.4667;392.0000;0.6400;0;WO186790;
03-Jul-2026;ENG-093;179;2026-01-08 11:00:00;642.7400;1597.0000;1411.2800;552.7600;2388.0900;9055.4400;47.7900;521.3400;2388.1900;8142.3400;8.4371;393.0000;1.0000;0;WO310901;459.30
03-Jul-2026;ENG-097;121;2026-01-06 01:00:00;642.1300;1588.8400;1405.3500;554.4300;2388.0600;9076.2500;47.3000;521.5800;2388.0600;8151.4400;8.4092;393.0000;0.7600;0;WO868394;1,047.95
03-Jul-2026;ENG-018;97;2026-01-05 01:00:00;642.7700;1581.6500;1401.7200;554.0000;2388.0200;9066.4500;47.3200;521.7100;2388.0300;8146.3000;8.4286;391.0000;0.5120;0;WO258699;812.64
2026/07/03;ENG-093;240;2026-01-11 00:00:00;643.9100;1591.8300;1417.4900;552.0000;2388.0700;9084.8800;47.7800;520.9300;2388.1700;8154.1100;8.4719;395.0000;0.7120;0;WO469653;1741.14
03-Jul-2026;ENG-094;119;2026-01-05 23:00:00;643.4100;1591.8300;1403.5200;553.0600;2388.1200;9056.0400;47.5400;521.2300;2388.1500;8134.6800;8.4260;394.0000;0.5520;0;WO170912;1590.92
03-Jul-2026;ENG-025;41;2026-01-02 17:00:00;643.1200;1583.3900;1404.1800;553.9000;2388.0300;9056.7800;47.2500;521.7000;2388.0900;8132.9500;8.4223;392.0000;1.0000;0;WO105557;343.61
2026-07-03;ENG-051;106;2026-01-05 10:00:00;642.5100;1591.2500;1405.8900;552.9600;2388.0800;9048.0000;47.5200;521.3000;2388.1100;8132.2600;8.4698;390.0000;1.0000;0;WO933163;325.78
03-Jul-2026;ENG-063;118;2026-01-05 22:00:00;642.4700;1582.7200;1410.3200;553.1100;2388.1100;9048.1200;47.6800;521.4500;2388.1100;8128.9900;8.4489;394.0000;0.8720;0;WO540651;2688.26
2026-07-03;  ENG-064 ;139;2026-01-06 19:00:00;642.2900;1593.6200;1410.3800;554.1400;2388.1600;9062.4800;47.4900;521.7400;2388.0700;8138.4000;8.4314;393.0000;0.4560;0;WO511848;1,802.26
2026/07/03;ENG-070;145;2026-01-07 01:00:00;642.6800;1589.3800;1409.1600;553.6100;2388.0600;9051.0100;47.6100;521.9500;2388.0900;8130.7900;8.4513;392.0000;0.8080;0;WO652968;840.01
2026-07-03;ENG-070;126;2026-01-06 06:00:00;642.7700;1588.2400;1411.4700;552.9900;2388.1400;9054.3800;47.3300;521.5800;2388.1200;8127.1300;8.4480;392.0000;0.9600;0;WO299625;
2026/07/03;  ENG-021 ;145;2026-01-07 01:00:00;642.0800;1591.0200;1399.5000;554.0100;2388.0500;9081.6500;47.3800;522.2000;2388.0600;8164.3100;8.3832;394.0000;0.4800;0;WO801809;2,598.01
03-Jul-2026;ENG-016;85;2026-01-04 13:00:00;642.3500;1584.6600;1406.4200;554.4800;2388.0500;9053.7500;47.5100;522.1200;2387.9600;8140.4500;8.3787;392.0000;0.8960;0;WO793666;655.48
2026-07-03;ENG-021;123;2026-01-06 03:00:00;642.4200;1592.4200;1402.9700;554.1800;2388.0300;9066.8400;47.1700;521.9400;2388.0400;8153.0300;8.4165;392.0000;0.6560;0;WO957524;843.39
2026-07-03;ENG-024;134;2026-01-06 14:00:00;642.3200;1588.8000;1401.5100;554.7200;2388.0700;9083.4600;47.4000;521.7900;2388.0200;8162.1000;8.4173;393.0000;0.5760;0;WO241728;1001.31
2026/07/03;ENG-077;135;2026-01-06 15:00:00;642.9400;1586.2000;1405.8400;554.1400;2388.1300;9045.4000;47.5200;520.6500;2388.1700;8127.5300;8.4763;395.0000;0.4880;0;WO217195;314.63
2026/07/03;ENG-053;144;2026-01-07 00:00:00;642.5400;1594.9600;1409.8200;553.8500;2388.0600;9086.3500;47.4300;521.4600;2388.0500;8162.8300;8.4531;395.0000;0.3680;0;WO907506;
03-Jul-2026;ENG-019;131;2026-01-06 11:00:00;642.1900;1582.9200;1402.3000;554.2300;2388.0500;9064.1000;47.5200;521.4400;2388.0400;8146.8000;8.3835;392.0000;0.7280;0;WO919477;734.23
03-Jul-2026;  ENG-031 ;141;2026-01-06 21:00:00;642.3200;1591.7400;1407.7600;553.7000;2388.0900;9071.0600;47.4900;521.4400;2388.0900;8154.1500;8.4279;391.0000;0.5040;0;WO395266;1,586.59
03-Jul-2026;ENG-023;93;2026-01-04 21:00:00;642.0100;1587.5600;1400.1300;554.2400;2387.9800;9054.5300;47.2100;522.0200;2388.0600;8138.2000;8.4223;391.0000;1.0000;0;WO469673;1882.78
2026/07/03;ENG-060;134;2026-01-06 14:00:00;642.9600;1587.8100;1404.8200;553.5700;2388.1100;9049.9900;47.5200;521.0300;2388.0600;8129.8500;8.4341;393.0000;0.9040;0;WO834958;2886.83
03-Jul-2026;ENG-041;94;2026-01-04 22:00:00;643.1700;1593.8400;1407.6200;554.3300;2388.1000;9050.7700;47.4500;521.0900;2388.0900;8121.9500;8.4183;393.0000;0.3760;0;WO513352;1,911.20
2026-07-03;ENG-041;99;2026-01-05 03:00:00;642.7400;1590.8800;1402.0600;553.5100;2388.1600;9048.5700;47.3600;521.4900;2388.0900;8123.8900;8.4420;394.0000;0.3360;0;WO167452;1619.40
2026-07-03;ENG-049;228;2026-01-10 12:00:00;642.5900;1599.3700;1405.2300;553.5500;2388.0800;9062.1400;47.5100;521.3500;2388.0900;8140.9000;8.4295;393.0000;0.7680;0;WO473882;338.74
2026/07/03;ENG-061;125;2026-01-06 05:00:00;642.2500;1594.0800;1408.1400;552.9400;2388.0600;9068.0100;47.6400;521.8100;2388.0400;8145.9000;8.4285;392.0000;0.4400;0;WO654254;
2026/07/03;ENG-049;293;2026-01-13 05:00:00;643.2400;1591.9500;1416.1200;552.5200;2388.2000;9046.4100;48.1100;520.5000;2388.1800;8133.6500;8.4663;394.0000;0.2480;0;WO252637;2,691.78
2026/07/03;ENG-047;73;2026-01-04 01:00:00;642.7300;1587.0900;1402.7900;553.0500;2388.1600;9038.3200;47.4400;521.2900;2388.1400;8125.5700;8.4586;392.0000;1.0000;0;WO755490;2,307.10
2026/07/03;ENG-074;132;2026-01-06 12:00:00;643.0700;1583.7400;1405.3700;553.1500;2388.1400;9060.6200;47.5500;521.1800;2388.1300;8137.2300;8.4259;393.0000;1.0000;0;WO752788;967.18
2026-07-03;ENG-072;100;2026-01-05 04:00:00;642.4500;1589.5900;1396.9900;553.4700;2388.1100;9072.7200;47.5100;521.8600;2388.0200;8139.6400;8.4203;394.0000;0.6480;0;WO854155;1,789.45
2026/07/03;ENG-072;95;2026-01-04 23:00:00;642.4200;1589.5200;1402.0500;554.5800;2388.0200;9059.4500;47.3800;521.8000;2388.0600;8140.8300;8.4248;391.0000;0.6880;0;WO829572;1489.84
03-Jul-2026;ENG-012;187;2026-01-08 19:00:00;641.7500;1589.6500;1403.5900;553.8200;2388.0500;9067.3700;47.3100;521.7200;2388.0000;8142.8800;8.3801;391.0000;1.0000;0;WO781912;100.96
2026-07-03;ENG-073;78;2026-01-04 06:00:00;642.1900;1587.9700;1399.7100;554.1000;2388.0400;9053.1600;47.3300;521.8200;2388.0800;8137.1200;8.4163;392.0000;1.0000;0;WO332753;1759.46
2026-07-03;ENG-056;119;2026-01-05 23:00:00;643.0100;1596.7600;1419.3900;551.9100;2388.1800;9049.0700;47.8300;520.4100;2388.2500;8124.8200;8.4935;395.0000;0.2560;0;WO547501;670.66
2026/07/03;ENG-034;148;2026-01-07 04:00:00;642.7700;1584.2700;1402.1500;553.6600;2388.0500;9055.4100;47.7200;522.1300;2388.0300;8141.5300;8.3902;393.0000;0.4960;0;WO984345;2,089.08
03-Jul-2026;ENG-001;31;2026-01-02 07:00:00;642.5800;1581.2200;1398.9100;554.4200;2388.0800;9056.4000;47.2300;521.7900;2388.0600;8130.1100;8.4024;393.0000;0.8960;0;WO287891;1196.47
2026-07-03;  ENG-007 ;127;2026-01-06 07:00:00;641.9500;1592.3000;1397.2200;553.6300;2388.0200;9066.0000;47.3300;522.4000;2388.0200;8145.9400;8.3872;392.0000;0.9920;0;WO457092;201.17
03-Jul-2026;ENG-098;96;2026-01-05 00:00:00;642.4100;1594.1300;1408.6000;553.3500;2388.1000;9064.3100;47.5400;521.9400;2388.0800;8149.0100;8.4385;393.0000;0.6720;0;WO455548;2104.01
03-Jul-2026;ENG-082;131;2026-01-06 11:00:00;642.4400;1592.3800;1415.8500;552.9700;2388.1100;9061.7100;47.6600;520.9300;2388.1100;8143.3900;8.4493;393.0000;0.3200;0;WO696366;509.16
2026-07-03;ENG-076;146;2026-01-07 02:00:00;642.5600;1585.2600;1408.6600;553.4600;2387.9900;9068.3700;47.6700;521.7000;2388.0300;8153.7000;8.4257;394.0000;0.5520;0;WO181635;2029.31
03-Jul-2026;ENG-032;125;2026-01-06 05:00:00;641.8600;1587.5000;1402.2000;553.6100;2387.9900;9082.2000;47.2900;522.4000;2387.9800;8167.4400;8.4269;390.0000;0.5440;0;WO213858;557.25
2026-07-03;ENG-001;28;2026-01-02 04:00:00;641.9300;1594.2500;1401.2900;553.5600;2388.0700;9055.5600;47.0500;521.8400;2388.0700;8134.8900;8.4470;392.0000;0.9200;0;WO793835;2211.74
2026/07/03;ENG-032;101;2026-01-05 05:00:00;642.2400;1586.8100;1398.9800;554.1700;2387.9800;9071.6800;47.2000;521.7700;2388.0400;8162.3300;8.4475;391.0000;0.7360;0;WO252610;2173.49
2026/07/03;ENG-090;113;2026-01-05 17:00:00;642.2000;1593.1600;1405.1400;552.4000;2388.1100;9066.4300;47.7000;521.7300;2388.1600;8138.3100;8.4770;393.0000;0.4880;0;WO249703;810.36
03-Jul-2026;eng-025;40;2026-01-02 16:00:00;642.7100;1582.4100;1400.7800;553.3100;2388.0200;9050.0700;47.3600;521.8800;2388.0200;8130.4700;8.4601;392.0000;1.0000;0;WO513520;1909.27
03-Jul-2026;ENG-086;78;2026-01-04 06:00:00;642.3400;1580.9400;1408.2900;554.0200;2388.0100;9068.7400;47.4500;521.4300;2388.0500;8143.6900;8.4587;393.0000;0.9680;0;WO111208;2,283.45
2026-07-03;ENG-042;107;2026-01-05 11:00:00;642.3700;1589.4100;1406.9600;554.4100;2388.1100;9044.1800;47.5600;521.8800;2388.1400;8134.0900;8.4450;393.0000;;0;WO108281;2833.17
2026/07/03;ENG-057;129;2026-01-06 09:00:00;642.5300;1588.5900;1405.9900;553.7300;2388.1300;9052.6900;47.5600;521.2900;2388.1200;8134.3500;8.4317;391.0000;1.0000;0;WO748415;267.40
2026-07-03;ENG-091;166;2026-01-07 22:00:00;642.5300;1589.7400;1409.4700;553.2700;2388.1800;9052.3900;47.6200;520.9100;2388.1600;8123.1300;8.4574;393.0000;0.8480;0;WO138852;1354.84
03-Jul-2026;  ENG-014 ;42;2026-01-02 18:00:00;642.5700;1595.2200;1411.0100;553.3200;2388.2300;9039.0500;47.8400;521.1600;2388.1400;8113.7300;8.4274;394.0000;0.8880;0;WO806835;532.64
2026-07-03;ENG-099;81;2026-01-04 09:00:00;642.0700;1588.7100;1401.8900;554.5200;2388.0400;9063.7500;47.2300;521.9300;2388.0300;8147.9000;8.3623;391.0000;1.0000;0;WO379904;2,492.57
03-Jul-2026;  ENG-067 ;70;2026-01-03 22:00:00;642.6300;1583.9800;1402.2000;553.8800;2388.0700;9059.6600;47.4100;521.7600;2388.0700;8136.9600;8.3893;393.0000;0.6240;0;WO730630;628.25
2026-07-03;  ENG-090 ;100;2026-01-05 04:00:00;642.4500;1589.1100;1403.5800;553.3900;2388.0700;9059.2900;47.4500;521.9400;2388.1300;8140.5100;8.4560;393.0000;0.5920;0;WO552242;534.66
2026/07/03;  ENG-081 ;209;2026-01-09 17:00:00;643.6900;1597.5000;1423.6400;551.2600;2388.2000;9078.9800;48.0400;519.7200;2388.1600;8151.1800;8.4993;396.0000;0.0960;1;WO916226;21,776.67
2026/07/03;  ENG-092 ;129;2026-01-06 09:00:00;643.6700;1597.3200;1413.7400;552.5000;2388.2000;9050.0500;47.7700;520.7500;2388.1400;8122.2400;8.4874;396.0000;0.3280;0;WO256317;110.40
03-Jul-2026;ENG-011;83;2026-01-04 11:00:00;642.4200;1587.7300;1414.2200;552.8000;2388.2100;9037.1100;47.6700;520.7400;2388.1800;8116.8500;8.4640;394.0000;0.7760;0;WO812296;648.09
2026/07/03;ENG-016;81;2026-01-04 09:00:00;642.1700;1588.2200;1401.4500;554.3500;2388.0400;9059.3200;47.2700;522.4500;2388.0800;8140.3200;8.4336;394.0000;0.9280;0;WO538190;2953.47
03-Jul-2026;ENG-043;131;2026-01-06 11:00:00;642.3800;1590.7300;1409.6100;553.9300;2388.1200;9049.7700;47.3300;521.3300;2388.1400;8130.5200;8.4604;393.0000;0.8000;0;WO634753;1,184.54
2026/07/03;ENG-046;143;2026-01-06 23:00:00;643.0200;1591.0300;1412.9900;552.8700;2388.1200;9085.9400;47.7200;521.2200;2388.0700;8154.2400;8.4503;394.0000;0.4000;0;WO956342;2134.39
2026/07/03;ENG-088;62;2026-01-03 14:00:00;642.4900;1590.5300;1409.3100;553.2200;2388.1200;9042.3300;47.5900;521.7000;2388.1500;8120.3200;8.4381;394.0000;0.9680;0;WO841568;545.71
2026/07/03;ENG-064;143;2026-01-06 23:00:00;642.6900;1590.2200;1411.8900;553.5000;2388.1200;9058.5000;47.6200;521.1500;2388.1100;8135.0400;8.4772;394.0000;0.4240;0;WO894066;1,792.14
03-Jul-2026;ENG-097;99;2026-01-05 03:00:00;641.9000;1584.4100;1404.1600;553.3900;2388.0300;9072.4100;47.4300;522.3400;2388.0300;8146.8600;8.3966;394.0000;0.9360;0;WO291245;394.50
2026/07/03;ENG-090;139;2026-01-06 19:00:00;642.5300;1601.4500;1412.6100;552.9600;2388.1500;9073.8300;47.8100;520.5700;2388.1300;8154.2800;8.4414;395.0000;0.2800;0;WO870752;567.74
2026-07-03;ENG-041;86;2026-01-04 14:00:00;641.9300;1587.3700;1406.9100;554.0000;2388.0400;9038.6700;47.3600;521.7900;2388.0900;8126.6300;8.4405;392.0000;0.4400;0;WO761466;127.24
2026/07/03;ENG-034;149;2026-01-07 05:00:00;642.1000;1597.2000;1407.6300;553.2600;2388.1000;9065.0400;47.4500;521.3100;2388.1300;8139.0700;8.4623;393.0000;0.4880;0;WO352876;601.47
03-Jul-2026;eng-099;95;2026-01-04 23:00:00;642.8000;1581.6300;1397.1400;553.6800;2387.9900;9072.6200;47.1600;521.4300;2388.0600;8148.2000;8.3801;391.0000;0.9520;0;WO644437;1,435.88
2026/07/03;ENG-076;156;2026-01-07 12:00:00;642.9200;1589.5400;1411.3100;554.3200;2388.0600;9076.8000;47.4100;521.3000;2388.0700;8150.0600;8.3980;391.0000;0.4720;0;WO369534;
2026/07/03;ENG-065;60;2026-01-03 12:00:00;641.7000;1578.5800;1393.7600;554.2800;2388.0200;9066.5800;47.2900;522.8100;2387.9200;8147.5100;8.4068;391.0000;1.0000;0;WO842165;2,418.76
03-Jul-2026;ENG-042;150;2026-01-07 06:00:00;643.0200;1594.5900;1419.5900;552.6500;2388.2600;9033.6100;47.8200;520.6700;2388.2500;8112.5800;8.4797;394.0000;0.1280;1;WO322881;4289.83
03-Jul-2026;ENG-019;107;2026-01-05 11:00:00;642.8300;1586.8400;1401.4400;554.4900;2388.0600;9056.6300;47.4500;521.2500;2388.0500;8134.8400;8.4195;392.0000;0.9200;0;WO733911;700.73
03-Jul-2026;ENG-027;120;2026-01-06 00:00:00;642.4600;1584.8600;1406.6000;554.5200;2388.1600;9049.2000;47.3600;521.7200;2388.0500;8132.3500;8.4370;394.0000;0.6880;0;WO442500;1441.68
03-Jul-2026;ENG-043;154;2026-01-07 10:00:00;642.8600;1585.1300;1407.0600;553.2000;2388.1200;9057.3500;47.5000;521.1600;2388.1300;8131.4600;8.4521;393.0000;0.6160;0;WO326044;554.27
03-Jul-2026;ENG-040;131;2026-01-06 11:00:00;643.2300;1594.3900;1416.2900;552.2800;2388.1400;9076.6900;47.9400;520.7800;2388.2200;8143.7600;8.4721;394.0000;0.2400;1;WO191924;8227.72
2026/07/03;eng-062;224;2026-01-10 08:00:00;642.4700;1593.0100;1414.7000;553.5600;2388.1100;9088.9100;47.4900;521.5100;2388.0400;8165.5900;8.4507;392.0000;0.4960;0;WO839416;489.35
2026/07/03;ENG-061;123;2026-01-06 03:00:00;641.9400;1583.5400;1411.1600;553.4900;2388.0700;9067.9600;47.2100;521.0300;2388.0800;8143.4500;8.4529;393.0000;0.4560;0;WO387031;810.36
2026/07/03;ENG-019;133;2026-01-06 13:00:00;642.6200;1586.4400;1400.9200;554.5300;2388.1000;9064.8600;47.5100;521.8500;2388.0900;8137.5500;8.3946;394.0000;0.7120;0;WO609805;1536.23
03-Jul-2026;ENG-093;174;2026-01-08 06:00:00;643.2500;1590.2700;1409.7800;552.6700;2388.1000;9069.7600;47.5700;521.4100;2388.1100;8141.2300;8.4118;393.0000;1.0000;0;WO162149;1201.63
03-Jul-2026;ENG-070;131;2026-01-06 11:00:00;642.7600;1585.7000;1406.0700;552.8500;2388.1400;9057.6600;47.7800;521.4500;2388.0800;8134.2000;8.4553;393.0000;0.9200;0;WO707693;875.20
03-Jul-2026;  ENG-016 ;83;2026-01-04 11:00:00;642.1200;1581.5300;1399.4600;554.2600;2388.0700;9059.4100;47.1500;521.9900;2388.0500;8138.3800;8.4202;393.0000;0.9120;0;WO644090;434.48
2026-07-03;ENG-026;70;2026-01-03 22:00:00;642.0500;1587.2800;1402.6500;554.5600;2388.0300;9072.2100;47.2400;522.9300;2388.0500;8147.0000;8.4173;393.0000;1.0000;0;WO342974;748.68
2026-07-03;ENG-035;155;2026-01-07 11:00:00;642.5800;1593.8000;1414.4700;552.4700;2388.1400;9066.4700;47.6200;520.7100;2388.1200;8143.4100;8.4561;394.0000;0.4320;0;WO477251;
03-Jul-2026;ENG-097;122;2026-01-06 02:00:00;642.3500;1593.0300;1400.4000;554.0700;2388.0300;9073.7500;47.3200;521.5000;2388.0200;8157.8600;8.4360;391.0000;0.7520;0;WO179112;1521.09
2026/07/03;ENG-038;102;2026-01-05 06:00:00;642.8800;1594.0900;1404.1600;552.6400;2388.1200;9065.1800;47.5700;520.9300;2388.0800;8143.6000;8.4386;396.0000;0.5840;0;WO711093;88.40
03-Jul-2026;ENG-010;181;2026-01-08 13:00:00;642.6700;1591.7100;1397.6000;554.3100;2388.0600;9059.2400;47.3900;522.0800;2388.0900;8144.3600;8.4339;392.0000;0.8560;0;WO375524;1606.12
2026-07-03;ENG-037;112;2026-01-05 16:00:00;642.4600;1590.7700;1408.6800;552.8600;2388.1800;9045.1600;47.7500;520.9800;2388.1200;8122.5400;8.4662;394.0000;0.2400;1;WO513623;23,298.47
03-Jul-2026;ENG-049;262;2026-01-11 22:00:00;642.5900;1589.5700;1409.3800;553.2700;2388.0500;9049.2600;47.4200;521.2100;2388.1500;8135.6000;8.4533;395.0000;0.4960;0;WO700388;
03-Jul-2026;ENG-062;192;2026-01-09 00:00:00;642.1900;1590.0000;1413.2500;554.1700;2387.9400;9071.9900;47.5300;522.3300;2387.9900;8150.1100;8.4312;392.0000;0.7520;0;WO217715;1,485.40
2026-07-03;  ENG-074 ;93;2026-01-04 21:00:00;642.4300;1596.2800;1411.8400;553.5600;2388.1100;9057.8100;47.4800;521.7400;2388.0900;8135.2800;8.4415;393.0000;1.0000;0;WO116371;1,052.96
03-Jul-2026;ENG-017;128;2026-01-06 08:00:00;642.1300;1587.4800;1407.0300;554.3500;2388.0300;9075.1900;47.2900;522.0500;2388.0700;8160.8800;8.4465;394.0000;0.6960;0;WO894902;2,024.47
2026/07/03;eng-036;91;2026-01-04 19:00:00;643.3100;1593.2800;1416.4800;552.4400;2388.1600;9063.8100;47.7500;520.6700;2388.0900;8133.3100;8.4760;394.0000;0.4320;0;WO123283;1,312.76
2026/07/03;eng-056;114;2026-01-05 18:00:00;642.9100;1589.7700;1423.6500;551.5800;2388.2600;9046.3600;48.0300;520.3400;2388.1900;8120.9900;8.5037;394.0000;0.2960;0;WO799879;210.34
2026/07/03;ENG-013;189;2026-01-08 21:00:00;642.5400;1588.3300;1409.6600;553.0400;2388.0600;9065.6600;47.5000;521.5400;2388.0400;8141.8500;8.4809;394.0000;;0;WO409283;
2026-07-03;ENG-062;156;2026-01-07 12:00:00;641.6600;1586.5500;1400.6900;554.1600;2388.0000;9058.5600;47.2900;521.9600;2387.9800;8142.0200;8.3799;393.0000;1.0000;0;WO183859;1293.04
2026-07-03;ENG-099;80;2026-01-04 08:00:00;641.9400;1581.7200;1398.2400;553.7300;2388.0200;9067.1900;47.1800;522.4600;2387.9700;8148.0900;8.4189;392.0000;1.0000;0;WO692194;200.87
2026/07/03;  ENG-007 ;124;2026-01-06 04:00:00;642.7100;1588.9000;1406.0200;554.1900;2388.0300;9060.8900;47.3300;522.0500;2387.9600;8146.3900;8.3945;390.0000;1.0000;0;WO192472;175.71
03-Jul-2026;ENG-043;162;2026-01-07 18:00:00;642.7700;1590.8700;1415.7100;552.9300;2388.1500;9062.5400;47.6400;520.9900;2388.1500;8132.9400;8.4504;393.0000;0.5520;0;WO180351;2551.41
2026-07-03;ENG-011;69;2026-01-03 21:00:00;642.9700;1589.7700;1407.4100;552.8400;2388.1400;9045.3400;47.7800;521.2800;2388.2100;8122.9900;8.4312;392.0000;0.8880;0;WO283146;1,789.81
2026/07/03;ENG-034;179;2026-01-08 11:00:00;642.9100;1586.9900;1412.3000;552.8700;2388.1400;9054.4800;47.7000;520.6700;2388.1500;8136.4800;8.4581;395.0000;0.2480;0;WO415558;2653.01
03-Jul-2026;ENG-084;134;2026-01-06 14:00:00;642.8500;1590.1900;1403.7800;553.8200;2388.0800;9052.5700;47.6400;521.4600;2388.1100;8134.8400;8.4337;394.0000;0.7680;0;WO348251;
2026/07/03;ENG-058;173;2026-01-08 05:00:00;642.6400;1593.5600;1418.2400;552.5600;2388.1800;9053.9900;47.6500;520.9900;2388.2000;8130.3100;8.4914;394.0000;0.3200;0;WO560489;323.82
03-Jul-2026;ENG-073;99;2026-01-05 03:00:00;642.4700;1594.4000;1405.9800;554.7000;2388.0900;9055.7600;47.1800;522.2800;2388.1100;8130.3700;8.4021;393.0000;1.0000;0;WO171423;2592.03
03-Jul-2026;ENG-045;122;2026-01-06 02:00:00;642.6200;1583.0600;1410.8100;552.5700;2388.0500;9062.1100;47.6600;521.2300;2388.2000;8147.0900;8.4352;394.0000;1.0000;0;WO608720;1587.28
2026/07/03;ENG-033;46;2026-01-02 22:00:00;642.8700;1591.0000;1406.0100;553.2200;2388.1000;9062.9200;47.7100;521.7900;2388.0800;8136.7900;8.4304;393.0000;0.8800;0;WO881023;1729.50
03-Jul-2026;ENG-027;130;2026-01-06 10:00:00;642.1300;1591.5700;1405.6700;553.2800;2388.0700;9053.4500;47.4300;521.8900;2388.0800;8129.5400;8.4052;392.0000;0.6080;0;WO112537;2,176.88
2026/07/03;ENG-018;106;2026-01-05 10:00:00;642.1100;1587.7100;1409.7900;553.0200;2388.0600;9060.8300;47.5200;521.3800;2388.1100;8140.6800;8.4315;392.0000;0.4400;0;WO235788;493.67
2026-07-03;ENG-035;182;2026-01-08 14:00:00;643.0100;1597.7600;1416.6000;551.7700;2388.2000;9068.0900;47.8800;520.5500;2388.2100;8146.0000;8.4911;394.0000;0.2160;1;WO879285;17818.34
2026/07/03;ENG-008;136;2026-01-06 16:00:00;642.5400;1590.0900;1413.6100;553.3700;2388.1800;9053.1500;47.5100;521.5800;2388.1400;8130.7500;8.4309;395.0000;1.0000;0;WO642902;1,996.23
2026/07/03;ENG-069;47;2026-01-02 23:00:00;642.5300;1575.0300;1404.0900;553.1400;2388.0800;9047.4400;47.3300;521.4300;2388.1500;8127.1100;8.4265;394.0000;1.0000;0;WO618796;198.70
2026-07-03;ENG-051;99;2026-01-05 03:00:00;642.8600;1593.3300;1406.9700;554.2500;2388.0700;9054.4900;47.5100;521.6300;2388.1100;8134.5200;8.4352;395.0000;1.0000;0;WO412584;500.88
2026/07/03;  ENG-037 ;106;2026-01-05 10:00:00;642.1300;1585.1100;1413.6700;552.9800;2388.1300;9049.8100;47.3000;521.2900;2388.1000;8131.3100;8.4330;395.0000;0.2880;0;WO529220;
2026-07-03;ENG-024;177;2026-01-08 09:00:00;642.8400;1597.5300;1413.6700;552.9800;2388.0100;9126.1700;47.5800;521.3700;2388.1100;8200.3800;8.4410;395.0000;0.2320;1;WO922406;16,954.25
2026-07-03;ENG-043;143;2026-01-06 23:00:00;642.8900;1587.2300;1408.6400;553.6900;2388.1000;9056.8200;47.5300;521.1500;2388.1200;8136.4800;8.4329;393.0000;;0;WO568732;1,239.93
2026/07/03;ENG-082;147;2026-01-07 03:00:00;642.8200;1593.9100;1410.5700;553.2500;2388.1400;9054.4100;47.8300;520.5100;2388.1700;8130.5200;8.4629;395.0000;;1;WO909789;20919.79
03-Jul-2026;  ENG-080 ;95;2026-01-04 23:00:00;642.2900;1592.7500;1408.9000;553.2700;2388.0700;9069.6700;47.4600;521.4400;2388.1000;8142.6300;8.4142;393.0000;1.0000;0;WO495983;2382.94
2026-07-03;  ENG-077 ;112;2026-01-05 16:00:00;642.8900;1585.2900;1412.2600;553.6200;2388.0800;9047.6200;47.7200;521.4600;2388.0500;8128.4900;8.4291;392.0000;0.6720;0;WO829169;1716.51
2026-07-03;ENG-095;66;2026-01-03 18:00:00;642.7600;1592.2100;1402.2100;554.1800;2388.0100;9047.5100;47.4600;521.6400;2388.0500;8126.4400;8.4087;392.0000;1.0000;0;WO550165;
2026-07-03;ENG-028;111;2026-01-05 15:00:00;642.6700;1583.8400;1403.3900;553.6900;2388.1500;9052.4600;47.5500;521.9600;2388.0500;8133.6400;8.4297;393.0000;1.0000;0;WO995318;1,726.35
2026-07-03;ENG-090;123;2026-01-06 03:00:00;642.7500;1593.1400;1405.6300;553.0000;2388.0900;9072.2900;47.6300;521.0800;2388.1100;8150.1200;8.4504;394.0000;0.4080;0;WO679200;2,748.38
03-Jul-2026;  ENG-034 ;140;2026-01-06 20:00:00;642.1200;1586.6500;1400.8900;553.6200;2388.0600;9058.0000;47.4000;522.1200;2388.0300;8144.2100;8.4251;393.0000;0.5600;0;WO534885;1546.59
2026-07-03;ENG-038;115;2026-01-05 19:00:00;642.9200;1590.7600;1413.6100;553.5300;2388.1400;9070.0900;47.6700;520.8700;2388.1100;8146.9700;8.4865;394.0000;0.4800;0;WO455669;667.62
2026/07/03;ENG-010;171;2026-01-08 03:00:00;642.5400;1585.7600;1406.5500;553.7000;2388.0200;9065.6500;47.5100;521.6900;2388.0000;8145.8300;8.4261;393.0000;0.9360;0;WO416056;1300.84
03-Jul-2026;eng-053;136;2026-01-06 16:00:00;642.4700;1586.6800;1408.9000;553.2800;2388.1400;9076.2800;47.6500;521.7000;2388.0400;8158.8200;8.4032;391.0000;0.4320;0;WO903183;1,402.23
2026-07-03;eng-013;183;2026-01-08 15:00:00;642.3700;1589.0600;1400.9700;553.8000;2388.0600;9068.1400;47.4200;521.5100;2388.0300;8140.6100;8.4217;391.0000;0.8560;0;WO779176;2520.82
2026-07-03;ENG-065;69;2026-01-03 21:00:00;641.4400;1585.7000;1400.8300;554.3600;2387.9500;9067.6100;47.3900;522.0700;2388.0100;8154.8700;8.3888;390.0000;1.0000;0;WO876802;807.93
2026/07/03;ENG-057;130;2026-01-06 10:00:00;642.5500;1592.8600;1407.1200;553.7200;2388.1200;9054.4600;47.3700;521.5700;2388.1100;8133.0500;8.4426;392.0000;1.0000;0;WO463949;2463.52
2026-07-03;ENG-078;72;2026-01-04 00:00:00;641.7800;1580.6600;1389.3300;554.9300;2387.9900;9062.9400;47.2000;522.5100;2387.9600;8148.4600;8.3793;391.0000;0.8560;0;WO897645;780.76
03-Jul-2026;ENG-049;298;2026-01-13 10:00:00;642.9500;1602.9500;1422.8400;552.2300;2388.1900;9057.8200;47.9600;520.1100;2388.2100;8130.8600;8.5359;395.0000;0.2080;1;WO307879;24777.86
2026-07-03;  ENG-063 ;114;2026-01-05 18:00:00;642.0600;1582.0400;1404.7700;553.5400;2388.1300;9053.0800;47.3900;521.4300;2388.0700;8129.7300;8.4481;394.0000;0.9040;0;WO488712;
2026/07/03;  ENG-076 ;187;2026-01-08 19:00:00;642.7900;1595.5500;1414.2600;553.1500;2388.1000;9096.1400;47.9100;520.6500;2388.1400;8167.8200;8.4879;394.0000;0.2240;1;WO894840;13656.10
2026/07/03;ENG-062;219;2026-01-10 03:00:00;642.5200;1589.0100;1399.8200;554.0100;2388.0700;9083.3700;47.3900;521.7100;2388.0300;8155.4200;8.4370;393.0000;0.5360;0;WO782563;600.43
2026-07-03;ENG-082;111;2026-01-05 15:00:00;642.5700;1596.4000;1401.7400;552.9700;2388.1600;9068.5500;47.3600;520.6800;2388.1400;8135.6100;8.4535;394.0000;0.4800;0;WO252233;847.82
03-Jul-2026;  ENG-069 ;41;2026-01-02 17:00:00;641.9000;1588.2100;1404.9800;553.9200;2388.1600;9040.6400;47.3100;521.7800;2388.1100;8127.4700;8.4060;392.0000;1.0000;0;WO172871;339.30
2026-07-03;ENG-094;96;2026-01-05 00:00:00;642.9000;1599.0600;1405.3300;553.0000;2388.0700;9054.6300;47.7500;520.8600;2388.1000;8144.3100;8.4109;394.0000;0.7360;0;WO994961;1,689.90
03-Jul-2026;ENG-084;126;2026-01-06 06:00:00;642.9900;1590.3700;1402.5000;553.6500;2388.1100;9060.1000;47.5800;521.3600;2388.1100;8138.9800;8.4416;393.0000;0.8320;0;WO897733;2693.91
03-Jul-2026;ENG-019;104;2026-01-05 08:00:00;642.3000;1582.9700;1402.9100;553.5900;2388.0300;9057.9700;47.3600;521.6600;2388.0100;8147.0100;8.4264;393.0000;0.9440;0;WO321892;574.93
2026-07-03;  ENG-062 ;183;2026-01-08 15:00:00;642.2500;1593.7200;1404.1500;554.4300;2388.0200;9067.1500;47.1600;522.3100;2388.0500;8154.1200;8.4209;393.0000;0.8240;0;WO950194;1,552.67
03-Jul-2026;ENG-034;193;2026-01-09 01:00:00;643.1800;1598.1100;1417.3200;552.4000;2388.2200;9050.6800;47.8700;520.5600;2388.2300;8128.4900;8.4898;394.0000;0.1360;1;WO182903;24370.01
03-Jul-2026;ENG-052;174;2026-01-08 06:00:00;642.6000;1592.8700;1403.0400;553.2300;2388.0500;9095.1800;47.6300;521.5800;2388.0400;8171.0700;8.4799;392.0000;0.3520;0;WO158323;1,182.59
2026-07-03;ENG-034;158;2026-01-07 14:00:00;642.8000;1590.0800;1410.8000;553.5800;2388.1300;9060.7500;47.4400;521.5500;2388.1000;8138.9500;8.4434;395.0000;0.4160;0;WO370558;2,293.17
2026/07/03;ENG-053;126;2026-01-06 06:00:00;642.7800;1594.3200;1406.2700;553.9500;2388.0700;9067.4300;47.6300;522.0900;2388.0900;8150.7400;8.4451;392.0000;;0;WO635587;1,043.69
2026-07-03;ENG-080;118;2026-01-05 22:00:00;643.0800;1587.3600;1405.0900;553.5200;2388.0500;9064.7900;47.4600;521.2700;2388.0800;8143.4800;8.4357;392.0000;0.8400;0;WO444805;987.95
03-Jul-2026;eng-097;103;2026-01-05 07:00:00;642.8400;1582.3600;1407.0100;554.2300;2388.0500;9076.3100;47.3700;522.0900;2388.0000;8148.7500;8.4418;393.0000;0.9040;0;WO347850;
03-Jul-2026;ENG-097;97;2026-01-05 01:00:00;642.8700;1588.2400;1403.5300;553.7600;2388.0000;9071.4600;47.4500;521.9500;2388.0000;8148.8200;8.4170;392.0000;0.9520;0;WO888268;725.41
2026/07/03;ENG-100;164;2026-01-07 20:00:00;643.1400;1588.4000;1410.4400;553.5000;2388.0700;9091.7000;47.4900;521.7900;2388.0400;8177.0800;8.4162;392.0000;0.4320;0;WO578717;689.99
2026/07/03;ENG-046;103;2026-01-05 07:00:00;642.8400;1596.6400;1407.6400;553.6400;2388.0800;9067.4600;47.3800;521.1100;2388.0600;8145.2300;8.4348;393.0000;0.7200;0;WO765269;1,480.78
03-Jul-2026;  ENG-098 ;109;2026-01-05 13:00:00;641.9600;1592.8800;1401.8700;553.4900;2388.0800;9060.3600;47.7100;520.9200;2388.0600;8141.7700;8.4594;393.0000;0.5680;0;WO853159;1783.97
2026-07-03;ENG-046;138;2026-01-06 18:00:00;642.9900;1593.8100;1415.6600;552.0300;2388.0900;9083.1600;47.6100;521.4200;2388.1100;8156.3900;8.4432;395.0000;0.4400;0;WO766983;932.47
03-Jul-2026;ENG-012;212;2026-01-09 20:00:00;642.4000;1589.0200;1404.6500;553.8600;2388.0900;9066.0900;47.4900;521.7400;2388.0500;8150.3600;8.4345;392.0000;1.0000;0;WO157035;680.27
2026-07-03;ENG-052;168;2026-01-08 00:00:00;642.7500;1589.1300;1412.5400;552.9400;2388.0600;9086.3400;47.5000;521.7100;2388.0200;8160.4500;8.4448;395.0000;0.4000;0;WO444508;1808.52
2026-07-03;ENG-099;77;2026-01-04 05:00:00;642.0900;1586.2000;1405.7100;555.2200;2387.9800;9066.2200;47.2800;522.4000;2388.0000;8148.8600;8.4106;392.0000;1.0000;0;WO440201;898.62
2026-07-03;ENG-052;177;2026-01-08 09:00:00;642.7900;1583.2200;1404.8900;554.0700;2388.0800;9088.4600;47.3800;521.1600;2388.0600;8177.4700;8.4419;394.0000;;0;WO257594;2,180.84
2026/07/03;ENG-029;136;2026-01-06 16:00:00;642.9100;1587.5800;1400.3500;554.4000;2388.0600;9068.2100;47.3700;521.6400;2388.0700;8147.5900;8.4478;393.0000;1.0000;0;WO222823;2391.60
2026-07-03;ENG-045;109;2026-01-05 13:00:00;642.8700;1593.9400;1408.2000;553.3400;2388.1200;9063.1600;47.3200;521.5500;2388.1600;8144.0200;8.4858;395.0000;1.0000;0;WO828666;835.07
2026-07-03;ENG-082;156;2026-01-07 12:00:00;643.0100;1592.6500;1414.1700;551.8400;2388.2400;9053.6000;48.0400;520.2600;2388.1900;8127.6800;8.4970;396.0000;0.1200;1;WO337408;
2026/07/03;ENG-008;130;2026-01-06 10:00:00;642.5800;1586.0600;1414.2700;553.0600;2388.1200;9056.1500;47.4900;521.2100;2388.1100;8126.4100;8.4255;393.0000;1.0000;0;WO885146;2495.25
03-Jul-2026;ENG-096;92;2026-01-04 20:00:00;642.5100;1584.6200;1405.8400;554.2200;2387.9700;9062.2900;47.1800;522.1500;2388.0100;8147.7200;8.3837;392.0000;1.0000;0;WO728319;1896.91
03-Jul-2026;ENG-060;106;2026-01-05 10:00:00;642.6300;1590.0600;1403.3700;553.2700;2388.0700;9057.1900;47.4800;521.6400;2388.0800;8139.8100;8.4546;392.0000;1.0000;0;WO578151;1254.96
2026-07-03;eng-090;142;2026-01-06 22:00:00;643.3100;1600.0300;1424.6200;553.3200;2388.1700;9078.4000;47.8600;520.3200;2388.1300;8158.9400;8.4863;395.0000;0.2560;0;WO327316;1033.83
2026-07-03;ENG-049;242;2026-01-11 02:00:00;643.3100;1586.9500;1402.6300;553.6000;2388.1100;9059.9700;47.6400;521.1400;2388.0700;8134.6100;8.4436;392.0000;0.6560;0;WO558612;2,466.57
2026-07-03;ENG-008;116;2026-01-05 20:00:00;642.7500;1585.1800;1401.8000;552.2800;2388.1300;9052.4700;47.5900;521.3400;2388.1300;8126.9100;8.4530;393.0000;1.0000;0;WO157706;766.17
2026-07-03;  ENG-042 ;130;2026-01-06 10:00:00;642.9700;1595.1100;1411.3000;552.2800;2388.2200;9042.0300;47.8000;521.2700;2388.1300;8119.6500;8.4500;394.0000;0.2880;0;WO778270;709.10
2026/07/03;ENG-004;95;2026-01-04 23:00:00;642.4200;1595.1400;1412.2500;553.1800;2388.1800;9050.9800;47.5600;521.5900;2388.1400;8126.8500;8.4347;393.0000;0.7440;0;WO650421;2483.16
03-Jul-2026;eng-003;115;2026-01-05 19:00:00;642.6000;1592.3800;1414.5700;553.4100;2388.1400;9051.6300;47.6800;521.0600;2388.1700;8130.5700;8.4732;393.0000;0.6400;0;WO990216;1,747.70
2026-07-03;ENG-076;194;2026-01-09 02:00:00;643.3600;1599.7200;1419.4600;552.0100;2388.1300;9103.0100;47.9400;519.8300;2388.1700;8175.2500;8.4866;394.0000;0.1680;1;WO636588;2534.32
2026-07-03;eng-007;131;2026-01-06 11:00:00;642.0500;1589.0800;1405.3600;553.8500;2388.0100;9060.4600;47.1900;522.0800;2387.9900;8146.0700;8.4251;393.0000;0.9600;0;WO614232;265.17
2026/07/03;ENG-052;187;2026-01-08 19:00:00;642.8300;1592.5700;1411.6600;553.3100;2388.1000;9110.0700;47.7100;521.0900;2388.0500;8193.3100;8.4301;393.0000;0.2480;0;WO236179;2869.30
03-Jul-2026;ENG-078;71;2026-01-03 23:00:00;642.0300;1579.3800;1396.4600;555.0700;2388.0200;9068.6400;47.1600;522.3800;2388.0100;8150.2500;8.4166;392.0000;;0;WO806207;1998.32
2026-07-03;ENG-070;125;2026-01-06 05:00:00;642.3600;1592.3900;1411.3000;553.6400;2388.1300;9052.1300;47.5200;521.2900;2388.1500;8132.2700;8.4313;393.0000;0.9680;0;WO865654;1044.66
03-Jul-2026;eng-073;94;2026-01-04 22:00:00;642.6000;1585.4100;1400.1100;553.8500;2388.0200;9054.6600;47.4000;522.3900;2388.0400;8132.6400;8.4250;392.0000;1.0000;0;WO651231;422.50
03-Jul-2026;ENG-093;186;2026-01-08 18:00:00;642.5600;1597.4500;1412.0100;553.2000;2388.1300;9068.7000;47.8300;520.9000;2388.1700;8144.5600;8.4769;396.0000;1.0000;0;WO466953;368.63
03-Jul-2026;ENG-079;69;2026-01-03 21:00:00;642.6100;1587.8300;1406.8500;554.3000;2388.0500;9041.4600;47.4300;521.5800;2388.0900;8133.5000;8.4233;390.0000;0.7600;0;WO176481;1358.84
2026/07/03;ENG-079;82;2026-01-04 10:00:00;642.0800;1596.7400;1399.8700;553.5000;2388.1200;9045.0000;47.3600;521.7700;2388.0900;8132.8500;8.4236;392.0000;0.6560;0;WO679379;2,404.24
2026/07/03;ENG-076;188;2026-01-08 20:00:00;643.3800;1599.6300;1416.4000;552.2700;2388.1300;9093.6800;47.7600;520.1600;2388.1300;8167.5300;8.4657;395.0000;0.2160;1;WO561822;13865.22
2026/07/03;ENG-032;99;2026-01-05 03:00:00;642.3100;1584.7000;1403.7000;554.9000;2388.0000;9078.1300;47.2300;522.0300;2387.9900;8155.6200;8.4160;392.0000;0.7520;0;WO571328;
03-Jul-2026;ENG-061;148;2026-01-07 04:00:00;643.0800;1599.4100;1417.6600;552.8000;2388.1000;9064.5000;47.6900;520.6700;2388.1400;8148.5500;8.4701;394.0000;0.2560;0;WO623683;1,420.79
2026-07-03;  ENG-010 ;192;2026-01-09 00:00:00;643.0000;1589.5000;1398.9900;552.8800;2388.1100;9060.8800;47.5900;521.8200;2388.0800;8141.9100;8.4194;393.0000;0.7680;0;WO783735;2516.98
03-Jul-2026;ENG-066;114;2026-01-05 18:00:00;642.9700;1590.1100;1415.7000;552.6300;2388.1400;9081.6000;47.6900;520.8100;2388.0900;8160.9000;8.4891;395.0000;0.3760;0;WO360652;2927.18
03-Jul-2026;  ENG-005 ;83;2026-01-04 11:00:00;642.3500;1594.7600;1409.4500;553.3100;2388.1200;9053.1200;47.6800;521.2300;2388.1000;8132.9300;8.4361;392.0000;0.8480;0;WO650390;932.49
2026-07-03;eng-038;104;2026-01-05 08:00:00;643.1800;1592.1700;1416.9900;552.9300;2388.1000;9067.9900;47.6300;521.2600;2388.1000;8142.4600;8.4927;395.0000;;0;WO322728;1,299.17
03-Jul-2026;ENG-095;79;2026-01-04 07:00:00;642.1600;1596.2100;1398.8900;553.9600;2388.0500;9050.3700;47.3200;521.6600;2388.0800;8133.0200;8.4271;393.0000;1.0000;0;WO612028;651.99
2026-07-03;ENG-076;186;2026-01-08 18:00:00;643.1700;1597.6200;1418.6000;552.2000;2388.1100;9092.5700;47.8200;520.8000;2388.1500;8164.9200;8.4529;395.0000;0.2320;1;WO111489;
2026-07-03;eng-061;129;2026-01-06 09:00:00;642.5800;1589.6300;1406.4700;553.5400;2388.0800;9065.7000;47.4800;521.4800;2388.0400;8144.0000;8.4348;393.0000;0.4080;0;WO291844;686.75
03-Jul-2026;eng-077;143;2026-01-06 23:00:00;642.5900;1592.4300;1408.1700;552.2900;2388.1400;9043.3900;47.6100;521.0300;2388.1100;8123.4100;8.4843;393.0000;;0;WO589620;190.15
03-Jul-2026;ENG-061;115;2026-01-05 19:00:00;642.0900;1583.1200;1404.0900;552.7800;2388.0700;9066.1300;47.4400;521.1300;2388.1000;8145.8300;8.4689;393.0000;0.5200;0;WO278015;229.59
2026-07-03;eng-044;47;2026-01-02 23:00:00;642.5800;1592.9500;1409.5700;553.7000;2388.0700;9055.6500;47.3700;521.3500;2388.0600;8134.4100;8.4078;393.0000;0.9280;0;WO431115;
03-Jul-2026;ENG-062;185;2026-01-08 17:00:00;642.2400;1594.5600;1399.7500;554.7400;2388.0000;9073.4900;47.1600;522.2500;2388.0500;8147.6500;8.4148;394.0000;0.8080;0;WO698990;2649.41
2026/07/03;  ENG-075 ;83;2026-01-04 11:00:00;642.1600;1582.7700;1401.4400;554.3800;2388.0800;9062.8900;47.3000;521.3300;2388.0300;8142.3100;8.4160;393.0000;0.9440;0;WO725754;2075.96
03-Jul-2026;ENG-037;109;2026-01-05 13:00:00;642.8300;1590.1800;1414.2800;552.4200;2388.0500;9044.5800;47.5400;520.8600;2388.2000;8125.9600;8.4397;394.0000;0.2640;0;WO554921;1,889.67
2026/07/03;ENG-066;121;2026-01-06 01:00:00;643.2100;1593.4600;1416.3000;551.7000;2388.1400;9086.8300;47.7500;521.1000;2388.1500;8165.7900;8.4570;394.0000;0.3200;0;WO934628;1,630.73
2026/07/03;  ENG-056 ;128;2026-01-06 08:00:00;643.5500;1595.2500;1425.3800;552.1800;2388.2300;9047.1300;47.9100;520.0700;2388.2600;8120.3700;8.5231;395.0000;0.1840;1;WO610415;
03-Jul-2026;ENG-045;131;2026-01-06 11:00:00;642.8100;1593.1800;1409.7000;552.8600;2388.1200;9064.4500;47.6200;521.0800;2388.0900;8143.4600;8.4548;393.0000;1.0000;0;WO465276;1,326.90
2026-07-03;ENG-095;75;2026-01-04 03:00:00;642.9000;1587.4600;1398.9300;554.5900;2388.0400;9049.2700;47.3600;521.6300;2388.1100;8135.0200;8.3973;391.0000;1.0000;0;WO688815;1599.41
03-Jul-2026;  ENG-038 ;120;2026-01-06 00:00:00;643.2000;1587.9300;1411.4500;553.4400;2388.0900;9073.0800;47.6500;521.1400;2388.1500;8148.5900;8.4949;394.0000;0.4400;0;WO128126;
2026/07/03;ENG-091;200;2026-01-09 08:00:00;643.1600;1591.0300;1418.9200;552.4400;2388.2000;9049.6500;47.8200;520.5500;2388.1500;8130.2300;8.4890;394.0000;0.5760;0;WO511101;830.20
2026/07/03;ENG-041;106;2026-01-05 10:00:00;642.8600;1588.6400;1410.8800;552.1100;2388.1500;9042.2800;47.5400;520.8100;2388.1600;8118.4800;8.4387;393.0000;0.2800;0;WO961727;1280.09
03-Jul-2026;ENG-029;147;2026-01-07 03:00:00;642.3000;1591.5600;1408.1100;553.1500;2388.0600;9064.4000;47.4400;522.4900;2388.0900;8150.5500;8.4329;393.0000;0.9120;0;WO848220;755.22
03-Jul-2026;ENG-060;119;2026-01-05 23:00:00;642.3300;1589.3600;1406.1000;553.3300;2388.0900;9063.2300;47.3200;521.8200;2388.1000;8133.2200;8.4436;393.0000;1.0000;0;WO434662;1127.35
03-Jul-2026;ENG-053;161;2026-01-07 17:00:00;642.8600;1589.4200;1403.6400;552.5800;2388.0600;9106.4500;47.6800;520.5700;2388.1000;8174.3700;8.4725;395.0000;0.2320;1;WO984859;22,153.71
03-Jul-2026;ENG-059;85;2026-01-04 13:00:00;641.8700;1575.9500;1396.2900;554.6100;2388.0200;9056.7800;47.3400;522.1000;2388.0400;8139.4100;8.4426;392.0000;0.9840;0;WO849495;2,918.59
2026/07/03;ENG-068;151;2026-01-07 07:00:00;642.8800;1587.6500;1410.4900;553.2400;2388.0700;9063.0400;47.7200;521.1700;2388.1500;8141.8100;8.4592;394.0000;0.3520;0;WO134643;
2026/07/03;ENG-013;174;2026-01-08 06:00:00;642.4500;1583.2600;1409.0500;554.2200;2388.0700;9067.8800;47.3900;521.6100;2388.0700;8142.8400;8.4345;392.0000;0.9280;0;WO201908;
2026/07/03;ENG-089;165;2026-01-07 21:00:00;642.8400;1579.0500;1415.5500;553.2700;2388.1400;9053.5700;47.4800;521.2100;2388.1200;8133.2700;8.4782;393.0000;1.0000;0;WO693158;
03-Jul-2026;eng-096;85;2026-01-04 13:00:00;641.7200;1583.8000;1405.4500;554.5100;2388.0300;9061.1100;47.4500;522.0200;2388.0400;8146.1300;8.4140;392.0000;1.0000;0;WO136727;1432.51
2026-07-03;  ENG-004 ;89;2026-01-04 17:00:00;642.5300;1590.7400;1407.4000;553.0600;2388.0600;9051.9300;47.6100;521.1600;2388.1300;8136.0400;8.4485;394.0000;0.7920;0;WO894385;1,980.85
2026/07/03;ENG-018;103;2026-01-05 07:00:00;642.7500;1585.0200;1398.8000;554.0100;2388.1200;9056.1500;47.3400;521.9200;2388.0600;8142.3900;8.4752;394.0000;0.4640;0;WO605593;870.53
2026/07/03;ENG-013;140;2026-01-06 20:00:00;642.2700;1587.1900;1399.8500;553.0000;2388.0300;9056.1700;47.3700;522.5000;2388.0700;8140.2900;8.4416;391.0000;1.0000;0;WO609271;
03-Jul-2026;ENG-084;123;2026-01-06 03:00:00;643.0100;1584.2800;1411.1200;553.8700;2388.0700;9051.6700;47.3500;520.8900;2388.1500;8133.5600;8.4353;393.0000;0.8560;0;WO120415;265.18
2026-07-03;ENG-033;41;2026-01-02 17:00:00;642.3700;1603.3800;1404.8500;553.6600;2388.1100;9058.4500;47.4600;521.1800;2388.1300;8134.8800;8.4803;394.0000;0.9200;0;WO256081;1122.31
2026-07-03;ENG-028;158;2026-01-07 14:00:00;642.8600;1590.8100;1405.2800;553.2600;2388.1000;9065.8400;47.5900;521.6300;2388.1100;8134.6300;8.4564;393.0000;0.7760;0;WO308684;1907.13
2026/07/03;  ENG-019 ;116;2026-01-05 20:00:00;642.6200;1589.2700;1395.7900;553.4900;2388.0700;9053.0800;47.3200;521.9200;2388.1000;8139.7600;8.4291;393.0000;0.8480;0;WO267806;927.96
2026/07/03;ENG-049;230;2026-01-10 14:00:00;642.7000;1585.6300;1411.3200;552.8600;2388.0800;9051.5700;47.3600;522.3300;2388.0700;8138.0400;8.4847;392.0000;0.7520;0;WO531414;2,892.63
2026-07-03;ENG-049;224;2026-01-10 08:00:00;642.1200;1593.8400;1408.6900;553.5400;2388.0400;9064.6900;47.4300;521.3300;2388.0200;8131.9900;8.4301;393.0000;0.8000;0;WO806689;1941.35
2026-07-03;ENG-035;153;2026-01-07 09:00:00;643.2700;1590.6000;1417.9800;552.9100;2388.1200;9074.2400;47.7300;520.7200;2388.1400;8141.9100;8.4725;394.0000;0.4480;0;WO673507;
2026-07-03;ENG-084;149;2026-01-07 05:00:00;642.9900;1602.4400;1413.4500;553.4100;2388.1500;9060.1500;47.6700;521.1800;2388.1700;8128.3200;8.4844;396.0000;0.6480;0;WO630004;1351.93
2026/07/03;  ENG-051 ;109;2026-01-05 13:00:00;642.7800;1586.3200;1401.9700;553.7800;2388.0500;9048.2400;47.5000;522.0600;2388.1500;8131.5700;8.3853;394.0000;1.0000;0;WO377891;2069.35
2026-07-03;ENG-040;133;2026-01-06 13:00:00;643.2000;1603.1500;1420.4800;552.5700;2388.1700;9066.4500;47.8400;520.4100;2388.1700;8143.0700;8.4700;396.0000;0.2240;1;WO672470;10,455.90
2026/07/03;ENG-006;90;2026-01-04 18:00:00;643.0600;1589.5000;1409.8400;553.2600;2388.1100;9048.4700;47.3700;521.1000;2388.1200;8132.2500;8.4021;392.0000;0.8640;0;WO378521;1847.81
03-Jul-2026;ENG-031;196;2026-01-09 04:00:00;643.3100;1598.1900;1420.6600;551.4800;2388.1800;9090.9800;47.7800;519.5500;2388.2200;8157.8400;8.5015;395.0000;0.0640;1;WO764367;2158.89
03-Jul-2026;ENG-013;144;2026-01-07 00:00:00;642.5200;1593.4300;1406.1600;554.0700;2387.9700;9065.5200;47.4300;521.7400;2388.0500;8139.7500;8.3794;392.0000;1.0000;0;WO605013;592.91
03-Jul-2026;ENG-082;129;2026-01-06 09:00:00;642.3200;1590.3800;1407.5900;553.1400;2388.1800;9061.1600;47.5800;520.9300;2388.1500;8135.3500;8.4517;393.0000;0.3360;0;WO978008;1096.70
2026-07-03;  ENG-093 ;175;2026-01-08 07:00:00;643.0500;1582.4500;1415.1600;552.7300;2388.1100;9066.8000;47.6400;521.1300;2388.1200;8145.4600;8.4208;393.0000;1.0000;0;WO204023;1,281.94
03-Jul-2026;ENG-081;197;2026-01-09 05:00:00;643.5300;1606.0400;1427.5700;553.0900;2388.2100;9076.6400;47.7700;519.7400;2388.1700;8151.3000;8.4846;395.0000;0.1920;1;WO559653;7990.69
2026/07/03;eng-068;161;2026-01-07 17:00:00;642.6500;1586.6300;1414.0600;552.3400;2388.1100;9074.0700;47.8100;520.7000;2388.1000;8150.9000;8.4647;394.0000;0.2720;0;WO595165;731.61
2026/07/03;ENG-010;131;2026-01-06 11:00:00;642.5200;1584.8900;1401.3800;553.1200;2388.0300;9067.6800;47.4000;522.0800;2388.0000;8143.8100;8.4367;394.0000;1.0000;0;WO418098;476.12
2026-07-03;ENG-094;125;2026-01-06 05:00:00;643.0300;1590.7800;1413.9800;552.8000;2388.1100;9055.8200;47.6700;520.8700;2388.1100;8138.8500;8.4815;395.0000;0.5040;0;WO726012;2027.04
03-Jul-2026;ENG-045;110;2026-01-05 14:00:00;643.1900;1591.9600;1407.7200;553.1500;2388.0400;9060.5800;47.6900;520.9700;2388.1100;8142.1200;8.4327;394.0000;1.0000;0;WO715426;83.72
2026-07-03;ENG-063;107;2026-01-05 11:00:00;642.4400;1593.2900;1403.8500;554.3200;2388.1200;9051.0900;47.5700;521.8200;2388.0900;8129.4100;8.4387;392.0000;;0;WO663189;1,278.90
2026-07-03;ENG-008;122;2026-01-06 02:00:00;642.8800;1590.4700;1401.0300;553.2800;2388.1200;9045.8600;47.6400;521.8500;2388.1000;8135.6700;8.4187;394.0000;1.0000;0;WO575011;1316.15
03-Jul-2026;ENG-038;100;2026-01-05 04:00:00;643.1800;1594.1800;1416.4600;553.3600;2388.1900;9062.3700;47.7000;520.9400;2388.1600;8142.5600;8.4270;394.0000;0.6000;0;WO444135;
2026/07/03;ENG-012;198;2026-01-09 06:00:00;642.3200;1589.2500;1405.8800;554.4600;2388.0700;9077.3100;47.4300;521.7500;2388.0300;8146.4300;8.4190;391.0000;1.0000;0;WO572045;131.80
2026-07-03;ENG-042;111;2026-01-05 15:00:00;642.3800;1587.8200;1408.4500;554.0000;2388.0900;9041.5600;47.3700;521.5600;2388.0600;8125.2000;8.4323;392.0000;0.4400;0;WO597814;
03-Jul-2026;ENG-100;178;2026-01-08 10:00:00;642.3200;1591.7800;1408.0800;553.5500;2388.0500;9115.8000;47.6200;521.9300;2388.0500;8184.8900;8.4574;394.0000;0.3200;0;WO224732;1328.43
2026/07/03;ENG-028;126;2026-01-06 06:00:00;642.9100;1589.0000;1411.3600;553.8200;2388.0800;9059.8400;47.4900;521.7200;2388.1400;8134.2000;8.4434;392.0000;1.0000;0;WO976619;349.87
03-Jul-2026;ENG-100;189;2026-01-08 21:00:00;643.2900;1592.3300;1417.6600;553.5900;2388.0600;9136.5500;47.5500;520.9300;2388.0900;8209.8400;8.4423;393.0000;0.2320;1;WO131795;4719.48
2026/07/03;ENG-049;286;2026-01-12 22:00:00;643.1100;1590.1400;1411.6700;551.7900;2388.2000;9048.6800;47.8900;520.6200;2388.1300;8132.2200;8.4837;393.0000;0.3040;0;WO301126;1,156.22
2026-07-03;ENG-063;134;2026-01-06 14:00:00;642.4000;1586.1300;1403.8800;553.1500;2388.1500;9056.9300;47.4600;521.5700;2388.1000;8131.5700;8.4266;393.0000;0.7440;0;WO831666;2,579.61
2026-07-03;ENG-076;160;2026-01-07 16:00:00;642.2500;1594.1800;1411.9200;553.0000;2388.0800;9078.3100;47.5000;521.5300;2388.0200;8155.2500;8.4225;393.0000;0.4400;0;WO570501;2822.76
2026/07/03;eng-057;145;2026-01-07 01:00:00;642.8900;1591.3400;1411.3600;552.8000;2388.1300;9050.8300;47.5700;521.1000;2388.1200;8124.3800;8.4190;394.0000;0.9440;0;WO577832;
2026/07/03;eng-019;108;2026-01-05 12:00:00;642.6200;1586.9000;1401.3700;554.6100;2388.0700;9061.9600;47.4500;521.9400;2388.0000;8140.7600;8.4109;391.0000;0.9120;0;WO752109;88.32
03-Jul-2026;ENG-081;147;2026-01-07 03:00:00;642.7200;1591.6000;1418.9700;553.2100;2388.0400;9062.3800;47.5700;521.6500;2388.1600;8147.6100;8.4724;393.0000;;0;WO913834;1825.72
2026-07-03;eng-086;99;2026-01-05 03:00:00;642.0200;1588.3600;1406.6700;553.6500;2388.0600;9066.6900;47.6800;521.8100;2388.1000;8142.2900;8.4467;394.0000;0.8000;0;WO120383;1545.12
03-Jul-2026;ENG-082;162;2026-01-07 18:00:00;643.5700;1597.9900;1427.6900;551.1500;2388.2000;9058.6400;48.0800;520.0200;2388.2900;8126.2000;8.5028;397.0000;0.0720;1;WO939175;6,571.26
03-Jul-2026;ENG-065;59;2026-01-03 11:00:00;642.2700;1582.0000;1395.5800;554.5800;2387.9500;9068.5300;47.2700;522.4500;2388.0100;8147.1100;8.4056;391.0000;1.0000;0;WO439169;1613.55
2026-07-03;ENG-052;173;2026-01-08 05:00:00;643.2300;1585.1600;1406.5200;552.8700;2388.0400;9096.1000;47.5300;521.9700;2388.0900;8166.3600;8.4232;393.0000;0.3600;0;WO688069;822.15
2026-07-03;eng-005;97;2026-01-05 01:00:00;642.7200;1593.0800;1415.1900;552.8800;2388.1000;9056.3000;47.4000;521.4500;2388.1000;8130.8300;8.4217;394.0000;0.7360;0;WO905630;1392.68
2026/07/03;ENG-092;121;2026-01-06 01:00:00;643.7200;1588.3400;1416.3600;553.2500;2388.2000;9042.0600;47.9400;520.5400;2388.1600;8116.8100;8.4827;395.0000;0.3920;0;WO634635;562.66
2026/07/03;ENG-077;119;2026-01-05 23:00:00;642.5900;1582.2700;1405.8500;553.6400;2388.1300;9056.3000;47.7200;521.2600;2388.0800;8127.4400;8.4804;393.0000;0.6160;0;WO404919;269.99
2026-07-03;ENG-012;180;2026-01-08 12:00:00;641.8000;1581.9400;1401.1500;554.2700;2388.0900;9064.5500;47.3600;521.5000;2387.9900;8147.8800;8.4470;391.0000;1.0000;0;WO281580;1494.52
2026-07-03;ENG-043;170;2026-01-08 02:00:00;643.0800;1590.2300;1407.7200;552.9100;2388.1200;9057.0100;47.8500;521.0900;2388.1200;8134.6700;8.4296;394.0000;0.4880;0;WO578496;1,957.96
03-Jul-2026;eng-080;98;2026-01-05 02:00:00;642.2900;1593.5400;1406.6500;553.2900;2388.0200;9061.9900;47.5300;521.4900;2388.0500;8146.0900;8.4246;393.0000;1.0000;0;WO109192;2718.11
03-Jul-2026;eng-066;131;2026-01-06 11:00:00;643.2500;1594.3700;1416.3800;553.2600;2388.0600;9100.4300;47.8300;521.2800;2388.1100;8174.9900;8.4434;392.0000;0.2400;1;WO424843;24072.39
03-Jul-2026;ENG-084;151;2026-01-07 07:00:00;642.5500;1590.9500;1417.9200;553.5500;2388.0900;9049.8700;47.6100;521.3900;2388.1600;8138.5000;8.4313;394.0000;0.6320;0;WO950007;1,243.92
2026/07/03;ENG-021;112;2026-01-05 16:00:00;642.7600;1585.8500;1397.2900;553.7900;2388.0400;9059.1800;47.4000;522.0200;2388.0000;8147.0700;8.4580;390.0000;0.7440;0;WO139266;1253.14
2026-07-03;ENG-020;173;2026-01-08 05:00:00;643.6100;1599.2700;1421.4900;552.4000;2388.1700;9058.2800;47.6600;521.0000;2388.1700;8142.9900;8.4736;397.0000;0.2160;1;WO682106;5,387.55
03-Jul-2026;ENG-100;149;2026-01-07 05:00:00;642.2200;1591.3400;1406.0500;553.5900;2387.9900;9082.7700;47.4100;521.8500;2387.9900;8161.2800;8.4209;391.0000;0.5520;0;WO726075;2996.09
2026-07-03;ENG-042;136;2026-01-06 16:00:00;643.1800;1587.1500;1409.9900;552.7400;2388.1200;9043.8500;47.7300;520.8100;2388.2300;8119.2500;8.4278;395.0000;0.2400;1;WO445336;2,988.78
03-Jul-2026;  ENG-013 ;133;2026-01-06 13:00:00;642.0100;1577.9200;1400.9300;554.2000;2388.0500;9066.7000;47.2700;522.1600;2388.0100;8143.1900;8.4344;392.0000;1.0000;0;WO842846;1309.70
03-Jul-2026;  ENG-054 ;109;2026-01-05 13:00:00;641.5900;1586.1100;1410.3600;554.2500;2388.0200;9058.6900;47.2900;521.5000;2388.0200;8149.3900;8.4040;391.0000;;0;WO351263;942.11
03-Jul-2026;ENG-015;59;2026-01-03 11:00:00;642.5200;1588.8500;1402.0700;554.2300;2388.0000;9052.3700;47.2500;522.0600;2388.0200;8134.3800;8.4240;392.0000;0.8000;0;WO265320;2,288.33
03-Jul-2026;ENG-026;57;2026-01-03 09:00:00;642.9100;1586.9300;1403.5400;553.7900;2388.0600;9060.0800;47.3600;522.3100;2388.0300;8147.6500;8.4200;392.0000;1.0000;0;WO322137;1663.99
2026-07-03;ENG-098;113;2026-01-05 17:00:00;642.8100;1583.3300;1400.4000;553.0100;2388.0900;9064.2600;47.6200;521.1000;2388.1500;8139.8500;8.5143;393.0000;0.5360;0;WO318541;109.47
2026-07-03;ENG-025;47;2026-01-02 23:00:00;642.5700;1587.5200;1399.3300;554.5200;2388.0500;9048.4700;47.2600;521.7100;2388.0600;8132.0200;8.3926;393.0000;1.0000;0;WO964280;1,905.08
2026-07-03;ENG-043;137;2026-01-06 17:00:00;643.1200;1583.9600;1399.1100;553.5400;2388.1000;9052.9100;47.3900;521.7200;2388.1000;8138.4200;8.3980;393.0000;0.7520;0;WO171223;296.73
2026/07/03;ENG-035;170;2026-01-08 02:00:00;642.9300;1593.8400;1423.2800;552.8600;2388.1600;9065.8600;47.8900;520.6600;2388.1600;8147.4600;8.4659;395.0000;;0;WO941295;394.64
2026-07-03;ENG-051;125;2026-01-06 05:00:00;642.5800;1590.6500;1402.2400;553.3400;2388.1200;9054.4100;47.4400;521.1800;2388.1200;8130.4500;8.4317;393.0000;1.0000;0;WO440151;2373.10
2026/07/03;  ENG-050 ;72;2026-01-04 00:00:00;642.5800;1582.8100;1402.1100;554.0300;2388.0400;9059.5600;47.7000;521.6500;2388.0400;8147.3800;8.4488;391.0000;0.6480;0;WO123612;279.44
2026-07-03;ENG-049;291;2026-01-13 03:00:00;643.2200;1598.9300;1418.3400;553.3900;2388.2400;9055.5200;47.8900;520.5100;2388.1900;8138.9700;8.4491;395.0000;0.2640;0;WO411919;412.77
03-Jul-2026;ENG-089;129;2026-01-06 09:00:00;642.6000;1592.3200;1400.6400;553.9900;2388.1200;9038.9300;47.5700;521.2200;2388.1600;8124.3300;8.4163;393.0000;1.0000;0;WO941947;621.85
2026-07-03;ENG-097;116;2026-01-05 20:00:00;641.5900;1581.2400;1405.6400;553.4800;2388.0100;9070.7400;47.4000;521.9400;2388.0900;8158.3000;8.3833;393.0000;0.8000;0;WO979677;2,183.06
2026-07-03;ENG-019;92;2026-01-04 20:00:00;642.2000;1592.6300;1402.4100;554.8400;2388.0300;9059.0500;47.4000;521.8200;2388.0600;8138.0900;8.3962;393.0000;1.0000;0;WO793160;164.39
2026/07/03;ENG-090;136;2026-01-06 16:00:00;642.7000;1592.8900;1420.9700;553.5500;2388.1600;9080.4900;47.7300;520.8500;2388.1100;8148.6900;8.4324;394.0000;0.3040;0;WO271387;330.58
2026/07/03;ENG-093;172;2026-01-08 04:00:00;642.8000;1590.4900;1413.4900;553.6200;2388.1300;9066.1500;47.6000;521.3900;2388.1400;8145.2000;8.4751;393.0000;1.0000;0;WO804474;1532.09
2026-07-03;ENG-016;100;2026-01-05 04:00:00;642.2400;1589.6000;1402.8200;553.5500;2388.0700;9066.1900;47.2900;522.1200;2388.0300;8141.9900;8.4500;393.0000;0.7760;0;WO868996;1258.36
2026-07-03;ENG-060;142;2026-01-06 22:00:00;642.8400;1584.1100;1406.1300;553.4400;2388.1300;9052.6100;47.5200;521.6300;2388.1100;8136.6900;8.4172;394.0000;0.8400;0;WO326916;
2026-07-03;ENG-009;55;2026-01-03 07:00:00;642.2700;1593.6100;1410.2700;552.5800;2388.1300;9057.5700;47.5800;521.6500;2388.1600;8134.7600;8.4293;392.0000;0.8880;0;WO741778;2891.70
2026-07-03;ENG-028;135;2026-01-06 15:00:00;642.3100;1591.3600;1405.0500;553.7200;2388.1200;9055.2600;47.5400;521.3500;2388.0800;8131.5600;8.4421;395.0000;0.9600;0;WO674111;535.74
03-Jul-2026;  ENG-043 ;165;2026-01-07 21:00:00;642.5200;1591.4400;1414.6200;553.1900;2388.1500;9052.1800;47.6200;521.2600;2388.0800;8139.3400;8.4471;394.0000;0.5280;0;WO130579;2,637.20
2026/07/03;ENG-100;193;2026-01-09 01:00:00;643.1000;1595.6000;1414.6200;553.1800;2388.0800;9139.8800;47.5800;521.3700;2388.0500;8213.5700;8.4429;395.0000;0.2000;1;WO216507;2,794.18
2026/07/03;  ENG-017 ;140;2026-01-06 20:00:00;642.2000;1585.0300;1397.0400;553.4600;2388.0500;9088.3900;47.4500;521.6800;2388.0000;8158.1300;8.4259;394.0000;0.6000;0;WO432185;2568.80
03-Jul-2026;ENG-065;63;2026-01-03 15:00:00;641.7500;1584.6300;1396.4700;554.8800;2388.0800;9071.4300;47.1700;521.6300;2387.9900;8145.4500;8.3980;391.0000;1.0000;0;WO779584;1173.04
2026/07/03;ENG-071;53;2026-01-03 05:00:00;642.3700;1586.6600;1396.5100;554.0900;2388.0400;9061.9900;47.4700;521.5600;2388.0300;8147.3500;8.4031;392.0000;1.0000;0;WO413366;
2026/07/03;  ENG-086 ;107;2026-01-05 11:00:00;642.6100;1586.4100;1404.2700;553.5800;2388.0900;9062.8000;47.4200;521.5400;2388.0500;8145.6800;8.4643;391.0000;0.7360;0;WO263482;1493.13
03-Jul-2026;ENG-098;95;2026-01-04 23:00:00;642.0600;1595.9200;1402.5500;553.1700;2388.1200;9058.8000;47.5900;521.3900;2388.0800;8145.5300;8.4299;395.0000;0.6800;0;WO330283;1,376.57
03-Jul-2026;ENG-010;138;2026-01-06 18:00:00;642.2100;1584.9300;1399.3900;554.3900;2388.0200;9062.8100;47.4500;522.4400;2388.0700;8143.6100;8.4130;391.0000;;0;WO194969;1846.35
03-Jul-2026;ENG-068;165;2026-01-07 21:00:00;643.1400;1593.2700;1414.1700;553.0800;2388.1400;9070.4100;47.9100;521.0900;2388.1400;8148.9600;8.4522;394.0000;0.2400;1;WO894057;
03-Jul-2026;ENG-081;173;2026-01-08 05:00:00;642.8700;1589.6200;1415.4700;552.7800;2388.1300;9068.8200;47.7900;520.7100;2388.1200;8148.6200;8.4768;394.0000;0.3840;0;WO541471;2152.87
03-Jul-2026;ENG-021;134;2026-01-06 14:00:00;641.6700;1586.9000;1404.0700;554.3200;2388.0200;9074.9600;47.3100;521.5200;2388.0700;8155.4300;8.3944;393.0000;0.5680;0;WO185936;2974.44
2026-07-03;ENG-048;72;2026-01-04 00:00:00;642.5200;1595.1100;1408.8700;553.8200;2388.1000;9055.3200;47.5900;520.9200;2388.0800;8136.0800;8.4310;393.0000;0.7840;0;WO151376;2266.04
2026-07-03;ENG-011;66;2026-01-03 18:00:00;642.7400;1598.2000;1413.5000;553.8900;2388.1500;9036.1200;47.6400;521.3500;2388.1400;8121.1900;8.4227;392.0000;0.9120;0;WO341232;488.47
2026-07-03;ENG-081;213;2026-01-09 21:00:00;643.4900;1598.3500;1427.8300;551.5300;2388.2000;9075.2600;48.1100;519.6700;2388.2200;8148.3700;8.4987;397.0000;0.0640;1;WO138998;14961.27
2026/07/03;ENG-040;129;2026-01-06 09:00:00;643.1200;1588.6200;1416.6400;552.5700;2388.2300;9074.5400;47.7700;520.5700;2388.1800;8148.7200;8.4803;395.0000;0.2560;0;WO845380;222.85
2026/07/03;eng-028;145;2026-01-07 01:00:00;642.7400;1586.9400;1411.7900;553.6000;2388.1100;9055.4900;47.5600;521.5800;2388.1000;8141.1900;8.4021;394.0000;0.8800;0;WO768673;
2026-07-03;ENG-006;82;2026-01-04 10:00:00;642.8800;1589.5800;1404.8500;552.7500;2388.1000;9058.7100;47.4200;522.0300;2388.1400;8134.6700;8.4462;393.0000;0.9280;0;WO570291;96.36
2026/07/03;ENG-041;114;2026-01-05 18:00:00;642.5700;1597.9300;1408.8100;552.9000;2388.1700;9037.9900;47.6200;521.5700;2388.1900;8117.9200;8.4780;393.0000;0.2160;1;WO243702;11158.83
2026-07-03;ENG-086;90;2026-01-04 18:00:00;643.0100;1577.5600;1410.2100;553.5300;2388.0400;9061.7000;47.3900;521.4600;2388.0500;8147.8500;8.4358;391.0000;0.8720;0;WO308006;710.47
2026-07-03;ENG-040;119;2026-01-05 23:00:00;642.5800;1596.5500;1413.0000;552.2800;2388.1500;9064.0100;47.8600;520.9200;2388.1400;8146.4300;8.4429;394.0000;0.3360;0;WO272355;489.01
2026/07/03;eng-093;177;2026-01-08 09:00:00;642.4600;1595.4900;1417.8300;552.9700;2388.0800;9065.7300;47.6400;520.9600;2388.1200;8141.1100;8.4591;394.0000;1.0000;0;WO521665;2917.43
2026-07-03;eng-030;110;2026-01-05 14:00:00;642.7000;1590.3700;1413.2900;553.3600;2388.1700;9053.5200;47.5500;520.8500;2388.1100;8127.9100;8.4200;394.0000;1.0000;0;WO154258;2,162.04
03-Jul-2026;  ENG-073 ;98;2026-01-05 02:00:00;642.3900;1592.1100;1401.5100;553.3500;2388.0900;9043.5300;47.4100;522.1500;2388.1200;8135.7500;8.3895;393.0000;1.0000;0;WO571075;102.22
2026/07/03;eng-027;135;2026-01-06 15:00:00;642.4000;1587.8200;1409.4400;552.7500;2388.1600;9057.4700;47.5400;521.8200;2388.0100;8139.4300;8.4234;392.0000;0.5680;0;WO518098;653.59
2026-07-03;ENG-050;67;2026-01-03 19:00:00;642.4800;1582.5100;1395.7700;553.9300;2388.0400;9058.1700;47.2400;522.3300;2388.0300;8138.5900;8.3996;393.0000;0.6880;0;WO318732;2963.73
03-Jul-2026;ENG-093;164;2026-01-07 20:00:00;642.8900;1594.3900;1406.7300;552.9400;2388.0900;9062.4300;47.5700;521.3200;2388.1100;8139.6600;8.4757;393.0000;1.0000;0;WO114974;521.35
2026/07/03;eng-068;143;2026-01-06 23:00:00;642.9900;1590.0300;1413.5100;553.1800;2388.1100;9069.6400;47.4900;521.2400;2388.1400;8140.9700;8.4425;395.0000;0.4160;0;WO727813;2,478.68
2026/07/03;ENG-065;50;2026-01-03 02:00:00;641.5700;1583.3100;1397.4300;554.0500;2387.9900;9065.3400;47.2300;522.0300;2388.0400;8150.9700;8.4099;392.0000;1.0000;0;WO791268;
2026-07-03;ENG-089;122;2026-01-06 02:00:00;642.7300;1586.4600;1409.8600;553.7500;2388.1300;9047.3900;47.5900;521.2200;2388.0800;8128.3400;8.4116;394.0000;1.0000;0;WO315054;933.41
2026/07/03;eng-027;140;2026-01-06 20:00:00;642.5600;1586.5600;1407.1600;553.3000;2388.0600;9049.4500;47.4400;521.6400;2388.1400;8124.1500;8.4400;392.0000;0.5280;0;WO231763;2,363.91
2026-07-03;ENG-046;104;2026-01-05 08:00:00;642.9600;1596.0500;1406.3700;553.7200;2388.0600;9068.0600;47.5000;521.0500;2388.0900;8147.5800;8.4119;393.0000;0.7120;0;WO359806;2,331.49
2026/07/03;ENG-044;46;2026-01-02 22:00:00;642.5300;1589.1900;1407.6400;553.0800;2388.0700;9054.3000;47.4300;522.1100;2388.1000;8133.9700;8.3890;395.0000;0.9360;0;WO955798;1205.59
2026-07-03;ENG-100;145;2026-01-07 01:00:00;642.3400;1589.9900;1408.1500;553.4500;2388.0200;9083.1800;47.2700;522.0400;2388.0400;8162.6400;8.4193;393.0000;0.5840;0;WO886488;1,256.16
2026/07/03;ENG-053;148;2026-01-07 04:00:00;642.8300;1586.0700;1410.6100;553.3500;2388.1000;9089.8600;47.6100;521.2500;2388.0600;8163.9800;8.4140;394.0000;0.3360;0;WO177901;73.58
2026/07/03;ENG-075;78;2026-01-04 06:00:00;642.7300;1577.5400;1413.4400;553.5700;2388.0900;9059.2900;47.3000;521.0900;2388.0800;8142.4900;8.4540;392.0000;0.9840;0;WO110044;837.85
2026/07/03;ENG-034;162;2026-01-07 18:00:00;642.8000;1589.5600;1405.0600;553.4200;2388.1100;9063.6400;47.6800;521.5100;2388.1300;8135.8500;8.4121;395.0000;0.3840;0;WO333156;1,699.55
2026-07-03;ENG-083;67;2026-01-03 19:00:00;642.0300;1583.7100;1410.4000;553.9200;2388.0400;9056.6300;47.4500;521.4200;2388.0500;8136.1000;8.4177;393.0000;1.0000;0;WO353125;1592.55
2026/07/03;eng-049;214;2026-01-09 22:00:00;642.5700;1589.9100;1408.8700;553.6000;2388.0500;9063.7400;47.5100;521.7900;2388.1000;8141.6700;8.4351;394.0000;;0;WO891500;674.44
2026-07-03;ENG-076;191;2026-01-08 23:00:00;642.7700;1592.3500;1424.3300;551.7900;2388.1300;9103.7900;47.7300;520.5300;2388.1100;8168.7600;8.4638;395.0000;0.1920;1;WO527924;21,971.43
2026-07-03;  ENG-077 ;110;2026-01-05 14:00:00;642.4500;1586.6200;1411.1200;553.4600;2388.1300;9051.8700;47.5000;521.8300;2388.1100;8128.8900;8.4501;392.0000;0.6880;0;WO529405;1845.56
2026/07/03;ENG-091;187;2026-01-08 19:00:00;643.1700;1593.9600;1418.8600;552.5300;2388.1900;9049.1900;47.7400;520.7000;2388.1600;8126.2200;8.4743;395.0000;0.6800;0;WO239659;2439.01
2026-07-03;ENG-033;40;2026-01-02 16:00:00;642.6500;1592.8600;1408.4900;552.6400;2388.1400;9055.8300;47.6100;521.6000;2388.1300;8134.7900;8.4172;393.0000;0.9280;0;WO597442;374.25
03-Jul-2026;ENG-034;161;2026-01-07 17:00:00;643.1900;1586.4100;1408.9000;553.8200;2388.0500;9055.7700;47.4600;521.1000;2388.1200;8137.8900;8.4472;394.0000;0.3920;0;WO683956;768.65
03-Jul-2026;ENG-032;111;2026-01-05 15:00:00;642.3300;1581.4600;1408.3300;554.6500;2388.0200;9089.0300;47.3300;522.2800;2388.0000;8159.4800;8.4236;393.0000;0.6560;0;WO835928;524.20
2026/07/03;eng-019;108;2026-01-05 12:00:00;642.6200;1586.9000;1401.3700;554.6100;2388.0700;9061.9600;47.4500;521.9400;2388.0000;8140.7600;8.4109;391.0000;0.9120;0;WO752109;88.32
03-Jul-2026;eng-092;145;2026-01-07 01:00:00;643.2000;1595.0800;1417.1200;552.6700;2388.2100;9046.8400;47.8800;520.1900;2388.2300;8125.5100;8.4644;395.0000;0.2000;1;WO592342;9,110.38
2026-07-03;  ENG-049 ;205;2026-01-09 13:00:00;642.3100;1592.5200;1404.3300;553.2700;2388.0700;9065.7800;47.4300;521.6900;2388.1100;8143.1400;8.4229;392.0000;0.9520;0;WO768899;631.66
2026/07/03;ENG-023;109;2026-01-05 13:00:00;642.2000;1591.1600;1400.8800;553.7900;2388.0500;9044.9800;47.3000;521.4100;2388.0600;8132.0400;8.3912;390.0000;1.0000;0;WO256245;
2026/07/03;ENG-092;103;2026-01-05 07:00:00;643.1800;1589.5300;1411.0400;551.9900;2388.2000;9040.5100;47.6700;520.6500;2388.1700;8123.8000;8.4621;394.0000;0.5360;0;WO769529;1,578.65
2026/07/03;  ENG-008 ;133;2026-01-06 13:00:00;642.3600;1586.5100;1408.3200;553.5600;2388.1600;9047.3700;47.6300;521.4200;2388.1000;8128.2300;8.4475;393.0000;1.0000;0;WO308781;1277.79
2026-07-03;ENG-100;163;2026-01-07 19:00:00;643.0000;1591.2200;1406.9400;554.2800;2388.0100;9098.2400;47.5200;521.4400;2388.0300;8175.2400;8.4371;393.0000;0.4400;0;WO252650;2,879.76
2026-07-03;ENG-012;210;2026-01-09 18:00:00;642.4200;1585.2200;1399.6500;553.6700;2388.0500;9066.0900;47.2700;521.7500;2388.0600;8147.1100;8.4196;392.0000;1.0000;0;WO835373;885.55
2026/07/03;ENG-049;247;2026-01-11 07:00:00;642.6500;1590.5800;1410.8300;553.1400;2388.1400;9051.4900;47.6300;521.8000;2388.1100;8139.0400;8.4691;393.0000;0.6160;0;WO592774;2449.84
2026-07-03;ENG-009;39;2026-01-02 15:00:00;642.1400;1588.2600;1410.7600;552.9300;2388.1300;9052.4400;47.5800;521.2300;2388.1200;8125.2700;8.4205;392.0000;1.0000;0;WO824329;1,165.25
2026-07-03;ENG-015;61;2026-01-03 13:00:00;641.8400;1590.0600;1390.5500;553.8300;2388.0700;9056.5000;47.3500;522.6100;2388.0500;8130.5800;8.4508;393.0000;0.7840;0;WO438538;1,534.55
2026/07/03;ENG-084;140;2026-01-06 20:00:00;642.9300;1588.7400;1409.6200;552.9500;2388.0900;9053.2900;47.6500;521.7900;2388.1500;8133.3900;8.4377;394.0000;0.7200;0;WO385690;2718.69
2026/07/03;ENG-028;153;2026-01-07 09:00:00;643.1400;1588.2900;1405.3000;553.0700;2388.1100;9049.2200;47.5000;521.1500;2388.0900;8136.6000;8.4244;391.0000;0.8160;0;WO551497;2,557.63
03-Jul-2026;ENG-054;88;2026-01-04 16:00:00;641.6000;1582.4800;1395.6200;554.5200;2388.0300;9059.0200;47.2800;522.1900;2387.9700;8141.5700;8.4000;391.0000;1.0000;0;WO969572;1,589.88
03-Jul-2026;ENG-032;140;2026-01-06 20:00:00;642.2600;1587.6200;1406.8100;553.8600;2388.0400;9089.2200;47.4100;521.9800;2388.0800;8164.7500;8.4312;394.0000;0.4240;0;WO814712;1327.86
03-Jul-2026;ENG-099;69;2026-01-03 21:00:00;641.8400;1580.8800;1391.8600;554.0500;2388.0200;9065.8200;47.2900;522.3300;2387.9900;8149.7500;8.3614;390.0000;1.0000;0;WO552570;840.74
2026-07-03;ENG-099;87;2026-01-04 15:00:00;642.2000;1582.7100;1400.1400;554.8600;2388.0100;9068.1100;47.3800;522.3800;2388.0100;8150.2700;8.3994;391.0000;1.0000;0;WO137218;317.99
2026-07-03;  ENG-064 ;136;2026-01-06 16:00:00;642.4800;1596.2600;1407.6000;553.6500;2388.1400;9060.3100;47.5800;521.3700;2388.1100;8138.4800;8.4758;394.0000;0.4800;0;WO219961;2599.73
03-Jul-2026;  ENG-026 ;63;2026-01-03 15:00:00;642.6700;1592.7000;1395.5900;554.6000;2388.0700;9067.4000;47.3400;522.0000;2388.0700;8147.5400;8.3930;391.0000;1.0000;0;WO540372;
2026-07-03;eng-018;129;2026-01-06 09:00:00;643.0300;1600.3300;1419.2100;553.2500;2388.1800;9053.7400;47.6300;521.2300;2388.1200;8136.1700;8.4771;392.0000;0.2560;0;WO339144;540.08
2026-07-03;ENG-076;159;2026-01-07 15:00:00;642.9700;1591.7800;1406.8600;553.9900;2388.1000;9083.4400;47.5600;520.9200;2388.0900;8155.6200;8.4266;392.0000;0.4480;0;WO773377;2822.83
2026/07/03;eng-016;96;2026-01-05 00:00:00;642.0600;1588.9600;1405.8000;553.9900;2388.0800;9057.9800;47.3400;521.5500;2388.0500;8139.1400;8.4011;390.0000;0.8080;0;WO508949;2187.54
2026/07/03;ENG-028;129;2026-01-06 09:00:00;642.6100;1587.7300;1403.9600;553.0600;2388.0500;9050.8400;47.7200;521.7000;2388.1000;8137.4100;8.4614;393.0000;1.0000;0;WO930571;1901.88
03-Jul-2026;ENG-045;117;2026-01-05 21:00:00;643.0300;1592.0800;1410.1700;552.4600;2388.0800;9061.4800;47.6700;521.2700;2388.0700;8143.3800;8.4510;394.0000;1.0000;0;WO723397;
2026-07-03;ENG-075;88;2026-01-04 16:00:00;642.1300;1594.4700;1403.3000;554.1100;2388.1200;9051.2800;47.4000;521.5200;2388.1000;8132.1400;8.4316;392.0000;0.9040;0;WO266466;837.88
2026/07/03;ENG-072;98;2026-01-05 02:00:00;642.6200;1587.9500;1404.5400;554.0700;2388.0500;9069.2300;47.4100;521.6800;2388.0600;8143.5200;8.4426;392.0000;0.6640;0;WO660798;1492.86
03-Jul-2026;ENG-058;163;2026-01-07 19:00:00;642.4800;1588.9200;1419.2000;553.5100;2388.0700;9066.6500;47.6600;521.0500;2388.2100;8132.7200;8.4876;394.0000;0.4000;0;WO483070;1904.28
2026/07/03;ENG-082;144;2026-01-07 00:00:00;642.1000;1597.2400;1416.2500;553.1100;2388.1800;9059.8700;47.6300;520.3800;2388.1800;8140.2900;8.4658;394.0000;0.2160;1;WO884242;
2026/07/03;ENG-017;165;2026-01-07 21:00:00;642.9000;1599.1700;1412.5400;553.4900;2388.0600;9094.7200;47.5500;521.5200;2388.0300;8171.9800;8.4319;394.0000;0.4000;0;WO141488;2725.64
2026-07-03;ENG-078;65;2026-01-03 17:00:00;641.9800;1579.8800;1397.5400;553.8500;2388.0000;9072.8800;47.2000;522.8000;2387.9800;8144.9100;8.3925;392.0000;0.9120;0;WO309839;204.56
2026/07/03;ENG-049;218;2026-01-10 02:00:00;642.5000;1588.2400;1410.3000;554.2800;2388.0600;9060.9700;47.4100;522.3700;2388.0900;8140.6700;8.4061;394.0000;0.8480;0;WO107580;991.20
2026-07-03;ENG-097;93;2026-01-04 21:00:00;642.3800;1582.6600;1400.9700;554.7300;2388.0100;9068.5500;47.2900;522.2400;2388.0500;8148.6900;8.3903;391.0000;0.9840;0;WO650816;2212.92
2026/07/03;ENG-022;30;2026-01-02 06:00:00;642.0200;1588.4400;1402.6000;553.9700;2388.0900;9054.5900;47.4200;520.9200;2388.1100;8134.2900;8.4311;391.0000;0.9600;0;WO445012;719.21
2026-07-03;ENG-079;101;2026-01-05 05:00:00;642.4300;1590.9400;1405.3900;553.4000;2388.1500;9040.3900;47.6600;521.5500;2388.1400;8125.5500;8.4516;393.0000;0.5040;0;WO112540;246.06
2026/07/03;eng-100;150;2026-01-07 06:00:00;642.7500;1587.9100;1408.7700;553.4100;2388.0500;9077.0300;47.4600;521.9900;2388.0500;8162.6200;8.4270;393.0000;0.5440;0;WO224628;771.46
03-Jul-2026;ENG-003;114;2026-01-05 18:00:00;643.1700;1592.0800;1419.0100;552.8500;2388.2100;9045.4500;47.8200;521.7400;2388.1400;8131.6700;8.4324;393.0000;0.6480;0;WO246477;1140.72
03-Jul-2026;  ENG-031 ;189;2026-01-08 21:00:00;643.3800;1589.9400;1424.6300;552.1300;2388.1600;9083.7200;47.8200;519.9100;2388.1100;8151.9000;8.4717;395.0000;0.1200;1;WO477440;5986.94
03-Jul-2026;ENG-094;115;2026-01-05 19:00:00;643.2400;1588.8500;1409.8600;552.8200;2388.1600;9061.0000;47.5700;520.8400;2388.1300;8140.2100;8.4520;395.0000;0.5840;0;WO108235;245.96
2026-07-03;ENG-093;228;2026-01-10 12:00:00;642.7700;1598.9300;1414.0400;552.5500;2388.1100;9077.5200;47.9500;520.8100;2388.1300;8153.0200;8.4567;395.0000;0.8080;0;WO252676;2061.23
2026/07/03;ENG-066;122;2026-01-06 02:00:00;642.5300;1596.2100;1423.6900;552.8600;2388.0900;9092.5400;47.9300;520.6400;2388.0600;8165.9600;8.4528;396.0000;0.3120;0;WO525847;2,233.68
2026/07/03;ENG-040;91;2026-01-04 19:00:00;643.1700;1592.7100;1409.4700;553.4800;2388.1300;9050.7700;47.5900;521.0100;2388.1700;8138.5800;8.4341;393.0000;0.5600;0;WO208379;795.22
03-Jul-2026;ENG-082;152;2026-01-07 08:00:00;643.5600;1599.5500;1416.6400;552.2200;2388.2200;9051.1700;47.8800;520.7900;2388.2100;8129.0800;8.4801;396.0000;0.1520;1;WO141121;
2026-07-03;ENG-018;114;2026-01-05 18:00:00;642.1200;1583.3700;1408.7500;553.8500;2388.0900;9057.8100;47.6000;521.7600;2388.1200;8139.4000;8.4419;391.0000;0.3760;0;WO982158;856.39
2026-07-03;ENG-062;201;2026-01-09 09:00:00;642.7500;1584.2000;1407.1700;554.5800;2388.0200;9078.7700;47.1400;522.2500;2388.0400;8153.4500;8.4144;394.0000;;0;WO893630;687.68
2026/07/03;ENG-098;87;2026-01-04 15:00:00;642.6300;1583.1600;1412.8900;553.8500;2388.1200;9065.0200;47.4200;521.0900;2388.1400;8141.8100;8.4485;393.0000;0.7440;0;WO966267;2933.58
03-Jul-2026;eng-074;94;2026-01-04 22:00:00;642.5200;1595.0400;1403.6600;554.4100;2388.0000;9063.9100;47.3200;521.4600;2388.1200;8140.1000;8.4105;393.0000;1.0000;0;WO365257;2952.53
2026/07/03;  ENG-014 ;38;2026-01-02 14:00:00;642.3600;1594.8700;1413.7700;553.2400;2388.1800;9036.5800;47.6200;521.5300;2388.1600;8118.1200;8.4322;393.0000;0.9200;0;WO749213;934.73
03-Jul-2026;ENG-035;168;2026-01-08 00:00:00;643.4100;1592.5200;1417.5400;552.1000;2388.2300;9065.5000;48.0100;520.3300;2388.2100;8146.9800;8.4893;395.0000;0.3280;0;WO513101;657.42
2026-07-03;ENG-056;96;2026-01-05 00:00:00;642.6700;1598.3600;1407.6500;552.6300;2388.2000;9046.2100;47.9600;520.9800;2388.2000;8120.9000;8.4709;393.0000;0.4400;0;WO456786;
2026/07/03;ENG-008;162;2026-01-07 18:00:00;642.9200;1595.1400;1405.2500;553.0800;2388.1600;9052.0000;47.5000;520.9600;2388.1200;8130.3800;8.4382;393.0000;0.7920;0;WO280854;1,647.27
2026/07/03;ENG-064;127;2026-01-06 07:00:00;642.3200;1580.3200;1406.1300;553.0000;2388.1300;9063.8000;47.5200;521.2400;2388.1100;8134.4900;8.4249;392.0000;0.5520;0;WO135277;2,559.60
2026-07-03;  ENG-062 ;214;2026-01-09 22:00:00;642.4700;1591.7200;1405.6900;554.4400;2388.0200;9078.8500;47.6800;521.8900;2388.0700;8163.2000;8.4277;392.0000;0.5760;0;WO947576;1823.23
03-Jul-2026;  ENG-079 ;81;2026-01-04 09:00:00;642.2100;1585.0800;1404.8000;554.1500;2388.0700;9049.5000;47.2700;521.6100;2388.0900;8126.8800;8.4245;394.0000;0.6640;0;WO458048;
2026-07-03;ENG-012;184;2026-01-08 16:00:00;642.3700;1586.8900;1398.4800;554.4200;2388.0000;9070.6800;47.4600;521.6600;2388.1100;8144.2900;8.4099;393.0000;1.0000;0;WO522683;1,403.16
03-Jul-2026;ENG-097;132;2026-01-06 12:00:00;642.2000;1589.0800;1402.3800;553.7200;2388.0300;9081.3000;47.4500;521.7800;2388.0700;8153.2800;8.4187;393.0000;0.6720;0;WO824045;1791.26
2026/07/03;  ENG-035 ;186;2026-01-08 18:00:00;643.3400;1595.6000;1425.6600;552.3000;2388.2000;9074.9600;47.9400;520.4700;2388.1900;8143.4800;8.4832;396.0000;0.1840;1;WO632969;8404.99
2026-07-03;  ENG-007 ;111;2026-01-05 15:00:00;642.2600;1593.8000;1402.2800;554.0700;2388.0600;9060.7600;47.3500;521.8000;2388.0100;8145.9900;8.4237;391.0000;1.0000;0;WO168534;1,882.32
2026-07-03;ENG-010;156;2026-01-07 12:00:00;642.2000;1588.4800;1400.9500;554.4500;2388.0700;9056.6300;47.1300;521.1400;2388.0800;8144.4600;8.4179;391.0000;1.0000;0;WO427237;2974.51
03-Jul-2026;ENG-066;100;2026-01-05 04:00:00;642.6600;1592.6200;1403.6500;553.5200;2388.1200;9075.6000;47.5900;521.6400;2388.1500;8150.2600;8.4689;394.0000;0.4880;0;WO186935;1,596.82
2026/07/03;ENG-084;158;2026-01-07 14:00:00;642.8000;1594.0600;1406.5800;552.3100;2388.1300;9050.6500;47.5400;521.1400;2388.1600;8131.1000;8.4447;393.0000;0.5760;0;WO571608;1,706.18
2026-07-03;  ENG-095 ;82;2026-01-04 10:00:00;641.9400;1585.2600;1402.5000;553.6500;2388.0200;9051.3600;47.4000;521.7800;2388.0700;8134.8700;8.4080;392.0000;1.0000;0;WO954836;
2026-07-03;ENG-053;140;2026-01-06 20:00:00;642.2800;1591.3900;1396.6700;553.7000;2388.0100;9084.2200;47.4600;521.7700;2388.0700;8158.2300;8.4546;394.0000;0.4000;0;WO760812;1943.33
2026/07/03;ENG-040;114;2026-01-05 18:00:00;642.7100;1595.8100;1414.5300;552.3900;2388.1700;9061.2900;47.6900;520.3900;2388.1500;8139.3300;8.4761;395.0000;0.3760;0;WO402678;1116.22
2026-07-03;  ENG-053 ;127;2026-01-06 07:00:00;642.7300;1586.6900;1411.4600;553.7900;2388.1100;9078.0700;47.5300;521.3900;2388.0800;8149.2200;8.4339;393.0000;0.5040;0;WO287253;1011.91
03-Jul-2026;eng-084;163;2026-01-07 19:00:00;642.7600;1590.4200;1416.1600;552.6900;2388.1900;9047.8500;47.7700;521.0000;2388.1700;8132.3500;8.4620;393.0000;0.5360;0;WO692655;1,626.07
2026/07/03;ENG-006;89;2026-01-04 17:00:00;642.7200;1591.7700;1407.3300;552.4800;2388.1000;9045.8100;47.5500;521.5500;2388.1400;8134.7800;8.4325;394.0000;0.8720;0;WO572561;2,858.58
03-Jul-2026;ENG-091;164;2026-01-07 20:00:00;642.5900;1593.6500;1412.0400;552.5900;2388.1900;9049.4200;47.7500;520.8900;2388.1300;8131.1100;8.4772;393.0000;0.8640;0;WO144838;1,645.72
2026/07/03;ENG-038;94;2026-01-04 22:00:00;642.5700;1591.4200;1411.0900;552.3500;2388.1100;9059.0700;47.6300;520.9400;2388.1100;8137.7000;8.4519;393.0000;0.6480;0;WO519126;867.57
03-Jul-2026;eng-088;60;2026-01-03 12:00:00;642.5700;1595.9000;1410.4200;553.5300;2388.1700;9035.4600;47.5200;521.0500;2388.1200;8126.0400;8.4487;392.0000;0.9840;0;WO265904;2170.38
2026/07/03;ENG-004;106;2026-01-05 10:00:00;642.7800;1594.5300;1406.8800;552.6400;2388.1300;9051.3000;47.6500;521.8800;2388.1100;8133.6400;8.4634;395.0000;0.6560;0;WO212690;142.97
03-Jul-2026;ENG-084;164;2026-01-07 20:00:00;642.9300;1586.1400;1415.0100;552.9500;2388.1700;9045.4900;47.7300;521.0400;2388.1100;8125.7800;8.4463;394.0000;0.5280;0;WO355901;2418.45
2026/07/03;ENG-051;121;2026-01-06 01:00:00;642.8800;1597.4600;1406.0300;553.5800;2388.1000;9049.1500;47.5100;521.1000;2388.0800;8135.4800;8.4645;393.0000;1.0000;0;WO535479;347.76
2026/07/03;ENG-080;101;2026-01-05 05:00:00;642.5400;1587.7400;1402.8500;554.2400;2388.0700;9071.3800;47.6500;521.6100;2388.1100;8148.3400;8.4332;393.0000;0.9760;0;WO787792;2832.48
2026-07-03;ENG-076;152;2026-01-07 08:00:00;642.5400;1588.9100;1410.0900;553.7900;2388.0800;9082.3200;47.5100;521.6100;2388.0200;8150.5900;8.4189;392.0000;0.5040;0;WO863754;2925.39
2026-07-03;ENG-012;147;2026-01-07 03:00:00;642.2100;1589.9900;1403.8800;553.7800;2388.0300;9059.9900;47.3000;522.0400;2388.0200;8140.9600;8.4158;392.0000;1.0000;0;WO678097;2465.88
03-Jul-2026;ENG-023;118;2026-01-05 22:00:00;642.2800;1587.9300;1397.5600;554.1000;2388.0500;9050.8300;47.2900;522.2300;2388.0500;8129.4300;8.4055;391.0000;1.0000;0;WO171736;1725.35
03-Jul-2026;  ENG-008 ;147;2026-01-07 03:00:00;642.6600;1590.6100;1406.5900;553.7200;2388.1400;9043.0700;47.4500;521.1700;2388.1000;8130.9000;8.4567;392.0000;0.9120;0;WO604989;577.01
2026/07/03;ENG-059;76;2026-01-04 04:00:00;642.0100;1588.9600;1397.1300;554.3600;2388.0300;9056.5000;47.2000;522.4200;2388.0400;8143.1800;8.4166;393.0000;1.0000;0;WO108787;1,509.59
2026/07/03;  ENG-048 ;66;2026-01-03 18:00:00;642.4700;1592.3700;1405.2600;554.3800;2388.0400;9049.9700;47.5000;521.5700;2388.0700;8140.6900;8.4072;391.0000;0.8320;0;WO569362;2,679.57
2026-07-03;ENG-064;118;2026-01-05 22:00:00;642.5300;1590.3300;1402.8500;553.5300;2388.0500;9051.6600;47.4200;521.7300;2388.1200;8136.6600;8.4087;393.0000;0.6240;0;WO301783;360.40
2026/07/03;ENG-068;152;2026-01-07 08:00:00;642.3300;1588.4900;1412.7600;553.2500;2388.1300;9066.8300;47.6200;520.9800;2388.1600;8144.5200;8.5039;394.0000;0.3440;0;WO349419;1176.92
2026-07-03;ENG-059;83;2026-01-04 11:00:00;642.4700;1593.7100;1396.0100;554.0000;2388.0400;9061.2000;47.3300;521.3600;2388.0400;8139.5100;8.4072;392.0000;1.0000;0;WO443137;2,477.74
2026/07/03;ENG-018;127;2026-01-06 07:00:00;642.4500;1588.6100;1410.6100;553.7700;2388.1600;9052.5600;47.5600;520.7400;2388.1300;8133.5400;8.5174;394.0000;0.2720;0;WO590674;
2026-07-03;ENG-094;100;2026-01-05 04:00:00;642.9000;1588.7500;1408.0100;552.4600;2388.0600;9057.5300;47.5600;521.1700;2388.0900;8134.3300;8.4780;393.0000;0.7040;0;WO553540;1,962.00
03-Jul-2026;eng-055;106;2026-01-05 10:00:00;641.8600;1584.4600;1401.5000;553.8800;2388.1200;9056.3200;47.3000;521.8300;2388.0600;8134.9500;8.4487;392.0000;1.0000;0;WO303174;293.87
2026-07-03;ENG-068;164;2026-01-07 20:00:00;643.1000;1594.6300;1416.8300;551.9800;2388.1300;9078.4200;47.8800;520.1500;2388.1300;8148.1800;8.4491;395.0000;0.2480;0;WO673743;
2026-07-03;ENG-042;139;2026-01-06 19:00:00;642.7700;1594.7000;1412.1100;552.8500;2388.2400;9036.3300;47.7400;520.6900;2388.1700;8124.8800;8.4728;394.0000;;1;WO842388;15892.21
2026/07/03;ENG-090;101;2026-01-05 05:00:00;642.7700;1595.8900;1404.9500;553.6800;2388.0700;9059.8200;47.6800;521.6700;2388.1000;8139.7000;8.4187;393.0000;0.5840;0;WO555410;2,635.25
2026-07-03;  ENG-031 ;161;2026-01-07 17:00:00;643.3900;1589.0200;1421.2200;552.2400;2388.1200;9079.6700;47.8100;521.3500;2388.1600;8154.5000;8.4336;393.0000;0.3440;0;WO993677;219.59
2026/07/03;ENG-036;88;2026-01-04 16:00:00;642.8300;1593.7600;1410.2700;553.6100;2388.1200;9058.8300;47.7100;520.8500;2388.1300;8141.5100;8.4540;394.0000;0.4560;0;WO666362;1,567.77
03-Jul-2026;  ENG-042 ;113;2026-01-05 17:00:00;642.1000;1585.1600;1406.8200;553.6100;2388.1400;9052.5200;47.4800;521.6500;2388.1300;8133.1200;8.4508;393.0000;0.4240;0;WO506394;1,322.71
03-Jul-2026;ENG-099;93;2026-01-04 21:00:00;642.2400;1586.3900;1401.4600;554.6200;2388.0200;9062.3800;47.1200;522.2500;2388.0200;8160.6200;8.4232;392.0000;0.9680;0;WO895655;1257.79
03-Jul-2026;ENG-081;168;2026-01-08 00:00:00;643.1100;1597.9100;1416.7900;552.4500;2388.1300;9072.8400;47.5700;521.2700;2388.0800;8152.1900;8.4420;393.0000;0.4240;0;WO738243;1788.63
2026/07/03;eng-058;152;2026-01-07 08:00:00;643.2300;1592.6000;1412.5400;553.9300;2388.1200;9057.0100;47.5600;521.5900;2388.1300;8130.5700;8.4691;394.0000;0.4880;0;WO130525;2,669.54
03-Jul-2026;ENG-012;159;2026-01-07 15:00:00;642.0900;1587.1000;1406.7600;554.0300;2387.9800;9058.0000;47.2700;522.1600;2388.0300;8143.0000;8.3865;393.0000;1.0000;0;WO562365;2745.98
03-Jul-2026;  ENG-090 ;144;2026-01-07 00:00:00;642.4600;1597.2800;1419.3800;552.5500;2388.1900;9084.9200;48.0600;520.4200;2388.1000;8153.2700;8.4487;395.0000;0.2400;1;WO917594;3531.67
03-Jul-2026;ENG-009;48;2026-01-03 00:00:00;642.2000;1592.7500;1411.4400;553.2700;2388.0700;9046.1300;47.7000;521.2300;2388.1100;8133.1000;8.4488;393.0000;0.9440;0;WO145798;190.07
2026/07/03;  ENG-056 ;128;2026-01-06 08:00:00;643.5500;1595.2500;1425.3800;552.1800;2388.2300;9047.1300;47.9100;520.0700;2388.2600;8120.3700;8.5231;395.0000;0.1840;1;WO610415;
03-Jul-2026;ENG-100;168;2026-01-08 00:00:00;642.9400;1585.1600;1406.9500;553.8100;2388.0400;9099.3100;47.4700;521.6500;2388.0700;8181.4900;8.4520;393.0000;0.4000;0;WO369179;681.69
2026-07-03;eng-067;52;2026-01-03 04:00:00;642.3500;1592.5900;1398.8900;554.0300;2388.0100;9063.3100;47.2800;521.7000;2388.0500;8139.7300;8.4119;391.0000;0.7680;0;WO725757;1670.83
2026-07-03;ENG-009;45;2026-01-02 21:00:00;642.5800;1590.2500;1406.4500;553.1900;2388.1400;9057.9900;47.3900;521.8700;2388.1500;8132.1600;8.4438;394.0000;0.9680;0;WO345924;2,042.15
03-Jul-2026;ENG-052;160;2026-01-07 16:00:00;642.5000;1591.3700;1410.3900;553.4000;2388.0200;9081.4800;47.3500;521.4400;2387.9900;8156.4800;8.4335;393.0000;0.4640;0;WO125751;630.53
03-Jul-2026;ENG-049;238;2026-01-10 22:00:00;642.8700;1588.4600;1403.3100;553.0800;2388.1200;9054.3100;47.5400;521.3700;2388.0900;8142.3300;8.4842;391.0000;0.6880;0;WO192643;1843.34
2026/07/03;ENG-076;163;2026-01-07 19:00:00;642.3900;1591.0500;1416.0800;552.9300;2388.1500;9076.3900;47.5600;521.2100;2388.1000;8154.5000;8.4305;393.0000;;0;WO630256;
2026/07/03;  ENG-097 ;123;2026-01-06 03:00:00;642.2900;1585.5200;1400.1600;553.6700;2388.0100;9068.6600;47.4000;522.0200;2388.0300;8153.9400;8.4398;393.0000;0.7440;0;WO472848;1,038.85
2026/07/03;ENG-090;118;2026-01-05 22:00:00;642.8400;1590.6600;1409.2200;552.7500;2388.1200;9075.9900;47.6000;521.4800;2388.0600;8146.9400;8.4402;394.0000;0.4480;0;WO186175;829.22
2026/07/03;ENG-075;62;2026-01-03 14:00:00;642.5700;1582.6500;1406.8500;554.8400;2388.0800;9056.4500;47.1700;521.9300;2388.1000;8136.1100;8.4131;392.0000;1.0000;0;WO901873;2229.10
2026/07/03;ENG-084;148;2026-01-07 04:00:00;643.4300;1594.6100;1420.1400;553.4900;2388.1100;9045.1000;47.6500;521.5700;2388.1100;8137.5400;8.4885;395.0000;;0;WO296902;2170.01
2026-07-03;ENG-072;96;2026-01-05 00:00:00;642.5400;1588.9200;1404.9300;554.3100;2388.0400;9061.2700;47.4200;521.8000;2388.0400;8144.5600;8.4040;392.0000;0.6800;0;WO179482;1,525.87
03-Jul-2026;ENG-076;185;2026-01-08 17:00:00;642.9000;1596.9800;1412.9500;552.5400;2388.0800;9095.2100;47.6700;520.8100;2388.1100;8169.2200;8.4606;395.0000;0.2400;1;WO376707;12073.97
2026/07/03;ENG-059;71;2026-01-03 23:00:00;642.4500;1592.3200;1405.8000;554.9300;2388.0300;9051.7300;47.1000;522.1600;2388.0200;8133.4300;8.3957;391.0000;1.0000;0;WO478053;426.71
03-Jul-2026;  ENG-092 ;110;2026-01-05 14:00:00;643.1100;1593.1100;1406.4900;552.6900;2388.1200;9048.6300;47.6100;520.8900;2388.1900;8123.9600;8.4722;393.0000;0.4800;0;WO789100;2,003.84
2026-07-03;ENG-060;114;2026-01-05 18:00:00;642.1700;1592.8200;1406.8600;553.5400;2388.0600;9058.2500;47.4500;521.9300;2388.1300;8133.9800;8.4484;393.0000;1.0000;0;WO429276;2555.01
03-Jul-2026;ENG-078;62;2026-01-03 14:00:00;642.1200;1587.1400;1396.2600;554.3700;2387.9500;9059.5200;47.0100;522.4000;2387.9600;8145.2500;8.3719;391.0000;0.9360;0;WO181803;2414.49
03-Jul-2026;ENG-063;153;2026-01-07 09:00:00;642.9100;1594.9300;1408.5700;552.5700;2388.1400;9049.4100;47.6900;521.4100;2388.1500;8125.6700;8.4949;393.0000;0.5920;0;WO996617;
2026-07-03;ENG-052;152;2026-01-07 08:00:00;642.6700;1591.4700;1404.5000;553.5400;2388.0200;9076.6700;47.3200;521.9000;2388.0900;8156.4200;8.4086;392.0000;0.5280;0;WO714329;1732.00
2026/07/03;ENG-073;77;2026-01-04 05:00:00;642.0400;1590.6400;1397.3300;554.5100;2388.0500;9049.7000;47.3200;521.6800;2388.0900;8134.3100;8.3763;393.0000;1.0000;0;WO290264;2,535.21
03-Jul-2026;ENG-092;101;2026-01-05 05:00:00;642.6600;1584.0800;1423.0300;552.2800;2388.1700;9042.7900;47.5600;521.1300;2388.1500;8121.3400;8.4766;394.0000;0.5520;0;WO362746;225.43
03-Jul-2026;  ENG-076 ;157;2026-01-07 13:00:00;642.1500;1589.9300;1407.3800;552.8800;2388.0400;9076.7100;47.4900;521.2000;2388.0700;8154.9300;8.4569;393.0000;0.4640;0;WO703441;785.72
03-Jul-2026;ENG-017;135;2026-01-06 15:00:00;642.6300;1586.5800;1408.6700;553.5100;2388.0100;9082.8000;47.3700;521.8900;2388.0600;8157.7500;8.4512;393.0000;0.6400;0;WO725417;1,252.28
03-Jul-2026;ENG-074;120;2026-01-06 00:00:00;642.4900;1587.8400;1408.1700;553.0300;2388.0600;9060.2900;47.4600;521.5200;2388.0700;8143.6800;8.4227;394.0000;1.0000;0;WO708880;1,381.22
2026/07/03;ENG-030;106;2026-01-05 10:00:00;642.3700;1588.9600;1406.0800;552.4500;2388.1800;9051.3100;47.6400;521.4200;2388.0800;8131.0200;8.4636;393.0000;1.0000;0;WO645955;2655.55
03-Jul-2026;ENG-049;241;2026-01-11 01:00:00;642.5000;1584.6300;1407.7500;553.2100;2388.1000;9051.9000;47.4900;521.0200;2388.1400;8139.5000;8.4665;392.0000;0.6640;0;WO796782;1542.56
2026/07/03;  ENG-055 ;87;2026-01-04 15:00:00;642.3700;1587.9800;1396.3900;553.5400;2388.0400;9050.8900;47.4400;521.7600;2388.0700;8135.6800;8.4187;392.0000;1.0000;0;WO422985;1985.60
2026-07-03;ENG-012;168;2026-01-08 00:00:00;642.7000;1583.2700;1406.7400;553.3800;2388.0100;9065.4400;47.2000;522.1600;2388.0100;8141.8100;8.4078;392.0000;1.0000;0;WO135942;2,943.31
03-Jul-2026;ENG-068;137;2026-01-06 17:00:00;642.9200;1594.4500;1411.2200;553.4400;2388.1000;9071.6100;47.6300;520.6400;2388.1000;8136.6900;8.4247;393.0000;0.4640;0;WO537911;834.84
2026-07-03;ENG-060;131;2026-01-06 11:00:00;642.4200;1585.5100;1406.5700;553.8800;2388.1100;9054.5900;47.6400;520.9700;2388.0200;8131.1300;8.4617;393.0000;0.9280;0;WO848613;2032.32
03-Jul-2026;  ENG-042 ;144;2026-01-07 00:00:00;642.7700;1598.3400;1417.8700;551.9900;2388.1900;9044.0400;47.8300;520.9100;2388.1700;8113.1000;8.4681;394.0000;0.1760;1;WO218974;22,842.54
2026-07-03;ENG-020;127;2026-01-06 07:00:00;642.9100;1589.4800;1412.5400;553.2100;2388.1100;9066.8100;47.4500;521.5200;2388.1100;8144.7700;8.4345;394.0000;0.5840;0;WO890272;2,810.64
03-Jul-2026;  ENG-090 ;125;2026-01-06 05:00:00;643.0600;1592.0800;1420.9800;553.2800;2388.1600;9070.1500;47.7000;521.0400;2388.1400;8144.1000;8.4873;394.0000;0.3920;0;WO725723;1,402.43
2026-07-03;  ENG-093 ;166;2026-01-07 22:00:00;642.0400;1586.4000;1413.2300;553.5500;2388.0900;9060.4200;47.6200;521.7400;2388.0900;8143.8900;8.4362;393.0000;1.0000;0;WO828913;388.65
2026-07-03;ENG-035;158;2026-01-07 14:00:00;642.9800;1599.1900;1413.5300;553.1200;2388.1600;9073.1600;47.8600;520.8100;2388.1200;8143.1400;8.4442;395.0000;0.4080;0;WO154027;1591.16
2026-07-03;ENG-093;238;2026-01-10 22:00:00;642.8900;1592.0400;1417.1300;552.5100;2388.1500;9071.7800;47.8500;520.7200;2388.2000;8152.9900;8.4516;393.0000;0.7280;0;WO971805;599.98
2026-07-03;ENG-057;153;2026-01-07 09:00:00;642.6800;1591.2200;1402.5800;553.9500;2388.1500;9049.2500;47.5200;521.2700;2388.1400;8133.4600;8.4160;393.0000;0.8800;0;WO916329;1775.29
2026-07-03;ENG-062;158;2026-01-07 14:00:00;642.0200;1583.3800;1401.1700;554.8000;2388.0100;9059.4100;47.1500;522.1400;2388.0300;8145.3400;8.4331;391.0000;1.0000;0;WO574097;149.42
2026/07/03;ENG-048;65;2026-01-03 17:00:00;643.0900;1593.9100;1414.1200;553.1800;2388.1200;9057.0400;47.3400;521.9200;2388.1100;8134.3900;8.4043;392.0000;0.8400;0;WO735907;2792.87
2026-07-03;ENG-051;106;2026-01-05 10:00:00;642.5100;1591.2500;1405.8900;552.9600;2388.0800;9048.0000;47.5200;521.3000;2388.1100;8132.2600;8.4698;390.0000;1.0000;0;WO933163;325.78
2026/07/03;ENG-037;118;2026-01-05 22:00:00;643.5600;1588.1400;1412.4800;552.6800;2388.1900;9042.7600;47.7100;521.1100;2388.2000;8122.7500;8.4661;394.0000;0.1920;1;WO663522;5,659.64
03-Jul-2026;  ENG-098 ;116;2026-01-05 20:00:00;642.8900;1591.1300;1410.5400;554.0200;2388.1200;9062.0500;47.6000;521.5100;2388.0900;8137.8500;8.4261;393.0000;0.5120;0;WO968256;2062.75
2026/07/03;eng-061;139;2026-01-06 19:00:00;642.6800;1597.0400;1410.2900;552.6600;2388.1300;9064.5300;47.5200;521.1100;2388.0700;8143.7500;8.4068;393.0000;0.3280;0;WO917702;
2026/07/03;ENG-054;112;2026-01-05 16:00:00;642.1500;1592.4300;1394.3000;553.9500;2388.0100;9058.7600;47.3800;522.3100;2388.0100;8143.7700;8.4096;392.0000;0.8480;0;WO260175;
2026/07/03;ENG-042;142;2026-01-06 22:00:00;643.1000;1596.0900;1408.2800;552.0400;2388.2100;9030.9700;47.6800;520.8200;2388.1500;8124.1100;8.4731;394.0000;0.1920;1;WO999054;19508.51
2026-07-03;ENG-084;145;2026-01-07 01:00:00;642.7000;1594.5900;1408.0400;553.1600;2388.1200;9057.7500;47.4900;521.2200;2388.1400;8133.1200;8.4579;393.0000;0.6800;0;WO931136;850.24
03-Jul-2026;eng-048;59;2026-01-03 11:00:00;642.9200;1585.8100;1410.4400;553.7900;2388.0600;9058.4400;47.4300;521.9500;2388.0400;8138.9400;8.4472;394.0000;0.8880;0;WO848901;2813.91
03-Jul-2026;eng-024;144;2026-01-07 00:00:00;642.6400;1591.7500;1407.2600;553.5800;2387.9800;9091.3600;47.5200;521.6400;2388.0700;8168.5400;8.4280;393.0000;0.4960;0;WO392573;2860.84
2026/07/03;ENG-090;112;2026-01-05 16:00:00;642.7200;1589.6700;1410.9700;553.3300;2388.0800;9063.2100;47.5300;520.9900;2388.0900;8142.4600;8.4521;393.0000;0.4960;0;WO868532;2,527.71
2026/07/03;  ENG-006 ;79;2026-01-04 07:00:00;642.1500;1590.8300;1401.5900;553.5800;2388.0900;9057.1000;47.4600;521.3900;2388.1000;8135.5400;8.4470;392.0000;0.9520;0;WO927047;2735.50
2026-07-03;ENG-027;136;2026-01-06 16:00:00;642.2400;1591.8000;1403.3600;553.7000;2388.0800;9051.1900;47.3800;521.5400;2388.0900;8135.8300;8.4612;394.0000;;0;WO123026;701.04
2026-07-03;ENG-039;36;2026-01-02 12:00:00;641.7600;1582.2500;1396.6400;554.2300;2388.0300;9056.9100;47.3200;522.1600;2388.0700;8142.0600;8.4347;392.0000;1.0000;0;WO276001;1665.58
2026/07/03;ENG-014;39;2026-01-02 15:00:00;642.8300;1590.4500;1410.2800;553.0800;2388.0900;9036.3500;47.4600;521.5400;2388.1600;8119.4400;8.4437;393.0000;0.9120;0;WO447572;217.29
2026/07/03;ENG-062;184;2026-01-08 16:00:00;642.4100;1589.1200;1405.6800;553.9100;2388.0900;9074.6800;47.3900;521.5300;2388.0100;8148.9700;8.4177;392.0000;;0;WO686314;1051.52
03-Jul-2026;ENG-028;155;2026-01-07 11:00:00;642.7200;1593.2800;1409.0800;552.6500;2388.0700;9068.3800;47.5000;521.9300;2388.1100;8138.8600;8.4370;393.0000;0.8000;0;WO335038;1443.38
2026-07-03;ENG-065;51;2026-01-03 03:00:00;642.2700;1581.2100;1390.1800;554.5000;2388.0100;9069.7900;47.3200;522.9000;2387.9800;8153.4800;8.3973;393.0000;1.0000;0;WO962804;1436.47
2026/07/03;ENG-084;155;2026-01-07 11:00:00;642.5600;1593.5800;1406.3100;553.1300;2388.1100;9051.3700;47.8000;520.9600;2388.1300;8138.7700;8.4630;394.0000;0.6000;0;WO681769;671.03
2026/07/03;eng-007;109;2026-01-05 13:00:00;642.0700;1580.4000;1401.3800;554.4700;2388.0200;9062.1600;46.9600;522.1700;2388.0600;8139.3300;8.3905;393.0000;1.0000;0;WO269660;1679.22
2026-07-03;ENG-093;234;2026-01-10 18:00:00;642.5900;1598.4600;1423.9300;552.2400;2388.1200;9082.0600;47.8900;520.2100;2388.1500;8151.5100;8.4368;394.0000;0.7600;0;WO925170;576.01
2026-07-03;ENG-099;73;2026-01-04 01:00:00;642.3900;1583.8300;1402.1300;554.4300;2387.9600;9067.6400;47.3600;522.5300;2387.9500;8148.6000;8.4421;391.0000;1.0000;0;WO483599;1,708.00
2026-07-03;ENG-023;106;2026-01-05 10:00:00;642.5600;1591.3100;1394.9900;553.9300;2388.0500;9049.9200;47.3200;521.5900;2388.0500;8140.3200;8.4050;392.0000;1.0000;0;WO551463;2,090.67
2026-07-03;ENG-093;203;2026-01-09 11:00:00;643.1200;1592.0700;1415.2000;552.6000;2388.1000;9072.6900;47.7000;520.9100;2388.0900;8146.7800;8.4739;394.0000;1.0000;0;WO705173;1044.17
2026/07/03;eng-006;72;2026-01-04 00:00:00;642.6800;1591.9600;1410.3500;553.7400;2388.0900;9055.3000;47.4300;521.1300;2388.1100;8131.1900;8.4674;391.0000;1.0000;0;WO763860;725.80
2026-07-03;ENG-077;144;2026-01-07 00:00:00;643.0800;1583.0300;1411.0400;553.0600;2388.1300;9047.1800;47.5100;521.2000;2388.2000;8122.1300;8.4584;393.0000;0.4160;0;WO873691;1621.03
2026/07/03;ENG-034;173;2026-01-08 05:00:00;642.5200;1583.2800;1409.6900;553.2000;2388.1400;9052.3400;47.7000;520.9400;2388.1600;8137.0000;8.4523;392.0000;0.2960;0;WO415559;2785.46
2026/07/03;  ENG-084 ;154;2026-01-07 10:00:00;642.9800;1594.9900;1410.7700;553.6100;2388.1200;9056.7800;47.6100;521.1300;2388.1700;8126.6300;8.4431;394.0000;0.6080;0;WO867736;671.04
03-Jul-2026;ENG-098;84;2026-01-04 12:00:00;642.9400;1590.4400;1406.3300;553.6700;2388.1000;9062.8600;47.5000;521.6800;2388.0400;8141.5200;8.4055;392.0000;0.7680;0;WO545850;158.83
03-Jul-2026;ENG-027;125;2026-01-06 05:00:00;642.2000;1589.6600;1404.0600;554.0500;2388.0600;9052.9200;47.5100;521.5700;2388.0800;8130.8100;8.4121;393.0000;0.6480;0;WO941706;630.66
2026-07-03;ENG-094;101;2026-01-05 05:00:00;642.7100;1589.8800;1410.9300;552.4800;2388.1300;9055.9000;47.6100;520.8700;2388.0800;8137.8000;8.4277;393.0000;0.6960;0;WO204525;2403.47
2026-07-03;ENG-068;144;2026-01-07 00:00:00;643.2400;1584.8800;1411.1900;552.7900;2388.1200;9068.9600;47.6600;521.3700;2388.1300;8143.5900;8.4291;392.0000;;0;WO272195;1,890.03
2026/07/03;ENG-055;98;2026-01-05 02:00:00;641.5300;1585.9100;1398.7600;554.7400;2388.0600;9050.8500;47.4000;522.0300;2388.0800;8136.2100;8.4153;393.0000;1.0000;0;WO322343;2,422.20
2026-07-03;ENG-076;138;2026-01-06 18:00:00;642.4800;1583.6600;1400.3400;553.9200;2388.0400;9067.9200;47.2200;521.7700;2388.0300;8151.8700;8.4321;393.0000;0.6160;0;WO485197;745.90
2026/07/03;ENG-037;86;2026-01-04 14:00:00;641.8100;1595.6100;1406.9300;553.8100;2388.1100;9051.4900;47.6000;521.8200;2388.1200;8130.8800;8.4390;393.0000;0.4480;0;WO337473;1101.75
03-Jul-2026;ENG-051;119;2026-01-05 23:00:00;642.8400;1591.6000;1407.8900;553.5400;2388.0900;9048.6500;47.5900;521.8100;2388.1400;8125.1200;8.4297;393.0000;1.0000;0;WO803146;2116.58
2026-07-03;ENG-062;157;2026-01-07 13:00:00;641.8700;1590.8300;1407.3700;553.3500;2388.0100;9061.3400;47.3000;522.1700;2388.0000;8148.1000;8.4214;393.0000;1.0000;0;WO218277;2716.82
2026/07/03;ENG-018;120;2026-01-06 00:00:00;642.5400;1601.2900;1404.2000;552.6900;2388.0900;9049.3000;47.5700;521.7400;2388.1400;8133.9900;8.4360;393.0000;0.3280;0;WO387499;443.38
2026-07-03;ENG-024;131;2026-01-06 11:00:00;642.5600;1587.9900;1403.6800;554.4900;2387.9600;9083.8700;47.4500;521.9100;2388.0400;8161.9100;8.4743;393.0000;0.6000;0;WO763197;324.27
03-Jul-2026;  ENG-037 ;100;2026-01-05 04:00:00;643.1400;1595.0700;1407.0900;553.5700;2388.0800;9037.5100;47.6900;521.3000;2388.1000;8127.7100;8.4143;393.0000;0.3360;0;WO649798;793.14
2026-07-03;  ENG-052 ;178;2026-01-08 10:00:00;642.8400;1601.6400;1408.5400;553.7000;2388.1000;9104.3500;47.5700;521.5000;2388.0800;8170.3800;8.4042;395.0000;0.3200;0;WO498512;1426.96
03-Jul-2026;ENG-031;155;2026-01-07 11:00:00;642.8500;1587.9800;1409.1900;553.7400;2388.0900;9080.4400;47.6500;521.3200;2388.0300;8154.0500;8.4314;394.0000;;0;WO121403;1,046.42
2026-07-03;ENG-037;98;2026-01-05 02:00:00;642.7000;1589.3000;1408.8800;553.1500;2388.1000;9048.2200;47.4100;521.1800;2388.1000;8129.0900;8.4269;392.0000;0.3520;0;WO576105;1460.73
03-Jul-2026;ENG-090;140;2026-01-06 20:00:00;643.3700;1592.1000;1416.3800;553.0700;2388.1600;9077.0000;47.9600;520.7900;2388.1300;8153.6100;8.4276;396.0000;0.2720;0;WO701897;1,091.27
2026-07-03;  ENG-067 ;60;2026-01-03 12:00:00;642.1800;1590.3700;1407.0600;553.6600;2388.0500;9062.4200;47.4500;522.1500;2388.0300;8146.9000;8.4029;393.0000;0.7040;0;WO346265;646.20
2026-07-03;ENG-024;163;2026-01-07 19:00:00;642.7000;1592.7000;1409.9500;553.0500;2388.0500;9110.4000;47.6400;521.9500;2388.0400;8186.1200;8.4526;393.0000;0.3440;0;WO766567;1159.41
2026-07-03;  ENG-100 ;142;2026-01-06 22:00:00;642.5800;1584.9800;1402.8200;553.8200;2388.0400;9073.0400;47.3700;521.7700;2388.0200;8151.6900;8.4665;392.0000;0.6080;0;WO247912;1275.44
03-Jul-2026;ENG-012;191;2026-01-08 23:00:00;642.1400;1586.9400;1403.6700;553.8800;2388.0500;9062.6800;47.4600;522.4400;2388.1200;8148.6300;8.3989;391.0000;1.0000;0;WO864672;1104.46
03-Jul-2026;ENG-045;151;2026-01-07 07:00:00;643.1100;1590.3300;1417.7500;553.3800;2388.0700;9060.3000;47.4900;521.3900;2388.1300;8137.4000;8.4535;394.0000;0.9200;0;WO937574;691.14
03-Jul-2026;ENG-058;154;2026-01-07 10:00:00;642.8800;1582.2900;1416.2600;552.7800;2388.1500;9055.0800;47.6800;521.5000;2388.1200;8132.3300;8.4747;395.0000;0.4720;0;WO105024;2997.56
2026-07-03;ENG-031;140;2026-01-06 20:00:00;642.3900;1590.4700;1405.7600;553.6200;2388.0500;9080.5700;47.6800;521.9600;2388.0600;8151.8500;8.3972;392.0000;0.5120;0;WO612188;
2026/07/03;ENG-024;128;2026-01-06 08:00:00;641.8900;1584.1900;1407.2900;553.8900;2388.0000;9085.1100;47.1500;522.6800;2388.0400;8159.4900;8.4225;393.0000;0.6240;0;WO719751;2248.86
2026-07-03;ENG-031;184;2026-01-08 16:00:00;643.6300;1594.8700;1421.8800;552.1400;2388.1900;9087.3400;47.6800;520.3200;2388.1900;8151.6400;8.4816;395.0000;0.1600;1;WO758828;
2026/07/03;ENG-074;107;2026-01-05 11:00:00;642.3400;1586.5000;1408.4900;553.4700;2388.1000;9055.3600;47.7500;521.3300;2388.0800;8141.5900;8.4408;395.0000;1.0000;0;WO899629;1,906.34
2026-07-03;ENG-097;133;2026-01-06 13:00:00;642.2200;1584.9200;1403.9400;553.5200;2388.0400;9084.1100;47.5000;522.0600;2388.0400;8157.4400;8.4398;392.0000;;0;WO568594;1850.84
2026-07-03;ENG-075;65;2026-01-03 17:00:00;642.3900;1578.5800;1407.7200;553.4800;2388.0400;9057.4800;47.4600;522.1300;2388.0400;8137.3400;8.4044;393.0000;1.0000;0;WO397121;310.30
2026-07-03;ENG-017;124;2026-01-06 04:00:00;642.1800;1584.0600;1402.7800;554.9200;2388.0300;9083.7100;47.5100;521.9200;2388.0300;8160.1700;8.4139;393.0000;0.7280;0;WO808627;307.77
03-Jul-2026;ENG-063;135;2026-01-06 15:00:00;642.5900;1596.8200;1403.1000;552.8600;2388.1700;9043.7600;47.7000;520.8500;2388.1800;8126.5200;8.4722;393.0000;0.7360;0;WO436000;
03-Jul-2026;ENG-018;101;2026-01-05 05:00:00;643.0100;1590.4400;1403.0600;553.4800;2388.0400;9059.8700;47.2900;521.7900;2388.0700;8140.7100;8.3929;392.0000;0.4800;0;WO796878;377.12
2026/07/03;ENG-013;189;2026-01-08 21:00:00;642.5400;1588.3300;1409.6600;553.0400;2388.0600;9065.6600;47.5000;521.5400;2388.0400;8141.8500;8.4809;394.0000;;0;WO409283;
2026-07-03;  ENG-030 ;101;2026-01-05 05:00:00;642.4700;1588.5300;1406.6500;553.4500;2388.1700;9052.9900;47.5900;521.7500;2388.1500;8125.0900;8.4654;392.0000;1.0000;0;WO883418;1,106.19
2026-07-03;  ENG-058 ;169;2026-01-08 01:00:00;643.2300;1595.6800;1414.2800;552.7000;2388.0900;9054.7300;47.6900;520.7400;2388.1600;8138.6100;8.4375;392.0000;0.3520;0;WO586950;114.59
2026-07-03;  ENG-020 ;139;2026-01-06 19:00:00;642.9400;1600.4400;1405.3500;552.7100;2388.0600;9059.3200;47.6800;521.7000;2388.1300;8145.3100;8.4258;392.0000;0.4880;0;WO434616;436.25
2026/07/03;ENG-045;140;2026-01-06 20:00:00;642.4000;1590.7100;1416.0300;552.9000;2388.1000;9060.2500;47.5100;521.1600;2388.1200;8140.8000;8.4333;393.0000;1.0000;0;WO539588;141.65
2026/07/03;ENG-077;123;2026-01-06 03:00:00;642.9400;1587.0500;1411.9000;553.2200;2388.1500;9047.9600;47.5400;522.0800;2388.1300;8127.1000;8.4772;392.0000;0.5840;0;WO507386;842.59
2026/07/03;  ENG-020 ;162;2026-01-07 18:00:00;642.9700;1590.2500;1408.0900;552.4400;2388.1400;9059.6500;47.8300;520.1500;2388.2100;8133.7300;8.4646;394.0000;0.3040;0;WO637725;
2026-07-03;ENG-091;234;2026-01-10 18:00:00;643.1800;1605.0500;1419.7400;552.2200;2388.2000;9052.1300;48.0100;520.9600;2388.2100;8123.7100;8.5104;395.0000;0.3040;0;WO758547;2158.52
2026-07-03;ENG-011;78;2026-01-04 06:00:00;643.0400;1590.6400;1410.6700;552.8500;2388.1800;9040.5600;47.6100;521.1000;2388.1700;8120.2800;8.4464;394.0000;0.8160;0;WO667117;2324.21
2026-07-03;  ENG-100 ;196;2026-01-09 04:00:00;643.4400;1593.1500;1406.8200;553.0400;2388.1100;9146.8100;47.5700;521.1800;2388.0400;8217.2400;8.4569;395.0000;0.1760;1;WO384673;22530.46
2026-07-03;ENG-100;166;2026-01-07 22:00:00;642.3900;1592.5500;1410.0000;553.5800;2388.0100;9102.6900;47.4200;521.6200;2387.9900;8178.4000;8.4251;393.0000;0.4160;0;WO758392;
03-Jul-2026;ENG-051;103;2026-01-05 07:00:00;643.2800;1587.8500;1402.1300;554.3500;2388.1000;9051.8200;47.3700;521.7400;2388.0900;8129.2900;8.3847;392.0000;1.0000;0;WO920187;1,043.08
03-Jul-2026;ENG-034;143;2026-01-06 23:00:00;642.3300;1580.2300;1406.9800;553.7200;2388.0500;9059.1400;47.5400;521.6300;2388.0500;8138.6900;8.4250;394.0000;0.5360;0;WO723137;973.57
2026-07-03;ENG-063;122;2026-01-06 02:00:00;642.8400;1583.1600;1410.6400;553.5800;2388.1000;9050.0400;47.6600;521.0200;2388.1100;8130.6400;8.4223;394.0000;0.8400;0;WO201047;864.13
03-Jul-2026;ENG-048;78;2026-01-04 06:00:00;642.7700;1591.3400;1402.7300;553.8300;2388.1000;9054.1400;47.7000;522.0300;2388.1500;8137.2400;8.4515;393.0000;0.7360;0;WO803967;2910.01
2026-07-03;ENG-027;110;2026-01-05 14:00:00;642.5300;1585.6700;1397.4500;554.2700;2388.0900;9053.9400;47.2400;522.3800;2388.0600;8136.6700;8.4018;390.0000;0.7680;0;WO199239;2,927.30
2026/07/03;eng-084;128;2026-01-06 08:00:00;642.9800;1583.3000;1403.6300;553.2400;2388.1100;9052.3600;47.3600;521.4300;2388.1800;8132.8700;8.4668;394.0000;0.8160;0;WO896155;2364.89
2026-07-03;ENG-051;131;2026-01-06 11:00:00;642.0700;1586.9300;1408.7100;553.3300;2388.0800;9049.4800;47.3400;521.8100;2388.1300;8132.9700;8.4596;394.0000;1.0000;0;WO631762;1560.36
2026/07/03;ENG-027;103;2026-01-05 07:00:00;642.6500;1590.9900;1404.6200;553.9300;2388.0600;9053.0800;47.3700;522.2100;2388.0200;8135.9700;8.4022;391.0000;0.8240;0;WO445509;2120.14
2026-07-03;ENG-049;275;2026-01-12 11:00:00;642.9600;1593.6500;1414.3100;552.4600;2388.2000;9051.3900;47.6700;521.0900;2388.2200;8129.8300;8.4692;394.0000;0.3920;0;WO598816;403.55
2026-07-03;ENG-045;138;2026-01-06 18:00:00;642.6800;1594.3400;1413.6800;552.8000;2388.1000;9069.0300;47.6400;520.9400;2388.1000;8140.7700;8.4789;393.0000;;0;WO721607;1,748.36
2026-07-03;ENG-096;94;2026-01-04 22:00:00;642.2500;1590.1300;1397.6000;554.2400;2388.0300;9069.8700;47.3300;521.9400;2388.1000;8154.6100;8.4134;392.0000;1.0000;0;WO372400;2,439.66
03-Jul-2026;ENG-017;129;2026-01-06 09:00:00;642.0400;1594.7700;1406.4700;554.0800;2388.0700;9076.7400;47.4300;522.1100;2388.0300;8152.7900;8.4538;393.0000;0.6880;0;WO507158;379.75
2026-07-03;ENG-089;141;2026-01-06 21:00:00;642.8200;1591.0500;1410.4400;553.1500;2388.1400;9048.0500;47.5900;521.1900;2388.1100;8129.8400;8.3927;393.0000;1.0000;0;WO500749;526.39
2026-07-03;ENG-027;112;2026-01-05 16:00:00;642.1100;1596.2200;1410.6900;553.2900;2388.0500;9054.9800;47.4000;521.7600;2388.0800;8130.3300;8.4076;392.0000;0.7520;0;WO519310;1098.71
2026/07/03;ENG-011;77;2026-01-04 05:00:00;642.7000;1598.9600;1419.7600;552.5100;2388.1600;9040.3000;47.5300;521.0600;2388.1600;8114.5300;8.4577;392.0000;0.8240;0;WO828584;2,928.20
2026/07/03;ENG-068;127;2026-01-06 07:00:00;642.7200;1588.7800;1403.7100;553.5500;2388.0700;9054.1800;47.6200;521.5400;2388.1400;8139.6500;8.4654;393.0000;0.5440;0;WO644063;1,650.20
2026/07/03;  ENG-054 ;105;2026-01-05 09:00:00;641.7700;1594.5800;1395.1800;554.4900;2388.0000;9055.6900;47.2400;522.6000;2387.9600;8141.6400;8.3841;391.0000;0.9040;0;WO671209;2470.22
2026-07-03;  ENG-080 ;131;2026-01-06 11:00:00;642.4000;1585.0300;1407.8900;553.7000;2388.1000;9068.0200;47.3900;521.6600;2388.0700;8146.6300;8.4440;393.0000;0.7360;0;WO444944;1587.91
2026/07/03;ENG-076;202;2026-01-09 10:00:00;643.7200;1603.2100;1420.4700;552.3300;2388.1700;9105.9500;47.8300;519.9900;2388.1800;8177.7200;8.4726;396.0000;0.1040;1;WO451395;17,285.93
2026/07/03;ENG-082;112;2026-01-05 16:00:00;642.6300;1587.1000;1409.3000;553.1600;2388.1500;9060.5000;47.5400;521.7800;2388.1500;8134.4100;8.4171;393.0000;0.4720;0;WO951327;1,298.87
2026/07/03;ENG-053;147;2026-01-07 03:00:00;643.1800;1590.4300;1415.4300;553.2100;2388.1200;9097.5600;47.5600;521.4200;2388.0400;8160.3200;8.4884;394.0000;0.3440;0;WO298874;438.38
2026/07/03;eng-032;143;2026-01-06 23:00:00;642.5200;1591.0400;1408.9400;554.1200;2388.0400;9097.6800;47.5000;521.4400;2388.0300;8173.2600;8.4722;392.0000;0.4000;0;WO889252;2,392.71
2026/07/03;ENG-004;103;2026-01-05 07:00:00;642.9300;1594.2600;1414.0500;553.0700;2388.0900;9049.9200;47.5800;521.4600;2388.1300;8134.7200;8.4657;393.0000;0.6800;0;WO274652;1394.08
2026-07-03;ENG-082;118;2026-01-05 22:00:00;642.6300;1593.6200;1410.0600;553.3000;2388.1200;9057.5400;47.6200;521.2100;2388.0700;8137.5000;8.3975;393.0000;0.4240;0;WO838114;143.86
2026/07/03;  ENG-050 ;68;2026-01-03 20:00:00;642.6800;1588.1700;1399.6200;554.1000;2388.0800;9065.1900;47.3200;521.8600;2388.0700;8143.6700;8.4067;393.0000;0.6800;0;WO781586;1881.36
2026/07/03;eng-050;56;2026-01-03 08:00:00;642.0000;1588.0900;1404.4500;554.2500;2388.0400;9059.6800;47.1300;522.3900;2388.0200;8145.6800;8.4206;391.0000;0.7760;0;WO606881;751.06
2026/07/03;  ENG-081 ;170;2026-01-08 02:00:00;643.1200;1600.2200;1414.6300;553.3300;2388.1000;9074.1700;47.8000;521.1000;2388.1900;8146.2700;8.5110;395.0000;0.4080;0;WO484612;1727.58
03-Jul-2026;ENG-077;113;2026-01-05 17:00:00;642.6700;1588.1100;1399.4600;554.3200;2388.0900;9049.9000;47.3900;521.6800;2388.0800;8131.0500;8.4427;392.0000;0.6640;0;WO614121;345.21
03-Jul-2026;eng-037;119;2026-01-05 23:00:00;643.0100;1589.8200;1414.0100;553.7300;2388.2000;9044.4300;47.7300;520.9700;2388.1600;8122.8400;8.4718;395.0000;0.1840;1;WO157437;14,077.07
2026-07-03;ENG-053;143;2026-01-06 23:00:00;643.0500;1594.3300;1410.6600;553.7100;2388.1000;9086.6500;47.6400;521.3100;2388.0900;8162.8400;8.4229;393.0000;0.3760;0;WO793830;695.15
2026-07-03;ENG-020;160;2026-01-07 16:00:00;643.1600;1594.3700;1411.5200;553.1600;2388.1700;9063.2800;47.6300;521.3300;2388.1600;8143.1000;8.4664;393.0000;0.3200;0;WO773193;1242.29
2026/07/03;ENG-011;73;2026-01-04 01:00:00;642.9300;1592.9600;1415.7700;552.8600;2388.1300;9038.4000;47.8000;521.4100;2388.1800;8120.5700;8.4376;394.0000;0.8560;0;WO738934;1161.01
03-Jul-2026;ENG-059;92;2026-01-04 20:00:00;642.0200;1585.1100;1405.9700;553.6400;2388.0000;9052.7700;47.1500;521.8200;2388.0400;8142.0700;8.4307;392.0000;0.9280;0;WO723179;334.25
2026-07-03;  ENG-057 ;144;2026-01-07 00:00:00;642.8500;1594.2400;1409.9000;553.3700;2388.1200;9049.7600;47.4500;520.9500;2388.0900;8128.0900;8.4360;393.0000;0.9520;0;WO660046;1,494.04
2026/07/03;  ENG-085 ;26;2026-01-02 02:00:00;642.2800;1589.2800;1405.7200;552.6200;2388.1500;9043.2800;47.3000;521.5200;2388.1200;8129.2100;8.3818;393.0000;1.0000;0;WO207549;2,543.04
2026-07-03;ENG-005;76;2026-01-04 04:00:00;642.0200;1587.5800;1410.8900;553.0400;2388.1200;9052.9700;47.6300;521.4600;2388.1100;8132.5500;8.4374;393.0000;0.9040;0;WO188986;119.02
2026-07-03;eng-049;259;2026-01-11 19:00:00;642.7700;1597.1500;1412.4700;552.7000;2388.1700;9060.2800;47.6400;521.2500;2388.1300;8137.3700;8.4460;395.0000;0.5200;0;WO651130;1383.01
2026-07-03;ENG-068;162;2026-01-07 18:00:00;643.0100;1593.2600;1413.3900;551.9700;2388.1400;9069.9800;47.8400;520.5600;2388.0900;8145.6800;8.4832;394.0000;0.2640;0;WO348880;2,123.37
03-Jul-2026;ENG-096;70;2026-01-03 22:00:00;641.9500;1580.6500;1399.5900;554.6400;2387.9800;9066.8100;47.2400;522.3700;2388.0500;8147.7700;8.4102;392.0000;1.0000;0;WO916354;2,634.16
2026-07-03;ENG-079;80;2026-01-04 08:00:00;642.4800;1586.0600;1407.9000;553.6800;2388.0900;9052.7200;47.3500;521.6800;2388.0800;8126.7900;8.4230;392.0000;0.6720;0;WO436538;2695.15
03-Jul-2026;ENG-028;138;2026-01-06 18:00:00;642.3200;1592.1500;1409.1800;553.6800;2388.1300;9049.9000;47.4900;521.4200;2388.0900;8140.1200;8.4596;393.0000;0.9360;0;WO818309;2323.31
03-Jul-2026;ENG-070;143;2026-01-06 23:00:00;642.8500;1592.7300;1414.3500;553.6600;2388.1000;9047.1600;47.6400;520.7700;2388.0800;8133.7600;8.4459;394.0000;0.8240;0;WO674347;1123.69
03-Jul-2026;ENG-081;190;2026-01-08 22:00:00;643.5600;1597.3300;1415.5800;552.5400;2388.1500;9078.5400;48.0000;520.6400;2388.1400;8147.2700;8.4845;395.0000;0.2480;0;WO614381;596.29
03-Jul-2026;ENG-076;177;2026-01-08 09:00:00;643.0700;1594.8000;1419.6800;552.8300;2388.0700;9074.6800;47.8400;520.6800;2388.0900;8163.5000;8.4517;395.0000;0.3040;0;WO562310;605.48
2026/07/03;  ENG-090 ;137;2026-01-06 17:00:00;642.9400;1596.7100;1417.8300;552.8100;2388.1500;9073.3500;47.7300;521.1800;2388.1400;8154.5100;8.4630;394.0000;0.2960;0;WO286216;763.04
2026/07/03;eng-030;140;2026-01-06 20:00:00;642.8500;1592.6200;1409.3600;553.5400;2388.1000;9052.9700;47.5600;520.9100;2388.1400;8133.3700;8.4181;396.0000;0.9440;0;WO123186;1204.68
2026-07-03;ENG-038;95;2026-01-04 23:00:00;642.7700;1594.2700;1408.2300;552.8000;2388.1100;9070.4400;47.6500;521.2300;2388.1300;8137.5800;8.4222;392.0000;0.6400;0;WO413381;2195.31
2026/07/03;ENG-024;143;2026-01-06 23:00:00;642.6600;1588.0800;1407.4500;554.1100;2387.9800;9096.8200;47.4300;522.0700;2388.0700;8175.0200;8.4184;391.0000;0.5040;0;WO834063;2,102.49
03-Jul-2026;ENG-093;237;2026-01-10 21:00:00;642.9300;1593.0400;1418.9300;552.5800;2388.1400;9076.3000;47.7900;520.8000;2388.1900;8151.8200;8.4601;393.0000;0.7360;0;WO970389;249.57
2026-07-03;ENG-043;149;2026-01-07 05:00:00;642.9600;1590.2000;1417.0000;553.7300;2388.1100;9049.3000;47.5900;521.7700;2388.0500;8137.7400;8.4181;394.0000;0.6560;0;WO521190;951.13
03-Jul-2026;  ENG-024 ;159;2026-01-07 15:00:00;642.6900;1586.3300;1409.7400;554.1700;2388.0500;9109.2900;47.4600;521.9100;2388.0200;8185.3500;8.4313;394.0000;0.3760;0;WO919345;123.79
2026/07/03;ENG-006;87;2026-01-04 15:00:00;642.4000;1586.3800;1409.8200;553.9100;2388.0700;9048.4900;47.6100;521.8200;2388.1100;8137.2200;8.4533;394.0000;0.8880;0;WO854130;2,955.46
2026/07/03;eng-049;252;2026-01-11 12:00:00;642.5100;1595.7200;1407.0800;553.7700;2388.0900;9047.6800;47.5800;521.3500;2388.1400;8139.2700;8.4549;394.0000;0.5760;0;WO328008;388.52
2026/07/03;ENG-035;194;2026-01-09 02:00:00;643.4800;1601.3700;1419.8000;552.0400;2388.2000;9078.8300;47.9900;520.0200;2388.1900;8149.0900;8.4845;397.0000;0.1200;1;WO770521;1,017.49
