unit,cycle,setting_1,setting_2,setting_3,s_1,s_2,s_3,s_4,s_5,s_6,s_7,s_8,s_9,s_10,s_11,s_12,s_13,s_14,s_15,s_16,s_17,s_18,s_19,s_20,s_21
1,1,20.0074,0.7,100.0,491.19,607.65,1481.73,1254.03,9.35,13.66,334.02,2324.06,8724.38,1.08,44.62,314.57,2388.15,8061.8,9.1913,0.02,364,2324,100.0,24.45,14.6789
1,2,42.0007,0.84,100.0,445.0,550.16,1357.31,1129.9,3.91,5.72,138.27,2211.8,8325.72,1.02,42.16,130.48,2387.96,8083.77,9.3801,0.02,330,2212,100.0,10.59,6.3088
1,3,10.0003,0.25,100.0,489.05,605.17,1502.19,1310.11,10.52,15.49,394.99,2318.93,8782.65,1.26,45.46,371.67,2388.15,8134.38,8.6717,0.03,369,2319,100.0,28.62,17.0652
1,4,42.0071,0.8417,100.0,445.0,549.52,1353.78,1131.37,3.91,5.72,138.48,2211.9,8328.26,1.02,42.07,130.51,2387.89,8089.7,9.3632,0.02,332,2212,100.0,10.48,6.3091
1,5,34.9988,0.84,100.0,449.44,555.99,1370.61,1131.16,5.48,8.0,194.47,2222.95,8355.79,1.02,41.99,183.14,2388.01,8065.49,9.3261,0.02,332,2223,100.0,14.88,8.9843
1,6,35.0011,0.8411,100.0,449.44,556.26,1370.64,1129.16,5.48,8.0,194.8,2223.0,8356.09,1.02,42.04,182.42,2388.09,8073.35,9.3473,0.02,334,2223,100.0,14.78,8.8243
1,7,0.0004,0.0,100.0,518.67,642.66,1588.18,1409.0,14.62,21.61,552.54,2388.12,9060.42,1.3,47.52,521.22,2388.17,8136.69,8.4413,0.03,393,2388,100.0,38.68,23.2108
1,8,42.0063,0.8403,100.0,445.0,550.0,1351.53,1129.65,3.91,5.72,138.33,2211.86,8319.55,1.02,42.07,130.25,2387.92,8086.01,9.4088,0.02,332,2212,100.0,10.57,6.3753
1,9,25.0055,0.62,60.0,462.54,536.0,1262.03,1048.27,7.05,9.03,175.86,1915.32,8012.33,0.94,36.88,164.72,2028.23,7876.05,10.9536,0.02,308,1915,84.93,14.23,8.5677
1,10,42.006,0.8403,100.0,445.0,549.92,1354.65,1128.45,3.91,5.72,137.84,2211.89,8324.71,1.02,42.21,130.76,2387.91,8092.15,9.4166,0.02,331,2212,100.0,10.64,6.3507
1,11,42.0037,0.8411,100.0,445.0,549.44,1350.99,1130.52,3.91,5.71,138.05,2211.84,8322.95,1.02,42.2,130.95,2387.93,8077.73,9.3525,0.02,331,2212,100.0,10.71,6.3844
1,12,35.0079,0.8401,100.0,449.44,555.46,1369.32,1138.86,5.48,8.0,194.72,2222.9,8350.79,1.02,42.07,183.17,2388.0,8068.37,9.3565,0.02,334,2223,100.0,14.96,8.9409
1,13,10.0026,0.2508,100.0,489.05,604.49,1494.73,1309.18,10.52,15.5,393.93,2318.96,8775.84,1.26,45.3,371.22,2388.18,8126.85,8.653,0.03,371,2319,100.0,28.5,16.9944
1,14,20.0028,0.7,100.0,491.19,607.35,1485.44,1260.96,9.35,13.66,333.79,2323.98,8723.98,1.08,44.46,314.58,2388.12,8061.87,9.2266,0.02,365,2324,100.0,24.51,14.6704
1,15,24.9993,0.62,60.0,462.54,536.99,1260.35,1050.7,7.05,9.03,175.31,1915.33,8008.39,0.94,36.76,164.83,2028.25,7873.43,10.8751,0.02,307,1915,84.93,14.08,8.583
1,16,10.0018,0.25,100.0,489.05,605.15,1500.54,1314.09,10.52,15.49,393.91,2318.92,8774.44,1.26,45.49,371.64,2388.14,8130.7,8.6616,0.03,371,2319,100.0,28.56,17.0722
1,17,42.0017,0.8401,100.0,445.0,549.76,1356.32,1129.42,3.91,5.72,139.7,2211.89,8325.52,1.02,42.08,130.94,2387.93,8085.49,9.3836,0.02,332,2212,100.0,10.67,6.3263
1,18,0.0017,0.0005,100.0,518.67,642.79,1589.81,1406.09,14.62,21.61,552.84,2388.09,9057.4,1.3,47.52,520.89,2388.08,8132.56,8.4516,0.03,393,2388,100.0,38.76,23.2635
1,19,25.0056,0.6215,60.0,462.54,536.25,1259.9,1046.52,7.05,9.03,175.32,1915.32,8006.86,0.94,36.74,164.65,2028.24,7875.07,10.8893,0.02,308,1915,84.93,14.28,8.5118
1,20,25.0046,0.62,60.0,462.54,537.32,1264.36,1056.65,7.05,9.03,175.98,1915.38,8014.63,0.94,36.92,164.71,2028.27,7870.66,10.9349,0.02,307,1915,84.93,14.31,8.6103
1,21,0.0024,0.0,100.0,518.67,643.02,1591.57,1409.75,14.62,21.61,553.07,2388.14,9050.49,1.3,47.64,521.45,2388.16,8133.31,8.4436,0.03,393,2388,100.0,38.75,23.2513
1,22,42.0022,0.84,100.0,445.0,550.02,1355.13,1123.27,3.91,5.71,139.13,2211.84,8326.46,1.02,42.12,130.72,2387.96,8082.92,9.3836,0.02,330,2212,100.0,10.6,6.3249
1,23,34.9993,0.84,100.0,449.44,555.92,1372.24,1129.11,5.48,8.0,195.04,2222.98,8346.93,1.02,41.95,182.87,2388.02,8070.75,9.349,0.02,335,2223,100.0,14.84,8.9261
1,24,0.0024,0.0,100.0,518.67,642.54,1594.46,1403.42,14.62,21.61,553.14,2388.14,9061.63,1.3,47.55,521.35,2388.07,8136.38,8.4566,0.03,393,2388,100.0,38.84,23.2044
1,25,20.0009,0.7013,100.0,491.19,607.48,1483.32,1251.34,9.35,13.65,334.95,2324.01,8730.45,1.08,44.41,315.39,2388.16,8062.7,9.2703,0.02,364,2324,100.0,24.5,14.6349
1,26,35.0049,0.84,100.0,449.44,555.73,1369.96,1132.23,5.48,8.0,193.92,2222.93,8348.95,1.02,42.13,182.8,2388.06,8065.92,9.3517,0.02,334,2223,100.0,14.93,8.8634
1,27,20.0052,0.701,100.0,491.19,607.47,1482.68,1254.43,9.35,13.66,334.17,2323.98,8724.48,1.08,44.36,315.02,2388.12,8058.1,9.2214,0.03,366,2324,100.0,24.37,14.6217
1,28,25.005,0.62,60.0,462.54,537.34,1254.08,1047.53,7.05,9.03,176.0,1915.37,8008.84,0.94,36.91,164.13,2028.25,7875.47,10.9344,0.02,308,1915,84.93,14.3,8.5369
1,29,0.0009,0.0,100.0,518.67,642.46,1595.62,1413.98,14.62,21.61,552.93,2388.1,9062.27,1.3,47.64,522.06,2388.12,8136.83,8.4349,0.03,394,2388,100.0,38.77,23.3134
1,30,24.9988,0.62,60.0,462.54,536.48,1265.12,1057.01,7.05,9.02,175.22,1915.31,8012.16,0.94,36.89,164.95,2028.19,7870.24,10.912,0.02,307,1915,84.93,14.13,8.5503
1,31,42.0001,0.84,100.0,445.0,550.03,1354.01,1133.97,3.91,5.71,138.29,2211.83,8324.5,1.02,42.04,130.43,2387.89,8087.35,9.3729,0.02,330,2212,100.0,10.56,6.3264
1,32,0.0019,0.0005,100.0,518.67,642.56,1590.97,1414.82,14.62,21.61,553.11,2388.09,9057.0,1.3,47.49,521.45,2388.11,8141.78,8.4757,0.03,395,2388,100.0,38.73,23.121
1,33,0.002,0.0,100.0,518.67,642.33,1590.74,1411.02,14.62,21.61,553.23,2388.12,9057.38,1.3,47.55,521.22,2388.11,8141.27,8.4274,0.03,394,2388,100.0,38.6,23.3193
1,34,10.0031,0.25,100.0,489.05,605.0,1499.16,1313.42,10.52,15.49,394.46,2318.95,8782.01,1.26,45.69,371.18,2388.15,8128.5,8.6965,0.03,370,2319,100.0,28.49,17.1202
1,35,0.0013,0.0014,100.0,518.67,642.93,1597.12,1411.75,14.62,21.61,553.22,2388.16,9060.42,1.3,47.55,521.46,2388.13,8131.32,8.4514,0.03,393,2388,100.0,38.67,23.2837
1,36,0.0014,0.0,100.0,518.67,642.42,1594.06,1415.32,14.62,21.61,553.64,2388.14,9067.45,1.3,47.49,521.37,2388.1,8134.41,8.4125,0.03,394,2388,100.0,38.86,23.2838
1,37,0.0024,0.0019,100.0,518.67,643.15,1592.16,1410.72,14.62,21.61,552.88,2388.12,9058.63,1.3,47.6,521.27,2388.12,8138.5,8.4542,0.03,393,2388,100.0,38.59,23.2639
1,38,42.003,0.8412,100.0,445.0,549.47,1352.71,1124.93,3.91,5.72,139.07,2211.85,8315.92,1.02,42.22,130.53,2387.95,8082.33,9.3941,0.02,330,2212,100.0,10.61,6.2446
1,39,35.0003,0.84,100.0,449.44,556.39,1372.36,1133.3,5.48,8.0,194.76,2222.97,8352.88,1.02,42.11,183.43,2388.11,8064.69,9.3429,0.02,335,2223,100.0,14.84,8.9854
1,40,19.9995,0.7,100.0,491.19,607.87,1493.56,1253.69,9.35,13.65,334.4,2323.99,8725.2,1.08,44.47,314.74,2388.14,8062.06,9.2509,0.03,366,2324,100.0,24.34,14.6731
1,41,41.9992,0.84,100.0,445.0,549.58,1356.87,1133.73,3.91,5.72,138.96,2211.87,8319.34,1.02,41.99,130.96,2387.96,8088.31,9.3976,0.02,331,2212,100.0,10.54,6.2856
1,42,20.001,0.7002,100.0,491.19,607.52,1486.8,1250.03,9.35,13.65,334.31,2324.01,8729.98,1.07,44.33,314.53,2388.07,8062.7,9.2583,0.02,366,2324,100.0,24.33,14.6346
1,43,10.0025,0.2516,100.0,489.05,604.95,1490.39,1316.73,10.52,15.5,394.11,2318.96,8784.62,1.26,45.42,371.4,2388.16,8129.96,8.6758,0.03,370,2319,100.0,28.55,17.1239
1,44,0.0027,0.0018,100.0,518.67,642.8,1595.54,1413.68,14.62,21.61,552.82,2388.12,9065.41,1.3,47.49,521.9,2388.05,8134.09,8.4282,0.03,392,2388,100.0,38.62,23.2771
1,45,42.0052,0.841,100.0,445.0,549.57,1359.4,1127.88,3.91,5.72,138.45,2211.86,8323.88,1.02,42.14,130.61,2388.0,8084.81,9.3614,0.02,331,2212,100.0,10.75,6.2959
1,46,10.0008,0.2504,100.0,489.05,605.13,1508.48,1314.33,10.52,15.49,394.14,2318.99,8783.42,1.26,45.63,370.83,2388.23,8129.22,8.6575,0.03,370,2319,100.0,28.41,17.1114
1,47,10.0004,0.25,100.0,489.05,605.25,1508.53,1313.7,10.52,15.5,394.39,2318.98,8780.27,1.26,45.6,371.43,2388.22,8132.76,8.6467,0.03,369,2319,100.0,28.52,17.1217
1,48,42.0046,0.84,100.0,445.0,550.49,1348.83,1133.21,3.91,5.71,138.47,2211.86,8320.27,1.02,42.19,130.59,2387.97,8085.82,9.3684,0.02,332,2212,100.0,10.64,6.3635
1,49,20.004,0.7,100.0,491.19,607.79,1493.08,1256.43,9.35,13.66,334.54,2323.96,8728.78,1.08,44.49,314.81,2388.16,8062.32,9.2543,0.02,367,2324,100.0,24.63,14.6501
1,50,42.0023,0.8407,100.0,445.0,549.25,1352.63,1128.18,3.91,5.72,138.23,2211.9,8317.56,1.02,42.27,130.78,2387.92,8082.94,9.3993,0.02,331,2212,100.0,10.54,6.2681
1,51,0.0019,0.0,100.0,518.67,642.67,1587.79,1408.25,14.62,21.61,552.7,2388.08,9057.83,1.3,47.51,521.65,2388.16,8139.01,8.4505,0.03,394,2388,100.0,38.71,23.2463
1,52,41.9995,0.84,100.0,445.0,550.08,1355.53,1129.19,3.91,5.72,139.13,2211.85,8318.2,1.02,42.15,130.6,2387.97,8084.62,9.3794,0.02,332,2212,100.0,10.53,6.271
1,53,25.0068,0.6208,60.0,462.54,537.22,1259.77,1062.18,7.05,9.03,175.16,1915.36,8015.47,0.94,37.04,164.52,2028.27,7876.5,10.9273,0.02,309,1915,84.93,14.34,8.5385
1,54,0.0028,0.0,100.0,518.67,642.28,1590.87,1411.06,14.62,21.61,552.87,2388.1,9070.11,1.3,47.68,521.29,2388.13,8137.61,8.4328,0.03,394,2388,100.0,38.66,23.2864
1,55,25.0009,0.6216,60.0,462.54,537.05,1259.42,1050.27,7.05,9.03,175.13,1915.33,8012.43,0.94,36.96,164.6,2028.24,7876.84,10.8917,0.02,308,1915,84.93,14.3,8.6197
1,56,20.0034,0.7,100.0,491.19,607.69,1483.37,1253.3,9.35,13.66,333.9,2324.0,8729.93,1.07,44.41,315.28,2388.14,8064.39,9.2229,0.02,365,2324,100.0,24.34,14.6595
1,57,42.0008,0.8402,100.0,445.0,549.09,1350.23,1125.94,3.91,5.71,138.81,2211.96,8328.03,1.02,42.19,131.0,2387.99,8087.06,9.3981,0.02,332,2212,100.0,10.69,6.3775
1,58,35.0056,0.8407,100.0,449.44,555.75,1368.54,1131.71,5.48,8.0,194.99,2222.94,8354.51,1.02,42.17,183.12,2388.05,8070.15,9.3354,0.02,334,2223,100.0,14.99,8.8549
1,59,20.0064,0.7,100.0,491.19,607.39,1488.06,1251.83,9.35,13.66,333.67,2324.05,8730.86,1.08,44.39,315.11,2388.18,8071.3,9.2279,0.02,365,2324,100.0,24.45,14.7504
1,60,41.9998,0.8412,100.0,445.0,549.79,1354.88,1134.87,3.91,5.72,138.99,2211.85,8325.72,1.02,42.19,130.58,2388.04,8090.56,9.365,0.02,333,2212,100.0,10.53,6.2751
1,61,20.0002,0.7013,100.0,491.19,607.5,1482.03,1252.62,9.35,13.66,334.1,2324.0,8727.82,1.08,44.51,314.34,2388.14,8058.99,9.2566,0.03,365,2324,100.0,24.45,14.6278
1,62,0.0007,0.0003,100.0,518.67,642.61,1590.15,1409.71,14.62,21.61,553.29,2388.15,9063.97,1.3,47.65,521.12,2388.13,8130.51,8.4008,0.03,393,2388,100.0,38.83,23.2127
1,63,10.0028,0.2517,100.0,489.05,605.35,1503.56,1308.81,10.52,15.49,393.99,2319.02,8779.71,1.26,45.6,371.89,2388.2,8129.05,8.6463,0.03,370,2319,100.0,28.49,17.1653
1,64,42.0041,0.84,100.0,445.0,549.37,1358.53,1129.3,3.91,5.71,138.68,2211.85,8321.52,1.02,42.28,130.26,2388.03,8082.82,9.3751,0.02,332,2212,100.0,10.69,6.3165
1,65,24.9997,0.62,60.0,462.54,537.34,1263.87,1048.39,7.05,9.03,174.78,1915.31,8014.51,0.94,36.78,164.4,2028.31,7874.36,10.9071,0.02,308,1915,84.93,14.49,8.508
1,66,10.0076,0.25,100.0,489.05,604.98,1504.25,1307.32,10.52,15.5,395.04,2318.95,8779.34,1.26,45.64,371.34,2388.2,8135.65,8.673,0.03,370,2319,100.0,28.38,17.1044
1,67,25.0024,0.62,60.0,462.54,536.94,1268.19,1054.69,7.05,9.03,174.71,1915.33,8013.73,0.94,36.86,164.45,2028.25,7880.52,10.9539,0.02,307,1915,84.93,14.13,8.557
1,68,24.9985,0.6209,60.0,462.54,536.48,1263.42,1043.51,7.05,9.03,175.98,1915.31,8009.81,0.94,36.75,164.13,2028.29,7875.9,10.9383,0.02,306,1915,84.93,14.2,8.5135
1,69,20.005,0.7019,100.0,491.19,607.66,1477.23,1254.99,9.35,13.66,334.65,2324.0,8721.51,1.08,44.42,314.19,2388.12,8059.83,9.2095,0.03,367,2324,100.0,24.33,14.7613
1,70,10.006,0.2508,100.0,489.05,605.2,1503.22,1313.26,10.52,15.49,393.68,2318.95,8777.22,1.26,45.7,371.28,2388.25,8126.77,8.6746,0.03,369,2319,100.0,28.33,16.9932
1,71,25.0003,0.62,60.0,462.54,536.97,1266.98,1051.53,7.05,9.03,175.18,1915.32,8018.39,0.94,36.87,164.06,2028.28,7875.09,10.9453,0.02,308,1915,84.93,14.3,8.4744
1,72,35.0041,0.8414,100.0,449.44,555.59,1369.17,1135.19,5.48,8.0,194.01,2222.97,8352.1,1.02,42.15,182.51,2388.04,8070.57,9.3551,0.02,336,2223,100.0,14.75,8.9326
1,73,42.004,0.8415,100.0,445.0,550.14,1360.84,1131.86,3.91,5.72,138.55,2211.85,8322.13,1.02,42.21,130.8,2387.93,8089.9,9.3945,0.02,332,2212,100.0,10.67,6.2588
1,74,42.0067,0.84,100.0,445.0,549.63,1360.61,1134.57,3.91,5.72,138.84,2211.86,8324.38,1.02,42.32,130.25,2387.92,8081.34,9.3969,0.02,332,2212,100.0,10.66,6.3884
1,75,42.002,0.84,100.0,445.0,549.64,1355.01,1129.15,3.91,5.71,138.55,2211.88,8326.85,1.02,42.22,130.78,2387.98,8088.1,9.403,0.02,333,2212,100.0,10.69,6.3684
1,76,25.0023,0.6212,60.0,462.54,537.0,1265.12,1048.52,7.05,9.03,175.63,1915.41,8016.38,0.94,36.84,164.58,2028.22,7876.41,10.9286,0.02,308,1915,84.93,14.08,8.5064
1,77,42.0062,0.8407,100.0,445.0,549.99,1358.15,1129.92,3.91,5.72,138.71,2211.87,8332.9,1.02,42.09,130.74,2387.99,8089.64,9.3534,0.02,332,2212,100.0,10.68,6.3088
1,78,25.0072,0.6205,60.0,462.54,537.02,1263.88,1055.16,7.05,9.03,175.97,1915.35,8011.23,0.94,36.67,163.74,2028.27,7872.58,10.8929,0.02,306,1915,84.93,14.27,8.528
1,79,42.0015,0.8414,100.0,445.0,550.07,1352.72,1130.77,3.91,5.72,138.16,2211.94,8325.49,1.02,42.2,129.96,2387.97,8087.24,9.3454,0.02,331,2212,100.0,10.64,6.3449
1,80,10.0015,0.25,100.0,489.05,605.08,1507.35,1309.47,10.52,15.5,393.78,2319.03,8786.4,1.26,45.57,371.25,2388.24,8131.61,8.6461,0.03,369,2319,100.0,28.51,17.0409
1,81,34.9995,0.8414,100.0,449.44,555.91,1367.53,1133.06,5.48,8.0,194.21,2222.95,8357.8,1.02,41.97,182.7,2388.06,8068.78,9.3141,0.02,333,2223,100.0,14.77,8.7643
1,82,0.0029,0.0012,100.0,518.67,642.77,1584.62,1407.19,14.62,21.61,553.05,2388.15,9067.21,1.3,47.59,521.12,2388.14,8137.56,8.4245,0.03,392,2388,100.0,38.83,23.2546
1,83,35.0037,0.84,100.0,449.44,555.63,1366.18,1130.18,5.48,8.0,193.97,2222.98,8353.76,1.02,42.15,182.39,2388.1,8073.1,9.3584,0.02,333,2223,100.0,14.79,8.8817
1,84,0.0002,0.0008,100.0,518.67,643.11,1582.48,1409.21,14.62,21.61,553.56,2388.11,9057.74,1.3,47.66,521.37,2388.16,8142.27,8.431,0.03,394,2388,100.0,38.82,23.2052
1,85,0.0017,0.0003,100.0,518.67,643.45,1591.65,1413.33,14.62,21.61,552.95,2388.14,9065.95,1.3,47.56,520.95,2388.09,8140.23,8.4239,0.03,393,2388,100.0,38.72,23.3503
1,86,20.0078,0.7,100.0,491.19,607.8,1488.12,1253.91,9.35,13.66,334.68,2324.01,8732.76,1.08,44.32,314.53,2388.1,8064.28,9.2365,0.02,366,2324,100.0,24.16,14.7489
1,87,35.0001,0.8402,100.0,449.44,555.89,1367.22,1135.3,5.48,8.0,194.53,2222.99,8348.38,1.02,42.03,183.2,2388.09,8068.12,9.3465,0.02,335,2223,100.0,14.67,8.8984
1,88,20.0051,0.7,100.0,491.19,607.67,1489.88,1254.72,9.35,13.66,333.91,2324.04,8731.85,1.08,44.44,314.8,2388.17,8065.35,9.2517,0.02,366,2324,100.0,24.59,14.6698
1,89,35.0024,0.8413,100.0,449.44,556.16,1376.14,1134.26,5.48,8.0,193.97,2223.0,8360.34,1.02,42.0,183.27,2388.12,8071.24,9.3329,0.02,334,2223,100.0,14.9,8.9935
1,90,35.0072,0.8409,100.0,449.44,555.92,1369.54,1139.41,5.48,8.0,193.78,2223.01,8354.75,1.02,42.1,182.51,2388.04,8065.76,9.3396,0.02,335,2223,100.0,14.67,8.7518
1,91,35.0022,0.8416,100.0,449.44,556.35,1363.91,1138.04,5.48,8.0,194.27,2223.01,8351.78,1.02,42.22,182.82,2388.1,8066.44,9.3622,0.02,334,2223,100.0,14.84,8.8513
1,92,10.0057,0.2502,100.0,489.05,605.07,1499.97,1318.15,10.52,15.5,394.32,2318.99,8784.09,1.26,45.74,370.81,2388.19,8127.55,8.683,0.03,371,2319,100.0,28.63,17.1535
1,93,10.0016,0.2509,100.0,489.05,605.18,1503.74,1315.08,10.52,15.5,394.64,2319.07,8784.79,1.26,45.53,371.49,2388.18,8132.74,8.6624,0.03,370,2319,100.0,28.47,17.0773
1,94,35.004,0.8407,100.0,449.44,556.47,1365.28,1143.24,5.48,8.0,194.16,2223.03,8353.57,1.02,42.06,183.45,2388.08,8071.02,9.3392,0.02,334,2223,100.0,14.83,8.8428
1,95,10.0046,0.2505,100.0,489.05,605.35,1493.74,1312.07,10.52,15.5,394.36,2318.96,8784.07,1.26,45.58,370.83,2388.18,8130.22,8.6711,0.03,371,2319,100.0,28.45,17.0593
1,96,25.0047,0.6201,60.0,462.54,537.19,1267.85,1050.02,7.05,9.03,175.89,1915.36,8011.77,0.94,36.91,164.24,2028.21,7877.75,10.9289,0.02,308,1915,84.93,14.08,8.5141
1,97,35.0073,0.8411,100.0,449.44,556.22,1369.51,1132.71,5.48,8.0,193.79,2223.05,8351.6,1.02,42.03,182.72,2388.07,8066.3,9.3385,0.02,335,2223,100.0,14.73,8.7464
1,98,10.0037,0.2515,100.0,489.05,604.68,1499.41,1316.51,10.52,15.5,394.16,2319.02,8783.85,1.26,45.83,371.16,2388.18,8134.58,8.6738,0.03,369,2319,100.0,28.43,17.0689
1,99,9.9985,0.25,100.0,489.05,605.64,1503.32,1316.73,10.52,15.5,393.63,2318.96,8786.97,1.26,45.7,370.92,2388.21,8135.38,8.6715,0.03,371,2319,100.0,28.4,17.0163
1,100,34.9982,0.8415,100.0,449.44,556.45,1363.83,1136.85,5.48,8.0,193.99,2223.03,8359.25,1.02,42.11,183.02,2388.15,8070.51,9.3499,0.02,335,2223,100.0,14.76,8.8871
1,101,42.0045,0.8417,100.0,445.0,550.01,1357.0,1125.66,3.91,5.72,139.02,2211.89,8324.18,1.02,42.25,130.26,2388.01,8093.5,9.411,0.02,331,2212,100.0,10.58,6.3518
1,102,20.0008,0.7,100.0,491.19,607.68,1485.77,1256.14,9.35,13.66,333.81,2324.05,8726.01,1.08,44.74,314.57,2388.18,8064.1,9.2561,0.03,367,2324,100.0,24.32,14.4875
1,103,9.9989,0.2519,100.0,489.05,605.63,1505.12,1314.81,10.52,15.49,394.59,2319.05,8779.54,1.26,45.55,371.48,2388.25,8133.84,8.6481,0.03,370,2319,100.0,28.53,17.1267
1,104,25.0009,0.62,60.0,462.54,537.49,1268.79,1057.14,7.05,9.02,174.93,1915.41,8016.12,0.94,36.79,164.89,2028.35,7879.8,10.9141,0.02,307,1915,84.93,14.25,8.4604
1,105,25.0007,0.6216,60.0,462.54,537.11,1261.76,1052.62,7.05,9.03,175.44,1915.43,8015.94,0.94,36.63,164.99,2028.28,7873.67,10.9123,0.02,307,1915,84.93,14.22,8.5301
1,106,25.0059,0.6203,60.0,462.54,537.17,1266.96,1055.34,7.05,9.03,175.21,1915.36,8017.59,0.94,37.07,164.03,2028.29,7873.39,10.9508,0.02,308,1915,84.93,14.41,8.5179
1,107,20.0014,0.7013,100.0,491.19,607.59,1491.67,1254.57,9.35,13.66,334.42,2324.01,8737.3,1.08,44.87,314.65,2388.16,8066.38,9.2656,0.02,367,2324,100.0,24.34,14.5742
1,108,10.002,0.25,100.0,489.05,605.37,1501.43,1312.16,10.52,15.49,394.68,2318.97,8789.42,1.26,45.72,370.77,2388.22,8131.6,8.6986,0.03,370,2319,100.0,28.32,16.9143
1,109,20.0024,0.7008,100.0,491.19,607.92,1486.99,1249.07,9.35,13.66,334.25,2324.09,8730.62,1.08,44.47,314.66,2388.17,8068.2,9.2348,0.02,366,2324,100.0,24.67,14.6343
1,110,0.0027,0.0008,100.0,518.67,642.97,1594.43,1413.98,14.62,21.61,552.71,2388.15,9068.8,1.3,47.7,521.79,2388.17,8142.29,8.4423,0.03,395,2388,100.0,38.81,23.2657
1,111,19.999,0.7011,100.0,491.19,608.31,1487.42,1255.57,9.35,13.66,334.09,2324.05,8733.33,1.08,44.49,314.05,2388.21,8064.67,9.1986,0.03,367,2324,100.0,24.5,14.645
1,112,0.0005,0.0013,100.0,518.67,643.17,1603.34,1412.78,14.62,21.61,552.55,2388.16,9067.06,1.3,47.62,520.95,2388.13,8134.54,8.4411,0.03,393,2388,100.0,38.71,23.3239
1,113,0.0004,0.0003,100.0,518.67,642.91,1592.63,1408.7,14.62,21.61,553.22,2388.11,9067.03,1.3,47.61,520.62,2388.15,8141.66,8.4482,0.03,393,2388,100.0,38.68,23.2766
1,114,0.0014,0.0013,100.0,518.67,643.27,1592.76,1412.46,14.62,21.61,552.66,2388.13,9062.56,1.3,47.75,520.58,2388.13,8141.33,8.428,0.03,393,2388,100.0,38.69,23.2596
1,115,42.0017,0.8419,100.0,445.0,550.26,1354.11,1127.71,3.91,5.72,137.63,2211.92,8328.91,1.02,42.23,130.07,2388.01,8087.89,9.3918,0.02,333,2212,100.0,10.69,6.3541
1,116,25.003,0.6213,60.0,462.54,536.99,1267.92,1050.66,7.05,9.03,175.02,1915.36,8014.63,0.94,36.8,164.32,2028.28,7878.07,10.9454,0.02,308,1915,84.93,14.02,8.4919
1,117,0.0022,0.0,100.0,518.67,643.07,1590.42,1408.02,14.62,21.61,552.58,2388.18,9067.1,1.3,47.82,520.91,2388.16,8140.42,8.4533,0.03,393,2388,100.0,38.64,23.3413
1,118,42.0048,0.84,100.0,445.0,550.26,1347.55,1129.33,3.91,5.71,138.68,2211.92,8328.29,1.02,42.45,130.59,2388.03,8090.75,9.3991,0.02,332,2212,100.0,10.54,6.391
1,119,35.0052,0.84,100.0,449.44,556.07,1373.45,1143.01,5.48,8.0,193.95,2223.08,8351.43,1.02,42.17,183.1,2388.13,8073.79,9.3837,0.02,335,2223,100.0,14.79,8.8293
1,120,42.0073,0.84,100.0,445.0,549.65,1361.65,1125.52,3.91,5.72,138.39,2211.98,8333.49,1.02,42.31,130.59,2388.01,8089.01,9.384,0.02,332,2212,100.0,10.4,6.3198
1,121,0.0026,0.0004,100.0,518.67,643.17,1597.59,1420.12,14.62,21.61,553.1,2388.13,9063.79,1.3,47.74,520.56,2388.09,8139.56,8.4355,0.03,394,2388,100.0,38.61,23.1952
1,122,25.0068,0.62,60.0,462.54,537.46,1264.75,1059.64,7.05,9.03,175.17,1915.49,8021.8,0.94,36.92,164.43,2028.3,7881.6,10.933,0.02,308,1915,84.93,14.29,8.5091
1,123,42.0027,0.84,100.0,445.0,549.98,1359.95,1126.55,3.91,5.72,138.83,2211.96,8330.82,1.02,42.29,129.7,2388.07,8090.26,9.4291,0.02,329,2212,100.0,10.86,6.3719
1,124,42.002,0.84,100.0,445.0,550.39,1362.41,1131.21,3.91,5.72,138.74,2211.93,8324.48,1.02,42.43,130.35,2388.0,8086.29,9.4033,0.02,333,2212,100.0,10.53,6.3045
1,125,25.0051,0.6206,60.0,462.54,537.2,1265.59,1057.55,7.05,9.03,175.31,1915.44,8021.28,0.94,37.0,164.01,2028.3,7880.67,10.953,0.02,307,1915,84.93,14.37,8.4269
1,126,42.0054,0.8406,100.0,445.0,549.7,1359.97,1137.2,3.91,5.72,138.97,2212.04,8329.59,1.02,42.31,130.78,2388.04,8091.15,9.4187,0.02,331,2212,100.0,10.48,6.3041
1,127,42.0007,0.84,100.0,445.0,550.51,1353.56,1137.39,3.91,5.72,138.22,2211.96,8326.53,1.02,42.14,130.44,2388.11,8092.49,9.3566,0.02,333,2212,100.0,10.57,6.3491
1,128,42.0052,0.84,100.0,445.0,550.28,1361.14,1135.09,3.91,5.72,138.76,2211.93,8331.43,1.02,42.19,130.6,2388.03,8093.32,9.4045,0.02,331,2212,100.0,10.61,6.3781
1,129,0.0002,0.0,100.0,518.67,643.19,1590.22,1423.76,14.62,21.61,552.99,2388.14,9068.88,1.3,47.81,521.06,2388.16,8138.76,8.4378,0.03,393,2388,100.0,38.82,23.2476
1,130,0.0009,0.0,100.0,518.67,642.97,1592.44,1414.35,14.62,21.61,552.8,2388.19,9065.86,1.3,47.73,520.79,2388.16,8146.99,8.4365,0.03,394,2388,100.0,38.74,23.2765
1,131,42.0053,0.842,100.0,445.0,550.12,1356.2,1134.74,3.91,5.72,138.41,2212.04,8335.96,1.02,42.25,130.27,2388.05,8092.42,9.4057,0.02,332,2212,100.0,10.58,6.3863
1,132,35.0006,0.84,100.0,449.44,556.07,1373.03,1131.24,5.48,8.0,193.77,2223.13,8365.2,1.02,42.12,182.4,2388.15,8072.02,9.322,0.02,335,2223,100.0,14.63,8.8574
1,133,42.0063,0.84,100.0,445.0,550.18,1355.27,1136.82,3.91,5.72,138.25,2211.96,8324.93,1.02,42.23,130.25,2388.06,8090.65,9.3853,0.02,331,2212,100.0,10.61,6.3251
1,134,20.0061,0.7,100.0,491.19,608.35,1487.78,1255.17,9.35,13.66,334.09,2324.08,8734.77,1.08,44.67,314.48,2388.23,8062.12,9.2282,0.02,366,2324,100.0,24.48,14.6253
1,135,20.0043,0.7007,100.0,491.19,607.38,1495.62,1258.06,9.35,13.66,334.18,2324.1,8731.04,1.08,44.77,314.17,2388.29,8072.09,9.2282,0.02,367,2324,100.0,24.38,14.6555
1,136,10.0069,0.25,100.0,489.05,604.86,1500.81,1316.9,10.52,15.5,392.96,2319.0,8793.53,1.26,45.68,371.18,2388.24,8138.66,8.7035,0.03,371,2319,100.0,28.28,16.9573
1,137,19.9992,0.7017,100.0,491.19,607.84,1492.05,1255.34,9.35,13.66,333.63,2324.12,8740.63,1.08,44.62,314.78,2388.18,8069.27,9.2809,0.02,365,2324,100.0,24.43,14.5589
1,138,0.0011,0.0006,100.0,518.67,643.03,1588.37,1415.36,14.62,21.61,552.67,2388.14,9065.77,1.3,47.75,521.02,2388.08,8144.3,8.4723,0.03,394,2388,100.0,38.59,23.3211
1,139,35.0006,0.8406,100.0,449.44,555.98,1375.14,1143.79,5.48,8.0,194.49,2223.14,8363.75,1.02,42.23,182.76,2388.2,8073.15,9.3885,0.02,338,2223,100.0,14.66,8.8093
1,140,0.0006,0.0,100.0,518.67,642.87,1592.12,1418.3,14.62,21.61,552.75,2388.13,9064.67,1.3,47.89,520.96,2388.12,8139.47,8.4813,0.03,395,2388,100.0,38.8,23.2064
1,141,42.004,0.8403,100.0,445.0,549.87,1358.18,1136.35,3.91,5.72,138.58,2212.02,8334.69,1.02,42.23,129.99,2388.06,8094.57,9.4021,0.02,332,2212,100.0,10.6,6.38
1,142,0.002,0.0005,100.0,518.67,643.25,1591.91,1421.45,14.62,21.61,552.34,2388.16,9067.9,1.3,47.84,520.46,2388.13,8144.5,8.4407,0.03,395,2388,100.0,38.61,23.1109
1,143,0.0026,0.0,100.0,518.67,642.87,1599.29,1421.88,14.62,21.61,552.73,2388.12,9077.87,1.3,47.66,520.95,2388.12,8146.03,8.4614,0.03,394,2388,100.0,38.74,23.2359
1,144,25.006,0.6208,60.0,462.54,537.12,1269.81,1052.77,7.05,9.03,174.79,1915.48,8029.13,0.94,36.85,164.36,2028.37,7880.67,10.9563,0.02,307,1915,84.93,14.28,8.5816
1,145,35.0047,0.84,100.0,449.44,555.81,1371.48,1140.62,5.48,8.0,193.86,2223.15,8351.44,1.02,42.16,182.93,2388.24,8076.91,9.3857,0.02,334,2223,100.0,14.81,8.7732
1,146,20.0073,0.7,100.0,491.19,608.24,1486.76,1255.83,9.35,13.66,333.25,2324.09,8728.78,1.08,44.63,314.37,2388.22,8067.87,9.2657,0.03,366,2324,100.0,24.44,14.5321
1,147,42.0,0.84,100.0,445.0,550.11,1362.94,1132.64,3.91,5.71,138.4,2212.08,8340.69,1.02,42.34,130.4,2388.11,8098.51,9.4181,0.02,332,2212,100.0,10.57,6.3086
1,148,10.0013,0.25,100.0,489.05,605.01,1509.1,1318.0,10.52,15.49,393.02,2319.08,8788.44,1.26,45.58,371.07,2388.25,8143.76,8.6963,0.03,371,2319,100.0,28.46,17.1114
1,149,25.0064,0.62,60.0,462.54,537.11,1262.05,1053.09,7.05,9.03,175.53,1915.48,8020.4,0.94,37.1,164.69,2028.41,7886.88,10.9622,0.02,310,1915,84.93,14.13,8.5706
2,1,35.0034,0.84,100.0,449.44,555.11,1363.65,1126.27,5.48,8.0,195.08,2223.14,8353.05,1.02,41.7,183.46,2388.18,8073.9,9.2453,0.02,332,2223,100.0,15.03,8.9614
2,2,35.0025,0.84,100.0,449.44,555.51,1361.64,1117.29,5.48,8.0,195.11,2223.1,8352.77,1.02,41.72,184.0,2388.22,8075.99,9.2947,0.02,334,2223,100.0,15.0,9.0302
2,3,10.0035,0.25,100.0,489.05,604.69,1496.01,1302.39,10.52,15.49,396.08,2318.8,8787.63,1.26,45.33,372.65,2388.07,8140.92,8.6221,0.03,368,2319,100.0,28.63,17.2012
2,4,0.0025,0.0005,100.0,518.67,642.27,1589.73,1394.83,14.62,21.61,554.6,2387.94,9061.42,1.3,47.34,522.18,2388.05,8146.12,8.3945,0.03,392,2388,100.0,38.96,23.392
2,5,20.0066,0.7009,100.0,491.19,607.44,1475.63,1248.65,9.35,13.65,334.28,2323.95,8723.76,1.08,44.13,316.05,2388.07,8073.3,9.1593,0.02,362,2324,100.0,24.73,14.6177
2,6,42.0016,0.8418,100.0,445.0,549.82,1352.13,1116.58,3.91,5.72,138.99,2212.05,8325.17,1.02,41.87,131.32,2388.16,8091.71,9.3086,0.02,330,2212,100.0,10.62,6.371
2,7,20.001,0.7005,100.0,491.19,606.67,1489.24,1237.44,9.35,13.65,334.86,2323.97,8736.3,1.08,44.02,315.31,2388.04,8067.45,9.1854,0.02,364,2324,100.0,24.59,14.743
2,8,10.0059,0.25,100.0,489.05,604.34,1498.04,1299.47,10.52,15.49,394.92,2318.84,8787.87,1.26,45.31,372.38,2388.05,8142.97,8.6284,0.03,368,2319,100.0,28.64,17.1053
2,9,10.008,0.25,100.0,489.05,604.33,1493.87,1299.98,10.52,15.49,395.35,2318.84,8784.85,1.26,44.99,372.13,2388.04,8135.8,8.6547,0.03,367,2319,100.0,28.55,17.1705
2,10,25.0064,0.6213,60.0,462.54,536.33,1262.44,1040.69,7.05,9.03,175.53,1915.43,8018.49,0.94,36.52,164.94,2028.34,7878.31,10.8699,0.02,307,1915,84.93,14.37,8.5774
2,11,25.0065,0.6208,60.0,462.54,536.7,1265.31,1039.52,7.05,9.02,175.35,1915.42,8015.61,0.94,36.41,164.97,2028.34,7873.31,10.8493,0.02,306,1915,84.93,14.04,8.6274
2,12,0.0,0.0014,100.0,518.67,642.22,1589.3,1405.44,14.62,21.61,555.2,2387.97,9063.94,1.3,47.27,521.95,2388.03,8147.38,8.4052,0.03,392,2388,100.0,39.15,23.3466
2,13,0.0029,0.0,100.0,518.67,642.37,1582.99,1396.85,14.62,21.61,554.37,2387.95,9062.7,1.3,47.41,521.96,2387.99,8146.07,8.4149,0.03,392,2388,100.0,39.14,23.4909
2,14,20.0019,0.7,100.0,491.19,606.79,1477.44,1244.49,9.35,13.65,334.73,2323.97,8726.09,1.08,44.0,315.64,2388.1,8068.9,9.1755,0.02,364,2324,100.0,24.54,14.6737
2,15,25.0056,0.6216,60.0,462.54,536.61,1262.29,1040.98,7.05,9.03,175.09,1915.49,8019.96,0.94,36.5,165.04,2028.39,7881.83,10.8852,0.02,307,1915,84.93,14.3,8.7285
2,16,10.0043,0.2515,100.0,489.05,604.88,1493.55,1299.29,10.52,15.49,394.84,2318.8,8786.59,1.26,45.09,372.21,2388.0,8138.96,8.6267,0.03,370,2319,100.0,28.86,17.2106
2,17,9.9993,0.25,100.0,489.05,604.03,1500.9,1303.47,10.52,15.49,395.11,2318.85,8787.32,1.26,45.06,372.02,2388.07,8141.96,8.6151,0.03,368,2319,100.0,28.63,17.2347
2,18,0.0009,0.0,100.0,518.67,642.19,1587.56,1397.47,14.62,21.61,554.78,2388.04,9065.63,1.3,47.2,522.16,2388.04,8147.07,8.3957,0.03,392,2388,100.0,38.78,23.3772
2,19,25.0034,0.62,60.0,462.54,536.15,1255.36,1042.88,7.05,9.03,175.36,1915.43,8013.63,0.94,36.51,164.34,2028.38,7881.06,10.8932,0.02,306,1915,84.93,14.28,8.5917
2,20,25.0078,0.62,60.0,462.54,536.2,1255.42,1040.47,7.05,9.02,175.2,1915.47,8024.81,0.94,36.42,164.98,2028.37,7882.59,10.8554,0.02,305,1915,84.93,14.39,8.596
2,21,0.0006,0.001,100.0,518.67,641.68,1580.96,1404.43,14.62,21.61,554.91,2388.0,9059.71,1.3,47.28,522.06,2387.97,8148.09,8.3766,0.03,392,2388,100.0,38.93,23.3613
2,22,35.0023,0.84,100.0,449.44,555.39,1361.98,1117.12,5.48,8.0,194.51,2223.07,8362.52,1.02,41.89,182.9,2388.22,8076.67,9.2949,0.02,333,2223,100.0,14.77,8.989
2,23,25.0012,0.6214,60.0,462.54,537.18,1259.09,1035.57,7.05,9.03,176.17,1915.51,8019.63,0.94,36.41,165.46,2028.37,7880.71,10.8984,0.02,305,1915,84.93,14.3,8.5618
2,24,25.0004,0.6209,60.0,462.54,536.61,1258.31,1046.6,7.05,9.03,176.19,1915.44,8009.55,0.94,36.65,164.59,2028.35,7878.2,10.8093,0.02,304,1915,84.93,14.25,8.5811
2,25,42.0059,0.8411,100.0,445.0,548.93,1351.94,1119.06,3.91,5.71,139.5,2212.13,8324.77,1.02,41.85,130.43,2388.2,8091.57,9.3121,0.02,332,2212,100.0,10.43,6.3865
2,26,25.0002,0.62,60.0,462.54,536.24,1255.96,1044.94,7.05,9.03,176.22,1915.48,8020.98,0.94,36.58,164.89,2028.29,7877.11,10.8483,0.02,305,1915,84.93,14.38,8.6691
2,27,0.0022,0.0011,100.0,518.67,642.17,1585.62,1397.5,14.62,21.61,554.18,2387.95,9054.73,1.3,47.16,522.59,2388.0,8147.89,8.3943,0.03,392,2388,100.0,39.08,23.3967
2,28,35.0051,0.84,100.0,449.44,555.1,1360.6,1121.45,5.48,8.0,194.78,2223.09,8355.38,1.02,41.66,184.03,2388.24,8075.63,9.3077,0.02,333,2223,100.0,14.92,8.9778
2,29,42.0062,0.84,100.0,445.0,549.9,1342.45,1124.63,3.91,5.71,138.9,2212.1,8336.41,1.02,41.91,130.98,2388.23,8097.56,9.3349,0.02,329,2212,100.0,10.62,6.3939
2,30,19.9981,0.7016,100.0,491.19,607.33,1475.33,1244.37,9.35,13.65,334.95,2323.92,8720.86,1.08,44.21,315.02,2388.07,8062.94,9.2044,0.02,363,2324,100.0,24.41,14.7116
2,31,42.0008,0.84,100.0,445.0,549.43,1348.54,1110.97,3.91,5.72,138.53,2212.04,8326.87,1.02,41.94,131.15,2388.12,8086.43,9.3261,0.02,329,2212,100.0,10.6,6.3369
2,32,41.9995,0.84,100.0,445.0,549.38,1349.24,1117.05,3.91,5.71,139.44,2212.08,8325.86,1.02,41.76,130.71,2388.16,8093.57,9.3273,0.02,330,2212,100.0,10.61,6.3372
2,33,35.0042,0.8403,100.0,449.44,555.66,1366.15,1122.43,5.48,8.0,195.11,2223.1,8353.84,1.02,41.93,183.44,2388.19,8073.48,9.302,0.02,331,2223,100.0,14.84,8.7882
2,34,42.0016,0.84,100.0,445.0,549.37,1357.22,1119.73,3.91,5.72,139.08,2212.13,8326.84,1.02,41.91,131.03,2388.22,8093.57,9.305,0.02,331,2212,100.0,10.52,6.4407
2,35,41.9989,0.84,100.0,445.0,549.34,1342.85,1122.22,3.91,5.72,138.18,2212.12,8330.09,1.02,41.89,130.7,2388.19,8090.82,9.3297,0.02,329,2212,100.0,10.64,6.3705
2,36,0.0012,0.0014,100.0,518.67,641.72,1584.24,1393.48,14.62,21.61,554.63,2388.03,9062.71,1.3,47.13,522.42,2388.01,8143.12,8.4379,0.03,391,2388,100.0,39.03,23.5577
2,37,19.9997,0.7,100.0,491.19,606.84,1476.57,1243.76,9.35,13.65,335.18,2323.94,8730.32,1.08,44.13,315.43,2388.07,8070.8,9.2197,0.02,364,2324,100.0,24.71,14.8005
2,38,25.0079,0.6209,60.0,462.54,536.85,1259.09,1048.93,7.05,9.02,175.58,1915.45,8020.64,0.94,36.64,164.86,2028.39,7880.27,10.8754,0.02,308,1915,84.93,14.43,8.6889
2,39,34.9992,0.8405,100.0,449.44,555.64,1360.67,1129.17,5.48,8.0,195.1,2223.12,8352.96,1.02,41.83,183.16,2388.22,8077.28,9.2533,0.02,332,2223,100.0,14.81,8.8751
2,40,35.0061,0.84,100.0,449.44,555.53,1355.9,1127.53,5.48,8.0,195.74,2223.12,8357.42,1.02,41.62,183.2,2388.22,8076.5,9.2471,0.02,333,2223,100.0,14.91,8.9948
2,41,24.9984,0.6208,60.0,462.54,537.03,1254.33,1049.14,7.05,9.02,176.12,1915.53,8011.36,0.94,36.63,164.87,2028.41,7873.15,10.8611,0.02,306,1915,84.93,14.44,8.6757
2,42,42.0046,0.84,100.0,445.0,549.55,1350.07,1128.74,3.91,5.72,139.03,2212.13,8326.03,1.02,41.8,131.05,2388.22,8090.26,9.3374,0.02,330,2212,100.0,10.71,6.3371
2,43,10.0054,0.25,100.0,489.05,604.12,1492.83,1302.28,10.52,15.49,395.82,2318.84,8784.99,1.26,45.01,372.14,2388.02,8138.92,8.6053,0.03,368,2319,100.0,28.71,17.1644
2,44,35.0038,0.84,100.0,449.44,555.46,1363.94,1130.81,5.48,8.0,194.52,2223.13,8360.42,1.02,41.68,182.98,2388.26,8074.17,9.2974,0.02,333,2223,100.0,15.03,8.9951
2,45,42.0059,0.84,100.0,445.0,549.38,1354.14,1117.07,3.91,5.71,138.77,2212.11,8331.43,1.02,41.85,131.22,2388.19,8094.92,9.3476,0.02,329,2212,100.0,10.71,6.3978
2,46,42.0057,0.8409,100.0,445.0,549.26,1355.49,1124.3,3.91,5.72,139.49,2212.09,8324.52,1.02,41.87,131.18,2388.19,8094.52,9.3295,0.02,329,2212,100.0,10.5,6.3111
2,47,41.9995,0.84,100.0,445.0,549.46,1348.05,1121.27,3.91,5.71,139.88,2212.15,8326.96,1.02,41.78,130.95,2388.18,8097.72,9.292,0.02,332,2212,100.0,10.61,6.2941
2,48,35.0043,0.84,100.0,449.44,555.53,1360.81,1126.19,5.48,8.0,194.09,2223.05,8353.22,1.02,41.59,183.57,2388.1,8074.7,9.2709,0.02,334,2223,100.0,14.69,9.0614
2,49,20.0079,0.7,100.0,491.19,607.12,1473.48,1242.98,9.35,13.65,335.89,2323.96,8730.37,1.08,44.04,315.12,2388.12,8068.74,9.1574,0.02,365,2324,100.0,24.65,14.7689
2,50,0.002,0.0,100.0,518.67,642.24,1581.13,1398.34,14.62,21.61,554.09,2387.97,9070.04,1.3,47.12,521.6,2388.01,8146.58,8.3872,0.03,390,2388,100.0,39.22,23.4529
2,51,25.0024,0.62,60.0,462.54,536.38,1258.98,1037.42,7.05,9.03,175.99,1915.5,8013.21,0.94,36.39,164.83,2028.36,7882.94,10.8836,0.02,308,1915,84.93,14.48,8.5697
2,52,0.0,0.0008,100.0,518.67,642.55,1582.55,1400.87,14.62,21.61,553.87,2388.04,9064.01,1.3,47.32,522.81,2388.0,8146.31,8.3563,0.03,391,2388,100.0,38.99,23.4258
2,53,24.9984,0.62,60.0,462.54,536.74,1252.63,1044.16,7.05,9.03,176.08,1915.45,8013.7,0.94,36.6,164.59,2028.4,7882.06,10.8306,0.02,306,1915,84.93,14.3,8.5948
2,54,42.0053,0.8406,100.0,445.0,548.92,1348.81,1118.84,3.91,5.71,138.49,2212.17,8336.18,1.02,41.94,130.39,2388.22,8091.23,9.2965,0.02,331,2212,100.0,10.76,6.4748
2,55,42.0073,0.8407,100.0,445.0,548.72,1354.07,1117.23,3.91,5.72,139.16,2212.08,8332.57,1.02,41.89,131.23,2388.12,8085.64,9.3024,0.02,330,2212,100.0,10.53,6.3472
2,56,35.0059,0.84,100.0,449.44,555.37,1362.51,1121.77,5.48,8.0,195.33,2223.06,8352.6,1.03,41.67,183.16,2388.19,8071.45,9.3341,0.02,333,2223,100.0,14.84,8.8653
2,57,25.002,0.6212,60.0,462.54,536.62,1253.62,1037.15,7.05,9.03,175.99,1915.48,8016.75,0.94,36.32,164.69,2028.36,7881.48,10.8712,0.02,307,1915,84.93,14.25,8.6369
2,58,34.9981,0.8411,100.0,449.44,555.39,1358.91,1132.49,5.48,8.0,194.63,2223.06,8359.91,1.03,41.7,183.11,2388.17,8074.03,9.3168,0.02,332,2223,100.0,14.89,8.8913
2,59,41.999,0.8406,100.0,445.0,549.62,1347.36,1122.38,3.91,5.72,138.98,2212.12,8330.69,1.02,41.89,130.86,2388.19,8092.09,9.3596,0.02,330,2212,100.0,10.68,6.2903
2,60,35.0069,0.8412,100.0,449.44,555.19,1363.18,1129.13,5.48,8.0,193.85,2223.12,8350.95,1.02,41.75,183.43,2388.2,8075.28,9.2951,0.02,332,2223,100.0,14.86,8.948
2,61,42.0005,0.8409,100.0,445.0,549.1,1353.27,1124.3,3.91,5.72,138.45,2212.08,8328.91,1.02,41.99,130.77,2388.2,8095.42,9.3338,0.02,329,2212,100.0,10.89,6.2495
2,62,42.0056,0.8404,100.0,445.0,549.15,1349.44,1119.31,3.91,5.72,138.71,2212.12,8331.34,1.02,41.84,130.54,2388.23,8092.93,9.3332,0.02,331,2212,100.0,10.71,6.3185
2,63,19.9994,0.7,100.0,491.19,607.42,1479.74,1252.08,9.35,13.65,334.61,2323.97,8737.45,1.08,43.88,315.25,2388.15,8068.8,9.1731,0.02,364,2324,100.0,24.42,14.7381
2,64,42.0043,0.84,100.0,445.0,549.33,1351.74,1121.99,3.91,5.72,138.95,2212.06,8325.3,1.02,41.88,130.63,2388.17,8091.21,9.3254,0.02,331,2212,100.0,10.64,6.3099
2,65,0.001,0.0,100.0,518.67,642.3,1591.58,1396.09,14.62,21.61,554.91,2388.02,9062.96,1.3,47.18,522.02,2388.0,8145.67,8.3947,0.03,392,2388,100.0,39.12,23.3907
2,66,10.0033,0.2508,100.0,489.05,604.12,1500.66,1306.18,10.52,15.49,395.35,2318.86,8792.26,1.26,45.21,371.88,2388.03,8138.67,8.6658,0.03,367,2319,100.0,28.8,17.1454
2,67,10.0,0.25,100.0,489.05,605.17,1503.04,1306.49,10.52,15.49,395.59,2318.8,8786.86,1.26,45.27,371.6,2388.01,8135.08,8.6446,0.03,368,2319,100.0,28.48,17.2302
2,68,25.0065,0.6215,60.0,462.54,536.38,1255.89,1052.7,7.05,9.02,175.54,1915.52,8018.32,0.94,36.67,165.02,2028.43,7883.92,10.8698,0.02,304,1915,84.93,14.39,8.5809
2,69,20.0058,0.7,100.0,491.19,607.22,1479.33,1239.16,9.35,13.65,334.86,2323.99,8720.34,1.08,44.19,315.28,2388.07,8073.36,9.1686,0.02,365,2324,100.0,24.63,14.7121
2,70,0.0009,0.0,100.0,518.67,641.86,1586.95,1393.46,14.62,21.61,554.11,2388.04,9062.57,1.3,47.19,522.24,2388.03,8143.76,8.4023,0.03,393,2388,100.0,39.01,23.4687
2,71,20.0007,0.7003,100.0,491.19,607.19,1482.12,1243.48,9.35,13.65,334.44,2323.96,8731.98,1.08,44.13,315.26,2388.1,8067.4,9.1897,0.02,365,2324,100.0,24.62,14.7221
2,72,42.0041,0.8419,100.0,445.0,549.15,1342.04,1125.17,3.91,5.71,139.57,2212.05,8331.56,1.02,42.01,130.43,2388.2,8088.94,9.3057,0.02,331,2212,100.0,10.49,6.4085
2,73,25.0069,0.62,60.0,462.54,536.55,1251.2,1041.41,7.05,9.03,175.52,1915.47,8016.75,0.94,36.71,164.87,2028.38,7877.56,10.8556,0.02,306,1915,84.93,14.36,8.5398
2,74,20.0032,0.7,100.0,491.19,606.84,1482.56,1243.59,9.35,13.65,335.85,2323.99,8730.85,1.08,44.29,315.26,2388.06,8066.45,9.1883,0.02,364,2324,100.0,24.63,14.7184
2,75,42.0074,0.8419,100.0,445.0,549.7,1347.91,1124.4,3.91,5.71,138.93,2212.07,8325.02,1.02,42.01,131.07,2388.17,8095.79,9.3245,0.02,330,2212,100.0,10.63,6.4739
2,76,42.0021,0.8418,100.0,445.0,549.66,1353.79,1121.12,3.91,5.72,138.51,2212.13,8334.35,1.02,42.07,130.56,2388.18,8088.51,9.3829,0.02,329,2212,100.0,10.64,6.3271
2,77,9.9989,0.25,100.0,489.05,604.37,1498.38,1300.55,10.52,15.49,395.13,2318.81,8785.08,1.26,45.31,372.23,2388.07,8141.51,8.6313,0.03,369,2319,100.0,28.55,17.1979
2,78,10.0045,0.2519,100.0,489.05,604.68,1505.35,1305.93,10.52,15.49,394.98,2318.78,8789.31,1.26,45.28,372.21,2388.06,8145.42,8.6142,0.03,366,2319,100.0,28.63,17.1853
2,79,20.0013,0.7,100.0,491.19,607.4,1477.33,1240.71,9.35,13.65,335.37,2323.95,8743.84,1.08,44.02,315.89,2388.09,8066.76,9.2051,0.02,364,2324,100.0,24.57,14.7704
2,80,34.9996,0.84,100.0,449.44,555.42,1353.52,1126.99,5.48,8.0,194.81,2223.1,8359.61,1.02,41.84,183.02,2388.24,8078.98,9.2871,0.02,334,2223,100.0,15.0,8.9402
2,81,42.0045,0.84,100.0,445.0,549.27,1344.16,1122.16,3.91,5.72,139.09,2212.17,8332.57,1.02,42.01,130.7,2388.24,8096.04,9.3512,0.02,329,2212,100.0,10.62,6.4089
2,82,25.005,0.6217,60.0,462.54,536.97,1261.69,1051.81,7.05,9.03,175.52,1915.51,8010.89,0.94,36.67,164.4,2028.39,7884.7,10.8551,0.02,306,1915,84.93,14.36,8.4543
2,83,42.0062,0.84,100.0,445.0,549.4,1354.65,1119.55,3.91,5.71,138.2,2212.11,8328.17,1.02,41.89,130.92,2388.18,8094.91,9.3515,0.02,330,2212,100.0,10.69,6.3745
2,84,35.0051,0.8417,100.0,449.44,555.35,1369.39,1128.67,5.48,8.0,194.35,2223.13,8356.59,1.02,41.7,183.36,2388.27,8079.77,9.3063,0.02,333,2223,100.0,14.86,8.8645
2,85,0.0007,0.0019,100.0,518.67,642.33,1590.15,1399.03,14.62,21.61,553.83,2388.02,9072.3,1.3,47.35,522.34,2388.02,8149.46,8.4234,0.03,392,2388,100.0,38.86,23.2709
2,86,25.004,0.62,60.0,462.54,536.55,1261.65,1038.55,7.05,9.02,175.91,1915.52,8009.14,0.94,36.47,164.34,2028.36,7880.71,10.8475,0.02,307,1915,84.93,14.31,8.569
2,87,25.0049,0.62,60.0,462.54,536.11,1255.41,1045.86,7.05,9.03,174.95,1915.56,8025.47,0.94,36.63,164.6,2028.46,7879.88,10.8948,0.02,306,1915,84.93,14.34,8.5346
2,88,0.0007,0.0,100.0,518.67,642.6,1586.96,1404.01,14.62,21.61,554.02,2388.0,9067.18,1.3,47.27,521.99,2388.04,8144.31,8.4048,0.03,394,2388,100.0,38.99,23.4611
2,89,19.9981,0.7,100.0,491.19,607.88,1478.79,1247.76,9.35,13.65,335.61,2323.95,8735.52,1.08,44.14,315.25,2388.1,8077.67,9.1996,0.02,364,2324,100.0,24.47,14.8264
2,90,10.0012,0.25,100.0,489.05,604.3,1501.19,1306.91,10.52,15.49,394.53,2318.87,8788.54,1.26,45.13,371.53,2388.11,8138.47,8.5733,0.03,370,2319,100.0,28.6,17.136
2,91,20.0061,0.7009,100.0,491.19,606.95,1490.05,1243.89,9.35,13.65,335.0,2324.02,8734.37,1.08,44.21,315.25,2388.09,8074.31,9.2328,0.02,364,2324,100.0,24.52,14.8922
2,92,42.0036,0.84,100.0,445.0,549.27,1350.45,1121.57,3.91,5.72,138.77,2212.16,8331.79,1.02,41.76,130.75,2388.28,8095.46,9.3328,0.02,330,2212,100.0,10.6,6.3766
2,93,0.0028,0.0017,100.0,518.67,642.42,1589.15,1403.21,14.62,21.61,554.22,2388.01,9069.39,1.3,47.35,522.3,2388.03,8148.99,8.4225,0.03,394,2388,100.0,39.17,23.3865
2,94,0.0004,0.0,100.0,518.67,642.23,1580.45,1398.01,14.62,21.61,553.93,2388.03,9073.1,1.3,47.27,521.41,2388.06,8146.99,8.4128,0.03,391,2388,100.0,38.86,23.3814
2,95,0.0025,0.0,100.0,518.67,642.01,1585.63,1403.62,14.62,21.61,554.46,2388.05,9071.25,1.3,47.29,522.31,2388.08,8146.25,8.3978,0.03,393,2388,100.0,38.75,23.4054
2,96,24.9985,0.6205,60.0,462.54,536.72,1260.6,1048.57,7.05,9.03,175.71,1915.53,8023.52,0.94,36.43,165.09,2028.38,7882.49,10.8777,0.02,305,1915,84.93,14.4,8.6044
2,97,25.0023,0.6212,60.0,462.54,537.16,1261.51,1044.25,7.05,9.03,175.35,1915.53,8019.07,0.94,36.75,164.69,2028.37,7881.98,10.8783,0.02,308,1915,84.93,14.28,8.6406
2,98,34.9994,0.8419,100.0,449.44,555.36,1360.37,1119.38,5.48,8.0,194.45,2223.11,8357.27,1.02,41.91,182.9,2388.24,8077.93,9.303,0.02,334,2223,100.0,14.9,9.0194
2,99,0.0015,0.0,100.0,518.67,642.16,1584.19,1402.94,14.62,21.61,553.93,2388.03,9070.88,1.3,47.26,521.77,2388.04,8149.12,8.4224,0.03,392,2388,100.0,38.92,23.4018
2,100,42.0021,0.8416,100.0,445.0,549.52,1356.96,1119.6,3.91,5.72,139.62,2212.15,8328.21,1.02,41.87,130.85,2388.22,8102.59,9.4041,0.02,330,2212,100.0,10.69,6.5201
2,101,0.0016,0.0017,100.0,518.67,642.2,1590.2,1395.45,14.62,21.61,553.81,2387.98,9079.37,1.3,47.25,522.17,2388.03,8147.0,8.4052,0.03,391,2388,100.0,38.89,23.4521
2,102,25.0041,0.6213,60.0,462.54,537.3,1260.65,1043.05,7.05,9.03,175.51,1915.51,8023.77,0.94,36.68,164.91,2028.45,7884.74,10.8853,0.02,308,1915,84.93,14.25,8.6198
2,103,34.9998,0.8417,100.0,449.44,555.35,1362.25,1131.62,5.48,8.0,195.26,2223.12,8358.84,1.02,41.72,183.53,2388.28,8078.99,9.3461,0.02,333,2223,100.0,14.86,8.8578
3,1,20.0019,0.7009,100.0,491.19,607.32,1482.06,1247.26,9.35,13.66,335.05,2323.9,8712.08,1.08,44.45,315.25,2387.99,8047.39,9.1831,0.02,365,2324,100.0,24.56,14.8527
3,2,42.0006,0.84,100.0,445.0,549.4,1350.41,1123.06,3.91,5.71,139.38,2211.83,8314.63,1.02,41.85,131.06,2387.86,8075.73,9.3316,0.02,330,2212,100.0,10.51,6.4463
3,3,0.0,0.0,100.0,518.67,642.35,1583.05,1402.56,14.62,21.61,554.18,2388.07,9043.81,1.3,47.4,521.82,2388.05,8128.32,8.3946,0.03,393,2388,100.0,39.02,23.3191
3,4,24.9993,0.6209,60.0,462.54,536.7,1252.28,1050.81,7.05,9.02,175.16,1915.23,8005.34,0.94,36.63,164.19,2028.11,7870.81,10.895,0.02,307,1915,84.93,14.39,8.611
3,5,0.0002,0.0003,100.0,518.67,642.47,1594.06,1402.59,14.62,21.61,553.78,2388.13,9045.24,1.3,47.35,521.78,2388.05,8132.15,8.4347,0.03,392,2388,100.0,39.06,23.4237
3,6,10.0036,0.2505,100.0,489.05,604.86,1503.06,1301.57,10.52,15.49,394.81,2318.93,8767.54,1.26,45.3,371.37,2388.09,8126.43,8.5967,0.03,368,2319,100.0,28.6,17.2064
3,7,25.0035,0.6214,60.0,462.54,536.33,1256.93,1040.22,7.05,9.02,175.36,1915.22,7993.89,0.94,36.63,164.85,2028.08,7859.25,10.9062,0.02,305,1915,84.93,14.25,8.5054
3,8,42.0027,0.8415,100.0,445.0,549.29,1351.94,1123.31,3.91,5.72,138.59,2211.8,8311.48,1.02,42.13,130.77,2387.84,8076.56,9.3626,0.02,330,2212,100.0,10.67,6.267
3,9,10.0066,0.25,100.0,489.05,605.06,1498.86,1306.74,10.52,15.49,394.87,2318.87,8768.65,1.26,45.47,371.92,2388.07,8120.1,8.6241,0.03,367,2319,100.0,28.52,17.0983
3,10,42.0001,0.8416,100.0,445.0,549.16,1348.79,1125.41,3.91,5.71,138.76,2211.76,8314.2,1.02,41.95,130.53,2387.91,8078.63,9.3393,0.02,330,2212,100.0,10.65,6.3803
3,11,0.0008,0.0004,100.0,518.67,641.96,1589.05,1401.1,14.62,21.61,554.57,2388.11,9047.45,1.3,47.36,521.98,2388.08,8129.95,8.427,0.03,392,2388,100.0,39.02,23.3112
3,12,25.0014,0.621,60.0,462.54,536.79,1259.05,1045.58,7.05,9.02,175.03,1915.16,7995.9,0.94,36.74,165.07,2028.1,7867.15,10.894,0.02,308,1915,84.93,14.42,8.5752
3,13,35.0028,0.84,100.0,449.44,555.25,1368.65,1121.46,5.48,8.0,195.55,2222.81,8347.9,1.02,41.52,183.31,2387.91,8065.17,9.3042,0.02,331,2223,100.0,14.89,8.9113
3,14,24.9997,0.6211,60.0,462.54,536.57,1256.55,1049.27,7.05,9.03,175.4,1915.19,8011.69,0.94,36.56,164.83,2028.09,7869.61,10.8502,0.02,307,1915,84.93,14.5,8.6525
3,15,10.0064,0.2515,100.0,489.05,604.28,1502.83,1303.1,10.52,15.49,394.55,2318.95,8767.83,1.26,45.35,372.46,2388.11,8125.23,8.6253,0.03,369,2319,100.0,28.5,17.2014
3,16,0.0008,0.0,100.0,518.67,642.54,1590.94,1406.03,14.62,21.6,554.05,2388.09,9042.68,1.3,47.34,521.67,2388.04,8129.23,8.4318,0.03,393,2388,100.0,38.78,23.3283
3,17,34.9985,0.84,100.0,449.44,555.65,1366.82,1128.21,5.48,8.0,194.13,2222.83,8343.49,1.02,41.61,183.31,2387.9,8061.58,9.3428,0.02,333,2223,100.0,14.77,8.9611
3,18,0.0027,0.0,100.0,518.67,642.92,1590.21,1400.95,14.62,21.61,554.13,2388.09,9048.77,1.3,47.39,521.9,2388.11,8125.58,8.3977,0.03,392,2388,100.0,38.91,23.3619
3,19,20.0034,0.7,100.0,491.19,606.96,1488.1,1249.79,9.35,13.66,335.17,2323.97,8717.7,1.08,44.44,314.89,2388.0,8055.43,9.1972,0.02,364,2324,100.0,24.54,14.6685
3,20,34.9981,0.84,100.0,449.44,555.38,1362.16,1125.32,5.48,8.0,194.61,2222.81,8343.21,1.02,41.9,183.24,2387.89,8060.93,9.3071,0.02,332,2223,100.0,14.8,8.9203
3,21,25.0074,0.6208,60.0,462.54,536.19,1259.99,1051.36,7.05,9.02,175.46,1915.16,8003.88,0.94,36.51,164.63,2028.12,7870.75,10.8932,0.02,309,1915,84.93,14.16,8.6323
3,22,35.0006,0.8405,100.0,449.44,555.84,1369.76,1125.86,5.48,8.0,194.75,2222.83,8337.46,1.02,41.86,183.29,2387.88,8057.31,9.303,0.02,333,2223,100.0,14.68,8.9174
3,23,42.0009,0.84,100.0,445.0,548.86,1353.05,1116.64,3.91,5.71,138.99,2211.73,8309.07,1.02,42.15,131.24,2387.81,8082.45,9.3261,0.02,331,2212,100.0,10.77,6.3779
3,24,19.9993,0.7016,100.0,491.19,607.28,1479.58,1251.05,9.35,13.65,335.21,2323.94,8719.55,1.08,44.22,315.32,2388.02,8051.8,9.2318,0.02,364,2324,100.0,24.53,14.6355
3,25,35.0019,0.8407,100.0,449.44,555.58,1372.34,1131.42,5.48,8.0,194.13,2222.76,8340.41,1.02,41.88,183.12,2387.89,8057.98,9.3137,0.02,334,2223,100.0,14.98,8.7802
3,26,10.0006,0.25,100.0,489.05,604.99,1498.75,1297.6,10.52,15.49,395.25,2318.88,8773.79,1.26,45.3,371.45,2388.08,8121.34,8.6484,0.03,368,2319,100.0,28.78,17.1915
3,27,42.0052,0.8405,100.0,445.0,548.91,1358.51,1123.27,3.91,5.71,138.79,2211.76,8315.44,1.02,41.92,130.96,2387.82,8076.33,9.3283,0.02,329,2212,100.0,10.61,6.4171
3,28,42.0062,0.8411,100.0,445.0,549.44,1349.92,1124.25,3.91,5.71,138.61,2211.75,8310.61,1.02,41.9,130.06,2387.82,8076.51,9.3666,0.02,330,2212,100.0,10.56,6.3826
3,29,0.0015,0.0,100.0,518.67,643.05,1585.32,1393.97,14.62,21.61,553.5,2388.05,9044.49,1.3,47.3,521.6,2388.04,8129.35,8.3959,0.03,392,2388,100.0,38.97,23.411
3,30,25.0024,0.6203,60.0,462.54,536.51,1262.15,1050.6,7.05,9.03,176.27,1915.24,8006.09,0.94,36.77,164.69,2028.11,7874.21,10.8602,0.02,306,1915,84.93,14.2,8.5947
3,31,10.0039,0.251,100.0,489.05,604.46,1503.9,1307.59,10.52,15.49,394.6,2318.91,8776.21,1.26,45.25,371.54,2388.07,8119.86,8.6274,0.03,368,2319,100.0,28.48,17.0501
3,32,19.9997,0.7,100.0,491.19,607.48,1484.49,1248.74,9.35,13.66,334.65,2323.85,8723.25,1.08,44.06,315.03,2388.05,8056.63,9.2011,0.02,365,2324,100.0,24.48,14.6189
3,33,0.0002,0.0011,100.0,518.67,642.2,1590.57,1401.11,14.62,21.61,553.73,2388.07,9046.82,1.3,47.44,521.76,2388.1,8127.13,8.4006,0.03,392,2388,100.0,38.8,23.3828
3,34,19.9999,0.7,100.0,491.19,606.98,1479.87,1248.64,9.35,13.65,334.52,2323.87,8718.35,1.08,44.28,314.91,2387.98,8056.41,9.2185,0.02,364,2324,100.0,24.51,14.7268
3,35,42.0024,0.84,100.0,445.0,548.89,1351.83,1128.48,3.91,5.71,138.3,2211.83,8306.03,1.02,41.9,130.49,2387.83,8076.61,9.376,0.02,330,2212,100.0,10.66,6.3346
3,36,42.0028,0.84,100.0,445.0,549.73,1347.52,1120.62,3.91,5.71,138.98,2211.83,8317.99,1.02,41.98,130.34,2387.88,8079.89,9.3284,0.02,330,2212,100.0,10.58,6.2479
3,37,25.0011,0.62,60.0,462.54,536.62,1265.45,1045.57,7.05,9.02,175.89,1915.2,8007.59,0.94,36.63,164.78,2028.07,7871.42,10.841,0.02,308,1915,84.93,14.39,8.5359
3,38,10.0071,0.2504,100.0,489.05,604.97,1491.55,1300.98,10.52,15.49,394.41,2318.87,8779.75,1.26,45.46,371.84,2388.11,8124.87,8.6017,0.03,368,2319,100.0,28.56,17.1902
3,39,20.0048,0.7016,100.0,491.19,607.63,1481.19,1251.3,9.35,13.66,334.78,2323.89,8716.65,1.08,44.29,315.17,2387.99,8054.98,9.2345,0.02,364,2324,100.0,24.62,14.7588
3,40,20.0067,0.7,100.0,491.19,606.89,1484.43,1251.97,9.35,13.66,334.88,2323.94,8711.43,1.08,44.34,315.14,2388.01,8059.39,9.2227,0.02,364,2324,100.0,24.55,14.7095
3,41,10.0025,0.2513,100.0,489.05,604.9,1499.98,1308.96,10.52,15.49,394.29,2318.91,8771.6,1.26,45.0,372.33,2388.1,8131.8,8.672,0.03,370,2319,100.0,28.7,17.2808
3,42,10.0057,0.25,100.0,489.05,604.42,1500.82,1304.44,10.52,15.49,394.97,2318.91,8769.3,1.26,45.43,371.7,2388.11,8119.7,8.6583,0.03,369,2319,100.0,28.58,17.1859
3,43,10.008,0.2516,100.0,489.05,605.57,1494.25,1302.37,10.52,15.49,394.96,2318.93,8767.51,1.26,45.38,371.84,2388.13,8124.1,8.646,0.03,369,2319,100.0,28.65,17.1584
3,44,20.0065,0.7015,100.0,491.19,607.39,1484.08,1245.28,9.35,13.66,335.41,2323.94,8711.31,1.08,44.34,315.56,2388.0,8052.49,9.2005,0.02,365,2324,100.0,24.56,14.6871
3,45,41.9985,0.8412,100.0,445.0,549.83,1352.4,1118.81,3.91,5.72,138.9,2211.77,8321.97,1.02,42.07,130.94,2387.85,8077.79,9.3389,0.02,331,2212,100.0,10.72,6.3514
3,46,42.0027,0.84,100.0,445.0,549.6,1353.1,1121.75,3.91,5.71,138.16,2211.79,8316.64,1.02,41.76,130.67,2387.88,8074.57,9.3645,0.02,332,2212,100.0,10.78,6.3729
3,47,42.007,0.8419,100.0,445.0,549.1,1347.81,1118.91,3.91,5.72,137.7,2211.79,8308.29,1.02,41.89,131.14,2387.84,8068.47,9.3505,0.02,330,2212,100.0,10.53,6.3322
3,48,10.0079,0.25,100.0,489.05,604.47,1498.92,1309.6,10.52,15.49,395.34,2318.89,8779.13,1.26,45.33,371.29,2388.05,8125.44,8.6325,0.03,370,2319,100.0,28.66,17.1958
3,49,42.003,0.84,100.0,445.0,549.72,1352.59,1122.95,3.91,5.71,138.87,2211.77,8313.25,1.02,41.93,130.31,2387.82,8078.13,9.3734,0.02,330,2212,100.0,10.56,6.3787
3,50,10.0041,0.25,100.0,489.05,605.46,1498.8,1305.51,10.52,15.49,394.0,2318.86,8773.22,1.26,45.46,371.96,2388.11,8122.41,8.6235,0.03,369,2319,100.0,28.6,17.2126
3,51,35.0079,0.84,100.0,449.44,555.24,1371.42,1126.18,5.48,8.0,194.88,2222.78,8345.71,1.02,41.84,183.38,2387.94,8060.46,9.2914,0.02,333,2223,100.0,14.78,8.9015
3,52,35.0,0.8416,100.0,449.44,555.49,1364.83,1122.01,5.48,8.0,194.19,2222.79,8345.33,1.02,41.77,183.07,2387.93,8064.2,9.3108,0.02,334,2223,100.0,14.93,9.0107
3,53,25.0071,0.62,60.0,462.54,536.47,1261.03,1048.57,7.05,9.03,175.31,1915.21,8002.29,0.94,36.71,164.86,2028.11,7873.36,10.8836,0.02,308,1915,84.93,14.3,8.5257
3,54,25.0054,0.6206,60.0,462.54,536.41,1254.25,1050.61,7.05,9.03,174.89,1915.14,8006.48,0.94,36.69,164.81,2028.12,7872.96,10.8646,0.02,305,1915,84.93,14.37,8.6509
3,55,10.0043,0.25,100.0,489.05,604.84,1502.22,1302.78,10.52,15.49,394.69,2318.92,8769.48,1.26,45.34,371.62,2388.09,8123.27,8.6193,0.03,369,2319,100.0,28.58,17.1261
3,56,20.0022,0.7017,100.0,491.19,606.5,1486.5,1252.85,9.35,13.65,334.7,2323.95,8712.27,1.08,44.38,315.47,2388.04,8053.69,9.2211,0.02,364,2324,100.0,24.32,14.7251
3,57,9.9986,0.25,100.0,489.05,604.56,1495.78,1302.73,10.52,15.5,394.66,2318.93,8768.85,1.26,45.16,371.86,2388.12,8123.42,8.6222,0.03,368,2319,100.0,28.69,17.0821
3,58,42.0079,0.8407,100.0,445.0,549.02,1346.57,1127.34,3.91,5.71,139.05,2211.71,8311.15,1.02,42.09,131.34,2387.78,8072.23,9.3551,0.02,330,2212,100.0,10.52,6.4042
3,59,42.0046,0.8413,100.0,445.0,550.05,1357.06,1118.73,3.91,5.72,139.14,2211.75,8319.71,1.02,42.08,130.48,2387.9,8073.34,9.3469,0.02,331,2212,100.0,10.59,6.4419
3,60,20.0018,0.7,100.0,491.19,607.61,1485.48,1246.21,9.35,13.66,334.68,2323.97,8725.1,1.07,44.29,314.94,2388.07,8053.83,9.178,0.02,364,2324,100.0,24.4,14.7035
3,61,25.0037,0.6208,60.0,462.54,536.77,1257.34,1038.68,7.05,9.03,175.56,1915.32,7998.57,0.94,36.61,164.52,2028.14,7872.81,10.8679,0.02,307,1915,84.93,14.48,8.4869
3,62,0.0021,0.0,100.0,518.67,642.64,1580.09,1400.2,14.62,21.61,553.9,2388.11,9046.02,1.3,47.44,521.63,2388.04,8130.3,8.4077,0.03,393,2388,100.0,38.73,23.3792
3,63,42.0061,0.84,100.0,445.0,549.43,1351.38,1128.56,3.91,5.71,139.12,2211.82,8312.43,1.02,42.15,130.32,2387.8,8078.55,9.337,0.02,331,2212,100.0,10.61,6.3111
3,64,42.0078,0.84,100.0,445.0,549.26,1356.2,1122.91,3.91,5.72,137.84,2211.76,8310.01,1.02,41.92,130.83,2387.82,8080.98,9.3417,0.02,330,2212,100.0,10.6,6.3595
3,65,20.0029,0.7008,100.0,491.19,607.37,1482.46,1247.74,9.35,13.65,333.83,2323.93,8712.19,1.08,44.21,315.01,2388.03,8054.3,9.2428,0.02,364,2324,100.0,24.74,14.7375
3,66,20.0072,0.7002,100.0,491.19,607.65,1486.83,1251.33,9.35,13.65,335.16,2323.87,8712.37,1.08,44.07,315.57,2388.06,8053.85,9.2076,0.02,367,2324,100.0,24.47,14.732
3,67,20.0012,0.7,100.0,491.19,608.02,1481.42,1246.42,9.35,13.65,334.78,2323.93,8715.51,1.08,44.35,315.65,2388.06,8053.5,9.2225,0.02,366,2324,100.0,24.58,14.6834
3,68,35.007,0.84,100.0,449.44,555.56,1364.05,1129.29,5.48,8.0,194.25,2222.81,8339.47,1.02,41.96,183.1,2387.92,8062.17,9.2933,0.02,334,2223,100.0,15.09,8.9413
3,69,0.0003,0.0,100.0,518.67,642.27,1580.76,1403.98,14.62,21.61,553.81,2388.06,9044.32,1.3,47.28,521.46,2388.11,8128.98,8.4401,0.03,394,2388,100.0,38.77,23.2325
3,70,0.0015,0.0,100.0,518.67,642.28,1587.43,1402.02,14.62,21.61,553.53,2388.08,9047.77,1.3,47.23,521.66,2388.07,8133.19,8.4175,0.03,392,2388,100.0,38.93,23.3347
3,71,42.0076,0.84,100.0,445.0,549.78,1352.22,1123.38,3.91,5.72,139.52,2211.73,8313.35,1.02,41.95,130.86,2387.84,8082.8,9.3469,0.02,330,2212,100.0,10.62,6.3607
3,72,0.0018,0.0,100.0,518.67,642.78,1581.67,1398.61,14.62,21.61,553.6,2388.13,9053.06,1.3,47.48,521.68,2388.11,8133.15,8.438,0.03,393,2388,100.0,38.97,23.2225
3,73,25.0005,0.62,60.0,462.54,537.01,1262.46,1046.82,7.05,9.02,175.34,1915.28,8004.79,0.94,36.7,164.52,2028.1,7868.38,10.8772,0.02,308,1915,84.93,14.24,8.4974
3,74,20.0023,0.7,100.0,491.19,607.6,1478.79,1258.82,9.35,13.65,334.49,2323.88,8717.26,1.08,44.28,315.08,2388.05,8052.57,9.1967,0.02,366,2324,100.0,24.47,14.7202
3,75,25.0066,0.62,60.0,462.54,537.06,1262.43,1054.76,7.05,9.02,175.97,1915.24,8001.98,0.94,36.67,164.54,2028.17,7876.46,10.8716,0.02,307,1915,84.93,14.17,8.5815
3,76,10.0015,0.2507,100.0,489.05,604.67,1502.63,1306.28,10.52,15.49,394.67,2318.98,8771.96,1.26,45.39,371.8,2388.08,8123.31,8.655,0.03,369,2319,100.0,28.79,17.0819
3,77,0.0026,0.0008,100.0,518.67,642.27,1586.13,1401.73,14.62,21.61,553.81,2388.07,9045.85,1.3,47.5,521.18,2388.05,8132.32,8.4555,0.03,393,2388,100.0,38.9,23.3355
3,78,20.0009,0.701,100.0,491.19,607.53,1477.67,1252.27,9.35,13.65,334.4,2323.93,8712.2,1.08,44.1,314.79,2388.08,8046.64,9.1758,0.02,366,2324,100.0,24.52,14.6481
3,79,0.0,0.0006,100.0,518.67,642.29,1583.74,1399.65,14.62,21.61,553.31,2388.08,9046.88,1.3,47.33,521.63,2388.09,8132.96,8.4313,0.03,393,2388,100.0,38.92,23.3038
3,80,25.005,0.6205,60.0,462.54,536.87,1256.07,1042.49,7.05,9.02,176.1,1915.23,8001.22,0.94,36.73,164.72,2028.09,7871.27,10.9219,0.02,307,1915,84.93,14.21,8.4827
3,81,20.0068,0.7015,100.0,491.19,607.55,1482.3,1250.83,9.35,13.65,335.07,2323.94,8720.35,1.08,44.55,315.5,2388.05,8055.67,9.2327,0.02,365,2324,100.0,24.4,14.6048
3,82,42.0042,0.8412,100.0,445.0,549.43,1350.92,1123.6,3.91,5.71,139.42,2211.82,8316.31,1.02,41.98,130.64,2387.84,8078.26,9.3713,0.02,330,2212,100.0,10.59,6.3732
3,83,42.0048,0.84,100.0,445.0,549.86,1350.26,1123.39,3.91,5.71,139.41,2211.78,8316.54,1.02,41.97,130.47,2387.79,8078.39,9.3482,0.02,329,2212,100.0,10.64,6.3363
3,84,35.0071,0.84,100.0,449.44,555.21,1366.74,1126.11,5.48,8.0,195.04,2222.8,8345.56,1.02,41.97,183.66,2387.93,8061.1,9.3301,0.02,334,2223,100.0,14.77,8.7285
3,85,24.9996,0.6203,60.0,462.54,536.78,1261.33,1036.51,7.05,9.02,175.11,1915.29,8006.05,0.94,36.55,165.13,2028.14,7862.23,10.8592,0.02,306,1915,84.93,14.39,8.5685
3,86,10.002,0.2507,100.0,489.05,604.46,1506.21,1310.26,10.52,15.49,394.64,2318.94,8770.89,1.26,45.5,372.58,2388.13,8127.72,8.6458,0.03,369,2319,100.0,28.64,17.1057
3,87,25.0025,0.62,60.0,462.54,536.71,1267.01,1044.27,7.05,9.03,176.08,1915.22,8004.61,0.94,36.7,164.33,2028.08,7875.98,10.8766,0.02,306,1915,84.93,14.34,8.6389
3,88,35.0042,0.84,100.0,449.44,555.16,1352.37,1127.63,5.48,8.0,194.58,2222.89,8333.6,1.02,41.76,183.43,2387.92,8061.4,9.305,0.02,334,2223,100.0,15.16,8.9158
3,89,42.0006,0.84,100.0,445.0,549.16,1355.05,1128.59,3.91,5.71,138.15,2211.79,8310.47,1.02,42.2,130.09,2387.85,8079.0,9.3372,0.02,330,2212,100.0,10.69,6.3161
3,90,35.007,0.84,100.0,449.44,555.11,1367.51,1135.15,5.48,8.0,195.07,2222.87,8343.26,1.02,41.79,182.83,2387.92,8064.59,9.3086,0.02,333,2223,100.0,14.83,8.9252
3,91,42.0021,0.8402,100.0,445.0,549.72,1346.52,1126.38,3.91,5.71,138.97,2211.69,8314.11,1.02,41.99,130.77,2387.81,8074.64,9.3702,0.02,331,2212,100.0,10.57,6.3675
3,92,42.001,0.8415,100.0,445.0,549.17,1353.67,1125.14,3.91,5.71,138.51,2211.75,8314.61,1.02,42.04,130.32,2387.87,8079.96,9.3487,0.02,330,2212,100.0,10.62,6.3365
3,93,35.0026,0.8411,100.0,449.44,555.42,1367.39,1127.87,5.48,8.0,194.36,2222.84,8341.22,1.02,41.88,182.98,2387.93,8060.17,9.3172,0.02,334,2223,100.0,14.93,8.9445
3,94,25.0031,0.62,60.0,462.54,536.35,1261.47,1049.41,7.05,9.02,175.16,1915.17,8001.77,0.94,36.88,164.54,2028.14,7867.59,10.8901,0.02,307,1915,84.93,14.35,8.5827
3,95,10.0063,0.25,100.0,489.05,604.19,1500.08,1298.19,10.52,15.49,394.76,2318.91,8774.13,1.26,45.19,371.77,2388.16,8123.42,8.6424,0.03,371,2319,100.0,28.5,17.1544
3,96,19.9981,0.7,100.0,491.19,607.23,1481.78,1251.47,9.35,13.65,334.62,2323.96,8719.57,1.08,44.33,315.16,2388.06,8054.74,9.2204,0.02,364,2324,100.0,24.43,14.6758
3,97,35.001,0.84,100.0,449.44,555.95,1362.84,1133.43,5.48,8.0,194.84,2222.83,8342.46,1.02,41.95,182.63,2387.8,8058.9,9.3216,0.02,333,2223,100.0,14.77,8.933
3,98,10.0002,0.25,100.0,489.05,604.71,1492.59,1302.02,10.52,15.49,394.59,2318.94,8767.76,1.26,45.4,371.76,2388.14,8125.15,8.6629,0.03,368,2319,100.0,28.73,17.111
3,99,41.9998,0.8402,100.0,445.0,549.73,1349.59,1120.42,3.91,5.71,138.34,2211.75,8316.87,1.02,42.03,131.09,2387.85,8078.1,9.383,0.02,331,2212,100.0,10.6,6.3527
3,100,25.0065,0.621,60.0,462.54,536.5,1264.92,1043.27,7.05,9.03,176.32,1915.22,8007.81,0.94,36.8,165.12,2028.03,7863.8,10.8724,0.02,307,1915,84.93,14.43,8.5634
3,101,0.0003,0.0,100.0,518.67,642.47,1588.2,1402.67,14.62,21.61,554.31,2388.1,9050.05,1.3,47.58,521.65,2388.06,8130.7,8.3959,0.03,392,2388,100.0,38.8,23.2955
3,102,42.0057,0.8416,100.0,445.0,550.36,1352.63,1122.05,3.91,5.71,138.43,2211.75,8311.97,1.02,42.32,130.63,2387.77,8080.0,9.3581,0.02,331,2212,100.0,10.58,6.395
3,103,25.0044,0.62,60.0,462.54,536.92,1261.5,1046.77,7.05,9.02,175.61,1915.29,8002.52,0.94,36.91,164.72,2028.16,7862.48,10.8921,0.02,307,1915,84.93,14.33,8.4754
3,104,0.003,0.0012,100.0,518.67,642.61,1589.37,1408.46,14.62,21.61,553.15,2388.19,9041.62,1.3,47.37,521.12,2388.09,8130.56,8.4271,0.03,393,2388,100.0,38.87,23.3789
3,105,34.999,0.84,100.0,449.44,555.25,1364.93,1129.66,5.48,8.0,195.4,2222.8,8341.38,1.02,42.08,182.74,2387.92,8059.44,9.3508,0.02,333,2223,100.0,14.89,8.8371
3,106,0.0014,0.0,100.0,518.67,642.41,1586.04,1408.08,14.62,21.61,553.76,2388.11,9049.01,1.3,47.45,521.75,2388.05,8129.44,8.4709,0.03,393,2388,100.0,38.56,23.3126
3,107,0.001,0.0016,100.0,518.67,642.28,1587.22,1409.69,14.62,21.61,553.51,2388.05,9047.8,1.3,47.45,521.41,2388.07,8130.17,8.4661,0.03,392,2388,100.0,38.72,23.3945
3,108,10.0039,0.2512,100.0,489.05,604.65,1498.11,1302.92,10.52,15.49,394.49,2318.93,8768.7,1.26,45.31,371.4,2388.17,8121.95,8.632,0.03,367,2319,100.0,28.43,17.0766
3,109,42.0018,0.84,100.0,445.0,549.94,1349.44,1129.56,3.91,5.72,138.59,2211.68,8311.69,1.02,42.05,130.71,2387.78,8078.98,9.3974,0.02,330,2212,100.0,10.51,6.3796
3,110,0.0006,0.002,100.0,518.67,642.88,1580.52,1403.45,14.62,21.61,553.32,2388.11,9044.73,1.3,47.37,521.28,2388.11,8129.1,8.434,0.03,394,2388,100.0,38.86,23.2324
3,111,25.0072,0.62,60.0,462.54,536.93,1254.22,1042.72,7.05,9.03,175.4,1915.25,8007.11,0.94,36.66,164.73,2028.13,7866.32,10.9132,0.02,307,1915,84.93,14.31,8.6277
3,112,25.0041,0.62,60.0,462.54,536.5,1262.6,1040.95,7.05,9.03,175.09,1915.26,8009.64,0.94,36.63,164.98,2028.16,7872.21,10.9384,0.02,307,1915,84.93,14.16,8.5591
3,113,42.0056,0.8413,100.0,445.0,549.76,1355.31,1126.33,3.91,5.71,138.77,2211.82,8316.18,1.02,42.19,130.66,2387.81,8076.89,9.3876,0.02,331,2212,100.0,10.6,6.327
4,1,25.0077,0.6213,60.0,462.54,536.88,1261.21,1042.53,7.05,9.02,176.42,1915.38,8005.6,0.94,36.55,164.3,2028.26,7874.33,10.8728,0.02,308,1915,84.93,14.14,8.5457
4,2,20.002,0.7,100.0,491.19,606.93,1475.87,1248.47,9.35,13.65,335.28,2323.94,8719.21,1.08,44.3,314.81,2388.1,8066.67,9.1821,0.02,365,2324,100.0,24.5,14.7875
4,3,20.001,0.7,100.0,491.19,607.27,1485.16,1246.85,9.35,13.65,334.48,2323.94,8729.56,1.08,44.13,315.17,2388.09,8061.67,9.2002,0.02,365,2324,100.0,24.68,14.7802
4,4,20.0051,0.7,100.0,491.19,607.21,1474.09,1245.53,9.35,13.65,334.84,2323.98,8720.9,1.08,44.18,316.08,2388.06,8067.43,9.2073,0.02,365,2324,100.0,24.56,14.7778
4,5,0.0018,0.0006,100.0,518.67,642.78,1581.38,1405.1,14.62,21.61,554.51,2388.13,9058.6,1.3,47.34,521.69,2388.06,8134.61,8.4182,0.03,394,2388,100.0,38.98,23.4958
4,6,25.0009,0.62,60.0,462.54,537.04,1259.76,1051.08,7.05,9.03,175.84,1915.4,8007.65,0.94,36.69,164.75,2028.3,7876.24,10.8634,0.02,305,1915,84.93,14.3,8.5431
4,7,25.0014,0.62,60.0,462.54,536.75,1260.18,1046.16,7.05,9.03,176.37,1915.4,8010.7,0.94,36.76,164.42,2028.32,7879.91,10.8508,0.02,308,1915,84.93,14.2,8.5113
4,8,25.0009,0.62,60.0,462.54,536.22,1258.53,1051.8,7.05,9.03,175.32,1915.39,8009.3,0.94,36.52,164.19,2028.28,7869.28,10.8659,0.02,307,1915,84.93,14.36,8.5197
4,9,10.001,0.2511,100.0,489.05,603.81,1500.27,1296.54,10.52,15.49,394.76,2318.87,8783.82,1.26,45.23,372.22,2388.09,8134.85,8.6325,0.03,369,2319,100.0,28.68,17.1776
4,10,25.0039,0.6217,60.0,462.54,536.64,1260.61,1044.78,7.05,9.02,175.43,1915.32,8014.35,0.94,36.68,164.72,2028.23,7874.48,10.8614,0.02,307,1915,84.93,14.25,8.7037
4,11,0.0007,0.0,100.0,518.67,642.13,1584.93,1399.81,14.62,21.61,554.24,2388.05,9062.86,1.3,47.5,522.23,2388.02,8142.41,8.3822,0.03,390,2388,100.0,38.79,23.3274
4,12,0.0028,0.0016,100.0,518.67,642.13,1585.76,1397.39,14.62,21.61,554.2,2387.99,9052.49,1.3,47.24,522.12,2388.01,8139.69,8.4077,0.03,392,2388,100.0,39.08,23.3421
4,13,35.0031,0.841,100.0,449.44,555.7,1367.06,1120.4,5.48,8.0,195.07,2223.04,8355.92,1.02,41.73,182.95,2388.11,8075.46,9.2844,0.02,334,2223,100.0,14.97,9.0502
4,14,20.0004,0.7,100.0,491.19,607.22,1480.03,1247.19,9.35,13.65,335.06,2323.94,8722.22,1.08,44.26,314.83,2388.08,8059.49,9.1901,0.02,363,2324,100.0,24.62,14.8266
4,15,25.0074,0.6202,60.0,462.54,536.42,1261.88,1041.84,7.05,9.02,175.46,1915.41,8010.91,0.94,36.58,165.33,2028.3,7878.07,10.8543,0.02,305,1915,84.93,14.42,8.5513
4,16,25.0026,0.6214,60.0,462.54,536.18,1261.69,1046.32,7.05,9.03,176.16,1915.42,8017.0,0.94,36.61,164.21,2028.26,7878.0,10.8936,0.02,307,1915,84.93,14.18,8.5134
4,17,10.0016,0.2514,100.0,489.05,604.51,1501.33,1310.14,10.52,15.49,394.75,2318.86,8787.63,1.26,45.3,372.2,2388.14,8132.18,8.6333,0.03,368,2319,100.0,28.58,17.1159
4,18,42.0069,0.84,100.0,445.0,549.3,1345.14,1124.25,3.91,5.72,138.75,2211.99,8321.27,1.02,41.9,130.97,2388.09,8084.43,9.3534,0.02,331,2212,100.0,10.69,6.5049
4,19,0.0027,0.0,100.0,518.67,642.56,1588.34,1398.67,14.62,21.61,554.43,2388.04,9049.43,1.3,47.29,522.01,2388.05,8138.25,8.4139,0.03,391,2388,100.0,39.02,23.2759
4,20,42.0011,0.8407,100.0,445.0,549.5,1352.62,1124.97,3.91,5.71,138.6,2211.98,8321.6,1.02,42.03,130.82,2388.03,8087.8,9.3553,0.02,329,2212,100.0,10.64,6.3629
4,21,20.0028,0.7,100.0,491.19,607.43,1485.75,1254.34,9.35,13.65,334.68,2323.95,8725.66,1.08,44.19,315.5,2388.12,8058.92,9.188,0.02,365,2324,100.0,24.42,14.7579
4,22,19.9994,0.7,100.0,491.19,607.22,1481.87,1249.41,9.35,13.65,335.49,2323.99,8728.45,1.08,44.25,315.35,2388.06,8071.11,9.2129,0.02,365,2324,100.0,24.34,14.7061
4,23,42.0055,0.8408,100.0,445.0,549.22,1347.6,1122.62,3.91,5.71,138.74,2211.98,8326.46,1.02,42.11,130.09,2388.05,8094.03,9.332,0.02,331,2212,100.0,10.74,6.4764
4,24,42.0072,0.8404,100.0,445.0,549.29,1355.66,1122.73,3.91,5.72,138.78,2211.93,8322.73,1.02,42.14,130.94,2388.07,8081.46,9.3231,0.02,332,2212,100.0,10.73,6.2333
4,25,10.0032,0.25,100.0,489.05,604.49,1492.74,1304.13,10.52,15.49,395.51,2318.88,8776.71,1.26,45.33,372.12,2388.13,8134.97,8.6271,0.03,370,2319,100.0,28.52,17.0934
4,26,25.0078,0.62,60.0,462.54,536.27,1259.84,1042.96,7.05,9.02,175.32,1915.44,8017.06,0.94,36.73,164.8,2028.23,7875.71,10.912,0.02,308,1915,84.93,14.22,8.5653
4,27,24.9983,0.6219,60.0,462.54,536.91,1256.28,1041.48,7.05,9.03,175.38,1915.38,8008.9,0.94,36.89,164.34,2028.27,7872.15,10.8867,0.02,307,1915,84.93,14.3,8.5639
4,28,20.0046,0.7015,100.0,491.19,607.02,1478.53,1246.15,9.35,13.65,334.72,2323.92,8724.41,1.08,44.31,315.9,2388.07,8063.25,9.1808,0.02,366,2324,100.0,24.55,14.8837
4,29,25.0071,0.6203,60.0,462.54,536.77,1260.57,1046.93,7.05,9.03,175.53,1915.36,8012.84,0.94,36.63,164.79,2028.28,7875.31,10.8524,0.02,307,1915,84.93,14.19,8.7062
4,30,0.0014,0.0,100.0,518.67,642.46,1586.19,1394.55,14.62,21.61,554.5,2388.06,9053.05,1.3,47.28,521.95,2388.0,8143.74,8.404,0.03,393,2388,100.0,38.92,23.3353
4,31,42.0064,0.84,100.0,445.0,549.59,1347.68,1122.52,3.91,5.72,138.39,2212.05,8319.83,1.02,41.88,130.64,2388.1,8092.88,9.3612,0.02,331,2212,100.0,10.66,6.2837
4,32,10.0059,0.2507,100.0,489.05,604.27,1506.26,1303.1,10.52,15.49,395.97,2318.89,8781.27,1.26,45.36,371.59,2388.08,8132.69,8.6422,0.03,368,2319,100.0,28.67,17.1077
4,33,19.9986,0.7,100.0,491.19,607.22,1479.0,1246.49,9.35,13.66,334.63,2323.98,8724.41,1.08,44.12,315.52,2388.07,8062.64,9.23,0.02,364,2324,100.0,24.63,14.6407
4,34,10.0068,0.2504,100.0,489.05,604.44,1501.53,1300.95,10.52,15.49,395.44,2318.87,8783.47,1.26,45.31,372.15,2388.09,8134.11,8.6763,0.03,369,2319,100.0,28.64,17.1414
4,35,10.0041,0.25,100.0,489.05,604.25,1498.38,1306.6,10.52,15.49,395.43,2318.87,8785.92,1.26,45.16,371.8,2388.08,8131.34,8.6574,0.03,370,2319,100.0,28.51,17.2404
4,36,25.0034,0.62,60.0,462.54,536.98,1254.12,1051.37,7.05,9.02,175.5,1915.39,8011.42,0.94,36.56,164.94,2028.37,7875.53,10.8327,0.02,305,1915,84.93,14.26,8.6052
4,37,35.004,0.84,100.0,449.44,555.86,1368.47,1123.91,5.48,8.0,194.59,2223.01,8348.98,1.02,41.75,182.98,2388.08,8066.15,9.3069,0.02,336,2223,100.0,14.89,8.8689
4,38,42.0078,0.8402,100.0,445.0,549.29,1348.5,1125.56,3.91,5.72,138.59,2211.93,8328.31,1.02,41.97,130.81,2388.1,8085.79,9.3486,0.02,332,2212,100.0,10.6,6.3693
4,39,25.0013,0.6201,60.0,462.54,536.75,1262.1,1044.57,7.05,9.02,175.37,1915.41,8011.57,0.94,36.68,165.26,2028.31,7881.21,10.8574,0.02,307,1915,84.93,14.14,8.5969
4,40,25.004,0.621,60.0,462.54,536.45,1264.9,1045.42,7.05,9.02,174.63,1915.4,8015.77,0.94,36.59,164.66,2028.31,7879.68,10.9204,0.02,309,1915,84.93,14.42,8.596
4,41,42.0058,0.84,100.0,445.0,550.08,1351.55,1119.73,3.91,5.72,138.84,2211.92,8320.83,1.02,42.04,130.32,2388.03,8086.17,9.3563,0.02,329,2212,100.0,10.57,6.3949
4,42,35.0035,0.8403,100.0,449.44,555.51,1363.95,1125.23,5.48,8.0,194.7,2223.04,8346.39,1.02,41.8,183.74,2388.05,8066.46,9.3082,0.02,333,2223,100.0,14.83,8.8592
4,43,42.0042,0.84,100.0,445.0,549.16,1355.0,1125.07,3.91,5.72,138.87,2212.0,8321.1,1.02,41.91,131.03,2388.05,8087.99,9.396,0.02,330,2212,100.0,10.42,6.3577
4,44,25.0059,0.622,60.0,462.54,536.6,1250.75,1044.47,7.05,9.03,175.87,1915.43,8014.4,0.94,36.73,164.5,2028.29,7879.28,10.8784,0.02,307,1915,84.93,14.25,8.6468
4,45,0.0028,0.0,100.0,518.67,642.58,1583.18,1403.67,14.62,21.61,553.69,2388.03,9062.54,1.3,47.49,521.81,2388.08,8143.48,8.4228,0.03,393,2388,100.0,38.93,23.3636
4,46,42.0001,0.84,100.0,445.0,549.23,1354.14,1113.05,3.91,5.72,139.13,2211.93,8315.55,1.02,42.14,130.78,2387.99,8078.74,9.355,0.02,330,2212,100.0,10.47,6.2707
4,47,9.9988,0.25,100.0,489.05,604.22,1497.26,1304.34,10.52,15.49,395.04,2318.85,8779.59,1.26,45.25,372.09,2388.09,8132.97,8.6355,0.03,370,2319,100.0,28.46,17.0644
4,48,35.0014,0.8412,100.0,449.44,555.55,1358.42,1123.44,5.48,8.0,194.86,2223.07,8352.67,1.02,41.77,182.85,2388.13,8074.91,9.2954,0.02,334,2223,100.0,14.9,8.952
4,49,19.9991,0.7,100.0,491.19,606.88,1484.08,1253.74,9.35,13.65,334.46,2323.98,8727.44,1.08,44.33,315.1,2388.07,8059.41,9.2004,0.02,364,2324,100.0,24.67,14.7023
4,50,25.0018,0.62,60.0,462.54,536.8,1259.22,1040.79,7.05,9.03,175.47,1915.47,8012.79,0.94,36.61,164.49,2028.29,7877.47,10.9099,0.02,308,1915,84.93,14.44,8.6421
4,51,35.0007,0.8418,100.0,449.44,556.05,1356.82,1123.57,5.48,8.0,194.71,2223.01,8346.96,1.02,41.84,183.39,2388.11,8068.68,9.3346,0.02,334,2223,100.0,14.93,8.9079
4,52,42.0028,0.8418,100.0,445.0,549.26,1350.85,1123.52,3.91,5.72,139.14,2211.96,8327.75,1.02,41.91,130.55,2388.08,8087.33,9.3743,0.02,331,2212,100.0,10.68,6.42
4,53,42.0005,0.8415,100.0,445.0,549.93,1350.34,1122.58,3.91,5.72,138.24,2212.04,8332.95,1.02,41.88,131.05,2388.12,8090.45,9.3507,0.02,331,2212,100.0,10.75,6.3487
4,54,35.0014,0.84,100.0,449.44,555.55,1371.47,1133.74,5.48,8.0,193.68,2223.01,8353.35,1.02,41.86,183.18,2388.1,8068.71,9.3046,0.02,334,2223,100.0,14.76,8.8666
4,55,41.9997,0.84,100.0,445.0,549.92,1358.0,1121.62,3.91,5.72,139.18,2211.97,8329.5,1.02,42.08,130.49,2388.11,8081.38,9.3736,0.02,330,2212,100.0,10.65,6.3369
4,56,42.001,0.84,100.0,445.0,549.41,1352.27,1113.08,3.91,5.71,139.5,2211.99,8328.21,1.02,41.78,131.07,2388.05,8088.28,9.3738,0.02,330,2212,100.0,10.54,6.4494
4,57,10.0045,0.25,100.0,489.05,604.71,1498.17,1298.75,10.52,15.49,394.38,2318.93,8787.86,1.26,45.4,371.26,2388.14,8135.91,8.6521,0.03,368,2319,100.0,28.48,17.1654
4,58,0.0015,0.0001,100.0,518.67,642.65,1594.07,1407.27,14.62,21.61,554.12,2388.06,9059.92,1.3,47.37,521.92,2388.04,8137.76,8.4353,0.03,392,2388,100.0,38.96,23.3209
4,59,25.0075,0.62,60.0,462.54,537.09,1258.87,1045.93,7.05,9.03,176.39,1915.39,8009.5,0.94,36.69,164.11,2028.29,7881.06,10.877,0.02,307,1915,84.93,14.31,8.6282
4,60,20.0075,0.7014,100.0,491.19,606.86,1484.29,1250.47,9.35,13.66,334.83,2323.92,8733.68,1.08,44.32,315.49,2388.09,8057.85,9.2231,0.02,364,2324,100.0,24.58,14.823
4,61,10.0027,0.25,100.0,489.05,605.07,1498.21,1307.88,10.52,15.49,394.29,2318.89,8783.25,1.26,45.29,372.08,2388.05,8136.68,8.6619,0.03,370,2319,100.0,28.69,17.0865
4,62,19.9997,0.7,100.0,491.19,607.16,1482.25,1241.13,9.35,13.65,335.39,2323.98,8720.83,1.08,44.16,315.2,2388.07,8069.93,9.195,0.02,365,2324,100.0,24.43,14.6636
4,63,35.0002,0.84,100.0,449.44,555.64,1365.07,1129.27,5.48,8.0,193.93,2223.01,8351.47,1.02,41.82,182.86,2388.09,8065.47,9.2894,0.02,333,2223,100.0,14.87,8.9997
4,64,0.0021,0.0,100.0,518.67,642.08,1588.75,1410.31,14.62,21.61,553.75,2388.09,9057.5,1.3,47.39,521.96,2388.07,8144.8,8.4475,0.03,393,2388,100.0,38.92,23.3016
4,65,34.9992,0.8413,100.0,449.44,555.52,1367.51,1134.89,5.48,8.0,195.07,2223.01,8347.2,1.02,41.88,183.52,2388.1,8074.36,9.3294,0.02,334,2223,100.0,14.66,8.8288
4,66,35.0024,0.84,100.0,449.44,556.05,1372.54,1124.5,5.48,8.0,195.13,2223.03,8355.31,1.02,41.9,183.15,2388.13,8071.23,9.3143,0.02,335,2223,100.0,14.7,8.8761
4,67,10.0046,0.25,100.0,489.05,604.66,1498.47,1309.6,10.52,15.49,394.38,2318.87,8789.05,1.26,45.32,371.83,2388.04,8136.06,8.624,0.03,370,2319,100.0,28.82,17.2725
4,68,9.998,0.25,100.0,489.05,604.88,1493.68,1304.48,10.52,15.49,394.49,2318.9,8780.91,1.26,45.12,372.18,2388.07,8138.39,8.6331,0.03,369,2319,100.0,28.54,17.1487
4,69,19.9996,0.7,100.0,491.19,607.06,1483.39,1249.44,9.35,13.66,334.58,2323.95,8724.33,1.07,44.43,315.46,2388.12,8064.59,9.1908,0.02,364,2324,100.0,24.5,14.708
4,70,25.0035,0.62,60.0,462.54,536.42,1265.18,1046.07,7.05,9.02,176.18,1915.41,8009.35,0.94,36.65,164.34,2028.28,7878.67,10.8847,0.02,309,1915,84.93,14.3,8.4764
4,71,10.0072,0.25,100.0,489.05,604.71,1498.31,1309.24,10.52,15.49,395.57,2318.92,8780.67,1.26,45.51,372.04,2388.08,8133.65,8.6843,0.03,371,2319,100.0,28.55,17.1659
4,72,0.0027,0.0,100.0,518.67,642.61,1588.48,1400.77,14.62,21.61,554.48,2388.04,9057.84,1.3,47.39,521.54,2388.06,8137.35,8.4262,0.03,393,2388,100.0,38.93,23.254
4,73,25.0007,0.6207,60.0,462.54,536.49,1264.89,1048.87,7.05,9.03,175.59,1915.43,8007.7,0.94,36.53,164.63,2028.3,7880.79,10.9055,0.02,309,1915,84.93,14.43,8.4968
4,74,25.0032,0.62,60.0,462.54,536.36,1255.94,1043.88,7.05,9.03,175.47,1915.42,8008.2,0.94,36.57,164.74,2028.23,7874.59,10.8611,0.02,306,1915,84.93,14.23,8.697
4,75,0.001,0.0003,100.0,518.67,642.38,1586.59,1404.76,14.62,21.61,553.9,2388.02,9061.02,1.3,47.44,522.2,2388.08,8140.18,8.4317,0.03,391,2388,100.0,39.09,23.3834
4,76,25.0035,0.6219,60.0,462.54,536.27,1258.92,1043.99,7.05,9.03,175.67,1915.41,8012.88,0.94,36.73,164.32,2028.33,7879.19,10.8764,0.02,307,1915,84.93,14.43,8.5394
4,77,35.003,0.84,100.0,449.44,555.68,1364.8,1124.6,5.48,8.0,194.32,2223.08,8350.24,1.02,41.86,183.36,2388.16,8068.95,9.3071,0.02,334,2223,100.0,14.75,8.9257
4,78,10.0059,0.25,100.0,489.05,604.74,1498.32,1310.41,10.52,15.49,394.4,2318.86,8782.73,1.26,45.25,371.69,2388.08,8130.34,8.6231,0.03,368,2319,100.0,28.56,17.1742
4,79,10.0029,0.25,100.0,489.05,604.57,1498.76,1301.49,10.52,15.49,395.08,2318.92,8780.19,1.26,45.44,371.59,2388.16,8138.64,8.6393,0.03,369,2319,100.0,28.63,17.1404
4,80,19.9995,0.7004,100.0,491.19,607.54,1478.76,1250.99,9.35,13.65,335.1,2323.96,8731.62,1.08,44.48,315.41,2388.1,8063.53,9.1974,0.02,366,2324,100.0,24.41,14.6432
4,81,42.0075,0.84,100.0,445.0,549.42,1346.15,1120.69,3.91,5.71,138.13,2211.96,8319.18,1.02,41.94,130.4,2388.04,8093.06,9.3581,0.02,332,2212,100.0,10.45,6.3542
4,82,41.9987,0.84,100.0,445.0,549.65,1356.7,1128.24,3.91,5.72,138.63,2211.98,8329.5,1.02,42.02,130.91,2388.12,8084.6,9.3496,0.02,331,2212,100.0,10.7,6.371
4,83,20.0031,0.7014,100.0,491.19,607.3,1481.68,1252.11,9.35,13.65,335.44,2323.98,8724.49,1.08,44.33,315.56,2388.15,8063.27,9.2221,0.02,364,2324,100.0,24.67,14.6881
4,84,0.0017,0.0,100.0,518.67,642.81,1586.8,1401.44,14.62,21.61,553.39,2388.04,9053.97,1.3,47.26,521.83,2388.09,8138.49,8.3995,0.03,392,2388,100.0,38.94,23.4057
4,85,20.0034,0.702,100.0,491.19,607.21,1485.09,1254.78,9.35,13.66,335.12,2323.99,8719.27,1.08,44.28,314.81,2388.13,8067.63,9.2248,0.02,363,2324,100.0,24.6,14.7316
4,86,42.0076,0.8414,100.0,445.0,549.66,1356.94,1130.38,3.91,5.72,139.22,2212.03,8325.1,1.02,42.0,130.92,2388.01,8093.22,9.3365,0.02,332,2212,100.0,10.44,6.3642
4,87,41.999,0.8408,100.0,445.0,549.52,1349.37,1121.54,3.91,5.72,139.13,2211.92,8325.22,1.02,42.09,130.72,2388.04,8090.41,9.3661,0.02,330,2212,100.0,10.72,6.289
4,88,25.0017,0.6201,60.0,462.54,537.64,1253.33,1042.9,7.05,9.03,175.44,1915.42,8014.68,0.94,36.61,164.96,2028.3,7879.55,10.8868,0.02,309,1915,84.93,14.29,8.6006
4,89,20.0034,0.7015,100.0,491.19,607.4,1484.72,1248.15,9.35,13.65,335.05,2323.99,8733.24,1.08,44.23,315.19,2388.15,8058.32,9.2051,0.02,365,2324,100.0,24.53,14.6258
4,90,42.006,0.84,100.0,445.0,549.98,1346.38,1125.02,3.91,5.72,138.88,2212.0,8321.95,1.02,42.02,130.25,2388.04,8089.21,9.356,0.02,331,2212,100.0,10.6,6.2968
4,91,35.0055,0.84,100.0,449.44,555.54,1363.32,1136.14,5.48,8.0,194.68,2223.03,8359.05,1.02,41.89,183.63,2388.11,8073.15,9.306,0.02,334,2223,100.0,14.78,8.7831
4,92,42.0053,0.8412,100.0,445.0,549.35,1352.26,1125.09,3.91,5.71,138.82,2211.99,8328.09,1.02,41.92,130.52,2388.1,8087.76,9.346,0.02,331,2212,100.0,10.5,6.284
4,93,0.0025,0.002,100.0,518.67,642.44,1591.2,1404.86,14.62,21.61,553.6,2388.13,9063.61,1.3,47.38,521.98,2388.03,8141.93,8.3709,0.03,392,2388,100.0,38.83,23.3944
4,94,10.0004,0.2509,100.0,489.05,604.84,1497.97,1309.46,10.52,15.49,394.75,2318.9,8785.99,1.26,45.29,371.81,2388.1,8137.58,8.6483,0.03,370,2319,100.0,28.75,17.1498
4,95,25.0017,0.62,60.0,462.54,537.13,1255.79,1053.18,7.05,9.03,175.65,1915.36,8015.25,0.94,36.73,164.59,2028.26,7878.56,10.8886,0.02,307,1915,84.93,14.24,8.4998
4,96,42.0059,0.8405,100.0,445.0,548.99,1362.38,1119.93,3.91,5.72,139.09,2211.94,8324.15,1.02,42.03,130.67,2388.1,8086.18,9.3809,0.02,331,2212,100.0,10.4,6.3319
4,97,42.0017,0.84,100.0,445.0,549.8,1347.74,1118.79,3.91,5.72,139.39,2211.98,8326.91,1.02,42.19,131.05,2388.06,8086.98,9.3585,0.02,330,2212,100.0,10.63,6.2977
4,98,10.0068,0.2519,100.0,489.05,604.47,1501.94,1308.93,10.52,15.49,394.69,2318.94,8788.63,1.26,45.27,372.14,2388.04,8137.19,8.6369,0.03,367,2319,100.0,28.53,17.037
4,99,0.0014,0.0013,100.0,518.67,642.6,1583.97,1402.77,14.62,21.61,554.47,2388.14,9065.09,1.3,47.36,521.7,2388.03,8144.11,8.4179,0.03,393,2388,100.0,39.0,23.2976
4,100,42.0061,0.8411,100.0,445.0,549.47,1353.85,1127.61,3.91,5.72,139.56,2212.01,8327.56,1.02,42.08,130.28,2388.08,8089.37,9.3844,0.02,332,2212,100.0,10.65,6.3143
4,101,42.0072,0.8403,100.0,445.0,549.82,1360.29,1130.43,3.91,5.72,137.67,2211.91,8333.77,1.02,42.16,130.18,2388.01,8091.18,9.3466,0.02,328,2212,100.0,10.65,6.3927
4,102,0.002,0.0019,100.0,518.67,642.01,1587.04,1409.4,14.62,21.61,553.82,2388.06,9067.37,1.3,47.53,522.06,2388.04,8147.57,8.3966,0.03,394,2388,100.0,38.69,23.2495
4,103,0.0006,0.0,100.0,518.67,642.66,1594.58,1404.84,14.62,21.61,554.07,2388.04,9059.33,1.3,47.46,521.07,2388.08,8144.05,8.4421,0.03,392,2388,100.0,38.76,23.3314
4,104,20.0001,0.7,100.0,491.19,607.32,1481.47,1247.13,9.35,13.66,334.65,2324.04,8730.24,1.08,44.31,315.53,2388.13,8066.36,9.2401,0.02,364,2324,100.0,24.44,14.6681
4,105,35.0016,0.8402,100.0,449.44,555.37,1358.05,1130.11,5.48,8.0,195.78,2223.0,8358.58,1.02,41.59,183.1,2388.13,8072.03,9.3482,0.02,332,2223,100.0,14.96,8.9199
4,106,0.0012,0.0,100.0,518.67,642.08,1591.66,1410.44,14.62,21.61,552.99,2388.09,9069.11,1.3,47.39,521.12,2388.04,8145.11,8.4308,0.03,395,2388,100.0,38.77,23.2538
4,107,35.0057,0.84,100.0,449.44,555.79,1371.03,1127.66,5.48,8.0,194.87,2222.99,8352.5,1.02,42.18,183.16,2388.14,8074.16,9.2945,0.02,335,2223,100.0,14.99,8.8291
4,108,20.0051,0.7,100.0,491.19,606.95,1488.99,1254.16,9.35,13.66,334.47,2323.97,8722.98,1.07,44.26,315.51,2388.15,8067.79,9.2284,0.02,365,2324,100.0,24.63,14.6166
4,109,42.0056,0.84,100.0,445.0,549.68,1356.09,1131.68,3.91,5.72,139.38,2211.94,8322.58,1.02,42.09,130.78,2388.05,8088.7,9.3587,0.02,329,2212,100.0,10.78,6.2682
4,110,20.0012,0.702,100.0,491.19,607.11,1482.49,1251.3,9.35,13.65,335.03,2323.99,8725.13,1.08,44.34,315.52,2388.18,8064.18,9.2259,0.02,364,2324,100.0,24.5,14.6541
4,111,42.0062,0.84,100.0,445.0,549.35,1353.11,1127.05,3.91,5.71,138.24,2212.02,8322.67,1.02,42.15,129.66,2388.07,8086.6,9.3797,0.02,332,2212,100.0,10.59,6.3203
4,112,10.0049,0.2505,100.0,489.05,604.69,1498.59,1308.81,10.52,15.49,394.99,2318.92,8777.4,1.26,45.5,371.54,2388.14,8133.84,8.6196,0.03,370,2319,100.0,28.59,17.0668
4,113,20.0064,0.7,100.0,491.19,607.24,1478.55,1250.09,9.35,13.66,334.72,2323.96,8733.13,1.08,44.44,315.71,2388.11,8068.22,9.2323,0.02,365,2324,100.0,24.52,14.6515
4,114,41.9984,0.84,100.0,445.0,549.54,1354.18,1123.19,3.91,5.72,138.86,2211.99,8318.78,1.02,41.95,130.46,2388.08,8085.92,9.3598,0.02,331,2212,100.0,10.8,6.2648
4,115,20.0073,0.7018,100.0,491.19,607.8,1484.27,1254.26,9.35,13.66,334.92,2323.99,8734.22,1.08,44.47,315.19,2388.13,8068.17,9.2396,0.02,364,2324,100.0,24.24,14.5928
4,116,42.0042,0.8407,100.0,445.0,550.11,1354.06,1118.56,3.91,5.71,138.33,2212.06,8325.64,1.02,42.05,130.39,2388.06,8082.46,9.3966,0.02,331,2212,100.0,10.52,6.4091
4,117,35.0057,0.84,100.0,449.44,555.79,1366.28,1126.76,5.48,8.0,194.18,2222.99,8353.01,1.02,42.04,183.4,2388.11,8068.55,9.313,0.02,335,2223,100.0,14.91,8.875
4,118,24.9999,0.621,60.0,462.54,536.48,1262.94,1051.37,7.05,9.03,175.91,1915.39,8014.96,0.94,36.75,164.49,2028.26,7883.68,10.8966,0.02,307,1915,84.93,14.34,8.673
4,119,9.9996,0.2502,100.0,489.05,605.32,1503.84,1308.06,10.52,15.49,394.33,2318.89,8785.52,1.26,45.34,371.61,2388.12,8139.37,8.665,0.03,369,2319,100.0,28.7,17.1121
4,120,34.9985,0.84,100.0,449.44,555.57,1364.06,1129.09,5.48,8.0,194.22,2223.03,8358.33,1.02,41.93,182.84,2388.16,8069.54,9.309,0.02,335,2223,100.0,14.91,8.9541
4,121,42.0005,0.84,100.0,445.0,549.58,1354.37,1120.19,3.91,5.72,139.07,2212.0,8330.09,1.02,42.06,130.32,2388.13,8094.17,9.3326,0.02,331,2212,100.0,10.64,6.3133
4,122,35.0052,0.8415,100.0,449.44,556.18,1365.67,1135.56,5.48,8.0,194.63,2222.99,8353.36,1.02,41.92,183.1,2388.11,8071.5,9.2966,0.02,335,2223,100.0,14.83,8.8249
4,123,41.9992,0.84,100.0,445.0,549.47,1352.99,1126.01,3.91,5.72,138.36,2211.99,8326.68,1.02,42.21,130.11,2388.1,8090.02,9.3753,0.02,331,2212,100.0,10.79,6.3416
5,1,10.0071,0.2512,100.0,489.05,604.29,1500.2,1297.28,10.52,15.49,394.48,2318.83,8785.27,1.26,45.07,372.4,2388.03,8131.99,8.6179,0.03,368,2319,100.0,28.72,17.2142
5,2,20.0077,0.7,100.0,491.19,607.11,1475.02,1242.34,9.35,13.65,334.8,2323.95,8717.31,1.08,44.21,315.55,2388.02,8064.08,9.181,0.02,363,2324,100.0,24.54,14.8949
5,3,42.0078,0.84,100.0,445.0,549.65,1346.79,1116.38,3.91,5.71,138.56,2212.12,8325.94,1.02,41.81,130.75,2388.2,8090.54,9.3535,0.02,329,2212,100.0,10.74,6.5057
5,4,10.0027,0.2513,100.0,489.05,604.33,1496.98,1301.07,10.52,15.49,394.79,2318.9,8780.99,1.26,45.3,372.51,2387.99,8136.79,8.6268,0.03,367,2319,100.0,28.81,17.0853
5,5,25.0077,0.62,60.0,462.54,537.35,1247.29,1043.75,7.05,9.03,175.55,1915.45,8008.83,0.94,36.69,164.95,2028.34,7876.29,10.8731,0.02,305,1915,84.93,14.4,8.5881
5,6,35.0051,0.84,100.0,449.44,555.33,1362.53,1125.0,5.48,8.0,194.79,2223.07,8357.46,1.02,41.7,183.42,2388.13,8071.03,9.3019,0.02,334,2223,100.0,15.01,9.0287
5,7,20.0054,0.7004,100.0,491.19,607.24,1485.52,1238.56,9.35,13.65,334.4,2323.92,8725.85,1.08,44.18,315.09,2388.03,8061.74,9.1945,0.02,364,2324,100.0,24.52,14.7085
5,8,42.0012,0.84,100.0,445.0,549.23,1351.46,1120.57,3.91,5.71,138.48,2212.06,8326.4,1.02,41.78,130.73,2388.17,8086.82,9.2862,0.02,329,2212,100.0,10.73,6.3651
5,9,25.0074,0.6202,60.0,462.54,536.86,1261.99,1038.75,7.05,9.03,175.49,1915.45,8007.4,0.94,36.47,164.13,2028.31,7871.8,10.8501,0.02,306,1915,84.93,14.49,8.5879
5,10,41.9985,0.84,100.0,445.0,549.01,1351.18,1115.97,3.91,5.72,139.38,2212.07,8324.73,1.02,41.92,131.04,2388.14,8097.78,9.339,0.02,330,2212,100.0,10.52,6.3593
5,11,0.0021,0.0004,100.0,518.67,642.52,1582.39,1398.98,14.62,21.61,554.08,2387.99,9053.53,1.3,47.38,522.27,2387.98,8140.57,8.4356,0.03,391,2388,100.0,38.94,23.4241
5,12,35.0077,0.8405,100.0,449.44,554.86,1355.06,1119.54,5.48,8.0,194.64,2223.0,8358.89,1.03,41.81,183.49,2388.14,8073.0,9.3174,0.02,333,2223,100.0,14.9,9.1089
5,13,42.0025,0.8408,100.0,445.0,549.0,1343.98,1125.87,3.91,5.71,138.74,2212.02,8333.49,1.02,41.73,130.56,2388.13,8091.92,9.3358,0.02,331,2212,100.0,10.65,6.2886
5,14,24.9998,0.62,60.0,462.54,536.74,1258.52,1037.33,7.05,9.02,175.49,1915.44,8014.39,0.94,36.42,164.8,2028.31,7880.55,10.8714,0.02,306,1915,84.93,14.3,8.5955
5,15,25.0007,0.6212,60.0,462.54,536.81,1258.95,1040.95,7.05,9.03,176.53,1915.42,8009.94,0.94,36.5,164.23,2028.34,7881.62,10.8935,0.02,305,1915,84.93,14.4,8.5799
5,16,10.0035,0.25,100.0,489.05,604.79,1501.33,1293.26,10.52,15.49,394.88,2318.85,8784.52,1.26,45.11,372.25,2388.06,8137.74,8.6526,0.03,367,2319,100.0,28.72,17.2322
5,17,25.0066,0.62,60.0,462.54,536.52,1254.63,1041.12,7.05,9.02,175.43,1915.42,8007.25,0.94,36.57,164.59,2028.28,7876.26,10.8535,0.02,307,1915,84.93,14.36,8.5632
5,18,20.0028,0.7,100.0,491.19,607.16,1477.95,1248.4,9.35,13.65,335.1,2323.94,8722.28,1.08,44.18,315.1,2388.06,8061.98,9.1779,0.02,363,2324,100.0,24.43,14.7417
5,19,42.0019,0.84,100.0,445.0,549.92,1350.03,1125.01,3.91,5.71,139.56,2212.01,8322.35,1.02,41.85,130.49,2388.08,8091.75,9.3325,0.02,330,2212,100.0,10.6,6.2734
5,20,10.0076,0.25,100.0,489.05,604.09,1493.99,1294.43,10.52,15.49,395.6,2318.82,8787.01,1.26,45.24,372.1,2388.06,8136.33,8.6334,0.03,368,2319,100.0,28.54,17.2148
5,21,0.0011,0.0,100.0,518.67,642.52,1584.94,1395.09,14.62,21.61,554.2,2388.03,9055.32,1.3,47.13,521.92,2387.98,8141.66,8.4633,0.03,392,2388,100.0,38.98,23.3978
5,22,42.0003,0.8417,100.0,445.0,549.22,1346.75,1111.71,3.91,5.71,138.86,2212.0,8327.36,1.02,41.62,130.45,2388.12,8088.96,9.341,0.02,329,2212,100.0,10.63,6.2081
5,23,19.9987,0.7,100.0,491.19,607.23,1476.57,1247.61,9.35,13.65,335.0,2323.95,8728.22,1.08,44.1,315.12,2388.07,8066.62,9.192,0.02,364,2324,100.0,24.59,14.8144
5,24,25.0006,0.6204,60.0,462.54,536.4,1256.95,1045.64,7.05,9.03,175.41,1915.48,8016.91,0.94,36.42,164.78,2028.33,7880.61,10.8223,0.02,305,1915,84.93,14.4,8.481
5,25,35.0074,0.84,100.0,449.44,555.19,1364.4,1127.8,5.48,8.0,195.26,2223.03,8362.26,1.02,41.67,183.65,2388.13,8068.25,9.28,0.02,333,2223,100.0,14.97,8.9941
5,26,9.9996,0.25,100.0,489.05,604.78,1492.66,1307.98,10.52,15.49,394.38,2318.85,8783.6,1.26,45.19,372.11,2388.01,8135.31,8.6054,0.03,368,2319,100.0,28.73,17.1167
5,27,0.0017,0.0018,100.0,518.67,642.08,1586.08,1398.05,14.62,21.61,554.39,2388.04,9067.37,1.3,47.48,521.95,2387.96,8142.88,8.3929,0.03,392,2388,100.0,39.07,23.4413
5,28,0.0005,0.0012,100.0,518.67,642.05,1586.12,1402.71,14.62,21.61,553.65,2388.01,9061.72,1.3,47.04,522.59,2388.05,8141.94,8.3882,0.03,391,2388,100.0,39.09,23.3847
5,29,35.0036,0.8416,100.0,449.44,555.22,1362.39,1125.98,5.48,8.0,194.81,2222.98,8359.62,1.02,41.6,182.84,2388.15,8078.62,9.3091,0.02,333,2223,100.0,14.99,8.9917
5,30,0.0029,0.002,100.0,518.67,642.07,1587.2,1402.05,14.62,21.61,554.48,2388.03,9062.7,1.3,47.15,522.16,2388.02,8144.6,8.4372,0.03,391,2388,100.0,38.92,23.4242
5,31,25.0077,0.6218,60.0,462.54,536.69,1264.57,1038.27,7.05,9.03,175.73,1915.45,8006.54,0.94,36.31,164.58,2028.32,7879.66,10.8655,0.02,305,1915,84.93,14.28,8.6424
5,32,19.9989,0.7002,100.0,491.19,607.08,1487.96,1247.31,9.35,13.65,335.5,2323.95,8732.26,1.08,44.17,316.15,2388.1,8066.63,9.1863,0.02,363,2324,100.0,24.55,14.7702
5,33,42.002,0.8415,100.0,445.0,549.29,1344.84,1123.09,3.91,5.71,138.04,2212.0,8316.15,1.02,41.98,130.65,2388.15,8095.15,9.3186,0.02,328,2212,100.0,10.57,6.3704
5,34,24.9994,0.62,60.0,462.54,537.0,1258.85,1038.83,7.05,9.03,175.69,1915.4,8012.62,0.94,36.4,165.16,2028.34,7877.17,10.8774,0.02,306,1915,84.93,14.38,8.4616
5,35,35.0025,0.8408,100.0,449.44,555.1,1365.4,1125.08,5.48,8.0,194.59,2223.05,8354.36,1.02,41.63,183.29,2388.12,8073.21,9.2829,0.02,333,2223,100.0,14.95,9.0269
5,36,20.0007,0.7,100.0,491.19,607.0,1477.38,1240.58,9.35,13.66,335.0,2323.92,8723.92,1.08,44.18,315.02,2388.07,8066.67,9.1876,0.02,366,2324,100.0,24.64,14.7167
5,37,41.999,0.84,100.0,445.0,548.99,1358.58,1114.97,3.91,5.72,138.59,2212.02,8320.06,1.02,41.96,130.87,2388.1,8086.07,9.2884,0.02,331,2212,100.0,10.61,6.4402
5,38,20.0006,0.7019,100.0,491.19,606.94,1484.65,1245.78,9.35,13.65,335.73,2323.93,8729.33,1.08,43.99,315.31,2388.08,8068.6,9.1973,0.02,364,2324,100.0,24.54,14.8357
5,39,25.002,0.6216,60.0,462.54,536.64,1253.92,1036.94,7.05,9.03,175.69,1915.45,8020.93,0.94,36.46,164.33,2028.36,7879.44,10.8472,0.02,307,1915,84.93,14.41,8.602
5,40,25.0066,0.62,60.0,462.54,536.68,1254.27,1046.54,7.05,9.03,175.53,1915.44,8013.8,0.94,36.59,164.65,2028.33,7876.01,10.8785,0.02,306,1915,84.93,14.23,8.5359
5,41,19.998,0.7,100.0,491.19,607.01,1476.91,1238.67,9.35,13.65,334.85,2323.93,8720.17,1.08,44.06,315.96,2388.06,8068.25,9.1501,0.02,363,2324,100.0,24.53,14.8292
5,42,19.9991,0.701,100.0,491.19,607.11,1479.22,1244.35,9.35,13.65,334.66,2323.98,8724.78,1.07,44.17,314.93,2388.04,8065.78,9.191,0.02,363,2324,100.0,24.53,14.6501
5,43,20.0008,0.7002,100.0,491.19,606.65,1477.27,1240.59,9.35,13.65,334.62,2323.93,8726.45,1.08,44.16,315.51,2388.06,8069.63,9.1857,0.02,364,2324,100.0,24.62,14.7123
5,44,42.0066,0.8407,100.0,445.0,549.78,1348.95,1121.79,3.91,5.72,138.9,2212.0,8332.82,1.02,41.93,130.7,2388.12,8091.21,9.3335,0.02,329,2212,100.0,10.54,6.3035
5,45,10.0032,0.2513,100.0,489.05,603.96,1506.0,1299.38,10.52,15.49,395.81,2318.83,8784.11,1.26,44.93,371.72,2388.02,8136.26,8.6303,0.03,370,2319,100.0,28.72,17.2246
5,46,20.0039,0.7014,100.0,491.19,606.86,1480.86,1248.38,9.35,13.65,335.22,2323.98,8723.85,1.08,44.15,315.71,2388.06,8068.5,9.1559,0.02,364,2324,100.0,24.37,14.817
5,47,0.0015,0.0004,100.0,518.67,642.23,1580.7,1394.79,14.62,21.61,554.58,2387.99,9057.53,1.3,47.24,522.34,2388.03,8146.2,8.3705,0.03,392,2388,100.0,39.02,23.4343
5,48,19.999,0.7017,100.0,491.19,607.02,1478.12,1239.78,9.35,13.65,334.78,2323.92,8725.96,1.08,44.22,316.1,2388.03,8066.17,9.1956,0.02,365,2324,100.0,24.55,14.733
5,49,42.0072,0.8409,100.0,445.0,549.63,1350.0,1118.79,3.91,5.71,138.65,2212.03,8328.86,1.02,41.96,130.23,2388.15,8092.77,9.2805,0.02,330,2212,100.0,10.67,6.3584
5,50,25.0047,0.62,60.0,462.54,536.59,1264.25,1043.38,7.05,9.02,175.54,1915.47,8010.08,0.94,36.49,164.65,2028.34,7880.39,10.8747,0.02,306,1915,84.93,14.22,8.588
5,51,35.0044,0.84,100.0,449.44,555.48,1366.49,1116.6,5.48,8.0,194.54,2223.0,8353.04,1.02,41.82,183.54,2388.13,8076.55,9.2633,0.02,334,2223,100.0,14.91,8.9965
5,52,0.0021,0.0,100.0,518.67,642.32,1586.57,1399.91,14.62,21.61,554.77,2388.04,9066.19,1.3,47.23,522.16,2388.02,8142.54,8.3854,0.03,392,2388,100.0,38.99,23.5036
5,53,42.0003,0.8419,100.0,445.0,549.41,1337.0,1126.14,3.91,5.71,138.82,2212.05,8325.85,1.02,41.78,130.77,2388.11,8090.37,9.3608,0.02,330,2212,100.0,10.78,6.3359
5,54,35.0022,0.84,100.0,449.44,555.62,1369.57,1129.09,5.48,8.0,194.94,2223.09,8348.91,1.02,41.69,182.81,2388.13,8073.65,9.2737,0.02,335,2223,100.0,14.84,8.9507
5,55,25.0034,0.6214,60.0,462.54,536.61,1255.42,1048.86,7.05,9.03,176.07,1915.42,8013.4,0.94,36.48,164.38,2028.32,7879.74,10.8924,0.02,306,1915,84.93,14.33,8.6212
5,56,20.0066,0.7,100.0,491.19,607.39,1474.65,1243.85,9.35,13.65,334.96,2323.93,8730.95,1.08,44.14,315.44,2388.09,8065.31,9.1868,0.02,362,2324,100.0,24.54,14.8255
5,57,0.0001,0.0,100.0,518.67,642.05,1578.55,1400.96,14.62,21.61,554.74,2388.06,9059.74,1.3,47.3,522.29,2388.07,8138.19,8.4124,0.03,392,2388,100.0,39.13,23.2661
5,58,10.0071,0.2502,100.0,489.05,604.58,1495.52,1302.26,10.52,15.49,394.47,2318.91,8795.59,1.26,45.08,372.08,2388.04,8136.96,8.6084,0.03,369,2319,100.0,28.67,17.1208
5,59,0.0029,0.0,100.0,518.67,642.67,1589.28,1404.65,14.62,21.61,553.99,2388.04,9061.7,1.3,47.54,522.38,2387.98,8145.04,8.4121,0.03,392,2388,100.0,38.8,23.3737
5,60,19.9984,0.7019,100.0,491.19,607.15,1482.61,1234.53,9.35,13.65,334.64,2323.92,8722.72,1.08,44.29,315.52,2388.07,8065.59,9.1828,0.02,365,2324,100.0,24.5,14.7667
5,61,10.0004,0.252,100.0,489.05,604.31,1500.0,1302.96,10.52,15.49,394.59,2318.86,8781.87,1.26,45.07,372.12,2388.0,8130.74,8.6439,0.03,368,2319,100.0,28.66,17.2705
5,62,10.0039,0.2507,100.0,489.05,604.56,1490.58,1295.73,10.52,15.49,395.21,2318.84,8784.82,1.26,45.21,372.08,2387.99,8135.85,8.621,0.03,367,2319,100.0,28.77,17.2429
5,63,42.0073,0.8406,100.0,445.0,549.29,1351.1,1119.25,3.91,5.71,139.06,2212.08,8330.98,1.02,42.02,130.37,2388.15,8094.81,9.3755,0.02,328,2212,100.0,10.79,6.3428
5,64,0.0007,0.0,100.0,518.67,642.31,1588.69,1400.99,14.62,21.61,553.84,2388.02,9067.11,1.3,47.28,522.25,2387.99,8145.24,8.3977,0.03,391,2388,100.0,38.91,23.3509
5,65,25.002,0.6204,60.0,462.54,536.41,1260.4,1050.15,7.05,9.03,175.28,1915.43,8013.19,0.94,36.4,164.36,2028.32,7881.49,10.8837,0.02,307,1915,84.93,14.21,8.6457
5,66,42.0048,0.8402,100.0,445.0,549.03,1347.37,1132.35,3.91,5.71,138.4,2211.99,8323.8,1.02,41.97,130.3,2388.08,8085.86,9.3569,0.02,331,2212,100.0,10.42,6.4591
5,67,0.0017,0.0,100.0,518.67,642.38,1586.3,1398.6,14.62,21.61,554.4,2388.04,9064.61,1.3,47.34,522.47,2388.09,8147.88,8.4066,0.03,393,2388,100.0,38.96,23.4889
5,68,25.0006,0.6211,60.0,462.54,536.64,1250.67,1044.76,7.05,9.03,176.14,1915.42,8012.69,0.94,36.5,164.67,2028.3,7876.29,10.8596,0.02,308,1915,84.93,14.28,8.6033
5,69,0.0013,0.0012,100.0,518.67,642.04,1587.76,1404.19,14.62,21.61,554.12,2388.05,9070.89,1.3,47.17,521.38,2388.02,8141.12,8.4228,0.03,392,2388,100.0,39.07,23.4321
5,70,35.0016,0.8405,100.0,449.44,555.72,1365.73,1134.62,5.48,8.0,195.21,2223.0,8352.14,1.02,41.55,183.18,2388.14,8072.84,9.2989,0.02,333,2223,100.0,14.9,8.9471
5,71,10.0005,0.25,100.0,489.05,604.48,1498.94,1303.76,10.52,15.49,394.91,2318.82,8783.19,1.26,45.26,371.81,2388.01,8136.92,8.6306,0.03,370,2319,100.0,28.62,17.2567
5,72,0.0027,0.0,100.0,518.67,641.81,1584.79,1402.21,14.62,21.61,554.5,2388.05,9059.56,1.3,47.46,522.51,2388.02,8143.96,8.4041,0.03,392,2388,100.0,39.03,23.4059
5,73,42.0003,0.8401,100.0,445.0,549.44,1352.68,1120.72,3.91,5.71,138.9,2212.03,8323.9,1.02,41.82,131.0,2388.07,8085.85,9.3493,0.02,329,2212,100.0,10.54,6.3974
5,74,42.004,0.8404,100.0,445.0,549.78,1344.33,1128.73,3.91,5.71,138.92,2212.07,8327.59,1.02,41.87,130.62,2388.11,8089.38,9.3265,0.02,328,2212,100.0,10.76,6.2658
5,75,42.0042,0.8417,100.0,445.0,549.89,1358.71,1122.91,3.91,5.72,138.07,2212.02,8323.47,1.02,41.67,131.1,2388.05,8085.01,9.3439,0.02,330,2212,100.0,10.76,6.3607
5,76,25.0075,0.62,60.0,462.54,536.5,1265.47,1050.9,7.05,9.03,176.1,1915.46,8018.3,0.94,36.92,164.62,2028.37,7872.82,10.8854,0.02,305,1915,84.93,14.5,8.6171
5,77,10.0078,0.2501,100.0,489.05,604.13,1487.64,1302.4,10.52,15.49,395.49,2318.94,8780.58,1.26,45.28,371.9,2388.13,8134.42,8.6698,0.03,370,2319,100.0,28.59,17.2259
5,78,35.0053,0.84,100.0,449.44,555.64,1368.19,1130.2,5.48,8.0,194.54,2222.99,8350.57,1.02,41.48,183.13,2388.15,8077.02,9.3192,0.02,333,2223,100.0,14.92,8.9287
5,79,42.0055,0.8406,100.0,445.0,549.47,1351.69,1120.88,3.91,5.71,138.91,2212.03,8324.07,1.02,42.07,131.11,2388.11,8093.21,9.3135,0.02,331,2212,100.0,10.69,6.4433
5,80,25.0066,0.6214,60.0,462.54,537.06,1257.65,1041.12,7.05,9.03,175.16,1915.42,8016.22,0.94,36.4,164.54,2028.34,7871.31,10.879,0.02,304,1915,84.93,14.36,8.5642
5,81,19.9991,0.7,100.0,491.19,607.25,1479.65,1247.62,9.35,13.66,334.59,2323.96,8726.82,1.08,44.08,315.49,2388.08,8064.22,9.2115,0.02,366,2324,100.0,24.37,14.7578
5,82,25.0067,0.6216,60.0,462.54,536.71,1262.16,1041.2,7.05,9.03,175.95,1915.45,8014.24,0.94,36.77,164.66,2028.31,7878.83,10.8542,0.02,307,1915,84.93,14.43,8.6489
5,83,20.0059,0.7005,100.0,491.19,607.51,1481.45,1239.42,9.35,13.66,335.86,2323.97,8731.28,1.08,44.23,315.27,2388.07,8064.63,9.174,0.02,364,2324,100.0,24.41,14.7454
5,84,20.0074,0.7,100.0,491.19,606.84,1478.42,1244.22,9.35,13.65,334.61,2323.93,8728.38,1.08,44.22,315.45,2388.09,8070.12,9.2044,0.02,364,2324,100.0,24.55,14.619
5,85,41.9996,0.84,100.0,445.0,549.2,1353.93,1119.33,3.91,5.71,138.7,2212.0,8321.34,1.02,42.15,130.82,2388.1,8088.77,9.3253,0.02,332,2212,100.0,10.55,6.2809
5,86,25.0072,0.62,60.0,462.54,536.48,1257.45,1042.03,7.05,9.02,174.89,1915.44,8016.89,0.94,36.62,165.28,2028.29,7881.36,10.8914,0.02,305,1915,84.93,14.33,8.5753
5,87,25.0075,0.6219,60.0,462.54,536.84,1256.56,1044.53,7.05,9.02,175.61,1915.41,8020.72,0.94,36.82,164.47,2028.34,7879.59,10.8742,0.02,308,1915,84.93,14.4,8.5297
5,88,41.9999,0.84,100.0,445.0,549.5,1349.05,1125.04,3.91,5.72,138.59,2212.01,8330.61,1.02,41.91,130.71,2388.11,8092.82,9.3225,0.02,330,2212,100.0,10.77,6.3952
5,89,35.0065,0.84,100.0,449.44,555.67,1361.16,1130.1,5.48,8.0,195.1,2223.01,8359.6,1.02,41.79,183.26,2388.17,8072.27,9.3236,0.02,332,2223,100.0,15.0,8.8808
5,90,10.0046,0.2517,100.0,489.05,604.57,1498.63,1306.71,10.52,15.49,395.4,2318.9,8782.26,1.26,45.19,372.48,2388.07,8130.54,8.6128,0.03,369,2319,100.0,28.55,17.2372
5,91,10.001,0.25,100.0,489.05,604.37,1502.22,1303.06,10.52,15.49,395.19,2318.88,8784.23,1.26,45.17,372.3,2388.09,8132.32,8.6143,0.03,368,2319,100.0,28.71,17.1898
5,92,10.004,0.25,100.0,489.05,604.63,1500.25,1302.19,10.52,15.49,394.48,2318.87,8782.63,1.26,45.36,372.28,2388.07,8140.76,8.6677,0.03,367,2319,100.0,28.59,17.184
5,93,35.0051,0.84,100.0,449.44,555.28,1366.77,1127.75,5.48,8.0,194.94,2223.05,8349.81,1.02,41.73,183.24,2388.13,8069.42,9.3113,0.02,332,2223,100.0,14.93,8.9043
5,94,25.0009,0.62,60.0,462.54,537.07,1257.98,1044.16,7.05,9.03,175.56,1915.46,8012.51,0.94,36.7,164.76,2028.35,7877.77,10.8696,0.02,307,1915,84.93,14.45,8.5697
5,95,25.0066,0.6212,60.0,462.54,536.36,1256.78,1044.0,7.05,9.02,175.83,1915.45,8019.39,0.94,36.6,164.64,2028.41,7876.82,10.8733,0.02,308,1915,84.93,14.3,8.6388
5,96,10.006,0.2507,100.0,489.05,605.23,1491.83,1303.62,10.52,15.49,394.75,2318.89,8782.07,1.26,45.29,372.05,2388.07,8139.68,8.6335,0.03,370,2319,100.0,28.55,17.1173
5,97,0.0023,0.001,100.0,518.67,642.1,1577.25,1398.33,14.62,21.61,554.12,2388.02,9062.17,1.3,47.35,522.04,2388.04,8144.88,8.4251,0.03,392,2388,100.0,39.03,23.412
5,98,20.0046,0.7006,100.0,491.19,607.19,1485.01,1250.03,9.35,13.66,335.29,2323.93,8723.72,1.08,44.17,315.43,2388.1,8071.01,9.1949,0.02,365,2324,100.0,24.62,14.8023
5,99,24.9998,0.62,60.0,462.54,536.83,1262.77,1046.88,7.05,9.03,175.98,1915.44,8013.67,0.94,36.79,164.43,2028.3,7879.48,10.8746,0.02,306,1915,84.93,14.39,8.5565
5,100,42.0,0.8409,100.0,445.0,549.43,1349.42,1119.66,3.91,5.71,138.97,2212.0,8323.81,1.02,41.96,130.52,2388.1,8090.85,9.3423,0.02,331,2212,100.0,10.55,6.3515
5,101,41.9992,0.84,100.0,445.0,549.22,1350.64,1125.41,3.91,5.72,138.85,2212.01,8327.62,1.02,42.1,130.54,2388.03,8086.84,9.3333,0.02,329,2212,100.0,10.53,6.3248
5,102,20.0058,0.7006,100.0,491.19,607.38,1481.95,1247.24,9.35,13.66,334.48,2323.97,8738.03,1.08,44.22,315.19,2388.19,8064.78,9.2177,0.02,365,2324,100.0,24.62,14.6544
5,103,25.0033,0.6214,60.0,462.54,537.22,1256.76,1041.84,7.05,9.03,174.84,1915.41,8015.52,0.94,36.62,164.9,2028.29,7882.49,10.8825,0.02,305,1915,84.93,14.36,8.6897
5,104,25.0009,0.622,60.0,462.54,536.72,1260.32,1042.63,7.05,9.03,175.05,1915.42,8012.64,0.94,36.67,164.39,2028.26,7881.52,10.8922,0.02,307,1915,84.93,14.34,8.6256
5,105,42.0019,0.8401,100.0,445.0,549.77,1349.78,1125.03,3.91,5.71,139.07,2211.9,8318.34,1.02,41.96,130.72,2388.06,8095.37,9.3647,0.02,330,2212,100.0,10.69,6.3379
5,106,19.9991,0.7,100.0,491.19,607.18,1477.22,1240.73,9.35,13.66,334.46,2323.99,8728.53,1.08,44.3,314.5,2388.06,8066.1,9.174,0.02,365,2324,100.0,24.44,14.6941
5,107,24.9998,0.6212,60.0,462.54,536.6,1258.08,1045.63,7.05,9.03,175.69,1915.46,8018.31,0.94,36.67,164.45,2028.36,7878.27,10.8727,0.02,308,1915,84.93,14.12,8.696
5,108,24.9995,0.62,60.0,462.54,536.5,1271.01,1046.86,7.05,9.03,175.2,1915.47,8007.42,0.94,36.82,164.65,2028.34,7876.07,10.8779,0.02,308,1915,84.93,14.43,8.5825
5,109,42.0023,0.8412,100.0,445.0,549.78,1356.08,1124.18,3.91,5.72,138.85,2211.98,8321.76,1.02,42.09,130.74,2388.05,8090.4,9.3334,0.02,331,2212,100.0,10.61,6.3542
5,110,9.9983,0.2509,100.0,489.05,604.73,1500.85,1303.33,10.52,15.49,394.09,2318.9,8782.9,1.26,45.16,371.79,2388.14,8134.44,8.6776,0.03,371,2319,100.0,28.61,17.1462
5,111,10.0017,0.25,100.0,489.05,604.13,1502.62,1303.91,10.52,15.49,394.34,2318.87,8782.82,1.26,45.47,372.19,2388.12,8134.15,8.6457,0.03,368,2319,100.0,28.65,17.0993
5,112,10.001,0.2519,100.0,489.05,604.72,1497.79,1304.51,10.52,15.49,394.14,2318.9,8787.92,1.26,45.42,371.16,2388.13,8137.81,8.6514,0.03,370,2319,100.0,28.51,17.0324
5,113,10.0055,0.25,100.0,489.05,604.36,1494.55,1308.13,10.52,15.49,394.76,2318.92,8781.51,1.26,45.28,371.52,2388.13,8134.21,8.6443,0.03,369,2319,100.0,28.82,17.162
5,114,35.0045,0.84,100.0,449.44,555.69,1362.53,1125.6,5.48,8.0,194.23,2223.01,8351.41,1.02,41.93,182.73,2388.09,8072.78,9.3178,0.02,333,2223,100.0,14.65,8.8676
5,115,41.9999,0.84,100.0,445.0,549.28,1348.16,1126.67,3.91,5.71,138.56,2212.02,8325.08,1.02,42.02,130.75,2388.03,8091.12,9.3717,0.02,330,2212,100.0,10.63,6.3715
5,116,24.9994,0.621,60.0,462.54,536.87,1261.45,1049.63,7.05,9.03,176.27,1915.41,8015.34,0.94,36.68,164.91,2028.28,7877.7,10.9474,0.02,307,1915,84.93,14.44,8.5536
5,117,20.0053,0.7006,100.0,491.19,607.53,1492.78,1248.47,9.35,13.66,334.18,2323.92,8722.48,1.08,44.34,314.82,2388.1,8066.61,9.2383,0.02,367,2324,100.0,24.52,14.6881
5,118,0.0008,0.0,100.0,518.67,642.39,1590.54,1401.34,14.62,21.61,553.3,2388.06,9063.91,1.3,47.44,521.39,2388.07,8139.31,8.4594,0.03,393,2388,100.0,38.77,23.2332
5,119,24.9995,0.62,60.0,462.54,536.39,1262.17,1047.03,7.05,9.02,175.23,1915.37,8011.23,0.94,36.94,164.42,2028.27,7878.4,10.9081,0.02,307,1915,84.93,14.3,8.6235
5,120,0.0018,0.0008,100.0,518.67,642.49,1585.28,1407.37,14.62,21.61,553.07,2388.13,9066.53,1.3,47.42,522.01,2388.05,8144.26,8.4253,0.03,391,2388,100.0,38.94,23.3897
5,121,35.0021,0.84,100.0,449.44,555.14,1371.2,1129.57,5.48,8.0,194.39,2223.08,8352.16,1.02,41.92,182.86,2388.03,8072.9,9.3151,0.02,335,2223,100.0,14.87,8.9309
5,122,42.0023,0.84,100.0,445.0,549.2,1350.8,1130.3,3.91,5.72,138.45,2211.96,8325.64,1.02,42.12,130.1,2388.06,8087.87,9.3656,0.02,331,2212,100.0,10.53,6.3637
5,123,35.0037,0.8412,100.0,449.44,555.3,1364.49,1121.44,5.48,8.0,194.98,2223.01,8345.53,1.02,42.0,182.52,2388.14,8070.42,9.3045,0.02,335,2223,100.0,14.72,8.9007
5,124,35.0042,0.8401,100.0,449.44,556.18,1369.38,1127.47,5.48,8.0,194.75,2222.95,8353.18,1.02,41.91,183.4,2388.13,8079.16,9.3361,0.02,335,2223,100.0,14.82,8.945
5,125,24.9984,0.62,60.0,462.54,537.22,1259.58,1048.94,7.05,9.03,175.23,1915.42,8015.61,0.94,36.65,164.44,2028.29,7881.57,10.8685,0.02,308,1915,84.93,14.09,8.5439
5,126,35.0061,0.8412,100.0,449.44,555.58,1366.64,1126.8,5.48,8.0,194.51,2223.0,8353.57,1.02,41.97,182.68,2388.05,8071.77,9.3345,0.02,334,2223,100.0,14.71,8.9683
5,127,42.0014,0.84,100.0,445.0,549.56,1357.28,1128.73,3.91,5.71,137.62,2211.9,8318.66,1.02,42.41,130.61,2388.05,8089.59,9.3622,0.02,331,2212,100.0,10.48,6.3897
5,128,42.006,0.84,100.0,445.0,549.3,1353.38,1125.97,3.91,5.71,138.34,2211.98,8322.22,1.02,42.36,131.39,2388.04,8089.81,9.3875,0.02,331,2212,100.0,10.44,6.394
5,129,9.999,0.25,100.0,489.05,604.18,1497.57,1305.77,10.52,15.5,394.25,2318.93,8782.97,1.26,45.56,371.44,2388.12,8129.41,8.6747,0.03,372,2319,100.0,28.58,17.2211
5,130,0.0025,0.0003,100.0,518.67,642.68,1593.53,1403.14,14.62,21.61,553.32,2388.11,9067.3,1.3,47.49,521.82,2388.08,8136.88,8.4564,0.03,393,2388,100.0,38.87,23.3277
5,131,25.0058,0.6219,60.0,462.54,537.07,1262.14,1052.57,7.05,9.03,175.87,1915.41,8007.86,0.94,36.87,164.15,2028.28,7875.81,10.9367,0.02,309,1915,84.93,14.15,8.5444
5,132,35.0069,0.8411,100.0,449.44,556.21,1361.89,1124.91,5.48,8.0,193.96,2223.02,8353.62,1.02,41.64,183.01,2388.14,8068.13,9.3302,0.02,334,2223,100.0,14.8,8.8971
5,133,20.0025,0.7,100.0,491.19,607.15,1482.89,1257.6,9.35,13.66,334.23,2324.0,8725.9,1.08,44.27,315.0,2388.12,8067.29,9.2302,0.02,365,2324,100.0,24.41,14.6986
5,134,42.0067,0.84,100.0,445.0,549.76,1348.67,1129.12,3.91,5.72,138.71,2211.88,8328.86,1.02,42.23,130.26,2388.03,8085.76,9.3598,0.02,330,2212,100.0,10.62,6.4049
5,135,25.0051,0.62,60.0,462.54,537.19,1255.73,1045.26,7.05,9.03,175.45,1915.35,8012.22,0.94,37.04,164.53,2028.28,7872.59,10.9023,0.02,308,1915,84.93,13.99,8.5555
5,136,10.0076,0.25,100.0,489.05,605.01,1504.06,1304.08,10.52,15.49,393.99,2318.93,8788.5,1.26,45.43,370.95,2388.18,8128.36,8.7147,0.03,370,2319,100.0,28.61,17.0093
5,137,25.0034,0.6211,60.0,462.54,537.11,1261.67,1053.31,7.05,9.03,174.55,1915.41,8008.61,0.94,36.8,164.04,2028.21,7873.07,10.907,0.02,308,1915,84.93,14.35,8.5885
5,138,20.0024,0.7013,100.0,491.19,607.84,1484.81,1255.05,9.35,13.66,334.25,2323.99,8731.3,1.07,44.6,314.89,2388.14,8059.59,9.2525,0.02,367,2324,100.0,24.45,14.5763
5,139,0.0014,0.0,100.0,518.67,643.27,1580.94,1408.87,14.62,21.61,552.02,2388.13,9062.61,1.3,47.69,520.89,2388.11,8136.94,8.4744,0.03,393,2388,100.0,38.64,23.248
5,140,35.0051,0.84,100.0,449.44,556.75,1373.75,1131.71,5.48,8.0,195.03,2222.98,8352.1,1.02,42.17,182.99,2388.05,8069.4,9.3612,0.02,335,2223,100.0,14.84,8.8981
5,141,0.0028,0.0,100.0,518.67,642.57,1594.17,1406.35,14.62,21.61,552.67,2388.13,9056.56,1.3,47.51,520.82,2388.14,8136.44,8.469,0.03,392,2388,100.0,38.79,23.1979
5,142,19.9986,0.7,100.0,491.19,607.75,1492.71,1250.69,9.35,13.66,334.55,2324.04,8726.26,1.08,44.62,314.91,2388.17,8064.56,9.2414,0.02,364,2324,100.0,24.19,14.6305
5,143,35.006,0.84,100.0,449.44,555.59,1366.47,1140.65,5.48,8.0,193.9,2222.98,8347.17,1.02,42.35,182.65,2388.1,8074.01,9.3296,0.02,336,2223,100.0,14.77,8.9092
5,144,35.0047,0.8418,100.0,449.44,555.88,1369.39,1133.91,5.48,8.0,194.42,2223.01,8355.85,1.02,42.06,182.8,2388.06,8070.63,9.3364,0.02,335,2223,100.0,14.54,8.9393
5,145,34.9989,0.84,100.0,449.44,555.72,1371.03,1131.67,5.48,8.0,194.7,2223.07,8363.63,1.02,42.03,182.88,2388.13,8070.3,9.2889,0.02,335,2223,100.0,15.02,8.9202
5,146,41.9993,0.84,100.0,445.0,549.9,1356.08,1127.17,3.91,5.71,138.65,2211.82,8324.03,1.02,42.11,129.92,2387.95,8083.56,9.3685,0.02,331,2212,100.0,10.58,6.4421
5,147,10.001,0.2507,100.0,489.05,604.97,1506.04,1319.78,10.52,15.5,394.42,2319.03,8780.5,1.26,45.55,371.57,2388.18,8134.09,8.6763,0.03,371,2319,100.0,28.42,17.0494
5,148,0.0013,0.0,100.0,518.67,642.67,1593.39,1414.51,14.62,21.61,552.4,2388.18,9057.74,1.3,47.74,521.29,2388.18,8143.49,8.4635,0.03,393,2388,100.0,38.73,23.1575
5,149,0.0005,0.0012,100.0,518.67,642.77,1588.34,1406.85,14.62,21.61,553.03,2388.15,9065.13,1.3,47.55,521.18,2388.16,8139.58,8.4295,0.03,394,2388,100.0,38.89,23.2063
5,150,42.003,0.8408,100.0,445.0,550.01,1358.77,1129.73,3.91,5.71,138.17,2211.84,8322.99,1.02,42.27,130.82,2387.91,8083.31,9.3902,0.02,330,2212,100.0,10.58,6.3304
5,151,0.0013,0.0007,100.0,518.67,642.87,1591.03,1418.07,14.62,21.61,553.18,2388.15,9063.19,1.3,47.66,520.99,2388.21,8144.19,8.4478,0.03,395,2388,100.0,38.63,23.2423
5,152,10.003,0.25,100.0,489.05,605.16,1509.99,1322.0,10.52,15.5,393.43,2319.0,8788.86,1.26,45.73,371.4,2388.24,8133.91,8.7193,0.03,370,2319,100.0,28.43,17.0264
5,153,20.0005,0.7011,100.0,491.19,607.53,1487.73,1261.55,9.35,13.66,333.79,2324.11,8724.08,1.08,44.54,314.24,2388.2,8065.72,9.2467,0.03,367,2324,100.0,24.43,14.5927
5,154,20.0012,0.7003,100.0,491.19,607.96,1494.34,1260.84,9.35,13.66,333.86,2324.07,8732.8,1.07,44.58,314.8,2388.17,8064.43,9.2762,0.03,367,2324,100.0,24.43,14.5839
5,155,35.0003,0.84,100.0,449.44,555.71,1369.95,1136.28,5.48,8.0,193.39,2223.0,8347.5,1.02,42.29,182.58,2388.04,8067.48,9.4047,0.02,333,2223,100.0,14.79,8.9036
5,156,41.9987,0.84,100.0,445.0,549.91,1355.87,1136.09,3.91,5.72,138.69,2211.83,8324.71,1.02,42.2,130.09,2387.88,8086.52,9.4318,0.02,334,2212,100.0,10.52,6.3323
5,157,0.002,0.0007,100.0,518.67,643.19,1594.55,1416.5,14.62,21.61,552.4,2388.16,9058.89,1.3,47.83,521.26,2388.22,8139.4,8.4923,0.03,395,2388,100.0,38.69,23.0929
5,158,41.9986,0.842,100.0,445.0,550.61,1358.35,1137.8,3.91,5.72,138.07,2211.85,8323.63,1.02,42.51,130.58,2387.91,8080.6,9.3995,0.02,330,2212,100.0,10.61,6.3657
5,159,10.0044,0.25,100.0,489.05,605.1,1513.0,1320.04,10.52,15.5,394.06,2319.11,8778.69,1.26,45.74,370.65,2388.32,8126.31,8.7023,0.03,371,2319,100.0,28.36,16.9962
5,160,0.0028,0.0017,100.0,518.67,643.15,1609.69,1417.12,14.62,21.61,551.85,2388.21,9065.94,1.3,47.88,519.73,2388.19,8133.96,8.4697,0.03,394,2388,100.0,38.59,23.2509
6,1,25.0064,0.6211,60.0,462.54,537.09,1258.16,1041.7,7.05,9.03,175.61,1915.31,8007.52,0.94,36.66,164.9,2028.18,7875.84,10.9037,0.02,307,1915,84.93,14.07,8.6268
6,2,25.0032,0.62,60.0,462.54,536.66,1256.83,1041.4,7.05,9.02,175.36,1915.38,8011.31,0.94,36.77,164.1,2028.21,7875.92,10.8696,0.02,307,1915,84.93,14.23,8.6235
6,3,42.0066,0.8414,100.0,445.0,549.75,1363.2,1127.34,3.91,5.72,138.29,2211.88,8320.0,1.02,42.08,130.59,2387.97,8086.27,9.3569,0.02,330,2212,100.0,10.61,6.3342
6,4,24.9999,0.622,60.0,462.54,536.51,1256.7,1042.66,7.05,9.03,175.71,1915.33,8002.6,0.94,36.61,164.39,2028.22,7873.32,10.8763,0.02,307,1915,84.93,14.47,8.6078
6,5,10.0073,0.25,100.0,489.05,604.96,1498.66,1303.42,10.52,15.49,394.34,2318.93,8775.97,1.26,45.34,371.62,2388.08,8128.21,8.6487,0.03,368,2319,100.0,28.48,17.0559
6,6,20.0037,0.7,100.0,491.19,607.63,1485.32,1250.26,9.35,13.65,334.72,2323.95,8716.66,1.08,44.39,315.27,2388.1,8059.34,9.2076,0.02,365,2324,100.0,24.63,14.5655
6,7,0.0014,0.0013,100.0,518.67,642.24,1587.84,1408.02,14.62,21.61,553.89,2388.12,9053.62,1.3,47.58,521.74,2388.07,8134.38,8.4077,0.03,395,2388,100.0,38.96,23.317
6,8,42.0045,0.84,100.0,445.0,549.63,1351.06,1125.59,3.91,5.71,139.2,2211.86,8320.52,1.02,42.1,130.7,2387.97,8079.57,9.3255,0.02,331,2212,100.0,10.53,6.3893
6,9,20.0047,0.7,100.0,491.19,607.14,1487.94,1241.06,9.35,13.65,334.39,2323.98,8724.91,1.08,44.35,314.73,2388.06,8061.86,9.2184,0.02,364,2324,100.0,24.49,14.6862
6,10,25.0042,0.6201,60.0,462.54,536.98,1264.11,1046.93,7.05,9.03,175.63,1915.34,8015.64,0.94,36.72,164.54,2028.24,7873.25,10.9212,0.02,307,1915,84.93,14.63,8.567
6,11,25.0069,0.6217,60.0,462.54,536.72,1259.27,1054.46,7.05,9.02,175.86,1915.3,8008.74,0.94,36.77,164.24,2028.2,7874.53,10.9114,0.02,308,1915,84.93,14.33,8.5788
6,12,34.9992,0.84,100.0,449.44,555.85,1366.7,1128.9,5.48,8.0,194.16,2222.92,8344.78,1.02,41.74,183.39,2388.05,8072.21,9.3145,0.02,334,2223,100.0,14.79,8.9672
6,13,42.0024,0.8408,100.0,445.0,549.39,1347.34,1121.4,3.91,5.71,138.56,2211.93,8321.34,1.02,41.96,130.98,2387.96,8084.93,9.3378,0.02,330,2212,100.0,10.66,6.3923
6,14,35.0057,0.84,100.0,449.44,555.6,1363.57,1132.29,5.48,8.0,193.71,2222.91,8349.6,1.02,41.79,183.07,2388.1,8064.27,9.3184,0.02,334,2223,100.0,14.84,8.8915
6,15,41.9989,0.84,100.0,445.0,549.11,1348.22,1121.02,3.91,5.71,138.34,2211.91,8322.1,1.02,42.12,131.07,2388.0,8082.37,9.3627,0.02,331,2212,100.0,10.6,6.3337
6,16,0.0018,0.0,100.0,518.67,642.29,1588.32,1400.48,14.62,21.61,553.74,2388.08,9056.8,1.3,47.55,521.73,2388.07,8133.67,8.43,0.03,393,2388,100.0,38.76,23.2762
6,17,35.0078,0.84,100.0,449.44,555.58,1362.51,1126.37,5.48,8.0,194.06,2222.92,8349.87,1.02,41.62,183.68,2388.07,8064.66,9.3246,0.02,334,2223,100.0,14.82,8.8045
6,18,0.0002,0.0009,100.0,518.67,642.27,1582.94,1401.54,14.62,21.61,553.2,2388.11,9049.48,1.3,47.38,521.59,2388.05,8134.07,8.4427,0.03,391,2388,100.0,38.97,23.3499
6,19,10.0029,0.2515,100.0,489.05,604.56,1495.53,1309.11,10.52,15.49,394.53,2318.95,8772.66,1.26,45.46,371.76,2388.09,8131.84,8.6542,0.03,369,2319,100.0,28.71,17.0765
6,20,0.0024,0.0001,100.0,518.67,642.66,1585.88,1400.3,14.62,21.61,554.08,2388.1,9055.26,1.3,47.55,521.03,2388.13,8135.6,8.4238,0.03,391,2388,100.0,38.81,23.3814
6,21,20.0074,0.7,100.0,491.19,607.4,1484.01,1250.6,9.35,13.66,334.72,2323.91,8721.39,1.08,44.47,315.2,2388.06,8056.14,9.1821,0.02,367,2324,100.0,24.63,14.6179
6,22,25.0034,0.62,60.0,462.54,536.9,1263.33,1046.9,7.05,9.03,175.38,1915.32,8002.75,0.94,36.85,164.17,2028.2,7876.42,10.9065,0.02,307,1915,84.93,14.16,8.5369
6,23,0.0022,0.0,100.0,518.67,642.28,1588.39,1400.28,14.62,21.61,554.04,2388.06,9054.46,1.3,47.38,521.63,2388.05,8135.99,8.4303,0.03,393,2388,100.0,38.97,23.4076
6,24,42.0061,0.8409,100.0,445.0,550.16,1352.74,1123.38,3.91,5.72,138.62,2211.88,8325.51,1.02,42.04,131.16,2387.96,8084.29,9.3697,0.02,331,2212,100.0,10.67,6.2906
6,25,20.0076,0.7002,100.0,491.19,607.37,1489.78,1246.64,9.35,13.65,335.8,2323.94,8725.5,1.08,44.24,314.76,2388.06,8058.91,9.2152,0.02,365,2324,100.0,24.56,14.7929
6,26,24.9985,0.6215,60.0,462.54,536.09,1263.39,1046.82,7.05,9.02,175.64,1915.28,8004.51,0.94,36.76,164.43,2028.18,7875.4,10.8778,0.02,307,1915,84.93,14.24,8.6001
6,27,25.0041,0.62,60.0,462.54,536.8,1257.54,1044.01,7.05,9.03,175.53,1915.28,8006.72,0.94,36.64,164.55,2028.22,7877.07,10.8657,0.02,308,1915,84.93,14.09,8.5952
6,28,42.0007,0.84,100.0,445.0,549.54,1356.63,1123.7,3.91,5.72,139.12,2211.87,8317.31,1.02,42.19,130.72,2387.94,8081.37,9.3632,0.02,331,2212,100.0,10.67,6.3646
6,29,20.0053,0.7002,100.0,491.19,607.49,1483.34,1251.95,9.35,13.66,334.85,2323.97,8720.29,1.08,44.34,314.89,2388.08,8062.0,9.2129,0.02,364,2324,100.0,24.46,14.6844
6,30,42.002,0.8405,100.0,445.0,549.51,1351.9,1122.58,3.91,5.72,139.03,2211.93,8317.8,1.02,42.22,130.56,2387.96,8086.59,9.3823,0.02,332,2212,100.0,10.46,6.3345
6,31,25.0078,0.6203,60.0,462.54,537.22,1264.36,1045.75,7.05,9.03,175.58,1915.27,8003.72,0.94,36.79,164.64,2028.2,7880.72,10.8823,0.02,307,1915,84.93,14.3,8.6164
6,32,42.0033,0.8403,100.0,445.0,549.41,1357.09,1117.6,3.91,5.72,138.41,2211.84,8311.24,1.02,42.17,130.57,2387.94,8086.8,9.3666,0.02,330,2212,100.0,10.6,6.3533
6,33,41.9982,0.84,100.0,445.0,549.21,1347.14,1131.29,3.91,5.72,138.79,2211.87,8316.06,1.02,41.92,130.47,2387.94,8089.35,9.3849,0.02,330,2212,100.0,10.55,6.3115
6,34,0.0022,0.0,100.0,518.67,642.84,1585.9,1406.18,14.62,21.61,554.03,2388.1,9054.5,1.3,47.25,521.65,2388.17,8137.01,8.4425,0.03,392,2388,100.0,39.02,23.3423
6,35,25.0041,0.6203,60.0,462.54,537.05,1261.07,1050.47,7.05,9.03,175.38,1915.33,8008.34,0.94,36.67,164.13,2028.22,7869.8,10.8877,0.02,307,1915,84.93,14.11,8.5685
6,36,20.0,0.7,100.0,491.19,607.84,1483.78,1259.22,9.35,13.66,335.07,2323.94,8720.87,1.08,44.15,315.31,2388.09,8062.74,9.2365,0.02,365,2324,100.0,24.45,14.7448
6,37,42.0031,0.84,100.0,445.0,549.65,1345.55,1124.44,3.91,5.71,138.92,2211.88,8320.61,1.02,42.25,130.3,2387.92,8080.32,9.3291,0.02,330,2212,100.0,10.6,6.2485
6,38,0.0023,0.0,100.0,518.67,642.28,1587.08,1407.24,14.62,21.61,554.08,2388.06,9058.74,1.3,47.37,521.38,2388.12,8134.33,8.4513,0.03,392,2388,100.0,38.92,23.292
6,39,35.0028,0.84,100.0,449.44,555.68,1364.4,1129.94,5.48,8.0,195.06,2222.91,8342.23,1.02,41.98,183.27,2388.05,8062.82,9.3304,0.02,334,2223,100.0,14.95,8.8415
6,40,42.0017,0.8416,100.0,445.0,549.92,1355.04,1120.23,3.91,5.72,138.42,2211.83,8316.09,1.02,41.99,130.45,2387.94,8083.69,9.3543,0.02,330,2212,100.0,10.59,6.3679
6,41,10.0062,0.25,100.0,489.05,604.92,1498.1,1310.48,10.52,15.49,393.99,2318.97,8776.49,1.26,45.38,371.16,2388.18,8135.11,8.6593,0.03,371,2319,100.0,28.52,17.2171
6,42,0.0016,0.0,100.0,518.67,642.8,1591.13,1405.43,14.62,21.61,552.97,2388.1,9053.28,1.3,47.39,521.53,2388.11,8135.66,8.4378,0.03,393,2388,100.0,38.79,23.3207
6,43,20.004,0.7017,100.0,491.19,607.17,1479.3,1249.52,9.35,13.66,335.26,2323.89,8718.83,1.08,44.38,315.57,2388.16,8057.86,9.2194,0.02,364,2324,100.0,24.38,14.6906
6,44,20.0069,0.7013,100.0,491.19,607.79,1480.56,1245.34,9.35,13.65,334.54,2323.95,8724.86,1.08,44.46,314.99,2388.12,8060.71,9.2357,0.02,365,2324,100.0,24.52,14.6846
6,45,25.0074,0.6219,60.0,462.54,537.11,1265.78,1051.21,7.05,9.03,175.98,1915.27,8002.42,0.94,36.8,164.48,2028.2,7873.13,10.8806,0.02,306,1915,84.93,14.13,8.4739
6,46,19.9982,0.7,100.0,491.19,607.71,1481.82,1251.59,9.35,13.66,335.37,2323.93,8722.49,1.08,44.44,315.39,2388.09,8058.09,9.2501,0.02,366,2324,100.0,24.47,14.6605
6,47,9.9993,0.25,100.0,489.05,605.18,1503.96,1305.61,10.52,15.49,393.85,2319.0,8778.23,1.26,45.45,372.07,2388.18,8129.33,8.6495,0.03,370,2319,100.0,28.53,17.1275
6,48,0.0009,0.001,100.0,518.67,642.61,1583.12,1405.51,14.62,21.61,553.57,2388.13,9060.02,1.3,47.44,521.95,2388.09,8134.16,8.428,0.03,394,2388,100.0,39.0,23.3564
6,49,9.9992,0.25,100.0,489.05,604.9,1497.09,1300.98,10.52,15.49,393.96,2318.92,8779.02,1.26,45.32,371.98,2388.15,8129.17,8.6331,0.03,369,2319,100.0,28.64,17.1721
6,50,20.0021,0.7015,100.0,491.19,607.76,1481.97,1250.09,9.35,13.66,334.68,2323.98,8724.33,1.08,44.33,315.21,2388.1,8060.74,9.2362,0.02,365,2324,100.0,24.5,14.6071
6,51,42.0036,0.84,100.0,445.0,549.57,1353.16,1123.01,3.91,5.72,138.39,2211.79,8311.66,1.02,41.94,130.66,2387.86,8080.62,9.3846,0.02,329,2212,100.0,10.63,6.3785
6,52,0.0014,0.0015,100.0,518.67,642.31,1587.19,1407.54,14.62,21.61,553.92,2388.12,9057.75,1.3,47.65,521.01,2388.08,8130.98,8.431,0.03,394,2388,100.0,38.77,23.3381
6,53,42.0013,0.8409,100.0,445.0,549.38,1349.67,1125.71,3.91,5.71,138.78,2211.82,8325.68,1.02,41.95,130.68,2387.98,8088.45,9.373,0.02,330,2212,100.0,10.6,6.4182
6,54,35.0073,0.84,100.0,449.44,555.24,1361.68,1130.86,5.48,8.0,194.71,2222.92,8349.14,1.02,42.15,183.48,2388.0,8061.63,9.3027,0.02,334,2223,100.0,14.79,8.8161
6,55,25.0065,0.6216,60.0,462.54,537.18,1256.91,1051.88,7.05,9.03,175.57,1915.3,8008.16,0.94,36.86,165.01,2028.22,7874.33,10.9064,0.02,308,1915,84.93,14.36,8.5889
6,56,24.9993,0.62,60.0,462.54,537.08,1263.53,1049.35,7.05,9.03,175.87,1915.32,8007.14,0.94,36.79,164.95,2028.17,7878.04,10.9086,0.02,308,1915,84.93,14.24,8.5704
6,57,35.0005,0.84,100.0,449.44,555.76,1362.22,1125.3,5.48,8.0,194.8,2222.9,8344.26,1.02,42.12,182.31,2387.98,8060.96,9.3316,0.02,334,2223,100.0,14.97,8.8295
6,58,20.0069,0.7017,100.0,491.19,607.6,1478.08,1247.59,9.35,13.66,334.5,2323.98,8722.04,1.08,44.49,314.97,2388.13,8059.91,9.2067,0.02,367,2324,100.0,24.34,14.743
6,59,35.0012,0.84,100.0,449.44,555.65,1369.59,1129.14,5.48,8.0,194.51,2222.94,8343.74,1.02,41.81,182.93,2388.02,8066.64,9.3662,0.02,334,2223,100.0,14.76,8.822
6,60,25.0063,0.62,60.0,462.54,536.64,1259.0,1046.39,7.05,9.03,175.22,1915.31,8001.78,0.94,36.67,164.82,2028.2,7869.71,10.9062,0.02,307,1915,84.93,14.22,8.6245
6,61,35.0061,0.84,100.0,449.44,556.52,1369.59,1132.45,5.48,8.0,194.63,2222.88,8345.79,1.02,42.07,182.93,2387.99,8065.11,9.3529,0.02,334,2223,100.0,14.97,8.9432
6,62,41.9998,0.84,100.0,445.0,549.38,1347.24,1129.07,3.91,5.72,138.74,2211.86,8319.24,1.02,42.19,130.69,2387.9,8081.25,9.3844,0.02,330,2212,100.0,10.63,6.4073
6,63,25.0052,0.62,60.0,462.54,536.23,1261.9,1052.49,7.05,9.02,175.29,1915.29,8011.54,0.94,36.55,165.15,2028.22,7868.47,10.9235,0.02,309,1915,84.93,14.33,8.5927
6,64,35.0048,0.84,100.0,449.44,555.27,1370.78,1130.13,5.48,8.0,194.89,2222.9,8341.27,1.02,41.89,183.06,2388.0,8070.09,9.3126,0.02,333,2223,100.0,14.68,8.9371
6,65,25.0015,0.6214,60.0,462.54,536.71,1254.4,1046.8,7.05,9.03,175.76,1915.3,8015.14,0.94,36.87,164.75,2028.21,7871.51,10.9064,0.02,307,1915,84.93,14.15,8.4741
6,66,0.0004,0.0,100.0,518.67,642.54,1590.38,1400.86,14.62,21.61,553.34,2388.09,9058.82,1.3,47.55,521.96,2388.1,8137.88,8.4682,0.03,394,2388,100.0,38.76,23.2348
6,67,42.0046,0.84,100.0,445.0,549.71,1351.56,1128.62,3.91,5.71,138.76,2211.92,8314.6,1.02,42.25,130.76,2387.86,8083.58,9.3575,0.02,330,2212,100.0,10.61,6.3321
6,68,10.0069,0.25,100.0,489.05,604.83,1497.13,1313.35,10.52,15.49,394.12,2318.92,8774.59,1.26,45.39,371.44,2388.16,8124.33,8.6371,0.03,370,2319,100.0,28.56,17.1504
6,69,10.0037,0.25,100.0,489.05,604.59,1503.05,1314.86,10.52,15.49,394.76,2318.96,8776.13,1.26,45.34,371.78,2388.12,8125.32,8.6406,0.03,368,2319,100.0,28.39,17.129
6,70,0.0009,0.0013,100.0,518.67,642.3,1590.05,1404.26,14.62,21.61,553.26,2388.15,9061.92,1.3,47.36,521.29,2388.09,8133.49,8.4311,0.03,392,2388,100.0,38.87,23.2739
6,71,42.0075,0.8409,100.0,445.0,549.46,1352.44,1126.71,3.91,5.71,138.78,2211.86,8315.8,1.02,41.99,130.64,2387.87,8078.37,9.4164,0.02,330,2212,100.0,10.64,6.3615
6,72,9.9985,0.25,100.0,489.05,604.76,1506.75,1306.22,10.52,15.49,394.84,2318.96,8781.58,1.26,45.47,371.0,2388.19,8131.94,8.6146,0.03,368,2319,100.0,28.47,17.1988
6,73,20.0057,0.7013,100.0,491.19,607.72,1481.23,1253.77,9.35,13.65,335.25,2323.95,8716.71,1.08,44.54,315.13,2388.08,8062.26,9.2332,0.02,367,2324,100.0,24.57,14.665
6,74,10.0077,0.25,100.0,489.05,604.78,1505.67,1312.03,10.52,15.49,395.67,2318.91,8786.67,1.26,45.52,371.7,2388.11,8129.87,8.6549,0.03,369,2319,100.0,28.56,17.117
6,75,42.003,0.8412,100.0,445.0,549.75,1353.62,1123.08,3.91,5.72,138.61,2211.82,8322.06,1.02,41.96,130.51,2387.9,8084.33,9.3838,0.02,331,2212,100.0,10.65,6.3402
6,76,35.0003,0.84,100.0,449.44,555.82,1363.76,1132.78,5.48,8.0,193.87,2222.91,8344.47,1.02,41.94,182.72,2387.99,8063.74,9.2853,0.02,334,2223,100.0,14.87,9.0091
6,77,42.0012,0.84,100.0,445.0,549.67,1352.54,1131.78,3.91,5.71,138.81,2211.81,8321.75,1.02,42.05,130.61,2387.89,8085.33,9.3828,0.02,330,2212,100.0,10.38,6.4679
6,78,0.0029,0.0014,100.0,518.67,642.54,1592.55,1401.17,14.62,21.61,552.96,2388.17,9057.13,1.3,47.46,521.47,2388.09,8130.33,8.4624,0.03,392,2388,100.0,38.81,23.3563
6,79,25.0004,0.6217,60.0,462.54,537.02,1266.74,1055.94,7.05,9.03,176.02,1915.34,8015.18,0.94,36.85,165.04,2028.22,7875.03,10.894,0.02,307,1915,84.93,14.4,8.5405
6,80,35.0055,0.84,100.0,449.44,555.99,1368.01,1141.2,5.48,8.0,194.81,2222.88,8346.14,1.02,42.23,182.58,2387.95,8068.33,9.3119,0.02,334,2223,100.0,14.85,8.919
6,81,25.0005,0.6218,60.0,462.54,537.16,1264.81,1044.34,7.05,9.03,175.35,1915.36,8008.7,0.94,36.7,164.68,2028.19,7875.32,10.9316,0.02,308,1915,84.93,14.28,8.5399
6,82,25.0039,0.62,60.0,462.54,536.79,1262.66,1048.85,7.05,9.02,175.47,1915.26,8010.55,0.94,37.16,164.42,2028.17,7875.08,10.9216,0.02,306,1915,84.93,14.13,8.6741
6,83,20.0005,0.7007,100.0,491.19,608.5,1481.61,1254.38,9.35,13.65,334.93,2323.92,8725.68,1.07,44.49,315.26,2388.08,8056.85,9.2333,0.02,365,2324,100.0,24.34,14.6724
6,84,34.9985,0.841,100.0,449.44,555.98,1369.03,1136.35,5.48,8.0,194.46,2222.95,8353.77,1.02,42.03,182.87,2388.02,8065.08,9.3386,0.02,335,2223,100.0,14.93,8.9065
6,85,19.999,0.7019,100.0,491.19,607.18,1494.66,1251.0,9.35,13.66,334.81,2323.98,8722.39,1.08,44.28,315.33,2388.13,8060.38,9.2235,0.02,364,2324,100.0,24.45,14.616
6,86,10.0069,0.2503,100.0,489.05,604.58,1504.18,1316.86,10.52,15.5,394.6,2318.99,8776.12,1.26,45.54,371.7,2388.16,8124.27,8.688,0.03,369,2319,100.0,28.58,17.1034
6,87,20.0012,0.7019,100.0,491.19,607.85,1483.17,1255.73,9.35,13.66,334.6,2323.97,8722.63,1.08,44.52,314.81,2388.07,8056.61,9.2407,0.02,367,2324,100.0,24.38,14.5756
6,88,25.0069,0.6218,60.0,462.54,536.94,1260.41,1048.15,7.05,9.02,175.2,1915.27,8005.22,0.94,36.87,164.23,2028.18,7870.35,10.9505,0.02,307,1915,84.93,14.35,8.568
6,89,42.008,0.8419,100.0,445.0,549.6,1350.68,1128.22,3.91,5.72,138.81,2211.82,8318.7,1.02,42.11,130.42,2387.86,8081.98,9.3693,0.02,333,2212,100.0,10.6,6.3799
6,90,42.0029,0.84,100.0,445.0,549.8,1350.64,1127.97,3.91,5.72,138.05,2211.88,8321.77,1.02,42.29,129.71,2387.92,8079.34,9.4054,0.02,332,2212,100.0,10.59,6.2907
6,91,35.0025,0.8418,100.0,449.44,555.17,1360.14,1130.04,5.48,8.0,193.8,2222.87,8342.29,1.02,42.11,182.54,2387.99,8062.67,9.3113,0.02,334,2223,100.0,14.87,8.8794
6,92,25.0046,0.62,60.0,462.54,536.46,1249.46,1044.57,7.05,9.03,174.66,1915.26,8003.73,0.94,36.85,164.67,2028.17,7873.59,10.9054,0.02,308,1915,84.93,14.28,8.5323
6,93,25.0019,0.6205,60.0,462.54,536.92,1271.36,1050.83,7.05,9.02,175.34,1915.3,8014.3,0.94,36.93,164.42,2028.2,7873.83,10.9189,0.02,308,1915,84.93,14.22,8.6522
6,94,10.001,0.25,100.0,489.05,604.97,1501.29,1313.29,10.52,15.5,394.44,2318.94,8778.64,1.26,45.71,371.06,2388.19,8129.08,8.6883,0.03,370,2319,100.0,28.47,17.1566
6,95,25.005,0.6207,60.0,462.54,537.07,1263.49,1051.45,7.05,9.03,175.59,1915.23,8011.7,0.94,36.73,164.91,2028.15,7870.18,10.8846,0.02,308,1915,84.93,14.25,8.5331
6,96,34.9995,0.84,100.0,449.44,555.95,1365.85,1138.51,5.48,8.0,194.37,2222.94,8346.85,1.02,41.97,182.85,2388.01,8063.68,9.3527,0.02,334,2223,100.0,14.67,8.925
6,97,0.0022,0.0,100.0,518.67,642.74,1594.88,1406.55,14.62,21.61,552.91,2388.04,9054.48,1.3,47.7,521.34,2388.11,8133.74,8.4459,0.03,394,2388,100.0,38.94,23.3473
6,98,10.006,0.2501,100.0,489.05,605.34,1498.89,1316.51,10.52,15.49,395.23,2318.98,8778.29,1.26,45.56,371.44,2388.19,8128.44,8.6672,0.03,372,2319,100.0,28.68,17.1257
6,99,42.0005,0.8404,100.0,445.0,549.6,1360.28,1125.05,3.91,5.72,138.2,2211.75,8315.56,1.02,42.27,130.89,2387.83,8078.43,9.4163,0.02,331,2212,100.0,10.53,6.3966
6,100,42.0042,0.8415,100.0,445.0,549.86,1349.23,1127.95,3.91,5.72,138.67,2211.82,8320.45,1.02,42.1,130.69,2387.89,8084.65,9.3631,0.02,332,2212,100.0,10.37,6.4287
6,101,24.9988,0.62,60.0,462.54,537.25,1269.19,1042.33,7.05,9.03,175.91,1915.3,8004.11,0.94,36.83,164.47,2028.19,7871.72,10.8872,0.02,306,1915,84.93,14.17,8.554
6,102,42.0013,0.8419,100.0,445.0,549.78,1350.29,1129.72,3.91,5.71,138.3,2211.85,8321.12,1.02,42.2,130.24,2387.87,8082.08,9.396,0.02,332,2212,100.0,10.65,6.3711
6,103,34.999,0.84,100.0,449.44,555.58,1374.65,1132.5,5.48,8.0,194.52,2222.87,8346.38,1.02,42.16,182.58,2387.98,8064.94,9.3487,0.02,334,2223,100.0,14.62,8.8513
6,104,9.9982,0.25,100.0,489.05,604.5,1502.88,1312.41,10.52,15.49,394.68,2318.95,8773.72,1.26,45.71,371.23,2388.18,8125.08,8.6787,0.03,369,2319,100.0,28.38,17.1307
6,105,42.0049,0.8408,100.0,445.0,549.82,1354.88,1133.62,3.91,5.72,138.83,2211.82,8320.98,1.02,42.13,130.75,2387.84,8082.23,9.3847,0.02,331,2212,100.0,10.42,6.3831
6,106,42.0059,0.8401,100.0,445.0,549.52,1359.52,1126.1,3.91,5.72,138.53,2211.76,8321.48,1.02,42.13,130.63,2387.87,8075.21,9.3775,0.02,332,2212,100.0,10.64,6.4098
6,107,10.0015,0.2507,100.0,489.05,604.96,1507.44,1307.64,10.52,15.49,393.59,2319.03,8775.15,1.26,45.54,371.56,2388.16,8125.54,8.6768,0.03,368,2319,100.0,28.45,17.1434
6,108,42.0076,0.84,100.0,445.0,549.75,1353.43,1133.34,3.91,5.72,138.47,2211.8,8320.96,1.02,42.08,130.24,2387.89,8082.41,9.3949,0.02,332,2212,100.0,10.62,6.3842
6,109,24.9996,0.622,60.0,462.54,536.69,1265.0,1049.12,7.05,9.03,175.18,1915.25,8009.86,0.94,36.71,164.19,2028.18,7869.31,10.9064,0.02,309,1915,84.93,14.25,8.5015
6,110,25.0055,0.62,60.0,462.54,536.91,1270.32,1050.67,7.05,9.02,175.73,1915.26,8012.88,0.94,37.05,164.43,2028.14,7870.4,10.9215,0.02,308,1915,84.93,14.12,8.6034
6,111,24.9983,0.6219,60.0,462.54,536.67,1260.37,1054.22,7.05,9.03,175.38,1915.32,8010.78,0.94,36.94,164.25,2028.12,7872.9,10.9654,0.02,307,1915,84.93,14.32,8.517
6,112,35.0078,0.8418,100.0,449.44,556.32,1372.1,1136.19,5.48,8.0,194.86,2222.87,8341.72,1.02,42.09,182.49,2387.98,8061.56,9.3376,0.02,334,2223,100.0,14.78,8.8476
6,113,19.9996,0.7006,100.0,491.19,607.95,1489.6,1256.43,9.35,13.66,334.32,2324.01,8719.3,1.07,44.51,314.49,2388.2,8056.06,9.2552,0.02,366,2324,100.0,24.52,14.6969
6,114,35.0052,0.8402,100.0,449.44,555.69,1364.49,1134.13,5.48,8.0,194.88,2222.92,8348.35,1.02,42.2,182.98,2387.93,8060.45,9.3677,0.02,335,2223,100.0,14.91,8.9522
6,115,10.0024,0.25,100.0,489.05,604.72,1504.0,1320.36,10.52,15.5,394.31,2319.01,8781.2,1.26,45.61,370.98,2388.22,8122.9,8.6687,0.03,371,2319,100.0,28.45,17.0939
6,116,35.0005,0.84,100.0,449.44,556.04,1370.68,1133.38,5.48,8.0,194.11,2222.89,8345.74,1.02,42.09,183.51,2387.89,8057.28,9.3706,0.02,337,2223,100.0,14.7,8.9239
6,117,20.0038,0.7,100.0,491.19,607.26,1480.21,1253.68,9.35,13.66,334.59,2323.96,8718.72,1.08,44.47,314.37,2388.11,8053.08,9.2509,0.02,366,2324,100.0,24.62,14.5782
6,118,42.0071,0.8406,100.0,445.0,549.74,1357.27,1130.87,3.91,5.71,138.52,2211.79,8316.07,1.02,42.46,130.27,2387.82,8075.75,9.3691,0.02,329,2212,100.0,10.64,6.332
6,119,10.0078,0.2503,100.0,489.05,604.65,1497.96,1321.71,10.52,15.49,394.63,2318.98,8775.11,1.26,45.4,371.48,2388.23,8120.22,8.6778,0.03,370,2319,100.0,28.4,17.0897
6,120,34.9987,0.84,100.0,449.44,555.55,1372.66,1132.71,5.48,8.0,194.68,2222.82,8345.24,1.02,42.07,183.31,2387.95,8065.56,9.3462,0.02,334,2223,100.0,14.87,8.8902
6,121,9.9981,0.2514,100.0,489.05,604.64,1504.29,1315.58,10.52,15.5,393.73,2318.99,8777.88,1.26,45.55,370.77,2388.25,8118.32,8.6903,0.03,371,2319,100.0,28.38,17.1378
6,122,42.0021,0.84,100.0,445.0,549.95,1355.76,1127.3,3.91,5.72,138.67,2211.72,8312.19,1.02,42.16,131.17,2387.76,8079.2,9.4288,0.02,332,2212,100.0,10.29,6.4597
6,123,24.9988,0.6202,60.0,462.54,536.8,1260.25,1057.08,7.05,9.02,175.08,1915.17,8002.74,0.94,37.06,164.99,2028.06,7869.26,10.9329,0.02,306,1915,84.93,14.25,8.4865
6,124,35.0066,0.84,100.0,449.44,556.12,1369.61,1133.88,5.48,8.0,195.22,2222.88,8347.0,1.02,42.12,182.36,2387.96,8061.36,9.3584,0.02,336,2223,100.0,14.61,8.8832
6,125,20.0076,0.7,100.0,491.19,607.09,1486.84,1262.53,9.35,13.66,334.68,2323.98,8722.3,1.07,44.53,314.57,2388.12,8054.4,9.2671,0.02,366,2324,100.0,24.51,14.5081
6,126,42.003,0.8419,100.0,445.0,549.6,1360.11,1126.27,3.91,5.71,138.45,2211.74,8309.27,1.02,42.29,130.5,2387.78,8077.67,9.3671,0.02,332,2212,100.0,10.46,6.3768
6,127,10.0052,0.25,100.0,489.05,604.97,1507.18,1324.32,10.52,15.49,393.89,2319.02,8778.8,1.26,45.53,370.2,2388.18,8121.42,8.6642,0.03,372,2319,100.0,28.67,17.1477
6,128,20.0049,0.7,100.0,491.19,607.89,1485.07,1260.24,9.35,13.66,333.5,2323.99,8720.31,1.08,44.64,314.51,2388.13,8057.74,9.197,0.03,366,2324,100.0,24.52,14.6447
6,129,42.0035,0.8413,100.0,445.0,549.73,1361.19,1128.86,3.91,5.71,137.9,2211.77,8314.19,1.02,42.35,130.81,2387.8,8078.08,9.4207,0.02,331,2212,100.0,10.67,6.3044
6,130,0.0017,0.0,100.0,518.67,643.11,1598.96,1410.73,14.62,21.61,552.8,2388.19,9046.26,1.3,47.61,520.47,2388.18,8130.96,8.4399,0.03,392,2388,100.0,38.85,23.1799
6,131,41.9995,0.8416,100.0,445.0,550.28,1357.21,1137.27,3.91,5.71,138.85,2211.71,8315.05,1.02,42.36,130.49,2387.77,8079.43,9.4161,0.02,330,2212,100.0,10.5,6.363
6,132,35.0034,0.84,100.0,449.44,556.19,1371.98,1135.78,5.48,8.0,194.36,2222.83,8348.01,1.02,42.27,182.96,2387.92,8062.13,9.3381,0.02,333,2223,100.0,14.53,8.8208
6,133,19.9982,0.7017,100.0,491.19,607.9,1489.27,1252.08,9.35,13.66,333.94,2324.05,8724.05,1.07,44.73,314.61,2388.15,8052.77,9.2528,0.03,366,2324,100.0,24.44,14.6019
6,134,42.0079,0.8414,100.0,445.0,549.76,1353.2,1133.15,3.91,5.71,138.44,2211.71,8317.62,1.02,42.4,129.81,2387.75,8079.7,9.4418,0.02,332,2212,100.0,10.52,6.2949
6,135,10.0008,0.25,100.0,489.05,605.61,1504.1,1318.04,10.52,15.49,393.97,2319.03,8773.9,1.26,45.73,371.19,2388.22,8121.93,8.6887,0.03,369,2319,100.0,28.39,17.0024
6,136,20.0012,0.7,100.0,491.19,608.01,1488.22,1252.92,9.35,13.66,334.34,2324.03,8723.25,1.07,44.64,314.28,2388.11,8053.16,9.257,0.03,366,2324,100.0,24.43,14.6419
6,137,34.9986,0.84,100.0,449.44,556.35,1369.15,1145.59,5.48,8.0,193.59,2222.76,8347.21,1.02,42.13,182.83,2387.91,8060.38,9.3784,0.02,334,2223,100.0,14.82,8.8707
6,138,19.9993,0.7,100.0,491.19,608.17,1491.34,1265.26,9.35,13.66,334.6,2324.01,8719.1,1.08,44.85,314.06,2388.19,8048.86,9.2643,0.03,367,2324,100.0,24.41,14.7185
6,139,10.0031,0.25,100.0,489.05,604.8,1498.59,1313.67,10.52,15.5,393.25,2319.11,8770.53,1.26,45.77,370.94,2388.21,8119.45,8.6877,0.03,371,2319,100.0,28.33,17.094
6,140,24.9984,0.62,60.0,462.54,536.84,1264.27,1049.83,7.05,9.03,175.37,1915.23,8005.91,0.94,36.9,164.53,2028.1,7871.52,10.9405,0.02,306,1915,84.93,14.17,8.565
6,141,41.9998,0.8405,100.0,445.0,550.57,1353.44,1133.56,3.91,5.72,138.91,2211.68,8313.86,1.02,42.33,129.94,2387.71,8075.65,9.4341,0.02,333,2212,100.0,10.46,6.3048
6,142,25.0002,0.62,60.0,462.54,537.16,1266.59,1056.0,7.05,9.03,174.9,1915.13,8007.08,0.94,36.87,164.08,2028.01,7866.9,10.9515,0.02,310,1915,84.93,14.25,8.4954
6,143,42.0046,0.8416,100.0,445.0,550.01,1354.22,1141.21,3.91,5.71,137.44,2211.71,8315.3,1.02,42.48,130.58,2387.76,8075.88,9.3955,0.02,332,2212,100.0,10.5,6.3581
6,144,10.0062,0.2512,100.0,489.05,605.21,1506.92,1320.57,10.52,15.5,393.85,2319.07,8777.93,1.26,45.93,370.55,2388.29,8121.97,8.6919,0.03,370,2319,100.0,28.28,17.0963
6,145,42.0048,0.8401,100.0,445.0,550.08,1355.03,1136.15,3.91,5.72,138.55,2211.65,8316.46,1.02,42.52,130.66,2387.73,8076.2,9.4019,0.02,332,2212,100.0,10.64,6.3779
6,146,41.9996,0.84,100.0,445.0,549.98,1354.29,1136.44,3.91,5.72,138.24,2211.66,8306.12,1.02,42.51,130.34,2387.69,8072.5,9.4049,0.02,331,2212,100.0,10.37,6.2877
6,147,25.0019,0.62,60.0,462.54,536.64,1263.08,1058.53,7.05,9.02,174.83,1915.14,8010.41,0.94,37.35,164.56,2027.99,7864.99,10.9329,0.02,310,1915,84.93,14.16,8.385
6,148,41.9989,0.8406,100.0,445.0,550.06,1357.29,1142.84,3.91,5.72,137.85,2211.57,8308.83,1.02,42.33,130.36,2387.66,8072.18,9.4793,0.02,332,2212,100.0,10.58,6.4209
6,149,20.0071,0.7,100.0,491.19,607.41,1487.18,1260.25,9.35,13.66,333.61,2324.0,8721.09,1.07,44.84,314.67,2388.22,8045.87,9.2579,0.03,366,2324,100.0,24.34,14.6412
6,150,0.0017,0.0,100.0,518.67,642.76,1601.6,1414.05,14.62,21.61,552.41,2388.22,9044.85,1.3,47.78,520.72,2388.21,8122.48,8.4816,0.03,396,2388,100.0,38.59,23.2052
6,151,41.9997,0.84,100.0,445.0,550.64,1352.51,1127.87,3.91,5.72,138.2,2211.57,8320.25,1.02,42.42,130.85,2387.63,8079.03,9.4377,0.02,333,2212,100.0,10.49,6.3987
6,152,35.0063,0.84,100.0,449.44,556.52,1369.93,1136.15,5.48,8.0,193.5,2222.74,8341.85,1.02,42.38,182.69,2387.84,8058.58,9.3866,0.02,336,2223,100.0,14.65,8.948
6,153,35.0002,0.84,100.0,449.44,556.32,1379.82,1136.78,5.48,8.0,194.15,2222.7,8341.01,1.02,42.1,182.97,2387.77,8056.64,9.3576,0.02,336,2223,100.0,14.67,8.8645
6,154,34.9987,0.8403,100.0,449.44,556.44,1369.42,1146.22,5.48,8.0,193.95,2222.77,8344.16,1.02,42.54,182.63,2387.81,8056.29,9.3752,0.02,334,2223,100.0,14.77,8.835
6,155,42.0036,0.8402,100.0,445.0,550.03,1357.02,1135.12,3.91,5.72,138.31,2211.56,8313.9,1.02,42.37,130.26,2387.62,8074.08,9.4462,0.02,332,2212,100.0,10.6,6.3297
6,156,24.9993,0.6219,60.0,462.54,537.3,1271.8,1060.97,7.05,9.03,175.71,1915.08,8003.19,0.94,37.1,164.13,2028.02,7865.79,10.9906,0.02,310,1915,84.93,14.32,8.5633
6,157,19.9988,0.7009,100.0,491.19,608.09,1496.58,1264.52,9.35,13.66,333.68,2324.01,8712.28,1.07,44.81,314.29,2388.16,8047.76,9.2957,0.02,366,2324,100.0,24.34,14.5943
6,158,35.0021,0.8415,100.0,449.44,556.4,1371.86,1145.65,5.48,8.0,193.7,2222.74,8339.9,1.02,42.31,183.03,2387.8,8048.54,9.4147,0.02,336,2223,100.0,14.63,8.8894
6,159,25.003,0.6214,60.0,462.54,536.93,1264.05,1061.71,7.05,9.03,174.73,1915.14,8006.82,0.94,37.01,163.7,2027.99,7867.94,10.9762,0.02,309,1915,84.93,14.14,8.5783
6,160,24.9984,0.6206,60.0,462.54,537.29,1268.97,1056.34,7.05,9.03,175.02,1915.12,8001.55,0.94,37.29,164.64,2027.95,7866.19,10.9975,0.02,308,1915,84.93,14.17,8.5489
6,161,35.0043,0.8418,100.0,449.44,556.66,1371.83,1146.49,5.48,8.0,194.22,2222.76,8345.41,1.02,42.28,183.12,2387.79,8055.79,9.3848,0.02,336,2223,100.0,14.75,8.8028
7,1,10.0063,0.25,100.0,489.05,604.21,1491.91,1307.46,10.52,15.49,395.32,2318.85,8775.42,1.26,45.36,371.95,2388.03,8133.04,8.6542,0.03,367,2319,100.0,28.62,17.2148
7,2,20.0009,0.7014,100.0,491.19,606.85,1487.16,1245.12,9.35,13.65,334.97,2323.86,8723.83,1.08,44.34,315.48,2388.03,8066.9,9.1893,0.02,365,2324,100.0,24.5,14.7926
7,3,41.9987,0.84,100.0,445.0,549.16,1348.64,1123.2,3.91,5.72,139.13,2211.99,8324.66,1.02,41.89,130.55,2388.02,8086.84,9.3661,0.02,331,2212,100.0,10.75,6.4338
7,4,35.0065,0.84,100.0,449.44,555.08,1364.57,1120.52,5.48,8.0,195.16,2222.97,8358.3,1.02,41.59,183.07,2388.12,8073.54,9.2835,0.02,333,2223,100.0,14.71,8.9494
7,5,24.9984,0.6209,60.0,462.54,537.04,1256.5,1035.44,7.05,9.03,175.15,1915.36,8009.52,0.94,36.6,165.28,2028.27,7875.47,10.8446,0.02,307,1915,84.93,14.39,8.7489
7,6,35.0071,0.84,100.0,449.44,555.3,1370.52,1124.28,5.48,8.0,195.14,2222.99,8348.1,1.02,41.67,183.18,2388.1,8069.74,9.2686,0.02,333,2223,100.0,15.02,9.061
7,7,35.0004,0.84,100.0,449.44,555.04,1362.04,1119.4,5.48,8.0,194.85,2223.01,8353.18,1.02,41.79,183.84,2388.14,8071.09,9.2899,0.02,333,2223,100.0,14.8,8.8883
7,8,20.0013,0.7014,100.0,491.19,607.05,1481.29,1247.6,9.35,13.65,335.07,2323.91,8723.86,1.08,43.99,315.73,2388.02,8062.94,9.189,0.02,365,2324,100.0,24.49,14.807
7,9,35.0057,0.8405,100.0,449.44,555.54,1365.74,1121.2,5.48,8.0,194.87,2223.03,8352.1,1.02,41.74,183.67,2388.12,8067.54,9.2533,0.02,332,2223,100.0,14.83,8.9096
7,10,20.0052,0.7004,100.0,491.19,606.66,1476.03,1244.07,9.35,13.65,334.5,2323.87,8729.63,1.08,44.15,315.78,2388.02,8060.76,9.1939,0.02,364,2324,100.0,24.71,14.7759
7,11,0.0025,0.0004,100.0,518.67,642.35,1577.58,1404.16,14.62,21.6,554.39,2388.01,9058.75,1.3,47.14,522.12,2387.98,8140.06,8.3754,0.03,391,2388,100.0,39.08,23.3791
7,12,42.0004,0.8403,100.0,445.0,549.58,1347.21,1119.13,3.91,5.71,138.6,2211.95,8323.52,1.02,41.81,130.91,2388.04,8088.37,9.3324,0.02,330,2212,100.0,10.66,6.4175
7,13,10.0058,0.2514,100.0,489.05,604.27,1506.76,1302.88,10.52,15.49,395.33,2318.83,8780.84,1.26,45.24,372.0,2388.0,8132.97,8.6416,0.03,370,2319,100.0,28.74,17.1309
7,14,25.0062,0.6216,60.0,462.54,536.62,1253.84,1046.47,7.05,9.03,175.13,1915.38,8011.58,0.94,36.44,164.73,2028.25,7877.16,10.8778,0.02,307,1915,84.93,14.41,8.6018
7,15,0.0006,0.0,100.0,518.67,641.98,1580.72,1401.19,14.62,21.61,554.9,2388.01,9055.31,1.3,47.19,522.64,2388.03,8135.59,8.3988,0.03,391,2388,100.0,38.96,23.2874
7,16,9.9991,0.25,100.0,489.05,604.42,1506.8,1305.85,10.52,15.49,395.63,2318.85,8782.52,1.26,45.21,372.06,2388.04,8134.03,8.5902,0.03,368,2319,100.0,28.61,17.182
7,17,20.0071,0.7012,100.0,491.19,606.86,1488.57,1245.03,9.35,13.65,335.38,2323.93,8726.54,1.08,44.46,316.15,2388.09,8061.42,9.1647,0.02,365,2324,100.0,24.56,14.8555
7,18,42.0016,0.8416,100.0,445.0,549.78,1349.02,1123.89,3.91,5.71,138.44,2211.97,8319.59,1.02,42.0,131.06,2388.01,8082.46,9.3471,0.02,330,2212,100.0,10.6,6.3325
7,19,0.0005,0.0012,100.0,518.67,642.7,1584.96,1393.29,14.62,21.61,554.21,2388.01,9060.97,1.3,47.21,522.2,2388.04,8140.41,8.4312,0.03,392,2388,100.0,39.07,23.4581
7,20,20.0029,0.7006,100.0,491.19,606.7,1485.3,1236.87,9.35,13.65,335.75,2324.01,8729.06,1.08,44.1,315.31,2388.01,8068.29,9.164,0.02,363,2324,100.0,24.43,14.7358
7,21,35.0027,0.84,100.0,449.44,555.23,1360.72,1133.0,5.48,8.0,195.17,2223.05,8353.12,1.02,41.74,183.1,2388.11,8071.43,9.2767,0.02,333,2223,100.0,14.86,8.9936
7,22,25.002,0.62,60.0,462.54,536.72,1258.5,1049.08,7.05,9.02,175.69,1915.36,8005.53,0.94,36.53,164.56,2028.3,7881.77,10.8874,0.02,308,1915,84.93,14.2,8.6238
7,23,10.0015,0.2513,100.0,489.05,604.83,1503.62,1298.51,10.52,15.49,395.64,2318.85,8777.28,1.26,45.12,372.56,2388.12,8129.12,8.6215,0.03,368,2319,100.0,28.65,17.1856
7,24,24.9986,0.62,60.0,462.54,536.81,1258.72,1041.0,7.05,9.03,175.82,1915.4,8009.65,0.94,36.61,164.94,2028.3,7874.04,10.8425,0.02,306,1915,84.93,14.23,8.6207
7,25,0.0009,0.0001,100.0,518.67,642.04,1591.06,1403.35,14.62,21.61,554.95,2388.05,9063.18,1.3,47.31,522.38,2388.0,8145.77,8.3943,0.03,393,2388,100.0,39.17,23.5328
7,26,42.0049,0.8403,100.0,445.0,549.13,1360.05,1127.17,3.91,5.72,138.9,2211.99,8320.6,1.02,41.76,130.47,2388.07,8086.41,9.3709,0.02,329,2212,100.0,10.63,6.411
7,27,35.0046,0.8408,100.0,449.44,554.96,1364.09,1119.73,5.48,8.0,195.58,2223.03,8356.46,1.02,41.74,182.67,2388.14,8071.9,9.2828,0.02,333,2223,100.0,14.95,8.8157
7,28,0.0019,0.0005,100.0,518.67,641.82,1582.02,1395.83,14.62,21.61,553.81,2387.97,9058.74,1.3,47.25,522.03,2388.0,8142.52,8.3817,0.03,392,2388,100.0,38.98,23.327
7,29,41.9991,0.84,100.0,445.0,548.93,1350.99,1114.43,3.91,5.72,138.85,2212.0,8320.26,1.02,41.71,130.66,2388.1,8087.94,9.3211,0.02,330,2212,100.0,10.6,6.4923
7,30,42.0016,0.84,100.0,445.0,549.09,1341.2,1123.6,3.91,5.72,139.19,2212.0,8330.95,1.02,41.93,130.46,2388.12,8094.74,9.2962,0.02,328,2212,100.0,10.5,6.32
7,31,0.0018,0.0,100.0,518.67,642.11,1581.79,1391.53,14.62,21.6,554.66,2387.98,9055.84,1.3,47.2,522.54,2388.04,8142.31,8.4022,0.03,391,2388,100.0,38.85,23.382
7,32,20.0024,0.7,100.0,491.19,607.21,1480.64,1249.55,9.35,13.65,335.4,2323.91,8726.79,1.07,44.21,314.95,2388.06,8061.3,9.1692,0.02,365,2324,100.0,24.58,14.7164
7,33,10.004,0.2506,100.0,489.05,604.51,1495.4,1300.03,10.52,15.49,394.53,2318.87,8776.63,1.26,45.15,371.93,2388.05,8131.62,8.6113,0.03,369,2319,100.0,28.75,17.2516
7,34,20.0032,0.7,100.0,491.19,607.02,1482.76,1253.65,9.35,13.65,335.56,2323.93,8719.41,1.08,44.36,315.1,2388.04,8069.18,9.1944,0.02,364,2324,100.0,24.62,14.7135
7,35,42.0067,0.8404,100.0,445.0,549.07,1353.74,1114.18,3.91,5.71,138.47,2212.04,8324.35,1.02,41.86,130.7,2388.09,8091.13,9.3273,0.02,329,2212,100.0,10.69,6.4408
7,36,20.0039,0.7,100.0,491.19,607.27,1484.4,1247.12,9.35,13.65,335.33,2323.93,8725.57,1.08,44.17,315.18,2388.07,8062.66,9.1721,0.02,365,2324,100.0,24.8,14.7087
7,37,34.9997,0.8417,100.0,449.44,555.06,1362.21,1117.8,5.48,8.0,194.81,2222.98,8353.33,1.03,41.66,183.39,2388.09,8077.03,9.2592,0.02,332,2223,100.0,14.95,9.0993
7,38,25.0046,0.62,60.0,462.54,536.22,1255.71,1046.83,7.05,9.02,175.74,1915.37,8013.43,0.94,36.47,164.93,2028.35,7873.57,10.8806,0.02,306,1915,84.93,14.17,8.5517
7,39,42.0035,0.84,100.0,445.0,549.01,1349.57,1119.87,3.91,5.71,139.37,2212.0,8317.34,1.02,41.85,131.01,2388.12,8086.97,9.2992,0.02,329,2212,100.0,10.78,6.4205
7,40,0.0,0.0,100.0,518.67,641.83,1584.18,1400.2,14.62,21.61,553.8,2388.02,9058.62,1.3,47.15,522.36,2388.02,8137.56,8.4152,0.03,393,2388,100.0,39.17,23.4013
7,41,42.0062,0.8409,100.0,445.0,549.61,1350.34,1124.65,3.91,5.71,138.96,2212.0,8332.94,1.02,41.89,130.84,2388.11,8086.71,9.3766,0.02,331,2212,100.0,10.86,6.4065
7,42,10.0064,0.25,100.0,489.05,604.59,1491.43,1299.77,10.52,15.49,394.7,2318.82,8781.09,1.26,45.46,372.25,2388.04,8134.58,8.6222,0.03,368,2319,100.0,28.81,17.1763
7,43,35.0066,0.84,100.0,449.44,555.28,1365.93,1117.22,5.48,8.0,194.61,2223.02,8354.42,1.02,41.59,182.92,2388.15,8074.03,9.3201,0.02,332,2223,100.0,15.02,8.9379
7,44,19.9993,0.7,100.0,491.19,607.04,1475.3,1240.54,9.35,13.65,335.53,2323.92,8725.5,1.08,44.21,315.45,2388.06,8067.23,9.1743,0.02,364,2324,100.0,24.45,14.6522
7,45,19.9993,0.7,100.0,491.19,607.38,1482.21,1239.78,9.35,13.65,335.07,2323.92,8727.84,1.08,44.07,315.27,2388.04,8063.09,9.1692,0.02,363,2324,100.0,24.57,14.7584
7,46,42.0071,0.841,100.0,445.0,549.55,1345.09,1117.43,3.91,5.71,139.17,2212.0,8329.6,1.02,41.88,130.84,2388.12,8090.7,9.3498,0.02,329,2212,100.0,10.6,6.343
7,47,42.0055,0.8407,100.0,445.0,549.62,1353.48,1124.68,3.91,5.71,139.15,2212.06,8325.08,1.02,41.87,130.79,2388.11,8090.36,9.3249,0.02,331,2212,100.0,10.67,6.4346
7,48,0.0023,0.0019,100.0,518.67,642.39,1581.55,1398.16,14.62,21.61,554.19,2388.0,9056.08,1.3,47.19,523.21,2388.03,8143.72,8.3959,0.03,392,2388,100.0,38.87,23.3781
7,49,24.9994,0.62,60.0,462.54,536.43,1251.87,1039.49,7.05,9.02,176.03,1915.4,8003.96,0.94,36.64,165.29,2028.29,7876.45,10.8548,0.02,307,1915,84.93,14.22,8.5133
7,50,24.9984,0.6202,60.0,462.54,536.51,1259.65,1040.6,7.05,9.03,175.37,1915.34,8021.01,0.94,36.51,164.58,2028.31,7879.01,10.8792,0.02,307,1915,84.93,14.6,8.6547
7,51,42.0037,0.84,100.0,445.0,549.61,1344.89,1120.73,3.91,5.72,138.11,2212.0,8328.58,1.02,41.91,130.61,2388.05,8088.32,9.3372,0.02,330,2212,100.0,10.74,6.4819
7,52,19.9992,0.7013,100.0,491.19,607.16,1477.75,1245.09,9.35,13.65,335.06,2323.94,8736.76,1.08,44.15,315.34,2388.05,8064.56,9.1985,0.02,363,2324,100.0,24.67,14.6741
7,53,42.0044,0.8418,100.0,445.0,548.82,1352.26,1121.23,3.91,5.71,138.37,2211.99,8327.21,1.02,42.0,130.84,2388.05,8085.72,9.3416,0.02,330,2212,100.0,10.71,6.4412
7,54,0.0025,0.0018,100.0,518.67,641.92,1583.4,1400.48,14.62,21.61,554.24,2388.02,9059.69,1.3,47.29,522.4,2388.04,8139.78,8.3973,0.03,390,2388,100.0,38.95,23.4446
7,55,25.0004,0.6213,60.0,462.54,536.97,1256.72,1043.61,7.05,9.03,175.34,1915.4,8010.64,0.94,36.37,164.43,2028.31,7884.41,10.8713,0.02,307,1915,84.93,14.42,8.6357
7,56,25.0023,0.6206,60.0,462.54,536.5,1265.76,1038.41,7.05,9.03,175.59,1915.37,8008.26,0.94,36.51,164.76,2028.34,7876.89,10.8629,0.02,306,1915,84.93,14.31,8.6719
7,57,24.9998,0.62,60.0,462.54,536.53,1256.81,1044.31,7.05,9.02,175.3,1915.44,8008.95,0.94,36.54,164.83,2028.31,7877.25,10.887,0.02,307,1915,84.93,14.23,8.561
7,58,20.006,0.7011,100.0,491.19,606.76,1478.67,1245.03,9.35,13.65,335.8,2324.0,8733.9,1.08,44.37,315.28,2388.04,8065.35,9.199,0.02,365,2324,100.0,24.59,14.6679
7,59,41.9987,0.8417,100.0,445.0,549.48,1352.92,1120.27,3.91,5.71,138.74,2211.94,8316.46,1.02,41.98,130.7,2388.03,8090.72,9.322,0.02,330,2212,100.0,10.74,6.4317
7,60,42.0075,0.84,100.0,445.0,548.62,1351.25,1120.75,3.91,5.72,138.52,2212.0,8320.67,1.02,41.94,130.98,2388.06,8090.5,9.3221,0.02,329,2212,100.0,10.79,6.4062
7,61,24.9994,0.62,60.0,462.54,537.06,1254.93,1039.9,7.05,9.03,176.09,1915.37,8011.3,0.94,36.5,164.92,2028.3,7881.1,10.8601,0.02,303,1915,84.93,14.14,8.5473
7,62,20.0062,0.7015,100.0,491.19,607.4,1490.72,1238.61,9.35,13.65,334.65,2323.94,8724.84,1.07,44.23,314.9,2388.08,8061.43,9.1795,0.02,364,2324,100.0,24.33,14.6891
7,63,34.9993,0.84,100.0,449.44,555.08,1359.52,1126.06,5.48,8.0,195.41,2223.04,8350.22,1.02,41.68,183.22,2388.13,8073.91,9.303,0.02,333,2223,100.0,14.9,8.9758
7,64,25.0016,0.6207,60.0,462.54,536.47,1258.22,1041.64,7.05,9.03,176.07,1915.43,8016.55,0.94,36.53,164.55,2028.32,7879.42,10.8364,0.02,306,1915,84.93,14.33,8.5659
7,65,42.0063,0.8415,100.0,445.0,548.88,1346.02,1119.72,3.91,5.71,138.41,2212.0,8334.45,1.02,41.76,131.22,2388.07,8088.65,9.3367,0.02,330,2212,100.0,10.75,6.3433
7,66,10.0039,0.25,100.0,489.05,604.69,1493.47,1300.21,10.52,15.49,394.95,2318.8,8778.03,1.26,45.16,372.33,2388.0,8138.27,8.6142,0.03,368,2319,100.0,28.54,17.238
7,67,42.001,0.8405,100.0,445.0,549.27,1348.46,1114.87,3.91,5.71,139.5,2212.01,8323.72,1.02,42.01,130.34,2388.07,8087.26,9.2806,0.02,330,2212,100.0,10.54,6.5158
7,68,25.0019,0.6218,60.0,462.54,536.59,1246.92,1039.39,7.05,9.03,175.34,1915.41,8010.84,0.94,36.5,164.71,2028.3,7875.25,10.866,0.02,306,1915,84.93,14.27,8.5596
7,69,0.0009,0.0,100.0,518.67,641.68,1586.41,1403.45,14.62,21.61,554.91,2388.02,9050.33,1.3,47.25,522.61,2388.04,8145.96,8.3986,0.03,394,2388,100.0,39.22,23.4613
7,70,42.0016,0.8412,100.0,445.0,549.83,1347.51,1118.81,3.91,5.71,138.89,2212.07,8324.29,1.02,42.0,130.9,2388.14,8090.1,9.3217,0.02,329,2212,100.0,10.57,6.2591
7,71,25.0077,0.621,60.0,462.54,536.8,1264.65,1045.08,7.05,9.03,175.98,1915.44,8010.54,0.94,36.55,164.62,2028.35,7875.76,10.8975,0.02,307,1915,84.93,14.53,8.6884
7,72,34.9985,0.8402,100.0,449.44,555.5,1358.58,1121.35,5.48,8.0,194.32,2223.02,8347.75,1.02,41.64,182.78,2388.12,8071.36,9.3442,0.02,334,2223,100.0,14.99,9.0077
7,73,10.0067,0.2509,100.0,489.05,603.99,1497.18,1303.2,10.52,15.49,394.32,2318.85,8778.69,1.26,45.18,371.98,2388.06,8141.86,8.5973,0.03,369,2319,100.0,28.58,17.176
7,74,42.0078,0.84,100.0,445.0,548.92,1347.89,1118.34,3.91,5.72,138.94,2212.06,8325.12,1.02,41.85,130.53,2388.12,8091.8,9.3268,0.02,331,2212,100.0,10.6,6.4674
7,75,19.9982,0.7007,100.0,491.19,607.13,1479.51,1244.41,9.35,13.65,335.71,2324.01,8730.72,1.08,44.03,315.1,2388.11,8063.45,9.194,0.02,365,2324,100.0,24.66,14.8043
7,76,42.0034,0.8411,100.0,445.0,549.3,1349.39,1119.33,3.91,5.72,138.23,2212.08,8329.26,1.02,41.98,130.35,2388.14,8090.98,9.2986,0.02,329,2212,100.0,10.55,6.3823
7,77,35.0074,0.84,100.0,449.44,555.92,1360.29,1124.83,5.48,8.0,194.71,2223.05,8345.33,1.02,41.62,182.91,2388.14,8069.55,9.3083,0.02,334,2223,100.0,15.0,8.8616
7,78,20.002,0.7002,100.0,491.19,606.88,1478.37,1240.11,9.35,13.65,335.66,2323.9,8727.99,1.08,44.18,315.86,2388.07,8068.83,9.2174,0.02,363,2324,100.0,24.7,14.7487
7,79,20.0051,0.7017,100.0,491.19,607.34,1481.05,1246.38,9.35,13.65,335.31,2323.95,8721.06,1.08,44.07,314.91,2388.04,8061.34,9.2132,0.02,363,2324,100.0,24.61,14.7066
7,80,41.9981,0.8414,100.0,445.0,549.44,1352.97,1119.33,3.91,5.72,138.37,2212.02,8320.64,1.02,41.89,131.14,2388.1,8087.06,9.3389,0.02,330,2212,100.0,10.6,6.4094
7,81,42.0061,0.8415,100.0,445.0,548.99,1348.81,1114.9,3.91,5.71,138.8,2212.0,8321.45,1.02,41.63,130.69,2388.07,8086.97,9.3626,0.02,331,2212,100.0,10.71,6.3979
7,82,0.001,0.0,100.0,518.67,642.06,1586.23,1397.07,14.62,21.61,554.76,2388.07,9059.77,1.3,47.18,522.53,2388.02,8141.96,8.4212,0.03,389,2388,100.0,39.04,23.4302
7,83,25.0044,0.62,60.0,462.54,536.51,1261.25,1046.32,7.05,9.03,176.4,1915.42,8019.97,0.94,36.47,164.64,2028.29,7878.46,10.8642,0.02,304,1915,84.93,14.01,8.5725
7,84,42.0033,0.84,100.0,445.0,549.19,1344.01,1124.47,3.91,5.72,139.37,2211.97,8323.72,1.02,41.87,131.31,2388.13,8093.8,9.311,0.02,329,2212,100.0,10.36,6.4128
7,85,10.0074,0.2511,100.0,489.05,603.6,1488.87,1304.31,10.52,15.49,395.15,2318.88,8777.75,1.26,45.22,371.82,2388.03,8132.48,8.6279,0.03,370,2319,100.0,28.81,17.2091
7,86,25.0065,0.6204,60.0,462.54,537.15,1252.08,1037.25,7.05,9.03,175.57,1915.43,8013.52,0.94,36.52,164.81,2028.37,7880.54,10.8726,0.02,306,1915,84.93,14.25,8.5506
7,87,35.0035,0.84,100.0,449.44,555.13,1364.74,1134.65,5.48,8.0,195.43,2223.05,8357.58,1.03,41.92,183.46,2388.12,8075.14,9.3086,0.02,333,2223,100.0,14.92,8.9467
7,88,0.0013,0.0005,100.0,518.67,641.59,1587.36,1397.46,14.62,21.61,553.7,2388.01,9054.51,1.3,47.32,522.21,2388.09,8140.26,8.3661,0.03,392,2388,100.0,38.93,23.4691
7,89,25.008,0.62,60.0,462.54,536.37,1261.79,1043.78,7.05,9.03,175.85,1915.46,8014.49,0.94,36.48,164.41,2028.34,7875.06,10.8772,0.02,306,1915,84.93,14.27,8.5567
7,90,35.0019,0.84,100.0,449.44,555.65,1360.11,1123.24,5.48,8.0,194.98,2223.06,8358.28,1.03,41.66,182.81,2388.18,8074.05,9.3018,0.02,333,2223,100.0,14.93,8.8864
7,91,41.9984,0.84,100.0,445.0,549.21,1351.58,1120.27,3.91,5.71,138.73,2212.06,8323.21,1.02,41.78,130.63,2388.15,8090.93,9.2895,0.02,328,2212,100.0,10.55,6.4409
7,92,10.0035,0.2515,100.0,489.05,604.86,1494.0,1303.34,10.52,15.49,395.19,2318.82,8782.81,1.26,45.18,372.35,2388.04,8134.61,8.6357,0.03,368,2319,100.0,28.64,17.1531
7,93,25.0044,0.62,60.0,462.54,536.14,1259.59,1049.08,7.05,9.03,175.49,1915.35,8015.85,0.94,36.54,164.87,2028.29,7875.82,10.8458,0.02,307,1915,84.93,14.4,8.7123
7,94,10.0015,0.2501,100.0,489.05,604.04,1504.89,1300.38,10.52,15.49,395.05,2318.84,8784.13,1.26,45.12,372.2,2388.07,8136.93,8.6257,0.03,368,2319,100.0,28.59,17.1686
7,95,34.9998,0.84,100.0,449.44,555.21,1363.89,1126.47,5.48,8.0,194.66,2223.02,8351.68,1.02,41.68,183.19,2388.15,8072.92,9.2816,0.02,333,2223,100.0,14.84,8.9717
7,96,10.0049,0.25,100.0,489.05,604.69,1492.56,1300.39,10.52,15.49,395.31,2318.82,8776.86,1.26,45.14,372.07,2388.05,8139.53,8.6193,0.03,368,2319,100.0,28.68,17.1615
7,97,42.0065,0.8407,100.0,445.0,549.47,1354.38,1123.42,3.91,5.71,139.39,2211.96,8318.82,1.02,41.9,130.62,2388.11,8085.91,9.3483,0.02,330,2212,100.0,10.77,6.4587
7,98,35.0007,0.8401,100.0,449.44,555.27,1360.65,1126.85,5.48,8.0,194.51,2223.09,8357.68,1.02,41.83,183.34,2388.12,8074.29,9.2573,0.02,333,2223,100.0,14.93,8.9831
7,99,20.0059,0.7003,100.0,491.19,607.06,1474.7,1237.68,9.35,13.65,334.92,2323.98,8715.49,1.08,44.1,315.36,2388.05,8061.07,9.1897,0.02,364,2324,100.0,24.47,14.7282
7,100,10.0048,0.2515,100.0,489.05,604.68,1496.59,1292.37,10.52,15.49,395.25,2318.8,8783.12,1.26,45.28,372.23,2388.05,8136.96,8.6361,0.03,366,2319,100.0,28.68,17.2273
7,101,9.9983,0.25,100.0,489.05,604.1,1492.96,1304.18,10.52,15.49,395.36,2318.85,8783.85,1.26,45.18,371.92,2388.07,8133.02,8.6038,0.03,369,2319,100.0,28.59,17.1286
7,102,0.0012,0.0,100.0,518.67,642.3,1579.04,1391.89,14.62,21.61,554.46,2387.97,9061.71,1.3,47.05,522.41,2388.03,8145.51,8.411,0.03,392,2388,100.0,39.14,23.4336
7,103,42.003,0.84,100.0,445.0,549.24,1354.81,1126.41,3.91,5.72,138.67,2212.07,8329.69,1.02,41.99,131.14,2388.14,8088.51,9.3094,0.02,330,2212,100.0,10.56,6.3642
7,104,10.0046,0.2504,100.0,489.05,604.39,1508.59,1301.58,10.52,15.49,395.5,2318.88,8772.13,1.26,45.54,371.22,2388.07,8135.79,8.6408,0.03,370,2319,100.0,28.63,17.1837
7,105,41.9986,0.8414,100.0,445.0,549.45,1352.25,1120.6,3.91,5.72,139.35,2212.04,8326.24,1.02,41.93,130.66,2388.2,8094.34,9.3326,0.02,330,2212,100.0,10.72,6.3166
7,106,35.0067,0.8414,100.0,449.44,555.26,1364.65,1124.07,5.48,8.0,194.27,2223.0,8356.4,1.03,41.77,183.47,2388.15,8073.73,9.2683,0.02,332,2223,100.0,14.9,8.8638
7,107,10.0028,0.2502,100.0,489.05,604.49,1495.87,1306.91,10.52,15.49,393.84,2318.81,8792.82,1.26,45.16,371.82,2388.04,8139.09,8.647,0.03,369,2319,100.0,28.64,17.2279
7,108,0.0028,0.0,100.0,518.67,642.16,1585.08,1400.91,14.62,21.61,553.98,2387.97,9063.1,1.3,47.14,522.37,2387.99,8146.06,8.4267,0.03,391,2388,100.0,39.04,23.4311
7,109,24.9992,0.62,60.0,462.54,536.14,1263.76,1044.66,7.05,9.03,175.28,1915.48,8010.92,0.94,36.83,165.15,2028.36,7877.93,10.8463,0.02,305,1915,84.93,14.44,8.6335
7,110,20.0065,0.7011,100.0,491.19,607.41,1480.27,1247.59,9.35,13.65,334.96,2323.99,8732.33,1.08,44.13,315.35,2388.13,8069.35,9.1864,0.02,364,2324,100.0,24.65,14.7607
7,111,10.0068,0.25,100.0,489.05,604.26,1498.07,1302.9,10.52,15.49,395.24,2318.86,8783.4,1.26,45.21,371.83,2388.05,8133.69,8.5986,0.03,368,2319,100.0,28.6,17.1367
7,112,35.0,0.84,100.0,449.44,554.99,1359.33,1126.8,5.48,8.0,194.55,2223.1,8356.87,1.02,41.69,183.62,2388.16,8077.94,9.2906,0.02,333,2223,100.0,14.82,9.0185
7,113,42.0005,0.84,100.0,445.0,549.72,1345.5,1120.26,3.91,5.71,138.72,2212.08,8327.7,1.02,42.07,130.58,2388.13,8092.53,9.3444,0.02,329,2212,100.0,10.64,6.384
7,114,42.0075,0.8404,100.0,445.0,549.32,1344.42,1120.42,3.91,5.72,138.93,2212.09,8326.83,1.02,42.01,131.06,2388.19,8088.79,9.329,0.02,330,2212,100.0,10.77,6.4112
7,115,25.0039,0.6205,60.0,462.54,536.63,1255.26,1043.47,7.05,9.02,174.95,1915.5,8009.53,0.94,36.48,163.95,2028.4,7880.89,10.8591,0.02,308,1915,84.93,14.55,8.5926
7,116,25.0042,0.6216,60.0,462.54,536.09,1266.52,1047.1,7.05,9.03,176.08,1915.44,8008.68,0.94,36.5,164.62,2028.41,7878.56,10.8585,0.02,305,1915,84.93,14.24,8.5452
7,117,42.0022,0.8413,100.0,445.0,548.93,1343.08,1119.51,3.91,5.71,138.3,2212.0,8325.46,1.02,41.82,130.61,2388.07,8093.82,9.3768,0.02,329,2212,100.0,10.61,6.3196
7,118,20.0034,0.7007,100.0,491.19,607.5,1474.58,1241.87,9.35,13.65,334.97,2323.95,8728.8,1.08,44.07,315.76,2388.08,8066.41,9.1812,0.02,364,2324,100.0,24.63,14.6592
7,119,42.0,0.84,100.0,445.0,549.49,1345.92,1127.93,3.91,5.72,138.37,2212.03,8330.07,1.02,41.85,130.63,2388.09,8089.17,9.3537,0.02,330,2212,100.0,10.66,6.4099
7,120,19.9995,0.7,100.0,491.19,607.14,1482.67,1252.03,9.35,13.65,334.81,2323.91,8731.79,1.08,44.19,315.31,2388.07,8071.45,9.1834,0.02,364,2324,100.0,24.42,14.7974
7,121,9.9994,0.2516,100.0,489.05,605.03,1495.15,1306.78,10.52,15.49,395.15,2318.88,8784.16,1.26,45.12,372.84,2388.07,8136.79,8.6391,0.03,367,2319,100.0,28.41,17.1607
7,122,42.002,0.84,100.0,445.0,549.29,1349.85,1118.88,3.91,5.71,138.35,2212.03,8327.16,1.02,41.82,130.55,2388.17,8095.53,9.3446,0.02,330,2212,100.0,10.54,6.4017
7,123,25.0029,0.62,60.0,462.54,537.09,1258.47,1047.08,7.05,9.02,175.68,1915.41,8026.26,0.94,36.56,164.94,2028.35,7882.02,10.8654,0.02,303,1915,84.93,14.32,8.5604
7,124,35.0003,0.8413,100.0,449.44,556.06,1363.95,1129.66,5.48,8.0,195.29,2223.04,8349.59,1.02,41.88,183.23,2388.14,8076.84,9.2629,0.02,333,2223,100.0,14.98,8.9414
7,125,20.0004,0.702,100.0,491.19,606.68,1478.85,1245.88,9.35,13.66,335.04,2323.93,8730.5,1.08,44.2,315.69,2388.07,8063.13,9.1626,0.02,364,2324,100.0,24.52,14.7932
7,126,42.0036,0.84,100.0,445.0,549.54,1352.32,1119.83,3.91,5.72,139.34,2212.07,8331.78,1.02,41.94,130.16,2388.15,8093.85,9.3401,0.02,330,2212,100.0,10.51,6.4021
7,127,42.006,0.8414,100.0,445.0,549.7,1349.56,1119.22,3.91,5.72,138.63,2212.07,8324.01,1.02,41.9,130.88,2388.15,8090.55,9.3425,0.02,329,2212,100.0,10.57,6.3274
7,128,42.0047,0.8409,100.0,445.0,549.82,1345.44,1116.3,3.91,5.71,139.12,2212.06,8327.04,1.02,41.84,130.51,2388.13,8092.01,9.3012,0.02,330,2212,100.0,10.59,6.3585
7,129,34.9988,0.8419,100.0,449.44,555.39,1364.31,1123.33,5.48,8.0,194.73,2223.11,8353.72,1.02,41.85,182.94,2388.22,8072.13,9.285,0.02,334,2223,100.0,14.92,8.9484
7,130,0.0024,0.0018,100.0,518.67,642.19,1586.83,1405.47,14.62,21.61,553.95,2388.04,9057.12,1.3,47.14,521.81,2387.98,8145.79,8.3938,0.03,392,2388,100.0,38.98,23.2993
7,131,24.9994,0.6216,60.0,462.54,536.8,1258.93,1041.82,7.05,9.03,175.67,1915.4,8012.84,0.94,36.7,164.32,2028.31,7881.79,10.8799,0.02,307,1915,84.93,14.28,8.5809
7,132,35.0051,0.84,100.0,449.44,555.15,1367.86,1123.56,5.48,8.0,194.57,2223.03,8357.61,1.02,41.75,183.28,2388.15,8074.98,9.2656,0.02,333,2223,100.0,14.87,8.8567
7,133,35.0066,0.8403,100.0,449.44,555.41,1359.91,1121.39,5.48,8.0,194.77,2223.11,8357.61,1.02,41.85,183.28,2388.24,8079.53,9.3073,0.02,333,2223,100.0,14.91,9.0313
7,134,25.0052,0.6218,60.0,462.54,536.55,1258.34,1041.05,7.05,9.02,175.93,1915.45,8024.4,0.94,36.6,164.8,2028.35,7884.45,10.8938,0.02,306,1915,84.93,14.28,8.5888
7,135,19.9993,0.7006,100.0,491.19,606.66,1484.63,1241.86,9.35,13.65,334.67,2323.95,8729.54,1.08,44.19,314.97,2388.08,8066.08,9.19,0.02,362,2324,100.0,24.69,14.7157
7,136,0.0001,0.0,100.0,518.67,642.2,1585.15,1401.37,14.62,21.61,554.24,2388.0,9056.28,1.3,47.19,522.35,2387.98,8149.0,8.4286,0.03,392,2388,100.0,39.1,23.4076
7,137,42.004,0.84,100.0,445.0,549.45,1350.04,1122.49,3.91,5.72,138.44,2212.07,8321.18,1.02,41.98,130.73,2388.17,8085.29,9.3456,0.02,331,2212,100.0,10.63,6.415
7,138,20.001,0.7,100.0,491.19,607.19,1481.3,1248.18,9.35,13.65,335.13,2324.0,8732.93,1.08,44.3,315.43,2388.03,8071.29,9.2057,0.02,365,2324,100.0,24.5,14.6767
7,139,10.0012,0.2514,100.0,489.05,604.8,1498.63,1300.01,10.52,15.49,394.72,2318.86,8793.22,1.26,45.03,372.13,2388.04,8139.16,8.6442,0.03,369,2319,100.0,28.68,17.247
7,140,10.0035,0.25,100.0,489.05,604.87,1494.89,1293.23,10.52,15.49,395.29,2318.89,8794.33,1.26,45.17,371.92,2388.07,8145.71,8.6254,0.03,369,2319,100.0,28.63,17.1883
7,141,35.0017,0.84,100.0,449.44,555.65,1368.53,1122.33,5.48,8.0,194.96,2223.12,8360.32,1.02,41.79,183.19,2388.18,8072.33,9.2872,0.02,333,2223,100.0,14.72,8.7999
7,142,0.0015,0.0,100.0,518.67,642.48,1588.32,1400.42,14.62,21.61,554.42,2387.98,9060.52,1.3,47.26,522.51,2387.97,8146.29,8.3916,0.03,392,2388,100.0,38.86,23.3719
7,143,0.0022,0.0001,100.0,518.67,642.22,1584.9,1396.04,14.62,21.61,554.07,2388.02,9061.35,1.3,47.11,521.72,2387.96,8148.6,8.3957,0.03,393,2388,100.0,39.06,23.3705
7,144,10.0034,0.2511,100.0,489.05,604.6,1499.11,1302.21,10.52,15.49,394.98,2318.87,8782.83,1.26,45.06,371.64,2388.1,8142.74,8.6225,0.03,369,2319,100.0,28.65,17.1293
7,145,41.9996,0.84,100.0,445.0,548.81,1355.75,1124.42,3.91,5.72,138.53,2212.15,8328.09,1.02,42.15,130.54,2388.25,8093.87,9.3097,0.02,330,2212,100.0,10.73,6.3136
7,146,10.0058,0.2519,100.0,489.05,604.33,1503.91,1305.66,10.52,15.49,395.34,2318.87,8788.84,1.26,45.04,372.02,2388.01,8138.82,8.5978,0.03,368,2319,100.0,28.74,17.1797
7,147,20.0028,0.701,100.0,491.19,607.47,1482.69,1248.47,9.35,13.65,334.56,2323.94,8729.65,1.08,44.19,315.59,2388.07,8069.5,9.203,0.02,365,2324,100.0,24.51,14.7605
7,148,41.9988,0.8413,100.0,445.0,549.39,1345.48,1126.38,3.91,5.71,138.4,2212.08,8327.43,1.02,41.98,130.75,2388.21,8093.31,9.3282,0.02,329,2212,100.0,10.6,6.4052
7,149,10.003,0.2503,100.0,489.05,604.01,1488.38,1296.98,10.52,15.49,394.98,2318.85,8798.16,1.26,45.28,372.02,2388.06,8142.63,8.5994,0.03,369,2319,100.0,28.63,17.2777
7,150,42.0014,0.8418,100.0,445.0,549.45,1344.03,1123.1,3.91,5.72,139.31,2212.08,8326.46,1.02,41.74,131.14,2388.18,8090.94,9.3263,0.02,329,2212,100.0,10.62,6.3673
7,151,42.0064,0.84,100.0,445.0,549.62,1355.47,1122.68,3.91,5.72,139.23,2212.11,8340.06,1.02,41.73,130.54,2388.23,8094.97,9.3176,0.02,331,2212,100.0,10.52,6.3251
7,152,10.0005,0.2517,100.0,489.05,604.38,1496.75,1304.25,10.52,15.49,394.44,2318.82,8782.05,1.26,45.39,371.79,2388.01,8143.22,8.6321,0.03,367,2319,100.0,28.68,17.2346
7,153,0.0029,0.0,100.0,518.67,642.6,1585.8,1404.33,14.62,21.61,554.87,2388.01,9061.98,1.3,47.38,522.15,2388.02,8142.47,8.4049,0.03,392,2388,100.0,38.89,23.2848
7,154,19.9992,0.7003,100.0,491.19,607.26,1484.55,1248.52,9.35,13.66,335.0,2323.94,8726.57,1.08,44.11,314.99,2388.1,8070.89,9.1914,0.02,364,2324,100.0,24.63,14.6904
7,155,42.0006,0.84,100.0,445.0,549.25,1354.11,1119.39,3.91,5.71,138.77,2212.16,8330.27,1.02,41.78,131.1,2388.23,8093.97,9.3375,0.02,329,2212,100.0,10.76,6.3326
7,156,42.0036,0.84,100.0,445.0,549.81,1356.05,1114.53,3.91,5.72,138.86,2212.1,8334.48,1.02,42.07,130.5,2388.16,8094.17,9.3383,0.02,330,2212,100.0,10.63,6.4517
7,157,35.0035,0.8412,100.0,449.44,555.1,1367.41,1134.11,5.48,8.0,195.06,2223.15,8364.01,1.02,41.91,183.18,2388.26,8072.5,9.345,0.02,334,2223,100.0,14.91,9.0212
7,158,0.003,0.0012,100.0,518.67,642.4,1594.2,1400.06,14.62,21.61,553.45,2388.0,9072.08,1.3,47.26,522.1,2388.1,8152.65,8.4198,0.03,391,2388,100.0,38.92,23.4215
7,159,0.0019,0.001,100.0,518.67,642.77,1586.64,1400.0,14.62,21.61,553.76,2388.01,9071.36,1.3,47.4,521.64,2388.0,8145.68,8.403,0.03,392,2388,100.0,39.01,23.3799
7,160,42.0067,0.8417,100.0,445.0,549.24,1344.01,1126.14,3.91,5.72,138.77,2212.08,8335.08,1.02,42.04,130.84,2388.17,8096.47,9.3518,0.02,330,2212,100.0,10.81,6.3469
7,161,25.0068,0.6218,60.0,462.54,537.12,1257.18,1039.4,7.05,9.02,175.62,1915.53,8019.96,0.94,36.87,164.29,2028.42,7878.42,10.9044,0.02,307,1915,84.93,14.26,8.5189
7,162,42.0067,0.84,100.0,445.0,549.59,1349.5,1118.16,3.91,5.71,138.83,2212.16,8328.82,1.02,41.87,130.92,2388.26,8098.32,9.3414,0.02,329,2212,100.0,10.65,6.3769
7,163,25.0031,0.62,60.0,462.54,536.57,1259.78,1042.88,7.05,9.03,175.49,1915.51,8019.1,0.94,36.61,164.65,2028.44,7881.79,10.894,0.02,307,1915,84.93,14.37,8.6139
7,164,35.0025,0.8417,100.0,449.44,555.88,1378.11,1123.19,5.48,8.0,194.2,2223.13,8363.1,1.02,41.84,182.84,2388.28,8073.56,9.309,0.02,334,2223,100.0,14.98,8.8824
7,165,42.0069,0.8408,100.0,445.0,548.72,1337.87,1116.96,3.91,5.72,138.85,2212.14,8331.37,1.02,42.12,130.62,2388.22,8101.98,9.3267,0.02,330,2212,100.0,10.74,6.46
7,166,0.0002,0.0018,100.0,518.67,642.62,1591.39,1406.18,14.62,21.61,554.52,2388.0,9071.16,1.3,47.33,521.7,2388.0,8142.44,8.403,0.03,391,2388,100.0,38.81,23.3351
7,167,19.9996,0.7,100.0,491.19,607.24,1495.11,1242.84,9.35,13.65,334.41,2323.92,8734.27,1.08,44.38,315.64,2388.14,8069.94,9.2028,0.02,365,2324,100.0,24.55,14.7648
7,168,42.0008,0.84,100.0,445.0,549.44,1353.04,1131.19,3.91,5.72,139.17,2212.2,8336.19,1.02,41.87,130.84,2388.25,8099.57,9.3455,0.02,333,2212,100.0,10.55,6.3559
7,169,35.0003,0.8412,100.0,449.44,555.61,1361.06,1123.27,5.48,8.0,194.87,2223.2,8352.39,1.02,41.88,182.94,2388.35,8074.9,9.2748,0.02,335,2223,100.0,14.89,8.942
7,170,20.0072,0.7003,100.0,491.19,606.52,1479.68,1254.25,9.35,13.66,334.98,2323.99,8733.6,1.08,44.35,315.05,2388.13,8072.67,9.2214,0.02,366,2324,100.0,24.47,14.7279
7,171,25.0013,0.62,60.0,462.54,536.72,1262.79,1041.71,7.05,9.03,175.34,1915.58,8015.15,0.94,36.56,165.17,2028.44,7886.55,10.8661,0.02,305,1915,84.93,14.24,8.6896
7,172,25.006,0.62,60.0,462.54,536.59,1255.49,1045.47,7.05,9.03,175.75,1915.51,8017.92,0.94,36.61,165.0,2028.46,7884.55,10.858,0.02,307,1915,84.93,14.26,8.5054
7,173,42.0076,0.84,100.0,445.0,549.9,1352.78,1122.33,3.91,5.72,138.68,2212.14,8338.59,1.02,41.99,131.38,2388.29,8102.07,9.3196,0.02,331,2212,100.0,10.48,6.4287
7,174,35.0048,0.84,100.0,449.44,554.95,1366.39,1131.38,5.48,8.0,194.84,2223.14,8358.76,1.02,41.82,182.84,2388.26,8079.53,9.3075,0.02,333,2223,100.0,14.68,8.9023
7,175,19.9993,0.7017,100.0,491.19,607.96,1481.28,1244.84,9.35,13.66,335.17,2324.07,8737.13,1.08,44.17,315.5,2388.11,8080.29,9.2201,0.02,364,2324,100.0,24.5,14.7331
7,176,0.0011,0.0014,100.0,518.67,642.45,1584.17,1403.13,14.62,21.61,554.31,2388.01,9065.92,1.3,47.2,521.71,2388.0,8151.53,8.4448,0.03,392,2388,100.0,38.92,23.4568
7,177,25.0008,0.6214,60.0,462.54,536.99,1262.8,1033.88,7.05,9.02,175.62,1915.59,8028.88,0.94,36.61,164.68,2028.44,7884.61,10.8695,0.02,307,1915,84.93,14.43,8.6075
7,178,25.0007,0.6215,60.0,462.54,536.83,1257.35,1041.88,7.05,9.02,175.03,1915.56,8020.04,0.94,36.73,164.54,2028.44,7889.83,10.9157,0.02,307,1915,84.93,14.12,8.6764
7,179,42.0031,0.8412,100.0,445.0,549.4,1349.14,1117.39,3.91,5.72,139.04,2212.2,8341.79,1.02,41.98,130.81,2388.27,8105.68,9.3581,0.02,330,2212,100.0,10.68,6.3414
7,180,20.0056,0.7003,100.0,491.19,607.44,1480.48,1245.34,9.35,13.65,334.48,2324.0,8733.25,1.08,44.05,315.54,2388.18,8072.53,9.2422,0.02,366,2324,100.0,24.57,14.7348
7,181,0.0027,0.0,100.0,518.67,642.76,1585.5,1399.43,14.62,21.61,554.36,2388.06,9076.4,1.3,47.25,521.83,2388.02,8156.09,8.4062,0.03,393,2388,100.0,38.92,23.4371
7,182,35.0053,0.8411,100.0,449.44,555.08,1360.13,1125.19,5.48,8.0,195.59,2223.21,8370.92,1.02,41.89,182.92,2388.34,8081.02,9.3008,0.02,335,2223,100.0,14.92,8.882
7,183,34.9992,0.8415,100.0,449.44,555.54,1373.58,1125.99,5.48,8.0,195.14,2223.21,8366.19,1.02,41.83,183.42,2388.29,8083.69,9.3182,0.02,331,2223,100.0,14.73,8.9477
7,184,25.0032,0.6209,60.0,462.54,537.01,1255.11,1046.91,7.05,9.02,175.64,1915.61,8025.83,0.94,36.53,164.52,2028.49,7889.14,10.9075,0.02,306,1915,84.93,14.32,8.6179
7,185,10.0023,0.2511,100.0,489.05,605.01,1502.41,1307.52,10.52,15.49,394.83,2318.9,8807.74,1.26,45.32,372.16,2388.09,8143.59,8.6503,0.03,368,2319,100.0,28.67,17.2558
7,186,42.0008,0.84,100.0,445.0,549.51,1356.34,1120.46,3.91,5.72,139.53,2212.21,8338.79,1.02,42.06,130.44,2388.24,8099.14,9.3,0.02,330,2212,100.0,10.75,6.3159
7,187,42.0052,0.8416,100.0,445.0,549.06,1352.26,1136.12,3.91,5.72,138.41,2212.21,8328.45,1.02,42.1,130.39,2388.31,8105.99,9.3346,0.02,331,2212,100.0,10.72,6.4085
7,188,41.998,0.84,100.0,445.0,549.83,1355.97,1123.24,3.91,5.72,138.6,2212.21,8342.81,1.02,42.09,130.54,2388.3,8098.26,9.3279,0.02,331,2212,100.0,10.49,6.4165
7,189,42.0021,0.84,100.0,445.0,549.07,1352.22,1124.85,3.91,5.72,138.91,2212.22,8333.77,1.02,41.96,131.01,2388.32,8098.08,9.3427,0.02,331,2212,100.0,10.58,6.4428
7,190,25.0071,0.6216,60.0,462.54,536.38,1258.37,1046.08,7.05,9.03,175.58,1915.61,8019.75,0.94,36.59,164.4,2028.5,7880.86,10.9031,0.02,307,1915,84.93,14.3,8.5804
7,191,19.9981,0.7,100.0,491.19,607.56,1480.12,1245.46,9.35,13.66,334.58,2323.98,8735.16,1.08,44.1,314.93,2388.13,8073.29,9.1813,0.02,364,2324,100.0,24.51,14.7232
7,192,10.0054,0.25,100.0,489.05,604.6,1497.75,1309.82,10.52,15.49,394.64,2318.84,8796.75,1.26,45.21,372.45,2388.08,8144.91,8.6407,0.03,369,2319,100.0,28.39,17.1984
7,193,42.0072,0.84,100.0,445.0,549.74,1341.8,1127.36,3.91,5.71,139.13,2212.21,8328.39,1.02,41.96,130.25,2388.31,8096.32,9.3612,0.02,333,2212,100.0,10.66,6.3104
7,194,24.9998,0.62,60.0,462.54,536.01,1262.38,1045.13,7.05,9.02,176.18,1915.61,8025.31,0.94,36.7,164.4,2028.51,7888.06,10.8627,0.02,308,1915,84.93,14.37,8.6222
7,195,20.0041,0.7012,100.0,491.19,607.25,1479.08,1244.01,9.35,13.65,334.3,2324.03,8747.76,1.08,44.22,314.78,2388.15,8077.16,9.2147,0.02,365,2324,100.0,24.71,14.6668
7,196,19.9996,0.7001,100.0,491.19,607.45,1481.4,1245.28,9.35,13.65,335.54,2324.04,8734.86,1.08,44.13,315.14,2388.14,8079.87,9.2124,0.02,365,2324,100.0,24.58,14.6519
7,197,42.0033,0.84,100.0,445.0,549.24,1347.62,1119.07,3.91,5.72,138.72,2212.25,8338.38,1.02,42.16,130.64,2388.34,8104.3,9.35,0.02,331,2212,100.0,10.63,6.3202
7,198,10.0079,0.2506,100.0,489.05,604.66,1500.97,1304.77,10.52,15.49,395.43,2318.88,8794.32,1.26,45.2,371.46,2388.06,8141.1,8.6367,0.03,368,2319,100.0,28.67,17.2761
7,199,41.9986,0.84,100.0,445.0,549.6,1345.48,1123.67,3.91,5.71,138.67,2212.28,8333.54,1.02,41.98,130.84,2388.36,8100.16,9.3484,0.02,330,2212,100.0,10.55,6.3836
7,200,0.0005,0.0002,100.0,518.67,642.8,1586.34,1407.13,14.62,21.61,554.06,2388.08,9081.28,1.3,47.25,522.09,2388.04,8154.87,8.4236,0.03,394,2388,100.0,38.92,23.3237
7,201,0.003,0.0008,100.0,518.67,642.25,1595.33,1398.9,14.62,21.61,554.22,2388.05,9076.92,1.3,47.38,522.2,2388.0,8156.83,8.3927,0.03,394,2388,100.0,38.96,23.349
7,202,35.0055,0.84,100.0,449.44,555.94,1361.05,1126.87,5.48,8.0,194.54,2223.26,8369.94,1.02,41.89,183.1,2388.36,8087.22,9.3045,0.02,335,2223,100.0,14.91,8.9708
7,203,0.0027,0.0,100.0,518.67,642.61,1586.16,1408.91,14.62,21.61,554.36,2388.07,9079.67,1.3,47.21,521.86,2387.98,8151.37,8.3796,0.03,393,2388,100.0,38.87,23.2931
7,204,10.0032,0.251,100.0,489.05,604.75,1495.8,1309.43,10.52,15.49,394.85,2318.89,8798.03,1.26,45.41,371.68,2388.11,8150.66,8.6443,0.03,369,2319,100.0,28.52,17.1803
7,205,42.0062,0.84,100.0,445.0,549.84,1358.92,1126.89,3.91,5.72,139.01,2212.31,8342.87,1.02,42.2,130.63,2388.4,8103.13,9.3509,0.02,330,2212,100.0,10.6,6.3739
7,206,25.0003,0.62,60.0,462.54,536.82,1257.56,1044.84,7.05,9.03,175.26,1915.65,8025.12,0.94,36.76,164.71,2028.53,7887.38,10.8805,0.02,306,1915,84.93,14.4,8.6688
7,207,35.0004,0.84,100.0,449.44,555.61,1364.91,1133.73,5.48,8.0,194.59,2223.29,8374.69,1.02,41.95,183.39,2388.43,8080.5,9.267,0.02,334,2223,100.0,14.92,8.9492
7,208,20.0029,0.7009,100.0,491.19,607.12,1480.8,1243.21,9.35,13.66,334.63,2324.08,8738.58,1.08,44.28,314.86,2388.15,8078.54,9.2104,0.02,365,2324,100.0,24.4,14.7379
7,209,10.0006,0.2503,100.0,489.05,604.71,1493.83,1301.46,10.52,15.49,394.99,2318.9,8801.1,1.26,45.29,371.54,2388.07,8150.34,8.6726,0.03,369,2319,100.0,28.49,17.1606
7,210,42.0007,0.84,100.0,445.0,549.67,1349.88,1119.84,3.91,5.72,139.14,2212.28,8344.31,1.02,41.86,130.72,2388.41,8099.35,9.3012,0.02,332,2212,100.0,10.63,6.3321
7,211,0.0013,0.0005,100.0,518.67,642.76,1585.69,1403.89,14.62,21.61,554.65,2388.01,9067.79,1.3,47.5,521.71,2388.04,8160.15,8.4496,0.03,392,2388,100.0,38.9,23.3091
7,212,25.0059,0.6207,60.0,462.54,537.68,1262.91,1042.92,7.05,9.03,175.02,1915.69,8032.14,0.94,36.71,164.38,2028.62,7889.89,10.8878,0.02,307,1915,84.93,14.37,8.5672
7,213,42.0058,0.8418,100.0,445.0,549.78,1350.26,1120.08,3.91,5.72,138.39,2212.26,8344.85,1.02,42.0,130.47,2388.37,8102.33,9.3305,0.02,330,2212,100.0,10.62,6.4489
7,214,20.0048,0.7,100.0,491.19,607.8,1480.58,1256.4,9.35,13.65,334.84,2324.07,8745.61,1.08,44.49,314.94,2388.23,8082.58,9.2005,0.02,365,2324,100.0,24.61,14.7157
7,215,41.9985,0.8406,100.0,445.0,549.63,1349.44,1123.96,3.91,5.72,138.98,2212.33,8342.69,1.02,41.95,130.98,2388.4,8110.5,9.3385,0.02,329,2212,100.0,10.62,6.3996
7,216,10.0014,0.25,100.0,489.05,605.27,1497.36,1302.64,10.52,15.49,395.01,2318.92,8797.76,1.26,45.37,371.45,2388.12,8148.03,8.6626,0.03,369,2319,100.0,28.52,17.1429
7,217,0.001,0.0,100.0,518.67,642.57,1591.98,1406.92,14.62,21.61,553.74,2388.04,9078.69,1.3,47.53,522.58,2387.99,8162.01,8.4177,0.03,393,2388,100.0,38.83,23.3421
7,218,42.0009,0.84,100.0,445.0,549.13,1357.37,1129.91,3.91,5.72,138.3,2212.33,8346.62,1.02,41.98,130.87,2388.44,8102.89,9.3293,0.02,331,2212,100.0,10.34,6.2472
7,219,42.0068,0.84,100.0,445.0,550.14,1352.27,1126.01,3.91,5.72,139.0,2212.37,8346.23,1.02,41.94,130.94,2388.43,8105.67,9.33,0.02,331,2212,100.0,10.69,6.4222
7,220,0.0003,0.0011,100.0,518.67,642.7,1589.67,1401.11,14.62,21.61,553.93,2388.0,9082.97,1.3,47.38,521.42,2388.0,8155.52,8.4175,0.03,392,2388,100.0,38.89,23.3927
7,221,42.0033,0.84,100.0,445.0,549.95,1347.47,1129.07,3.91,5.72,138.61,2212.33,8341.12,1.03,41.91,130.96,2388.48,8107.74,9.3828,0.02,331,2212,100.0,10.63,6.4159
7,222,10.003,0.2505,100.0,489.05,605.13,1501.28,1310.53,10.52,15.49,394.37,2318.92,8803.76,1.26,45.32,371.47,2388.17,8154.35,8.6789,0.03,371,2319,100.0,28.64,17.0988
7,223,20.0054,0.7,100.0,491.19,606.9,1480.94,1243.95,9.35,13.65,335.67,2324.04,8752.26,1.08,44.36,315.53,2388.21,8082.29,9.1772,0.02,367,2324,100.0,24.55,14.7228
7,224,24.9988,0.6203,60.0,462.54,536.95,1260.86,1046.23,7.05,9.03,174.98,1915.71,8028.32,0.94,36.43,164.56,2028.6,7894.63,10.9186,0.02,306,1915,84.93,14.37,8.5641
7,225,20.0025,0.7003,100.0,491.19,607.31,1481.14,1242.89,9.35,13.66,334.84,2324.06,8751.27,1.07,44.31,314.96,2388.19,8083.09,9.2051,0.02,364,2324,100.0,24.5,14.7228
7,226,10.0046,0.25,100.0,489.05,605.08,1500.14,1306.6,10.52,15.49,394.82,2318.85,8809.3,1.26,45.26,371.21,2388.09,8148.68,8.627,0.03,369,2319,100.0,28.77,17.1063
7,227,0.0026,0.0,100.0,518.67,642.48,1598.69,1403.65,14.62,21.61,553.69,2388.03,9080.64,1.3,47.53,521.66,2388.07,8162.21,8.4153,0.03,393,2388,100.0,38.95,23.38
7,228,10.0022,0.25,100.0,489.05,604.68,1505.8,1309.27,10.52,15.49,395.22,2318.88,8807.96,1.26,45.34,371.54,2388.1,8151.58,8.6553,0.03,368,2319,100.0,28.53,17.1097
7,229,0.001,0.0,100.0,518.67,642.82,1591.43,1409.88,14.62,21.61,554.09,2387.96,9090.6,1.3,47.55,521.63,2388.02,8162.44,8.4359,0.03,393,2388,100.0,38.89,23.3779
7,230,34.9989,0.84,100.0,449.44,555.6,1366.46,1127.72,5.48,8.0,194.45,2223.37,8376.82,1.02,41.99,183.36,2388.59,8092.24,9.2953,0.02,334,2223,100.0,15.11,8.8069
7,231,42.0023,0.8417,100.0,445.0,549.69,1352.66,1125.4,3.91,5.72,138.88,2212.37,8353.77,1.02,41.99,131.05,2388.56,8108.64,9.3139,0.02,331,2212,100.0,10.42,6.415
7,232,35.0075,0.8406,100.0,449.44,555.45,1363.04,1122.49,5.48,8.0,195.08,2223.45,8377.48,1.02,41.88,183.17,2388.52,8092.17,9.3145,0.02,335,2223,100.0,14.92,8.9275
7,233,25.0004,0.62,60.0,462.54,536.56,1261.09,1044.06,7.05,9.03,175.41,1915.8,8038.47,0.94,36.8,164.7,2028.65,7898.31,10.9222,0.02,307,1915,84.93,14.33,8.6174
7,234,0.0017,0.0,100.0,518.67,642.45,1591.1,1407.9,14.62,21.61,553.47,2388.04,9076.97,1.3,47.52,521.97,2388.01,8164.75,8.4399,0.03,393,2388,100.0,38.95,23.3895
7,235,25.0028,0.62,60.0,462.54,536.91,1257.33,1044.77,7.05,9.03,175.79,1915.77,8028.26,0.94,36.77,164.16,2028.73,7893.95,10.9071,0.02,308,1915,84.93,14.34,8.4868
7,236,35.0077,0.8405,100.0,449.44,556.02,1362.47,1131.9,5.48,8.0,194.43,2223.41,8379.38,1.02,41.96,183.22,2388.53,8098.23,9.287,0.02,334,2223,100.0,14.82,8.9003
7,237,35.008,0.8413,100.0,449.44,555.41,1366.51,1125.48,5.48,8.0,194.09,2223.51,8378.23,1.02,41.84,182.64,2388.63,8092.59,9.3242,0.02,333,2223,100.0,14.91,8.945
7,238,0.0009,0.0,100.0,518.67,643.02,1597.15,1407.71,14.62,21.61,553.59,2388.01,9085.9,1.3,47.47,522.07,2388.01,8163.81,8.4397,0.03,392,2388,100.0,38.77,23.3384
7,239,10.0018,0.2519,100.0,489.05,604.77,1502.23,1310.18,10.52,15.49,394.32,2318.95,8808.12,1.26,45.38,371.46,2388.11,8159.1,8.6173,0.03,369,2319,100.0,28.56,17.2477
7,240,10.0074,0.25,100.0,489.05,605.47,1501.06,1301.34,10.52,15.49,394.55,2318.95,8807.4,1.26,45.51,371.19,2388.17,8159.27,8.6479,0.03,370,2319,100.0,28.46,17.1533
7,241,20.001,0.7009,100.0,491.19,608.1,1487.3,1253.46,9.35,13.66,334.17,2324.14,8755.32,1.08,44.41,314.85,2388.24,8090.03,9.2116,0.02,366,2324,100.0,24.44,14.6182
7,242,0.0,0.0018,100.0,518.67,642.61,1590.78,1411.34,14.62,21.61,554.01,2388.03,9090.3,1.3,47.55,521.47,2387.99,8166.8,8.4674,0.03,394,2388,100.0,38.78,23.3268
7,243,0.0022,0.0017,100.0,518.67,643.22,1589.34,1405.81,14.62,21.61,553.91,2388.04,9093.39,1.3,47.47,521.79,2388.07,8168.84,8.4148,0.03,391,2388,100.0,39.0,23.3531
7,244,34.9988,0.84,100.0,449.44,555.71,1380.51,1126.0,5.48,8.0,193.69,2223.51,8385.63,1.02,41.8,183.2,2388.66,8099.32,9.3364,0.02,333,2223,100.0,14.71,8.9039
7,245,42.0015,0.84,100.0,445.0,549.54,1354.36,1125.09,3.91,5.72,138.24,2212.54,8350.08,1.02,42.07,130.88,2388.67,8115.86,9.336,0.02,331,2212,100.0,10.44,6.2726
7,246,41.9995,0.8401,100.0,445.0,549.45,1363.96,1129.71,3.91,5.72,138.96,2212.44,8360.0,1.02,42.1,130.69,2388.59,8116.14,9.3877,0.02,333,2212,100.0,10.52,6.2565
7,247,42.0019,0.8415,100.0,445.0,549.73,1357.36,1122.8,3.91,5.72,138.87,2212.51,8357.01,1.03,41.85,130.58,2388.67,8120.25,9.3376,0.02,332,2212,100.0,10.62,6.3218
7,248,0.0016,0.0,100.0,518.67,642.79,1590.23,1409.95,14.62,21.61,553.23,2388.05,9096.42,1.3,47.5,521.75,2388.02,8169.81,8.4177,0.03,394,2388,100.0,38.81,23.3095
7,249,10.0056,0.2515,100.0,489.05,604.51,1504.25,1305.83,10.52,15.5,393.89,2318.92,8810.04,1.26,45.51,371.44,2388.12,8160.81,8.6672,0.03,371,2319,100.0,28.66,17.0766
7,250,20.0039,0.7016,100.0,491.19,608.04,1493.75,1250.84,9.35,13.66,334.51,2324.12,8762.47,1.08,44.22,314.91,2388.35,8093.95,9.2374,0.02,366,2324,100.0,24.62,14.624
7,251,42.0019,0.8412,100.0,445.0,549.71,1355.11,1121.84,3.91,5.72,138.31,2212.52,8360.1,1.02,42.08,130.28,2388.65,8122.89,9.3589,0.02,331,2212,100.0,10.49,6.3445
7,252,34.9983,0.84,100.0,449.44,555.63,1368.35,1135.63,5.48,8.0,195.36,2223.57,8389.46,1.02,41.82,183.24,2388.8,8097.27,9.3229,0.02,334,2223,100.0,14.77,8.9079
7,253,20.0051,0.7005,100.0,491.19,607.41,1484.1,1257.94,9.35,13.66,335.21,2324.15,8751.08,1.08,44.24,315.25,2388.3,8087.97,9.2654,0.02,367,2324,100.0,24.5,14.7222
7,254,42.0033,0.8409,100.0,445.0,549.2,1352.71,1124.44,3.91,5.72,139.53,2212.54,8361.43,1.02,42.09,131.16,2388.71,8125.72,9.3283,0.02,331,2212,100.0,10.66,6.3272
7,255,41.9994,0.8412,100.0,445.0,549.56,1359.92,1126.64,3.91,5.72,139.08,2212.57,8359.87,1.02,42.0,130.54,2388.7,8118.3,9.3297,0.02,332,2212,100.0,10.68,6.4122
7,256,0.0025,0.001,100.0,518.67,643.15,1591.91,1403.49,14.62,21.61,553.62,2388.1,9098.32,1.3,47.42,521.78,2388.05,8167.85,8.4629,0.03,393,2388,100.0,38.65,23.3417
7,257,34.998,0.8408,100.0,449.44,555.83,1364.78,1134.53,5.48,8.0,194.16,2223.65,8393.48,1.02,42.04,183.35,2388.7,8096.66,9.3012,0.02,335,2223,100.0,14.84,8.9088
7,258,20.0078,0.7017,100.0,491.19,607.34,1485.12,1251.69,9.35,13.66,334.36,2324.16,8756.69,1.08,44.47,314.87,2388.3,8094.81,9.2142,0.02,365,2324,100.0,24.33,14.7664
7,259,0.0008,0.0004,100.0,518.67,642.7,1588.9,1407.56,14.62,21.61,553.45,2387.99,9105.9,1.3,47.59,522.2,2387.98,8174.47,8.4729,0.03,395,2388,100.0,38.81,23.2671
7,260,9.999,0.2517,100.0,489.05,605.04,1506.12,1309.98,10.52,15.49,394.35,2318.95,8826.1,1.26,45.61,371.4,2388.12,8166.27,8.6882,0.03,371,2319,100.0,28.32,17.121
7,261,20.0039,0.7,100.0,491.19,607.33,1485.92,1246.8,9.35,13.66,334.95,2324.19,8764.49,1.08,44.32,314.75,2388.39,8096.83,9.202,0.02,366,2324,100.0,24.57,14.6945
7,262,10.0049,0.25,100.0,489.05,604.56,1498.43,1311.68,10.52,15.49,394.0,2318.99,8821.05,1.26,45.48,371.66,2388.15,8169.14,8.6878,0.03,371,2319,100.0,28.57,17.0494
8,1,35.0012,0.8411,100.0,449.44,555.56,1364.87,1138.37,5.48,8.0,195.29,2222.99,8350.77,1.02,41.69,182.81,2388.09,8064.89,9.29,0.02,333,2223,100.0,14.94,8.843
8,2,10.0058,0.2506,100.0,489.05,604.36,1501.72,1305.22,10.52,15.49,395.2,2318.96,8783.52,1.26,45.23,371.69,2388.13,8125.41,8.6699,0.03,369,2319,100.0,28.44,17.0772
8,3,20.0064,0.7,100.0,491.19,606.94,1479.11,1243.94,9.35,13.65,335.02,2323.91,8724.65,1.08,44.27,314.97,2388.11,8062.47,9.2146,0.02,366,2324,100.0,24.47,14.7158
8,4,0.0008,0.0009,100.0,518.67,641.77,1585.68,1402.14,14.62,21.61,554.21,2388.05,9055.88,1.3,47.43,521.9,2388.04,8137.42,8.4216,0.03,394,2388,100.0,38.83,23.3337
8,5,20.0032,0.7,100.0,491.19,607.08,1482.97,1244.81,9.35,13.66,335.06,2324.0,8726.27,1.07,44.36,315.39,2388.1,8064.76,9.1662,0.02,366,2324,100.0,24.62,14.792
8,6,42.0076,0.8418,100.0,445.0,549.47,1354.89,1122.85,3.91,5.71,139.01,2211.96,8321.92,1.02,42.12,130.55,2387.97,8088.12,9.3514,0.02,330,2212,100.0,10.81,6.2906
8,7,19.9989,0.7015,100.0,491.19,607.4,1482.8,1247.18,9.35,13.65,334.03,2323.94,8724.3,1.08,44.35,315.35,2388.09,8064.21,9.1914,0.02,364,2324,100.0,24.47,14.7449
8,8,25.0064,0.6213,60.0,462.54,536.81,1262.71,1044.76,7.05,9.03,175.51,1915.36,8010.35,0.94,36.64,164.41,2028.34,7871.4,10.8886,0.02,307,1915,84.93,14.52,8.6603
8,9,19.9986,0.7016,100.0,491.19,607.33,1479.13,1245.12,9.35,13.65,335.13,2323.98,8718.84,1.08,44.26,315.2,2388.06,8064.86,9.2297,0.02,364,2324,100.0,24.49,14.736
8,10,42.0024,0.8418,100.0,445.0,549.36,1354.04,1121.45,3.91,5.72,138.37,2211.95,8322.75,1.02,42.1,130.12,2388.02,8087.07,9.3592,0.02,331,2212,100.0,10.65,6.3475
8,11,0.0012,0.0015,100.0,518.67,642.49,1587.36,1403.53,14.62,21.61,554.41,2388.04,9058.93,1.3,47.27,521.73,2388.06,8138.88,8.4467,0.03,394,2388,100.0,39.03,23.3609
8,12,0.0024,0.001,100.0,518.67,642.35,1582.15,1401.68,14.62,21.61,553.91,2388.11,9061.98,1.3,47.41,521.89,2388.07,8140.44,8.397,0.03,392,2388,100.0,38.88,23.2626
8,13,35.0041,0.8407,100.0,449.44,555.32,1367.18,1123.5,5.48,8.0,194.72,2222.98,8351.19,1.02,41.78,183.33,2388.03,8066.36,9.2894,0.02,333,2223,100.0,14.84,8.9189
8,14,0.0018,0.0,100.0,518.67,642.49,1589.38,1396.55,14.62,21.61,553.58,2388.06,9053.45,1.3,47.36,522.25,2388.07,8138.76,8.4396,0.03,392,2388,100.0,38.79,23.3553
8,15,25.0079,0.62,60.0,462.54,536.81,1262.96,1052.44,7.05,9.03,175.07,1915.4,8010.56,0.94,36.63,164.98,2028.25,7879.85,10.8937,0.02,305,1915,84.93,14.39,8.5871
8,16,42.0051,0.84,100.0,445.0,549.66,1343.31,1120.54,3.91,5.72,138.46,2211.86,8316.85,1.02,42.13,130.7,2387.97,8080.82,9.3592,0.02,329,2212,100.0,10.35,6.4609
8,17,0.0006,0.0015,100.0,518.67,642.51,1595.67,1407.77,14.62,21.61,553.93,2388.05,9065.78,1.3,47.48,521.69,2388.07,8138.48,8.4245,0.03,391,2388,100.0,38.87,23.2434
8,18,35.0059,0.8407,100.0,449.44,555.54,1365.63,1136.06,5.48,8.0,194.99,2223.0,8348.42,1.02,41.78,182.71,2388.08,8068.97,9.2826,0.02,332,2223,100.0,14.77,8.8935
8,19,10.0025,0.25,100.0,489.05,604.55,1501.47,1311.63,10.52,15.49,394.4,2318.97,8782.03,1.26,45.35,371.67,2388.15,8130.46,8.6603,0.03,367,2319,100.0,28.42,17.0054
8,20,19.9988,0.7,100.0,491.19,607.14,1479.48,1244.8,9.35,13.65,334.18,2324.03,8722.08,1.08,44.41,314.88,2388.13,8069.35,9.1853,0.02,364,2324,100.0,24.73,14.763
8,21,0.002,0.0,100.0,518.67,642.21,1583.37,1402.93,14.62,21.61,553.64,2388.09,9061.01,1.3,47.35,521.87,2388.1,8142.46,8.4495,0.03,392,2388,100.0,38.91,23.2262
8,22,10.0074,0.2501,100.0,489.05,604.71,1503.04,1309.18,10.52,15.49,395.27,2318.91,8781.27,1.26,45.28,371.63,2388.06,8133.44,8.646,0.03,369,2319,100.0,28.51,17.1101
8,23,25.0063,0.6215,60.0,462.54,537.03,1263.18,1047.45,7.05,9.02,175.74,1915.33,8000.34,0.94,36.61,164.46,2028.24,7876.14,10.8853,0.02,306,1915,84.93,14.34,8.5875
8,24,25.0019,0.62,60.0,462.54,536.19,1258.92,1040.68,7.05,9.03,176.19,1915.33,8014.58,0.94,36.72,164.96,2028.27,7874.3,10.8956,0.02,306,1915,84.93,14.54,8.6077
8,25,10.0057,0.2502,100.0,489.05,604.86,1496.39,1306.32,10.52,15.49,394.16,2318.88,8781.74,1.26,45.37,371.91,2388.13,8129.72,8.6295,0.03,370,2319,100.0,28.6,17.1362
8,26,20.0058,0.7,100.0,491.19,607.38,1488.11,1247.45,9.35,13.66,334.76,2323.93,8727.24,1.08,44.4,314.9,2388.08,8062.82,9.2391,0.02,364,2324,100.0,24.52,14.6834
8,27,20.0077,0.7,100.0,491.19,607.23,1483.96,1245.79,9.35,13.66,335.14,2324.01,8725.79,1.08,44.35,315.31,2388.12,8064.91,9.2177,0.02,364,2324,100.0,24.46,14.7383
8,28,25.0039,0.6217,60.0,462.54,536.81,1255.71,1052.45,7.05,9.03,175.75,1915.38,8007.15,0.94,36.67,164.47,2028.28,7877.47,10.8812,0.02,308,1915,84.93,14.16,8.6493
8,29,20.0035,0.7005,100.0,491.19,607.4,1480.07,1253.53,9.35,13.65,335.61,2323.96,8724.03,1.08,44.13,314.66,2388.09,8065.06,9.1943,0.02,365,2324,100.0,24.66,14.754
8,30,42.0,0.84,100.0,445.0,549.24,1354.39,1119.23,3.91,5.71,138.06,2211.94,8321.21,1.02,42.14,131.07,2387.98,8086.45,9.3883,0.02,331,2212,100.0,10.55,6.4946
8,31,0.0001,0.0,100.0,518.67,642.26,1583.6,1399.9,14.62,21.61,553.93,2388.11,9061.91,1.3,47.54,520.9,2388.08,8141.14,8.4278,0.03,392,2388,100.0,38.93,23.3279
8,32,20.0017,0.702,100.0,491.19,607.61,1483.39,1250.22,9.35,13.65,334.94,2324.01,8730.81,1.08,44.43,314.93,2388.06,8065.04,9.1886,0.02,365,2324,100.0,24.44,14.6313
8,33,0.0025,0.0017,100.0,518.67,642.33,1591.69,1401.11,14.62,21.61,553.91,2388.07,9053.36,1.3,47.42,521.66,2388.06,8141.94,8.3851,0.03,392,2388,100.0,38.92,23.2983
8,34,24.9995,0.62,60.0,462.54,536.49,1261.7,1052.07,7.05,9.02,175.11,1915.34,8009.94,0.94,36.63,164.39,2028.28,7874.33,10.8754,0.02,306,1915,84.93,14.27,8.6058
8,35,35.0023,0.84,100.0,449.44,555.85,1361.05,1126.06,5.48,8.0,194.75,2222.95,8353.42,1.02,41.82,182.85,2388.07,8071.46,9.3291,0.02,333,2223,100.0,14.79,8.9287
8,36,10.0017,0.25,100.0,489.05,604.66,1500.4,1304.44,10.52,15.49,394.58,2318.89,8783.78,1.26,45.39,371.9,2388.17,8134.91,8.655,0.03,370,2319,100.0,28.33,17.218
8,37,35.0063,0.8411,100.0,449.44,555.7,1366.98,1131.65,5.48,8.0,194.23,2222.94,8358.63,1.02,41.94,183.21,2388.07,8067.28,9.2921,0.02,334,2223,100.0,14.86,9.0121
8,38,42.0023,0.8408,100.0,445.0,549.79,1351.42,1123.82,3.91,5.72,138.33,2211.96,8325.29,1.02,41.92,130.99,2387.99,8088.35,9.356,0.02,330,2212,100.0,10.73,6.2989
8,39,35.0,0.84,100.0,449.44,555.61,1367.89,1130.35,5.48,8.0,195.1,2222.93,8362.95,1.02,41.89,182.69,2388.12,8071.38,9.3149,0.02,332,2223,100.0,14.82,8.9327
8,40,35.0026,0.84,100.0,449.44,556.29,1361.78,1122.93,5.48,8.0,194.63,2223.01,8351.26,1.02,42.01,183.01,2388.13,8076.05,9.3257,0.02,334,2223,100.0,14.88,8.9318
8,41,19.9996,0.7,100.0,491.19,607.44,1484.03,1254.27,9.35,13.65,334.81,2323.96,8723.14,1.08,44.3,315.19,2388.18,8063.15,9.2053,0.02,366,2324,100.0,24.5,14.7827
8,42,0.0023,0.0,100.0,518.67,642.23,1593.17,1412.85,14.62,21.61,554.31,2388.07,9052.3,1.3,47.54,521.49,2388.12,8139.27,8.4297,0.03,392,2388,100.0,39.07,23.4036
8,43,42.0064,0.8406,100.0,445.0,549.2,1357.53,1123.48,3.91,5.71,138.71,2211.9,8323.65,1.02,42.16,130.98,2388.02,8081.81,9.3649,0.02,331,2212,100.0,10.69,6.3853
8,44,41.9981,0.84,100.0,445.0,550.06,1349.72,1124.02,3.91,5.72,138.8,2211.89,8316.89,1.02,42.15,130.77,2388.02,8093.32,9.3388,0.02,330,2212,100.0,10.6,6.2877
8,45,25.0053,0.6208,60.0,462.54,537.12,1255.88,1050.3,7.05,9.03,174.78,1915.37,8002.5,0.94,36.6,164.28,2028.28,7876.15,10.8567,0.02,305,1915,84.93,14.32,8.4916
8,46,10.0026,0.25,100.0,489.05,604.63,1507.36,1313.23,10.52,15.49,394.43,2318.91,8770.99,1.26,45.38,371.7,2388.13,8134.08,8.6409,0.03,368,2319,100.0,28.68,17.0514
8,47,20.0051,0.7,100.0,491.19,606.98,1486.1,1251.06,9.35,13.65,334.14,2323.95,8729.17,1.08,44.34,314.48,2388.12,8061.12,9.2136,0.02,364,2324,100.0,24.58,14.6463
8,48,42.0068,0.84,100.0,445.0,549.2,1360.08,1126.56,3.91,5.72,138.57,2211.94,8322.03,1.02,42.18,131.36,2388.01,8091.38,9.3879,0.02,332,2212,100.0,10.67,6.4486
8,49,10.0019,0.25,100.0,489.05,604.72,1499.42,1305.11,10.52,15.49,394.84,2318.88,8787.54,1.26,45.3,371.54,2388.16,8131.88,8.6401,0.03,370,2319,100.0,28.69,17.117
8,50,19.9992,0.7,100.0,491.19,607.33,1484.62,1248.09,9.35,13.66,334.9,2324.01,8725.98,1.08,44.49,315.26,2388.15,8064.47,9.1918,0.02,366,2324,100.0,24.47,14.7268
8,51,0.0023,0.0,100.0,518.67,642.43,1588.64,1402.16,14.62,21.61,554.1,2388.02,9058.95,1.3,47.53,521.86,2388.11,8138.96,8.4221,0.03,393,2388,100.0,38.72,23.3871
8,52,20.0076,0.7,100.0,491.19,607.08,1487.3,1252.24,9.35,13.65,333.82,2323.93,8719.8,1.08,44.34,315.55,2388.07,8064.23,9.2355,0.02,363,2324,100.0,24.28,14.7524
8,53,35.0006,0.84,100.0,449.44,555.63,1363.53,1125.37,5.48,8.0,194.11,2222.99,8352.94,1.02,41.95,183.03,2388.12,8075.15,9.3151,0.02,334,2223,100.0,14.84,8.8441
8,54,42.0019,0.84,100.0,445.0,549.16,1354.41,1121.83,3.91,5.71,139.21,2211.92,8315.68,1.02,42.04,130.49,2387.93,8084.87,9.389,0.02,331,2212,100.0,10.56,6.4063
8,55,20.0073,0.7,100.0,491.19,607.5,1486.62,1250.33,9.35,13.66,334.74,2323.94,8728.34,1.08,44.4,314.67,2388.14,8062.14,9.1863,0.02,366,2324,100.0,24.57,14.7478
8,56,35.0015,0.8407,100.0,449.44,555.18,1363.39,1134.56,5.48,8.0,195.14,2223.03,8357.39,1.02,41.81,182.95,2388.15,8073.7,9.2728,0.02,335,2223,100.0,14.76,8.9027
8,57,42.003,0.84,100.0,445.0,549.1,1347.21,1120.24,3.91,5.71,138.56,2211.95,8322.31,1.02,41.93,130.19,2388.03,8084.47,9.3623,0.02,330,2212,100.0,10.83,6.2822
8,58,25.0069,0.6218,60.0,462.54,536.54,1258.32,1048.62,7.05,9.03,175.24,1915.43,8011.47,0.94,36.65,164.31,2028.3,7877.85,10.8803,0.02,307,1915,84.93,14.23,8.5589
8,59,42.0006,0.84,100.0,445.0,549.72,1350.06,1124.34,3.91,5.71,138.09,2211.94,8325.24,1.02,41.92,130.54,2388.03,8085.56,9.3564,0.02,331,2212,100.0,10.37,6.44
8,60,10.0029,0.25,100.0,489.05,604.53,1510.13,1307.67,10.52,15.49,394.94,2318.92,8778.15,1.26,45.25,371.55,2388.11,8133.04,8.6295,0.03,371,2319,100.0,28.7,17.0913
8,61,25.0033,0.62,60.0,462.54,537.04,1259.48,1048.7,7.05,9.03,175.84,1915.35,8019.78,0.94,36.58,164.3,2028.28,7878.71,10.9072,0.02,305,1915,84.93,14.17,8.6217
8,62,0.0009,0.0018,100.0,518.67,642.14,1591.62,1403.07,14.62,21.61,553.77,2388.07,9050.85,1.3,47.53,521.44,2388.1,8136.22,8.417,0.03,392,2388,100.0,38.96,23.2578
8,63,0.0006,0.0006,100.0,518.67,642.57,1584.97,1406.83,14.62,21.61,554.07,2388.09,9061.22,1.3,47.5,521.68,2388.05,8141.51,8.399,0.03,391,2388,100.0,38.93,23.4045
8,64,0.0023,0.0,100.0,518.67,642.31,1582.69,1408.09,14.62,21.61,553.52,2388.09,9048.55,1.3,47.42,521.52,2388.02,8139.66,8.4369,0.03,392,2388,100.0,38.89,23.3274
8,65,35.0011,0.84,100.0,449.44,555.76,1370.77,1132.01,5.48,8.0,194.93,2222.96,8360.94,1.02,41.82,183.37,2388.12,8074.33,9.343,0.02,334,2223,100.0,14.82,8.8712
8,66,35.0032,0.84,100.0,449.44,556.14,1355.38,1128.65,5.48,8.0,194.7,2223.02,8356.16,1.02,41.93,182.71,2388.09,8070.46,9.3324,0.02,335,2223,100.0,14.86,8.8549
8,67,35.0017,0.84,100.0,449.44,556.22,1369.22,1124.35,5.48,8.0,194.41,2222.99,8349.87,1.02,42.01,183.43,2388.17,8079.45,9.3423,0.02,334,2223,100.0,14.82,8.8003
8,68,25.0018,0.6213,60.0,462.54,537.1,1260.82,1047.77,7.05,9.03,174.97,1915.4,8009.07,0.94,36.62,164.84,2028.29,7877.56,10.8954,0.02,307,1915,84.93,14.23,8.5038
8,69,35.0067,0.84,100.0,449.44,556.13,1370.01,1124.87,5.48,8.0,194.2,2223.04,8352.85,1.02,41.8,183.33,2388.12,8071.62,9.317,0.02,335,2223,100.0,14.99,8.8162
8,70,35.0002,0.84,100.0,449.44,555.95,1367.12,1123.0,5.48,8.0,195.46,2223.02,8351.66,1.02,41.85,182.65,2388.15,8067.73,9.2939,0.02,334,2223,100.0,14.89,8.9204
8,71,0.0029,0.0,100.0,518.67,642.84,1591.72,1404.68,14.62,21.61,554.13,2388.07,9066.04,1.3,47.6,521.86,2388.07,8138.46,8.4575,0.03,393,2388,100.0,39.06,23.3623
8,72,34.9997,0.84,100.0,449.44,555.81,1372.27,1130.23,5.48,8.0,195.16,2222.99,8359.18,1.02,41.91,183.18,2388.09,8070.41,9.3126,0.02,335,2223,100.0,14.99,8.8406
8,73,20.0039,0.7014,100.0,491.19,607.11,1490.86,1250.71,9.35,13.65,334.97,2324.0,8734.86,1.08,44.34,315.45,2388.08,8066.16,9.1888,0.02,363,2324,100.0,24.43,14.6703
8,74,20.0036,0.7,100.0,491.19,607.42,1487.98,1255.62,9.35,13.66,335.46,2323.99,8726.43,1.08,44.5,314.79,2388.12,8067.02,9.1854,0.02,365,2324,100.0,24.37,14.7025
8,75,20.0057,0.7013,100.0,491.19,607.03,1485.18,1247.16,9.35,13.66,334.97,2323.96,8724.33,1.08,44.34,314.63,2388.08,8066.78,9.2354,0.02,367,2324,100.0,24.32,14.5154
8,76,10.0074,0.25,100.0,489.05,604.56,1497.39,1311.15,10.52,15.49,394.64,2318.92,8786.61,1.26,45.53,371.11,2388.14,8134.04,8.6582,0.03,370,2319,100.0,28.53,17.2459
8,77,42.0072,0.84,100.0,445.0,549.47,1352.12,1125.23,3.91,5.72,138.64,2211.95,8330.98,1.02,42.15,130.51,2388.0,8086.67,9.352,0.02,330,2212,100.0,10.64,6.4442
8,78,34.9984,0.84,100.0,449.44,556.08,1363.35,1126.89,5.48,8.0,194.76,2223.04,8356.32,1.02,41.84,183.26,2388.13,8073.9,9.3039,0.02,334,2223,100.0,14.96,8.8614
8,79,25.0041,0.62,60.0,462.54,536.34,1261.31,1052.65,7.05,9.03,175.53,1915.35,8014.09,0.94,36.82,164.78,2028.29,7881.16,10.9363,0.02,306,1915,84.93,14.14,8.6225
8,80,9.9994,0.2519,100.0,489.05,604.81,1493.95,1306.0,10.52,15.49,395.36,2318.93,8785.52,1.26,45.42,371.47,2388.13,8129.66,8.6484,0.03,369,2319,100.0,28.6,17.0469
8,81,20.0021,0.7012,100.0,491.19,607.2,1482.71,1250.55,9.35,13.66,334.38,2324.04,8735.59,1.08,44.4,315.46,2388.14,8065.09,9.2333,0.02,363,2324,100.0,24.52,14.6437
8,82,24.9985,0.62,60.0,462.54,536.91,1259.26,1051.06,7.05,9.03,174.93,1915.4,8005.61,0.94,36.54,164.9,2028.3,7879.17,10.9068,0.02,305,1915,84.93,14.25,8.4752
8,83,0.0028,0.0,100.0,518.67,642.87,1593.87,1412.33,14.62,21.61,553.36,2388.12,9059.23,1.3,47.52,521.94,2388.13,8139.81,8.4451,0.03,393,2388,100.0,38.9,23.2914
8,84,42.0,0.8408,100.0,445.0,549.21,1351.14,1123.78,3.91,5.72,138.72,2211.98,8329.69,1.02,42.01,130.5,2388.01,8090.37,9.3656,0.02,330,2212,100.0,10.64,6.3356
8,85,20.0009,0.7011,100.0,491.19,607.79,1483.12,1258.38,9.35,13.66,334.28,2323.98,8736.36,1.08,44.26,315.4,2388.21,8063.47,9.2001,0.02,366,2324,100.0,24.5,14.6551
8,86,10.0006,0.25,100.0,489.05,604.67,1499.15,1303.6,10.52,15.49,394.27,2318.93,8783.91,1.26,45.44,372.1,2388.11,8138.48,8.6692,0.03,369,2319,100.0,28.74,17.0088
8,87,10.0065,0.25,100.0,489.05,604.37,1497.05,1315.89,10.52,15.5,394.97,2318.95,8780.29,1.26,45.51,371.42,2388.14,8135.19,8.6677,0.03,368,2319,100.0,28.51,17.1972
8,88,20.0011,0.7,100.0,491.19,607.8,1482.25,1255.93,9.35,13.65,334.34,2323.97,8734.21,1.08,44.42,314.9,2388.12,8066.61,9.2642,0.02,364,2324,100.0,24.42,14.6653
8,89,10.0022,0.25,100.0,489.05,605.11,1502.92,1307.81,10.52,15.49,394.58,2318.95,8781.69,1.26,45.65,371.52,2388.14,8136.43,8.6783,0.03,370,2319,100.0,28.67,17.1743
8,90,9.999,0.25,100.0,489.05,605.1,1493.96,1306.59,10.52,15.49,394.36,2318.96,8790.7,1.26,45.35,371.77,2388.15,8142.25,8.6578,0.03,369,2319,100.0,28.49,17.0835
8,91,42.0039,0.84,100.0,445.0,549.31,1356.75,1122.17,3.91,5.72,139.04,2211.96,8324.42,1.02,42.03,130.4,2388.04,8089.28,9.3509,0.02,331,2212,100.0,10.66,6.3367
8,92,0.0018,0.0016,100.0,518.67,642.48,1591.72,1409.68,14.62,21.61,553.43,2388.12,9061.01,1.3,47.61,521.79,2388.1,8143.02,8.4212,0.03,393,2388,100.0,38.74,23.2973
8,93,19.9992,0.7012,100.0,491.19,607.32,1484.03,1252.53,9.35,13.65,334.93,2324.04,8731.13,1.08,44.22,314.54,2388.16,8065.39,9.2299,0.02,366,2324,100.0,24.53,14.7104
8,94,0.0026,0.0,100.0,518.67,642.29,1589.99,1410.55,14.62,21.61,553.08,2388.1,9068.42,1.3,47.53,521.8,2388.09,8144.46,8.4336,0.03,392,2388,100.0,38.73,23.1785
8,95,9.9993,0.25,100.0,489.05,604.69,1499.49,1312.48,10.52,15.5,394.33,2318.94,8784.02,1.26,45.3,371.56,2388.19,8136.28,8.6585,0.03,370,2319,100.0,28.48,17.1768
8,96,42.0045,0.84,100.0,445.0,549.38,1362.97,1125.09,3.91,5.71,138.55,2211.96,8330.0,1.02,42.15,130.03,2388.12,8088.98,9.3894,0.02,330,2212,100.0,10.63,6.3275
8,97,20.007,0.7,100.0,491.19,607.33,1478.96,1247.27,9.35,13.66,334.55,2324.08,8732.73,1.08,44.42,314.94,2388.16,8067.55,9.2269,0.02,365,2324,100.0,24.42,14.7121
8,98,42.0013,0.8416,100.0,445.0,549.72,1351.02,1123.46,3.91,5.72,137.94,2212.04,8333.99,1.02,42.12,130.88,2388.08,8085.69,9.3421,0.02,332,2212,100.0,10.48,6.3776
8,99,9.9996,0.25,100.0,489.05,605.13,1492.26,1308.52,10.52,15.49,394.48,2318.94,8795.47,1.26,45.36,371.17,2388.11,8140.16,8.6489,0.03,369,2319,100.0,28.55,17.0469
8,100,19.9999,0.7,100.0,491.19,607.61,1483.36,1243.46,9.35,13.66,334.3,2324.03,8728.55,1.08,44.46,315.1,2388.15,8068.93,9.2279,0.02,365,2324,100.0,24.35,14.6884
8,101,34.9987,0.8411,100.0,449.44,555.6,1374.55,1128.83,5.48,8.0,194.08,2222.98,8354.71,1.02,41.93,183.01,2388.19,8074.47,9.2997,0.02,336,2223,100.0,14.89,8.8257
8,102,0.0008,0.0,100.0,518.67,642.35,1592.49,1407.77,14.62,21.61,554.22,2388.1,9072.86,1.3,47.51,521.77,2388.11,8143.59,8.4371,0.03,393,2388,100.0,38.78,23.2831
8,103,35.0023,0.8406,100.0,449.44,555.58,1365.53,1134.52,5.48,8.0,194.44,2223.12,8350.63,1.03,41.85,183.22,2388.17,8073.62,9.3386,0.02,334,2223,100.0,14.83,8.8446
8,104,35.0035,0.8405,100.0,449.44,555.83,1369.06,1130.03,5.48,8.0,194.6,2223.09,8357.93,1.02,41.73,182.88,2388.19,8074.78,9.3465,0.02,336,2223,100.0,14.95,8.9694
8,105,20.0001,0.7,100.0,491.19,607.52,1478.92,1249.55,9.35,13.66,334.64,2323.95,8734.69,1.08,44.45,315.17,2388.15,8072.63,9.2814,0.02,367,2324,100.0,24.52,14.7492
8,106,42.003,0.8418,100.0,445.0,549.65,1358.55,1128.03,3.91,5.72,138.43,2212.11,8331.62,1.02,42.06,131.7,2388.18,8099.69,9.3734,0.02,331,2212,100.0,10.42,6.3567
8,107,24.9991,0.62,60.0,462.54,536.45,1257.11,1054.42,7.05,9.03,175.75,1915.5,8013.94,0.94,37.06,164.77,2028.38,7881.76,10.8981,0.02,306,1915,84.93,14.36,8.4868
8,108,25.006,0.6203,60.0,462.54,537.1,1263.85,1056.86,7.05,9.03,175.32,1915.46,8018.54,0.94,36.72,165.24,2028.39,7886.98,10.9078,0.02,308,1915,84.93,14.2,8.4998
8,109,34.9983,0.84,100.0,449.44,555.53,1368.46,1129.27,5.48,8.0,193.37,2223.11,8361.24,1.02,41.92,182.66,2388.25,8073.22,9.3501,0.02,334,2223,100.0,14.84,8.8941
8,110,35.0074,0.84,100.0,449.44,555.83,1374.96,1128.61,5.48,8.0,195.18,2223.14,8362.86,1.02,42.07,183.18,2388.14,8076.45,9.3418,0.02,336,2223,100.0,14.98,8.9468
8,111,25.0075,0.62,60.0,462.54,537.47,1264.67,1052.32,7.05,9.03,174.94,1915.47,8020.69,0.94,36.79,164.51,2028.41,7877.68,10.917,0.02,307,1915,84.93,14.34,8.613
8,112,25.0007,0.6219,60.0,462.54,536.47,1262.07,1050.12,7.05,9.03,175.75,1915.53,8020.4,0.94,36.59,164.7,2028.43,7881.5,10.9291,0.02,307,1915,84.93,14.25,8.6128
8,113,19.999,0.7,100.0,491.19,607.57,1480.36,1254.92,9.35,13.66,334.86,2324.06,8738.54,1.08,44.27,314.96,2388.17,8066.43,9.2734,0.02,365,2324,100.0,24.52,14.6819
8,114,20.0008,0.7007,100.0,491.19,607.39,1492.72,1253.18,9.35,13.66,334.29,2324.0,8734.65,1.07,44.63,315.37,2388.22,8074.68,9.2255,0.02,366,2324,100.0,24.32,14.6996
8,115,35.0005,0.84,100.0,449.44,555.47,1371.71,1129.53,5.48,8.0,194.43,2223.16,8359.86,1.02,41.98,182.8,2388.19,8075.8,9.3726,0.02,337,2223,100.0,14.87,8.9212
8,116,10.0003,0.2504,100.0,489.05,605.05,1498.67,1318.86,10.52,15.49,394.25,2318.97,8789.07,1.26,45.51,371.48,2388.13,8141.96,8.6701,0.03,370,2319,100.0,28.71,16.9482
8,117,0.0014,0.0,100.0,518.67,642.28,1590.9,1415.68,14.62,21.61,553.23,2388.13,9073.48,1.3,47.72,521.48,2388.17,8143.05,8.4599,0.03,393,2388,100.0,38.92,23.273
8,118,42.0028,0.8406,100.0,445.0,550.18,1356.19,1124.45,3.91,5.72,138.84,2212.11,8334.61,1.02,42.32,130.12,2388.15,8096.87,9.3935,0.02,334,2212,100.0,10.67,6.3909
8,119,42.0042,0.84,100.0,445.0,549.88,1355.32,1129.45,3.91,5.71,138.64,2212.13,8337.41,1.02,42.25,130.51,2388.22,8095.95,9.3986,0.02,332,2212,100.0,10.18,6.3083
8,120,0.0012,0.0,100.0,518.67,642.61,1594.98,1405.81,14.62,21.61,553.16,2388.09,9066.45,1.3,47.51,521.31,2388.12,8145.39,8.4472,0.03,393,2388,100.0,38.96,23.2583
8,121,24.9987,0.6217,60.0,462.54,536.72,1264.29,1049.42,7.05,9.03,175.31,1915.53,8031.22,0.94,36.9,164.61,2028.43,7883.34,10.9258,0.02,306,1915,84.93,14.15,8.5614
8,122,24.9995,0.62,60.0,462.54,537.22,1267.54,1057.04,7.05,9.03,174.84,1915.53,8019.95,0.94,36.91,164.92,2028.36,7883.11,10.933,0.02,308,1915,84.93,14.35,8.5168
8,123,0.0011,0.0008,100.0,518.67,642.5,1597.11,1418.17,14.62,21.61,553.42,2388.13,9074.08,1.3,47.72,521.55,2388.08,8143.23,8.4297,0.03,393,2388,100.0,38.93,23.3496
8,124,0.0005,0.0005,100.0,518.67,642.69,1594.8,1418.59,14.62,21.61,553.86,2388.12,9068.31,1.3,47.61,520.9,2388.05,8149.36,8.4636,0.03,393,2388,100.0,38.86,23.2771
8,125,42.0034,0.84,100.0,445.0,549.75,1352.8,1126.92,3.91,5.72,137.89,2212.09,8334.35,1.02,42.11,130.85,2388.27,8098.07,9.4328,0.02,331,2212,100.0,10.7,6.3205
8,126,10.0057,0.25,100.0,489.05,604.89,1506.27,1313.59,10.52,15.5,394.62,2318.94,8796.07,1.26,45.45,371.25,2388.17,8150.23,8.6645,0.03,369,2319,100.0,28.42,17.1107
8,127,41.9988,0.8416,100.0,445.0,549.85,1352.74,1133.93,3.91,5.72,138.4,2212.18,8336.19,1.02,42.42,130.4,2388.24,8102.0,9.414,0.02,332,2212,100.0,10.76,6.2998
8,128,42.0022,0.841,100.0,445.0,550.42,1351.75,1131.97,3.91,5.72,138.67,2212.13,8337.36,1.02,42.36,130.28,2388.27,8103.65,9.3651,0.02,332,2212,100.0,10.51,6.2362
8,129,42.0036,0.8418,100.0,445.0,549.7,1354.21,1131.08,3.91,5.71,138.01,2212.18,8336.4,1.02,42.17,130.95,2388.3,8097.38,9.3905,0.02,330,2212,100.0,10.56,6.3981
8,130,42.0071,0.84,100.0,445.0,550.34,1358.1,1136.91,3.91,5.72,138.71,2212.15,8340.54,1.02,42.35,130.52,2388.19,8104.06,9.3969,0.02,332,2212,100.0,10.54,6.3323
8,131,42.0046,0.8404,100.0,445.0,550.52,1357.16,1126.3,3.91,5.72,138.17,2212.17,8344.45,1.02,42.22,130.45,2388.23,8098.79,9.3861,0.02,333,2212,100.0,10.72,6.3781
