unit,cycle,setting_1,setting_2,setting_3,s_1,s_2,s_3,s_4,s_5,s_6,s_7,s_8,s_9,s_10,s_11,s_12,s_13,s_14,s_15,s_16,s_17,s_18,s_19,s_20,s_21
1,1,-0.0002,0.0004,100.0,518.67,642.79,1592.83,1411.19,14.62,21.61,553.17,2388.07,9040.78,1.3,47.48,521.14,2388.12,8125.79,8.4546,0.03,393,2388,100.0,38.98,23.3009
1,2,0.0012,-0.0003,100.0,518.67,642.83,1582.69,1402.79,14.62,21.61,553.0,2388.11,9038.28,1.3,47.5,521.19,2388.18,8130.7,8.4249,0.03,392,2388,100.0,38.89,23.4054
1,3,0.0008,-0.0002,100.0,518.67,642.01,1597.21,1405.74,14.62,21.61,553.63,2388.13,9045.94,1.3,47.49,522.22,2388.09,8117.99,8.44,0.03,392,2388,100.0,38.91,23.1532
1,4,0.0016,-0.0005,100.0,518.67,641.9,1584.56,1411.38,14.62,21.61,553.73,2388.11,9042.67,1.3,47.61,520.95,2388.14,8119.93,8.4468,0.03,394,2388,100.0,38.9,23.2544
1,5,0.0019,0.0003,100.0,518.67,642.33,1589.14,1402.37,14.62,21.61,553.26,2388.16,9039.48,1.3,47.49,521.65,2388.13,8114.44,8.4178,0.03,394,2388,100.0,38.9,23.324
1,6,-0.0003,-0.0,100.0,518.67,642.03,1584.66,1408.5,14.62,21.61,553.48,2388.14,9045.66,1.3,47.5,521.36,2388.12,8124.47,8.4487,0.03,392,2388,100.0,38.84,23.3559
1,7,0.0019,-0.0002,100.0,518.67,642.37,1593.92,1401.73,14.62,21.61,553.05,2388.12,9045.24,1.3,47.23,521.78,2388.13,8124.5,8.4456,0.03,392,2388,100.0,39.03,23.3141
1,8,0.0,0.0004,100.0,518.67,642.4,1591.22,1407.13,14.62,21.61,553.57,2388.15,9047.28,1.3,47.51,520.79,2388.1,8116.1,8.4409,0.03,393,2388,100.0,38.79,23.2175
1,9,-0.0001,0.0,100.0,518.67,642.12,1594.87,1401.57,14.62,21.61,553.6,2388.11,9036.63,1.3,47.56,521.6,2388.14,8123.4,8.4569,0.03,394,2388,100.0,38.77,23.342
1,10,-0.002,0.0003,100.0,518.67,642.85,1588.54,1402.71,14.62,21.61,553.76,2388.14,9047.06,1.3,47.49,521.87,2388.12,8126.37,8.4116,0.03,394,2388,100.0,38.79,23.3783
1,11,-0.0003,-0.0005,100.0,518.67,642.24,1594.53,1407.54,14.62,21.61,553.46,2388.17,9044.63,1.3,47.49,521.3,2388.1,8125.27,8.4486,0.03,394,2388,100.0,38.92,23.1996
1,12,-0.0001,-0.0001,100.0,518.67,642.68,1588.45,1405.67,14.62,21.61,553.41,2388.11,9043.57,1.3,47.51,521.67,2388.08,8120.27,8.4339,0.03,392,2388,100.0,38.83,23.3052
1,13,-0.0042,-0.0,100.0,518.67,642.25,1587.68,1407.06,14.62,21.61,553.47,2388.13,9040.84,1.3,47.38,521.45,2388.12,8124.17,8.4061,0.03,391,2388,100.0,38.76,23.2639
1,14,0.0031,0.0001,100.0,518.67,642.58,1584.63,1409.31,14.62,21.61,553.59,2388.06,9042.59,1.3,47.37,520.97,2388.2,8120.6,8.4463,0.03,393,2388,100.0,38.93,23.2516
1,15,-0.0006,0.0003,100.0,518.67,643.25,1588.49,1404.2,14.62,21.61,554.0,2388.12,9038.27,1.3,47.33,521.36,2388.15,8123.13,8.4213,0.03,392,2388,100.0,38.77,23.2448
1,16,-0.0023,-0.0002,100.0,518.67,642.59,1586.95,1401.22,14.62,21.61,553.36,2388.14,9049.69,1.3,47.52,521.77,2388.09,8127.11,8.4159,0.03,393,2388,100.0,38.92,23.4016
1,17,0.0015,-0.0001,100.0,518.67,642.93,1586.76,1399.38,14.62,21.61,553.58,2388.09,9042.77,1.3,47.47,521.56,2388.09,8121.1,8.4036,0.03,393,2388,100.0,38.87,23.3945
1,18,-0.0039,0.0001,100.0,518.67,642.67,1588.54,1414.43,14.62,21.61,552.55,2388.06,9046.64,1.3,47.44,521.57,2388.09,8120.51,8.4174,0.03,393,2388,100.0,38.99,23.2883
1,19,-0.0005,-0.0005,100.0,518.67,642.52,1580.55,1409.16,14.62,21.61,554.26,2388.12,9044.88,1.3,47.65,521.09,2388.17,8123.97,8.4254,0.03,394,2388,100.0,39.0,23.2651
1,20,-0.0046,0.0002,100.0,518.67,642.86,1589.2,1403.66,14.62,21.61,553.05,2388.13,9044.48,1.3,47.57,522.19,2388.11,8125.5,8.4296,0.03,393,2388,100.0,39.0,23.3089
1,21,-0.0024,-0.0004,100.0,518.67,642.69,1584.4,1407.68,14.62,21.61,553.07,2388.14,9045.89,1.3,47.44,521.68,2388.1,8124.26,8.4078,0.03,392,2388,100.0,38.83,23.3465
1,22,0.0013,0.0003,100.0,518.67,642.97,1582.0,1405.08,14.62,21.61,553.65,2388.13,9039.7,1.3,47.21,521.18,2388.09,8128.07,8.3961,0.03,394,2388,100.0,38.74,23.3067
1,23,-0.0002,0.0004,100.0,518.67,642.54,1590.52,1405.56,14.62,21.61,554.35,2388.15,9033.9,1.3,47.54,521.1,2388.15,8122.35,8.4358,0.03,393,2388,100.0,38.88,23.3701
1,24,0.0026,-0.0002,100.0,518.67,642.45,1586.81,1409.4,14.62,21.61,553.37,2388.1,9039.15,1.3,47.45,521.36,2388.1,8121.05,8.4107,0.03,393,2388,100.0,38.96,23.2913
1,25,0.0025,0.0003,100.0,518.67,642.2,1592.27,1401.71,14.62,21.61,554.18,2388.12,9042.94,1.3,47.47,521.68,2388.07,8121.36,8.4074,0.03,393,2388,100.0,38.87,23.3735
1,26,0.0015,0.0001,100.0,518.67,642.77,1587.06,1413.18,14.62,21.61,553.45,2388.12,9040.72,1.3,47.63,521.18,2388.1,8123.64,8.4228,0.03,392,2388,100.0,38.78,23.3819
1,27,0.0014,-0.0003,100.0,518.67,642.17,1592.11,1407.79,14.62,21.61,552.98,2388.07,9038.96,1.3,47.53,521.3,2388.12,8128.39,8.4157,0.03,391,2388,100.0,38.82,23.3978
1,28,0.002,-0.0002,100.0,518.67,642.35,1584.84,1397.29,14.62,21.61,553.48,2388.18,9041.77,1.3,47.61,521.65,2388.08,8124.69,8.4372,0.03,392,2388,100.0,38.88,23.1277
1,29,0.0034,-0.0001,100.0,518.67,642.59,1590.74,1406.64,14.62,21.61,553.92,2388.11,9039.13,1.3,47.59,521.09,2388.12,8123.42,8.4293,0.03,393,2388,100.0,38.8,23.2654
1,30,-0.0012,-0.0004,100.0,518.67,642.63,1583.14,1411.84,14.62,21.61,553.23,2388.12,9039.84,1.3,47.58,521.78,2388.05,8126.21,8.4295,0.03,393,2388,100.0,38.77,23.2201
1,31,-0.0029,-0.0004,100.0,518.67,642.3,1591.26,1407.52,14.62,21.61,553.79,2388.16,9044.89,1.3,47.35,521.7,2388.13,8123.07,8.4379,0.03,393,2388,100.0,38.81,23.423
1,32,0.0039,0.0003,100.0,518.67,642.15,1587.88,1401.43,14.62,21.61,553.88,2388.1,9038.12,1.3,47.53,522.01,2388.11,8125.22,8.4262,0.03,393,2388,100.0,38.8,23.3371
1,33,-0.0035,-0.0003,100.0,518.67,643.56,1584.16,1407.02,14.62,21.61,553.33,2388.15,9036.62,1.3,47.64,521.89,2388.13,8119.37,8.4748,0.03,393,2388,100.0,38.82,23.3012
1,34,-0.0009,-0.0004,100.0,518.67,642.72,1581.05,1407.98,14.62,21.61,553.86,2388.13,9043.82,1.3,47.3,521.21,2388.09,8119.62,8.4403,0.03,393,2388,100.0,38.73,23.2991
1,35,-0.0018,-0.0002,100.0,518.67,642.8,1589.21,1410.17,14.62,21.61,553.33,2388.17,9035.16,1.3,47.6,521.21,2388.17,8124.08,8.4722,0.03,393,2388,100.0,38.95,23.4075
1,36,0.0009,0.0003,100.0,518.67,642.78,1584.84,1400.8,14.62,21.61,553.59,2388.1,9039.41,1.3,47.33,521.82,2388.09,8132.28,8.4394,0.03,392,2388,100.0,38.83,23.3172
1,37,-0.0044,0.0005,100.0,518.67,642.34,1585.03,1403.17,14.62,21.61,553.16,2388.15,9042.75,1.3,47.65,521.6,2388.16,8125.1,8.4529,0.03,393,2388,100.0,38.99,23.2527
1,38,0.0004,-0.0002,100.0,518.67,642.28,1596.72,1409.44,14.62,21.61,553.33,2388.12,9049.16,1.3,47.49,521.24,2388.1,8116.46,8.4539,0.03,393,2388,100.0,38.92,23.2762
1,39,0.0021,-0.0002,100.0,518.67,642.45,1582.07,1409.18,14.62,21.61,553.2,2388.13,9046.2,1.3,47.61,521.41,2388.09,8126.37,8.41,0.03,392,2388,100.0,38.94,23.3649
1,40,0.0029,0.0002,100.0,518.67,642.25,1589.37,1410.22,14.62,21.61,553.89,2388.1,9041.31,1.3,47.4,521.4,2388.09,8119.16,8.4513,0.03,391,2388,100.0,38.82,23.3568
1,41,-0.0016,0.0002,100.0,518.67,642.57,1592.39,1403.99,14.62,21.61,553.63,2388.11,9038.03,1.3,47.28,521.45,2388.09,8124.85,8.4381,0.03,394,2388,100.0,38.85,23.2669
1,42,0.0042,-0.0004,100.0,518.67,642.94,1584.79,1414.39,14.62,21.61,553.38,2388.06,9044.8,1.3,47.53,521.46,2388.18,8124.02,8.423,0.03,391,2388,100.0,38.87,23.3673
1,43,0.0034,-0.0003,100.0,518.67,642.64,1587.86,1405.83,14.62,21.61,553.4,2388.1,9042.83,1.3,47.29,521.79,2388.08,8124.66,8.4382,0.03,393,2388,100.0,38.9,23.2366
1,44,-0.0016,0.0003,100.0,518.67,642.22,1587.42,1409.37,14.62,21.61,553.45,2388.13,9045.15,1.3,47.48,521.41,2388.13,8121.35,8.4408,0.03,393,2388,100.0,38.94,23.2311
1,45,0.0019,-0.0004,100.0,518.67,643.24,1590.34,1411.64,14.62,21.61,553.39,2388.18,9031.6,1.3,47.45,521.28,2388.11,8122.48,8.4382,0.03,394,2388,100.0,38.89,23.2792
1,46,-0.0026,-0.0004,100.0,518.67,642.57,1589.01,1412.73,14.62,21.61,553.32,2388.08,9037.74,1.3,47.51,521.51,2388.14,8123.2,8.4126,0.03,394,2388,100.0,38.96,23.3517
1,47,0.0015,-0.0004,100.0,518.67,642.64,1590.84,1401.78,14.62,21.61,553.46,2388.1,9042.44,1.3,47.42,521.67,2388.11,8128.95,8.451,0.03,392,2388,100.0,39.04,23.3021
1,48,-0.0,0.0001,100.0,518.67,642.8,1596.05,1406.51,14.62,21.61,553.02,2388.18,9045.22,1.3,47.45,521.57,2388.16,8127.55,8.4119,0.03,394,2388,100.0,38.92,23.1685
1,49,-0.0016,-0.0001,100.0,518.67,642.84,1588.06,1411.84,14.62,21.61,553.66,2388.15,9042.7,1.3,47.62,521.57,2388.17,8123.65,8.4271,0.03,391,2388,100.0,38.59,23.322
1,50,-0.0027,-0.0003,100.0,518.67,643.14,1593.13,1405.83,14.62,21.61,554.14,2388.16,9044.25,1.3,47.59,520.87,2388.09,8128.81,8.4198,0.03,392,2388,100.0,38.81,23.4356
1,51,-0.0002,0.0005,100.0,518.67,641.74,1589.57,1404.06,14.62,21.61,554.11,2388.08,9043.66,1.3,47.39,521.45,2388.13,8130.81,8.4337,0.03,391,2388,100.0,38.93,23.2859
1,52,0.002,0.0002,100.0,518.67,642.51,1584.8,1411.91,14.62,21.61,552.8,2388.08,9044.26,1.3,47.42,521.84,2388.08,8124.71,8.4679,0.03,394,2388,100.0,38.77,23.3463
1,53,0.0023,-0.0005,100.0,518.67,642.93,1589.47,1406.78,14.62,21.61,553.54,2388.15,9043.86,1.3,47.33,521.86,2388.12,8121.09,8.4564,0.03,393,2388,100.0,38.99,23.3139
1,54,-0.0016,0.0004,100.0,518.67,642.63,1590.89,1404.73,14.62,21.61,552.92,2388.09,9046.91,1.3,47.38,521.38,2388.13,8128.95,8.4177,0.03,394,2388,100.0,38.92,23.3561
1,55,0.0017,-0.0001,100.0,518.67,642.84,1584.55,1405.04,14.62,21.61,553.25,2388.1,9043.96,1.3,47.54,521.73,2388.13,8123.88,8.4224,0.03,394,2388,100.0,38.81,23.3056
1,56,-0.0,0.0001,100.0,518.67,642.09,1583.81,1407.43,14.62,21.61,553.76,2388.14,9048.97,1.3,47.71,521.27,2388.11,8125.43,8.4465,0.03,393,2388,100.0,38.75,23.2049
1,57,0.0008,-0.0004,100.0,518.67,643.62,1586.86,1406.19,14.62,21.61,553.08,2388.09,9040.15,1.3,47.55,521.46,2388.09,8122.52,8.4143,0.03,394,2388,100.0,38.63,23.3495
1,58,0.0027,0.0002,100.0,518.67,642.95,1589.77,1412.33,14.62,21.61,553.45,2388.12,9035.93,1.3,47.65,521.66,2388.11,8122.36,8.4254,0.03,392,2388,100.0,38.87,23.271
1,59,0.0,0.0001,100.0,518.67,642.88,1589.48,1403.14,14.62,21.61,553.61,2388.09,9045.72,1.3,47.52,521.58,2388.14,8126.6,8.4422,0.03,393,2388,100.0,38.87,23.3527
1,60,-0.0005,0.0001,100.0,518.67,642.64,1591.51,1405.18,14.62,21.61,552.74,2388.17,9040.49,1.3,47.52,521.37,2388.16,8121.31,8.4422,0.03,393,2388,100.0,38.98,23.2576
1,61,0.0003,0.0001,100.0,518.67,642.56,1592.36,1404.84,14.62,21.61,553.65,2388.13,9046.24,1.3,47.48,521.56,2388.17,8128.3,8.4237,0.03,395,2388,100.0,38.9,23.3079
1,62,0.0035,-0.0004,100.0,518.67,642.43,1591.02,1406.55,14.62,21.61,553.25,2388.1,9047.96,1.3,47.34,521.5,2388.12,8126.27,8.4301,0.03,393,2388,100.0,38.97,23.2842
1,63,0.0006,-0.0003,100.0,518.67,642.97,1589.63,1411.67,14.62,21.61,553.48,2388.11,9037.88,1.3,47.56,521.52,2388.12,8126.51,8.4105,0.03,392,2388,100.0,38.69,23.3091
1,64,0.0001,0.0004,100.0,518.67,641.89,1592.55,1406.38,14.62,21.61,553.3,2388.09,9039.46,1.3,47.52,521.23,2388.17,8120.18,8.4429,0.03,393,2388,100.0,38.89,23.2092
1,65,-0.0018,0.0001,100.0,518.67,642.61,1588.7,1408.8,14.62,21.61,553.93,2388.17,9038.63,1.3,47.5,521.39,2388.1,8119.85,8.4237,0.03,394,2388,100.0,38.71,23.3828
1,66,0.0042,0.0002,100.0,518.67,642.69,1580.75,1405.16,14.62,21.61,553.15,2388.09,9040.76,1.3,47.41,521.1,2388.12,8121.37,8.4446,0.03,392,2388,100.0,38.88,23.2864
1,67,-0.001,0.0001,100.0,518.67,642.19,1590.26,1410.26,14.62,21.61,553.68,2388.09,9052.27,1.3,47.57,521.7,2388.13,8121.27,8.4434,0.03,393,2388,100.0,38.74,23.2483
1,68,-0.0006,-0.0005,100.0,518.67,642.42,1584.49,1404.86,14.62,21.61,552.88,2388.15,9034.25,1.3,47.34,521.5,2388.13,8121.54,8.4351,0.03,394,2388,100.0,38.97,23.3143
1,69,-0.0018,0.0003,100.0,518.67,642.27,1584.54,1413.84,14.62,21.61,552.99,2388.1,9045.74,1.3,47.44,521.36,2388.12,8123.6,8.4561,0.03,394,2388,100.0,38.83,23.3503
1,70,-0.0022,-0.0001,100.0,518.67,642.8,1586.38,1412.29,14.62,21.61,553.53,2388.15,9038.69,1.3,47.65,521.64,2388.11,8122.05,8.4142,0.03,393,2388,100.0,38.78,23.366
1,71,-0.0007,0.0003,100.0,518.67,642.53,1590.43,1412.69,14.62,21.61,553.36,2388.14,9046.75,1.3,47.46,521.3,2388.15,8123.53,8.4389,0.03,393,2388,100.0,38.67,23.3855
1,72,0.0032,-0.0004,100.0,518.67,642.66,1590.96,1409.0,14.62,21.61,553.24,2388.1,9041.05,1.3,47.5,521.6,2388.1,8123.03,8.4322,0.03,392,2388,100.0,38.7,23.3698
1,73,-0.0024,0.0001,100.0,518.67,642.32,1589.74,1406.64,14.62,21.61,552.74,2388.09,9042.59,1.3,47.46,521.01,2388.18,8124.98,8.4338,0.03,394,2388,100.0,38.75,23.3273
1,74,-0.0001,-0.0003,100.0,518.67,642.42,1585.33,1408.22,14.62,21.61,553.15,2388.19,9036.54,1.3,47.49,520.94,2388.13,8128.31,8.4323,0.03,394,2388,100.0,38.79,23.2432
1,75,-0.0013,0.0001,100.0,518.67,642.79,1585.79,1412.86,14.62,21.61,553.23,2388.18,9047.2,1.3,47.68,521.3,2388.12,8125.59,8.421,0.03,392,2388,100.0,38.9,23.2128
1,76,-0.0036,0.0002,100.0,518.67,642.34,1586.11,1400.53,14.62,21.61,552.81,2388.02,9038.33,1.3,47.51,521.13,2388.07,8121.62,8.4547,0.03,393,2388,100.0,38.62,23.3871
1,77,-0.0019,-0.0003,100.0,518.67,642.43,1584.37,1407.64,14.62,21.61,553.48,2388.15,9046.21,1.3,47.53,521.31,2388.17,8121.28,8.4197,0.03,392,2388,100.0,38.71,23.2559
1,78,-0.0012,0.0002,100.0,518.67,642.77,1592.17,1408.42,14.62,21.61,553.75,2388.16,9040.38,1.3,47.47,521.23,2388.16,8123.8,8.4222,0.03,393,2388,100.0,38.67,23.3661
1,79,0.0033,0.0001,100.0,518.67,642.86,1589.43,1413.05,14.62,21.61,553.43,2388.16,9041.24,1.3,47.68,521.12,2388.17,8118.71,8.4156,0.03,393,2388,100.0,38.82,23.2648
1,80,0.0014,-0.0002,100.0,518.67,642.17,1589.59,1416.17,14.62,21.61,553.15,2388.14,9041.27,1.3,47.48,521.39,2388.12,8128.26,8.4436,0.03,393,2388,100.0,38.87,23.1758
1,81,-0.0022,0.0004,100.0,518.67,642.67,1594.76,1410.5,14.62,21.61,552.91,2388.09,9040.81,1.3,47.57,521.47,2388.14,8123.29,8.452,0.03,393,2388,100.0,38.7,23.3248
1,82,0.0023,-0.0005,100.0,518.67,642.18,1590.35,1403.41,14.62,21.61,553.52,2388.19,9041.11,1.3,47.54,520.89,2388.12,8129.97,8.4601,0.03,395,2388,100.0,38.88,23.3414
1,83,0.0014,-0.0002,100.0,518.67,642.31,1586.66,1406.53,14.62,21.61,553.67,2388.1,9038.74,1.3,47.51,521.6,2388.2,8124.55,8.4638,0.03,392,2388,100.0,38.63,23.1919
1,84,0.0009,0.0004,100.0,518.67,642.37,1588.05,1410.47,14.62,21.61,553.27,2388.06,9044.62,1.3,47.64,521.87,2388.08,8126.35,8.4238,0.03,394,2388,100.0,38.7,23.2985
1,85,0.0029,-0.0002,100.0,518.67,642.8,1589.92,1405.6,14.62,21.61,554.18,2388.13,9039.61,1.3,47.59,521.15,2388.12,8122.93,8.4012,0.03,393,2388,100.0,38.85,23.273
1,86,0.0006,0.0001,100.0,518.67,642.3,1586.28,1405.75,14.62,21.61,552.86,2388.12,9041.83,1.3,47.42,520.81,2388.14,8124.41,8.4547,0.03,394,2388,100.0,38.74,23.2403
1,87,-0.0002,-0.0004,100.0,518.67,643.04,1589.24,1404.69,14.62,21.61,553.25,2388.13,9043.65,1.3,47.57,521.38,2388.16,8124.93,8.4483,0.03,394,2388,100.0,38.7,23.2118
1,88,0.0025,-0.0001,100.0,518.67,642.6,1587.95,1400.77,14.62,21.61,553.43,2388.08,9041.82,1.3,47.53,521.34,2388.19,8129.82,8.4308,0.03,394,2388,100.0,38.97,23.2563
1,89,-0.0004,0.0001,100.0,518.67,642.55,1586.85,1415.46,14.62,21.61,552.81,2388.14,9043.87,1.3,47.47,521.81,2388.12,8125.3,8.445,0.03,392,2388,100.0,38.88,23.2571
1,90,0.0004,-0.0001,100.0,518.67,642.78,1597.82,1410.6,14.62,21.61,552.68,2388.13,9045.69,1.3,47.71,521.63,2388.19,8126.38,8.4232,0.03,394,2388,100.0,38.78,23.4447
1,91,-0.0027,0.0003,100.0,518.67,642.6,1587.56,1406.55,14.62,21.61,553.25,2388.17,9045.05,1.3,47.49,521.19,2388.11,8125.33,8.4217,0.03,391,2388,100.0,38.89,23.3508
1,92,0.0009,0.0001,100.0,518.67,642.67,1593.15,1405.18,14.62,21.61,552.64,2388.17,9043.86,1.3,47.57,521.05,2388.16,8127.5,8.4333,0.03,394,2388,100.0,38.81,23.2722
1,93,0.0006,-0.0002,100.0,518.67,642.93,1588.07,1409.25,14.62,21.61,553.21,2388.19,9041.95,1.3,47.65,521.52,2388.11,8123.4,8.4625,0.03,393,2388,100.0,38.93,23.3146
1,94,-0.0007,-0.0,100.0,518.67,642.36,1583.38,1406.55,14.62,21.61,553.1,2388.18,9045.04,1.3,47.55,521.11,2388.06,8118.78,8.4348,0.03,391,2388,100.0,38.79,23.2974
1,95,-0.0004,0.0004,100.0,518.67,642.82,1594.89,1406.75,14.62,21.61,553.19,2388.15,9042.88,1.3,47.69,520.52,2388.14,8121.22,8.4544,0.03,394,2388,100.0,38.82,23.2875
1,96,-0.0011,-0.0001,100.0,518.67,642.97,1589.62,1412.44,14.62,21.61,552.77,2388.12,9042.33,1.3,47.53,521.69,2388.17,8120.2,8.4631,0.03,391,2388,100.0,38.89,23.2619
1,97,0.0009,0.0002,100.0,518.67,642.81,1599.69,1412.12,14.62,21.61,552.64,2388.08,9034.6,1.3,47.39,521.15,2388.08,8124.18,8.436,0.03,393,2388,100.0,38.87,23.268
1,98,-0.0015,0.0004,100.0,518.67,642.69,1599.68,1407.77,14.62,21.61,552.96,2388.15,9049.05,1.3,47.45,521.53,2388.12,8124.49,8.4493,0.03,392,2388,100.0,38.83,23.3945
1,99,-0.0031,0.0004,100.0,518.67,642.58,1585.13,1404.0,14.62,21.61,553.04,2388.12,9042.14,1.3,47.45,521.41,2388.12,8120.16,8.4181,0.03,393,2388,100.0,38.88,23.3121
1,100,-0.0011,-0.0002,100.0,518.67,642.68,1585.54,1410.79,14.62,21.61,553.65,2388.14,9044.6,1.3,47.47,521.44,2388.12,8118.67,8.4591,0.03,394,2388,100.0,38.91,23.2423
1,101,-0.0003,0.0,100.0,518.67,642.91,1587.19,1407.63,14.62,21.61,553.38,2388.09,9042.2,1.3,47.67,521.45,2388.11,8123.49,8.4465,0.03,393,2388,100.0,38.75,23.2214
1,102,0.0008,0.0002,100.0,518.67,642.54,1580.86,1406.92,14.62,21.61,553.03,2388.13,9047.05,1.3,47.48,521.23,2388.12,8115.66,8.451,0.03,394,2388,100.0,38.6,23.1997
1,103,-0.0043,-0.0003,100.0,518.67,642.77,1590.78,1409.14,14.62,21.61,553.51,2388.11,9046.2,1.3,47.63,521.67,2388.1,8123.74,8.4498,0.03,393,2388,100.0,38.71,23.3246
1,104,0.0041,-0.0004,100.0,518.67,642.84,1589.27,1408.77,14.62,21.61,553.08,2388.1,9042.15,1.3,47.59,521.24,2388.16,8124.52,8.4313,0.03,395,2388,100.0,38.83,23.2223
1,105,-0.0024,0.0001,100.0,518.67,642.57,1589.61,1410.29,14.62,21.61,553.45,2388.12,9044.92,1.3,47.57,520.96,2388.1,8124.6,8.4446,0.03,393,2388,100.0,38.79,23.3646
1,106,-0.0008,0.0004,100.0,518.67,642.68,1589.44,1398.53,14.62,21.61,553.43,2388.16,9038.53,1.3,47.68,520.78,2388.14,8129.33,8.4542,0.03,393,2388,100.0,38.91,23.3219
1,107,0.0018,0.0002,100.0,518.67,642.79,1595.14,1409.11,14.62,21.61,553.45,2388.2,9041.1,1.3,47.58,520.96,2388.17,8122.24,8.4824,0.03,394,2388,100.0,38.8,23.224
1,108,0.0001,-0.0002,100.0,518.67,642.27,1595.49,1408.78,14.62,21.61,553.52,2388.17,9041.71,1.3,47.59,521.32,2388.09,8121.12,8.4542,0.03,393,2388,100.0,38.72,23.2454
1,109,0.0003,0.0,100.0,518.67,642.94,1598.03,1406.31,14.62,21.61,553.3,2388.15,9039.6,1.3,47.64,520.69,2388.1,8124.56,8.4564,0.03,394,2388,100.0,38.75,23.3621
1,110,0.0009,0.0003,100.0,518.67,642.66,1591.0,1412.12,14.62,21.61,553.23,2388.15,9045.28,1.3,47.55,521.02,2388.15,8126.04,8.455,0.03,393,2388,100.0,38.87,23.3564
1,111,-0.0003,-0.0004,100.0,518.67,642.22,1588.0,1407.91,14.62,21.61,553.36,2388.17,9041.47,1.3,47.69,521.68,2388.19,8118.18,8.4275,0.03,394,2388,100.0,38.81,23.3104
1,112,-0.0002,-0.0003,100.0,518.67,643.15,1592.94,1412.09,14.62,21.61,553.8,2388.14,9044.54,1.3,47.6,521.04,2388.12,8123.34,8.4202,0.03,392,2388,100.0,38.82,23.3506
1,113,-0.001,-0.0002,100.0,518.67,642.73,1585.52,1407.05,14.62,21.61,553.02,2388.15,9040.21,1.3,47.59,521.39,2388.1,8122.29,8.4554,0.03,394,2388,100.0,38.75,23.3692
1,114,0.002,0.0003,100.0,518.67,642.61,1596.7,1414.15,14.62,21.61,553.29,2388.2,9036.36,1.3,47.52,521.29,2388.15,8118.94,8.4276,0.03,393,2388,100.0,38.86,23.3935
1,115,-0.0033,-0.0004,100.0,518.67,643.24,1587.3,1410.92,14.62,21.61,553.3,2388.11,9042.48,1.3,47.7,521.13,2388.16,8121.83,8.4351,0.03,392,2388,100.0,38.79,23.3035
1,116,-0.0016,0.0,100.0,518.67,642.84,1587.52,1410.87,14.62,21.61,552.92,2388.15,9041.88,1.3,47.57,520.75,2388.16,8121.74,8.4508,0.03,392,2388,100.0,38.83,23.3169
1,117,0.0002,-0.0001,100.0,518.67,642.88,1589.35,1409.37,14.62,21.61,552.74,2388.11,9040.52,1.3,47.67,520.43,2388.16,8125.84,8.4495,0.03,393,2388,100.0,38.79,23.2803
1,118,-0.0004,-0.0001,100.0,518.67,642.09,1597.31,1411.51,14.62,21.61,552.96,2388.18,9044.4,1.3,47.55,520.85,2388.13,8126.59,8.4512,0.03,394,2388,100.0,38.97,23.2126
1,119,-0.0015,-0.0002,100.0,518.67,642.21,1589.62,1406.34,14.62,21.61,553.34,2388.12,9044.33,1.3,47.63,521.27,2388.16,8121.7,8.4186,0.03,395,2388,100.0,38.68,23.2589
1,120,0.0039,-0.0002,100.0,518.67,642.83,1589.32,1406.14,14.62,21.61,553.14,2388.17,9041.75,1.3,47.68,521.3,2388.14,8122.86,8.4485,0.03,393,2388,100.0,38.85,23.2833
1,121,-0.0025,0.0004,100.0,518.67,642.9,1590.17,1413.32,14.62,21.61,552.89,2388.08,9041.01,1.3,47.59,521.43,2388.17,8125.2,8.4145,0.03,394,2388,100.0,38.69,23.3496
1,122,-0.0029,0.0004,100.0,518.67,642.42,1590.73,1410.21,14.62,21.61,552.84,2388.13,9044.81,1.3,47.5,521.24,2388.21,8119.54,8.457,0.03,393,2388,100.0,38.8,23.2659
1,123,-0.0003,0.0004,100.0,518.67,642.65,1591.34,1410.69,14.62,21.61,552.6,2388.13,9041.64,1.3,47.56,521.08,2388.16,8124.22,8.4234,0.03,394,2388,100.0,38.78,23.3075
1,124,0.0036,0.0001,100.0,518.67,642.69,1597.94,1412.63,14.62,21.61,552.83,2388.14,9049.0,1.3,47.62,521.21,2388.19,8123.38,8.4958,0.03,393,2388,100.0,38.87,23.1503
1,125,-0.0032,-0.0001,100.0,518.67,642.67,1592.63,1408.05,14.62,21.61,552.39,2388.15,9042.77,1.3,47.51,521.32,2388.14,8120.51,8.4732,0.03,391,2388,100.0,38.62,23.2028
1,126,0.0001,0.0004,100.0,518.67,642.96,1585.68,1408.4,14.62,21.61,553.0,2388.14,9045.34,1.3,47.57,520.94,2388.13,8122.5,8.4675,0.03,393,2388,100.0,38.65,23.2026
1,127,-0.0008,0.0002,100.0,518.67,642.78,1593.3,1409.2,14.62,21.61,553.11,2388.2,9042.25,1.3,47.65,521.59,2388.08,8120.46,8.445,0.03,394,2388,100.0,38.92,23.3289
1,128,0.0014,0.0005,100.0,518.67,642.98,1592.92,1413.47,14.62,21.61,551.86,2388.13,9047.27,1.3,47.68,521.3,2388.19,8121.82,8.4174,0.03,394,2388,100.0,38.71,23.2602
1,129,-0.0012,-0.0002,100.0,518.67,642.85,1591.68,1408.3,14.62,21.61,552.92,2388.16,9038.42,1.3,47.64,521.41,2388.15,8120.74,8.4355,0.03,396,2388,100.0,38.76,23.2461
1,130,0.0019,-0.0004,100.0,518.67,642.9,1597.11,1410.51,14.62,21.61,553.58,2388.17,9043.32,1.3,47.6,520.95,2388.16,8121.84,8.4421,0.03,394,2388,100.0,38.97,23.2865
1,131,-0.002,0.0003,100.0,518.67,642.04,1587.82,1408.96,14.62,21.61,553.3,2388.14,9042.96,1.3,47.5,521.16,2388.16,8127.37,8.4293,0.03,394,2388,100.0,38.75,23.2658
1,132,-0.0005,0.0002,100.0,518.67,642.84,1590.35,1415.73,14.62,21.61,553.02,2388.13,9041.97,1.3,47.55,521.18,2388.17,8115.66,8.3991,0.03,392,2388,100.0,38.81,23.3816
1,133,0.0016,0.0005,100.0,518.67,642.97,1591.52,1406.3,14.62,21.61,552.96,2388.18,9034.0,1.3,47.64,520.92,2388.12,8126.09,8.4466,0.03,394,2388,100.0,38.84,23.3197
1,134,0.0011,-0.0004,100.0,518.67,642.47,1593.36,1409.74,14.62,21.61,553.15,2388.14,9050.61,1.3,47.52,521.33,2388.13,8120.4,8.4339,0.03,394,2388,100.0,38.92,23.2743
1,135,-0.0043,0.0001,100.0,518.67,642.55,1595.95,1411.58,14.62,21.61,553.01,2388.16,9038.28,1.3,47.69,521.06,2388.2,8121.21,8.4629,0.03,392,2388,100.0,38.68,23.1785
1,136,0.0012,-0.0001,100.0,518.67,643.16,1587.87,1409.8,14.62,21.61,552.29,2388.18,9042.18,1.3,47.42,521.08,2388.18,8121.99,8.4514,0.03,391,2388,100.0,38.75,23.2379
1,137,0.0005,-0.0001,100.0,518.67,642.45,1591.54,1411.02,14.62,21.61,553.12,2388.17,9037.7,1.3,47.63,521.42,2388.14,8120.01,8.4457,0.03,394,2388,100.0,38.93,23.2364
1,138,0.0016,0.0004,100.0,518.67,642.93,1593.38,1416.1,14.62,21.61,552.89,2388.09,9041.96,1.3,47.47,521.22,2388.13,8126.49,8.4204,0.03,393,2388,100.0,38.74,23.3086
1,139,-0.0022,-0.0001,100.0,518.67,642.5,1593.82,1410.21,14.62,21.61,552.68,2388.14,9048.63,1.3,47.48,521.39,2388.12,8123.73,8.4368,0.03,394,2388,100.0,38.74,23.1927
1,140,-0.0038,0.0004,100.0,518.67,642.8,1585.5,1415.32,14.62,21.61,552.39,2388.16,9036.31,1.3,47.7,521.38,2388.2,8126.42,8.4375,0.03,394,2388,100.0,38.68,23.2933
1,141,-0.0012,-0.0001,100.0,518.67,642.56,1592.74,1415.9,14.62,21.61,553.69,2388.17,9034.67,1.3,47.69,520.64,2388.18,8118.73,8.4817,0.03,392,2388,100.0,38.86,23.1846
1,142,0.0009,-0.0,100.0,518.67,643.4,1587.56,1411.22,14.62,21.61,553.32,2388.15,9046.07,1.3,47.57,520.95,2388.11,8117.41,8.4278,0.03,394,2388,100.0,38.97,23.1695
1,143,0.0018,-0.0002,100.0,518.67,642.91,1599.43,1410.13,14.62,21.61,552.82,2388.2,9036.78,1.3,47.73,520.68,2388.17,8117.56,8.4478,0.03,395,2388,100.0,38.62,23.3314
1,144,0.0026,-0.0005,100.0,518.67,642.9,1596.3,1418.09,14.62,21.61,552.89,2388.16,9040.48,1.3,47.79,520.94,2388.21,8120.93,8.4472,0.03,393,2388,100.0,38.76,23.2708
1,145,0.0004,0.0003,100.0,518.67,642.83,1600.09,1414.13,14.62,21.61,553.18,2388.17,9036.88,1.3,47.65,521.1,2388.2,8124.13,8.4513,0.03,394,2388,100.0,38.76,23.3389
1,146,0.0017,-0.0001,100.0,518.67,642.84,1588.61,1415.42,14.62,21.61,552.95,2388.19,9044.27,1.3,47.54,520.89,2388.15,8120.91,8.4293,0.03,393,2388,100.0,38.93,23.2151
1,147,0.0003,-0.0004,100.0,518.67,643.27,1589.37,1413.38,14.62,21.61,553.26,2388.22,9040.82,1.3,47.88,520.34,2388.14,8118.37,8.4557,0.03,392,2388,100.0,38.82,23.1391
1,148,-0.0015,-0.0001,100.0,518.67,642.75,1587.82,1411.23,14.62,21.61,552.93,2388.19,9044.61,1.3,47.63,521.23,2388.14,8126.02,8.4877,0.03,393,2388,100.0,38.94,23.3156
1,149,0.0005,-0.0001,100.0,518.67,642.65,1593.73,1411.17,14.62,21.61,552.98,2388.19,9043.88,1.3,47.82,520.64,2388.19,8116.61,8.4459,0.03,395,2388,100.0,38.71,23.2013
1,150,0.0,0.0004,100.0,518.67,642.6,1590.92,1415.66,14.62,21.61,552.35,2388.17,9036.11,1.3,47.8,521.08,2388.15,8117.38,8.4578,0.03,394,2388,100.0,38.62,23.3161
1,151,0.0009,-0.0,100.0,518.67,642.8,1589.27,1419.69,14.62,21.61,553.14,2388.17,9039.84,1.3,47.72,520.56,2388.19,8120.79,8.4757,0.03,393,2388,100.0,38.63,23.2144
1,152,-0.0011,0.0003,100.0,518.67,642.96,1595.05,1413.01,14.62,21.61,552.66,2388.12,9034.66,1.3,47.83,520.65,2388.17,8119.07,8.4334,0.03,393,2388,100.0,38.68,23.2734
1,153,0.003,-0.0003,100.0,518.67,643.22,1595.65,1409.94,14.62,21.61,552.56,2388.2,9034.86,1.3,47.62,521.31,2388.17,8120.69,8.4887,0.03,394,2388,100.0,38.61,23.275
1,154,0.0032,-0.0005,100.0,518.67,643.04,1592.92,1413.37,14.62,21.61,552.53,2388.15,9041.11,1.3,47.65,520.89,2388.19,8123.01,8.4494,0.03,393,2388,100.0,38.55,23.2112
1,155,0.0002,-0.0004,100.0,518.67,642.62,1592.23,1417.66,14.62,21.61,552.94,2388.22,9036.38,1.3,47.59,520.62,2388.15,8120.1,8.4347,0.03,392,2388,100.0,38.63,23.1816
1,156,0.0007,-0.0001,100.0,518.67,643.3,1598.38,1417.77,14.62,21.61,552.84,2388.17,9038.82,1.3,47.69,521.38,2388.18,8119.98,8.4736,0.03,395,2388,100.0,38.74,23.1761
1,157,0.0032,0.0001,100.0,518.67,642.94,1596.26,1411.67,14.62,21.61,552.94,2388.21,9040.88,1.3,47.67,520.79,2388.16,8125.27,8.4726,0.03,393,2388,100.0,38.57,23.3172
1,158,-0.0017,-0.0004,100.0,518.67,642.52,1593.45,1412.15,14.62,21.61,552.9,2388.17,9042.58,1.3,47.73,520.38,2388.15,8120.92,8.4414,0.03,394,2388,100.0,38.66,23.2992
2,1,-0.0036,-0.0004,100.0,518.67,641.69,1584.38,1396.02,14.62,21.6,555.46,2388.01,9054.8,1.3,47.15,523.07,2387.98,8142.67,8.3751,0.03,392,2388,100.0,39.14,23.5411
2,2,-0.0008,0.0003,100.0,518.67,642.24,1590.16,1395.68,14.62,21.61,555.0,2388.04,9051.59,1.3,47.1,523.09,2388.02,8140.27,8.3816,0.03,391,2388,100.0,39.02,23.4445
2,3,0.0018,0.0003,100.0,518.67,642.27,1585.14,1401.53,14.62,21.6,555.31,2387.94,9054.15,1.3,47.06,522.7,2387.92,8139.5,8.3951,0.03,392,2388,100.0,39.05,23.5008
2,4,0.0019,0.0003,100.0,518.67,642.22,1582.01,1397.81,14.62,21.6,555.12,2388.0,9054.76,1.3,47.08,523.67,2388.01,8136.9,8.3524,0.03,391,2388,100.0,39.25,23.4319
2,5,0.0001,0.0004,100.0,518.67,642.31,1581.11,1402.55,14.62,21.61,555.24,2388.03,9052.87,1.3,47.12,523.28,2388.04,8139.52,8.3698,0.03,391,2388,100.0,39.17,23.355
2,6,0.0026,-0.0003,100.0,518.67,641.86,1579.96,1393.97,14.62,21.6,555.47,2388.0,9050.41,1.3,47.22,522.61,2387.98,8138.1,8.3631,0.03,391,2388,100.0,39.14,23.3806
2,7,0.0021,-0.0002,100.0,518.67,642.6,1582.06,1399.01,14.62,21.6,554.75,2388.04,9058.39,1.3,47.15,522.95,2388.05,8136.79,8.3826,0.03,393,2388,100.0,39.12,23.5198
2,8,0.003,0.0004,100.0,518.67,641.64,1582.13,1395.11,14.62,21.6,555.64,2388.01,9055.83,1.3,47.26,523.05,2388.06,8130.15,8.3834,0.03,391,2388,100.0,38.9,23.532
2,9,0.004,0.0003,100.0,518.67,641.51,1579.39,1389.41,14.62,21.6,555.63,2387.99,9054.32,1.3,47.27,523.55,2387.98,8137.16,8.3919,0.03,392,2388,100.0,39.3,23.531
2,10,-0.0011,0.0004,100.0,518.67,641.86,1590.38,1385.11,14.62,21.6,555.02,2388.05,9050.08,1.3,47.22,522.25,2388.01,8140.12,8.373,0.03,391,2388,100.0,39.05,23.4545
2,11,-0.0007,-0.0,100.0,518.67,641.95,1577.31,1394.87,14.62,21.6,555.18,2388.02,9056.07,1.3,47.09,523.16,2387.98,8138.32,8.3442,0.03,391,2388,100.0,38.99,23.4471
2,12,-0.0043,0.0001,100.0,518.67,642.16,1586.78,1395.98,14.62,21.6,555.38,2388.01,9058.04,1.3,47.04,522.9,2388.02,8137.19,8.3882,0.03,393,2388,100.0,39.36,23.3908
2,13,0.0011,-0.0001,100.0,518.67,642.48,1577.87,1391.05,14.62,21.6,554.93,2388.06,9053.24,1.3,47.21,523.44,2388.03,8139.89,8.3968,0.03,390,2388,100.0,39.16,23.4663
2,14,-0.0008,-0.0003,100.0,518.67,641.57,1580.45,1397.15,14.62,21.6,555.07,2387.99,9055.68,1.3,47.18,522.89,2388.08,8139.45,8.3742,0.03,392,2388,100.0,39.04,23.4072
2,15,-0.0003,-0.0004,100.0,518.67,641.54,1585.18,1384.18,14.62,21.6,555.83,2388.0,9054.4,1.3,47.21,523.53,2388.04,8143.11,8.3948,0.03,392,2388,100.0,39.13,23.4153
2,16,-0.003,-0.0002,100.0,518.67,642.3,1588.8,1400.24,14.62,21.6,555.2,2387.99,9052.68,1.3,47.08,523.06,2387.99,8138.75,8.3793,0.03,390,2388,100.0,39.05,23.4934
2,17,-0.002,-0.0002,100.0,518.67,641.57,1579.64,1395.28,14.62,21.6,555.33,2387.98,9055.65,1.3,47.09,523.31,2388.03,8137.0,8.3625,0.03,392,2388,100.0,39.21,23.5326
2,18,0.0005,-0.0004,100.0,518.67,642.25,1585.4,1406.17,14.62,21.61,555.82,2388.02,9053.7,1.3,47.23,522.98,2387.96,8141.98,8.391,0.03,391,2388,100.0,39.18,23.5104
2,19,0.002,-0.0003,100.0,518.67,641.86,1580.2,1404.26,14.62,21.61,555.34,2388.05,9056.09,1.3,47.32,523.12,2388.03,8144.75,8.396,0.03,393,2388,100.0,39.08,23.328
2,20,0.0028,0.0001,100.0,518.67,642.29,1578.05,1397.97,14.62,21.6,555.25,2387.98,9056.87,1.3,47.28,523.07,2388.03,8131.63,8.3964,0.03,389,2388,100.0,39.05,23.4729
2,21,-0.0003,0.0001,100.0,518.67,642.14,1574.85,1390.9,14.62,21.6,555.82,2388.04,9054.22,1.3,47.02,523.11,2387.96,8134.73,8.3871,0.03,390,2388,100.0,38.98,23.5659
2,22,-0.0051,0.0003,100.0,518.67,641.49,1583.01,1403.51,14.62,21.6,554.96,2387.93,9056.21,1.3,47.26,522.63,2388.01,8139.71,8.3859,0.03,391,2388,100.0,39.11,23.5141
2,23,0.0009,-0.0001,100.0,518.67,641.84,1584.03,1394.39,14.62,21.61,555.16,2387.98,9054.3,1.3,47.29,523.12,2388.04,8136.5,8.3656,0.03,391,2388,100.0,39.05,23.4531
2,24,0.0062,0.0004,100.0,518.67,642.12,1579.05,1393.25,14.62,21.61,556.12,2388.01,9057.99,1.3,47.27,523.43,2388.06,8138.83,8.3677,0.03,391,2388,100.0,39.03,23.5206
2,25,-0.0002,-0.0004,100.0,518.67,641.99,1582.24,1388.89,14.62,21.61,555.32,2388.01,9061.57,1.3,47.24,523.65,2388.0,8139.56,8.3666,0.03,392,2388,100.0,39.09,23.5
2,26,-0.002,0.0002,100.0,518.67,642.26,1581.44,1402.48,14.62,21.6,555.36,2387.98,9048.91,1.3,47.16,523.44,2387.97,8133.93,8.3722,0.03,392,2388,100.0,39.0,23.4354
2,27,-0.0007,0.0003,100.0,518.67,641.48,1586.49,1398.27,14.62,21.6,555.87,2388.04,9054.36,1.3,47.19,522.87,2387.99,8139.54,8.3649,0.03,390,2388,100.0,38.99,23.508
2,28,0.0042,0.0004,100.0,518.67,642.07,1582.4,1392.65,14.62,21.61,555.76,2388.05,9056.74,1.3,47.0,523.14,2388.05,8143.79,8.3762,0.03,392,2388,100.0,39.09,23.4928
2,29,0.003,-0.0003,100.0,518.67,641.92,1579.69,1396.95,14.62,21.6,555.35,2388.04,9054.98,1.3,47.13,522.68,2387.95,8139.88,8.3775,0.03,391,2388,100.0,38.99,23.481
2,30,-0.0036,0.0005,100.0,518.67,641.85,1590.72,1393.75,14.62,21.6,554.82,2388.01,9048.26,1.3,47.29,523.04,2388.04,8139.44,8.3921,0.03,392,2388,100.0,39.28,23.3293
2,31,-0.0021,-0.0,100.0,518.67,642.78,1583.01,1398.38,14.62,21.6,555.74,2387.96,9053.66,1.3,47.34,523.76,2387.99,8133.15,8.3556,0.03,391,2388,100.0,39.17,23.5124
2,32,0.0008,0.0001,100.0,518.67,641.88,1577.49,1401.15,14.62,21.61,555.86,2388.02,9051.68,1.3,47.18,523.78,2388.04,8134.22,8.3938,0.03,391,2388,100.0,39.0,23.5336
2,33,0.0017,-0.0003,100.0,518.67,641.8,1581.96,1391.28,14.62,21.61,555.46,2388.01,9049.13,1.3,47.2,523.17,2388.0,8140.52,8.3987,0.03,392,2388,100.0,39.1,23.4632
2,34,0.0038,0.0002,100.0,518.67,641.61,1584.69,1400.7,14.62,21.6,554.59,2387.99,9051.0,1.3,47.15,523.62,2388.02,8137.18,8.4039,0.03,392,2388,100.0,39.18,23.4502
2,35,-0.0057,-0.0003,100.0,518.67,642.13,1589.37,1395.8,14.62,21.6,555.01,2388.05,9044.24,1.3,47.1,523.06,2387.95,8135.58,8.3853,0.03,391,2388,100.0,39.0,23.4828
2,36,-0.0028,-0.0001,100.0,518.67,642.15,1582.92,1392.77,14.62,21.6,555.6,2387.98,9048.66,1.3,47.35,522.89,2388.01,8141.77,8.3753,0.03,390,2388,100.0,39.06,23.4481
2,37,0.0045,-0.0004,100.0,518.67,641.66,1586.96,1390.87,14.62,21.6,555.22,2388.05,9058.05,1.3,47.29,523.28,2388.0,8140.2,8.3604,0.03,391,2388,100.0,39.16,23.3895
2,38,0.0008,-0.0002,100.0,518.67,641.54,1586.86,1399.74,14.62,21.61,555.43,2388.1,9058.63,1.3,47.02,523.19,2387.98,8136.04,8.3757,0.03,392,2388,100.0,39.02,23.5921
2,39,-0.0009,-0.0002,100.0,518.67,642.07,1586.23,1396.41,14.62,21.6,556.04,2388.03,9051.84,1.3,47.36,523.25,2388.02,8134.72,8.3839,0.03,391,2388,100.0,39.25,23.4858
2,40,-0.0024,0.0001,100.0,518.67,641.91,1593.22,1394.28,14.62,21.6,555.23,2388.04,9057.14,1.3,47.17,523.11,2387.95,8139.28,8.3821,0.03,391,2388,100.0,39.15,23.4436
2,41,-0.0038,0.0004,100.0,518.67,641.95,1584.41,1391.6,14.62,21.61,555.07,2388.05,9050.58,1.3,47.28,523.68,2388.0,8134.88,8.3761,0.03,392,2388,100.0,39.02,23.4637
2,42,-0.0003,0.0,100.0,518.67,642.44,1582.12,1400.87,14.62,21.6,554.83,2387.99,9063.62,1.3,47.21,523.15,2388.06,8135.3,8.3607,0.03,390,2388,100.0,38.99,23.4636
2,43,-0.0011,-0.0004,100.0,518.67,642.26,1584.47,1391.84,14.62,21.6,555.41,2388.06,9047.25,1.3,47.36,523.62,2388.02,8135.19,8.3444,0.03,390,2388,100.0,39.16,23.5459
2,44,0.0021,-0.0003,100.0,518.67,642.22,1582.5,1398.17,14.62,21.6,555.66,2388.04,9055.35,1.3,47.37,523.5,2388.09,8136.66,8.3865,0.03,392,2388,100.0,38.99,23.4994
2,45,-0.0032,0.0002,100.0,518.67,642.12,1579.18,1392.18,14.62,21.61,556.24,2388.04,9060.51,1.3,47.34,523.21,2387.95,8137.59,8.366,0.03,391,2388,100.0,38.99,23.5025
2,46,-0.0026,-0.0002,100.0,518.67,642.16,1581.97,1391.0,14.62,21.6,554.75,2388.02,9055.13,1.3,47.18,523.13,2388.01,8144.72,8.3552,0.03,390,2388,100.0,39.09,23.383
2,47,0.0021,0.0004,100.0,518.67,642.4,1585.03,1406.45,14.62,21.61,556.02,2388.06,9060.34,1.3,47.15,523.73,2387.99,8137.01,8.366,0.03,390,2388,100.0,39.19,23.5279
2,48,0.0002,0.0003,100.0,518.67,642.17,1582.95,1397.73,14.62,21.6,555.06,2388.02,9061.55,1.3,47.22,523.18,2388.01,8137.1,8.3749,0.03,391,2388,100.0,39.25,23.4546
2,49,-0.0014,-0.0001,100.0,518.67,642.11,1583.23,1394.82,14.62,21.6,555.11,2387.96,9053.98,1.3,47.13,523.18,2388.03,8141.26,8.3682,0.03,391,2388,100.0,39.13,23.4569
2,50,-0.0035,-0.0,100.0,518.67,642.15,1581.34,1397.12,14.62,21.6,556.07,2388.07,9057.95,1.3,47.07,523.34,2388.02,8136.1,8.368,0.03,391,2388,100.0,38.98,23.5051
2,51,-0.0024,-0.0002,100.0,518.67,642.09,1585.74,1400.3,14.62,21.61,556.02,2388.05,9055.51,1.3,47.15,523.76,2388.01,8135.11,8.3942,0.03,392,2388,100.0,39.28,23.5062
2,52,0.0017,0.0001,100.0,518.67,642.59,1584.34,1405.25,14.62,21.6,555.3,2388.07,9059.43,1.3,47.1,523.22,2388.03,8141.26,8.3719,0.03,390,2388,100.0,39.1,23.4575
2,53,-0.001,-0.0002,100.0,518.67,642.32,1584.24,1394.49,14.62,21.61,555.06,2388.05,9051.73,1.3,47.08,523.48,2388.05,8134.96,8.3527,0.03,393,2388,100.0,39.1,23.34
2,54,0.0003,0.0005,100.0,518.67,641.57,1585.1,1395.0,14.62,21.6,555.25,2387.99,9052.86,1.3,47.08,523.05,2387.99,8138.36,8.3649,0.03,391,2388,100.0,39.1,23.4209
2,55,0.0008,0.0002,100.0,518.67,641.59,1580.82,1393.24,14.62,21.6,555.21,2388.01,9056.32,1.3,47.07,523.56,2388.03,8145.15,8.3697,0.03,392,2388,100.0,39.04,23.4764
2,56,-0.0016,-0.0001,100.0,518.67,642.2,1577.51,1393.32,14.62,21.6,555.26,2388.03,9050.47,1.3,47.2,522.83,2388.05,8133.15,8.4156,0.03,391,2388,100.0,39.11,23.4873
2,57,-0.001,0.0003,100.0,518.67,641.76,1590.68,1397.66,14.62,21.6,556.15,2388.05,9057.93,1.3,47.09,523.32,2388.1,8140.33,8.3854,0.03,390,2388,100.0,39.14,23.3488
2,58,0.0026,0.0005,100.0,518.67,642.25,1584.9,1391.8,14.62,21.6,555.54,2388.05,9055.79,1.3,47.16,523.4,2388.09,8144.82,8.3637,0.03,392,2388,100.0,39.13,23.4357
2,59,0.0047,-0.0002,100.0,518.67,642.35,1583.1,1399.17,14.62,21.61,555.78,2388.02,9056.06,1.3,47.11,524.35,2388.05,8133.89,8.3687,0.03,391,2388,100.0,39.22,23.5889
2,60,0.0015,0.0,100.0,518.67,641.79,1586.45,1390.83,14.62,21.6,555.36,2388.06,9058.96,1.3,47.15,523.16,2388.06,8135.92,8.3706,0.03,393,2388,100.0,39.08,23.4623
2,61,0.0009,0.0003,100.0,518.67,641.75,1581.82,1391.92,14.62,21.6,555.42,2388.04,9061.28,1.3,47.03,523.44,2388.03,8137.86,8.3447,0.03,391,2388,100.0,39.02,23.5151
2,62,0.0038,0.0003,100.0,518.67,642.21,1585.69,1395.96,14.62,21.6,554.93,2388.02,9047.76,1.3,46.88,523.03,2387.99,8142.36,8.3861,0.03,391,2388,100.0,39.17,23.5147
2,63,0.0029,-0.0001,100.0,518.67,642.0,1584.27,1392.78,14.62,21.6,555.03,2388.06,9057.6,1.3,47.35,523.55,2388.05,8139.63,8.3994,0.03,391,2388,100.0,39.01,23.382
2,64,0.0008,-0.0003,100.0,518.67,642.01,1589.94,1400.42,14.62,21.6,555.44,2388.01,9056.66,1.3,47.27,523.34,2388.02,8141.33,8.4178,0.03,391,2388,100.0,39.1,23.3871
2,65,0.0031,0.0005,100.0,518.67,642.0,1579.65,1393.66,14.62,21.61,555.43,2388.05,9063.47,1.3,47.21,523.41,2388.01,8139.36,8.4083,0.03,391,2388,100.0,39.02,23.5743
2,66,0.0008,0.0004,100.0,518.67,642.6,1585.06,1394.43,14.62,21.61,555.45,2388.03,9057.47,1.3,47.08,523.53,2388.05,8139.07,8.3576,0.03,390,2388,100.0,39.07,23.472
2,67,0.0006,0.0004,100.0,518.67,641.94,1586.62,1400.79,14.62,21.6,555.55,2388.03,9055.32,1.3,47.2,523.3,2388.03,8140.09,8.3806,0.03,391,2388,100.0,39.03,23.518
2,68,0.0044,-0.0002,100.0,518.67,641.7,1580.54,1400.99,14.62,21.6,555.91,2388.02,9054.83,1.3,47.2,523.03,2388.01,8140.61,8.4115,0.03,393,2388,100.0,39.12,23.4793
2,69,-0.0011,-0.0001,100.0,518.67,641.9,1579.85,1399.04,14.62,21.6,555.43,2388.06,9046.05,1.3,47.18,523.03,2387.98,8136.75,8.3874,0.03,391,2388,100.0,39.22,23.4171
2,70,-0.0031,0.0002,100.0,518.67,642.07,1584.77,1402.13,14.62,21.6,555.56,2387.98,9059.24,1.3,47.06,523.27,2388.03,8139.94,8.3708,0.03,393,2388,100.0,39.13,23.565
2,71,0.0019,0.0001,100.0,518.67,641.65,1585.53,1406.6,14.62,21.61,555.77,2388.01,9055.1,1.3,47.13,523.86,2388.03,8138.38,8.3564,0.03,390,2388,100.0,39.13,23.5214
2,72,0.0011,0.0002,100.0,518.67,641.81,1580.03,1393.7,14.62,21.6,555.57,2388.07,9052.07,1.3,47.19,523.34,2388.03,8133.25,8.3773,0.03,390,2388,100.0,39.35,23.3531
2,73,-0.002,-0.0002,100.0,518.67,642.1,1588.16,1397.04,14.62,21.6,555.42,2388.09,9056.09,1.3,47.03,523.08,2387.98,8138.15,8.3862,0.03,391,2388,100.0,39.23,23.4288
2,74,-0.0016,-0.0001,100.0,518.67,642.05,1581.45,1400.6,14.62,21.6,555.21,2388.05,9054.18,1.3,47.26,523.46,2388.06,8136.44,8.4138,0.03,391,2388,100.0,39.04,23.426
2,75,0.0029,-0.0,100.0,518.67,642.1,1587.74,1397.84,14.62,21.6,555.2,2387.96,9057.5,1.3,47.16,523.78,2388.03,8139.3,8.3281,0.03,390,2388,100.0,39.04,23.3992
2,76,-0.0032,-0.0003,100.0,518.67,641.64,1581.35,1402.57,14.62,21.61,554.87,2388.05,9057.74,1.3,47.26,523.47,2388.01,8137.78,8.3715,0.03,390,2388,100.0,39.13,23.429
2,77,0.0021,0.0004,100.0,518.67,641.93,1580.3,1393.19,14.62,21.61,555.86,2388.03,9058.5,1.3,46.99,524.02,2388.07,8137.7,8.3685,0.03,390,2388,100.0,38.98,23.5078
2,78,-0.0006,0.0001,100.0,518.67,642.35,1581.2,1402.53,14.62,21.61,556.12,2388.07,9060.46,1.3,47.16,523.39,2388.06,8137.2,8.359,0.03,391,2388,100.0,39.12,23.5028
2,79,0.0027,-0.0002,100.0,518.67,641.62,1581.24,1397.49,14.62,21.6,555.37,2388.01,9049.68,1.3,47.24,522.64,2388.01,8136.15,8.3868,0.03,391,2388,100.0,39.13,23.5432
2,80,0.0014,-0.0004,100.0,518.67,642.06,1581.32,1403.3,14.62,21.6,554.42,2387.99,9056.75,1.3,47.19,522.78,2388.06,8142.04,8.3724,0.03,391,2388,100.0,39.09,23.5428
2,81,0.0031,-0.0004,100.0,518.67,642.07,1583.18,1395.35,14.62,21.6,555.49,2388.04,9057.67,1.3,47.06,523.48,2388.05,8138.39,8.37,0.03,391,2388,100.0,39.29,23.5248
2,82,-0.0016,0.0005,100.0,518.67,642.31,1582.28,1393.47,14.62,21.6,555.54,2388.04,9057.85,1.3,47.14,523.13,2388.08,8137.23,8.4088,0.03,391,2388,100.0,39.01,23.4571
2,83,-0.0009,0.0002,100.0,518.67,642.42,1584.09,1401.58,14.62,21.61,555.95,2388.03,9052.65,1.3,47.11,523.85,2387.98,8142.16,8.3493,0.03,391,2388,100.0,39.07,23.5418
2,84,-0.001,0.0004,100.0,518.67,642.01,1581.52,1386.22,14.62,21.6,556.46,2388.0,9058.45,1.3,47.1,523.5,2388.0,8138.81,8.3747,0.03,390,2388,100.0,39.21,23.3987
2,85,0.0002,-0.0001,100.0,518.67,641.73,1586.72,1398.92,14.62,21.6,555.45,2388.03,9046.47,1.3,47.11,522.99,2387.98,8142.24,8.3954,0.03,390,2388,100.0,39.09,23.4069
2,86,-0.0001,0.0003,100.0,518.67,641.71,1579.04,1397.11,14.62,21.6,555.71,2388.05,9056.66,1.3,47.16,523.37,2388.05,8134.95,8.3824,0.03,390,2388,100.0,39.27,23.598
2,87,-0.0021,-0.0003,100.0,518.67,641.66,1583.62,1402.12,14.62,21.61,555.49,2388.03,9056.14,1.3,47.24,523.13,2388.04,8136.62,8.3687,0.03,391,2388,100.0,39.22,23.4462
2,88,0.0048,-0.0003,100.0,518.67,642.09,1581.74,1388.36,14.62,21.61,555.16,2388.04,9057.39,1.3,47.16,523.79,2388.03,8140.57,8.3834,0.03,394,2388,100.0,39.07,23.4727
2,89,0.003,0.0005,100.0,518.67,642.11,1589.39,1404.75,14.62,21.6,555.14,2388.05,9049.83,1.3,47.24,523.41,2388.07,8143.8,8.3966,0.03,391,2388,100.0,39.19,23.4264
2,90,-0.0014,0.0002,100.0,518.67,642.06,1585.36,1397.57,14.62,21.6,555.44,2388.04,9058.38,1.3,47.23,523.71,2388.03,8140.28,8.3794,0.03,391,2388,100.0,39.29,23.3845
2,91,-0.002,0.0002,100.0,518.67,641.94,1587.06,1400.01,14.62,21.6,555.13,2388.04,9058.92,1.3,47.24,523.76,2388.0,8139.16,8.359,0.03,393,2388,100.0,39.02,23.3505
2,92,-0.001,-0.0004,100.0,518.67,641.8,1580.41,1402.25,14.62,21.61,555.64,2388.04,9060.51,1.3,47.25,523.42,2388.07,8137.69,8.3813,0.03,391,2388,100.0,39.19,23.4487
2,93,-0.0023,-0.0001,100.0,518.67,642.18,1587.61,1393.06,14.62,21.6,555.22,2388.06,9055.81,1.3,47.4,523.73,2388.08,8139.32,8.3501,0.03,391,2388,100.0,39.12,23.5047
2,94,-0.0042,-0.0003,100.0,518.67,642.12,1577.11,1394.88,14.62,21.6,555.93,2388.05,9056.96,1.3,47.31,524.01,2388.08,8138.63,8.3591,0.03,393,2388,100.0,39.18,23.4905
2,95,-0.0029,-0.0002,100.0,518.67,642.3,1584.14,1403.41,14.62,21.6,556.48,2387.99,9059.76,1.3,47.32,523.75,2388.04,8140.63,8.3859,0.03,390,2388,100.0,39.19,23.4111
2,96,-0.003,0.0001,100.0,518.67,641.65,1585.38,1394.99,14.62,21.6,555.86,2387.98,9060.79,1.3,47.32,522.56,2388.07,8141.05,8.385,0.03,391,2388,100.0,39.03,23.5621
2,97,0.0021,0.0005,100.0,518.67,642.09,1584.35,1390.6,14.62,21.6,555.96,2388.03,9059.62,1.3,47.36,523.86,2388.02,8139.17,8.3698,0.03,393,2388,100.0,39.04,23.3948
2,98,-0.0023,0.0,100.0,518.67,641.93,1584.19,1393.1,14.62,21.61,555.45,2388.04,9063.22,1.3,47.33,524.05,2388.04,8134.03,8.3943,0.03,392,2388,100.0,39.17,23.4108
2,99,-0.0011,0.0001,100.0,518.67,642.57,1590.21,1395.82,14.62,21.6,555.48,2388.05,9059.4,1.3,47.23,523.08,2388.04,8140.28,8.3867,0.03,392,2388,100.0,39.18,23.5084
2,100,0.0027,0.0004,100.0,518.67,642.03,1590.07,1396.68,14.62,21.6,555.82,2388.03,9058.17,1.3,47.25,523.98,2387.98,8136.4,8.3548,0.03,392,2388,100.0,39.12,23.5332
2,101,0.0002,0.0005,100.0,518.67,641.69,1586.82,1402.01,14.62,21.6,555.37,2387.99,9050.97,1.3,47.18,523.6,2388.06,8135.3,8.35,0.03,391,2388,100.0,39.18,23.3584
2,102,-0.0013,-0.0003,100.0,518.67,641.81,1579.93,1398.42,14.62,21.61,555.65,2388.02,9058.3,1.3,46.96,523.61,2388.06,8140.68,8.3911,0.03,390,2388,100.0,39.09,23.4676
2,103,-0.0018,0.0002,100.0,518.67,641.88,1582.48,1394.94,14.62,21.6,556.45,2388.01,9058.31,1.3,47.33,523.65,2388.08,8140.66,8.3359,0.03,392,2388,100.0,39.1,23.454
2,104,0.0011,-0.0004,100.0,518.67,642.11,1589.29,1398.92,14.62,21.6,555.64,2388.03,9060.7,1.3,47.13,524.04,2388.05,8140.62,8.4151,0.03,393,2388,100.0,39.1,23.5197
2,105,0.0013,-0.0003,100.0,518.67,642.38,1584.92,1401.82,14.62,21.6,557.07,2388.07,9053.83,1.3,47.19,523.82,2388.06,8140.91,8.3752,0.03,392,2388,100.0,39.0,23.5668
2,106,0.0046,0.0005,100.0,518.67,642.94,1581.41,1398.76,14.62,21.6,555.81,2388.01,9060.92,1.3,47.23,523.29,2388.03,8137.95,8.4261,0.03,392,2388,100.0,39.04,23.4822
2,107,0.0006,-0.0004,100.0,518.67,642.37,1584.99,1403.91,14.62,21.6,556.06,2388.01,9053.75,1.3,47.18,523.7,2388.05,8142.43,8.3706,0.03,392,2388,100.0,39.09,23.5884
2,108,-0.0014,0.0001,100.0,518.67,642.13,1587.26,1400.82,14.62,21.6,554.9,2388.06,9054.68,1.3,47.22,523.09,2388.05,8139.22,8.3431,0.03,393,2388,100.0,39.22,23.4218
2,109,0.0022,0.0005,100.0,518.67,641.74,1580.39,1405.01,14.62,21.6,554.97,2388.02,9048.96,1.3,47.13,523.16,2388.01,8140.51,8.3564,0.03,390,2388,100.0,39.19,23.3679
2,110,-0.0012,0.0002,100.0,518.67,641.82,1588.99,1399.62,14.62,21.6,555.56,2388.04,9059.85,1.3,47.02,523.38,2387.98,8143.22,8.3501,0.03,391,2388,100.0,39.15,23.5993
2,111,-0.0024,0.0003,100.0,518.67,641.7,1584.12,1397.62,14.62,21.6,555.51,2388.03,9058.98,1.3,47.25,523.29,2388.05,8142.6,8.3754,0.03,391,2388,100.0,39.11,23.439
2,112,0.0053,-0.0003,100.0,518.67,641.49,1584.27,1400.59,14.62,21.6,556.76,2388.07,9056.25,1.3,47.22,523.29,2388.07,8143.09,8.3514,0.03,390,2388,100.0,39.24,23.4118
2,113,0.0015,-0.0004,100.0,518.67,641.87,1582.52,1400.6,14.62,21.61,555.59,2388.08,9056.54,1.3,47.19,523.64,2388.06,8134.63,8.3575,0.03,390,2388,100.0,39.35,23.4802
2,114,0.002,0.0,100.0,518.67,642.22,1586.96,1397.21,14.62,21.6,556.21,2388.03,9059.01,1.3,47.27,524.26,2388.03,8137.7,8.3704,0.03,390,2388,100.0,39.09,23.4132
2,115,0.0017,-0.0002,100.0,518.67,641.85,1589.95,1397.5,14.62,21.6,556.19,2388.09,9057.26,1.3,47.29,523.41,2388.08,8141.14,8.3719,0.03,393,2388,100.0,39.16,23.5375
2,116,0.0006,-0.0002,100.0,518.67,641.55,1587.16,1405.49,14.62,21.6,556.1,2388.07,9054.12,1.3,47.22,523.78,2388.04,8140.99,8.3795,0.03,392,2388,100.0,39.12,23.5736
2,117,0.0023,0.0003,100.0,518.67,642.19,1581.15,1395.68,14.62,21.6,555.71,2388.02,9062.06,1.3,47.3,524.44,2388.02,8137.04,8.3966,0.03,392,2388,100.0,39.16,23.4584
2,118,-0.0051,-0.0004,100.0,518.67,642.26,1581.4,1393.09,14.62,21.6,555.86,2388.03,9054.68,1.3,47.19,524.07,2388.07,8142.55,8.3593,0.03,391,2388,100.0,38.96,23.5244
2,119,0.0018,-0.0003,100.0,518.67,642.04,1585.25,1391.61,14.62,21.6,555.96,2388.05,9060.0,1.3,47.17,524.02,2388.08,8140.32,8.3589,0.03,391,2388,100.0,39.19,23.376
2,120,0.0029,-0.0001,100.0,518.67,642.16,1589.72,1389.2,14.62,21.6,556.05,2388.05,9064.97,1.3,47.38,523.89,2388.02,8142.9,8.3409,0.03,391,2388,100.0,39.12,23.405
2,121,0.0011,0.0003,100.0,518.67,641.55,1581.72,1404.9,14.62,21.61,556.67,2388.06,9067.52,1.3,47.24,524.38,2388.05,8140.5,8.3514,0.03,391,2388,100.0,39.01,23.4485
2,122,0.0011,-0.0001,100.0,518.67,641.79,1586.08,1392.55,14.62,21.6,555.41,2388.07,9060.12,1.3,47.16,524.25,2388.06,8136.87,8.3934,0.03,392,2388,100.0,39.31,23.5687
2,123,-0.0004,-0.0005,100.0,518.67,642.53,1585.88,1391.82,14.62,21.6,556.33,2388.07,9061.55,1.3,47.38,523.5,2388.06,8140.32,8.3736,0.03,393,2388,100.0,38.93,23.4961
2,124,-0.0029,-0.0003,100.0,518.67,642.46,1582.36,1396.75,14.62,21.6,555.82,2388.04,9062.14,1.3,47.12,523.47,2387.95,8140.9,8.3828,0.03,392,2388,100.0,38.94,23.5014
2,125,0.0003,0.0004,100.0,518.67,641.81,1577.25,1396.84,14.62,21.6,555.93,2388.06,9055.81,1.3,47.08,524.23,2388.04,8137.08,8.3903,0.03,392,2388,100.0,39.16,23.4053
2,126,0.001,-0.0001,100.0,518.67,642.07,1583.26,1395.25,14.62,21.6,555.75,2388.07,9057.66,1.3,47.05,524.13,2388.07,8134.97,8.3838,0.03,391,2388,100.0,39.11,23.4993
2,127,0.0008,-0.0,100.0,518.67,642.04,1585.84,1395.01,14.62,21.6,556.9,2388.01,9063.34,1.3,47.26,524.42,2388.1,8139.32,8.3496,0.03,391,2388,100.0,39.21,23.3718
2,128,-0.0012,-0.0001,100.0,518.67,641.88,1582.36,1393.93,14.62,21.6,556.84,2388.01,9064.34,1.3,47.07,524.23,2388.08,8136.59,8.3931,0.03,392,2388,100.0,38.92,23.4242
2,129,0.0024,-0.0003,100.0,518.67,642.25,1579.93,1398.93,14.62,21.61,556.63,2388.06,9055.11,1.3,47.3,524.19,2388.1,8139.78,8.3438,0.03,392,2388,100.0,39.14,23.5512
2,130,0.0031,0.0003,100.0,518.67,641.9,1581.49,1392.97,14.62,21.6,556.14,2388.01,9062.15,1.3,47.2,523.77,2388.06,8138.16,8.3348,0.03,391,2388,100.0,39.04,23.5034
2,131,0.0004,0.0005,100.0,518.67,642.53,1579.07,1395.93,14.62,21.6,556.23,2388.05,9060.0,1.3,47.29,524.1,2388.05,8142.68,8.3877,0.03,393,2388,100.0,39.04,23.4825
2,132,-0.0008,0.0005,100.0,518.67,642.35,1577.51,1393.94,14.62,21.6,556.2,2388.07,9054.28,1.3,47.11,524.47,2388.09,8143.09,8.3611,0.03,391,2388,100.0,39.15,23.5551
2,133,0.001,0.0004,100.0,518.67,641.73,1589.07,1396.06,14.62,21.6,556.55,2388.05,9058.42,1.3,47.48,524.14,2388.0,8147.43,8.3755,0.03,393,2388,100.0,39.3,23.587
2,134,0.0013,0.0004,100.0,518.67,642.24,1578.83,1403.45,14.62,21.6,556.52,2388.04,9058.09,1.3,47.19,524.63,2388.04,8142.96,8.3649,0.03,391,2388,100.0,39.02,23.5806
2,135,0.0031,0.0002,100.0,518.67,641.98,1588.73,1401.33,14.62,21.61,557.54,2388.05,9058.12,1.3,47.3,524.59,2388.06,8142.49,8.3324,0.03,392,2388,100.0,38.99,23.4942
2,136,-0.0016,-0.0001,100.0,518.67,642.53,1581.62,1396.88,14.62,21.6,555.64,2388.02,9059.74,1.3,47.11,523.88,2388.08,8140.63,8.3466,0.03,390,2388,100.0,39.06,23.4281
2,137,-0.0027,-0.0003,100.0,518.67,642.12,1584.4,1401.56,14.62,21.6,556.61,2388.05,9066.44,1.3,47.3,523.91,2388.06,8145.25,8.3786,0.03,392,2388,100.0,39.41,23.5325
2,138,0.0012,0.0001,100.0,518.67,641.96,1588.48,1398.78,14.62,21.6,556.43,2388.12,9061.08,1.3,47.38,524.72,2388.06,8142.93,8.359,0.03,391,2388,100.0,39.14,23.3979
2,139,0.0031,0.0005,100.0,518.67,642.28,1590.07,1398.73,14.62,21.6,556.45,2388.05,9053.09,1.3,47.16,523.84,2388.06,8145.24,8.3214,0.03,392,2388,100.0,39.22,23.4674
2,140,0.0007,-0.0003,100.0,518.67,641.51,1580.19,1405.18,14.62,21.6,555.94,2388.05,9061.36,1.3,47.19,523.94,2388.1,8137.17,8.351,0.03,393,2388,100.0,39.37,23.4941
2,141,-0.0028,-0.0003,100.0,518.67,642.01,1580.65,1408.58,14.62,21.6,556.45,2388.06,9054.49,1.3,47.33,523.89,2388.05,8142.28,8.3719,0.03,392,2388,100.0,38.96,23.3887
2,142,0.003,0.0001,100.0,518.67,642.23,1576.95,1402.3,14.62,21.6,556.72,2388.06,9054.48,1.3,47.19,524.13,2388.02,8142.2,8.3491,0.03,390,2388,100.0,39.18,23.494
2,143,0.0014,0.0002,100.0,518.67,642.36,1590.39,1401.25,14.62,21.6,555.99,2388.05,9059.71,1.3,47.45,524.49,2388.07,8140.73,8.3645,0.03,392,2388,100.0,39.37,23.4242
2,144,-0.0032,-0.0001,100.0,518.67,642.36,1584.8,1400.69,14.62,21.6,557.19,2388.03,9056.22,1.3,47.25,524.11,2388.07,8147.35,8.4085,0.03,393,2388,100.0,39.21,23.6021
2,145,0.0011,-0.0004,100.0,518.67,642.11,1588.95,1400.88,14.62,21.6,557.29,2388.04,9062.3,1.3,47.22,524.19,2388.03,8144.76,8.3618,0.03,392,2388,100.0,39.08,23.5203
2,146,0.004,0.0002,100.0,518.67,642.33,1587.37,1402.85,14.62,21.61,556.84,2388.11,9061.77,1.3,47.32,525.5,2388.07,8145.16,8.3605,0.03,393,2388,100.0,39.19,23.4425
2,147,-0.002,-0.0002,100.0,518.67,641.85,1585.11,1400.04,14.62,21.6,557.65,2388.08,9061.87,1.3,47.13,524.45,2388.04,8140.79,8.3761,0.03,391,2388,100.0,39.22,23.5381
2,148,-0.0017,0.0001,100.0,518.67,642.38,1585.5,1401.41,14.62,21.6,556.99,2388.14,9059.95,1.3,47.22,524.49,2388.05,8145.04,8.3768,0.03,391,2388,100.0,39.03,23.5017
2,149,0.0019,-0.0005,100.0,518.67,641.95,1590.05,1407.2,14.62,21.6,558.11,2388.1,9069.45,1.3,47.31,525.75,2388.08,8147.11,8.3688,0.03,393,2388,100.0,39.23,23.492
2,150,-0.0032,-0.0003,100.0,518.67,641.41,1584.47,1396.36,14.62,21.6,556.2,2388.07,9063.4,1.3,47.46,524.46,2388.09,8141.76,8.3564,0.03,391,2388,100.0,39.04,23.5595
2,151,-0.0024,-0.0,100.0,518.67,642.1,1588.72,1398.16,14.62,21.6,556.99,2388.08,9062.64,1.3,47.18,524.8,2388.08,8141.89,8.3271,0.03,392,2388,100.0,39.2,23.5973
2,152,0.0039,-0.0003,100.0,518.67,642.0,1587.52,1399.95,14.62,21.6,557.04,2388.03,9062.31,1.3,47.24,524.88,2388.1,8141.55,8.3647,0.03,392,2388,100.0,39.12,23.5917
2,153,0.0004,0.0005,100.0,518.67,641.86,1586.4,1401.04,14.62,21.6,556.76,2388.08,9065.44,1.3,47.37,525.46,2388.09,8142.89,8.3497,0.03,392,2388,100.0,39.15,23.5164
2,154,-0.0006,-0.0002,100.0,518.67,642.24,1581.75,1397.37,14.62,21.6,556.71,2388.07,9060.11,1.3,47.38,525.41,2388.14,8145.31,8.3235,0.03,391,2388,100.0,39.29,23.4505
2,155,0.0004,-0.0002,100.0,518.67,642.01,1585.2,1389.04,14.62,21.6,556.79,2388.09,9065.9,1.3,47.22,524.89,2388.05,8145.61,8.3709,0.03,390,2388,100.0,39.23,23.4713
2,156,-0.0002,0.0002,100.0,518.67,642.44,1580.07,1395.4,14.62,21.6,557.89,2388.13,9064.99,1.3,47.34,524.3,2388.1,8145.99,8.4,0.03,392,2388,100.0,39.21,23.4857
2,157,-0.0,0.0,100.0,518.67,642.7,1583.15,1400.2,14.62,21.6,557.22,2388.05,9060.96,1.3,47.43,525.59,2388.08,8150.0,8.3381,0.03,392,2388,100.0,39.23,23.4193
2,158,0.0011,0.0001,100.0,518.67,642.65,1588.5,1403.47,14.62,21.6,556.7,2388.06,9059.66,1.3,47.26,525.18,2388.09,8143.82,8.3412,0.03,391,2388,100.0,39.28,23.5639
2,159,-0.0006,-0.0002,100.0,518.67,642.42,1589.05,1398.05,14.62,21.6,557.68,2388.04,9069.08,1.3,47.3,525.06,2388.12,8149.39,8.3414,0.03,392,2388,100.0,39.15,23.4894
2,160,0.0019,0.0004,100.0,518.67,642.31,1582.28,1398.62,14.62,21.6,556.9,2388.13,9064.49,1.3,47.51,524.98,2388.09,8144.95,8.3425,0.03,393,2388,100.0,39.17,23.447
2,161,-0.0023,0.0002,100.0,518.67,642.53,1575.44,1396.79,14.62,21.6,557.62,2388.03,9058.83,1.3,47.09,524.78,2388.1,8144.01,8.3471,0.03,392,2388,100.0,38.89,23.5923
2,162,-0.0014,0.0005,100.0,518.67,642.06,1581.68,1399.31,14.62,21.6,557.31,2388.11,9060.41,1.3,47.44,525.01,2388.07,8143.21,8.372,0.03,390,2388,100.0,39.13,23.6223
2,163,-0.0011,-0.0001,100.0,518.67,642.53,1590.82,1403.03,14.62,21.6,557.12,2388.1,9061.55,1.3,46.99,524.68,2388.12,8144.6,8.3704,0.03,392,2388,100.0,39.15,23.5199
2,164,-0.0031,-0.0002,100.0,518.67,641.88,1588.59,1397.21,14.62,21.6,557.0,2388.11,9068.19,1.3,47.38,525.09,2388.1,8141.46,8.3803,0.03,392,2388,100.0,39.23,23.6195
2,165,0.0055,-0.0001,100.0,518.67,642.06,1585.72,1395.42,14.62,21.6,557.3,2388.08,9060.2,1.3,47.24,524.78,2388.07,8144.04,8.3718,0.03,393,2388,100.0,39.33,23.5198
2,166,0.0032,-0.0003,100.0,518.67,642.01,1584.74,1394.18,14.62,21.6,557.82,2388.05,9055.22,1.3,47.15,524.97,2388.1,8143.43,8.3711,0.03,393,2388,100.0,39.09,23.4923
2,167,0.0027,0.0004,100.0,518.67,642.36,1585.25,1406.79,14.62,21.6,558.14,2388.07,9065.06,1.3,47.3,524.97,2388.07,8152.48,8.3812,0.03,391,2388,100.0,39.29,23.4576
2,168,0.0015,-0.0004,100.0,518.67,641.78,1581.19,1400.7,14.62,21.6,556.61,2388.13,9062.87,1.3,47.29,525.24,2388.09,8143.18,8.3471,0.03,390,2388,100.0,39.14,23.5345
2,169,0.0021,-0.0002,100.0,518.67,641.97,1584.84,1396.98,14.62,21.6,557.13,2388.05,9069.87,1.3,47.52,525.47,2388.12,8154.08,8.3859,0.03,392,2388,100.0,39.14,23.5956
2,170,-0.0019,-0.0003,100.0,518.67,642.45,1591.69,1394.07,14.62,21.6,558.36,2388.08,9062.19,1.3,47.29,524.9,2388.14,8143.79,8.3627,0.03,392,2388,100.0,39.09,23.5451
2,171,-0.0043,-0.0002,100.0,518.67,641.78,1583.22,1401.17,14.62,21.6,558.21,2388.13,9066.27,1.3,47.18,525.35,2388.08,8147.26,8.3485,0.03,392,2388,100.0,39.02,23.5285
2,172,-0.0009,-0.0004,100.0,518.67,642.4,1584.31,1399.21,14.62,21.61,558.22,2388.11,9064.01,1.3,47.21,525.58,2388.06,8148.97,8.3256,0.03,392,2388,100.0,39.21,23.4981
2,173,0.0006,0.0005,100.0,518.67,641.92,1579.88,1400.26,14.62,21.6,557.77,2388.12,9062.19,1.3,47.24,525.54,2388.06,8148.1,8.3675,0.03,395,2388,100.0,39.03,23.5555
2,174,0.0001,0.0004,100.0,518.67,642.3,1592.9,1401.19,14.62,21.6,557.59,2388.07,9072.48,1.3,47.38,524.97,2388.09,8149.92,8.3551,0.03,393,2388,100.0,39.16,23.5759
2,175,-0.0015,-0.0001,100.0,518.67,642.23,1582.76,1396.57,14.62,21.6,557.73,2388.12,9064.46,1.3,47.32,525.65,2388.13,8147.59,8.3555,0.03,394,2388,100.0,39.3,23.4594
2,176,0.0016,0.0001,100.0,518.67,642.12,1580.55,1396.93,14.62,21.61,557.88,2388.11,9072.09,1.3,47.26,525.96,2388.16,8146.73,8.3627,0.03,394,2388,100.0,39.19,23.6424
2,177,-0.0029,0.0004,100.0,518.67,642.13,1589.84,1407.63,14.62,21.6,557.75,2388.1,9076.35,1.3,47.32,525.77,2388.13,8151.35,8.3491,0.03,393,2388,100.0,39.31,23.4918
2,178,-0.001,0.0001,100.0,518.67,642.65,1587.9,1401.8,14.62,21.6,557.86,2388.12,9069.74,1.3,47.48,525.81,2388.16,8147.25,8.3953,0.03,392,2388,100.0,39.12,23.5544
2,179,0.0005,-0.0004,100.0,518.67,642.69,1586.09,1402.29,14.62,21.6,558.21,2388.11,9065.23,1.3,47.27,526.25,2388.15,8150.17,8.3382,0.03,393,2388,100.0,39.27,23.4144
2,180,0.0001,-0.0002,100.0,518.67,642.5,1586.64,1407.17,14.62,21.6,558.02,2388.07,9070.22,1.3,47.36,526.78,2388.12,8151.7,8.3564,0.03,393,2388,100.0,39.06,23.5368
2,181,-0.0006,0.0004,100.0,518.67,642.24,1584.88,1402.57,14.62,21.6,557.74,2388.12,9072.01,1.3,47.5,525.49,2388.12,8144.93,8.348,0.03,392,2388,100.0,39.45,23.5521
2,182,0.0005,0.0004,100.0,518.67,642.41,1582.54,1401.73,14.62,21.6,558.12,2388.11,9065.02,1.3,47.21,525.16,2388.09,8149.04,8.3703,0.03,394,2388,100.0,39.23,23.6393
2,183,0.003,-0.0002,100.0,518.67,642.73,1588.71,1401.04,14.62,21.6,558.04,2388.13,9065.36,1.3,47.36,526.28,2388.13,8152.48,8.324,0.03,389,2388,100.0,39.3,23.526
2,184,-0.0004,0.0,100.0,518.67,642.14,1588.85,1398.54,14.62,21.6,557.93,2388.09,9065.46,1.3,47.49,526.11,2388.13,8151.0,8.3554,0.03,393,2388,100.0,39.15,23.5031
2,185,-0.004,-0.0003,100.0,518.67,642.61,1593.83,1400.21,14.62,21.6,557.87,2388.07,9068.73,1.3,47.41,526.35,2388.15,8150.79,8.3472,0.03,392,2388,100.0,39.43,23.4355
2,186,-0.0006,0.0002,100.0,518.67,642.94,1591.72,1402.18,14.62,21.6,558.27,2388.09,9070.32,1.3,47.54,526.25,2388.08,8152.99,8.3678,0.03,394,2388,100.0,39.2,23.5771
2,187,0.0014,0.0002,100.0,518.67,642.52,1593.88,1401.61,14.62,21.6,559.08,2388.13,9079.95,1.31,47.39,526.4,2388.11,8153.72,8.3048,0.03,392,2388,100.0,39.19,23.5947
2,188,-0.0023,-0.0004,100.0,518.67,642.51,1586.76,1400.35,14.62,21.61,558.18,2388.19,9068.46,1.3,47.5,526.09,2388.15,8154.85,8.3492,0.03,392,2388,100.0,39.29,23.4053
2,189,-0.0006,0.0005,100.0,518.67,642.46,1593.08,1403.57,14.62,21.6,558.79,2388.17,9068.19,1.3,47.34,526.31,2388.16,8150.37,8.3062,0.03,394,2388,100.0,39.1,23.5922
2,190,0.0027,0.0002,100.0,518.67,642.28,1589.72,1403.26,14.62,21.6,559.76,2388.16,9078.32,1.31,47.57,526.44,2388.16,8145.22,8.3731,0.03,393,2388,100.0,39.13,23.6241
2,191,0.0017,-0.0002,100.0,518.67,642.45,1594.78,1394.82,14.62,21.6,558.96,2388.06,9072.13,1.31,47.5,526.83,2388.11,8153.64,8.3608,0.03,393,2388,100.0,39.24,23.6492
2,192,0.0006,0.0005,100.0,518.67,642.51,1585.4,1404.65,14.62,21.6,559.09,2388.14,9071.45,1.3,47.35,526.8,2388.15,8150.41,8.3367,0.03,393,2388,100.0,39.1,23.6527
2,193,-0.0007,0.0001,100.0,518.67,642.18,1586.9,1400.35,14.62,21.6,558.92,2388.17,9072.68,1.3,47.27,526.36,2388.09,8147.93,8.3571,0.03,393,2388,100.0,39.21,23.5487
2,194,-0.0012,-0.0003,100.0,518.67,641.99,1583.48,1405.37,14.62,21.6,559.74,2388.15,9073.2,1.31,47.52,527.09,2388.14,8153.73,8.3322,0.03,393,2388,100.0,39.19,23.5015
2,195,-0.0014,-0.0002,100.0,518.67,642.44,1584.06,1410.11,14.62,21.6,559.63,2388.16,9071.2,1.31,47.37,527.14,2388.15,8145.77,8.3196,0.03,393,2388,100.0,39.29,23.4837
2,196,-0.0012,-0.0002,100.0,518.67,642.56,1586.46,1404.48,14.62,21.61,558.88,2388.13,9072.07,1.31,47.53,527.16,2388.18,8154.27,8.3112,0.03,391,2388,100.0,39.26,23.4948
2,197,0.0022,-0.0004,100.0,518.67,642.52,1585.93,1405.8,14.62,21.6,559.33,2388.14,9074.85,1.3,47.59,527.34,2388.2,8153.35,8.3712,0.03,392,2388,100.0,39.39,23.5723
2,198,-0.0013,-0.0003,100.0,518.67,643.02,1589.01,1405.54,14.62,21.6,559.22,2388.12,9074.26,1.3,47.18,526.82,2388.16,8152.25,8.3396,0.03,393,2388,100.0,39.25,23.537
2,199,-0.0012,-0.0003,100.0,518.67,642.35,1584.35,1403.33,14.62,21.6,558.97,2388.14,9073.55,1.31,47.43,526.49,2388.1,8152.8,8.3579,0.03,393,2388,100.0,39.25,23.4711
2,200,0.0035,-0.0004,100.0,518.67,641.55,1589.94,1408.64,14.62,21.6,560.44,2388.19,9078.76,1.3,47.59,526.81,2388.17,8155.95,8.3036,0.03,392,2388,100.0,39.35,23.5462
2,201,0.002,0.0,100.0,518.67,642.33,1581.03,1399.81,14.62,21.6,558.95,2388.19,9080.01,1.31,47.45,527.17,2388.18,8150.7,8.3116,0.03,393,2388,100.0,39.3,23.5675
2,202,-0.0003,-0.0003,100.0,518.67,642.76,1591.07,1400.88,14.62,21.6,559.64,2388.19,9078.57,1.31,47.59,527.13,2388.21,8150.53,8.3472,0.03,392,2388,100.0,39.31,23.4934
2,203,-0.0025,0.0002,100.0,518.67,642.24,1586.97,1412.54,14.62,21.6,560.05,2388.19,9073.89,1.31,47.32,527.61,2388.17,8147.81,8.3459,0.03,393,2388,100.0,39.3,23.567
2,204,-0.0031,-0.0001,100.0,518.67,642.06,1592.32,1404.27,14.62,21.6,560.12,2388.2,9078.67,1.3,47.36,527.44,2388.17,8153.54,8.314,0.03,393,2388,100.0,39.41,23.6011
2,205,0.0015,0.0005,100.0,518.67,642.81,1587.99,1403.42,14.62,21.6,560.27,2388.19,9078.19,1.31,47.36,528.28,2388.16,8154.3,8.3084,0.03,392,2388,100.0,39.23,23.6431
2,206,0.0004,0.0001,100.0,518.67,642.12,1596.79,1401.33,14.62,21.6,559.95,2388.21,9079.72,1.3,47.55,527.53,2388.18,8153.5,8.3367,0.03,393,2388,100.0,39.21,23.5381
2,207,0.0012,0.0004,100.0,518.67,642.91,1589.68,1405.98,14.62,21.6,560.01,2388.22,9077.34,1.3,47.5,527.91,2388.16,8154.19,8.3498,0.03,394,2388,100.0,39.23,23.6646
3,1,0.0007,-0.0004,100.0,518.67,642.11,1579.97,1394.87,14.62,21.61,554.34,2388.01,9059.78,1.3,47.11,521.93,2388.01,8138.45,8.3616,0.03,391,2388,100.0,38.94,23.4128
3,2,-0.0021,0.0001,100.0,518.67,642.07,1583.55,1389.39,14.62,21.61,554.2,2388.0,9060.76,1.3,47.13,523.02,2387.99,8138.2,8.3979,0.03,390,2388,100.0,39.06,23.3874
3,3,0.0028,0.0005,100.0,518.67,641.87,1585.25,1395.06,14.62,21.61,554.52,2388.04,9059.07,1.3,47.08,522.91,2388.0,8142.06,8.4006,0.03,391,2388,100.0,39.09,23.4251
3,4,-0.0026,-0.0005,100.0,518.67,642.26,1592.96,1396.53,14.62,21.6,554.45,2387.99,9054.5,1.3,47.23,522.59,2387.96,8147.04,8.387,0.03,392,2388,100.0,38.99,23.5181
3,5,-0.0046,0.0003,100.0,518.67,641.44,1579.7,1396.13,14.62,21.61,554.71,2388.03,9061.84,1.3,47.06,522.4,2387.98,8145.03,8.4025,0.03,391,2388,100.0,39.02,23.442
3,6,0.0007,0.0002,100.0,518.67,642.12,1582.32,1405.32,14.62,21.6,554.47,2388.04,9060.21,1.3,47.27,522.18,2387.99,8149.87,8.4071,0.03,389,2388,100.0,39.2,23.3122
3,7,-0.0003,0.0004,100.0,518.67,642.18,1579.67,1395.02,14.62,21.61,554.81,2388.0,9061.66,1.3,47.11,522.56,2387.95,8142.38,8.4119,0.03,392,2388,100.0,39.19,23.5066
3,8,-0.0007,-0.0004,100.0,518.67,641.49,1584.37,1390.57,14.62,21.61,555.22,2387.99,9064.88,1.3,47.08,522.58,2387.98,8146.6,8.3708,0.03,392,2388,100.0,39.11,23.4442
3,9,0.0026,-0.0001,100.0,518.67,642.06,1582.12,1393.21,14.62,21.61,554.54,2387.99,9057.7,1.3,47.12,522.7,2388.01,8147.92,8.4223,0.03,391,2388,100.0,39.01,23.5279
3,10,0.0003,-0.0002,100.0,518.67,642.38,1588.01,1388.7,14.62,21.6,554.07,2388.04,9065.06,1.3,47.04,522.56,2387.99,8143.43,8.3768,0.03,391,2388,100.0,39.06,23.5633
3,11,0.0001,-0.0002,100.0,518.67,642.12,1585.84,1394.72,14.62,21.6,554.2,2388.0,9062.02,1.3,47.19,522.6,2388.03,8149.76,8.367,0.03,391,2388,100.0,39.13,23.536
3,12,-0.0005,0.0001,100.0,518.67,641.71,1582.26,1395.25,14.62,21.61,554.46,2387.94,9054.16,1.3,47.22,522.57,2387.99,8141.9,8.3733,0.03,392,2388,100.0,39.24,23.4161
3,13,0.0006,-0.0004,100.0,518.67,641.77,1582.68,1396.21,14.62,21.61,554.39,2388.02,9055.45,1.3,47.27,522.85,2387.97,8148.26,8.3879,0.03,391,2388,100.0,38.72,23.4632
3,14,-0.0018,0.0004,100.0,518.67,641.79,1582.69,1391.24,14.62,21.6,554.7,2387.91,9055.1,1.3,47.08,522.34,2388.03,8144.76,8.3673,0.03,392,2388,100.0,38.85,23.51
3,15,-0.0035,0.0004,100.0,518.67,642.44,1586.37,1392.21,14.62,21.61,554.99,2387.97,9063.27,1.3,46.98,522.29,2387.99,8145.0,8.3826,0.03,391,2388,100.0,39.02,23.6056
3,16,0.0036,0.0003,100.0,518.67,642.23,1580.88,1400.78,14.62,21.61,554.97,2387.97,9059.98,1.3,47.23,522.22,2387.98,8143.46,8.3976,0.03,390,2388,100.0,38.95,23.4142
3,17,-0.0002,-0.0004,100.0,518.67,642.07,1588.15,1388.92,14.62,21.61,554.18,2387.98,9059.89,1.3,47.07,521.92,2388.0,8142.82,8.385,0.03,394,2388,100.0,39.14,23.4786
3,18,-0.0011,0.0003,100.0,518.67,642.41,1585.69,1399.56,14.62,21.61,555.42,2388.01,9062.71,1.3,47.15,522.33,2387.99,8148.95,8.4348,0.03,393,2388,100.0,39.1,23.51
3,19,-0.0006,0.0003,100.0,518.67,641.74,1582.32,1397.49,14.62,21.61,554.56,2387.97,9062.12,1.3,47.16,522.53,2388.03,8145.78,8.3855,0.03,391,2388,100.0,38.93,23.311
3,20,0.0014,-0.0003,100.0,518.67,642.13,1575.64,1395.96,14.62,21.61,554.4,2387.98,9062.58,1.3,47.18,522.66,2387.98,8141.95,8.3918,0.03,391,2388,100.0,39.01,23.4029
3,21,0.0007,0.0,100.0,518.67,642.27,1582.2,1392.67,14.62,21.61,555.02,2388.01,9061.9,1.3,47.18,522.0,2388.02,8142.41,8.3661,0.03,390,2388,100.0,39.09,23.3972
3,22,0.0059,-0.0004,100.0,518.67,642.26,1577.39,1392.41,14.62,21.61,554.28,2387.99,9062.3,1.3,47.15,523.03,2388.04,8140.07,8.4049,0.03,392,2388,100.0,39.11,23.4425
3,23,0.0002,0.0005,100.0,518.67,642.34,1579.2,1402.09,14.62,21.61,553.89,2388.01,9061.66,1.3,47.3,522.45,2388.02,8143.72,8.4015,0.03,392,2388,100.0,38.85,23.4129
3,24,0.0,0.0003,100.0,518.67,642.49,1580.81,1399.24,14.62,21.61,554.59,2387.99,9057.34,1.3,47.14,522.4,2388.01,8141.33,8.3908,0.03,391,2388,100.0,39.12,23.496
3,25,-0.0019,-0.0002,100.0,518.67,642.02,1579.57,1399.89,14.62,21.6,554.3,2388.0,9059.44,1.3,47.15,522.0,2388.04,8143.8,8.378,0.03,391,2388,100.0,38.99,23.4081
3,26,0.0003,-0.0003,100.0,518.67,642.34,1575.34,1400.56,14.62,21.61,555.03,2388.01,9061.57,1.3,47.23,522.23,2388.07,8144.83,8.375,0.03,392,2388,100.0,39.07,23.4525
3,27,0.0007,-0.0003,100.0,518.67,642.21,1577.28,1391.73,14.62,21.61,554.37,2388.03,9062.09,1.3,47.23,521.96,2388.0,8143.69,8.3684,0.03,391,2388,100.0,39.07,23.4863
3,28,0.0005,0.0,100.0,518.67,642.4,1577.22,1398.0,14.62,21.61,553.9,2387.96,9058.03,1.3,47.35,522.26,2387.91,8141.01,8.4101,0.03,393,2388,100.0,38.98,23.4066
3,29,-0.004,0.0002,100.0,518.67,642.5,1590.27,1400.51,14.62,21.61,554.39,2388.03,9064.71,1.3,47.09,522.7,2387.98,8145.2,8.3791,0.03,390,2388,100.0,39.13,23.386
3,30,0.0008,0.0004,100.0,518.67,642.41,1583.36,1396.37,14.62,21.61,554.63,2388.01,9059.38,1.3,47.36,522.91,2388.01,8140.94,8.3699,0.03,390,2388,100.0,38.9,23.511
3,31,-0.0012,0.0003,100.0,518.67,642.22,1584.78,1392.17,14.62,21.6,555.05,2387.95,9055.24,1.3,47.1,521.84,2387.99,8142.96,8.4018,0.03,392,2388,100.0,39.06,23.4908
3,32,-0.0013,0.0,100.0,518.67,642.24,1583.47,1395.45,14.62,21.61,554.45,2388.0,9061.87,1.3,47.13,522.91,2388.02,8146.03,8.3814,0.03,390,2388,100.0,39.07,23.3714
3,33,0.002,0.0005,100.0,518.67,642.14,1583.99,1394.12,14.62,21.6,554.52,2388.03,9059.16,1.3,47.11,521.95,2387.94,8144.33,8.3841,0.03,392,2388,100.0,39.06,23.4514
3,34,-0.0037,-0.0001,100.0,518.67,642.29,1584.34,1397.65,14.62,21.61,554.39,2388.0,9068.17,1.3,47.0,522.5,2387.98,8148.99,8.4246,0.03,391,2388,100.0,39.0,23.4419
3,35,0.0032,0.0003,100.0,518.67,642.34,1588.53,1400.91,14.62,21.61,554.42,2388.06,9055.09,1.3,47.27,522.26,2387.99,8139.54,8.384,0.03,391,2388,100.0,39.05,23.3629
3,36,0.0011,0.0001,100.0,518.67,642.01,1581.73,1395.32,14.62,21.61,554.89,2388.03,9060.8,1.3,47.24,522.08,2387.96,8142.27,8.4197,0.03,390,2388,100.0,38.96,23.4717
3,37,-0.0008,-0.0001,100.0,518.67,642.07,1584.41,1394.58,14.62,21.61,555.24,2387.98,9066.77,1.3,47.11,522.53,2387.94,8145.77,8.3673,0.03,390,2388,100.0,38.92,23.4963
3,38,-0.0008,0.0005,100.0,518.67,642.02,1583.15,1400.22,14.62,21.61,555.22,2387.94,9063.07,1.3,47.1,522.09,2388.0,8143.84,8.3835,0.03,393,2388,100.0,39.17,23.4473
3,39,0.0025,-0.0001,100.0,518.67,641.8,1581.63,1397.28,14.62,21.61,554.64,2387.95,9057.44,1.3,47.05,522.05,2387.95,8146.42,8.4262,0.03,392,2388,100.0,38.93,23.4327
3,40,-0.0015,-0.0004,100.0,518.67,642.2,1581.93,1394.42,14.62,21.61,554.43,2388.0,9067.6,1.3,47.3,522.68,2388.03,8144.08,8.3606,0.03,392,2388,100.0,39.23,23.4247
3,41,0.0041,0.0004,100.0,518.67,642.04,1587.18,1393.84,14.62,21.61,553.98,2388.02,9066.14,1.3,47.19,522.1,2387.96,8144.68,8.4247,0.03,392,2388,100.0,38.99,23.4908
3,42,0.0014,-0.0003,100.0,518.67,641.76,1587.25,1400.27,14.62,21.61,554.63,2388.0,9066.19,1.3,47.07,522.62,2387.98,8148.6,8.4017,0.03,392,2388,100.0,38.95,23.5033
3,43,0.0,0.0005,100.0,518.67,642.2,1581.76,1397.11,14.62,21.61,554.47,2387.95,9065.09,1.3,47.07,522.07,2387.98,8146.06,8.4267,0.03,391,2388,100.0,39.03,23.3639
3,44,-0.0018,-0.0004,100.0,518.67,642.29,1588.42,1397.42,14.62,21.61,554.51,2387.98,9065.43,1.3,47.08,523.12,2388.01,8142.66,8.3645,0.03,390,2388,100.0,38.89,23.4215
3,45,-0.0009,-0.0004,100.0,518.67,641.91,1580.57,1390.09,14.62,21.61,554.79,2387.98,9064.28,1.3,47.07,522.55,2387.97,8146.11,8.3959,0.03,392,2388,100.0,39.03,23.3793
3,46,0.0008,-0.0005,100.0,518.67,641.4,1585.52,1400.63,14.62,21.6,555.0,2388.02,9063.91,1.3,47.06,522.59,2388.04,8137.94,8.4121,0.03,392,2388,100.0,38.89,23.3704
3,47,0.0021,-0.0004,100.0,518.67,641.83,1578.66,1397.39,14.62,21.61,554.75,2387.98,9064.98,1.3,47.26,522.34,2387.98,8147.36,8.4121,0.03,391,2388,100.0,39.0,23.3988
3,48,0.0033,0.0003,100.0,518.67,641.97,1578.37,1386.06,14.62,21.61,554.97,2387.98,9064.43,1.3,47.34,522.54,2387.96,8149.52,8.415,0.03,392,2388,100.0,39.05,23.4091
3,49,-0.0005,-0.0004,100.0,518.67,642.09,1586.75,1401.06,14.62,21.61,555.44,2388.01,9056.77,1.3,47.15,522.78,2388.0,8140.44,8.3975,0.03,390,2388,100.0,39.02,23.3436
3,50,0.002,-0.0002,100.0,518.67,641.86,1579.17,1395.09,14.62,21.61,554.84,2387.98,9059.79,1.3,47.36,522.36,2388.0,8142.92,8.3893,0.03,392,2388,100.0,39.12,23.4558
3,51,0.0023,0.0002,100.0,518.67,641.77,1583.21,1392.33,14.62,21.61,554.63,2387.99,9062.39,1.3,46.97,522.71,2388.01,8138.03,8.3663,0.03,393,2388,100.0,38.81,23.4349
3,52,0.0021,0.0004,100.0,518.67,642.17,1586.14,1404.07,14.62,21.61,554.79,2388.0,9060.91,1.3,47.24,522.34,2388.01,8142.61,8.4247,0.03,393,2388,100.0,38.87,23.4592
3,53,-0.0021,0.0001,100.0,518.67,641.6,1583.85,1401.5,14.62,21.61,553.51,2387.96,9057.85,1.3,47.32,522.64,2387.97,8148.85,8.4177,0.03,393,2388,100.0,39.11,23.4214
3,54,0.0015,0.0004,100.0,518.67,642.49,1584.43,1396.61,14.62,21.6,554.54,2387.96,9059.81,1.3,47.13,522.96,2388.03,8142.81,8.3463,0.03,392,2388,100.0,39.07,23.3727
3,55,-0.0015,-0.0001,100.0,518.67,641.86,1581.87,1393.26,14.62,21.61,554.46,2387.94,9066.08,1.3,47.18,522.62,2388.01,8144.05,8.4024,0.03,391,2388,100.0,39.01,23.4786
3,56,0.0014,-0.0005,100.0,518.67,641.98,1584.91,1400.98,14.62,21.61,555.15,2387.96,9066.8,1.3,47.11,522.06,2388.04,8144.07,8.36,0.03,392,2388,100.0,38.87,23.4502
3,57,0.001,-0.0002,100.0,518.67,642.14,1585.52,1394.49,14.62,21.61,554.86,2387.98,9063.67,1.3,47.2,522.53,2387.96,8151.4,8.3921,0.03,391,2388,100.0,38.9,23.3519
3,58,0.0003,-0.0,100.0,518.67,642.58,1585.05,1394.5,14.62,21.6,554.74,2387.98,9056.0,1.3,47.12,522.45,2387.94,8146.78,8.404,0.03,391,2388,100.0,39.02,23.4715
3,59,-0.0001,0.0003,100.0,518.67,641.87,1584.32,1392.37,14.62,21.61,554.52,2388.02,9059.83,1.3,47.2,522.4,2388.02,8144.32,8.3916,0.03,390,2388,100.0,38.96,23.5729
3,60,-0.0016,0.0004,100.0,518.67,642.08,1581.58,1399.43,14.62,21.6,554.55,2388.02,9061.85,1.3,47.29,522.44,2388.01,8140.34,8.3676,0.03,392,2388,100.0,38.99,23.4217
3,61,-0.0006,-0.0003,100.0,518.67,641.75,1583.04,1400.2,14.62,21.61,554.71,2388.02,9061.1,1.3,47.2,522.3,2388.07,8142.83,8.3955,0.03,392,2388,100.0,38.83,23.4619
3,62,0.0016,-0.0003,100.0,518.67,641.91,1595.88,1395.55,14.62,21.6,554.7,2387.95,9065.17,1.3,47.07,522.02,2387.99,8146.16,8.3929,0.03,390,2388,100.0,39.05,23.3655
3,63,0.0003,-0.0005,100.0,518.67,641.96,1584.38,1404.26,14.62,21.61,554.56,2387.97,9069.16,1.3,47.18,522.42,2387.95,8141.55,8.3933,0.03,392,2388,100.0,39.09,23.4355
3,64,-0.001,0.0001,100.0,518.67,641.63,1584.06,1395.6,14.62,21.61,554.82,2387.94,9066.37,1.3,47.02,522.29,2388.01,8144.88,8.3902,0.03,391,2388,100.0,38.94,23.5082
3,65,-0.0029,0.0002,100.0,518.67,641.19,1589.87,1393.76,14.62,21.61,554.55,2387.94,9058.62,1.3,47.28,523.46,2387.98,8152.27,8.3894,0.03,391,2388,100.0,39.07,23.4697
3,66,-0.0011,0.0002,100.0,518.67,642.59,1578.35,1395.3,14.62,21.61,553.67,2388.06,9076.28,1.3,47.0,522.91,2387.98,8145.83,8.4134,0.03,392,2388,100.0,39.13,23.3378
3,67,-0.0013,-0.0002,100.0,518.67,641.89,1587.93,1396.21,14.62,21.61,554.92,2388.04,9063.84,1.3,47.22,522.06,2387.99,8145.84,8.3715,0.03,389,2388,100.0,39.14,23.4654
3,68,-0.0024,0.0002,100.0,518.67,642.25,1582.12,1393.79,14.62,21.61,553.9,2388.02,9064.17,1.3,47.26,522.17,2387.97,8146.02,8.4087,0.03,391,2388,100.0,38.97,23.3933
3,69,-0.0005,-0.0,100.0,518.67,642.04,1586.56,1403.52,14.62,21.61,554.14,2388.0,9066.18,1.3,47.21,522.29,2387.98,8149.25,8.3927,0.03,391,2388,100.0,39.01,23.2123
3,70,0.0008,-0.0,100.0,518.67,641.96,1588.71,1404.32,14.62,21.61,555.2,2388.0,9075.06,1.3,47.29,522.25,2388.01,8152.28,8.3963,0.03,392,2388,100.0,38.93,23.3537
4,1,-0.0,-0.0005,100.0,518.67,641.84,1581.6,1392.76,14.62,21.58,552.6,2387.96,9051.83,1.3,47.24,521.77,2387.95,8131.19,8.3948,0.03,390,2388,100.0,39.06,23.4527
4,2,0.0001,-0.0005,100.0,518.67,642.09,1584.44,1395.53,14.62,21.58,552.75,2387.91,9043.05,1.3,47.07,520.71,2387.98,8130.96,8.4239,0.03,392,2388,100.0,38.93,23.3763
4,3,0.0035,-0.0003,100.0,518.67,641.86,1589.67,1388.24,14.62,21.59,553.69,2387.97,9045.46,1.3,47.05,521.31,2387.89,8128.97,8.4158,0.03,390,2388,100.0,39.01,23.4058
4,4,0.0005,0.0003,100.0,518.67,641.95,1583.96,1381.06,14.62,21.58,553.24,2387.89,9042.74,1.3,46.78,521.38,2387.94,8135.69,8.3655,0.03,392,2388,100.0,39.02,23.2559
4,5,0.0021,0.0001,100.0,518.67,641.62,1579.17,1388.73,14.62,21.58,553.26,2387.95,9052.36,1.3,46.88,520.98,2387.89,8132.36,8.4117,0.03,390,2388,100.0,38.84,23.3311
4,6,0.0021,0.0002,100.0,518.67,641.47,1577.16,1393.73,14.62,21.59,553.37,2387.93,9051.71,1.3,47.1,520.8,2387.95,8132.71,8.3843,0.03,392,2388,100.0,38.97,23.4533
4,7,0.0005,0.0004,100.0,518.67,641.44,1582.48,1392.94,14.62,21.58,553.09,2387.89,9051.36,1.3,47.19,520.96,2387.98,8131.54,8.4161,0.03,391,2388,100.0,38.98,23.3727
4,8,-0.0025,-0.0005,100.0,518.67,642.12,1573.07,1393.27,14.62,21.58,552.51,2387.92,9047.36,1.3,46.88,521.09,2387.96,8131.09,8.3887,0.03,391,2388,100.0,38.94,23.3903
4,9,0.003,0.0002,100.0,518.67,641.54,1581.54,1393.39,14.62,21.58,552.9,2387.96,9048.78,1.3,46.89,520.96,2387.92,8131.25,8.4289,0.03,390,2388,100.0,38.91,23.3401
4,10,0.0048,0.0001,100.0,518.67,641.51,1585.76,1394.17,14.62,21.58,553.21,2387.97,9044.67,1.3,47.08,520.72,2387.92,8137.98,8.3843,0.03,391,2388,100.0,38.99,23.4062
4,11,0.001,-0.0,100.0,518.67,642.14,1578.07,1397.8,14.62,21.58,553.55,2387.98,9047.51,1.3,46.94,521.11,2387.98,8131.34,8.4186,0.03,392,2388,100.0,38.97,23.3211
4,12,-0.0002,0.0002,100.0,518.67,641.79,1587.08,1399.84,14.62,21.58,552.34,2387.88,9047.21,1.3,47.01,520.64,2387.93,8128.66,8.4219,0.03,390,2388,100.0,38.94,23.3394
4,13,-0.0039,0.0003,100.0,518.67,641.63,1575.8,1391.82,14.62,21.58,553.32,2387.94,9043.03,1.3,47.06,521.19,2387.92,8136.74,8.3945,0.03,389,2388,100.0,39.04,23.3849
4,14,0.0017,-0.0002,100.0,518.67,642.48,1574.26,1392.78,14.62,21.58,553.17,2388.01,9044.6,1.3,46.99,521.37,2387.9,8134.82,8.4146,0.03,391,2388,100.0,39.02,23.4331
4,15,0.0026,0.0001,100.0,518.67,642.0,1581.96,1392.8,14.62,21.58,552.1,2387.95,9044.11,1.3,46.91,521.09,2387.98,8133.54,8.3802,0.03,392,2388,100.0,39.21,23.3762
4,16,0.0009,0.0003,100.0,518.67,641.72,1585.45,1393.06,14.62,21.58,553.09,2387.93,9050.83,1.3,47.23,521.1,2387.9,8129.71,8.3832,0.03,392,2388,100.0,38.93,23.3358
4,17,-0.0044,0.0003,100.0,518.67,641.88,1581.42,1389.36,14.62,21.58,552.74,2387.98,9044.05,1.3,47.0,520.69,2387.94,8128.85,8.406,0.03,389,2388,100.0,39.06,23.3124
4,18,0.002,-0.0003,100.0,518.67,641.71,1578.33,1397.29,14.62,21.58,553.16,2387.96,9043.48,1.3,47.15,521.27,2387.99,8133.03,8.3818,0.03,391,2388,100.0,39.1,23.4196
4,19,-0.0036,0.0003,100.0,518.67,642.74,1585.25,1389.72,14.62,21.58,553.49,2387.9,9041.53,1.3,46.9,520.79,2387.96,8131.15,8.3708,0.03,393,2388,100.0,38.93,23.369
4,20,0.0016,-0.0005,100.0,518.67,642.01,1581.99,1390.57,14.62,21.58,553.06,2387.99,9042.88,1.3,46.93,521.16,2387.92,8134.66,8.375,0.03,391,2388,100.0,38.84,23.32
4,21,0.0029,0.0003,100.0,518.67,642.04,1580.38,1388.67,14.62,21.59,553.69,2387.96,9048.29,1.3,47.12,521.71,2387.99,8128.19,8.4011,0.03,391,2388,100.0,38.89,23.3304
4,22,-0.0008,-0.0003,100.0,518.67,641.78,1576.51,1389.56,14.62,21.58,553.21,2388.0,9042.21,1.3,47.07,520.92,2387.95,8127.07,8.3761,0.03,392,2388,100.0,39.1,23.3286
4,23,-0.0059,-0.0005,100.0,518.67,641.67,1579.43,1394.82,14.62,21.58,552.99,2387.97,9043.56,1.3,47.03,520.96,2387.94,8130.53,8.3843,0.03,390,2388,100.0,39.05,23.3413
4,24,0.0038,0.0004,100.0,518.67,642.27,1574.69,1397.51,14.62,21.58,552.39,2388.0,9039.91,1.3,46.97,520.44,2387.94,8136.1,8.4003,0.03,391,2388,100.0,39.05,23.4342
4,25,-0.0031,-0.0001,100.0,518.67,641.85,1578.77,1394.49,14.62,21.58,553.28,2387.92,9043.66,1.3,47.11,521.26,2387.93,8140.51,8.3907,0.03,391,2388,100.0,38.85,23.3847
4,26,-0.0033,0.0004,100.0,518.67,642.33,1582.9,1398.57,14.62,21.58,552.53,2387.97,9045.87,1.3,46.96,521.53,2387.97,8131.65,8.3723,0.03,392,2388,100.0,38.73,23.4913
4,27,0.0014,-0.0001,100.0,518.67,642.02,1583.8,1393.76,14.62,21.58,553.28,2387.92,9049.74,1.3,47.02,520.79,2387.94,8129.32,8.4135,0.03,392,2388,100.0,39.03,23.4268
4,28,-0.0039,0.0003,100.0,518.67,641.94,1582.86,1397.72,14.62,21.58,553.07,2387.94,9044.77,1.3,47.06,520.99,2387.93,8131.77,8.4004,0.03,390,2388,100.0,38.94,23.4979
4,29,-0.0013,-0.0004,100.0,518.67,641.74,1581.17,1400.69,14.62,21.58,552.7,2387.92,9045.67,1.3,47.32,521.63,2388.02,8135.56,8.3636,0.03,390,2388,100.0,39.19,23.4339
4,30,-0.002,0.0004,100.0,518.67,642.54,1584.93,1397.97,14.62,21.58,553.04,2387.89,9049.73,1.3,47.17,521.52,2387.98,8134.51,8.3723,0.03,391,2388,100.0,39.21,23.3829
4,31,-0.0014,0.0004,100.0,518.67,641.63,1586.29,1394.84,14.62,21.58,553.58,2387.91,9046.18,1.3,46.95,521.66,2387.91,8130.19,8.3971,0.03,390,2388,100.0,38.94,23.3599
4,32,0.0015,-0.0,100.0,518.67,642.12,1584.17,1402.13,14.62,21.58,553.31,2387.92,9050.52,1.3,46.92,521.73,2387.95,8135.45,8.4183,0.03,392,2388,100.0,39.07,23.3862
4,33,0.0002,0.0005,100.0,518.67,642.32,1583.06,1389.41,14.62,21.58,552.74,2387.98,9049.35,1.3,47.06,521.64,2387.97,8133.64,8.4173,0.03,392,2388,100.0,38.98,23.4646
4,34,0.0026,-0.0,100.0,518.67,642.39,1580.29,1392.19,14.62,21.58,553.26,2387.9,9042.96,1.3,46.88,520.49,2387.96,8130.35,8.4048,0.03,390,2388,100.0,39.04,23.3211
4,35,0.001,0.0004,100.0,518.67,641.84,1585.86,1388.46,14.62,21.58,553.48,2387.94,9045.03,1.3,47.09,520.88,2387.95,8135.43,8.3847,0.03,390,2388,100.0,39.21,23.31
4,36,0.0017,-0.0004,100.0,518.67,641.92,1576.46,1387.04,14.62,21.58,553.51,2387.98,9042.83,1.3,46.96,520.86,2387.98,8136.68,8.3937,0.03,391,2388,100.0,39.13,23.4617
4,37,-0.0026,-0.0002,100.0,518.67,642.18,1579.18,1385.42,14.62,21.58,553.75,2387.97,9044.57,1.3,46.9,521.29,2387.97,8132.34,8.3615,0.03,390,2388,100.0,38.83,23.3784
4,38,0.001,-0.0005,100.0,518.67,642.04,1579.52,1391.79,14.62,21.58,553.1,2387.91,9050.33,1.3,47.05,520.85,2387.93,8130.69,8.3926,0.03,391,2388,100.0,38.96,23.4142
4,39,-0.0024,-0.0003,100.0,518.67,641.61,1583.46,1393.5,14.62,21.58,553.79,2387.91,9051.66,1.3,46.96,521.25,2388.01,8134.02,8.398,0.03,391,2388,100.0,38.87,23.3475
4,40,-0.004,-0.0003,100.0,518.67,642.05,1582.82,1385.72,14.62,21.58,553.62,2387.96,9049.06,1.3,47.14,521.18,2388.0,8129.51,8.38,0.03,391,2388,100.0,39.18,23.3783
4,41,0.0035,0.0004,100.0,518.67,642.13,1576.41,1395.62,14.62,21.58,553.23,2387.94,9049.26,1.3,46.99,520.73,2387.94,8132.32,8.3945,0.03,390,2388,100.0,38.89,23.3495
4,42,-0.0005,-0.0002,100.0,518.67,641.34,1574.69,1390.93,14.62,21.58,552.88,2387.92,9049.2,1.3,47.11,520.88,2387.95,8135.87,8.3451,0.03,391,2388,100.0,38.9,23.462
4,43,0.0001,-0.0003,100.0,518.67,641.91,1575.79,1394.55,14.62,21.58,553.02,2387.95,9051.09,1.3,46.99,521.12,2387.93,8126.47,8.4036,0.03,391,2388,100.0,38.94,23.3495
4,44,-0.0019,0.0002,100.0,518.67,641.57,1582.55,1397.99,14.62,21.58,553.0,2387.92,9046.83,1.3,46.98,521.12,2387.89,8128.54,8.3871,0.03,391,2388,100.0,39.02,23.3135
4,45,0.0013,0.0001,100.0,518.67,642.02,1583.21,1389.93,14.62,21.58,553.36,2387.99,9040.76,1.3,46.89,521.41,2387.95,8131.8,8.3736,0.03,390,2388,100.0,39.09,23.3877
4,46,0.0054,0.0002,100.0,518.67,641.86,1575.18,1398.79,14.62,21.58,553.16,2387.95,9056.75,1.3,47.13,521.99,2387.95,8138.43,8.3961,0.03,391,2388,100.0,39.06,23.4453
4,47,0.0034,0.0001,100.0,518.67,642.08,1575.18,1393.71,14.62,21.58,552.63,2387.98,9049.13,1.3,46.91,521.16,2387.89,8136.02,8.3821,0.03,391,2388,100.0,39.18,23.2603
4,48,0.0003,-0.0002,100.0,518.67,641.85,1573.6,1392.24,14.62,21.58,553.61,2387.93,9052.51,1.3,46.76,521.83,2387.92,8137.22,8.3444,0.03,390,2388,100.0,38.83,23.4091
4,49,0.0009,-0.0002,100.0,518.67,641.69,1578.08,1394.58,14.62,21.58,553.3,2387.97,9050.44,1.3,46.97,520.71,2387.94,8134.26,8.3743,0.03,390,2388,100.0,39.06,23.4547
4,50,-0.0029,-0.0004,100.0,518.67,641.43,1577.95,1391.33,14.62,21.58,553.54,2387.94,9042.7,1.3,46.87,520.33,2387.95,8133.13,8.399,0.03,392,2388,100.0,39.01,23.3824
4,51,0.0014,-0.0005,100.0,518.67,642.12,1584.05,1393.83,14.62,21.59,554.1,2387.95,9056.03,1.3,47.14,522.25,2387.95,8130.3,8.3964,0.03,391,2388,100.0,38.93,23.441
4,52,0.0062,-0.0002,100.0,518.67,642.05,1592.16,1396.55,14.62,21.58,553.33,2387.99,9048.7,1.3,47.06,520.52,2387.95,8138.55,8.3778,0.03,392,2388,100.0,38.9,23.4357
4,53,0.0012,0.0005,100.0,518.67,641.64,1584.36,1389.76,14.62,21.58,554.01,2387.95,9047.43,1.3,46.94,520.97,2387.94,8134.04,8.3953,0.03,392,2388,100.0,39.07,23.4422
4,54,-0.0011,-0.0004,100.0,518.67,641.68,1582.66,1397.71,14.62,21.58,554.17,2387.93,9049.69,1.3,46.99,521.19,2387.96,8136.47,8.3736,0.03,391,2388,100.0,38.9,23.4381
4,55,-0.003,-0.0004,100.0,518.67,642.47,1579.39,1390.39,14.62,21.58,553.89,2387.92,9047.83,1.3,46.99,521.51,2387.97,8131.07,8.4293,0.03,391,2388,100.0,38.86,23.4289
4,56,-0.0023,0.0001,100.0,518.67,642.14,1578.02,1391.93,14.62,21.58,553.91,2387.93,9047.3,1.3,47.07,521.44,2387.97,8133.55,8.3804,0.03,392,2388,100.0,39.01,23.4623
4,57,0.0005,0.0,100.0,518.67,641.46,1582.62,1386.2,14.62,21.58,553.2,2387.93,9053.22,1.3,47.06,521.26,2387.97,8134.84,8.3363,0.03,391,2388,100.0,38.91,23.3516
4,58,-0.002,0.0,100.0,518.67,642.13,1586.55,1398.44,14.62,21.59,553.82,2387.96,9055.79,1.3,46.85,522.5,2387.96,8137.43,8.3511,0.03,391,2388,100.0,39.02,23.424
4,59,-0.0016,-0.0003,100.0,518.67,642.12,1583.59,1396.31,14.62,21.59,553.48,2388.03,9060.53,1.3,47.14,521.43,2387.91,8128.14,8.3796,0.03,390,2388,100.0,38.95,23.4811
4,60,0.0004,-0.0003,100.0,518.67,642.11,1580.83,1393.8,14.62,21.59,553.41,2387.92,9046.46,1.3,47.12,521.76,2387.89,8130.82,8.3926,0.03,392,2388,100.0,39.03,23.4693
4,61,-0.0023,-0.0,100.0,518.67,642.08,1579.52,1397.14,14.62,21.58,553.78,2387.95,9045.35,1.3,47.1,521.48,2387.99,8134.42,8.3344,0.03,390,2388,100.0,38.99,23.3999
4,62,0.0031,-0.0001,100.0,518.67,641.89,1579.67,1390.71,14.62,21.58,552.91,2387.93,9049.98,1.3,47.08,522.13,2387.96,8132.08,8.3573,0.03,391,2388,100.0,39.0,23.4501
4,63,-0.0032,-0.0001,100.0,518.67,641.96,1585.21,1396.56,14.62,21.58,553.49,2387.99,9046.85,1.3,47.01,520.77,2387.94,8134.65,8.3888,0.03,392,2388,100.0,39.07,23.4589
4,64,0.0011,-0.0,100.0,518.67,642.08,1582.63,1394.55,14.62,21.58,553.76,2387.94,9049.27,1.3,47.13,520.99,2387.95,8135.45,8.4261,0.03,392,2388,100.0,39.08,23.4543
4,65,-0.0002,0.0,100.0,518.67,642.04,1588.48,1393.63,14.62,21.58,553.21,2387.92,9051.92,1.3,47.21,521.41,2388.01,8127.35,8.4204,0.03,392,2388,100.0,38.91,23.4606
4,66,0.002,0.0002,100.0,518.67,642.08,1574.29,1393.65,14.62,21.58,552.91,2387.92,9043.11,1.3,47.02,521.48,2388.01,8126.84,8.3875,0.03,392,2388,100.0,39.12,23.3157
4,67,-0.0033,-0.0004,100.0,518.67,641.89,1582.16,1396.85,14.62,21.58,553.39,2387.98,9042.18,1.3,46.99,521.73,2387.95,8136.75,8.3707,0.03,388,2388,100.0,39.05,23.4213
4,68,-0.0018,0.0001,100.0,518.67,642.8,1581.67,1393.7,14.62,21.58,553.75,2387.93,9048.4,1.3,47.04,521.02,2387.99,8133.71,8.4195,0.03,393,2388,100.0,38.95,23.2636
4,69,-0.0018,-0.0005,100.0,518.67,642.08,1578.9,1398.23,14.62,21.58,553.57,2387.92,9053.37,1.3,47.15,521.43,2387.94,8131.1,8.3734,0.03,392,2388,100.0,39.15,23.4714
4,70,-0.0037,0.0001,100.0,518.67,641.69,1578.53,1391.41,14.62,21.58,554.24,2387.92,9046.95,1.3,47.06,520.77,2387.96,8128.31,8.4268,0.03,391,2388,100.0,38.95,23.326
4,71,-0.0022,-0.0002,100.0,518.67,642.02,1584.62,1395.92,14.62,21.58,553.39,2388.03,9046.87,1.3,47.04,521.71,2387.98,8130.81,8.3805,0.03,391,2388,100.0,38.94,23.3075
4,72,-0.0,0.0003,100.0,518.67,642.37,1584.49,1394.86,14.62,21.59,554.25,2388.0,9045.51,1.3,47.01,522.15,2387.97,8134.41,8.3733,0.03,391,2388,100.0,39.03,23.4285
4,73,0.0005,-0.0002,100.0,518.67,641.76,1584.15,1396.44,14.62,21.58,554.16,2387.99,9044.91,1.3,46.99,520.97,2387.92,8135.29,8.3605,0.03,390,2388,100.0,39.17,23.4411
4,74,0.0004,-0.0004,100.0,518.67,641.92,1582.37,1390.08,14.62,21.58,553.12,2387.93,9055.43,1.3,47.08,521.19,2387.98,8129.0,8.3827,0.03,389,2388,100.0,39.2,23.3272
4,75,0.0026,0.0002,100.0,518.67,642.13,1580.8,1395.97,14.62,21.59,554.39,2388.0,9049.47,1.3,47.03,521.98,2388.01,8138.19,8.4307,0.03,390,2388,100.0,39.11,23.4732
4,76,0.0026,-0.0004,100.0,518.67,641.88,1577.67,1393.05,14.62,21.58,553.19,2387.92,9044.23,1.3,47.15,521.33,2387.89,8127.78,8.3908,0.03,391,2388,100.0,39.03,23.3592
4,77,0.0025,0.0,100.0,518.67,641.46,1584.9,1401.08,14.62,21.58,553.88,2387.98,9051.81,1.3,47.03,521.98,2387.95,8135.72,8.3909,0.03,391,2388,100.0,39.06,23.3466
4,78,0.0015,-0.0002,100.0,518.67,641.57,1582.21,1389.75,14.62,21.58,554.28,2388.02,9050.69,1.3,47.12,521.18,2387.92,8130.8,8.4463,0.03,392,2388,100.0,38.95,23.3621
4,79,0.0004,-0.0002,100.0,518.67,642.11,1574.82,1395.78,14.62,21.58,554.21,2387.95,9050.14,1.3,47.1,521.45,2387.95,8135.35,8.4113,0.03,391,2388,100.0,39.27,23.4374
4,80,-0.0013,-0.0,100.0,518.67,641.87,1583.99,1388.73,14.62,21.58,553.18,2388.02,9054.5,1.3,47.11,520.99,2387.98,8137.24,8.3675,0.03,392,2388,100.0,39.08,23.3979
4,81,0.0004,-0.0004,100.0,518.67,641.69,1575.07,1393.73,14.62,21.58,552.58,2387.9,9052.18,1.3,47.01,521.73,2387.92,8134.08,8.3544,0.03,390,2388,100.0,38.75,23.4556
4,82,-0.0019,-0.0005,100.0,518.67,641.49,1579.6,1397.56,14.62,21.59,553.43,2388.01,9051.72,1.3,47.12,522.09,2387.93,8135.72,8.3699,0.03,391,2388,100.0,39.17,23.3429
4,83,0.001,0.0001,100.0,518.67,641.93,1587.28,1397.25,14.62,21.58,553.47,2388.03,9052.57,1.3,47.12,521.27,2388.03,8132.77,8.3786,0.03,391,2388,100.0,38.91,23.4741
4,84,-0.0004,-0.0001,100.0,518.67,641.68,1580.45,1390.11,14.62,21.58,553.47,2387.94,9046.17,1.3,47.0,521.44,2387.95,8133.12,8.3915,0.03,392,2388,100.0,39.11,23.3794
4,85,-0.0001,0.0001,100.0,518.67,641.49,1583.64,1390.73,14.62,21.58,553.91,2387.96,9043.68,1.3,47.06,521.54,2387.98,8127.54,8.4037,0.03,391,2388,100.0,38.96,23.4652
4,86,0.0053,-0.0003,100.0,518.67,641.74,1581.75,1389.26,14.62,21.58,554.12,2387.92,9047.11,1.3,47.12,521.87,2387.92,8136.19,8.3642,0.03,391,2388,100.0,38.87,23.2398
4,87,0.0038,-0.0005,100.0,518.67,642.21,1582.52,1390.33,14.62,21.58,553.72,2387.96,9048.11,1.3,47.09,521.3,2387.93,8136.73,8.3921,0.03,390,2388,100.0,38.92,23.3294
4,88,0.0028,0.0001,100.0,518.67,641.82,1583.34,1393.46,14.62,21.58,553.66,2387.98,9048.73,1.3,47.08,521.4,2387.96,8137.32,8.4194,0.03,390,2388,100.0,39.15,23.2811
4,89,0.0028,0.0001,100.0,518.67,641.77,1572.89,1396.24,14.62,21.58,554.41,2387.96,9047.35,1.3,47.01,521.64,2387.96,8131.68,8.3973,0.03,389,2388,100.0,39.18,23.4919
4,90,-0.0004,-0.0003,100.0,518.67,641.84,1588.19,1391.68,14.62,21.58,552.74,2387.88,9054.29,1.3,47.02,520.98,2388.01,8136.02,8.4187,0.03,389,2388,100.0,38.92,23.4676
4,91,-0.0002,0.0002,100.0,518.67,641.55,1584.6,1395.16,14.62,21.58,553.09,2387.93,9050.37,1.3,47.04,521.36,2387.94,8132.89,8.3912,0.03,391,2388,100.0,39.1,23.3883
4,92,-0.0007,0.0004,100.0,518.67,642.57,1581.97,1391.35,14.62,21.58,553.36,2387.93,9046.49,1.3,46.8,521.69,2387.98,8132.01,8.4362,0.03,392,2388,100.0,39.02,23.4161
4,93,0.0001,-0.0005,100.0,518.67,641.87,1587.25,1388.82,14.62,21.58,553.26,2387.96,9044.03,1.3,46.87,521.66,2387.97,8134.58,8.387,0.03,391,2388,100.0,39.02,23.3088
4,94,-0.0005,0.0004,100.0,518.67,642.14,1580.71,1394.58,14.62,21.58,554.01,2387.99,9048.9,1.3,47.12,520.88,2387.97,8139.9,8.3521,0.03,392,2388,100.0,39.04,23.3779
4,95,0.0047,-0.0005,100.0,518.67,641.9,1583.49,1400.37,14.62,21.58,553.17,2387.95,9050.3,1.3,47.16,521.9,2387.99,8136.63,8.3915,0.03,392,2388,100.0,38.97,23.4312
4,96,-0.0035,0.0,100.0,518.67,642.22,1575.66,1395.42,14.62,21.58,553.78,2387.94,9053.13,1.3,47.19,521.48,2387.96,8134.68,8.4234,0.03,392,2388,100.0,38.95,23.267
4,97,-0.0026,-0.0,100.0,518.67,642.52,1579.26,1395.16,14.62,21.58,553.0,2387.96,9051.26,1.3,47.25,521.25,2387.95,8135.22,8.4187,0.03,391,2388,100.0,39.06,23.4112
4,98,-0.0019,-0.0002,100.0,518.67,641.79,1581.8,1389.67,14.62,21.58,553.75,2387.98,9053.77,1.3,46.98,521.39,2387.88,8134.82,8.3665,0.03,391,2388,100.0,39.16,23.4541
4,99,-0.0006,0.0,100.0,518.67,641.99,1584.49,1396.28,14.62,21.58,553.94,2387.92,9052.18,1.3,47.31,522.36,2387.94,8134.67,8.3961,0.03,390,2388,100.0,39.25,23.3947
4,100,0.0027,-0.0,100.0,518.67,642.44,1577.67,1392.46,14.62,21.58,553.93,2387.97,9053.06,1.3,46.88,521.24,2387.95,8134.12,8.376,0.03,391,2388,100.0,39.14,23.406
4,101,-0.0048,-0.0004,100.0,518.67,641.55,1584.41,1395.14,14.62,21.58,554.15,2387.92,9050.73,1.3,47.12,522.09,2387.98,8138.2,8.3729,0.03,391,2388,100.0,39.0,23.4678
4,102,-0.0011,-0.0003,100.0,518.67,642.54,1582.62,1404.62,14.62,21.58,553.12,2388.03,9051.62,1.3,47.06,521.59,2387.97,8132.14,8.3948,0.03,392,2388,100.0,39.14,23.3981
4,103,0.0008,-0.0002,100.0,518.67,641.8,1571.38,1396.5,14.62,21.58,552.95,2387.94,9056.34,1.3,47.07,521.67,2387.89,8129.41,8.3743,0.03,392,2388,100.0,38.99,23.3894
4,104,-0.0037,-0.0005,100.0,518.67,642.17,1582.45,1402.66,14.62,21.58,554.1,2387.97,9050.41,1.3,47.26,521.96,2387.96,8133.91,8.4027,0.03,391,2388,100.0,38.91,23.531
4,105,0.0006,-0.0003,100.0,518.67,642.08,1575.76,1399.72,14.62,21.58,553.36,2388.01,9049.29,1.3,46.98,521.65,2387.97,8139.13,8.3606,0.03,392,2388,100.0,39.03,23.4949
4,106,0.0007,-0.0,100.0,518.67,642.06,1573.37,1396.12,14.62,21.58,554.16,2387.94,9049.85,1.3,47.07,521.1,2387.95,8137.26,8.4164,0.03,392,2388,100.0,38.96,23.3385
4,107,-0.0006,-0.0003,100.0,518.67,642.24,1577.58,1398.39,14.62,21.58,553.61,2387.98,9050.35,1.3,47.15,521.21,2387.97,8134.29,8.3948,0.03,389,2388,100.0,38.92,23.4131
4,108,0.0016,-0.0004,100.0,518.67,641.7,1581.03,1398.4,14.62,21.58,554.27,2387.95,9047.7,1.3,46.97,521.4,2387.92,8134.68,8.4202,0.03,391,2388,100.0,39.18,23.4686
4,109,-0.0036,0.0003,100.0,518.67,641.74,1580.8,1398.5,14.62,21.58,553.48,2387.92,9062.49,1.3,47.09,521.52,2388.0,8136.28,8.4115,0.03,393,2388,100.0,39.05,23.3788
4,110,-0.0003,-0.0005,100.0,518.67,641.73,1584.87,1390.84,14.62,21.58,554.38,2388.0,9054.6,1.3,47.16,521.96,2387.95,8134.89,8.3776,0.03,390,2388,100.0,39.04,23.4597
4,111,0.0016,0.0001,100.0,518.67,641.92,1583.93,1396.27,14.62,21.58,553.73,2387.94,9059.82,1.3,47.01,521.73,2387.95,8136.91,8.4001,0.03,392,2388,100.0,39.09,23.4169
4,112,0.0013,-0.0002,100.0,518.67,641.84,1582.06,1398.07,14.62,21.58,554.42,2387.94,9049.97,1.3,47.05,522.17,2387.94,8134.64,8.3927,0.03,392,2388,100.0,38.99,23.43
4,113,-0.0002,0.0003,100.0,518.67,642.39,1582.65,1400.92,14.62,21.58,553.46,2387.96,9049.54,1.3,47.19,521.74,2388.03,8129.23,8.3696,0.03,392,2388,100.0,39.14,23.4102
4,114,-0.0028,0.0003,100.0,518.67,641.71,1581.67,1394.71,14.62,21.58,554.24,2387.98,9049.47,1.3,46.98,522.25,2387.94,8143.02,8.3889,0.03,388,2388,100.0,39.27,23.3681
4,115,0.0017,-0.0,100.0,518.67,641.83,1579.68,1391.32,14.62,21.58,555.0,2387.96,9047.47,1.3,47.2,521.92,2387.95,8131.05,8.3384,0.03,392,2388,100.0,39.05,23.4023
4,116,-0.0013,0.0002,100.0,518.67,642.13,1581.08,1396.24,14.62,21.58,554.16,2387.93,9049.65,1.3,47.15,521.75,2387.95,8133.94,8.3636,0.03,391,2388,100.0,38.92,23.3524
4,117,-0.0023,-0.0002,100.0,518.67,641.92,1580.01,1394.85,14.62,21.58,554.14,2388.0,9050.37,1.3,47.1,521.18,2387.98,8135.09,8.3718,0.03,390,2388,100.0,39.04,23.385
4,118,0.0007,0.0005,100.0,518.67,642.28,1578.24,1393.13,14.62,21.58,554.1,2387.91,9048.64,1.3,47.17,521.69,2387.92,8134.25,8.3551,0.03,392,2388,100.0,38.98,23.5748
4,119,0.0029,-0.0004,100.0,518.67,641.32,1587.48,1395.24,14.62,21.58,554.02,2387.96,9047.31,1.3,47.06,521.72,2387.97,8137.87,8.4021,0.03,394,2388,100.0,38.98,23.4399
4,120,0.0001,0.0004,100.0,518.67,642.28,1582.93,1396.13,14.62,21.58,554.08,2387.97,9050.35,1.3,47.05,522.0,2388.01,8134.21,8.4174,0.03,391,2388,100.0,39.07,23.5163
4,121,-0.0008,0.0004,100.0,518.67,642.57,1579.21,1389.72,14.62,21.58,553.84,2387.93,9046.7,1.3,47.1,521.76,2388.01,8135.0,8.3674,0.03,391,2388,100.0,38.94,23.5015
4,122,0.0048,-0.0005,100.0,518.67,642.4,1583.53,1398.86,14.62,21.58,554.76,2388.0,9050.84,1.3,47.07,522.17,2388.01,8138.82,8.387,0.03,393,2388,100.0,39.07,23.4702
4,123,-0.0018,0.0005,100.0,518.67,641.8,1581.0,1393.44,14.62,21.58,554.72,2388.02,9057.73,1.3,47.12,522.1,2388.02,8136.69,8.4078,0.03,391,2388,100.0,39.03,23.4239
4,124,0.0008,-0.0003,100.0,518.67,640.95,1582.44,1398.23,14.62,21.58,554.0,2387.92,9042.26,1.3,47.25,521.91,2387.96,8141.53,8.3831,0.03,393,2388,100.0,39.06,23.463
4,125,0.0004,0.0002,100.0,518.67,642.37,1582.77,1394.64,14.62,21.58,554.1,2388.0,9047.54,1.3,47.11,522.84,2388.02,8138.18,8.3922,0.03,390,2388,100.0,38.97,23.2926
4,126,0.0011,-0.0002,100.0,518.67,642.02,1582.75,1390.24,14.62,21.58,554.46,2388.02,9049.28,1.3,47.2,522.09,2387.95,8137.18,8.3674,0.03,390,2388,100.0,38.96,23.4753
4,127,-0.0014,0.0004,100.0,518.67,642.08,1587.45,1400.29,14.62,21.58,554.64,2387.99,9057.29,1.3,47.1,521.81,2387.87,8134.05,8.3852,0.03,391,2388,100.0,39.07,23.3881
4,128,0.0027,-0.0002,100.0,518.67,641.52,1580.97,1398.05,14.62,21.58,553.95,2387.9,9053.59,1.3,46.88,522.28,2387.93,8136.08,8.38,0.03,392,2388,100.0,39.12,23.3525
4,129,0.0028,0.0003,100.0,518.67,641.51,1581.82,1401.57,14.62,21.58,553.54,2387.96,9048.05,1.3,47.22,521.86,2388.04,8136.52,8.3923,0.03,390,2388,100.0,39.09,23.3517
4,130,-0.0026,0.0002,100.0,518.67,642.16,1582.42,1387.43,14.62,21.58,555.01,2387.99,9058.33,1.3,47.14,521.78,2387.98,8134.35,8.3892,0.03,392,2388,100.0,38.98,23.4909
4,131,0.0029,-0.0003,100.0,518.67,641.91,1580.39,1396.12,14.62,21.58,553.67,2387.97,9053.35,1.3,47.11,521.98,2387.98,8134.32,8.3729,0.03,391,2388,100.0,38.96,23.4321
4,132,0.0022,0.0004,100.0,518.67,641.95,1580.1,1394.54,14.62,21.58,554.52,2388.01,9058.49,1.3,47.04,521.99,2387.97,8136.2,8.3977,0.03,392,2388,100.0,39.16,23.378
4,133,-0.0001,-0.0005,100.0,518.67,641.99,1583.62,1389.48,14.62,21.58,554.26,2387.98,9051.24,1.3,47.1,522.14,2388.01,8142.61,8.3739,0.03,391,2388,100.0,39.18,23.3728
4,134,-0.0003,0.0004,100.0,518.67,642.07,1578.82,1392.94,14.62,21.58,554.55,2387.97,9057.57,1.3,47.13,522.9,2388.01,8135.3,8.3244,0.03,391,2388,100.0,39.02,23.463
4,135,0.0013,0.0001,100.0,518.67,642.27,1584.8,1393.84,14.62,21.58,553.41,2388.01,9056.34,1.3,47.23,521.55,2387.98,8137.6,8.371,0.03,390,2388,100.0,39.21,23.3894
4,136,0.0017,-0.0004,100.0,518.67,642.58,1585.23,1397.79,14.62,21.58,554.92,2388.07,9050.46,1.3,47.33,522.47,2388.03,8141.24,8.3679,0.03,390,2388,100.0,39.02,23.4849
4,137,0.0001,-0.0004,100.0,518.67,641.97,1576.81,1400.43,14.62,21.58,554.92,2388.02,9049.06,1.3,47.17,522.5,2388.04,8139.88,8.3688,0.03,393,2388,100.0,38.95,23.4446
4,138,0.0003,0.0,100.0,518.67,641.99,1573.11,1395.07,14.62,21.58,554.04,2387.99,9056.13,1.3,47.26,522.59,2387.94,8141.27,8.4,0.03,390,2388,100.0,39.18,23.4716
4,139,-0.0002,0.0004,100.0,518.67,642.05,1585.04,1403.88,14.62,21.58,554.23,2387.99,9057.38,1.3,47.25,522.34,2387.98,8136.95,8.3572,0.03,391,2388,100.0,39.05,23.4208
4,140,-0.0022,0.0002,100.0,518.67,641.43,1577.95,1393.0,14.62,21.58,554.15,2387.99,9061.57,1.3,47.25,522.3,2387.99,8134.71,8.3504,0.03,391,2388,100.0,39.22,23.4572
4,141,-0.0004,0.0002,100.0,518.67,642.34,1582.74,1397.4,14.62,21.58,554.49,2387.99,9053.92,1.3,47.19,522.69,2387.94,8139.12,8.3536,0.03,392,2388,100.0,38.99,23.3206
4,142,0.0017,-0.0001,100.0,518.67,642.62,1583.31,1391.77,14.62,21.58,554.2,2388.04,9053.99,1.3,47.04,523.03,2387.99,8140.72,8.3925,0.03,390,2388,100.0,38.98,23.4424
4,143,-0.0018,0.0002,100.0,518.67,641.82,1582.81,1401.0,14.62,21.58,554.34,2388.03,9056.71,1.3,47.08,522.3,2388.01,8136.86,8.3678,0.03,390,2388,100.0,39.02,23.3546
4,144,-0.0012,0.0003,100.0,518.67,642.48,1580.73,1395.72,14.62,21.58,554.69,2388.0,9056.29,1.3,47.13,522.45,2388.05,8132.02,8.3605,0.03,391,2388,100.0,39.05,23.4077
4,145,0.003,-0.0005,100.0,518.67,641.82,1588.88,1394.5,14.62,21.58,554.69,2388.0,9049.55,1.3,47.2,522.89,2387.99,8137.8,8.3963,0.03,391,2388,100.0,39.05,23.3789
4,146,0.0008,-0.0001,100.0,518.67,642.25,1582.53,1391.54,14.62,21.58,554.66,2388.01,9058.4,1.3,47.03,522.87,2388.09,8136.03,8.3837,0.03,391,2388,100.0,39.23,23.2788
4,147,-0.0017,0.0001,100.0,518.67,642.14,1584.69,1396.97,14.62,21.58,555.05,2388.05,9059.59,1.3,47.01,522.91,2387.96,8138.14,8.3613,0.03,390,2388,100.0,39.33,23.4823
4,148,0.0004,-0.0005,100.0,518.67,641.34,1582.71,1404.11,14.62,21.58,555.09,2387.99,9051.28,1.3,47.3,522.63,2387.99,8134.59,8.381,0.03,390,2388,100.0,39.15,23.3904
4,149,0.004,-0.0003,100.0,518.67,642.33,1584.93,1397.58,14.62,21.58,554.69,2387.99,9059.44,1.3,47.32,522.96,2388.0,8139.73,8.3482,0.03,391,2388,100.0,39.24,23.3604
4,150,0.0003,-0.0,100.0,518.67,642.06,1577.64,1397.77,14.62,21.58,554.73,2388.03,9061.47,1.3,47.14,522.22,2387.97,8137.87,8.3663,0.03,391,2388,100.0,38.95,23.4739
4,151,-0.0006,0.0003,100.0,518.67,642.47,1585.36,1400.75,14.62,21.58,554.55,2388.03,9057.27,1.3,47.08,522.8,2388.01,8133.48,8.3713,0.03,391,2388,100.0,39.06,23.4337
4,152,0.0021,0.0003,100.0,518.67,642.25,1582.41,1395.03,14.62,21.58,554.29,2388.06,9048.8,1.3,47.1,522.79,2388.01,8138.0,8.3596,0.03,391,2388,100.0,39.21,23.4589
4,153,0.0014,0.0001,100.0,518.67,642.52,1588.84,1389.65,14.62,21.58,555.21,2387.97,9048.2,1.3,47.27,522.77,2387.98,8134.52,8.3724,0.03,391,2388,100.0,39.11,23.4228
4,154,0.0029,-0.0001,100.0,518.67,642.24,1584.25,1404.4,14.62,21.59,554.99,2388.05,9052.02,1.3,47.13,522.98,2387.98,8142.23,8.3634,0.03,391,2388,100.0,39.04,23.4837
4,155,-0.0018,-0.0004,100.0,518.67,641.82,1579.17,1397.67,14.62,21.58,554.42,2388.08,9058.42,1.3,47.26,522.7,2388.04,8137.72,8.3522,0.03,393,2388,100.0,39.13,23.4785
4,156,0.0037,-0.0003,100.0,518.67,642.08,1588.63,1397.48,14.62,21.58,554.9,2388.0,9056.13,1.3,47.3,522.94,2387.97,8142.2,8.3616,0.03,392,2388,100.0,39.11,23.4879
4,157,0.0008,-0.0002,100.0,518.67,642.5,1582.57,1399.66,14.62,21.58,555.8,2388.03,9056.15,1.3,47.31,523.48,2388.01,8137.83,8.3704,0.03,393,2388,100.0,39.0,23.4928
4,158,-0.0005,-0.0002,100.0,518.67,641.93,1594.09,1397.53,14.62,21.58,554.97,2387.97,9053.06,1.3,47.21,522.89,2388.0,8139.47,8.3497,0.03,391,2388,100.0,38.91,23.3792
4,159,-0.0008,0.0002,100.0,518.67,642.14,1582.4,1401.7,14.62,21.58,554.37,2388.03,9052.07,1.3,47.25,522.42,2387.99,8136.67,8.3395,0.03,392,2388,100.0,38.94,23.3908
4,160,-0.0002,0.0004,100.0,518.67,641.87,1583.57,1390.29,14.62,21.58,555.6,2388.02,9061.78,1.3,47.19,522.95,2388.02,8139.97,8.3987,0.03,392,2388,100.0,38.96,23.4701
4,161,-0.0043,-0.0004,100.0,518.67,642.2,1589.55,1401.37,14.62,21.58,554.74,2387.96,9058.43,1.3,47.2,522.95,2387.99,8139.13,8.375,0.03,391,2388,100.0,39.09,23.5739
4,162,0.0,-0.0004,100.0,518.67,642.24,1579.62,1394.69,14.62,21.58,555.54,2388.01,9055.89,1.3,47.21,522.85,2388.03,8138.05,8.3842,0.03,392,2388,100.0,38.96,23.3591
4,163,0.0009,0.0003,100.0,518.67,642.48,1586.21,1398.6,14.62,21.58,554.72,2387.99,9060.56,1.3,47.21,522.53,2388.02,8144.81,8.387,0.03,392,2388,100.0,38.95,23.5184
4,164,0.0028,-0.0001,100.0,518.67,641.88,1584.72,1402.03,14.62,21.58,555.95,2388.01,9056.86,1.3,47.24,523.1,2388.0,8136.12,8.388,0.03,392,2388,100.0,39.11,23.5153
4,165,-0.0004,0.0003,100.0,518.67,642.47,1586.46,1399.2,14.62,21.58,555.37,2388.04,9060.09,1.3,47.04,523.42,2388.04,8142.4,8.3545,0.03,392,2388,100.0,39.03,23.4198
4,166,0.001,-0.0002,100.0,518.67,642.52,1590.84,1397.83,14.62,21.58,555.21,2387.99,9057.05,1.3,47.28,523.26,2387.99,8137.14,8.3639,0.03,391,2388,100.0,39.16,23.368
4,167,0.002,0.0003,100.0,518.67,642.25,1583.41,1401.36,14.62,21.58,555.49,2388.04,9057.28,1.3,47.12,523.32,2388.08,8143.09,8.3808,0.03,392,2388,100.0,39.1,23.4857
4,168,0.0018,-0.0002,100.0,518.67,642.18,1584.81,1396.36,14.62,21.58,554.99,2388.03,9057.68,1.3,47.26,523.02,2388.01,8141.84,8.3635,0.03,391,2388,100.0,39.01,23.4968
4,169,0.0013,-0.0001,100.0,518.67,642.04,1582.9,1389.74,14.62,21.58,556.26,2388.02,9062.34,1.3,47.41,523.18,2388.05,8137.04,8.337,0.03,391,2388,100.0,39.16,23.4073
4,170,0.0007,-0.0002,100.0,518.67,641.87,1582.41,1398.07,14.62,21.58,555.46,2388.01,9057.41,1.3,47.15,522.91,2388.02,8137.35,8.3852,0.03,391,2388,100.0,39.21,23.4832
4,171,0.0003,0.0004,100.0,518.67,642.33,1582.39,1395.84,14.62,21.58,555.59,2388.11,9066.91,1.3,47.17,523.85,2388.05,8143.68,8.3812,0.03,392,2388,100.0,39.19,23.3428
4,172,-0.0008,0.0,100.0,518.67,642.2,1581.25,1397.09,14.62,21.58,556.26,2388.05,9055.71,1.3,47.22,523.11,2388.01,8141.56,8.3543,0.03,393,2388,100.0,38.89,23.4265
4,173,-0.0017,0.0002,100.0,518.67,642.73,1587.82,1403.54,14.62,21.58,555.9,2388.05,9059.33,1.3,47.24,523.38,2388.02,8142.61,8.3308,0.03,391,2388,100.0,39.0,23.4527
4,174,0.0005,-0.0002,100.0,518.67,641.96,1584.23,1391.14,14.62,21.58,555.55,2388.0,9061.83,1.3,47.3,523.31,2388.01,8144.79,8.3752,0.03,392,2388,100.0,38.89,23.4208
4,175,0.0025,0.0001,100.0,518.67,642.67,1587.76,1404.77,14.62,21.58,555.37,2388.06,9056.9,1.3,47.09,523.14,2388.03,8145.62,8.3896,0.03,392,2388,100.0,39.11,23.5581
4,176,0.0013,-0.0003,100.0,518.67,642.47,1586.03,1401.33,14.62,21.58,556.64,2388.06,9061.96,1.3,47.28,523.88,2388.04,8141.95,8.3785,0.03,392,2388,100.0,39.33,23.4684
4,177,-0.0025,-0.0,100.0,518.67,642.27,1582.83,1392.49,14.62,21.58,555.65,2388.03,9056.16,1.3,47.09,524.22,2388.09,8145.3,8.3633,0.03,393,2388,100.0,39.21,23.4984
4,178,0.0015,-0.0001,100.0,518.67,642.41,1583.24,1398.87,14.62,21.58,555.81,2387.99,9056.01,1.3,47.24,523.64,2388.08,8147.2,8.376,0.03,391,2388,100.0,38.92,23.5199
4,179,0.0027,-0.0001,100.0,518.67,641.86,1585.34,1398.6,14.62,21.59,555.86,2388.06,9062.36,1.3,47.27,524.13,2388.07,8146.21,8.3494,0.03,391,2388,100.0,39.01,23.4427
4,180,-0.0056,0.0001,100.0,518.67,641.99,1586.37,1390.14,14.62,21.58,556.27,2388.05,9063.61,1.3,47.28,523.78,2388.02,8143.72,8.3452,0.03,392,2388,100.0,39.05,23.504
4,181,0.0016,0.0004,100.0,518.67,642.66,1590.87,1405.01,14.62,21.58,555.44,2388.01,9060.98,1.3,47.4,523.5,2388.02,8138.1,8.3878,0.03,392,2388,100.0,39.24,23.3937
4,182,-0.0014,-0.0003,100.0,518.67,641.13,1584.68,1400.04,14.62,21.58,555.29,2388.03,9062.77,1.3,47.38,523.89,2388.03,8151.61,8.3394,0.03,393,2388,100.0,39.14,23.5188
4,183,0.0019,0.0003,100.0,518.67,642.43,1588.33,1398.62,14.62,21.58,556.21,2388.08,9059.36,1.3,47.2,523.78,2388.12,8143.41,8.3692,0.03,392,2388,100.0,39.06,23.4293
4,184,-0.0005,-0.0,100.0,518.67,642.46,1582.2,1396.29,14.62,21.58,556.22,2388.09,9055.92,1.3,47.3,524.21,2388.03,8145.57,8.3409,0.03,393,2388,100.0,39.13,23.4474
4,185,0.0035,-0.0,100.0,518.67,642.23,1581.65,1397.22,14.62,21.58,555.35,2388.03,9057.3,1.3,47.33,523.93,2388.05,8138.8,8.3347,0.03,390,2388,100.0,39.03,23.4138
4,186,0.0041,0.0003,100.0,518.67,642.04,1586.33,1397.44,14.62,21.58,556.26,2388.05,9058.74,1.3,47.11,524.5,2388.03,8143.69,8.3527,0.03,390,2388,100.0,39.0,23.5684
4,187,-0.0014,-0.0,100.0,518.67,641.89,1588.79,1401.91,14.62,21.58,556.66,2388.1,9062.46,1.3,47.28,523.59,2388.02,8139.94,8.3381,0.03,391,2388,100.0,39.25,23.4912
4,188,-0.001,-0.0002,100.0,518.67,642.32,1585.39,1395.62,14.62,21.58,555.87,2388.07,9067.09,1.3,47.39,523.67,2388.06,8139.46,8.3521,0.03,392,2388,100.0,38.98,23.5378
4,189,-0.0006,-0.0002,100.0,518.67,642.3,1585.69,1400.86,14.62,21.58,556.89,2388.08,9063.58,1.3,47.16,523.99,2388.05,8150.26,8.3496,0.03,391,2388,100.0,39.12,23.4902
4,190,-0.0009,0.0,100.0,518.67,642.2,1575.58,1398.86,14.62,21.58,555.96,2388.11,9067.74,1.3,47.38,524.39,2388.03,8143.84,8.335,0.03,392,2388,100.0,38.92,23.5185
4,191,0.0018,0.0,100.0,518.67,642.58,1585.82,1399.91,14.62,21.58,556.54,2388.05,9064.28,1.3,47.37,524.4,2388.05,8147.45,8.3912,0.03,393,2388,100.0,39.31,23.4956
4,192,0.0009,0.0002,100.0,518.67,642.52,1586.7,1400.89,14.62,21.58,556.76,2388.06,9069.17,1.3,47.41,524.51,2388.08,8144.83,8.3619,0.03,393,2388,100.0,39.16,23.421
4,193,-0.0003,0.0002,100.0,518.67,642.31,1587.1,1395.91,14.62,21.58,556.67,2388.08,9071.36,1.3,47.12,524.61,2388.09,8145.9,8.3653,0.03,390,2388,100.0,39.19,23.6271
4,194,-0.0008,-0.0004,100.0,518.67,642.54,1587.3,1391.26,14.62,21.58,557.25,2388.06,9065.65,1.3,47.15,524.46,2388.1,8142.89,8.3569,0.03,391,2388,100.0,39.2,23.4582
4,195,0.0012,0.0,100.0,518.67,642.75,1590.51,1403.63,14.62,21.58,556.53,2388.08,9062.84,1.3,47.3,525.12,2388.07,8144.88,8.3721,0.03,393,2388,100.0,38.99,23.5392
4,196,-0.0007,0.0005,100.0,518.67,642.43,1589.21,1400.05,14.62,21.58,556.58,2388.06,9063.28,1.3,47.27,524.19,2388.08,8146.1,8.3571,0.03,393,2388,100.0,39.15,23.4157
4,197,-0.0037,-0.0004,100.0,518.67,642.25,1584.57,1397.48,14.62,21.58,555.86,2388.1,9065.47,1.3,47.35,523.77,2388.12,8144.45,8.3301,0.03,393,2388,100.0,39.14,23.6016
4,198,0.0,0.0004,100.0,518.67,642.08,1583.58,1397.85,14.62,21.58,556.86,2388.04,9065.48,1.3,47.39,524.64,2388.01,8141.28,8.3652,0.03,391,2388,100.0,39.11,23.3812
4,199,0.0013,0.0002,100.0,518.67,642.58,1585.44,1403.49,14.62,21.58,556.16,2388.08,9057.85,1.3,47.26,524.94,2388.02,8141.63,8.3586,0.03,393,2388,100.0,38.86,23.5951
4,200,-0.001,-0.0003,100.0,518.67,641.78,1585.43,1400.37,14.62,21.58,556.83,2388.05,9061.06,1.3,47.19,525.04,2388.05,8151.36,8.3728,0.03,391,2388,100.0,39.16,23.5692
4,201,0.0009,0.0,100.0,518.67,642.33,1590.88,1402.83,14.62,21.58,557.3,2388.11,9065.64,1.3,47.31,524.74,2388.04,8153.0,8.3614,0.03,392,2388,100.0,39.26,23.4699
4,202,0.001,-0.0003,100.0,518.67,642.22,1588.54,1408.42,14.62,21.58,557.26,2388.05,9064.52,1.3,47.41,525.61,2388.09,8148.77,8.3613,0.03,392,2388,100.0,39.0,23.4845
4,203,-0.0021,-0.0003,100.0,518.67,642.46,1582.95,1397.98,14.62,21.58,557.86,2388.08,9062.62,1.3,47.32,524.66,2388.09,8148.95,8.3416,0.03,393,2388,100.0,39.32,23.4628
4,204,-0.0023,0.0002,100.0,518.67,642.51,1584.49,1398.05,14.62,21.58,557.05,2388.1,9067.92,1.3,47.11,524.78,2388.08,8145.99,8.335,0.03,392,2388,100.0,39.2,23.4461
4,205,0.0054,-0.0005,100.0,518.67,642.64,1587.54,1401.47,14.62,21.58,557.28,2388.11,9066.41,1.3,47.32,525.37,2388.05,8147.47,8.3343,0.03,393,2388,100.0,39.21,23.4811
4,206,0.0008,-0.0004,100.0,518.67,642.54,1584.17,1396.22,14.62,21.58,557.18,2388.07,9063.36,1.3,47.3,525.21,2388.09,8149.56,8.3567,0.03,392,2388,100.0,39.27,23.4617
4,207,0.0045,0.0004,100.0,518.67,642.47,1587.36,1399.94,14.62,21.58,557.7,2388.13,9071.55,1.3,47.28,525.63,2388.11,8150.61,8.3591,0.03,391,2388,100.0,39.27,23.5134
4,208,0.0021,-0.0002,100.0,518.67,642.74,1590.3,1404.65,14.62,21.58,558.16,2388.12,9072.04,1.3,47.51,525.21,2388.07,8152.88,8.3282,0.03,393,2388,100.0,39.14,23.4664
4,209,-0.0001,-0.0,100.0,518.67,642.17,1581.03,1402.89,14.62,21.58,557.04,2388.04,9070.09,1.3,47.42,525.06,2388.03,8141.83,8.3529,0.03,392,2388,100.0,39.19,23.4695
4,210,0.0041,-0.0005,100.0,518.67,642.85,1591.42,1405.44,14.62,21.58,557.64,2388.09,9070.61,1.3,47.35,525.84,2388.21,8146.93,8.3686,0.03,393,2388,100.0,39.12,23.3658
4,211,-0.0006,0.0,100.0,518.67,642.8,1589.16,1397.84,14.62,21.58,557.74,2388.09,9067.88,1.3,47.53,524.95,2388.12,8149.32,8.3562,0.03,393,2388,100.0,39.19,23.6076
4,212,-0.0007,0.0001,100.0,518.67,642.35,1592.65,1399.49,14.62,21.58,558.26,2388.15,9071.96,1.3,47.39,525.76,2388.12,8153.7,8.3055,0.03,393,2388,100.0,39.06,23.4126
4,213,0.0013,0.0002,100.0,518.67,642.38,1586.79,1394.68,14.62,21.58,557.94,2388.08,9072.62,1.3,47.42,525.93,2388.12,8146.09,8.3579,0.03,393,2388,100.0,39.24,23.5053
4,214,0.0001,-0.0,100.0,518.67,642.51,1587.38,1409.54,14.62,21.58,557.73,2388.17,9068.78,1.3,47.18,526.22,2388.13,8149.22,8.3321,0.03,393,2388,100.0,39.17,23.4535
4,215,-0.0032,-0.0001,100.0,518.67,642.37,1591.33,1394.72,14.62,21.58,559.05,2388.12,9071.05,1.3,47.51,526.37,2388.12,8149.63,8.3351,0.03,394,2388,100.0,39.19,23.481
4,216,0.0031,-0.0002,100.0,518.67,642.41,1598.05,1402.71,14.62,21.58,557.9,2388.12,9072.21,1.3,47.32,526.57,2388.16,8153.71,8.3317,0.03,392,2388,100.0,39.14,23.4965
4,217,0.0018,0.0,100.0,518.67,642.38,1590.06,1404.67,14.62,21.58,558.52,2388.11,9073.84,1.3,47.52,526.73,2388.14,8158.03,8.3499,0.03,393,2388,100.0,39.35,23.4047
4,218,0.0053,0.0001,100.0,518.67,643.0,1593.96,1398.03,14.62,21.59,558.95,2388.18,9080.12,1.3,47.45,526.87,2388.11,8154.38,8.3549,0.03,393,2388,100.0,39.29,23.5286
4,219,0.0021,-0.0002,100.0,518.67,642.45,1591.41,1403.36,14.62,21.58,558.74,2388.1,9077.25,1.31,47.25,526.38,2388.13,8147.43,8.333,0.03,393,2388,100.0,39.18,23.5856
4,220,-0.0049,-0.0002,100.0,518.67,642.31,1588.44,1396.37,14.62,21.58,558.93,2388.17,9081.57,1.3,47.51,526.48,2388.16,8149.32,8.3467,0.03,394,2388,100.0,39.3,23.4727
4,221,-0.0014,-0.0002,100.0,518.67,642.01,1591.35,1397.95,14.62,21.58,558.37,2388.15,9075.04,1.3,47.4,526.03,2388.06,8156.3,8.3522,0.03,394,2388,100.0,39.19,23.5951
4,222,0.0028,0.0001,100.0,518.67,642.46,1584.01,1403.13,14.62,21.58,559.47,2388.16,9074.32,1.31,47.46,526.35,2388.1,8155.99,8.3401,0.03,395,2388,100.0,39.02,23.5337
4,223,0.0017,0.0002,100.0,518.67,642.16,1591.25,1398.48,14.62,21.58,558.84,2388.15,9067.68,1.31,47.49,526.66,2388.12,8154.85,8.3324,0.03,392,2388,100.0,39.28,23.4548
4,224,-0.002,-0.0005,100.0,518.67,642.98,1589.07,1404.03,14.62,21.58,558.97,2388.11,9069.55,1.3,47.4,526.22,2388.12,8153.82,8.3395,0.03,393,2388,100.0,39.19,23.5229
4,225,-0.0017,0.0004,100.0,518.67,641.93,1593.01,1404.93,14.62,21.58,558.92,2388.16,9080.48,1.31,47.45,526.76,2388.18,8151.15,8.3759,0.03,393,2388,100.0,39.32,23.527
4,226,0.0016,0.0002,100.0,518.67,642.64,1588.92,1405.71,14.62,21.58,559.45,2388.18,9074.12,1.31,47.37,527.42,2388.18,8147.57,8.315,0.03,395,2388,100.0,39.12,23.541
4,227,-0.0003,0.0004,100.0,518.67,642.17,1592.86,1405.61,14.62,21.58,559.54,2388.11,9077.54,1.31,47.49,527.43,2388.14,8158.97,8.3253,0.03,392,2388,100.0,39.44,23.5868
4,228,0.0015,0.0002,100.0,518.67,642.46,1591.5,1402.49,14.62,21.58,559.32,2388.12,9073.63,1.3,47.48,527.41,2388.14,8154.16,8.3523,0.03,392,2388,100.0,39.3,23.5665
4,229,-0.0007,-0.0005,100.0,518.67,642.05,1591.8,1403.17,14.62,21.58,560.03,2388.15,9075.8,1.31,47.71,527.59,2388.21,8154.54,8.2955,0.03,392,2388,100.0,39.31,23.57
4,230,0.0005,-0.0001,100.0,518.67,641.79,1589.24,1401.91,14.62,21.58,559.71,2388.17,9079.05,1.31,47.67,527.75,2388.12,8158.2,8.3352,0.03,393,2388,100.0,39.21,23.492
4,231,0.0033,0.0,100.0,518.67,642.44,1596.81,1403.57,14.62,21.58,559.91,2388.16,9080.4,1.31,47.63,527.5,2388.16,8158.41,8.3053,0.03,392,2388,100.0,39.28,23.6199
4,232,0.0039,-0.0001,100.0,518.67,642.08,1585.57,1408.14,14.62,21.58,560.06,2388.2,9074.34,1.3,47.36,527.33,2388.15,8155.64,8.321,0.03,392,2388,100.0,39.48,23.5436
5,1,-0.0018,-0.0004,100.0,518.67,641.99,1592.62,1401.67,14.62,21.61,554.7,2388.04,9050.06,1.3,47.23,521.93,2388.03,8142.74,8.3837,0.03,391,2388,100.0,39.16,23.3101
5,2,0.0004,0.0004,100.0,518.67,641.73,1585.73,1390.0,14.62,21.61,554.52,2387.93,9059.66,1.3,47.29,522.41,2388.05,8142.25,8.3974,0.03,391,2388,100.0,39.05,23.3653
5,3,-0.002,-0.0001,100.0,518.67,641.82,1579.59,1393.37,14.62,21.61,554.86,2388.01,9057.49,1.3,47.2,522.01,2388.06,8139.21,8.4094,0.03,392,2388,100.0,39.12,23.4364
5,4,-0.0015,-0.0001,100.0,518.67,641.5,1583.19,1398.38,14.62,21.61,554.42,2387.98,9051.2,1.3,47.18,522.78,2388.0,8138.16,8.3597,0.03,392,2388,100.0,39.14,23.5479
5,5,0.0014,-0.0003,100.0,518.67,642.5,1588.93,1402.33,14.62,21.6,554.73,2388.0,9057.45,1.3,47.24,522.64,2388.0,8138.47,8.4254,0.03,393,2388,100.0,39.02,23.3814
5,6,-0.0006,-0.0003,100.0,518.67,642.38,1584.17,1399.11,14.62,21.61,554.11,2388.0,9061.72,1.3,47.06,522.46,2387.98,8150.07,8.3982,0.03,390,2388,100.0,39.08,23.3868
5,7,0.0027,-0.0005,100.0,518.67,641.87,1587.02,1394.47,14.62,21.61,554.36,2387.99,9068.81,1.3,47.15,523.21,2388.01,8143.35,8.4017,0.03,392,2388,100.0,39.08,23.4391
5,8,0.0003,-0.0,100.0,518.67,641.97,1577.02,1396.8,14.62,21.61,554.23,2388.02,9050.65,1.3,47.14,522.19,2388.0,8139.44,8.3796,0.03,391,2388,100.0,38.92,23.408
5,9,0.0022,-0.0005,100.0,518.67,642.38,1585.05,1400.5,14.62,21.61,554.98,2387.98,9058.24,1.3,47.21,521.93,2387.99,8144.07,8.4296,0.03,390,2388,100.0,39.13,23.5279
5,10,-0.0006,-0.0002,100.0,518.67,641.8,1579.78,1398.27,14.62,21.61,555.11,2387.99,9059.96,1.3,47.07,522.48,2387.99,8138.71,8.4122,0.03,393,2388,100.0,38.89,23.4202
5,11,-0.0023,-0.0002,100.0,518.67,642.33,1584.32,1395.45,14.62,21.61,554.22,2387.98,9053.73,1.3,47.28,522.56,2388.04,8142.21,8.3996,0.03,391,2388,100.0,38.95,23.3948
5,12,-0.0016,-0.0005,100.0,518.67,641.69,1589.16,1399.06,14.62,21.61,554.26,2387.98,9056.74,1.3,47.21,522.84,2388.0,8142.79,8.4043,0.03,390,2388,100.0,38.99,23.5339
5,13,0.0015,-0.0003,100.0,518.67,642.76,1581.43,1391.93,14.62,21.61,555.04,2388.03,9055.71,1.3,47.18,522.44,2387.99,8141.82,8.3928,0.03,390,2388,100.0,39.03,23.4634
5,14,0.0015,-0.0002,100.0,518.67,642.04,1584.1,1399.51,14.62,21.61,555.0,2388.03,9068.75,1.3,47.12,522.16,2387.94,8138.58,8.3835,0.03,390,2388,100.0,39.09,23.4753
5,15,-0.002,-0.0001,100.0,518.67,641.84,1581.18,1397.52,14.62,21.61,554.95,2388.0,9061.66,1.3,47.16,522.4,2387.99,8141.46,8.3944,0.03,391,2388,100.0,38.92,23.4211
5,16,0.0011,0.0004,100.0,518.67,642.21,1580.86,1395.84,14.62,21.61,555.11,2388.0,9057.9,1.3,47.09,522.53,2388.01,8142.62,8.383,0.03,389,2388,100.0,38.91,23.4978
5,17,0.0009,0.0001,100.0,518.67,642.47,1582.95,1397.68,14.62,21.61,554.6,2387.94,9063.09,1.3,47.1,522.23,2387.97,8142.08,8.4001,0.03,391,2388,100.0,39.12,23.514
5,18,-0.0042,0.0005,100.0,518.67,642.11,1588.5,1394.09,14.62,21.61,554.58,2388.01,9063.65,1.3,47.12,522.55,2387.97,8140.46,8.3877,0.03,391,2388,100.0,39.07,23.3996
5,19,-0.0029,0.0,100.0,518.67,641.99,1583.86,1397.18,14.62,21.61,555.52,2388.03,9060.21,1.3,47.11,522.35,2387.99,8141.38,8.4184,0.03,392,2388,100.0,39.09,23.4764
5,20,-0.0027,0.0003,100.0,518.67,642.56,1584.89,1392.22,14.62,21.61,555.07,2388.01,9057.95,1.3,47.05,522.21,2387.98,8146.35,8.4149,0.03,392,2388,100.0,38.98,23.3607
5,21,0.0002,0.0003,100.0,518.67,642.38,1585.44,1396.7,14.62,21.61,554.54,2387.98,9057.68,1.3,46.92,522.4,2388.02,8144.67,8.3871,0.03,390,2388,100.0,39.03,23.5022
5,22,-0.0012,0.0001,100.0,518.67,641.87,1583.96,1395.89,14.62,21.61,554.18,2388.04,9059.58,1.3,46.82,522.33,2387.99,8137.87,8.4008,0.03,391,2388,100.0,38.78,23.4149
5,23,-0.0007,0.0004,100.0,518.67,642.4,1582.28,1399.77,14.62,21.61,554.99,2387.97,9056.71,1.3,47.18,521.96,2388.05,8144.08,8.3844,0.03,392,2388,100.0,39.02,23.4448
5,24,0.0016,0.0002,100.0,518.67,641.79,1580.15,1396.03,14.62,21.61,554.63,2388.02,9053.75,1.3,47.2,522.7,2388.04,8144.36,8.3708,0.03,392,2388,100.0,39.16,23.5319
5,25,-0.0006,-0.0002,100.0,518.67,641.62,1580.65,1396.19,14.62,21.61,554.57,2387.98,9055.14,1.3,47.13,522.45,2387.98,8139.8,8.3712,0.03,391,2388,100.0,39.14,23.418
5,26,0.0015,-0.0,100.0,518.67,642.11,1584.64,1396.64,14.62,21.61,555.11,2388.03,9061.94,1.3,47.05,522.19,2388.02,8143.08,8.339,0.03,392,2388,100.0,39.01,23.3897
5,27,-0.0011,-0.0001,100.0,518.67,642.14,1589.88,1396.16,14.62,21.6,554.1,2388.02,9066.3,1.3,46.93,522.92,2388.01,8143.02,8.3816,0.03,392,2388,100.0,38.99,23.4883
5,28,-0.0028,0.0,100.0,518.67,642.16,1586.86,1402.22,14.62,21.6,554.6,2387.97,9062.29,1.3,47.24,522.85,2387.98,8143.42,8.3989,0.03,392,2388,100.0,39.18,23.4533
5,29,0.0052,0.0003,100.0,518.67,642.16,1582.5,1393.74,14.62,21.61,554.02,2388.0,9060.41,1.3,47.06,522.23,2387.94,8144.05,8.3732,0.03,392,2388,100.0,39.08,23.4562
5,30,-0.0004,-0.0003,100.0,518.67,642.28,1572.19,1396.21,14.62,21.61,555.15,2388.0,9053.03,1.3,47.19,522.25,2387.97,8143.51,8.4174,0.03,392,2388,100.0,39.16,23.4541
5,31,0.0004,-0.0004,100.0,518.67,642.26,1581.99,1400.86,14.62,21.61,554.45,2388.04,9050.69,1.3,47.24,522.41,2388.01,8140.27,8.3783,0.03,392,2388,100.0,38.87,23.3315
5,32,0.0006,0.0,100.0,518.67,642.16,1583.85,1395.89,14.62,21.61,554.99,2388.0,9054.47,1.3,47.07,523.15,2388.01,8137.34,8.394,0.03,392,2388,100.0,39.02,23.4152
5,33,-0.0003,-0.0,100.0,518.67,642.19,1589.4,1398.44,14.62,21.61,554.77,2387.96,9051.04,1.3,47.18,522.15,2387.99,8140.98,8.3697,0.03,391,2388,100.0,38.98,23.4337
5,34,0.0013,-0.0002,100.0,518.67,642.3,1587.03,1394.82,14.62,21.61,554.59,2388.0,9061.91,1.3,47.17,522.87,2388.0,8140.59,8.3833,0.03,391,2388,100.0,39.04,23.4245
5,35,-0.0011,0.0001,100.0,518.67,642.05,1581.9,1394.45,14.62,21.61,554.92,2388.02,9055.82,1.3,47.15,521.83,2388.0,8147.81,8.3869,0.03,392,2388,100.0,39.23,23.2455
5,36,0.0039,-0.0001,100.0,518.67,641.99,1584.16,1395.38,14.62,21.61,554.56,2388.05,9054.64,1.3,47.17,522.33,2388.02,8141.55,8.4112,0.03,391,2388,100.0,39.17,23.3524
5,37,0.0018,0.0,100.0,518.67,641.81,1584.51,1391.87,14.62,21.61,554.86,2387.96,9067.07,1.3,47.09,522.36,2387.97,8143.26,8.4233,0.03,389,2388,100.0,39.12,23.3978
5,38,0.0055,-0.0,100.0,518.67,642.23,1580.05,1394.54,14.62,21.61,554.29,2388.01,9061.75,1.3,47.19,521.92,2387.96,8138.8,8.3676,0.03,393,2388,100.0,38.91,23.4226
5,39,0.0006,0.0003,100.0,518.67,641.95,1590.76,1396.67,14.62,21.61,554.79,2387.99,9061.0,1.3,47.27,522.28,2388.04,8145.11,8.3659,0.03,392,2388,100.0,39.25,23.385
5,40,0.0004,-0.0002,100.0,518.67,642.19,1580.99,1398.63,14.62,21.61,553.72,2388.03,9048.35,1.3,47.26,522.63,2388.02,8141.09,8.3943,0.03,392,2388,100.0,39.14,23.4285
5,41,-0.0017,0.0002,100.0,518.67,642.13,1586.84,1396.98,14.62,21.61,554.49,2387.98,9054.79,1.3,46.96,522.37,2388.03,8142.43,8.4151,0.03,391,2388,100.0,38.99,23.4537
5,42,0.0022,-0.0002,100.0,518.67,641.96,1582.25,1398.13,14.62,21.61,554.14,2387.99,9060.83,1.3,47.05,522.4,2388.03,8144.67,8.3773,0.03,392,2388,100.0,39.08,23.4209
5,43,-0.0041,-0.0001,100.0,518.67,641.56,1586.93,1396.45,14.62,21.61,554.28,2387.96,9062.64,1.3,47.2,522.53,2388.02,8143.37,8.378,0.03,392,2388,100.0,39.05,23.4005
5,44,-0.003,0.0003,100.0,518.67,642.2,1577.69,1398.51,14.62,21.61,554.94,2388.0,9063.22,1.3,47.28,522.24,2388.04,8136.09,8.381,0.03,390,2388,100.0,39.05,23.3201
5,45,-0.0002,0.0,100.0,518.67,642.35,1584.94,1402.58,14.62,21.61,554.84,2387.95,9051.76,1.3,47.06,522.15,2388.0,8141.38,8.4085,0.03,392,2388,100.0,38.97,23.5072
5,46,0.0002,0.0002,100.0,518.67,642.24,1582.08,1398.61,14.62,21.6,554.22,2387.97,9055.25,1.3,47.21,522.21,2388.04,8137.34,8.416,0.03,392,2388,100.0,38.81,23.45
5,47,-0.0007,0.0004,100.0,518.67,642.01,1575.23,1400.95,14.62,21.61,554.87,2388.02,9060.89,1.3,47.18,522.83,2387.99,8144.11,8.4458,0.03,391,2388,100.0,39.03,23.4431
5,48,0.0013,-0.0003,100.0,518.67,641.72,1586.67,1396.08,14.62,21.61,554.99,2387.97,9050.6,1.3,47.21,522.22,2388.03,8137.46,8.4103,0.03,392,2388,100.0,39.0,23.3912
5,49,0.0007,-0.0005,100.0,518.67,642.12,1582.72,1403.79,14.62,21.6,554.68,2388.01,9055.79,1.3,47.24,522.54,2388.05,8143.37,8.3703,0.03,391,2388,100.0,39.04,23.4975
5,50,-0.0021,-0.0002,100.0,518.67,642.18,1582.2,1399.49,14.62,21.61,554.68,2388.03,9059.15,1.3,47.31,522.4,2387.98,8138.05,8.3838,0.03,391,2388,100.0,39.04,23.3813
5,51,0.0015,-0.0,100.0,518.67,642.47,1585.78,1397.53,14.62,21.61,554.21,2387.95,9060.28,1.3,47.0,522.63,2387.98,8143.02,8.419,0.03,392,2388,100.0,38.97,23.4645
5,52,-0.0003,0.0004,100.0,518.67,642.24,1588.55,1399.93,14.62,21.61,554.35,2388.02,9060.22,1.3,47.22,522.45,2387.97,8137.43,8.4082,0.03,391,2388,100.0,38.94,23.3203
5,53,0.0047,-0.0004,100.0,518.67,642.46,1577.66,1396.69,14.62,21.61,553.77,2388.04,9051.82,1.3,47.4,522.18,2388.0,8142.2,8.4081,0.03,391,2388,100.0,39.17,23.4148
5,54,-0.0,0.0004,100.0,518.67,642.05,1587.21,1404.47,14.62,21.61,553.82,2388.04,9060.55,1.3,47.2,522.41,2387.99,8143.83,8.4077,0.03,392,2388,100.0,39.14,23.3779
5,55,0.0015,0.0005,100.0,518.67,642.39,1585.47,1402.14,14.62,21.61,555.13,2388.05,9058.37,1.3,47.27,522.53,2388.04,8143.25,8.3867,0.03,391,2388,100.0,39.03,23.361
5,56,0.0025,-0.0001,100.0,518.67,641.84,1594.8,1400.09,14.62,21.61,554.56,2388.03,9060.69,1.3,47.24,522.17,2388.06,8142.39,8.3773,0.03,391,2388,100.0,39.05,23.4804
5,57,-0.001,-0.0002,100.0,518.67,642.07,1588.43,1403.02,14.62,21.6,554.46,2387.99,9059.16,1.3,47.24,522.53,2387.98,8140.38,8.4359,0.03,391,2388,100.0,39.01,23.3395
5,58,-0.0005,-0.0003,100.0,518.67,641.54,1581.07,1404.84,14.62,21.61,554.91,2388.01,9067.14,1.3,47.2,522.37,2388.01,8146.07,8.4195,0.03,391,2388,100.0,39.07,23.397
5,59,0.0037,-0.0003,100.0,518.67,642.73,1578.48,1394.31,14.62,21.61,555.39,2387.98,9061.44,1.3,47.14,522.25,2388.0,8146.97,8.3792,0.03,391,2388,100.0,38.97,23.473
5,60,0.0038,0.0004,100.0,518.67,642.09,1582.07,1385.38,14.62,21.61,554.26,2388.01,9056.05,1.3,47.16,522.1,2387.98,8139.73,8.3944,0.03,391,2388,100.0,38.96,23.4245
5,61,-0.0024,0.0003,100.0,518.67,642.56,1582.39,1399.23,14.62,21.61,555.31,2388.01,9047.95,1.3,47.05,521.91,2388.04,8138.21,8.4225,0.03,391,2388,100.0,38.98,23.4891
5,62,0.0007,0.0001,100.0,518.67,641.94,1584.06,1398.82,14.62,21.61,553.74,2387.99,9064.28,1.3,47.11,522.27,2388.06,8140.16,8.3812,0.03,391,2388,100.0,38.95,23.4696
5,63,0.0008,0.0003,100.0,518.67,641.73,1583.98,1401.57,14.62,21.61,555.85,2388.03,9055.94,1.3,47.28,522.23,2388.0,8139.18,8.4171,0.03,390,2388,100.0,39.15,23.3801
5,64,-0.0012,-0.0002,100.0,518.67,642.63,1583.14,1394.22,14.62,21.61,554.45,2388.03,9055.31,1.3,47.23,522.71,2388.05,8140.35,8.4014,0.03,392,2388,100.0,39.03,23.4094
5,65,-0.0037,0.0003,100.0,518.67,642.83,1584.4,1396.46,14.62,21.61,553.77,2388.01,9056.48,1.3,47.39,522.79,2388.03,8133.68,8.4044,0.03,393,2388,100.0,39.17,23.3545
5,66,-0.0013,-0.0002,100.0,518.67,642.1,1586.24,1392.4,14.62,21.61,554.68,2388.01,9062.54,1.3,47.11,522.58,2388.0,8141.01,8.3854,0.03,391,2388,100.0,39.04,23.3568
5,67,-0.0054,0.0003,100.0,518.67,642.03,1586.89,1397.51,14.62,21.61,554.5,2388.08,9061.86,1.3,47.3,522.09,2388.04,8138.09,8.3887,0.03,391,2388,100.0,38.91,23.498
5,68,-0.0011,-0.0,100.0,518.67,641.89,1583.92,1394.47,14.62,21.61,554.69,2388.01,9058.4,1.3,47.25,521.69,2388.03,8137.73,8.4286,0.03,391,2388,100.0,39.01,23.4556
5,69,-0.0033,0.0004,100.0,518.67,642.13,1579.69,1397.51,14.62,21.6,554.2,2387.99,9061.41,1.3,47.16,522.44,2388.02,8145.38,8.3886,0.03,391,2388,100.0,39.14,23.3892
5,70,0.0009,0.0,100.0,518.67,642.1,1586.0,1393.02,14.62,21.61,554.39,2388.0,9057.18,1.3,47.19,521.83,2388.01,8137.85,8.3917,0.03,393,2388,100.0,38.93,23.3153
5,71,-0.0005,-0.0002,100.0,518.67,641.69,1585.34,1398.0,14.62,21.61,554.3,2388.04,9056.53,1.3,47.28,522.31,2387.99,8137.22,8.3747,0.03,391,2388,100.0,39.01,23.3805
5,72,0.0039,-0.0002,100.0,518.67,642.37,1581.77,1399.26,14.62,21.61,553.89,2387.98,9059.94,1.3,47.15,522.73,2388.05,8140.06,8.4142,0.03,392,2388,100.0,39.03,23.5492
5,73,-0.0041,-0.0001,100.0,518.67,642.14,1583.51,1403.32,14.62,21.61,554.75,2388.03,9059.96,1.3,47.42,522.49,2387.97,8135.74,8.4226,0.03,393,2388,100.0,38.98,23.3412
5,74,-0.0014,0.0001,100.0,518.67,642.01,1581.46,1399.2,14.62,21.61,555.01,2388.02,9059.29,1.3,47.21,522.38,2388.05,8144.72,8.4388,0.03,393,2388,100.0,39.06,23.4445
5,75,0.0006,-0.0002,100.0,518.67,642.12,1590.37,1391.84,14.62,21.61,554.67,2388.0,9052.35,1.3,47.24,522.07,2388.04,8138.52,8.4189,0.03,391,2388,100.0,39.11,23.3167
5,76,0.0011,-0.0,100.0,518.67,642.05,1580.06,1401.94,14.62,21.61,555.13,2387.95,9060.82,1.3,47.22,521.93,2388.01,8142.68,8.3839,0.03,392,2388,100.0,39.06,23.4027
5,77,-0.0019,0.0002,100.0,518.67,641.95,1585.39,1403.32,14.62,21.61,554.59,2388.02,9058.22,1.3,47.43,522.02,2387.99,8140.47,8.4138,0.03,392,2388,100.0,39.1,23.3408
5,78,0.0036,0.0005,100.0,518.67,642.06,1583.91,1401.57,14.62,21.61,555.08,2388.04,9062.33,1.3,47.41,523.05,2388.05,8140.82,8.4342,0.03,391,2388,100.0,39.08,23.4181
5,79,0.0025,0.0003,100.0,518.67,642.27,1589.1,1394.55,14.62,21.61,554.85,2387.96,9063.95,1.3,47.44,522.55,2387.99,8140.27,8.406,0.03,391,2388,100.0,39.11,23.3488
5,80,-0.0012,-0.0003,100.0,518.67,642.44,1579.36,1398.92,14.62,21.61,554.28,2388.06,9062.42,1.3,47.3,522.23,2388.02,8141.09,8.4314,0.03,393,2388,100.0,38.83,23.3894
5,81,0.0037,0.0005,100.0,518.67,641.6,1583.3,1393.87,14.62,21.61,554.79,2388.05,9057.91,1.3,47.18,522.5,2388.05,8140.84,8.4228,0.03,391,2388,100.0,39.0,23.3643
5,82,-0.0005,0.0004,100.0,518.67,642.3,1583.22,1396.97,14.62,21.61,554.64,2388.05,9059.54,1.3,47.29,521.92,2388.06,8141.95,8.4123,0.03,392,2388,100.0,38.96,23.3693
5,83,0.0006,-0.0001,100.0,518.67,642.12,1581.07,1405.06,14.62,21.61,554.59,2388.01,9050.7,1.3,47.15,522.61,2388.02,8143.05,8.3958,0.03,391,2388,100.0,38.92,23.3189
5,84,-0.0003,-0.0005,100.0,518.67,641.94,1593.71,1398.02,14.62,21.61,553.97,2387.98,9059.7,1.3,46.99,522.63,2388.03,8144.36,8.4214,0.03,392,2388,100.0,39.01,23.3315
5,85,-0.0001,-0.0002,100.0,518.67,642.07,1584.74,1402.9,14.62,21.61,554.42,2388.02,9051.32,1.3,47.27,522.29,2387.99,8138.85,8.4111,0.03,392,2388,100.0,39.07,23.4243
5,86,-0.0005,-0.0002,100.0,518.67,642.05,1581.0,1400.45,14.62,21.61,554.24,2388.04,9056.01,1.3,47.23,522.15,2387.99,8148.9,8.4289,0.03,391,2388,100.0,39.14,23.4041
5,87,-0.0021,-0.0002,100.0,518.67,642.36,1582.83,1398.06,14.62,21.61,553.8,2388.04,9055.64,1.3,47.28,522.34,2388.05,8140.67,8.3956,0.03,393,2388,100.0,38.95,23.4358
5,88,-0.001,-0.0004,100.0,518.67,641.67,1586.68,1394.03,14.62,21.61,554.78,2388.0,9064.43,1.3,47.23,522.45,2388.0,8141.75,8.3859,0.03,390,2388,100.0,39.04,23.3969
5,89,-0.0007,0.0004,100.0,518.67,642.06,1586.62,1406.26,14.62,21.61,554.07,2388.06,9058.05,1.3,47.27,521.89,2388.02,8136.25,8.3979,0.03,392,2388,100.0,39.01,23.3555
5,90,0.0011,-0.0002,100.0,518.67,642.61,1584.59,1393.19,14.62,21.61,554.28,2388.05,9055.32,1.3,47.23,521.65,2388.0,8141.82,8.4134,0.03,392,2388,100.0,38.87,23.3456
5,91,0.0011,0.0001,100.0,518.67,642.38,1578.36,1396.08,14.62,21.61,553.95,2388.04,9058.32,1.3,47.23,522.52,2388.04,8142.77,8.413,0.03,392,2388,100.0,38.92,23.4433
5,92,0.0012,0.0001,100.0,518.67,642.13,1587.5,1403.78,14.62,21.61,554.58,2388.01,9052.2,1.3,47.12,521.98,2388.04,8136.13,8.3906,0.03,392,2388,100.0,39.02,23.3187
5,93,-0.0021,0.0003,100.0,518.67,642.26,1589.21,1402.78,14.62,21.61,554.57,2388.0,9055.54,1.3,47.19,521.62,2387.98,8141.78,8.3754,0.03,391,2388,100.0,39.01,23.2891
5,94,0.0003,0.0005,100.0,518.67,641.83,1585.58,1401.51,14.62,21.61,554.67,2388.0,9047.33,1.3,47.25,522.31,2388.08,8139.16,8.3938,0.03,392,2388,100.0,38.92,23.3598
5,95,0.0006,-0.0,100.0,518.67,642.02,1587.18,1402.75,14.62,21.61,553.9,2388.01,9060.21,1.3,47.28,522.02,2388.04,8146.19,8.4243,0.03,391,2388,100.0,38.9,23.3947
5,96,-0.0008,0.0001,100.0,518.67,641.62,1588.88,1400.96,14.62,21.6,554.49,2388.01,9059.7,1.3,47.25,522.31,2388.05,8138.67,8.4146,0.03,391,2388,100.0,38.98,23.4422
5,97,-0.0004,-0.0002,100.0,518.67,641.59,1587.74,1402.27,14.62,21.61,553.95,2388.03,9054.49,1.3,47.08,522.5,2388.06,8138.41,8.41,0.03,392,2388,100.0,38.9,23.3884
5,98,-0.001,0.0003,100.0,518.67,642.01,1586.71,1400.04,14.62,21.61,554.06,2388.01,9054.32,1.3,47.24,521.64,2387.97,8140.68,8.4021,0.03,393,2388,100.0,39.1,23.4089
5,99,0.0018,-0.0,100.0,518.67,642.49,1584.81,1396.48,14.62,21.61,554.14,2388.02,9052.77,1.3,47.32,521.8,2388.0,8134.78,8.4146,0.03,392,2388,100.0,39.03,23.426
5,100,0.0019,-0.0004,100.0,518.67,642.31,1583.01,1401.46,14.62,21.61,554.28,2388.06,9059.05,1.3,47.27,522.54,2388.02,8140.89,8.4014,0.03,393,2388,100.0,39.06,23.2823
5,101,-0.002,-0.0001,100.0,518.67,642.14,1584.36,1398.49,14.62,21.61,553.82,2388.07,9060.85,1.3,47.17,522.25,2388.01,8141.28,8.4204,0.03,393,2388,100.0,38.74,23.4547
5,102,0.0007,0.0002,100.0,518.67,642.49,1580.67,1398.01,14.62,21.61,554.15,2388.02,9064.32,1.3,47.4,521.65,2388.05,8143.09,8.4161,0.03,391,2388,100.0,39.19,23.4207
5,103,-0.0012,-0.0001,100.0,518.67,642.67,1584.99,1399.84,14.62,21.61,554.41,2388.03,9056.29,1.3,47.43,521.95,2388.03,8137.64,8.4107,0.03,391,2388,100.0,38.88,23.3606
5,104,0.0029,-0.0001,100.0,518.67,642.41,1585.26,1400.45,14.62,21.61,554.24,2388.08,9060.88,1.3,47.24,522.47,2388.04,8142.43,8.3898,0.03,392,2388,100.0,38.83,23.3851
5,105,-0.0002,0.0003,100.0,518.67,642.47,1586.74,1408.86,14.62,21.61,554.17,2388.02,9062.64,1.3,47.21,521.74,2388.09,8142.22,8.4091,0.03,392,2388,100.0,38.85,23.3567
5,106,0.0013,-0.0002,100.0,518.67,641.96,1583.93,1393.01,14.62,21.61,554.12,2387.99,9057.53,1.3,47.31,521.96,2388.02,8144.11,8.4046,0.03,391,2388,100.0,38.95,23.4512
5,107,0.0015,0.0001,100.0,518.67,642.14,1593.38,1397.66,14.62,21.61,554.27,2388.01,9060.37,1.3,47.28,522.27,2388.11,8137.18,8.3805,0.03,391,2388,100.0,38.82,23.2176
5,108,0.0013,0.0002,100.0,518.67,642.7,1583.22,1404.0,14.62,21.61,554.01,2388.0,9055.84,1.3,47.34,521.94,2388.04,8140.9,8.3942,0.03,392,2388,100.0,38.83,23.397
5,109,0.0042,0.0001,100.0,518.67,643.08,1582.4,1405.53,14.62,21.61,553.04,2388.04,9055.67,1.3,47.32,521.92,2388.07,8136.08,8.4,0.03,392,2388,100.0,39.1,23.3306
5,110,0.0017,-0.0,100.0,518.67,642.49,1581.67,1406.44,14.62,21.61,554.61,2388.01,9061.05,1.3,47.29,521.99,2388.03,8140.37,8.404,0.03,394,2388,100.0,39.1,23.4374
5,111,-0.0006,0.0002,100.0,518.67,642.23,1584.1,1402.75,14.62,21.61,554.68,2388.11,9052.89,1.3,47.21,522.09,2388.07,8142.92,8.4004,0.03,392,2388,100.0,39.04,23.3743
5,112,-0.002,-0.0003,100.0,518.67,642.44,1583.79,1399.63,14.62,21.61,554.69,2388.05,9061.48,1.3,47.25,521.73,2388.06,8136.81,8.4335,0.03,392,2388,100.0,39.04,23.3427
5,113,0.0011,0.0005,100.0,518.67,642.5,1587.77,1402.77,14.62,21.61,554.21,2388.02,9054.84,1.3,47.1,521.92,2388.06,8145.77,8.447,0.03,392,2388,100.0,38.92,23.3275
5,114,-0.0064,-0.0001,100.0,518.67,642.64,1581.43,1398.04,14.62,21.61,554.15,2388.03,9061.87,1.3,47.29,521.62,2388.0,8139.4,8.4335,0.03,391,2388,100.0,38.98,23.4198
5,115,0.002,-0.0002,100.0,518.67,642.42,1590.57,1406.55,14.62,21.61,553.66,2388.09,9062.11,1.3,47.26,522.4,2388.07,8138.84,8.4546,0.03,391,2388,100.0,38.81,23.3992
5,116,-0.0001,-0.0003,100.0,518.67,642.27,1582.6,1404.02,14.62,21.61,554.08,2388.02,9055.08,1.3,47.22,522.1,2388.06,8143.58,8.4009,0.03,393,2388,100.0,39.05,23.3602
5,117,-0.0024,0.0002,100.0,518.67,641.66,1580.73,1402.04,14.62,21.61,554.14,2388.07,9057.87,1.3,47.53,522.13,2388.03,8139.01,8.4169,0.03,392,2388,100.0,38.98,23.2915
5,118,0.0024,0.0001,100.0,518.67,642.48,1596.13,1410.88,14.62,21.61,553.87,2388.08,9055.32,1.3,47.55,521.83,2388.09,8140.35,8.4089,0.03,392,2388,100.0,38.92,23.2982
5,119,-0.0006,0.0005,100.0,518.67,642.04,1586.91,1400.63,14.62,21.61,554.81,2388.08,9054.08,1.3,47.33,522.3,2388.04,8144.51,8.431,0.03,393,2388,100.0,38.84,23.3185
5,120,0.0009,0.0002,100.0,518.67,642.42,1590.87,1399.53,14.62,21.61,553.43,2388.09,9059.88,1.3,47.47,521.73,2388.08,8138.69,8.4469,0.03,392,2388,100.0,38.78,23.3962
5,121,0.0,0.0002,100.0,518.67,642.41,1585.41,1408.52,14.62,21.61,553.57,2388.02,9054.79,1.3,47.21,522.11,2388.09,8141.36,8.3894,0.03,391,2388,100.0,38.98,23.3615
5,122,0.0018,-0.0004,100.0,518.67,642.65,1586.4,1403.29,14.62,21.61,553.72,2388.05,9052.71,1.3,47.31,521.64,2388.07,8138.32,8.4135,0.03,392,2388,100.0,38.92,23.2848
5,123,0.0002,-0.0002,100.0,518.67,642.83,1583.42,1403.3,14.62,21.61,554.02,2388.08,9062.02,1.3,47.5,522.34,2388.08,8138.45,8.4287,0.03,390,2388,100.0,38.98,23.3395
5,124,0.002,0.0003,100.0,518.67,642.37,1593.74,1402.63,14.62,21.61,553.41,2388.02,9052.93,1.3,47.53,521.76,2388.08,8137.33,8.4552,0.03,391,2388,100.0,38.85,23.3267
5,125,-0.002,-0.0004,100.0,518.67,642.33,1588.2,1407.86,14.62,21.61,553.76,2388.06,9055.39,1.3,47.45,522.18,2388.07,8141.35,8.4164,0.03,393,2388,100.0,38.81,23.3373
5,126,-0.0005,-0.0003,100.0,518.67,642.29,1594.64,1401.12,14.62,21.61,553.87,2388.06,9052.59,1.3,47.38,521.52,2388.04,8139.52,8.4436,0.03,392,2388,100.0,38.96,23.4186
5,127,0.0011,0.0005,100.0,518.67,642.35,1590.64,1405.3,14.62,21.61,553.63,2388.11,9045.59,1.3,47.44,522.24,2388.03,8134.49,8.4626,0.03,392,2388,100.0,38.97,23.3704
5,128,-0.0023,0.0004,100.0,518.67,642.42,1583.2,1406.16,14.62,21.61,554.19,2388.08,9051.23,1.3,47.53,521.76,2388.03,8137.33,8.4498,0.03,394,2388,100.0,38.98,23.256
5,129,0.0007,0.0005,100.0,518.67,642.56,1591.74,1407.17,14.62,21.61,553.48,2388.01,9056.6,1.3,47.32,521.65,2388.01,8141.52,8.4792,0.03,394,2388,100.0,38.89,23.2536
5,130,-0.0021,-0.0003,100.0,518.67,642.62,1588.16,1405.62,14.62,21.61,554.28,2388.1,9049.86,1.3,47.39,521.59,2388.09,8137.08,8.4473,0.03,392,2388,100.0,38.8,23.3852
5,131,-0.0,0.0004,100.0,518.67,642.68,1581.99,1401.06,14.62,21.61,553.82,2388.04,9060.53,1.3,47.35,522.21,2388.06,8137.08,8.4291,0.03,393,2388,100.0,38.84,23.3192
5,132,0.0013,0.0004,100.0,518.67,642.57,1587.89,1407.78,14.62,21.61,553.76,2388.1,9061.63,1.3,47.51,522.03,2388.06,8137.41,8.4315,0.03,395,2388,100.0,38.76,23.3855
5,133,-0.0022,-0.0002,100.0,518.67,642.45,1591.23,1407.81,14.62,21.61,553.29,2388.01,9060.85,1.3,47.32,521.79,2388.04,8134.34,8.4248,0.03,393,2388,100.0,38.88,23.2994
5,134,-0.0012,0.0003,100.0,518.67,642.49,1584.52,1403.54,14.62,21.61,553.57,2388.11,9060.24,1.3,47.48,521.79,2388.07,8140.99,8.4671,0.03,394,2388,100.0,38.82,23.31
5,135,0.0018,0.0001,100.0,518.67,642.7,1591.82,1408.71,14.62,21.61,553.13,2388.14,9062.37,1.3,47.53,521.26,2388.09,8134.32,8.4172,0.03,392,2388,100.0,38.96,23.35
5,136,-0.0043,-0.0001,100.0,518.67,642.01,1587.17,1404.88,14.62,21.61,553.48,2388.1,9056.93,1.3,47.52,521.63,2388.08,8138.01,8.3974,0.03,393,2388,100.0,38.9,23.4343
5,137,0.0034,0.0003,100.0,518.67,642.81,1592.97,1400.54,14.62,21.61,553.41,2388.12,9058.22,1.3,47.24,521.84,2388.05,8137.38,8.4076,0.03,393,2388,100.0,38.88,23.2543
5,138,0.0029,0.0001,100.0,518.67,642.8,1590.02,1407.31,14.62,21.61,554.0,2388.09,9054.24,1.3,47.42,521.53,2388.1,8136.15,8.416,0.03,394,2388,100.0,38.82,23.4284
5,139,-0.0003,0.0003,100.0,518.67,642.39,1593.41,1408.78,14.62,21.61,553.99,2388.05,9052.81,1.3,47.33,521.64,2388.03,8136.33,8.4403,0.03,391,2388,100.0,38.94,23.3745
5,140,-0.002,0.0005,100.0,518.67,642.9,1588.79,1409.02,14.62,21.61,552.64,2388.1,9056.61,1.3,47.32,521.59,2388.12,8137.79,8.3891,0.03,392,2388,100.0,38.9,23.3621
5,141,-0.0001,0.0001,100.0,518.67,642.87,1583.88,1405.77,14.62,21.61,553.13,2388.11,9053.88,1.3,47.46,521.2,2388.04,8138.32,8.4583,0.03,391,2388,100.0,38.72,23.334
5,142,0.0006,-0.0002,100.0,518.67,642.47,1582.96,1405.23,14.62,21.61,553.58,2388.12,9053.05,1.3,47.41,521.71,2388.11,8136.78,8.4183,0.03,390,2388,100.0,39.04,23.3611
5,143,0.0022,0.0002,100.0,518.67,642.57,1589.81,1410.72,14.62,21.61,553.69,2388.05,9058.93,1.3,47.37,521.45,2388.07,8138.35,8.4377,0.03,391,2388,100.0,38.84,23.2544
5,144,-0.0055,-0.0004,100.0,518.67,642.3,1592.34,1404.68,14.62,21.61,553.48,2388.07,9061.6,1.3,47.42,521.6,2388.1,8139.16,8.4246,0.03,392,2388,100.0,38.86,23.2877
5,145,0.0028,0.0004,100.0,518.67,642.66,1587.95,1409.08,14.62,21.61,552.64,2388.11,9056.34,1.3,47.49,521.06,2388.11,8134.63,8.4536,0.03,393,2388,100.0,38.77,23.3346
5,146,-0.0019,0.0003,100.0,518.67,642.57,1587.37,1413.98,14.62,21.61,553.97,2388.1,9057.26,1.3,47.35,521.85,2388.08,8133.99,8.4528,0.03,393,2388,100.0,38.76,23.2934
5,147,0.0022,0.0003,100.0,518.67,642.61,1599.41,1404.16,14.62,21.61,553.91,2388.09,9058.2,1.3,47.53,521.25,2388.09,8135.2,8.4399,0.03,392,2388,100.0,38.78,23.3484
5,148,-0.0006,0.0003,100.0,518.67,642.18,1596.58,1403.25,14.62,21.61,553.99,2388.13,9058.84,1.3,47.41,522.1,2388.07,8139.7,8.4509,0.03,392,2388,100.0,38.95,23.4345
5,149,-0.0025,0.0002,100.0,518.67,641.74,1588.64,1401.73,14.62,21.61,553.2,2388.1,9055.97,1.3,47.55,521.68,2388.07,8139.56,8.4466,0.03,391,2388,100.0,38.93,23.3748
5,150,0.0006,0.0002,100.0,518.67,642.85,1585.12,1408.9,14.62,21.61,553.08,2388.11,9050.68,1.3,47.41,521.43,2388.11,8139.43,8.4223,0.03,392,2388,100.0,38.87,23.2904
5,151,-0.0002,-0.0004,100.0,518.67,642.34,1589.76,1405.72,14.62,21.61,553.13,2388.08,9062.71,1.3,47.6,521.12,2388.12,8132.95,8.4083,0.03,394,2388,100.0,38.84,23.2111
5,152,0.0033,0.0004,100.0,518.67,642.81,1594.63,1414.24,14.62,21.61,553.03,2388.11,9046.93,1.3,47.51,521.32,2388.05,8135.97,8.4024,0.03,393,2388,100.0,38.79,23.185
5,153,0.0042,-0.0004,100.0,518.67,642.49,1592.25,1411.69,14.62,21.61,553.21,2388.18,9048.42,1.3,47.58,521.64,2388.07,8137.01,8.4166,0.03,393,2388,100.0,38.94,23.3845
5,154,0.0027,-0.0005,100.0,518.67,642.81,1587.31,1411.37,14.62,21.61,553.77,2388.12,9064.32,1.3,47.59,520.98,2388.12,8135.9,8.457,0.03,392,2388,100.0,38.74,23.271
5,155,-0.004,0.0003,100.0,518.67,642.41,1593.61,1414.39,14.62,21.61,552.93,2388.16,9058.45,1.3,47.61,521.63,2388.12,8140.33,8.4474,0.03,394,2388,100.0,38.68,23.3304
5,156,-0.0014,-0.0003,100.0,518.67,642.62,1587.39,1407.79,14.62,21.61,552.5,2388.12,9051.28,1.3,47.32,521.84,2388.09,8136.03,8.4286,0.03,394,2388,100.0,38.88,23.286
5,157,-0.0005,0.0002,100.0,518.67,642.67,1591.15,1403.71,14.62,21.61,553.46,2388.13,9064.23,1.3,47.48,521.22,2388.11,8134.52,8.4353,0.03,392,2388,100.0,38.79,23.3253
5,158,-0.0014,0.0004,100.0,518.67,642.81,1595.43,1409.77,14.62,21.61,552.78,2388.1,9066.83,1.3,47.5,521.16,2388.09,8144.74,8.4867,0.03,393,2388,100.0,38.89,23.344
5,159,-0.001,-0.0003,100.0,518.67,642.69,1588.73,1410.9,14.62,21.61,553.89,2388.14,9048.98,1.3,47.74,521.49,2388.13,8132.37,8.4081,0.03,394,2388,100.0,38.8,23.2438
5,160,0.0008,-0.0001,100.0,518.67,642.21,1582.66,1405.82,14.62,21.61,552.02,2388.11,9059.41,1.3,47.55,521.34,2388.15,8139.45,8.478,0.03,391,2388,100.0,38.83,23.21
5,161,-0.0056,0.0003,100.0,518.67,642.57,1590.05,1405.02,14.62,21.61,553.33,2388.1,9044.73,1.3,47.53,521.41,2388.13,8131.91,8.4405,0.03,392,2388,100.0,38.69,23.3172
5,162,0.0021,-0.0,100.0,518.67,643.15,1590.92,1407.59,14.62,21.61,553.72,2388.12,9053.58,1.3,47.68,520.69,2388.17,8140.16,8.4652,0.03,394,2388,100.0,38.78,23.3655
5,163,0.0007,0.0001,100.0,518.67,642.53,1590.72,1407.04,14.62,21.61,553.55,2388.14,9057.0,1.3,47.59,521.06,2388.14,8136.48,8.4241,0.03,394,2388,100.0,38.87,23.2554
5,164,-0.0023,-0.0001,100.0,518.67,642.81,1583.95,1412.74,14.62,21.61,553.29,2388.14,9057.57,1.3,47.65,521.69,2388.19,8131.5,8.4522,0.03,395,2388,100.0,38.64,23.2159
5,165,-0.0009,0.0,100.0,518.67,642.67,1586.47,1407.76,14.62,21.61,553.42,2388.11,9052.85,1.3,47.75,521.16,2388.1,8132.92,8.4588,0.03,394,2388,100.0,38.58,23.2129
5,166,-0.0023,-0.0002,100.0,518.67,642.57,1593.42,1417.41,14.62,21.61,552.36,2388.14,9054.7,1.3,47.66,521.21,2388.14,8136.83,8.4251,0.03,393,2388,100.0,38.8,23.2126
5,167,0.0007,0.0003,100.0,518.67,642.86,1591.46,1414.32,14.62,21.61,553.0,2388.14,9049.43,1.3,47.47,520.87,2388.14,8133.87,8.4458,0.03,393,2388,100.0,38.91,23.2026
5,168,0.0055,-0.0003,100.0,518.67,642.98,1594.13,1412.93,14.62,21.61,552.65,2388.17,9052.49,1.3,47.67,521.2,2388.16,8130.77,8.4667,0.03,393,2388,100.0,38.94,23.2552
5,169,0.0017,0.0001,100.0,518.67,642.84,1585.78,1403.88,14.62,21.61,553.4,2388.16,9047.15,1.3,47.76,521.19,2388.17,8123.98,8.4953,0.03,393,2388,100.0,38.71,23.2688
5,170,0.005,-0.0001,100.0,518.67,642.81,1589.89,1412.77,14.62,21.61,552.59,2388.16,9045.84,1.3,47.8,521.21,2388.12,8131.18,8.4721,0.03,393,2388,100.0,38.61,23.2684
5,171,-0.0035,0.0005,100.0,518.67,642.37,1585.29,1411.24,14.62,21.61,553.19,2388.09,9047.27,1.3,47.66,520.99,2388.13,8138.2,8.4738,0.03,395,2388,100.0,38.68,23.2561
5,172,0.0009,0.0002,100.0,518.67,642.66,1591.03,1413.07,14.62,21.61,552.84,2388.17,9054.24,1.3,47.81,520.84,2388.17,8130.83,8.4349,0.03,392,2388,100.0,38.61,23.2104
5,173,-0.0011,0.0005,100.0,518.67,642.96,1588.47,1411.13,14.62,21.61,552.86,2388.12,9053.04,1.3,47.88,520.16,2388.18,8136.71,8.4951,0.03,394,2388,100.0,38.63,23.2776
5,174,-0.0004,-0.0002,100.0,518.67,642.7,1595.95,1406.24,14.62,21.61,552.8,2388.18,9056.94,1.3,47.71,520.84,2388.18,8129.43,8.458,0.03,393,2388,100.0,38.55,23.1986
5,175,-0.0008,0.0003,100.0,518.67,642.95,1596.25,1419.57,14.62,21.61,552.47,2388.13,9054.89,1.3,47.88,520.68,2388.19,8135.03,8.5045,0.03,396,2388,100.0,38.68,23.1496
5,176,0.0004,0.0002,100.0,518.67,642.77,1591.42,1416.66,14.62,21.61,553.72,2388.16,9053.47,1.3,47.64,520.94,2388.18,8131.37,8.4794,0.03,395,2388,100.0,38.8,23.1145
5,177,0.0005,-0.0,100.0,518.67,643.28,1592.61,1421.41,14.62,21.61,552.83,2388.14,9045.57,1.3,47.79,520.57,2388.19,8131.23,8.4832,0.03,395,2388,100.0,38.7,23.1349
5,178,0.0021,-0.0003,100.0,518.67,642.66,1591.47,1409.55,14.62,21.61,552.53,2388.16,9054.78,1.3,47.82,520.81,2388.13,8134.12,8.4876,0.03,393,2388,100.0,38.64,23.1644
5,179,-0.0044,0.0004,100.0,518.67,643.06,1592.67,1413.77,14.62,21.61,552.49,2388.2,9052.03,1.3,47.9,520.69,2388.19,8133.49,8.4557,0.03,396,2388,100.0,38.67,23.2033
5,180,0.0026,0.0005,100.0,518.67,642.91,1591.41,1418.16,14.62,21.61,552.72,2388.16,9056.23,1.3,47.73,520.89,2388.16,8127.95,8.4677,0.03,392,2388,100.0,38.66,23.0835
6,1,0.0008,-0.0004,100.0,518.67,641.75,1583.01,1397.41,14.62,21.59,553.87,2387.94,9049.97,1.3,47.17,522.48,2387.99,8133.49,8.3957,0.03,392,2388,100.0,38.99,23.5148
6,2,-0.0015,0.0001,100.0,518.67,642.14,1575.01,1396.68,14.62,21.58,554.16,2387.97,9052.39,1.3,47.19,521.46,2387.99,8133.47,8.3708,0.03,391,2388,100.0,39.03,23.344
6,3,-0.001,0.0003,100.0,518.67,641.65,1572.6,1396.64,14.62,21.58,554.78,2388.01,9054.95,1.3,46.92,521.6,2388.03,8130.04,8.3784,0.03,392,2388,100.0,39.02,23.4138
6,4,-0.0015,0.0,100.0,518.67,642.54,1581.72,1399.81,14.62,21.59,554.14,2388.0,9051.79,1.3,47.13,521.69,2388.03,8131.02,8.3848,0.03,393,2388,100.0,39.04,23.3048
6,5,0.0001,-0.0003,100.0,518.67,641.64,1581.94,1391.01,14.62,21.58,554.46,2387.99,9045.23,1.3,47.09,522.35,2387.96,8134.94,8.4007,0.03,390,2388,100.0,39.19,23.5742
6,6,0.0013,-0.0001,100.0,518.67,641.96,1584.63,1395.7,14.62,21.58,553.83,2388.0,9049.2,1.3,47.15,521.69,2387.98,8134.45,8.4024,0.03,391,2388,100.0,39.01,23.4039
6,7,0.0001,-0.0001,100.0,518.67,641.78,1576.36,1392.46,14.62,21.59,554.2,2387.96,9057.23,1.3,47.15,522.05,2387.99,8135.49,8.4214,0.03,392,2388,100.0,39.05,23.4782
6,8,0.0025,0.0004,100.0,518.67,641.77,1583.64,1391.35,14.62,21.59,554.11,2387.98,9049.25,1.3,46.92,522.28,2388.0,8135.47,8.3838,0.03,392,2388,100.0,39.16,23.4439
6,9,0.0025,-0.0001,100.0,518.67,642.54,1579.66,1392.49,14.62,21.59,554.59,2388.02,9049.75,1.3,47.08,523.22,2388.04,8139.56,8.4116,0.03,392,2388,100.0,39.01,23.4653
6,10,0.0014,0.0003,100.0,518.67,641.85,1584.61,1397.9,14.62,21.59,554.81,2388.02,9054.2,1.3,47.35,521.7,2388.01,8137.17,8.4175,0.03,392,2388,100.0,39.12,23.4009
6,11,0.0009,-0.0004,100.0,518.67,641.59,1581.17,1390.75,14.62,21.58,554.37,2388.03,9045.97,1.3,47.19,521.84,2388.02,8136.25,8.4023,0.03,391,2388,100.0,38.93,23.3084
6,12,-0.0002,0.0002,100.0,518.67,641.55,1596.18,1391.84,14.62,21.58,554.37,2387.98,9050.87,1.3,47.06,521.97,2387.99,8133.76,8.3866,0.03,390,2388,100.0,39.05,23.3773
6,13,0.0039,-0.0003,100.0,518.67,642.21,1578.6,1398.51,14.62,21.58,554.44,2387.95,9041.9,1.3,47.1,521.98,2387.95,8133.25,8.4078,0.03,390,2388,100.0,39.06,23.3968
6,14,0.0013,0.0005,100.0,518.67,642.06,1584.74,1396.09,14.62,21.58,554.27,2387.98,9046.64,1.3,46.94,521.88,2388.01,8138.73,8.3617,0.03,391,2388,100.0,39.13,23.4308
6,15,0.0027,0.0005,100.0,518.67,641.9,1585.81,1400.06,14.62,21.59,554.91,2387.94,9045.9,1.3,46.98,522.43,2387.94,8136.65,8.4158,0.03,391,2388,100.0,38.9,23.4057
6,16,0.0008,0.0002,100.0,518.67,642.34,1580.08,1392.83,14.62,21.58,553.71,2388.01,9058.41,1.3,47.17,522.05,2387.99,8137.45,8.4225,0.03,390,2388,100.0,38.9,23.4076
6,17,-0.0011,0.0001,100.0,518.67,641.95,1582.33,1395.7,14.62,21.59,554.54,2388.0,9056.58,1.3,47.14,521.83,2387.95,8134.97,8.3959,0.03,392,2388,100.0,39.11,23.3255
6,18,-0.0016,-0.0001,100.0,518.67,642.11,1584.67,1393.86,14.62,21.58,554.47,2387.96,9050.29,1.3,47.12,522.53,2388.02,8135.65,8.3925,0.03,390,2388,100.0,38.77,23.2367
6,19,0.0011,0.0001,100.0,518.67,641.66,1582.11,1395.55,14.62,21.59,553.97,2387.97,9050.51,1.3,47.12,521.92,2387.98,8133.98,8.3974,0.03,393,2388,100.0,38.92,23.4376
6,20,0.0023,0.0001,100.0,518.67,641.54,1585.11,1396.71,14.62,21.58,553.53,2387.95,9045.17,1.3,47.13,521.72,2387.97,8129.85,8.3551,0.03,393,2388,100.0,38.89,23.3742
6,21,0.0017,0.0004,100.0,518.67,642.02,1578.28,1390.29,14.62,21.58,554.08,2388.0,9048.02,1.3,47.21,522.09,2387.98,8132.11,8.3876,0.03,391,2388,100.0,39.19,23.373
6,22,0.0004,-0.0004,100.0,518.67,642.19,1572.73,1392.49,14.62,21.59,554.49,2387.95,9064.62,1.3,46.91,522.24,2388.0,8141.21,8.4273,0.03,391,2388,100.0,39.0,23.4661
6,23,-0.0004,0.0003,100.0,518.67,642.05,1586.56,1398.42,14.62,21.58,554.29,2387.99,9053.1,1.3,47.05,522.46,2387.96,8140.89,8.3612,0.03,390,2388,100.0,39.16,23.457
6,24,0.0004,-0.0003,100.0,518.67,642.25,1579.66,1399.63,14.62,21.59,554.04,2388.01,9055.33,1.3,47.04,522.25,2388.05,8138.27,8.3754,0.03,391,2388,100.0,39.11,23.4161
6,25,0.0027,0.0004,100.0,518.67,641.98,1580.91,1398.62,14.62,21.59,554.08,2388.0,9060.42,1.3,47.04,522.41,2387.95,8134.45,8.4103,0.03,390,2388,100.0,39.13,23.4161
6,26,0.0032,-0.0003,100.0,518.67,641.35,1583.08,1397.81,14.62,21.59,554.31,2387.95,9057.12,1.3,47.3,522.01,2387.99,8132.79,8.3829,0.03,391,2388,100.0,39.1,23.4915
6,27,-0.0021,-0.0002,100.0,518.67,641.73,1585.22,1397.1,14.62,21.59,553.58,2387.94,9051.85,1.3,47.13,522.12,2387.98,8130.67,8.4053,0.03,390,2388,100.0,39.07,23.3976
6,28,-0.0007,-0.0002,100.0,518.67,641.95,1588.95,1385.28,14.62,21.58,554.79,2387.94,9051.39,1.3,47.16,521.79,2387.99,8136.06,8.4099,0.03,390,2388,100.0,38.94,23.4298
6,29,-0.0002,0.0004,100.0,518.67,642.11,1573.5,1404.54,14.62,21.59,554.62,2387.97,9055.5,1.3,47.04,522.4,2388.03,8133.05,8.3876,0.03,392,2388,100.0,39.08,23.4239
6,30,-0.0007,0.0001,100.0,518.67,641.93,1581.42,1400.08,14.62,21.59,554.14,2387.98,9056.93,1.3,47.01,522.54,2387.93,8135.41,8.4117,0.03,390,2388,100.0,39.19,23.4754
6,31,-0.0012,0.0005,100.0,518.67,642.13,1575.98,1398.91,14.62,21.58,553.59,2387.96,9052.61,1.3,46.9,521.57,2388.01,8131.97,8.3623,0.03,389,2388,100.0,39.04,23.3885
6,32,0.0009,0.0002,100.0,518.67,641.83,1585.48,1398.63,14.62,21.59,554.8,2387.99,9052.29,1.3,47.14,521.7,2388.01,8138.57,8.3778,0.03,390,2388,100.0,39.13,23.3876
6,33,-0.001,0.0002,100.0,518.67,642.27,1583.57,1397.66,14.62,21.59,554.56,2388.01,9052.79,1.3,47.19,522.95,2387.94,8136.73,8.3621,0.03,393,2388,100.0,39.08,23.4041
6,34,-0.0006,0.0005,100.0,518.67,641.48,1580.92,1392.2,14.62,21.58,554.31,2388.03,9052.99,1.3,47.03,521.52,2387.95,8140.68,8.3805,0.03,391,2388,100.0,38.91,23.3075
6,35,-0.0029,0.0005,100.0,518.67,641.99,1580.29,1389.9,14.62,21.58,553.84,2388.03,9048.49,1.3,47.12,522.02,2388.01,8133.59,8.3459,0.03,391,2388,100.0,39.08,23.3735
6,36,0.0018,0.0004,100.0,518.67,642.19,1582.03,1398.34,14.62,21.58,555.19,2387.97,9053.15,1.3,47.17,521.95,2387.96,8135.09,8.3783,0.03,392,2388,100.0,38.89,23.4867
6,37,-0.0019,-0.0002,100.0,518.67,641.98,1586.11,1395.22,14.62,21.59,554.61,2387.98,9052.8,1.3,47.13,522.4,2387.99,8128.42,8.3821,0.03,391,2388,100.0,39.06,23.4152
6,38,-0.0036,0.0005,100.0,518.67,641.78,1580.88,1399.38,14.62,21.59,555.12,2387.99,9049.46,1.3,47.04,522.25,2388.03,8133.81,8.3762,0.03,391,2388,100.0,39.11,23.3746
6,39,-0.004,-0.0003,100.0,518.67,641.77,1581.03,1397.13,14.62,21.58,554.53,2388.02,9054.99,1.3,47.04,521.93,2387.95,8136.25,8.4172,0.03,390,2388,100.0,39.04,23.5358
6,40,-0.0038,0.0005,100.0,518.67,642.48,1579.75,1395.26,14.62,21.59,554.57,2387.96,9054.38,1.3,47.15,523.17,2388.0,8141.45,8.3752,0.03,390,2388,100.0,39.07,23.4823
6,41,-0.0008,0.0004,100.0,518.67,641.87,1580.79,1400.83,14.62,21.59,553.97,2387.97,9059.13,1.3,47.12,522.52,2388.0,8136.77,8.4158,0.03,390,2388,100.0,39.04,23.4667
6,42,0.0012,0.0001,100.0,518.67,642.4,1584.73,1395.63,14.62,21.59,555.15,2387.98,9049.69,1.3,47.3,522.74,2388.04,8137.41,8.378,0.03,390,2388,100.0,38.87,23.4205
6,43,-0.0009,-0.0002,100.0,518.67,642.02,1575.33,1387.33,14.62,21.58,554.72,2387.98,9059.48,1.3,47.11,522.49,2388.01,8135.94,8.3716,0.03,392,2388,100.0,39.11,23.4695
6,44,-0.0005,0.0005,100.0,518.67,642.52,1576.37,1394.43,14.62,21.58,553.71,2388.01,9044.6,1.3,46.95,521.68,2387.97,8129.84,8.3759,0.03,390,2388,100.0,39.19,23.4678
6,45,-0.0006,-0.0003,100.0,518.67,642.13,1584.27,1395.67,14.62,21.58,554.02,2387.95,9054.47,1.3,47.14,522.14,2388.01,8137.74,8.3665,0.03,390,2388,100.0,39.02,23.4305
6,46,0.0002,-0.0002,100.0,518.67,641.83,1583.05,1396.51,14.62,21.59,555.05,2387.99,9046.24,1.3,47.18,521.94,2387.95,8134.21,8.399,0.03,392,2388,100.0,38.88,23.3412
6,47,-0.001,-0.0001,100.0,518.67,642.59,1581.54,1396.09,14.62,21.58,554.5,2387.97,9050.39,1.3,47.08,522.18,2388.0,8139.98,8.3923,0.03,390,2388,100.0,39.22,23.3028
6,48,-0.001,-0.0003,100.0,518.67,642.25,1590.7,1392.97,14.62,21.59,555.02,2387.98,9057.67,1.3,47.26,522.29,2388.01,8141.07,8.3794,0.03,390,2388,100.0,39.18,23.5015
6,49,0.0021,0.0001,100.0,518.67,642.3,1586.39,1394.5,14.62,21.58,554.19,2387.91,9051.59,1.3,47.06,522.42,2387.93,8137.89,8.3727,0.03,392,2388,100.0,38.99,23.3357
6,50,0.0011,-0.0005,100.0,518.67,641.91,1582.13,1398.52,14.62,21.59,555.19,2388.0,9056.85,1.3,47.14,522.3,2388.01,8137.33,8.395,0.03,393,2388,100.0,39.23,23.3934
6,51,-0.0003,-0.0003,100.0,518.67,641.64,1578.68,1393.37,14.62,21.59,554.08,2387.99,9052.59,1.3,47.02,522.76,2388.01,8135.39,8.3615,0.03,392,2388,100.0,39.04,23.2334
6,52,-0.0016,-0.0003,100.0,518.67,641.63,1577.8,1386.51,14.62,21.58,553.77,2387.99,9040.55,1.3,47.05,521.91,2387.95,8130.16,8.4053,0.03,391,2388,100.0,39.03,23.4327
6,53,0.0002,0.0002,100.0,518.67,641.95,1588.59,1396.03,14.62,21.58,554.5,2387.95,9054.83,1.3,47.14,521.72,2387.92,8136.27,8.3692,0.03,390,2388,100.0,38.82,23.4068
6,54,-0.0008,0.0,100.0,518.67,642.23,1582.28,1392.45,14.62,21.59,554.52,2388.0,9049.09,1.3,47.13,522.14,2388.01,8136.23,8.3859,0.03,392,2388,100.0,39.07,23.4858
6,55,0.0019,-0.0002,100.0,518.67,642.14,1582.94,1400.93,14.62,21.58,554.82,2387.97,9052.47,1.3,47.1,522.2,2387.98,8138.25,8.3915,0.03,392,2388,100.0,38.99,23.4224
6,56,0.0001,-0.0005,100.0,518.67,641.82,1588.15,1397.12,14.62,21.58,553.66,2388.05,9057.3,1.3,47.14,522.56,2388.03,8132.33,8.4048,0.03,392,2388,100.0,38.96,23.3568
6,57,0.0007,0.0001,100.0,518.67,641.98,1581.77,1391.68,14.62,21.59,554.8,2388.0,9052.36,1.3,47.19,522.95,2387.98,8135.0,8.3818,0.03,390,2388,100.0,39.18,23.3913
6,58,0.0009,-0.0004,100.0,518.67,642.1,1589.83,1400.86,14.62,21.58,554.13,2387.99,9056.29,1.3,47.11,522.19,2387.97,8136.16,8.3743,0.03,392,2388,100.0,39.05,23.4651
6,59,-0.0033,0.0003,100.0,518.67,642.4,1582.81,1403.77,14.62,21.58,554.03,2387.99,9050.8,1.3,47.03,521.92,2387.92,8130.61,8.3787,0.03,391,2388,100.0,39.19,23.4687
6,60,0.0004,0.0,100.0,518.67,642.18,1584.56,1396.9,14.62,21.58,554.55,2388.02,9051.99,1.3,47.17,522.53,2388.0,8133.02,8.3697,0.03,391,2388,100.0,39.16,23.4857
6,61,-0.0006,0.0003,100.0,518.67,642.16,1580.68,1392.6,14.62,21.59,554.36,2388.0,9055.04,1.3,47.13,522.62,2387.95,8143.26,8.4176,0.03,392,2388,100.0,39.35,23.4878
6,62,-0.0032,-0.0,100.0,518.67,642.45,1581.32,1396.38,14.62,21.58,554.32,2387.96,9047.09,1.3,47.17,522.13,2387.95,8138.8,8.3734,0.03,392,2388,100.0,39.0,23.507
6,63,-0.0009,-0.0003,100.0,518.67,641.63,1588.51,1393.03,14.62,21.58,554.85,2387.94,9053.4,1.3,47.16,522.16,2388.04,8138.29,8.3714,0.03,392,2388,100.0,39.03,23.5156
6,64,0.0013,0.0004,100.0,518.67,642.33,1587.03,1395.73,14.62,21.58,555.01,2388.01,9047.37,1.3,47.08,522.04,2388.01,8137.44,8.3714,0.03,391,2388,100.0,39.1,23.3821
6,65,0.0012,0.0002,100.0,518.67,642.66,1584.93,1402.8,14.62,21.59,554.81,2387.99,9051.81,1.3,47.09,522.81,2387.94,8141.98,8.3786,0.03,391,2388,100.0,39.07,23.415
6,66,0.0008,-0.0004,100.0,518.67,642.02,1580.88,1399.79,14.62,21.59,554.93,2387.98,9057.02,1.3,47.2,522.67,2387.97,8132.5,8.3358,0.03,391,2388,100.0,39.04,23.4534
6,67,-0.0008,-0.0002,100.0,518.67,641.84,1583.56,1397.96,14.62,21.58,553.45,2387.98,9047.21,1.3,46.99,522.09,2387.93,8139.02,8.3644,0.03,392,2388,100.0,39.1,23.4394
6,68,-0.0003,-0.0003,100.0,518.67,641.72,1584.36,1395.62,14.62,21.58,553.43,2387.98,9053.94,1.3,47.17,521.88,2388.03,8134.03,8.3879,0.03,393,2388,100.0,38.93,23.4007
6,69,-0.0027,0.0004,100.0,518.67,642.04,1583.71,1388.68,14.62,21.59,554.46,2387.98,9054.18,1.3,47.05,522.1,2387.96,8133.32,8.3685,0.03,391,2388,100.0,39.14,23.2683
6,70,0.0049,0.0004,100.0,518.67,642.67,1589.08,1386.28,14.62,21.59,554.59,2388.01,9051.64,1.3,47.01,522.34,2388.04,8139.68,8.3861,0.03,391,2388,100.0,38.9,23.4292
6,71,-0.0008,0.0003,100.0,518.67,641.73,1583.15,1401.54,14.62,21.58,554.89,2388.03,9045.67,1.3,47.2,522.3,2387.96,8134.32,8.3538,0.03,390,2388,100.0,39.05,23.3818
6,72,0.0022,-0.0002,100.0,518.67,641.41,1585.65,1401.9,14.62,21.58,554.42,2387.99,9050.57,1.3,47.05,522.55,2387.96,8139.74,8.3495,0.03,391,2388,100.0,38.94,23.4718
6,73,-0.0039,-0.0004,100.0,518.67,641.87,1589.33,1393.31,14.62,21.58,553.71,2387.99,9049.61,1.3,47.1,521.82,2388.0,8135.09,8.3554,0.03,393,2388,100.0,39.03,23.4052
6,74,0.0054,0.0003,100.0,518.67,642.11,1576.1,1396.0,14.62,21.58,554.05,2387.95,9052.5,1.3,47.04,522.2,2387.94,8133.49,8.3713,0.03,392,2388,100.0,38.96,23.4262
6,75,-0.001,-0.0,100.0,518.67,641.81,1585.57,1395.82,14.62,21.58,554.77,2387.97,9054.58,1.3,47.25,521.94,2388.0,8134.24,8.3553,0.03,390,2388,100.0,38.97,23.4113
6,76,0.0023,-0.0001,100.0,518.67,642.2,1585.78,1397.07,14.62,21.59,554.88,2388.01,9057.02,1.3,47.15,522.53,2387.99,8139.36,8.3901,0.03,392,2388,100.0,38.97,23.5015
6,77,-0.0004,0.0,100.0,518.67,642.36,1582.31,1394.23,14.62,21.59,555.51,2388.04,9061.23,1.3,47.23,522.71,2387.96,8134.73,8.3815,0.03,393,2388,100.0,39.07,23.4696
6,78,-0.0007,0.0005,100.0,518.67,641.56,1579.65,1404.02,14.62,21.59,555.24,2388.03,9054.4,1.3,47.18,522.26,2387.98,8142.98,8.3704,0.03,390,2388,100.0,39.18,23.5344
6,79,-0.0012,0.0,100.0,518.67,641.77,1584.06,1396.3,14.62,21.59,554.68,2388.01,9055.13,1.3,47.04,522.81,2388.03,8133.69,8.3636,0.03,390,2388,100.0,38.96,23.4652
6,80,-0.0006,-0.0004,100.0,518.67,641.83,1588.29,1395.41,14.62,21.58,553.65,2388.0,9056.9,1.3,47.16,522.0,2388.02,8138.49,8.3434,0.03,391,2388,100.0,39.08,23.5011
6,81,-0.0018,-0.0003,100.0,518.67,642.54,1583.47,1396.42,14.62,21.59,554.89,2388.07,9060.61,1.3,47.18,522.59,2387.98,8136.42,8.3903,0.03,391,2388,100.0,38.95,23.538
6,82,0.0009,0.0004,100.0,518.67,642.27,1584.57,1393.85,14.62,21.59,555.02,2388.01,9056.55,1.3,47.1,522.57,2388.04,8142.04,8.3734,0.03,392,2388,100.0,39.15,23.3541
6,83,-0.0034,0.0003,100.0,518.67,642.19,1581.28,1393.67,14.62,21.58,554.3,2388.04,9047.63,1.3,47.15,522.07,2387.99,8136.69,8.3671,0.03,390,2388,100.0,38.99,23.3429
6,84,-0.002,0.0003,100.0,518.67,641.92,1586.91,1396.11,14.62,21.58,554.37,2388.0,9052.7,1.3,47.14,521.9,2387.99,8135.16,8.3856,0.03,391,2388,100.0,39.05,23.3667
6,85,0.0037,-0.0001,100.0,518.67,642.19,1583.11,1392.84,14.62,21.59,554.85,2387.99,9056.31,1.3,47.17,522.36,2387.98,8136.22,8.4267,0.03,390,2388,100.0,39.09,23.4964
6,86,0.0023,0.0005,100.0,518.67,641.55,1584.72,1391.77,14.62,21.59,554.95,2388.0,9056.14,1.3,47.1,522.35,2387.99,8141.27,8.3839,0.03,390,2388,100.0,38.98,23.5338
6,87,-0.0,0.0003,100.0,518.67,642.13,1585.05,1392.73,14.62,21.58,554.97,2388.05,9059.24,1.3,47.2,522.49,2387.99,8134.83,8.3674,0.03,392,2388,100.0,39.17,23.4498
6,88,0.0023,-0.0004,100.0,518.67,642.27,1587.05,1391.25,14.62,21.59,555.35,2388.0,9051.62,1.3,47.18,522.96,2388.06,8137.55,8.3557,0.03,391,2388,100.0,39.21,23.44
6,89,-0.0043,-0.0004,100.0,518.67,641.54,1581.4,1401.99,14.62,21.59,554.92,2388.02,9056.77,1.3,47.32,522.55,2387.96,8133.75,8.3652,0.03,389,2388,100.0,39.23,23.5043
6,90,0.0026,0.0002,100.0,518.67,642.1,1581.61,1400.29,14.62,21.59,555.04,2388.0,9053.4,1.3,47.05,522.38,2387.96,8140.49,8.3581,0.03,391,2388,100.0,38.97,23.4985
6,91,0.0068,-0.0001,100.0,518.67,642.11,1582.21,1394.22,14.62,21.58,554.22,2388.01,9057.35,1.3,47.23,522.56,2387.97,8137.17,8.3811,0.03,391,2388,100.0,39.09,23.3861
6,92,-0.0011,0.0001,100.0,518.67,642.15,1578.84,1397.18,14.62,21.58,554.8,2388.0,9053.96,1.3,47.19,522.66,2387.96,8143.91,8.3442,0.03,391,2388,100.0,39.0,23.3775
6,93,0.0004,0.0005,100.0,518.67,642.1,1579.04,1395.85,14.62,21.58,554.54,2387.99,9055.81,1.3,47.09,522.58,2387.99,8140.66,8.3702,0.03,392,2388,100.0,38.97,23.3437
6,94,-0.0005,0.0002,100.0,518.67,642.23,1586.03,1391.61,14.62,21.58,554.74,2388.03,9046.24,1.3,47.07,522.71,2388.02,8135.55,8.3615,0.03,390,2388,100.0,39.08,23.4045
6,95,-0.0005,0.0002,100.0,518.67,642.02,1581.09,1392.88,14.62,21.58,555.12,2388.0,9051.49,1.3,47.14,522.38,2387.97,8135.58,8.3634,0.03,391,2388,100.0,39.01,23.4364
6,96,-0.0011,0.0005,100.0,518.67,642.26,1584.68,1397.61,14.62,21.58,554.05,2388.02,9052.58,1.3,47.22,522.14,2387.96,8131.67,8.3563,0.03,391,2388,100.0,39.09,23.5028
6,97,-0.0018,-0.0002,100.0,518.67,642.11,1585.07,1398.02,14.62,21.58,553.94,2387.94,9049.79,1.3,47.2,522.48,2387.98,8143.1,8.3961,0.03,391,2388,100.0,38.92,23.5439
6,98,-0.0014,-0.0005,100.0,518.67,641.83,1581.97,1392.69,14.62,21.58,554.55,2388.03,9050.73,1.3,47.19,521.95,2387.97,8141.04,8.3543,0.03,391,2388,100.0,38.99,23.5932
6,99,-0.0025,-0.0,100.0,518.67,641.78,1587.82,1392.85,14.62,21.59,554.69,2387.96,9052.35,1.3,47.2,522.84,2387.96,8134.79,8.378,0.03,391,2388,100.0,39.21,23.436
6,100,0.0014,0.0004,100.0,518.67,642.16,1582.14,1394.76,14.62,21.59,554.87,2388.01,9051.13,1.3,47.25,523.06,2387.99,8138.17,8.3597,0.03,391,2388,100.0,39.09,23.5044
6,101,-0.0009,0.0002,100.0,518.67,641.62,1590.21,1395.69,14.62,21.58,554.07,2388.04,9052.97,1.3,47.19,522.98,2387.99,8139.55,8.3744,0.03,391,2388,100.0,38.9,23.5543
6,102,-0.0003,-0.0003,100.0,518.67,642.17,1583.3,1397.8,14.62,21.58,554.9,2387.99,9058.56,1.3,47.05,522.6,2388.03,8138.34,8.3642,0.03,389,2388,100.0,39.15,23.4818
6,103,-0.0013,-0.0004,100.0,518.67,641.99,1581.85,1396.56,14.62,21.58,555.01,2387.98,9054.93,1.3,47.27,522.62,2388.02,8141.57,8.3696,0.03,392,2388,100.0,38.86,23.4308
6,104,-0.0023,-0.0001,100.0,518.67,642.31,1587.94,1395.38,14.62,21.59,554.77,2388.0,9055.81,1.3,47.32,523.07,2388.05,8139.75,8.3769,0.03,392,2388,100.0,39.14,23.4264
6,105,-0.0023,-0.0001,100.0,518.67,641.94,1590.32,1400.7,14.62,21.59,554.62,2388.01,9063.92,1.3,47.31,522.46,2387.95,8134.84,8.3942,0.03,392,2388,100.0,38.92,23.3763
6,106,-0.0001,0.0002,100.0,518.67,642.24,1583.24,1389.11,14.62,21.58,554.54,2387.95,9049.54,1.3,47.49,522.68,2387.98,8137.83,8.3899,0.03,391,2388,100.0,39.08,23.381
6,107,-0.001,-0.0003,100.0,518.67,642.19,1584.11,1391.8,14.62,21.59,555.42,2387.99,9054.83,1.3,47.02,523.04,2388.01,8144.32,8.3649,0.03,391,2388,100.0,39.15,23.4571
6,108,0.0036,0.0002,100.0,518.67,641.95,1587.33,1400.1,14.62,21.59,554.81,2388.01,9051.07,1.3,47.22,522.71,2387.99,8139.54,8.3623,0.03,391,2388,100.0,39.01,23.4833
6,109,-0.0019,-0.0001,100.0,518.67,642.58,1585.79,1399.67,14.62,21.58,554.54,2388.02,9050.59,1.3,47.16,523.4,2387.98,8136.94,8.3945,0.03,392,2388,100.0,39.09,23.4299
6,110,0.0034,-0.0002,100.0,518.67,642.05,1585.42,1394.59,14.62,21.58,555.19,2388.02,9050.61,1.3,47.36,522.48,2387.99,8136.27,8.363,0.03,390,2388,100.0,39.16,23.4204
6,111,-0.0005,0.0001,100.0,518.67,642.04,1578.28,1393.94,14.62,21.58,555.14,2388.03,9057.84,1.3,47.05,522.23,2387.98,8136.95,8.3744,0.03,390,2388,100.0,38.87,23.3365
6,112,0.0015,0.0004,100.0,518.67,642.28,1584.47,1400.3,14.62,21.58,554.83,2388.01,9058.52,1.3,47.24,522.59,2388.01,8139.57,8.3726,0.03,391,2388,100.0,39.2,23.4113
6,113,-0.0005,0.0002,100.0,518.67,642.27,1587.62,1389.12,14.62,21.59,555.4,2387.99,9057.08,1.3,47.25,522.9,2388.02,8140.53,8.3868,0.03,391,2388,100.0,39.01,23.4584
6,114,0.0016,-0.0005,100.0,518.67,641.97,1578.94,1396.35,14.62,21.58,554.49,2388.01,9055.55,1.3,47.03,522.36,2388.0,8137.51,8.3401,0.03,393,2388,100.0,38.96,23.4735
6,115,0.0001,0.0002,100.0,518.67,642.28,1587.55,1397.74,14.62,21.58,554.52,2387.94,9049.81,1.3,47.25,522.49,2388.02,8134.75,8.3812,0.03,391,2388,100.0,38.94,23.3945
6,116,0.0008,0.0002,100.0,518.67,641.82,1585.67,1399.15,14.62,21.58,554.43,2388.0,9057.87,1.3,47.36,522.39,2388.03,8136.35,8.422,0.03,391,2388,100.0,39.08,23.4141
6,117,-0.0005,-0.0002,100.0,518.67,641.9,1583.34,1403.51,14.62,21.58,554.76,2388.0,9058.2,1.3,47.19,523.11,2388.0,8138.93,8.4101,0.03,391,2388,100.0,39.13,23.396
6,118,-0.0005,-0.0,100.0,518.67,641.49,1585.19,1397.66,14.62,21.58,554.81,2388.0,9050.19,1.3,47.2,522.91,2387.96,8138.43,8.3501,0.03,392,2388,100.0,39.07,23.4481
6,119,0.0004,-0.0002,100.0,518.67,642.16,1586.95,1388.99,14.62,21.58,554.34,2387.99,9062.76,1.3,47.09,522.96,2388.01,8139.9,8.3622,0.03,392,2388,100.0,38.98,23.4332
6,120,-0.0005,0.0001,100.0,518.67,642.15,1582.75,1396.9,14.62,21.58,555.46,2388.04,9060.04,1.3,47.23,523.38,2388.03,8141.3,8.3553,0.03,391,2388,100.0,38.97,23.3858
6,121,-0.002,0.0002,100.0,518.67,642.42,1581.85,1394.33,14.62,21.59,555.41,2388.04,9055.99,1.3,47.03,523.45,2387.99,8141.15,8.3591,0.03,391,2388,100.0,39.12,23.4609
6,122,0.0008,0.0004,100.0,518.67,642.61,1586.22,1397.29,14.62,21.59,554.93,2388.0,9058.58,1.3,47.2,522.98,2388.02,8139.26,8.3684,0.03,391,2388,100.0,39.15,23.431
6,123,-0.0016,0.0,100.0,518.67,642.12,1575.77,1386.55,14.62,21.58,553.99,2388.04,9053.34,1.3,47.17,522.59,2387.97,8143.67,8.3911,0.03,392,2388,100.0,38.86,23.4715
6,124,-0.0026,0.0001,100.0,518.67,642.49,1586.49,1403.06,14.62,21.58,555.59,2388.02,9051.09,1.3,47.15,523.04,2388.04,8140.51,8.3905,0.03,392,2388,100.0,39.07,23.3684
6,125,-0.0014,0.0002,100.0,518.67,641.55,1583.09,1397.73,14.62,21.58,554.7,2387.98,9054.05,1.3,47.06,523.09,2388.01,8141.0,8.3808,0.03,391,2388,100.0,39.1,23.4649
6,126,-0.0006,0.0003,100.0,518.67,642.11,1582.06,1396.17,14.62,21.58,555.03,2388.0,9051.91,1.3,47.05,522.77,2388.03,8142.5,8.3881,0.03,393,2388,100.0,39.0,23.3846
6,127,-0.0016,0.0003,100.0,518.67,642.52,1579.44,1404.81,14.62,21.58,555.09,2388.05,9058.39,1.3,47.21,522.75,2388.01,8141.41,8.361,0.03,390,2388,100.0,38.96,23.4659
6,128,0.0021,0.0005,100.0,518.67,642.18,1583.36,1391.75,14.62,21.58,555.13,2388.05,9058.3,1.3,47.11,523.5,2388.05,8136.67,8.3794,0.03,390,2388,100.0,39.2,23.4103
6,129,0.0001,-0.0002,100.0,518.67,642.21,1587.08,1390.05,14.62,21.58,554.91,2388.03,9063.16,1.3,47.35,522.5,2387.98,8136.68,8.3758,0.03,391,2388,100.0,38.96,23.4895
6,130,-0.0003,-0.0002,100.0,518.67,641.84,1587.0,1396.31,14.62,21.58,555.37,2388.04,9068.12,1.3,47.04,523.4,2388.01,8143.07,8.3951,0.03,392,2388,100.0,39.13,23.4203
6,131,0.0026,-0.0001,100.0,518.67,641.62,1581.65,1394.38,14.62,21.58,555.18,2388.01,9056.93,1.3,47.26,522.88,2387.98,8135.05,8.3429,0.03,392,2388,100.0,38.94,23.4155
6,132,-0.0012,0.0002,100.0,518.67,642.11,1577.28,1400.77,14.62,21.58,555.24,2388.02,9055.96,1.3,47.09,522.63,2387.98,8141.48,8.4146,0.03,392,2388,100.0,39.0,23.4629
6,133,-0.0027,0.0005,100.0,518.67,642.0,1582.74,1402.46,14.62,21.58,554.87,2387.99,9055.29,1.3,47.04,523.09,2387.99,8134.2,8.3335,0.03,390,2388,100.0,38.97,23.4344
6,134,0.0003,0.0002,100.0,518.67,641.94,1583.72,1394.86,14.62,21.58,555.43,2388.0,9054.99,1.3,47.12,522.81,2388.03,8139.41,8.4038,0.03,392,2388,100.0,39.12,23.3998
6,135,-0.0065,0.0004,100.0,518.67,642.48,1587.89,1399.25,14.62,21.58,555.31,2387.99,9059.18,1.3,47.19,522.75,2388.03,8143.92,8.3707,0.03,390,2388,100.0,39.07,23.4279
6,136,0.0015,-0.0004,100.0,518.67,642.26,1577.09,1394.05,14.62,21.58,554.55,2387.99,9063.21,1.3,47.05,522.57,2388.0,8145.84,8.3663,0.03,392,2388,100.0,39.06,23.4428
6,137,0.0007,-0.0,100.0,518.67,641.39,1577.36,1398.32,14.62,21.58,555.55,2388.03,9064.12,1.3,47.07,522.78,2387.94,8139.14,8.3714,0.03,389,2388,100.0,39.09,23.4155
6,138,-0.0016,-0.0001,100.0,518.67,641.61,1586.34,1401.39,14.62,21.58,555.11,2388.03,9055.1,1.3,47.14,522.84,2388.03,8139.21,8.3743,0.03,392,2388,100.0,38.96,23.5409
6,139,-0.0009,0.0005,100.0,518.67,642.33,1582.7,1392.27,14.62,21.58,556.39,2388.07,9060.88,1.3,47.19,523.5,2388.07,8144.79,8.3694,0.03,394,2388,100.0,39.26,23.4287
6,140,0.0,-0.0001,100.0,518.67,642.0,1588.63,1402.03,14.62,21.58,554.8,2388.0,9056.92,1.3,47.15,523.23,2388.05,8138.27,8.3904,0.03,392,2388,100.0,39.12,23.3757
6,141,-0.0021,-0.0004,100.0,518.67,642.03,1587.42,1397.29,14.62,21.58,555.44,2388.0,9055.5,1.3,47.33,523.75,2388.07,8141.68,8.3746,0.03,391,2388,100.0,39.2,23.5557
6,142,0.0028,0.0002,100.0,518.67,641.85,1587.01,1397.25,14.62,21.59,555.07,2388.02,9058.65,1.3,47.24,523.16,2388.06,8143.2,8.331,0.03,392,2388,100.0,39.1,23.4096
6,143,0.0043,0.0002,100.0,518.67,641.88,1583.77,1397.75,14.62,21.59,555.57,2388.05,9059.84,1.3,47.25,522.96,2388.08,8146.1,8.3912,0.03,392,2388,100.0,39.08,23.5167
6,144,-0.0022,-0.0005,100.0,518.67,641.89,1585.66,1393.52,14.62,21.58,556.31,2388.0,9053.92,1.3,47.24,523.12,2388.05,8138.5,8.3703,0.03,391,2388,100.0,38.9,23.5316
6,145,0.0024,0.0,100.0,518.67,641.88,1586.99,1401.73,14.62,21.58,555.5,2388.05,9061.07,1.3,47.18,523.48,2388.03,8140.81,8.364,0.03,391,2388,100.0,39.1,23.527
6,146,-0.0003,-0.0001,100.0,518.67,641.68,1574.23,1392.77,14.62,21.58,555.44,2388.05,9043.47,1.3,47.16,522.76,2388.08,8138.13,8.3629,0.03,392,2388,100.0,39.23,23.4913
6,147,0.0008,0.0,100.0,518.67,641.84,1588.31,1400.8,14.62,21.58,555.44,2388.03,9054.63,1.3,47.27,523.65,2388.08,8134.07,8.3378,0.03,391,2388,100.0,39.24,23.491
6,148,0.0014,0.0002,100.0,518.67,641.92,1582.86,1400.02,14.62,21.59,556.22,2388.09,9067.72,1.3,47.21,524.35,2388.06,8143.66,8.3176,0.03,391,2388,100.0,39.07,23.4153
6,149,0.0011,-0.0003,100.0,518.67,642.5,1586.55,1396.75,14.62,21.58,555.76,2388.02,9058.32,1.3,47.14,524.25,2388.06,8142.96,8.3513,0.03,392,2388,100.0,39.17,23.46
6,150,-0.0011,0.0,100.0,518.67,642.23,1587.43,1400.96,14.62,21.58,555.34,2387.99,9058.82,1.3,46.99,523.28,2388.05,8140.03,8.3339,0.03,391,2388,100.0,39.3,23.4953
6,151,0.0024,-0.0,100.0,518.67,642.02,1595.36,1401.93,14.62,21.58,555.72,2388.02,9056.39,1.3,47.23,523.63,2388.05,8136.81,8.3825,0.03,392,2388,100.0,39.29,23.4158
6,152,-0.0017,0.0003,100.0,518.67,642.46,1584.51,1396.33,14.62,21.58,555.95,2388.04,9063.13,1.3,47.22,523.7,2388.03,8143.0,8.3489,0.03,391,2388,100.0,39.07,23.4492
6,153,-0.0026,-0.0002,100.0,518.67,641.77,1578.9,1396.72,14.62,21.58,555.84,2388.03,9060.13,1.3,47.24,523.72,2388.02,8141.67,8.3502,0.03,393,2388,100.0,38.97,23.3896
6,154,-0.0001,0.0004,100.0,518.67,642.25,1593.92,1404.44,14.62,21.58,555.84,2388.02,9057.62,1.3,47.28,523.75,2388.0,8141.05,8.381,0.03,391,2388,100.0,39.13,23.5021
6,155,-0.0001,0.0001,100.0,518.67,641.96,1579.81,1395.29,14.62,21.58,556.2,2387.98,9062.86,1.3,47.18,523.18,2387.99,8139.67,8.3121,0.03,392,2388,100.0,39.08,23.5281
6,156,0.0007,0.0005,100.0,518.67,642.16,1587.43,1401.04,14.62,21.59,556.26,2388.05,9056.8,1.3,47.3,523.54,2388.03,8147.28,8.3687,0.03,393,2388,100.0,39.18,23.4654
6,157,0.0008,-0.0,100.0,518.67,642.05,1590.87,1402.0,14.62,21.59,556.14,2388.01,9068.28,1.3,47.09,524.29,2388.01,8142.27,8.3723,0.03,392,2388,100.0,39.11,23.5425
6,158,-0.003,0.0004,100.0,518.67,642.22,1579.71,1400.93,14.62,21.59,556.44,2388.07,9059.77,1.3,47.09,523.81,2388.02,8139.25,8.3463,0.03,391,2388,100.0,39.12,23.5008
6,159,-0.0003,-0.0003,100.0,518.67,641.86,1580.02,1392.31,14.62,21.58,555.75,2388.04,9062.93,1.3,47.32,523.52,2388.01,8142.4,8.3463,0.03,391,2388,100.0,39.09,23.4786
6,160,0.0004,0.0003,100.0,518.67,642.12,1588.78,1397.69,14.62,21.59,555.51,2388.0,9060.59,1.3,47.22,523.31,2388.06,8144.01,8.3587,0.03,390,2388,100.0,39.09,23.4093
6,161,-0.0028,0.0004,100.0,518.67,642.67,1584.19,1398.19,14.62,21.58,555.76,2388.02,9064.3,1.3,47.26,523.7,2388.07,8140.04,8.3818,0.03,392,2388,100.0,38.98,23.5669
6,162,0.0037,0.0002,100.0,518.67,642.39,1585.46,1393.02,14.62,21.58,555.05,2387.98,9061.45,1.3,47.26,523.16,2388.01,8140.0,8.3546,0.03,392,2388,100.0,39.13,23.4029
6,163,0.0001,-0.0001,100.0,518.67,641.8,1594.52,1399.46,14.62,21.59,555.7,2388.03,9063.71,1.3,47.34,523.82,2388.06,8143.76,8.3878,0.03,392,2388,100.0,39.24,23.4685
6,164,0.0017,0.0002,100.0,518.67,642.34,1585.84,1400.66,14.62,21.59,556.8,2388.07,9061.38,1.3,47.14,524.38,2388.09,8146.19,8.354,0.03,394,2388,100.0,39.27,23.4883
6,165,-0.0002,0.0005,100.0,518.67,641.81,1578.57,1399.3,14.62,21.58,555.48,2388.03,9058.08,1.3,47.08,523.62,2388.04,8141.6,8.3418,0.03,391,2388,100.0,39.12,23.4685
6,166,0.0029,0.0003,100.0,518.67,642.7,1579.7,1398.42,14.62,21.59,556.16,2388.12,9064.2,1.3,47.31,524.55,2388.04,8140.31,8.3761,0.03,393,2388,100.0,39.14,23.4493
6,167,-0.0024,-0.0003,100.0,518.67,641.59,1586.47,1403.99,14.62,21.58,554.93,2388.02,9066.58,1.3,47.28,523.3,2388.04,8142.96,8.3582,0.03,392,2388,100.0,39.2,23.4078
6,168,-0.004,0.0005,100.0,518.67,641.9,1589.11,1398.41,14.62,21.58,556.55,2388.07,9064.76,1.3,47.21,524.02,2388.03,8139.17,8.3876,0.03,391,2388,100.0,39.03,23.4518
6,169,0.0003,0.0002,100.0,518.67,642.23,1585.33,1400.38,14.62,21.59,555.79,2388.08,9052.67,1.3,47.28,524.03,2388.1,8145.81,8.3664,0.03,390,2388,100.0,39.0,23.548
6,170,-0.0018,-0.0003,100.0,518.67,642.63,1586.8,1398.95,14.62,21.59,556.25,2388.07,9064.21,1.3,47.3,523.96,2388.06,8146.6,8.3539,0.03,392,2388,100.0,39.15,23.4196
6,171,-0.0012,-0.0002,100.0,518.67,642.48,1579.42,1397.38,14.62,21.58,556.33,2388.05,9059.18,1.3,47.29,524.04,2388.01,8142.07,8.3831,0.03,390,2388,100.0,39.03,23.5653
6,172,-0.0015,-0.0004,100.0,518.67,641.6,1583.27,1403.36,14.62,21.58,556.44,2388.04,9070.15,1.3,47.28,524.6,2388.07,8146.4,8.3735,0.03,391,2388,100.0,39.11,23.4669
6,173,-0.0027,0.0,100.0,518.67,642.61,1592.57,1402.23,14.62,21.59,556.75,2388.05,9059.88,1.3,47.26,523.99,2388.03,8150.07,8.3526,0.03,392,2388,100.0,38.99,23.502
6,174,-0.0037,-0.0001,100.0,518.67,642.41,1582.74,1400.07,14.62,21.59,556.64,2388.07,9060.74,1.3,47.3,524.21,2388.02,8141.99,8.3793,0.03,392,2388,100.0,39.22,23.4296
6,175,-0.0011,-0.0,100.0,518.67,642.32,1583.85,1403.98,14.62,21.58,556.05,2388.08,9066.07,1.3,47.29,524.24,2388.09,8144.2,8.3566,0.03,393,2388,100.0,39.2,23.4516
6,176,-0.0007,-0.0003,100.0,518.67,641.81,1591.37,1400.01,14.62,21.58,555.92,2388.04,9065.53,1.3,47.19,524.35,2388.06,8139.63,8.3434,0.03,393,2388,100.0,39.1,23.595
6,177,0.0006,-0.0002,100.0,518.67,642.11,1585.2,1395.58,14.62,21.58,555.47,2388.09,9054.41,1.3,47.43,524.17,2388.04,8143.57,8.3868,0.03,390,2388,100.0,39.16,23.5515
6,178,-0.0012,0.0003,100.0,518.67,642.34,1587.86,1400.1,14.62,21.59,557.31,2388.04,9052.07,1.3,47.4,523.89,2388.08,8142.95,8.3786,0.03,393,2388,100.0,39.1,23.5024
6,179,0.0021,0.0001,100.0,518.67,642.47,1585.18,1393.63,14.62,21.59,556.82,2388.06,9064.91,1.3,47.26,524.82,2388.07,8151.29,8.3465,0.03,392,2388,100.0,39.24,23.387
6,180,0.0029,0.0004,100.0,518.67,642.52,1589.15,1401.89,14.62,21.58,556.44,2388.0,9060.81,1.3,47.25,524.2,2388.04,8143.93,8.3527,0.03,393,2388,100.0,39.16,23.4968
6,181,0.0012,0.0002,100.0,518.67,642.23,1588.82,1402.61,14.62,21.58,556.53,2388.05,9057.44,1.3,47.54,524.49,2388.06,8146.34,8.3567,0.03,391,2388,100.0,39.11,23.5229
6,182,-0.0,0.0002,100.0,518.67,641.94,1585.91,1402.85,14.62,21.58,555.7,2388.07,9062.98,1.3,47.28,524.78,2388.04,8150.38,8.3384,0.03,393,2388,100.0,39.23,23.4708
6,183,0.0017,-0.0,100.0,518.67,641.9,1587.46,1396.69,14.62,21.59,557.15,2388.12,9069.43,1.3,47.39,524.7,2388.04,8145.95,8.376,0.03,392,2388,100.0,39.38,23.4891
6,184,0.0024,-0.0005,100.0,518.67,642.49,1584.69,1402.73,14.62,21.58,556.4,2388.05,9060.01,1.3,47.24,524.03,2388.09,8138.92,8.3347,0.03,392,2388,100.0,39.17,23.3717
6,185,0.0002,0.0001,100.0,518.67,642.22,1587.81,1406.4,14.62,21.58,557.27,2388.1,9061.04,1.3,47.28,524.11,2388.07,8148.87,8.3707,0.03,391,2388,100.0,39.19,23.5288
6,186,0.0006,-0.0002,100.0,518.67,642.44,1583.9,1404.24,14.62,21.59,556.4,2388.11,9069.98,1.3,47.08,525.05,2388.03,8143.42,8.3515,0.03,392,2388,100.0,39.35,23.5324
6,187,-0.0008,0.0002,100.0,518.67,642.54,1583.38,1403.25,14.62,21.58,557.37,2387.99,9071.42,1.3,47.39,524.83,2388.04,8140.37,8.3287,0.03,392,2388,100.0,39.17,23.5273
6,188,0.003,-0.0002,100.0,518.67,642.0,1585.41,1402.88,14.62,21.58,557.54,2388.13,9063.35,1.31,47.42,524.75,2388.09,8148.85,8.3515,0.03,391,2388,100.0,39.22,23.4322
6,189,0.0017,0.0003,100.0,518.67,642.22,1587.31,1400.73,14.62,21.58,556.95,2388.05,9071.2,1.3,47.22,524.8,2388.11,8145.48,8.3557,0.03,392,2388,100.0,39.22,23.5271
6,190,0.002,0.0002,100.0,518.67,642.66,1590.55,1398.4,14.62,21.59,557.33,2388.1,9071.49,1.3,47.5,525.29,2388.08,8152.01,8.338,0.03,391,2388,100.0,39.16,23.5252
6,191,-0.0025,0.0004,100.0,518.67,641.89,1587.22,1398.88,14.62,21.58,557.78,2388.1,9067.22,1.3,47.17,524.93,2388.09,8148.22,8.3437,0.03,393,2388,100.0,39.17,23.4901
6,192,-0.0036,0.0003,100.0,518.67,642.05,1583.65,1409.01,14.62,21.59,557.94,2388.12,9065.91,1.3,47.48,525.66,2388.11,8154.28,8.3499,0.03,391,2388,100.0,39.19,23.4944
6,193,0.0005,0.0003,100.0,518.67,642.24,1588.93,1410.61,14.62,21.58,557.39,2388.06,9068.0,1.3,47.37,525.48,2388.03,8147.22,8.3682,0.03,394,2388,100.0,39.18,23.5021
6,194,-0.0003,-0.0004,100.0,518.67,642.35,1585.98,1396.78,14.62,21.58,558.02,2388.08,9066.71,1.3,47.58,525.26,2388.08,8152.91,8.3742,0.03,392,2388,100.0,39.16,23.587
6,195,-0.0001,-0.0004,100.0,518.67,642.45,1596.0,1398.19,14.62,21.59,557.87,2388.14,9076.71,1.3,47.41,525.36,2388.08,8146.37,8.3325,0.03,394,2388,100.0,39.42,23.5435
6,196,0.0013,0.0002,100.0,518.67,642.52,1590.78,1397.64,14.62,21.59,558.02,2388.09,9064.78,1.3,47.48,525.2,2388.07,8147.48,8.3725,0.03,392,2388,100.0,39.41,23.4736
6,197,0.0023,-0.0005,100.0,518.67,643.03,1581.69,1402.83,14.62,21.58,558.27,2388.06,9067.64,1.3,47.24,525.53,2388.12,8148.53,8.3394,0.03,394,2388,100.0,39.27,23.4689
6,198,-0.0,0.0003,100.0,518.67,642.45,1586.71,1404.06,14.62,21.58,557.0,2388.04,9070.83,1.3,47.29,525.29,2388.14,8145.31,8.326,0.03,390,2388,100.0,39.11,23.5351
6,199,0.005,-0.0001,100.0,518.67,642.45,1592.57,1400.02,14.62,21.58,557.52,2388.1,9068.24,1.3,47.53,525.13,2388.12,8152.52,8.3784,0.03,393,2388,100.0,39.25,23.5235
6,200,-0.0003,0.0003,100.0,518.67,642.56,1586.41,1405.8,14.62,21.58,557.12,2388.09,9067.47,1.3,47.18,525.64,2388.17,8150.08,8.3461,0.03,392,2388,100.0,39.12,23.4867
6,201,0.0018,-0.0003,100.0,518.67,642.47,1586.85,1400.88,14.62,21.59,558.12,2388.14,9073.88,1.3,47.31,526.96,2388.11,8154.34,8.337,0.03,392,2388,100.0,39.21,23.5198
6,202,0.0007,-0.0004,100.0,518.67,641.56,1592.45,1405.36,14.62,21.58,557.36,2388.06,9070.02,1.3,47.22,525.45,2388.09,8149.44,8.3383,0.03,393,2388,100.0,39.29,23.5269
6,203,0.0001,0.0001,100.0,518.67,642.35,1585.94,1397.69,14.62,21.58,557.69,2388.16,9073.6,1.3,47.4,525.47,2388.13,8150.57,8.3592,0.03,393,2388,100.0,39.16,23.5477
6,204,-0.0002,-0.0004,100.0,518.67,642.29,1584.06,1403.26,14.62,21.58,558.36,2388.11,9073.88,1.3,47.41,525.99,2388.08,8152.5,8.3369,0.03,393,2388,100.0,39.05,23.5473
6,205,0.0014,-0.0004,100.0,518.67,641.75,1587.44,1397.94,14.62,21.58,557.44,2388.14,9072.59,1.3,47.49,526.16,2388.08,8152.51,8.3286,0.03,393,2388,100.0,39.24,23.5423
6,206,0.0001,0.0004,100.0,518.67,642.45,1584.09,1404.14,14.62,21.58,557.55,2388.14,9069.62,1.3,47.37,525.88,2388.1,8146.45,8.3473,0.03,394,2388,100.0,39.1,23.4855
6,207,-0.0053,0.0001,100.0,518.67,642.76,1580.81,1405.49,14.62,21.59,558.6,2388.2,9067.2,1.3,47.52,526.34,2388.12,8152.44,8.3347,0.03,392,2388,100.0,39.13,23.527
6,208,0.002,0.0004,100.0,518.67,642.55,1592.27,1396.48,14.62,21.58,558.44,2388.17,9069.73,1.31,47.45,526.2,2388.13,8153.15,8.3335,0.03,393,2388,100.0,39.21,23.5621
6,209,0.0016,0.0003,100.0,518.67,642.37,1589.31,1405.01,14.62,21.58,557.67,2388.09,9077.11,1.31,47.3,525.95,2388.11,8148.37,8.3498,0.03,392,2388,100.0,39.12,23.4786
6,210,0.0005,0.0001,100.0,518.67,642.43,1587.7,1402.96,14.62,21.58,558.43,2388.1,9067.19,1.3,47.47,526.08,2388.14,8151.69,8.3725,0.03,393,2388,100.0,39.14,23.5045
6,211,0.0013,-0.0003,100.0,518.67,642.0,1592.99,1397.85,14.62,21.58,558.31,2388.17,9070.16,1.3,47.49,526.12,2388.16,8149.51,8.3465,0.03,392,2388,100.0,39.21,23.4329
6,212,-0.0028,-0.0004,100.0,518.67,641.98,1585.91,1408.52,14.62,21.58,558.71,2388.16,9076.98,1.31,47.42,526.35,2388.16,8150.79,8.3389,0.03,393,2388,100.0,39.17,23.5279
6,213,-0.0046,-0.0,100.0,518.67,642.21,1589.34,1407.4,14.62,21.58,558.29,2388.14,9073.62,1.3,47.39,526.55,2388.09,8142.37,8.3485,0.03,392,2388,100.0,39.18,23.5946
6,214,0.0029,0.0002,100.0,518.67,642.06,1589.66,1415.0,14.62,21.58,558.96,2388.12,9072.97,1.3,47.48,526.31,2388.16,8156.11,8.3569,0.03,394,2388,100.0,39.21,23.5214
6,215,0.0034,-0.0003,100.0,518.67,641.89,1587.63,1407.15,14.62,21.59,559.7,2388.16,9079.32,1.31,47.44,526.72,2388.24,8156.38,8.3398,0.03,391,2388,100.0,39.33,23.4962
6,216,-0.0002,-0.0002,100.0,518.67,642.31,1591.56,1395.2,14.62,21.59,559.31,2388.12,9080.06,1.31,47.36,526.81,2388.19,8153.47,8.3306,0.03,392,2388,100.0,39.2,23.6271
6,217,0.002,0.0004,100.0,518.67,642.08,1601.72,1400.46,14.62,21.58,559.32,2388.19,9073.33,1.31,47.48,526.55,2388.2,8154.41,8.3291,0.03,393,2388,100.0,39.22,23.5963
6,218,-0.0025,0.0003,100.0,518.67,641.95,1587.03,1400.21,14.62,21.58,559.18,2388.14,9070.5,1.3,47.56,527.01,2388.18,8152.26,8.3354,0.03,393,2388,100.0,39.49,23.4353
6,219,0.0024,0.0004,100.0,518.67,642.84,1592.74,1410.24,14.62,21.59,558.78,2388.25,9072.94,1.3,47.41,526.8,2388.16,8151.12,8.3405,0.03,392,2388,100.0,39.33,23.5108
6,220,0.001,0.0005,100.0,518.67,641.97,1591.31,1410.4,14.62,21.59,559.96,2388.13,9082.35,1.31,47.44,527.83,2388.17,8151.04,8.3112,0.03,392,2388,100.0,39.34,23.6415
6,221,-0.005,-0.0001,100.0,518.67,642.27,1585.33,1400.58,14.62,21.59,560.21,2388.23,9078.03,1.31,47.65,528.1,2388.19,8157.02,8.3432,0.03,394,2388,100.0,39.35,23.4332
6,222,0.0013,-0.0003,100.0,518.67,642.39,1589.91,1413.1,14.62,21.58,559.16,2388.15,9079.84,1.31,47.39,527.16,2388.16,8158.13,8.3206,0.03,392,2388,100.0,39.05,23.4896
6,223,0.002,0.0002,100.0,518.67,642.62,1590.16,1405.09,14.62,21.59,559.53,2388.22,9079.14,1.31,47.56,527.13,2388.23,8155.55,8.299,0.03,393,2388,100.0,39.28,23.6047
6,224,0.0012,0.0,100.0,518.67,642.23,1588.5,1407.6,14.62,21.58,559.59,2388.18,9081.51,1.31,47.48,526.8,2388.18,8155.97,8.3091,0.03,391,2388,100.0,39.43,23.6109
6,225,0.0028,0.0001,100.0,518.67,642.81,1591.83,1406.83,14.62,21.59,560.39,2388.18,9071.16,1.31,47.41,528.22,2388.23,8158.26,8.2944,0.03,394,2388,100.0,39.38,23.5804
6,226,-0.0001,-0.0003,100.0,518.67,641.96,1589.24,1409.04,14.62,21.59,559.59,2388.18,9082.1,1.31,47.53,527.57,2388.16,8156.58,8.3446,0.03,391,2388,100.0,39.33,23.5122
6,227,0.002,0.0002,100.0,518.67,642.65,1594.52,1407.49,14.62,21.58,559.33,2388.18,9075.51,1.31,47.52,527.08,2388.17,8156.6,8.2918,0.03,391,2388,100.0,39.26,23.6112
6,228,-0.0023,-0.0002,100.0,518.67,642.96,1591.99,1411.07,14.62,21.58,559.92,2388.17,9074.11,1.31,47.46,527.46,2388.21,8156.2,8.3405,0.03,393,2388,100.0,39.2,23.4644
6,229,-0.0036,0.0001,100.0,518.67,643.0,1585.49,1402.41,14.62,21.59,560.63,2388.23,9086.71,1.31,47.5,528.55,2388.19,8157.75,8.2848,0.03,395,2388,100.0,39.3,23.6354
6,230,-0.0019,-0.0001,100.0,518.67,642.94,1590.18,1407.64,14.62,21.59,560.13,2388.22,9089.26,1.31,47.44,528.12,2388.22,8159.37,8.3273,0.03,395,2388,100.0,39.22,23.599
6,231,-0.0011,-0.0001,100.0,518.67,642.8,1585.23,1406.97,14.62,21.58,560.63,2388.16,9077.9,1.31,47.45,527.87,2388.13,8155.46,8.3259,0.03,394,2388,100.0,39.15,23.6119
6,232,-0.0025,0.0002,100.0,518.67,642.58,1591.63,1401.62,14.62,21.58,560.92,2388.16,9087.17,1.31,47.62,528.47,2388.21,8159.02,8.2995,0.03,395,2388,100.0,39.15,23.6439
6,233,-0.0005,0.0003,100.0,518.67,642.6,1592.15,1407.4,14.62,21.59,560.65,2388.25,9083.61,1.31,47.63,528.62,2388.19,8160.45,8.2846,0.03,395,2388,100.0,39.28,23.6377
6,234,0.005,0.0003,100.0,518.67,642.98,1592.4,1405.8,14.62,21.58,560.3,2388.2,9082.55,1.31,47.38,528.39,2388.2,8160.87,8.3199,0.03,394,2388,100.0,39.13,23.575
6,235,0.0003,0.0004,100.0,518.67,642.89,1598.56,1410.51,14.62,21.59,560.73,2388.23,9081.42,1.31,47.46,528.93,2388.24,8161.43,8.3171,0.03,394,2388,100.0,39.33,23.6382
6,236,0.0019,0.0004,100.0,518.67,642.33,1590.36,1414.81,14.62,21.58,560.84,2388.19,9091.83,1.31,47.77,528.27,2388.22,8158.99,8.2961,0.03,393,2388,100.0,39.18,23.5657
6,237,-0.0017,0.0004,100.0,518.67,643.05,1592.43,1406.37,14.62,21.58,560.85,2388.23,9086.82,1.31,47.71,528.08,2388.23,8160.42,8.299,0.03,394,2388,100.0,39.34,23.5626
6,238,-0.0019,-0.0003,100.0,518.67,642.65,1588.37,1408.14,14.62,21.59,561.71,2388.2,9081.99,1.31,47.68,528.88,2388.21,8165.87,8.2853,0.03,394,2388,100.0,39.39,23.5582
6,239,0.0004,-0.0002,100.0,518.67,642.9,1588.07,1405.54,14.62,21.58,560.98,2388.26,9090.05,1.31,47.67,529.13,2388.22,8156.63,8.3278,0.03,393,2388,100.0,39.24,23.5193
6,240,0.0024,0.0003,100.0,518.67,642.81,1590.79,1410.85,14.62,21.59,561.34,2388.28,9089.5,1.31,47.62,529.36,2388.23,8168.89,8.2751,0.03,392,2388,100.0,39.34,23.6422
6,241,0.0021,0.0004,100.0,518.67,642.65,1597.09,1410.18,14.62,21.59,561.96,2388.22,9088.44,1.31,47.83,529.76,2388.22,8156.3,8.3027,0.03,393,2388,100.0,39.31,23.6494
6,242,-0.0022,0.0003,100.0,518.67,642.46,1589.93,1413.92,14.62,21.59,561.75,2388.23,9085.94,1.31,47.77,529.0,2388.16,8163.67,8.3062,0.03,394,2388,100.0,39.31,23.729
6,243,-0.0014,0.0005,100.0,518.67,642.78,1591.68,1415.12,14.62,21.58,560.73,2388.26,9082.89,1.31,47.74,528.92,2388.28,8164.71,8.2769,0.03,393,2388,100.0,39.29,23.5702
6,244,-0.0031,0.0003,100.0,518.67,642.4,1597.03,1408.15,14.62,21.58,562.15,2388.26,9096.93,1.31,47.56,529.52,2388.27,8170.41,8.3012,0.03,393,2388,100.0,39.24,23.5628
6,245,0.0017,0.0003,100.0,518.67,642.69,1590.37,1413.12,14.62,21.59,562.45,2388.23,9090.71,1.31,47.7,529.53,2388.28,8164.37,8.2673,0.03,395,2388,100.0,39.47,23.6054
6,246,0.0003,-0.0004,100.0,518.67,643.05,1595.33,1415.66,14.62,21.59,562.51,2388.32,9088.05,1.31,47.52,530.13,2388.3,8169.54,8.2752,0.03,395,2388,100.0,39.45,23.6445
6,247,0.003,0.0005,100.0,518.67,643.44,1596.08,1413.84,14.62,21.58,562.55,2388.28,9093.07,1.31,47.58,530.28,2388.26,8166.2,8.2822,0.03,395,2388,100.0,39.46,23.6967
6,248,-0.003,-0.0002,100.0,518.67,642.39,1598.21,1412.7,14.62,21.58,562.49,2388.28,9091.88,1.31,47.59,530.11,2388.33,8167.9,8.3269,0.03,395,2388,100.0,39.36,23.6461
6,249,-0.0024,0.0002,100.0,518.67,642.95,1593.4,1413.41,14.62,21.59,562.75,2388.29,9088.39,1.31,47.44,530.74,2388.33,8168.74,8.3012,0.03,393,2388,100.0,39.37,23.7357
6,250,-0.0005,-0.0002,100.0,518.67,642.72,1597.07,1410.59,14.62,21.58,561.94,2388.29,9096.47,1.31,47.81,529.95,2388.27,8169.79,8.2853,0.03,394,2388,100.0,39.47,23.6468
6,251,-0.0013,0.0003,100.0,518.67,643.15,1599.66,1406.88,14.62,21.59,562.7,2388.32,9090.71,1.31,47.67,530.77,2388.3,8166.12,8.3141,0.03,394,2388,100.0,39.21,23.5623
6,252,0.0006,-0.0001,100.0,518.67,642.87,1590.56,1412.55,14.62,21.58,563.07,2388.35,9095.36,1.31,47.81,530.23,2388.29,8168.89,8.2613,0.03,394,2388,100.0,39.33,23.5537
6,253,-0.0009,0.0002,100.0,518.67,642.82,1594.34,1413.64,14.62,21.58,562.6,2388.31,9099.99,1.31,47.65,530.68,2388.27,8170.78,8.3026,0.03,395,2388,100.0,39.54,23.6718
6,254,-0.0027,-0.0002,100.0,518.67,643.19,1593.72,1417.96,14.62,21.59,563.7,2388.33,9099.52,1.31,47.7,531.67,2388.34,8175.59,8.2849,0.03,395,2388,100.0,39.49,23.6083
6,255,-0.0041,0.0004,100.0,518.67,642.91,1596.34,1419.56,14.62,21.59,563.53,2388.33,9099.21,1.31,47.77,530.66,2388.32,8169.08,8.3161,0.03,395,2388,100.0,39.42,23.704
6,256,0.0002,-0.0003,100.0,518.67,643.44,1598.18,1418.43,14.62,21.59,563.41,2388.28,9098.67,1.31,47.77,531.23,2388.34,8171.19,8.2604,0.03,395,2388,100.0,39.34,23.6583
6,257,-0.0015,0.0002,100.0,518.67,643.3,1590.79,1419.21,14.62,21.58,563.99,2388.32,9097.39,1.31,47.73,531.27,2388.39,8172.34,8.3023,0.03,395,2388,100.0,39.36,23.662
6,258,-0.0015,0.0001,100.0,518.67,643.04,1593.66,1423.32,14.62,21.58,564.24,2388.34,9100.26,1.31,47.67,531.46,2388.36,8173.3,8.2562,0.03,393,2388,100.0,39.43,23.6881
6,259,0.0034,-0.0,100.0,518.67,643.17,1597.1,1414.0,14.62,21.59,564.49,2388.32,9099.36,1.31,47.59,531.97,2388.36,8171.08,8.2516,0.03,394,2388,100.0,39.33,23.6795
6,260,-0.0017,0.0004,100.0,518.67,642.33,1595.58,1412.5,14.62,21.58,563.66,2388.35,9102.51,1.31,47.75,531.76,2388.41,8175.69,8.3026,0.03,395,2388,100.0,39.36,23.8045
6,261,0.0039,0.0,100.0,518.67,642.87,1606.1,1416.69,14.62,21.59,564.47,2388.4,9096.81,1.31,47.89,531.84,2388.29,8179.5,8.257,0.03,396,2388,100.0,39.53,23.7083
6,262,0.0003,0.0001,100.0,518.67,643.15,1597.56,1421.44,14.62,21.59,565.3,2388.44,9101.03,1.31,48.05,533.19,2388.39,8176.98,8.2607,0.03,396,2388,100.0,39.45,23.818
6,263,0.0006,0.0004,100.0,518.67,643.08,1591.12,1425.99,14.62,21.59,564.5,2388.35,9103.82,1.31,47.93,532.97,2388.39,8180.2,8.2807,0.03,395,2388,100.0,39.51,23.7327
6,264,-0.0015,-0.0003,100.0,518.67,643.1,1594.38,1419.66,14.62,21.59,566.39,2388.39,9109.24,1.31,47.82,532.52,2388.41,8177.46,8.2806,0.03,395,2388,100.0,39.55,23.7954
6,265,-0.0013,-0.0002,100.0,518.67,642.67,1606.42,1415.11,14.62,21.59,565.87,2388.45,9107.08,1.31,47.96,533.6,2388.35,8178.36,8.2504,0.03,395,2388,100.0,39.53,23.6741
6,266,0.0011,0.0004,100.0,518.67,643.41,1602.71,1417.23,14.62,21.59,566.28,2388.4,9105.92,1.31,47.92,532.97,2388.42,8177.2,8.2832,0.03,396,2388,100.0,39.44,23.6318
7,1,0.0012,0.0003,100.0,518.67,642.47,1585.36,1391.1,14.62,21.6,554.89,2388.05,9046.72,1.3,47.16,522.58,2388.03,8137.09,8.3629,0.03,391,2388,100.0,39.36,23.5143
7,2,-0.0004,-0.0004,100.0,518.67,641.78,1582.85,1391.1,14.62,21.6,555.3,2388.03,9058.95,1.3,47.03,523.16,2388.07,8142.47,8.3805,0.03,391,2388,100.0,39.02,23.4355
7,3,-0.0023,0.0004,100.0,518.67,641.38,1579.17,1397.36,14.62,21.6,556.02,2387.99,9060.04,1.3,47.23,523.52,2388.01,8139.68,8.3928,0.03,391,2388,100.0,38.96,23.5487
7,4,-0.0013,-0.0002,100.0,518.67,641.9,1579.78,1396.2,14.62,21.6,555.47,2388.0,9061.92,1.3,47.08,523.29,2388.03,8139.69,8.3918,0.03,393,2388,100.0,39.01,23.498
7,5,-0.0013,-0.0005,100.0,518.67,642.24,1583.96,1391.44,14.62,21.6,556.16,2388.01,9060.98,1.3,47.26,522.75,2387.99,8139.5,8.3588,0.03,391,2388,100.0,39.15,23.4506
7,6,0.0013,-0.0003,100.0,518.67,641.41,1578.31,1398.08,14.62,21.61,555.55,2388.11,9060.3,1.3,47.3,523.74,2388.03,8139.94,8.3593,0.03,392,2388,100.0,38.96,23.5265
7,7,0.0009,-0.0001,100.0,518.67,642.57,1583.19,1394.1,14.62,21.6,555.03,2388.0,9055.31,1.3,47.04,523.01,2388.04,8135.39,8.3931,0.03,392,2388,100.0,39.3,23.3694
7,8,-0.003,-0.0005,100.0,518.67,641.96,1583.44,1391.44,14.62,21.6,554.88,2388.02,9067.64,1.3,47.18,523.15,2388.06,8142.42,8.3946,0.03,390,2388,100.0,39.21,23.4868
7,9,-0.0012,-0.0004,100.0,518.67,642.06,1585.29,1398.54,14.62,21.6,555.46,2388.02,9057.54,1.3,47.13,523.03,2388.0,8137.91,8.3844,0.03,389,2388,100.0,38.97,23.4883
7,10,-0.0023,0.0004,100.0,518.67,641.82,1587.72,1390.83,14.62,21.61,554.47,2388.0,9061.3,1.3,47.39,523.22,2388.02,8134.2,8.3759,0.03,391,2388,100.0,39.2,23.3518
7,11,0.0001,-0.0004,100.0,518.67,642.33,1579.41,1397.06,14.62,21.6,555.69,2388.02,9056.13,1.3,47.02,524.2,2388.02,8136.85,8.3667,0.03,392,2388,100.0,39.16,23.5504
7,12,-0.0026,-0.0004,100.0,518.67,641.53,1577.43,1395.67,14.62,21.6,555.09,2388.01,9059.25,1.3,47.2,523.53,2388.04,8138.72,8.3556,0.03,391,2388,100.0,38.99,23.3776
7,13,0.0008,0.0001,100.0,518.67,642.32,1577.32,1401.59,14.62,21.6,555.2,2388.01,9045.93,1.3,47.32,522.98,2387.94,8135.94,8.3729,0.03,392,2388,100.0,39.06,23.5423
7,14,0.0001,-0.0003,100.0,518.67,641.97,1589.14,1395.27,14.62,21.6,555.27,2388.05,9064.07,1.3,47.38,523.6,2388.01,8136.43,8.4197,0.03,391,2388,100.0,39.02,23.4993
7,15,-0.0021,-0.0004,100.0,518.67,642.17,1579.05,1403.3,14.62,21.6,555.19,2388.01,9054.8,1.3,47.08,522.87,2388.04,8137.6,8.3603,0.03,391,2388,100.0,39.11,23.5159
7,16,0.001,0.0003,100.0,518.67,641.37,1583.15,1398.14,14.62,21.6,555.4,2388.05,9048.05,1.3,47.3,523.32,2388.07,8140.45,8.3717,0.03,391,2388,100.0,39.19,23.403
7,17,0.0032,-0.0003,100.0,518.67,642.25,1576.82,1394.16,14.62,21.6,555.76,2388.09,9049.62,1.3,47.14,523.62,2388.01,8137.63,8.4088,0.03,390,2388,100.0,39.17,23.4633
7,18,-0.0018,0.0003,100.0,518.67,642.38,1577.97,1400.32,14.62,21.61,555.25,2387.98,9054.63,1.3,47.29,523.33,2388.0,8144.58,8.3755,0.03,392,2388,100.0,39.18,23.4585
7,19,-0.0008,0.0002,100.0,518.67,641.87,1583.64,1396.53,14.62,21.61,554.97,2387.98,9055.91,1.3,47.36,522.72,2387.98,8139.69,8.3763,0.03,390,2388,100.0,38.93,23.4093
7,20,0.0034,-0.0005,100.0,518.67,642.02,1587.01,1393.59,14.62,21.6,555.57,2388.02,9060.97,1.3,47.2,523.48,2388.05,8134.44,8.3904,0.03,392,2388,100.0,39.08,23.5882
7,21,0.0013,0.0004,100.0,518.67,641.98,1581.14,1392.52,14.62,21.6,555.2,2388.1,9053.59,1.3,47.22,522.87,2387.94,8134.44,8.39,0.03,393,2388,100.0,39.06,23.5279
7,22,0.004,0.0,100.0,518.67,642.15,1587.14,1393.68,14.62,21.61,555.33,2388.03,9055.05,1.3,47.17,523.65,2387.96,8132.48,8.3571,0.03,393,2388,100.0,38.88,23.4418
7,23,0.0023,-0.0002,100.0,518.67,641.89,1591.0,1392.15,14.62,21.61,554.97,2388.04,9063.07,1.3,47.23,522.65,2387.98,8136.84,8.355,0.03,389,2388,100.0,38.87,23.5352
7,24,-0.0007,-0.0003,100.0,518.67,641.47,1587.11,1390.81,14.62,21.6,555.15,2388.01,9057.47,1.3,47.05,523.0,2387.98,8138.69,8.3894,0.03,392,2388,100.0,39.04,23.4688
7,25,-0.0037,0.0002,100.0,518.67,641.89,1585.66,1395.9,14.62,21.6,554.93,2388.05,9057.49,1.3,47.12,523.36,2387.97,8142.68,8.3915,0.03,392,2388,100.0,39.01,23.4302
7,26,-0.0026,-0.0002,100.0,518.67,641.55,1580.67,1400.43,14.62,21.6,555.56,2387.98,9060.42,1.3,47.5,523.58,2388.05,8144.49,8.3947,0.03,391,2388,100.0,39.14,23.5041
7,27,0.0056,0.0001,100.0,518.67,642.03,1593.49,1392.5,14.62,21.61,556.06,2388.08,9059.04,1.3,47.09,523.77,2387.99,8143.32,8.3497,0.03,391,2388,100.0,39.19,23.5255
7,28,-0.0028,0.0004,100.0,518.67,642.19,1580.65,1399.14,14.62,21.6,555.65,2388.02,9062.62,1.3,47.27,523.34,2388.0,8139.32,8.3836,0.03,392,2388,100.0,39.01,23.5729
7,29,0.0007,0.0002,100.0,518.67,641.76,1586.65,1396.33,14.62,21.6,555.34,2388.03,9053.01,1.3,47.21,523.19,2388.04,8137.72,8.3854,0.03,391,2388,100.0,38.97,23.5115
7,30,0.0008,0.0004,100.0,518.67,641.52,1586.82,1394.46,14.62,21.61,555.61,2388.12,9066.24,1.3,47.24,523.3,2387.99,8144.56,8.3485,0.03,392,2388,100.0,39.15,23.6282
7,31,0.0004,0.0,100.0,518.67,641.98,1587.06,1398.69,14.62,21.61,555.63,2388.0,9050.37,1.3,47.08,523.87,2388.05,8136.24,8.3807,0.03,392,2388,100.0,39.12,23.4511
7,32,0.0023,0.0001,100.0,518.67,642.37,1577.76,1401.09,14.62,21.61,555.46,2388.03,9049.72,1.3,47.02,523.5,2388.03,8133.32,8.4176,0.03,391,2388,100.0,39.19,23.4488
7,33,-0.0005,0.0,100.0,518.67,642.0,1583.35,1398.17,14.62,21.61,555.65,2388.07,9060.89,1.3,47.21,523.68,2388.03,8134.56,8.3861,0.03,390,2388,100.0,39.06,23.4427
7,34,-0.0038,-0.0004,100.0,518.67,642.23,1577.84,1396.92,14.62,21.61,555.83,2388.03,9060.0,1.3,47.21,523.19,2388.06,8140.82,8.3636,0.03,392,2388,100.0,39.15,23.5165
7,35,0.0002,-0.0003,100.0,518.67,642.24,1581.9,1393.45,14.62,21.61,554.85,2388.04,9056.02,1.3,47.26,522.9,2388.06,8139.62,8.4016,0.03,392,2388,100.0,39.04,23.4723
7,36,0.0009,-0.0003,100.0,518.67,642.18,1584.6,1396.25,14.62,21.6,555.38,2388.07,9057.26,1.3,47.36,523.82,2388.02,8139.85,8.3701,0.03,391,2388,100.0,39.14,23.5621
7,37,-0.0004,0.0002,100.0,518.67,642.21,1581.31,1396.43,14.62,21.61,555.41,2388.03,9059.6,1.3,47.21,523.76,2388.04,8142.76,8.3903,0.03,392,2388,100.0,39.04,23.5033
7,38,0.0018,0.0004,100.0,518.67,641.98,1582.31,1400.45,14.62,21.61,556.38,2388.04,9054.61,1.3,47.01,523.12,2388.09,8139.84,8.3775,0.03,392,2388,100.0,38.76,23.4669
7,39,0.0027,-0.0004,100.0,518.67,641.84,1578.93,1398.77,14.62,21.6,555.74,2387.97,9053.29,1.3,47.21,523.82,2388.03,8141.14,8.4204,0.03,392,2388,100.0,39.06,23.5137
7,40,0.001,-0.0003,100.0,518.67,642.45,1583.48,1391.92,14.62,21.6,555.78,2388.09,9055.19,1.3,47.33,523.51,2387.99,8142.05,8.3685,0.03,392,2388,100.0,39.16,23.3803
7,41,-0.0027,-0.0005,100.0,518.67,642.54,1588.85,1397.97,14.62,21.61,555.65,2388.09,9058.21,1.3,47.09,523.87,2388.03,8139.74,8.3795,0.03,390,2388,100.0,39.0,23.5455
7,42,0.0015,0.0003,100.0,518.67,641.85,1583.95,1398.43,14.62,21.61,555.37,2388.03,9058.98,1.3,47.3,523.09,2388.0,8136.6,8.3706,0.03,392,2388,100.0,39.16,23.379
7,43,0.0001,0.0003,100.0,518.67,642.07,1575.69,1396.22,14.62,21.61,555.95,2388.02,9058.35,1.3,47.14,523.33,2388.02,8139.42,8.3757,0.03,391,2388,100.0,38.95,23.4664
7,44,-0.001,0.0001,100.0,518.67,642.57,1587.9,1399.14,14.62,21.61,555.51,2388.02,9060.35,1.3,47.04,522.84,2388.06,8141.52,8.3615,0.03,393,2388,100.0,39.07,23.568
7,45,0.0001,0.0002,100.0,518.67,641.75,1586.11,1401.52,14.62,21.6,555.02,2388.02,9055.79,1.3,47.09,523.39,2387.99,8140.71,8.3939,0.03,392,2388,100.0,38.95,23.3685
7,46,-0.0023,-0.0001,100.0,518.67,642.43,1580.72,1401.36,14.62,21.61,555.19,2388.05,9051.77,1.3,47.24,523.52,2388.03,8144.7,8.3983,0.03,392,2388,100.0,39.32,23.56
7,47,-0.0002,-0.0003,100.0,518.67,642.07,1574.51,1403.14,14.62,21.61,556.75,2388.08,9054.05,1.3,47.16,523.45,2388.05,8135.39,8.3622,0.03,392,2388,100.0,39.16,23.5203
7,48,-0.0033,-0.0004,100.0,518.67,641.86,1587.62,1394.95,14.62,21.6,554.79,2388.04,9050.42,1.3,46.96,523.16,2388.03,8139.75,8.3975,0.03,391,2388,100.0,39.07,23.4081
7,49,-0.0043,-0.0005,100.0,518.67,642.45,1577.16,1385.51,14.62,21.61,555.6,2388.04,9062.37,1.3,47.26,523.37,2388.05,8140.76,8.383,0.03,390,2388,100.0,39.28,23.4812
7,50,0.0032,0.0001,100.0,518.67,641.34,1588.43,1398.4,14.62,21.6,555.33,2388.04,9054.78,1.3,47.19,523.63,2388.02,8142.6,8.3506,0.03,391,2388,100.0,38.99,23.4871
7,51,-0.0036,0.0002,100.0,518.67,641.62,1588.94,1391.92,14.62,21.61,556.29,2388.03,9062.21,1.3,47.17,523.46,2388.05,8138.35,8.3735,0.03,391,2388,100.0,38.95,23.5329
7,52,-0.0024,0.0002,100.0,518.67,641.72,1585.27,1402.43,14.62,21.6,555.56,2388.02,9047.9,1.3,47.32,523.59,2388.01,8138.93,8.3747,0.03,392,2388,100.0,39.06,23.4863
7,53,0.0,-0.0002,100.0,518.67,642.01,1587.66,1397.53,14.62,21.6,555.37,2388.02,9060.56,1.3,47.22,523.82,2388.04,8138.9,8.362,0.03,392,2388,100.0,39.05,23.5675
7,54,-0.0013,-0.0002,100.0,518.67,643.1,1577.76,1396.34,14.62,21.6,554.88,2388.02,9051.94,1.3,47.11,522.75,2387.99,8138.35,8.3733,0.03,393,2388,100.0,39.08,23.4306
7,55,0.0037,0.0004,100.0,518.67,641.9,1585.57,1393.13,14.62,21.6,555.64,2388.03,9054.4,1.3,47.28,523.49,2388.0,8140.46,8.4109,0.03,392,2388,100.0,39.2,23.5488
7,56,0.0005,0.0004,100.0,518.67,641.94,1586.02,1394.29,14.62,21.6,555.35,2388.03,9050.67,1.3,47.14,523.62,2387.99,8141.07,8.3509,0.03,392,2388,100.0,39.09,23.3481
7,57,0.0039,0.0004,100.0,518.67,641.94,1587.16,1399.85,14.62,21.61,555.61,2388.06,9057.16,1.3,46.96,523.46,2388.05,8136.06,8.3841,0.03,392,2388,100.0,39.2,23.4452
7,58,0.0003,0.0003,100.0,518.67,642.0,1586.13,1399.85,14.62,21.6,555.32,2388.03,9062.6,1.3,47.21,522.69,2388.04,8138.74,8.3653,0.03,391,2388,100.0,39.39,23.5411
7,59,-0.0015,-0.0002,100.0,518.67,641.95,1586.07,1390.08,14.62,21.6,555.96,2388.08,9058.67,1.3,47.32,523.6,2388.0,8141.27,8.3813,0.03,391,2388,100.0,39.0,23.4825
7,60,-0.0044,0.0,100.0,518.67,642.34,1588.0,1392.27,14.62,21.6,555.88,2388.01,9052.03,1.3,47.02,523.05,2387.99,8135.06,8.3912,0.03,390,2388,100.0,39.09,23.4176
7,61,-0.0,-0.0001,100.0,518.67,641.76,1593.62,1398.19,14.62,21.6,556.03,2388.07,9057.81,1.3,46.96,523.6,2388.07,8139.4,8.3835,0.03,392,2388,100.0,39.1,23.5556
7,62,0.0005,0.0002,100.0,518.67,642.17,1579.35,1394.3,14.62,21.6,554.74,2388.02,9051.12,1.3,47.14,522.52,2387.96,8138.31,8.3792,0.03,393,2388,100.0,38.95,23.5159
7,63,-0.0005,0.0002,100.0,518.67,641.63,1585.85,1393.18,14.62,21.6,555.37,2388.04,9063.22,1.3,47.19,523.26,2388.06,8136.76,8.3903,0.03,391,2388,100.0,39.1,23.391
7,64,0.0022,0.0004,100.0,518.67,642.04,1582.85,1399.05,14.62,21.61,555.77,2388.03,9059.35,1.3,47.06,523.89,2388.07,8140.41,8.3956,0.03,391,2388,100.0,39.37,23.3925
7,65,0.0006,-0.0003,100.0,518.67,642.36,1582.02,1403.71,14.62,21.61,555.03,2388.04,9054.92,1.3,47.31,523.73,2388.03,8135.89,8.404,0.03,392,2388,100.0,39.3,23.4194
7,66,0.003,0.0004,100.0,518.67,642.11,1583.59,1392.89,14.62,21.6,555.32,2388.03,9053.86,1.3,47.44,523.9,2388.05,8138.71,8.3639,0.03,395,2388,100.0,39.27,23.465
7,67,-0.0008,0.0001,100.0,518.67,642.08,1584.18,1398.93,14.62,21.6,555.25,2388.02,9058.64,1.3,47.09,522.83,2387.99,8138.32,8.4133,0.03,389,2388,100.0,39.16,23.4742
7,68,-0.0013,0.0001,100.0,518.67,642.17,1588.24,1392.04,14.62,21.61,555.31,2388.06,9059.38,1.3,47.08,523.2,2388.05,8139.05,8.4163,0.03,391,2388,100.0,39.21,23.5189
7,69,-0.0024,-0.0004,100.0,518.67,642.14,1581.32,1398.66,14.62,21.6,555.93,2388.0,9049.1,1.3,47.16,523.28,2388.02,8144.1,8.3949,0.03,391,2388,100.0,39.04,23.4352
7,70,-0.0017,0.0004,100.0,518.67,642.61,1584.3,1394.32,14.62,21.6,556.0,2388.02,9062.39,1.3,47.07,524.1,2388.02,8140.25,8.4,0.03,392,2388,100.0,39.1,23.4737
7,71,-0.0021,0.0,100.0,518.67,642.42,1590.14,1390.35,14.62,21.61,555.55,2388.04,9053.09,1.3,47.44,523.41,2388.03,8140.22,8.3671,0.03,390,2388,100.0,39.25,23.4647
7,72,-0.0025,0.0003,100.0,518.67,642.49,1591.64,1404.24,14.62,21.6,556.86,2388.03,9059.46,1.3,47.27,523.91,2388.04,8142.63,8.3664,0.03,392,2388,100.0,39.05,23.4895
7,73,-0.0011,0.0,100.0,518.67,642.18,1567.73,1397.96,14.62,21.6,555.5,2387.98,9056.74,1.3,47.27,523.89,2388.06,8139.73,8.3348,0.03,393,2388,100.0,39.1,23.3575
7,74,-0.0006,-0.0002,100.0,518.67,641.71,1578.41,1399.43,14.62,21.61,555.43,2388.06,9055.82,1.3,47.25,523.66,2388.05,8138.87,8.3983,0.03,391,2388,100.0,39.04,23.519
7,75,-0.0025,-0.0002,100.0,518.67,641.86,1593.38,1386.23,14.62,21.61,556.03,2388.01,9061.45,1.3,47.18,524.2,2388.03,8143.7,8.3788,0.03,392,2388,100.0,39.0,23.475
7,76,-0.001,0.0001,100.0,518.67,641.86,1587.93,1396.54,14.62,21.6,555.04,2388.02,9058.01,1.3,47.27,523.39,2388.01,8141.62,8.3656,0.03,391,2388,100.0,39.03,23.6182
7,77,-0.0029,0.0001,100.0,518.67,641.91,1586.6,1395.42,14.62,21.6,555.43,2388.01,9057.05,1.3,47.12,523.75,2388.07,8143.6,8.3692,0.03,391,2388,100.0,38.89,23.5017
7,78,-0.0009,-0.0002,100.0,518.67,641.77,1584.54,1403.74,14.62,21.61,555.16,2388.04,9061.05,1.3,47.28,523.31,2388.04,8137.13,8.3804,0.03,391,2388,100.0,39.21,23.4225
7,79,-0.0011,-0.0005,100.0,518.67,641.76,1582.73,1400.97,14.62,21.6,555.96,2388.03,9054.5,1.3,47.17,523.37,2388.07,8142.48,8.3904,0.03,392,2388,100.0,39.12,23.5286
7,80,0.0001,-0.0004,100.0,518.67,641.82,1583.31,1395.24,14.62,21.6,555.0,2387.99,9060.16,1.3,47.21,524.05,2388.03,8138.1,8.3523,0.03,390,2388,100.0,39.09,23.4547
7,81,-0.0006,0.0004,100.0,518.67,641.54,1582.91,1390.1,14.62,21.6,555.52,2388.03,9051.58,1.3,47.16,522.8,2388.12,8137.66,8.3547,0.03,390,2388,100.0,39.09,23.4542
7,82,-0.0018,-0.0005,100.0,518.67,641.46,1585.03,1396.44,14.62,21.6,555.41,2388.01,9052.24,1.3,47.22,522.8,2387.99,8136.75,8.3493,0.03,393,2388,100.0,39.14,23.4593
7,83,0.0035,0.0001,100.0,518.67,642.29,1586.57,1389.16,14.62,21.61,555.43,2388.04,9060.5,1.3,47.11,523.37,2388.07,8142.64,8.3655,0.03,391,2388,100.0,38.98,23.4769
7,84,-0.0004,0.0004,100.0,518.67,642.33,1588.9,1390.78,14.62,21.61,556.06,2388.05,9054.26,1.3,47.07,523.67,2388.06,8140.67,8.3919,0.03,392,2388,100.0,39.0,23.344
7,85,0.0001,0.0004,100.0,518.67,642.04,1583.75,1395.01,14.62,21.6,554.86,2388.05,9056.09,1.3,47.04,523.23,2388.05,8134.96,8.3462,0.03,391,2388,100.0,39.22,23.4274
7,86,-0.0012,-0.0005,100.0,518.67,642.03,1589.61,1396.36,14.62,21.6,555.95,2388.02,9055.47,1.3,47.04,523.69,2388.08,8139.43,8.3842,0.03,392,2388,100.0,39.19,23.5137
7,87,0.0004,0.0001,100.0,518.67,642.28,1584.15,1400.85,14.62,21.61,556.19,2388.09,9062.43,1.3,47.28,523.96,2388.04,8140.37,8.4272,0.03,391,2388,100.0,39.16,23.4474
7,88,-0.0019,0.0002,100.0,518.67,641.98,1582.69,1397.82,14.62,21.61,555.25,2388.08,9057.51,1.3,47.12,523.87,2388.03,8142.18,8.3864,0.03,392,2388,100.0,39.2,23.416
7,89,-0.0043,-0.0001,100.0,518.67,641.81,1588.64,1389.29,14.62,21.6,556.59,2388.09,9062.0,1.3,47.17,524.07,2388.03,8146.02,8.377,0.03,391,2388,100.0,39.06,23.4826
7,90,-0.0002,0.0001,100.0,518.67,642.63,1583.71,1396.25,14.62,21.6,555.54,2388.01,9058.86,1.3,47.16,523.63,2388.0,8137.9,8.3649,0.03,390,2388,100.0,39.18,23.4425
7,91,-0.0013,-0.0002,100.0,518.67,641.9,1581.8,1400.95,14.62,21.61,556.42,2388.05,9063.84,1.3,47.25,523.85,2388.04,8138.74,8.3532,0.03,392,2388,100.0,39.04,23.4699
7,92,0.0021,-0.0004,100.0,518.67,642.32,1581.17,1398.49,14.62,21.6,556.27,2388.05,9054.17,1.3,47.15,523.23,2388.04,8142.84,8.3638,0.03,390,2388,100.0,38.87,23.5046
7,93,-0.0039,-0.0005,100.0,518.67,641.72,1589.99,1387.09,14.62,21.6,555.12,2388.02,9054.47,1.3,47.04,522.94,2388.05,8132.21,8.3945,0.03,391,2388,100.0,39.16,23.4065
7,94,-0.0004,-0.0003,100.0,518.67,642.05,1582.08,1398.1,14.62,21.61,556.43,2388.05,9056.01,1.3,47.23,523.81,2388.06,8145.42,8.3635,0.03,391,2388,100.0,39.1,23.4778
7,95,-0.0014,-0.0005,100.0,518.67,642.41,1584.43,1389.76,14.62,21.6,556.26,2387.98,9054.2,1.3,47.19,522.67,2387.99,8136.57,8.3681,0.03,393,2388,100.0,39.17,23.4406
7,96,0.0,0.0003,100.0,518.67,641.71,1592.18,1392.45,14.62,21.61,555.71,2388.07,9050.99,1.3,47.17,523.91,2388.05,8140.45,8.3882,0.03,391,2388,100.0,39.0,23.4854
7,97,-0.0004,0.0005,100.0,518.67,641.54,1585.12,1405.72,14.62,21.6,555.99,2388.04,9060.78,1.3,47.1,524.08,2388.02,8131.52,8.3893,0.03,391,2388,100.0,39.04,23.5067
7,98,-0.0024,-0.0005,100.0,518.67,642.04,1582.31,1390.98,14.62,21.6,555.54,2388.04,9051.36,1.3,47.19,523.14,2388.02,8136.71,8.3914,0.03,391,2388,100.0,39.15,23.4697
7,99,0.0002,0.0003,100.0,518.67,642.04,1582.96,1405.68,14.62,21.6,556.03,2388.06,9058.28,1.3,47.2,523.28,2388.04,8137.99,8.3524,0.03,391,2388,100.0,39.16,23.5276
7,100,0.0016,0.0004,100.0,518.67,642.73,1577.01,1394.98,14.62,21.61,556.02,2388.04,9059.63,1.3,47.28,523.93,2388.07,8145.72,8.3638,0.03,391,2388,100.0,39.23,23.4715
7,101,0.0005,0.0001,100.0,518.67,642.36,1583.47,1408.18,14.62,21.61,555.93,2388.06,9056.64,1.3,47.23,523.91,2388.04,8137.59,8.333,0.03,392,2388,100.0,39.11,23.5572
7,102,-0.0011,-0.0003,100.0,518.67,641.84,1580.08,1404.5,14.62,21.6,556.15,2388.02,9058.41,1.3,47.25,523.84,2388.04,8146.2,8.3426,0.03,391,2388,100.0,39.15,23.5498
7,103,-0.0031,-0.0005,100.0,518.67,642.66,1583.89,1404.04,14.62,21.61,556.37,2387.98,9059.96,1.3,47.11,523.38,2388.05,8139.25,8.3649,0.03,393,2388,100.0,39.2,23.5272
7,104,0.0026,-0.0001,100.0,518.67,641.52,1583.5,1391.68,14.62,21.6,556.04,2388.05,9058.51,1.3,47.19,524.38,2388.04,8136.13,8.3629,0.03,392,2388,100.0,38.98,23.5521
7,105,-0.0035,0.0004,100.0,518.67,642.19,1580.71,1392.79,14.62,21.6,555.88,2388.02,9056.2,1.3,47.21,523.43,2388.04,8138.5,8.4286,0.03,393,2388,100.0,39.11,23.4118
7,106,0.0001,-0.0002,100.0,518.67,641.73,1588.47,1394.84,14.62,21.6,555.79,2388.02,9050.31,1.3,47.24,523.99,2388.09,8139.54,8.4004,0.03,392,2388,100.0,39.22,23.4185
7,107,0.0045,0.0003,100.0,518.67,642.47,1584.44,1392.41,14.62,21.61,555.21,2388.04,9052.57,1.3,47.2,524.25,2388.01,8142.24,8.3649,0.03,393,2388,100.0,39.02,23.3999
7,108,0.0004,0.0004,100.0,518.67,641.78,1592.95,1396.96,14.62,21.6,556.74,2388.01,9063.35,1.3,47.32,523.61,2387.97,8141.1,8.3677,0.03,390,2388,100.0,39.11,23.4566
7,109,-0.0026,0.0004,100.0,518.67,642.16,1574.62,1396.65,14.62,21.61,556.74,2388.03,9054.35,1.3,47.07,523.59,2388.06,8144.13,8.3743,0.03,392,2388,100.0,39.25,23.5832
7,110,-0.0001,0.0003,100.0,518.67,641.74,1586.87,1401.17,14.62,21.6,555.47,2388.06,9059.05,1.3,47.26,523.13,2388.08,8142.36,8.376,0.03,391,2388,100.0,39.04,23.4275
7,111,-0.0011,0.0004,100.0,518.67,641.48,1579.01,1396.63,14.62,21.6,556.25,2388.06,9056.21,1.3,47.19,523.61,2388.07,8143.29,8.3632,0.03,393,2388,100.0,39.19,23.4551
7,112,0.001,0.0004,100.0,518.67,642.08,1584.24,1398.62,14.62,21.6,555.24,2388.08,9056.73,1.3,47.12,523.98,2388.02,8146.06,8.407,0.03,392,2388,100.0,39.01,23.4553
7,113,-0.002,-0.0005,100.0,518.67,641.76,1584.64,1401.03,14.62,21.6,555.19,2387.99,9053.35,1.3,47.18,523.52,2388.05,8136.68,8.3745,0.03,390,2388,100.0,39.03,23.5067
7,114,0.0028,-0.0003,100.0,518.67,642.08,1587.7,1397.02,14.62,21.6,555.46,2388.04,9061.72,1.3,47.11,523.65,2388.01,8139.71,8.3553,0.03,392,2388,100.0,39.2,23.4619
7,115,-0.0043,0.0003,100.0,518.67,642.04,1583.38,1395.33,14.62,21.6,556.14,2388.04,9068.5,1.3,47.17,523.61,2387.97,8140.13,8.3857,0.03,391,2388,100.0,38.98,23.583
7,116,0.0004,-0.0003,100.0,518.67,642.19,1596.09,1394.73,14.62,21.61,556.95,2387.99,9058.95,1.3,47.32,524.46,2388.03,8146.22,8.3775,0.03,392,2388,100.0,39.12,23.4564
7,117,-0.0008,-0.0002,100.0,518.67,642.53,1581.11,1395.22,14.62,21.61,556.11,2388.13,9052.27,1.3,47.12,523.63,2388.04,8131.26,8.3629,0.03,393,2388,100.0,39.19,23.4659
7,118,-0.002,-0.0003,100.0,518.67,641.93,1585.68,1412.53,14.62,21.6,555.23,2388.05,9059.72,1.3,47.3,523.35,2387.99,8140.47,8.3758,0.03,392,2388,100.0,38.98,23.4642
7,119,-0.0013,0.0003,100.0,518.67,642.2,1585.39,1397.39,14.62,21.6,556.01,2388.02,9064.04,1.3,47.26,523.86,2388.05,8137.39,8.3585,0.03,394,2388,100.0,38.96,23.4807
7,120,-0.0016,0.0003,100.0,518.67,642.08,1584.29,1396.46,14.62,21.6,556.31,2387.99,9054.57,1.3,47.03,523.38,2388.03,8137.61,8.3724,0.03,391,2388,100.0,39.06,23.4748
7,121,0.0001,-0.0,100.0,518.67,641.72,1586.68,1391.96,14.62,21.6,555.06,2388.03,9054.96,1.3,47.36,523.86,2388.06,8143.93,8.3343,0.03,392,2388,100.0,39.28,23.4881
7,122,0.0016,0.0002,100.0,518.67,642.6,1578.06,1394.75,14.62,21.6,556.13,2388.09,9059.02,1.3,47.36,523.51,2388.03,8138.92,8.3919,0.03,392,2388,100.0,38.98,23.5357
7,123,-0.002,-0.0005,100.0,518.67,641.93,1581.61,1391.63,14.62,21.6,555.68,2388.04,9055.1,1.3,47.13,523.57,2388.02,8138.53,8.3475,0.03,391,2388,100.0,39.16,23.414
7,124,-0.0039,0.0004,100.0,518.67,641.89,1583.09,1395.01,14.62,21.6,555.59,2388.07,9060.89,1.3,47.34,524.15,2388.07,8142.08,8.3318,0.03,391,2388,100.0,39.07,23.3247
7,125,0.0003,-0.0002,100.0,518.67,641.95,1582.05,1398.67,14.62,21.6,555.75,2388.03,9061.9,1.3,47.18,524.18,2388.0,8140.86,8.3951,0.03,393,2388,100.0,39.21,23.4411
7,126,0.0028,0.0002,100.0,518.67,642.3,1578.6,1398.72,14.62,21.6,555.99,2388.0,9058.03,1.3,47.32,523.53,2388.0,8139.98,8.3449,0.03,393,2388,100.0,39.0,23.4283
7,127,-0.0024,0.0003,100.0,518.67,642.53,1582.51,1398.95,14.62,21.6,556.89,2388.1,9059.67,1.3,47.26,524.21,2388.04,8139.61,8.3925,0.03,392,2388,100.0,38.97,23.3865
7,128,-0.0,0.0001,100.0,518.67,642.32,1588.54,1400.57,14.62,21.61,556.72,2388.02,9062.14,1.3,47.35,524.07,2388.09,8142.02,8.3672,0.03,392,2388,100.0,39.19,23.4378
7,129,-0.0021,-0.0003,100.0,518.67,642.3,1587.96,1403.95,14.62,21.6,555.75,2388.05,9062.52,1.3,47.29,524.13,2388.1,8144.47,8.3421,0.03,392,2388,100.0,38.99,23.4645
7,130,-0.0025,0.0,100.0,518.67,642.19,1576.42,1391.73,14.62,21.6,556.12,2388.13,9052.61,1.3,47.16,523.69,2388.07,8142.25,8.3675,0.03,392,2388,100.0,39.15,23.3628
7,131,-0.0007,-0.0004,100.0,518.67,642.37,1581.78,1391.44,14.62,21.6,555.82,2388.03,9057.12,1.3,47.27,523.88,2388.07,8143.23,8.3741,0.03,391,2388,100.0,38.92,23.3844
7,132,0.0003,0.0004,100.0,518.67,641.38,1582.78,1398.22,14.62,21.6,556.95,2388.06,9061.92,1.3,47.31,524.25,2388.07,8139.87,8.3701,0.03,393,2388,100.0,39.25,23.5214
7,133,-0.0009,-0.0005,100.0,518.67,642.57,1590.1,1403.08,14.62,21.6,556.28,2388.04,9061.06,1.3,47.46,523.45,2388.09,8144.41,8.4012,0.03,392,2388,100.0,39.2,23.5164
7,134,-0.0026,0.0001,100.0,518.67,642.54,1597.5,1400.14,14.62,21.61,556.57,2388.06,9061.03,1.3,47.2,524.74,2388.09,8142.28,8.3277,0.03,393,2388,100.0,39.19,23.3815
7,135,0.0014,-0.0002,100.0,518.67,642.13,1585.68,1400.2,14.62,21.6,556.06,2388.04,9056.26,1.3,47.38,524.22,2388.05,8141.5,8.3748,0.03,390,2388,100.0,39.15,23.4411
7,136,0.0045,-0.0001,100.0,518.67,641.89,1587.32,1402.81,14.62,21.6,555.75,2388.03,9059.05,1.3,47.23,522.88,2388.04,8142.07,8.3899,0.03,390,2388,100.0,39.25,23.5266
7,137,0.0,-0.0002,100.0,518.67,642.24,1571.36,1393.18,14.62,21.6,556.06,2387.98,9061.78,1.3,47.41,524.35,2388.02,8138.67,8.4063,0.03,391,2388,100.0,38.97,23.5541
7,138,0.0009,0.0001,100.0,518.67,641.85,1591.16,1400.32,14.62,21.6,555.86,2388.06,9060.0,1.3,47.2,524.01,2388.06,8142.61,8.3804,0.03,391,2388,100.0,39.07,23.5761
7,139,0.0013,0.0004,100.0,518.67,642.51,1585.54,1398.76,14.62,21.61,556.78,2388.02,9056.77,1.3,47.13,523.77,2388.04,8141.08,8.4036,0.03,391,2388,100.0,39.2,23.5281
7,140,0.001,-0.0004,100.0,518.67,641.5,1579.46,1406.4,14.62,21.6,556.34,2388.07,9064.2,1.3,47.39,524.27,2388.05,8139.29,8.3857,0.03,393,2388,100.0,39.34,23.5081
7,141,-0.0012,0.0002,100.0,518.67,642.19,1584.6,1399.03,14.62,21.6,555.41,2388.02,9058.12,1.3,47.3,523.57,2388.04,8147.04,8.3915,0.03,393,2388,100.0,39.07,23.5504
7,142,-0.0007,0.0004,100.0,518.67,642.36,1585.56,1394.07,14.62,21.61,555.47,2388.05,9061.56,1.3,47.11,523.75,2388.11,8142.46,8.3755,0.03,392,2388,100.0,39.19,23.4208
7,143,-0.0021,-0.0003,100.0,518.67,641.72,1585.03,1403.29,14.62,21.61,557.01,2388.07,9057.49,1.3,47.23,524.37,2388.11,8144.8,8.3702,0.03,392,2388,100.0,39.02,23.4131
7,144,-0.0013,-0.0,100.0,518.67,641.72,1583.82,1398.77,14.62,21.6,557.0,2388.07,9064.12,1.3,47.29,524.25,2388.04,8142.3,8.393,0.03,391,2388,100.0,39.26,23.6002
7,145,0.0037,-0.0004,100.0,518.67,642.1,1587.04,1390.64,14.62,21.61,555.74,2388.07,9063.38,1.3,47.33,523.65,2387.98,8142.94,8.3784,0.03,393,2388,100.0,39.17,23.472
7,146,0.001,0.0004,100.0,518.67,641.61,1584.06,1392.97,14.62,21.61,556.32,2388.06,9051.76,1.3,47.09,523.88,2388.03,8142.26,8.3687,0.03,392,2388,100.0,39.19,23.419
7,147,-0.0001,-0.0,100.0,518.67,641.84,1583.84,1398.69,14.62,21.6,556.43,2388.07,9055.66,1.3,47.2,524.57,2388.01,8137.13,8.386,0.03,391,2388,100.0,39.2,23.5704
7,148,0.0008,0.0001,100.0,518.67,641.75,1580.55,1394.29,14.62,21.6,556.34,2388.1,9063.02,1.3,47.2,523.57,2388.01,8139.35,8.4097,0.03,390,2388,100.0,39.15,23.5228
7,149,-0.0001,0.0001,100.0,518.67,642.33,1591.5,1400.14,14.62,21.6,555.79,2388.07,9064.33,1.3,47.1,523.88,2388.07,8140.04,8.3486,0.03,392,2388,100.0,39.12,23.4457
7,150,-0.0023,0.0,100.0,518.67,641.73,1585.35,1391.9,14.62,21.6,556.65,2388.03,9064.12,1.3,47.06,524.39,2388.07,8144.62,8.3776,0.03,391,2388,100.0,39.17,23.597
7,151,-0.0006,0.0004,100.0,518.67,642.29,1582.98,1401.17,14.62,21.61,556.72,2388.11,9064.41,1.3,47.31,523.91,2388.08,8142.97,8.3343,0.03,391,2388,100.0,39.11,23.4954
7,152,-0.0034,-0.0001,100.0,518.67,642.14,1583.11,1397.86,14.62,21.6,555.66,2388.07,9064.3,1.3,47.14,523.91,2388.04,8143.12,8.3705,0.03,391,2388,100.0,39.17,23.4825
7,153,-0.0014,-0.0001,100.0,518.67,642.07,1585.61,1400.1,14.62,21.61,557.98,2388.04,9064.15,1.3,47.26,524.54,2388.06,8144.22,8.3536,0.03,393,2388,100.0,39.04,23.4199
7,154,0.0012,0.0004,100.0,518.67,642.43,1587.77,1403.3,14.62,21.6,556.25,2388.08,9057.2,1.3,47.19,524.63,2388.08,8142.27,8.3458,0.03,392,2388,100.0,38.94,23.565
7,155,-0.0013,-0.0002,100.0,518.67,642.14,1587.35,1393.78,14.62,21.6,556.51,2388.09,9059.67,1.3,47.27,524.05,2388.06,8140.03,8.3648,0.03,391,2388,100.0,39.24,23.5599
7,156,-0.005,-0.0004,100.0,518.67,642.59,1587.85,1406.67,14.62,21.61,556.86,2388.03,9056.66,1.3,47.31,524.6,2388.1,8140.42,8.353,0.03,392,2388,100.0,39.18,23.4552
7,157,0.0035,-0.0005,100.0,518.67,641.69,1588.69,1402.46,14.62,21.61,556.76,2388.04,9063.65,1.3,47.09,524.36,2388.04,8139.92,8.3625,0.03,393,2388,100.0,38.98,23.4621
7,158,-0.0004,-0.0002,100.0,518.67,642.5,1584.3,1397.1,14.62,21.6,556.76,2388.03,9058.34,1.3,47.38,523.79,2388.04,8141.38,8.3642,0.03,392,2388,100.0,39.18,23.5381
7,159,-0.001,-0.0004,100.0,518.67,641.82,1583.56,1400.57,14.62,21.61,556.9,2388.07,9061.84,1.3,47.43,524.24,2388.07,8142.95,8.4052,0.03,391,2388,100.0,38.99,23.4346
7,160,-0.0,-0.0002,100.0,518.67,642.24,1581.29,1401.05,14.62,21.6,556.98,2388.05,9058.48,1.3,47.21,524.34,2388.03,8136.74,8.3893,0.03,392,2388,100.0,39.28,23.5513
7,161,0.0014,0.0004,100.0,518.67,642.41,1582.52,1397.36,14.62,21.6,557.1,2388.11,9053.79,1.3,47.23,524.38,2388.07,8143.23,8.3862,0.03,392,2388,100.0,39.15,23.446
7,162,-0.0036,-0.0002,100.0,518.67,642.99,1589.29,1393.21,14.62,21.61,556.46,2388.11,9058.48,1.3,47.29,523.8,2388.14,8145.76,8.3273,0.03,392,2388,100.0,39.09,23.5761
7,163,-0.0016,0.0003,100.0,518.67,642.15,1587.13,1403.21,14.62,21.6,556.0,2388.05,9064.68,1.3,47.46,524.55,2388.09,8137.73,8.3261,0.03,393,2388,100.0,39.09,23.532
7,164,-0.0007,0.0004,100.0,518.67,642.71,1576.66,1404.61,14.62,21.6,556.41,2388.01,9067.53,1.3,47.13,524.02,2388.1,8144.94,8.3281,0.03,391,2388,100.0,39.25,23.4714
7,165,0.0014,-0.0,100.0,518.67,642.25,1584.41,1389.85,14.62,21.6,556.93,2388.01,9061.11,1.3,47.23,524.34,2388.11,8146.0,8.3427,0.03,391,2388,100.0,39.25,23.5732
7,166,0.0015,-0.0001,100.0,518.67,642.03,1585.33,1402.92,14.62,21.61,556.44,2388.08,9061.44,1.3,47.24,524.49,2388.1,8142.44,8.3545,0.03,392,2388,100.0,39.15,23.5449
7,167,0.0004,-0.0001,100.0,518.67,642.06,1577.01,1400.22,14.62,21.6,556.06,2388.04,9063.61,1.3,47.12,523.68,2388.05,8146.84,8.4013,0.03,392,2388,100.0,39.3,23.5207
7,168,0.0012,0.0,100.0,518.67,642.27,1586.4,1395.52,14.62,21.6,556.28,2388.07,9061.02,1.3,47.01,524.13,2388.08,8144.32,8.3983,0.03,394,2388,100.0,39.23,23.5721
7,169,0.0016,-0.0002,100.0,518.67,641.66,1586.24,1394.45,14.62,21.61,557.06,2388.09,9057.55,1.3,47.41,524.93,2388.08,8147.03,8.3734,0.03,392,2388,100.0,39.04,23.5365
7,170,0.0013,-0.0001,100.0,518.67,642.02,1586.62,1403.23,14.62,21.61,556.88,2388.07,9065.2,1.3,47.33,524.61,2388.07,8143.1,8.361,0.03,392,2388,100.0,39.03,23.4724
7,171,0.0007,0.0,100.0,518.67,642.2,1582.95,1399.74,14.62,21.6,556.31,2388.06,9055.21,1.3,47.17,524.47,2388.05,8147.38,8.3597,0.03,391,2388,100.0,39.32,23.5318
7,172,-0.0007,-0.0002,100.0,518.67,642.64,1588.09,1396.43,14.62,21.61,557.28,2388.02,9063.71,1.3,47.24,524.71,2388.07,8142.92,8.3523,0.03,391,2388,100.0,39.27,23.4856
7,173,0.0009,-0.0001,100.0,518.67,642.21,1588.47,1392.69,14.62,21.61,556.74,2388.04,9062.32,1.3,47.28,524.76,2388.06,8140.52,8.3981,0.03,393,2388,100.0,39.32,23.5835
7,174,-0.0036,-0.0001,100.0,518.67,642.08,1584.35,1391.29,14.62,21.61,555.92,2388.07,9059.4,1.3,47.39,524.77,2388.11,8144.91,8.3783,0.03,393,2388,100.0,39.13,23.4756
7,175,-0.001,-0.0003,100.0,518.67,642.47,1590.12,1400.09,14.62,21.6,556.59,2388.07,9062.38,1.3,47.22,523.81,2388.07,8145.11,8.3034,0.03,394,2388,100.0,39.13,23.3903
7,176,0.002,-0.0003,100.0,518.67,642.63,1589.39,1401.87,14.62,21.61,556.4,2388.07,9065.46,1.3,47.27,524.14,2388.06,8140.95,8.3472,0.03,393,2388,100.0,39.29,23.4257
7,177,-0.0009,-0.0002,100.0,518.67,642.04,1592.27,1401.15,14.62,21.6,556.71,2388.1,9064.31,1.3,47.43,524.55,2388.11,8141.48,8.396,0.03,393,2388,100.0,39.12,23.4881
7,178,-0.0003,-0.0005,100.0,518.67,642.62,1582.44,1402.5,14.62,21.6,556.58,2388.06,9056.46,1.3,47.32,523.82,2388.08,8145.88,8.3879,0.03,392,2388,100.0,39.16,23.4786
7,179,-0.0015,0.0004,100.0,518.67,642.28,1585.28,1398.34,14.62,21.6,556.8,2388.08,9063.31,1.3,47.24,524.99,2388.08,8142.58,8.3797,0.03,391,2388,100.0,39.03,23.5991
7,180,-0.0012,-0.0001,100.0,518.67,641.89,1581.45,1394.01,14.62,21.61,557.39,2388.04,9055.46,1.3,47.27,524.62,2388.02,8145.65,8.357,0.03,393,2388,100.0,39.15,23.5447
7,181,-0.0015,-0.0003,100.0,518.67,641.97,1587.62,1391.38,14.62,21.6,557.23,2388.09,9062.58,1.3,47.17,524.41,2388.14,8141.02,8.3601,0.03,392,2388,100.0,39.21,23.5474
7,182,0.001,-0.0005,100.0,518.67,642.73,1588.42,1395.91,14.62,21.6,557.21,2388.11,9058.83,1.3,47.2,524.98,2388.06,8142.12,8.3474,0.03,392,2388,100.0,39.13,23.4489
7,183,-0.0014,-0.0003,100.0,518.67,642.48,1597.81,1402.13,14.62,21.6,557.11,2388.07,9062.96,1.3,47.24,524.93,2388.1,8141.81,8.4015,0.03,392,2388,100.0,39.17,23.6006
7,184,0.0005,0.0004,100.0,518.67,642.56,1582.77,1400.67,14.62,21.6,556.37,2388.05,9062.16,1.3,47.26,524.69,2388.13,8143.87,8.3691,0.03,391,2388,100.0,39.1,23.4586
7,185,0.0027,0.0002,100.0,518.67,641.85,1583.0,1397.95,14.62,21.6,557.29,2388.05,9065.18,1.3,47.17,525.0,2388.12,8143.74,8.3268,0.03,392,2388,100.0,39.16,23.4817
7,186,0.0017,0.0002,100.0,518.67,642.0,1575.46,1402.95,14.62,21.6,557.83,2388.06,9065.73,1.3,47.42,524.82,2388.07,8150.8,8.4036,0.03,393,2388,100.0,39.21,23.5549
7,187,-0.0025,-0.0003,100.0,518.67,642.67,1592.29,1401.52,14.62,21.61,556.43,2388.08,9066.07,1.3,47.27,524.91,2388.12,8139.39,8.3746,0.03,391,2388,100.0,39.15,23.4253
7,188,0.0023,-0.0001,100.0,518.67,641.79,1585.78,1414.76,14.62,21.61,557.29,2388.08,9062.69,1.3,47.2,525.08,2388.05,8145.25,8.3753,0.03,392,2388,100.0,39.1,23.6031
7,189,-0.0026,0.0,100.0,518.67,642.2,1590.05,1392.0,14.62,21.61,557.03,2388.1,9062.83,1.3,47.33,524.9,2388.08,8150.72,8.3333,0.03,391,2388,100.0,39.22,23.579
7,190,0.0006,-0.0001,100.0,518.67,642.41,1585.66,1399.19,14.62,21.6,558.18,2388.09,9069.43,1.3,47.42,525.02,2388.14,8147.56,8.3719,0.03,392,2388,100.0,39.02,23.5057
7,191,-0.0017,0.0004,100.0,518.67,642.51,1595.61,1400.19,14.62,21.6,556.17,2388.01,9058.68,1.3,47.07,524.39,2388.13,8145.63,8.3735,0.03,392,2388,100.0,39.11,23.5819
7,192,0.0009,0.0,100.0,518.67,641.92,1583.82,1395.68,14.62,21.6,556.62,2388.09,9065.67,1.3,47.37,524.76,2388.09,8145.65,8.3354,0.03,392,2388,100.0,39.02,23.5108
7,193,-0.0011,-0.0002,100.0,518.67,642.23,1590.16,1396.02,14.62,21.6,557.29,2388.06,9060.49,1.3,47.23,525.06,2388.13,8145.55,8.3574,0.03,392,2388,100.0,39.01,23.5882
7,194,0.0015,0.0004,100.0,518.67,641.9,1588.07,1410.22,14.62,21.61,557.46,2388.13,9066.76,1.3,47.27,525.27,2388.08,8145.14,8.3836,0.03,391,2388,100.0,39.12,23.6385
7,195,-0.0013,0.0003,100.0,518.67,642.61,1588.95,1401.36,14.62,21.6,557.37,2388.05,9059.39,1.3,47.27,525.14,2388.13,8146.74,8.3629,0.03,392,2388,100.0,39.06,23.603
7,196,0.0005,0.0002,100.0,518.67,642.11,1584.19,1395.78,14.62,21.61,556.97,2388.16,9066.34,1.3,47.17,524.87,2388.07,8143.25,8.3398,0.03,393,2388,100.0,39.28,23.5427
7,197,-0.0017,-0.0004,100.0,518.67,642.41,1586.09,1401.15,14.62,21.6,557.09,2388.06,9062.86,1.3,47.38,525.33,2388.09,8149.63,8.3851,0.03,394,2388,100.0,39.16,23.4681
7,198,0.0005,-0.0003,100.0,518.67,642.33,1591.52,1400.27,14.62,21.61,558.01,2388.04,9067.08,1.3,47.46,525.11,2388.14,8145.95,8.3808,0.03,391,2388,100.0,39.18,23.5521
7,199,0.0015,0.0003,100.0,518.67,641.99,1591.88,1401.31,14.62,21.61,557.09,2388.09,9066.93,1.3,47.19,525.01,2388.09,8143.65,8.3582,0.03,394,2388,100.0,39.25,23.4373
7,200,-0.0011,-0.0001,100.0,518.67,642.25,1590.92,1399.34,14.62,21.6,556.78,2388.1,9059.24,1.3,47.22,524.46,2388.08,8144.35,8.3904,0.03,392,2388,100.0,39.15,23.5064
7,201,0.0009,-0.0002,100.0,518.67,641.63,1589.21,1394.67,14.62,21.6,556.98,2388.11,9060.55,1.3,47.59,525.15,2388.1,8141.21,8.3368,0.03,392,2388,100.0,39.09,23.5361
7,202,0.0026,0.0003,100.0,518.67,641.95,1583.76,1398.76,14.62,21.6,556.96,2388.12,9064.95,1.3,47.32,524.24,2388.12,8141.84,8.3349,0.03,391,2388,100.0,39.16,23.3778
7,203,-0.0018,0.0002,100.0,518.67,641.95,1591.21,1403.58,14.62,21.6,556.97,2388.1,9066.25,1.3,47.38,525.57,2388.06,8146.62,8.3587,0.03,391,2388,100.0,39.32,23.5626
7,204,-0.0019,-0.0,100.0,518.67,642.99,1586.08,1406.02,14.62,21.6,557.65,2388.1,9073.94,1.3,47.36,525.35,2388.11,8143.85,8.3414,0.03,393,2388,100.0,39.4,23.476
7,205,0.0011,-0.0002,100.0,518.67,642.12,1585.98,1403.97,14.62,21.61,557.02,2388.08,9069.48,1.3,47.45,525.22,2388.05,8148.99,8.3651,0.03,390,2388,100.0,39.19,23.5663
7,206,-0.0011,-0.0005,100.0,518.67,642.34,1589.87,1399.39,14.62,21.61,557.88,2388.09,9058.14,1.3,47.27,525.75,2388.14,8150.66,8.3682,0.03,393,2388,100.0,39.21,23.4436
7,207,-0.0015,0.0002,100.0,518.67,642.03,1591.42,1402.41,14.62,21.6,557.83,2388.13,9058.17,1.31,47.39,525.55,2388.12,8147.31,8.3773,0.03,391,2388,100.0,39.17,23.4194
7,208,0.0043,-0.0003,100.0,518.67,642.75,1582.02,1400.39,14.62,21.6,557.65,2388.07,9070.88,1.3,47.31,524.59,2388.05,8142.3,8.348,0.03,392,2388,100.0,39.14,23.3781
7,209,0.0031,-0.0004,100.0,518.67,642.92,1585.73,1393.04,14.62,21.61,557.57,2388.07,9058.78,1.3,47.41,525.02,2388.1,8148.0,8.3782,0.03,392,2388,100.0,39.25,23.6066
7,210,-0.0022,0.0003,100.0,518.67,642.49,1580.63,1397.47,14.62,21.6,557.9,2388.08,9067.36,1.3,47.47,525.1,2388.09,8145.69,8.3634,0.03,393,2388,100.0,39.29,23.5532
7,211,-0.0015,0.0003,100.0,518.67,642.54,1587.47,1404.15,14.62,21.6,558.13,2388.11,9070.44,1.3,47.23,525.6,2388.09,8149.01,8.356,0.03,392,2388,100.0,39.2,23.4909
7,212,0.0007,-0.0,100.0,518.67,641.96,1584.61,1405.38,14.62,21.6,559.13,2388.1,9065.79,1.3,47.36,525.36,2388.08,8146.23,8.3576,0.03,392,2388,100.0,39.27,23.5479
7,213,-0.0027,0.0,100.0,518.67,641.77,1582.29,1398.11,14.62,21.6,557.21,2388.1,9069.98,1.3,47.29,525.27,2388.02,8146.44,8.3443,0.03,392,2388,100.0,39.24,23.4741
7,214,-0.001,0.0003,100.0,518.67,642.85,1594.47,1399.19,14.62,21.6,557.08,2388.13,9071.05,1.3,47.27,525.84,2388.08,8153.68,8.3338,0.03,391,2388,100.0,39.14,23.5322
7,215,-0.0023,-0.0005,100.0,518.67,642.98,1590.86,1399.33,14.62,21.61,558.69,2388.03,9063.92,1.3,47.4,526.04,2388.14,8148.29,8.3709,0.03,390,2388,100.0,39.23,23.548
7,216,0.0043,-0.0001,100.0,518.67,642.75,1582.9,1401.51,14.62,21.61,558.1,2388.11,9070.37,1.31,47.29,525.91,2388.08,8143.87,8.3312,0.03,391,2388,100.0,39.06,23.41
7,217,-0.0011,-0.0005,100.0,518.67,641.98,1585.64,1392.86,14.62,21.6,557.54,2388.08,9062.44,1.3,47.2,525.2,2388.09,8151.43,8.3257,0.03,392,2388,100.0,39.38,23.508
7,218,0.0011,-0.0003,100.0,518.67,642.32,1589.05,1409.12,14.62,21.61,558.21,2388.15,9066.04,1.3,47.38,525.76,2388.13,8154.38,8.3433,0.03,392,2388,100.0,39.29,23.6146
7,219,-0.0009,0.0003,100.0,518.67,641.9,1595.87,1406.85,14.62,21.61,559.26,2388.16,9066.14,1.3,47.39,525.65,2388.13,8146.87,8.3465,0.03,393,2388,100.0,39.33,23.4926
7,220,-0.0021,0.0001,100.0,518.67,642.04,1591.97,1403.07,14.62,21.6,558.13,2388.17,9072.02,1.3,47.39,526.09,2388.1,8147.35,8.3575,0.03,392,2388,100.0,39.07,23.5487
7,221,0.0034,-0.0005,100.0,518.67,642.89,1583.83,1402.99,14.62,21.61,558.2,2388.07,9069.04,1.3,47.27,526.02,2388.12,8147.31,8.3396,0.03,392,2388,100.0,38.99,23.5647
7,222,0.0019,0.0005,100.0,518.67,643.14,1586.38,1403.81,14.62,21.61,558.47,2388.1,9057.99,1.3,47.41,525.34,2388.1,8149.9,8.3717,0.03,394,2388,100.0,39.27,23.5277
7,223,-0.0024,-0.0002,100.0,518.67,642.09,1587.88,1395.39,14.62,21.6,557.93,2388.08,9070.91,1.3,47.27,525.71,2388.09,8144.17,8.3395,0.03,392,2388,100.0,39.13,23.5361
7,224,-0.0015,-0.0001,100.0,518.67,641.73,1585.14,1402.2,14.62,21.61,558.27,2388.16,9066.37,1.3,47.4,525.87,2388.17,8150.18,8.334,0.03,392,2388,100.0,39.12,23.5251
7,225,0.0039,-0.0004,100.0,518.67,642.25,1588.03,1401.88,14.62,21.6,558.19,2388.14,9068.96,1.3,47.5,525.85,2388.14,8150.15,8.3356,0.03,391,2388,100.0,39.2,23.5879
7,226,-0.0026,0.0004,100.0,518.67,642.54,1583.87,1404.32,14.62,21.61,558.73,2388.14,9063.98,1.3,47.47,526.58,2388.12,8153.36,8.3393,0.03,393,2388,100.0,39.26,23.5078
7,227,0.0021,-0.0,100.0,518.67,641.95,1586.49,1401.52,14.62,21.6,558.25,2388.14,9062.87,1.3,47.38,526.15,2388.08,8140.92,8.3849,0.03,393,2388,100.0,39.16,23.4627
7,228,-0.0005,-0.0,100.0,518.67,642.66,1591.49,1402.7,14.62,21.61,558.75,2388.08,9070.87,1.3,47.49,526.27,2388.12,8148.72,8.3562,0.03,392,2388,100.0,39.29,23.5524
7,229,-0.0021,-0.0001,100.0,518.67,642.95,1582.46,1399.82,14.62,21.61,559.5,2388.13,9067.85,1.3,47.31,526.43,2388.11,8145.48,8.333,0.03,392,2388,100.0,39.19,23.4455
7,230,-0.0016,-0.0003,100.0,518.67,642.53,1587.06,1396.74,14.62,21.6,558.74,2388.17,9071.78,1.3,47.48,526.77,2388.13,8150.7,8.4047,0.03,392,2388,100.0,39.23,23.4702
7,231,0.0023,-0.0003,100.0,518.67,642.23,1587.99,1400.58,14.62,21.6,557.87,2388.13,9067.23,1.3,47.24,526.03,2388.14,8145.15,8.3487,0.03,394,2388,100.0,39.35,23.5424
7,232,0.0037,-0.0002,100.0,518.67,642.76,1587.0,1404.2,14.62,21.6,558.44,2388.12,9071.97,1.31,47.55,526.83,2388.09,8158.67,8.3754,0.03,392,2388,100.0,39.25,23.515
7,233,-0.0016,0.0005,100.0,518.67,642.46,1590.58,1403.64,14.62,21.6,558.41,2388.16,9068.03,1.3,47.37,526.28,2388.12,8152.29,8.3572,0.03,391,2388,100.0,39.12,23.5774
7,234,0.0026,-0.0004,100.0,518.67,642.67,1587.76,1404.79,14.62,21.6,558.77,2388.08,9066.04,1.3,47.1,526.61,2388.12,8150.75,8.3356,0.03,393,2388,100.0,39.43,23.4986
7,235,0.0035,-0.0001,100.0,518.67,642.35,1591.84,1392.56,14.62,21.6,559.26,2388.14,9067.12,1.31,47.5,526.59,2388.15,8149.16,8.3533,0.03,392,2388,100.0,39.29,23.4116
7,236,-0.0006,-0.0001,100.0,518.67,642.63,1584.82,1397.49,14.62,21.6,558.72,2388.14,9072.97,1.3,47.37,526.31,2388.14,8149.99,8.3594,0.03,393,2388,100.0,39.14,23.4844
7,237,-0.0006,0.0001,100.0,518.67,642.55,1591.49,1396.39,14.62,21.61,558.16,2388.1,9070.09,1.31,47.52,526.08,2388.13,8147.94,8.3849,0.03,394,2388,100.0,39.27,23.4913
7,238,-0.0001,-0.0005,100.0,518.67,642.3,1589.18,1402.31,14.62,21.61,559.47,2388.22,9075.65,1.31,47.39,526.71,2388.08,8147.38,8.354,0.03,393,2388,100.0,39.41,23.5677
7,239,-0.0039,0.0002,100.0,518.67,642.79,1592.5,1403.88,14.62,21.6,559.27,2388.17,9069.46,1.3,47.35,525.75,2388.17,8142.86,8.3292,0.03,393,2388,100.0,39.22,23.6842
7,240,-0.0017,-0.0001,100.0,518.67,642.11,1597.23,1405.18,14.62,21.6,558.39,2388.15,9067.85,1.3,47.4,526.81,2388.08,8159.1,8.3668,0.03,394,2388,100.0,39.22,23.6604
7,241,0.0021,-0.0005,100.0,518.67,642.06,1591.05,1404.09,14.62,21.61,558.39,2388.16,9076.01,1.31,47.33,526.92,2388.16,8154.65,8.371,0.03,392,2388,100.0,39.24,23.565
7,242,0.0025,-0.0001,100.0,518.67,642.19,1592.75,1404.99,14.62,21.6,558.06,2388.09,9068.86,1.31,47.49,526.21,2388.09,8154.57,8.3373,0.03,393,2388,100.0,38.99,23.6184
7,243,0.0005,-0.0001,100.0,518.67,642.51,1591.81,1406.31,14.62,21.6,558.69,2388.13,9066.86,1.3,47.34,526.67,2388.18,8144.92,8.3579,0.03,392,2388,100.0,39.22,23.5441
7,244,-0.0014,-0.0004,100.0,518.67,641.88,1592.99,1399.83,14.62,21.6,559.2,2388.21,9068.3,1.3,47.37,526.79,2388.18,8158.53,8.3537,0.03,394,2388,100.0,39.31,23.5734
7,245,0.0014,0.0003,100.0,518.67,641.91,1592.37,1406.51,14.62,21.6,559.12,2388.14,9071.98,1.3,47.37,526.34,2388.18,8155.07,8.3214,0.03,392,2388,100.0,39.37,23.509
7,246,-0.0023,0.0,100.0,518.67,642.7,1581.85,1400.57,14.62,21.6,559.08,2388.14,9070.56,1.31,47.47,527.03,2388.22,8156.52,8.3545,0.03,394,2388,100.0,39.2,23.6096
7,247,-0.0007,-0.0002,100.0,518.67,642.3,1592.27,1400.73,14.62,21.6,558.95,2388.16,9074.24,1.3,47.34,527.04,2388.17,8157.9,8.3348,0.03,393,2388,100.0,39.23,23.586
7,248,0.0032,-0.0002,100.0,518.67,642.54,1591.98,1406.67,14.62,21.6,558.91,2388.13,9075.11,1.3,47.46,526.79,2388.19,8154.78,8.3547,0.03,393,2388,100.0,39.25,23.5939
7,249,-0.005,-0.0,100.0,518.67,642.43,1583.21,1405.34,14.62,21.61,559.78,2388.16,9076.36,1.31,47.34,526.98,2388.17,8158.98,8.3416,0.03,394,2388,100.0,39.11,23.564
7,250,-0.0033,0.0004,100.0,518.67,642.6,1581.74,1405.89,14.62,21.6,559.42,2388.18,9068.09,1.3,47.49,527.19,2388.14,8148.56,8.3482,0.03,393,2388,100.0,39.22,23.6752
7,251,-0.0031,-0.0003,100.0,518.67,642.3,1583.88,1405.37,14.62,21.61,559.25,2388.15,9073.25,1.31,47.5,527.04,2388.16,8154.07,8.3257,0.03,392,2388,100.0,39.34,23.5199
7,252,0.0012,0.0001,100.0,518.67,642.64,1591.4,1397.88,14.62,21.61,559.5,2388.25,9076.73,1.31,47.46,526.66,2388.18,8159.31,8.3301,0.03,392,2388,100.0,39.24,23.5562
7,253,0.0007,0.0,100.0,518.67,642.74,1588.8,1399.02,14.62,21.6,558.75,2388.14,9070.97,1.31,47.49,527.38,2388.24,8148.33,8.3466,0.03,394,2388,100.0,39.32,23.6089
7,254,0.001,0.0003,100.0,518.67,642.45,1586.99,1406.57,14.62,21.61,559.96,2388.17,9074.56,1.31,47.38,527.07,2388.16,8154.73,8.3246,0.03,391,2388,100.0,39.4,23.6755
7,255,-0.0035,-0.0002,100.0,518.67,642.69,1592.84,1399.67,14.62,21.61,559.67,2388.24,9079.71,1.31,47.56,527.27,2388.26,8152.84,8.3024,0.03,393,2388,100.0,39.42,23.4848
7,256,-0.0001,-0.0003,100.0,518.67,642.56,1583.08,1407.75,14.62,21.6,559.27,2388.16,9074.82,1.3,47.4,527.46,2388.21,8158.97,8.3361,0.03,391,2388,100.0,39.09,23.5391
7,257,-0.001,-0.0001,100.0,518.67,642.52,1592.38,1402.37,14.62,21.6,559.3,2388.2,9076.5,1.31,47.43,527.19,2388.15,8160.51,8.3291,0.03,395,2388,100.0,39.32,23.6019
7,258,0.0003,-0.0004,100.0,518.67,642.48,1585.96,1404.52,14.62,21.61,559.36,2388.14,9073.44,1.31,47.71,527.27,2388.2,8151.3,8.3273,0.03,394,2388,100.0,39.18,23.6657
7,259,-0.0062,0.0005,100.0,518.67,642.88,1592.93,1401.5,14.62,21.61,559.25,2388.13,9075.5,1.31,47.28,528.04,2388.2,8151.41,8.3599,0.03,393,2388,100.0,39.24,23.6124
7,260,-0.0022,-0.0002,100.0,518.67,642.25,1593.2,1405.83,14.62,21.6,559.76,2388.19,9071.94,1.31,47.53,527.86,2388.16,8152.22,8.3546,0.03,393,2388,100.0,39.07,23.5147
7,261,-0.0002,-0.0002,100.0,518.67,642.27,1591.73,1405.53,14.62,21.61,560.09,2388.22,9073.57,1.3,47.53,527.29,2388.2,8149.29,8.3404,0.03,394,2388,100.0,39.18,23.4978
7,262,-0.0018,0.0002,100.0,518.67,642.74,1590.63,1411.2,14.62,21.61,561.11,2388.2,9075.66,1.31,47.41,527.56,2388.18,8156.4,8.3384,0.03,393,2388,100.0,39.19,23.5286
7,263,0.0046,0.0003,100.0,518.67,642.48,1592.54,1405.25,14.62,21.6,560.27,2388.17,9076.66,1.31,47.44,527.6,2388.14,8154.43,8.3209,0.03,393,2388,100.0,39.58,23.5971
7,264,0.0045,-0.0001,100.0,518.67,643.01,1589.45,1405.32,14.62,21.6,560.09,2388.16,9084.03,1.31,47.35,527.63,2388.1,8155.25,8.2889,0.03,393,2388,100.0,39.3,23.5138
7,265,-0.0028,-0.0004,100.0,518.67,642.36,1587.84,1403.86,14.62,21.6,560.17,2388.17,9081.83,1.3,47.47,528.05,2388.16,8152.64,8.3524,0.03,393,2388,100.0,39.29,23.4495
7,266,0.0004,-0.0001,100.0,518.67,642.36,1586.58,1410.56,14.62,21.61,560.66,2388.22,9076.85,1.31,47.59,527.81,2388.22,8155.5,8.3347,0.03,393,2388,100.0,39.25,23.5725
7,267,-0.0002,-0.0001,100.0,518.67,642.63,1587.56,1406.04,14.62,21.6,559.73,2388.21,9081.79,1.31,47.32,527.73,2388.18,8156.98,8.3187,0.03,392,2388,100.0,39.4,23.5262
7,268,0.0015,0.0001,100.0,518.67,641.79,1584.42,1401.91,14.62,21.61,560.63,2388.21,9079.07,1.31,47.58,528.58,2388.22,8160.04,8.3253,0.03,394,2388,100.0,39.33,23.6335
7,269,0.0027,-0.0004,100.0,518.67,642.03,1589.97,1412.69,14.62,21.61,561.32,2388.21,9080.07,1.31,47.56,528.07,2388.23,8156.37,8.3088,0.03,393,2388,100.0,39.17,23.5618
7,270,-0.0012,-0.0004,100.0,518.67,642.77,1588.67,1409.81,14.62,21.6,560.62,2388.23,9076.91,1.31,47.56,527.72,2388.2,8155.46,8.3531,0.03,394,2388,100.0,39.41,23.687
7,271,0.001,0.0,100.0,518.67,642.47,1590.08,1400.54,14.62,21.6,560.94,2388.22,9076.84,1.3,47.49,528.53,2388.16,8157.35,8.3681,0.03,394,2388,100.0,39.13,23.5644
7,272,0.0024,-0.0002,100.0,518.67,642.57,1589.81,1407.7,14.62,21.61,560.6,2388.26,9075.21,1.31,47.53,527.83,2388.2,8157.38,8.3301,0.03,392,2388,100.0,39.26,23.5673
7,273,-0.0043,0.0002,100.0,518.67,642.61,1592.21,1404.0,14.62,21.61,560.72,2388.27,9082.27,1.31,47.6,529.33,2388.23,8159.02,8.3198,0.03,394,2388,100.0,39.35,23.7584
7,274,-0.0007,-0.0003,100.0,518.67,643.22,1586.94,1405.09,14.62,21.6,560.5,2388.25,9081.15,1.31,47.5,528.54,2388.27,8159.1,8.3179,0.03,395,2388,100.0,39.42,23.5864
7,275,-0.0017,-0.0002,100.0,518.67,642.4,1594.63,1405.64,14.62,21.61,561.33,2388.21,9078.56,1.31,47.41,528.75,2388.23,8160.56,8.3178,0.03,394,2388,100.0,39.14,23.6173
7,276,0.001,-0.0005,100.0,518.67,642.99,1591.87,1409.73,14.62,21.61,561.22,2388.16,9077.51,1.31,47.55,528.72,2388.23,8163.32,8.3455,0.03,392,2388,100.0,39.36,23.4793
7,277,0.0005,-0.0003,100.0,518.67,642.98,1596.31,1404.62,14.62,21.6,560.78,2388.29,9081.32,1.31,47.62,528.66,2388.21,8161.59,8.3083,0.03,395,2388,100.0,39.3,23.6223
7,278,-0.0039,-0.0003,100.0,518.67,642.25,1593.36,1412.15,14.62,21.61,561.31,2388.21,9083.12,1.31,47.63,528.95,2388.25,8160.61,8.3506,0.03,393,2388,100.0,39.29,23.5729
7,279,-0.0028,0.0001,100.0,518.67,642.76,1594.83,1411.51,14.62,21.61,561.8,2388.33,9088.11,1.31,47.56,529.05,2388.26,8156.72,8.3165,0.03,394,2388,100.0,39.34,23.5848
7,280,-0.0052,-0.0001,100.0,518.67,643.18,1590.64,1409.54,14.62,21.61,561.4,2388.25,9080.57,1.31,47.52,528.49,2388.25,8159.98,8.2927,0.03,394,2388,100.0,39.41,23.7422
7,281,-0.0024,-0.0001,100.0,518.67,642.68,1580.29,1409.6,14.62,21.6,561.22,2388.18,9084.83,1.31,47.6,528.41,2388.24,8161.42,8.3009,0.03,393,2388,100.0,39.39,23.8155
7,282,0.0072,0.0003,100.0,518.67,642.08,1593.78,1404.62,14.62,21.6,561.87,2388.22,9078.48,1.31,47.48,529.02,2388.31,8163.54,8.3208,0.03,391,2388,100.0,39.4,23.65
7,283,-0.003,-0.0,100.0,518.67,642.45,1592.86,1409.94,14.62,21.61,560.84,2388.27,9084.92,1.31,47.61,529.41,2388.28,8166.1,8.3438,0.03,392,2388,100.0,39.56,23.5719
7,284,-0.0004,-0.0002,100.0,518.67,642.22,1587.21,1402.24,14.62,21.6,561.89,2388.27,9089.35,1.31,47.73,529.06,2388.28,8157.61,8.3452,0.03,394,2388,100.0,39.36,23.5615
7,285,0.0011,-0.0004,100.0,518.67,642.51,1585.77,1417.2,14.62,21.6,562.05,2388.31,9079.99,1.31,47.61,528.9,2388.26,8161.69,8.2962,0.03,394,2388,100.0,39.41,23.5462
7,286,0.001,-0.0003,100.0,518.67,642.82,1593.41,1414.74,14.62,21.6,561.2,2388.25,9088.12,1.31,47.48,529.82,2388.27,8163.91,8.3241,0.03,394,2388,100.0,39.29,23.6524
7,287,0.0039,-0.0005,100.0,518.67,642.7,1591.98,1396.1,14.62,21.61,561.71,2388.29,9087.37,1.31,47.48,529.67,2388.31,8164.67,8.3267,0.03,394,2388,100.0,39.38,23.6569
7,288,-0.0019,-0.0005,100.0,518.67,642.57,1582.75,1413.89,14.62,21.6,561.41,2388.27,9088.32,1.31,47.61,529.23,2388.28,8163.34,8.308,0.03,394,2388,100.0,39.36,23.5576
7,289,0.0011,0.0001,100.0,518.67,642.72,1587.56,1407.12,14.62,21.6,561.64,2388.21,9088.7,1.31,47.84,529.44,2388.21,8154.77,8.3355,0.03,393,2388,100.0,39.54,23.6991
7,290,0.0038,-0.0003,100.0,518.67,643.07,1596.04,1415.08,14.62,21.61,562.02,2388.3,9090.17,1.31,47.81,529.93,2388.31,8164.55,8.2915,0.03,393,2388,100.0,39.54,23.6507
7,291,0.0025,0.0001,100.0,518.67,642.89,1591.52,1402.58,14.62,21.61,562.78,2388.29,9087.05,1.31,47.7,530.14,2388.3,8160.08,8.3204,0.03,394,2388,100.0,39.61,23.6452
7,292,-0.0006,0.0001,100.0,518.67,642.87,1590.66,1413.83,14.62,21.6,562.66,2388.33,9082.2,1.31,47.55,529.73,2388.31,8163.46,8.316,0.03,395,2388,100.0,39.3,23.7219
7,293,-0.001,-0.0004,100.0,518.67,643.03,1586.9,1414.37,14.62,21.61,562.78,2388.26,9091.54,1.31,47.74,530.21,2388.29,8169.5,8.3409,0.03,393,2388,100.0,39.42,23.698
7,294,-0.0006,-0.0002,100.0,518.67,642.48,1590.46,1402.5,14.62,21.61,562.78,2388.31,9085.5,1.31,47.62,530.72,2388.34,8167.55,8.3572,0.03,394,2388,100.0,39.26,23.628
7,295,-0.0011,0.0004,100.0,518.67,642.65,1592.37,1413.65,14.62,21.61,563.02,2388.36,9094.33,1.31,47.7,530.56,2388.34,8163.21,8.3137,0.03,395,2388,100.0,39.39,23.5625
7,296,-0.0022,0.0003,100.0,518.67,643.22,1592.22,1409.81,14.62,21.6,562.83,2388.34,9088.28,1.31,47.74,530.25,2388.34,8163.84,8.2971,0.03,393,2388,100.0,39.4,23.6389
7,297,0.0007,-0.0001,100.0,518.67,643.09,1596.46,1413.4,14.62,21.61,563.32,2388.3,9099.27,1.31,47.69,530.87,2388.32,8166.67,8.266,0.03,395,2388,100.0,39.32,23.6783
7,298,-0.0009,0.0002,100.0,518.67,642.87,1593.07,1414.53,14.62,21.61,562.52,2388.35,9092.23,1.31,47.68,530.76,2388.35,8169.19,8.3136,0.03,394,2388,100.0,39.45,23.5246
7,299,0.0031,0.0,100.0,518.67,642.71,1594.68,1413.22,14.62,21.61,563.39,2388.31,9099.71,1.31,47.74,530.82,2388.37,8166.35,8.282,0.03,395,2388,100.0,39.58,23.7114
7,300,-0.0024,0.0001,100.0,518.67,642.54,1598.39,1410.56,14.62,21.61,563.16,2388.33,9088.42,1.31,47.73,531.09,2388.34,8167.84,8.3109,0.03,394,2388,100.0,39.42,23.6989
7,301,0.0019,-0.0005,100.0,518.67,642.87,1592.76,1408.65,14.62,21.61,563.65,2388.37,9098.64,1.31,47.76,530.98,2388.31,8170.25,8.2779,0.03,394,2388,100.0,39.49,23.6612
7,302,-0.0012,0.0004,100.0,518.67,642.67,1598.18,1412.5,14.62,21.61,563.57,2388.37,9093.43,1.31,47.72,530.33,2388.34,8173.94,8.2463,0.03,393,2388,100.0,39.46,23.6547
7,303,0.003,-0.0004,100.0,518.67,642.58,1592.15,1412.79,14.62,21.6,562.82,2388.31,9094.9,1.31,47.73,530.61,2388.27,8165.53,8.2641,0.03,393,2388,100.0,39.45,23.616
7,304,-0.0005,-0.0004,100.0,518.67,642.25,1602.36,1413.65,14.62,21.61,563.72,2388.36,9092.32,1.31,47.77,531.47,2388.32,8171.0,8.2659,0.03,395,2388,100.0,39.4,23.6586
7,305,0.0001,-0.0004,100.0,518.67,642.51,1597.94,1421.22,14.62,21.61,563.27,2388.39,9096.89,1.31,47.63,531.13,2388.37,8166.04,8.2763,0.03,395,2388,100.0,39.58,23.6217
7,306,0.0002,0.0003,100.0,518.67,642.9,1592.76,1412.09,14.62,21.61,563.62,2388.41,9099.34,1.31,47.93,531.66,2388.32,8171.25,8.3119,0.03,394,2388,100.0,39.38,23.6488
7,307,0.0018,0.0002,100.0,518.67,642.64,1592.63,1402.06,14.62,21.61,563.55,2388.31,9095.23,1.31,47.73,530.79,2388.33,8172.73,8.3103,0.03,396,2388,100.0,39.47,23.6152
7,308,0.0027,-0.0002,100.0,518.67,642.57,1593.17,1409.83,14.62,21.61,563.48,2388.4,9097.04,1.31,47.62,531.61,2388.35,8169.11,8.2856,0.03,396,2388,100.0,39.36,23.5419
7,309,0.0018,-0.0002,100.0,518.67,642.86,1592.2,1414.31,14.62,21.61,563.67,2388.34,9102.02,1.31,47.83,531.59,2388.34,8176.75,8.3142,0.03,394,2388,100.0,39.53,23.665
7,310,-0.0002,-0.0003,100.0,518.67,642.98,1594.44,1420.95,14.62,21.61,564.8,2388.32,9101.05,1.31,47.62,531.84,2388.35,8173.67,8.2639,0.03,395,2388,100.0,39.45,23.6041
7,311,-0.0011,0.0,100.0,518.67,643.02,1594.15,1406.79,14.62,21.6,565.11,2388.34,9103.47,1.31,47.78,531.48,2388.36,8179.32,8.295,0.03,396,2388,100.0,39.4,23.6504
7,312,-0.0035,-0.0002,100.0,518.67,643.73,1590.89,1419.0,14.62,21.61,564.63,2388.35,9102.57,1.31,48.0,531.93,2388.31,8170.64,8.2774,0.03,395,2388,100.0,39.62,23.7103
7,313,-0.0022,0.0003,100.0,518.67,642.68,1597.9,1413.85,14.62,21.61,564.67,2388.39,9097.86,1.31,47.81,532.54,2388.39,8176.04,8.2866,0.03,395,2388,100.0,39.36,23.69
7,314,0.0032,0.0002,100.0,518.67,642.59,1597.46,1421.3,14.62,21.61,565.17,2388.38,9100.13,1.31,47.71,532.72,2388.39,8176.93,8.268,0.03,395,2388,100.0,39.64,23.8076
7,315,-0.0036,-0.0004,100.0,518.67,643.17,1593.71,1415.77,14.62,21.61,565.23,2388.41,9099.64,1.31,47.95,532.28,2388.37,8176.27,8.253,0.03,395,2388,100.0,39.46,23.6101
7,316,0.0037,0.0001,100.0,518.67,643.1,1601.83,1423.25,14.62,21.61,565.19,2388.4,9100.56,1.31,47.87,532.14,2388.42,8173.18,8.2604,0.03,394,2388,100.0,39.32,23.7716
7,317,0.0023,0.0003,100.0,518.67,643.17,1597.51,1419.75,14.62,21.61,565.32,2388.42,9111.06,1.31,47.86,533.03,2388.45,8178.43,8.2764,0.03,394,2388,100.0,39.47,23.7195
7,318,0.0017,-0.0002,100.0,518.67,643.05,1592.08,1413.58,14.62,21.61,565.74,2388.4,9097.65,1.31,47.81,533.11,2388.38,8176.41,8.2824,0.03,395,2388,100.0,39.46,23.6299
7,319,-0.0013,-0.0005,100.0,518.67,643.11,1603.06,1415.23,14.62,21.61,565.59,2388.43,9104.9,1.31,47.95,533.06,2388.35,8182.04,8.3018,0.03,395,2388,100.0,39.68,23.732
7,320,0.0029,-0.0004,100.0,518.67,643.01,1595.8,1428.4,14.62,21.61,565.34,2388.44,9100.01,1.31,47.86,533.09,2388.41,8179.51,8.2896,0.03,394,2388,100.0,39.51,23.7919
7,321,0.0008,0.0003,100.0,518.67,643.01,1592.39,1414.95,14.62,21.61,565.41,2388.47,9114.17,1.31,47.81,532.53,2388.42,8172.99,8.2731,0.03,395,2388,100.0,39.39,23.601
7,322,-0.0014,-0.0001,100.0,518.67,643.42,1605.21,1419.23,14.62,21.61,567.31,2388.41,9110.58,1.31,47.91,533.91,2388.47,8180.97,8.2779,0.03,395,2388,100.0,39.63,23.7838
7,323,-0.0001,0.0002,100.0,518.67,642.85,1603.64,1421.32,14.62,21.61,566.05,2388.46,9115.44,1.31,47.9,533.59,2388.47,8181.67,8.2706,0.03,395,2388,100.0,39.53,23.7125
7,324,0.005,-0.0002,100.0,518.67,642.79,1604.51,1422.43,14.62,21.61,565.92,2388.45,9113.59,1.31,48.11,533.63,2388.46,8183.24,8.2814,0.03,396,2388,100.0,39.62,23.6776
7,325,-0.0004,-0.0004,100.0,518.67,643.17,1599.43,1412.58,14.62,21.61,565.88,2388.46,9113.26,1.31,47.86,533.55,2388.39,8176.67,8.3066,0.03,395,2388,100.0,39.56,23.79
7,326,-0.0005,-0.0001,100.0,518.67,643.0,1595.16,1419.23,14.62,21.61,566.9,2388.43,9114.74,1.31,48.0,534.24,2388.48,8177.82,8.2774,0.03,397,2388,100.0,39.53,23.7129
7,327,-0.0038,-0.0003,100.0,518.67,643.21,1599.62,1424.4,14.62,21.61,567.01,2388.47,9108.54,1.31,48.02,534.11,2388.45,8183.02,8.2705,0.03,395,2388,100.0,39.51,23.7438
7,328,0.0046,0.0001,100.0,518.67,643.41,1596.6,1418.56,14.62,21.61,566.34,2388.43,9110.86,1.31,47.83,533.86,2388.45,8176.5,8.2758,0.03,396,2388,100.0,39.59,23.7047
7,329,-0.0009,0.0004,100.0,518.67,643.23,1600.66,1419.46,14.62,21.61,567.0,2388.46,9113.06,1.31,48.01,534.3,2388.46,8181.8,8.2139,0.03,396,2388,100.0,39.59,23.6173
7,330,-0.0018,-0.0,100.0,518.67,642.95,1606.98,1416.28,14.62,21.61,567.67,2388.38,9111.2,1.31,48.15,534.39,2388.47,8183.99,8.2534,0.03,398,2388,100.0,39.69,23.7854
7,331,-0.0001,0.0002,100.0,518.67,643.3,1600.71,1416.71,14.62,21.61,567.45,2388.47,9111.98,1.31,47.83,534.77,2388.53,8188.95,8.274,0.03,397,2388,100.0,39.55,23.7604
7,332,-0.0012,-0.0001,100.0,518.67,643.3,1598.72,1421.05,14.62,21.61,567.68,2388.5,9113.32,1.31,48.02,535.63,2388.49,8187.58,8.2623,0.03,398,2388,100.0,39.57,23.6867
7,333,0.0048,0.0005,100.0,518.67,643.38,1604.27,1423.13,14.62,21.61,567.19,2388.5,9114.75,1.31,48.13,535.05,2388.51,8182.08,8.2281,0.03,396,2388,100.0,39.48,23.6888
8,1,-0.0004,0.0003,100.0,518.67,642.19,1584.27,1388.88,14.62,21.61,554.14,2388.03,9051.08,1.3,47.25,522.35,2387.97,8139.27,8.38,0.03,392,2388,100.0,38.98,23.5159
8,2,-0.0023,-0.0002,100.0,518.67,642.15,1575.34,1393.77,14.62,21.6,555.14,2387.96,9057.74,1.3,47.31,523.08,2387.99,8140.38,8.3631,0.03,390,2388,100.0,39.21,23.4434
8,3,0.0008,0.0004,100.0,518.67,641.88,1580.17,1395.96,14.62,21.61,554.45,2387.99,9058.29,1.3,47.08,522.78,2388.0,8142.72,8.391,0.03,390,2388,100.0,38.88,23.4678
8,4,-0.002,0.0,100.0,518.67,642.05,1583.95,1399.43,14.62,21.61,554.33,2388.01,9054.32,1.3,47.12,522.39,2388.05,8135.55,8.4096,0.03,391,2388,100.0,39.13,23.4224
8,5,-0.0016,0.0002,100.0,518.67,641.99,1583.11,1391.97,14.62,21.61,554.34,2387.99,9062.55,1.3,47.23,522.36,2387.96,8133.4,8.3379,0.03,391,2388,100.0,38.97,23.3912
8,6,0.0004,-0.0005,100.0,518.67,641.47,1587.02,1399.43,14.62,21.61,555.2,2387.96,9055.28,1.3,47.04,521.72,2387.94,8138.98,8.3614,0.03,390,2388,100.0,39.18,23.4724
8,7,-0.0026,-0.0,100.0,518.67,642.06,1585.5,1394.64,14.62,21.6,554.7,2387.98,9053.94,1.3,47.07,522.75,2388.0,8132.97,8.3504,0.03,390,2388,100.0,39.07,23.4873
8,8,0.0005,0.0,100.0,518.67,641.77,1587.73,1400.33,14.62,21.61,555.07,2388.01,9052.0,1.3,47.07,522.64,2387.97,8136.99,8.3658,0.03,391,2388,100.0,39.17,23.3601
8,9,0.0036,-0.0003,100.0,518.67,642.2,1582.91,1393.17,14.62,21.6,554.56,2388.01,9050.64,1.3,47.1,523.08,2388.02,8137.47,8.3686,0.03,391,2388,100.0,39.16,23.4345
8,10,-0.0016,0.0002,100.0,518.67,641.65,1590.78,1394.03,14.62,21.61,555.54,2387.96,9057.75,1.3,47.1,523.28,2387.99,8139.58,8.3712,0.03,390,2388,100.0,39.21,23.4442
8,11,0.0008,-0.0001,100.0,518.67,642.14,1586.96,1399.02,14.62,21.61,553.51,2387.99,9051.72,1.3,47.08,522.58,2387.98,8134.52,8.384,0.03,390,2388,100.0,39.18,23.4574
8,12,-0.0013,0.0004,100.0,518.67,641.93,1588.45,1394.7,14.62,21.6,554.48,2388.04,9052.07,1.3,47.14,522.14,2388.0,8142.59,8.3915,0.03,391,2388,100.0,39.15,23.426
8,13,-0.0015,0.0004,100.0,518.67,642.15,1582.11,1390.79,14.62,21.61,554.28,2387.96,9052.81,1.3,47.15,522.24,2388.01,8143.23,8.399,0.03,390,2388,100.0,39.16,23.3162
8,14,0.0002,-0.0004,100.0,518.67,642.1,1581.45,1394.58,14.62,21.61,554.52,2387.98,9049.79,1.3,47.1,522.94,2388.01,8141.64,8.3652,0.03,391,2388,100.0,38.98,23.5039
8,15,-0.0029,-0.0001,100.0,518.67,641.97,1576.57,1393.86,14.62,21.61,555.14,2388.01,9058.14,1.3,47.36,522.46,2388.02,8137.68,8.3905,0.03,391,2388,100.0,39.17,23.5414
8,16,-0.0042,-0.0002,100.0,518.67,642.16,1586.64,1396.24,14.62,21.61,554.94,2388.03,9056.17,1.3,47.09,522.36,2387.97,8144.27,8.4087,0.03,391,2388,100.0,39.09,23.5648
8,17,0.0002,-0.0,100.0,518.67,641.76,1571.28,1396.3,14.62,21.61,554.71,2388.02,9052.21,1.3,47.09,522.04,2388.01,8138.16,8.3722,0.03,390,2388,100.0,39.16,23.3519
8,18,0.001,0.0001,100.0,518.67,641.63,1585.55,1402.22,14.62,21.61,555.08,2388.01,9053.29,1.3,47.11,522.3,2388.01,8136.2,8.3589,0.03,390,2388,100.0,39.0,23.3567
8,19,-0.0028,-0.0004,100.0,518.67,641.74,1573.21,1387.8,14.62,21.61,554.78,2388.02,9052.28,1.3,47.2,522.2,2387.97,8144.24,8.3741,0.03,390,2388,100.0,38.99,23.5146
8,20,0.0001,-0.0003,100.0,518.67,641.87,1578.02,1395.67,14.62,21.61,554.31,2388.03,9054.9,1.3,47.0,522.29,2387.96,8137.46,8.3869,0.03,391,2388,100.0,39.02,23.427
8,21,0.0018,0.0001,100.0,518.67,642.58,1584.6,1402.66,14.62,21.61,554.96,2388.03,9057.75,1.3,47.05,522.37,2387.97,8137.19,8.3826,0.03,390,2388,100.0,39.19,23.4182
8,22,0.0061,0.0003,100.0,518.67,642.41,1587.57,1394.53,14.62,21.61,554.53,2387.98,9064.5,1.3,47.02,523.18,2388.0,8141.31,8.3791,0.03,390,2388,100.0,39.25,23.5128
8,23,-0.0026,-0.0,100.0,518.67,642.16,1587.9,1400.16,14.62,21.61,554.12,2387.99,9055.25,1.3,47.09,522.73,2387.97,8136.05,8.3672,0.03,390,2388,100.0,39.15,23.4371
8,24,-0.0007,0.0003,100.0,518.67,641.71,1582.73,1387.46,14.62,21.61,554.05,2388.02,9052.64,1.3,47.08,523.08,2388.02,8140.31,8.4123,0.03,392,2388,100.0,39.1,23.3803
8,25,-0.0005,-0.0003,100.0,518.67,641.99,1579.01,1394.76,14.62,21.6,555.49,2387.95,9055.5,1.3,46.94,522.9,2388.01,8139.4,8.3679,0.03,389,2388,100.0,39.09,23.357
8,26,0.0016,0.0003,100.0,518.67,642.0,1584.31,1395.78,14.62,21.61,553.97,2387.99,9055.2,1.3,47.06,522.61,2388.02,8137.96,8.3898,0.03,391,2388,100.0,39.22,23.4923
8,27,-0.0024,-0.0003,100.0,518.67,641.84,1581.16,1391.62,14.62,21.61,554.32,2388.05,9061.68,1.3,47.03,522.46,2387.98,8135.55,8.414,0.03,391,2388,100.0,39.03,23.345
8,28,0.0003,0.0,100.0,518.67,641.32,1578.37,1393.57,14.62,21.61,554.63,2387.99,9059.79,1.3,47.11,522.64,2387.99,8143.08,8.3825,0.03,391,2388,100.0,39.18,23.4131
8,29,-0.0027,0.0005,100.0,518.67,641.88,1579.83,1392.29,14.62,21.61,554.81,2387.99,9058.49,1.3,46.98,522.85,2387.98,8140.58,8.3578,0.03,390,2388,100.0,38.95,23.4832
8,30,0.0009,0.0004,100.0,518.67,641.77,1580.61,1397.68,14.62,21.6,554.46,2387.99,9059.79,1.3,47.14,522.56,2387.93,8139.68,8.3797,0.03,389,2388,100.0,39.04,23.4404
8,31,0.0002,0.0001,100.0,518.67,642.13,1583.94,1397.11,14.62,21.61,554.76,2388.07,9050.37,1.3,47.14,522.29,2387.94,8137.26,8.3957,0.03,391,2388,100.0,39.11,23.4401
8,32,0.0006,0.0001,100.0,518.67,642.08,1581.67,1399.13,14.62,21.61,554.27,2388.02,9060.1,1.3,47.2,522.37,2387.96,8140.99,8.3914,0.03,390,2388,100.0,39.17,23.362
8,33,-0.0011,-0.0002,100.0,518.67,641.93,1580.44,1397.91,14.62,21.61,554.62,2387.96,9057.4,1.3,47.16,522.44,2387.97,8140.74,8.3913,0.03,391,2388,100.0,39.2,23.443
8,34,-0.0,-0.0001,100.0,518.67,641.9,1585.01,1394.67,14.62,21.61,554.6,2388.02,9051.28,1.3,47.08,522.58,2388.0,8139.64,8.3653,0.03,391,2388,100.0,38.94,23.4799
8,35,-0.0011,0.0,100.0,518.67,641.91,1582.88,1392.28,14.62,21.61,554.65,2387.96,9054.37,1.3,47.14,523.25,2387.99,8139.71,8.3955,0.03,392,2388,100.0,39.09,23.4281
8,36,-0.0009,0.0001,100.0,518.67,642.08,1586.79,1391.88,14.62,21.61,555.19,2388.0,9055.75,1.3,47.09,522.22,2388.01,8141.45,8.3682,0.03,390,2388,100.0,38.94,23.4919
8,37,-0.0006,-0.0,100.0,518.67,641.55,1588.19,1399.32,14.62,21.61,554.95,2387.96,9052.45,1.3,47.12,522.69,2388.01,8139.17,8.3757,0.03,390,2388,100.0,39.06,23.4175
8,38,0.0,-0.0001,100.0,518.67,641.38,1582.64,1394.16,14.62,21.61,555.13,2388.02,9049.83,1.3,47.1,522.55,2388.0,8141.68,8.3599,0.03,391,2388,100.0,38.97,23.436
8,39,0.0011,-0.0002,100.0,518.67,642.27,1574.27,1394.99,14.62,21.6,555.14,2388.04,9058.68,1.3,47.1,522.66,2388.03,8132.84,8.3559,0.03,392,2388,100.0,39.01,23.4006
8,40,-0.0011,0.0003,100.0,518.67,642.11,1581.75,1395.41,14.62,21.6,553.91,2388.03,9056.68,1.3,47.22,522.75,2387.93,8142.53,8.4157,0.03,390,2388,100.0,38.97,23.3903
8,41,-0.0005,0.0005,100.0,518.67,641.67,1577.85,1387.82,14.62,21.61,555.39,2388.03,9052.18,1.3,47.18,522.2,2388.0,8141.97,8.3497,0.03,391,2388,100.0,39.13,23.4022
8,42,0.001,0.0002,100.0,518.67,641.27,1586.26,1400.59,14.62,21.61,554.41,2387.96,9060.33,1.3,47.17,522.44,2387.99,8138.09,8.3934,0.03,391,2388,100.0,38.88,23.3724
8,43,-0.0001,-0.0002,100.0,518.67,641.96,1592.59,1399.03,14.62,21.6,554.8,2387.97,9057.27,1.3,47.3,522.68,2388.02,8139.31,8.4126,0.03,392,2388,100.0,39.01,23.4452
8,44,-0.0004,-0.0005,100.0,518.67,641.82,1581.08,1389.51,14.62,21.61,554.73,2387.96,9063.31,1.3,47.23,522.75,2388.04,8139.19,8.4211,0.03,391,2388,100.0,38.97,23.329
8,45,-0.0026,0.0003,100.0,518.67,642.39,1585.36,1399.24,14.62,21.6,554.64,2388.0,9053.06,1.3,47.26,522.8,2388.02,8141.57,8.374,0.03,391,2388,100.0,39.02,23.3684
8,46,0.0043,-0.0003,100.0,518.67,642.31,1581.53,1400.93,14.62,21.61,554.77,2387.97,9057.26,1.3,47.19,522.28,2388.09,8138.24,8.4021,0.03,392,2388,100.0,39.09,23.4823
8,47,0.0021,-0.0002,100.0,518.67,642.08,1580.8,1395.66,14.62,21.61,554.37,2388.05,9058.2,1.3,47.2,522.28,2387.98,8143.19,8.3825,0.03,391,2388,100.0,39.15,23.3917
8,48,-0.0001,-0.0,100.0,518.67,641.9,1584.96,1396.89,14.62,21.61,554.27,2387.99,9047.98,1.3,47.31,522.56,2388.0,8139.78,8.3892,0.03,391,2388,100.0,39.09,23.4502
8,49,0.0005,0.0003,100.0,518.67,641.73,1579.48,1396.23,14.62,21.6,554.13,2388.04,9065.01,1.3,47.12,522.85,2388.0,8144.97,8.3985,0.03,392,2388,100.0,39.11,23.4101
8,50,0.0,-0.0003,100.0,518.67,642.04,1584.21,1392.49,14.62,21.61,554.83,2388.02,9055.37,1.3,47.26,522.26,2388.01,8133.31,8.3945,0.03,391,2388,100.0,39.04,23.4322
8,51,-0.0038,0.0002,100.0,518.67,641.88,1577.35,1390.02,14.62,21.61,554.61,2387.97,9056.24,1.3,47.06,522.62,2388.01,8138.94,8.4029,0.03,392,2388,100.0,39.07,23.4363
8,52,-0.0004,-0.0001,100.0,518.67,642.16,1583.02,1399.16,14.62,21.6,554.57,2388.0,9059.18,1.3,47.22,522.37,2388.05,8137.32,8.3833,0.03,392,2388,100.0,39.1,23.547
8,53,-0.0037,-0.0003,100.0,518.67,642.16,1577.62,1392.44,14.62,21.61,554.91,2388.01,9058.94,1.3,47.17,522.29,2388.03,8147.25,8.3851,0.03,390,2388,100.0,39.07,23.2477
8,54,0.0012,-0.0004,100.0,518.67,642.23,1585.09,1403.66,14.62,21.6,554.68,2388.02,9051.46,1.3,47.22,522.55,2387.98,8137.7,8.4056,0.03,392,2388,100.0,39.03,23.4489
8,55,-0.0016,-0.0005,100.0,518.67,641.76,1585.63,1396.53,14.62,21.61,554.12,2388.05,9057.3,1.3,47.21,523.09,2388.04,8139.58,8.3477,0.03,391,2388,100.0,39.03,23.4593
8,56,-0.0003,-0.0003,100.0,518.67,641.61,1577.81,1395.13,14.62,21.61,554.47,2387.98,9055.57,1.3,47.12,522.12,2387.98,8138.59,8.4136,0.03,392,2388,100.0,39.04,23.4779
8,57,-0.0028,-0.0003,100.0,518.67,641.92,1585.3,1394.66,14.62,21.61,554.99,2388.08,9053.82,1.3,47.1,522.52,2388.05,8140.1,8.3673,0.03,390,2388,100.0,38.82,23.4785
8,58,0.0025,0.0002,100.0,518.67,642.02,1580.02,1392.81,14.62,21.61,554.63,2388.03,9053.58,1.3,47.12,522.33,2388.02,8137.31,8.3802,0.03,392,2388,100.0,39.02,23.3689
8,59,0.0006,0.0003,100.0,518.67,642.2,1580.22,1395.0,14.62,21.61,554.81,2388.06,9056.08,1.3,47.25,522.8,2388.06,8141.92,8.4072,0.03,391,2388,100.0,39.12,23.4586
8,60,0.0,0.0001,100.0,518.67,642.66,1591.43,1400.97,14.62,21.61,554.17,2388.03,9053.5,1.3,47.04,522.69,2388.0,8135.83,8.4018,0.03,391,2388,100.0,39.19,23.53
8,61,0.001,-0.0002,100.0,518.67,642.27,1582.82,1397.66,14.62,21.6,554.24,2387.98,9061.27,1.3,47.19,522.12,2388.03,8139.42,8.3746,0.03,390,2388,100.0,38.98,23.4701
8,62,-0.0027,0.0001,100.0,518.67,641.98,1586.95,1389.98,14.62,21.61,554.43,2387.98,9051.88,1.3,47.35,521.82,2388.06,8141.99,8.3881,0.03,392,2388,100.0,39.12,23.5216
8,63,-0.0009,0.0004,100.0,518.67,641.84,1586.85,1396.58,14.62,21.61,554.38,2387.98,9059.48,1.3,47.27,521.86,2387.97,8139.63,8.379,0.03,392,2388,100.0,39.12,23.4666
8,64,0.0,0.0003,100.0,518.67,642.21,1587.29,1402.97,14.62,21.61,555.37,2388.05,9060.96,1.3,47.38,522.64,2388.06,8138.57,8.4115,0.03,392,2388,100.0,39.04,23.4317
8,65,0.0011,0.0004,100.0,518.67,642.28,1583.69,1397.68,14.62,21.61,553.02,2387.95,9069.24,1.3,47.01,522.41,2387.95,8141.9,8.3839,0.03,391,2388,100.0,39.04,23.5453
8,66,0.0022,0.0004,100.0,518.67,642.4,1579.82,1400.17,14.62,21.61,555.0,2388.01,9058.07,1.3,47.11,522.26,2387.98,8144.36,8.3896,0.03,391,2388,100.0,38.98,23.3378
8,67,-0.0003,0.0001,100.0,518.67,642.84,1582.05,1392.95,14.62,21.61,554.88,2388.0,9058.51,1.3,47.19,522.88,2388.01,8140.99,8.3844,0.03,392,2388,100.0,38.88,23.3527
8,68,-0.0011,-0.0003,100.0,518.67,641.55,1582.21,1393.48,14.62,21.61,553.97,2388.06,9061.11,1.3,47.27,522.82,2388.01,8140.24,8.3985,0.03,391,2388,100.0,39.12,23.4651
8,69,0.0023,-0.0003,100.0,518.67,641.93,1582.96,1399.25,14.62,21.6,554.21,2388.0,9061.14,1.3,47.09,522.51,2388.01,8136.27,8.4125,0.03,393,2388,100.0,39.18,23.3915
8,70,-0.0015,0.0002,100.0,518.67,642.41,1590.22,1389.44,14.62,21.61,553.85,2388.03,9061.92,1.3,47.16,522.49,2387.95,8143.01,8.3993,0.03,391,2388,100.0,39.17,23.4151
8,71,0.0051,0.0001,100.0,518.67,642.22,1582.99,1397.27,14.62,21.61,555.25,2388.11,9061.91,1.3,47.38,522.11,2388.02,8137.77,8.3717,0.03,391,2388,100.0,39.14,23.3917
8,72,0.001,0.0002,100.0,518.67,641.84,1590.15,1397.52,14.62,21.6,554.32,2387.99,9061.11,1.3,47.1,522.45,2388.04,8140.72,8.3729,0.03,391,2388,100.0,39.24,23.4375
8,73,-0.0027,-0.0003,100.0,518.67,642.08,1588.21,1400.85,14.62,21.61,554.38,2388.04,9058.73,1.3,47.42,522.41,2388.03,8138.12,8.4302,0.03,390,2388,100.0,39.13,23.4366
8,74,0.0033,-0.0003,100.0,518.67,642.3,1578.78,1401.98,14.62,21.61,554.74,2387.94,9056.32,1.3,47.04,522.74,2388.01,8135.67,8.392,0.03,391,2388,100.0,39.04,23.4726
8,75,-0.003,0.0003,100.0,518.67,642.17,1588.38,1398.5,14.62,21.61,554.95,2388.02,9056.39,1.3,47.22,522.29,2388.02,8142.33,8.4075,0.03,391,2388,100.0,39.13,23.4896
8,76,-0.0003,-0.0001,100.0,518.67,641.88,1586.35,1391.26,14.62,21.6,554.71,2388.0,9060.53,1.3,47.07,522.95,2387.96,8135.82,8.3838,0.03,391,2388,100.0,39.09,23.3599
8,77,-0.0008,0.0,100.0,518.67,642.24,1586.39,1398.06,14.62,21.61,554.93,2388.02,9053.87,1.3,47.22,521.83,2387.97,8133.63,8.3946,0.03,393,2388,100.0,39.05,23.3755
8,78,-0.0037,-0.0,100.0,518.67,642.06,1589.14,1396.73,14.62,21.61,554.3,2388.03,9054.83,1.3,47.13,522.53,2388.03,8139.15,8.3884,0.03,393,2388,100.0,39.1,23.4819
8,79,0.0009,-0.0002,100.0,518.67,642.31,1587.2,1402.77,14.62,21.61,553.51,2388.02,9055.67,1.3,47.19,522.43,2388.02,8139.37,8.429,0.03,391,2388,100.0,39.11,23.4537
8,80,-0.0011,0.0005,100.0,518.67,642.1,1587.87,1391.71,14.62,21.6,553.49,2388.02,9057.06,1.3,47.15,522.48,2387.97,8136.71,8.3677,0.03,392,2388,100.0,39.0,23.4692
8,81,-0.0007,0.0004,100.0,518.67,642.17,1582.08,1393.15,14.62,21.6,555.01,2387.99,9063.84,1.3,47.14,522.86,2388.04,8140.65,8.3806,0.03,391,2388,100.0,39.17,23.3928
8,82,0.0026,-0.0003,100.0,518.67,642.12,1591.81,1389.42,14.62,21.61,554.14,2388.02,9053.18,1.3,47.15,522.6,2388.01,8144.95,8.4149,0.03,391,2388,100.0,38.91,23.3695
8,83,-0.0005,0.0001,100.0,518.67,641.69,1586.98,1396.87,14.62,21.61,554.97,2388.05,9058.97,1.3,47.12,521.76,2388.02,8141.54,8.4016,0.03,393,2388,100.0,39.09,23.4501
8,84,0.0004,0.0004,100.0,518.67,641.88,1581.66,1397.04,14.62,21.61,554.65,2388.04,9064.84,1.3,47.19,522.28,2388.04,8136.8,8.3819,0.03,391,2388,100.0,39.07,23.4504
8,85,-0.0019,-0.0005,100.0,518.67,642.05,1584.97,1396.37,14.62,21.61,554.24,2387.99,9065.77,1.3,47.05,522.4,2387.97,8142.45,8.4186,0.03,390,2388,100.0,39.02,23.4904
8,86,-0.004,-0.0003,100.0,518.67,642.01,1577.73,1399.35,14.62,21.61,554.46,2387.97,9055.33,1.3,47.37,522.65,2388.03,8143.99,8.3951,0.03,393,2388,100.0,38.87,23.4451
8,87,-0.0027,-0.0002,100.0,518.67,641.8,1586.19,1392.41,14.62,21.61,554.55,2388.03,9060.43,1.3,47.33,521.86,2388.01,8140.47,8.4147,0.03,391,2388,100.0,38.92,23.5074
8,88,0.0003,0.0002,100.0,518.67,641.78,1587.06,1403.43,14.62,21.6,554.04,2387.97,9055.91,1.3,47.19,522.4,2388.02,8143.09,8.3841,0.03,393,2388,100.0,38.88,23.4154
8,89,0.0014,-0.0005,100.0,518.67,641.93,1593.98,1395.43,14.62,21.61,554.3,2388.04,9058.39,1.3,47.02,522.33,2388.0,8144.2,8.3882,0.03,392,2388,100.0,38.91,23.4775
8,90,0.001,-0.0005,100.0,518.67,642.35,1587.07,1394.22,14.62,21.61,554.28,2388.02,9055.87,1.3,47.05,522.79,2388.03,8141.22,8.3832,0.03,392,2388,100.0,38.94,23.5002
8,91,0.0001,-0.0,100.0,518.67,641.82,1589.67,1396.66,14.62,21.61,554.3,2388.0,9064.14,1.3,47.26,522.45,2387.99,8137.74,8.3874,0.03,391,2388,100.0,38.94,23.3683
8,92,0.0016,-0.0003,100.0,518.67,642.67,1584.83,1394.42,14.62,21.61,554.62,2388.01,9067.52,1.3,47.17,522.53,2388.0,8141.9,8.38,0.03,391,2388,100.0,39.05,23.378
8,93,-0.0002,-0.0002,100.0,518.67,642.4,1585.82,1391.22,14.62,21.61,553.87,2388.03,9064.02,1.3,47.29,522.11,2388.0,8134.72,8.3815,0.03,392,2388,100.0,38.9,23.3912
8,94,-0.0031,0.0,100.0,518.67,641.3,1583.89,1406.03,14.62,21.61,554.15,2388.02,9059.53,1.3,47.2,521.6,2388.04,8138.85,8.396,0.03,392,2388,100.0,38.98,23.4589
8,95,0.0007,-0.0003,100.0,518.67,642.32,1585.11,1390.01,14.62,21.61,554.6,2388.04,9052.78,1.3,47.05,522.73,2387.98,8138.86,8.4064,0.03,392,2388,100.0,38.97,23.4327
