ExportDate;EquipmentID;Cycle;Timestamp;Sensor_2;Sensor_3;Sensor_4;Sensor_7;Sensor_8;Sensor_9;Sensor_11;Sensor_12;Sensor_13;Sensor_14;Sensor_15;Sensor_17;LatentZ1;LatentZ2;NearestDistance;PredictedStatus;WorkOrder;MaintenanceCost
02-Jul-2026;  ENG-055 ;70;2026-01-03 22:00:00;642.5400;1589.5200;1404.5300;554.1800;2388.1100;9056.1300;47.3600;522.4400;2388.0700;8137.1100;8.4697;393.0000;0.040994;-0.551552;0.001665;HEALTHY;WO985082;1589.70
2026-07-02;  ENG-093 ;106;2026-01-05 10:00:00;642.9400;1587.4200;1405.7300;553.7500;2388.0800;9057.5000;47.6400;521.5100;2388.1100;8140.5700;8.4492;393.0000;0.062416;0.009089;0.002764;Healthy;WO350981;2993.48
2026-07-02;  ENG-012 ;141;2026-01-06 21:00:00;642.7600;1582.8100;1398.5200;553.7200;2388.0500;9053.4500;47.2100;521.8100;2388.0300;8139.3700;8.4114;392.0000;0.016408;-0.852045;0.001674;Healthy;WO704789;1599.55
02-Jul-2026;ENG-019;55;2026-01-03 07:00:00;642.1500;1580.5900;1390.7700;554.5000;2388.0200;9058.9000;47.2500;522.3700;2388.0400;8132.4200;8.3873;392.0000;0.024052;-1.160010;0.000846;Healthy;WO334756;654.10
2026/07/02;ENG-061;61;2026-01-03 13:00:00;642.1400;1588.5600;1402.3200;554.5700;2388.0500;9065.9900;47.3300;522.1800;2388.0500;8149.4600;8.4310;392.0000;0.040389;-0.797827;0.002847;Healthy;WO881548;
2026-07-02;  ENG-078 ;42;2026-01-02 18:00:00;642.1000;1575.2100;1391.2300;554.7600;2387.9300;9063.1300;47.2300;522.4600;2387.9800;8146.7300;8.3904;390.0000;0.069929;-1.364747;0.006348;Healthy;WO149252;2573.01
2026/07/02;ENG-031;81;2026-01-04 09:00:00;642.1400;1586.3200;1403.2400;553.5400;2388.0500;9066.5300;47.4800;521.8300;2388.0100;8149.0500;8.4371;391.0000;0.057575;-0.748508;;healthy;WO971868;2,052.39
2026/07/02;ENG-007;66;2026-01-03 18:00:00;641.8700;1582.2800;1396.6500;554.2600;2388.0700;9054.9100;47.3600;521.6200;2388.0100;8144.4100;8.3947;392.0000;0.036839;-1.051580;0.000000;Healthy;WO134950;2236.17
2026/07/02;eng-055;43;2026-01-02 19:00:00;642.3000;1584.1000;1401.2100;553.8100;2388.0600;9056.4100;47.3600;521.8900;2388.0700;8138.0900;8.4398;391.0000;0.027072;-0.733670;0.002354;Healthy;WO570387;418.49
2026-07-02;ENG-014;18;2026-01-01 18:00:00;642.5400;1586.3600;1410.6600;553.6200;2388.1500;9035.3600;47.6700;520.9500;2388.1800;8118.1400;8.4765;393.0000;-0.075406;0.304181;0.015084;Healthy;WO385949;2596.89
2026-07-02;ENG-096;63;2026-01-03 15:00:00;641.9000;1584.3000;1398.6800;555.0600;2388.0200;9066.6800;47.1100;522.1400;2387.9600;8150.9700;8.4368;391.0000;0.058291;-1.200514;0.002466;Healthy;WO333850;2,219.80
02-Jul-2026;  ENG-091 ;85;2026-01-04 13:00:00;643.6200;1592.6800;1406.6300;552.2700;2388.1200;9053.6600;47.5200;521.2300;2388.1500;8121.7300;8.4348;393.0000;-0.007024;0.386875;0.002522;Healthy;WO230302;752.39
2026/07/02;eng-025;18;2026-01-01 18:00:00;641.9900;1586.7600;1408.1900;553.1800;2388.1100;9048.8900;47.4200;521.6200;2388.1400;8134.9300;8.3924;391.0000;0.030596;-0.299438;0.001851;Healthy;WO531342;561.90
02-Jul-2026;ENG-021;96;2026-01-05 00:00:00;642.4100;1585.0700;1402.7300;553.5000;2388.0700;9052.9100;47.2000;522.1700;2388.0100;8145.0800;8.4245;393.0000;0.036176;-0.784344;0.001691;Healthy;WO214387;229.68
2026/07/02;ENG-093;93;2026-01-04 21:00:00;642.9100;1600.3800;1408.6800;552.7600;2388.0900;9060.4400;47.5500;520.8600;2388.1500;8136.0200;8.4070;393.0000;0.041176;0.259710;0.002965;Warning;WO329597;11,177.05
02-Jul-2026;eng-092;71;2026-01-03 23:00:00;642.7900;1587.8600;1417.5500;552.7100;2388.1800;9042.3400;47.7200;521.4400;2388.1200;8117.9500;8.4218;391.0000;-0.029528;0.177648;0.002686;Healthy;WO815152;1064.99
2026-07-02;ENG-060;97;2026-01-05 01:00:00;642.8600;1588.9900;1405.5900;554.3500;2388.1100;9052.9000;47.5700;521.6100;2388.1300;8129.0800;8.4649;393.0000;0.019011;0.021009;0.001957;Healthy;WO632170;970.58
2026/07/02;ENG-012;82;2026-01-04 10:00:00;642.0800;1579.7700;1396.9700;554.2200;2388.0200;9049.8400;47.3300;522.3600;2387.9300;8143.1200;8.3569;392.0000;0.049058;-1.152889;0.001424;Healthy;WO317125;1,193.83
2026-07-02;  ENG-031 ;72;2026-01-04 00:00:00;642.9600;1588.0100;1405.4000;553.8600;2388.0500;9071.6200;47.3900;522.0000;2387.9700;8147.3500;8.4151;391.0000;0.067397;-0.552806;0.002735;Healthy;WO241298;208.73
2026-07-02;ENG-008;90;2026-01-04 18:00:00;642.8300;1595.4800;1408.3500;553.6400;2388.1000;9048.7400;47.7400;521.1100;2388.1000;8126.0700;8.4592;392.0000;0.023368;0.042007;0.002600;Healthy;WO450894;1574.65
2026-07-02;ENG-050;45;2026-01-02 21:00:00;642.2800;1588.6000;1399.9000;554.0700;2388.0700;9060.4300;47.3300;521.8100;2388.0500;8142.8400;8.3939;395.0000;0.038294;-0.529348;0.002163;Healthy;WO801687;1573.77
02-Jul-2026;ENG-053;106;2026-01-05 10:00:00;641.9100;1596.5100;1394.3100;553.3800;2388.0600;9063.8500;47.4700;521.7600;2388.0300;8143.5400;8.4285;394.0000;0.065494;-0.446637;0.003361;healthy;WO828724;2,361.92
02-Jul-2026;ENG-061;92;2026-01-04 20:00:00;642.3700;1588.6600;1402.0100;553.9100;2388.0400;9066.1000;47.2300;521.7400;2388.0700;8145.4200;8.4218;391.0000;0.029806;-0.803018;0.002184;Healthy;WO895068;2843.62
2026/07/02;ENG-089;69;2026-01-03 21:00:00;642.2300;1590.7400;1409.3500;553.8900;2388.1200;9053.1400;47.4800;521.3900;2388.1400;8125.2000;8.4125;393.0000;0.021900;-0.217407;0.001796;Healthy;WO748840;
2026/07/02;  ENG-046 ;52;2026-01-03 04:00:00;642.0000;1587.2800;1408.3100;552.6600;2388.0700;9068.6600;47.4300;522.3300;2388.1500;8145.3000;8.4296;393.0000;0.073203;-0.291032;0.001942;Healthy;WO744909;2,312.03
02-Jul-2026;ENG-049;144;2026-01-07 00:00:00;642.3500;1588.6700;1399.0000;553.7900;2388.0500;9053.1600;47.1700;522.6700;2388.0200;8140.9300;8.4003;392.0000;0.037797;-0.903729;0.002028;Healthy;WO436587;2480.41
02-Jul-2026;ENG-092;78;2026-01-04 06:00:00;643.2300;1589.7500;1406.8000;552.5300;2388.1200;9036.9400;47.7000;521.2800;2388.1700;8122.5200;8.4401;393.0000;-0.030468;0.307356;0.002394;Healthy;WO168901;2,175.69
2026-07-02;  ENG-090 ;77;2026-01-04 05:00:00;642.4200;1587.6700;1406.7300;554.0600;2388.0800;9055.3600;47.5500;521.2700;2388.1200;8133.0100;8.4277;393.0000;0.035593;-0.275361;0.001018;Healthy;WO498629;2,063.65
2026/07/02;  ENG-073 ;64;2026-01-03 16:00:00;642.8200;1590.7200;1394.5800;553.9800;2388.0600;9049.0900;47.3200;522.4900;2388.0100;8133.4200;8.3634;392.0000;0.025084;-0.906825;0.001424;healthy;WO149131;396.75
2026/07/02;  ENG-093 ;96;2026-01-05 00:00:00;642.8000;1596.1900;1406.4200;552.6400;2388.1100;9063.3100;47.4400;520.9200;2388.1200;8140.3900;8.4569;393.0000;0.040131;0.368670;0.002823;WARNING;WO495887;12,324.08
2026-07-02;ENG-098;57;2026-01-03 09:00:00;642.3400;1582.9300;1401.6100;554.1100;2388.0800;9060.1900;47.2600;521.6900;2388.0800;8142.6600;8.4054;394.0000;0.021209;-0.637446;0.000622;Healthy;WO368319;2396.22
02-Jul-2026;ENG-042;61;2026-01-03 13:00:00;641.9500;1587.7300;1400.8100;555.0800;2388.0200;9042.3300;47.2600;521.9300;2388.0300;8136.3900;8.4158;392.0000;0.010367;-1.022274;0.002184;Healthy;WO768400;
2026/07/02;ENG-020;104;2026-01-05 08:00:00;642.5000;1588.2800;1399.5200;553.6300;2388.0700;9066.1500;47.4000;521.8700;2388.1300;8144.1300;8.4122;393.0000;0.056449;-0.339654;0.001899;Healthy;WO790974;1201.52
2026-07-02;ENG-063;71;2026-01-03 23:00:00;642.4200;1587.9100;1407.6500;552.9100;2388.1100;9047.1000;47.4800;521.7100;2388.1300;8132.2800;8.4514;392.0000;0.046889;-0.078175;0.000532;Warning;WO856432;16338.75
02-Jul-2026;ENG-043;86;2026-01-04 14:00:00;642.6400;1591.8600;1409.1400;554.1700;2388.0900;9051.2000;47.4500;521.6500;2388.0800;8128.4200;8.3989;393.0000;0.028409;-0.314847;0.001968;Warning;WO611173;5,662.16
2026/07/02;ENG-058;88;2026-01-04 16:00:00;642.5100;1585.9900;1398.3900;553.9000;2388.0600;9054.8700;47.4500;522.0700;2388.1200;8135.2100;8.4136;393.0000;0.020583;-0.611137;0.000386;Healthy;WO963915;912.06
2026-07-02;ENG-043;96;2026-01-05 00:00:00;641.9700;1579.2600;1409.9300;553.6400;2388.0900;9055.6300;47.5500;521.5300;2388.0900;8129.7100;8.3779;393.0000;0.026962;-0.355364;0.001554;Healthy;WO141928;1,086.52
2026-07-02;ENG-014;29;2026-01-02 05:00:00;642.5600;1587.6600;1418.6900;552.9100;2388.1600;9024.5300;47.5200;521.7100;2388.1600;8115.4400;8.4619;393.0000;-0.063346;0.187676;0.010348;Healthy;WO740468;398.05
2026-07-02;  ENG-068 ;71;2026-01-03 23:00:00;642.2800;1588.7900;1395.8200;553.4800;2388.0600;9059.0600;47.6300;522.0100;2388.0800;8135.7700;8.4301;392.0000;0.061883;-0.385950;0.001402;Healthy;WO839540;2813.02
02-Jul-2026;ENG-054;59;2026-01-03 11:00:00;642.4700;1587.9500;1396.3600;554.6200;2387.9700;9057.3300;47.2300;522.6800;2388.0600;8140.4000;8.3905;391.0000;0.033990;-1.094222;0.001544;Healthy;WO370004;1,241.88
2026/07/02;  ENG-064 ;60;2026-01-03 12:00:00;642.1200;1598.4700;1402.5800;553.6600;2388.1000;9060.0400;47.4100;521.6400;2388.0300;8143.2000;8.4553;390.0000;0.061287;-0.553961;0.002271;Healthy;WO979801;400.66
2026-07-02;ENG-051;54;2026-01-03 06:00:00;642.2900;1586.8300;1401.1000;553.1200;2388.0800;9055.0700;47.4300;521.5800;2388.1200;8127.3200;8.4443;393.0000;0.039837;-0.270357;0.000669;Healthy;WO288659;1,887.21
2026-07-02;ENG-020;115;2026-01-05 19:00:00;642.4400;1587.6900;1401.0600;553.6200;2388.0700;9054.3100;47.5000;521.4900;2388.1000;8141.1400;8.4384;393.0000;0.053566;-0.249838;0.001897;Healthy;WO962919;
02-Jul-2026;ENG-100;112;2026-01-05 16:00:00;641.7100;1594.0600;1403.9300;554.0300;2388.0300;9065.1300;47.3700;522.1900;2388.0700;8140.0700;8.4401;392.0000;0.046500;-0.734002;0.001794;Healthy;WO559862;1880.18
2026/07/02;ENG-024;79;2026-01-04 07:00:00;642.0700;1584.0600;1400.7600;553.9100;2388.0200;9066.0200;47.3700;522.5700;2387.9700;8149.4000;8.4166;391.0000;0.069597;-1.009902;0.003735;Healthy;WO824014;2459.80
2026/07/02;eng-068;77;2026-01-04 05:00:00;642.5200;1585.5200;1404.5000;554.3600;2388.1000;9048.1600;47.4400;521.8900;2388.0900;8134.9400;8.4221;392.0000;0.022816;-0.419382;0.003929;Healthy;WO987100;732.85
2026-07-02;  ENG-021 ;89;2026-01-04 17:00:00;641.8700;1587.8700;1395.3500;554.3600;2388.0100;9060.3100;47.1200;521.8400;2388.0500;8138.5900;8.3686;391.0000;0.013133;-1.080917;0.002537;Healthy;WO563421;
02-Jul-2026;  ENG-043 ;92;2026-01-04 20:00:00;643.0200;1592.7300;1399.1700;553.4200;2388.0800;9048.9400;47.4900;521.6800;2388.1000;8127.3300;8.4078;394.0000;0.045188;-0.115955;0.001830;healthy;WO311482;86.51
02-Jul-2026;ENG-070;72;2026-01-04 00:00:00;642.7400;1586.6900;1405.8400;553.1000;2388.1100;9046.2600;47.5400;521.9100;2388.1400;8132.7800;8.4535;391.0000;0.036534;-0.309567;0.002214;Healthy;WO807107;333.35
2026-07-02;eng-064;90;2026-01-04 18:00:00;642.4000;1589.2500;1402.4000;553.9300;2388.1300;9061.4100;47.5100;521.8300;2388.0900;8145.6300;8.4569;393.0000;0.060394;-0.344803;0.001245;healthy;WO252443;2,861.73
02-Jul-2026;  ENG-049 ;157;2026-01-07 13:00:00;642.3700;1587.6000;1396.2600;554.3700;2388.0600;9057.6400;47.3100;522.5300;2388.0400;8138.7800;8.4138;393.0000;0.037362;-0.875653;0.002663;Healthy;WO198589;1,087.91
2026-07-02;ENG-038;73;2026-01-04 01:00:00;642.7400;1591.1300;1408.1800;552.7200;2388.1600;9057.8300;47.7800;521.4100;2388.1300;8135.2700;8.4497;393.0000;0.014475;0.373511;0.002463;Warning;WO919059;17834.40
2026-07-02;ENG-099;56;2026-01-03 08:00:00;641.5000;1582.1000;1397.6300;554.8300;2388.0000;9058.3100;47.1000;522.6200;2388.0100;8144.9900;8.3844;392.0000;0.037497;-1.289662;0.001691;Healthy;WO797110;2,449.49
2026/07/02;ENG-018;73;2026-01-04 01:00:00;642.8700;1592.8200;1409.5700;554.8200;2388.1200;9062.6700;47.2200;521.7600;2388.0000;8140.7300;8.3918;392.0000;0.024946;-0.685542;0.001968;Healthy;WO409237;897.44
2026-07-02;ENG-065;46;2026-01-02 22:00:00;642.6000;1583.3700;1397.1700;554.2400;2388.0500;9066.2400;47.1400;522.4500;2387.9600;8149.9400;8.4126;392.0000;0.065797;-1.040952;0.002826;Healthy;WO529391;231.46
2026-07-02;ENG-020;108;2026-01-05 12:00:00;643.0500;1583.4200;1407.1600;553.5400;2388.0500;9068.2300;47.3500;521.9600;2388.0800;8142.5000;8.4333;394.0000;0.063480;-0.330352;0.000854;Healthy;WO159644;1699.05
2026/07/02;eng-035;125;2026-01-06 05:00:00;642.7700;1591.5400;1402.3600;553.4400;2388.1200;9054.2900;47.5600;521.4200;2388.1400;8140.5100;8.4287;393.0000;0.053054;0.022663;0.001869;Healthy;WO843692;2406.18
2026/07/02;ENG-064;69;2026-01-03 21:00:00;642.4400;1589.3100;1405.5700;554.1400;2388.0600;9056.5000;47.2200;522.0900;2388.0600;8141.8800;8.4683;390.0000;0.039880;-0.570974;0.003782;Healthy;WO656589;1,547.16
2026-07-02;ENG-097;63;2026-01-03 15:00:00;642.4100;1585.9100;1406.0500;554.7700;2388.0400;9064.8200;47.3300;522.2200;2388.0300;8156.3600;8.4320;392.0000;0.052795;-0.836869;0.003883;Healthy;WO579240;2,581.15
2026/07/02;eng-010;106;2026-01-05 10:00:00;641.8700;1589.3800;1399.9000;554.1000;2388.0200;9064.1100;47.2800;521.8300;2388.0500;8139.9900;8.4345;393.0000;0.035712;-0.685729;0.000961;Healthy;WO732016;582.87
02-Jul-2026;ENG-088;32;2026-01-02 08:00:00;642.9000;1591.0600;1407.0400;553.0800;2388.2000;9039.5700;47.4800;521.5700;2388.1900;8122.9700;8.4502;392.0000;-0.011254;0.042851;0.000890;Healthy;WO183300;1,044.67
2026/07/02;ENG-089;87;2026-01-04 15:00:00;642.3000;1587.3300;1412.8700;553.2000;2388.1100;9043.7000;47.6000;521.6200;2388.1300;8127.1000;8.4048;393.0000;0.023084;-0.140338;0.001834;Healthy;WO991825;1,937.80
2026/07/02;ENG-089;68;2026-01-03 20:00:00;642.4100;1587.5600;1409.5700;553.1600;2388.0700;9045.6300;47.4500;521.6400;2388.1400;8130.2600;8.4090;392.0000;0.031909;-0.334883;0.001917;healthy;WO763557;2429.13
2026/07/02;ENG-002;21;2026-01-01 21:00:00;642.3200;1590.7200;1402.4000;553.3000;2388.0800;9047.4900;47.6200;521.4400;2388.1200;8134.0800;8.4513;394.0000;0.051070;-0.102620;0.003064;Healthy;WO582003;
02-Jul-2026;ENG-098;68;2026-01-03 20:00:00;642.5600;1586.9300;1403.4400;553.8200;2388.1100;9060.0200;47.5900;521.9200;2388.0900;8139.5700;8.4172;392.0000;0.044917;-0.455177;0.001245;Healthy;WO286586;393.61
2026-07-02;eng-077;56;2026-01-03 08:00:00;642.3200;1580.1200;1403.9300;554.4000;2388.0300;9051.7900;47.3100;521.9900;2388.0400;8133.7400;8.4287;393.0000;0.009409;-0.710587;0.001036;Healthy;WO593591;334.57
2026-07-02;  ENG-059 ;57;2026-01-03 09:00:00;641.9800;1582.1000;1397.9000;554.0600;2388.0200;9053.7200;47.1600;522.7200;2388.0100;8140.4700;8.4078;391.0000;0.060504;-1.243550;0.000488;HEALTHY;WO379346;249.98
2026/07/02;ENG-014;17;2026-01-01 17:00:00;642.0400;1587.1700;1411.3800;553.2800;2388.1400;9039.3000;47.5900;520.7300;2388.1800;8117.3700;8.4416;393.0000;-0.066716;0.184199;0.013325;Healthy;WO597866;1014.60
2026/07/02;ENG-073;66;2026-01-03 18:00:00;642.1400;1583.6900;1395.9700;554.6200;2388.0700;9055.6000;47.1600;521.9600;2388.0400;8132.7200;8.4016;391.0000;0.009922;-1.003671;0.003127;Healthy;WO686185;2,474.22
02-Jul-2026;  ENG-050 ;50;2026-01-03 02:00:00;641.8900;1588.4000;1409.5600;554.2300;2388.0300;9061.3300;47.5000;522.3200;2388.0600;8137.9800;8.4524;392.0000;0.050797;-0.615697;0.001875;Healthy;WO100424;1088.24
2026-07-02;eng-091;142;2026-01-06 22:00:00;642.7200;1591.6500;1410.5500;552.8800;2388.1200;9051.0400;47.5800;520.3000;2388.1900;8127.0900;8.4278;394.0000;-0.047053;0.455134;0.001601;Warning;WO234237;15,066.89
02-Jul-2026;ENG-040;54;2026-01-03 06:00:00;643.0400;1594.5200;1416.6400;552.7500;2388.1400;9059.9300;47.8300;521.2000;2388.0900;8133.4000;8.4206;394.0000;0.002761;0.469462;0.002316;HEALTHY;WO432752;2,965.59
2026/07/02;ENG-093;123;2026-01-06 03:00:00;642.9000;1592.8200;1407.7900;553.0400;2388.0800;9064.2100;47.5500;521.5800;2388.1100;8140.8600;8.4538;394.0000;0.070582;0.188070;0.001751;healthy;WO396414;1,231.65
02-Jul-2026;ENG-023;85;2026-01-04 13:00:00;641.8300;1583.8200;1397.2100;553.9500;2388.0300;9054.9700;47.1800;522.2700;2388.0500;8134.4700;8.3886;391.0000;0.024448;-1.108361;0.001381;Healthy;WO598731;2506.74
2026/07/02;ENG-052;80;2026-01-04 08:00:00;641.8300;1585.2900;1404.4000;554.2900;2388.0600;9057.0400;47.3000;522.2000;2387.9500;8135.6000;8.3847;392.0000;0.031876;-1.030558;0.000913;Healthy;WO580805;774.72
2026/07/02;ENG-035;92;2026-01-04 20:00:00;642.9400;1588.0500;1415.3000;553.3800;2388.1200;9058.6200;47.5000;520.7500;2388.1800;8133.7900;8.4441;393.0000;-0.011573;0.337896;0.002790;Healthy;WO387551;842.14
2026-07-02;ENG-013;102;2026-01-05 06:00:00;642.0600;1594.9400;1402.9200;553.6800;2388.0100;9060.9400;47.5100;521.8900;2388.0200;8143.5000;8.4141;391.0000;0.062095;-0.605270;0.003431;Healthy;WO285475;1149.95
2026-07-02;  ENG-049 ;120;2026-01-06 00:00:00;642.4500;1584.2400;1399.3400;554.4500;2387.9900;9064.8200;47.1900;522.4100;2388.0400;8141.3900;8.4196;392.0000;0.039564;-1.082522;0.000977;Healthy;WO674842;1301.57
2026/07/02;eng-100;94;2026-01-04 22:00:00;642.0500;1586.6900;1405.4400;553.4100;2388.0100;9069.2400;47.2400;521.9700;2388.0100;8136.8100;8.4102;392.0000;0.040461;-0.729554;0.000000;Healthy;WO987802;934.32
2026/07/02;ENG-019;60;2026-01-03 12:00:00;642.7100;1591.4200;1397.4300;554.4500;2388.0100;9062.6000;47.1500;522.3200;2388.0100;8144.0400;8.4253;391.0000;0.044060;-0.966956;0.001444;Healthy;WO441403;2,697.55
2026/07/02;ENG-054;67;2026-01-03 19:00:00;641.6800;1582.7000;1399.9400;555.0400;2387.9900;9054.4800;47.0300;522.5100;2388.0500;8136.9500;8.3451;392.0000;0.024321;-1.328422;0.003183;Healthy;WO752839;1123.96
02-Jul-2026;eng-049;114;2026-01-05 18:00:00;642.3900;1588.1100;1400.2300;554.8100;2388.0000;9064.0500;47.0500;522.2500;2388.0000;8141.8700;8.4234;392.0000;0.038410;-1.079211;0.000691;Healthy;WO827766;2596.53
02-Jul-2026;ENG-057;92;2026-01-04 20:00:00;642.2400;1596.8300;1406.2200;553.6500;2388.0800;9048.2000;47.5200;521.9100;2388.0400;8123.0700;8.4326;392.0000;0.050052;-0.199370;;HEALTHY;WO249191;2727.20
2026-07-02;ENG-078;33;2026-01-02 09:00:00;641.6800;1584.3500;1399.2800;555.1700;2388.0100;9052.8100;47.1200;522.8600;2388.0200;8145.1100;8.4096;392.0000;0.053636;-1.299318;0.001794;HEALTHY;WO351617;1,363.63
2026/07/02;ENG-040;47;2026-01-02 23:00:00;642.6500;1592.5700;1409.1200;552.8800;2388.1600;9051.3100;47.6100;521.5700;2388.1500;8138.8700;8.4547;393.0000;0.020609;0.239387;0.001542;Healthy;WO342150;1781.06
2026-07-02;ENG-100;88;2026-01-04 16:00:00;642.1800;1578.6800;1404.8300;554.2400;2388.0400;9059.2400;47.3100;522.0600;2388.1000;8143.5100;8.3862;391.0000;0.011495;-1.003646;0.002847;Healthy;WO773816;1,079.42
2026-07-02;eng-020;113;2026-01-05 17:00:00;642.7100;1590.1900;1405.7000;553.7300;2388.0500;9071.2600;47.4900;521.9800;2388.0700;8140.3700;8.4392;391.0000;0.075466;-0.310452;;Warning;WO449233;16542.32
2026/07/02;ENG-061;84;2026-01-04 12:00:00;642.2300;1584.9700;1396.8100;553.7300;2388.0900;9070.1300;47.4200;522.1300;2388.0400;8148.8800;8.4336;393.0000;0.043802;-0.760465;0.002342;Healthy;WO599467;
02-Jul-2026;ENG-055;64;2026-01-03 16:00:00;641.7600;1583.5500;1401.1600;554.3800;2388.0900;9055.4800;47.3300;522.0700;2388.0500;8133.8000;8.4027;391.0000;0.018223;-0.992450;0.001777;Healthy;WO439762;291.08
02-Jul-2026;  ENG-076 ;85;2026-01-04 13:00:00;642.2100;1584.7900;1409.1800;553.9200;2388.0100;9060.3700;47.2000;521.7100;2388.0500;8138.9100;8.3989;392.0000;0.018304;-0.833876;0.001505;Healthy;WO800427;428.19
2026-07-02;ENG-078;45;2026-01-02 21:00:00;642.1100;1578.8400;1400.8700;554.6800;2388.0100;9060.5800;47.0400;522.7900;2388.0200;8143.6500;8.3980;391.0000;0.033457;-1.247864;0.001656;Healthy;WO237342;2669.92
02-Jul-2026;ENG-019;76;2026-01-04 04:00:00;642.4500;1590.1100;1404.8900;554.1900;2388.0500;9061.6700;47.5100;522.2800;2388.0200;8137.2000;8.4160;392.0000;0.019069;-2.670126;0.004632;Healthy;WO246032;1455.99
2026/07/02;eng-039;17;2026-01-01 17:00:00;642.1700;1583.7100;1402.3800;554.4000;2388.0200;9060.3500;47.1700;521.9400;2388.0300;8142.3300;8.4244;392.0000;0.025181;-0.982727;0.001691;Healthy;WO343943;531.71
2026-07-02;ENG-024;86;2026-01-04 14:00:00;642.5700;1581.3300;1392.9200;554.5700;2388.0200;9075.9100;47.2200;522.8000;2387.9800;8157.3400;8.4124;394.0000;0.067967;-1.072866;0.001092;healthy;WO777971;918.20
2026-07-02;eng-019;90;2026-01-04 18:00:00;642.0000;1579.2600;1397.9600;554.4600;2388.0500;9060.7100;47.1600;521.8600;2388.0200;8136.7000;8.4179;392.0000;0.009146;-0.954322;0.003069;Healthy;WO697562;241.17
2026-07-02;ENG-040;80;2026-01-04 08:00:00;642.6400;1591.1900;1409.6200;552.9800;2388.1100;9061.4700;47.7600;521.5400;2388.1300;8139.9200;8.4609;393.0000;0.051268;0.242311;0.003085;Healthy;WO627349;1195.80
02-Jul-2026;ENG-023;81;2026-01-04 09:00:00;642.0200;1580.0100;1398.1700;554.1900;2388.0400;9054.3500;47.1800;522.4600;2388.0300;8138.2900;8.4022;393.0000;0.028013;-1.081069;0.002211;Healthy;WO173635;703.03
2026-07-02;ENG-093;121;2026-01-06 01:00:00;643.0100;1589.2500;1413.6100;553.4200;2388.1300;9061.7500;47.5700;521.2200;2388.1400;8144.8700;8.4444;393.0000;0.022383;0.329599;0.004449;Healthy;WO615765;813.17
2026-07-02;ENG-020;96;2026-01-05 00:00:00;642.1000;1588.8100;1406.1300;553.8800;2388.0800;9062.7200;47.4800;522.3500;2388.0700;8143.0800;8.4057;393.0000;0.052082;-0.557164;;Healthy;WO889238;1937.39
02-Jul-2026;ENG-019;79;2026-01-04 07:00:00;642.2200;1581.0700;1397.9000;554.2200;2388.0600;9057.8900;47.1800;522.5200;2388.0400;8141.2000;8.3665;392.0000;0.020793;-1.067585;0.002128;Healthy;WO978387;2,507.63
02-Jul-2026;ENG-049;111;2026-01-05 15:00:00;642.0800;1585.6200;1399.3600;554.7200;2388.0200;9056.3500;47.2600;522.3600;2388.0100;8141.5300;8.3578;390.0000;0.039428;-1.201533;0.000913;Healthy;WO575091;652.88
02-Jul-2026;  ENG-092 ;58;2026-01-03 10:00:00;642.8000;1593.3300;1409.3200;553.0200;2388.1400;9043.6900;47.7000;521.5500;2388.1600;8118.5700;8.4775;394.0000;-0.039156;0.369880;0.006813;Healthy;WO987879;226.63
2026/07/02;ENG-071;45;2026-01-02 21:00:00;642.6200;1587.7100;1407.4900;554.0100;2388.0200;9066.3300;47.3000;522.2400;2388.0400;8144.0800;8.3878;392.0000;0.026678;-0.786890;;healthy;WO384071;1056.52
02-Jul-2026;ENG-065;40;2026-01-02 16:00:00;641.9700;1576.6400;1401.8500;554.9300;2387.9400;9069.4700;47.1700;523.0500;2388.0400;8148.7200;8.3805;390.0000;0.052962;-1.382506;0.009778;Healthy;WO395020;2064.80
2026/07/02;eng-058;98;2026-01-05 02:00:00;642.0600;1591.4500;1408.2800;553.8700;2388.1200;9053.2000;47.3900;522.0200;2388.0300;8129.7400;8.4272;392.0000;0.037078;-0.396698;0.001642;healthy;WO816178;
2026/07/02;ENG-052;124;2026-01-06 04:00:00;642.5800;1578.0500;1395.4600;554.5500;2387.9900;9057.4400;47.4400;522.9200;2388.0300;8145.8200;8.4339;390.0000;0.068498;-1.149998;0.001292;healthy;WO458939;1438.61
02-Jul-2026;ENG-013;115;2026-01-05 19:00:00;642.8800;1584.9700;1405.2900;554.8000;2387.9800;9059.7300;47.3600;521.6600;2388.0300;8150.2900;8.3926;393.0000;0.035728;-0.695560;0.001370;Healthy;WO806292;1,283.28
2026/07/02;ENG-076;76;2026-01-04 04:00:00;642.3400;1587.2100;1400.0900;554.4900;2388.0100;9056.7300;47.2800;522.1000;2387.9700;8143.9000;8.4222;392.0000;0.046867;-1.013741;0.002466;Healthy;WO290852;2253.77
2026-07-02;  ENG-076 ;119;2026-01-05 23:00:00;641.9800;1587.2400;1406.5200;554.3300;2388.0700;9066.1600;47.2200;521.9600;2388.0500;8145.0200;8.3891;392.0000;0.013166;-0.854165;0.001953;Healthy;WO661295;2,877.87
2026/07/02;ENG-045;56;2026-01-03 08:00:00;642.7700;1590.5400;1394.9200;552.7900;2388.0500;9055.7300;47.6800;522.1000;2388.1300;8141.0100;8.4157;392.0000;0.080994;-0.216446;0.001576;Healthy;WO827826;1,834.90
2026/07/02;ENG-075;59;2026-01-03 11:00:00;642.2700;1582.2600;1394.0600;553.4200;2388.0400;9055.5300;47.2700;521.7500;2388.0900;8142.7200;8.3889;393.0000;0.017946;-0.747840;0.003155;Healthy;WO273101;74.54
2026/07/02;  ENG-094 ;85;2026-01-04 13:00:00;642.9000;1591.8500;1402.7100;553.4900;2388.0900;9060.2600;47.5400;521.1200;2388.1000;8140.8000;8.4090;393.0000;0.067572;0.014506;0.001551;Healthy;WO333945;2424.84
2026-07-02;ENG-063;78;2026-01-04 06:00:00;643.1200;1581.6100;1409.1700;553.7100;2388.1200;9057.4400;47.5800;521.8300;2388.1300;8135.0800;8.4633;394.0000;0.062853;-0.129591;0.001961;healthy;WO773893;1710.30
2026-07-02;ENG-082;88;2026-01-04 16:00:00;642.8500;1583.0000;1403.9100;553.7700;2388.0600;9058.4300;47.3500;521.7000;2388.0900;8143.7500;8.4401;393.0000;0.041944;-0.478201;0.002721;Warning;WO266472;12,774.58
02-Jul-2026;ENG-006;49;2026-01-03 01:00:00;642.6500;1592.8800;1401.0900;553.3600;2388.0800;9050.9800;47.4200;521.1900;2388.0700;8131.8100;8.4288;391.0000;0.041001;-0.227788;0.003279;Healthy;WO100626;2972.31
2026-07-02;eng-058;105;2026-01-05 09:00:00;642.4900;1589.2300;1408.3600;553.0100;2388.0900;9047.8100;47.2700;521.5800;2388.0500;8130.4400;8.4034;394.0000;0.038413;-0.220966;0.002060;Healthy;WO285026;2195.50
2026/07/02;ENG-056;80;2026-01-04 08:00:00;643.0300;1602.4500;1409.7700;552.7000;2388.1700;9045.8300;47.7300;521.0500;2388.1200;8125.8100;8.4921;393.0000;-0.028355;0.575146;0.001424;warning;WO440048;17,354.33
2026-07-02;ENG-100;76;2026-01-04 04:00:00;642.2700;1590.3400;1397.8800;553.9200;2388.0300;9050.7000;47.5200;521.8300;2388.0600;8142.6200;8.4071;392.0000;0.037807;-0.701821;0.001021;Healthy;WO422010;1,704.97
02-Jul-2026;  ENG-049 ;105;2026-01-05 09:00:00;641.7300;1585.8000;1396.9100;554.4000;2388.0200;9060.6400;47.2100;522.1200;2388.0200;8148.1400;8.4126;391.0000;0.040765;-1.129887;0.001761;Healthy;WO550366;2962.97
2026/07/02;ENG-024;66;2026-01-03 18:00:00;641.6500;1578.8600;1399.6500;553.9600;2387.9700;9064.6200;47.2900;522.3100;2387.9400;8148.1400;8.3996;391.0000;0.072078;-1.235348;0.002719;Healthy;WO673106;2743.76
2026-07-02;ENG-002;20;2026-01-01 20:00:00;642.7200;1589.1500;1400.6900;553.5100;2388.1200;9048.6100;47.5500;521.4300;2388.1500;8129.8800;8.4578;393.0000;0.019416;0.051917;0.001140;Healthy;WO893554;605.39
2026-07-02;  ENG-023 ;52;2026-01-03 04:00:00;641.3400;1586.9900;1394.1800;554.1400;2387.9800;9055.1600;47.2400;522.4700;2388.0100;8135.1100;8.3873;393.0000;0.036664;-1.137186;0.000000;Healthy;WO534167;370.53
2026-07-02;ENG-091;89;2026-01-04 17:00:00;642.5900;1589.8600;1415.8300;552.5000;2388.1100;9050.8200;47.4500;521.2900;2388.1200;8123.2200;8.4565;393.0000;0.000697;0.219276;0.000228;Warning;WO795674;18065.85
2026-07-02;ENG-023;59;2026-01-03 11:00:00;642.1700;1592.0800;1401.8900;554.6700;2388.0200;9050.8900;47.2500;522.2800;2388.0300;8140.5000;8.4137;392.0000;0.020186;-0.892493;0.001544;Healthy;WO377455;1549.35
2026-07-02;ENG-005;63;2026-01-03 15:00:00;642.3400;1584.2600;1409.2500;554.4700;2388.1200;9056.5800;47.3900;521.1600;2388.1900;8127.7400;8.4506;393.0000;0.008966;-0.099591;0.002286;Healthy;WO689522;2551.20
2026-07-02;ENG-062;104;2026-01-05 08:00:00;641.8200;1583.0900;1398.2500;554.1400;2388.0100;9055.7400;47.4700;522.4100;2388.0500;8140.1800;8.4194;389.0000;0.051961;-1.079889;0.000913;Healthy;WO116945;1720.75
2026-07-02;eng-065;36;2026-01-02 12:00:00;641.6100;1579.2500;1393.1600;554.5800;2388.0300;9065.1000;47.2700;522.4600;2387.9600;8153.9500;8.3814;390.0000;0.074734;-1.320946;0.001092;Healthy;WO299556;1451.40
2026-07-02;ENG-087;30;2026-01-02 06:00:00;642.0800;1580.9000;1396.2100;554.2100;2388.0100;9069.2900;47.1800;522.0100;2388.0500;8140.3300;8.3846;393.0000;0.020932;-1.101208;0.001145;Healthy;WO616792;2917.93
2026-07-02;ENG-094;87;2026-01-04 15:00:00;642.5900;1592.6600;1408.0100;553.2100;2388.1600;9051.0700;47.4700;521.0600;2388.1200;8133.7600;8.4489;395.0000;-0.011880;0.296942;0.003615;Warning;WO195928;14,706.72
02-Jul-2026;ENG-034;97;2026-01-05 01:00:00;642.0500;1580.3800;1399.2000;554.5600;2388.0100;9066.5200;47.2400;522.3900;2388.0100;8148.6700;8.4328;390.0000;0.018654;-2.659664;0.001544;Healthy;WO973126;1769.87
02-Jul-2026;eng-073;41;2026-01-02 17:00:00;642.0900;1583.2500;1401.8200;553.6500;2388.0000;9051.8200;47.2600;522.5200;2388.0000;8141.0800;8.3866;391.0000;0.037559;-1.122391;0.001196;Healthy;WO581309;597.10
2026-07-02;ENG-012;139;2026-01-06 19:00:00;641.7100;1585.6400;1400.2700;554.0700;2388.0600;9066.3700;47.3100;522.2200;2388.0100;8141.6800;8.4090;392.0000;0.034572;-0.853549;0.001315;Healthy;WO189199;355.82
02-Jul-2026;ENG-045;64;2026-01-03 16:00:00;642.6700;1589.9000;1410.0100;553.7800;2388.0700;9061.2500;47.6500;521.4400;2388.0900;8139.6100;8.4655;392.0000;0.074385;-0.078036;0.001058;Healthy;WO614975;2,369.08
2026/07/02;ENG-034;114;2026-01-05 18:00:00;642.1500;1582.0400;1402.3500;553.6500;2388.0400;9062.7200;47.1700;522.2000;2388.0700;8148.1900;8.4290;392.0000;0.033397;-0.856852;0.001402;Healthy;WO487279;2,188.68
2026-07-02;  ENG-088 ;40;2026-01-02 16:00:00;642.7900;1591.3600;1411.9700;553.0600;2388.0800;9040.3500;47.5700;521.4600;2388.1000;8124.4200;8.4498;394.0000;-0.001379;0.163913;0.002611;Healthy;WO481025;2215.69
02-Jul-2026;ENG-031;75;2026-01-04 03:00:00;643.0700;1581.5000;1397.9100;554.6300;2388.0700;9067.3200;47.3200;521.7500;2388.0300;8147.0800;8.4017;392.0000;0.034577;-0.748792;;Healthy;WO258365;2903.13
02-Jul-2026;ENG-058;97;2026-01-05 01:00:00;642.3500;1583.7600;1406.6000;553.4100;2388.1200;9050.8300;47.3600;522.0400;2388.0600;8131.9800;8.4242;393.0000;0.033501;-0.386003;0.001014;Healthy;WO118764;1322.31
2026-07-02;ENG-004;62;2026-01-03 14:00:00;642.6100;1586.5500;1404.6800;552.9400;2388.0900;9055.2000;47.6000;522.0500;2388.0700;8131.3700;8.4526;394.0000;0.072862;-0.091981;0.000498;Healthy;WO169193;2761.38
2026-07-02;  ENG-034 ;108;2026-01-05 12:00:00;642.5000;1586.7900;1398.8000;554.2400;2388.0000;9060.2800;47.3400;521.9900;2388.0100;8142.1800;8.4165;392.0000;0.031949;-0.785471;0.000345;Healthy;WO589034;2808.34
2026-07-02;ENG-077;69;2026-01-03 21:00:00;642.2200;1589.7400;1408.0600;553.9600;2388.0800;9050.6600;47.3200;521.7400;2388.0200;8131.2100;8.4062;392.0000;0.023132;-0.522725;0.002072;Healthy;WO429636;1106.34
2026/07/02;ENG-003;56;2026-01-03 08:00:00;642.4800;1594.7600;1407.6400;552.9600;2388.1200;9051.6400;47.4500;521.7200;2388.1100;8128.2500;8.4621;392.0000;0.051949;-0.055116;0.000973;Healthy;WO784171;1607.74
2026/07/02;ENG-052;81;2026-01-04 09:00:00;642.3500;1583.9700;1395.9500;555.1500;2388.0200;9064.3400;46.9600;521.9300;2388.0300;8144.3400;8.4118;391.0000;0.013835;-1.154392;0.005546;healthy;WO245110;
2026-07-02;ENG-013;75;2026-01-04 03:00:00;642.3700;1581.2500;1391.6100;553.7000;2388.0500;9062.0100;47.0900;522.7500;2387.9900;8141.5800;8.4036;393.0000;0.057290;-1.131732;0.001505;Healthy;WO640483;1094.61
2026-07-02;ENG-081;121;2026-01-06 01:00:00;642.9800;1581.2700;1397.9300;552.8500;2388.0100;9072.4500;47.4600;521.2500;2388.0400;8144.9100;8.4320;393.0000;0.069392;-0.408951;0.000610;HEALTHY;WO999967;2834.49
02-Jul-2026;ENG-050;49;2026-01-03 01:00:00;642.4600;1580.9900;1401.3900;553.6000;2388.0100;9060.5600;47.3800;521.3500;2388.0500;8145.8200;8.4147;394.0000;0.042773;-0.566424;0.001610;Healthy;WO788206;2,506.79
2026/07/02;ENG-042;56;2026-01-03 08:00:00;642.3600;1586.3400;1397.6800;553.9700;2388.0500;9052.2200;47.4400;522.1300;2388.0400;8134.4400;8.4194;394.0000;0.020320;-0.693638;0.001036;Healthy;WO768546;743.56
2026/07/02;ENG-034;90;2026-01-04 18:00:00;642.1400;1589.9800;1400.0300;554.1900;2388.0400;9066.4500;47.2100;522.5600;2387.9900;8144.2100;8.3842;392.0000;0.044321;-1.047684;0.001582;Healthy;WO228516;1,760.13
02-Jul-2026;ENG-054;55;2026-01-03 07:00:00;641.9700;1581.5000;1396.7600;554.8300;2387.9700;9058.9500;47.2600;523.0400;2388.0000;8137.4400;8.3801;391.0000;0.048433;-1.277187;0.001424;Healthy;WO755694;1465.66
2026-07-02;eng-036;65;2026-01-03 17:00:00;642.8100;1595.8500;1413.4500;552.9500;2388.1600;9047.0100;47.6400;521.1100;2388.1100;8142.9300;8.4574;394.0000;-0.002254;0.394311;0.002558;Warning;WO747749;11145.50
2026-07-02;ENG-042;91;2026-01-04 19:00:00;642.1000;1582.9900;1402.9700;553.9100;2388.1300;9048.3000;47.2300;521.9600;2388.1000;8124.1800;8.3693;393.0000;-0.018502;-0.782069;0.003588;HEALTHY;WO109881;1926.73
02-Jul-2026;ENG-053;83;2026-01-04 11:00:00;642.4000;1587.3700;1402.2500;553.1900;2388.0500;9062.8800;47.4300;522.3600;2388.0400;8141.1400;8.4336;391.0000;-0.022638;-2.646146;0.003312;HEALTHY;WO757067;1530.81
2026/07/02;ENG-096;52;2026-01-03 04:00:00;642.3700;1580.5300;1394.0800;554.1300;2388.0200;9067.5400;47.3900;522.3500;2388.0200;8148.8400;8.3797;393.0000;0.043655;-1.112456;0.000977;healthy;WO122559;2,194.38
02-Jul-2026;  ENG-058 ;109;2026-01-05 13:00:00;643.0700;1590.9800;1412.4400;553.8200;2388.1100;9047.3100;47.4000;522.0200;2388.1300;8131.9900;8.4200;392.0000;0.041719;-0.072655;0.003012;Warning;WO376962;22776.82
2026/07/02;ENG-063;100;2026-01-05 04:00:00;642.3600;1581.6500;1407.0500;553.7100;2388.0600;9054.6700;47.6200;521.3900;2388.1300;8127.7300;8.4546;392.0000;0.038518;-0.233506;0.001705;Healthy;WO195112;
2026/07/02;ENG-084;82;2026-01-04 10:00:00;643.2000;1593.9500;1401.1800;553.6100;2388.0300;9051.7600;47.4900;521.3600;2388.1200;8132.6100;8.4125;392.0000;0.040282;-0.210015;0.003863;HEALTHY;WO969349;2504.18
02-Jul-2026;ENG-097;77;2026-01-04 05:00:00;642.9600;1583.9000;1400.1500;554.3600;2388.0100;9077.9000;47.1500;522.2200;2387.9700;8152.3500;8.4080;393.0000;0.056549;-0.882740;0.002013;HEALTHY;WO270595;2,517.95
02-Jul-2026;ENG-054;61;2026-01-03 13:00:00;642.3400;1578.6500;1399.2300;553.7400;2388.0100;9060.3700;47.2000;522.0400;2388.0500;8135.3800;8.3359;392.0000;0.015532;-1.193464;0.002392;Healthy;WO889432;1573.52
02-Jul-2026;ENG-046;85;2026-01-04 13:00:00;642.2700;1592.9000;1404.7700;553.2100;2388.0800;9067.9100;47.5100;521.2500;2388.0900;8145.9300;8.4151;393.0000;0.082568;-0.033028;0.000988;HEALTHY;WO395747;2940.62
2026/07/02;ENG-030;87;2026-01-04 15:00:00;642.8200;1587.8100;1409.7300;553.2900;2388.1400;9051.0400;47.4000;521.0100;2388.1300;8128.5700;8.4313;394.0000;-0.010628;0.133265;0.001143;Warning;WO137498;16461.20
2026/07/02;ENG-043;114;2026-01-05 18:00:00;642.9400;1589.8300;1401.7400;553.6600;2388.0800;9044.6800;47.5600;521.5300;2388.1100;8128.8000;8.4460;392.0000;0.043822;-0.138735;0.001426;Healthy;WO919169;652.45
02-Jul-2026;ENG-054;80;2026-01-04 08:00:00;641.8200;1584.0100;1395.2700;555.2700;2387.9900;9061.9300;47.0900;522.3600;2388.0200;8140.8100;8.3842;392.0000;0.016294;-1.233432;0.007300;Healthy;WO427350;843.12
2026/07/02;ENG-041;71;2026-01-03 23:00:00;642.2000;1573.2800;1399.3700;553.7700;2388.0800;9044.9700;47.3200;522.4600;2388.1100;8132.9800;8.4185;393.0000;-0.013249;-0.908567;0.000646;healthy;WO455186;2,441.78
02-Jul-2026;ENG-053;103;2026-01-05 07:00:00;642.3000;1590.4000;1405.4800;553.2500;2388.0700;9064.3400;47.1800;522.0000;2388.0800;8138.5100;8.4441;391.0000;0.043782;-0.477206;0.003255;Warning;WO275587;13091.61
2026-07-02;ENG-012;79;2026-01-04 07:00:00;641.9700;1586.1800;1402.3000;555.1200;2388.0500;9055.5300;47.3700;522.0700;2388.0000;8134.9200;8.4067;392.0000;0.012712;-0.961733;0.002057;Healthy;WO215334;1155.54
2026-07-02;ENG-066;61;2026-01-03 13:00:00;642.6700;1589.3200;1401.6300;554.0600;2388.0500;9066.2400;47.4100;521.5000;2388.0600;8144.9100;8.4191;393.0000;0.060220;-0.365867;0.001381;Healthy;WO778850;1309.29
2026/07/02;ENG-061;58;2026-01-03 10:00:00;642.5000;1587.8000;1396.0100;554.7800;2387.9800;9063.9900;47.4300;522.0400;2387.9600;8150.2600;8.3954;392.0000;0.059666;-1.102762;0.000691;Healthy;WO691530;2,593.14
02-Jul-2026;ENG-051;83;2026-01-04 11:00:00;642.9500;1587.3900;1397.4400;554.0300;2388.0700;9047.2500;47.3800;521.9800;2388.0400;8129.9900;8.4318;393.0000;0.027638;-0.376723;0.002674;Healthy;WO560312;1,213.71
2026/07/02;ENG-090;50;2026-01-03 02:00:00;642.4000;1591.2000;1405.6000;553.5700;2388.0200;9056.0400;47.4300;521.4600;2388.0900;8135.2400;8.4005;394.0000;0.042746;-0.339103;0.002975;Healthy;WO819671;581.66
2026/07/02;ENG-065;37;2026-01-02 13:00:00;642.2100;1585.2100;1393.8500;552.9600;2388.0300;9067.4800;47.1300;522.1300;2388.0800;8146.5100;8.3870;391.0000;0.032454;-1.096945;0.001465;Healthy;WO892432;1,511.59
2026/07/02;ENG-053;101;2026-01-05 05:00:00;642.3400;1588.7500;1406.1100;554.8400;2388.0900;9055.6300;47.3200;522.0500;2388.0300;8145.4700;8.4393;392.0000;0.030263;-0.708989;0.000546;Healthy;WO485961;1237.79
2026-07-02;ENG-032;82;2026-01-04 10:00:00;641.9000;1590.8400;1395.3900;554.2800;2388.0200;9075.4300;47.0800;522.1500;2387.9500;8156.3500;8.3924;392.0000;0.064439;-1.101538;0.001505;Healthy;WO222650;2,390.39
2026-07-02;  ENG-049 ;120;2026-01-06 00:00:00;642.4500;1584.2400;1399.3400;554.4500;2387.9900;9064.8200;47.1900;522.4100;2388.0400;8141.3900;8.4196;392.0000;0.039564;-1.082522;0.000977;Healthy;WO674842;1301.57
2026-07-02;ENG-035;72;2026-01-04 00:00:00;642.2900;1588.8600;1406.4300;553.1800;2388.0700;9051.9900;47.4200;521.5100;2388.1400;8133.1500;8.4680;393.0000;0.045947;-0.003788;0.000520;Healthy;WO905363;2750.06
02-Jul-2026;ENG-051;50;2026-01-03 02:00:00;642.3300;1590.3600;1400.3100;554.1600;2388.0500;9047.0900;47.5200;521.7800;2388.0700;8132.2600;8.4027;392.0000;0.018385;-0.652930;0.002013;Healthy;WO302274;2583.29
02-Jul-2026;  ENG-097 ;54;2026-01-03 06:00:00;642.2000;1583.4500;1401.7200;553.6900;2388.0200;9067.0600;47.3200;522.2100;2388.0500;8147.0800;8.3761;393.0000;0.036839;-0.916782;0.001827;Healthy;WO703194;795.51
2026-07-02;ENG-023;72;2026-01-04 00:00:00;641.8000;1585.0800;1401.4100;553.9100;2388.0200;9053.6600;47.3800;522.0400;2387.9900;8133.3100;8.4084;392.0000;0.030026;-0.968282;0.002251;Healthy;WO730967;1020.36
02-Jul-2026;ENG-038;59;2026-01-03 11:00:00;642.1400;1593.7500;1412.0700;552.8600;2388.0800;9050.8400;47.6400;521.0000;2388.1700;8133.0300;8.4476;393.0000;0.017212;0.185023;0.002438;Warning;WO748493;22576.86
02-Jul-2026;ENG-037;59;2026-01-03 11:00:00;642.4000;1581.0600;1401.4300;554.4500;2388.0300;9049.5400;47.2300;522.2800;2388.0500;8136.6000;8.4136;392.0000;0.011505;-1.004153;0.002909;healthy;WO146548;119.53
2026/07/02;ENG-042;73;2026-01-04 01:00:00;642.4300;1591.8900;1399.6600;553.4700;2388.0000;9048.4500;47.1700;522.1100;2388.0600;8125.4200;8.3951;392.0000;0.007821;-0.840192;0.001465;healthy;WO311638;1924.90
2026/07/02;ENG-010;76;2026-01-04 04:00:00;642.4000;1585.6300;1395.1300;554.3900;2388.0100;9054.8600;47.2100;522.0700;2388.0700;8141.4800;8.3956;391.0000;0.016747;-1.090392;0.001036;Healthy;WO877680;1874.83
2026-07-02;ENG-028;99;2026-01-05 03:00:00;642.2700;1586.7300;1407.2800;553.4700;2388.1000;9054.2100;47.4500;522.5000;2388.0600;8132.7800;8.4391;391.0000;0.050406;-0.391898;0.002104;Healthy;WO422326;2040.79
2026/07/02;ENG-043;97;2026-01-05 01:00:00;642.4100;1579.7400;1404.7900;554.3100;2388.0800;9053.7900;47.4400;521.8500;2388.1200;8129.3800;8.4108;392.0000;0.005728;-0.509971;0.002757;Healthy;WO497667;1659.11
2026/07/02;ENG-064;73;2026-01-04 01:00:00;642.5300;1585.8900;1409.8300;554.1800;2388.0200;9059.4500;47.1700;521.6900;2388.0200;8135.9600;8.4282;390.0000;0.020768;-0.799509;;Healthy;WO146238;2535.25
2026/07/02;ENG-032;84;2026-01-04 12:00:00;642.0900;1584.7400;1402.4000;554.6700;2387.9800;9074.6800;47.1800;522.5100;2387.9400;8149.6900;8.4364;392.0000;0.071486;-2.674014;0.003782;Healthy;WO873565;2901.45
2026-07-02;eng-032;62;2026-01-03 14:00:00;641.9500;1580.3600;1397.2700;554.9000;2388.0300;9073.0800;47.1400;521.9200;2387.9900;8149.0000;8.4181;392.0000;0.042391;-1.168766;0.000913;Healthy;WO351654;1026.93
2026/07/02;ENG-005;62;2026-01-03 14:00:00;642.7900;1598.6500;1411.5000;552.9600;2388.1200;9054.4200;47.6100;521.3300;2388.1300;8133.6700;8.4278;393.0000;0.039267;0.177486;0.001680;Healthy;WO675895;1,682.02
2026/07/02;ENG-021;90;2026-01-04 18:00:00;642.2100;1585.3000;1390.4800;553.6200;2388.0600;9053.3700;47.2100;522.3800;2388.0300;8137.3900;8.4459;392.0000;0.042208;-0.946848;0.004305;HEALTHY;WO162126;87.62
2026-07-02;ENG-063;54;2026-01-03 06:00:00;642.8900;1582.2900;1410.1700;553.4000;2388.1100;9044.1400;47.4300;521.4100;2388.1300;8130.1900;8.4690;393.0000;0.000273;0.066699;0.003213;warning;WO894635;21,667.70
2026-07-02;ENG-056;65;2026-01-03 17:00:00;643.3600;1590.4600;1420.2500;552.9100;2388.1600;9045.9800;47.6100;521.2200;2388.1800;8120.5900;8.4456;394.0000;-0.060865;0.472470;0.003069;Warning;WO565319;8,436.71
02-Jul-2026;ENG-030;77;2026-01-04 05:00:00;642.6300;1588.5700;1405.5000;553.5700;2388.1100;9047.3400;47.5500;521.8100;2388.1300;8126.2100;8.4583;393.0000;0.026359;-0.050152;0.002645;Healthy;WO605797;1,779.92
2026/07/02;ENG-059;58;2026-01-03 10:00:00;642.1900;1581.6000;1393.5000;554.2600;2387.9800;9065.2300;47.2700;521.9200;2388.0000;8137.1300;8.4233;392.0000;0.043478;-1.042247;0.002184;Healthy;WO483142;1345.56
02-Jul-2026;ENG-090;80;2026-01-04 08:00:00;642.5000;1590.3600;1401.2300;553.7900;2388.0700;9063.0300;47.5900;521.4000;2388.0400;8137.1500;8.4374;394.0000;0.073134;-0.158768;0.002617;healthy;WO652647;
2026/07/02;ENG-065;25;2026-01-02 01:00:00;642.3600;1583.6200;1397.8500;555.2200;2387.9600;9064.4900;47.2300;522.5500;2388.0300;8140.7400;8.4089;390.0000;0.043094;-1.259050;0.001465;Healthy;WO365455;1572.80
2026-07-02;  ENG-008 ;59;2026-01-03 11:00:00;642.5700;1582.7800;1407.2400;554.4500;2388.0700;9047.6100;47.5900;521.8400;2388.0800;8136.0500;8.4280;393.0000;0.036897;-0.348964;0.001332;Healthy;WO618341;1296.43
2026/07/02;ENG-051;77;2026-01-04 05:00:00;642.1000;1581.4500;1393.8400;553.4100;2388.1100;9054.8600;47.3900;521.4800;2388.0200;8131.4400;8.3843;393.0000;0.016040;-0.715639;0.001119;HEALTHY;WO337846;2141.15
2026-07-02;ENG-097;68;2026-01-03 20:00:00;642.2700;1587.3100;1402.9400;553.8200;2388.0200;9061.6400;47.3300;522.2400;2388.0200;8155.9800;8.3975;393.0000;0.052074;-0.757896;0.001221;Healthy;WO149196;2099.73
2026-07-02;ENG-068;105;2026-01-05 09:00:00;642.2100;1579.5500;1400.9300;554.1100;2388.0400;9052.4900;47.6100;521.5100;2388.0400;8142.4900;8.4183;394.0000;0.037952;-0.513760;0.001196;HEALTHY;WO393168;1770.50
2026-07-02;ENG-042;68;2026-01-03 20:00:00;642.5200;1586.1000;1403.7800;554.1200;2388.0800;9052.2200;47.1700;522.5400;2388.0600;8130.6300;8.4097;392.0000;0.008246;-0.816330;0.000244;Healthy;WO131528;508.20
02-Jul-2026;ENG-061;57;2026-01-03 09:00:00;642.3100;1586.3000;1407.8100;554.4500;2388.0500;9067.8600;47.3700;522.0700;2388.0100;8145.7800;8.3972;391.0000;0.038071;-0.832247;0.002184;Healthy;WO898692;2800.26
2026/07/02;ENG-011;37;2026-01-02 13:00:00;642.6400;1596.7000;1400.3900;553.0300;2388.1500;9040.6600;47.5300;520.7900;2388.2000;8115.1100;8.4183;393.0000;-0.036869;0.161422;0.003281;Healthy;WO826792;1863.07
2026/07/02;ENG-096;61;2026-01-03 13:00:00;642.0400;1590.8700;1400.6400;554.1900;2388.0200;9064.6800;47.2600;522.6800;2387.9900;8150.6200;8.3935;393.0000;0.042660;-1.026493;0.000913;Healthy;WO230475;2,962.37
2026/07/02;  ENG-094 ;89;2026-01-04 17:00:00;642.9100;1586.0100;1404.6300;553.2300;2388.0700;9051.2000;47.6900;521.6600;2388.1100;8141.1700;8.4680;394.0000;0.054106;0.097196;0.000761;Healthy;WO784735;55.02
2026-07-02;ENG-049;113;2026-01-05 17:00:00;641.7600;1582.8600;1396.4400;554.4500;2387.9900;9062.7400;47.5000;522.0300;2388.0200;8145.7200;8.3911;392.0000;0.047421;-1.090364;0.002013;Healthy;WO322854;
2026-07-02;ENG-058;110;2026-01-05 14:00:00;642.8300;1581.2400;1407.8700;553.9500;2388.1100;9046.0200;47.4200;521.4000;2388.0600;8128.1700;8.4791;393.0000;0.020912;-0.132772;0.002182;Healthy;WO366599;566.56
2026-07-02;ENG-073;43;2026-01-02 19:00:00;641.9900;1581.3000;1399.4700;555.5700;2388.0500;9056.3600;47.3700;521.7900;2388.0100;8139.1900;8.3680;391.0000;0.014763;-1.100783;0.003487;Healthy;WO636945;902.00
02-Jul-2026;ENG-060;78;2026-01-04 06:00:00;641.7300;1589.1600;1400.2700;553.1900;2388.0300;9048.2800;47.2300;521.8400;2388.1100;8137.5700;8.4548;392.0000;0.030437;-0.617850;0.001582;healthy;WO704577;440.91
02-Jul-2026;  ENG-083 ;35;2026-01-02 11:00:00;642.4500;1578.0800;1397.4400;554.1500;2388.0600;9056.3100;47.1900;521.9000;2388.0800;8140.5400;8.4098;391.0000;0.015698;-1.071857;0.001292;Healthy;WO424700;1015.65
02-Jul-2026;eng-026;49;2026-01-03 01:00:00;642.0200;1584.3200;1394.6000;554.7900;2388.0500;9064.0600;47.3200;522.3400;2388.0800;8147.6800;8.4483;391.0000;0.038981;-0.953028;0.000691;Healthy;WO941847;1690.85
2026/07/02;ENG-020;117;2026-01-05 21:00:00;642.5000;1592.4100;1400.8900;553.1000;2388.0500;9064.8600;47.4400;521.6400;2388.0900;8143.7400;8.4488;393.0000;0.081897;-0.102005;0.000670;Warning;WO314263;1421.14
02-Jul-2026;eng-012;93;2026-01-04 21:00:00;642.0800;1581.6500;1398.7000;554.3000;2388.0100;9060.7900;47.2200;522.1100;2387.9900;8142.9000;8.3810;392.0000;0.033610;-1.126186;0.001827;Healthy;WO587157;1591.79
2026-07-02;ENG-057;88;2026-01-04 16:00:00;642.7200;1584.2600;1413.2200;553.8900;2388.0900;9053.3600;47.3300;521.1600;2388.0900;8133.1700;8.4383;393.0000;0.033660;-0.184845;0.001412;Healthy;WO840534;2781.61
2026-07-02;ENG-024;104;2026-01-05 08:00:00;642.2800;1587.7600;1400.7000;554.1800;2387.9700;9073.1400;47.1200;522.2200;2388.0200;8161.2900;8.4315;394.0000;0.065152;-0.894180;0.003088;healthy;WO783854;1628.07
2026-07-02;ENG-056;59;2026-01-03 11:00:00;642.3100;1591.8000;1412.1800;553.1400;2388.1300;9039.5200;47.6400;521.2600;2388.1200;8121.4700;8.4434;393.0000;-0.035046;0.177153;0.003843;Healthy;WO494152;2129.87
02-Jul-2026;ENG-059;39;2026-01-02 15:00:00;641.9100;1585.9700;1401.8600;554.3100;2388.0200;9056.8900;47.2300;522.3100;2388.0600;8139.0300;8.3958;394.0000;0.017176;-0.909358;0.003580;Healthy;WO874425;204.32
2026-07-02;ENG-070;102;2026-01-05 06:00:00;642.4300;1587.4900;1403.9800;553.4800;2388.1100;9053.3600;47.3800;521.9600;2388.0900;8135.1600;8.4113;393.0000;0.041860;-0.342562;0.001498;Warning;WO504997;12296.06
02-Jul-2026;  ENG-034 ;99;2026-01-05 03:00:00;642.3700;1580.7900;1395.6200;554.4800;2388.0600;9057.4900;47.0600;522.4400;2388.0100;8150.9200;8.4009;392.0000;0.033707;-1.117687;0.000345;Healthy;WO928432;1,886.98
2026-07-02;ENG-088;25;2026-01-02 01:00:00;642.3600;1585.0200;1400.8500;553.6900;2388.1200;9038.7800;47.7200;521.1300;2388.1400;8119.8000;8.4406;391.0000;-0.006334;-0.192019;0.015971;Healthy;WO915918;787.17
2026-07-02;ENG-038;66;2026-01-03 18:00:00;642.7100;1589.4800;1416.7900;553.3000;2388.1300;9054.6600;47.6300;521.0400;2388.1700;8135.5200;8.4389;393.0000;-0.000051;0.248577;0.000717;healthy;WO999274;323.39
2026-07-02;eng-017;108;2026-01-05 12:00:00;642.5300;1587.7000;1401.7100;553.9600;2388.0300;9074.6300;47.5100;521.5500;2388.0500;8146.1200;8.4402;391.0000;0.065392;-0.508097;0.003508;Warning;WO468948;15723.20
2026-07-02;ENG-063;83;2026-01-04 11:00:00;642.4700;1591.9400;1405.2700;553.1600;2388.1300;9043.7500;47.5800;521.5600;2388.1200;8133.7800;8.4566;394.0000;0.025069;0.056508;0.002035;Healthy;WO595453;1,825.68
2026/07/02;ENG-013;113;2026-01-05 17:00:00;642.1100;1580.4500;1392.7500;554.1700;2388.0400;9051.8800;47.1500;522.3300;2388.0800;8143.5900;8.3835;392.0000;0.011294;-1.108813;0.002128;Healthy;WO897694;802.45
2026/07/02;ENG-049;154;2026-01-07 10:00:00;642.2500;1582.6900;1403.9900;554.4600;2388.0000;9065.7700;47.3800;522.2100;2388.0300;8140.3000;8.4066;393.0000;0.019559;-0.870899;0.002184;Healthy;WO104997;312.54
02-Jul-2026;ENG-012;103;2026-01-05 07:00:00;642.0100;1576.1600;1401.0100;554.3300;2388.0200;9061.3500;47.1400;522.2400;2388.0600;8141.1000;8.3686;392.0000;0.007878;-1.193884;0.006587;Healthy;WO542384;140.43
2026-07-02;ENG-056;87;2026-01-04 15:00:00;643.4900;1590.4000;1414.9800;552.6900;2388.2100;9044.0400;47.5900;521.1900;2388.2200;8121.5300;8.4750;393.0000;-0.101234;0.683413;0.005222;warning;WO636762;24840.14
2026/07/02;ENG-085;18;2026-01-01 18:00:00;642.3700;1586.0700;1413.6300;552.9800;2388.0900;9052.7600;47.4400;521.1900;2388.1300;8130.1000;8.4241;393.0000;0.036018;-0.159287;0.001956;Healthy;WO506557;2956.94
02-Jul-2026;ENG-045;72;2026-01-04 00:00:00;642.9400;1590.2900;1404.5500;553.2000;2388.0600;9064.4800;47.3800;521.1900;2388.1500;8137.5300;8.4275;392.0000;0.063703;0.019864;0.002535;Healthy;WO894708;383.96
2026-07-02;ENG-019;59;2026-01-03 11:00:00;642.2500;1582.9500;1403.5800;553.9700;2388.0000;9055.8500;47.3000;522.1000;2387.9700;8140.5300;8.4303;390.0000;0.050670;-0.942253;0.001811;Healthy;WO647151;2278.25
02-Jul-2026;ENG-038;57;2026-01-03 09:00:00;642.8100;1589.3100;1405.4000;552.8800;2388.1000;9056.0300;47.7200;521.2500;2388.1200;8132.1900;8.4536;395.0000;-0.000641;0.414967;0.002978;Warning;WO991929;
2026/07/02;ENG-019;83;2026-01-04 11:00:00;642.1500;1582.1700;1401.2800;554.1200;2388.0300;9056.7600;47.4900;521.5500;2388.0900;8137.5300;8.4498;390.0000;0.019818;-0.756396;0.000846;Healthy;WO330952;2,616.69
2026-07-02;ENG-076;75;2026-01-04 03:00:00;642.5000;1588.0500;1406.3300;554.4000;2388.0400;9055.4400;47.3900;522.1100;2388.0600;8141.2600;8.4088;391.0000;0.030565;-0.713380;0.002303;warning;WO149447;2,480.27
02-Jul-2026;  ENG-028 ;96;2026-01-05 00:00:00;642.7800;1593.9600;1405.2900;552.6200;2388.0700;9048.6500;47.5300;520.7900;2388.1000;8133.1200;8.4004;396.0000;0.012774;0.268512;0.002469;Warning;WO596016;22520.46
02-Jul-2026;ENG-049;179;2026-01-08 11:00:00;641.5600;1585.4300;1397.1700;553.7400;2387.9600;9069.0300;47.4300;522.1600;2388.0300;8142.3400;8.3792;392.0000;0.047487;-1.056312;0.001922;Healthy;WO201521;1792.26
2026/07/02;  ENG-031 ;71;2026-01-03 23:00:00;642.1200;1583.1400;1398.0200;554.2300;2387.9200;9063.7000;47.3100;522.0600;2388.0300;8148.0500;8.4223;391.0000;0.057577;-0.949391;0.001601;Healthy;WO747527;2006.50
2026/07/02;ENG-042;78;2026-01-04 06:00:00;642.2400;1586.5700;1401.4800;554.3100;2388.0500;9051.4900;47.3800;521.8200;2388.0700;8133.5000;8.4245;392.0000;0.008390;-0.852158;0.003136;Healthy;WO889792;454.47
2026/07/02;ENG-018;60;2026-01-03 12:00:00;642.4400;1588.3000;1401.9600;554.2600;2388.0300;9065.2600;47.1800;522.2500;2388.0200;8144.8600;8.4174;394.0000;0.033025;-0.781465;0.002641;Healthy;WO236874;2040.61
02-Jul-2026;ENG-072;59;2026-01-03 11:00:00;642.6000;1580.0200;1402.3300;554.0400;2388.0400;9061.4600;47.2800;521.6600;2388.0100;8144.6500;8.3970;393.0000;0.025569;-0.740044;;Healthy;WO680194;
2026-07-02;eng-027;81;2026-01-04 09:00:00;642.6500;1579.9900;1400.3400;553.5300;2388.0900;9042.3000;47.3000;522.3700;2388.0800;8134.7400;8.3899;392.0000;0.006739;-0.889624;0.002277;Healthy;WO164211;2801.83
2026/07/02;ENG-036;74;2026-01-04 02:00:00;642.7300;1590.8600;1413.7200;552.6600;2388.1700;9065.4200;47.6400;520.8200;2388.0800;8143.4400;8.4400;394.0000;0.001103;0.555887;0.005718;HEALTHY;WO266606;1,100.86
02-Jul-2026;ENG-046;88;2026-01-04 16:00:00;642.9100;1586.7500;1413.0200;553.4800;2388.0300;9069.6300;47.3600;521.8400;2388.0800;8150.8300;8.4260;393.0000;0.085292;-0.152309;0.001594;HEALTHY;WO514753;1,632.17
2026-07-02;ENG-021;95;2026-01-04 23:00:00;642.1300;1585.2900;1398.0200;554.2200;2388.0400;9061.0800;47.3400;521.7400;2388.0200;8139.4000;8.4123;391.0000;0.022574;-0.995497;0.000946;Healthy;WO900322;1652.38
2026-07-02;ENG-027;73;2026-01-04 01:00:00;641.5900;1578.9300;1391.1600;554.6700;2388.0200;9049.8100;47.2300;521.8400;2388.0300;8138.3100;8.3936;393.0000;0.011433;-1.092222;0.004422;Healthy;WO777885;2052.71
02-Jul-2026;ENG-012;83;2026-01-04 11:00:00;642.3200;1585.3600;1403.0700;554.2200;2387.9500;9054.0000;47.4300;522.1500;2388.0400;8136.7200;8.3988;391.0000;0.032785;-0.980394;0.003821;Healthy;WO497557;204.83
2026-07-02;ENG-046;63;2026-01-03 15:00:00;642.3000;1595.8100;1408.8700;553.6100;2388.0700;9069.8200;47.2600;521.8600;2388.1000;8142.7900;8.4540;392.0000;0.070768;-0.185651;0.003607;Healthy;WO678417;
2026-07-02;eng-068;114;2026-01-05 18:00:00;642.5700;1587.4000;1409.7900;553.5400;2388.0600;9067.4100;47.4900;521.2100;2388.1200;8138.6700;8.4518;393.0000;0.063341;0.033249;0.001113;Warning;WO615457;10480.62
2026/07/02;ENG-042;73;2026-01-04 01:00:00;642.4300;1591.8900;1399.6600;553.4700;2388.0000;9048.4500;47.1700;522.1100;2388.0600;8125.4200;8.3951;392.0000;0.007821;-0.840192;0.001465;healthy;WO311638;1924.90
2026/07/02;ENG-068;74;2026-01-04 02:00:00;642.6500;1586.2100;1407.6000;554.5000;2388.1000;9060.9000;47.4800;521.9000;2388.0300;8138.6500;8.4001;392.0000;0.029671;-0.644490;0.000913;Healthy;WO201906;2,489.08
2026/07/02;  ENG-054 ;69;2026-01-03 21:00:00;642.1800;1594.3700;1402.2700;554.2300;2388.0300;9058.7100;47.1700;521.9500;2388.0100;8144.1700;8.3823;391.0000;0.018154;-1.016285;0.000488;Healthy;WO256591;2840.50
02-Jul-2026;ENG-045;99;2026-01-05 03:00:00;643.0200;1592.8300;1412.1700;553.2500;2388.1000;9060.8900;47.4600;521.5700;2388.1200;8138.7700;8.4419;392.0000;0.055354;0.153133;0.002475;Warning;WO741203;22407.13
2026/07/02;eng-100;99;2026-01-05 03:00:00;642.3100;1579.0800;1398.9800;554.2300;2388.0600;9056.0000;47.4200;522.1300;2388.0200;8142.6900;8.4008;393.0000;0.029457;-0.914744;;Healthy;WO543666;1,471.45
02-Jul-2026;  ENG-007 ;61;2026-01-03 13:00:00;641.8900;1586.7900;1401.1600;554.7400;2388.0000;9055.4900;47.1900;521.9800;2387.9800;8131.3800;8.3977;391.0000;0.037545;-1.157592;0.002514;Healthy;WO790273;1369.94
2026-07-02;ENG-100;116;2026-01-05 20:00:00;641.9100;1588.2100;1401.9700;553.5400;2387.9800;9060.9800;47.3300;522.0100;2388.0300;8148.7200;8.4401;392.0000;0.052488;-0.735587;0.000423;Healthy;WO904674;1129.44
2026/07/02;  ENG-091 ;151;2026-01-07 07:00:00;642.5200;1597.5100;1414.9900;552.7100;2388.1300;9050.6200;47.6800;520.7800;2388.1400;8130.6200;8.4399;394.0000;-0.031212;0.505763;;Warning;WO973614;13702.27
2026-07-02;ENG-079;62;2026-01-03 14:00:00;642.5600;1586.7500;1404.8800;554.2000;2388.1100;9055.8800;47.3600;522.0000;2388.0900;8128.8300;8.4386;394.0000;0.027370;-0.390968;0.001718;Healthy;WO548640;2,332.04
02-Jul-2026;  ENG-046 ;59;2026-01-03 11:00:00;642.9100;1587.8000;1400.7400;553.1900;2388.0300;9060.4000;47.3700;521.7600;2388.0900;8143.3300;8.4469;391.0000;0.053993;-0.447857;0.000922;Healthy;WO644676;2285.25
2026-07-02;ENG-027;82;2026-01-04 10:00:00;642.6700;1593.4500;1400.0700;554.1800;2388.0700;9058.3500;47.3000;521.8600;2388.1100;8132.0800;8.3969;393.0000;0.019333;-0.573054;0.001629;Healthy;WO398188;919.64
2026-07-02;ENG-020;103;2026-01-05 07:00:00;642.2900;1584.9300;1399.2700;553.6800;2388.0400;9065.1400;47.3100;522.3600;2388.0500;8143.1400;8.4214;392.0000;0.037558;-0.748277;0.002909;Healthy;WO665837;1674.73
2026-07-02;ENG-004;70;2026-01-03 22:00:00;642.3800;1588.7400;1414.2300;553.3500;2388.0800;9061.1600;47.6300;521.2900;2388.1200;8134.7100;8.4436;394.0000;0.047752;0.011121;0.001566;Healthy;WO369369;1,772.89
2026-07-02;eng-068;121;2026-01-06 01:00:00;642.8600;1589.2600;1399.0300;553.4900;2388.1200;9064.8800;47.4500;521.4600;2388.1000;8137.4000;8.4548;394.0000;0.058376;0.095255;0.002904;Healthy;WO612872;
2026-07-02;ENG-029;77;2026-01-04 05:00:00;641.8200;1589.4000;1401.4000;554.2100;2388.1200;9064.9300;47.5700;522.1500;2388.0300;8139.9600;8.4256;389.0000;-0.022129;-2.642152;0.003782;Healthy;WO921355;420.40
2026-07-02;ENG-056;81;2026-01-04 09:00:00;643.0300;1592.9100;1415.7700;552.6500;2388.1200;9048.0300;47.6300;521.0800;2388.2100;8124.7800;8.4617;394.0000;-0.051358;0.579998;0.007076;healthy;WO575177;2776.08
02-Jul-2026;ENG-081;90;2026-01-04 18:00:00;642.4600;1587.7600;1411.2100;553.5700;2388.0700;9067.2500;47.4300;521.9000;2388.0100;8150.4900;8.4043;391.0000;0.063609;-0.627955;0.003695;Healthy;WO693711;1505.58
2026-07-02;ENG-024;106;2026-01-05 10:00:00;642.5500;1579.3300;1401.3100;554.8000;2388.0400;9069.6900;47.1400;522.2000;2387.9600;8154.6600;8.4054;391.0000;0.051971;-1.094976;0.001544;Healthy;WO573799;2794.47
2026/07/02;  ENG-038 ;77;2026-01-04 05:00:00;643.0400;1590.7600;1408.7900;552.3800;2388.1300;9061.4800;47.3800;520.5400;2388.0700;8140.0400;8.4503;393.0000;0.028910;0.340003;0.001142;Healthy;WO739741;2,022.08
2026/07/02;ENG-076;96;2026-01-05 00:00:00;642.6800;1582.0300;1396.5500;554.2100;2388.0600;9059.5600;47.2300;521.8100;2388.0300;8142.6900;8.4150;392.0000;0.031768;-0.818190;0.001998;Healthy;WO901520;1703.62
02-Jul-2026;  ENG-018 ;76;2026-01-04 04:00:00;642.6800;1587.8900;1403.5600;554.3200;2388.0400;9065.4000;47.3400;521.7100;2388.0700;8146.0300;8.4131;393.0000;-0.046797;-2.711776;0.015472;Healthy;WO854315;1,880.05
2026-07-02;ENG-012;104;2026-01-05 08:00:00;641.8100;1586.8300;1402.3700;554.3700;2388.0400;9054.3100;47.4300;522.3300;2388.0300;8143.8300;8.4111;392.0000;0.036827;-0.946948;0.000913;Healthy;WO432600;433.15
02-Jul-2026;  ENG-049 ;104;2026-01-05 08:00:00;642.4200;1585.1600;1403.2800;554.0100;2388.0900;9065.6700;47.2300;522.4100;2388.0000;8139.1200;8.3937;391.0000;0.031740;-1.024466;0.000846;Healthy;WO865020;1,934.58
02-Jul-2026;ENG-082;93;2026-01-04 21:00:00;642.8200;1595.2900;1403.7400;553.6000;2388.1000;9067.4100;47.3600;521.8000;2388.0400;8145.5300;8.4046;393.0000;0.068472;-0.298288;0.001777;Warning;WO543218;20157.12
02-Jul-2026;eng-055;48;2026-01-03 00:00:00;642.3100;1586.4800;1398.3100;554.1600;2388.0600;9052.4800;47.3000;521.6100;2388.0400;8137.7000;8.3690;392.0000;0.011129;-0.838133;0.001922;Healthy;WO940468;2,313.55
02-Jul-2026;ENG-090;63;2026-01-03 15:00:00;642.5000;1589.7300;1408.1800;553.7100;2388.1300;9060.0700;47.5700;521.7900;2388.1100;8142.6700;8.4230;394.0000;0.070019;-0.050190;0.001414;healthy;WO600890;2,609.31
2026/07/02;  ENG-096 ;38;2026-01-02 14:00:00;641.9700;1579.4100;1406.7500;554.0800;2387.9700;9065.9300;47.0300;522.6700;2387.9800;8147.3000;8.4071;392.0000;0.020979;-2.637279;0.000977;Healthy;WO823528;556.79
2026/07/02;ENG-012;105;2026-01-05 09:00:00;642.3600;1592.4500;1402.3200;554.6500;2387.9700;9060.7000;47.2500;522.4200;2388.0500;8140.9400;8.3980;392.0000;0.021803;-1.016114;0.001465;Healthy;WO255768;271.61
2026-07-02;  ENG-006 ;62;2026-01-03 14:00:00;642.7400;1591.4500;1413.6700;552.4200;2388.1100;9048.5200;47.6800;521.5200;2388.1300;8135.1200;8.4162;392.0000;-0.067808;-2.392308;0.054875;healthy;WO644519;
2026/07/02;ENG-030;82;2026-01-04 10:00:00;642.7500;1587.2700;1407.1100;553.5400;2388.1500;9050.5900;47.5100;521.5400;2388.1800;8131.1800;8.4252;395.0000;0.000849;0.088313;0.000539;Healthy;WO431871;
02-Jul-2026;ENG-043;115;2026-01-05 19:00:00;642.8200;1585.7000;1401.7900;553.2900;2388.0700;9051.3000;47.5000;521.5200;2388.0900;8139.1600;8.4273;392.0000;0.046013;-0.299054;0.002017;Healthy;WO998255;2914.94
2026-07-02;ENG-080;75;2026-01-04 03:00:00;642.6000;1584.0100;1405.3800;553.1300;2388.0400;9063.4600;47.3500;522.0400;2388.0100;8149.4700;8.4344;394.0000;0.070920;-0.433147;0.002028;Healthy;WO228861;
2026-07-02;ENG-043;100;2026-01-05 04:00:00;642.8000;1586.6400;1405.8300;553.5700;2388.1400;9046.3200;47.3600;521.9300;2388.1200;8134.5400;8.4361;392.0000;0.035592;-0.216179;0.000637;Healthy;WO360995;2,502.12
2026/07/02;eng-072;71;2026-01-03 23:00:00;642.1600;1581.1800;1402.5300;553.2200;2388.0500;9060.5300;47.4400;522.2500;2388.0100;8150.3600;8.4000;392.0000;0.054039;-0.831430;0.002773;healthy;WO772195;832.48
02-Jul-2026;ENG-018;67;2026-01-03 19:00:00;642.5500;1586.8900;1392.1200;554.5900;2388.0400;9063.6900;47.2900;522.8900;2388.0200;8148.2400;8.3717;390.0000;0.060985;-1.149949;0.000488;Healthy;WO804549;284.62
2026/07/02;ENG-039;18;2026-01-01 18:00:00;642.1800;1588.1900;1404.9100;553.9800;2388.0200;9055.1800;47.1300;522.8900;2388.0200;8139.4700;8.3803;392.0000;0.030816;-1.076020;0.000977;Healthy;WO822343;1,284.45
2026/07/02;eng-061;78;2026-01-04 06:00:00;642.8700;1590.8400;1404.7800;553.9000;2388.0200;9070.5100;47.3500;521.8900;2388.0100;8144.0100;8.4399;393.0000;0.069870;-0.437681;0.003666;Healthy;WO984249;1268.72
02-Jul-2026;ENG-010;95;2026-01-04 23:00:00;642.0200;1585.9900;1394.5500;554.0800;2388.0200;9057.5700;47.1000;522.0200;2388.0500;8137.6200;8.4158;392.0000;0.016204;-1.075797;0.000598;Healthy;WO782431;1,840.60
02-Jul-2026;ENG-013;125;2026-01-06 05:00:00;642.3100;1585.8900;1398.0600;554.1000;2387.9700;9069.5100;47.4300;522.0100;2388.0500;8137.0300;8.4205;393.0000;0.039808;-0.694247;0.000930;Healthy;WO477461;882.19
2026/07/02;ENG-005;41;2026-01-02 17:00:00;642.7500;1591.2600;1410.1400;552.8700;2388.1400;9050.4500;47.4900;521.9300;2388.0600;8129.9300;8.4413;392.0000;0.038344;0.037736;0.002369;Healthy;WO160870;2561.04
02-Jul-2026;  ENG-094 ;53;2026-01-03 05:00:00;642.9300;1589.0900;1401.8300;554.2500;2388.0900;9060.7300;47.5700;521.6900;2388.1300;8139.5800;8.4307;393.0000;0.041895;-0.338997;0.002925;Warning;WO781423;23503.20
02-Jul-2026;ENG-037;48;2026-01-03 00:00:00;642.2700;1582.5900;1404.5200;554.0900;2388.0400;9051.7900;47.3400;522.2100;2388.0400;8139.9700;8.3865;391.0000;0.019108;-0.935663;0.001601;Healthy;WO404776;400.34
2026/07/02;eng-045;98;2026-01-05 02:00:00;642.5300;1595.2100;1414.1300;553.7100;2388.0700;9063.9200;47.5200;521.6300;2388.0600;8143.4500;8.4616;395.0000;0.060382;0.228736;0.000518;HEALTHY;WO111648;2336.74
2026/07/02;ENG-066;65;2026-01-03 17:00:00;642.4300;1601.1700;1411.8700;553.9500;2388.1300;9060.7100;47.6300;521.5300;2388.0300;8143.5600;8.4464;393.0000;0.067695;0.092457;0.002908;Healthy;WO777034;2441.12
2026-07-02;ENG-049;110;2026-01-05 14:00:00;642.1600;1584.1300;1398.6800;554.9100;2388.0100;9063.0200;47.2500;522.1900;2388.0100;8143.3900;8.4540;392.0000;0.042821;-1.050024;;HEALTHY;WO195467;383.58
02-Jul-2026;eng-064;107;2026-01-05 11:00:00;642.5100;1590.7800;1406.9400;554.2300;2388.0700;9063.8700;47.5300;521.1900;2388.0200;8140.0000;8.4419;393.0000;0.064034;-0.230446;0.002658;HEALTHY;WO608091;1,173.49
2026-07-02;ENG-064;96;2026-01-05 00:00:00;642.5100;1593.1600;1404.7200;553.8100;2388.0800;9060.4400;47.5600;521.6800;2388.0800;8135.4400;8.4583;392.0000;0.074920;-0.059478;0.000422;healthy;WO486609;2515.56
2026/07/02;ENG-049;160;2026-01-07 16:00:00;642.3700;1590.1200;1403.2600;554.0600;2388.0600;9060.7700;47.2700;522.0200;2388.0600;8136.8900;8.3940;392.0000;0.022837;-0.715997;0.001007;Healthy;WO428608;261.31
2026-07-02;ENG-080;74;2026-01-04 02:00:00;642.7400;1587.8200;1399.7700;554.2200;2388.0200;9064.7800;47.4000;521.9200;2388.0400;8140.9300;8.4173;393.0000;-0.015206;-2.686364;0.004784;Healthy;WO644657;2,806.32
02-Jul-2026;ENG-068;69;2026-01-03 21:00:00;641.9800;1586.0700;1401.7900;554.1700;2388.0800;9063.5200;47.4500;521.6700;2388.0400;8139.3500;8.4300;391.0000;0.032749;-0.657647;0.001735;Healthy;WO627395;1,022.67
02-Jul-2026;ENG-001;20;2026-01-01 20:00:00;642.6100;1587.7800;1400.7000;554.3100;2388.0500;9041.1200;47.4600;522.2800;2388.0500;8128.5900;8.4099;392.0000;0.012844;-0.714866;0.002740;Healthy;WO880854;2,234.04
02-Jul-2026;ENG-094;82;2026-01-04 10:00:00;642.9700;1593.4800;1402.8600;553.7600;2388.0700;9052.8400;47.5800;521.3200;2388.1200;8130.8000;8.4483;393.0000;0.043595;0.031254;0.002678;Warning;WO699304;18566.03
2026-07-02;ENG-058;73;2026-01-04 01:00:00;642.3400;1583.2500;1405.0800;554.3800;2388.1200;9043.0900;47.5100;522.2700;2388.1200;8129.6000;8.4382;391.0000;0.014168;-0.603207;0.003343;Healthy;WO912091;345.18
02-Jul-2026;ENG-084;69;2026-01-03 21:00:00;642.4300;1592.5300;1407.8200;554.0300;2388.0700;9061.5400;47.3700;521.5600;2388.0600;8140.8500;8.4231;393.0000;0.059775;-0.242240;0.001974;healthy;WO822205;1,533.25
2026/07/02;  ENG-074 ;53;2026-01-03 05:00:00;642.6800;1590.0200;1404.4400;553.6700;2387.9800;9062.0500;47.4200;521.8300;2388.1400;8132.4800;8.4038;393.0000;0.038118;-0.456083;0.000610;Healthy;WO475518;1185.46
2026-07-02;eng-090;72;2026-01-04 00:00:00;642.3800;1586.2200;1409.7700;553.4100;2388.1100;9055.3400;47.4700;521.6100;2387.9800;8139.8900;8.4280;390.0000;0.061025;-0.274752;0.001064;Healthy;WO919298;304.92
2026/07/02;ENG-034;104;2026-01-05 08:00:00;642.8400;1583.8000;1394.5700;554.6800;2387.9900;9068.4800;47.2600;522.0600;2388.0700;8147.3300;8.4418;390.0000;0.036591;-1.012838;0.001827;Healthy;WO243850;720.05
2026-07-02;ENG-070;99;2026-01-05 03:00:00;643.3100;1589.3200;1409.4700;554.1400;2388.0700;9052.6000;47.4300;522.1100;2388.1000;8134.6500;8.4327;393.0000;0.055846;-0.107229;0.002486;healthy;WO374498;2250.38
2026-07-02;ENG-010;104;2026-01-05 08:00:00;642.7600;1578.1800;1398.4100;553.7800;2388.0600;9068.4800;47.3600;522.0000;2388.0700;8145.4500;8.4113;394.0000;0.023379;-0.895579;0.001221;healthy;WO964692;
02-Jul-2026;ENG-076;137;2026-01-06 17:00:00;642.2800;1589.1900;1407.8300;553.2600;2388.0100;9069.4400;47.3100;521.3100;2388.0800;8148.5100;8.4075;393.0000;0.057090;-0.480133;0.002373;Healthy;WO974733;433.37
2026-07-02;  ENG-093 ;150;2026-01-07 06:00:00;642.6700;1590.4200;1412.4300;553.8600;2388.0800;9061.6800;47.4700;520.6700;2388.1000;8140.2000;8.4302;394.0000;0.025612;0.178545;0.000928;healthy;WO975010;1262.45
2026/07/02;  ENG-042 ;92;2026-01-04 20:00:00;641.8500;1592.3900;1399.6700;553.7900;2388.1100;9044.1400;47.4100;522.2300;2388.0900;8135.7200;8.3827;392.0000;0.012916;-0.812100;0.002909;Healthy;WO652333;875.31
2026-07-02;ENG-042;88;2026-01-04 16:00:00;642.6100;1584.7700;1399.0000;553.5800;2388.0600;9047.5200;47.3300;521.9100;2388.0200;8136.4300;8.4253;391.0000;0.027009;-0.666470;0.001292;Healthy;WO928892;1,491.28
2026-07-02;ENG-086;66;2026-01-03 18:00:00;642.8200;1588.1100;1404.2300;553.2700;2388.0900;9063.8900;47.3800;521.8900;2388.0700;8141.1900;8.4394;393.0000;0.064562;-0.250538;0.000961;Healthy;WO596357;1250.22
2026-07-02;ENG-059;51;2026-01-03 03:00:00;642.4900;1586.8300;1399.7200;553.3300;2388.0500;9058.3900;47.2400;522.0900;2388.0600;8143.8200;8.4000;392.0000;-0.038614;-2.609326;0.005859;Healthy;WO526725;2,466.84
02-Jul-2026;ENG-058;72;2026-01-04 00:00:00;642.7200;1591.4400;1400.9500;553.2400;2388.0600;9052.6700;47.3300;522.2300;2388.0600;8129.2200;8.4002;391.0000;0.026599;-0.703668;0.001208;Healthy;WO340918;
2026/07/02;ENG-073;44;2026-01-02 20:00:00;642.3400;1581.4900;1393.6800;553.8000;2388.0700;9051.1800;47.1500;522.1800;2388.0000;8132.3400;8.4102;392.0000;0.025642;-0.988570;0.000946;healthy;WO837020;980.38
2026/07/02;ENG-021;85;2026-01-04 13:00:00;642.0500;1583.6300;1397.6900;555.1800;2388.0500;9057.8700;47.2000;522.0100;2388.0500;8143.8400;8.4154;392.0000;0.015369;-1.093607;0.000345;Healthy;WO116070;2,884.78
2026-07-02;eng-021;73;2026-01-04 01:00:00;641.9900;1581.5100;1399.4500;554.6300;2388.0200;9053.6500;47.1500;522.3000;2387.9900;8140.4900;8.3944;392.0000;0.030347;-1.086864;0.001983;Healthy;WO105703;2,355.65
02-Jul-2026;ENG-097;83;2026-01-04 11:00:00;641.9200;1587.9900;1405.5200;554.4200;2388.0400;9068.2900;47.2000;522.1400;2388.0200;8146.4900;8.4282;392.0000;0.033339;-0.826108;0.002114;Healthy;WO228127;1590.37
02-Jul-2026;ENG-013;71;2026-01-03 23:00:00;641.8800;1585.5800;1398.6900;554.6200;2388.0200;9063.9700;47.0900;522.3300;2388.0300;8147.5000;8.4061;393.0000;0.024681;-1.080087;0.001245;Healthy;WO115996;
02-Jul-2026;ENG-038;46;2026-01-02 22:00:00;643.1100;1600.3900;1411.0100;552.3400;2388.0300;9056.8800;47.6600;521.8100;2388.1800;8136.6000;8.4326;394.0000;0.061542;0.370851;0.003766;healthy;WO758580;1546.29
2026/07/02;ENG-017;61;2026-01-03 13:00:00;642.2400;1592.6500;1406.0100;554.5300;2388.0000;9077.2000;47.2000;521.9000;2387.9900;8147.4900;8.4344;391.0000;0.053618;-0.929136;0.001582;Healthy;WO153413;2844.27
02-Jul-2026;  ENG-024 ;122;2026-01-06 02:00:00;641.8100;1584.1400;1404.2400;553.5800;2387.9700;9078.0600;47.4700;521.6900;2388.0000;8155.0500;8.4056;392.0000;0.062232;-0.867931;0.004285;Healthy;WO283760;2531.64
2026/07/02;  ENG-045 ;70;2026-01-03 22:00:00;642.4900;1582.1600;1409.8800;553.6200;2388.1100;9061.4100;47.4700;521.5300;2388.0900;8141.6400;8.3978;392.0000;0.048413;-0.266984;0.001376;Healthy;WO549283;
2026-07-02;ENG-070;89;2026-01-04 17:00:00;642.2700;1584.2500;1403.9000;553.4400;2388.1300;9045.4500;47.1800;522.1500;2388.1200;8131.5700;8.3906;394.0000;0.002592;-0.509284;0.000573;Healthy;WO290114;575.57
2026-07-02;ENG-021;51;2026-01-03 03:00:00;642.5400;1583.4100;1403.2200;554.0400;2388.0000;9050.9000;47.0600;522.5600;2388.0600;8138.9600;8.3565;392.0000;0.019802;-1.156566;0.003202;Healthy;WO727453;2863.31
2026/07/02;ENG-062;143;2026-01-06 23:00:00;642.0500;1586.4600;1396.5300;554.9900;2388.0500;9061.6400;47.3900;522.3100;2388.0400;8143.7200;8.4153;392.0000;0.035412;-1.002262;0.001424;Healthy;WO503134;2,228.06
2026/07/02;ENG-028;68;2026-01-03 20:00:00;642.0000;1589.7600;1401.4400;554.4800;2388.0900;9051.5500;47.3500;521.8100;2388.0700;8124.9400;8.4474;392.0000;0.006625;-0.775174;0.003248;healthy;WO108545;1654.06
02-Jul-2026;ENG-070;62;2026-01-03 14:00:00;642.4900;1589.6800;1407.9400;553.4800;2388.1100;9054.2800;47.5600;521.8800;2388.1400;8130.4200;8.4467;393.0000;0.041416;-0.028539;;Warning;WO468254;
02-Jul-2026;ENG-056;84;2026-01-04 12:00:00;642.7500;1596.8100;1412.5300;553.4500;2388.2200;9042.4900;47.5900;520.8200;2388.1800;8123.3600;8.4917;395.0000;-0.092379;0.593312;0.004264;Warning;WO497092;4,446.22
2026-07-02;eng-004;48;2026-01-03 00:00:00;642.3600;1588.7300;1404.9900;554.5400;2388.1000;9056.2700;47.3700;521.3600;2388.0800;8134.2100;8.4517;394.0000;0.038235;-0.225084;0.001285;healthy;WO199632;
2026/07/02;ENG-086;65;2026-01-03 17:00:00;642.6100;1593.1400;1405.4300;553.7700;2388.0600;9054.2200;47.2700;521.3300;2388.0700;8139.6800;8.4255;395.0000;0.050882;-0.196828;0.002825;Healthy;WO962951;2,333.26
2026/07/02;ENG-024;74;2026-01-04 02:00:00;642.6700;1582.7800;1392.5700;554.5100;2387.9900;9065.8800;47.1900;522.1600;2388.0400;8148.5600;8.3924;393.0000;-0.007857;-2.689352;0.001827;Healthy;WO802166;59.39
2026-07-02;ENG-063;102;2026-01-05 06:00:00;642.3100;1588.6700;1409.1100;552.9700;2388.1100;9041.9700;47.4100;521.6300;2388.1400;8131.7300;8.4341;392.0000;0.037604;-0.172462;0.003031;healthy;WO494835;1300.20
02-Jul-2026;ENG-048;45;2026-01-02 21:00:00;642.3100;1584.6100;1407.1300;553.9000;2388.0800;9047.6100;47.3300;521.7500;2388.0500;8134.9800;8.4430;392.0000;0.020775;-0.494612;0.004290;Healthy;WO796739;164.74
2026-07-02;ENG-084;62;2026-01-03 14:00:00;642.5400;1585.8700;1404.9700;553.9700;2388.1400;9047.3900;47.3200;521.7900;2388.0200;8140.4300;8.4109;391.0000;0.017042;-0.550506;0.002595;Healthy;WO343679;
2026/07/02;ENG-028;82;2026-01-04 10:00:00;642.8200;1590.6300;1412.5800;553.7100;2388.1300;9052.3000;47.4000;521.2500;2388.0700;8130.0700;8.4175;391.0000;0.035804;-0.134980;0.001126;Healthy;WO730667;218.44
2026-07-02;ENG-003;64;2026-01-03 16:00:00;643.0900;1584.7600;1410.9100;554.3000;2388.0600;9057.6700;47.4300;521.0400;2388.1300;8128.4100;8.4524;392.0000;0.032147;-0.024824;0.003619;Healthy;WO595084;566.15
2026-07-02;ENG-040;69;2026-01-03 21:00:00;642.7700;1590.6400;1417.7400;553.1600;2388.1400;9062.2300;47.8100;520.4500;2388.1400;8132.7200;8.4667;393.0000;-0.034714;0.531419;0.002277;Healthy;WO278999;1,466.36
02-Jul-2026;ENG-066;89;2026-01-04 17:00:00;643.0000;1590.2000;1420.6400;553.3900;2388.0900;9073.1100;47.7900;521.6700;2388.0500;8148.1500;8.4518;394.0000;0.079532;0.273404;0.001039;Warning;WO140990;14908.16
2026/07/02;ENG-072;69;2026-01-03 21:00:00;642.5200;1583.1100;1401.3900;554.0300;2388.0000;9067.3800;47.2900;521.9600;2388.0200;8139.5400;8.4232;392.0000;0.036930;-0.820187;0.001424;healthy;WO761273;444.80
2026/07/02;  ENG-029 ;78;2026-01-04 06:00:00;642.4800;1588.8400;1404.3400;553.5400;2388.0500;9053.6300;47.4200;521.7200;2388.1100;8141.7300;8.4270;392.0000;0.042535;-0.463658;0.001718;Healthy;WO204473;1920.15
2026/07/02;ENG-013;106;2026-01-05 10:00:00;642.2700;1584.8500;1396.4100;554.9500;2388.0200;9062.1600;47.2100;522.2400;2388.0500;8144.8200;8.4144;392.0000;0.025425;-1.097794;0.001544;Healthy;WO712303;1,441.84
02-Jul-2026;ENG-063;56;2026-01-03 08:00:00;643.1500;1591.0200;1407.4900;553.2900;2388.0700;9048.6200;47.4500;522.1500;2388.0800;8125.5500;8.4864;392.0000;0.055980;0.015967;0.001088;Warning;WO155141;990.70
2026-07-02;ENG-082;108;2026-01-05 12:00:00;643.0500;1591.3200;1406.8200;553.3200;2388.1700;9065.5100;47.6100;521.4900;2388.1000;8138.6900;8.4430;393.0000;0.038245;0.254526;0.001337;Healthy;WO230879;1,821.32
2026/07/02;ENG-077;99;2026-01-05 03:00:00;642.1100;1585.5500;1408.2100;553.3400;2388.0700;9050.3900;47.3400;521.7100;2388.0400;8135.1700;8.3881;392.0000;0.022068;-0.524564;0.002784;Healthy;WO963648;458.07
2026-07-02;ENG-077;92;2026-01-04 20:00:00;642.7900;1583.8100;1409.5600;554.1800;2388.0900;9051.5700;47.3500;522.1500;2388.0900;8133.1700;8.4590;392.0000;0.025042;-0.495588;;Healthy;WO603566;2717.28
2026/07/02;eng-076;112;2026-01-05 16:00:00;642.3200;1582.0200;1405.1100;553.5800;2388.0500;9067.5200;47.3100;521.8600;2388.0700;8146.3200;8.4432;392.0000;0.053744;-0.500270;0.001582;Healthy;WO857517;594.74
2026/07/02;ENG-068;99;2026-01-05 03:00:00;642.3900;1591.9000;1404.0600;553.5100;2388.0500;9061.9700;47.3800;521.7900;2388.0800;8139.6600;8.4703;392.0000;0.060324;-0.340024;0.000988;Healthy;WO358239;
2026/07/02;ENG-077;88;2026-01-04 16:00:00;642.3900;1590.7100;1403.4200;553.8400;2388.1000;9048.9000;47.2900;521.6400;2388.0400;8129.5500;8.4102;392.0000;0.011679;-0.628791;0.002405;Healthy;WO293467;
2026-07-02;ENG-029;82;2026-01-04 10:00:00;641.6800;1583.9300;1400.0600;553.9400;2388.0200;9052.1200;47.2500;522.3000;2388.0400;8139.4400;8.4266;393.0000;0.020681;-0.977456;0.000546;Healthy;WO950951;494.71
2026-07-02;ENG-064;76;2026-01-04 04:00:00;642.7300;1585.3900;1399.3800;553.6800;2388.0800;9055.4700;47.5400;521.6900;2388.0700;8137.4500;8.4218;394.0000;0.050077;-0.196054;0.002496;Healthy;WO993910;2332.19
2026-07-02;ENG-021;55;2026-01-03 07:00:00;641.5700;1586.7600;1400.9300;554.0200;2388.0400;9042.8900;47.2700;521.9300;2387.9900;8137.3600;8.4020;393.0000;0.016271;-0.983754;0.002751;healthy;WO329266;
2026/07/02;ENG-041;59;2026-01-03 11:00:00;642.1900;1578.2300;1401.0100;553.7900;2388.0400;9057.2800;47.4000;522.1400;2388.0700;8136.9500;8.3650;393.0000;0.015896;-0.946822;0.003504;Healthy;WO930458;1,856.68
2026-07-02;ENG-079;57;2026-01-03 09:00:00;642.1000;1582.2700;1400.3100;554.3600;2388.0800;9045.5300;47.4200;522.3400;2388.1000;8138.9200;8.4200;393.0000;-0.013060;-2.660523;0.007275;Healthy;WO250582;1,943.46
2026/07/02;eng-090;61;2026-01-03 13:00:00;641.8200;1590.8000;1408.7400;552.9100;2388.1000;9047.4300;47.7200;521.7300;2388.1200;8133.6400;8.4430;393.0000;0.050748;-0.098057;0.000952;Healthy;WO180053;2,730.20
2026/07/02;ENG-016;51;2026-01-03 03:00:00;642.3100;1591.8300;1397.6500;554.5100;2388.0300;9044.9800;47.4200;522.0100;2388.0300;8134.4400;8.3764;392.0000;0.023356;-2.614278;0.002847;Healthy;WO244073;2776.86
02-Jul-2026;ENG-029;72;2026-01-04 00:00:00;642.4300;1583.2800;1399.0300;553.9700;2388.0300;9052.3000;47.4100;522.4700;2388.0900;8140.4300;8.3863;392.0000;0.018168;-0.944542;0.001337;Healthy;WO563287;996.94
02-Jul-2026;eng-034;106;2026-01-05 10:00:00;642.2400;1588.5200;1396.2300;554.4300;2388.0200;9062.4500;47.3300;522.1600;2388.0400;8144.7400;8.4068;391.0000;0.036219;-0.898993;0.001196;Healthy;WO601354;2,631.03
02-Jul-2026;ENG-098;72;2026-01-04 00:00:00;642.2400;1591.6900;1410.3500;553.5800;2388.0400;9064.3000;47.5700;521.9100;2388.1000;8144.1500;8.4283;392.0000;0.084580;-0.232664;0.001355;Healthy;WO967677;579.52
2026-07-02;ENG-010;128;2026-01-06 08:00:00;642.2200;1591.5800;1396.9400;554.0400;2387.9800;9070.9000;47.0900;522.0700;2388.0600;8142.7300;8.4113;391.0000;0.037232;-1.060657;0.001827;Healthy;WO899346;2910.12
2026/07/02;eng-062;101;2026-01-05 05:00:00;641.4200;1580.0200;1390.0100;554.4300;2388.0300;9065.2300;47.1100;522.7200;2388.0100;8143.4500;8.4019;391.0000;0.063056;-1.362239;0.005652;Healthy;WO413842;1712.88
2026-07-02;eng-094;76;2026-01-04 04:00:00;642.6300;1583.8200;1411.1500;553.5900;2388.1400;9062.8700;47.5900;521.4500;2388.0800;8136.7200;8.4209;393.0000;0.034641;0.092928;0.000797;Healthy;WO413673;598.02
02-Jul-2026;ENG-095;37;2026-01-02 13:00:00;642.4400;1588.9400;1401.9400;554.3600;2388.0400;9045.3100;47.2800;521.9500;2388.0400;8134.9600;8.3684;391.0000;0.001244;-0.895755;0.000946;healthy;WO322682;1,416.65
2026/07/02;ENG-023;50;2026-01-03 02:00:00;642.6000;1586.4200;1399.9600;555.1400;2388.0600;9046.7100;47.2500;522.2500;2388.0800;8140.7300;8.3695;391.0000;-0.001130;-1.033269;0.005074;Healthy;WO793721;785.68
2026/07/02;eng-060;69;2026-01-03 21:00:00;642.3200;1582.7800;1407.3100;553.2200;2388.0300;9054.4500;47.4900;521.5700;2388.0700;8137.8800;8.4365;393.0000;0.057478;-0.261237;0.000432;Healthy;WO661027;810.71
2026-07-02;ENG-061;100;2026-01-05 04:00:00;642.3600;1591.3300;1404.6900;554.4200;2388.0400;9068.5300;47.4600;521.9500;2388.0700;8149.3300;8.4160;393.0000;0.055968;-0.509976;0.001610;Healthy;WO189223;2,100.63
2026-07-02;ENG-094;83;2026-01-04 11:00:00;642.8800;1588.8100;1412.0900;553.3100;2388.1300;9057.2300;47.4300;521.6400;2388.1500;8137.8500;8.4257;394.0000;0.038473;0.092194;0.000620;Healthy;WO380803;2,067.95
2026/07/02;ENG-029;71;2026-01-03 23:00:00;642.5700;1594.0200;1399.3800;553.9200;2388.0000;9055.0300;47.3300;521.9700;2388.0200;8138.2800;8.3951;393.0000;0.032796;-0.777774;0.001827;Healthy;WO165134;1903.24
2026/07/02;ENG-082;82;2026-01-04 10:00:00;642.3000;1592.2800;1405.9100;553.9800;2388.1000;9067.2600;47.3700;521.7500;2388.0800;8138.1700;8.4492;392.0000;0.052886;-0.329978;0.002380;Healthy;WO480154;1852.35
2026/07/02;ENG-035;124;2026-01-06 04:00:00;643.2400;1594.7400;1408.3000;553.1000;2388.0900;9054.3700;47.6500;521.1500;2388.1400;8143.0600;8.4513;392.0000;0.040388;0.325130;0.004897;Healthy;WO532494;1247.62
2026/07/02;ENG-061;54;2026-01-03 06:00:00;642.4900;1590.4700;1406.0100;554.4200;2388.0100;9060.9000;47.4300;522.1800;2387.9600;8146.3800;8.3970;391.0000;0.057527;-0.666696;0.002794;Healthy;WO595749;2745.00
2026/07/02;ENG-052;96;2026-01-05 00:00:00;642.3300;1586.8000;1396.5600;554.8000;2388.0800;9057.8300;47.4200;522.1400;2388.0400;8140.6100;8.4136;392.0000;0.015157;-0.856905;0.002211;Healthy;WO535385;2,509.78
2026-07-02;ENG-002;28;2026-01-02 04:00:00;642.1600;1592.3300;1404.5900;553.7500;2388.1200;9044.3000;47.4700;521.1900;2388.0800;8129.6800;8.4276;393.0000;0.026270;-0.167320;0.005563;Healthy;WO987633;1253.71
02-Jul-2026;ENG-027;68;2026-01-03 20:00:00;642.2700;1587.3100;1400.7900;553.6300;2388.0600;9045.6400;47.2600;522.1500;2388.0100;8134.9700;8.4046;391.0000;0.004795;-2.572299;0.005393;Healthy;WO205748;2,664.80
02-Jul-2026;ENG-081;132;2026-01-06 12:00:00;642.7800;1590.1900;1404.5400;553.0900;2388.0900;9068.9200;47.3600;521.9300;2388.0900;8145.8900;8.4475;394.0000;0.078087;-0.095399;0.003783;Healthy;WO515277;2606.55
2026-07-02;  ENG-047 ;43;2026-01-02 19:00:00;642.4700;1587.8000;1411.6800;553.1300;2388.1300;9046.8100;47.6500;521.4100;2388.1700;8116.8300;8.4730;393.0000;-0.026503;0.174925;0.001386;Healthy;WO847851;2038.52
2026-07-02;ENG-050;28;2026-01-02 04:00:00;642.0000;1592.1800;1395.1800;554.3500;2388.0600;9065.0500;47.2200;522.0900;2388.0500;8145.0600;8.4309;391.0000;0.046996;-0.904750;0.004367;Healthy;WO823644;2739.43
02-Jul-2026;ENG-055;75;2026-01-04 03:00:00;642.3600;1589.0800;1402.6400;554.1500;2388.0800;9056.9700;47.3900;522.1700;2388.1400;8138.8800;8.4272;393.0000;0.034882;-0.483454;0.001782;Healthy;WO910613;2763.09
2026/07/02;ENG-049;168;2026-01-08 00:00:00;642.3300;1591.8800;1400.6200;553.6900;2388.0100;9060.2200;47.1900;521.6900;2388.0700;8147.3200;8.4005;392.0000;0.039121;-0.683103;0.000386;Healthy;WO210691;2874.06
02-Jul-2026;eng-081;81;2026-01-04 09:00:00;642.6100;1588.7000;1402.8800;554.1000;2388.0600;9065.0100;47.3800;521.7900;2388.0300;8146.2100;8.4288;393.0000;0.056857;-0.486192;0.001525;Healthy;WO577430;646.18
02-Jul-2026;  ENG-064 ;82;2026-01-04 10:00:00;641.9500;1586.8700;1408.7500;553.9300;2388.0900;9054.2700;47.3900;521.3300;2388.1100;8141.3600;8.4236;392.0000;0.033049;-0.421624;0.002100;HEALTHY;WO378251;
2026-07-02;ENG-008;72;2026-01-04 00:00:00;642.2400;1585.3200;1404.7400;554.3500;2388.1000;9056.2900;47.3200;521.6800;2388.1200;8132.9800;8.4237;391.0000;0.014207;-0.506628;0.002904;Healthy;WO172979;
2026-07-02;ENG-015;43;2026-01-02 19:00:00;641.8300;1588.0500;1402.1200;554.3200;2387.9900;9057.8600;47.4700;522.2100;2388.0800;8140.8300;8.4055;392.0000;0.023503;-0.836379;0.002100;Healthy;WO182782;1141.59
2026/07/02;ENG-037;65;2026-01-03 17:00:00;642.2600;1575.7900;1406.1200;553.8800;2388.0300;9047.6600;47.4500;521.4800;2388.0400;8133.4400;8.4024;392.0000;0.007955;-0.727766;0.001968;Healthy;WO826239;2055.40
2026-07-02;ENG-055;72;2026-01-04 00:00:00;642.1400;1594.9000;1404.9800;553.9600;2388.1200;9056.4200;47.5400;521.8700;2388.0400;8135.5100;8.4496;393.0000;0.067777;-0.286370;0.001112;Healthy;WO785967;951.14
2026-07-02;ENG-027;67;2026-01-03 19:00:00;642.3400;1580.8300;1397.4900;553.8200;2388.0500;9048.1200;47.0900;521.5100;2388.0800;8131.7400;8.4272;392.0000;-0.014947;-0.874304;0.008994;Healthy;WO106889;1625.69
02-Jul-2026;ENG-067;28;2026-01-02 04:00:00;641.9800;1593.7900;1402.9400;554.1900;2388.0600;9055.6800;47.2200;521.9100;2388.0400;8141.4100;8.4276;394.0000;0.031420;-0.645163;0.001794;Healthy;WO999834;697.40
2026-07-02;ENG-068;73;2026-01-04 01:00:00;642.1200;1594.7600;1404.1200;553.8900;2388.1000;9059.2700;47.3200;522.1100;2388.0500;8137.5300;8.4155;391.0000;0.039618;-0.569816;0.003083;Healthy;WO823459;
2026/07/02;ENG-018;88;2026-01-04 16:00:00;642.5700;1586.5700;1407.5600;554.5000;2388.0100;9066.0100;47.5200;521.5200;2388.0700;8136.8200;8.4619;394.0000;0.054067;-0.311482;0.001447;Healthy;WO375330;2925.30
02-Jul-2026;  ENG-049 ;123;2026-01-06 03:00:00;642.2000;1581.5100;1398.8400;553.8100;2388.0500;9063.1100;47.2100;522.4900;2388.0800;8140.0300;8.3919;392.0000;0.031091;-1.045269;0.001619;Healthy;WO114955;2126.90
2026/07/02;eng-084;84;2026-01-04 12:00:00;642.1900;1592.7900;1401.8000;553.2500;2388.1000;9054.9100;47.4400;522.1300;2388.1000;8138.2600;8.4357;393.0000;0.059938;-0.288383;0.000938;healthy;WO567354;774.22
02-Jul-2026;ENG-090;90;2026-01-04 18:00:00;643.2900;1584.6300;1410.8700;553.5900;2388.1200;9066.8300;47.3800;521.6800;2388.0900;8137.1700;8.4090;393.0000;0.053668;-0.132407;0.001531;Warning;WO803278;3,281.91
2026/07/02;ENG-012;121;2026-01-06 01:00:00;642.1700;1593.1700;1398.0500;554.8600;2388.0500;9054.7700;47.1600;522.6300;2388.0400;8141.3400;8.4047;392.0000;0.023533;-0.969689;0.001007;healthy;WO883951;1,016.05
02-Jul-2026;ENG-088;27;2026-01-02 03:00:00;642.4100;1582.7000;1415.0000;553.2700;2388.1800;9046.9600;47.3500;521.5900;2388.1300;8124.3000;8.4386;394.0000;0.009762;-0.180572;;Healthy;WO783486;1,183.19
2026-07-02;eng-057;94;2026-01-04 22:00:00;642.1600;1593.9900;1403.6400;553.4600;2388.1400;9051.1100;47.4100;521.6700;2388.1400;8128.2600;8.4201;393.0000;0.039173;-0.216350;0.000680;Healthy;WO847102;2991.74
2026/07/02;ENG-035;112;2026-01-05 16:00:00;642.4900;1589.0300;1412.2500;553.2300;2388.1100;9058.5300;47.7000;521.2400;2388.1600;8136.4700;8.4577;394.0000;0.014862;0.289724;0.003003;Warning;WO558847;7,302.25
2026-07-02;ENG-052;88;2026-01-04 16:00:00;642.6200;1587.5400;1391.0600;554.0200;2388.0500;9059.7000;46.9700;522.4000;2388.0200;8139.3700;8.3914;391.0000;0.012406;-2.629022;0.004026;Healthy;WO849994;2,673.76
2026-07-02;eng-046;51;2026-01-03 03:00:00;642.9200;1588.8200;1408.3400;554.3300;2388.0200;9063.5600;47.2400;521.8400;2388.0300;8154.8100;8.4674;394.0000;0.066790;-0.436749;0.000819;Healthy;WO434305;1,336.58
2026-07-02;  ENG-001 ;16;2026-01-01 16:00:00;642.3200;1584.5100;1407.7600;553.8200;2388.1000;9041.9400;47.3900;522.1600;2388.1000;8133.8300;8.4300;390.0000;0.014846;-0.593130;0.002762;Healthy;WO563174;841.33
02-Jul-2026;ENG-030;67;2026-01-03 19:00:00;642.4400;1588.6700;1410.0500;553.3100;2388.0800;9047.6700;47.5500;521.1400;2388.1100;8126.1500;8.4638;392.0000;0.027885;-0.084163;0.001880;Healthy;WO961399;2532.03
2026/07/02;ENG-076;97;2026-01-05 01:00:00;641.1300;1589.7100;1393.1700;554.5100;2387.9700;9058.2600;47.1900;521.7700;2388.0300;8141.2600;8.3949;391.0000;0.023507;-1.128919;0.001505;healthy;WO724288;1,633.94
2026-07-02;ENG-007;92;2026-01-04 20:00:00;641.8200;1584.0800;1397.4700;554.8900;2388.0400;9059.1500;47.2900;522.3000;2388.0000;8143.3900;8.4117;391.0000;0.043044;-1.175437;0.000691;Healthy;WO768098;
02-Jul-2026;eng-095;39;2026-01-02 15:00:00;642.7300;1580.5000;1394.7200;553.4300;2388.0700;9053.3900;47.3100;522.0900;2388.0700;8132.4900;8.4144;392.0000;0.008254;-0.751109;0.001064;healthy;WO742837;1282.78
02-Jul-2026;ENG-094;81;2026-01-04 09:00:00;642.8100;1587.4700;1413.0400;553.9800;2388.1300;9060.0600;47.5300;522.0600;2388.0700;8140.2000;8.4248;392.0000;0.050737;0.074165;0.004428;Healthy;WO240882;1,002.42
02-Jul-2026;ENG-004;42;2026-01-02 18:00:00;642.5600;1591.0800;1410.2300;553.9900;2388.1000;9048.4100;47.3400;521.7800;2388.0500;8130.8700;8.4460;392.0000;0.040317;-0.272642;0.000814;Healthy;WO664412;109.84
02-Jul-2026;ENG-041;56;2026-01-03 08:00:00;642.1900;1589.3500;1401.0400;554.7800;2388.0700;9046.1700;47.1200;522.3200;2388.0000;8127.8500;8.3911;394.0000;0.002708;-0.946362;0.003107;Healthy;WO724280;369.51
2026-07-02;  ENG-033 ;21;2026-01-01 21:00:00;643.0800;1589.7700;1413.2300;553.6400;2388.1300;9060.8400;47.4000;521.5200;2388.0800;8140.0900;8.4476;391.0000;0.039271;0.186365;0.001570;Healthy;WO224261;2,713.05
2026-07-02;  ENG-063 ;58;2026-01-03 10:00:00;642.5500;1587.7600;1406.7300;553.4800;2388.1100;9047.3800;47.3300;521.3100;2388.0500;8133.5100;8.4475;393.0000;0.031769;-0.273827;0.001883;Healthy;WO148307;1,192.70
02-Jul-2026;ENG-082;102;2026-01-05 06:00:00;642.7900;1592.7800;1410.2400;553.5700;2388.0800;9059.1500;47.5400;521.5400;2388.1200;8138.9500;8.3792;394.0000;0.061616;-0.050013;0.001442;Healthy;WO539730;2436.41
2026/07/02;ENG-018;89;2026-01-04 17:00:00;642.6200;1578.5600;1405.3900;554.3400;2388.0600;9060.7800;47.4400;521.9400;2388.0800;8140.0500;8.4203;392.0000;0.015915;-0.728902;0.001485;Healthy;WO611278;
02-Jul-2026;ENG-092;92;2026-01-04 20:00:00;642.8000;1595.0400;1414.5000;553.0200;2388.1600;9039.1700;47.6700;521.2400;2388.2000;8127.9800;8.4218;394.0000;-0.046845;0.452717;0.002284;Warning;WO512635;13697.56
2026-07-02;ENG-061;65;2026-01-03 17:00:00;642.0100;1583.1800;1405.4100;554.3900;2388.0300;9067.2700;47.1900;522.3100;2388.0500;8147.7700;8.3818;391.0000;-0.023417;-2.640833;0.005610;Healthy;WO827789;2127.27
2026/07/02;ENG-010;120;2026-01-06 00:00:00;641.9600;1594.4000;1397.5900;553.8700;2388.0000;9067.0700;47.4900;521.7800;2388.0400;8145.7800;8.3912;392.0000;0.055207;-0.802609;0.001544;Healthy;WO396133;1,092.00
02-Jul-2026;ENG-081;78;2026-01-04 06:00:00;641.9500;1585.2200;1408.8100;553.0400;2388.1000;9065.2900;47.3100;521.5700;2388.0300;8149.8900;8.3748;392.0000;0.032327;-0.706191;0.001638;Healthy;WO725146;737.39
02-Jul-2026;ENG-021;74;2026-01-04 02:00:00;641.9800;1587.2200;1400.6700;554.5400;2388.1000;9051.1700;47.1900;522.0800;2388.0500;8137.4800;8.4178;393.0000;-0.020005;-2.680954;0.002392;Healthy;WO983044;2164.00
2026-07-02;eng-084;113;2026-01-05 17:00:00;642.3900;1588.8900;1403.7900;552.5600;2388.1100;9054.3300;47.4600;521.4500;2388.1100;8136.9000;8.4386;391.0000;0.054242;-0.122799;0.000713;healthy;WO779342;1746.45
02-Jul-2026;ENG-012;120;2026-01-06 00:00:00;641.9900;1588.2000;1400.7400;554.0500;2387.9900;9061.5600;47.3800;522.3800;2388.0600;8136.7000;8.3850;392.0000;0.016234;-0.993493;0.001968;Healthy;WO836506;2,594.66
2026-07-02;ENG-004;51;2026-01-03 03:00:00;643.4800;1599.9000;1410.5700;553.0000;2388.0800;9052.5500;47.2300;521.3500;2388.1100;8132.7500;8.4187;393.0000;0.046344;0.183826;0.001673;Healthy;WO496741;2,690.44
02-Jul-2026;  ENG-016 ;59;2026-01-03 11:00:00;642.0200;1588.3000;1401.5500;554.1900;2388.0200;9057.5500;47.3800;521.8500;2388.0400;8133.3400;8.4265;391.0000;0.013323;-0.898981;0.001036;Healthy;WO184229;2,618.59
2026/07/02;ENG-019;46;2026-01-02 22:00:00;641.9200;1585.9900;1390.9300;554.2900;2387.9800;9052.6800;47.2400;522.6500;2388.0100;8141.9900;8.3868;392.0000;0.048681;-1.188525;0.000345;Healthy;WO856582;
2026-07-02;ENG-100;118;2026-01-05 22:00:00;641.9600;1589.0700;1399.0600;554.1000;2387.9900;9077.0700;47.4200;522.7500;2388.0100;8147.9700;8.3881;392.0000;0.069553;-1.091288;0.003571;Healthy;WO866138;1000.96
02-Jul-2026;ENG-034;89;2026-01-04 17:00:00;642.2300;1586.5900;1397.9800;554.7300;2387.9900;9069.0300;47.1800;522.5700;2388.0300;8147.0000;8.4050;392.0000;0.030597;-1.046453;0.000488;Healthy;WO836828;228.03
2026-07-02;ENG-033;31;2026-01-02 07:00:00;643.0300;1593.9700;1409.1600;552.9600;2388.1800;9059.9300;47.6400;520.8500;2388.1100;8137.0300;8.4568;393.0000;0.011257;0.329341;0.001539;Healthy;WO451030;1910.59
02-Jul-2026;ENG-094;68;2026-01-03 20:00:00;642.3900;1592.9400;1406.4200;553.4400;2388.0700;9064.1100;47.4800;521.9200;2388.1000;8143.9600;8.4454;395.0000;0.081765;-0.062485;0.001378;HEALTHY;WO177595;590.68
02-Jul-2026;ENG-031;110;2026-01-05 14:00:00;642.8600;1584.3600;1400.6000;554.0500;2388.0500;9071.8000;47.2800;522.1500;2388.0900;8148.0400;8.4448;392.0000;0.050273;-0.574329;0.001544;Healthy;WO934846;2,548.50
2026-07-02;ENG-086;60;2026-01-03 12:00:00;642.2000;1595.9800;1405.1800;553.3800;2388.0700;9059.7600;47.4900;521.7200;2388.0500;8139.4200;8.4583;393.0000;0.079459;-0.158962;0.001543;Healthy;WO562858;676.03
02-Jul-2026;ENG-049;115;2026-01-05 19:00:00;642.0100;1593.1500;1399.7200;554.2400;2388.0100;9055.2500;47.1000;521.9900;2388.0000;8139.5400;8.4042;392.0000;0.041298;-0.896037;0.003303;Healthy;WO925293;1,237.59
02-Jul-2026;ENG-073;71;2026-01-03 23:00:00;642.0900;1579.8200;1404.2500;554.4700;2387.9900;9052.0300;47.1500;522.2700;2388.0400;8132.9800;8.4070;391.0000;0.013213;-1.097384;0.001953;Healthy;WO601695;1,570.00
2026/07/02;  ENG-038 ;78;2026-01-04 06:00:00;643.1200;1591.3300;1409.6300;553.4400;2388.1100;9057.8900;47.6600;521.4600;2388.1300;8135.5600;8.4572;394.0000;0.033148;0.241441;0.002567;Healthy;WO760077;86.73
2026/07/02;  ENG-020 ;99;2026-01-05 03:00:00;642.7500;1592.4200;1406.3900;554.1800;2388.0700;9062.4200;47.7000;521.8500;2388.0700;8145.6900;8.4227;392.0000;0.088380;-0.179581;0.001918;Healthy;WO766800;2254.43
02-Jul-2026;ENG-013;97;2026-01-05 01:00:00;642.2700;1590.4000;1407.8900;554.6400;2388.0000;9058.6800;47.2900;521.4900;2387.9700;8145.0800;8.4303;392.0000;0.042899;-0.683003;0.001601;Healthy;WO114209;
02-Jul-2026;  ENG-035 ;98;2026-01-05 02:00:00;642.8500;1590.5400;1412.6300;553.7100;2388.0700;9054.5400;47.6600;520.9700;2388.1200;8137.2700;8.4497;393.0000;0.030612;0.109880;0.000854;Healthy;WO269655;812.14
2026/07/02;ENG-090;76;2026-01-04 04:00:00;642.0900;1589.9200;1405.0800;553.1900;2388.1200;9059.8100;47.7400;521.8500;2388.1100;8141.1600;8.4028;394.0000;0.057114;0.065058;0.002011;Healthy;WO311352;1821.55
2026/07/02;ENG-097;73;2026-01-04 01:00:00;642.4900;1590.9600;1397.9100;553.6300;2388.0800;9062.4600;47.4200;522.0700;2388.0500;8144.2900;8.4273;390.0000;0.046369;-0.710683;0.001465;healthy;WO529313;2,315.99
2026-07-02;  ENG-028 ;65;2026-01-03 17:00:00;642.6600;1584.3100;1400.3000;553.1200;2388.0700;9040.8700;47.4100;521.8100;2388.1500;8129.2900;8.3959;393.0000;0.017044;-0.375708;0.003741;Healthy;WO734411;1197.73
2026-07-02;ENG-008;63;2026-01-03 15:00:00;642.3900;1597.0500;1406.0700;553.4800;2388.0600;9045.8000;47.5300;521.7500;2388.0800;8126.6900;8.4531;393.0000;0.048094;-0.057362;0.001878;Healthy;WO514305;303.13
02-Jul-2026;ENG-016;43;2026-01-02 19:00:00;642.2000;1583.0400;1398.2800;554.5200;2388.0300;9056.4300;47.3900;522.6100;2388.0400;8138.2400;8.4301;392.0000;0.037415;-0.912208;0.002380;Healthy;WO836921;2400.24
2026-07-02;ENG-030;81;2026-01-04 09:00:00;642.7000;1591.4700;1417.0800;553.6500;2388.1000;9044.0900;47.6100;521.0600;2388.1300;8132.1800;8.4839;394.0000;-0.022062;0.354096;0.004343;Healthy;WO130641;1,142.88
2026/07/02;  ENG-056 ;78;2026-01-04 06:00:00;642.3000;1594.1000;1414.4900;553.4000;2388.1600;9046.4900;47.7800;521.5100;2388.2000;8122.9700;8.4740;395.0000;-0.045728;0.377437;0.001257;warning;WO451762;7,090.99
2026-07-02;eng-065;30;2026-01-02 06:00:00;642.1800;1591.7100;1389.7600;554.0300;2388.0200;9066.2400;47.0700;523.0500;2387.9700;8154.8400;8.4040;391.0000;0.090024;-1.233957;0.005910;Healthy;WO437234;2277.04
2026/07/02;ENG-006;53;2026-01-03 05:00:00;642.7500;1587.6400;1405.6400;553.2300;2388.1100;9056.1000;47.4300;521.3100;2388.0600;8142.1400;8.4371;391.0000;0.061134;-0.181613;0.001117;Healthy;WO136328;1,075.84
02-Jul-2026;eng-089;102;2026-01-05 06:00:00;642.6100;1589.5200;1414.1800;553.5100;2388.1300;9042.6700;47.4400;521.8200;2388.0500;8129.8600;8.4455;392.0000;0.027597;-0.089497;0.001077;Healthy;WO662460;348.34
2026-07-02;ENG-090;57;2026-01-03 09:00:00;642.1700;1588.7600;1403.1000;553.8400;2388.1300;9052.3000;47.6000;521.6800;2388.0700;8135.3400;8.4375;392.0000;0.049637;-0.270689;0.001831;Healthy;WO460317;2,219.07
02-Jul-2026;  ENG-049 ;127;2026-01-06 07:00:00;642.0900;1586.2300;1397.9900;553.9600;2388.0200;9056.2400;47.2200;522.3200;2388.0200;8147.4000;8.3685;392.0000;0.038066;-1.112355;;Healthy;WO575581;1,905.85
2026-07-02;ENG-063;68;2026-01-03 20:00:00;642.9100;1590.4600;1408.5500;553.5200;2388.0500;9057.0300;47.4900;521.5000;2388.0500;8132.0700;8.4193;394.0000;0.059077;-0.039552;0.000411;Healthy;WO560814;1032.17
2026/07/02;ENG-029;101;2026-01-05 05:00:00;642.4500;1591.8100;1403.8700;553.5700;2388.0900;9059.8500;47.5600;522.1000;2388.0300;8139.3900;8.4275;392.0000;0.067513;-0.446254;0.001450;Healthy;WO812324;2,916.96
2026-07-02;ENG-060;85;2026-01-04 13:00:00;642.8800;1595.1600;1402.3700;553.7300;2388.1100;9053.8700;47.3700;522.0500;2388.1100;8139.6200;8.4437;391.0000;-0.050781;-2.695424;0.013426;Healthy;WO288327;1636.34
2026/07/02;  ENG-053 ;82;2026-01-04 10:00:00;642.2700;1577.0200;1399.4600;554.7300;2388.0500;9058.8400;47.3800;522.0200;2388.0900;8139.0400;8.4267;392.0000;0.001141;-0.901314;0.003727;Healthy;WO615311;1338.42
2026-07-02;eng-008;94;2026-01-04 22:00:00;642.5600;1583.0100;1405.0700;553.7200;2388.1300;9053.0700;47.5000;521.3200;2388.0900;8131.2300;8.4882;393.0000;0.037138;-0.138481;0.001502;Healthy;WO264211;
02-Jul-2026;ENG-062;79;2026-01-04 07:00:00;642.3200;1584.4400;1390.9300;554.5500;2387.9900;9053.4600;47.0900;523.0600;2387.9800;8139.5900;8.4009;391.0000;0.087951;-1.346119;0.005880;Healthy;WO942763;2138.56
02-Jul-2026;ENG-053;57;2026-01-03 09:00:00;642.0700;1585.2100;1402.4100;553.8700;2388.0000;9060.0500;47.4200;522.4300;2388.0300;8137.2000;8.4398;391.0000;0.033973;-0.808201;0.000913;Healthy;WO234631;1787.08
2026/07/02;ENG-017;103;2026-01-05 07:00:00;642.1700;1593.5700;1403.7100;553.8200;2387.9900;9082.6300;47.3200;522.1100;2387.9900;8152.0900;8.4120;393.0000;0.053484;-0.826591;0.002940;Healthy;WO773621;2132.81
2026/07/02;ENG-049;178;2026-01-08 10:00:00;642.3000;1580.3800;1404.1000;554.0500;2388.0100;9052.9300;47.4300;522.3400;2388.0500;8143.8500;8.3933;391.0000;0.025585;-0.947468;0.001875;Healthy;WO889621;1,735.81
02-Jul-2026;ENG-054;81;2026-01-04 09:00:00;642.2400;1582.2800;1387.9900;554.8800;2387.9900;9049.9300;47.0800;522.5700;2388.0000;8139.7600;8.3696;390.0000;0.096591;-1.397571;0.011678;healthy;WO824983;2,279.20
02-Jul-2026;ENG-096;56;2026-01-03 08:00:00;642.3500;1589.6100;1398.3100;554.3900;2388.0100;9061.7800;47.2100;521.9100;2388.0000;8145.1700;8.4085;392.0000;0.037481;-0.968043;0.000646;Healthy;WO217211;2862.30
2026-07-02;ENG-081;120;2026-01-06 00:00:00;643.0900;1585.7500;1402.2700;554.6900;2388.0700;9070.4300;47.5000;521.7800;2388.0300;8148.4300;8.4556;392.0000;0.064460;-0.343802;0.001248;Healthy;WO358801;2529.96
2026/07/02;ENG-034;86;2026-01-04 14:00:00;642.3400;1585.9800;1400.8200;554.6400;2388.0200;9059.1500;47.3700;523.0600;2388.0500;8143.9200;8.3932;391.0000;0.043173;-1.140970;0.001092;HEALTHY;WO252724;368.22
2026-07-02;  ENG-072 ;61;2026-01-03 13:00:00;642.0500;1588.3600;1406.3900;554.0400;2388.0900;9060.3500;47.0900;522.0200;2387.9800;8145.2100;8.4407;391.0000;0.042510;-0.762171;0.003098;Healthy;WO949662;1312.75
02-Jul-2026;ENG-081;90;2026-01-04 18:00:00;642.4600;1587.7600;1411.2100;553.5700;2388.0700;9067.2500;47.4300;521.9000;2388.0100;8150.4900;8.4043;391.0000;0.063609;-0.627955;0.003695;Healthy;WO693711;1505.58
2026-07-02;ENG-080;59;2026-01-03 11:00:00;641.9900;1592.3600;1395.9200;554.0300;2388.0500;9066.4000;47.3000;522.0000;2388.0400;8148.7600;8.3886;393.0000;0.032752;-0.841229;0.002909;Healthy;WO961860;527.08
02-Jul-2026;ENG-097;75;2026-01-04 03:00:00;642.4400;1584.6400;1401.4900;553.8400;2388.0600;9069.0600;47.5100;522.1300;2388.0600;8147.3200;8.4013;393.0000;0.046931;-0.816507;0.000646;Healthy;WO552727;1793.01
02-Jul-2026;ENG-100;87;2026-01-04 15:00:00;642.2700;1587.0800;1400.3800;554.2400;2388.0300;9062.7700;47.3300;521.9800;2388.0700;8140.7500;8.3907;391.0000;0.021471;-0.739310;0.002156;Healthy;WO364855;
2026-07-02;ENG-005;63;2026-01-03 15:00:00;642.3400;1584.2600;1409.2500;554.4700;2388.1200;9056.5800;47.3900;521.1600;2388.1900;8127.7400;8.4506;393.0000;0.008966;-0.099591;0.002286;Healthy;WO689522;2551.20
2026/07/02;ENG-097;57;2026-01-03 09:00:00;642.3900;1584.5200;1400.7500;553.9900;2388.0000;9066.5700;47.3400;522.0100;2387.9800;8149.0500;8.4306;392.0000;0.065237;-0.898550;0.002549;HEALTHY;WO265123;
2026/07/02;ENG-081;77;2026-01-04 05:00:00;642.0500;1592.5200;1400.9000;553.8600;2388.0400;9067.2700;47.4100;521.8800;2388.0600;8153.2900;8.4109;392.0000;0.060981;-0.553155;0.002762;Healthy;WO651250;1638.11
2026-07-02;  ENG-009 ;21;2026-01-01 21:00:00;642.8100;1584.3300;1406.5000;553.0900;2388.0900;9041.6800;47.5700;521.2900;2388.0900;8133.2500;8.4444;393.0000;0.007861;0.103374;0.000290;Healthy;WO127704;2599.68
2026/07/02;ENG-093;110;2026-01-05 14:00:00;643.0300;1595.7400;1405.8600;553.1000;2388.1100;9058.2600;47.6000;521.1800;2388.0600;8132.9400;8.4400;393.0000;0.039910;0.202195;0.002581;HEALTHY;WO418448;646.78
02-Jul-2026;ENG-078;28;2026-01-02 04:00:00;642.0500;1585.3800;1399.0200;555.2500;2387.9400;9059.2900;47.2000;522.4000;2388.0200;8142.9400;8.4212;392.0000;0.073400;-2.709125;0.010102;Healthy;WO984017;1079.89
2026-07-02;eng-058;62;2026-01-03 14:00:00;642.4200;1580.9200;1396.5500;553.7300;2388.0300;9045.4900;47.3300;521.9100;2388.1200;8134.4400;8.4329;392.0000;-0.001606;-0.825503;0.001171;Healthy;WO883080;354.49
2026/07/02;ENG-068;67;2026-01-03 19:00:00;642.4200;1591.0500;1405.1800;553.6100;2388.0900;9060.9000;47.3100;521.1800;2388.0700;8134.5800;8.4057;393.0000;0.036550;-0.337866;0.001334;Healthy;WO698826;1,808.58
2026/07/02;ENG-029;99;2026-01-05 03:00:00;642.5000;1576.5100;1398.2700;553.8500;2388.0700;9062.0800;47.1600;522.2400;2388.0300;8136.2700;8.3948;391.0000;0.025496;-1.038974;0.003982;Healthy;WO456391;2297.23
02-Jul-2026;ENG-047;39;2026-01-02 15:00:00;642.5200;1582.9300;1409.2300;553.0300;2388.1400;9039.7600;47.6000;521.1400;2388.1600;8123.6400;8.4550;392.0000;-0.022083;0.039007;0.004564;healthy;WO589684;1212.43
2026/07/02;ENG-060;61;2026-01-03 13:00:00;642.6400;1586.0500;1399.5700;553.7100;2388.1500;9049.6000;47.4100;521.4500;2388.0800;8133.9400;8.4182;394.0000;0.028498;-0.278064;0.001318;Healthy;WO936786;2158.27
2026/07/02;ENG-069;32;2026-01-02 08:00:00;641.9700;1584.5100;1405.1600;554.1400;2388.0600;9048.7100;47.4000;521.7800;2388.0700;8126.2000;8.3842;391.0000;-0.005984;-0.845411;0.001744;Healthy;WO851915;2820.92
02-Jul-2026;  ENG-093 ;90;2026-01-04 18:00:00;642.6900;1587.1700;1410.1300;553.8000;2388.1700;9054.8800;47.5300;521.4600;2388.0900;8132.4200;8.4760;394.0000;0.001321;0.125231;0.002431;Healthy;WO672190;2,008.88
2026-07-02;ENG-017;72;2026-01-04 00:00:00;641.9100;1587.6500;1398.8300;554.6600;2388.0300;9073.3500;47.3700;521.4100;2388.0000;8148.5400;8.3982;392.0000;0.026438;-0.945672;0.002909;Healthy;WO909172;1251.14
02-Jul-2026;  ENG-093 ;111;2026-01-05 15:00:00;643.1900;1603.6100;1408.9500;553.7600;2388.1100;9052.4400;47.4400;521.5200;2388.1700;8141.2800;8.4869;393.0000;0.025746;0.429361;0.002721;healthy;WO373146;91.80
2026/07/02;ENG-081;100;2026-01-05 04:00:00;641.9500;1583.4600;1406.1200;553.5800;2388.0600;9065.1000;47.4000;522.0500;2388.0600;8147.7800;8.4284;392.0000;0.052871;-0.630385;0.001998;healthy;WO410563;2,559.84
2026-07-02;ENG-038;80;2026-01-04 08:00:00;643.2300;1595.3600;1413.7900;552.8000;2388.1200;9061.1700;47.6000;521.4200;2388.1600;8133.2900;8.4314;394.0000;0.009159;0.502112;0.002572;Warning;WO301307;4966.54
2026-07-02;ENG-092;98;2026-01-05 02:00:00;643.2000;1594.3500;1412.1600;552.7800;2388.1700;9047.6100;47.5800;520.7800;2388.1200;8125.4100;8.4573;394.0000;-0.046483;0.473364;0.001606;Healthy;WO563504;148.96
02-Jul-2026;ENG-031;107;2026-01-05 11:00:00;642.4300;1585.5400;1406.7200;553.7400;2388.0500;9068.5100;47.7100;521.4200;2388.0400;8146.7100;8.4301;392.0000;0.078381;-0.215829;0.002730;Warning;WO138792;21265.88
02-Jul-2026;  ENG-064 ;75;2026-01-04 03:00:00;642.1200;1587.9500;1400.2500;553.6500;2388.0700;9060.7400;47.4300;521.7900;2388.0700;8141.6700;8.4353;393.0000;0.034842;-0.627533;0.001899;Healthy;WO661384;2214.47
02-Jul-2026;ENG-038;76;2026-01-04 04:00:00;642.9300;1587.6900;1411.8100;552.8200;2388.1500;9049.4500;47.6900;521.0300;2388.1000;8142.1000;8.4545;393.0000;0.010321;0.266484;0.001676;Warning;WO760478;17462.05
2026-07-02;ENG-062;120;2026-01-06 00:00:00;641.7800;1579.8100;1397.3400;554.4800;2387.9700;9052.4000;47.2600;522.5600;2387.9900;8140.1300;8.4077;390.0000;0.065010;-1.268806;0.001691;Healthy;WO782305;2,823.75
02-Jul-2026;ENG-037;66;2026-01-03 18:00:00;642.7500;1582.4500;1400.2600;554.2200;2388.0100;9050.2200;47.2700;522.2100;2388.0500;8132.2300;8.4503;393.0000;0.016118;-0.796234;0.001907;Healthy;WO723518;1,367.42
2026-07-02;ENG-046;53;2026-01-03 05:00:00;642.0900;1594.6000;1407.7800;553.9900;2388.0400;9069.7200;47.3000;521.8900;2388.0200;8144.6300;8.4275;392.0000;0.058393;-0.528696;0.002810;Healthy;WO521555;637.27
2026/07/02;ENG-077;102;2026-01-05 06:00:00;642.2900;1583.3000;1405.8700;553.6600;2388.1000;9045.4800;47.3200;521.0800;2388.1000;8132.6600;8.4148;392.0000;0.012194;-0.357776;0.003383;Healthy;WO740463;2278.46
02-Jul-2026;  ENG-006 ;69;2026-01-03 21:00:00;642.1100;1596.5400;1403.3200;553.4600;2388.1000;9049.1300;47.3200;521.4600;2388.1200;8131.9400;8.4747;394.0000;0.036644;0.005104;0.002406;Healthy;WO797839;1130.30
02-Jul-2026;ENG-020;89;2026-01-04 17:00:00;642.3200;1588.3800;1402.7800;553.6900;2388.0700;9067.2800;47.4300;521.2500;2388.0400;8146.4600;8.4225;393.0000;0.052647;-0.460655;0.000598;Healthy;WO314729;91.08
02-Jul-2026;ENG-056;90;2026-01-04 18:00:00;642.3600;1594.1300;1419.5500;552.4200;2388.1300;9042.5800;47.7000;520.6100;2388.1700;8127.2700;8.4438;393.0000;-0.053155;0.472825;0.002395;Healthy;WO379081;2141.95
02-Jul-2026;  ENG-034 ;103;2026-01-05 07:00:00;642.0500;1585.5000;1391.2500;554.4500;2388.0100;9061.9000;47.1700;522.0400;2388.0300;8143.2500;8.4441;392.0000;0.048668;-1.064467;0.001544;Healthy;WO614474;378.08
2026/07/02;ENG-091;88;2026-01-04 16:00:00;641.9800;1592.0700;1411.1900;553.3600;2388.1300;9042.9500;47.6800;521.2500;2388.1100;8129.8000;8.4312;391.0000;0.016102;-0.072898;0.003117;Healthy;WO681746;2,241.46
02-Jul-2026;ENG-003;72;2026-01-04 00:00:00;643.2500;1588.9300;1398.3000;553.1000;2388.1800;9054.3300;47.4800;520.8300;2388.1500;8134.9800;8.4195;393.0000;0.009028;0.154345;0.003201;Healthy;WO608420;2,861.56
2026/07/02;ENG-080;82;2026-01-04 10:00:00;642.4300;1587.3900;1392.2800;553.8700;2388.0200;9065.4400;47.5000;521.9700;2388.0300;8144.5800;8.4357;393.0000;0.059443;-0.590411;0.002784;Healthy;WO345403;189.46
02-Jul-2026;ENG-056;91;2026-01-04 19:00:00;643.0700;1590.6600;1417.0400;552.5700;2388.1700;9043.7000;47.5500;520.8400;2388.2000;8122.9800;8.4577;395.0000;-0.077333;0.578528;0.008018;Warning;WO891892;4,443.13
2026-07-02;  ENG-023 ;60;2026-01-03 12:00:00;642.0400;1593.8000;1394.4200;554.2600;2388.0600;9057.4700;47.0400;522.7100;2388.0400;8132.8400;8.3765;391.0000;0.035631;-1.155530;0.000772;Healthy;WO850362;1,604.23
02-Jul-2026;ENG-074;52;2026-01-03 04:00:00;642.5300;1591.9100;1402.5400;554.2800;2388.0700;9061.7300;47.3500;521.0800;2388.0600;8144.1200;8.4510;392.0000;0.058033;-0.177272;0.001274;Warning;WO880771;11524.22
2026-07-02;ENG-092;57;2026-01-03 09:00:00;642.4500;1595.0000;1407.2400;553.2000;2388.1300;9043.7300;47.4500;521.2700;2388.1200;8122.6800;8.4291;392.0000;0.009804;-0.000984;0.002007;HEALTHY;WO962142;417.74
2026/07/02;  ENG-097 ;52;2026-01-03 04:00:00;641.8500;1586.7400;1398.9600;554.4500;2388.0100;9068.4000;47.3700;522.2800;2388.0500;8155.7900;8.4041;391.0000;0.050446;-1.158289;0.000846;Healthy;WO325588;946.60
2026-07-02;ENG-057;105;2026-01-05 09:00:00;642.7200;1586.8000;1406.2800;553.8100;2388.0800;9055.5600;47.4000;521.9300;2388.1500;8128.2900;8.4645;393.0000;0.043856;-0.062971;0.000873;Healthy;WO100836;2480.20
2026-07-02;ENG-028;76;2026-01-04 04:00:00;642.0500;1594.9700;1406.1900;554.7600;2388.0900;9049.8000;47.4400;521.9500;2388.1300;8131.2900;8.4213;392.0000;0.018351;-0.483186;0.000691;Healthy;WO794371;689.15
2026-07-02;ENG-049;166;2026-01-07 22:00:00;642.4700;1588.6300;1397.0800;555.1400;2388.0500;9064.0100;47.3600;521.9100;2388.0500;8145.8700;8.4328;393.0000;0.033366;-0.749334;0.001827;Healthy;WO202095;460.92
2026/07/02;eng-072;51;2026-01-03 03:00:00;642.3700;1586.9600;1401.5400;553.4600;2388.0000;9065.8500;47.1900;522.1600;2388.0800;8143.3700;8.3661;393.0000;0.027115;-0.846462;0.000598;Healthy;WO528313;1,149.50
2026/07/02;ENG-077;75;2026-01-04 03:00:00;642.8200;1576.4100;1407.7800;554.5900;2388.0500;9061.0300;47.4600;521.3100;2388.0500;8135.5100;8.4148;393.0000;0.014993;-0.568643;0.003396;Healthy;WO870446;2973.37
2026/07/02;ENG-074;76;2026-01-04 04:00:00;642.0100;1588.3300;1403.6600;553.6900;2388.0600;9061.9100;47.4500;521.2500;2388.0300;8140.3100;8.4180;393.0000;0.044833;-0.524122;0.001233;healthy;WO455146;823.57
2026-07-02;ENG-084;94;2026-01-04 22:00:00;642.3900;1588.1300;1403.1800;553.3700;2388.1300;9057.4400;47.5100;521.2300;2388.0800;8141.0700;8.4027;392.0000;0.058242;-0.169713;0.001873;Healthy;WO507512;2025.71
02-Jul-2026;eng-094;54;2026-01-03 06:00:00;642.6300;1587.2100;1403.8400;554.5000;2388.1300;9058.6600;47.5500;521.7300;2388.1100;8135.0700;8.4280;394.0000;0.040167;-0.232932;0.001213;Healthy;WO462034;2266.03
2026-07-02;ENG-030;74;2026-01-04 02:00:00;642.6100;1593.3100;1408.2300;553.5200;2388.1300;9056.4200;47.6700;521.7000;2388.0700;8128.9500;8.4217;392.0000;0.061191;-0.130888;0.000326;Healthy;WO630855;2,812.58
2026/07/02;  ENG-028 ;72;2026-01-04 00:00:00;642.4000;1590.2000;1409.0700;553.4500;2388.0700;9049.2800;47.5100;521.5300;2388.1400;8128.3100;8.4267;391.0000;0.043006;-0.165565;0.002631;healthy;WO900685;2226.92
02-Jul-2026;ENG-004;42;2026-01-02 18:00:00;642.5600;1591.0800;1410.2300;553.9900;2388.1000;9048.4100;47.3400;521.7800;2388.0500;8130.8700;8.4460;392.0000;0.040317;-0.272642;0.000814;Healthy;WO664412;109.84
02-Jul-2026;ENG-025;32;2026-01-02 08:00:00;642.2900;1588.2400;1405.4900;553.5900;2388.0500;9049.4900;47.4500;522.0500;2388.0400;8132.9000;8.4158;393.0000;0.040234;-0.561240;0.003183;Healthy;WO295230;519.22
2026/07/02;ENG-054;65;2026-01-03 17:00:00;641.9200;1581.3100;1399.5800;553.9200;2387.9700;9055.5200;47.0600;522.7600;2388.0300;8140.2200;8.3780;392.0000;0.030568;-1.191101;0.004100;Healthy;WO842690;1,742.98
2026/07/02;ENG-006;66;2026-01-03 18:00:00;642.6600;1589.5400;1406.2300;553.8000;2388.0900;9052.7300;47.5100;522.0000;2388.1000;8134.7800;8.4641;393.0000;0.061646;-0.168522;0.002598;Healthy;WO657425;2,403.64
2026/07/02;ENG-029;74;2026-01-04 02:00:00;642.1500;1580.1400;1399.1800;553.7500;2388.0500;9055.7900;47.4100;521.9900;2388.0600;8142.3500;8.4243;392.0000;-0.035448;-2.646564;0.002930;Healthy;WO709769;371.88
02-Jul-2026;ENG-070;93;2026-01-04 21:00:00;642.7800;1591.5500;1404.7500;553.9900;2388.0300;9054.8000;47.3100;521.7800;2388.1000;8138.8100;8.4248;393.0000;0.041068;-0.352182;0.004579;Healthy;WO944209;387.38
2026/07/02;  ENG-100 ;109;2026-01-05 13:00:00;642.1100;1585.9300;1399.0800;553.7000;2388.0400;9068.1400;47.3500;521.7400;2388.1000;8148.0300;8.4171;391.0000;0.039757;-0.726834;0.002086;HEALTHY;WO303332;2799.43
02-Jul-2026;  ENG-031 ;102;2026-01-05 06:00:00;642.8500;1591.9500;1411.8400;553.2400;2388.0600;9063.3600;47.4700;521.3700;2388.0800;8153.2400;8.4389;394.0000;0.102106;0.080337;0.002791;Warning;WO416957;10776.92
02-Jul-2026;  ENG-020 ;109;2026-01-05 13:00:00;642.1700;1593.8800;1403.1600;553.9500;2388.0500;9056.4000;47.3100;522.0000;2388.0600;8141.4200;8.4158;392.0000;0.039580;-0.539042;0.002537;Healthy;WO936182;1,835.38
02-Jul-2026;ENG-016;61;2026-01-03 13:00:00;641.6400;1587.0800;1396.9400;553.8800;2388.0500;9045.6800;47.3100;521.8600;2388.0000;8135.1300;8.4097;391.0000;0.035268;-1.030540;0.000598;Healthy;WO655193;2766.88
2026-07-02;ENG-096;39;2026-01-02 15:00:00;642.2900;1582.2400;1396.9100;554.1400;2387.9700;9065.3600;47.1900;522.3500;2387.9700;8149.0800;8.4035;391.0000;0.069882;-1.165621;0.001761;Healthy;WO992827;2866.21
02-Jul-2026;ENG-005;54;2026-01-03 06:00:00;642.5700;1586.7300;1403.8700;553.1900;2388.1100;9052.1600;47.3200;521.7400;2388.1200;8130.1700;8.4224;392.0000;0.030150;-0.273116;0.001148;Healthy;WO572613;1185.59
2026/07/02;ENG-057;83;2026-01-04 11:00:00;642.3100;1592.8600;1407.9800;552.9700;2388.1300;9052.4300;47.3300;521.7500;2388.0900;8131.5200;8.4153;395.0000;0.040386;-0.178117;0.002104;Healthy;WO322406;2,459.36
2026/07/02;  ENG-042 ;100;2026-01-05 04:00:00;642.6900;1587.3000;1399.3600;553.6200;2388.1000;9046.8400;47.4600;520.9600;2388.1000;8129.3000;8.4449;392.0000;0.028081;-0.217160;0.000607;Healthy;WO424036;1681.92
02-Jul-2026;ENG-073;60;2026-01-03 12:00:00;642.1800;1580.5900;1401.0500;553.5100;2387.9900;9055.2500;47.2800;522.6800;2388.0500;8140.5800;8.4024;393.0000;-0.004310;-2.635498;0.003845;Healthy;WO323301;
2026-07-02;ENG-007;106;2026-01-05 10:00:00;642.2500;1576.9700;1400.2700;554.7300;2387.9900;9064.8100;47.1700;522.3200;2387.9700;8138.4400;8.4018;393.0000;0.029443;-1.129817;0.002290;Healthy;WO882374;1952.29
2026-07-02;ENG-100;120;2026-01-06 00:00:00;642.6500;1586.9900;1399.7900;554.7900;2388.0500;9069.9500;47.2100;521.8400;2388.0600;8146.9800;8.4382;393.0000;0.035175;-0.640859;0.002142;Healthy;WO497002;2998.18
2026-07-02;ENG-084;97;2026-01-05 01:00:00;642.5100;1585.2200;1409.0200;553.5000;2388.1300;9052.8800;47.4800;521.5000;2388.0900;8135.6500;8.4124;392.0000;0.033825;-0.385518;0.001208;Healthy;WO281612;1993.41
02-Jul-2026;ENG-012;91;2026-01-04 19:00:00;642.3900;1585.0500;1410.5000;554.1600;2388.0500;9055.9900;47.1300;522.1200;2388.0200;8143.1900;8.4033;392.0000;0.021293;-0.794507;0.001761;Healthy;WO145974;302.08
2026/07/02;ENG-092;64;2026-01-03 16:00:00;642.1300;1589.4900;1411.8600;552.3800;2388.1300;9038.6100;47.6300;521.9100;2388.1200;8119.0600;8.4495;393.0000;-0.011770;0.149691;0.004233;Healthy;WO131807;2,915.49
2026/07/02;  ENG-062 ;92;2026-01-04 20:00:00;642.3200;1584.9300;1396.0200;554.3300;2388.0300;9050.2600;47.1000;522.2200;2388.0300;8135.3100;8.3675;391.0000;-0.001195;-2.557312;0.002674;Healthy;WO755977;1709.09
2026-07-02;  ENG-052 ;97;2026-01-05 01:00:00;642.1100;1581.3000;1404.0800;554.5500;2388.0400;9052.6500;47.1100;522.4000;2387.9900;8141.2300;8.3754;391.0000;0.046763;-1.224752;0.000977;Healthy;WO410036;2189.36
2026-07-02;ENG-029;70;2026-01-03 22:00:00;642.3200;1589.9500;1402.9000;554.4200;2388.0900;9059.3300;47.2400;521.9100;2388.0200;8139.2300;8.3606;392.0000;0.014537;-0.766065;0.001337;healthy;WO436892;241.12
02-Jul-2026;  ENG-054 ;73;2026-01-04 01:00:00;641.8400;1585.1100;1403.9700;553.8200;2388.0400;9057.8400;47.2400;522.6100;2388.0500;8138.6100;8.3821;391.0000;0.022299;-1.060100;0.000913;Healthy;WO194432;1,315.87
2026-07-02;ENG-028;92;2026-01-04 20:00:00;642.5000;1589.5800;1415.0900;553.8600;2388.0600;9050.7200;47.4600;522.1800;2388.1300;8129.2100;8.4269;393.0000;0.044877;-0.197213;0.002120;Healthy;WO864327;
2026-07-02;ENG-099;51;2026-01-03 03:00:00;642.0500;1582.2400;1396.3700;555.5600;2388.0100;9053.6200;47.2500;522.3500;2387.9900;8141.7400;8.4198;392.0000;0.031857;-1.155400;0.000598;healthy;WO289770;2,224.74
2026/07/02;ENG-007;77;2026-01-04 05:00:00;642.2900;1583.8100;1405.4800;554.1800;2388.0800;9057.3500;47.3100;522.2400;2388.0200;8142.3900;8.3666;392.0000;0.010703;-0.860331;0.002740;Healthy;WO251171;2134.01
02-Jul-2026;  ENG-055 ;57;2026-01-03 09:00:00;642.4900;1590.2800;1396.1300;554.3100;2388.0600;9056.2200;47.3500;522.2200;2388.0600;8141.4000;8.4495;391.0000;0.036594;-0.649356;0.001619;Healthy;WO247104;1555.17
2026-07-02;ENG-066;53;2026-01-03 05:00:00;642.1000;1586.1900;1404.5800;553.3700;2388.0600;9067.4800;47.7000;521.3200;2388.1000;8141.3200;8.4542;393.0000;0.073082;-0.186107;0.001402;Healthy;WO326642;2480.20
02-Jul-2026;ENG-081;118;2026-01-05 22:00:00;642.2500;1590.4400;1411.1100;553.6500;2388.0600;9074.1500;47.3900;521.8500;2387.9600;8148.8600;8.4182;393.0000;0.082165;-0.345254;0.003117;Healthy;WO728845;1,763.16
2026/07/02;  ENG-077 ;91;2026-01-04 19:00:00;642.6700;1583.9000;1401.2900;553.3400;2388.0200;9051.9200;47.4300;521.5900;2388.0600;8132.8000;8.4101;392.0000;0.032057;-0.435102;0.001298;Warning;WO375665;19437.37
2026-07-02;ENG-100;122;2026-01-06 02:00:00;642.5700;1583.0200;1406.0700;554.4900;2388.0300;9064.5100;47.1400;522.2100;2388.0400;8146.6800;8.4520;392.0000;0.032218;-0.823199;0.001036;Healthy;WO876936;
02-Jul-2026;ENG-013;94;2026-01-04 22:00:00;641.7800;1586.4000;1397.3800;554.3800;2388.0300;9062.4500;47.1400;521.8700;2388.0600;8142.8400;8.3928;392.0000;0.014413;-1.067852;0.002290;Healthy;WO725740;154.53
2026-07-02;eng-092;86;2026-01-04 14:00:00;643.2900;1592.9200;1407.3100;553.5100;2388.1500;9045.0100;47.6100;520.7300;2388.1800;8123.6600;8.4626;395.0000;-0.070490;0.529465;0.001638;WARNING;WO693762;3,144.23
02-Jul-2026;ENG-080;65;2026-01-03 17:00:00;642.3500;1583.6800;1402.7300;553.7600;2388.0600;9060.8500;47.2600;521.2400;2388.0700;8142.9900;8.4286;391.0000;0.022014;-0.764265;0.001656;Healthy;WO856699;1,567.11
2026/07/02;  ENG-056 ;62;2026-01-03 14:00:00;643.0600;1583.8900;1410.8800;552.9500;2388.1800;9041.9400;47.5100;521.0500;2388.1300;8123.3100;8.4339;394.0000;-0.055279;0.303749;0.007941;Warning;WO781867;18652.95
02-Jul-2026;  ENG-072 ;66;2026-01-03 18:00:00;642.1200;1593.9300;1407.0000;554.2200;2387.9900;9062.2200;47.1900;522.2000;2388.0800;8143.4500;8.4461;393.0000;0.040968;-0.629187;0.000961;Healthy;WO654606;1,406.94
02-Jul-2026;  ENG-082 ;101;2026-01-05 05:00:00;642.5300;1593.5400;1406.5500;553.8300;2388.0900;9063.9700;47.5800;521.3700;2388.0900;8132.7400;8.4189;392.0000;0.059267;-0.175228;0.001381;Warning;WO808082;20,150.87
2026-07-02;eng-076;126;2026-01-06 06:00:00;643.1800;1592.5100;1402.9400;553.7000;2388.0000;9067.5900;47.3700;521.8000;2388.0500;8148.0000;8.4108;392.0000;0.048615;-0.658560;0.000488;Healthy;WO269013;2957.65
02-Jul-2026;ENG-013;77;2026-01-04 05:00:00;642.2000;1581.0700;1396.7100;555.0700;2388.0100;9063.7400;47.2300;522.2000;2387.9900;8144.6100;8.3985;390.0000;0.044828;-1.191275;0.001092;Healthy;WO617386;
2026/07/02;ENG-092;90;2026-01-04 18:00:00;642.5100;1588.4800;1410.4700;553.4300;2388.1700;9047.8500;47.6300;520.9500;2388.1500;8118.6900;8.4698;394.0000;-0.056308;0.319386;0.002149;HEALTHY;WO903155;1482.65
2026-07-02;ENG-034;78;2026-01-04 06:00:00;641.9400;1582.3100;1393.6700;554.5400;2388.0300;9064.8400;47.2600;522.4200;2388.0600;8141.4700;8.4066;392.0000;0.029678;-1.136519;0.000000;Healthy;WO472008;231.57
2026/07/02;ENG-045;58;2026-01-03 10:00:00;643.0500;1584.8500;1405.5600;554.8600;2388.1000;9063.0800;47.5500;521.2800;2388.0800;8142.6100;8.4488;393.0000;0.060445;-0.090007;0.001156;Healthy;WO268638;952.95
2026-07-02;ENG-047;38;2026-01-02 14:00:00;642.7400;1584.7300;1407.2900;552.8100;2388.1300;9043.4100;47.5000;521.5800;2388.1800;8124.3000;8.4830;393.0000;-0.008212;0.153957;0.000465;Healthy;WO783154;1,620.04
02-Jul-2026;ENG-095;50;2026-01-03 02:00:00;642.5300;1584.8000;1397.8200;554.1900;2388.0500;9047.3700;47.2600;522.0100;2388.1000;8128.2400;8.4212;393.0000;-0.001893;-0.697892;0.002531;Healthy;WO693705;1,528.65
2026-07-02;ENG-063;64;2026-01-03 16:00:00;643.0000;1589.5000;1403.7700;553.1700;2388.1400;9048.2900;47.7000;521.7300;2388.0900;8122.4100;8.4539;392.0000;0.021179;0.050793;0.001999;healthy;WO435883;2691.32
2026/07/02;  ENG-049 ;155;2026-01-07 11:00:00;641.6500;1585.4300;1399.7700;554.1100;2387.9900;9059.0600;47.3200;522.3500;2388.0400;8145.5400;8.3891;389.0000;0.038118;-1.125168;0.000488;Healthy;WO941399;1,672.94
2026-07-02;eng-096;47;2026-01-02 23:00:00;641.9400;1590.6900;1392.2000;554.8800;2387.9900;9062.3600;47.2900;521.8900;2388.0400;8149.8800;8.4275;391.0000;0.041675;-1.083232;0.001036;Healthy;WO315774;
2026/07/02;ENG-075;41;2026-01-02 17:00:00;642.3800;1585.7500;1404.6200;553.8400;2388.0200;9063.6700;47.3700;522.0300;2388.0600;8142.2000;8.3917;392.0000;0.037395;-0.708120;0.000772;Healthy;WO290054;431.78
02-Jul-2026;ENG-081;85;2026-01-04 13:00:00;642.3400;1592.8800;1406.7300;553.8900;2388.0400;9066.6000;47.3500;522.1100;2388.0000;8144.7500;8.3998;393.0000;0.053802;-0.574971;0.000977;Healthy;WO187863;846.56
2026-07-02;  ENG-086 ;72;2026-01-04 00:00:00;642.7800;1588.9500;1404.3200;553.7900;2388.1000;9065.9700;47.5900;521.2100;2388.0700;8141.2400;8.4422;393.0000;0.079241;-0.039725;0.001331;HEALTHY;WO269012;1320.95
02-Jul-2026;ENG-091;150;2026-01-07 06:00:00;643.0300;1594.2000;1411.5800;552.7500;2388.1600;9048.7800;47.5900;520.3400;2388.1400;8120.1800;8.4565;393.0000;-0.067145;0.542461;0.003379;Healthy;WO653123;2,507.81
2026-07-02;eng-008;103;2026-01-05 07:00:00;641.8800;1595.3900;1405.5900;553.2800;2388.1700;9048.4400;47.4600;521.5600;2388.1200;8129.5800;8.4068;391.0000;0.028006;-0.419865;0.001286;HEALTHY;WO110284;412.57
02-Jul-2026;ENG-018;62;2026-01-03 14:00:00;642.1800;1582.3400;1402.7900;553.8300;2388.0400;9065.3000;47.2400;522.1800;2388.0000;8145.0500;8.3940;392.0000;0.038352;-0.862341;0.001709;Healthy;WO211136;
02-Jul-2026;  ENG-099 ;42;2026-01-02 18:00:00;641.6800;1591.8000;1394.5400;554.7300;2387.9700;9072.1600;47.1700;522.3600;2387.9500;8145.3600;8.4020;390.0000;0.078866;-1.260152;0.002184;Healthy;WO158450;1,673.64
02-Jul-2026;ENG-072;86;2026-01-04 14:00:00;642.3100;1590.1100;1404.6500;553.5300;2388.0700;9067.7500;47.4200;522.2600;2388.1000;8146.1000;8.4355;392.0000;0.063747;-0.471967;0.003370;healthy;WO425924;2992.10
2026-07-02;ENG-084;109;2026-01-05 13:00:00;643.1700;1595.9400;1418.7500;553.7200;2388.1200;9050.4000;47.6700;521.3500;2388.1700;8132.5200;8.4535;394.0000;-0.019402;0.442441;0.001883;warning;WO207819;19445.11
2026/07/02;ENG-057;78;2026-01-04 06:00:00;642.5800;1577.7700;1400.7300;553.6700;2388.1200;9042.6600;47.2300;521.9000;2388.0700;8125.5600;8.4414;393.0000;-0.003752;-0.634090;0.009500;Healthy;WO661067;1,239.50
02-Jul-2026;ENG-043;59;2026-01-03 11:00:00;642.5500;1582.5600;1398.6700;553.6300;2388.0800;9049.1700;47.4300;521.9700;2388.0700;8130.5400;8.3986;392.0000;0.006305;-0.716378;0.002697;Healthy;WO685477;2016.59
2026/07/02;ENG-023;51;2026-01-03 03:00:00;641.8200;1581.2800;1393.3400;553.9800;2387.9900;9051.9900;47.3800;522.3900;2388.0500;8130.7500;8.3750;392.0000;0.028761;-1.194744;0.001292;Healthy;WO401195;1066.15
2026/07/02;  ENG-084 ;85;2026-01-04 13:00:00;642.5500;1590.2100;1401.9500;553.7800;2388.0600;9056.4200;47.3500;522.1700;2388.0900;8133.4300;8.4672;393.0000;0.050643;-0.320969;0.001470;Healthy;WO613209;2882.18
2026-07-02;ENG-085;20;2026-01-01 20:00:00;642.9300;1584.1700;1411.7100;553.7800;2388.1400;9049.1900;47.4600;521.2400;2388.1300;8124.9300;8.4423;393.0000;-0.005553;-0.016468;0.004449;HEALTHY;WO626658;1,675.39
02-Jul-2026;ENG-097;58;2026-01-03 10:00:00;641.9600;1583.7400;1400.9900;553.5200;2388.0200;9064.0600;47.2500;521.9000;2388.0500;8146.9800;8.3941;392.0000;0.030240;-0.888163;0.001638;HEALTHY;WO464194;1,378.95
2026-07-02;ENG-065;44;2026-01-02 20:00:00;642.0700;1584.7200;1399.7400;555.1800;2388.0000;9065.6200;47.2100;522.4900;2387.9600;8151.3000;8.3608;392.0000;0.043789;-1.245906;0.001145;Healthy;WO947941;2,610.15
2026/07/02;ENG-021;60;2026-01-03 12:00:00;642.1600;1586.3600;1398.2700;554.7900;2388.0300;9049.3200;47.4900;522.1300;2388.1200;8135.2100;8.3711;391.0000;-0.006412;-0.972774;0.008071;Healthy;WO991889;2667.65
2026-07-02;ENG-079;46;2026-01-02 22:00:00;642.3900;1580.8800;1392.7000;553.5100;2388.0600;9052.0600;47.2900;521.7400;2388.0800;8128.7600;8.4359;393.0000;-0.000610;-0.750958;0.002238;Healthy;WO625127;1531.10
02-Jul-2026;ENG-097;53;2026-01-03 05:00:00;641.9100;1589.6600;1397.8400;554.1100;2388.0000;9072.4700;47.2800;522.3700;2388.0000;8149.5200;8.4423;392.0000;0.070762;-0.944361;0.006152;Healthy;WO561192;2,669.19
02-Jul-2026;ENG-051;50;2026-01-03 02:00:00;642.3300;1590.3600;1400.3100;554.1600;2388.0500;9047.0900;47.5200;521.7800;2388.0700;8132.2600;8.4027;392.0000;0.018385;-0.652930;0.002013;Healthy;WO302274;2583.29
2026/07/02;  ENG-050 ;41;2026-01-02 17:00:00;642.2400;1587.3600;1404.4800;553.7000;2388.0300;9060.6400;47.3500;522.4100;2388.0700;8139.0500;8.4343;392.0000;0.043292;-0.684404;0.000791;healthy;WO453996;2,315.68
02-Jul-2026;ENG-068;66;2026-01-03 18:00:00;642.1900;1584.9500;1400.0200;553.6200;2388.0000;9054.5300;47.5200;521.5900;2388.0400;8135.4800;8.4171;391.0000;0.027026;-0.805713;0.002316;Healthy;WO419317;2,542.34
2026-07-02;ENG-063;101;2026-01-05 05:00:00;642.6400;1592.2800;1412.1700;553.2000;2388.1500;9046.6100;47.5200;521.1600;2388.1400;8127.6800;8.4542;392.0000;-0.005133;0.143813;0.002052;Healthy;WO465111;
2026/07/02;ENG-015;45;2026-01-02 21:00:00;641.9600;1581.3500;1406.6300;554.0900;2388.0500;9057.7500;47.1500;521.6800;2387.9800;8135.0700;8.4058;394.0000;0.018734;-0.680142;0.001610;Healthy;WO859063;243.53
02-Jul-2026;  ENG-017 ;96;2026-01-05 00:00:00;642.4500;1588.1800;1402.8300;554.4900;2387.9900;9071.2700;47.3700;522.3800;2388.0800;8153.6000;8.4425;393.0000;0.060194;-0.668804;0.003605;Healthy;WO733868;689.98
2026-07-02;ENG-024;63;2026-01-03 15:00:00;642.6500;1580.5200;1398.3900;553.6000;2387.9900;9060.4000;47.2300;522.3100;2388.0500;8150.0600;8.4021;391.0000;0.042492;-1.108559;0.000846;Healthy;WO561175;1646.91
2026-07-02;ENG-062;138;2026-01-06 18:00:00;642.4300;1587.7100;1399.5900;554.5700;2388.0200;9053.7800;47.3100;522.3000;2388.0600;8142.7100;8.4000;392.0000;0.019430;-1.037770;0.001196;Healthy;WO465352;1,564.83
02-Jul-2026;ENG-017;86;2026-01-04 14:00:00;642.2600;1590.6900;1405.1200;554.6600;2387.9700;9067.3600;47.2400;521.7500;2387.9800;8153.2200;8.4050;393.0000;0.046500;-0.840796;0.000488;Healthy;WO586653;2214.39
2026-07-02;eng-013;120;2026-01-06 00:00:00;642.1000;1585.6800;1392.6100;553.9000;2388.0000;9060.2900;47.3900;521.9800;2388.0300;8143.7000;8.4289;391.0000;0.047076;-0.948857;0.001485;Healthy;WO620321;2548.15
02-Jul-2026;ENG-082;104;2026-01-05 08:00:00;642.3800;1595.1600;1407.0300;553.3900;2388.1400;9068.9400;47.5100;520.9000;2388.0500;8146.6000;8.4361;390.0000;0.075301;-0.092038;0.000716;Healthy;WO846135;1613.35
02-Jul-2026;ENG-064;103;2026-01-05 07:00:00;642.3500;1588.0900;1408.7600;552.9100;2388.1100;9059.0000;47.5100;521.4000;2388.1100;8135.0600;8.4239;392.0000;0.058176;-0.135742;0.001918;Healthy;WO871980;741.12
2026-07-02;  ENG-061 ;56;2026-01-03 08:00:00;642.2100;1577.4800;1387.5800;554.5300;2388.0100;9079.2500;47.1300;522.3700;2388.0200;8157.7900;8.3963;392.0000;0.058123;-1.228038;0.002441;Healthy;WO947008;128.21
2026/07/02;ENG-089;89;2026-01-04 17:00:00;642.3800;1588.7800;1405.9800;553.1200;2388.1200;9048.9600;47.4700;521.3500;2388.1300;8133.4700;8.4542;393.0000;0.018767;0.075145;0.003351;Healthy;WO496887;763.14
02-Jul-2026;ENG-075;52;2026-01-03 04:00:00;642.2800;1591.0400;1398.9200;553.8200;2388.0700;9054.4900;47.4100;521.2700;2388.0200;8136.5100;8.4325;393.0000;0.046042;-0.471261;0.002478;Healthy;WO137262;2,997.03
02-Jul-2026;ENG-062;130;2026-01-06 10:00:00;642.2200;1590.1300;1406.6900;553.9700;2388.0300;9056.1200;47.1300;522.6500;2387.9900;8138.7100;8.3889;391.0000;0.031547;-1.029518;0.001092;Healthy;WO219760;2143.73
2026-07-02;ENG-042;95;2026-01-04 23:00:00;642.0500;1591.1300;1398.6300;553.8000;2388.0800;9050.1700;47.3600;521.6500;2388.0700;8125.8900;8.4160;391.0000;0.006520;-0.748165;0.004367;Healthy;WO234061;2227.79
02-Jul-2026;ENG-027;71;2026-01-03 23:00:00;642.1400;1580.9700;1400.7600;553.9400;2388.0800;9046.5100;47.3300;522.3300;2388.0800;8124.7100;8.4156;392.0000;-0.002824;-0.736686;0.003049;Healthy;WO492090;1,898.14
2026/07/02;ENG-020;66;2026-01-03 18:00:00;642.5700;1583.7500;1403.7300;554.2500;2388.0500;9057.4000;47.3800;521.9900;2388.1300;8148.2000;8.4125;392.0000;0.024796;-0.697379;0.002595;Healthy;WO738715;2505.94
2026-07-02;  ENG-012 ;76;2026-01-04 04:00:00;641.8700;1583.2700;1405.6500;553.5500;2388.0100;9057.0000;47.2700;522.3100;2388.0600;8141.9900;8.4002;394.0000;0.009425;-0.990377;0.003513;Healthy;WO355861;1,114.57
2026-07-02;ENG-068;68;2026-01-03 20:00:00;642.3500;1590.7100;1405.7200;554.0500;2388.0900;9049.8000;47.2600;521.6600;2388.0600;8139.3100;8.4192;392.0000;0.026697;-0.581396;0.000992;Healthy;WO701708;602.61
02-Jul-2026;ENG-029;66;2026-01-03 18:00:00;642.2300;1590.8700;1399.3500;554.3100;2388.0600;9053.6800;47.4700;521.8100;2388.0500;8142.6500;8.4079;392.0000;0.029237;-0.672416;0.001132;Healthy;WO420619;1201.79
02-Jul-2026;ENG-033;28;2026-01-02 04:00:00;642.6100;1594.8000;1409.2800;553.5800;2388.0900;9053.0700;47.6200;521.4200;2388.1000;8136.6800;8.4782;392.0000;0.039350;0.180818;;Healthy;WO456859;2,481.34
02-Jul-2026;ENG-013;87;2026-01-04 15:00:00;642.1900;1583.8100;1405.9800;554.2500;2387.9800;9063.9300;47.1200;522.6000;2388.0300;8149.4000;8.4338;392.0000;0.031295;-1.045062;0.001619;Healthy;WO135867;1456.22
2026/07/02;ENG-045;80;2026-01-04 08:00:00;642.5700;1589.8600;1405.8300;552.8600;2388.1300;9054.9400;47.4900;521.8400;2388.0700;8146.5700;8.4504;392.0000;0.078430;-0.224952;0.002339;Healthy;WO978417;2,187.86
2026-07-02;  ENG-008 ;93;2026-01-04 21:00:00;642.4000;1590.1800;1402.5600;553.5600;2388.1500;9045.9000;47.5500;521.4200;2388.1000;8128.0000;8.4116;393.0000;0.030760;-0.157627;0.002005;Healthy;WO965468;2,942.80
02-Jul-2026;ENG-028;60;2026-01-03 12:00:00;642.9000;1582.4900;1405.2200;554.0900;2388.1200;9049.6700;47.4500;521.3000;2388.0200;8129.9900;8.4313;391.0000;0.032329;-0.327760;0.001320;Healthy;WO844521;
2026-07-02;ENG-048;32;2026-01-02 08:00:00;641.8800;1584.6400;1407.3600;553.8500;2388.0900;9057.7100;47.4100;521.4300;2388.0500;8142.4100;8.4050;393.0000;0.037823;-0.455054;0.000634;Healthy;WO372369;2560.26
02-Jul-2026;ENG-092;53;2026-01-03 05:00:00;642.6900;1589.9400;1401.6700;553.0000;2388.1600;9048.4200;47.6600;521.5200;2388.1700;8114.8700;8.4979;395.0000;-0.040935;0.293499;0.002315;Healthy;WO447130;669.63
2026/07/02;ENG-038;74;2026-01-04 02:00:00;642.5800;1593.1600;1412.3800;553.1800;2388.1300;9054.4900;47.7400;521.3500;2388.1200;8134.9300;8.4781;393.0000;-0.001247;0.428541;0.004740;Healthy;WO310174;1107.65
02-Jul-2026;ENG-091;114;2026-01-05 18:00:00;643.4100;1594.6500;1409.8400;553.0200;2388.0900;9047.1000;47.5300;520.9100;2388.1900;8123.4000;8.4425;394.0000;-0.031208;0.466244;;Healthy;WO720473;2231.34
2026-07-02;ENG-018;56;2026-01-03 08:00:00;641.9200;1590.6300;1400.4300;554.1800;2388.0200;9064.6500;47.3200;521.9600;2388.0100;8151.5000;8.4284;392.0000;0.046369;-0.800938;0.002889;Healthy;WO398574;156.97
02-Jul-2026;ENG-090;60;2026-01-03 12:00:00;642.0800;1584.0800;1397.8400;553.5800;2388.1100;9059.9200;47.3300;521.8600;2388.0600;8142.6600;8.4257;393.0000;0.032311;-0.627405;0.002411;Healthy;WO990822;695.71
2026-07-02;ENG-093;105;2026-01-05 09:00:00;642.6600;1593.5100;1411.0400;553.3900;2388.0800;9054.0400;47.5500;521.2800;2388.1200;8136.4700;8.4326;394.0000;0.038455;0.099569;0.000909;Healthy;WO191202;442.24
2026/07/02;ENG-091;131;2026-01-06 11:00:00;643.1200;1592.0400;1415.0500;552.8500;2388.1200;9046.4400;47.6400;521.0000;2388.1800;8126.0700;8.4624;394.0000;-0.039693;0.446203;0.000922;Healthy;WO130109;1,056.79
2026/07/02;  ENG-027 ;56;2026-01-03 08:00:00;642.4900;1584.6700;1400.5300;554.4300;2388.0300;9050.2000;47.2900;522.3300;2388.0400;8133.5100;8.3992;391.0000;0.022968;-1.052480;0.000846;Healthy;WO127305;2,553.54
02-Jul-2026;  ENG-093 ;91;2026-01-04 19:00:00;642.9800;1598.0400;1415.2400;553.0700;2388.1200;9062.8300;47.6200;521.2400;2388.0900;8138.4000;8.5006;393.0000;0.021620;0.505129;0.003806;Healthy;WO216382;457.24
2026/07/02;ENG-069;23;2026-01-01 23:00:00;642.7500;1593.4800;1408.3800;553.7000;2388.1400;9049.7200;47.5400;521.8500;2388.0800;8128.0500;8.4582;392.0000;0.049099;-0.129569;0.003296;Healthy;WO501488;219.73
2026-07-02;ENG-020;74;2026-01-04 02:00:00;642.5100;1590.2700;1409.9100;552.9100;2388.0700;9062.7600;47.2700;521.9800;2388.0400;8141.8900;8.4021;392.0000;0.051560;-0.509870;;Healthy;WO546643;197.44
02-Jul-2026;ENG-058;75;2026-01-04 03:00:00;642.1700;1583.8600;1404.4600;553.8900;2388.0700;9046.3800;47.4400;521.4400;2388.0100;8133.2900;8.4183;392.0000;0.022639;-0.575866;0.001370;Healthy;WO554479;2,346.91
2026-07-02;ENG-092;62;2026-01-03 14:00:00;642.5600;1596.8100;1408.0900;553.4000;2388.1900;9039.2200;47.4300;521.1100;2388.1700;8121.7500;8.4465;393.0000;-0.045418;0.178525;0.010157;Healthy;WO341232;488.47
2026-07-02;ENG-033;29;2026-01-02 05:00:00;642.8900;1590.9700;1403.0400;553.4900;2388.0600;9059.1100;47.4900;520.9900;2388.1400;8141.1200;8.4660;393.0000;0.067925;-0.009436;0.001430;Warning;WO738022;16086.34
2026/07/02;ENG-090;50;2026-01-03 02:00:00;642.4000;1591.2000;1405.6000;553.5700;2388.0200;9056.0400;47.4300;521.4600;2388.0900;8135.2400;8.4005;394.0000;0.042746;-0.339103;0.002975;Healthy;WO819671;581.66
2026/07/02;  ENG-089 ;63;2026-01-03 15:00:00;642.3500;1582.5800;1411.3000;553.1200;2388.0700;9052.8800;47.4400;521.4200;2388.0700;8128.6600;8.4523;393.0000;0.046487;-0.150908;0.001415;Healthy;WO434189;1243.36
2026-07-02;ENG-088;26;2026-01-02 02:00:00;642.8500;1584.0100;1408.7200;553.6600;2388.1300;9040.4700;47.5700;521.5700;2388.1400;8123.7800;8.4390;393.0000;-0.012873;0.035682;0.002986;Healthy;WO250938;243.22
2026/07/02;ENG-099;62;2026-01-03 14:00:00;641.9200;1585.5200;1394.9500;554.8100;2388.0000;9060.9100;47.1700;522.2900;2388.0100;8143.3400;8.3699;392.0000;0.026791;-1.163894;0.001465;Healthy;WO783616;
2026/07/02;ENG-046;75;2026-01-04 03:00:00;642.9100;1590.4500;1406.0500;553.7200;2387.9900;9065.3400;47.4800;521.4900;2388.0900;8149.4100;8.4015;393.0000;0.077052;-0.228399;0.001198;Healthy;WO363364;722.24
2026/07/02;ENG-050;46;2026-01-02 22:00:00;642.2500;1583.7300;1408.9500;553.8000;2388.0200;9061.6100;47.3500;521.9600;2388.0600;8139.9800;8.4164;393.0000;0.045272;-0.489277;0.000646;Healthy;WO268874;2628.95
2026/07/02;ENG-074;92;2026-01-04 20:00:00;642.6100;1593.8600;1410.0500;553.0800;2388.0800;9065.5900;47.3400;521.5100;2388.1000;8137.5500;8.4055;394.0000;0.066556;-0.012050;0.002101;Healthy;WO193787;1,681.67
2026-07-02;ENG-060;72;2026-01-04 00:00:00;642.3300;1591.8200;1407.3700;553.8800;2388.0700;9059.7500;47.6200;521.9500;2388.1200;8134.7100;8.4476;393.0000;0.064044;-0.249243;0.001968;Healthy;WO195615;824.00
2026-07-02;ENG-076;116;2026-01-05 20:00:00;642.1000;1585.2200;1401.6500;554.4400;2388.0500;9067.7300;47.2300;522.3400;2388.0200;8148.5500;8.4218;392.0000;0.049700;-1.038136;0.001145;Healthy;WO573694;1876.29
2026-07-02;ENG-054;74;2026-01-04 02:00:00;642.6700;1585.0300;1393.4800;554.7800;2387.9800;9059.0300;47.2300;522.8500;2387.9800;8138.2100;8.4199;391.0000;0.071355;-1.249662;0.003997;Healthy;WO234831;1,189.19
2026-07-02;  ENG-053 ;100;2026-01-05 04:00:00;642.1300;1586.7300;1399.7600;553.6500;2388.0400;9064.5400;47.2300;521.6700;2388.0900;8141.6200;8.3606;393.0000;0.024194;-0.739488;0.000846;Healthy;WO622985;1,242.80
02-Jul-2026;ENG-048;43;2026-01-02 19:00:00;642.8200;1590.3900;1404.8400;553.7000;2388.0600;9050.4900;47.4300;521.6400;2388.0100;8138.3900;8.4043;395.0000;0.062017;-0.243082;0.001520;Healthy;WO924473;1621.09
02-Jul-2026;eng-032;64;2026-01-03 16:00:00;641.7200;1588.5600;1391.7200;554.4800;2388.0200;9070.9900;47.0500;522.5700;2388.0200;8154.7600;8.3942;392.0000;0.054027;-1.247225;0.000345;Healthy;WO822644;2,700.84
02-Jul-2026;ENG-042;81;2026-01-04 09:00:00;642.5800;1590.3100;1406.7300;554.2300;2388.1000;9047.7200;47.2400;522.2300;2388.0700;8129.4900;8.3851;392.0000;0.008456;-0.645732;0.005752;Healthy;WO533129;1683.15
02-Jul-2026;ENG-007;68;2026-01-03 20:00:00;642.4000;1582.4200;1399.7700;554.7900;2387.9700;9062.0100;47.3400;522.3100;2388.0100;8138.6400;8.4226;390.0000;0.040671;-1.086293;0.001953;healthy;WO293334;2344.79
2026/07/02;ENG-098;69;2026-01-03 21:00:00;641.9400;1587.0700;1403.0400;553.8000;2388.0400;9060.7800;47.2400;521.5500;2388.0800;8137.7300;8.3922;390.0000;0.004363;-0.858732;0.003798;Healthy;WO596438;1,215.06
02-Jul-2026;ENG-037;49;2026-01-03 01:00:00;642.1800;1584.2400;1394.4800;553.9900;2388.0100;9054.7100;47.4100;522.5000;2388.0500;8139.5400;8.3980;392.0000;0.036361;-0.937676;0.000977;Healthy;WO398535;1971.65
2026-07-02;ENG-035;107;2026-01-05 11:00:00;643.1300;1593.3300;1414.7000;553.3900;2388.1400;9064.2000;47.7300;521.1900;2388.1300;8137.9400;8.4453;392.0000;0.025025;0.334962;0.000930;Healthy;WO443648;1521.30
02-Jul-2026;eng-081;117;2026-01-05 21:00:00;642.7900;1586.6300;1402.2300;553.9800;2388.0200;9068.6900;47.3400;521.4300;2388.0800;8154.4000;8.4186;394.0000;0.056465;-0.395992;0.001765;HEALTHY;WO847874;2812.73
2026-07-02;ENG-080;68;2026-01-03 20:00:00;642.6800;1586.5500;1409.9800;554.3600;2388.0800;9067.1400;47.2800;522.0800;2388.0200;8140.0500;8.4500;390.0000;0.039303;-0.651389;0.001292;healthy;WO415803;1645.60
02-Jul-2026;ENG-012;75;2026-01-04 03:00:00;642.7800;1589.5500;1401.9100;554.5700;2388.0300;9056.6100;47.2100;522.1400;2388.0200;8142.6300;8.4453;391.0000;0.024535;-0.767360;0.004455;Healthy;WO983184;2935.31
02-Jul-2026;  ENG-031 ;106;2026-01-05 10:00:00;642.2000;1588.3600;1397.7100;552.8900;2388.0700;9075.2100;47.3600;521.5700;2388.0400;8152.5400;8.4283;392.0000;0.067690;-0.643153;0.002549;Healthy;WO334731;2549.31
2026-07-02;  ENG-022 ;21;2026-01-01 21:00:00;642.5600;1581.4200;1404.4000;553.7900;2388.1100;9052.9600;47.4600;521.9900;2388.0900;8131.1300;8.4487;393.0000;0.036503;-0.317925;0.001152;healthy;WO778104;101.26
2026/07/02;ENG-063;79;2026-01-04 07:00:00;642.9100;1582.5200;1406.2500;553.5900;2388.1400;9049.4300;47.6200;521.8700;2388.1100;8129.3900;8.5078;392.0000;0.027019;0.038980;0.001664;Healthy;WO282906;1038.70
2026-07-02;ENG-065;33;2026-01-02 09:00:00;642.3100;1581.0300;1400.8600;554.2800;2387.9300;9066.9200;47.2400;522.7700;2388.0300;8145.9900;8.3915;392.0000;0.051359;-1.195816;0.000345;Healthy;WO982296;1113.88
02-Jul-2026;ENG-072;65;2026-01-03 17:00:00;642.2100;1588.6000;1399.4200;554.5600;2388.0000;9068.4900;47.5300;522.1600;2388.0600;8140.5100;8.4527;394.0000;0.053630;-0.624788;0.001573;Healthy;WO148669;1507.27
2026/07/02;ENG-028;70;2026-01-03 22:00:00;642.1300;1586.2500;1404.8700;553.9100;2388.0600;9043.0700;47.5600;521.3800;2388.1000;8126.4900;8.4203;394.0000;0.031661;-0.217923;0.001621;Healthy;WO649340;1907.40
2026-07-02;ENG-027;80;2026-01-04 08:00:00;642.0200;1584.3600;1403.2800;554.0900;2388.0600;9053.8800;47.3700;522.0800;2388.0200;8136.8000;8.3818;392.0000;0.022218;-0.993453;0.002303;healthy;WO647330;2,796.62
02-Jul-2026;  ENG-045 ;88;2026-01-04 16:00:00;642.7200;1589.4300;1411.7500;553.6100;2388.1100;9062.8900;47.5700;521.4200;2388.1300;8137.9000;8.4171;393.0000;0.052024;0.043263;0.002139;Healthy;WO519657;1124.77
2026-07-02;ENG-010;115;2026-01-05 19:00:00;641.9100;1586.4600;1403.3900;553.8300;2387.9800;9058.9600;47.2300;521.7800;2388.0100;8139.1800;8.4252;392.0000;0.022696;-0.998441;0.001525;Healthy;WO863783;808.01
02-Jul-2026;ENG-046;92;2026-01-04 20:00:00;642.7700;1594.7400;1408.7500;553.7800;2388.0700;9069.9800;47.6100;521.2300;2388.0500;8150.6600;8.3891;392.0000;0.082040;-0.166813;0.001005;Healthy;WO743724;1,603.15
2026-07-02;ENG-063;92;2026-01-04 20:00:00;642.4200;1586.7300;1411.3000;553.9600;2388.0900;9052.4300;47.5400;521.5300;2388.0900;8131.9000;8.4521;394.0000;0.036161;-0.092505;0.000742;Healthy;WO781091;239.54
2026-07-02;ENG-050;37;2026-01-02 13:00:00;642.3900;1585.2500;1403.5500;554.2600;2388.0100;9067.8200;47.2500;522.0900;2388.0300;8143.2800;8.3966;392.0000;0.029297;-0.983602;0.001245;healthy;WO943244;166.21
2026/07/02;ENG-089;117;2026-01-05 21:00:00;642.4600;1593.9300;1403.9600;553.7700;2388.1100;9044.2000;47.3200;521.7300;2388.1000;8128.8300;8.4001;393.0000;0.015997;-0.412115;0.004019;HEALTHY;WO958743;2,580.53
2026/07/02;ENG-008;65;2026-01-03 17:00:00;642.4700;1591.3300;1406.5300;554.1500;2388.0900;9037.7000;47.4700;521.8900;2388.0800;8124.3400;8.4674;392.0000;0.023749;-0.303274;0.002130;Healthy;WO114701;73.37
2026-07-02;  ENG-036 ;84;2026-01-04 12:00:00;643.0500;1593.0200;1419.0000;552.7700;2388.1800;9062.4800;47.7300;520.9100;2388.1100;8136.9900;8.4778;394.0000;-0.025003;0.652559;0.003755;Warning;WO969236;5070.93
2026/07/02;ENG-049;170;2026-01-08 02:00:00;641.7700;1585.4000;1410.9500;553.6000;2388.0900;9054.9200;47.3700;521.8200;2388.0400;8140.9900;8.4156;392.0000;0.030242;-0.579850;0.002555;Healthy;WO558868;2,473.79
02-Jul-2026;ENG-076;78;2026-01-04 06:00:00;643.0900;1590.2800;1406.4800;554.4100;2388.1000;9058.1600;47.4000;521.9500;2388.0400;8144.3400;8.3953;394.0000;-0.006018;-2.734187;0.009367;Healthy;WO904242;2997.47
2026-07-02;ENG-017;65;2026-01-03 17:00:00;642.2500;1585.6700;1396.0900;554.5000;2388.0500;9073.2000;47.2200;522.2000;2388.0100;8146.4600;8.4166;392.0000;0.050597;-0.974407;;Healthy;WO608260;1179.29
2026-07-02;ENG-057;74;2026-01-04 02:00:00;643.0600;1587.4300;1413.2500;553.7600;2388.0600;9053.7800;47.4800;521.8000;2388.0600;8129.1500;8.4516;393.0000;0.056267;-0.100231;0.000999;Healthy;WO403641;2377.65
02-Jul-2026;ENG-003;79;2026-01-04 07:00:00;642.6600;1586.4500;1412.7700;553.1800;2388.1400;9052.7600;47.7000;521.3200;2388.1200;8126.7500;8.4554;392.0000;0.009237;0.120154;0.001163;Healthy;WO326072;122.53
2026-07-02;  ENG-031 ;86;2026-01-04 14:00:00;642.8200;1581.2600;1399.5700;553.7500;2388.0300;9066.4300;47.2900;521.8800;2388.0100;8150.9000;8.4223;392.0000;0.046186;-0.832005;0.001859;HEALTHY;WO425577;1632.97
2026-07-02;ENG-049;174;2026-01-08 06:00:00;642.0500;1589.2300;1398.7900;553.8400;2388.0200;9056.9400;47.1100;522.4600;2388.0500;8142.8700;8.3882;392.0000;0.037698;-1.009410;0.000846;Healthy;WO948809;1897.41
2026-07-02;  ENG-064 ;89;2026-01-04 17:00:00;642.2800;1587.2000;1399.7800;553.5600;2388.0600;9069.1000;47.2400;521.5700;2388.1100;8141.0800;8.4401;392.0000;0.040293;-0.523313;0.001619;Healthy;WO618010;1035.64
2026/07/02;ENG-027;70;2026-01-03 22:00:00;642.4800;1584.5600;1395.8200;554.0000;2388.0400;9049.4900;47.2200;522.5400;2388.0700;8130.6300;8.4362;393.0000;0.012014;-0.870310;0.001544;Healthy;WO711258;1938.23
2026/07/02;ENG-072;85;2026-01-04 13:00:00;643.0200;1593.8100;1401.1900;554.1500;2388.0800;9065.7000;47.2600;521.9700;2388.0600;8142.5200;8.3908;392.0000;0.036503;-0.668086;0.000345;Healthy;WO202922;927.74
2026-07-02;ENG-080;77;2026-01-04 05:00:00;642.6000;1590.7900;1408.3700;553.4800;2388.0000;9067.1800;47.6900;521.4100;2388.0700;8146.6200;8.4268;393.0000;0.095688;-0.064179;0.002164;Healthy;WO450999;562.19
2026-07-02;ENG-072;49;2026-01-03 01:00:00;642.1200;1586.2300;1405.8300;554.2100;2388.0100;9063.8800;47.1200;522.1400;2388.0600;8141.3400;8.3756;393.0000;0.001695;-0.887758;0.005115;Healthy;WO691499;527.56
2026-07-02;ENG-023;48;2026-01-03 00:00:00;642.2300;1582.4800;1400.9900;554.8600;2388.0100;9045.9300;47.1000;522.5000;2388.0400;8140.5000;8.3825;391.0000;0.034919;-1.242310;0.002490;Healthy;WO673895;1917.54
02-Jul-2026;  ENG-003 ;43;2026-01-02 19:00:00;643.0200;1589.2600;1413.2000;553.3400;2388.1100;9052.2300;47.5000;521.5900;2388.1000;8134.1200;8.4194;394.0000;0.040501;-0.018289;0.001962;Healthy;WO228083;1844.77
2026-07-02;  ENG-086 ;61;2026-01-03 13:00:00;642.2100;1583.3100;1403.6500;553.7500;2388.1500;9058.3200;47.4200;521.3700;2388.1100;8144.1300;8.4028;393.0000;0.034732;-0.416078;0.002072;Healthy;WO884250;
02-Jul-2026;ENG-023;55;2026-01-03 07:00:00;642.2400;1590.5800;1395.4400;554.1800;2388.0700;9046.3300;47.1100;522.6800;2388.0400;8132.0300;8.3811;392.0000;0.016077;-2.629628;0.003967;Healthy;WO783574;1219.46
2026/07/02;  ENG-027 ;56;2026-01-03 08:00:00;642.4900;1584.6700;1400.5300;554.4300;2388.0300;9050.2000;47.2900;522.3300;2388.0400;8133.5100;8.3992;391.0000;0.022968;-1.052480;0.000846;Healthy;WO127305;2,553.54
2026/07/02;ENG-098;53;2026-01-03 05:00:00;642.2400;1588.6900;1406.2300;553.4000;2388.0200;9061.7200;47.6200;522.2400;2388.0400;8140.1900;8.4282;391.0000;0.069649;-0.518076;0.003257;Healthy;WO433019;1,584.96
02-Jul-2026;eng-077;78;2026-01-04 06:00:00;642.4900;1593.8300;1412.1100;553.7200;2388.0800;9045.5500;47.2100;521.8500;2388.0100;8129.5900;8.4467;390.0000;0.032127;-0.442981;0.001665;Healthy;WO348267;677.15
02-Jul-2026;ENG-073;61;2026-01-03 13:00:00;642.4000;1586.6600;1396.4400;554.3200;2388.0400;9048.1900;47.3900;522.3400;2388.0600;8133.4300;8.4012;390.0000;0.022595;-0.997917;0.001196;Healthy;WO424952;1275.01
02-Jul-2026;ENG-060;67;2026-01-03 19:00:00;642.6000;1588.2200;1407.3700;553.7900;2388.1800;9060.3300;47.5000;521.6200;2388.0600;8140.0300;8.4534;392.0000;0.061633;-0.084704;0.000297;Healthy;WO937440;1,563.56
2026/07/02;ENG-045;67;2026-01-03 19:00:00;642.2300;1593.1600;1406.8900;553.5600;2388.0800;9060.4300;47.6000;521.2900;2388.1100;8145.4400;8.4536;393.0000;0.064320;0.087051;0.000161;warning;WO179718;11,001.82
2026-07-02;  ENG-067 ;36;2026-01-02 12:00:00;641.9500;1588.4000;1406.9100;554.5700;2388.0400;9056.4200;47.3300;522.2000;2388.0700;8145.2100;8.3988;391.0000;0.030389;-0.808762;0.001891;Healthy;WO719145;272.82
02-Jul-2026;ENG-088;39;2026-01-02 15:00:00;642.3700;1596.7400;1411.1000;552.4100;2388.2100;9037.9300;47.6400;521.4100;2388.1500;8117.1000;8.4668;393.0000;-0.056239;0.360418;0.004963;Healthy;WO450516;2603.12
2026-07-02;ENG-088;34;2026-01-02 10:00:00;642.1000;1593.4000;1402.7800;553.5900;2388.1500;9039.4300;47.4400;521.2000;2388.1200;8123.4900;8.4462;393.0000;-0.009612;-0.011193;0.002979;Healthy;WO223080;1,207.23
2026/07/02;ENG-079;51;2026-01-03 03:00:00;642.3900;1591.8000;1410.5300;553.4300;2388.0700;9046.3500;47.3900;521.4500;2388.0400;8135.7300;8.4122;391.0000;0.044595;-0.357138;0.001957;Healthy;WO557887;2373.77
2026-07-02;ENG-037;43;2026-01-02 19:00:00;642.4100;1594.1600;1402.1300;554.3500;2388.0300;9045.4600;47.3000;521.9800;2388.0500;8144.7300;8.3824;391.0000;0.010504;-2.624952;0.000691;Healthy;WO907391;1161.39
2026-07-02;ENG-059;42;2026-01-02 18:00:00;642.6200;1587.2600;1396.1100;554.0400;2388.0000;9054.2200;47.1900;521.6200;2388.0600;8140.2800;8.3975;392.0000;0.018383;-0.904327;0.001424;Healthy;WO305492;622.65
2026/07/02;ENG-062;85;2026-01-04 13:00:00;641.6500;1583.6000;1395.5100;554.9100;2388.0100;9060.0800;47.1800;522.4200;2388.0500;8141.6200;8.4186;392.0000;0.029755;-1.223187;0.004312;Healthy;WO781761;234.07
2026-07-02;ENG-007;76;2026-01-04 04:00:00;642.1800;1583.1400;1395.2400;554.3800;2388.0100;9053.3900;47.3600;522.6100;2388.0200;8139.8400;8.4036;391.0000;0.032002;-1.102348;0.002128;Healthy;WO625661;2,273.71
2026/07/02;ENG-039;16;2026-01-01 16:00:00;642.2700;1591.7600;1401.1200;554.3400;2388.0000;9054.0000;47.2400;522.0100;2387.9700;8135.7300;8.3965;392.0000;0.031945;-1.018466;0.002367;Healthy;WO278852;2,430.20
2026/07/02;  ENG-096 ;59;2026-01-03 11:00:00;642.4400;1583.2200;1400.7400;553.4200;2388.0200;9065.4800;47.2900;522.2900;2388.0100;8145.7200;8.3727;392.0000;0.047526;-1.055831;;Healthy;WO227938;2632.97
2026/07/02;ENG-062;116;2026-01-05 20:00:00;641.7400;1585.8100;1396.7400;554.4300;2388.0100;9060.2800;47.0800;522.2200;2387.9800;8138.2100;8.4035;391.0000;0.036318;-1.136630;0.000598;Healthy;WO168512;72.91
2026-07-02;ENG-034;100;2026-01-05 04:00:00;641.8100;1583.6800;1397.3700;555.0700;2388.0600;9067.3000;47.2900;522.3400;2388.0600;8144.1300;8.3822;393.0000;-0.017087;-2.676933;0.004683;Healthy;WO234443;467.57
2026/07/02;ENG-011;41;2026-01-02 17:00:00;642.5000;1595.8600;1409.3700;553.0300;2388.1300;9040.8800;47.6600;521.3500;2388.1600;8121.3000;8.4079;392.0000;-0.000744;0.091801;0.002878;Healthy;WO250524;2858.13
02-Jul-2026;ENG-051;61;2026-01-03 13:00:00;642.1700;1584.2800;1401.5700;553.2800;2388.1300;9050.0500;47.2200;522.5200;2388.0400;8127.3000;8.4219;392.0000;0.012618;-0.650589;0.004505;Healthy;WO123017;865.62
2026/07/02;ENG-049;202;2026-01-09 10:00:00;642.5000;1592.2900;1402.4700;553.1500;2388.0700;9062.5800;47.4300;521.5400;2388.0200;8143.4400;8.4462;393.0000;0.073214;-0.296905;0.000646;Healthy;WO738648;866.44
2026/07/02;ENG-041;68;2026-01-03 20:00:00;642.2800;1586.9700;1404.0600;554.4900;2388.0600;9048.5600;47.2300;522.1900;2388.0600;8131.5300;8.4303;392.0000;0.008099;-0.886292;0.001444;Healthy;WO533879;298.79
02-Jul-2026;eng-074;81;2026-01-04 09:00:00;642.4000;1591.9100;1402.2000;553.6500;2388.0700;9062.5000;47.5300;521.7300;2388.0600;8140.6900;8.4156;394.0000;0.070033;-0.166975;0.003477;Healthy;WO944991;1184.08
2026/07/02;  ENG-030 ;80;2026-01-04 08:00:00;642.3700;1593.1100;1405.6700;554.3100;2388.0500;9054.4400;47.5400;521.0500;2388.1100;8126.9300;8.4439;392.0000;0.041641;-0.176310;0.003615;Healthy;WO377767;266.48
02-Jul-2026;ENG-006;36;2026-01-02 12:00:00;642.7200;1585.6900;1404.5300;553.9000;2388.0800;9054.7500;47.3600;521.1000;2388.1000;8130.9700;8.4300;394.0000;0.032774;-0.157808;0.003152;healthy;WO961489;2266.56
2026-07-02;ENG-064;74;2026-01-04 02:00:00;643.0800;1588.1500;1405.1100;553.7100;2388.0800;9051.7900;47.2800;521.4800;2388.0500;8135.7200;8.4407;393.0000;0.047400;-0.097734;0.000278;Healthy;WO638459;746.80
2026/07/02;ENG-046;83;2026-01-04 11:00:00;642.5400;1583.6200;1403.8000;553.1100;2388.0400;9069.3700;47.4000;521.6900;2388.0800;8147.0200;8.4146;393.0000;0.068619;-0.338912;0.002100;Healthy;WO817852;2080.42
02-Jul-2026;ENG-062;91;2026-01-04 19:00:00;642.0700;1584.1300;1398.9400;554.7700;2388.0000;9048.9800;46.9700;522.8700;2388.0000;8143.9200;8.4002;391.0000;0.049066;-1.253322;0.002184;healthy;WO851407;2,328.12
2026/07/02;ENG-085;15;2026-01-01 15:00:00;642.3500;1588.8800;1409.7600;553.0600;2388.1000;9048.6100;47.5300;520.7700;2388.0900;8131.5700;8.4711;394.0000;0.003058;0.163047;0.001921;Healthy;WO327786;2,896.22
2026/07/02;ENG-008;91;2026-01-04 19:00:00;642.9700;1584.5200;1408.5600;553.8600;2388.0400;9038.5400;47.4300;521.6800;2388.0400;8135.1900;8.4326;393.0000;0.038012;-0.314273;0.002739;Healthy;WO734551;2308.46
2026-07-02;ENG-034;115;2026-01-05 19:00:00;642.3400;1584.6100;1400.7400;553.8200;2387.9800;9065.9600;47.3100;521.7300;2388.0100;8141.1700;8.4076;391.0000;0.032113;-0.786427;0.001145;Healthy;WO947455;675.98
2026-07-02;ENG-034;109;2026-01-05 13:00:00;642.1600;1588.8900;1400.6600;553.6700;2388.0700;9073.9700;47.1700;522.4300;2388.0100;8148.8300;8.4252;391.0000;0.060669;-1.062902;0.000598;Healthy;WO292761;2031.98
02-Jul-2026;ENG-034;113;2026-01-05 17:00:00;642.2600;1586.0100;1405.6000;553.7200;2388.0400;9059.2400;47.4100;521.8700;2388.0300;8150.4500;8.3987;393.0000;0.050504;-0.652964;0.000345;healthy;WO251030;2375.37
2026/07/02;ENG-092;72;2026-01-04 00:00:00;642.6200;1590.4400;1401.8600;553.3100;2388.1100;9036.5100;47.3700;521.1400;2388.1300;8127.5000;8.4328;393.0000;0.002280;-0.010246;0.002232;Healthy;WO969099;86.24
2026-07-02;ENG-029;77;2026-01-04 05:00:00;641.8200;1589.4000;1401.4000;554.2100;2388.1200;9064.9300;47.5700;522.1500;2388.0300;8139.9600;8.4256;389.0000;-0.022129;-2.642152;0.003782;Healthy;WO921355;420.40
2026-07-02;ENG-003;68;2026-01-03 20:00:00;642.6100;1587.1000;1402.6400;553.2400;2388.1100;9052.5500;47.6600;521.8200;2388.1200;8123.9000;8.5025;394.0000;0.010843;0.215127;0.000922;Healthy;WO841548;1585.85
02-Jul-2026;ENG-048;42;2026-01-02 18:00:00;642.1200;1584.3500;1400.7200;553.9400;2388.0600;9057.3400;47.1800;521.7300;2388.1000;8135.8300;8.4066;393.0000;0.010819;-0.643018;0.002985;Healthy;WO167177;1496.05
2026-07-02;ENG-030;73;2026-01-04 01:00:00;642.4600;1584.6200;1412.5600;553.6500;2388.1200;9051.9600;47.5000;521.0900;2388.0700;8129.4100;8.4303;392.0000;0.031126;-0.159331;0.003279;Healthy;WO395410;1417.45
02-Jul-2026;ENG-066;50;2026-01-03 02:00:00;642.8800;1599.1000;1412.7200;553.3000;2388.0500;9062.2400;47.4600;521.7500;2388.1000;8144.7100;8.4416;393.0000;0.099498;0.062780;;Healthy;WO336532;2924.10
2026-07-02;ENG-076;87;2026-01-04 15:00:00;642.4300;1586.9900;1397.0900;554.3000;2388.0300;9058.7500;47.4100;521.9400;2388.0700;8141.9800;8.4135;393.0000;0.022890;-0.890940;0.000000;Healthy;WO270957;834.97
2026-07-02;ENG-096;40;2026-01-02 16:00:00;642.0700;1583.5400;1398.3400;553.7300;2387.9900;9062.3400;47.1600;522.0600;2388.0400;8143.5300;8.3838;392.0000;0.031825;-1.092005;0.001292;Healthy;WO529199;1,473.60
2026-07-02;eng-066;64;2026-01-03 16:00:00;643.1800;1588.9500;1407.3900;555.0200;2388.1000;9065.3400;47.3800;521.5400;2388.1100;8147.0500;8.4276;393.0000;0.053326;-0.124883;0.001548;Healthy;WO701576;
2026/07/02;ENG-096;41;2026-01-02 17:00:00;641.5400;1585.7700;1400.4000;554.6500;2388.0300;9079.7600;47.2200;522.5200;2387.9900;8151.7500;8.3852;392.0000;0.044540;-1.153378;0.001145;Healthy;WO898374;1,277.64
2026-07-02;ENG-064;80;2026-01-04 08:00:00;642.2000;1590.4800;1395.7200;554.0100;2388.0600;9054.8900;47.2100;521.9500;2388.0800;8144.5000;8.4035;392.0000;0.024489;-0.824794;0.001424;Healthy;WO722909;676.44
2026-07-02;eng-046;73;2026-01-04 01:00:00;642.4000;1583.9900;1413.2700;553.0500;2388.0700;9060.1100;47.5100;521.7500;2388.0900;8147.7900;8.4639;392.0000;0.082371;-0.057639;0.001092;healthy;WO929151;1721.24
02-Jul-2026;  ENG-006 ;65;2026-01-03 17:00:00;642.3100;1591.5100;1402.8900;552.6100;2388.1200;9056.0700;47.5000;521.3200;2388.1300;8126.6800;8.4400;393.0000;0.032516;0.064241;0.000360;Healthy;WO621903;
02-Jul-2026;ENG-057;73;2026-01-04 01:00:00;642.6500;1588.6200;1403.8200;553.4300;2388.1100;9048.7800;47.3600;521.8500;2388.0800;8130.6800;8.4200;392.0000;0.036878;-0.257327;0.001354;Healthy;WO226399;477.75
2026/07/02;ENG-020;73;2026-01-04 01:00:00;642.5600;1597.4800;1399.1600;553.7900;2388.0800;9064.3700;47.3500;521.1500;2388.0200;8144.3500;8.4056;394.0000;0.060646;-0.295757;0.001318;Healthy;WO752476;523.58
2026/07/02;ENG-031;79;2026-01-04 07:00:00;642.2900;1587.8000;1402.1400;554.6200;2388.0600;9073.4800;47.4000;521.7400;2388.0300;8152.4900;8.3950;393.0000;0.042963;-0.768648;0.002805;Healthy;WO316827;1770.48
02-Jul-2026;ENG-045;94;2026-01-04 22:00:00;642.2900;1592.4400;1408.4200;554.0400;2388.0900;9057.9000;47.7900;521.3600;2388.1200;8141.8200;8.4054;393.0000;0.055653;0.006518;0.003756;Healthy;WO883956;2176.46
2026-07-02;ENG-032;55;2026-01-03 07:00:00;641.7400;1579.5900;1396.3100;554.2500;2387.9300;9071.5000;47.1200;522.2400;2387.9900;8152.6600;8.3580;391.0000;0.051153;-1.378304;0.006366;Healthy;WO952539;1,323.05
02-Jul-2026;ENG-010;113;2026-01-05 17:00:00;642.7300;1586.1400;1399.1200;554.8400;2387.9400;9059.5000;47.2200;522.5100;2388.0400;8144.2400;8.4076;391.0000;0.038487;-1.134536;0.000345;Healthy;WO537667;2,552.08
2026-07-02;ENG-063;55;2026-01-03 07:00:00;642.0400;1586.5000;1400.1000;553.9700;2388.1300;9051.6700;47.6600;521.7800;2388.0600;8127.2300;8.4382;391.0000;0.040027;-0.378114;0.003266;Healthy;WO861371;1937.16
2026/07/02;ENG-043;66;2026-01-03 18:00:00;642.3800;1587.1600;1398.5200;552.9800;2388.0800;9033.3000;47.4200;522.4700;2388.0700;8127.1100;8.4293;393.0000;0.024423;-0.576430;0.002751;Healthy;WO280061;1994.57
2026/07/02;ENG-058;70;2026-01-03 22:00:00;642.4200;1584.1900;1397.6000;554.4400;2388.0600;9057.5800;47.4800;522.2800;2388.0700;8129.1400;8.4109;392.0000;0.010599;-0.906103;0.000846;Healthy;WO970410;1795.03
2026/07/02;ENG-041;75;2026-01-04 03:00:00;642.4400;1583.8500;1398.7000;553.8300;2388.0400;9045.4500;47.3800;522.3500;2388.0600;8126.0100;8.4252;391.0000;0.003471;-0.796560;0.004049;Healthy;WO861560;65.31
2026-07-02;ENG-079;53;2026-01-03 05:00:00;641.9300;1585.6700;1404.1500;553.8200;2388.1000;9044.3600;47.5000;521.6200;2388.0600;8125.8000;8.4001;392.0000;0.009195;-0.621704;0.001326;Healthy;WO629679;2111.24
2026-07-02;ENG-031;89;2026-01-04 17:00:00;642.5300;1584.5800;1406.3500;554.0900;2387.9700;9062.5200;47.4000;521.7000;2388.0600;8149.7100;8.4312;393.0000;0.054341;-0.567591;0.001998;Healthy;WO455457;637.27
2026-07-02;ENG-028;80;2026-01-04 08:00:00;642.7500;1581.6300;1403.3500;553.9900;2388.0800;9050.0800;47.3900;521.1400;2388.0400;8129.3800;8.4214;391.0000;0.016820;-0.481025;0.002558;Healthy;WO779099;1846.49
2026-07-02;ENG-058;85;2026-01-04 13:00:00;642.7800;1588.8700;1398.8300;553.7000;2388.1000;9046.3400;47.2100;522.4700;2388.1000;8134.8300;8.4583;392.0000;0.037309;-0.343515;0.002662;Healthy;WO885940;
2026-07-02;  ENG-035 ;130;2026-01-06 10:00:00;642.6000;1589.7200;1408.9300;553.0700;2388.2100;9063.0100;47.8500;521.1200;2388.1000;8134.6400;8.4411;393.0000;0.005369;0.305828;0.001811;Warning;WO209006;3242.65
02-Jul-2026;ENG-100;79;2026-01-04 07:00:00;642.0600;1584.6600;1402.1400;554.3000;2387.9900;9059.8700;47.4200;521.6800;2387.9900;8143.0200;8.4508;393.0000;0.039939;-0.774497;0.001761;Healthy;WO663410;2,379.12
2026/07/02;eng-099;61;2026-01-03 13:00:00;641.9700;1583.4000;1396.7500;554.9500;2388.0200;9063.9900;47.2300;521.9100;2388.0000;8146.1000;8.3744;392.0000;0.018584;-1.091639;0.001337;Healthy;WO910655;1165.73
2026-07-02;ENG-029;75;2026-01-04 03:00:00;642.2600;1587.0300;1400.9900;554.1500;2388.0700;9056.5000;47.2100;522.1300;2388.0200;8139.7000;8.4158;393.0000;0.014413;-0.923722;0.002794;Healthy;WO311624;1140.85
2026/07/02;ENG-078;29;2026-01-02 05:00:00;641.8900;1583.8800;1395.4500;554.5900;2388.0200;9058.3100;47.0900;522.7400;2387.9500;8142.3600;8.3871;391.0000;0.072788;-1.327417;0.003814;healthy;WO813337;273.79
02-Jul-2026;  ENG-024 ;93;2026-01-04 21:00:00;642.3900;1583.4100;1399.3300;554.0000;2388.0000;9070.4100;47.1700;522.0100;2387.9800;8154.6100;8.4025;390.0000;0.064646;-1.121212;0.001619;Healthy;WO917327;2946.33
2026-07-02;  ENG-081 ;141;2026-01-06 21:00:00;642.3200;1585.2600;1416.6000;553.5700;2388.0700;9078.6200;47.5800;521.5900;2388.0800;8149.0300;8.4456;394.0000;0.098976;-0.047132;0.002707;Healthy;WO783455;397.75
2026/07/02;  ENG-045 ;97;2026-01-05 01:00:00;642.2900;1587.8300;1405.4200;552.9800;2388.1100;9055.0400;47.4900;521.1500;2388.0400;8141.3100;8.4082;393.0000;0.057871;-0.197385;0.001363;Warning;WO497266;2846.68
2026/07/02;  ENG-034 ;132;2026-01-06 12:00:00;642.2800;1588.3200;1402.3600;554.5000;2388.0200;9063.7300;47.6000;522.8200;2388.0900;8141.6900;8.4597;392.0000;0.071978;-0.545070;;Healthy;WO208926;823.46
02-Jul-2026;ENG-052;79;2026-01-04 07:00:00;641.7000;1583.0500;1400.3500;553.9900;2388.0500;9064.0700;47.1300;522.7500;2388.0300;8145.8500;8.4069;391.0000;0.052938;-1.229721;0.000345;Healthy;WO354296;2197.22
2026-07-02;ENG-084;92;2026-01-04 20:00:00;643.0300;1589.6100;1409.1200;553.5900;2388.1300;9055.3400;47.3600;521.3400;2388.0900;8130.3600;8.4041;394.0000;0.029288;-0.025775;0.002076;Healthy;WO771084;1,954.42
2026-07-02;eng-004;44;2026-01-02 20:00:00;643.0800;1583.4000;1410.6400;553.4100;2388.1100;9051.5000;47.4600;521.4900;2388.0800;8131.9700;8.4321;393.0000;0.038352;-0.067929;0.001442;Healthy;WO355943;
2026/07/02;ENG-080;69;2026-01-03 21:00:00;643.0700;1587.2500;1407.2500;553.1000;2388.0500;9065.4900;47.2800;521.5100;2388.0500;8144.8400;8.4176;392.0000;0.068836;-0.202168;0.001507;Healthy;WO891039;2,691.90
2026-07-02;ENG-082;106;2026-01-05 10:00:00;641.9900;1581.2800;1404.5900;553.6600;2388.1300;9058.3900;47.6300;521.6100;2388.0500;8141.9200;8.4107;394.0000;0.051008;-0.309383;0.001025;Healthy;WO341109;879.77
2026-07-02;ENG-092;68;2026-01-03 20:00:00;642.4000;1593.6800;1412.1400;552.8400;2388.1800;9040.5900;47.5400;521.4600;2388.1800;8121.6900;8.4242;393.0000;-0.036480;0.211556;0.003118;Healthy;WO738934;1161.01
2026/07/02;ENG-095;46;2026-01-02 22:00:00;641.9800;1584.0600;1395.9300;554.4100;2388.0800;9051.4200;47.3900;522.2800;2388.0800;8125.7100;8.3796;392.0000;-0.000233;-0.979171;0.004150;Healthy;WO363042;2237.01
02-Jul-2026;ENG-047;32;2026-01-02 08:00:00;642.0700;1589.4400;1408.5700;552.8300;2388.1900;9045.3300;47.7400;521.1600;2388.1600;8120.0400;8.4166;394.0000;-0.043050;0.204816;0.001997;Healthy;WO972410;1172.87
2026-07-02;ENG-054;46;2026-01-02 22:00:00;641.6800;1578.9000;1395.6500;555.4400;2387.9800;9060.4700;47.0900;523.3300;2388.0300;8142.6600;8.3541;391.0000;0.053921;-1.419634;0.008149;Healthy;WO147261;281.60
2026-07-02;ENG-006;57;2026-01-03 09:00:00;642.1700;1586.8700;1409.1700;553.2700;2388.1100;9053.7700;47.5700;521.3400;2388.1400;8131.2800;8.4421;393.0000;0.018232;0.065369;0.002035;Healthy;WO167808;137.06
02-Jul-2026;  ENG-003 ;43;2026-01-02 19:00:00;643.0200;1589.2600;1413.2000;553.3400;2388.1100;9052.2300;47.5000;521.5900;2388.1000;8134.1200;8.4194;394.0000;0.040501;-0.018289;0.001962;Healthy;WO228083;1844.77
2026/07/02;ENG-034;128;2026-01-06 08:00:00;642.8200;1589.3300;1399.0000;553.9800;2388.0900;9066.1300;47.3300;521.4000;2388.0700;8141.9500;8.3972;392.0000;0.036593;-0.474622;0.001429;Healthy;WO207316;2497.12
2026/07/02;ENG-066;59;2026-01-03 11:00:00;642.6000;1599.8900;1413.1800;553.5400;2388.0800;9066.3900;47.5500;521.7100;2388.1100;8144.3400;8.4392;394.0000;0.088998;0.126758;0.003675;Healthy;WO989823;1194.50
2026/07/02;  ENG-052 ;84;2026-01-04 12:00:00;641.7700;1582.8200;1395.7700;555.2000;2388.0300;9060.6000;47.0800;522.1400;2388.0300;8148.5200;8.3734;390.0000;0.032713;-1.304378;0.000000;Healthy;WO622357;278.06
2026/07/02;ENG-013;80;2026-01-04 08:00:00;642.1500;1584.0500;1402.5800;554.0700;2387.9900;9063.3800;47.2400;522.1400;2388.0500;8143.5700;8.4186;393.0000;0.026701;-0.874803;0.001171;Healthy;WO368051;729.58
2026-07-02;eng-013;68;2026-01-03 20:00:00;642.0500;1593.6600;1398.7700;554.3500;2387.9900;9059.7200;47.2600;521.9900;2387.9500;8142.0700;8.4191;391.0000;0.055719;-1.020440;0.002719;Healthy;WO416246;1815.78
02-Jul-2026;ENG-069;29;2026-01-02 05:00:00;642.9500;1588.8900;1403.2200;553.4000;2388.1000;9053.0200;47.4500;521.7900;2388.0700;8125.2400;8.4144;393.0000;0.029850;-0.322654;0.001254;Healthy;WO379345;1681.29
02-Jul-2026;ENG-066;74;2026-01-04 02:00:00;643.1700;1595.9900;1402.2000;552.8100;2388.1300;9063.9600;47.4100;521.4100;2388.0900;8149.0300;8.4288;392.0000;0.092097;0.158609;0.004980;Healthy;WO978865;1,680.93
02-Jul-2026;ENG-043;74;2026-01-04 02:00:00;642.3100;1600.4400;1407.5600;553.9100;2388.1000;9053.4800;47.4200;521.3100;2388.1300;8130.3000;8.4243;393.0000;0.051422;-0.094180;0.001718;Healthy;WO771860;106.88
2026/07/02;ENG-058;113;2026-01-05 17:00:00;642.7200;1591.6900;1402.3400;553.8400;2388.1200;9052.4400;47.5100;521.7600;2388.0900;8133.4500;8.4312;392.0000;0.045277;-0.322333;;Healthy;WO677488;1935.23
2026-07-02;ENG-078;34;2026-01-02 10:00:00;642.1800;1594.3800;1393.0100;554.3400;2387.9800;9059.4500;47.0600;522.5200;2388.0100;8150.3600;8.3987;391.0000;0.069261;-1.273836;0.003275;Healthy;WO707605;2,070.32
2026/07/02;  ENG-017 ;82;2026-01-04 10:00:00;642.3400;1585.0700;1409.0300;554.9300;2387.9900;9074.1200;47.3400;521.7400;2388.0500;8152.6100;8.3870;392.0000;0.028727;-0.810072;;Healthy;WO964751;2448.16
2026/07/02;ENG-024;102;2026-01-05 06:00:00;641.3900;1589.9700;1403.7400;553.7300;2387.9800;9075.9500;47.2700;523.1400;2387.9700;8159.5600;8.3728;392.0000;0.069933;-1.189556;0.002290;Healthy;WO357622;2,798.16
2026-07-02;  ENG-023 ;67;2026-01-03 19:00:00;642.1100;1579.8300;1395.6600;555.0000;2388.0000;9045.7600;47.3300;522.1700;2388.0500;8131.5300;8.3817;391.0000;0.023359;-1.205052;0.003487;Healthy;WO317624;596.94
2026/07/02;ENG-027;50;2026-01-03 02:00:00;642.0400;1581.1600;1396.4300;554.6400;2388.0200;9047.2300;47.3300;521.9300;2388.0500;8136.4900;8.3928;392.0000;0.012917;-1.101944;0.005663;Healthy;WO870545;1202.58
2026-07-02;eng-068;84;2026-01-04 12:00:00;642.3900;1580.7700;1397.7700;554.4800;2388.0800;9060.6800;47.5300;521.9600;2388.0500;8138.5300;8.4205;392.0000;0.027548;-0.663372;0.000299;Healthy;WO258020;
2026-07-02;ENG-058;61;2026-01-03 13:00:00;642.5200;1583.1400;1399.5700;554.4800;2387.9200;9047.6000;47.3300;521.8300;2388.1100;8133.3700;8.4430;391.0000;0.007023;-0.935728;0.001145;Healthy;WO858949;1066.23
02-Jul-2026;ENG-077;80;2026-01-04 08:00:00;642.5700;1579.2800;1399.6400;553.9600;2388.0900;9053.2700;47.4900;521.4900;2388.1100;8132.2300;8.4148;393.0000;0.012221;-0.472364;0.004597;Healthy;WO449885;2306.49
02-Jul-2026;ENG-091;98;2026-01-05 02:00:00;642.9200;1595.0600;1403.1600;553.0500;2388.1200;9046.1300;47.6100;521.4100;2388.2000;8129.7400;8.4434;395.0000;0.008306;0.197596;0.001809;HEALTHY;WO933891;1,738.39
2026/07/02;ENG-031;131;2026-01-06 11:00:00;642.4600;1588.6100;1399.4800;553.5200;2388.0800;9069.7700;47.7600;521.8600;2388.0900;8148.5000;8.4455;395.0000;0.094963;-0.122481;0.000772;Healthy;WO597101;2,299.29
2026-07-02;eng-050;34;2026-01-02 10:00:00;642.6300;1585.1100;1403.1900;554.1600;2388.0400;9062.7800;47.1800;522.4900;2388.0300;8141.0300;8.3771;393.0000;0.039663;-0.894566;0.002708;Healthy;WO129965;
02-Jul-2026;ENG-059;47;2026-01-02 23:00:00;641.7500;1579.8400;1391.9600;554.6600;2388.0000;9055.8300;47.1900;521.9400;2388.0000;8138.2600;8.3759;394.0000;0.015287;-1.201742;0.006291;HEALTHY;WO647293;2414.00
2026-07-02;  ENG-063 ;86;2026-01-04 14:00:00;642.7800;1587.3000;1404.4200;552.7700;2388.1400;9054.4600;47.6900;521.6900;2388.1100;8134.8000;8.4596;392.0000;0.054514;0.000227;0.001527;Healthy;WO689386;743.76
2026/07/02;ENG-010;114;2026-01-05 18:00:00;642.0700;1585.4300;1395.1100;554.8300;2388.0200;9056.8800;47.3100;521.5800;2388.0500;8144.0400;8.4121;393.0000;0.010137;-0.920482;0.002990;Healthy;WO461760;1525.66
2026/07/02;ENG-008;83;2026-01-04 11:00:00;642.6400;1589.7900;1408.6600;554.0300;2388.1100;9045.2700;47.5100;521.3800;2388.0800;8125.3500;8.4736;393.0000;0.017455;-0.099934;0.001471;Healthy;WO562838;2,109.21
2026/07/02;ENG-096;42;2026-01-02 18:00:00;641.9700;1587.5000;1408.1000;555.1400;2388.0800;9069.8700;47.1200;522.7100;2388.0500;8149.5400;8.4002;390.0000;0.033175;-1.099280;0.002514;Healthy;WO348143;1521.35
2026-07-02;ENG-026;34;2026-01-02 10:00:00;642.5200;1580.5000;1397.6500;553.6000;2388.0300;9070.9200;47.4000;521.6000;2388.0200;8148.3100;8.4087;392.0000;0.040959;-0.754597;0.001619;Healthy;WO825432;2506.11
2026-07-02;ENG-093;100;2026-01-05 04:00:00;642.8300;1589.8500;1413.5700;552.6500;2388.1200;9061.4100;47.6400;521.8400;2388.1000;8136.8400;8.4605;393.0000;0.048796;0.229230;0.001844;Healthy;WO859308;681.08
02-Jul-2026;eng-031;105;2026-01-05 09:00:00;643.0000;1585.3300;1405.3700;554.2000;2387.9900;9072.2400;47.1300;522.0500;2387.9800;8151.8400;8.4058;393.0000;0.056515;-0.864308;0.001402;healthy;WO144721;1646.23
2026-07-02;ENG-014;21;2026-01-01 21:00:00;642.6200;1594.2500;1414.0100;553.6200;2388.1600;9040.3300;47.4900;520.9400;2388.0900;8120.8000;8.4490;393.0000;-0.028439;0.103524;0.006922;Healthy;WO825576;217.07
02-Jul-2026;  ENG-066 ;84;2026-01-04 12:00:00;642.7600;1589.4600;1404.3700;553.5300;2388.0900;9078.1300;47.4700;520.7300;2388.0700;8148.2500;8.4515;392.0000;0.081133;-0.056823;0.001013;Healthy;WO522286;1,077.02
02-Jul-2026;ENG-038;83;2026-01-04 11:00:00;642.9300;1593.0000;1403.5600;553.2100;2388.1400;9059.2500;47.8200;521.8000;2388.1800;8134.7500;8.4619;393.0000;0.022784;0.325367;0.002655;healthy;WO405042;2,022.42
2026/07/02;ENG-062;103;2026-01-05 07:00:00;641.7500;1585.1900;1398.6600;555.0700;2388.0500;9056.1100;47.1600;522.2300;2387.9600;8133.7000;8.3927;392.0000;0.041805;-1.201002;0.000598;Healthy;WO514294;2448.39
02-Jul-2026;  ENG-049 ;147;2026-01-07 03:00:00;642.4700;1587.6800;1400.6400;554.0900;2388.0500;9062.9700;47.3600;522.0800;2387.9900;8140.6200;8.3876;392.0000;0.036428;-0.825277;0.002238;healthy;WO305813;2838.51
2026/07/02;ENG-010;96;2026-01-05 00:00:00;642.3600;1581.9400;1403.3800;554.0700;2388.0000;9069.2500;47.4100;522.8100;2388.0700;8139.0100;8.4086;392.0000;0.040244;-1.040297;0.001505;Healthy;WO993701;2481.96
2026-07-02;ENG-076;86;2026-01-04 14:00:00;642.2800;1588.3400;1403.6300;555.0400;2388.0200;9059.8800;47.2000;522.2600;2388.0800;8149.3100;8.4400;393.0000;0.013360;-0.891106;0.002502;healthy;WO859492;196.21
2026-07-02;ENG-039;25;2026-01-02 01:00:00;642.2900;1587.6000;1399.1000;554.0700;2388.0700;9064.2000;47.1400;522.0300;2387.9800;8146.5200;8.4650;391.0000;0.051133;-0.786805;0.003040;Healthy;WO712315;1,801.71
2026-07-02;ENG-091;80;2026-01-04 08:00:00;642.6300;1598.2900;1406.9500;552.7900;2388.1400;9047.9700;47.6300;521.3600;2388.1700;8130.3800;8.4324;395.0000;-0.004376;0.368758;0.002727;healthy;WO696626;1352.88
2026/07/02;ENG-038;65;2026-01-03 17:00:00;643.0100;1589.6300;1409.0000;552.8400;2388.1800;9050.9900;47.6000;520.8700;2388.1600;8140.1700;8.4349;394.0000;-0.016015;0.418756;0.002902;Healthy;WO102335;2571.84
2026/07/02;ENG-072;50;2026-01-03 02:00:00;642.1700;1590.6300;1398.1700;554.5100;2388.0400;9062.9200;47.3400;521.9300;2388.0200;8145.9700;8.3978;393.0000;0.029219;-0.963763;0.001563;Healthy;WO965399;2751.35
2026/07/02;  ENG-082 ;80;2026-01-04 08:00:00;642.1700;1587.1300;1404.5800;554.2400;2388.0400;9061.5900;47.2800;521.7400;2388.0700;8139.9500;8.4183;393.0000;0.040735;-0.443367;0.002061;Healthy;WO545645;2,328.89
2026-07-02;  ENG-054 ;70;2026-01-03 22:00:00;642.2100;1587.7000;1392.5900;554.0100;2387.9800;9058.5900;47.1800;522.2400;2388.0200;8140.1000;8.3760;391.0000;0.045713;-1.190809;0.000772;Healthy;WO186316;779.35
2026/07/02;ENG-071;44;2026-01-02 20:00:00;642.6300;1590.3900;1402.7900;554.1800;2388.0900;9069.6800;47.3100;522.3500;2388.0500;8152.2100;8.4358;394.0000;0.068706;-0.511787;0.002423;Warning;WO461714;2,573.27
02-Jul-2026;ENG-030;78;2026-01-04 06:00:00;642.1300;1587.7500;1408.4200;553.0500;2388.0900;9040.3300;47.4600;520.9400;2388.1200;8129.1800;8.4156;393.0000;0.013051;-0.072249;0.001247;healthy;WO917126;1346.00
02-Jul-2026;ENG-060;98;2026-01-05 02:00:00;642.4200;1583.6500;1408.5100;554.6100;2388.0700;9050.8900;47.4400;521.9800;2388.0600;8136.6000;8.4471;393.0000;0.029476;-0.426074;0.002287;Healthy;WO274726;2,132.78
2026-07-02;ENG-045;59;2026-01-03 11:00:00;642.8600;1587.9800;1409.8500;553.5700;2388.1100;9064.6400;47.5400;521.9400;2388.1000;8140.5100;8.4633;394.0000;0.067613;0.073970;0.003243;Healthy;WO833368;697.27
2026-07-02;ENG-094;61;2026-01-03 13:00:00;642.3700;1586.2700;1409.1000;553.5900;2388.1200;9064.3800;47.5000;521.7000;2388.1000;8145.5300;8.4013;393.0000;0.058151;-0.267585;0.000880;Healthy;WO124663;1908.84
2026/07/02;ENG-073;42;2026-01-02 18:00:00;642.2200;1581.6400;1397.8700;554.7800;2388.0000;9050.8500;47.2000;522.4300;2388.0500;8130.4000;8.3728;392.0000;0.020352;-1.200772;0.006357;Healthy;WO244105;2,601.20
2026-07-02;ENG-082;62;2026-01-03 14:00:00;642.3900;1584.3400;1409.2500;553.7400;2388.0400;9065.6700;47.2500;522.1000;2388.0100;8147.9100;8.4466;394.0000;0.056902;-0.560308;0.001665;Healthy;WO262827;2887.11
2026/07/02;  ENG-029 ;109;2026-01-05 13:00:00;642.4100;1588.5700;1401.2000;553.8900;2388.0600;9057.8600;47.3900;521.1800;2388.0300;8136.6400;8.4310;392.0000;0.030463;-0.643656;0.000961;Healthy;WO511158;2,793.18
2026/07/02;ENG-020;85;2026-01-04 13:00:00;642.4500;1590.2200;1408.0300;553.7800;2388.0700;9065.6200;47.4800;521.7900;2388.0100;8143.7400;8.3957;393.0000;0.066866;-0.423239;0.002932;Healthy;WO273460;558.29
2026/07/02;  ENG-098 ;73;2026-01-04 01:00:00;642.9500;1586.3000;1406.6500;553.1400;2388.0500;9054.4200;47.4800;521.7200;2388.0400;8136.7400;8.4621;393.0000;0.069005;-0.179170;0.001481;Healthy;WO463840;606.67
02-Jul-2026;ENG-030;85;2026-01-04 13:00:00;642.5100;1584.6000;1408.5700;553.3200;2388.1300;9050.2100;47.4300;521.2200;2388.1400;8129.8600;8.4258;393.0000;0.017914;-0.025436;0.000950;healthy;WO916250;1,195.43
2026-07-02;ENG-080;87;2026-01-04 15:00:00;642.3100;1588.0300;1400.5100;553.4300;2388.0900;9064.4400;47.3300;522.0400;2388.0700;8145.4100;8.4216;393.0000;0.046045;-0.579490;0.001976;Healthy;WO201290;1,544.38
2026-07-02;  ENG-027 ;65;2026-01-03 17:00:00;642.1400;1582.9600;1397.4700;554.6300;2388.0500;9057.1300;47.2100;522.2100;2388.0900;8132.5800;8.4175;391.0000;0.003222;-1.088886;0.004991;Healthy;WO992373;1388.93
02-Jul-2026;  ENG-012 ;131;2026-01-06 11:00:00;641.9400;1587.8900;1396.8900;554.4200;2388.0300;9055.2500;47.1000;522.3400;2388.0400;8144.3400;8.3960;393.0000;0.023818;-1.109463;0.001544;Healthy;WO221768;820.56
2026/07/02;ENG-100;105;2026-01-05 09:00:00;642.3000;1588.6500;1399.2200;554.4000;2388.0400;9072.3200;47.2200;522.4500;2388.0100;8152.9700;8.4110;390.0000;0.058937;-0.969490;0.003230;healthy;WO748189;2,961.98
2026/07/02;ENG-076;130;2026-01-06 10:00:00;643.1400;1588.1800;1406.7300;554.1900;2388.0300;9072.5800;47.4200;521.5900;2388.0900;8153.1100;8.4223;391.0000;0.070236;-0.368793;0.002520;Healthy;WO882310;435.54
02-Jul-2026;eng-059;37;2026-01-02 13:00:00;642.6300;1586.8900;1399.1600;554.1400;2388.0400;9057.9600;47.2100;522.0200;2387.9800;8141.2500;8.3871;393.0000;0.040509;-1.069834;0.000598;Healthy;WO575316;2,606.17
2026-07-02;  ENG-047 ;44;2026-01-02 20:00:00;642.0700;1586.0400;1410.9300;552.6900;2388.1000;9035.1900;47.6100;521.0000;2388.1500;8118.1800;8.4384;395.0000;-0.043172;0.127115;0.006947;Healthy;WO155322;
02-Jul-2026;ENG-076;105;2026-01-05 09:00:00;642.1800;1584.0400;1398.1800;554.4900;2387.9600;9057.3900;47.2500;522.0300;2388.0000;8140.9900;8.4286;393.0000;0.028820;-0.946591;0.002970;Healthy;WO148307;304.47
2026/07/02;ENG-060;74;2026-01-04 02:00:00;642.6800;1589.4800;1410.5200;554.4600;2388.0800;9055.7900;47.4900;521.4300;2388.0300;8136.2600;8.4458;391.0000;0.046556;-0.392160;0.000457;Healthy;WO481239;1668.96
2026-07-02;ENG-032;63;2026-01-03 15:00:00;642.8500;1587.2300;1400.0800;554.9500;2387.9800;9068.5600;47.3000;522.2200;2387.9500;8148.0700;8.4078;391.0000;0.055412;-0.965288;0.003735;Healthy;WO823110;850.69
02-Jul-2026;ENG-012;87;2026-01-04 15:00:00;642.1500;1589.1800;1397.0200;554.7400;2388.0300;9062.9000;47.1200;522.1800;2388.0700;8139.7800;8.3490;393.0000;0.000593;-1.131630;0.009929;Healthy;WO941554;716.20
02-Jul-2026;  ENG-035 ;128;2026-01-06 08:00:00;643.2700;1597.3300;1405.6100;552.7700;2388.2000;9060.6900;47.7400;521.4200;2388.1400;8137.0000;8.4837;394.0000;-0.003960;0.633491;0.004577;Warning;WO812745;24,202.92
2026-07-02;ENG-055;60;2026-01-03 12:00:00;642.1400;1586.3500;1405.3500;554.2300;2388.1200;9051.6000;47.2600;521.6200;2388.0600;8138.3500;8.4181;392.0000;0.010212;-0.706189;0.001859;HEALTHY;WO460620;2415.16
2026-07-02;ENG-066;95;2026-01-04 23:00:00;643.1000;1597.3600;1407.1200;553.5900;2388.0800;9076.3600;47.5500;520.9100;2388.0800;8148.0300;8.4363;394.0000;0.089584;0.188627;0.004166;Warning;WO897603;5168.35
02-Jul-2026;ENG-072;62;2026-01-03 14:00:00;641.9000;1585.0900;1405.5600;553.7900;2387.9800;9067.6400;47.3800;521.5300;2387.9900;8143.5400;8.3858;392.0000;0.022007;-0.884777;0.000810;Healthy;WO549651;1,253.58
2026-07-02;ENG-045;79;2026-01-04 07:00:00;642.7500;1590.0000;1405.9200;554.0400;2388.1200;9061.3300;47.3600;521.6300;2388.1000;8142.8700;8.4525;393.0000;0.059622;-0.139657;;Healthy;WO368070;1,810.64
02-Jul-2026;ENG-075;56;2026-01-03 08:00:00;642.3700;1584.6300;1403.4800;553.3800;2388.0700;9050.5200;47.4400;522.0300;2388.0600;8143.0800;8.4499;392.0000;0.041191;-0.643920;0.002316;Healthy;WO238432;1928.99
2026-07-02;ENG-010;83;2026-01-04 11:00:00;641.9200;1585.1700;1401.3700;554.4100;2387.9800;9060.1100;47.4700;522.0900;2388.0600;8150.1400;8.3953;391.0000;0.030070;-1.021880;0.001145;Healthy;WO916173;1,571.88
02-Jul-2026;ENG-041;42;2026-01-02 18:00:00;643.0500;1583.5900;1395.2900;553.9200;2388.0700;9049.7100;47.2500;522.7000;2388.0200;8127.1200;8.4332;393.0000;0.028060;-0.830569;0.002454;Healthy;WO274195;918.02
2026/07/02;  ENG-018 ;57;2026-01-03 09:00:00;642.3300;1582.4100;1399.5300;554.8800;2388.0200;9070.5500;47.1800;522.3600;2388.0200;8142.3800;8.4117;393.0000;0.029269;-1.033599;0.001424;Healthy;WO472892;1,798.99
2026/07/02;eng-032;59;2026-01-03 11:00:00;642.0300;1580.1900;1399.3100;554.8100;2388.0000;9073.9400;47.1400;522.3400;2388.0500;8151.4200;8.3544;394.0000;-0.013809;-1.150734;0.022853;Healthy;WO559312;
2026-07-02;eng-048;33;2026-01-02 09:00:00;641.9900;1595.0600;1403.7700;554.0000;2388.0400;9054.7200;47.4700;522.0000;2388.1100;8137.0100;8.4199;391.0000;0.037760;-0.552934;0.000573;Healthy;WO700965;2634.22
02-Jul-2026;ENG-049;132;2026-01-06 12:00:00;642.2200;1584.4400;1395.7800;554.7100;2388.0100;9064.3500;47.3300;521.6500;2388.0100;8145.7800;8.4209;392.0000;0.038540;-0.995107;;Healthy;WO358827;2745.81
02-Jul-2026;ENG-023;53;2026-01-03 05:00:00;642.4900;1585.8700;1390.3000;554.4500;2388.0200;9052.7200;47.2600;522.2200;2388.0600;8131.4000;8.3860;391.0000;0.017469;-1.059691;0.001145;healthy;WO314929;1639.10
2026-07-02;ENG-056;72;2026-01-04 00:00:00;642.9500;1597.0100;1416.3800;553.0600;2388.1600;9046.4100;47.6200;520.5800;2388.1700;8127.9400;8.4550;395.0000;-0.076200;0.689912;;Warning;WO208828;19345.71
2026/07/02;ENG-012;128;2026-01-06 08:00:00;642.0100;1586.0400;1406.0400;554.5700;2388.0200;9059.2000;47.2600;522.2200;2388.0200;8138.9600;8.4146;391.0000;0.032368;-0.898275;0.000880;Healthy;WO223469;1768.58
02-Jul-2026;ENG-017;63;2026-01-03 15:00:00;642.1900;1583.1000;1397.0300;553.6200;2388.0600;9071.0800;47.3000;522.1200;2388.0200;8151.2400;8.3987;391.0000;0.049549;-0.893336;0.001922;Healthy;WO818934;190.91
2026/07/02;ENG-066;79;2026-01-04 07:00:00;642.3400;1592.5300;1409.1200;553.4300;2388.0500;9069.0700;47.5900;521.3900;2388.0800;8145.9200;8.4082;394.0000;0.088414;0.037629;0.002581;Healthy;WO592693;2,827.25
2026-07-02;  ENG-056 ;71;2026-01-03 23:00:00;642.9000;1596.8700;1414.7000;553.2000;2388.1800;9051.8200;47.5600;521.1200;2388.1800;8124.1300;8.4707;393.0000;-0.048190;0.530733;0.005045;Healthy;WO521860;2119.63
02-Jul-2026;eng-083;32;2026-01-02 08:00:00;642.6600;1584.8800;1405.6400;553.4500;2388.0300;9058.5400;47.3300;521.6000;2388.0500;8140.7300;8.4113;393.0000;0.043776;-0.487391;0.001606;Warning;WO303793;23,999.17
02-Jul-2026;ENG-093;114;2026-01-05 18:00:00;642.9700;1590.1200;1410.0300;552.7500;2388.1300;9058.1400;47.4000;521.3300;2388.1200;8140.4400;8.4597;393.0000;0.026329;0.308403;0.001269;Healthy;WO261512;2,173.93
2026-07-02;  ENG-031 ;95;2026-01-04 23:00:00;642.2400;1591.2000;1403.0200;552.9800;2388.0100;9070.3100;47.3500;521.4900;2388.0300;8150.2400;8.3919;392.0000;0.070547;-0.530592;0.002190;healthy;WO616506;2,575.93
2026/07/02;ENG-066;69;2026-01-03 21:00:00;642.9200;1593.4800;1404.7400;553.3500;2388.1500;9069.5900;47.4900;521.4800;2388.1100;8148.2200;8.4481;394.0000;0.083696;0.135755;0.004122;Healthy;WO981802;296.02
2026-07-02;ENG-049;191;2026-01-08 23:00:00;641.9400;1588.0300;1399.1700;554.2400;2388.0500;9064.0000;47.1900;522.1800;2388.0400;8140.4500;8.4285;394.0000;0.026449;-0.790259;0.002290;Healthy;WO720806;1552.65
2026-07-02;ENG-052;123;2026-01-06 03:00:00;641.8700;1580.2400;1403.0200;555.0200;2387.9900;9058.5900;47.3400;521.9300;2388.0400;8148.4200;8.4089;390.0000;0.029453;-1.113991;0.001145;Healthy;WO918302;535.08
2026-07-02;eng-082;89;2026-01-04 17:00:00;642.7700;1593.1600;1402.2300;553.0400;2388.1000;9061.1000;47.4700;522.0300;2388.0700;8143.1100;8.4068;393.0000;0.075828;-0.177386;0.002264;Warning;WO178831;11920.80
2026-07-02;ENG-040;73;2026-01-04 01:00:00;642.3600;1585.3300;1406.4400;553.1600;2388.1600;9063.9100;47.7100;521.7000;2388.1800;8140.4700;8.4124;393.0000;0.043447;0.058779;0.001865;healthy;WO502549;1,904.10
2026-07-02;  ENG-081 ;116;2026-01-05 20:00:00;642.4800;1592.2600;1405.2300;553.5900;2388.0500;9076.4200;47.2200;521.4000;2388.0700;8151.0900;8.4337;393.0000;0.063724;-0.434342;0.000999;Healthy;WO978031;405.12
02-Jul-2026;eng-091;143;2026-01-06 23:00:00;643.0200;1594.6000;1414.8900;552.8800;2388.1500;9045.8000;47.7800;520.2300;2388.1100;8127.9000;8.4272;395.0000;-0.072843;0.635882;0.003546;Warning;WO227537;8,328.64
2026-07-02;eng-032;88;2026-01-04 16:00:00;641.8300;1583.2900;1398.6400;554.5800;2388.0200;9066.8300;47.2500;522.1800;2387.9400;8156.1900;8.3962;391.0000;0.068043;-1.214094;0.000345;Healthy;WO940551;1,022.77
02-Jul-2026;ENG-045;81;2026-01-04 09:00:00;642.7100;1585.5300;1413.9600;552.7500;2388.1000;9065.1100;47.6000;520.5100;2388.0700;8139.7500;8.4692;394.0000;0.028349;0.264621;0.000228;Healthy;WO794855;596.04
02-Jul-2026;ENG-091;93;2026-01-04 21:00:00;642.3200;1592.6900;1414.0600;552.8400;2388.0900;9050.5000;47.5700;520.9400;2388.1300;8129.6200;8.4595;394.0000;-0.007048;0.305773;0.000846;Healthy;WO671239;2156.10
2026-07-02;ENG-055;66;2026-01-03 18:00:00;642.3600;1586.1600;1398.1500;554.6500;2388.0200;9052.7200;47.5300;521.6300;2388.0700;8134.3100;8.4385;393.0000;0.017833;-0.663650;0.002316;Healthy;WO297820;2453.56
02-Jul-2026;ENG-092;92;2026-01-04 20:00:00;642.8000;1595.0400;1414.5000;553.0200;2388.1600;9039.1700;47.6700;521.2400;2388.2000;8127.9800;8.4218;394.0000;-0.046845;0.452717;0.002284;Warning;WO512635;13697.56
2026-07-02;ENG-027;64;2026-01-03 16:00:00;641.8800;1588.4000;1405.0900;554.6700;2388.0600;9050.1200;47.2700;522.1600;2388.0800;8139.6400;8.4419;391.0000;0.007476;-0.849958;0.001221;Healthy;WO197261;1363.41
2026/07/02;  ENG-100 ;71;2026-01-03 23:00:00;642.0800;1580.1800;1402.3400;553.8000;2388.0500;9060.3100;47.3900;522.0500;2388.0300;8138.1100;8.4574;392.0000;0.036604;-0.728985;0.001582;Healthy;WO258266;2,402.62
2026-07-02;eng-010;82;2026-01-04 10:00:00;642.3200;1575.9600;1402.3900;554.5900;2388.0600;9054.8600;47.1700;522.4500;2388.0800;8141.5700;8.4117;394.0000;0.008827;-0.912539;0.002878;Healthy;WO490048;148.35
2026-07-02;  ENG-056 ;58;2026-01-03 10:00:00;642.9700;1593.0000;1414.4800;553.6900;2388.1800;9044.3600;47.6100;521.2500;2388.1200;8127.6200;8.4375;392.0000;-0.024512;0.212099;0.002237;Healthy;WO642334;2,209.64
2026-07-02;  ENG-036 ;68;2026-01-03 20:00:00;642.3500;1585.2800;1409.5000;552.4900;2388.1000;9056.6200;47.6500;521.1600;2388.1500;8139.5600;8.4584;393.0000;0.034786;0.172182;0.001471;Healthy;WO382871;2,092.33
2026-07-02;eng-018;70;2026-01-03 22:00:00;641.7400;1588.9000;1398.6000;553.9500;2388.0500;9062.3300;47.1500;521.6100;2388.0400;8143.0800;8.3778;392.0000;0.005484;-0.987913;0.002674;healthy;WO460988;532.77
2026-07-02;ENG-025;23;2026-01-01 23:00:00;642.1600;1589.5800;1402.2500;554.4000;2388.0500;9052.7900;47.2400;521.8900;2388.0300;8130.8000;8.4244;391.0000;0.008578;-0.779511;0.001505;Healthy;WO987948;2,229.97
2026/07/02;ENG-082;70;2026-01-03 22:00:00;642.3100;1582.1000;1406.6200;553.5400;2388.0500;9062.5800;47.2800;522.2900;2388.0800;8142.7000;8.4431;392.0000;0.041466;-0.682058;0.001867;healthy;WO798671;1127.21
2026-07-02;ENG-090;73;2026-01-04 01:00:00;642.6300;1584.3100;1406.4700;553.5700;2388.0900;9052.9800;47.4100;521.5200;2388.1200;8139.2400;8.4275;394.0000;0.041138;-0.233252;0.000613;Healthy;WO651573;993.50
02-Jul-2026;  ENG-081 ;112;2026-01-05 16:00:00;642.3900;1591.8700;1405.4200;553.4700;2388.0100;9070.5900;47.3200;521.4900;2388.0500;8149.9200;8.4075;392.0000;0.060805;-0.500905;0.001525;Healthy;WO367013;
2026/07/02;ENG-017;76;2026-01-04 04:00:00;642.3700;1585.2400;1400.0000;553.4300;2388.0100;9065.6400;47.5800;522.5500;2388.0400;8150.8700;8.4390;393.0000;0.078013;-0.627538;0.005647;Healthy;WO190752;973.17
2026-07-02;ENG-078;44;2026-01-02 20:00:00;642.4100;1577.7900;1391.3600;554.0500;2388.0000;9058.4200;47.0800;522.3500;2388.0000;8145.6900;8.4244;394.0000;0.041093;-1.098020;0.002238;Healthy;WO486448;1342.07
02-Jul-2026;eng-053;102;2026-01-05 06:00:00;642.6400;1576.9300;1403.6300;553.9700;2388.0200;9062.1400;47.4600;521.8600;2388.1100;8148.9100;8.4178;394.0000;0.049534;-0.419342;0.001918;Healthy;WO320316;783.21
2026/07/02;eng-062;113;2026-01-05 17:00:00;641.8100;1588.9100;1401.1500;553.3600;2388.0600;9057.6200;47.3400;522.4700;2387.9800;8141.1700;8.4098;393.0000;0.047956;-0.995885;0.002086;Healthy;WO819246;
2026-07-02;eng-020;122;2026-01-06 02:00:00;642.5300;1584.3400;1401.8100;553.8000;2388.1400;9064.9200;47.2800;521.5900;2388.0300;8150.8900;8.4481;392.0000;0.057343;-0.360612;0.000345;Healthy;WO697682;1021.88
02-Jul-2026;  ENG-035 ;77;2026-01-04 05:00:00;642.6300;1590.5800;1412.4700;553.3700;2388.1100;9053.1200;47.4000;521.5000;2388.1000;8133.8700;8.4117;391.0000;0.053623;-0.087342;0.001118;Healthy;WO184531;2,052.30
02-Jul-2026;  ENG-083 ;34;2026-01-02 10:00:00;642.4200;1589.0900;1407.1300;554.1600;2388.0300;9060.2900;47.2400;522.3500;2388.0100;8137.4300;8.4097;393.0000;0.034556;-0.714766;0.000423;Healthy;WO572735;2374.56
02-Jul-2026;ENG-045;75;2026-01-04 03:00:00;642.5600;1589.3900;1409.8900;553.6300;2388.0500;9057.6700;47.6100;521.6000;2388.1100;8135.4200;8.4535;393.0000;0.069961;-0.087440;0.000441;Healthy;WO517917;2,383.22
2026-07-02;ENG-074;83;2026-01-04 11:00:00;642.6800;1591.0600;1405.9700;553.8300;2388.0800;9057.0300;47.3700;521.9300;2388.0600;8138.6200;8.4484;394.0000;0.059028;-0.175348;0.001117;Warning;WO943694;
2026/07/02;  ENG-100 ;82;2026-01-04 10:00:00;642.7100;1586.7300;1397.5800;554.4600;2387.9800;9059.9500;47.0900;522.5200;2388.0800;8142.8000;8.3945;391.0000;0.025106;-1.085797;0.002156;Healthy;WO813964;505.06
02-Jul-2026;ENG-012;115;2026-01-05 19:00:00;642.5500;1591.3800;1398.8400;553.8700;2388.0500;9061.7800;47.4700;522.1900;2387.9600;8141.1600;8.4287;393.0000;0.059568;-0.649015;0.002612;healthy;WO607018;1750.98
2026/07/02;ENG-040;60;2026-01-03 12:00:00;642.8900;1596.0800;1405.9800;553.1500;2388.1100;9062.9300;47.5300;521.4100;2388.0700;8137.8000;8.4429;391.0000;0.076325;0.048687;0.001752;Healthy;WO191865;879.38
2026-07-02;ENG-037;42;2026-01-02 18:00:00;642.2900;1586.9400;1395.2800;554.3400;2388.0600;9055.6700;47.2100;522.5400;2388.0200;8141.4000;8.3961;391.0000;0.047438;-1.079878;0.003435;HEALTHY;WO604976;2,097.96
2026/07/02;ENG-058;90;2026-01-04 18:00:00;642.1000;1586.4400;1403.3500;554.0000;2388.0700;9050.7800;47.3500;522.1100;2388.0900;8130.2000;8.4374;392.0000;0.020705;-0.509612;0.000622;Healthy;WO558934;1550.88
02-Jul-2026;ENG-028;57;2026-01-03 09:00:00;642.3500;1590.1200;1404.7600;553.4300;2388.1100;9047.0700;47.4900;521.6500;2388.0800;8129.7600;8.4390;392.0000;0.042707;-0.252675;0.001309;Healthy;WO211812;341.18
02-Jul-2026;ENG-070;91;2026-01-04 19:00:00;643.0700;1590.3600;1406.1900;553.5600;2388.0900;9048.3800;47.5000;521.5400;2388.0900;8132.7600;8.4130;393.0000;0.041455;-0.029562;0.002864;WARNING;WO155239;12,674.75
2026/07/02;ENG-045;56;2026-01-03 08:00:00;642.7700;1590.5400;1394.9200;552.7900;2388.0500;9055.7300;47.6800;522.1000;2388.1300;8141.0100;8.4157;392.0000;0.080994;-0.216446;0.001576;Healthy;WO827826;1,834.90
2026-07-02;eng-048;33;2026-01-02 09:00:00;641.9900;1595.0600;1403.7700;554.0000;2388.0400;9054.7200;47.4700;522.0000;2388.1100;8137.0100;8.4199;391.0000;0.037760;-0.552934;0.000573;Healthy;WO700965;2634.22
2026/07/02;ENG-063;79;2026-01-04 07:00:00;642.9100;1582.5200;1406.2500;553.5900;2388.1400;9049.4300;47.6200;521.8700;2388.1100;8129.3900;8.5078;392.0000;0.027019;0.038980;0.001664;Healthy;WO282906;1038.70
2026/07/02;ENG-100;125;2026-01-06 05:00:00;642.0700;1593.4600;1407.6400;554.0000;2388.0200;9070.1300;47.3700;521.9800;2388.0100;8151.9000;8.4559;395.0000;0.087014;-0.273559;0.005402;Healthy;WO563357;2488.35
2026/07/02;ENG-092;61;2026-01-03 13:00:00;642.6100;1597.2000;1408.5500;552.9100;2388.1700;9038.6600;47.5100;521.1800;2388.1500;8119.6400;8.4584;394.0000;-0.053328;0.379490;0.003904;healthy;WO503441;2931.41
02-Jul-2026;ENG-005;59;2026-01-03 11:00:00;642.6400;1594.9300;1401.5400;554.2200;2388.1600;9055.1500;47.5700;520.9100;2388.0800;8132.7200;8.4174;394.0000;0.034142;-0.080252;0.002963;Healthy;WO704161;1192.26
2026-07-02;ENG-011;52;2026-01-03 04:00:00;642.9100;1596.8900;1406.2000;552.9400;2388.1600;9038.4100;47.6000;521.1200;2388.1700;8114.4000;8.4250;392.0000;-0.032724;0.202883;0.004929;Healthy;WO655378;236.18
2026-07-02;  ENG-054 ;68;2026-01-03 20:00:00;642.4600;1583.8800;1393.6000;554.4300;2388.0200;9050.3600;47.0900;522.7100;2387.9600;8138.6500;8.4036;391.0000;0.074614;-1.231710;0.001983;HEALTHY;WO850046;73.22
2026/07/02;ENG-081;114;2026-01-05 18:00:00;643.0200;1582.5900;1401.2300;553.6300;2388.0500;9068.9500;47.5000;522.0300;2388.0700;8147.7500;8.4404;392.0000;0.067968;-0.445419;0.001660;Healthy;WO705148;279.84
02-Jul-2026;eng-042;69;2026-01-03 21:00:00;641.9600;1591.3700;1403.5900;554.8200;2388.0200;9048.2100;47.1400;522.1000;2388.0300;8134.1300;8.4205;392.0000;0.000073;-0.872003;0.003303;Healthy;WO690827;2,702.41
02-Jul-2026;  ENG-007 ;58;2026-01-03 10:00:00;642.7800;1582.3300;1403.4000;554.2000;2387.9600;9058.8300;47.0700;522.0100;2388.0200;8135.0200;8.4204;391.0000;0.017736;-0.983741;0.003959;Healthy;WO552492;782.37
2026-07-02;ENG-021;63;2026-01-03 15:00:00;642.2700;1592.3100;1393.4300;554.1700;2388.0500;9055.8000;47.3000;522.2800;2388.0400;8137.5000;8.3747;389.0000;0.046954;-1.110069;0.000345;Healthy;WO678192;
02-Jul-2026;ENG-034;125;2026-01-06 05:00:00;641.8500;1589.7900;1403.2200;553.6500;2388.0800;9067.9200;47.3300;521.8600;2388.0800;8144.4700;8.3875;392.0000;0.032960;-0.778607;0.002013;Healthy;WO516536;2,217.13
02-Jul-2026;ENG-036;49;2026-01-03 01:00:00;642.7600;1593.8200;1411.6700;552.1200;2388.1100;9057.4400;47.5200;521.7900;2388.1000;8140.9500;8.4681;395.0000;0.054123;0.317962;0.002555;Warning;WO700733;24518.50
2026/07/02;ENG-036;61;2026-01-03 13:00:00;642.9300;1591.5300;1413.8700;552.7100;2388.1300;9059.7600;47.6900;521.7100;2388.1500;8138.0700;8.4647;395.0000;-0.000872;0.567324;0.002490;Healthy;WO986756;2,795.03
2026-07-02;ENG-043;84;2026-01-04 12:00:00;642.3800;1589.8000;1409.6800;554.2600;2388.1000;9051.5000;47.2000;521.8700;2388.0300;8124.9600;8.4365;391.0000;0.016870;-0.500169;0.002505;Healthy;WO885802;1,263.92
2026/07/02;ENG-047;48;2026-01-03 00:00:00;642.8400;1592.2400;1409.4600;552.7700;2388.1400;9044.5200;47.5400;521.6600;2388.1500;8121.4600;8.4487;393.0000;-0.002248;0.164125;0.002165;Healthy;WO372814;204.64
02-Jul-2026;eng-084;103;2026-01-05 07:00:00;642.4200;1593.4900;1408.0300;553.2600;2388.0800;9053.6300;47.5300;521.8000;2388.0900;8136.1200;8.4336;392.0000;0.065862;-0.014145;0.000903;Healthy;WO923838;496.56
2026-07-02;  ENG-005 ;47;2026-01-02 23:00:00;642.7400;1589.1600;1411.9500;553.5900;2388.1100;9054.3100;47.6700;521.3400;2388.0500;8131.3400;8.4344;393.0000;0.028584;0.068529;0.001696;Warning;WO778979;6,813.54
2026/07/02;ENG-024;117;2026-01-05 21:00:00;642.1300;1590.4800;1397.0800;554.0300;2388.0600;9068.8800;47.2500;522.1600;2388.0700;8160.5800;8.4092;393.0000;0.043466;-0.904918;0.002930;Healthy;WO923797;442.45
2026-07-02;ENG-077;61;2026-01-03 13:00:00;642.5700;1588.3100;1396.9300;554.2900;2388.0600;9050.0100;47.4100;521.7400;2388.0800;8131.6200;8.4376;392.0000;0.015346;-0.678600;0.002257;Healthy;WO269009;2490.01
2026-07-02;ENG-052;90;2026-01-04 18:00:00;642.4400;1587.4600;1399.4400;554.2500;2388.0500;9048.8600;47.3800;522.1500;2388.0100;8135.4700;8.3738;390.0000;0.031073;-1.009967;0.001092;HEALTHY;WO384620;2739.02
02-Jul-2026;  ENG-049 ;157;2026-01-07 13:00:00;642.3700;1587.6000;1396.2600;554.3700;2388.0600;9057.6400;47.3100;522.5300;2388.0400;8138.7800;8.4138;393.0000;0.037362;-0.875653;0.002663;Healthy;WO198589;1,087.91
02-Jul-2026;eng-089;79;2026-01-04 07:00:00;642.4100;1584.7700;1407.4100;553.8500;2388.1100;9045.7500;47.4600;521.5700;2388.0700;8131.4000;8.4349;393.0000;0.024492;-0.341128;;HEALTHY;WO512774;1776.08
2026-07-02;  ENG-053 ;68;2026-01-03 20:00:00;641.8300;1588.4200;1414.2200;553.7100;2388.0700;9051.6400;47.4100;521.6200;2388.1200;8143.0700;8.3770;393.0000;0.028190;-0.582306;0.001021;Healthy;WO960624;1,851.64
2026/07/02;ENG-040;55;2026-01-03 07:00:00;642.9000;1584.5500;1413.6400;553.3000;2388.1100;9049.0900;47.6600;521.3700;2388.1400;8139.5100;8.4804;392.0000;0.006738;0.279778;0.001274;Warning;WO202698;12,290.32
02-Jul-2026;ENG-097;51;2026-01-03 03:00:00;642.2600;1593.8100;1409.1100;553.6200;2387.9900;9061.4700;47.3800;522.6000;2388.0600;8150.1700;8.4037;393.0000;0.071055;-0.636423;0.000488;Healthy;WO592464;124.45
02-Jul-2026;  ENG-075 ;39;2026-01-02 15:00:00;642.4100;1590.1700;1395.7200;554.7500;2387.9900;9058.6500;47.2700;522.1400;2388.0900;8140.4700;8.3995;392.0000;0.008513;-0.925937;0.002919;Healthy;WO292906;1296.36
02-Jul-2026;ENG-051;70;2026-01-03 22:00:00;642.4200;1584.2000;1406.0300;553.6600;2388.1100;9042.2100;47.3300;521.7400;2388.0900;8131.8400;8.4165;393.0000;0.011990;-0.399039;0.007091;Healthy;WO725678;398.40
2026/07/02;ENG-092;100;2026-01-05 04:00:00;643.2200;1589.0800;1416.9300;553.3900;2388.2100;9044.0100;47.6700;521.0100;2388.1500;8126.3400;8.4757;391.0000;-0.063799;0.465976;0.002364;Warning;WO123243;6,948.53
2026-07-02;ENG-082;58;2026-01-03 10:00:00;642.5400;1585.6300;1399.5800;553.5600;2388.0400;9053.9600;47.4600;522.0100;2388.0300;8146.9500;8.4209;391.0000;0.049432;-0.610537;0.001573;Healthy;WO833739;2,668.94
02-Jul-2026;ENG-047;47;2026-01-02 23:00:00;642.0000;1589.6700;1407.3700;552.8200;2388.1100;9041.7100;47.4900;521.6300;2388.1100;8125.5900;8.4380;393.0000;0.018504;-0.026439;0.000442;healthy;WO586882;671.99
02-Jul-2026;ENG-029;58;2026-01-03 10:00:00;642.4300;1585.6100;1401.7900;553.8600;2388.0800;9059.7900;47.2000;521.7600;2388.0700;8139.5500;8.4215;391.0000;0.017844;-0.742989;;Healthy;WO822923;1,147.04
2026/07/02;ENG-046;83;2026-01-04 11:00:00;642.5400;1583.6200;1403.8000;553.1100;2388.0400;9069.3700;47.4000;521.6900;2388.0800;8147.0200;8.4146;393.0000;0.068619;-0.338912;0.002100;Healthy;WO817852;2080.42
2026-07-02;ENG-099;64;2026-01-03 16:00:00;642.2700;1588.1400;1396.1500;554.4400;2388.0000;9062.4300;47.1000;522.2200;2387.9300;8149.0200;8.3726;392.0000;0.051342;-1.183458;;Healthy;WO846510;272.38
2026/07/02;  ENG-098 ;60;2026-01-03 12:00:00;642.2400;1588.0300;1407.7600;553.1400;2388.0700;9055.7900;47.3900;521.3500;2388.1000;8142.6300;8.4126;393.0000;0.058108;-0.266993;0.000273;Healthy;WO594002;1770.08
02-Jul-2026;ENG-070;96;2026-01-05 00:00:00;642.4300;1589.3700;1407.4400;553.8000;2388.1100;9052.7500;47.3500;521.2400;2388.0700;8130.0000;8.4262;393.0000;0.032065;-0.191583;0.001815;Healthy;WO643444;1,354.90
02-Jul-2026;ENG-058;116;2026-01-05 20:00:00;642.8600;1589.3700;1404.6000;553.1800;2388.1500;9049.9600;47.4400;521.4400;2388.0800;8133.3900;8.4233;392.0000;0.045174;-0.165880;0.003078;Healthy;WO718475;593.82
2026-07-02;eng-080;60;2026-01-03 12:00:00;642.5600;1592.1400;1404.0300;554.5000;2388.0600;9062.5700;47.4400;521.3200;2388.0800;8143.3200;8.3797;392.0000;0.032389;-0.565388;0.000457;Healthy;WO796139;1925.71
2026/07/02;ENG-059;41;2026-01-02 17:00:00;641.9400;1580.4000;1401.8100;554.0900;2388.0100;9063.7100;47.1300;522.3700;2388.0500;8136.0800;8.3845;392.0000;0.020131;-2.653657;0.003164;HEALTHY;WO659353;2922.12
2026-07-02;ENG-056;75;2026-01-04 03:00:00;642.9800;1585.8500;1416.2100;552.4800;2388.2000;9042.0000;47.5900;521.1700;2388.1800;8117.3400;8.4523;393.0000;-0.069488;0.374816;0.005925;Healthy;WO696451;481.49
2026-07-02;eng-023;47;2026-01-02 23:00:00;641.8700;1588.7900;1394.3700;554.1100;2388.0400;9046.7000;47.1300;523.0100;2388.0200;8133.4000;8.4504;391.0000;0.064155;-1.179463;0.002417;Healthy;WO516468;2,574.98
02-Jul-2026;eng-030;61;2026-01-03 13:00:00;642.7500;1594.0600;1412.8700;552.4800;2388.1400;9047.7200;47.5700;521.4600;2388.1600;8125.8300;8.4550;394.0000;-0.020057;0.432927;0.002980;Warning;WO361737;23,890.18
02-Jul-2026;ENG-098;67;2026-01-03 19:00:00;642.9600;1585.9900;1408.4500;553.5200;2388.0600;9068.8300;47.4900;521.2200;2388.0400;8143.9800;8.4287;392.0000;0.076825;-0.160060;;Healthy;WO412566;996.01
2026/07/02;  ENG-049 ;165;2026-01-07 21:00:00;642.4200;1581.0100;1402.9500;554.2300;2388.0900;9068.4000;47.4000;522.0100;2388.0400;8142.7500;8.4211;392.0000;0.031842;-0.810211;0.000732;HEALTHY;WO345740;1894.71
2026-07-02;eng-099;57;2026-01-03 09:00:00;641.9400;1587.1600;1397.9700;554.9300;2388.0000;9055.8500;47.0900;522.5200;2388.0600;8148.1700;8.4244;394.0000;0.014793;-1.041948;0.003220;Healthy;WO877382;2506.98
02-Jul-2026;ENG-060;81;2026-01-04 09:00:00;642.4600;1583.7300;1406.3600;553.9800;2388.0500;9061.0700;47.4000;521.7300;2388.1100;8137.5400;8.4316;392.0000;0.036574;-0.420850;0.000573;Warning;WO706441;24016.28
2026-07-02;ENG-073;69;2026-01-03 21:00:00;642.1700;1585.5200;1405.5500;554.4000;2388.0700;9051.6300;47.1300;521.9400;2388.1000;8138.6600;8.3790;391.0000;-0.008784;-0.990979;0.006315;Healthy;WO796079;463.79
2026/07/02;  ENG-036 ;78;2026-01-04 06:00:00;643.3800;1589.0400;1411.3600;552.5700;2388.1600;9062.8000;47.8100;521.3000;2388.1800;8137.4100;8.4675;392.0000;-0.005289;0.614152;0.002768;Warning;WO563011;15,505.38
02-Jul-2026;  ENG-091 ;104;2026-01-05 08:00:00;643.2600;1588.8500;1414.5700;553.0600;2388.1100;9051.8100;47.5400;520.6800;2388.1500;8125.7600;8.4436;393.0000;-0.026842;0.335554;0.002936;Healthy;WO134553;2929.75
02-Jul-2026;ENG-081;99;2026-01-05 03:00:00;642.5900;1587.8300;1400.8400;553.7300;2388.0300;9065.1300;47.2600;522.0700;2388.0300;8153.3100;8.3873;393.0000;0.054796;-0.598709;0.002284;healthy;WO659076;2,220.10
2026/07/02;  ENG-002 ;24;2026-01-02 00:00:00;643.1700;1590.8300;1408.8400;553.4300;2388.1000;9054.4800;47.4500;521.6600;2388.1100;8137.0700;8.4307;392.0000;0.065571;-0.084033;0.000320;Warning;WO764678;14124.05
2026/07/02;ENG-062;121;2026-01-06 01:00:00;642.6800;1585.5800;1391.4700;554.5900;2387.9800;9054.6500;47.0100;522.6800;2387.9900;8140.2600;8.4223;393.0000;0.044465;-1.121841;0.001544;Healthy;WO331890;593.52
02-Jul-2026;ENG-013;90;2026-01-04 18:00:00;642.6000;1594.8000;1393.8600;554.2500;2388.0600;9061.3300;47.2300;522.3100;2388.0600;8142.5100;8.3992;392.0000;0.027837;-0.898210;0.000345;Healthy;WO568397;2245.15
02-Jul-2026;ENG-035;73;2026-01-04 01:00:00;641.7800;1588.7200;1405.7900;553.1500;2388.1700;9046.0300;47.4300;520.8700;2388.1200;8137.5500;8.4496;393.0000;0.003506;0.001883;0.001069;Healthy;WO708565;262.96
2026-07-02;ENG-055;52;2026-01-03 04:00:00;642.5100;1585.4400;1401.3400;554.1600;2388.1200;9059.3500;47.3700;522.1100;2388.0200;8137.3300;8.4379;392.0000;0.032061;-0.559427;0.001007;Healthy;WO927142;2437.49
2026/07/02;ENG-053;81;2026-01-04 09:00:00;643.0100;1582.7400;1400.7800;554.7500;2388.0200;9061.4100;47.2500;522.4900;2388.0500;8136.9400;8.4224;391.0000;0.024806;-0.800465;0.003098;Healthy;WO190205;1498.68
2026/07/02;ENG-015;29;2026-01-02 05:00:00;641.8900;1581.3600;1400.3600;554.7800;2388.0300;9053.1800;47.2300;522.0600;2388.0400;8137.8600;8.4206;392.0000;0.020512;-1.069732;0.002490;Healthy;WO684711;2,176.98
2026/07/02;ENG-088;31;2026-01-02 07:00:00;642.7900;1595.6100;1406.3600;552.8700;2388.1100;9037.4100;47.2800;521.2700;2388.1600;8122.3200;8.4552;394.0000;-0.025313;0.229778;0.003375;WARNING;WO964511;22,100.29
2026-07-02;ENG-094;46;2026-01-02 22:00:00;642.6400;1586.8700;1412.7800;554.0500;2388.0500;9057.4700;47.3700;521.4000;2388.0400;8138.1200;8.4500;393.0000;0.051770;-0.222852;0.001668;Warning;WO397560;13,557.91
2026-07-02;ENG-037;50;2026-01-03 02:00:00;642.0900;1591.0700;1407.5600;553.9500;2388.0500;9052.2000;47.2500;521.8800;2387.9800;8136.8600;8.3985;392.0000;0.021605;-0.798609;0.001221;Healthy;WO575932;2,173.15
02-Jul-2026;eng-036;66;2026-01-03 18:00:00;642.1000;1592.0900;1413.7200;552.9400;2388.1100;9057.8400;47.6500;520.7900;2388.0900;8139.8200;8.4575;393.0000;0.016250;0.327198;0.003329;Healthy;WO803745;1757.90
2026-07-02;ENG-093;107;2026-01-05 11:00:00;642.7400;1589.1300;1409.9000;553.6600;2388.1100;9060.2700;47.3500;521.6300;2388.1200;8141.7400;8.4529;394.0000;0.059053;-0.070882;0.003738;HEALTHY;WO861132;1336.18
2026-07-02;  ENG-010 ;79;2026-01-04 07:00:00;642.5700;1582.0600;1396.4800;553.8500;2387.9800;9056.0600;47.2200;522.6500;2388.0000;8143.8200;8.4104;393.0000;0.060746;-0.908801;0.002572;Healthy;WO571756;2,492.43
02-Jul-2026;  ENG-021 ;78;2026-01-04 06:00:00;642.3100;1583.1300;1391.9300;554.3000;2388.0200;9056.1300;47.2300;521.9500;2388.0300;8140.9100;8.3984;391.0000;0.029043;-1.092053;0.001465;Healthy;WO269362;2715.64
2026/07/02;ENG-007;64;2026-01-03 16:00:00;641.7000;1585.7000;1393.5400;554.3200;2387.9700;9064.6900;47.2600;522.1300;2388.0300;8140.8200;8.4196;391.0000;0.040217;-1.110218;;Healthy;WO945601;2,624.24
02-Jul-2026;ENG-058;64;2026-01-03 16:00:00;642.5800;1585.8400;1396.4100;554.3500;2388.0600;9052.9500;47.2600;522.1000;2388.0600;8131.4000;8.3753;391.0000;0.009478;-1.046982;0.003921;healthy;WO790792;1,929.99
2026-07-02;ENG-027;94;2026-01-04 22:00:00;642.2600;1590.3800;1407.5700;553.7500;2388.0400;9056.2600;47.3000;521.6000;2388.0800;8131.0700;8.3978;391.0000;-0.056384;-2.602384;0.005074;Healthy;WO660654;929.45
2026/07/02;  ENG-019 ;58;2026-01-03 10:00:00;642.7300;1585.8700;1394.4600;554.2500;2388.0000;9050.1000;47.3300;522.5500;2388.0800;8136.8500;8.4031;392.0000;0.023214;-0.927609;;healthy;WO145441;1,608.61
02-Jul-2026;ENG-096;62;2026-01-03 14:00:00;642.3100;1588.2200;1396.6000;554.6000;2388.0500;9066.2800;47.2100;522.6400;2388.0100;8145.1700;8.4082;392.0000;0.056528;-1.085241;0.000000;healthy;WO259593;1559.18
02-Jul-2026;ENG-035;106;2026-01-05 10:00:00;641.9600;1585.5200;1410.3300;553.8700;2388.1400;9059.3000;47.5200;521.6900;2388.1100;8138.2700;8.4349;394.0000;0.049423;-0.145816;0.002152;Healthy;WO706899;474.45
02-Jul-2026;ENG-016;40;2026-01-02 16:00:00;642.3000;1586.3300;1397.9700;554.8700;2388.0700;9050.9800;47.2800;522.1700;2388.0000;8133.9000;8.3905;391.0000;0.012707;-1.004592;0.001922;Healthy;WO845768;2,982.01
02-Jul-2026;ENG-077;86;2026-01-04 14:00:00;642.2000;1591.9100;1403.5500;553.9300;2388.0700;9048.1100;47.4800;521.6100;2388.1100;8130.7800;8.4297;392.0000;0.030970;-0.412840;0.002805;Healthy;WO435913;899.26
2026/07/02;ENG-074;51;2026-01-03 03:00:00;642.4900;1588.1300;1401.7900;553.6700;2388.0200;9059.2500;47.3800;521.7100;2388.0300;8141.7100;8.4869;392.0000;0.053627;-0.518285;0.002990;Healthy;WO985816;1,601.92
02-Jul-2026;eng-100;72;2026-01-04 00:00:00;642.3100;1591.8400;1399.9100;553.1700;2388.0400;9053.9900;47.3300;522.5200;2388.0300;8139.3200;8.3930;392.0000;0.032771;-0.876616;0.001292;Healthy;WO732660;2647.49
02-Jul-2026;ENG-013;121;2026-01-06 01:00:00;642.0000;1585.6200;1402.2700;553.6100;2388.0100;9058.4500;47.3000;521.9200;2388.0400;8141.0900;8.4221;393.0000;0.029890;-0.805827;0.000772;Healthy;WO222448;
2026/07/02;ENG-011;53;2026-01-03 05:00:00;643.1400;1594.0800;1420.9900;554.0400;2388.1200;9042.6000;47.5800;521.1000;2388.1300;8119.3700;8.4511;392.0000;-0.041728;0.296500;0.000652;Warning;WO260092;20,793.54
2026-07-02;ENG-018;55;2026-01-03 07:00:00;642.0700;1591.8900;1401.1000;555.0500;2388.0000;9059.2500;47.2500;522.2000;2388.0100;8149.8400;8.3735;391.0000;0.030954;-1.083818;0.000913;healthy;WO961848;2592.23
2026/07/02;  ENG-031 ;82;2026-01-04 10:00:00;641.9000;1589.7900;1404.2300;554.2600;2388.0200;9068.3100;47.2600;521.9800;2387.9800;8147.2800;8.3829;391.0000;0.034911;-0.944463;0.003127;Healthy;WO150285;1792.09
02-Jul-2026;ENG-009;36;2026-01-02 12:00:00;642.5700;1592.4700;1405.1300;552.2600;2388.0800;9046.4200;47.4800;521.3100;2388.1000;8135.2100;8.4138;393.0000;0.053170;-0.151396;0.001458;Healthy;WO961047;1648.02
2026/07/02;ENG-001;13;2026-01-01 13:00:00;641.9400;1589.0900;1403.9400;554.0400;2388.0200;9045.6700;47.3500;522.3700;2388.0300;8131.1200;8.4166;392.0000;0.022338;-0.902943;0.001036;Healthy;WO578235;421.11
2026/07/02;eng-081;106;2026-01-05 10:00:00;642.2800;1588.8200;1400.2200;553.6800;2388.0200;9071.8700;47.4000;522.1000;2388.0100;8147.1000;8.4637;393.0000;0.078395;-0.538138;0.004316;healthy;WO276954;2,990.71
2026-07-02;ENG-037;60;2026-01-03 12:00:00;642.4800;1583.6200;1397.6900;554.3400;2388.0800;9057.4200;47.4100;521.6900;2388.0900;8135.2100;8.3920;392.0000;0.001916;-0.753482;0.002909;Healthy;WO494587;1,863.86
2026-07-02;ENG-024;89;2026-01-04 17:00:00;642.4400;1589.8100;1404.9200;553.4100;2388.0100;9066.0500;47.3500;522.6700;2388.0300;8152.3200;8.3906;392.0000;0.056465;-0.812375;0.002429;healthy;WO771754;1286.34
2026-07-02;eng-045;74;2026-01-04 02:00:00;642.8300;1593.4800;1395.3800;553.9000;2388.0400;9063.3600;47.6800;521.9100;2388.1200;8140.7600;8.3909;393.0000;0.066765;-0.273153;0.002644;Healthy;WO357709;2187.12
2026/07/02;  ENG-052 ;108;2026-01-05 12:00:00;641.8400;1586.6100;1400.7800;553.7800;2388.0200;9059.4600;47.3100;522.4100;2388.0100;8146.7600;8.3836;392.0000;0.045754;-1.017153;0.001424;Healthy;WO157733;437.21
02-Jul-2026;  ENG-041 ;46;2026-01-02 22:00:00;641.7000;1582.1100;1398.0700;554.5400;2388.0200;9047.8600;47.3600;522.4200;2388.0200;8135.1500;8.3852;392.0000;0.026159;-1.109684;0.001196;Healthy;WO345945;1,720.15
2026-07-02;ENG-081;107;2026-01-05 11:00:00;642.3300;1582.0500;1392.4400;554.0800;2388.0700;9071.6500;47.3800;521.4200;2388.0500;8148.5800;8.4314;393.0000;0.041128;-0.595092;0.001735;Healthy;WO117676;
02-Jul-2026;  ENG-089 ;83;2026-01-04 11:00:00;642.4500;1588.3300;1412.8200;554.6500;2388.1400;9043.7300;47.5500;521.2600;2388.1000;8121.3600;8.4505;393.0000;-0.016461;-0.075791;0.005929;Healthy;WO451906;2,605.65
2026/07/02;ENG-043;81;2026-01-04 09:00:00;642.5600;1584.7300;1399.7700;554.4100;2388.0600;9053.0700;47.4200;522.0300;2388.0800;8132.8200;8.4161;394.0000;0.010195;-0.608401;0.003000;Healthy;WO331091;2575.20
2026-07-02;ENG-036;80;2026-01-04 08:00:00;643.3100;1592.8900;1411.9400;553.2200;2388.1400;9058.7500;47.6000;520.8900;2388.1300;8138.3000;8.4738;394.0000;-0.008645;0.526330;;Healthy;WO938859;877.45
02-Jul-2026;ENG-062;145;2026-01-07 01:00:00;642.4800;1586.2800;1399.9700;553.6000;2387.9800;9064.1800;47.2800;521.4200;2388.0400;8141.1900;8.4115;389.0000;0.039465;-0.830125;0.000913;Healthy;WO789788;190.69
02-Jul-2026;ENG-031;129;2026-01-06 09:00:00;642.0800;1585.5800;1410.9300;553.8200;2388.0300;9078.0100;47.5600;521.8700;2388.1000;8146.7700;8.4273;395.0000;0.078451;-0.265260;0.000732;Healthy;WO535938;1941.73
02-Jul-2026;ENG-010;73;2026-01-04 01:00:00;642.0200;1587.8400;1398.6500;553.9600;2388.0300;9055.4900;47.0800;522.6800;2387.9800;8140.1500;8.4288;392.0000;0.057560;-1.015043;0.003010;Healthy;WO435007;1675.88
2026-07-02;eng-007;103;2026-01-05 07:00:00;642.7700;1586.1600;1410.8400;553.9500;2388.0300;9057.6900;47.1800;522.4200;2388.0300;8142.2100;8.3957;392.0000;0.030505;-0.792573;0.001444;Healthy;WO426184;1450.67
2026/07/02;ENG-097;67;2026-01-03 19:00:00;642.0400;1585.9100;1405.1500;554.9000;2387.9700;9068.8000;47.1300;522.0600;2388.0200;8152.1900;8.4352;392.0000;0.032250;-0.967396;0.002238;healthy;WO857353;1154.08
2026-07-02;ENG-052;102;2026-01-05 06:00:00;641.9600;1585.2500;1393.9200;554.6600;2387.9900;9058.4600;47.3200;522.8000;2388.0000;8141.8300;8.3975;393.0000;0.050690;-1.218166;0.001859;Healthy;WO641373;1664.69
02-Jul-2026;eng-084;95;2026-01-04 23:00:00;642.6800;1587.0800;1407.8600;553.3600;2388.0600;9054.6900;47.3700;521.9000;2388.0500;8137.1300;8.4278;394.0000;0.072563;-0.042265;0.001327;Healthy;WO642093;2909.82
2026-07-02;ENG-054;57;2026-01-03 09:00:00;642.0700;1578.2800;1395.9900;554.5400;2387.9800;9059.4700;47.2500;522.5800;2388.0000;8143.3600;8.3818;392.0000;0.043388;-1.222078;0.001859;Healthy;WO818355;687.41
2026-07-02;eng-014;20;2026-01-01 20:00:00;642.8400;1589.0200;1408.1600;552.8600;2388.1100;9041.2000;47.4700;520.9000;2388.1400;8119.2500;8.4431;393.0000;-0.023522;0.135582;0.006424;Healthy;WO421107;558.81
02-Jul-2026;ENG-049;172;2026-01-08 04:00:00;642.2500;1583.5200;1405.8000;554.2000;2387.9800;9068.9400;47.4400;521.9700;2388.0400;8141.8300;8.4258;391.0000;0.042587;-0.662798;0.003325;Healthy;WO934925;1,049.48
2026/07/02;ENG-016;39;2026-01-02 15:00:00;642.5300;1584.4200;1397.7800;554.2300;2387.9800;9053.0600;47.1100;521.9500;2388.0200;8134.7500;8.3777;393.0000;0.011941;-1.029211;0.001145;healthy;WO384002;1,650.33
2026-07-02;  ENG-049 ;177;2026-01-08 09:00:00;642.4900;1583.0200;1402.1500;554.6300;2387.9900;9060.2900;47.3100;521.9800;2388.0800;8141.6600;8.3977;394.0000;0.014547;-0.746061;0.004207;Healthy;WO763721;1260.12
2026/07/02;ENG-034;71;2026-01-03 23:00:00;641.7600;1589.1400;1400.7000;554.1600;2388.0000;9060.4900;47.1800;522.5400;2387.9800;8143.7300;8.4218;393.0000;0.052607;-1.058780;0.001827;Healthy;WO345834;2,339.51
2026/07/02;ENG-077;101;2026-01-05 05:00:00;642.3400;1582.3800;1404.2900;553.4600;2388.0800;9046.3300;47.2700;522.0700;2388.1200;8130.3100;8.4220;394.0000;0.017126;-0.493266;0.004490;Healthy;WO746327;1,526.78
2026-07-02;ENG-081;82;2026-01-04 10:00:00;642.5300;1587.9400;1397.5600;553.6800;2388.0300;9074.5400;47.4700;521.8800;2388.0400;8155.6200;8.4011;394.0000;0.065803;-0.646283;0.001983;Healthy;WO234268;1300.68
2026/07/02;ENG-035;104;2026-01-05 08:00:00;642.5100;1587.6800;1414.9700;553.3400;2388.0900;9055.0700;47.7200;521.3800;2388.0900;8133.3400;8.4487;395.0000;0.011296;0.256165;0.002037;warning;WO593186;15774.76
02-Jul-2026;ENG-057;104;2026-01-05 08:00:00;642.1600;1587.8400;1415.5200;553.4000;2388.1100;9048.7400;47.5100;522.0700;2388.1500;8130.6900;8.4430;394.0000;0.030702;-0.040983;0.002235;Healthy;WO515916;2814.31
02-Jul-2026;ENG-007;70;2026-01-03 22:00:00;641.7400;1583.5500;1390.3200;554.4200;2388.0300;9056.6400;47.1300;522.3900;2387.9800;8138.7100;8.3579;392.0000;0.039892;-1.247389;0.000913;Healthy;WO913463;1,541.87
02-Jul-2026;ENG-063;74;2026-01-04 02:00:00;642.8200;1585.9400;1409.7900;553.0400;2388.0800;9048.5600;47.5100;521.8700;2388.0900;8141.0800;8.4443;393.0000;0.061119;-0.183423;0.002387;Healthy;WO141219;1,270.66
02-Jul-2026;ENG-072;75;2026-01-04 03:00:00;642.2400;1595.7600;1406.6600;554.2900;2388.0300;9061.4000;47.4300;521.7000;2388.0300;8145.2100;8.4292;392.0000;0.053245;-0.634480;0.000880;Healthy;WO600012;697.86
2026-07-02;ENG-069;35;2026-01-02 11:00:00;642.8700;1589.8000;1403.7400;553.6200;2388.0900;9048.2900;47.5500;521.4600;2388.1400;8126.4600;8.4359;392.0000;0.033695;-0.061203;0.001507;Healthy;WO316156;2475.42
2026/07/02;ENG-021;91;2026-01-04 19:00:00;642.0700;1589.6700;1398.9700;554.1200;2388.0300;9056.5400;47.3100;522.6300;2388.0200;8138.6900;8.4085;392.0000;0.047804;-1.051972;0.001761;Healthy;WO790402;801.09
02-Jul-2026;eng-053;64;2026-01-03 16:00:00;642.5200;1586.1500;1394.4100;554.4100;2387.9800;9055.3000;47.2200;521.8700;2388.1100;8134.5400;8.4030;393.0000;-0.009527;-0.895583;0.010833;Healthy;WO139861;
2026-07-02;ENG-093;108;2026-01-05 12:00:00;642.7500;1589.3900;1414.2800;552.4300;2388.1100;9066.7800;47.4300;520.7100;2388.0600;8139.6700;8.4506;394.0000;0.021716;0.446787;0.002919;Warning;WO771959;6872.74
02-Jul-2026;ENG-058;96;2026-01-05 00:00:00;642.5800;1584.1000;1399.2200;554.1200;2388.0300;9050.5100;47.4100;521.8900;2388.0900;8135.9100;8.4073;393.0000;0.022348;-0.579343;0.002561;healthy;WO400255;291.74
2026/07/02;ENG-046;72;2026-01-04 00:00:00;642.1900;1594.5000;1403.0600;553.5200;2388.0500;9069.6800;47.5300;521.5600;2388.0100;8148.2200;8.4551;392.0000;0.095422;-0.226366;0.003864;Healthy;WO584095;1722.50
2026/07/02;ENG-077;73;2026-01-04 01:00:00;642.3100;1589.3000;1406.7200;553.7200;2388.0700;9056.0600;47.4200;522.1500;2388.0900;8131.5400;8.3993;393.0000;0.035896;-0.434028;0.001665;Healthy;WO690588;753.03
02-Jul-2026;  ENG-059 ;54;2026-01-03 06:00:00;641.6700;1586.0600;1384.3900;554.1300;2388.0400;9057.6300;47.3700;522.1200;2387.9900;8139.7300;8.4057;390.0000;0.074930;-1.203280;0.004172;Healthy;WO335146;
2026-07-02;ENG-035;111;2026-01-05 15:00:00;642.5200;1592.7600;1412.1200;553.2700;2388.1300;9061.5800;47.4000;520.7200;2388.1700;8136.3800;8.4554;394.0000;-0.004880;0.366578;0.003982;Healthy;WO858991;
2026/07/02;ENG-053;108;2026-01-05 12:00:00;642.3400;1591.6200;1403.9100;553.3000;2388.0600;9066.8300;47.3900;521.9100;2388.0400;8144.2800;8.4477;393.0000;0.068852;-0.410170;0.001544;Healthy;WO576189;
2026-07-02;ENG-081;130;2026-01-06 10:00:00;642.3900;1579.0400;1408.9200;553.5900;2388.0100;9069.3000;47.4700;521.9500;2388.1000;8152.1900;8.4182;394.0000;0.070113;-0.358797;0.003300;healthy;WO339369;
02-Jul-2026;  ENG-005 ;42;2026-01-02 18:00:00;643.0600;1586.0000;1406.5200;553.8300;2388.1100;9053.5000;47.7000;521.5800;2388.1700;8133.4900;8.4256;394.0000;0.007055;0.210906;;HEALTHY;WO101648;1,574.44
2026-07-02;ENG-095;43;2026-01-02 19:00:00;642.1400;1586.3700;1405.3300;553.8100;2388.0500;9047.1000;47.3800;522.0200;2388.0700;8129.7700;8.4218;392.0000;0.016794;-0.604122;0.001245;healthy;WO468301;1218.01
2026/07/02;eng-072;52;2026-01-03 04:00:00;642.1700;1592.1500;1404.9700;553.8700;2388.0000;9064.8200;47.4500;521.8600;2388.0300;8144.2400;8.4206;391.0000;0.065029;-0.484674;0.001014;Healthy;WO467781;1284.38
02-Jul-2026;eng-024;112;2026-01-05 16:00:00;642.4300;1585.1000;1402.5600;553.9400;2388.0200;9080.3700;47.1800;522.3000;2388.0200;8155.7300;8.4401;391.0000;0.067155;-0.851742;0.002773;Healthy;WO941860;807.29
2026-07-02;eng-097;90;2026-01-04 18:00:00;641.9800;1590.8200;1395.1400;554.1700;2388.0200;9070.6900;47.2700;521.8500;2388.0100;8153.1800;8.3650;392.0000;0.046477;-1.047908;0.001337;Healthy;WO670437;2,902.37
2026/07/02;ENG-084;99;2026-01-05 03:00:00;642.5000;1589.4500;1404.1900;553.9400;2388.1200;9050.0000;47.3700;521.9400;2388.1200;8138.6000;8.4367;394.0000;0.043876;-0.256770;0.000657;Healthy;WO473854;371.99
02-Jul-2026;ENG-082;90;2026-01-04 18:00:00;641.9400;1590.0700;1405.5900;553.9100;2388.0200;9066.1800;47.4800;522.0200;2388.0700;8144.3300;8.4295;393.0000;0.064490;-0.495433;0.000273;Healthy;WO759266;802.69
2026/07/02;ENG-057;101;2026-01-05 05:00:00;642.6300;1584.5600;1406.8300;553.3300;2388.1400;9050.4000;47.5100;522.3300;2388.1200;8128.1000;8.4881;395.0000;0.026837;0.007572;0.001494;Healthy;WO333468;1307.26
2026-07-02;ENG-092;85;2026-01-04 13:00:00;643.1500;1594.5800;1412.8900;554.2400;2388.1600;9042.4600;47.7500;520.7400;2388.1800;8125.0500;8.5072;392.0000;-0.051988;0.338329;0.004956;Healthy;WO965814;1890.43
2026-07-02;ENG-023;87;2026-01-04 15:00:00;642.0900;1588.8500;1391.6700;554.3100;2388.0600;9051.3900;47.2900;522.1700;2388.0500;8134.6900;8.3846;393.0000;0.012658;-0.969220;0.004004;Healthy;WO455675;1271.30
2026/07/02;ENG-013;110;2026-01-05 14:00:00;641.9600;1584.8100;1398.1700;553.6900;2388.0100;9068.1100;47.3100;521.5900;2388.0600;8142.3200;8.3966;391.0000;0.021933;-0.963473;0.001601;Healthy;WO904702;2151.52
2026-07-02;ENG-089;110;2026-01-05 14:00:00;643.0400;1593.3200;1407.6000;553.7300;2388.1700;9045.8200;47.3100;521.5200;2388.1300;8128.7300;8.4174;393.0000;0.019839;-0.047552;0.001774;Healthy;WO125770;2,012.45
2026-07-02;ENG-051;82;2026-01-04 10:00:00;642.3300;1584.3800;1403.1900;553.4300;2388.0800;9048.1400;47.4700;522.5100;2388.1500;8130.4600;8.4580;393.0000;0.032894;-0.464281;0.002329;Healthy;WO562744;2611.26
2026-07-02;ENG-061;88;2026-01-04 16:00:00;642.6700;1593.2200;1392.6100;554.6100;2388.0200;9057.4800;47.4700;522.0700;2388.0200;8149.7400;8.4432;392.0000;0.060931;-0.611984;0.002800;Healthy;WO249099;1871.13
2026-07-02;ENG-033;33;2026-01-02 09:00:00;642.7600;1588.6100;1415.8200;552.7700;2388.0800;9059.7400;47.5700;521.4500;2388.1000;8136.7100;8.4417;395.0000;0.030590;0.290760;0.000604;Healthy;WO821876;1641.53
2026/07/02;  ENG-007 ;60;2026-01-03 12:00:00;642.0200;1585.8600;1396.4300;554.6400;2387.9800;9054.8800;47.1600;522.4200;2388.0500;8140.4500;8.3849;393.0000;0.010186;-1.056960;0.004683;HEALTHY;WO711171;263.29
2026-07-02;ENG-005;40;2026-01-02 16:00:00;642.8700;1590.2600;1410.0300;553.1100;2388.1500;9056.6200;47.3500;521.8700;2388.1600;8131.9000;8.4385;394.0000;0.030653;0.120380;0.002284;Healthy;WO918657;1,166.16
2026-07-02;ENG-010;91;2026-01-04 19:00:00;642.4800;1589.5100;1403.3000;553.8700;2388.0300;9050.1300;47.2200;522.7700;2388.0500;8145.4100;8.4090;392.0000;0.041164;-0.911700;0.000244;Healthy;WO222623;90.64
2026/07/02;ENG-073;40;2026-01-02 16:00:00;642.6900;1588.0800;1401.8900;553.7900;2388.0200;9056.7000;47.4000;522.3800;2388.0600;8136.2400;8.4201;392.0000;0.035745;-0.735281;;healthy;WO126870;536.74
2026-07-02;eng-032;56;2026-01-03 08:00:00;641.9200;1580.4500;1408.9600;554.6100;2388.0100;9068.4600;47.3400;522.4200;2387.9700;8154.4400;8.4008;392.0000;0.041634;-1.088040;0.000846;Healthy;WO507364;1,141.01
2026-07-02;ENG-082;77;2026-01-04 05:00:00;642.6800;1582.3000;1399.3400;554.6700;2388.1100;9069.5500;47.4300;521.5000;2388.0800;8147.7100;8.4136;394.0000;0.039622;-0.600008;0.001883;Healthy;WO397148;1,821.78
02-Jul-2026;ENG-093;135;2026-01-06 15:00:00;642.7300;1593.7900;1422.4400;553.3600;2388.1200;9061.5900;47.6200;521.2600;2388.1100;8134.7800;8.4164;392.0000;0.003843;0.415627;0.004919;Healthy;WO451308;447.45
2026/07/02;ENG-030;69;2026-01-03 21:00:00;642.7300;1589.2000;1400.2800;552.9800;2388.1100;9045.0000;47.5400;521.3400;2388.1400;8124.8000;8.4108;393.0000;0.024923;-0.092676;0.001101;Healthy;WO331374;223.04
2026-07-02;ENG-092;54;2026-01-03 06:00:00;642.5000;1587.7800;1409.0100;552.8700;2388.1300;9038.9100;47.5700;521.2900;2388.1200;8119.3500;8.4331;393.0000;0.009459;-0.231992;0.009418;Healthy;WO666099;1575.68
2026/07/02;ENG-034;105;2026-01-05 09:00:00;642.9800;1591.6200;1402.3200;554.2400;2388.0200;9066.7200;47.4600;522.3200;2388.0000;8147.6400;8.4041;392.0000;0.055881;-0.679637;0.001515;healthy;WO221181;244.44
2026/07/02;ENG-023;46;2026-01-02 22:00:00;641.9100;1587.5200;1395.5500;555.0500;2388.0200;9057.1300;47.2200;522.6200;2387.9800;8140.4500;8.3763;392.0000;0.056450;-1.282728;0.001092;Healthy;WO944896;2,775.56
2026/07/02;eng-029;103;2026-01-05 07:00:00;642.0400;1582.7300;1405.0400;553.7000;2388.1000;9057.7000;47.1900;521.9300;2388.0100;8136.4100;8.4096;392.0000;0.009743;-0.788927;0.005003;HEALTHY;WO824929;2,122.25
2026-07-02;ENG-012;98;2026-01-05 02:00:00;642.7200;1588.6400;1397.4500;554.2900;2388.0200;9067.8700;47.3300;522.6100;2388.0400;8142.8900;8.4090;391.0000;0.054035;-1.029144;;Healthy;WO726116;2,718.85
02-Jul-2026;eng-068;79;2026-01-04 07:00:00;642.7400;1582.9900;1404.5800;554.2100;2388.0500;9050.6200;47.3700;522.0700;2388.0700;8144.4700;8.4006;394.0000;0.033581;-0.572488;0.001495;Healthy;WO286667;2,376.58
02-Jul-2026;  ENG-058 ;106;2026-01-05 10:00:00;642.4600;1588.0800;1401.9800;554.1400;2388.0600;9042.3900;47.4400;522.0900;2388.1100;8128.9100;8.4500;392.0000;0.018294;-0.486712;0.000977;Healthy;WO147602;326.72
2026/07/02;eng-070;57;2026-01-03 09:00:00;642.2100;1589.1600;1402.4000;553.0400;2388.0400;9048.5600;47.1600;521.8200;2388.0400;8132.4000;8.4452;392.0000;0.028564;-0.484082;0.002035;Healthy;WO318077;638.38
2026-07-02;ENG-078;31;2026-01-02 07:00:00;642.1200;1576.1700;1395.2400;554.6500;2387.9800;9055.4400;47.1800;522.8100;2387.9800;8141.8100;8.3989;393.0000;0.047232;-1.241892;0.000691;Healthy;WO192807;1329.25
02-Jul-2026;  ENG-098 ;66;2026-01-03 18:00:00;642.8500;1594.9400;1401.1800;553.5800;2388.0700;9057.3600;47.4500;521.1700;2388.0600;8148.8300;8.4059;393.0000;0.065751;-0.280116;0.002116;Healthy;WO675106;1,050.69
02-Jul-2026;ENG-031;67;2026-01-03 19:00:00;642.6200;1592.7600;1405.9600;554.4200;2388.0400;9073.0000;47.3300;522.0500;2388.0300;8148.7400;8.3459;392.0000;0.026855;-0.834401;0.001619;Healthy;WO960700;
2026-07-02;ENG-076;128;2026-01-06 08:00:00;642.7500;1590.1300;1406.4400;553.6200;2388.0500;9065.7600;47.5700;522.1000;2388.0400;8149.6200;8.4084;393.0000;0.073805;-0.419732;0.002149;healthy;WO156371;1,990.28
2026-07-02;eng-018;85;2026-01-04 13:00:00;642.1500;1588.4100;1405.1200;553.9100;2388.0200;9058.9700;47.2200;521.4000;2388.0900;8144.4600;8.4261;392.0000;0.031010;-0.648490;0.001534;Healthy;WO350242;1376.91
2026/07/02;ENG-027;61;2026-01-03 13:00:00;642.3700;1581.5000;1400.3700;554.6800;2388.0800;9048.7200;47.2100;522.6000;2388.0700;8128.9600;8.4148;390.0000;0.019066;-1.041915;0.001424;Healthy;WO885049;1682.50
2026-07-02;  ENG-061 ;98;2026-01-05 02:00:00;642.5600;1583.7100;1409.3900;553.9700;2388.0100;9071.1800;47.3400;521.9000;2388.0900;8151.3600;8.4286;392.0000;0.063095;-0.545814;0.001656;Healthy;WO174773;2,849.21
2026-07-02;ENG-018;71;2026-01-03 23:00:00;642.1400;1585.4500;1403.6200;553.0000;2388.0500;9065.3800;47.1700;521.8300;2388.0200;8137.2600;8.4202;392.0000;0.037430;-0.838919;0.001505;Healthy;WO339509;
2026-07-02;  ENG-091 ;136;2026-01-06 16:00:00;643.0100;1592.2400;1414.4800;552.5800;2388.1700;9051.9500;47.7900;521.0700;2388.1800;8132.2500;8.4345;394.0000;-0.021829;0.460226;0.004974;Warning;WO122937;7,251.16
02-Jul-2026;ENG-077;95;2026-01-04 23:00:00;642.8700;1584.6000;1407.4900;553.7500;2388.0900;9054.3900;47.3600;521.6000;2388.0700;8130.2700;8.4264;393.0000;0.029102;-0.310429;0.000366;healthy;WO340241;2,203.58
2026-07-02;eng-018;79;2026-01-04 07:00:00;643.0100;1586.7500;1398.6200;554.4400;2388.0700;9062.4400;47.3300;521.8700;2388.0800;8141.3000;8.4379;393.0000;0.026746;-0.594356;0.002114;healthy;WO766951;407.25
02-Jul-2026;eng-015;31;2026-01-02 07:00:00;642.0900;1591.9900;1408.9900;554.4600;2388.0600;9049.7800;47.3100;522.1400;2388.0900;8133.5700;8.3934;391.0000;-0.000988;-0.797744;0.005270;Healthy;WO440266;
2026/07/02;  ENG-032 ;85;2026-01-04 13:00:00;642.5300;1585.7900;1399.1400;554.6500;2387.9500;9070.4900;47.0800;522.4800;2388.0300;8158.5300;8.4267;391.0000;0.062216;-1.190523;0.000488;Healthy;WO832019;1016.14
02-Jul-2026;ENG-069;21;2026-01-01 21:00:00;642.0600;1590.3800;1406.2900;553.6000;2388.1000;9055.4400;47.3800;522.1700;2388.1200;8128.9400;8.4564;392.0000;0.037353;-0.348708;0.000814;Healthy;WO673833;841.32
02-Jul-2026;ENG-020;102;2026-01-05 06:00:00;642.6500;1588.1900;1410.3000;553.5200;2388.0500;9064.9800;47.3800;521.3800;2388.0600;8146.1400;8.4897;393.0000;0.089303;0.047437;0.000913;Healthy;WO650516;
2026-07-02;ENG-028;89;2026-01-04 17:00:00;642.1800;1585.9900;1403.4800;553.6400;2388.0900;9047.0500;47.4400;521.7100;2388.1000;8132.9200;8.4247;392.0000;0.031944;-0.406242;;Healthy;WO121666;2,715.16
2026-07-02;  ENG-093 ;132;2026-01-06 12:00:00;642.8400;1593.1000;1401.4400;553.4500;2388.1000;9066.9700;47.6100;521.1100;2388.0400;8134.1800;8.4443;392.0000;0.061467;0.089390;0.001558;healthy;WO527636;2209.92
2026/07/02;ENG-036;71;2026-01-03 23:00:00;643.4300;1590.4900;1411.5600;552.0600;2388.1300;9063.2700;47.5200;521.0400;2388.1500;8137.5400;8.5018;394.0000;0.007445;0.602801;0.004482;Warning;WO626964;3,908.89
02-Jul-2026;ENG-049;187;2026-01-08 19:00:00;642.5400;1583.3500;1401.5400;553.8500;2388.0700;9059.4200;47.4300;522.0500;2388.0800;8138.8600;8.4478;395.0000;0.042876;-0.420843;0.002093;Healthy;WO211557;553.29
02-Jul-2026;ENG-035;79;2026-01-04 07:00:00;642.4700;1594.2900;1413.5000;553.8000;2388.1500;9066.7800;47.5900;521.1600;2388.1100;8134.7200;8.4487;393.0000;0.039102;0.074013;0.001073;Healthy;WO366126;2850.48
2026/07/02;ENG-026;50;2026-01-03 02:00:00;641.9900;1589.4600;1410.1600;553.9100;2388.0300;9064.4200;47.4100;521.6000;2388.0100;8145.3500;8.4415;391.0000;0.050630;-0.618829;0.000791;HEALTHY;WO415304;2231.48
02-Jul-2026;ENG-094;62;2026-01-03 14:00:00;642.6100;1591.0900;1409.0800;553.3000;2388.0500;9058.6800;47.4500;521.4400;2388.0500;8136.2900;8.4158;392.0000;0.063639;-0.208176;0.001325;Healthy;WO303939;920.06
2026-07-02;ENG-094;50;2026-01-03 02:00:00;643.0500;1582.9600;1405.3000;553.3300;2388.0800;9057.8700;47.5600;520.9200;2388.1000;8137.7000;8.4498;393.0000;0.039706;0.079447;0.000923;Healthy;WO614518;1317.38
02-Jul-2026;ENG-046;82;2026-01-04 10:00:00;642.4300;1588.7200;1399.3600;554.1600;2388.0100;9063.9700;47.6400;521.8700;2388.0500;8151.3700;8.3939;393.0000;0.058265;-0.555491;0.001092;Healthy;WO221466;2504.91
2026-07-02;ENG-042;94;2026-01-04 22:00:00;642.1700;1581.6200;1401.5900;553.2300;2388.0000;9050.1300;47.4100;521.9300;2388.0500;8131.0600;8.4025;393.0000;0.020916;-0.676760;0.003609;Healthy;WO348422;2413.56
02-Jul-2026;ENG-069;31;2026-01-02 07:00:00;642.1000;1588.7800;1409.3000;553.7800;2388.1000;9046.3400;47.2400;521.7200;2388.0800;8129.1500;8.4250;394.0000;0.020995;-0.396821;0.000712;Healthy;WO872269;2179.08
2026-07-02;eng-005;64;2026-01-03 16:00:00;643.0000;1593.0700;1409.2800;553.4400;2388.1100;9054.4000;47.5700;521.4000;2388.1300;8132.8300;8.4067;392.0000;0.032688;0.102601;0.001701;Healthy;WO167089;1242.79
02-Jul-2026;eng-084;61;2026-01-03 13:00:00;642.9100;1582.4800;1404.1100;553.3300;2388.0600;9055.1100;47.4100;520.5400;2388.0700;8131.1400;8.4496;392.0000;0.034103;-0.033223;0.000953;Healthy;WO395171;1392.97
02-Jul-2026;  ENG-075 ;48;2026-01-03 00:00:00;642.6900;1582.5000;1393.9200;553.6500;2388.0800;9062.5500;47.3300;522.3400;2388.0500;8148.9400;8.4426;390.0000;0.052441;-0.864063;0.000488;Healthy;WO663748;547.82
02-Jul-2026;ENG-022;22;2026-01-01 22:00:00;642.5500;1595.5500;1399.3700;553.8700;2388.0900;9046.6700;47.5500;521.8800;2388.0900;8131.2600;8.4380;392.0000;0.052693;-0.159967;0.002275;healthy;WO471191;915.05
2026/07/02;ENG-008;88;2026-01-04 16:00:00;642.6700;1588.1900;1406.2500;553.9300;2388.0700;9056.4200;47.5100;521.4600;2388.0800;8127.0700;8.4378;394.0000;0.042087;-0.248274;0.001312;Healthy;WO762481;1911.44
2026-07-02;ENG-060;86;2026-01-04 14:00:00;642.7200;1586.5700;1412.9700;553.5400;2388.0800;9063.1300;47.1800;521.5100;2388.0900;8137.1600;8.4494;394.0000;0.050433;-0.072094;0.001352;HEALTHY;WO722194;1,101.71
2026-07-02;ENG-044;27;2026-01-02 03:00:00;642.7800;1586.2000;1404.8000;554.1900;2388.0700;9055.6600;47.2500;521.3300;2388.0500;8131.2900;8.4454;393.0000;0.006250;-0.614315;0.001761;Healthy;WO418945;2513.08
2026/07/02;ENG-053;76;2026-01-04 04:00:00;642.0300;1588.5800;1396.2900;553.8600;2388.0600;9057.3200;47.3800;521.9100;2388.0500;8136.7500;8.4190;393.0000;0.025939;-0.727726;0.001292;healthy;WO836982;2,342.44
2026/07/02;ENG-094;80;2026-01-04 08:00:00;643.4500;1584.5700;1405.8800;553.0900;2388.1200;9062.2700;47.4800;520.8600;2388.1300;8134.1300;8.4422;394.0000;0.006852;0.282598;0.001685;warning;WO401863;6,639.57
02-Jul-2026;eng-046;77;2026-01-04 05:00:00;642.3400;1590.9500;1420.8000;553.8200;2388.0700;9074.2700;47.3600;521.4700;2388.0500;8145.1400;8.4661;391.0000;0.085079;-0.106289;0.000467;Healthy;WO920813;2,575.99
02-Jul-2026;eng-034;106;2026-01-05 10:00:00;642.2400;1588.5200;1396.2300;554.4300;2388.0200;9062.4500;47.3300;522.1600;2388.0400;8144.7400;8.4068;391.0000;0.036219;-0.898993;0.001196;Healthy;WO601354;2,631.03
2026-07-02;ENG-027;54;2026-01-03 06:00:00;642.2000;1580.3100;1394.4400;554.2700;2388.0600;9052.1900;47.0600;522.2600;2388.0600;8140.9400;8.4297;392.0000;-0.020735;-2.635485;0.002584;Healthy;WO964672;1611.30
02-Jul-2026;ENG-007;72;2026-01-04 00:00:00;642.1300;1582.6200;1395.8800;554.9200;2388.0000;9055.1200;47.2900;522.5800;2388.0000;8140.3800;8.3806;391.0000;0.050441;-1.266620;0.004326;Healthy;WO376257;2,086.21
2026/07/02;ENG-096;53;2026-01-03 05:00:00;641.6800;1591.2500;1398.0400;554.1100;2387.9800;9071.9100;47.2400;522.1700;2387.9600;8140.9600;8.3679;390.0000;0.076533;-1.261253;0.001827;Healthy;WO157994;2,537.21
2026-07-02;ENG-067;44;2026-01-02 20:00:00;642.5000;1594.4000;1396.3500;553.8100;2388.0400;9056.6500;47.3300;521.6300;2388.0500;8139.6600;8.4232;392.0000;0.037578;-0.586637;0.002975;Healthy;WO517030;1035.85
02-Jul-2026;ENG-031;114;2026-01-05 18:00:00;642.7900;1584.0000;1407.5000;553.7800;2388.0200;9070.1700;47.4600;522.2500;2388.0400;8147.6600;8.3961;392.0000;0.056530;-0.699230;0.001891;Healthy;WO683838;789.10
2026/07/02;eng-053;107;2026-01-05 11:00:00;642.0100;1587.7400;1406.1000;553.4600;2388.0400;9060.0000;47.4200;521.7400;2388.0600;8149.1400;8.4286;392.0000;0.061633;-0.491374;0.000752;healthy;WO876873;2,330.14
02-Jul-2026;ENG-060;57;2026-01-03 09:00:00;642.1800;1581.4900;1403.3100;553.8500;2388.0900;9055.3600;47.4500;521.7000;2388.1000;8140.6400;8.4215;393.0000;0.034119;-0.452433;0.001485;Healthy;WO881918;2608.55
02-Jul-2026;ENG-035;99;2026-01-05 03:00:00;643.1800;1588.6000;1408.2100;553.4700;2388.1700;9049.7900;47.5500;520.8900;2388.1000;8131.7200;8.4698;393.0000;-0.022741;0.320794;0.001837;Healthy;WO346995;91.48
02-Jul-2026;eng-090;83;2026-01-04 11:00:00;642.5600;1587.4200;1404.0000;552.5900;2388.0600;9062.2500;47.4700;521.5200;2388.1500;8136.9300;8.4602;393.0000;0.066816;-0.174450;0.000878;Healthy;WO482869;1577.37
2026/07/02;ENG-092;66;2026-01-03 18:00:00;642.8000;1585.1000;1414.8200;552.8100;2388.1900;9039.2100;47.4400;521.2100;2388.1000;8120.2400;8.4363;393.0000;-0.025887;0.023919;0.002926;Healthy;WO442161;127.47
2026-07-02;ENG-043;62;2026-01-03 14:00:00;642.7100;1593.9200;1402.9600;554.3200;2388.0500;9048.7900;47.6000;522.1200;2388.1400;8128.0000;8.4626;393.0000;0.043565;-0.257027;0.001021;Healthy;WO643148;2,590.59
2026-07-02;ENG-098;58;2026-01-03 10:00:00;642.6000;1595.0700;1405.5300;553.3000;2388.0700;9057.9500;47.6000;521.9000;2388.1300;8138.1100;8.4243;391.0000;0.064923;-0.385150;0.002855;healthy;WO140659;1080.41
02-Jul-2026;ENG-013;76;2026-01-04 04:00:00;642.2000;1583.7900;1404.2800;554.2600;2387.9800;9063.9200;47.1800;522.1600;2387.9900;8147.1000;8.3851;392.0000;0.030787;-1.077404;0.001245;Healthy;WO991114;742.83
2026/07/02;ENG-024;110;2026-01-05 14:00:00;642.1400;1593.8200;1408.1300;554.7500;2388.0800;9074.7100;47.3000;521.4700;2388.0300;8158.7000;8.3876;392.0000;0.046978;-0.782950;0.001691;Healthy;WO236132;2466.83
02-Jul-2026;ENG-042;54;2026-01-03 06:00:00;642.6200;1580.6500;1397.4000;554.4400;2388.0000;9045.4800;47.2100;522.4200;2388.0400;8130.4000;8.3841;392.0000;0.013266;-1.039476;0.003891;Healthy;WO493005;390.34
02-Jul-2026;ENG-072;80;2026-01-04 08:00:00;642.0100;1585.0300;1401.7200;553.7600;2388.0700;9066.1500;47.1700;522.0500;2388.0100;8144.1800;8.3943;394.0000;0.018498;-0.931997;0.001907;Healthy;WO146585;1913.45
2026-07-02;ENG-080;64;2026-01-03 16:00:00;642.2500;1593.0900;1403.9800;554.1900;2388.0300;9062.6100;47.5100;521.2900;2387.9900;8145.3000;8.4482;394.0000;0.068210;-0.422397;0.001899;Healthy;WO539066;517.60
2026-07-02;ENG-017;66;2026-01-03 18:00:00;642.4300;1582.1400;1398.4300;554.8300;2388.0100;9073.3900;47.2800;522.0100;2388.0300;8148.2100;8.4484;392.0000;0.038474;-0.851995;;Healthy;WO430022;88.79
02-Jul-2026;ENG-057;66;2026-01-03 18:00:00;642.5700;1594.3900;1412.0700;553.4100;2388.0800;9047.3700;47.4800;521.6200;2388.1100;8132.3000;8.4445;393.0000;0.051194;-0.152292;0.000615;Healthy;WO463225;640.70
02-Jul-2026;  ENG-070 ;67;2026-01-03 19:00:00;641.9700;1585.5500;1408.0800;553.7100;2388.0700;9052.0800;47.4200;521.6600;2388.1100;8131.6700;8.4069;392.0000;0.021408;-0.488528;0.001158;Healthy;WO102629;891.43
2026/07/02;eng-055;53;2026-01-03 05:00:00;642.5500;1586.5700;1395.2500;554.4300;2388.0200;9055.6500;47.4700;521.5800;2388.0300;8136.3100;8.4221;392.0000;0.024494;-0.711161;0.002028;Healthy;WO981579;195.04
2026-07-02;ENG-076;71;2026-01-03 23:00:00;642.5600;1585.2600;1397.3900;555.0600;2388.0300;9062.7400;47.3900;521.4300;2388.0300;8138.8100;8.3950;393.0000;0.009695;-0.899431;0.003571;Healthy;WO527026;300.36
2026/07/02;ENG-048;31;2026-01-02 07:00:00;642.6400;1591.0600;1407.0700;554.2900;2388.0600;9051.7800;47.3800;521.8300;2388.0400;8135.2700;8.4450;391.0000;0.026238;-0.566413;0.001744;Healthy;WO281754;174.34
02-Jul-2026;  ENG-063 ;97;2026-01-05 01:00:00;643.2600;1585.6700;1403.1000;553.8200;2388.0800;9052.9800;47.5900;521.3400;2388.0800;8129.8300;8.4363;391.0000;0.039124;-0.192937;0.001450;Healthy;WO375696;1,523.28
2026/07/02;ENG-098;77;2026-01-04 05:00:00;642.4400;1588.9600;1407.6300;553.8700;2388.1100;9054.2100;47.5500;521.1600;2388.0400;8146.6500;8.4408;393.0000;0.060632;-0.044231;0.001014;Healthy;WO812729;1,356.00
2026-07-02;  ENG-049 ;198;2026-01-09 06:00:00;642.3600;1583.5700;1401.9900;554.0300;2388.0400;9063.5300;47.3100;521.4700;2388.0500;8142.7700;8.4154;393.0000;0.035085;-0.569337;0.001851;Healthy;WO198949;2127.70
2026-07-02;ENG-004;53;2026-01-03 05:00:00;642.4700;1591.3800;1404.0400;553.1100;2388.1400;9047.4300;47.6000;521.8300;2388.1400;8132.0300;8.4230;393.0000;0.034139;-0.011378;0.001378;healthy;WO791875;588.84
2026-07-02;ENG-029;108;2026-01-05 12:00:00;641.9500;1581.6000;1396.6200;554.3500;2388.0700;9065.6900;47.2800;521.6400;2388.0700;8142.2300;8.4258;392.0000;0.011890;-0.959485;0.001269;Healthy;WO326000;2,720.06
2026/07/02;ENG-037;54;2026-01-03 06:00:00;642.4700;1586.1100;1402.9000;554.7800;2388.0100;9059.4700;47.3600;521.8000;2388.0100;8138.8000;8.4098;392.0000;0.015440;-0.899402;0.000732;Healthy;WO705227;2734.01
2026/07/02;ENG-008;77;2026-01-04 05:00:00;642.5300;1580.7900;1402.5500;553.7100;2388.0600;9045.8000;47.3200;521.5000;2388.0800;8133.1100;8.4044;392.0000;0.007895;-0.612397;0.000810;Healthy;WO624761;772.69
02-Jul-2026;  ENG-091 ;129;2026-01-06 09:00:00;642.3300;1587.6600;1408.2700;553.0100;2388.1600;9043.4700;47.6500;520.5300;2388.1500;8129.6900;8.4743;393.0000;-0.049175;0.374027;0.002751;warning;WO806743;5,218.05
02-Jul-2026;  ENG-067 ;37;2026-01-02 13:00:00;642.3200;1594.4500;1409.4600;553.7300;2388.0700;9063.1400;47.3400;522.2300;2388.0800;8142.1900;8.4225;392.0000;0.057998;-0.517758;0.001744;Healthy;WO143536;2993.96
2026-07-02;eng-038;68;2026-01-03 20:00:00;643.1400;1591.6200;1402.7100;553.4100;2388.1000;9059.2400;47.7400;521.7500;2388.1100;8128.8700;8.4454;394.0000;0.041322;0.167196;0.002706;Healthy;WO914082;1,784.50
2026-07-02;ENG-056;73;2026-01-04 01:00:00;642.7200;1584.2200;1412.5200;552.9800;2388.1800;9048.1400;47.5700;521.3300;2388.1600;8129.4700;8.4086;394.0000;-0.024619;0.207854;0.002109;Healthy;WO921660;352.28
02-Jul-2026;ENG-016;53;2026-01-03 05:00:00;642.5400;1587.6400;1405.3400;553.8400;2388.0600;9053.1300;47.0000;522.2100;2388.0000;8134.1300;8.4225;393.0000;0.027780;-0.855757;0.003427;Healthy;WO338373;1559.80
2026-07-02;ENG-058;117;2026-01-05 21:00:00;642.5500;1589.3900;1412.1700;553.7000;2388.0900;9044.6600;47.5000;521.9400;2388.0800;8133.4700;8.4170;392.0000;0.044406;-0.283596;0.001057;Healthy;WO158739;1,802.72
2026-07-02;ENG-049;133;2026-01-06 13:00:00;642.2000;1589.7400;1402.8900;553.6400;2388.0600;9061.7800;47.1400;522.3100;2388.0100;8142.0900;8.4037;393.0000;0.038152;-0.822057;0.002686;Healthy;WO780937;396.03
2026/07/02;eng-049;102;2026-01-05 06:00:00;642.0100;1587.2300;1403.1400;554.6500;2388.0400;9060.5600;47.3100;522.4100;2387.9800;8137.1600;8.4314;393.0000;0.032169;-0.885096;0.001544;Healthy;WO689960;305.34
2026-07-02;ENG-045;53;2026-01-03 05:00:00;642.7400;1596.0000;1408.8500;553.8500;2388.0900;9058.4700;47.5200;521.5500;2388.0900;8143.5300;8.4616;392.0000;0.073801;0.039465;0.002392;healthy;WO467945;2,967.78
2026/07/02;ENG-061;74;2026-01-04 02:00:00;641.8500;1587.6800;1393.9300;554.7400;2388.0100;9061.1900;47.3700;522.2500;2388.0200;8149.5800;8.4431;393.0000;0.050535;-0.956678;0.001145;Healthy;WO727620;560.55
02-Jul-2026;ENG-049;131;2026-01-06 11:00:00;642.2700;1589.2600;1398.6700;554.8800;2388.0300;9060.7100;47.3500;522.5900;2388.0100;8145.1400;8.3813;394.0000;0.022011;-1.005990;0.002805;Healthy;WO734853;54.72
2026-07-02;ENG-021;66;2026-01-03 18:00:00;642.0300;1586.1200;1395.1200;554.8200;2388.0000;9061.5600;47.0500;522.0200;2387.9900;8135.7800;8.3932;392.0000;0.019179;-1.179605;0.001337;Healthy;WO137219;1,121.40
02-Jul-2026;ENG-100;110;2026-01-05 14:00:00;642.2500;1586.5500;1398.1400;553.6500;2387.9900;9063.2300;47.2700;521.6600;2388.0400;8148.4600;8.4220;392.0000;0.048764;-0.671920;;Healthy;WO442707;160.47
2026-07-02;ENG-008;87;2026-01-04 15:00:00;642.3400;1584.4400;1407.1200;553.4900;2388.1800;9050.3400;47.4200;521.9900;2388.1300;8128.1800;8.4210;395.0000;0.025538;-0.253956;0.001392;Healthy;WO625786;653.22
02-Jul-2026;  ENG-070 ;81;2026-01-04 09:00:00;642.8200;1582.6100;1404.9200;554.1900;2388.0800;9046.6900;47.4800;521.3300;2388.1100;8126.5900;8.4697;391.0000;0.018385;-0.427898;0.003134;HEALTHY;WO207321;2561.15
2026-07-02;eng-042;82;2026-01-04 10:00:00;642.5000;1590.4900;1408.0800;553.3700;2388.0800;9047.2900;47.2100;521.7200;2388.0100;8135.5000;8.4178;393.0000;0.027765;-0.547537;0.001392;Healthy;WO512693;1,280.69
02-Jul-2026;ENG-013;123;2026-01-06 03:00:00;642.2900;1579.7300;1404.3400;554.2400;2388.0700;9062.1900;47.4100;521.3100;2388.0100;8142.7900;8.4034;393.0000;0.033016;-0.612248;0.002006;Healthy;WO923233;2899.62
2026-07-02;ENG-074;57;2026-01-03 09:00:00;642.7300;1587.4700;1405.9300;554.0800;2388.0800;9057.7400;47.3200;521.9200;2388.0500;8138.4600;8.4413;394.0000;0.056819;-0.214792;0.001874;healthy;WO867437;1,528.75
2026/07/02;ENG-092;81;2026-01-04 09:00:00;642.8300;1591.1500;1410.7000;552.7000;2388.1400;9038.7800;47.6100;521.1700;2388.1700;8120.1700;8.4415;394.0000;-0.059921;0.442780;0.004352;WARNING;WO133922;18577.60
02-Jul-2026;ENG-082;57;2026-01-03 09:00:00;642.5400;1590.6800;1404.1400;554.5400;2388.0500;9060.7700;47.3300;522.3800;2388.0900;8146.8900;8.4173;392.0000;0.045933;-0.619722;0.001744;Healthy;WO136422;2633.03
2026-07-02;ENG-076;81;2026-01-04 09:00:00;641.9600;1577.9100;1405.9600;554.9000;2387.9900;9061.8700;47.3600;521.5700;2387.9800;8149.4400;8.3990;390.0000;0.026309;-1.047199;0.001337;Healthy;WO309675;487.09
2026/07/02;ENG-064;93;2026-01-04 21:00:00;642.0200;1589.7700;1407.6500;553.1400;2388.0500;9061.4500;47.4700;521.6600;2388.0100;8135.2300;8.4278;392.0000;0.053000;-0.517973;0.003330;HEALTHY;WO416226;2621.36
2026/07/02;  ENG-082 ;60;2026-01-03 12:00:00;642.0100;1585.0900;1407.2600;554.1300;2388.0000;9058.5800;47.2100;521.6800;2388.0400;8144.1800;8.4396;391.0000;0.025182;-0.812624;0.001315;Healthy;WO830711;890.44
2026-07-02;ENG-080;66;2026-01-03 18:00:00;642.3500;1592.1900;1404.6400;553.6600;2388.0600;9062.8400;47.4700;521.5300;2388.0900;8139.7800;8.4450;394.0000;0.068572;-0.195684;0.001052;Healthy;WO594716;
2026/07/02;ENG-087;31;2026-01-02 07:00:00;642.1800;1586.7000;1405.2200;554.5100;2388.0200;9069.0300;47.4500;522.2300;2388.0400;8142.5500;8.3937;392.0000;0.031347;-0.931423;0.000244;HEALTHY;WO499966;1529.98
02-Jul-2026;  ENG-093 ;154;2026-01-07 10:00:00;642.6100;1589.0700;1417.4300;553.8900;2388.1300;9069.7500;47.5100;521.3400;2388.1100;8139.9500;8.4382;393.0000;0.043762;0.113483;0.001102;Healthy;WO985035;1,369.38
2026/07/02;ENG-092;60;2026-01-03 12:00:00;642.3300;1588.6700;1407.1600;552.6600;2388.1300;9036.1400;47.5200;521.3300;2388.2000;8122.2500;8.4868;393.0000;-0.032901;0.222059;0.001806;Healthy;WO273151;613.20
02-Jul-2026;ENG-051;90;2026-01-04 18:00:00;642.4000;1587.2700;1411.4200;553.1300;2388.0800;9045.0300;47.3700;521.5400;2388.1000;8135.9500;8.4275;393.0000;0.047152;-0.216762;0.001683;Healthy;WO630072;2026.14
02-Jul-2026;  ENG-034 ;110;2026-01-05 14:00:00;642.6800;1585.4000;1404.3500;553.7500;2388.1000;9059.3000;47.2700;522.5800;2388.0100;8140.8000;8.4217;392.0000;0.055977;-0.691360;0.001465;healthy;WO569587;2369.47
2026-07-02;ENG-040;77;2026-01-04 05:00:00;643.1300;1592.4500;1415.9100;553.3700;2388.1200;9055.2300;47.6900;521.0100;2388.1400;8137.1800;8.4555;395.0000;-0.021949;0.552106;0.001700;Healthy;WO455996;1,135.28
02-Jul-2026;ENG-060;55;2026-01-03 07:00:00;642.7300;1587.3600;1404.0700;553.4900;2388.1100;9048.3700;47.4000;521.7900;2388.0300;8138.1800;8.3987;393.0000;0.032573;-0.375150;0.001215;Healthy;WO843449;565.35
2026-07-02;ENG-077;105;2026-01-05 09:00:00;642.3900;1587.8400;1400.1600;553.8500;2388.1000;9049.6300;47.4600;521.4600;2388.1300;8138.5700;8.4126;394.0000;0.040451;-0.247997;0.002126;Healthy;WO105189;2,099.82
2026-07-02;ENG-066;94;2026-01-04 22:00:00;642.5000;1590.6500;1415.0000;553.1100;2388.1200;9073.7300;47.6000;521.4300;2388.1300;8151.8000;8.4698;394.0000;0.060171;0.345469;0.005835;Healthy;WO667674;1032.00
2026-07-02;eng-032;58;2026-01-03 10:00:00;642.0700;1586.3700;1406.4000;554.3100;2387.9800;9067.2600;47.1200;522.3100;2388.0200;8146.1400;8.3861;391.0000;0.043996;-1.163218;0.001196;Healthy;WO445228;1987.27
2026-07-02;  ENG-044 ;23;2026-01-01 23:00:00;642.2400;1592.4500;1395.3700;554.1000;2388.0600;9061.1300;47.4800;521.4400;2388.0600;8129.4500;8.4312;393.0000;0.026747;-0.577914;0.002310;Healthy;WO763343;535.53
2026-07-02;eng-042;70;2026-01-03 22:00:00;642.0100;1590.0500;1400.0100;553.8800;2388.0700;9046.1200;47.2500;522.1900;2388.0200;8132.0800;8.4351;392.0000;0.021285;-0.799611;0.000488;HEALTHY;WO360925;2871.43
02-Jul-2026;ENG-020;71;2026-01-03 23:00:00;641.9300;1588.9200;1402.6800;553.9000;2388.0200;9055.0300;47.2900;521.4300;2388.0700;8142.9600;8.4059;391.0000;0.021135;-0.745719;0.000732;Healthy;WO395092;226.95
02-Jul-2026;ENG-070;66;2026-01-03 18:00:00;642.2400;1585.6900;1410.3300;553.8300;2388.1300;9049.9500;47.3900;521.6200;2388.0700;8131.6800;8.4140;393.0000;0.024639;-0.413435;0.004279;Healthy;WO601554;952.08
02-Jul-2026;ENG-015;34;2026-01-02 10:00:00;642.6100;1582.8600;1396.5200;554.9900;2388.0500;9059.5700;47.4400;522.3700;2388.0300;8137.6200;8.4118;392.0000;0.042565;-1.104841;0.000913;Healthy;WO735777;2592.65
2026/07/02;ENG-007;75;2026-01-04 03:00:00;642.5000;1582.0900;1403.6900;554.7400;2388.0900;9054.1000;47.3000;522.1100;2388.0500;8140.6500;8.3996;390.0000;0.013360;-1.033300;0.001582;Healthy;WO637175;672.69
2026-07-02;ENG-076;74;2026-01-04 02:00:00;642.4500;1586.5600;1401.9000;554.4700;2388.0500;9067.3100;47.2400;522.3700;2387.9300;8141.1900;8.3963;393.0000;0.058567;-1.035644;0.001726;Healthy;WO855370;2,214.73
2026/07/02;ENG-015;29;2026-01-02 05:00:00;641.8900;1581.3600;1400.3600;554.7800;2388.0300;9053.1800;47.2300;522.0600;2388.0400;8137.8600;8.4206;392.0000;0.020512;-1.069732;0.002490;Healthy;WO684711;2,176.98
2026-07-02;eng-023;80;2026-01-04 08:00:00;641.7300;1582.3200;1404.5700;553.6400;2388.0500;9048.8500;47.3100;522.1500;2388.0300;8134.0100;8.3913;393.0000;0.010855;-0.964495;0.000691;Healthy;WO568121;1,022.69
2026/07/02;eng-035;67;2026-01-03 19:00:00;642.6000;1595.4000;1409.5800;552.9400;2388.1200;9052.2300;47.5900;521.3900;2388.1100;8135.9800;8.4457;394.0000;0.028107;0.219958;0.001759;healthy;WO538712;1,733.97
02-Jul-2026;ENG-068;101;2026-01-05 05:00:00;642.2000;1589.7600;1399.6600;553.4600;2388.1200;9057.3300;47.6600;521.1700;2388.0600;8138.6200;8.4539;393.0000;0.064795;-0.112174;0.001864;Healthy;WO746684;2,282.17
2026-07-02;ENG-012;94;2026-01-04 22:00:00;642.2600;1587.5800;1392.1500;553.5900;2388.0300;9063.8600;47.2400;522.4400;2388.0600;8147.9900;8.4267;391.0000;-0.023452;-2.664661;0.001196;Healthy;WO864093;785.36
2026-07-02;  ENG-042 ;83;2026-01-04 11:00:00;642.5100;1587.8500;1409.5000;553.7400;2388.1000;9051.0900;47.1400;521.4200;2388.0600;8134.8000;8.4299;393.0000;-0.047528;-2.637534;0.005121;healthy;WO164387;724.62
02-Jul-2026;ENG-077;98;2026-01-05 02:00:00;641.9700;1597.4300;1401.0500;554.4500;2388.0500;9055.0700;47.5100;521.5200;2388.0900;8131.4800;8.4217;394.0000;0.039300;-0.377135;0.002716;Healthy;WO263896;1,970.64
2026-07-02;ENG-019;61;2026-01-03 13:00:00;642.6800;1582.8100;1399.9000;554.1800;2388.0300;9055.7000;47.2000;522.1200;2388.0200;8134.7300;8.4001;392.0000;0.022518;-0.973470;0.000880;Healthy;WO102932;686.51
2026-07-02;ENG-099;52;2026-01-03 04:00:00;642.0500;1586.6100;1398.1400;554.7900;2387.9900;9061.8400;46.9900;522.7500;2388.0300;8137.4700;8.3822;391.0000;0.044187;-1.315720;0.008429;Healthy;WO220207;
2026-07-02;ENG-077;55;2026-01-03 07:00:00;642.2800;1582.8700;1407.2300;554.4800;2388.0600;9049.7900;47.3500;522.4200;2388.0400;8133.3300;8.3978;393.0000;0.005146;-0.941308;0.001064;healthy;WO764856;2,259.63
02-Jul-2026;  ENG-059 ;59;2026-01-03 11:00:00;642.4400;1588.0200;1397.7400;554.2400;2388.0500;9061.2100;47.1400;522.5100;2388.0000;8135.5200;8.4016;393.0000;0.033147;-1.005867;0.000977;Healthy;WO527181;
02-Jul-2026;ENG-007;63;2026-01-03 15:00:00;642.0700;1581.2400;1403.0300;554.2200;2388.0000;9059.1000;47.0700;522.1500;2388.0200;8141.6900;8.3925;392.0000;0.025584;-1.162298;0.000345;Healthy;WO361870;
2026-07-02;  ENG-012 ;127;2026-01-06 07:00:00;642.4000;1582.4200;1392.1200;554.4900;2387.9800;9053.6400;47.2600;521.6700;2387.9600;8142.5300;8.4078;390.0000;0.043896;-1.067380;0.000345;Healthy;WO881323;1211.57
2026/07/02;ENG-079;44;2026-01-02 20:00:00;642.2800;1579.2100;1407.1800;553.9000;2388.0500;9045.3500;47.4300;521.0900;2388.0600;8135.8100;8.4323;393.0000;0.016770;-0.499883;0.002332;Healthy;WO805729;1155.97
2026-07-02;ENG-060;70;2026-01-03 22:00:00;642.9900;1580.9300;1410.6000;553.9300;2388.0400;9053.9900;47.4300;521.6300;2388.0900;8142.2000;8.4041;394.0000;0.038367;-0.275693;0.000457;Healthy;WO618695;2581.50
02-Jul-2026;ENG-076;80;2026-01-04 08:00:00;642.3500;1590.0500;1398.8100;553.8500;2388.0900;9053.9000;47.2900;521.9600;2388.0400;8138.8500;8.4037;393.0000;0.018159;-0.861020;0.001907;Healthy;WO395335;2207.91
2026-07-02;ENG-013;93;2026-01-04 21:00:00;642.2900;1593.1000;1397.1100;554.2000;2388.0100;9059.1100;47.4000;522.2000;2388.0000;8145.2100;8.3957;393.0000;0.032267;-2.643870;0.001196;Healthy;WO110087;564.15
2026/07/02;  ENG-079 ;52;2026-01-03 04:00:00;643.0400;1584.0100;1399.6400;553.8200;2388.0800;9055.8100;47.4400;521.3700;2388.1200;8130.4300;8.4346;392.0000;0.025657;-0.355767;0.002730;Healthy;WO993788;1247.05
2026-07-02;ENG-064;72;2026-01-04 00:00:00;642.3500;1588.0900;1404.0700;553.7600;2388.0000;9049.9200;47.3000;522.0300;2388.0800;8137.4600;8.4059;392.0000;0.015964;-0.811957;0.003427;Healthy;WO756614;736.23
2026-07-02;ENG-059;38;2026-01-02 14:00:00;642.0800;1587.3100;1396.8900;554.5500;2387.9900;9051.3600;47.2200;522.5700;2388.0600;8139.2400;8.3663;392.0000;0.025015;-1.199646;0.005027;Healthy;WO144518;1,498.32
2026/07/02;ENG-081;126;2026-01-06 06:00:00;642.4900;1586.0500;1411.5000;554.1600;2388.0500;9062.1100;47.6700;521.6000;2388.0700;8145.2600;8.4552;393.0000;0.080509;-0.078143;0.002912;Healthy;WO285004;611.88
2026/07/02;ENG-056;50;2026-01-03 02:00:00;642.9000;1595.8100;1407.9700;552.4400;2388.1500;9040.4900;47.6900;520.9600;2388.1900;8119.9400;8.4295;393.0000;-0.060465;0.469476;0.005763;Healthy;WO536626;1232.15
02-Jul-2026;ENG-096;45;2026-01-02 21:00:00;641.9000;1582.7400;1397.5400;554.5700;2387.9500;9072.6400;47.2200;522.4500;2387.9700;8148.8700;8.3916;392.0000;0.061678;-1.246247;0.000345;healthy;WO108422;1,861.42
02-Jul-2026;ENG-007;56;2026-01-03 08:00:00;641.7800;1587.9900;1398.3200;554.4700;2388.0700;9059.6300;47.2600;521.7900;2388.0300;8146.6300;8.4000;392.0000;0.021333;-0.842893;0.001843;Healthy;WO801537;
2026-07-02;eng-019;53;2026-01-03 05:00:00;642.5100;1589.7900;1405.3400;554.6900;2388.0500;9060.2200;47.2400;522.3100;2387.9600;8137.2800;8.4150;391.0000;0.044196;-0.994458;0.001196;Healthy;WO118722;2,419.65
02-Jul-2026;ENG-041;81;2026-01-04 09:00:00;642.6300;1592.4300;1397.9700;554.5500;2388.0800;9047.6800;47.5000;522.0000;2388.0400;8134.2800;8.3803;391.0000;0.018484;-0.684070;0.001769;Healthy;WO874710;2162.21
2026/07/02;ENG-041;48;2026-01-03 00:00:00;642.8100;1589.4600;1393.3000;554.3700;2388.0800;9051.1900;47.2700;522.1800;2388.0500;8129.9200;8.3849;392.0000;0.017030;-0.872416;0.001619;Healthy;WO981452;1852.64
2026/07/02;ENG-029;73;2026-01-04 01:00:00;641.6200;1588.6800;1399.8500;554.6000;2388.0200;9061.0900;47.2400;522.6200;2388.0700;8137.0600;8.3752;391.0000;0.018854;-1.109835;0.003202;healthy;WO136430;763.23
02-Jul-2026;  ENG-049 ;127;2026-01-06 07:00:00;642.0900;1586.2300;1397.9900;553.9600;2388.0200;9056.2400;47.2200;522.3200;2388.0200;8147.4000;8.3685;392.0000;0.038066;-1.112355;;Healthy;WO575581;1,905.85
2026/07/02;  ENG-079 ;38;2026-01-02 14:00:00;641.9500;1585.9000;1398.1600;553.6600;2388.0500;9049.2500;47.2000;521.9700;2388.0800;8131.4800;8.4102;392.0000;0.000785;-0.938948;0.002990;Healthy;WO876593;2214.60
02-Jul-2026;ENG-042;59;2026-01-03 11:00:00;642.0100;1590.6600;1395.4300;554.0400;2388.0500;9046.2200;47.1300;522.3900;2388.0800;8126.7200;8.3727;393.0000;-0.003459;-1.019950;0.006914;Healthy;WO505477;2607.54
02-Jul-2026;ENG-023;75;2026-01-04 03:00:00;642.6000;1579.9900;1400.4100;554.4500;2388.0400;9050.7100;47.2300;522.5000;2388.0600;8136.0100;8.3946;392.0000;0.013875;-1.063054;0.001582;Healthy;WO913991;1344.08
02-Jul-2026;eng-047;46;2026-01-02 22:00:00;643.1500;1591.5000;1415.8900;552.7500;2388.1300;9040.8200;47.5500;521.0800;2388.1600;8122.8800;8.4497;393.0000;-0.042884;0.361514;0.004846;Healthy;WO162128;662.25
2026-07-02;ENG-059;46;2026-01-02 22:00:00;642.2700;1579.2000;1399.9500;554.3400;2388.0200;9060.2400;47.1100;522.4400;2388.0300;8138.1300;8.3959;392.0000;0.022976;-1.133454;0.001036;Healthy;WO339363;573.37
2026/07/02;ENG-075;47;2026-01-02 23:00:00;642.1800;1588.0900;1407.0900;554.1200;2388.0600;9058.3700;47.2600;521.9300;2388.0400;8136.1400;8.4388;392.0000;0.029043;-0.627159;0.002072;Healthy;WO130717;
2026-07-02;ENG-006;70;2026-01-03 22:00:00;642.3800;1595.8500;1404.9700;553.3900;2388.1000;9054.5100;47.4300;521.1600;2388.1200;8133.7100;8.4151;394.0000;0.043281;0.013756;0.002106;Healthy;WO179226;642.23
2026/07/02;ENG-089;81;2026-01-04 09:00:00;642.7500;1586.9500;1405.4000;553.5000;2388.1100;9043.2900;47.5000;521.5100;2388.1200;8125.6000;8.4058;393.0000;0.021907;-0.250926;0.005986;Healthy;WO814033;335.14
02-Jul-2026;ENG-070;59;2026-01-03 11:00:00;641.9400;1592.8700;1401.5200;553.4600;2388.0900;9048.5800;47.5200;521.8500;2388.0900;8134.3300;8.4453;393.0000;0.043516;-0.462419;0.002297;Healthy;WO580945;1142.86
02-Jul-2026;ENG-069;28;2026-01-02 04:00:00;642.6500;1592.8800;1402.0000;553.7100;2388.1800;9040.4800;47.4000;521.3900;2388.1100;8127.0600;8.4363;393.0000;0.007924;-0.116750;0.003896;Healthy;WO210830;2630.52
02-Jul-2026;ENG-061;95;2026-01-04 23:00:00;642.2000;1583.4400;1395.9700;553.8700;2388.0600;9079.3600;47.3200;521.9000;2388.0300;8147.9100;8.4445;393.0000;0.052834;-0.706083;0.001505;Warning;WO278363;5,961.28
2026/07/02;  ENG-004 ;37;2026-01-02 13:00:00;642.3400;1594.5400;1411.4800;553.1000;2388.0800;9051.5300;47.5000;521.6800;2388.1000;8134.9900;8.4195;393.0000;0.061678;-0.042477;0.001058;healthy;WO343523;712.74
2026-07-02;ENG-073;72;2026-01-04 00:00:00;642.4100;1584.9000;1401.7500;553.8100;2388.0100;9050.6000;47.0600;522.0500;2388.0000;8142.2600;8.4267;390.0000;0.038381;-1.093070;0.000000;Healthy;WO485372;87.44
2026-07-02;ENG-024;69;2026-01-03 21:00:00;641.8700;1586.7400;1395.7600;553.9400;2388.0200;9069.8500;47.2600;522.6000;2388.0300;8152.1300;8.4102;393.0000;0.073412;-1.175506;0.002211;healthy;WO866667;991.11
2026/07/02;  ENG-081 ;94;2026-01-04 22:00:00;641.9900;1588.1100;1402.6200;554.0400;2388.0600;9068.4300;47.3900;521.8700;2388.0600;8150.5700;8.4005;391.0000;0.040705;-0.746482;0.001092;Healthy;WO236635;1,545.95
02-Jul-2026;ENG-062;122;2026-01-06 02:00:00;642.2000;1586.1900;1404.9000;554.2300;2388.0100;9054.7800;47.1600;521.9300;2388.0100;8143.9100;8.4334;391.0000;0.021838;-0.980451;0.002057;Healthy;WO707246;
02-Jul-2026;ENG-073;47;2026-01-02 23:00:00;641.7900;1590.0300;1397.8000;553.6400;2388.1000;9047.6100;47.3600;522.0200;2388.0400;8140.3300;8.3857;391.0000;0.029016;-1.031134;0.001465;Healthy;WO225748;360.86
2026-07-02;ENG-008;102;2026-01-05 06:00:00;642.6100;1587.2800;1412.5900;553.4500;2388.1200;9051.3800;47.6000;521.6600;2388.0800;8132.9800;8.4535;393.0000;0.035311;-0.021377;0.002305;Healthy;WO532390;1,111.81
02-Jul-2026;  ENG-097 ;48;2026-01-03 00:00:00;642.5800;1583.8900;1400.8400;554.4800;2387.9900;9067.4000;47.4100;521.5500;2388.0500;8141.6000;8.3827;391.0000;0.026003;-0.863167;0.001269;Healthy;WO423711;2,274.84
2026-07-02;eng-011;47;2026-01-02 23:00:00;643.0900;1592.5800;1407.7200;553.3500;2388.2000;9038.0000;47.5900;521.4100;2388.1400;8122.2600;8.4058;393.0000;-0.029411;0.121465;0.002670;Healthy;WO684217;2,037.17
2026/07/02;ENG-053;72;2026-01-04 00:00:00;642.6700;1589.1900;1400.4600;554.3000;2388.0100;9052.5900;47.4500;521.7200;2387.9900;8137.3900;8.4523;392.0000;0.054113;-0.407689;0.001078;Warning;WO199033;10583.79
02-Jul-2026;ENG-013;127;2026-01-06 07:00:00;642.1600;1586.8100;1405.7400;553.4000;2388.0600;9057.1200;47.3500;522.1500;2387.9800;8142.2900;8.3973;394.0000;0.043446;-0.712446;0.002316;Healthy;WO380091;1,671.25
2026/07/02;ENG-067;33;2026-01-02 09:00:00;642.5000;1584.0400;1396.3800;554.1600;2388.0400;9063.8000;47.1900;522.1400;2388.0200;8139.6000;8.4192;392.0000;0.031525;-0.882448;0.001359;Healthy;WO977114;2,439.53
2026/07/02;eng-097;82;2026-01-04 10:00:00;642.3100;1578.7500;1401.2300;554.1400;2388.0500;9066.7300;47.2600;521.4000;2388.0100;8149.0300;8.4441;394.0000;0.038891;-0.629475;0.001718;Healthy;WO201689;234.40
2026/07/02;ENG-054;75;2026-01-04 03:00:00;641.9100;1574.0000;1396.8900;554.7500;2388.0300;9058.3100;47.3400;522.6900;2388.0200;8147.5000;8.3809;391.0000;0.043882;-1.300068;0.002128;Healthy;WO104098;1322.47
2026/07/02;ENG-022;20;2026-01-01 20:00:00;642.5200;1589.1100;1404.6700;554.7000;2388.1100;9048.4800;47.3700;521.4400;2388.0800;8129.6000;8.4430;393.0000;0.001877;-0.434661;0.003186;healthy;WO873452;1450.53
2026-07-02;ENG-051;69;2026-01-03 21:00:00;642.2400;1596.4300;1405.9500;553.9300;2388.0800;9046.8900;47.2900;521.9900;2388.1200;8134.9400;8.4097;391.0000;0.018019;-0.538765;0.001171;Healthy;WO984645;2543.30
2026-07-02;  ENG-069 ;33;2026-01-02 09:00:00;641.7700;1590.7900;1401.9500;554.1400;2388.1300;9039.9900;47.2600;521.5600;2388.1200;8126.8000;8.4264;394.0000;-0.003711;-0.478768;0.008477;Healthy;WO187936;112.94
2026-07-02;ENG-032;91;2026-01-04 19:00:00;642.2600;1590.7900;1395.7200;554.1800;2387.9800;9081.1000;47.2800;522.1000;2388.0400;8159.2000;8.4277;391.0000;0.084144;-0.884994;0.009741;Healthy;WO303410;2362.76
02-Jul-2026;ENG-032;78;2026-01-04 06:00:00;642.3100;1574.0500;1402.7300;554.9700;2388.0400;9065.9200;47.1700;522.2800;2387.9900;8157.2200;8.4213;392.0000;0.038060;-1.056400;0.000772;healthy;WO127150;607.87
2026/07/02;ENG-030;52;2026-01-03 04:00:00;642.0700;1598.9100;1412.5100;552.3900;2388.0800;9047.7300;47.4300;521.1800;2388.1600;8123.9600;8.4105;393.0000;0.031643;-0.014491;0.002615;Healthy;WO127559;2481.23
2026-07-02;ENG-049;109;2026-01-05 13:00:00;642.0800;1584.3100;1397.7000;554.2000;2388.0500;9064.4300;47.2100;522.4200;2387.9800;8144.6200;8.3867;391.0000;0.052978;-1.157463;0.002072;Healthy;WO507661;741.72
2026-07-02;eng-031;130;2026-01-06 10:00:00;642.2700;1582.0800;1406.8900;553.0500;2388.0600;9073.4900;47.5200;521.3000;2388.0600;8149.3000;8.4389;393.0000;0.087876;-0.151427;0.003940;Healthy;WO536811;1058.97
2026-07-02;ENG-040;86;2026-01-04 14:00:00;643.4800;1596.8300;1401.6600;552.2200;2388.1200;9058.2300;47.6100;520.9600;2388.1100;8140.0800;8.4770;393.0000;0.033423;0.495853;0.002228;Healthy;WO553505;925.84
02-Jul-2026;ENG-035;84;2026-01-04 12:00:00;642.7400;1592.9800;1410.6300;553.1000;2388.1600;9058.0000;47.6800;521.1400;2388.1000;8134.2600;8.4482;394.0000;-0.001101;0.384508;0.001930;Healthy;WO649746;1,222.72
2026/07/02;eng-061;102;2026-01-05 06:00:00;642.7900;1590.7200;1398.7700;554.0900;2388.0200;9064.1100;47.4500;521.8600;2388.0300;8149.3800;8.4333;392.0000;0.059697;-0.591992;0.003833;healthy;WO665605;
02-Jul-2026;ENG-070;63;2026-01-03 15:00:00;642.8500;1588.7300;1402.9700;552.6700;2388.0900;9049.3700;47.4600;521.6600;2388.1300;8132.1300;8.4337;394.0000;0.053673;-0.078366;0.002132;Healthy;WO273912;2,718.78
2026-07-02;  ENG-035 ;97;2026-01-05 01:00:00;642.4500;1589.4600;1411.3100;552.6000;2388.1100;9055.7700;47.5400;520.9900;2388.0800;8137.5300;8.4633;395.0000;0.015404;0.333964;0.001731;Healthy;WO174122;1024.53
02-Jul-2026;ENG-074;66;2026-01-03 18:00:00;642.0700;1585.3800;1399.8400;554.5800;2388.0500;9063.8700;47.3400;521.8700;2388.1000;8147.0700;8.4009;393.0000;0.021661;-0.766414;0.003798;Healthy;WO790889;819.62
02-Jul-2026;ENG-014;28;2026-01-02 04:00:00;642.7200;1592.4800;1399.0500;554.2400;2388.0800;9037.5900;47.6400;521.5800;2388.1500;8125.2200;8.4593;393.0000;0.015876;-0.058264;0.001834;Healthy;WO392246;338.12
02-Jul-2026;eng-005;44;2026-01-02 20:00:00;642.6600;1591.0000;1407.6000;553.0100;2388.1100;9055.3800;47.5300;521.4900;2388.1200;8134.6000;8.4526;393.0000;0.040454;0.093471;0.000564;Healthy;WO521688;
02-Jul-2026;  ENG-017 ;89;2026-01-04 17:00:00;642.4600;1578.2600;1402.7900;554.1200;2387.9600;9072.1500;47.2600;522.1100;2388.0100;8151.6100;8.4370;394.0000;0.059280;-0.867714;0.002072;Healthy;WO668336;1,419.22
02-Jul-2026;ENG-095;36;2026-01-02 12:00:00;642.6500;1581.8500;1399.7300;554.5900;2388.0600;9049.4700;47.2500;522.1600;2388.0400;8133.9200;8.3870;391.0000;0.000396;-0.948760;0.002652;Healthy;WO250520;
2026-07-02;ENG-049;134;2026-01-06 14:00:00;642.1800;1585.3900;1403.0700;554.9900;2388.0800;9059.5400;47.2800;522.1100;2388.0400;8143.8500;8.4222;391.0000;0.020230;-0.932608;0.000598;Healthy;WO727633;1,617.58
2026/07/02;ENG-093;159;2026-01-07 15:00:00;642.8400;1599.6500;1409.5600;553.0100;2388.1000;9063.2400;47.6800;520.6900;2388.1600;8145.0500;8.4598;393.0000;0.026862;0.453226;;Healthy;WO234385;2603.87
2026-07-02;ENG-053;93;2026-01-04 21:00:00;642.4900;1593.4400;1408.3700;554.1400;2388.0700;9060.2100;47.4900;521.8600;2388.0500;8142.2600;8.4049;392.0000;0.053447;-0.427508;0.001957;Healthy;WO660665;2,347.47
2026/07/02;ENG-015;28;2026-01-02 04:00:00;642.2400;1586.2900;1406.0800;553.9600;2388.0500;9060.3500;47.1400;521.5400;2388.0600;8138.4400;8.4379;392.0000;0.015131;-0.810428;0.002072;Healthy;WO553217;1,956.60
2026-07-02;eng-028;79;2026-01-04 07:00:00;642.7200;1591.5500;1402.3300;553.5700;2388.1100;9051.0700;47.4200;521.4900;2388.0600;8124.6600;8.4169;392.0000;0.030468;-0.369139;0.001938;Healthy;WO649950;1393.84
2026-07-02;ENG-007;104;2026-01-05 08:00:00;642.1100;1578.1700;1397.2700;554.1300;2388.0000;9063.4700;47.1900;522.2800;2388.0300;8144.0000;8.4424;392.0000;0.047556;-1.131410;0.001381;Healthy;WO718390;1,053.98
2026/07/02;eng-082;95;2026-01-04 23:00:00;642.7500;1585.3100;1405.1700;553.6400;2388.0500;9061.8300;47.3800;521.8400;2388.0600;8142.9000;8.4408;392.0000;0.058335;-0.400261;0.001903;healthy;WO113160;755.06
02-Jul-2026;ENG-075;31;2026-01-02 07:00:00;642.1000;1581.4800;1404.8400;553.7600;2388.1300;9061.8200;47.3500;522.1200;2388.0400;8141.5500;8.4326;391.0000;0.039716;-0.585929;0.000752;Healthy;WO985047;639.14
02-Jul-2026;ENG-059;45;2026-01-02 21:00:00;642.3800;1585.7000;1397.4700;554.5000;2388.0600;9057.9500;47.0300;522.5700;2388.0400;8139.1300;8.4018;392.0000;0.025103;-1.103384;0.000913;Healthy;WO868232;2324.91
02-Jul-2026;ENG-044;33;2026-01-02 09:00:00;643.1200;1591.1300;1405.9800;553.8600;2388.1400;9046.5200;47.4900;521.8900;2388.0700;8129.5800;8.4083;393.0000;0.038322;-0.211260;0.001839;Healthy;WO862506;2196.35
02-Jul-2026;ENG-031;93;2026-01-04 21:00:00;642.3500;1577.9600;1403.5300;553.8700;2388.0300;9074.3300;47.4400;521.2600;2388.0800;8151.0600;8.4338;392.0000;0.054769;-0.499856;0.002271;Healthy;WO793520;2,937.04
2026-07-02;ENG-089;105;2026-01-05 09:00:00;642.2500;1585.7800;1404.0000;553.7200;2388.0500;9041.9700;47.5200;521.8200;2388.0800;8128.9300;8.4449;393.0000;0.023979;-0.428368;0.001021;Healthy;WO520847;2121.42
2026-07-02;ENG-004;40;2026-01-02 16:00:00;642.6200;1591.4400;1403.5700;553.9700;2388.1600;9050.6400;47.4500;520.9100;2388.0800;8131.4900;8.4201;393.0000;0.031641;-0.174496;0.001164;healthy;WO254936;2,391.58
2026/07/02;ENG-059;50;2026-01-03 02:00:00;642.2800;1584.6800;1397.3800;553.7300;2388.0000;9056.5800;47.2600;522.0000;2388.0800;8133.6700;8.4187;390.0000;0.035359;-1.043505;0.001827;Healthy;WO602976;
2026-07-02;eng-081;74;2026-01-04 02:00:00;642.6200;1587.4700;1397.3200;553.6500;2388.0200;9066.2400;47.4000;521.8600;2388.0400;8150.3800;8.3734;391.0000;-0.025030;-2.603629;0.007209;Healthy;WO418151;
02-Jul-2026;  ENG-020 ;111;2026-01-05 15:00:00;642.5300;1588.8500;1408.8000;554.2900;2388.0600;9061.0900;47.4100;521.2600;2388.0200;8138.7400;8.4117;392.0000;0.052005;-0.312340;0.001500;Healthy;WO496060;
2026-07-02;ENG-018;52;2026-01-03 04:00:00;642.0200;1581.0900;1400.1400;554.2300;2387.9900;9066.8900;47.3800;521.9000;2387.9500;8145.6500;8.4046;392.0000;0.049084;-1.045520;0.002013;Healthy;WO191096;
2026-07-02;ENG-083;44;2026-01-02 20:00:00;642.8700;1588.6700;1406.7800;553.9700;2388.0500;9061.2600;47.4100;522.0700;2388.0900;8137.6800;8.4136;393.0000;0.046168;-0.490130;0.001615;healthy;WO180486;1599.94
2026-07-02;ENG-076;102;2026-01-05 06:00:00;642.3300;1585.8900;1402.5600;554.6700;2388.0700;9061.9500;47.3400;522.1700;2388.0200;8147.0200;8.4286;393.0000;0.036507;-0.684920;0.000173;Healthy;WO714155;2831.99
2026/07/02;eng-043;106;2026-01-05 10:00:00;642.6400;1592.1100;1407.0800;554.1200;2388.1400;9054.2700;47.6200;521.2100;2388.1100;8130.7300;8.4749;395.0000;-0.000863;0.157159;0.002020;Warning;WO752497;8915.03
2026-07-02;ENG-091;108;2026-01-05 12:00:00;642.6500;1590.6000;1406.3800;553.1600;2388.1900;9051.4400;47.5800;521.0100;2388.1800;8124.5600;8.4609;393.0000;-0.022465;0.210965;0.001493;healthy;WO768047;2426.73
2026-07-02;  ENG-015 ;44;2026-01-02 20:00:00;641.9000;1586.2700;1396.9600;554.5100;2388.0600;9054.2700;46.9300;521.8100;2388.0800;8134.1100;8.4080;393.0000;-0.012933;-1.003512;0.008053;Healthy;WO635987;1217.22
2026-07-02;ENG-058;100;2026-01-05 04:00:00;642.1800;1592.4000;1406.3500;553.8300;2388.0800;9044.7700;47.2900;522.0100;2388.1000;8131.9500;8.4065;392.0000;0.019250;-0.526942;0.001370;Healthy;WO104997;490.24
2026-07-02;ENG-019;63;2026-01-03 15:00:00;642.1600;1584.4200;1401.4200;554.1300;2387.9700;9043.0200;47.4600;522.8000;2388.0400;8141.9100;8.3911;393.0000;0.034574;-0.952896;0.001381;Healthy;WO983471;2,335.39
02-Jul-2026;ENG-052;78;2026-01-04 06:00:00;642.1700;1581.3700;1396.0500;554.7100;2387.9700;9057.9900;47.1300;522.6100;2387.9900;8141.5600;8.3904;392.0000;0.037454;-1.223903;0.000345;Healthy;WO657756;1791.25
2026-07-02;ENG-057;60;2026-01-03 12:00:00;642.9000;1592.7600;1402.8700;553.7900;2388.1100;9048.4700;47.4000;521.5000;2388.0900;8131.4800;8.3946;392.0000;0.034873;-0.261755;0.000286;Healthy;WO169270;
02-Jul-2026;ENG-100;80;2026-01-04 08:00:00;641.9900;1591.0400;1389.7100;554.7900;2388.0700;9060.9700;47.1800;522.1400;2388.0100;8141.4100;8.4112;392.0000;0.035611;-1.063219;0.001036;Healthy;WO230412;
2026/07/02;ENG-090;78;2026-01-04 06:00:00;642.3400;1595.0100;1402.7600;554.0000;2388.1300;9048.5100;47.6900;521.6700;2388.1800;8137.0600;8.4378;394.0000;0.042050;-0.025337;0.002656;Warning;WO969163;16,984.68
02-Jul-2026;ENG-058;84;2026-01-04 12:00:00;642.6700;1585.9300;1401.4500;553.8000;2388.1000;9049.1300;47.4300;521.4500;2388.0900;8128.7200;8.4170;392.0000;0.022491;-0.359180;0.004502;Healthy;WO295137;559.80
02-Jul-2026;ENG-008;71;2026-01-03 23:00:00;642.6000;1588.8800;1401.5500;553.6200;2388.1100;9049.8000;47.7200;522.1500;2388.0500;8129.4500;8.4679;392.0000;0.062713;-0.205648;0.000846;Healthy;WO960650;2407.54
2026/07/02;ENG-028;93;2026-01-04 21:00:00;641.9600;1594.6800;1414.0100;553.5900;2388.1000;9050.6700;47.6000;521.8300;2388.0900;8129.4100;8.4350;393.0000;0.043994;-0.082775;0.003753;HEALTHY;WO918305;2,578.71
2026/07/02;ENG-076;84;2026-01-04 12:00:00;641.8600;1586.0600;1397.7400;554.8600;2388.0600;9062.2500;47.0600;522.0400;2388.0000;8143.3200;8.3975;392.0000;0.023876;-1.031484;0.001381;Healthy;WO991859;2,195.27
2026-07-02;ENG-012;126;2026-01-06 06:00:00;642.0000;1582.1500;1399.3400;553.6100;2388.0600;9058.6400;47.0900;522.6800;2387.9900;8142.3200;8.4166;392.0000;0.051276;-1.068247;0.001619;Healthy;WO927579;2232.04
2026-07-02;ENG-052;95;2026-01-04 23:00:00;642.0200;1591.5500;1396.1500;554.4700;2387.9900;9060.3300;47.0600;522.4100;2387.9800;8141.8800;8.3921;391.0000;0.065118;-1.254585;0.001544;Healthy;WO559391;
2026/07/02;ENG-028;81;2026-01-04 09:00:00;642.3500;1593.7400;1408.8100;553.8400;2388.0600;9048.5900;47.5500;521.9100;2388.1100;8132.2100;8.4033;393.0000;0.046912;-0.293531;;Healthy;WO682051;663.47
2026-07-02;eng-016;73;2026-01-04 01:00:00;641.9000;1584.5100;1400.0100;554.2900;2388.0600;9061.5000;47.2700;522.4100;2388.0800;8140.8300;8.3929;391.0000;0.028033;-1.180078;0.002950;healthy;WO918464;2,943.41
2026/07/02;ENG-011;44;2026-01-02 20:00:00;642.6900;1598.0400;1414.0500;553.6200;2388.1000;9040.6900;47.5500;521.1300;2388.1200;8122.5100;8.4527;392.0000;-0.015870;0.202948;0.000920;Healthy;WO603387;2675.52
2026-07-02;ENG-058;104;2026-01-05 08:00:00;642.4300;1589.6100;1405.9200;553.9600;2388.1000;9053.8500;47.2300;521.9100;2388.0800;8131.3500;8.4120;390.0000;0.008050;-0.716221;0.001221;Healthy;WO779677;1648.73
02-Jul-2026;ENG-045;89;2026-01-04 17:00:00;642.8600;1591.0100;1413.9100;553.5300;2388.0700;9062.4600;47.3800;521.7400;2388.0900;8141.9600;8.4451;392.0000;0.079573;0.046386;0.001707;Healthy;WO465156;484.90
2026/07/02;  ENG-077 ;77;2026-01-04 05:00:00;642.6400;1584.0300;1404.0600;553.5300;2388.0900;9053.8000;47.4300;521.7000;2388.0400;8129.6700;8.4404;392.0000;0.040877;-0.224916;0.001906;Healthy;WO988537;846.35
2026/07/02;  ENG-025 ;26;2026-01-02 02:00:00;642.3600;1586.2500;1406.8600;554.3200;2388.0400;9048.2000;47.2700;521.8400;2388.0500;8136.7400;8.4280;392.0000;0.015224;-0.672325;0.001945;Healthy;WO775997;332.35
02-Jul-2026;ENG-090;58;2026-01-03 10:00:00;643.0100;1591.9000;1402.7400;553.2700;2388.1100;9051.1700;47.3800;521.3800;2388.0500;8136.1300;8.4282;393.0000;0.050896;-0.185677;0.002728;Healthy;WO777362;706.36
2026/07/02;ENG-059;53;2026-01-03 05:00:00;641.7100;1587.8300;1396.4700;554.1100;2388.0100;9052.7300;47.0800;522.2600;2388.0000;8137.7600;8.4104;391.0000;0.035404;-1.127249;0.000000;Healthy;WO872321;1,537.10
2026/07/02;eng-073;74;2026-01-04 02:00:00;642.3400;1581.6900;1408.7800;553.9700;2388.0500;9054.4100;47.2700;522.2500;2388.0300;8137.5700;8.4222;391.0000;0.020454;-0.791631;0.001691;Healthy;WO217075;1,844.54
2026-07-02;ENG-077;72;2026-01-04 00:00:00;641.5500;1590.8700;1405.6600;554.3100;2388.0700;9047.4700;47.4200;522.2000;2388.0700;8131.5200;8.4094;391.0000;0.009172;-0.864301;0.001709;Healthy;WO286425;2611.57
2026-07-02;ENG-036;79;2026-01-04 07:00:00;643.3400;1591.3000;1414.1100;553.8600;2388.1100;9067.2600;47.8200;521.2100;2388.1300;8133.9200;8.4749;394.0000;0.002812;0.495473;0.002204;Warning;WO787436;20571.18
2026/07/02;eng-100;94;2026-01-04 22:00:00;642.0500;1586.6900;1405.4400;553.4100;2388.0100;9069.2400;47.2400;521.9700;2388.0100;8136.8100;8.4102;392.0000;0.040461;-0.729554;0.000000;Healthy;WO987802;934.32
02-Jul-2026;ENG-042;57;2026-01-03 09:00:00;642.4000;1580.7800;1395.1700;554.4800;2388.0400;9046.2100;47.2800;522.5400;2388.0400;8129.3800;8.3878;390.0000;0.050544;-1.206640;0.001505;Healthy;WO584692;1,578.28
2026-07-02;ENG-017;88;2026-01-04 16:00:00;642.6300;1585.5400;1395.7400;554.8100;2388.0600;9068.4100;47.2900;522.6300;2388.0400;8151.4400;8.4019;392.0000;0.052492;-0.962214;0.001968;Healthy;WO995950;
2026-07-02;ENG-059;48;2026-01-03 00:00:00;641.8500;1584.7000;1400.4700;554.2400;2388.0600;9056.2000;47.1800;522.2900;2388.0000;8132.7500;8.3699;391.0000;0.044081;-1.214415;0.002100;healthy;WO140887;142.12
02-Jul-2026;ENG-046;74;2026-01-04 02:00:00;642.5200;1590.5900;1403.6000;553.7400;2388.0000;9069.8100;47.3900;521.4200;2388.0300;8150.1700;8.4206;392.0000;0.062551;-0.486526;;WARNING;WO244793;22,737.75
02-Jul-2026;ENG-032;94;2026-01-04 22:00:00;642.1500;1584.6600;1395.5600;554.5500;2387.9400;9074.2800;47.2500;522.4400;2388.0000;8153.0200;8.4292;393.0000;0.054591;-1.050355;0.001794;Healthy;WO761331;1321.06
2026-07-02;ENG-074;87;2026-01-04 15:00:00;643.1100;1588.8300;1404.2300;554.2000;2388.0800;9052.8100;47.4400;521.5200;2388.0400;8147.0000;8.4152;392.0000;0.051397;-0.334530;0.001863;Warning;WO449693;7114.37
2026/07/02;ENG-031;119;2026-01-05 23:00:00;642.8000;1587.9400;1406.3100;553.6400;2388.0400;9070.9700;47.4800;521.7200;2388.0500;8153.4900;8.4281;393.0000;0.080237;-0.334765;0.002766;healthy;WO117463;1822.73
2026-07-02;ENG-099;46;2026-01-02 22:00:00;642.4700;1585.5700;1398.6800;554.6800;2387.9600;9064.0400;47.3400;522.1800;2388.0600;8139.7100;8.3914;392.0000;0.023344;-1.043178;0.001245;Healthy;WO471003;2377.66
02-Jul-2026;ENG-094;69;2026-01-03 21:00:00;642.3900;1588.5500;1410.6700;554.0100;2388.1100;9069.4500;47.4100;521.5200;2388.1000;8139.5500;8.4138;392.0000;0.048623;-0.209500;0.002514;HEALTHY;WO806835;532.64
2026-07-02;eng-023;68;2026-01-03 20:00:00;641.7100;1590.9700;1397.1100;553.8500;2388.0800;9052.0500;47.3600;522.4000;2388.0100;8134.6200;8.4006;392.0000;0.032687;-0.973303;0.001563;healthy;WO516835;1253.86
2026/07/02;ENG-021;54;2026-01-03 06:00:00;642.0800;1587.7300;1397.0500;554.1700;2388.0600;9053.1000;47.2600;522.5500;2388.0600;8133.6400;8.4248;393.0000;0.016308;-0.909860;0.004107;Healthy;WO430001;1676.65
2026/07/02;ENG-100;92;2026-01-04 20:00:00;642.8300;1589.4600;1400.3000;554.5300;2388.0600;9057.0700;47.2100;522.2200;2388.0400;8137.0100;8.3982;392.0000;0.023984;-0.849987;0.001245;healthy;WO755664;1703.18
2026/07/02;ENG-029;89;2026-01-04 17:00:00;641.7900;1584.2900;1404.3200;554.0200;2388.0700;9060.1900;47.2000;522.1400;2388.0300;8136.6900;8.4245;392.0000;0.021219;-0.932549;0.000423;healthy;WO492217;2394.39
2026/07/02;  ENG-076 ;115;2026-01-05 19:00:00;642.5700;1591.8600;1407.5700;553.8500;2388.0100;9069.4800;47.1900;521.8000;2388.0100;8144.7800;8.4187;393.0000;0.057985;-0.564772;0.002904;Healthy;WO218332;77.59
2026-07-02;ENG-027;93;2026-01-04 21:00:00;642.4600;1585.9100;1402.1800;554.0700;2388.0500;9053.4500;47.3800;521.6200;2388.0300;8137.3000;8.4041;393.0000;0.020929;-0.654054;;healthy;WO944708;816.46
2026/07/02;ENG-073;45;2026-01-02 21:00:00;642.3400;1584.7200;1402.9800;554.6000;2388.0200;9051.9200;47.1400;522.3400;2388.0500;8137.1600;8.4040;393.0000;0.000071;-0.997850;0.002100;Healthy;WO366398;1566.32
2026/07/02;eng-021;70;2026-01-03 22:00:00;641.6300;1591.9300;1402.6600;554.1600;2388.0400;9042.3100;47.3000;522.5300;2388.0800;8132.4600;8.3753;392.0000;-0.004877;-0.974170;0.006766;Healthy;WO336231;1576.56
02-Jul-2026;ENG-049;158;2026-01-07 14:00:00;642.0700;1588.8600;1397.6500;554.1700;2388.0300;9058.2700;47.3700;522.0600;2388.0200;8146.0000;8.4025;391.0000;0.032572;-0.887792;0.001064;Healthy;WO874914;
2026/07/02;ENG-030;84;2026-01-04 12:00:00;643.0400;1599.3500;1411.3800;552.9100;2388.1100;9050.9700;47.6600;521.5900;2388.1200;8128.0100;8.4100;393.0000;0.023754;0.207498;0.000901;Healthy;WO694340;834.21
2026/07/02;eng-057;100;2026-01-05 04:00:00;642.5100;1586.8900;1404.6100;553.3700;2388.1100;9049.3300;47.4400;521.2200;2388.1200;8131.4900;8.4316;394.0000;0.030825;-0.138550;0.003215;Healthy;WO223905;704.16
2026/07/02;  ENG-099 ;35;2026-01-02 11:00:00;642.4900;1594.2800;1393.7000;554.6900;2388.0000;9065.4600;47.2500;522.3800;2388.0000;8143.2700;8.3922;389.0000;0.072677;-1.151294;0.001726;Healthy;WO987539;700.28
2026-07-02;ENG-090;86;2026-01-04 14:00:00;642.4500;1587.0100;1409.1000;553.0800;2388.1100;9057.5200;47.6200;521.4100;2388.1100;8142.2500;8.4158;395.0000;0.058700;0.023440;0.001294;HEALTHY;WO981703;1,911.92
2026/07/02;ENG-034;94;2026-01-04 22:00:00;642.3600;1590.2600;1395.2400;553.0800;2388.0200;9062.6700;47.3500;521.7900;2388.0700;8152.3200;8.4112;392.0000;0.057308;-0.683535;0.005066;Healthy;WO916526;1061.08
2026-07-02;ENG-072;48;2026-01-03 00:00:00;642.1200;1586.1100;1399.9800;554.1300;2387.9900;9061.2200;47.2200;521.6900;2387.9800;8146.2200;8.3931;392.0000;0.030022;-0.833371;0.001907;Healthy;WO611295;2,078.24
2026/07/02;ENG-042;64;2026-01-03 16:00:00;641.8800;1588.4100;1400.5500;554.1600;2388.0200;9046.2700;47.3500;521.9000;2388.0300;8130.1100;8.3949;392.0000;0.003719;-0.901671;0.001674;Healthy;WO461310;543.57
02-Jul-2026;ENG-084;114;2026-01-05 18:00:00;642.8100;1594.9200;1411.3600;553.9700;2388.1100;9051.5400;47.5200;521.6300;2388.0900;8134.3700;8.4364;394.0000;0.041271;-0.030706;0.002934;Healthy;WO898565;2860.99
2026-07-02;ENG-076;94;2026-01-04 22:00:00;642.0800;1582.7900;1400.2000;553.8800;2388.0400;9067.0000;47.2500;522.0400;2387.9900;8134.1400;8.4305;392.0000;-0.023565;-2.615390;0.005259;Healthy;WO812605;2994.07
2026-07-02;ENG-066;67;2026-01-03 19:00:00;642.8300;1590.8300;1410.0600;554.2500;2388.0900;9066.9800;47.5200;521.7600;2388.1100;8143.4100;8.4329;393.0000;0.078450;-0.051404;0.000938;Warning;WO491827;2460.69
02-Jul-2026;ENG-070;73;2026-01-04 01:00:00;642.0200;1581.3500;1407.8800;553.8200;2388.1100;9047.3000;47.3100;521.6000;2388.1000;8130.4300;8.4132;392.0000;0.006847;-0.463267;0.005720;Healthy;WO542417;2,122.37
2026/07/02;ENG-038;50;2026-01-03 02:00:00;642.3600;1594.6800;1411.1300;552.9500;2388.1400;9053.3800;47.6200;520.9300;2388.1600;8134.8600;8.4563;393.0000;0.003148;0.323832;0.002672;Healthy;WO853862;2620.26
2026/07/02;eng-049;138;2026-01-06 18:00:00;642.4100;1577.8500;1400.4800;554.3900;2388.0900;9058.0700;47.3200;521.7800;2388.0300;8147.6500;8.3830;391.0000;0.026349;-1.024154;0.001859;healthy;WO205274;1804.80
2026-07-02;eng-037;58;2026-01-03 10:00:00;642.4900;1579.8300;1398.6200;554.1700;2388.0800;9047.7900;47.2900;521.3700;2388.0300;8133.4800;8.4218;392.0000;-0.001458;-0.847884;0.005885;Healthy;WO753269;715.16
2026-07-02;ENG-006;39;2026-01-02 15:00:00;641.9900;1592.8200;1403.2200;553.3700;2388.0900;9053.8200;47.4500;521.7700;2388.0300;8134.1700;8.4324;394.0000;0.052597;-0.369232;0.001691;healthy;WO906072;1484.49
2026/07/02;ENG-084;72;2026-01-04 00:00:00;643.0700;1585.2700;1408.9000;553.7400;2388.0800;9054.6200;47.6300;521.4700;2388.0700;8137.8900;8.4218;391.0000;0.054389;-0.231449;0.000465;Healthy;WO201413;1,740.60
02-Jul-2026;  ENG-002 ;22;2026-01-01 22:00:00;642.4400;1585.4800;1412.6900;554.2200;2388.0500;9052.7500;47.5400;522.0900;2388.0900;8126.3300;8.4271;393.0000;0.043042;-0.261039;0.002959;Healthy;WO529667;
02-Jul-2026;ENG-042;81;2026-01-04 09:00:00;642.5800;1590.3100;1406.7300;554.2300;2388.1000;9047.7200;47.2400;522.2300;2388.0700;8129.4900;8.3851;392.0000;0.008456;-0.645732;0.005752;Healthy;WO533129;1683.15
2026/07/02;ENG-010;101;2026-01-05 05:00:00;642.4700;1585.3300;1398.1400;554.2400;2388.0100;9054.7900;47.3000;522.5100;2388.0400;8146.9100;8.4132;392.0000;0.040256;-1.053439;0.000913;Healthy;WO844546;856.01
2026/07/02;ENG-084;91;2026-01-04 19:00:00;642.3500;1592.0300;1401.0600;553.1400;2388.1000;9053.6900;47.4000;521.8400;2388.0800;8136.6700;8.4278;394.0000;0.055795;-0.236175;0.001997;warning;WO637756;6237.73
2026/07/02;ENG-029;62;2026-01-03 14:00:00;642.1100;1587.6000;1406.8700;553.9000;2388.0900;9054.8400;47.1700;522.0500;2388.0400;8140.4100;8.3902;392.0000;0.002171;-0.902828;0.002197;Healthy;WO745921;1407.78
2026-07-02;ENG-036;77;2026-01-04 05:00:00;643.0200;1592.3700;1407.7600;552.4400;2388.2200;9060.4700;47.6400;521.1400;2388.1300;8142.2600;8.4351;393.0000;0.004999;0.438952;0.002493;warning;WO486065;11,977.58
2026-07-02;ENG-030;59;2026-01-03 11:00:00;642.6700;1582.2600;1401.5500;553.0100;2388.1400;9044.2100;47.3400;521.7900;2388.0800;8124.6100;8.4503;394.0000;0.020259;-0.371495;0.004714;healthy;WO104696;2,628.23
02-Jul-2026;ENG-063;87;2026-01-04 15:00:00;643.0300;1587.5500;1399.0900;553.3500;2388.1100;9047.2100;47.5300;521.2400;2388.1500;8128.5700;8.4431;394.0000;0.010887;0.082554;0.001215;Healthy;WO837134;932.57
02-Jul-2026;  ENG-011 ;51;2026-01-03 03:00:00;642.1400;1592.7800;1407.6200;552.8200;2388.1300;9042.5400;47.5300;520.6400;2388.1900;8123.6800;8.4473;394.0000;-0.038032;0.222238;0.004794;Healthy;WO398367;1,565.31
2026/07/02;ENG-074;62;2026-01-03 14:00:00;642.3700;1584.3600;1407.2100;554.3600;2388.1100;9059.6100;47.5800;521.2300;2388.0800;8140.3100;8.4594;391.0000;0.051869;-0.266594;0.001043;HEALTHY;WO723313;954.10
2026/07/02;ENG-040;75;2026-01-04 03:00:00;642.3600;1593.3200;1414.1800;552.7600;2388.1400;9062.7700;47.7100;521.2000;2388.1000;8138.6500;8.4097;393.0000;0.030804;0.264726;0.002625;Healthy;WO211760;192.53
2026-07-02;  ENG-092 ;82;2026-01-04 10:00:00;642.4300;1597.2000;1413.4700;552.7800;2388.1000;9039.2600;47.6800;521.6900;2388.1400;8120.2000;8.4304;393.0000;-0.016938;0.234210;0.002473;Healthy;WO708713;1,865.07
2026-07-02;ENG-041;49;2026-01-03 01:00:00;642.1800;1578.2100;1403.9200;554.3300;2388.0300;9044.7500;47.2000;522.2400;2388.0400;8128.1600;8.4266;393.0000;-0.004734;-0.957294;0.001922;healthy;WO943680;1048.29
2026/07/02;ENG-021;65;2026-01-03 17:00:00;642.4600;1582.0800;1403.2300;555.0400;2388.0200;9055.8200;47.2900;522.5400;2387.9800;8135.3100;8.4177;391.0000;0.040515;-1.086024;0.002043;Healthy;WO441268;155.22
02-Jul-2026;ENG-091;148;2026-01-07 04:00:00;643.2700;1595.3800;1416.2000;553.3800;2388.2000;9051.2100;47.5700;520.7400;2388.1500;8131.3400;8.4922;394.0000;-0.053766;0.621929;0.007019;Healthy;WO974421;2,287.37
02-Jul-2026;ENG-006;48;2026-01-03 00:00:00;642.8900;1590.4300;1402.8200;554.2400;2388.1000;9046.9300;47.2400;521.5000;2388.1000;8137.9100;8.4492;393.0000;0.028947;-0.212322;0.001590;Healthy;WO310740;1,256.58
02-Jul-2026;ENG-074;72;2026-01-04 00:00:00;642.0500;1586.4400;1405.0100;553.6700;2388.0900;9060.4300;47.4900;522.0500;2388.0900;8145.7300;8.4351;393.0000;0.056240;-0.294824;0.001286;Healthy;WO672367;214.97
2026-07-02;ENG-019;75;2026-01-04 03:00:00;642.3400;1592.0900;1392.8800;553.6700;2388.0600;9053.6800;47.2700;522.0900;2388.0200;8133.4800;8.4045;391.0000;0.053305;-0.957546;0.002663;Healthy;WO583852;2540.26
2026/07/02;ENG-077;58;2026-01-03 10:00:00;642.5300;1584.0400;1399.6300;553.6400;2388.0600;9057.4000;47.1400;521.3900;2388.0700;8128.8400;8.3943;392.0000;-0.001301;-0.837301;0.002595;Healthy;WO495320;1,965.16
02-Jul-2026;ENG-016;76;2026-01-04 04:00:00;642.4400;1583.8100;1401.7100;554.1700;2388.0300;9060.0000;47.2800;521.9200;2388.0500;8139.5600;8.3991;391.0000;0.016147;-0.982785;0.002878;Healthy;WO962303;1965.86
02-Jul-2026;ENG-096;55;2026-01-03 07:00:00;642.2900;1584.4100;1401.4300;554.4300;2388.0000;9067.3800;47.2700;522.4500;2388.0200;8147.0500;8.3968;393.0000;0.039929;-0.936217;0.000810;Healthy;WO315533;301.58
2026-07-02;  ENG-045 ;76;2026-01-04 04:00:00;642.4300;1589.0300;1409.4700;553.5700;2388.0900;9066.0800;47.6300;521.0700;2388.0700;8137.7700;8.4496;393.0000;0.044313;0.138876;0.001501;Healthy;WO854888;1638.64
2026-07-02;ENG-085;14;2026-01-01 14:00:00;642.4500;1583.8900;1406.3200;553.6200;2388.0900;9051.0800;47.4000;521.7300;2388.0800;8127.4900;8.4219;394.0000;0.028277;-0.319318;0.002543;Healthy;WO417287;655.50
2026/07/02;ENG-012;117;2026-01-05 21:00:00;642.4700;1582.1400;1400.3500;554.2600;2388.0300;9055.3500;47.0800;522.2100;2388.0200;8140.0000;8.4162;391.0000;0.024696;-1.044488;0.000598;Healthy;WO391829;1490.94
2026/07/02;ENG-067;46;2026-01-02 22:00:00;642.7200;1589.3400;1401.2100;553.7600;2388.0500;9052.2400;47.4600;521.9400;2388.0300;8141.7700;8.4517;391.0000;0.049716;-0.517253;0.003418;Healthy;WO644909;
02-Jul-2026;ENG-065;38;2026-01-02 14:00:00;642.4500;1585.6200;1385.2700;554.5000;2388.0300;9071.0200;47.1700;522.4300;2388.0000;8149.0600;8.3749;392.0000;0.051115;-1.138085;0.001544;healthy;WO160809;1,019.49
02-Jul-2026;eng-015;48;2026-01-03 00:00:00;642.4700;1587.5000;1404.3100;554.8500;2388.0800;9055.5000;47.3200;521.8700;2388.0500;8135.1300;8.3764;391.0000;-0.011630;-0.973530;0.011207;Healthy;WO764396;296.11
2026-07-02;ENG-030;64;2026-01-03 16:00:00;643.0400;1591.3300;1405.8500;553.4700;2388.1200;9046.4100;47.3700;521.0600;2388.0800;8126.0800;8.4321;392.0000;0.013620;-0.016974;0.001733;Healthy;WO882232;2681.87
2026-07-02;ENG-091;146;2026-01-07 02:00:00;642.8700;1592.4500;1414.8600;553.0800;2388.1300;9049.9200;47.8800;520.8700;2388.1600;8126.4100;8.4766;394.0000;-0.053253;0.608611;0.003751;warning;WO845459;1218.69
02-Jul-2026;ENG-028;62;2026-01-03 14:00:00;642.5100;1588.3100;1410.3200;554.0400;2388.1200;9045.5500;47.4900;521.7800;2388.0800;8124.6700;8.4397;392.0000;0.031991;-0.204399;0.001592;Healthy;WO974303;2,507.54
02-Jul-2026;eng-040;88;2026-01-04 16:00:00;643.0500;1592.4200;1415.1400;554.0000;2388.1000;9054.0100;47.5800;521.2800;2388.1800;8139.9000;8.4428;394.0000;-0.010129;0.438424;0.004549;Healthy;WO368055;1,383.09
02-Jul-2026;ENG-004;39;2026-01-02 15:00:00;642.2600;1591.7100;1402.9700;554.0100;2388.1400;9053.5900;47.6300;522.1900;2388.0700;8134.2800;8.4190;391.0000;0.040780;-0.415235;0.001722;Healthy;WO477790;1308.57
2026-07-02;ENG-011;54;2026-01-03 06:00:00;642.7900;1589.4400;1405.2700;553.5000;2388.1500;9040.6500;47.7800;520.6500;2388.1200;8120.7700;8.4280;394.0000;-0.043563;0.198522;0.005515;Healthy;WO443905;380.79
2026-07-02;  ENG-094 ;88;2026-01-04 16:00:00;643.4000;1590.9700;1410.0300;552.7000;2388.0800;9059.3400;47.5300;521.3800;2388.0400;8135.7100;8.4712;393.0000;0.049450;0.240807;0.004708;Healthy;WO794423;1,926.17
02-Jul-2026;ENG-086;47;2026-01-02 23:00:00;642.2700;1579.0500;1403.6000;554.2300;2388.0700;9064.8400;47.2200;521.6800;2388.0900;8139.5400;8.4354;393.0000;0.015871;-0.643856;0.002329;Healthy;WO226253;519.07
02-Jul-2026;eng-006;58;2026-01-03 10:00:00;642.4300;1588.6000;1397.5600;553.5600;2388.0800;9054.9800;47.5200;521.6400;2388.0900;8137.1000;8.3716;392.0000;0.021924;-0.704194;0.001257;Healthy;WO908244;2455.83
2026-07-02;ENG-037;80;2026-01-04 08:00:00;642.3200;1592.1600;1403.9600;553.3200;2388.0600;9052.6200;47.2800;521.5200;2388.0600;8132.4700;8.4348;391.0000;0.043459;-0.306709;0.002146;Healthy;WO621886;1771.49
02-Jul-2026;ENG-046;84;2026-01-04 12:00:00;642.4500;1593.9900;1404.1500;553.5600;2388.0800;9063.8300;47.5000;521.6800;2388.1000;8143.7000;8.4199;394.0000;0.072589;-0.156739;0.000554;Healthy;WO604245;2901.56
2026-07-02;ENG-091;141;2026-01-06 21:00:00;642.8800;1587.6100;1410.1800;553.0000;2388.1200;9044.0100;47.7000;520.8000;2388.1500;8126.6500;8.4474;391.0000;-0.017422;0.202090;0.001254;healthy;WO637012;
2026-07-02;ENG-058;94;2026-01-04 22:00:00;642.2500;1583.2300;1406.7600;553.9700;2388.1000;9044.0600;47.5600;521.9300;2388.0900;8130.8300;8.4383;392.0000;0.027985;-0.430089;;Healthy;WO572630;1,288.70
02-Jul-2026;ENG-021;71;2026-01-03 23:00:00;642.4000;1586.7400;1399.3200;554.6400;2388.0500;9063.3000;47.2500;522.6100;2388.0600;8135.5500;8.4148;391.0000;0.000440;-2.747348;0.024030;HEALTHY;WO435632;107.33
02-Jul-2026;ENG-008;104;2026-01-05 08:00:00;642.4000;1588.4100;1414.5600;553.7200;2388.0900;9054.8200;47.5600;521.4100;2388.0800;8129.3000;8.4015;393.0000;0.034926;-0.038936;0.000896;Healthy;WO666065;1,239.21
2026-07-02;eng-028;79;2026-01-04 07:00:00;642.7200;1591.5500;1402.3300;553.5700;2388.1100;9051.0700;47.4200;521.4900;2388.0600;8124.6600;8.4169;392.0000;0.030468;-0.369139;0.001938;Healthy;WO649950;1393.84
2026/07/02;ENG-036;75;2026-01-04 03:00:00;642.5800;1589.5700;1418.6100;552.6200;2388.1300;9066.8200;47.6400;521.6100;2388.0900;8140.3600;8.4477;394.0000;0.049491;0.331867;0.003562;Warning;WO426402;14115.95
02-Jul-2026;ENG-093;157;2026-01-07 13:00:00;642.9100;1584.7700;1414.0800;553.9600;2388.1000;9059.4000;47.4900;521.9800;2388.0800;8138.5700;8.4314;395.0000;0.038553;0.092379;0.000633;Healthy;WO867100;
2026/07/02;ENG-089;64;2026-01-03 16:00:00;642.5400;1587.8500;1399.5700;553.9200;2388.1100;9041.8600;47.5700;521.2800;2388.1400;8127.4200;8.4868;393.0000;0.003530;0.000523;0.001432;Healthy;WO818538;1126.58
02-Jul-2026;ENG-013;92;2026-01-04 20:00:00;642.2700;1586.3800;1400.0300;553.8400;2388.0300;9065.4000;47.1800;522.6100;2388.0000;8139.7500;8.4159;392.0000;0.045992;-1.022170;0.002342;Healthy;WO189045;2767.59
2026/07/02;ENG-089;72;2026-01-04 00:00:00;642.6600;1584.1500;1413.3400;553.9800;2388.0200;9048.2900;47.5100;521.4800;2388.0600;8128.8700;8.4418;392.0000;0.039364;-0.209446;0.003635;Warning;WO238678;9,059.64
2026/07/02;  ENG-090 ;92;2026-01-04 20:00:00;642.2900;1586.9700;1401.5700;553.6900;2388.1200;9058.5000;47.5800;521.3400;2388.1300;8133.1000;8.4580;394.0000;0.035087;0.001205;0.001502;Healthy;WO947676;1,444.89
2026/07/02;ENG-026;37;2026-01-02 13:00:00;642.2700;1579.2100;1396.6500;553.6200;2388.0600;9067.2100;47.1400;521.9500;2388.0800;8144.0500;8.3982;392.0000;-0.063919;-2.590281;0.006404;healthy;WO238577;
2026/07/02;  ENG-037 ;71;2026-01-03 23:00:00;642.4800;1586.1300;1401.0000;553.6300;2388.0100;9053.2900;47.2700;522.2800;2388.0300;8134.9400;8.4027;393.0000;0.030480;-0.911557;0.000946;Healthy;WO726467;1806.55
2026-07-02;  ENG-093 ;146;2026-01-07 02:00:00;642.7400;1595.6800;1417.3000;552.7400;2388.1300;9067.0600;47.6700;521.2000;2388.1100;8135.9100;8.4385;393.0000;0.032541;0.363681;0.001669;Healthy;WO671087;2970.29
2026-07-02;eng-098;78;2026-01-04 06:00:00;643.1700;1591.6100;1409.4300;553.6200;2388.0800;9066.1300;47.5100;521.7600;2388.0700;8141.0700;8.4429;393.0000;0.086357;0.042257;0.001365;Warning;WO793453;6,116.98
2026-07-02;ENG-007;65;2026-01-03 17:00:00;641.7300;1581.5000;1404.0800;554.5900;2388.0200;9052.3000;47.1100;521.6900;2388.0100;8146.0000;8.3926;391.0000;0.008726;-1.114870;0.005631;Healthy;WO380777;
2026-07-02;ENG-012;97;2026-01-05 01:00:00;642.0100;1588.0500;1400.6100;553.9600;2387.9700;9058.9800;47.2500;522.5700;2388.0000;8141.8300;8.3785;393.0000;0.047094;-1.130380;0.000691;Healthy;WO592791;2,660.10
2026-07-02;ENG-035;80;2026-01-04 08:00:00;642.6100;1587.8300;1403.8600;553.5500;2388.0800;9050.3000;47.4800;520.9600;2388.1500;8130.5900;8.4293;393.0000;0.003595;0.077689;0.000994;Healthy;WO407292;2,196.48
2026/07/02;ENG-097;74;2026-01-04 02:00:00;642.7100;1582.9300;1397.5300;553.8200;2387.9800;9068.5500;47.4000;521.9000;2388.0000;8148.4100;8.4306;390.0000;0.070405;-0.923235;0.001269;Healthy;WO112319;1765.38
2026/07/02;ENG-038;69;2026-01-03 21:00:00;642.4700;1599.3300;1408.2700;553.1200;2388.1000;9056.5100;47.5300;521.2700;2388.1400;8138.6400;8.4256;392.0000;0.045419;0.199994;0.003761;Healthy;WO711347;437.63
02-Jul-2026;  ENG-100 ;97;2026-01-05 01:00:00;642.3000;1584.9700;1397.7300;554.6300;2388.0200;9059.0300;47.3500;521.8400;2388.0300;8145.0800;8.4033;394.0000;0.028325;-0.685223;0.000622;Healthy;WO396772;2018.50
02-Jul-2026;  ENG-019 ;71;2026-01-03 23:00:00;641.9200;1579.5400;1401.5000;554.5800;2388.0400;9042.9900;47.3500;522.1600;2388.0400;8135.2400;8.3746;392.0000;0.001491;-1.051032;0.001726;Healthy;WO300793;1617.20
2026-07-02;ENG-056;86;2026-01-04 14:00:00;642.8900;1590.5600;1409.7700;552.7700;2388.1400;9048.2300;47.7700;520.7300;2388.1600;8119.9900;8.4460;395.0000;-0.063042;0.524577;0.005051;Warning;WO239013;11303.85
2026-07-02;eng-020;95;2026-01-04 23:00:00;642.7700;1583.1300;1404.4200;553.6000;2388.0800;9064.0500;47.4400;521.8900;2388.0100;8145.0800;8.4416;393.0000;0.062842;-0.438395;0.000573;Healthy;WO464169;2258.07
02-Jul-2026;eng-070;86;2026-01-04 14:00:00;642.7600;1583.7400;1410.6300;553.8700;2388.0800;9056.7900;47.5300;521.3000;2388.1200;8131.5100;8.4285;393.0000;0.042391;-0.085348;0.001973;healthy;WO676570;1211.03
2026-07-02;ENG-071;39;2026-01-02 15:00:00;642.3900;1586.7400;1397.5000;554.0700;2388.0700;9065.8100;47.3000;522.2800;2388.0400;8148.6600;8.3980;393.0000;0.036412;-0.842641;0.001638;Healthy;WO570355;2,481.96
2026-07-02;ENG-097;87;2026-01-04 15:00:00;642.3900;1581.7900;1403.0500;554.0200;2388.0400;9075.2400;47.2100;521.9700;2388.0100;8151.5800;8.4058;393.0000;0.057163;-0.868200;0.002277;Healthy;WO219473;1,411.02
02-Jul-2026;ENG-007;82;2026-01-04 10:00:00;642.2700;1587.8700;1400.4300;554.6700;2387.9600;9057.6200;47.2500;522.1100;2388.0000;8140.8500;8.3623;392.0000;0.017681;-1.025100;0.001691;Healthy;WO384473;2780.25
2026/07/02;ENG-070;75;2026-01-04 03:00:00;642.1800;1582.9800;1411.4800;553.5100;2388.0800;9054.4300;47.5000;521.6700;2388.1400;8132.9400;8.4388;391.0000;0.039583;-0.275335;0.001187;Healthy;WO698595;2499.53
2026/07/02;ENG-036;82;2026-01-04 10:00:00;643.2000;1594.1900;1406.9000;553.1700;2388.1600;9065.7800;47.5700;520.6600;2388.1700;8136.8600;8.4625;394.0000;-0.005475;0.513886;0.002121;HEALTHY;WO716076;987.24
02-Jul-2026;ENG-012;111;2026-01-05 15:00:00;642.4500;1587.9700;1400.4500;554.6200;2388.0100;9062.0100;47.4200;522.3500;2388.0000;8144.1400;8.3683;392.0000;0.037754;-1.017702;0.000772;Healthy;WO400547;1008.02
2026/07/02;ENG-033;22;2026-01-01 22:00:00;642.2700;1587.2700;1409.7100;552.3500;2388.0900;9062.2700;47.6800;521.2200;2388.1400;8141.7400;8.4386;393.0000;0.062077;0.117157;0.003863;Healthy;WO305552;2,219.33
2026/07/02;  ENG-068 ;112;2026-01-05 16:00:00;642.8900;1592.9000;1400.8500;553.7600;2388.0800;9053.8300;47.4900;521.8300;2388.1200;8139.7200;8.4488;394.0000;0.075751;-0.005388;0.002799;Healthy;WO235038;2201.28
02-Jul-2026;ENG-051;74;2026-01-04 02:00:00;643.0800;1584.5700;1409.3800;553.9100;2388.0600;9052.0300;47.4600;521.3500;2388.1000;8137.1500;8.4024;394.0000;0.032102;-0.320562;0.001777;Healthy;WO983770;1,177.60
2026-07-02;ENG-051;79;2026-01-04 07:00:00;642.0000;1584.3600;1410.7600;553.2700;2388.1200;9051.5800;47.6200;521.6900;2388.0500;8127.0100;8.4375;393.0000;0.044845;-0.264240;0.000150;Healthy;WO338473;2678.94
2026/07/02;eng-091;121;2026-01-06 01:00:00;642.1700;1596.8600;1416.6200;553.0700;2388.1500;9054.8100;47.6300;521.4500;2388.1300;8125.3400;8.4656;394.0000;-0.007166;0.331038;0.000814;Healthy;WO934906;141.61
02-Jul-2026;  ENG-080 ;88;2026-01-04 16:00:00;641.8300;1581.5500;1406.6600;553.6600;2387.9900;9060.2900;47.2500;521.5700;2388.0600;8141.8800;8.4546;393.0000;0.040267;-0.510400;0.001158;Healthy;WO966352;410.93
2026/07/02;ENG-036;74;2026-01-04 02:00:00;642.7300;1590.8600;1413.7200;552.6600;2388.1700;9065.4200;47.6400;520.8200;2388.0800;8143.4400;8.4400;394.0000;0.001103;0.555887;0.005718;HEALTHY;WO266606;1,100.86
2026-07-02;ENG-040;62;2026-01-03 14:00:00;642.8300;1591.9500;1415.3800;553.0500;2388.0700;9056.9600;47.4100;521.7800;2388.1400;8136.8900;8.4604;393.0000;0.061186;0.087944;0.002627;Healthy;WO204554;1,824.84
02-Jul-2026;ENG-091;82;2026-01-04 10:00:00;642.8200;1594.2100;1408.5900;552.9300;2388.1800;9052.3900;47.5600;521.1700;2388.1300;8129.2100;8.4590;393.0000;-0.002614;0.303938;0.003654;Healthy;WO248491;721.70
02-Jul-2026;ENG-058;96;2026-01-05 00:00:00;642.5800;1584.1000;1399.2200;554.1200;2388.0300;9050.5100;47.4100;521.8900;2388.0900;8135.9100;8.4073;393.0000;0.022348;-0.579343;0.002561;healthy;WO400255;291.74
2026/07/02;ENG-065;47;2026-01-02 23:00:00;641.7900;1586.0200;1398.4500;554.6400;2388.0200;9072.8500;47.1400;522.5600;2387.9600;8146.5400;8.4203;392.0000;0.039217;-2.617884;0.003782;Healthy;WO295430;405.01
2026-07-02;eng-023;56;2026-01-03 08:00:00;641.7800;1584.7800;1399.3100;554.8900;2388.0300;9049.6700;47.2000;522.1500;2387.9900;8134.3600;8.4101;393.0000;0.019604;-1.091154;0.002013;Healthy;WO861426;
2026/07/02;ENG-051;84;2026-01-04 12:00:00;642.4800;1590.7700;1406.2300;553.7900;2388.1000;9048.7900;47.3500;522.1400;2388.0500;8133.9000;8.4434;390.0000;0.031522;-0.547129;0.002335;Healthy;WO570225;832.83
2026-07-02;ENG-057;103;2026-01-05 07:00:00;642.5100;1589.8800;1403.4100;553.4000;2388.0900;9050.8600;47.4700;521.6500;2388.0300;8126.8600;8.4509;394.0000;0.048997;-0.099235;0.001912;Healthy;WO891294;582.60
2026-07-02;ENG-056;73;2026-01-04 01:00:00;642.7200;1584.2200;1412.5200;552.9800;2388.1800;9048.1400;47.5700;521.3300;2388.1600;8129.4700;8.4086;394.0000;-0.024619;0.207854;0.002109;Healthy;WO921660;352.28
2026/07/02;ENG-057;58;2026-01-03 10:00:00;642.9900;1592.3200;1400.0100;554.4700;2388.0500;9044.6900;47.4000;522.0800;2388.0600;8133.7300;8.4255;393.0000;-0.009774;-2.697557;0.004980;Healthy;WO571967;2,974.44
2026/07/02;  ENG-049 ;197;2026-01-09 05:00:00;642.5600;1586.1600;1399.3800;553.6000;2388.0800;9058.0400;47.3900;521.7600;2388.0600;8141.3900;8.4236;392.0000;0.042819;-0.505352;0.001315;Healthy;WO367926;2974.55
2026/07/02;ENG-003;47;2026-01-02 23:00:00;642.6300;1587.0500;1407.7900;553.6000;2388.1400;9051.6900;47.5600;520.8100;2388.1100;8137.4400;8.4516;394.0000;0.009687;0.103155;0.001604;Healthy;WO702278;2,841.63
02-Jul-2026;ENG-041;51;2026-01-03 03:00:00;642.4100;1586.0400;1395.5900;553.7900;2388.0200;9052.7200;47.2900;522.2800;2388.0200;8132.0100;8.4265;390.0000;0.046640;-1.049658;0.001922;Healthy;WO909444;1,475.19
2026/07/02;ENG-036;81;2026-01-04 09:00:00;642.8900;1593.7200;1408.7100;552.6500;2388.1600;9063.5900;47.7400;520.4500;2388.1400;8143.0900;8.4692;394.0000;0.006376;0.562248;0.002847;HEALTHY;WO876397;
2026/07/02;ENG-064;98;2026-01-05 02:00:00;642.6500;1592.3500;1401.4300;553.3000;2388.0500;9063.5900;47.4700;521.1900;2388.0400;8145.1100;8.4362;394.0000;0.080624;-0.100325;0.001606;Healthy;WO217041;1723.03
02-Jul-2026;ENG-038;71;2026-01-03 23:00:00;643.1200;1595.4000;1413.2200;552.7500;2388.1400;9062.0400;47.5900;521.1700;2388.1300;8138.8300;8.4485;395.0000;0.007422;0.523109;0.002762;Healthy;WO621489;107.34
02-Jul-2026;ENG-018;58;2026-01-03 10:00:00;642.1300;1581.6100;1399.5200;554.7000;2387.9700;9062.9000;47.5700;521.8700;2388.0400;8143.8900;8.4012;392.0000;0.016785;-0.951123;0.002184;Healthy;WO157334;2661.00
02-Jul-2026;eng-029;113;2026-01-05 17:00:00;642.1900;1580.9000;1405.8400;553.6200;2388.0500;9057.7500;47.2900;521.8500;2388.0700;8148.8700;8.4000;391.0000;0.030116;-0.736546;0.001656;healthy;WO553170;521.94
02-Jul-2026;ENG-012;119;2026-01-05 23:00:00;641.9600;1587.0900;1398.0200;552.8200;2387.9700;9063.5300;47.2300;522.1400;2388.0400;8138.2400;8.4049;392.0000;-0.031622;-2.571513;0.003967;healthy;WO547292;1112.74
2026-07-02;  ENG-030 ;79;2026-01-04 07:00:00;642.7800;1589.9500;1405.8100;554.3500;2388.1600;9045.2600;47.4100;521.7600;2388.1000;8127.0200;8.4263;391.0000;0.011463;-0.399133;0.007464;Healthy;WO697704;140.76
2026/07/02;ENG-076;73;2026-01-04 01:00:00;642.0200;1587.4600;1399.8300;553.7800;2388.0500;9059.8100;47.0700;522.5200;2388.0100;8150.1100;8.4210;392.0000;0.050368;-0.987293;0.001444;Healthy;WO155343;576.87
02-Jul-2026;ENG-067;31;2026-01-02 07:00:00;642.0300;1587.3600;1404.5100;553.5100;2388.0700;9064.3500;47.3600;521.6400;2388.0500;8144.5000;8.4314;391.0000;0.044711;-0.597440;0.001245;Healthy;WO219691;193.10
02-Jul-2026;  ENG-052 ;93;2026-01-04 21:00:00;641.7000;1576.8700;1401.8900;554.4100;2388.0300;9069.4900;47.1900;522.2000;2388.0000;8143.2500;8.3861;391.0000;0.027005;-1.177960;0.001337;Healthy;WO579479;1878.35
2026/07/02;ENG-004;38;2026-01-02 14:00:00;642.9100;1589.0700;1407.8500;553.5100;2388.0200;9051.8800;47.4100;521.2500;2388.1400;8132.5300;8.4293;390.0000;0.048659;-0.064111;0.001390;Healthy;WO800173;1,856.50
2026-07-02;ENG-032;68;2026-01-03 20:00:00;642.3100;1577.5300;1403.1900;554.3400;2388.0300;9071.5400;47.2200;521.8600;2387.9600;8150.8200;8.3841;391.0000;0.043240;-1.067383;0.001092;Healthy;WO367325;563.59
2026-07-02;ENG-062;152;2026-01-07 08:00:00;642.1600;1578.9100;1397.3500;553.8400;2388.0600;9067.7500;47.4100;522.0400;2388.0200;8151.4200;8.4244;391.0000;0.048098;-0.965257;0.001171;Healthy;WO227280;2,749.66
02-Jul-2026;ENG-061;79;2026-01-04 07:00:00;642.3200;1590.2500;1399.7600;555.3800;2388.0600;9066.1200;47.1200;521.7900;2388.0500;8145.4700;8.4290;391.0000;0.017520;-0.966722;0.002561;Healthy;WO171329;1990.25
2026/07/02;ENG-062;106;2026-01-05 10:00:00;642.4900;1588.7100;1405.5600;554.0700;2388.0300;9058.3400;47.2200;522.2800;2387.9800;8140.5800;8.4118;393.0000;0.036143;-0.815663;0.000691;Healthy;WO564768;
02-Jul-2026;ENG-035;69;2026-01-03 21:00:00;642.7900;1586.8800;1415.9900;554.0200;2388.1400;9053.5100;47.5400;521.0900;2388.1100;8128.1100;8.4629;392.0000;-0.009775;0.128173;0.000901;Healthy;WO343136;1,153.10
2026/07/02;ENG-039;20;2026-01-01 20:00:00;641.5900;1583.6500;1399.1600;554.7500;2388.0500;9059.5100;47.2800;522.7000;2388.0200;8142.6100;8.4062;391.0000;0.040970;-1.218052;0.000846;HEALTHY;WO210907;840.09
2026-07-02;ENG-013;105;2026-01-05 09:00:00;642.0300;1592.1600;1398.1100;554.6500;2388.0400;9073.1900;47.1900;522.0900;2388.0700;8143.3900;8.3780;392.0000;0.015259;-1.025434;0.001245;Healthy;WO973623;1896.24
2026/07/02;eng-011;30;2026-01-02 06:00:00;642.4800;1592.1400;1412.5200;553.3200;2388.1400;9037.6300;47.5600;521.0000;2388.1600;8120.4700;8.4217;393.0000;-0.044471;0.171242;0.004372;Healthy;WO618945;2605.68
02-Jul-2026;eng-040;64;2026-01-03 16:00:00;642.3900;1590.5500;1408.1300;552.2900;2388.1300;9060.1100;47.5800;520.8200;2388.1000;8134.3300;8.4362;394.0000;0.016355;0.240652;0.000532;Warning;WO787768;8,523.66
2026-07-02;ENG-068;78;2026-01-04 06:00:00;642.5700;1587.1500;1405.3500;554.0400;2388.0800;9053.2900;47.2300;521.3500;2388.0500;8139.5300;8.4050;392.0000;0.022287;-0.489298;0.002323;Healthy;WO765097;1211.59
02-Jul-2026;ENG-076;125;2026-01-06 05:00:00;642.3500;1583.4800;1405.8600;553.8800;2388.1000;9070.6400;47.4800;521.3500;2388.0600;8144.9100;8.4326;393.0000;0.064396;-0.230650;0.002761;healthy;WO187563;2,550.72
02-Jul-2026;ENG-082;74;2026-01-04 02:00:00;642.2300;1587.3100;1411.6800;554.5300;2388.0200;9067.2500;47.4000;522.0000;2388.0300;8143.8400;8.4069;392.0000;0.042796;-0.730442;0.001119;Healthy;WO887746;1,415.96
2026-07-02;  ENG-062 ;97;2026-01-05 01:00:00;641.8100;1594.4600;1395.0700;554.6700;2387.9600;9062.7800;47.2400;522.5700;2388.0000;8142.9700;8.3797;392.0000;0.053688;-1.225889;0.001292;Healthy;WO259564;2635.14
2026-07-02;ENG-002;30;2026-01-02 06:00:00;642.7500;1583.7800;1409.9700;553.5800;2388.1200;9043.5700;47.4900;521.7400;2388.1100;8132.5800;8.4629;393.0000;0.030073;-0.091514;0.003119;Healthy;WO546386;1978.72
02-Jul-2026;ENG-071;32;2026-01-02 08:00:00;641.8600;1588.8000;1403.6300;554.1900;2388.0600;9064.6500;47.4000;522.3100;2388.0500;8144.5900;8.3842;393.0000;0.030317;-0.891477;0.002686;Healthy;WO920969;1150.64
2026/07/02;  ENG-021 ;88;2026-01-04 16:00:00;641.7700;1586.4700;1401.1800;554.4000;2388.0200;9055.1000;47.4200;521.9800;2387.9700;8138.7000;8.4250;393.0000;0.015893;-0.894594;0.002762;healthy;WO646001;820.16
2026/07/02;ENG-061;77;2026-01-04 05:00:00;641.6900;1587.2500;1402.2700;554.6700;2388.0800;9069.0700;47.1100;522.0900;2388.0100;8146.6400;8.3947;391.0000;0.025389;-1.012052;0.000598;Healthy;WO302033;435.46
02-Jul-2026;  ENG-076 ;70;2026-01-03 22:00:00;641.9800;1580.5400;1407.7200;554.3700;2388.0200;9062.3700;47.2600;522.0200;2388.0100;8144.0800;8.4020;393.0000;0.017782;-0.970094;0.001424;Healthy;WO834416;913.48
2026/07/02;  ENG-012 ;78;2026-01-04 06:00:00;642.2700;1584.7000;1395.5900;554.2700;2388.0400;9057.3800;47.3800;522.1900;2388.0500;8142.4400;8.4220;392.0000;-0.017915;-2.656130;0.001827;healthy;WO181582;2309.36
02-Jul-2026;ENG-001;14;2026-01-01 14:00:00;642.2300;1583.1600;1402.8800;554.6600;2388.0300;9045.3000;47.2400;521.9500;2388.0600;8130.3000;8.4293;392.0000;-0.005927;-0.964951;0.004229;Healthy;WO406299;1830.72
02-Jul-2026;ENG-010;98;2026-01-05 02:00:00;642.3600;1589.0200;1407.5500;554.3300;2388.0600;9062.0400;47.4500;522.0200;2388.0700;8140.4900;8.4172;392.0000;0.039212;-0.646133;0.000244;Healthy;WO202004;1,595.73
2026/07/02;eng-096;43;2026-01-02 19:00:00;641.6200;1583.6300;1412.2400;554.8900;2387.9900;9075.0100;47.1800;522.3800;2388.0000;8147.6500;8.4295;392.0000;0.032699;-1.032367;0.002100;Healthy;WO421682;2610.62
02-Jul-2026;eng-010;84;2026-01-04 12:00:00;641.6300;1590.0000;1402.0000;553.6300;2388.0200;9059.9800;47.1500;522.3600;2388.0000;8144.4800;8.3805;393.0000;0.037155;-1.094203;0.000598;Healthy;WO799094;2806.21
02-Jul-2026;ENG-083;30;2026-01-02 06:00:00;642.2800;1580.2100;1398.8800;554.1700;2388.0600;9056.5900;47.3600;522.1900;2388.0500;8138.4600;8.4039;393.0000;0.014906;-0.941720;0.000772;Healthy;WO162868;1,021.29
2026-07-02;  ENG-017 ;57;2026-01-03 09:00:00;642.2700;1583.9900;1406.9900;554.7100;2388.0400;9076.8200;47.2200;522.4800;2388.0400;8149.6900;8.4036;391.0000;0.031820;-0.990124;0.001036;Healthy;WO640304;2882.43
2026/07/02;ENG-027;49;2026-01-03 01:00:00;642.4100;1588.1100;1404.8200;554.3300;2388.0000;9051.1200;47.3100;522.0700;2388.0600;8132.7900;8.4226;391.0000;0.021442;-0.986686;;Healthy;WO593799;2834.86
2026/07/02;ENG-068;98;2026-01-05 02:00:00;642.4800;1589.4600;1403.1800;553.8900;2388.0900;9059.6000;47.3700;521.0600;2388.1000;8141.7400;8.4134;392.0000;0.042235;-0.335082;0.002233;Healthy;WO826586;979.55
2026/07/02;ENG-039;14;2026-01-01 14:00:00;642.2400;1587.5300;1401.2700;554.8800;2388.0600;9062.6500;47.2800;521.5800;2388.0700;8140.8400;8.4179;392.0000;0.012916;-0.765934;0.000244;Healthy;WO919125;2,841.65
2026-07-02;eng-037;62;2026-01-03 14:00:00;642.3100;1586.1300;1402.6500;553.6100;2388.0600;9058.7000;47.2300;522.6500;2388.0300;8137.4100;8.4045;391.0000;0.033761;-0.982675;0.002740;Healthy;WO959870;2295.00
2026/07/02;ENG-008;106;2026-01-05 10:00:00;642.5400;1584.3100;1413.5700;553.4100;2388.0900;9054.2300;47.5400;521.2000;2388.0700;8127.1000;8.4001;394.0000;0.035906;-0.200774;0.001115;Healthy;WO963710;1803.90
2026-07-02;ENG-017;81;2026-01-04 09:00:00;642.3300;1581.7900;1401.3800;555.2000;2387.9900;9076.8500;47.3100;522.5800;2387.9500;8150.8000;8.3896;392.0000;0.060613;-1.129807;0.001292;Healthy;WO530808;757.57
2026/07/02;ENG-074;73;2026-01-04 01:00:00;642.5700;1593.7800;1405.6300;553.7600;2388.1100;9059.7000;47.3400;521.1700;2388.0600;8138.1400;8.4110;393.0000;0.056525;-0.065901;0.001098;Healthy;WO391710;2,556.07
2026-07-02;ENG-034;82;2026-01-04 10:00:00;642.3300;1584.3200;1400.8400;554.0900;2387.9900;9061.8100;47.3200;522.3900;2387.9800;8137.1400;8.3907;392.0000;0.026116;-2.616644;0.003010;HEALTHY;WO301644;1,543.69
2026-07-02;  ENG-092 ;96;2026-01-05 00:00:00;643.3900;1592.2000;1415.3100;553.0400;2388.2200;9044.4400;47.6700;520.8800;2388.1200;8120.2100;8.4646;393.0000;-0.091145;0.623272;0.006234;Warning;WO181545;12,901.82
2026/07/02;ENG-072;60;2026-01-03 12:00:00;642.5000;1587.8200;1394.5000;553.2400;2388.0000;9062.1300;47.3700;522.3700;2388.0600;8138.7800;8.4302;392.0000;0.047244;-0.738952;0.000646;Healthy;WO218896;1724.77
2026/07/02;ENG-083;40;2026-01-02 16:00:00;642.4700;1581.2300;1403.4800;554.6900;2388.0300;9051.6900;47.4100;522.1200;2388.0100;8138.2300;8.3944;390.0000;0.020957;-0.987343;0.001744;Healthy;WO818470;255.14
02-Jul-2026;ENG-061;105;2026-01-05 09:00:00;642.4300;1585.2200;1400.6100;554.2200;2388.0700;9063.1200;47.5000;522.3600;2388.0900;8145.6500;8.4314;392.0000;0.045289;-0.638273;0.000880;Healthy;WO294051;1347.54
2026/07/02;  ENG-068 ;82;2026-01-04 10:00:00;642.1400;1583.7900;1405.2800;553.5500;2388.0700;9061.9500;47.4100;521.3300;2388.0300;8139.4000;8.4149;393.0000;0.038506;-0.510665;0.002810;Healthy;WO186946;1610.23
2026-07-02;ENG-010;88;2026-01-04 16:00:00;642.3000;1586.0100;1398.7600;554.4500;2387.9500;9060.7200;47.2200;523.0100;2388.0200;8142.9900;8.4442;393.0000;0.046755;-1.046140;0.000846;healthy;WO758697;994.46
2026-07-02;  ENG-031 ;120;2026-01-06 00:00:00;642.3800;1590.0000;1409.9000;554.1800;2388.0600;9073.4600;47.4600;522.0400;2388.0800;8151.0800;8.4195;393.0000;0.069532;-0.368387;0.002487;Healthy;WO620293;2,834.25
02-Jul-2026;  ENG-013 ;98;2026-01-05 02:00:00;641.9700;1585.5700;1403.8300;554.8300;2387.9600;9059.6300;47.2700;522.2200;2388.0600;8140.4200;8.4052;391.0000;0.025449;-1.169227;0.003069;Healthy;WO990508;1,888.65
2026/07/02;ENG-031;121;2026-01-06 01:00:00;642.8300;1592.0300;1399.9800;554.0600;2388.0500;9072.9100;47.6900;521.7000;2388.0600;8152.7500;8.4472;394.0000;0.108462;-0.004108;0.001764;Healthy;WO350345;867.60
2026/07/02;ENG-082;99;2026-01-05 03:00:00;642.8700;1585.6800;1409.8600;554.0200;2388.1200;9065.2300;47.5400;521.8700;2388.0700;8143.6000;8.4549;394.0000;0.065303;-0.159730;;Healthy;WO716886;1,107.51
02-Jul-2026;ENG-063;69;2026-01-03 21:00:00;642.4700;1585.9600;1409.3700;553.1500;2388.1400;9052.2300;47.5900;521.3700;2388.0800;8128.6400;8.4385;393.0000;0.023091;-0.059279;0.001143;Healthy;WO742942;719.52
2026-07-02;ENG-007;83;2026-01-04 11:00:00;642.4900;1585.9700;1397.4600;554.6300;2388.0400;9057.8200;47.3700;522.0600;2388.0200;8144.4400;8.4057;391.0000;0.034001;-0.983311;0.002537;Healthy;WO672234;418.70
2026/07/02;ENG-041;78;2026-01-04 06:00:00;642.4800;1583.6600;1403.9300;554.0700;2388.0700;9050.5800;47.5500;521.6600;2388.1300;8123.8500;8.4243;393.0000;0.024855;-0.260082;0.003041;Healthy;WO694982;2330.38
2026-07-02;ENG-092;74;2026-01-04 02:00:00;642.6900;1593.7400;1408.3800;553.4700;2388.1200;9041.0700;47.5500;521.2600;2388.1900;8120.6200;8.4544;393.0000;-0.044999;0.344364;0.002151;Healthy;WO912712;2889.60
2026/07/02;eng-035;118;2026-01-05 22:00:00;642.5200;1594.6700;1413.2200;552.7200;2388.1600;9059.6600;47.5800;521.0700;2388.1300;8131.3700;8.4941;394.0000;-0.001405;0.468764;0.001303;Warning;WO104879;23799.00
02-Jul-2026;ENG-054;43;2026-01-02 19:00:00;641.8200;1580.0800;1399.5200;554.6200;2388.0100;9054.3400;47.1100;523.1400;2387.9700;8142.5000;8.3875;389.0000;0.094345;-1.374883;0.009271;healthy;WO736334;1700.95
2026-07-02;eng-067;32;2026-01-02 08:00:00;642.2800;1583.3300;1403.8000;554.3800;2388.0900;9064.0700;47.3000;521.7100;2388.0900;8138.9300;8.4230;393.0000;0.016276;-0.672763;0.001092;Healthy;WO502200;849.14
02-Jul-2026;ENG-040;76;2026-01-04 04:00:00;642.9200;1593.1900;1415.4200;552.6400;2388.1500;9060.0500;47.5200;521.4500;2388.1300;8140.2600;8.4429;394.0000;0.015593;0.436429;0.002448;Warning;WO508789;
02-Jul-2026;ENG-005;59;2026-01-03 11:00:00;642.6400;1594.9300;1401.5400;554.2200;2388.1600;9055.1500;47.5700;520.9100;2388.0800;8132.7200;8.4174;394.0000;0.034142;-0.080252;0.002963;Healthy;WO704161;1192.26
2026-07-02;ENG-024;71;2026-01-03 23:00:00;642.1600;1590.2600;1399.9900;554.1000;2388.0000;9070.8500;47.2300;522.0400;2387.9500;8152.6300;8.4134;391.0000;0.066469;-0.990289;0.002940;Healthy;WO811371;427.32
2026/07/02;ENG-003;76;2026-01-04 04:00:00;642.2700;1587.9200;1400.9400;552.5700;2388.0800;9050.2400;47.6700;521.1600;2388.0900;8133.8300;8.4511;395.0000;0.022936;0.200769;0.001382;healthy;WO770916;540.25
2026-07-02;ENG-024;116;2026-01-05 20:00:00;642.4200;1596.3800;1405.3500;553.8600;2388.0200;9076.0800;47.2800;522.2200;2387.9800;8158.4900;8.4119;391.0000;0.078089;-0.763787;0.011683;Healthy;WO727749;
02-Jul-2026;ENG-063;60;2026-01-03 12:00:00;642.8200;1587.8600;1407.5200;553.2000;2388.0500;9053.2100;47.5000;521.5000;2388.0700;8130.9800;8.4427;393.0000;0.064709;-0.088764;0.001730;healthy;WO852941;883.61
2026/07/02;ENG-093;115;2026-01-05 19:00:00;642.7200;1591.6300;1407.2800;553.0000;2388.0700;9059.2600;47.6000;521.4700;2388.1700;8135.4000;8.4675;395.0000;0.037965;0.215464;0.003012;Healthy;WO835373;885.55
02-Jul-2026;ENG-063;53;2026-01-03 05:00:00;642.6700;1589.8300;1406.0100;552.6700;2388.0500;9046.9500;47.3600;521.3400;2388.0700;8131.6200;8.4216;393.0000;0.045413;-0.179790;0.000959;healthy;WO694039;159.26
2026/07/02;ENG-071;30;2026-01-02 06:00:00;642.3900;1575.1600;1406.9500;554.9100;2387.9800;9062.8300;47.4300;521.5700;2387.9800;8150.9500;8.4140;391.0000;0.030994;-1.035229;0.000488;Healthy;WO628825;2,237.67
2026-07-02;eng-093;122;2026-01-06 02:00:00;643.0900;1585.8800;1406.0500;553.3700;2388.1200;9066.1700;47.5400;521.2200;2388.1000;8135.7200;8.4451;394.0000;0.034297;0.185267;0.002889;Healthy;WO418955;404.06
02-Jul-2026;eng-056;82;2026-01-04 10:00:00;642.6700;1591.2300;1407.4500;552.7100;2388.1800;9042.9600;47.6900;520.6900;2388.1700;8123.5800;8.4712;393.0000;-0.047520;0.337000;0.001577;healthy;WO523213;1,545.91
02-Jul-2026;  ENG-050 ;26;2026-01-02 02:00:00;642.1000;1583.6100;1407.7200;553.8500;2388.1000;9063.8900;47.4100;521.7500;2388.0200;8138.0200;8.4177;390.0000;0.023593;-0.727429;0.000423;Healthy;WO307731;682.71
02-Jul-2026;ENG-012;85;2026-01-04 13:00:00;642.3200;1589.8300;1398.9700;555.1700;2387.9900;9055.5500;47.4200;521.6700;2388.0500;8139.9300;8.3927;392.0000;0.012982;-1.063551;0.002607;healthy;WO899444;2014.34
2026/07/02;ENG-097;89;2026-01-04 17:00:00;642.3800;1589.2200;1399.0400;554.5400;2388.0200;9076.2700;47.3500;522.3300;2388.0200;8150.0900;8.3998;391.0000;0.053862;-1.028653;;Healthy;WO884551;2293.12
2026-07-02;ENG-092;55;2026-01-03 07:00:00;642.6100;1591.3000;1410.9400;553.1800;2388.1000;9042.0400;47.5300;521.3100;2388.1100;8117.3800;8.4666;394.0000;-0.029199;0.221484;0.001657;HEALTHY;WO488086;1,721.43
02-Jul-2026;ENG-038;64;2026-01-03 16:00:00;642.7400;1591.0800;1415.7300;553.0100;2388.1500;9058.6800;47.6100;521.4800;2388.1200;8133.3200;8.4676;394.0000;0.002285;0.372580;0.004566;Healthy;WO735664;
02-Jul-2026;ENG-076;101;2026-01-05 05:00:00;642.3800;1587.2000;1402.5200;554.1600;2388.0400;9056.2700;47.3700;522.5900;2388.0800;8147.8400;8.4258;392.0000;0.037959;-0.873525;0.002561;Healthy;WO737129;567.01
2026/07/02;ENG-053;104;2026-01-05 08:00:00;642.0800;1582.3300;1407.0400;554.2200;2388.0800;9063.0200;47.3800;521.4900;2388.0200;8144.9700;8.4312;393.0000;0.046194;-0.511155;0.001505;Healthy;WO717005;1072.22
02-Jul-2026;eng-024;100;2026-01-05 04:00:00;642.5500;1586.7200;1400.7100;554.6500;2387.9700;9081.3800;47.2200;521.6800;2387.9900;8156.6500;8.4137;391.0000;0.062408;-0.844962;0.003766;HEALTHY;WO414737;2192.71
2026/07/02;ENG-086;46;2026-01-02 22:00:00;642.7700;1578.3900;1405.7900;553.4500;2388.0000;9058.9200;47.2600;521.6100;2388.0800;8140.6300;8.4472;391.0000;0.036229;-0.539589;0.002271;Healthy;WO821642;1068.59
2026/07/02;ENG-084;68;2026-01-03 20:00:00;642.2700;1585.1500;1414.2500;553.6700;2388.0900;9050.9900;47.6200;521.5100;2388.1000;8138.7700;8.4382;392.0000;0.047771;-0.116682;0.001252;Healthy;WO866694;2793.00
02-Jul-2026;ENG-050;42;2026-01-02 18:00:00;641.5300;1581.7600;1400.1000;554.1700;2388.0000;9062.2800;47.2300;521.6900;2388.0400;8148.5100;8.4231;393.0000;0.023492;-0.968500;0.001381;Healthy;WO294787;2,658.36
2026-07-02;  ENG-008 ;68;2026-01-03 20:00:00;642.3700;1584.4000;1402.2800;553.2600;2388.0600;9043.8600;47.3400;521.4200;2388.1300;8130.9600;8.4235;392.0000;0.017111;-0.432520;0.003766;Healthy;WO994939;
2026/07/02;ENG-095;57;2026-01-03 09:00:00;642.2600;1584.1900;1406.7500;554.1000;2388.0900;9045.3100;47.1400;522.3700;2388.0900;8126.9300;8.4096;393.0000;-0.009214;-0.745424;0.007862;Healthy;WO910665;1,242.33
2026/07/02;ENG-049;143;2026-01-06 23:00:00;642.5700;1587.7500;1402.3600;554.9500;2388.0400;9066.1300;47.3300;521.7200;2387.9800;8143.3500;8.4070;391.0000;0.038754;-0.869313;0.002502;Healthy;WO640056;450.23
2026/07/02;ENG-028;94;2026-01-04 22:00:00;643.1000;1589.2800;1397.9300;553.6900;2388.0500;9039.3100;47.2400;521.6800;2388.0500;8125.4400;8.4244;392.0000;0.006384;-0.521110;0.004340;Healthy;WO922840;159.65
02-Jul-2026;ENG-055;71;2026-01-03 23:00:00;642.2000;1584.9400;1400.3600;554.0200;2388.1400;9054.5800;47.4500;521.6000;2388.0800;8139.2500;8.4103;392.0000;0.020883;-0.576097;0.001132;Healthy;WO754270;2,144.40
2026/07/02;ENG-078;36;2026-01-02 12:00:00;641.8600;1589.5500;1396.8200;554.8900;2387.9700;9065.5200;46.9900;522.6400;2388.0000;8148.3100;8.3797;391.0000;0.063548;-1.343666;0.002238;Healthy;WO992487;2042.03
2026-07-02;ENG-100;89;2026-01-04 17:00:00;642.6000;1586.7400;1407.8400;554.2100;2388.0500;9069.6800;47.2600;521.8100;2388.0000;8145.2900;8.4067;392.0000;0.032302;-0.802131;0.001007;healthy;WO792359;1062.95
2026-07-02;ENG-063;80;2026-01-04 08:00:00;642.6000;1591.2400;1414.3900;553.5700;2388.1500;9053.8000;47.5500;521.3300;2388.1200;8125.6700;8.4516;393.0000;-0.013186;0.196569;0.002066;Healthy;WO618333;2,139.54
02-Jul-2026;  ENG-035 ;115;2026-01-05 19:00:00;642.7300;1586.2000;1410.7400;552.9700;2388.1300;9056.3600;47.6500;521.1100;2388.0800;8142.8800;8.4509;394.0000;0.030001;0.233337;0.001139;Healthy;WO706568;2627.58
02-Jul-2026;eng-096;36;2026-01-02 12:00:00;641.7100;1577.5700;1392.5800;554.5400;2388.0200;9065.0400;47.2000;522.0400;2388.0300;8151.7600;8.3791;390.0000;0.046190;-1.341312;0.003347;Healthy;WO916451;
2026-07-02;  ENG-031 ;88;2026-01-04 16:00:00;642.6100;1589.1900;1401.6000;553.8300;2388.0900;9072.2600;47.2600;522.0200;2388.0400;8153.3600;8.4177;392.0000;0.055482;-0.675014;0.001638;Healthy;WO560205;118.71
2026/07/02;ENG-099;44;2026-01-02 20:00:00;642.3100;1584.3500;1398.1800;554.7600;2387.9600;9061.8000;47.2000;522.6200;2388.0800;8149.0800;8.4499;391.0000;0.050475;-1.145738;0.002238;Healthy;WO991231;1,903.86
2026/07/02;ENG-031;100;2026-01-05 04:00:00;642.9800;1581.4800;1395.8900;554.5800;2388.0300;9067.0400;47.5000;521.8100;2388.0300;8150.1300;8.4467;393.0000;0.046950;-0.638672;0.000846;HEALTHY;WO277106;2084.96
2026-07-02;ENG-100;73;2026-01-04 01:00:00;642.2100;1586.6300;1391.3500;554.0600;2388.0700;9063.6900;47.1900;522.2600;2388.0100;8138.6400;8.4052;392.0000;0.043850;-1.060773;0.000691;Healthy;WO206220;1,334.42
2026/07/02;ENG-074;80;2026-01-04 08:00:00;642.8500;1591.3800;1410.6200;553.5000;2388.0800;9059.1600;47.5300;522.0400;2388.0500;8138.5900;8.4467;392.0000;0.069363;-0.300376;0.000867;Warning;WO736830;20039.90
02-Jul-2026;ENG-038;62;2026-01-03 14:00:00;642.1200;1596.5500;1413.0300;552.6000;2388.1200;9059.8700;47.6300;521.1500;2388.1200;8130.4200;8.4513;394.0000;0.001470;0.418051;0.003291;Warning;WO757648;10,650.99
02-Jul-2026;ENG-005;48;2026-01-03 00:00:00;643.1800;1592.5400;1402.9300;553.7900;2388.1200;9055.9500;47.5800;521.8800;2388.1100;8135.4400;8.4455;392.0000;0.068289;-0.045762;0.001256;Warning;WO640166;15,641.29
2026-07-02;ENG-084;112;2026-01-05 16:00:00;642.4900;1593.5300;1410.2900;553.5600;2388.1200;9050.8700;47.3300;521.5700;2388.1000;8139.1900;8.4166;392.0000;0.047580;-0.155021;0.000356;Healthy;WO225380;2,714.04
2026-07-02;ENG-028;71;2026-01-03 23:00:00;642.7600;1591.0700;1399.7600;553.2900;2388.1000;9044.9400;47.4700;521.9000;2388.0800;8129.3700;8.4531;392.0000;0.040616;-0.322027;0.002487;Healthy;WO299893;
2026-07-02;ENG-091;110;2026-01-05 14:00:00;642.8600;1589.5100;1408.7400;553.1400;2388.1000;9046.9200;47.5700;521.5900;2388.1300;8131.7400;8.4521;393.0000;0.016367;0.192423;0.001672;Healthy;WO551062;
02-Jul-2026;ENG-033;34;2026-01-02 10:00:00;642.9800;1585.5100;1414.9900;552.7500;2388.1200;9060.9500;47.5500;520.8100;2388.1200;8135.7100;8.3842;394.0000;0.014581;0.175472;0.002306;Warning;WO389695;17,763.85
02-Jul-2026;ENG-081;109;2026-01-05 13:00:00;642.5600;1585.6400;1400.1200;553.2100;2388.0300;9067.9000;47.4500;521.3700;2388.0500;8149.7900;8.4231;393.0000;0.068813;-0.426010;0.002454;Healthy;WO298031;2995.67
2026-07-02;ENG-021;67;2026-01-03 19:00:00;642.5800;1583.4700;1393.7000;554.2300;2388.0600;9049.8900;47.4200;522.4000;2388.0100;8138.9900;8.4301;391.0000;0.034803;-0.906450;0.001691;Healthy;WO231675;
2026-07-02;ENG-076;92;2026-01-04 20:00:00;642.2900;1587.9700;1410.7900;553.4900;2388.0300;9064.1100;47.1500;521.8100;2388.0300;8136.4100;8.3751;393.0000;0.022699;-0.652500;0.001638;Healthy;WO208201;1773.43
2026-07-02;eng-020;107;2026-01-05 11:00:00;642.4000;1588.1000;1409.3300;553.9500;2388.0800;9065.9500;47.4600;521.2800;2388.0600;8141.4600;8.4442;393.0000;0.061984;-0.148215;0.001885;Healthy;WO368844;2,409.95
2026-07-02;ENG-062;88;2026-01-04 16:00:00;642.1100;1577.8100;1398.2100;554.5300;2388.0000;9054.8600;47.2200;522.5700;2388.0300;8137.8300;8.3807;393.0000;0.018323;-1.152548;0.002514;healthy;WO356737;2271.95
2026-07-02;ENG-027;58;2026-01-03 10:00:00;642.2800;1583.0700;1395.4700;554.2000;2388.0300;9042.8400;47.3400;522.0800;2388.0600;8131.6800;8.4085;392.0000;0.010118;-1.020474;0.003107;Healthy;WO545002;461.53
2026-07-02;ENG-098;63;2026-01-03 15:00:00;642.1000;1583.2500;1406.4100;553.5300;2388.1200;9060.0800;47.5500;521.5900;2388.0500;8139.3000;8.4347;393.0000;0.053365;-0.315394;0.000949;Healthy;WO692489;2620.02
2026-07-02;  ENG-033 ;25;2026-01-02 01:00:00;642.8400;1594.5200;1399.7200;553.0900;2388.0800;9059.4500;47.5300;521.7500;2388.0700;8139.2500;8.4380;392.0000;0.073176;-0.182110;0.000926;Warning;WO407014;
02-Jul-2026;eng-053;88;2026-01-04 16:00:00;642.0700;1584.3800;1400.0300;553.3800;2388.0400;9062.9800;47.4900;522.0200;2388.0600;8143.5300;8.4125;391.0000;0.046873;-0.678712;0.001078;Healthy;WO403033;272.72
2026-07-02;ENG-017;67;2026-01-03 19:00:00;641.6800;1591.2900;1395.4100;554.6200;2388.0500;9070.9400;47.3000;522.1400;2387.9600;8150.8300;8.3985;393.0000;0.040969;-1.000203;0.001092;Healthy;WO158810;1,021.95
2026/07/02;ENG-036;43;2026-01-02 19:00:00;642.6900;1594.4800;1411.8900;553.7900;2388.1500;9060.2500;47.5700;521.3900;2388.0900;8139.1900;8.4322;394.0000;0.028411;0.202036;0.000427;Healthy;WO804724;2,988.87
02-Jul-2026;eng-056;83;2026-01-04 11:00:00;642.1100;1596.1300;1413.6100;552.3100;2388.2200;9041.7100;47.8200;520.7600;2388.1900;8126.0100;8.4563;393.0000;-0.079021;0.626119;0.003064;Warning;WO583124;17411.83
02-Jul-2026;ENG-010;68;2026-01-03 20:00:00;642.0500;1590.6900;1401.5000;554.1300;2388.0100;9066.6200;47.2400;522.0500;2388.0400;8141.9700;8.4298;394.0000;0.045703;-0.701984;0.001078;Healthy;WO441734;2929.44
02-Jul-2026;ENG-028;67;2026-01-03 19:00:00;642.6500;1585.3000;1407.8800;554.1600;2388.0900;9041.3900;47.6600;521.2400;2388.1200;8126.8700;8.4237;393.0000;0.015112;-0.171864;0.002357;Healthy;WO276790;2,641.78
02-Jul-2026;ENG-027;48;2026-01-03 00:00:00;641.9400;1583.8300;1398.5700;554.5800;2387.9800;9050.3300;47.1700;522.2500;2388.0000;8128.7200;8.4101;392.0000;0.017688;-1.101283;0.001983;Healthy;WO368054;397.74
2026/07/02;ENG-091;81;2026-01-04 09:00:00;642.2900;1589.4800;1415.1300;553.3100;2388.1300;9053.7000;47.4100;521.3700;2388.2100;8131.1900;8.4484;393.0000;0.011219;0.080618;0.001679;Healthy;WO810490;2617.22
02-Jul-2026;ENG-080;55;2026-01-03 07:00:00;642.7600;1581.2100;1405.0400;553.9600;2388.0100;9063.3000;47.0100;521.5000;2388.0000;8146.7300;8.4529;391.0000;0.033101;-0.631076;0.001145;warning;WO289173;3,817.88
2026/07/02;ENG-070;88;2026-01-04 16:00:00;642.6100;1590.6200;1405.9100;554.1300;2388.0100;9045.3200;47.3000;521.4700;2388.1300;8134.1700;8.4439;391.0000;0.027981;-0.364513;0.002770;HEALTHY;WO200596;1722.57
2026-07-02;ENG-023;64;2026-01-03 16:00:00;642.1500;1586.1100;1396.1100;554.5100;2388.0300;9045.7200;47.1300;522.6500;2388.0000;8136.1300;8.4120;391.0000;0.049861;-1.178913;0.002290;Healthy;WO217382;1235.43
2026/07/02;ENG-100;90;2026-01-04 18:00:00;642.3300;1591.7800;1401.0700;554.4700;2387.9900;9055.2500;47.2800;522.2000;2388.0100;8139.0600;8.4210;392.0000;0.041090;-0.819800;0.001843;Healthy;WO230496;1,245.52
02-Jul-2026;ENG-046;56;2026-01-03 08:00:00;642.5600;1588.5200;1409.3400;552.9200;2388.0800;9070.8200;47.3900;521.2700;2388.0500;8148.2700;8.4274;395.0000;0.083053;0.149199;0.001460;Healthy;WO782402;2433.10
2026/07/02;ENG-062;149;2026-01-07 05:00:00;642.3100;1575.2700;1392.6500;554.4000;2388.0300;9057.6800;47.2400;522.0700;2388.0200;8145.2600;8.3599;391.0000;0.021460;-1.130895;0.001922;Healthy;WO801774;2159.09
02-Jul-2026;ENG-078;38;2026-01-02 14:00:00;642.3900;1582.0600;1391.5700;553.9900;2388.0000;9065.6200;47.2100;523.0800;2387.9700;8152.3800;8.3963;392.0000;0.087786;-1.261627;0.003383;Healthy;WO791333;2,743.07
2026-07-02;ENG-084;110;2026-01-05 14:00:00;642.6900;1582.6700;1407.8100;553.0200;2388.1100;9058.6800;47.5900;521.5100;2388.0800;8138.3100;8.4484;392.0000;0.068192;-0.169412;0.002928;Healthy;WO830373;1872.38
2026/07/02;ENG-003;48;2026-01-03 00:00:00;642.2600;1586.6300;1411.5900;553.3100;2388.0800;9056.7600;47.5800;521.8500;2388.0900;8135.4600;8.4567;393.0000;0.067088;-0.066944;0.000877;Healthy;WO113917;421.27
02-Jul-2026;ENG-063;57;2026-01-03 09:00:00;642.7100;1592.7400;1410.2700;553.6300;2388.1200;9048.5700;47.4600;521.2700;2388.1000;8130.9500;8.4314;393.0000;0.021889;0.015668;0.000460;Warning;WO235583;9488.63
2026/07/02;eng-029;104;2026-01-05 08:00:00;642.9300;1579.8700;1400.3100;554.2900;2388.0100;9052.5300;47.2900;522.2300;2388.0400;8135.4800;8.4219;392.0000;0.021201;-0.922853;0.000913;Healthy;WO279620;2,032.63
2026/07/02;ENG-034;74;2026-01-04 02:00:00;642.1200;1583.5700;1398.6200;554.8900;2388.0300;9065.7700;47.2200;522.8300;2388.0800;8146.6500;8.4098;390.0000;0.061456;-1.330341;0.001465;Healthy;WO251418;146.49
2026-07-02;ENG-008;67;2026-01-03 19:00:00;642.5800;1588.5400;1406.3100;554.1000;2388.0900;9059.3000;47.6200;521.7200;2388.1000;8135.5100;8.3961;393.0000;0.039481;-0.343414;0.000786;Healthy;WO825891;1,212.53
02-Jul-2026;ENG-057;65;2026-01-03 17:00:00;643.0500;1597.4900;1401.1000;553.1600;2388.1500;9039.0500;47.4800;521.9000;2388.1000;8130.7100;8.4355;392.0000;0.039935;-0.051260;0.001477;Healthy;WO779791;968.45
2026/07/02;ENG-029;102;2026-01-05 06:00:00;642.7500;1590.7700;1406.8400;554.0100;2388.0500;9058.9200;47.3200;522.0800;2388.0500;8142.1700;8.4130;391.0000;0.039957;-0.625289;0.000622;Healthy;WO445909;479.65
2026-07-02;ENG-019;70;2026-01-03 22:00:00;642.2300;1588.9000;1396.7600;554.3500;2388.0300;9061.5300;47.3400;521.9900;2388.1000;8136.4500;8.4179;392.0000;0.016197;-0.852387;0.001525;Healthy;WO161647;373.93
2026-07-02;ENG-076;124;2026-01-06 04:00:00;641.9900;1585.8700;1394.9100;553.5300;2388.0600;9068.2500;47.3300;521.8500;2388.0400;8145.2800;8.4066;394.0000;0.034952;-0.797209;0.000646;Healthy;WO515788;1657.22
2026/07/02;ENG-019;73;2026-01-04 01:00:00;642.2500;1593.9300;1408.0400;554.0000;2388.0100;9053.6200;47.2200;522.6100;2388.0700;8141.8800;8.4423;392.0000;0.038008;-0.693046;0.001021;Healthy;WO819634;78.18
2026/07/02;ENG-030;71;2026-01-03 23:00:00;642.4500;1586.4500;1402.1800;553.5300;2388.1700;9040.4100;47.5400;521.4800;2388.1400;8126.5900;8.4222;392.0000;0.015097;-0.190322;0.001493;Healthy;WO359478;138.98
2026-07-02;ENG-007;94;2026-01-04 22:00:00;642.7000;1582.0000;1404.3800;554.1900;2388.0200;9072.3300;47.3000;522.0600;2387.9700;8140.2400;8.3970;392.0000;0.048816;-0.915088;0.001601;Healthy;WO409618;
2026/07/02;ENG-099;38;2026-01-02 14:00:00;642.0600;1582.4200;1400.8900;554.8900;2387.9900;9058.8800;47.1500;522.1100;2387.9900;8142.7400;8.4253;391.0000;0.041958;-1.134166;0.001465;Healthy;WO227940;1,408.81
02-Jul-2026;ENG-021;59;2026-01-03 11:00:00;642.1400;1582.1400;1397.6900;553.6500;2388.0000;9045.0600;47.4200;522.0700;2388.0400;8136.8700;8.4127;392.0000;0.029752;-0.817629;0.002086;Healthy;WO784031;
02-Jul-2026;eng-091;109;2026-01-05 13:00:00;642.6900;1587.4200;1413.2300;552.9300;2388.1700;9042.1700;47.8400;520.7700;2388.1300;8130.8000;8.4682;394.0000;-0.061965;0.535761;0.003262;Healthy;WO222833;2667.99
2026-07-02;ENG-010;81;2026-01-04 09:00:00;642.0200;1589.5300;1398.3400;554.4200;2388.0300;9062.5900;47.1900;522.3400;2388.0600;8139.5500;8.3885;391.0000;0.034612;-1.166511;0.001859;Healthy;WO208448;57.44
02-Jul-2026;ENG-013;129;2026-01-06 09:00:00;642.3700;1587.1100;1404.4500;553.9400;2388.0200;9061.8700;47.1900;522.5000;2388.0100;8145.7800;8.4153;392.0000;0.033104;-0.873630;0.002290;healthy;WO450187;
02-Jul-2026;ENG-026;28;2026-01-02 04:00:00;642.3200;1581.6700;1404.7500;554.6700;2387.9900;9062.8400;47.2600;522.6100;2388.1000;8144.2900;8.3776;394.0000;0.002547;-1.079994;0.002561;Healthy;WO622008;2400.14
02-Jul-2026;  ENG-078 ;46;2026-01-02 22:00:00;641.6600;1585.7200;1403.1200;554.9800;2388.0100;9066.3100;47.3500;522.6000;2387.9600;8145.0500;8.4098;391.0000;0.064839;-1.132570;0.001544;Healthy;WO107947;1,920.99
02-Jul-2026;  ENG-018 ;63;2026-01-03 15:00:00;642.4100;1587.0400;1397.6600;553.9400;2388.0300;9065.2700;47.3800;521.7700;2388.0800;8143.5600;8.4570;393.0000;0.048316;-0.521037;0.003986;Healthy;WO887488;2600.37
2026/07/02;ENG-083;36;2026-01-02 12:00:00;641.7900;1592.6900;1403.8100;554.1500;2388.0300;9061.0100;47.4100;521.7800;2388.0900;8137.7000;8.4255;392.0000;0.036255;-0.619320;0.001280;Healthy;WO712943;1,459.00
2026/07/02;ENG-019;72;2026-01-04 00:00:00;642.1400;1583.5800;1398.9800;554.1700;2388.0100;9056.1200;47.2200;521.9900;2388.1000;8134.4500;8.4110;392.0000;0.010009;-0.880038;0.003662;Healthy;WO968925;1272.04
02-Jul-2026;ENG-094;60;2026-01-03 12:00:00;643.1000;1583.8800;1410.8600;553.7700;2388.1200;9060.8600;47.5500;521.6300;2388.0600;8137.8500;8.4276;394.0000;0.061677;-0.091414;0.000936;Healthy;WO705849;166.34
2026/07/02;ENG-010;125;2026-01-06 05:00:00;642.6800;1587.6100;1408.5000;553.8800;2388.0700;9067.2600;47.1800;522.0800;2388.0600;8141.7600;8.4187;392.0000;0.039252;-0.655546;0.002719;healthy;WO796211;1873.99
2026/07/02;ENG-020;88;2026-01-04 16:00:00;642.1000;1587.2500;1409.9300;553.6800;2388.0300;9067.7800;47.5100;522.2400;2388.0100;8145.7400;8.3803;390.0000;0.053325;-0.838360;0.002784;Healthy;WO320957;2,300.29
2026-07-02;  ENG-047 ;43;2026-01-02 19:00:00;642.4700;1587.8000;1411.6800;553.1300;2388.1300;9046.8100;47.6500;521.4100;2388.1700;8116.8300;8.4730;393.0000;-0.026503;0.174925;0.001386;Healthy;WO847851;2038.52
2026-07-02;  ENG-089 ;71;2026-01-03 23:00:00;642.3400;1588.9800;1412.8100;552.9100;2388.0600;9045.3300;47.3900;521.3900;2388.0800;8128.7500;8.4296;391.0000;0.038064;-0.287683;0.000743;Healthy;WO959797;1,422.87
2026/07/02;ENG-012;132;2026-01-06 12:00:00;641.8200;1584.1000;1404.6700;554.2300;2388.0000;9056.7300;47.3200;522.5000;2388.0800;8147.3700;8.3969;392.0000;-0.034115;-2.635493;0.002930;Healthy;WO311340;1501.10
2026-07-02;  ENG-003 ;58;2026-01-03 10:00:00;642.2100;1596.7200;1416.1700;553.2400;2388.1500;9055.8300;47.6000;521.0800;2388.1400;8129.7300;8.4903;393.0000;-0.006184;0.316894;0.003864;Healthy;WO634563;63.02
2026/07/02;  ENG-040 ;78;2026-01-04 06:00:00;643.0800;1595.2900;1410.9000;553.1300;2388.1700;9055.6000;47.6300;520.6500;2388.0800;8142.0000;8.4442;394.0000;0.003497;0.395158;0.000999;Warning;WO663550;21,634.78
2026/07/02;ENG-051;78;2026-01-04 06:00:00;642.4000;1583.5100;1405.9100;553.5900;2388.0700;9047.9600;47.3600;521.7800;2388.1000;8127.7800;8.4356;394.0000;0.029118;-0.271710;0.001266;Healthy;WO804404;500.34
02-Jul-2026;  ENG-076 ;82;2026-01-04 10:00:00;642.0900;1586.1200;1402.9500;554.2400;2388.0300;9061.7400;47.1400;522.0000;2388.0500;8149.6000;8.4271;391.0000;0.037875;-0.983781;0.001726;Healthy;WO586069;2331.49
2026-07-02;ENG-027;51;2026-01-03 03:00:00;642.1200;1579.5500;1395.4200;554.2800;2388.0400;9059.2400;47.2900;521.9100;2388.0500;8131.4200;8.4131;391.0000;0.016572;-0.997317;0.001891;Healthy;WO576622;1,377.09
2026-07-02;  ENG-031 ;99;2026-01-05 03:00:00;642.3400;1588.3200;1405.9700;554.0900;2388.0400;9064.7700;47.3800;521.9300;2388.0500;8150.4600;8.4167;394.0000;0.072487;-0.359029;0.003030;Healthy;WO881038;2,681.12
2026-07-02;  ENG-040 ;49;2026-01-03 01:00:00;642.8800;1586.5800;1411.1900;553.3600;2388.1700;9051.4400;47.6700;521.8400;2388.1900;8133.0400;8.4620;394.0000;-0.000667;0.221533;0.001451;Healthy;WO432476;2667.77
02-Jul-2026;ENG-016;68;2026-01-03 20:00:00;642.3400;1594.5900;1402.5100;553.9800;2388.0600;9052.9300;47.3500;522.2700;2388.0500;8134.2400;8.4331;391.0000;0.032352;-0.721852;0.002114;Healthy;WO200701;2586.10
2026-07-02;  ENG-047 ;40;2026-01-02 16:00:00;642.7700;1585.7400;1416.4100;552.7000;2388.1300;9039.4800;47.5400;521.3200;2388.1900;8120.0900;8.4661;393.0000;-0.031418;0.161134;0.003852;Healthy;WO643770;1178.73
02-Jul-2026;ENG-034;79;2026-01-04 07:00:00;642.5300;1586.9300;1399.1800;554.1800;2387.9900;9065.8800;47.1200;522.2100;2388.0200;8147.9300;8.4143;391.0000;0.052214;-1.042244;0.001827;Healthy;WO123511;1079.77
2026-07-02;ENG-011;36;2026-01-02 12:00:00;642.8400;1592.5600;1414.3700;553.8300;2388.1900;9036.3900;47.6900;521.2300;2388.0800;8114.4900;8.3958;391.0000;-0.035094;0.012314;0.014808;Healthy;WO663867;
02-Jul-2026;ENG-067;45;2026-01-02 21:00:00;642.3700;1587.6200;1406.0800;554.2500;2388.0600;9058.1300;47.4100;521.7100;2388.0600;8146.0000;8.4532;392.0000;0.055723;-0.433521;0.002808;Healthy;WO891042;841.12
02-Jul-2026;ENG-031;92;2026-01-04 20:00:00;642.1600;1588.2000;1410.4100;553.2400;2388.0000;9064.6600;47.4800;521.9600;2388.0300;8151.5100;8.4188;392.0000;0.087583;-0.372326;0.001525;Healthy;WO514853;1,133.31
2026-07-02;eng-010;121;2026-01-06 01:00:00;642.2300;1580.6100;1398.4200;554.5600;2388.0000;9062.5800;47.3500;522.5200;2388.1000;8143.0300;8.4142;391.0000;0.026771;-1.056547;0.000977;Healthy;WO259840;663.07
02-Jul-2026;ENG-020;118;2026-01-05 22:00:00;642.5100;1590.2700;1406.8500;553.7400;2388.0600;9060.8600;47.4300;521.4500;2388.1000;8146.1700;8.4232;393.0000;0.052638;-0.327111;0.001561;Healthy;WO685473;894.30
2026-07-02;ENG-091;135;2026-01-06 15:00:00;642.9200;1591.2800;1407.7100;553.0900;2388.2000;9041.8000;47.6500;521.5600;2388.1100;8132.7900;8.4420;395.0000;-0.024281;0.340099;0.002035;Healthy;WO646794;410.86
2026-07-02;ENG-070;98;2026-01-05 02:00:00;642.4400;1589.3800;1402.2400;553.9300;2388.1100;9050.2400;47.1900;521.7100;2388.1100;8134.5200;8.4275;391.0000;0.020089;-0.504642;0.002177;Healthy;WO126985;601.24
2026/07/02;ENG-067;34;2026-01-02 10:00:00;642.0700;1582.4800;1397.1500;553.8200;2388.0200;9062.9100;47.3600;522.0700;2388.0200;8135.8100;8.4054;391.0000;0.037547;-0.970497;0.000810;Healthy;WO844384;
2026/07/02;ENG-043;95;2026-01-04 23:00:00;642.5100;1585.3300;1405.5900;552.6200;2388.0600;9057.7500;47.3800;521.6900;2388.0800;8131.8600;8.4562;394.0000;0.058532;-0.210320;0.001329;Healthy;WO894971;1,023.27
02-Jul-2026;ENG-089;74;2026-01-04 02:00:00;642.7200;1585.2100;1409.3400;553.7200;2388.0200;9040.0000;47.4300;521.6000;2388.1100;8121.2700;8.4316;392.0000;0.020409;-0.281102;0.004336;Healthy;WO306801;2,001.30
2026/07/02;ENG-013;101;2026-01-05 05:00:00;642.1600;1580.8000;1398.9700;554.3000;2388.0900;9069.4300;47.3700;522.1200;2388.0900;8142.4700;8.4043;392.0000;0.025386;-1.008552;0.002156;Healthy;WO874351;2,963.83
02-Jul-2026;  ENG-005 ;65;2026-01-03 17:00:00;642.5800;1585.7200;1404.0700;553.3400;2388.1000;9053.1800;47.4900;521.5900;2388.0800;8127.2800;8.4079;393.0000;0.030623;-0.304338;0.004330;Healthy;WO687474;2,633.22
2026/07/02;ENG-017;105;2026-01-05 09:00:00;641.6900;1587.1000;1393.9100;554.3000;2388.0600;9074.4100;47.2400;521.7800;2388.0300;8153.8000;8.4174;393.0000;0.046063;-0.839216;0.002114;Healthy;WO767527;1913.63
2026/07/02;ENG-080;57;2026-01-03 09:00:00;642.5000;1590.8100;1402.1100;554.0600;2388.0300;9065.6300;47.5700;522.0000;2388.0900;8139.8500;8.4031;391.0000;0.047820;-0.566387;0.002669;Healthy;WO151202;1,775.01
02-Jul-2026;ENG-055;49;2026-01-03 01:00:00;642.0900;1587.5200;1400.1200;554.8500;2388.0600;9062.1700;47.4400;522.0900;2387.9800;8136.4500;8.4125;393.0000;0.024392;-0.827781;0.002184;healthy;WO152051;1495.19
2026/07/02;ENG-099;45;2026-01-02 21:00:00;641.8800;1581.0600;1392.9300;554.5600;2387.9500;9059.1300;47.2700;522.1500;2388.0300;8144.6600;8.3694;390.0000;0.051248;-1.313846;0.001465;Healthy;WO422003;2126.65
2026/07/02;ENG-098;47;2026-01-02 23:00:00;641.6400;1590.7100;1406.9200;554.1300;2388.0700;9059.1100;47.4200;522.5200;2388.1200;8140.3900;8.4279;392.0000;0.046674;-0.557904;0.002889;Healthy;WO800511;2,916.10
2026/07/02;ENG-037;63;2026-01-03 15:00:00;641.8300;1591.5000;1397.1600;554.3800;2388.0400;9057.4500;47.4500;522.1600;2388.1200;8140.9000;8.4125;390.0000;0.024700;-0.925838;0.002549;Healthy;WO510213;1,745.75
02-Jul-2026;ENG-043;111;2026-01-05 15:00:00;642.3200;1585.8800;1408.7000;554.1500;2388.0500;9049.4800;47.5100;521.3000;2388.1200;8128.0200;8.4757;393.0000;0.021871;-0.066636;0.002324;healthy;WO406470;305.48
2026/07/02;ENG-048;52;2026-01-03 04:00:00;641.7700;1586.0800;1407.0400;553.6600;2388.0400;9054.5600;47.4000;521.9400;2388.0500;8139.2200;8.4256;394.0000;0.035760;-0.584211;0.001119;Healthy;WO454097;842.72
2026/07/02;ENG-091;81;2026-01-04 09:00:00;642.2900;1589.4800;1415.1300;553.3100;2388.1300;9053.7000;47.4100;521.3700;2388.2100;8131.1900;8.4484;393.0000;0.011219;0.080618;0.001679;Healthy;WO810490;2617.22
02-Jul-2026;ENG-021;87;2026-01-04 15:00:00;642.0700;1586.4100;1404.0300;553.9300;2388.0000;9057.8400;47.2500;522.4100;2388.0400;8144.1600;8.4140;392.0000;0.034860;-0.844408;0.000423;Healthy;WO821344;799.91
2026-07-02;  ENG-028 ;64;2026-01-03 16:00:00;642.3800;1601.1500;1404.6600;553.7800;2388.0700;9046.6500;47.3100;521.8800;2388.0600;8134.1500;8.4028;391.0000;0.038915;-0.473207;0.002204;Healthy;WO893442;2,214.19
2026/07/02;ENG-084;101;2026-01-05 05:00:00;642.0900;1594.8000;1409.9800;553.4400;2388.0500;9054.3600;47.5600;521.0400;2388.0900;8131.7100;8.4505;391.0000;0.047014;0.007462;0.000297;Healthy;WO113214;973.73
2026-07-02;ENG-058;111;2026-01-05 15:00:00;642.1600;1583.8500;1406.2200;553.5500;2388.0800;9051.8900;47.6800;521.6500;2388.0900;8129.3400;8.4093;391.0000;0.034660;-0.397526;0.000488;Healthy;WO365358;2427.20
02-Jul-2026;  ENG-010 ;86;2026-01-04 14:00:00;642.5400;1583.4700;1397.4600;554.4100;2388.0500;9062.7900;47.1000;522.4000;2388.0000;8141.5400;8.4189;390.0000;0.038376;-1.051244;;Healthy;WO893997;2670.59
02-Jul-2026;ENG-058;77;2026-01-04 05:00:00;642.4100;1583.8800;1405.0800;553.6800;2388.0300;9045.4500;47.3900;521.8900;2388.0700;8129.6200;8.4132;393.0000;0.012145;-0.691850;0.001953;Healthy;WO840194;2874.25
02-Jul-2026;ENG-076;98;2026-01-05 02:00:00;642.3500;1586.5500;1400.0400;553.9600;2388.0200;9062.2100;47.2800;522.4100;2388.0100;8145.2300;8.4124;393.0000;0.054613;-0.869616;0.002429;Healthy;WO134776;
2026/07/02;ENG-049;156;2026-01-07 12:00:00;642.8400;1577.6000;1398.0600;553.8600;2388.0100;9066.1000;47.2900;522.4900;2388.0500;8143.1800;8.3910;392.0000;0.038089;-0.997541;;Healthy;WO537291;1477.65
2026/07/02;ENG-085;19;2026-01-01 19:00:00;642.9600;1590.9900;1407.5100;553.9100;2388.1300;9053.6500;47.4800;521.4600;2388.1500;8133.4700;8.4046;392.0000;0.028317;-0.003306;0.001873;Healthy;WO634186;1,339.56
2026-07-02;eng-077;70;2026-01-03 22:00:00;642.5800;1594.2200;1406.3600;553.3400;2388.0400;9055.7500;47.2300;522.0500;2388.0800;8130.3500;8.4432;392.0000;0.046542;-0.299707;0.001885;Healthy;WO290885;1776.59
02-Jul-2026;ENG-091;103;2026-01-05 07:00:00;642.7500;1594.8700;1418.9200;553.4400;2388.1400;9054.5300;47.5900;521.1400;2388.1300;8131.2000;8.4260;393.0000;-0.018845;0.358932;0.000819;Healthy;WO571818;1175.07
2026/07/02;ENG-009;37;2026-01-02 13:00:00;642.9700;1591.6400;1406.4000;553.2800;2388.1200;9048.6200;47.6000;521.5900;2388.0600;8127.8800;8.4354;393.0000;0.027131;0.034058;0.001422;HEALTHY;WO522931;1599.77
02-Jul-2026;ENG-012;142;2026-01-06 22:00:00;641.8100;1582.7500;1402.2900;554.3800;2388.0100;9055.7100;47.1700;522.4200;2388.0300;8142.8200;8.3950;392.0000;0.026265;-1.099949;0.001465;Healthy;WO246207;422.00
2026/07/02;ENG-054;56;2026-01-03 08:00:00;642.3400;1579.2600;1396.1900;554.4400;2388.0100;9055.1500;46.8000;522.1200;2387.9800;8138.6100;8.4007;392.0000;0.040950;-1.199348;0.001196;healthy;WO935458;858.41
2026-07-02;  ENG-047 ;41;2026-01-02 17:00:00;642.0100;1591.8800;1412.4300;553.3800;2388.1300;9055.3700;47.7100;521.5300;2388.1100;8125.3500;8.4189;393.0000;0.026171;-0.050188;0.002794;Healthy;WO304867;118.43
2026-07-02;ENG-100;124;2026-01-06 04:00:00;642.6600;1582.6800;1396.6100;554.2300;2388.0100;9068.7600;47.3000;522.0200;2388.0300;8151.2400;8.4279;393.0000;0.045908;-0.778238;0.001064;Healthy;WO240580;560.52
2026/07/02;ENG-043;79;2026-01-04 07:00:00;642.6300;1588.3600;1409.0700;553.3300;2388.0400;9054.1100;47.3100;521.6700;2388.1100;8131.2500;8.4626;392.0000;0.033845;-0.355236;0.001563;Healthy;WO108105;1,490.40
2026-07-02;ENG-027;84;2026-01-04 12:00:00;642.2600;1580.3200;1403.0600;554.2900;2388.0100;9049.6500;47.1600;522.2800;2388.0600;8130.6400;8.4216;392.0000;0.002913;-0.978288;0.003521;HEALTHY;WO771382;1,202.98
2026/07/02;eng-060;66;2026-01-03 18:00:00;642.8300;1588.7700;1408.3100;553.9400;2388.0600;9057.8800;47.6100;521.7200;2388.0300;8129.8800;8.4257;393.0000;0.056244;-0.260767;0.000449;healthy;WO264255;1,966.71
2026-07-02;  ENG-087 ;26;2026-01-02 02:00:00;641.8400;1579.6600;1400.6900;553.7200;2388.0300;9061.5900;47.0900;521.8800;2388.0500;8140.8600;8.4058;393.0000;0.012742;-1.043482;0.003845;healthy;WO993622;1002.36
2026-07-02;  ENG-013 ;117;2026-01-05 21:00:00;642.1100;1579.6700;1405.9700;553.9200;2388.0700;9057.7500;47.2800;521.8300;2388.0700;8142.1100;8.4264;392.0000;-0.084856;-2.582426;0.011800;HEALTHY;WO232955;1,736.37
2026/07/02;  ENG-064 ;101;2026-01-05 05:00:00;642.7900;1586.7300;1399.4500;553.5500;2388.0400;9059.1100;47.4500;521.3200;2388.0400;8138.8400;8.4289;392.0000;0.053110;-0.278442;0.000867;Healthy;WO107780;317.89
2026-07-02;eng-076;118;2026-01-05 22:00:00;642.1400;1591.4700;1402.5100;553.1800;2388.0100;9065.2800;47.5400;521.8500;2388.0300;8146.4200;8.4226;392.0000;0.074967;-0.475921;0.002878;Healthy;WO166071;1082.92
2026/07/02;ENG-029;79;2026-01-04 07:00:00;642.2700;1585.8700;1399.2800;553.6700;2388.0500;9061.0000;47.3600;521.2900;2388.0500;8136.6300;8.4362;393.0000;0.028206;-0.582611;0.000961;Healthy;WO103018;2,566.82
2026/07/02;ENG-079;58;2026-01-03 10:00:00;642.0700;1585.6200;1403.9100;553.5600;2388.0100;9048.2400;47.4100;522.1000;2388.0400;8131.9800;8.4053;392.0000;0.024112;-0.690332;0.000828;Healthy;WO862837;2,043.71
02-Jul-2026;  ENG-018 ;76;2026-01-04 04:00:00;642.6800;1587.8900;1403.5600;554.3200;2388.0400;9065.4000;47.3400;521.7100;2388.0700;8146.0300;8.4131;393.0000;-0.046797;-2.711776;0.015472;Healthy;WO854315;1,880.05
2026/07/02;ENG-016;51;2026-01-03 03:00:00;642.3100;1591.8300;1397.6500;554.5100;2388.0300;9044.9800;47.4200;522.0100;2388.0300;8134.4400;8.3764;392.0000;0.023356;-2.614278;0.002847;Healthy;WO244073;2776.86
02-Jul-2026;eng-093;103;2026-01-05 07:00:00;642.9900;1590.8700;1410.6400;553.3900;2388.0600;9065.4500;47.6200;521.5000;2388.1100;8134.9700;8.4286;394.0000;0.048442;0.196733;0.002720;Healthy;WO323176;1312.20
02-Jul-2026;ENG-068;85;2026-01-04 13:00:00;642.7600;1590.4300;1400.5000;554.4400;2388.0700;9055.8400;47.4300;522.0600;2388.0200;8138.0300;8.4158;391.0000;0.038195;-0.603367;0.001171;Healthy;WO471896;2657.63
2026/07/02;  ENG-058 ;107;2026-01-05 11:00:00;641.9600;1589.4800;1409.4400;553.3500;2388.1200;9050.2100;47.3300;521.6700;2388.1300;8134.4400;8.4518;391.0000;0.038918;-0.230972;0.000514;HEALTHY;WO774414;2813.48
2026/07/02;ENG-075;42;2026-01-02 18:00:00;642.7700;1595.9500;1399.2100;553.5300;2388.1100;9053.3200;47.3200;522.1400;2388.0700;8134.6700;8.4247;392.0000;0.031664;-0.563832;0.000669;Healthy;WO710187;1123.26
02-Jul-2026;ENG-093;88;2026-01-04 16:00:00;642.6800;1586.7700;1408.2700;553.5400;2388.1300;9054.6900;47.4000;521.4700;2388.0700;8137.5500;8.4716;393.0000;0.051800;-0.069446;0.002223;Healthy;WO838325;2698.50
02-Jul-2026;ENG-064;67;2026-01-03 19:00:00;642.1800;1584.1700;1406.8800;554.1300;2388.0500;9061.8600;47.6000;521.2300;2388.0900;8135.5900;8.4331;393.0000;0.047258;-0.338303;;HEALTHY;WO965465;1,651.00
2026-07-02;eng-089;70;2026-01-03 22:00:00;642.9100;1591.2800;1413.7400;553.9100;2388.1100;9051.4500;47.4800;521.8800;2388.0900;8128.6800;8.4159;393.0000;0.040709;-0.096197;0.001954;Warning;WO215816;10710.00
02-Jul-2026;ENG-093;155;2026-01-07 11:00:00;642.5700;1587.9400;1403.3100;553.0500;2388.0900;9063.5500;47.5900;520.8600;2388.1500;8140.4200;8.4351;394.0000;0.041558;0.150846;0.001337;WARNING;WO823796;17347.56
02-Jul-2026;ENG-045;55;2026-01-03 07:00:00;642.7500;1588.1800;1412.0300;552.9800;2388.0700;9063.3200;47.4700;521.7700;2388.0800;8139.9100;8.4260;395.0000;0.073169;0.014714;0.000442;Healthy;WO201218;2,917.98
2026/07/02;ENG-046;50;2026-01-03 02:00:00;642.8000;1589.9500;1399.9300;554.3300;2388.1200;9070.2300;47.5000;521.4100;2388.0400;8146.2200;8.4075;394.0000;0.056317;-0.314369;0.001843;Healthy;WO463217;696.18
2026-07-02;ENG-086;51;2026-01-03 03:00:00;642.5800;1583.0000;1404.7400;553.4300;2388.0500;9061.1900;47.2000;522.0000;2388.1200;8138.6800;8.4633;394.0000;0.044540;-0.409378;;Healthy;WO372605;
02-Jul-2026;eng-021;98;2026-01-05 02:00:00;642.7700;1584.5400;1399.6500;554.0500;2388.0400;9058.4700;47.0300;522.1600;2387.9800;8138.8400;8.4250;392.0000;0.038356;-0.916317;0.002354;Healthy;WO470138;
02-Jul-2026;ENG-079;40;2026-01-02 16:00:00;642.0900;1594.8300;1398.6900;554.7700;2388.0500;9051.5200;47.3700;522.4800;2388.0300;8136.5200;8.4227;391.0000;0.020602;-0.910267;0.001859;healthy;WO427357;811.71
2026-07-02;ENG-097;47;2026-01-02 23:00:00;642.2300;1588.8600;1400.8700;554.9700;2387.9700;9066.0900;47.3200;522.3300;2387.9700;8146.5800;8.3996;392.0000;0.038745;-1.010346;0.001505;Healthy;WO629650;652.01
02-Jul-2026;  ENG-034 ;80;2026-01-04 08:00:00;642.1700;1585.5800;1395.3200;554.1600;2387.9800;9069.2300;47.2300;522.3000;2387.9800;8154.1000;8.3868;393.0000;0.062062;-1.108219;0.000846;healthy;WO205882;2,541.27
2026-07-02;ENG-032;66;2026-01-03 18:00:00;642.2000;1585.0400;1400.2300;553.8800;2388.0400;9078.1000;47.2800;522.5600;2387.9600;8151.6800;8.4221;392.0000;0.080545;-0.981807;0.009568;Healthy;WO661635;939.55
2026-07-02;ENG-091;107;2026-01-05 11:00:00;642.5200;1592.7100;1413.3700;552.8600;2388.1700;9055.8800;47.6300;521.3400;2388.1200;8126.3400;8.4575;393.0000;-0.008592;0.303893;0.001145;Warning;WO616731;19,366.05
02-Jul-2026;ENG-012;74;2026-01-04 02:00:00;641.5300;1589.9200;1396.6200;554.1900;2388.0000;9059.4700;47.1500;522.2000;2388.0000;8143.6900;8.4243;390.0000;0.054670;-1.107465;0.002561;Healthy;WO872219;2,272.89
2026/07/02;ENG-094;74;2026-01-04 02:00:00;642.9000;1595.3700;1412.8900;553.4800;2388.1100;9056.1000;47.5100;521.2700;2388.0900;8137.4000;8.4367;394.0000;0.035575;0.206198;0.002525;Healthy;WO377072;2665.49
02-Jul-2026;  ENG-006 ;65;2026-01-03 17:00:00;642.3100;1591.5100;1402.8900;552.6100;2388.1200;9056.0700;47.5000;521.3200;2388.1300;8126.6800;8.4400;393.0000;0.032516;0.064241;0.000360;Healthy;WO621903;
2026-07-02;ENG-100;127;2026-01-06 07:00:00;642.4100;1584.3500;1410.9400;554.1100;2388.0500;9078.3500;47.2800;522.6700;2388.0000;8151.5900;8.4163;392.0000;-0.004958;-2.673144;0.002290;Healthy;WO203186;2859.31
02-Jul-2026;eng-010;89;2026-01-04 17:00:00;642.7300;1581.1000;1397.4500;554.6600;2388.0400;9068.6600;47.2600;521.9000;2388.0100;8139.3100;8.4047;391.0000;0.033794;-0.904648;0.000423;Healthy;WO892798;1,444.26
2026-07-02;eng-077;63;2026-01-03 15:00:00;642.5800;1592.0500;1400.4200;553.7900;2388.1100;9049.5100;47.3000;521.7300;2388.0700;8135.6500;8.4473;393.0000;0.036357;-0.341452;0.001779;Healthy;WO328268;1,434.43
2026/07/02;ENG-055;45;2026-01-02 21:00:00;642.2600;1587.0800;1400.6400;554.2400;2388.0500;9056.5200;47.2500;522.2700;2388.0700;8137.1800;8.3980;392.0000;0.026622;-1.018503;0.001036;Healthy;WO811338;1002.03
2026-07-02;ENG-020;123;2026-01-06 03:00:00;642.6700;1586.5000;1409.9200;553.5400;2388.1000;9065.6600;47.4900;521.5500;2388.0600;8145.0600;8.4261;391.0000;0.068045;-0.248994;0.000432;HEALTHY;WO227432;2,884.25
2026/07/02;ENG-077;64;2026-01-03 16:00:00;642.9300;1585.5800;1399.7500;553.9600;2388.0700;9052.9500;47.5600;521.4300;2388.0200;8134.8800;8.4054;392.0000;0.033802;-0.529314;0.000897;Healthy;WO229106;531.10
02-Jul-2026;ENG-027;55;2026-01-03 07:00:00;641.7700;1585.9800;1398.6100;554.5600;2388.0400;9053.4000;47.3900;522.5000;2388.0300;8130.4100;8.4008;391.0000;0.031259;-1.050342;0.000000;healthy;WO104675;2,526.26
2026-07-02;ENG-018;71;2026-01-03 23:00:00;642.1400;1585.4500;1403.6200;553.0000;2388.0500;9065.3800;47.1700;521.8300;2388.0200;8137.2600;8.4202;392.0000;0.037430;-0.838919;0.001505;Healthy;WO339509;
2026/07/02;ENG-091;95;2026-01-04 23:00:00;642.7700;1593.7900;1413.2600;553.4000;2388.1500;9046.8000;47.5200;521.5100;2388.1100;8127.4300;8.4597;395.0000;-0.022637;0.302368;0.001622;Healthy;WO266967;2236.32
2026/07/02;  ENG-026 ;48;2026-01-03 00:00:00;641.7000;1587.2900;1396.9600;554.0600;2388.0300;9073.4400;47.2200;522.8000;2387.9800;8142.5000;8.4259;391.0000;0.075316;-1.146179;0.001726;Healthy;WO946555;2635.03
02-Jul-2026;ENG-037;57;2026-01-03 09:00:00;642.4400;1584.1200;1390.7000;554.8900;2388.0400;9056.8000;47.1000;522.5300;2388.0700;8134.0600;8.3898;392.0000;0.010370;-1.094909;0.004381;Healthy;WO693037;529.50
2026-07-02;ENG-080;63;2026-01-03 15:00:00;642.6200;1587.5800;1409.3900;554.8600;2388.0500;9063.5000;47.4500;521.4400;2388.1200;8141.5800;8.4228;391.0000;0.031812;-0.534811;0.002224;Healthy;WO960031;1525.72
2026/07/02;ENG-087;21;2026-01-01 21:00:00;642.4000;1581.1700;1400.4800;554.1500;2387.9700;9061.1300;47.0700;522.2000;2388.0100;8146.7100;8.3895;392.0000;0.034520;-1.135187;0.001726;healthy;WO322772;2818.16
02-Jul-2026;ENG-017;99;2026-01-05 03:00:00;642.4300;1579.1000;1404.8200;554.1800;2388.0000;9074.1400;47.3200;522.0400;2387.9900;8157.3700;8.4498;393.0000;0.056693;-0.847208;0.002478;Healthy;WO536708;989.04
2026/07/02;ENG-034;92;2026-01-04 20:00:00;642.1700;1589.4000;1393.3300;554.1900;2388.0000;9058.8300;47.1900;522.0100;2388.0000;8145.4200;8.3839;391.0000;0.047705;-1.132904;0.000913;Healthy;WO422208;2,678.24
2026-07-02;ENG-086;59;2026-01-03 11:00:00;642.4200;1585.9800;1402.7600;553.2300;2388.1200;9065.3200;47.4400;522.0800;2388.0600;8143.4200;8.4388;392.0000;0.061034;-0.397574;0.001332;WARNING;WO200751;24,892.20
2026-07-02;eng-005;43;2026-01-02 19:00:00;642.9900;1593.8300;1409.2900;553.8700;2388.0300;9049.7100;47.5200;521.4000;2388.0900;8131.8600;8.3980;393.0000;0.053622;-0.094937;0.000838;HEALTHY;WO659392;1,777.61
2026/07/02;eng-078;37;2026-01-02 13:00:00;642.1600;1587.3700;1402.2500;554.3800;2388.0400;9061.1500;47.3500;523.0700;2388.0200;8144.0200;8.3626;391.0000;0.050539;-1.130435;0.001292;Healthy;WO192698;2389.46
2026/07/02;ENG-021;82;2026-01-04 10:00:00;642.3700;1581.0000;1399.4700;554.4400;2388.0100;9066.3000;47.3800;522.3700;2388.0600;8144.2300;8.4111;392.0000;0.003404;-2.723704;0.008569;Healthy;WO609788;138.14
2026-07-02;ENG-088;36;2026-01-02 12:00:00;642.1100;1594.5200;1418.9000;553.0400;2388.1000;9048.4400;47.6000;521.1700;2388.1500;8123.9300;8.4384;393.0000;-0.000359;0.176242;0.002369;Healthy;WO842767;2,549.58
2026/07/02;  ENG-074 ;91;2026-01-04 19:00:00;642.7800;1591.8900;1414.7100;553.4200;2388.0800;9051.4600;47.4300;521.2100;2388.0300;8138.1000;8.4519;394.0000;0.037102;0.125381;0.002621;Healthy;WO402461;295.99
2026/07/02;ENG-016;48;2026-01-03 00:00:00;641.8100;1586.6300;1401.8200;553.1400;2388.0300;9047.6300;47.2900;521.7500;2388.0800;8129.8400;8.4347;393.0000;0.018082;-0.694326;0.001953;Healthy;WO927050;213.77
02-Jul-2026;  ENG-030 ;86;2026-01-04 14:00:00;642.6400;1586.5800;1409.3000;553.0800;2388.1300;9042.8300;47.6100;521.2700;2388.1400;8130.6300;8.4350;392.0000;0.015755;-0.036087;0.003315;Healthy;WO282626;1,439.10
02-Jul-2026;  ENG-054 ;64;2026-01-03 16:00:00;642.8400;1583.9900;1396.0000;554.2900;2388.0000;9056.5200;47.1100;522.0000;2388.0700;8137.7600;8.3973;391.0000;0.015566;-1.076800;0.000488;Healthy;WO679243;1494.31
02-Jul-2026;ENG-016;41;2026-01-02 17:00:00;642.8300;1588.4700;1399.2700;554.6100;2388.0200;9045.9300;47.2500;522.1200;2388.0500;8137.4200;8.4128;392.0000;0.025189;-0.824344;0.001505;Healthy;WO354199;2137.81
02-Jul-2026;  ENG-049 ;149;2026-01-07 05:00:00;642.6300;1589.0300;1393.7100;554.0700;2388.0100;9063.7100;47.2800;521.7900;2388.0300;8150.2700;8.4081;393.0000;0.045735;-0.814641;0.001292;HEALTHY;WO765210;
02-Jul-2026;ENG-061;81;2026-01-04 09:00:00;643.1100;1590.0700;1403.3000;553.5200;2388.0300;9063.5400;47.2400;521.8400;2388.0300;8154.1200;8.3851;392.0000;0.053688;-0.656882;0.000828;healthy;WO911317;1126.15
2026/07/02;ENG-003;78;2026-01-04 06:00:00;642.5800;1592.5600;1410.4000;553.2900;2388.1600;9046.2300;47.5800;521.3100;2388.0700;8131.0900;8.4387;394.0000;0.013101;0.075719;0.002462;Healthy;WO496187;1414.94
2026-07-02;ENG-088;41;2026-01-02 17:00:00;642.8900;1590.1100;1410.3500;553.1500;2388.1400;9041.9000;47.4800;521.3300;2388.1500;8123.9200;8.5013;392.0000;-0.016618;0.204184;0.002282;Healthy;WO769208;125.39
2026/07/02;ENG-007;91;2026-01-04 19:00:00;642.4300;1588.4500;1400.0100;554.4000;2388.0500;9047.4500;47.2000;522.4400;2388.0300;8143.6100;8.4366;392.0000;0.038325;-0.998699;0.002072;Healthy;WO349910;414.90
2026/07/02;ENG-064;99;2026-01-05 03:00:00;642.2200;1597.2100;1404.3400;552.5500;2388.1200;9049.4300;47.6600;521.8600;2388.1400;8133.1400;8.4294;394.0000;0.065732;-0.073486;0.001110;Healthy;WO331200;1502.81
02-Jul-2026;ENG-083;47;2026-01-02 23:00:00;642.3900;1580.6000;1401.2300;553.7500;2388.0500;9062.7900;47.4700;521.9000;2388.1100;8138.7700;8.4025;392.0000;0.024649;-0.717252;0.001859;Healthy;WO745651;2978.30
2026/07/02;ENG-035;109;2026-01-05 13:00:00;642.7200;1595.2100;1411.2400;554.0200;2388.2300;9056.6000;47.4000;521.5100;2388.1700;8134.6500;8.4586;391.0000;0.015722;0.070498;;Healthy;WO936979;302.14
2026-07-02;ENG-043;94;2026-01-04 22:00:00;642.2900;1587.8800;1408.9600;553.4100;2388.1400;9054.5500;47.4300;521.7500;2388.0400;8136.1700;8.4191;393.0000;0.049717;-0.270803;0.001893;Healthy;WO220481;2672.11
2026/07/02;ENG-040;85;2026-01-04 13:00:00;642.5000;1593.9000;1412.4600;552.9400;2388.1500;9063.9700;47.7100;521.3200;2388.1400;8135.6800;8.4529;394.0000;0.022217;0.301079;0.004567;Healthy;WO940453;2863.48
2026-07-02;ENG-094;70;2026-01-03 22:00:00;642.9200;1592.4300;1410.1300;552.9300;2388.0600;9060.8900;47.4300;521.5700;2388.1000;8141.9000;8.4434;392.0000;0.075584;-0.127200;0.002880;Healthy;WO768550;892.80
2026/07/02;ENG-057;87;2026-01-04 15:00:00;643.1100;1586.1100;1403.7600;553.3300;2388.1100;9043.6400;47.5600;521.3300;2388.1700;8125.2100;8.4214;394.0000;0.009317;-0.017938;0.002167;Healthy;WO239578;1,531.57
2026/07/02;ENG-046;86;2026-01-04 14:00:00;643.0200;1594.5200;1405.9000;553.6600;2388.0900;9066.9200;47.4900;521.8200;2388.0600;8143.0600;8.4472;391.0000;0.084899;-0.056459;0.000228;Healthy;WO925342;2,867.75
02-Jul-2026;ENG-032;65;2026-01-03 17:00:00;642.3900;1581.7200;1394.7400;555.1700;2388.0100;9063.5600;47.2500;522.5000;2388.0400;8147.5600;8.4072;390.0000;0.054252;-1.282862;0.001292;Healthy;WO393915;
02-Jul-2026;ENG-024;81;2026-01-04 09:00:00;642.1700;1586.7200;1396.0700;553.6600;2387.9700;9069.7000;47.3000;521.7200;2388.0000;8148.3200;8.4047;392.0000;0.053543;-0.923715;0.001619;healthy;WO303797;1,598.43
2026/07/02;ENG-031;125;2026-01-06 05:00:00;642.8300;1593.9000;1405.2900;554.1300;2388.0700;9069.3400;47.5700;521.8200;2388.0600;8155.6400;8.4298;393.0000;0.092586;-0.155306;0.002084;healthy;WO845525;1357.69
02-Jul-2026;  ENG-067 ;39;2026-01-02 15:00:00;642.6200;1584.3700;1403.7700;553.8200;2388.0800;9051.8400;47.3800;522.2400;2388.0800;8134.3800;8.4336;390.0000;0.021930;-0.772808;0.000546;Healthy;WO744650;2,068.17
2026-07-02;  ENG-040 ;63;2026-01-03 15:00:00;643.0000;1594.0900;1406.4000;553.4500;2388.1200;9061.9400;47.5400;520.7900;2388.1100;8136.2800;8.4538;392.0000;0.030960;0.225036;0.000414;Healthy;WO346570;2,351.08
02-Jul-2026;ENG-076;134;2026-01-06 14:00:00;643.2100;1585.8900;1410.0100;554.0700;2387.9800;9073.4900;47.5800;521.4100;2388.0600;8149.7100;8.4416;395.0000;0.088600;-0.113670;0.002085;Healthy;WO812898;93.83
2026-07-02;ENG-062;93;2026-01-04 21:00:00;642.3800;1590.2000;1393.7600;554.8400;2387.9800;9050.2000;47.1900;522.3000;2387.9900;8137.4100;8.3647;392.0000;0.034761;-1.167896;0.003107;healthy;WO681759;131.16
2026-07-02;ENG-017;102;2026-01-05 06:00:00;642.5000;1581.1700;1397.0000;554.0500;2388.0300;9074.6300;47.5300;522.4200;2388.0100;8159.3500;8.4274;394.0000;0.071563;-0.765936;0.008517;Healthy;WO333382;1617.05
02-Jul-2026;  ENG-047 ;37;2026-01-02 13:00:00;643.0700;1595.6300;1410.5700;552.9500;2388.1500;9041.3900;47.5600;521.4300;2388.1400;8123.8000;8.5047;394.0000;-0.041651;0.485306;0.004378;Healthy;WO788901;2,715.66
2026-07-02;ENG-097;70;2026-01-03 22:00:00;642.0200;1585.0500;1401.1900;554.3800;2388.0000;9059.7600;47.2400;522.1900;2387.9700;8149.1400;8.3983;392.0000;0.042193;-1.074604;0.000488;Healthy;WO133346;1433.39
2026/07/02;ENG-018;48;2026-01-03 00:00:00;642.0300;1583.9900;1392.6100;553.8800;2387.9900;9063.6600;47.3500;522.8300;2388.0100;8148.4600;8.4315;394.0000;0.068347;-1.016796;0.007143;Healthy;WO540426;850.36
2026-07-02;  ENG-043 ;103;2026-01-05 07:00:00;642.1900;1589.2000;1401.3500;554.3600;2388.1100;9054.9600;47.3300;521.6600;2388.0600;8138.4700;8.4168;392.0000;0.019361;-0.615492;0.002919;Healthy;WO324396;1349.77
2026-07-02;ENG-024;121;2026-01-06 01:00:00;642.2200;1588.7500;1406.3400;554.7600;2388.0400;9076.1900;47.2900;522.3600;2388.0000;8159.8000;8.4160;392.0000;0.059212;-0.928318;0.001505;healthy;WO380757;995.42
02-Jul-2026;ENG-066;51;2026-01-03 03:00:00;643.1500;1587.1900;1396.4100;554.0100;2388.0300;9060.7500;47.4200;521.0900;2388.0700;8145.3900;8.4159;392.0000;0.042297;-0.377141;0.001475;Healthy;WO829788;1,407.57
2026/07/02;ENG-016;49;2026-01-03 01:00:00;642.2800;1582.9400;1404.5900;554.4400;2388.0300;9058.4700;47.2500;521.7500;2388.0700;8132.5200;8.4123;391.0000;0.002044;-0.818823;0.001485;Healthy;WO446364;1495.82
2026/07/02;ENG-051;94;2026-01-04 22:00:00;642.7900;1586.9700;1398.9800;553.8400;2388.0500;9049.5100;47.6200;521.5100;2388.1200;8129.0800;8.3982;394.0000;0.033597;-0.268987;0.001920;Healthy;WO846893;1904.45
2026/07/02;ENG-028;98;2026-01-05 02:00:00;642.4600;1581.8800;1401.9800;553.6400;2388.0700;9052.2400;47.5800;521.8300;2388.0700;8134.7300;8.4285;394.0000;0.048203;-0.327848;0.002097;Healthy;WO199080;2,039.25
2026/07/02;ENG-082;69;2026-01-03 21:00:00;642.2900;1593.4400;1405.0800;554.6900;2388.0600;9061.0200;47.3700;521.4500;2388.0500;8144.4600;8.4303;392.0000;0.046273;-0.467105;0.001744;Healthy;WO302749;1763.84
02-Jul-2026;ENG-093;87;2026-01-04 15:00:00;642.3000;1587.0900;1409.9100;552.3600;2388.1100;9057.0700;47.6300;521.0600;2388.1200;8138.0200;8.4645;394.0000;0.035425;0.153263;0.001874;healthy;WO209490;675.79
2026/07/02;ENG-013;104;2026-01-05 08:00:00;641.9500;1584.9400;1395.7900;554.0500;2387.9900;9063.4500;47.1700;522.1300;2388.0300;8141.2400;8.3940;393.0000;0.023342;-1.045355;0.000772;Healthy;WO816977;2850.75
2026/07/02;ENG-047;34;2026-01-02 10:00:00;642.7700;1585.6000;1409.3900;553.7800;2388.1200;9041.2100;47.8500;521.0500;2388.1200;8126.5500;8.4576;393.0000;-0.026406;0.190062;0.002297;healthy;WO556529;372.07
2026/07/02;ENG-049;106;2026-01-05 10:00:00;642.5800;1582.6200;1395.6600;553.6900;2387.9900;9061.6600;47.0800;522.7400;2388.0500;8146.5600;8.3884;392.0000;0.044895;-1.128906;0.001582;Healthy;WO633546;280.99
2026/07/02;ENG-081;127;2026-01-06 07:00:00;642.3400;1594.3800;1397.3000;553.5400;2388.0500;9072.9000;47.4100;521.6300;2388.0300;8148.5700;8.4503;392.0000;0.079107;-0.326026;0.001997;Warning;WO739527;9832.66
02-Jul-2026;ENG-006;68;2026-01-03 20:00:00;642.2500;1589.7400;1409.7400;553.5700;2388.0800;9052.3800;47.5300;521.1100;2388.1000;8134.1600;8.3899;395.0000;0.042692;-0.128828;0.002057;Healthy;WO516437;2,629.06
2026/07/02;ENG-053;110;2026-01-05 14:00:00;642.5400;1588.9900;1403.6600;553.3000;2388.0300;9062.2400;47.3700;522.2000;2388.0300;8143.3600;8.4261;393.0000;0.063662;-0.504638;0.003127;Healthy;WO714196;805.49
2026-07-02;ENG-063;64;2026-01-03 16:00:00;643.0000;1589.5000;1403.7700;553.1700;2388.1400;9048.2900;47.7000;521.7300;2388.0900;8122.4100;8.4539;392.0000;0.021179;0.050793;0.001999;healthy;WO435883;2691.32
2026/07/02;  ENG-090 ;62;2026-01-03 14:00:00;642.8000;1583.3300;1402.9800;553.0300;2388.0900;9060.6900;47.3100;521.7600;2388.1200;8131.9500;8.4568;392.0000;0.042297;-0.152958;0.001947;Healthy;WO463170;2099.34
2026/07/02;ENG-100;128;2026-01-06 08:00:00;642.8300;1585.3200;1394.3400;553.9600;2388.0500;9065.0000;47.3400;521.8500;2388.0500;8151.9000;8.4486;393.0000;0.058374;-0.559010;0.001370;Healthy;WO163003;1961.76
02-Jul-2026;ENG-019;47;2026-01-02 23:00:00;642.1500;1583.4500;1395.4900;554.8100;2388.0500;9050.2900;47.2600;522.6600;2388.0400;8135.0300;8.4055;394.0000;0.010188;-0.987033;0.001843;Healthy;WO565342;2798.44
2026-07-02;ENG-015;36;2026-01-02 12:00:00;642.2900;1590.0000;1399.0100;554.1900;2388.0600;9050.9500;47.1700;522.6900;2388.0300;8143.9500;8.4601;392.0000;0.041221;-0.838449;0.000691;Healthy;WO798360;2504.74
2026/07/02;ENG-013;126;2026-01-06 06:00:00;642.0600;1585.5500;1395.2200;553.3600;2388.0000;9063.9400;47.3000;522.0600;2388.0500;8144.0900;8.4225;391.0000;0.046229;-0.880253;0.000488;Healthy;WO664372;2,446.12
2026/07/02;ENG-043;80;2026-01-04 08:00:00;642.4000;1589.7600;1394.9300;553.4900;2388.0700;9051.9400;47.4500;521.6500;2388.0700;8135.4000;8.4432;393.0000;0.051877;-0.293197;0.003171;Healthy;WO845458;1,912.64
2026-07-02;ENG-100;104;2026-01-05 08:00:00;642.0600;1585.6200;1401.2400;554.2400;2388.0200;9065.4700;47.3600;522.2900;2388.0200;8151.7300;8.3927;392.0000;0.043670;-0.920124;0.003321;Healthy;WO159886;2,547.76
2026/07/02;  ENG-094 ;59;2026-01-03 11:00:00;642.9800;1589.5100;1408.7000;553.2700;2388.1200;9055.6800;47.5900;522.0800;2388.1400;8138.5900;8.4215;393.0000;0.072532;-0.047378;0.002403;Healthy;WO930926;2,769.54
2026-07-02;  ENG-010 ;87;2026-01-04 15:00:00;641.7300;1586.4700;1398.4200;554.1000;2388.0000;9063.0500;47.4000;521.9000;2388.0300;8139.6200;8.3806;392.0000;0.025631;-0.930708;0.001292;Healthy;WO287522;2483.99
2026-07-02;ENG-023;58;2026-01-03 10:00:00;641.8600;1575.5900;1402.1800;553.9000;2388.0000;9053.3900;47.2300;523.0300;2388.0500;8131.7900;8.3628;392.0000;0.022249;-1.217855;0.002697;Healthy;WO209103;2,710.82
02-Jul-2026;ENG-086;63;2026-01-03 15:00:00;642.1300;1589.6600;1409.1300;553.8900;2388.0400;9063.4600;47.2800;521.6600;2388.0600;8143.9600;8.4119;393.0000;0.050014;-0.484201;0.001050;Healthy;WO989668;2458.28
2026/07/02;eng-002;25;2026-01-02 01:00:00;643.3300;1590.1700;1404.7000;553.2400;2388.0400;9052.5400;47.5200;521.6200;2388.1200;8133.0800;8.4306;392.0000;0.055117;-0.130964;0.002173;Warning;WO547661;12337.01
02-Jul-2026;ENG-078;47;2026-01-02 23:00:00;642.7100;1582.4500;1395.5500;554.2100;2387.9700;9056.8700;47.2200;522.4700;2387.9900;8141.1800;8.4040;391.0000;0.056008;-1.133577;0.002290;healthy;WO577865;509.76
02-Jul-2026;ENG-091;115;2026-01-05 19:00:00;642.5300;1584.7400;1405.3200;553.5600;2388.2000;9046.9700;47.7100;521.0200;2388.1900;8135.6400;8.4444;394.0000;-0.028792;0.196849;0.001776;Warning;WO743016;2433.99
2026/07/02;ENG-028;87;2026-01-04 15:00:00;642.2100;1583.7000;1408.3600;553.3900;2388.1400;9052.4100;47.3900;521.1300;2388.1300;8130.9700;8.4200;392.0000;0.027033;-0.235881;0.002986;Healthy;WO292779;2350.59
02-Jul-2026;ENG-031;69;2026-01-03 21:00:00;641.9700;1592.3500;1408.2900;553.5100;2388.0200;9068.7900;47.3300;521.9000;2387.9700;8152.6500;8.4131;393.0000;0.073328;-0.644763;0.005697;Healthy;WO187043;
2026-07-02;ENG-089;95;2026-01-04 23:00:00;642.9200;1602.3300;1405.6900;554.3000;2388.0900;9045.4500;47.4300;521.1200;2388.1900;8131.2200;8.4414;393.0000;0.007953;0.165860;0.001218;Healthy;WO264965;2,076.43
2026/07/02;eng-073;65;2026-01-03 17:00:00;641.9100;1577.8400;1398.4100;554.7500;2388.0500;9051.1100;47.2100;522.3200;2388.0200;8138.9300;8.3840;393.0000;0.015434;-1.167882;0.002316;Healthy;WO862055;2,750.60
02-Jul-2026;ENG-074;65;2026-01-03 17:00:00;642.6000;1586.0400;1405.0900;553.7200;2388.0500;9063.7800;47.4000;521.9100;2388.1000;8137.7100;8.3973;393.0000;0.038792;-0.488339;0.002522;Healthy;WO567456;732.43
2026/07/02;  ENG-041 ;47;2026-01-02 23:00:00;641.4500;1589.9300;1402.6500;553.9400;2388.0400;9048.2000;47.2200;522.3200;2388.0400;8128.7700;8.3886;391.0000;0.013652;-1.044593;0.002674;Healthy;WO814972;2,444.73
2026/07/02;ENG-069;19;2026-01-01 19:00:00;642.5100;1594.0300;1402.8400;553.4800;2388.0600;9045.0500;47.4100;521.4100;2388.1200;8124.0900;8.4182;391.0000;0.030375;-0.287689;0.003028;Healthy;WO496206;1936.04
2026-07-02;eng-019;87;2026-01-04 15:00:00;642.6700;1588.3300;1399.3100;553.8800;2388.0800;9046.1900;47.3300;521.5700;2388.0600;8139.8000;8.4130;391.0000;0.017992;-0.670871;0.001475;Healthy;WO667337;2150.84
2026/07/02;ENG-046;95;2026-01-04 23:00:00;642.7100;1595.1600;1404.5600;553.0100;2388.1200;9066.8800;47.6500;521.6200;2388.0800;8147.6600;8.4144;392.0000;0.096715;-0.021406;0.002972;HEALTHY;WO565856;533.37
2026-07-02;  ENG-062 ;99;2026-01-05 03:00:00;642.2100;1586.1500;1404.8500;554.7800;2388.0200;9055.8800;47.2100;522.7000;2388.0400;8142.0700;8.3943;391.0000;0.029093;-1.115023;0.000691;Healthy;WO210485;
02-Jul-2026;ENG-057;96;2026-01-05 00:00:00;643.0800;1588.5900;1410.9500;553.0100;2388.0800;9052.4000;47.4600;521.5500;2388.1100;8133.1100;8.4357;393.0000;0.046826;0.025054;0.003295;Healthy;WO147844;2752.24
02-Jul-2026;ENG-036;55;2026-01-03 07:00:00;643.0500;1590.2700;1418.8000;552.8000;2388.1300;9057.7700;47.6100;520.5700;2388.1200;8139.2700;8.4587;392.0000;0.004065;0.413218;0.003216;Healthy;WO575455;2455.14
2026/07/02;ENG-092;91;2026-01-04 19:00:00;642.6100;1586.4100;1410.8300;553.5600;2388.1600;9042.1300;47.6700;521.2100;2388.1600;8119.3500;8.4143;395.0000;-0.049310;0.148434;0.007497;Healthy;WO607259;132.41
2026/07/02;eng-091;101;2026-01-05 05:00:00;642.5800;1593.9800;1405.9400;553.2400;2388.1600;9048.9600;47.5000;520.9400;2388.1500;8127.9700;8.4389;393.0000;-0.002840;0.123255;0.002530;Healthy;WO997395;1,049.56
2026/07/02;ENG-036;53;2026-01-03 05:00:00;642.7200;1592.5700;1412.9900;552.8700;2388.1200;9062.7400;47.5200;521.3200;2388.0700;8140.1400;8.4373;395.0000;0.044932;0.229297;0.002062;Healthy;WO120802;2021.16
02-Jul-2026;ENG-006;44;2026-01-02 20:00:00;642.8900;1591.6900;1409.0100;553.0100;2388.1100;9054.5100;47.6300;520.9000;2388.1200;8135.0500;8.4286;393.0000;0.020411;0.219772;0.002152;Healthy;WO862355;2017.13
2026/07/02;ENG-013;109;2026-01-05 13:00:00;642.6500;1585.7000;1401.1800;553.8600;2388.0300;9066.9800;47.3200;521.5900;2388.0400;8145.1000;8.4078;390.0000;0.035253;-0.748994;0.002837;Healthy;WO997765;764.13
02-Jul-2026;ENG-093;137;2026-01-06 17:00:00;643.4000;1587.0900;1404.5300;553.4700;2388.1100;9063.4900;47.5400;521.6500;2388.1200;8137.4600;8.4778;394.0000;0.054536;0.167125;0.001932;Healthy;WO145565;2,269.71
2026-07-02;ENG-040;50;2026-01-03 02:00:00;642.4500;1591.4400;1408.0700;553.7200;2388.1000;9051.8200;47.6500;521.3300;2388.0600;8133.7600;8.4573;393.0000;0.025322;0.135101;0.001570;Healthy;WO118008;1850.61
2026-07-02;  ENG-089 ;111;2026-01-05 15:00:00;642.9300;1581.0600;1400.0800;553.1000;2388.1300;9052.3300;47.5000;521.7500;2388.0500;8130.0100;8.4693;392.0000;0.044050;-0.259862;0.003042;Healthy;WO609085;
2026-07-02;  ENG-030 ;57;2026-01-03 09:00:00;642.3700;1593.2300;1406.7300;553.0500;2388.1200;9047.0200;47.5300;521.3400;2388.1000;8130.0300;8.4308;393.0000;0.030543;0.034871;0.002298;healthy;WO770048;1053.82
02-Jul-2026;ENG-043;91;2026-01-04 19:00:00;642.3300;1585.8900;1406.6300;553.5100;2388.0700;9054.5500;47.4200;521.4500;2388.0900;8132.9700;8.4599;392.0000;0.043639;-0.183067;0.001470;Warning;WO660992;18661.17
2026/07/02;ENG-066;68;2026-01-03 20:00:00;642.2200;1594.7400;1404.6900;553.1700;2388.0800;9065.3100;47.5000;522.0200;2388.0800;8153.8100;8.4508;394.0000;0.100642;-0.150856;0.004953;healthy;WO688240;
2026-07-02;ENG-084;92;2026-01-04 20:00:00;643.0300;1589.6100;1409.1200;553.5900;2388.1300;9055.3400;47.3600;521.3400;2388.0900;8130.3600;8.4041;394.0000;0.029288;-0.025775;0.002076;Healthy;WO771084;1,954.42
2026/07/02;eng-076;106;2026-01-05 10:00:00;642.3300;1589.8200;1403.6900;553.6600;2388.0000;9061.5300;47.3800;521.7000;2388.0100;8143.1700;8.4188;392.0000;0.049036;-0.660479;0.001525;Healthy;WO258494;643.22
02-Jul-2026;ENG-093;149;2026-01-07 05:00:00;642.8100;1596.9500;1411.7800;552.4000;2388.1100;9064.3100;47.4600;521.0000;2388.0800;8135.5200;8.4539;395.0000;0.040802;0.301661;0.003694;Healthy;WO253114;145.96
2026-07-02;  ENG-060 ;59;2026-01-03 11:00:00;642.5200;1589.1600;1406.7900;553.0100;2388.0300;9052.5300;47.4900;521.7000;2388.1000;8138.4900;8.4350;392.0000;0.061091;-0.239031;0.001019;Healthy;WO980428;2740.33
2026/07/02;ENG-026;44;2026-01-02 20:00:00;642.1300;1582.5000;1401.7800;554.1500;2388.0800;9062.3100;47.1500;522.3000;2388.0500;8148.2200;8.3994;393.0000;0.033891;-0.890512;0.002805;Healthy;WO794458;1476.08
2026/07/02;  ENG-094 ;89;2026-01-04 17:00:00;642.9100;1586.0100;1404.6300;553.2300;2388.0700;9051.2000;47.6900;521.6600;2388.1100;8141.1700;8.4680;394.0000;0.054106;0.097196;0.000761;Healthy;WO784735;55.02
2026/07/02;ENG-036;46;2026-01-02 22:00:00;642.8300;1590.2300;1404.0100;553.3400;2388.1300;9057.8400;47.6900;521.4400;2388.1500;8140.5300;8.4441;394.0000;0.032044;0.268980;0.001115;Warning;WO274456;3407.61
02-Jul-2026;ENG-084;67;2026-01-03 19:00:00;642.2200;1591.9200;1407.9100;552.6900;2388.0700;9048.1100;47.4100;521.3200;2388.1100;8135.9800;8.3889;394.0000;0.040824;-0.310890;0.003341;Healthy;WO713189;934.44
2026/07/02;ENG-023;61;2026-01-03 13:00:00;642.1700;1588.5200;1394.4600;554.8800;2388.1200;9054.9700;47.2100;521.9700;2387.9900;8137.7600;8.4009;393.0000;0.016666;-0.962824;0.002184;Healthy;WO950946;691.71
2026/07/02;ENG-055;46;2026-01-02 22:00:00;642.3700;1588.5000;1395.5500;554.2200;2388.0700;9055.4500;47.3000;521.8600;2388.0300;8137.1400;8.4461;392.0000;0.021269;-0.706928;0.000345;Healthy;WO149354;112.92
2026/07/02;ENG-003;55;2026-01-03 07:00:00;642.7700;1591.5700;1409.5100;554.4200;2388.1800;9051.9200;47.6300;521.2300;2388.1100;8132.5500;8.4423;392.0000;0.017149;-0.020032;0.002471;healthy;WO322772;2463.41
02-Jul-2026;ENG-084;78;2026-01-04 06:00:00;642.6700;1582.8700;1409.3900;554.5600;2388.0700;9058.8800;47.3700;521.8600;2388.0300;8143.4000;8.4272;394.0000;0.043150;-0.387153;0.001071;Healthy;WO502178;1,407.68
2026/07/02;ENG-037;55;2026-01-03 07:00:00;642.1600;1586.0000;1409.3100;553.6500;2388.0400;9043.3100;47.1700;522.3700;2388.0500;8139.0700;8.3949;392.0000;0.011488;-0.855325;0.004004;Healthy;WO737690;757.32
02-Jul-2026;ENG-036;44;2026-01-02 20:00:00;642.7900;1590.7000;1413.4200;553.3400;2388.1200;9066.4600;47.5700;521.3000;2388.0800;8133.3600;8.4622;393.0000;0.028403;0.233641;0.000569;Healthy;WO167640;1173.12
2026/07/02;ENG-024;99;2026-01-05 03:00:00;642.4400;1588.5200;1399.9300;553.6600;2387.9800;9075.4500;47.2400;522.4900;2387.9900;8154.4600;8.4208;392.0000;0.077285;-0.912993;0.004715;Healthy;WO155510;2,380.36
02-Jul-2026;ENG-086;48;2026-01-03 00:00:00;642.4000;1588.6200;1402.0600;553.5200;2388.0300;9061.5000;47.4700;521.6200;2388.0600;8140.9000;8.4214;393.0000;0.059202;-0.318518;0.000674;Healthy;WO353895;528.47
2026-07-02;ENG-051;86;2026-01-04 14:00:00;642.4800;1584.4300;1412.2800;553.5100;2388.0800;9047.9500;47.4300;521.7800;2388.1200;8135.4500;8.4359;392.0000;0.040242;-0.251628;0.002932;Healthy;WO190684;1,467.60
02-Jul-2026;ENG-089;118;2026-01-05 22:00:00;642.5400;1585.9400;1405.6700;554.0100;2388.1200;9048.2400;47.4700;521.6000;2388.1200;8124.3700;8.4487;392.0000;0.009528;-0.086852;0.002045;Healthy;WO359451;696.90
02-Jul-2026;ENG-032;76;2026-01-04 04:00:00;641.8200;1586.7900;1401.6200;554.2900;2387.9600;9072.6100;47.1100;522.2300;2388.0300;8149.4800;8.4261;392.0000;-0.000275;-2.648554;0.003588;Healthy;WO511485;321.41
2026/07/02;ENG-086;40;2026-01-02 16:00:00;642.4300;1587.7200;1396.1400;554.2300;2388.0900;9051.4400;47.3400;521.6100;2388.0200;8136.2900;8.4452;393.0000;0.018818;-0.674058;0.002561;Healthy;WO434387;880.31
02-Jul-2026;ENG-056;76;2026-01-04 04:00:00;643.2000;1588.8500;1409.1100;552.9000;2388.1900;9040.8700;47.5600;521.2800;2388.2100;8126.3800;8.4456;393.0000;-0.038100;0.323036;0.001788;Healthy;WO777524;581.62
2026/07/02;ENG-063;84;2026-01-04 12:00:00;642.9200;1586.6700;1408.3800;553.9400;2388.1200;9050.1800;47.6800;521.2600;2388.1100;8131.3300;8.4514;392.0000;0.017551;0.026462;0.001116;Healthy;WO305837;1263.88
02-Jul-2026;ENG-091;102;2026-01-05 06:00:00;642.5000;1596.7200;1411.4200;552.8900;2388.1700;9048.2200;47.3700;521.9300;2388.1200;8126.9900;8.4540;394.0000;0.008560;0.211545;0.002577;Healthy;WO153260;258.96
2026-07-02;ENG-012;137;2026-01-06 17:00:00;642.4300;1583.1100;1404.2700;554.3300;2388.0700;9062.5000;47.2000;522.7400;2388.0400;8139.7700;8.4237;391.0000;0.039972;-1.029858;0.001145;Healthy;WO840434;1216.37
2026-07-02;ENG-044;29;2026-01-02 05:00:00;642.0200;1587.5500;1395.3400;554.0600;2388.0900;9052.3500;47.3800;521.3500;2388.1000;8137.5400;8.3785;391.0000;-0.003906;-0.842143;0.004222;healthy;WO150051;137.13
2026-07-02;eng-065;36;2026-01-02 12:00:00;641.6100;1579.2500;1393.1600;554.5800;2388.0300;9065.1000;47.2700;522.4600;2387.9600;8153.9500;8.3814;390.0000;0.074734;-1.320946;0.001092;Healthy;WO299556;1451.40
2026-07-02;ENG-094;66;2026-01-03 18:00:00;642.1500;1580.5200;1403.9800;553.6300;2388.1700;9055.8400;47.4700;521.6500;2388.0800;8139.3400;8.4444;394.0000;0.048088;-0.150733;0.001807;HEALTHY;WO301154;282.56
02-Jul-2026;ENG-045;87;2026-01-04 15:00:00;642.6000;1585.8800;1400.3400;552.5600;2388.0900;9056.4300;47.6000;521.6600;2388.0900;8145.6400;8.4561;395.0000;0.085263;-0.032145;0.003075;Healthy;WO735072;1632.74
2026/07/02;ENG-059;55;2026-01-03 07:00:00;642.1300;1577.4400;1396.7200;554.4200;2387.9700;9052.8800;47.2000;522.5800;2388.0400;8134.8800;8.3841;393.0000;0.017065;-1.173865;0.003982;Healthy;WO941424;2089.32
02-Jul-2026;ENG-031;74;2026-01-04 02:00:00;642.4600;1588.2100;1402.3500;554.4100;2388.0700;9063.9400;47.4800;522.2000;2388.0000;8143.4600;8.4126;391.0000;0.046467;-0.743587;0.004165;Healthy;WO361040;1186.77
2026-07-02;ENG-004;45;2026-01-02 21:00:00;642.6000;1588.5600;1401.7400;553.9400;2388.1300;9057.4200;47.4200;521.7300;2388.1200;8132.5500;8.4473;393.0000;0.036206;-0.199037;0.001177;Healthy;WO880371;2681.87
2026-07-02;  ENG-081 ;83;2026-01-04 11:00:00;642.1800;1586.3800;1400.4800;554.3400;2388.0200;9073.9900;47.2000;521.5500;2388.0300;8150.1800;8.4078;392.0000;0.033122;-0.946986;0.001171;Healthy;WO936422;2500.72
02-Jul-2026;ENG-032;83;2026-01-04 11:00:00;642.0200;1589.3600;1390.6500;554.2100;2388.0300;9078.6000;47.1600;522.2500;2387.9300;8157.0800;8.3918;392.0000;0.083351;-1.135975;0.007429;Healthy;WO410365;1,001.06
02-Jul-2026;ENG-076;91;2026-01-04 19:00:00;641.7400;1589.7700;1401.5600;554.1600;2388.0100;9055.2600;47.1200;522.2700;2388.0200;8144.8600;8.4435;391.0000;0.042615;-1.078298;0.001544;Healthy;WO495450;1,351.45
2026/07/02;ENG-047;42;2026-01-02 18:00:00;642.8600;1591.1900;1407.6900;552.9400;2388.1200;9042.5900;47.7100;520.6700;2388.2100;8118.2100;8.4737;395.0000;-0.071122;0.512478;;Warning;WO503877;9,037.32
2026-07-02;ENG-091;113;2026-01-05 17:00:00;643.7300;1588.8700;1412.3800;553.1700;2388.1800;9054.7400;47.5300;521.5900;2388.1100;8130.1500;8.4513;394.0000;-0.000045;0.352101;0.001050;Healthy;WO735692;
2026/07/02;ENG-084;100;2026-01-05 04:00:00;642.8700;1589.0500;1410.4800;553.7000;2388.0700;9059.4200;47.7200;521.2500;2388.0700;8136.0500;8.4412;393.0000;0.058293;0.006000;0.002135;Healthy;WO956816;2128.97
2026/07/02;  ENG-055 ;73;2026-01-04 01:00:00;642.0100;1590.0500;1410.9500;553.7000;2388.0500;9053.3000;47.2000;522.1200;2388.0500;8140.0200;8.3764;391.0000;0.018669;-0.738285;0.002277;Healthy;WO124322;2246.19
2026/07/02;ENG-081;76;2026-01-04 04:00:00;642.4900;1595.1300;1408.0800;554.0100;2388.0200;9069.7900;47.3300;521.7800;2388.0700;8147.2900;8.4124;391.0000;0.057607;-0.598584;0.001945;HEALTHY;WO183440;2865.61
2026/07/02;ENG-031;96;2026-01-05 00:00:00;641.9600;1590.9600;1397.4400;553.2400;2388.0300;9072.3900;47.4000;522.1600;2388.0700;8148.8500;8.4334;393.0000;0.063695;-0.694650;0.003571;healthy;WO259620;808.39
2026/07/02;ENG-089;94;2026-01-04 22:00:00;642.7000;1594.2300;1407.0700;553.5000;2388.1500;9039.1300;47.5400;521.9300;2388.0800;8128.7400;8.4296;392.0000;0.039104;-0.145047;0.001859;HEALTHY;WO700089;2,859.08
02-Jul-2026;ENG-026;45;2026-01-02 21:00:00;642.5700;1590.2100;1401.3500;554.0400;2387.9900;9064.6600;47.3200;521.7700;2388.0200;8147.8200;8.4109;393.0000;0.053696;-0.635307;0.001184;Healthy;WO458247;448.78
02-Jul-2026;ENG-042;98;2026-01-05 02:00:00;642.6000;1583.7300;1397.5100;554.2100;2388.1300;9041.4600;47.3500;521.2100;2388.0600;8129.0400;8.4483;393.0000;0.007900;-0.388918;0.009317;Healthy;WO873943;234.41
2026/07/02;ENG-055;63;2026-01-03 15:00:00;642.9100;1584.4800;1398.3200;554.9900;2388.0300;9050.6100;47.5000;522.2700;2388.0200;8140.9700;8.4266;391.0000;0.042991;-0.909474;0.001638;Healthy;WO293076;2209.87
2026-07-02;eng-080;62;2026-01-03 14:00:00;642.0600;1581.8900;1402.2100;553.7600;2388.0400;9065.7100;47.3600;521.6300;2388.0000;8144.0000;8.4115;394.0000;0.037015;-0.742892;0.001171;Healthy;WO688311;
2026-07-02;eng-054;77;2026-01-04 05:00:00;642.3700;1581.5600;1405.4500;554.1900;2387.9900;9066.3000;47.2500;522.5900;2388.0300;8143.3300;8.3549;391.0000;0.029494;-1.079707;0.001691;Healthy;WO364451;1326.75
02-Jul-2026;ENG-077;106;2026-01-05 10:00:00;642.0500;1583.4200;1409.8800;554.4800;2388.0900;9048.2700;47.4500;521.8200;2388.0700;8131.6400;8.4320;393.0000;0.016195;-0.530526;0.002335;Healthy;WO782642;2,218.70
2026/07/02;ENG-050;31;2026-01-02 07:00:00;642.1200;1584.5700;1403.9200;554.3100;2388.0100;9056.7700;47.3500;522.3400;2388.1100;8132.6900;8.4439;393.0000;0.016779;-0.789652;0.002858;Healthy;WO424102;1,410.56
02-Jul-2026;ENG-062;80;2026-01-04 08:00:00;642.1100;1582.4100;1392.3600;554.7400;2388.0000;9059.0400;47.0800;522.5600;2388.0500;8134.9400;8.4041;391.0000;0.046887;-1.317104;0.006677;Healthy;WO988778;1,301.88
2026/07/02;ENG-051;66;2026-01-03 18:00:00;642.9000;1584.4100;1404.0900;553.8100;2388.0900;9045.3700;47.4300;522.0700;2388.1200;8129.5700;8.4296;393.0000;0.021290;-0.371894;0.004321;healthy;WO883662;173.89
2026/07/02;ENG-082;72;2026-01-04 00:00:00;642.0900;1588.0000;1400.8800;554.1300;2387.9900;9065.9700;47.3000;522.6200;2388.0400;8145.3600;8.4073;393.0000;0.048981;-0.828080;0.001794;HEALTHY;WO628942;2054.37
02-Jul-2026;ENG-082;96;2026-01-05 00:00:00;642.7200;1589.1200;1404.8900;553.8900;2388.1000;9059.3800;47.2800;521.4800;2388.0700;8135.7400;8.4338;393.0000;0.041966;-0.244232;0.002386;healthy;WO302659;1959.75
2026/07/02;ENG-002;31;2026-01-02 07:00:00;642.7700;1591.3200;1402.4700;553.4600;2388.1100;9045.8600;47.5300;521.4100;2388.1300;8129.5400;8.4312;394.0000;0.017263;0.034345;0.000664;Healthy;WO627028;417.31
02-Jul-2026;ENG-044;26;2026-01-02 02:00:00;641.9500;1585.5000;1403.3300;553.5600;2388.1000;9050.8100;47.3400;521.8000;2388.0600;8126.6500;8.4302;392.0000;0.008257;-0.589231;0.003457;Healthy;WO337690;405.45
2026/07/02;  ENG-066 ;76;2026-01-04 04:00:00;642.6800;1592.3100;1409.6800;554.3300;2388.1300;9065.8100;47.4500;521.4200;2388.0700;8142.8000;8.4039;393.0000;0.065378;-0.062672;0.001724;Healthy;WO989288;2079.15
2026-07-02;ENG-050;47;2026-01-02 23:00:00;642.4500;1585.7000;1403.8600;553.6000;2388.0800;9058.9500;47.4600;522.3600;2388.0400;8145.4800;8.4038;392.0000;0.045267;-0.670172;0.000961;Healthy;WO824503;240.42
2026/07/02;eng-024;103;2026-01-05 07:00:00;642.1900;1593.3500;1395.0100;554.3400;2387.9600;9071.2800;47.2200;522.4200;2388.0200;8156.7500;8.4319;391.0000;0.076869;-1.027984;0.000345;Healthy;WO132495;1271.02
02-Jul-2026;  ENG-050 ;33;2026-01-02 09:00:00;642.7100;1586.2700;1402.8300;554.1300;2388.0300;9066.6100;47.3200;521.8900;2388.0200;8139.1100;8.4321;392.0000;0.036672;-0.702808;0.000598;Healthy;WO809916;2858.79
2026/07/02;ENG-092;56;2026-01-03 08:00:00;642.5400;1593.2500;1413.6200;553.1300;2388.1700;9040.2600;47.6800;521.1900;2388.0900;8122.3900;8.4407;392.0000;-0.018907;0.114700;0.005413;Healthy;WO251821;1766.29
2026-07-02;ENG-060;87;2026-01-04 15:00:00;642.8500;1592.6800;1404.1100;553.7000;2388.0300;9051.7300;47.3600;521.6500;2388.0700;8130.3500;8.4226;391.0000;0.038463;-0.338447;0.000712;Healthy;WO635885;608.68
2026/07/02;ENG-062;114;2026-01-05 18:00:00;642.1500;1579.3600;1389.8500;554.3300;2388.0000;9059.4000;47.3900;522.6700;2388.0300;8144.9300;8.3920;392.0000;0.050072;-1.154717;0.000691;Healthy;WO608453;571.68
2026-07-02;ENG-029;96;2026-01-05 00:00:00;642.7700;1592.6300;1410.8500;553.4300;2388.0400;9058.5800;47.3800;522.1800;2388.0400;8140.7800;8.3953;392.0000;0.050455;-0.543434;0.001769;Healthy;WO438768;1220.87
02-Jul-2026;ENG-023;79;2026-01-04 07:00:00;642.0400;1583.9200;1398.2100;553.9800;2388.0600;9053.8000;47.2300;522.2200;2387.9800;8128.1100;8.3867;389.0000;0.043496;-1.145705;0.000913;Healthy;WO266158;
02-Jul-2026;ENG-093;161;2026-01-07 17:00:00;642.7200;1591.5200;1403.4600;552.8700;2388.1400;9054.4700;47.6700;521.3200;2388.1200;8138.9500;8.4571;394.0000;0.031770;0.215574;0.004573;warning;WO270105;12513.99
2026/07/02;ENG-097;84;2026-01-04 12:00:00;641.8300;1589.4400;1407.8300;553.5400;2387.9800;9072.3000;47.4100;522.8300;2388.0500;8145.1000;8.3971;391.0000;0.048838;-0.918146;0.002490;Healthy;WO863570;818.36
2026-07-02;ENG-090;56;2026-01-03 08:00:00;642.6100;1593.7200;1402.1600;553.7500;2388.1100;9060.6200;47.4900;521.8600;2388.0800;8137.4600;8.4213;393.0000;0.059061;-0.209224;0.000857;Healthy;WO735582;729.99
02-Jul-2026;ENG-070;69;2026-01-03 21:00:00;642.7300;1593.7500;1406.2500;553.8600;2388.0800;9050.9900;47.3200;522.3900;2388.0500;8130.0400;8.4242;392.0000;0.029847;-0.588371;0.002093;Healthy;WO595560;131.20
02-Jul-2026;ENG-023;70;2026-01-03 22:00:00;641.7800;1579.6800;1389.8500;554.9100;2388.0900;9048.4000;47.1900;522.9000;2388.0300;8135.9600;8.3930;392.0000;0.043549;-1.227598;0.000598;Healthy;WO533730;2072.84
02-Jul-2026;ENG-052;66;2026-01-03 18:00:00;642.0700;1583.9700;1391.2500;554.5900;2388.0400;9052.6100;47.1200;522.4800;2388.0300;8136.3300;8.3915;392.0000;0.030095;-1.205536;0.003766;Healthy;WO730295;1484.64
2026-07-02;  ENG-093 ;142;2026-01-06 22:00:00;642.3700;1587.0900;1414.6000;553.5400;2388.1500;9061.1500;47.4400;521.2500;2388.1200;8135.2000;8.4380;393.0000;0.041225;-0.067995;0.002841;Healthy;WO842219;2788.36
2026-07-02;ENG-046;94;2026-01-04 22:00:00;642.8300;1594.6500;1409.1400;553.1400;2388.0700;9065.0600;47.5500;521.8900;2388.0700;8149.3900;8.4396;394.0000;0.111191;0.013331;0.006968;healthy;WO478292;639.00
2026-07-02;  ENG-092 ;67;2026-01-03 19:00:00;642.7300;1587.0700;1404.2500;553.3600;2388.1200;9044.7000;47.5600;521.6700;2388.1500;8121.5300;8.4416;395.0000;-0.012191;0.122156;0.002610;healthy;WO160678;798.59
2026/07/02;ENG-072;82;2026-01-04 10:00:00;642.2500;1584.3500;1406.2700;554.0900;2388.0000;9060.1900;47.3400;521.6300;2388.0900;8143.3400;8.4249;392.0000;0.040584;-0.576796;0.001233;Healthy;WO876448;499.43
02-Jul-2026;  ENG-043 ;60;2026-01-03 12:00:00;642.5900;1585.0900;1402.0900;553.5900;2388.0500;9053.1400;47.4000;521.8400;2388.0900;8130.6000;8.4148;392.0000;0.016547;-0.646474;0.001402;Healthy;WO928568;2094.35
2026-07-02;ENG-048;27;2026-01-02 03:00:00;642.4300;1585.3300;1405.6600;554.0200;2388.0600;9058.9800;47.3800;521.5900;2388.1000;8138.7000;8.4146;393.0000;0.032347;-0.494048;0.000977;Healthy;WO410355;224.75
2026/07/02;ENG-034;118;2026-01-05 22:00:00;642.7400;1583.5000;1399.8600;554.3400;2388.0800;9069.7500;47.2000;521.8400;2388.0300;8146.3500;8.4235;392.0000;0.031571;-0.706042;0.001092;Healthy;WO575689;1769.55
2026-07-02;ENG-010;117;2026-01-05 21:00:00;642.1900;1587.3500;1390.2100;554.4000;2387.9900;9059.8600;47.1300;521.8400;2388.0100;8144.3800;8.3846;392.0000;0.029158;-1.138124;0.001092;healthy;WO298548;2433.52
2026/07/02;ENG-019;65;2026-01-03 17:00:00;641.9400;1587.8600;1396.9300;554.3000;2388.0500;9056.9600;47.2700;522.0500;2388.0800;8134.8800;8.3856;391.0000;0.009436;-1.054773;0.004943;Healthy;WO566063;1827.65
02-Jul-2026;ENG-006;37;2026-01-02 13:00:00;642.5300;1594.5500;1406.0400;553.5900;2388.0700;9047.9700;47.5000;522.1100;2388.1000;8131.8300;8.3991;392.0000;0.035010;-0.384508;0.000791;healthy;WO886153;64.09
2026-07-02;ENG-020;116;2026-01-05 20:00:00;642.4000;1588.4900;1402.1800;553.1800;2388.0700;9059.4200;47.5400;521.3500;2388.0900;8143.2200;8.4364;391.0000;0.062503;-0.244592;0.001651;Healthy;WO502233;1,599.59
2026/07/02;ENG-040;66;2026-01-03 18:00:00;642.8100;1592.1100;1416.6100;552.3700;2388.1100;9054.2000;47.6200;520.8400;2388.2000;8138.8800;8.4547;392.0000;-0.012748;0.584892;0.002816;Warning;WO807767;5,282.90
02-Jul-2026;ENG-070;84;2026-01-04 12:00:00;642.4600;1581.8700;1404.0900;554.3500;2388.0600;9052.0500;47.6100;521.5100;2388.0500;8129.3300;8.4026;393.0000;0.024461;-0.448106;0.001439;Healthy;WO592950;1,822.89
2026/07/02;ENG-060;77;2026-01-04 05:00:00;642.1900;1584.7000;1413.7900;553.6300;2388.0700;9048.6100;47.3600;522.0000;2388.0700;8133.1400;8.4708;394.0000;0.050147;-0.151314;0.000821;Healthy;WO399310;1,731.79
2026/07/02;ENG-010;109;2026-01-05 13:00:00;642.2700;1585.3200;1397.2300;554.3800;2388.0900;9062.4700;47.4500;522.2600;2388.0400;8143.4400;8.3761;391.0000;0.032091;-1.003106;0.001292;Healthy;WO712371;1519.61
2026/07/02;ENG-040;82;2026-01-04 10:00:00;642.6100;1587.9900;1409.4000;552.8000;2388.1300;9054.6000;47.4500;521.4800;2388.1500;8139.3200;8.4462;393.0000;0.033607;0.169195;0.002185;HEALTHY;WO796009;142.29
02-Jul-2026;  ENG-055 ;40;2026-01-02 16:00:00;642.2200;1582.9300;1399.8700;553.6100;2388.0400;9056.2000;47.4800;522.1100;2388.0900;8130.9700;8.3995;393.0000;0.023219;-0.593445;0.002831;Healthy;WO105411;1973.67
2026/07/02;  ENG-076 ;122;2026-01-06 02:00:00;642.1100;1586.8000;1411.3500;553.6900;2388.0500;9066.8100;47.3300;521.7300;2388.0500;8147.5400;8.4163;393.0000;0.049548;-0.603178;0.001827;healthy;WO233491;2869.37
2026-07-02;ENG-094;51;2026-01-03 03:00:00;642.5800;1586.7700;1413.8200;554.0800;2388.0700;9057.3300;47.4700;521.0800;2388.1100;8137.8000;8.4542;392.0000;0.037345;0.000595;0.001538;Healthy;WO822294;1546.51
2026/07/02;  ENG-082 ;80;2026-01-04 08:00:00;642.1700;1587.1300;1404.5800;554.2400;2388.0400;9061.5900;47.2800;521.7400;2388.0700;8139.9500;8.4183;393.0000;0.040735;-0.443367;0.002061;Healthy;WO545645;2,328.89
02-Jul-2026;ENG-070;76;2026-01-04 04:00:00;642.5700;1590.9200;1409.1500;553.9800;2388.1000;9049.6200;47.3700;521.4800;2388.0800;8129.8900;8.3925;392.0000;0.020189;-0.371483;0.004732;Healthy;WO673654;835.00
02-Jul-2026;ENG-073;62;2026-01-03 14:00:00;641.9200;1582.8100;1402.2500;554.1000;2388.0600;9053.5200;47.2400;521.7100;2388.0700;8134.6900;8.4267;392.0000;0.000597;-0.884564;0.003010;Healthy;WO991055;167.78
2026-07-02;ENG-086;56;2026-01-03 08:00:00;642.3100;1590.5300;1411.3200;553.6900;2388.1200;9062.0100;47.4300;522.1800;2388.0500;8139.4300;8.4459;392.0000;0.060557;-0.302220;0.001389;HEALTHY;WO713855;87.65
2026/07/02;ENG-028;91;2026-01-04 19:00:00;642.5400;1593.3000;1406.3300;553.8400;2388.1500;9052.4300;47.3700;521.7800;2388.0700;8135.1300;8.4568;392.0000;0.051241;-0.156957;0.000280;Healthy;WO896273;1927.12
02-Jul-2026;ENG-051;95;2026-01-04 23:00:00;642.7600;1586.7400;1399.7400;554.0700;2388.0700;9057.5500;47.5600;521.4600;2388.1000;8129.1600;8.4366;393.0000;0.037503;-0.272591;0.001746;Healthy;WO551064;1310.27
02-Jul-2026;  ENG-018 ;47;2026-01-02 23:00:00;641.5300;1582.6300;1395.8600;554.3000;2388.0000;9059.2800;47.1300;522.1700;2388.0400;8145.1800;8.4175;393.0000;0.022823;-1.107802;0.000977;Healthy;WO521423;1849.89
2026-07-02;eng-021;62;2026-01-03 14:00:00;642.5100;1588.8600;1400.1600;553.8100;2388.0400;9055.3700;47.2700;522.5500;2388.0000;8140.4200;8.4257;393.0000;0.041235;-0.831702;0.001444;Healthy;WO619392;1,498.24
02-Jul-2026;ENG-061;94;2026-01-04 22:00:00;642.5500;1587.4400;1403.5700;553.5200;2388.0300;9075.0900;47.2700;521.8500;2388.0600;8150.1500;8.4193;392.0000;0.057685;-0.597805;0.001184;Healthy;WO831572;
2026/07/02;ENG-036;58;2026-01-03 10:00:00;642.8100;1590.5000;1409.9300;552.3400;2388.0800;9060.9600;47.5200;521.1200;2388.0700;8143.0500;8.4263;394.0000;0.067464;0.153715;0.003043;Healthy;WO763546;2243.00
2026-07-02;eng-098;43;2026-01-02 19:00:00;642.5000;1589.1600;1407.7800;553.6400;2388.1300;9060.5200;47.4800;521.9600;2388.1000;8137.9300;8.4159;393.0000;0.056646;-0.319403;0.000846;Healthy;WO656728;1051.65
2026/07/02;ENG-006;42;2026-01-02 18:00:00;642.5000;1594.3500;1405.8300;553.4400;2388.0800;9057.0500;47.5100;521.3900;2388.0800;8138.8100;8.4093;394.0000;0.062752;-0.197282;0.000918;Healthy;WO773266;1,467.30
2026/07/02;ENG-036;83;2026-01-04 11:00:00;642.6300;1592.0200;1406.8800;552.7400;2388.1600;9065.9000;47.8300;520.7900;2388.1500;8136.9800;8.4612;394.0000;-0.006876;0.524779;;Healthy;WO473184;
2026/07/02;  ENG-035 ;71;2026-01-03 23:00:00;642.6700;1576.6900;1409.6800;553.6300;2388.1000;9046.6000;47.5000;521.3500;2388.0800;8134.7200;8.4515;393.0000;0.029201;-0.126364;0.004384;Healthy;WO464248;
2026-07-02;ENG-044;28;2026-01-02 04:00:00;642.5600;1592.7400;1401.4700;553.5600;2388.0800;9048.1500;47.6500;521.3100;2388.1000;8137.5700;8.4270;393.0000;0.054282;-0.179125;0.001089;Healthy;WO169611;2,955.10
2026/07/02;ENG-008;100;2026-01-05 04:00:00;642.8000;1592.8600;1406.4400;553.6100;2388.1100;9049.6400;47.4900;521.6500;2388.1200;8129.2600;8.4467;392.0000;0.040131;-0.028563;0.002152;HEALTHY;WO995338;1,856.78
2026-07-02;ENG-003;60;2026-01-03 12:00:00;642.7000;1586.1700;1411.9700;553.1400;2388.1500;9052.1700;47.4500;521.4000;2388.0700;8129.0200;8.4746;394.0000;0.002175;0.168719;0.002038;Healthy;WO525713;1505.21
02-Jul-2026;ENG-052;113;2026-01-05 17:00:00;642.3500;1582.7000;1395.2300;554.8600;2387.9900;9060.5100;47.4000;522.2800;2388.0000;8139.6100;8.3392;391.0000;0.030065;-1.148601;0.003605;Healthy;WO656639;1532.84
2026-07-02;  ENG-017 ;106;2026-01-05 10:00:00;642.6300;1588.4000;1401.1700;553.8500;2387.9900;9076.4200;47.4000;521.9600;2388.0600;8160.9500;8.4239;392.0000;0.067230;-0.762535;0.003107;Healthy;WO225243;2,022.53
02-Jul-2026;ENG-021;79;2026-01-04 07:00:00;642.1200;1581.4900;1390.5500;554.9100;2388.0400;9058.8000;47.2800;521.9100;2388.0500;8139.1300;8.4090;393.0000;0.023727;-1.152028;0.001794;healthy;WO510467;2002.54
02-Jul-2026;ENG-019;66;2026-01-03 18:00:00;642.4700;1581.5900;1395.8200;553.5100;2388.0100;9055.9000;47.2100;522.3400;2388.1200;8135.6100;8.4437;392.0000;0.018543;-0.790105;0.001221;Healthy;WO380657;2407.90
2026-07-02;ENG-044;25;2026-01-02 01:00:00;641.6700;1580.6400;1406.2200;553.4600;2388.0600;9054.4800;47.3200;521.4600;2388.0600;8135.9600;8.4147;393.0000;0.016453;-0.650485;0.000732;Healthy;WO767605;628.67
02-Jul-2026;ENG-028;88;2026-01-04 16:00:00;642.6200;1587.5800;1407.0000;553.8700;2388.1100;9046.9500;47.4800;521.5500;2388.0900;8133.2800;8.4030;391.0000;0.029763;-0.256724;0.002963;Healthy;WO617209;2962.51
02-Jul-2026;ENG-051;88;2026-01-04 16:00:00;642.2500;1586.6300;1403.5700;553.2900;2388.0200;9050.3600;47.4100;521.4400;2388.0600;8127.1400;8.4457;392.0000;0.043421;-0.266164;0.002271;Healthy;WO181105;2,993.10
2026-07-02;  ENG-057 ;77;2026-01-04 05:00:00;642.5000;1590.5100;1404.4800;553.9300;2388.1400;9041.9500;47.2200;521.5900;2388.0200;8130.7600;8.4113;392.0000;0.011170;-0.423652;0.003825;Healthy;WO602948;
2026/07/02;ENG-061;87;2026-01-04 15:00:00;642.3500;1585.1500;1400.0100;553.9100;2387.9900;9069.0800;47.1000;521.8200;2388.0100;8150.6600;8.4407;394.0000;0.053095;-0.586987;0.003662;Healthy;WO428955;1073.80
2026/07/02;ENG-100;75;2026-01-04 03:00:00;642.2800;1589.2800;1408.8900;554.4800;2388.0000;9063.8400;47.1700;522.0100;2388.0400;8140.2200;8.4144;390.0000;0.019733;-0.972107;0.000772;Healthy;WO310666;470.52
02-Jul-2026;  ENG-084 ;74;2026-01-04 02:00:00;642.1600;1591.3600;1400.0000;553.1700;2388.0400;9054.0200;47.2900;521.7100;2388.0300;8136.9900;8.3994;392.0000;0.035022;-0.615740;0.001573;Healthy;WO502833;1,519.48
02-Jul-2026;ENG-035;122;2026-01-06 02:00:00;642.4200;1594.7500;1417.3000;553.3600;2388.1200;9055.9400;47.7200;521.1300;2388.2000;8137.3400;8.4337;393.0000;0.010870;0.245844;0.001522;Warning;WO999387;24924.88
2026/07/02;eng-031;123;2026-01-06 03:00:00;643.2500;1585.2300;1405.8600;553.0300;2388.0900;9071.1000;47.3600;521.1400;2388.1100;8151.1200;8.4424;394.0000;0.075783;-0.055912;0.002939;Healthy;WO419102;2270.65
2026/07/02;ENG-003;81;2026-01-04 09:00:00;642.2000;1592.5600;1402.4900;553.4900;2388.1000;9052.1700;47.7000;520.9900;2388.1500;8130.2300;8.4128;392.0000;0.028453;0.018550;0.002789;Healthy;WO935217;577.62
2026-07-02;eng-021;94;2026-01-04 22:00:00;641.9000;1587.7100;1403.7400;554.2300;2388.0200;9064.4100;47.3000;521.8700;2388.0300;8137.4900;8.4130;392.0000;-0.009344;-2.600614;0.004312;Healthy;WO314083;2551.08
2026/07/02;ENG-052;73;2026-01-04 01:00:00;641.9200;1585.1500;1392.7300;554.4000;2388.0100;9060.6000;47.0900;523.0200;2388.0000;8137.5400;8.4014;390.0000;0.068386;-1.330669;0.001761;healthy;WO384729;1572.05
02-Jul-2026;ENG-041;55;2026-01-03 07:00:00;642.4300;1587.6900;1400.2600;553.9400;2388.0700;9041.9300;47.2500;521.7800;2387.9900;8131.1100;8.3843;390.0000;0.012854;-0.967812;0.003496;Healthy;WO896258;1,033.97
2026/07/02;ENG-005;55;2026-01-03 07:00:00;643.0000;1590.0800;1407.5900;553.1500;2388.1800;9049.1700;47.5900;521.4400;2388.1700;8129.8500;8.4463;394.0000;-0.006261;0.272615;0.003892;Warning;WO459790;22786.27
2026-07-02;  ENG-035 ;120;2026-01-06 00:00:00;642.5700;1591.7700;1409.9600;553.5100;2388.1500;9056.1100;47.7400;521.5900;2388.1400;8137.0700;8.4443;396.0000;0.018577;0.194058;0.001078;Warning;WO241146;11,774.08
2026/07/02;ENG-019;82;2026-01-04 10:00:00;642.4400;1593.6600;1402.3800;554.3000;2388.1000;9052.7200;47.3200;522.8000;2387.9600;8138.8000;8.4091;392.0000;0.052386;-0.954225;0.002502;Healthy;WO468697;1463.06
2026-07-02;  ENG-063 ;98;2026-01-05 02:00:00;642.8500;1593.9700;1408.6000;554.1100;2388.1000;9051.7400;47.5300;521.2300;2388.0600;8129.9000;8.4150;394.0000;0.038942;-0.098824;0.001483;Healthy;WO157972;1153.84
2026-07-02;ENG-098;49;2026-01-03 01:00:00;642.3500;1584.6600;1408.3800;553.7800;2388.0400;9066.2700;47.4200;522.2100;2388.0800;8142.1400;8.4551;392.0000;0.062476;-0.471853;0.003485;healthy;WO366519;2,363.77
2026/07/02;eng-024;91;2026-01-04 19:00:00;641.9900;1587.6300;1397.4300;554.4500;2387.9800;9070.3200;47.2500;522.7600;2388.0300;8151.6300;8.4076;392.0000;0.060688;-1.077135;0.000913;Healthy;WO498087;1838.31
2026-07-02;eng-063;73;2026-01-04 01:00:00;642.4300;1591.8100;1409.0600;553.0500;2388.0800;9044.7900;47.3200;521.8500;2388.1300;8129.1600;8.4216;392.0000;0.027921;-0.320001;0.001859;healthy;WO554358;2,646.92
2026-07-02;ENG-091;92;2026-01-04 20:00:00;642.3100;1589.2300;1409.7700;553.4100;2388.1300;9055.7100;47.4300;521.0400;2388.1900;8129.8200;8.4407;394.0000;0.002288;0.082723;0.002388;Healthy;WO267827;2826.22
02-Jul-2026;ENG-040;53;2026-01-03 05:00:00;642.8800;1587.7400;1413.6400;553.6100;2388.1300;9063.1000;47.5100;520.6600;2388.1400;8134.7300;8.4763;393.0000;-0.015417;0.400696;0.001392;HEALTHY;WO914949;2226.55
02-Jul-2026;ENG-016;42;2026-01-02 18:00:00;642.6200;1594.1300;1394.0700;554.4900;2388.0200;9041.7900;47.4400;522.0600;2388.0600;8134.6300;8.3902;392.0000;0.013008;-0.843587;0.004422;Healthy;WO952177;221.45
2026-07-02;ENG-053;99;2026-01-05 03:00:00;642.5700;1592.3100;1411.2800;554.2100;2388.0300;9064.9500;47.2100;521.9400;2388.0900;8144.7800;8.4228;393.0000;0.045859;-0.517068;0.002423;Healthy;WO334856;873.18
2026/07/02;ENG-007;80;2026-01-04 08:00:00;641.9000;1582.9300;1399.9000;554.1500;2388.0100;9060.5900;47.1800;522.3400;2388.0000;8138.4000;8.4089;391.0000;0.040182;-1.065426;0.001196;Healthy;WO954320;2348.88
2026/07/02;ENG-040;67;2026-01-03 19:00:00;643.0400;1589.9700;1406.7800;552.8200;2388.1200;9054.4700;47.5600;521.0200;2388.1400;8139.9700;8.4381;395.0000;0.018116;0.282353;0.001859;Healthy;WO133486;1,858.08
02-Jul-2026;ENG-001;12;2026-01-01 12:00:00;642.5400;1587.4300;1397.8200;554.3500;2388.0200;9050.0200;47.2700;522.0100;2388.0600;8132.3300;8.3984;391.0000;0.015234;-0.988818;0.001145;Healthy;WO149740;2493.58
2026/07/02;  ENG-053 ;94;2026-01-04 22:00:00;642.6200;1588.6200;1408.7600;553.5300;2388.0500;9059.7500;47.4000;522.0400;2387.9900;8142.7800;8.4189;392.0000;0.058861;-0.517162;0.001021;Healthy;WO708458;2202.48
2026-07-02;ENG-038;67;2026-01-03 19:00:00;642.7400;1595.0100;1411.1400;553.5800;2388.1500;9067.0500;47.6600;521.6900;2388.1100;8133.1000;8.4737;395.0000;0.030147;0.315423;0.002102;Healthy;WO205461;1648.83
02-Jul-2026;ENG-013;122;2026-01-06 02:00:00;642.0700;1589.9400;1398.6100;554.3100;2388.0100;9063.4800;47.4300;522.5100;2388.0800;8141.9100;8.4295;393.0000;0.040436;-0.817194;0.001656;Healthy;WO935194;1794.08
02-Jul-2026;ENG-034;111;2026-01-05 15:00:00;642.5300;1587.4600;1403.4500;555.2100;2388.0800;9068.0500;47.3200;521.9000;2388.0600;8142.8000;8.4001;391.0000;0.016197;-0.771779;0.001007;Healthy;WO299229;1,262.09
02-Jul-2026;ENG-034;122;2026-01-06 02:00:00;642.3400;1587.5800;1409.5300;554.1100;2388.0300;9063.8200;47.2700;521.5900;2388.0600;8145.7600;8.4288;393.0000;0.041055;-0.573567;0.002595;healthy;WO777522;1,899.86
2026/07/02;ENG-046;76;2026-01-04 04:00:00;642.7000;1586.9000;1410.7100;553.2700;2388.0800;9055.3100;47.4700;521.6000;2387.9900;8145.3700;8.4447;393.0000;0.082861;-0.173763;0.005948;HEALTHY;WO779513;2,037.53
2026/07/02;ENG-013;81;2026-01-04 09:00:00;641.9400;1589.9200;1405.9800;553.8400;2387.9900;9066.9000;47.2400;521.9800;2388.0200;8142.3600;8.4047;392.0000;0.038269;-0.834886;;Healthy;WO609236;1,973.78
2026-07-02;ENG-076;74;2026-01-04 02:00:00;642.4500;1586.5600;1401.9000;554.4700;2388.0500;9067.3100;47.2400;522.3700;2387.9300;8141.1900;8.3963;393.0000;0.058567;-1.035644;0.001726;Healthy;WO855370;2,214.73
2026-07-02;eng-037;62;2026-01-03 14:00:00;642.3100;1586.1300;1402.6500;553.6100;2388.0600;9058.7000;47.2300;522.6500;2388.0300;8137.4100;8.4045;391.0000;0.033761;-0.982675;0.002740;Healthy;WO959870;2295.00
2026-07-02;ENG-038;75;2026-01-04 03:00:00;642.3400;1590.9300;1410.2500;553.3000;2388.0900;9061.1300;47.6800;520.9500;2388.0800;8138.3700;8.4468;394.0000;0.031385;0.243445;0.001548;healthy;WO867961;1446.98
2026/07/02;ENG-075;54;2026-01-03 06:00:00;642.3700;1589.0000;1400.3100;553.0000;2388.0500;9065.4500;47.1700;521.6100;2388.1000;8143.5500;8.4601;392.0000;0.045524;-0.545058;0.000669;Healthy;WO297209;
2026-07-02;ENG-097;49;2026-01-03 01:00:00;642.0600;1580.1900;1402.3700;554.4200;2388.0200;9066.7800;47.3500;522.1800;2387.9600;8150.5700;8.3912;393.0000;0.030338;-0.976128;0.001525;healthy;WO236847;197.28
2026/07/02;ENG-080;49;2026-01-03 01:00:00;642.6900;1591.9000;1400.3200;554.0200;2388.0800;9064.4800;47.3100;521.4500;2388.0500;8144.3800;8.4023;393.0000;0.050567;-0.354088;0.001158;Healthy;WO637430;2925.72
2026/07/02;  ENG-073 ;57;2026-01-03 09:00:00;642.4500;1585.9400;1397.6200;553.6000;2387.9500;9050.7500;47.1300;522.3900;2388.0500;8136.8500;8.4478;392.0000;0.027990;-1.028415;0.001092;Healthy;WO718113;758.85
2026-07-02;ENG-032;52;2026-01-03 04:00:00;642.1600;1582.0800;1395.5100;554.6900;2387.9700;9066.9900;47.1500;522.7200;2388.0100;8147.4100;8.3996;392.0000;0.041764;-1.197766;0.000488;Healthy;WO969253;1584.84
2026-07-02;ENG-052;76;2026-01-04 04:00:00;641.6500;1582.4000;1402.0500;553.9500;2388.0200;9055.8700;46.9500;522.1100;2388.0700;8134.7500;8.3985;391.0000;0.014896;-1.195068;0.000772;Healthy;WO744330;1,825.60
2026-07-02;ENG-054;71;2026-01-03 23:00:00;642.5800;1583.8500;1396.4100;554.8300;2387.9400;9058.7900;47.2800;522.6600;2388.0600;8138.1800;8.4088;391.0000;0.038625;-1.135819;0.001794;Healthy;WO853252;1094.44
2026/07/02;eng-084;79;2026-01-04 07:00:00;642.5800;1590.2400;1408.3400;553.2500;2388.0700;9044.9600;47.4200;521.1700;2388.1400;8138.3900;8.4271;393.0000;0.047066;-0.107187;0.001975;healthy;WO769388;540.86
2026/07/02;ENG-062;129;2026-01-06 09:00:00;642.0600;1585.9000;1398.2400;555.2300;2388.0400;9064.0400;47.1100;522.4400;2388.0100;8136.0000;8.4026;392.0000;0.019725;-1.098280;0.000345;Healthy;WO753069;1868.18
02-Jul-2026;ENG-013;79;2026-01-04 07:00:00;642.2600;1582.3000;1402.8300;554.0600;2387.9900;9069.6000;47.2200;522.2800;2388.0100;8145.4600;8.4147;392.0000;0.057590;-1.002529;0.003383;Healthy;WO718956;2,243.51
02-Jul-2026;ENG-003;80;2026-01-04 08:00:00;642.9500;1595.2000;1406.3300;554.0200;2388.1200;9058.6700;47.6800;521.4600;2388.0800;8129.1400;8.4259;394.0000;0.043392;-0.004522;0.001584;Healthy;WO565463;2100.44
2026-07-02;  ENG-040 ;83;2026-01-04 11:00:00;642.4900;1596.2000;1408.2500;553.6700;2388.1300;9059.0800;47.5700;521.7100;2388.1500;8139.8700;8.4464;396.0000;0.042458;0.156953;0.001099;Healthy;WO562066;
2026-07-02;ENG-093;113;2026-01-05 17:00:00;642.8400;1591.7000;1411.2200;553.5100;2388.1500;9066.3400;47.6000;521.6800;2388.0500;8137.9400;8.4448;395.0000;0.043263;0.195741;0.001117;Healthy;WO550853;718.92
2026-07-02;ENG-010;88;2026-01-04 16:00:00;642.3000;1586.0100;1398.7600;554.4500;2387.9500;9060.7200;47.2200;523.0100;2388.0200;8142.9900;8.4442;393.0000;0.046755;-1.046140;0.000846;healthy;WO758697;994.46
02-Jul-2026;eng-077;82;2026-01-04 10:00:00;642.5400;1589.4200;1404.6800;553.8400;2388.0500;9054.3500;47.2500;522.2300;2388.0300;8137.1100;8.4278;392.0000;0.035558;-0.620337;0.001475;Healthy;WO110952;917.64
02-Jul-2026;ENG-052;118;2026-01-05 22:00:00;642.2900;1584.1700;1395.9100;554.1800;2388.0500;9064.7500;47.1900;522.2500;2388.0000;8140.9400;8.4410;392.0000;0.033699;-0.958166;0.001953;Healthy;WO497302;2331.09
2026/07/02;eng-012;118;2026-01-05 22:00:00;642.1300;1592.8700;1403.1000;554.0600;2388.0200;9057.2200;47.2700;522.3500;2387.9700;8140.0800;8.3962;390.0000;0.078953;-2.612430;0.019137;Healthy;WO786179;2576.83
2026-07-02;ENG-048;36;2026-01-02 12:00:00;642.5600;1587.7900;1400.0400;553.8000;2388.1000;9053.2400;47.4700;522.1500;2388.1000;8136.0900;8.4232;394.0000;0.051326;-0.189443;0.001369;Healthy;WO297276;1,253.13
2026-07-02;ENG-084;66;2026-01-03 18:00:00;642.7100;1584.3100;1409.2300;553.5900;2388.0800;9052.2100;47.5500;521.6000;2388.1100;8135.5700;8.4222;392.0000;0.052918;-0.169859;0.001010;Healthy;WO351312;1263.03
2026/07/02;ENG-064;87;2026-01-04 15:00:00;642.0100;1583.0200;1407.5900;553.9900;2388.1200;9064.0000;47.3800;522.1200;2388.0300;8139.8700;8.4208;392.0000;0.035112;-0.629296;0.000423;Healthy;WO436024;1,508.22
02-Jul-2026;ENG-060;82;2026-01-04 10:00:00;643.1400;1592.7500;1403.1900;553.3600;2388.0700;9053.5700;47.5100;521.8600;2388.0200;8139.2800;8.4405;392.0000;0.073697;-0.192745;0.001309;Healthy;WO216772;858.96
2026/07/02;  ENG-066 ;91;2026-01-04 19:00:00;642.7100;1592.0400;1407.6300;553.3900;2388.1400;9078.6100;47.6300;521.1700;2388.0900;8146.8400;8.4128;393.0000;0.087891;0.072506;0.001862;healthy;WO200837;709.54
02-Jul-2026;ENG-056;66;2026-01-03 18:00:00;642.7700;1589.2700;1414.5200;552.4800;2388.1900;9040.9500;47.6600;520.9900;2388.1400;8121.6200;8.4020;393.0000;-0.060192;0.371525;0.001145;Healthy;WO936161;1726.12
2026/07/02;  ENG-053 ;84;2026-01-04 12:00:00;642.2800;1588.7300;1398.2700;553.3100;2388.0600;9062.8400;47.4000;521.9900;2388.0700;8143.2700;8.4205;391.0000;0.043719;-0.665079;0.002572;Healthy;WO966295;754.46
2026-07-02;  ENG-024 ;84;2026-01-04 12:00:00;642.4900;1584.9700;1398.2500;554.3700;2387.9600;9072.5500;47.1500;522.8400;2387.9700;8151.5900;8.4248;392.0000;0.069002;-2.726076;0.008429;Healthy;WO420661;817.30
2026/07/02;ENG-027;87;2026-01-04 15:00:00;641.6900;1584.1100;1403.0700;553.9700;2388.0400;9051.1600;47.2500;522.2200;2388.0600;8125.9100;8.3962;393.0000;-0.015689;-0.983227;0.012124;Healthy;WO296341;333.72
2026-07-02;ENG-091;140;2026-01-06 20:00:00;642.7700;1589.5600;1415.1800;553.0700;2388.1600;9048.0800;47.6700;520.9400;2388.1100;8134.6600;8.4425;394.0000;-0.023312;0.385043;0.001875;Healthy;WO905056;317.90
2026/07/02;ENG-040;72;2026-01-04 00:00:00;643.0600;1602.1000;1411.3500;552.7400;2388.1500;9051.7300;47.3600;520.6400;2388.0900;8134.2600;8.4395;393.0000;0.000704;0.393623;0.000503;Warning;WO287862;4,740.59
2026-07-02;ENG-073;63;2026-01-03 15:00:00;642.5900;1579.0800;1394.6500;554.3400;2388.0700;9047.6800;47.0300;522.2900;2388.0300;8135.5600;8.3928;392.0000;0.026050;-1.045097;0.001465;Healthy;WO332820;1821.60
02-Jul-2026;ENG-065;35;2026-01-02 11:00:00;642.3100;1580.9300;1398.2600;554.1800;2388.0000;9067.2400;46.9900;522.2700;2387.9700;8151.9000;8.3696;391.0000;0.036663;-1.251048;0.000913;Healthy;WO531477;2674.92
2026/07/02;ENG-042;86;2026-01-04 14:00:00;642.2300;1589.6100;1400.1100;553.5700;2388.1300;9047.6200;47.3300;522.1600;2388.1300;8134.5500;8.4154;392.0000;0.017921;-0.533578;0.001573;Healthy;WO630850;236.56
2026-07-02;ENG-072;63;2026-01-03 15:00:00;642.3800;1586.6700;1402.9200;553.9300;2388.0300;9059.4500;47.2900;522.3000;2388.0000;8144.1100;8.4174;393.0000;0.049126;-0.779555;0.003030;HEALTHY;WO993771;2492.94
2026-07-02;ENG-049;145;2026-01-07 01:00:00;642.9600;1588.9700;1403.4400;554.2300;2388.0200;9064.0700;47.4200;522.0900;2388.0300;8138.3100;8.4135;393.0000;0.040675;-0.653039;0.001208;Healthy;WO526067;1,342.47
02-Jul-2026;ENG-091;149;2026-01-07 05:00:00;642.6900;1589.3200;1410.1700;552.9400;2388.2000;9047.3500;47.6300;521.0600;2388.1800;8126.8500;8.4679;393.0000;-0.044524;0.411492;0.002826;Healthy;WO180420;
2026-07-02;ENG-004;71;2026-01-03 23:00:00;642.5000;1594.7800;1406.6100;553.5200;2388.1000;9046.1200;47.5500;521.4300;2388.1100;8131.9700;8.4082;393.0000;0.033522;-0.003765;0.002886;Healthy;WO300359;127.59
2026/07/02;ENG-061;60;2026-01-03 12:00:00;642.3300;1587.0600;1404.8000;554.8200;2388.0300;9070.1700;47.2000;522.1300;2387.9900;8148.1400;8.4201;392.0000;0.050683;-0.833627;0.005225;Healthy;WO992275;1007.85
2026/07/02;ENG-016;54;2026-01-03 06:00:00;641.6200;1585.0400;1397.3900;555.1400;2388.0700;9056.9200;47.2100;522.5800;2388.0900;8127.4500;8.3814;394.0000;-0.009187;-1.102614;0.012065;Healthy;WO565824;
2026/07/02;  ENG-042 ;85;2026-01-04 13:00:00;642.5200;1589.7100;1402.1000;553.9700;2388.0700;9055.6700;47.2100;521.9300;2388.1000;8131.0500;8.4060;392.0000;0.009869;-0.616124;0.000791;Healthy;WO369774;2,671.40
02-Jul-2026;ENG-028;101;2026-01-05 05:00:00;642.6100;1583.9000;1401.3600;553.2600;2388.1000;9049.5200;47.5200;521.8100;2388.0800;8132.8600;8.4640;391.0000;0.040132;-0.370344;0.000863;Healthy;WO914907;2978.33
2026-07-02;ENG-068;72;2026-01-04 00:00:00;641.9600;1584.5800;1400.2000;554.3200;2388.0300;9056.2800;47.4200;521.9500;2388.0900;8134.7400;8.4074;392.0000;0.015121;-0.677702;0.002323;HEALTHY;WO331056;462.71
2026/07/02;ENG-035;75;2026-01-04 03:00:00;642.8000;1590.6800;1412.9400;552.9900;2388.1100;9049.9900;47.3800;521.6600;2388.1400;8137.7100;8.4553;393.0000;0.034872;0.146673;0.003183;Healthy;WO356851;334.94
2026-07-02;ENG-010;75;2026-01-04 03:00:00;642.6500;1591.0700;1385.5100;554.4600;2388.0100;9066.1600;47.3100;521.8700;2388.0200;8141.9400;8.3926;392.0000;0.040199;-0.999356;0.000345;Healthy;WO625141;1509.79
02-Jul-2026;  ENG-019 ;74;2026-01-04 02:00:00;642.5800;1582.4700;1398.5900;554.7400;2388.0300;9064.1900;47.4100;522.2600;2388.0900;8132.6000;8.4087;392.0000;0.002660;-0.867700;0.001171;Healthy;WO101541;52.98
2026/07/02;ENG-077;60;2026-01-03 12:00:00;641.7100;1583.4000;1399.5800;554.3400;2388.0800;9055.6500;47.4500;521.6600;2388.0900;8134.9000;8.4434;391.0000;0.015023;-0.677219;0.002478;healthy;WO478627;2808.70
2026-07-02;ENG-088;44;2026-01-02 20:00:00;642.7500;1584.1500;1406.4000;553.4100;2388.1100;9040.0400;47.6600;521.3900;2388.1100;8122.6800;8.4314;393.0000;-0.013889;0.069314;0.007104;Healthy;WO981398;215.38
02-Jul-2026;  ENG-030 ;62;2026-01-03 14:00:00;642.4500;1589.8300;1405.7800;553.2700;2388.1100;9051.1500;47.3500;520.8500;2388.1100;8133.4100;8.4329;393.0000;0.031681;-0.053225;0.002021;Healthy;WO243003;461.23
2026/07/02;ENG-064;70;2026-01-03 22:00:00;642.3500;1586.7000;1402.4500;553.5400;2388.0500;9058.4900;47.3600;521.7200;2388.0500;8137.1400;8.3851;392.0000;0.024907;-0.692889;0.001402;Healthy;WO458290;698.52
02-Jul-2026;ENG-080;81;2026-01-04 09:00:00;642.0100;1593.8100;1406.6700;553.6500;2388.1000;9064.3900;47.4700;521.7100;2388.0500;8144.2000;8.4379;392.0000;0.068462;-0.301406;0.002204;Warning;WO812252;
2026-07-02;ENG-029;59;2026-01-03 11:00:00;642.7500;1586.7300;1393.6500;554.1500;2388.1000;9054.0200;47.1900;521.6900;2388.0400;8136.3900;8.3975;392.0000;0.013174;-0.790461;0.004840;Healthy;WO548160;1,037.85
2026/07/02;  ENG-015 ;49;2026-01-03 01:00:00;642.5800;1586.6700;1412.7900;554.4800;2388.0500;9055.9700;47.2400;521.9700;2388.0300;8133.6600;8.3800;392.0000;0.009673;-0.673700;0.005077;Healthy;WO280150;276.41
02-Jul-2026;ENG-099;54;2026-01-03 06:00:00;642.0000;1582.0400;1392.7900;555.1700;2388.0300;9060.6800;47.1000;522.1300;2388.0300;8138.1000;8.4078;393.0000;0.013072;-1.175312;0.000691;Healthy;WO246273;1208.94
02-Jul-2026;eng-070;97;2026-01-05 01:00:00;642.9600;1594.5300;1410.5700;553.3000;2388.1000;9048.9000;47.3300;521.2800;2388.0800;8129.7200;8.4278;394.0000;0.028802;0.062176;0.000973;Healthy;WO475367;2253.06
2026-07-02;  ENG-087 ;25;2026-01-02 01:00:00;641.7200;1587.2600;1398.3700;554.2000;2388.0100;9060.6400;47.1500;523.1300;2388.0000;8145.4100;8.4102;392.0000;0.059604;-1.157410;0.002264;Healthy;WO222419;132.98
2026/07/02;ENG-076;79;2026-01-04 07:00:00;641.9900;1585.2200;1403.7600;554.5900;2388.0000;9065.0100;47.2300;521.9800;2388.0400;8145.3800;8.3893;392.0000;0.026983;-0.987250;0.000598;healthy;WO682597;159.39
02-Jul-2026;  ENG-046 ;87;2026-01-04 15:00:00;642.5800;1587.3500;1402.2800;553.4200;2388.0900;9065.6300;47.4900;520.7800;2388.1200;8147.0600;8.4246;396.0000;0.063351;0.055206;0.000580;Healthy;WO364804;324.95
02-Jul-2026;ENG-053;74;2026-01-04 02:00:00;642.8200;1596.7800;1407.5300;554.0900;2388.0400;9060.1700;47.1300;521.7800;2388.0500;8143.8700;8.4069;392.0000;0.043658;-0.502550;0.000345;healthy;WO948522;1724.98
02-Jul-2026;ENG-057;75;2026-01-04 03:00:00;642.6000;1590.7500;1405.4600;553.4000;2388.1100;9049.0900;47.4100;520.8800;2388.1100;8129.8600;8.4255;394.0000;0.020129;-0.012330;0.002520;Healthy;WO514271;2383.63
2026-07-02;ENG-089;60;2026-01-03 12:00:00;642.4900;1587.1600;1404.4800;553.8000;2388.1400;9046.2000;47.4200;521.3200;2388.1000;8133.0300;8.4531;392.0000;0.026395;-0.071217;0.001907;Healthy;WO996590;1,166.10
2026/07/02;ENG-056;53;2026-01-03 05:00:00;642.7300;1599.6700;1413.2100;553.6400;2388.1600;9041.2200;47.5300;521.0700;2388.1000;8124.1400;8.4377;393.0000;-0.029427;0.237109;0.002205;Healthy;WO787321;870.36
2026/07/02;ENG-049;186;2026-01-08 18:00:00;642.3400;1581.8400;1397.2700;554.8600;2388.1200;9055.1200;47.2700;521.7400;2388.0700;8138.1600;8.4133;393.0000;-0.005644;-0.767578;0.003312;Healthy;WO224382;2,372.75
2026-07-02;ENG-012;96;2026-01-05 00:00:00;643.1300;1584.8400;1400.8100;554.4400;2388.0200;9059.7500;47.2100;522.0100;2388.0500;8139.9400;8.4003;392.0000;0.025652;-0.849977;0.002794;Healthy;WO420186;1,346.82
2026/07/02;ENG-025;30;2026-01-02 06:00:00;642.3500;1587.7500;1398.6500;554.2900;2387.9900;9050.5000;47.3600;521.8000;2388.1000;8135.6300;8.4122;392.0000;0.011834;-0.735139;0.000598;Healthy;WO702921;2778.36
02-Jul-2026;  ENG-045 ;96;2026-01-05 00:00:00;642.6600;1590.5000;1405.9800;554.0400;2388.0900;9063.7500;47.5700;521.4900;2388.1000;8145.5000;8.4659;393.0000;0.077412;-0.000196;0.001136;Warning;WO701748;11,560.04
2026/07/02;ENG-049;193;2026-01-09 01:00:00;642.1900;1585.9100;1400.5900;553.4800;2388.0800;9059.8900;47.4600;521.8200;2388.0600;8141.9700;8.4125;393.0000;0.049217;-0.547145;0.000345;Healthy;WO514409;
2026-07-02;ENG-067;40;2026-01-02 16:00:00;642.8700;1593.3200;1403.3200;554.1100;2388.0500;9051.7600;47.3600;521.9100;2388.0100;8141.0300;8.3971;393.0000;0.039133;-0.574113;0.003164;Healthy;WO855682;1169.28
02-Jul-2026;ENG-033;18;2026-01-01 18:00:00;642.8600;1588.6200;1410.5500;553.1400;2388.1100;9054.6700;47.8500;521.1200;2388.1000;8138.2100;8.4533;394.0000;0.012992;0.353785;0.001050;Warning;WO546495;14323.23
2026/07/02;ENG-100;132;2026-01-06 12:00:00;642.1400;1590.5100;1404.4100;553.5500;2388.0600;9076.5600;47.4700;522.0000;2388.0500;8152.0600;8.3927;393.0000;0.066690;-0.602675;0.004551;Healthy;WO756922;1,802.70
02-Jul-2026;  ENG-019 ;49;2026-01-03 01:00:00;642.2200;1590.7000;1402.0200;554.5500;2388.0100;9058.7200;47.3300;522.6200;2388.1200;8134.6700;8.4329;391.0000;0.022725;-0.795708;0.002156;Healthy;WO878567;762.77
02-Jul-2026;ENG-007;81;2026-01-04 09:00:00;642.4700;1584.8500;1396.2800;554.5400;2388.0200;9059.4100;47.3800;521.9700;2388.0500;8145.8800;8.3653;390.0000;0.030370;-1.059255;0.001424;Healthy;WO821241;1536.80
2026-07-02;  ENG-028 ;84;2026-01-04 12:00:00;642.6000;1587.7100;1398.7000;553.6500;2388.1000;9044.5300;47.4000;521.8300;2388.1100;8131.2500;8.4394;394.0000;0.020161;-0.411653;0.002271;Healthy;WO632701;2,205.26
02-Jul-2026;ENG-097;81;2026-01-04 09:00:00;642.2800;1583.4900;1401.1200;554.0600;2388.0700;9075.2100;47.4000;521.8800;2388.0400;8152.0600;8.3931;392.0000;0.042878;-0.840620;0.002184;Healthy;WO304438;789.39
2026/07/02;ENG-045;58;2026-01-03 10:00:00;643.0500;1584.8500;1405.5600;554.8600;2388.1000;9063.0800;47.5500;521.2800;2388.0800;8142.6100;8.4488;393.0000;0.060445;-0.090007;0.001156;Healthy;WO268638;952.95
2026/07/02;ENG-049;108;2026-01-05 12:00:00;641.9500;1588.4800;1393.7200;554.4000;2388.0400;9067.1300;47.3000;522.2500;2388.0500;8143.5200;8.4058;391.0000;0.029942;-1.051753;0.001505;Healthy;WO777463;2689.20
2026-07-02;eng-062;95;2026-01-04 23:00:00;642.5700;1583.7900;1393.9600;554.5900;2388.0100;9051.8300;47.1800;522.5100;2387.9700;8139.8700;8.3880;392.0000;0.072160;-1.262198;0.000977;Healthy;WO276873;819.41
2026-07-02;ENG-012;81;2026-01-04 09:00:00;642.1500;1580.6500;1393.5900;554.7900;2387.9900;9062.3200;47.1400;522.3700;2388.0100;8138.9500;8.4277;393.0000;0.031194;-1.100934;0.001465;Healthy;WO442754;2555.16
2026/07/02;  ENG-068 ;122;2026-01-06 02:00:00;642.7800;1589.5200;1409.7800;552.8900;2388.0600;9066.8900;47.5800;521.5000;2388.1200;8143.5300;8.4306;392.0000;0.086887;0.023782;0.002257;Healthy;WO796624;524.09
2026-07-02;ENG-065;27;2026-01-02 03:00:00;642.5800;1586.6300;1401.6100;554.3300;2388.0300;9066.2100;47.1300;522.3200;2388.0500;8143.4800;8.4200;392.0000;0.024053;-0.938329;0.000546;Healthy;WO660095;2734.42
02-Jul-2026;ENG-076;114;2026-01-05 18:00:00;642.1000;1590.7400;1402.2400;553.9100;2388.0000;9065.2200;47.3200;522.2800;2388.0700;8145.0900;8.4369;391.0000;0.042382;-0.851885;0.001064;Healthy;WO389389;810.71
2026/07/02;ENG-089;92;2026-01-04 20:00:00;642.2100;1590.5100;1404.0900;553.1800;2388.1100;9048.0700;47.4500;521.6500;2388.1100;8123.9300;8.4227;394.0000;0.034374;-0.269548;0.002502;Healthy;WO532753;2,580.83
2026-07-02;ENG-027;62;2026-01-03 14:00:00;641.8100;1588.7600;1396.7900;554.9800;2387.9800;9050.6100;47.1300;521.8900;2388.0200;8135.3700;8.3860;392.0000;0.025785;-1.169042;;Healthy;WO640564;2,647.60
2026-07-02;ENG-038;81;2026-01-04 09:00:00;643.2000;1594.3100;1408.1400;553.0000;2388.0600;9060.3600;47.7200;521.0100;2388.1200;8138.2100;8.4470;392.0000;0.045115;0.328445;0.002473;warning;WO395620;16743.18
2026/07/02;ENG-082;103;2026-01-05 07:00:00;642.7500;1588.7600;1412.0100;553.1100;2388.1000;9060.6500;47.4300;521.1300;2388.0800;8134.4800;8.4223;394.0000;0.046119;0.032206;0.003246;warning;WO689201;8410.47
2026-07-02;ENG-017;72;2026-01-04 00:00:00;641.9100;1587.6500;1398.8300;554.6600;2388.0300;9073.3500;47.3700;521.4100;2388.0000;8148.5400;8.3982;392.0000;0.026438;-0.945672;0.002909;Healthy;WO909172;1251.14
02-Jul-2026;ENG-065;32;2026-01-02 08:00:00;641.6300;1587.7400;1394.9500;554.7000;2387.9700;9067.3000;47.1400;522.3100;2388.0500;8147.9700;8.3828;391.0000;0.031996;-1.217345;0.000000;healthy;WO571956;1,715.44
2026/07/02;  ENG-026 ;30;2026-01-02 06:00:00;642.6600;1589.9500;1403.0800;555.0200;2388.0700;9058.9500;47.1600;522.3000;2387.9900;8146.6400;8.3877;391.0000;0.028444;-0.865672;0.001315;Healthy;WO665703;1092.79
2026/07/02;ENG-024;119;2026-01-05 23:00:00;642.3500;1583.2500;1404.4400;554.1900;2388.0200;9076.6400;47.2900;522.9400;2388.0200;8162.4000;8.4110;390.0000;0.074992;-1.022226;0.003571;Healthy;WO197722;564.93
2026/07/02;eng-051;76;2026-01-04 04:00:00;641.9900;1585.8400;1399.5900;553.8700;2388.1000;9054.7200;47.4600;521.5800;2388.0300;8133.8500;8.4429;392.0000;0.024903;-0.620490;0.002805;Healthy;WO287562;1706.02
02-Jul-2026;eng-083;28;2026-01-02 04:00:00;642.1300;1586.4000;1405.5900;554.1000;2388.0900;9054.4000;47.3500;521.7800;2388.0000;8141.9400;8.4202;392.0000;0.026986;-0.683765;0.002612;Healthy;WO339683;2,921.61
2026/07/02;ENG-005;57;2026-01-03 09:00:00;642.2500;1582.2300;1412.6400;553.5800;2388.1100;9056.5000;47.3300;521.6600;2388.0800;8130.7600;8.4243;392.0000;0.025806;-0.387420;0.001119;Healthy;WO550168;869.85
2026/07/02;ENG-024;114;2026-01-05 18:00:00;642.0100;1588.3600;1403.2800;554.7800;2387.9800;9077.7900;47.3100;522.1600;2387.9800;8156.9800;8.4015;392.0000;0.055223;-0.950180;0.001145;Healthy;WO367032;532.38
02-Jul-2026;ENG-051;92;2026-01-04 20:00:00;642.8800;1585.5600;1402.3100;553.4600;2388.0700;9043.9800;47.4200;521.4500;2388.0900;8132.0200;8.3924;392.0000;0.022563;-0.318467;0.003197;Healthy;WO251248;1,245.49
2026/07/02;ENG-055;69;2026-01-03 21:00:00;642.1000;1578.8900;1403.3900;553.8400;2388.0700;9056.9000;47.5600;521.7800;2388.0500;8136.3600;8.4121;392.0000;0.029038;-0.638840;0.001899;Healthy;WO668297;1,157.38
02-Jul-2026;  ENG-010 ;99;2026-01-05 03:00:00;642.6200;1586.4600;1395.5200;554.3600;2388.0100;9060.5100;47.2600;522.3000;2387.9900;8143.7700;8.4394;393.0000;0.024787;-2.702910;0.005074;Healthy;WO774048;818.87
2026-07-02;ENG-056;57;2026-01-03 09:00:00;643.1400;1589.0600;1419.4300;552.7800;2388.1500;9046.6600;47.5800;520.3500;2388.1600;8128.6800;8.4790;393.0000;-0.071814;0.639727;0.007391;Warning;WO692130;6989.46
02-Jul-2026;ENG-030;60;2026-01-03 12:00:00;643.2800;1586.6800;1412.0900;553.4600;2388.1100;9047.2000;47.5900;520.8400;2388.1200;8121.8400;8.4487;394.0000;-0.030046;0.232412;0.002541;Healthy;WO512945;891.13
2026/07/02;ENG-042;67;2026-01-03 19:00:00;641.8600;1580.0200;1402.7700;554.6900;2387.9900;9045.0800;47.1500;522.0500;2388.0800;8129.4700;8.4201;393.0000;-0.018367;-0.979863;0.014756;Healthy;WO937809;1,313.62
2026/07/02;ENG-031;78;2026-01-04 06:00:00;642.3200;1590.4800;1395.2700;553.5400;2388.0100;9066.2800;47.3600;522.3700;2388.1000;8145.7400;8.3895;391.0000;0.044680;-0.834151;0.002114;Healthy;WO600733;1476.05
2026-07-02;ENG-079;37;2026-01-02 13:00:00;642.4800;1585.0900;1404.9100;554.2400;2388.0700;9042.8900;47.2700;522.0100;2388.1000;8134.2400;8.4199;393.0000;0.007478;-0.518563;0.002697;Healthy;WO630961;1844.91
2026-07-02;ENG-066;98;2026-01-05 02:00:00;642.0700;1593.3900;1408.8400;553.1800;2388.0200;9074.2300;47.6000;521.5700;2388.1000;8148.9600;8.4172;393.0000;0.104515;0.043074;0.000910;Healthy;WO427596;413.35
2026/07/02;eng-052;85;2026-01-04 13:00:00;642.2200;1582.6500;1400.2500;554.6000;2388.0100;9060.5300;47.1200;522.5800;2388.0300;8139.3800;8.3746;392.0000;0.041058;-1.268614;0.002128;Healthy;WO127875;896.47
2026/07/02;  ENG-088 ;35;2026-01-02 11:00:00;643.2300;1594.8400;1403.5900;553.1100;2388.1700;9043.9700;47.5300;521.4900;2388.1500;8125.5000;8.4012;394.0000;-0.002089;0.157610;0.002180;Healthy;WO922147;1503.07
2026-07-02;ENG-047;31;2026-01-02 07:00:00;642.3800;1582.9600;1408.5500;552.9600;2388.1300;9048.3300;47.6000;521.3300;2388.1300;8116.1500;8.4511;394.0000;-0.024703;0.079343;0.004678;Healthy;WO106358;
2026/07/02;ENG-061;86;2026-01-04 14:00:00;642.3000;1589.1200;1404.6300;554.3100;2387.9800;9067.8600;47.4300;522.4100;2388.0300;8153.3100;8.4402;393.0000;0.062959;-0.822084;;Healthy;WO667628;1,441.01
2026-07-02;ENG-052;86;2026-01-04 14:00:00;641.9600;1591.5600;1393.2600;554.9200;2387.9400;9053.0600;47.2900;521.8800;2388.0200;8138.5400;8.3775;391.0000;0.034350;-1.179561;0.001196;Healthy;WO369049;963.25
2026/07/02;ENG-029;111;2026-01-05 15:00:00;642.7200;1593.3300;1398.6000;554.0100;2388.1000;9058.0600;47.2300;521.8000;2388.0700;8137.6000;8.4109;392.0000;0.021201;-0.703890;0.001348;Healthy;WO550176;479.46
2026-07-02;ENG-039;21;2026-01-01 21:00:00;642.3400;1576.3500;1405.3100;554.1800;2388.0200;9061.4800;47.3300;521.8900;2387.9400;8141.4200;8.4069;391.0000;0.050264;-1.027882;0.001036;Healthy;WO454261;678.60
02-Jul-2026;  ENG-012 ;130;2026-01-06 10:00:00;642.5100;1587.0200;1409.4100;554.3600;2388.0300;9054.1200;47.2100;522.2700;2388.0500;8144.1100;8.3915;392.0000;0.010662;-0.914320;;Healthy;WO973705;2561.37
2026-07-02;ENG-017;100;2026-01-05 04:00:00;642.4900;1590.3100;1402.9700;554.4900;2388.0300;9074.6100;47.2700;522.1400;2388.0100;8152.3600;8.4426;394.0000;0.062025;-0.663276;0.002607;HEALTHY;WO162788;688.83
2026-07-02;ENG-038;58;2026-01-03 10:00:00;642.7600;1590.1300;1411.0300;553.3600;2388.1300;9048.3800;47.5300;520.8700;2388.1900;8133.3000;8.4656;393.0000;-0.010774;0.235602;0.003743;Healthy;WO429786;881.41
2026/07/02;ENG-042;71;2026-01-03 23:00:00;642.2300;1575.7700;1403.9200;554.0100;2388.0600;9049.6800;47.2600;522.5400;2388.1100;8132.3800;8.3859;391.0000;-0.002816;-1.013606;0.008789;Healthy;WO238942;1595.37
2026/07/02;ENG-013;91;2026-01-04 19:00:00;641.9000;1587.7300;1398.5500;554.8800;2387.9900;9063.0000;47.1500;522.3600;2388.0600;8143.0200;8.4397;392.0000;0.030767;-1.049302;0.000000;Healthy;WO294458;
02-Jul-2026;ENG-041;76;2026-01-04 04:00:00;642.3600;1591.3600;1400.0200;553.8800;2388.0900;9036.0000;47.4500;521.6900;2388.1100;8123.8200;8.3888;391.0000;-0.009393;-0.616563;0.009730;Healthy;WO167923;
02-Jul-2026;  ENG-089 ;61;2026-01-03 13:00:00;642.0600;1592.1900;1405.6500;552.9400;2388.0400;9045.6100;47.4800;520.7300;2388.0900;8127.4300;8.4434;393.0000;0.044217;-0.143531;0.001907;Healthy;WO132523;
02-Jul-2026;ENG-067;42;2026-01-02 18:00:00;642.1500;1590.4800;1404.2400;554.4000;2388.0200;9055.7500;47.3900;522.3000;2388.0000;8140.7300;8.4239;391.0000;0.039334;-0.784606;0.002719;Healthy;WO881944;1,613.20
2026-07-02;  ENG-077 ;59;2026-01-03 11:00:00;642.3000;1591.8500;1392.6600;553.8300;2388.0400;9053.6700;47.3300;521.9500;2388.0900;8133.6200;8.4006;392.0000;0.018737;-0.950651;0.000846;Healthy;WO375117;553.30
2026/07/02;ENG-077;85;2026-01-04 13:00:00;642.5700;1584.0700;1399.6800;554.5000;2388.0400;9045.4200;47.3500;521.2700;2388.0600;8133.3500;8.3717;391.0000;-0.003084;-0.695851;0.001938;Healthy;WO793090;198.55
2026/07/02;ENG-008;57;2026-01-03 09:00:00;642.3500;1590.3100;1407.9900;553.7000;2388.1200;9046.8100;47.6200;521.3000;2388.0700;8128.2300;8.4082;393.0000;0.035799;-0.240907;0.001638;Healthy;WO918170;2935.52
02-Jul-2026;ENG-089;67;2026-01-03 19:00:00;642.6600;1584.5700;1410.7300;554.0100;2388.0700;9046.5700;47.5400;521.5000;2388.0300;8124.1200;8.4434;394.0000;0.023991;-0.151771;0.002617;Healthy;WO718072;2562.23
2026/07/02;ENG-051;56;2026-01-03 08:00:00;642.7100;1586.7200;1403.5900;553.3400;2388.0600;9054.8800;47.3700;521.7200;2388.0400;8131.0500;8.4011;392.0000;0.043402;-0.455424;0.000922;Healthy;WO933538;2,476.60
2026-07-02;ENG-094;84;2026-01-04 12:00:00;642.6100;1591.6800;1408.6200;553.7600;2388.1100;9056.5800;47.5900;521.5000;2388.1400;8135.2800;8.4545;395.0000;0.015914;0.206236;0.001758;Healthy;WO681820;2127.50
02-Jul-2026;ENG-058;74;2026-01-04 02:00:00;641.7900;1590.7600;1403.2400;554.3600;2388.0700;9052.8200;47.2700;521.9000;2388.0200;8131.9300;8.3940;391.0000;0.007730;-0.876844;0.002170;Healthy;WO625633;1428.44
2026-07-02;ENG-064;97;2026-01-05 01:00:00;642.7600;1587.0300;1407.9200;554.0700;2388.0400;9060.1700;47.5900;522.0200;2388.0400;8140.8200;8.3871;393.0000;0.071013;-0.351924;;Healthy;WO472247;606.79
2026/07/02;ENG-091;99;2026-01-05 03:00:00;642.6900;1590.5300;1408.0800;553.0900;2388.1100;9048.9200;47.6300;521.3000;2388.0900;8128.4300;8.5000;393.0000;0.008377;0.224462;0.002095;Healthy;WO151338;841.98
02-Jul-2026;ENG-037;72;2026-01-04 00:00:00;641.9400;1585.9000;1404.3800;553.5800;2388.0400;9046.9700;47.3200;521.7100;2388.0700;8136.8500;8.4249;392.0000;0.024939;-0.594891;0.000712;Healthy;WO263327;1416.76
2026-07-02;  ENG-010 ;90;2026-01-04 18:00:00;641.9800;1589.3300;1399.2300;554.7500;2388.0300;9058.9200;47.2300;521.8600;2388.0200;8142.6000;8.3916;392.0000;0.013382;-1.036595;0.003400;HEALTHY;WO931490;1141.05
2026-07-02;ENG-020;120;2026-01-06 00:00:00;642.3700;1601.6600;1406.0200;554.0300;2388.0700;9061.5600;47.5900;521.9900;2388.0700;8139.2600;8.4402;392.0000;0.079407;-0.116442;0.001759;Healthy;WO322732;2,354.95
02-Jul-2026;ENG-034;76;2026-01-04 04:00:00;642.0100;1587.3400;1399.3900;554.3800;2388.0200;9059.8100;47.3400;522.5200;2388.0400;8148.0500;8.3955;391.0000;0.042098;-1.057587;0.001465;Healthy;WO670771;
2026-07-02;ENG-008;110;2026-01-05 14:00:00;642.4500;1589.5200;1409.3500;553.6000;2388.1100;9048.5000;47.5000;521.6900;2387.9700;8130.1100;8.4185;392.0000;0.046091;-0.288875;0.002488;Healthy;WO826028;2682.97
02-Jul-2026;ENG-074;77;2026-01-04 05:00:00;642.6400;1591.3000;1405.2400;553.5600;2388.0500;9067.6500;47.3700;521.7500;2388.1100;8142.6600;8.4174;393.0000;0.063914;-0.281250;0.001208;Healthy;WO489613;266.98
2026/07/02;ENG-019;69;2026-01-03 21:00:00;642.4400;1583.9800;1403.9300;553.8500;2387.9800;9053.7500;47.4400;522.2100;2387.9800;8136.3800;8.4516;391.0000;0.049768;-0.886746;0.000691;Healthy;WO984784;2,568.48
2026/07/02;eng-019;78;2026-01-04 06:00:00;642.0300;1589.3800;1408.0300;554.6400;2388.0000;9051.6300;47.2900;522.0700;2388.1000;8139.4600;8.4508;391.0000;0.011565;-0.867118;0.002595;Healthy;WO546929;598.17
2026-07-02;ENG-100;117;2026-01-05 21:00:00;642.3900;1582.5200;1406.5200;554.4300;2388.0200;9066.5800;47.2000;522.2300;2388.0400;8145.1700;8.4039;391.0000;0.035780;-1.040910;0.000977;Healthy;WO835998;2080.09
02-Jul-2026;ENG-068;125;2026-01-06 05:00:00;642.6400;1600.2100;1400.7400;553.8700;2388.0800;9061.0400;47.4400;521.2000;2388.1100;8140.2900;8.4332;392.0000;0.065985;-0.061841;0.001742;Healthy;WO297173;2419.34
2026/07/02;ENG-021;58;2026-01-03 10:00:00;642.2600;1591.2200;1400.9500;554.1700;2388.0100;9045.1800;47.2400;522.2700;2388.0500;8134.0600;8.3897;390.0000;0.014909;-1.006615;0.000977;Healthy;WO439585;
02-Jul-2026;eng-080;50;2026-01-03 02:00:00;642.3100;1581.4000;1400.1700;553.7700;2388.0000;9059.4000;47.3700;521.7600;2388.0200;8143.4300;8.4201;393.0000;0.037886;-0.746186;0.002072;Healthy;WO439457;2604.53
02-Jul-2026;ENG-062;151;2026-01-07 07:00:00;642.5600;1585.0700;1408.1100;554.1700;2388.0200;9059.4500;47.1900;522.6000;2388.0300;8140.2200;8.3812;391.0000;0.016287;-0.940312;0.002238;healthy;WO945173;1,778.15
02-Jul-2026;ENG-015;33;2026-01-02 09:00:00;642.9100;1592.5200;1399.7900;555.4200;2388.0500;9052.9400;47.3300;522.2900;2388.0900;8136.7200;8.4119;391.0000;0.013234;-0.792595;0.006556;Healthy;WO475128;
2026/07/02;  ENG-066 ;55;2026-01-03 07:00:00;643.5600;1590.1700;1408.1100;553.7100;2388.0100;9058.9100;47.5100;521.7700;2387.9900;8144.9800;8.4533;393.0000;0.086945;-0.175520;0.002793;Healthy;WO890459;1,182.90
2026/07/02;ENG-031;85;2026-01-04 13:00:00;642.4400;1589.2800;1404.8600;553.8700;2387.9900;9061.6900;47.4400;522.4500;2388.0600;8152.0800;8.4440;393.0000;0.064594;-0.631941;0.004030;Healthy;WO712753;174.81
2026/07/02;ENG-060;94;2026-01-04 22:00:00;642.6400;1592.9000;1405.9300;553.8100;2388.0800;9052.5300;47.4800;521.8800;2388.0900;8137.8800;8.4363;394.0000;0.046879;-0.291302;0.001218;HEALTHY;WO675862;2694.24
02-Jul-2026;  ENG-042 ;79;2026-01-04 07:00:00;643.2700;1589.9800;1406.6600;553.9000;2388.0700;9047.0700;47.3600;522.1900;2388.0800;8129.2200;8.4152;393.0000;0.041136;-0.255608;0.002607;Healthy;WO969751;139.76
2026-07-02;  ENG-054 ;58;2026-01-03 10:00:00;641.9000;1579.2900;1398.8900;555.1100;2388.0100;9056.4400;47.0800;522.9200;2388.0100;8137.5300;8.4249;391.0000;0.049931;-1.265370;0.004475;Healthy;WO870568;2,508.74
2026/07/02;  ENG-012 ;112;2026-01-05 16:00:00;641.9000;1581.7700;1405.7800;554.5500;2388.0400;9058.2600;47.1600;522.1700;2388.0300;8134.1400;8.4061;392.0000;0.014849;-1.019999;0.001859;Healthy;WO708685;78.17
2026-07-02;ENG-090;82;2026-01-04 10:00:00;642.5800;1593.6100;1407.6100;553.5700;2388.1000;9062.6200;47.5000;521.6300;2388.1100;8137.7500;8.4237;393.0000;0.068645;-0.007448;0.001420;Healthy;WO690563;2,097.83
2026-07-02;ENG-063;54;2026-01-03 06:00:00;642.8900;1582.2900;1410.1700;553.4000;2388.1100;9044.1400;47.4300;521.4100;2388.1300;8130.1900;8.4690;393.0000;0.000273;0.066699;0.003213;warning;WO894635;21,667.70
2026-07-02;ENG-097;61;2026-01-03 13:00:00;642.4400;1588.8800;1400.9500;553.6000;2388.0600;9069.2200;47.2000;522.0400;2388.0000;8146.9600;8.3977;393.0000;0.036990;-0.802411;0.003478;Healthy;WO904519;2489.84
02-Jul-2026;ENG-041;69;2026-01-03 21:00:00;642.6000;1592.6400;1400.1000;554.4400;2388.0200;9043.5200;47.2700;522.0600;2388.0500;8126.7200;8.3669;391.0000;-0.007022;-0.950487;0.001424;Healthy;WO593510;54.78
2026-07-02;ENG-045;92;2026-01-04 20:00:00;642.7400;1585.8100;1412.1300;553.6200;2388.0900;9066.0300;47.4700;521.4700;2388.1000;8141.9200;8.4413;392.0000;0.071315;-0.100991;0.001773;Healthy;WO554756;2801.89
02-Jul-2026;  ENG-055 ;42;2026-01-02 18:00:00;642.5300;1584.4500;1400.5800;554.5100;2388.0400;9049.5300;47.3900;522.5500;2388.0500;8137.1800;8.3818;392.0000;0.012786;-0.962072;0.002264;Healthy;WO930161;355.42
2026-07-02;eng-058;62;2026-01-03 14:00:00;642.4200;1580.9200;1396.5500;553.7300;2388.0300;9045.4900;47.3300;521.9100;2388.1200;8134.4400;8.4329;392.0000;-0.001606;-0.825503;0.001171;Healthy;WO883080;354.49
2026/07/02;ENG-053;63;2026-01-03 15:00:00;642.4500;1580.6100;1408.7100;554.1000;2388.0700;9051.8500;47.3700;522.1800;2388.1100;8136.1300;8.4416;393.0000;0.018632;-0.618821;0.004060;Healthy;WO393416;1,388.03
2026/07/02;ENG-035;75;2026-01-04 03:00:00;642.8000;1590.6800;1412.9400;552.9900;2388.1100;9049.9900;47.3800;521.6600;2388.1400;8137.7100;8.4553;393.0000;0.034872;0.146673;0.003183;Healthy;WO356851;334.94
2026-07-02;eng-089;101;2026-01-05 05:00:00;642.1200;1594.7500;1409.9400;554.2300;2388.1400;9044.7000;47.5000;521.6100;2388.1100;8122.8200;8.4359;391.0000;0.016443;-0.370621;0.007037;Healthy;WO729498;1341.67
2026-07-02;eng-078;25;2026-01-02 01:00:00;641.3700;1583.7300;1398.6200;553.9700;2387.9800;9065.6000;47.1800;522.6700;2387.9800;8141.2600;8.3718;391.0000;0.016322;-2.563108;0.003239;Healthy;WO170603;
2026/07/02;  ENG-054 ;60;2026-01-03 12:00:00;642.0900;1582.2300;1388.1500;553.9500;2388.0200;9063.7100;47.3300;522.2400;2388.0000;8142.0600;8.3700;392.0000;0.058206;-1.214792;0.000913;healthy;WO413763;1769.40
2026/07/02;ENG-018;81;2026-01-04 09:00:00;642.6000;1586.6300;1406.8100;553.9700;2388.0300;9064.4100;47.4400;521.9900;2388.0800;8142.3500;8.4040;393.0000;0.050244;-0.546780;0.001184;healthy;WO774500;1713.07
2026-07-02;  ENG-043 ;103;2026-01-05 07:00:00;642.1900;1589.2000;1401.3500;554.3600;2388.1100;9054.9600;47.3300;521.6600;2388.0600;8138.4700;8.4168;392.0000;0.019361;-0.615492;0.002919;Healthy;WO324396;1349.77
02-Jul-2026;ENG-049;153;2026-01-07 09:00:00;642.0000;1579.3800;1401.1300;554.7100;2388.0000;9059.5800;47.4100;522.6300;2388.0100;8141.0900;8.3840;392.0000;0.040842;-1.130105;0.001983;Healthy;WO554557;952.04
2026-07-02;ENG-097;86;2026-01-04 14:00:00;642.3100;1585.6900;1399.9200;555.4700;2388.0900;9066.1200;47.2900;522.3600;2388.0700;8152.7300;8.4179;392.0000;0.029431;-1.017169;0.000598;Healthy;WO655562;69.22
2026-07-02;eng-049;128;2026-01-06 08:00:00;641.5900;1575.4400;1400.1200;554.2100;2388.0300;9057.0300;47.3700;522.1500;2388.0600;8136.8100;8.4085;391.0000;0.027437;-1.079662;0.001381;Healthy;WO867832;1230.48
2026/07/02;ENG-049;137;2026-01-06 17:00:00;642.2700;1584.5500;1393.5800;554.1800;2388.0500;9056.8600;47.2700;522.6100;2388.0500;8140.9800;8.3975;391.0000;0.043232;-1.020936;0.001337;Healthy;WO535907;2302.31
02-Jul-2026;ENG-012;113;2026-01-05 17:00:00;641.7300;1583.0100;1399.7000;553.4400;2388.0500;9062.5600;47.3500;522.2600;2388.0100;8132.0000;8.3946;392.0000;0.035053;-1.022061;0.000488;healthy;WO323550;2998.26
2026-07-02;eng-089;113;2026-01-05 17:00:00;642.6800;1589.6300;1405.5200;553.0900;2388.0800;9043.3000;47.6200;522.0400;2388.0900;8123.2200;8.4447;393.0000;0.041505;-0.078263;0.002487;Healthy;WO352502;415.15
02-Jul-2026;ENG-016;44;2026-01-02 20:00:00;642.1900;1587.5300;1401.9300;555.0700;2388.0600;9055.4000;47.0100;522.3300;2388.0100;8134.9000;8.4090;392.0000;-0.000770;-0.980761;0.003000;Healthy;WO988507;2742.66
02-Jul-2026;ENG-058;78;2026-01-04 06:00:00;642.7500;1592.6500;1399.1900;553.7300;2388.0600;9045.4100;47.2300;522.1200;2388.1200;8132.4700;8.4086;392.0000;0.006462;-0.691720;0.002691;Healthy;WO425804;1507.93
2026-07-02;ENG-009;34;2026-01-02 10:00:00;642.4100;1581.8500;1415.0600;553.4200;2388.1100;9054.2300;47.5000;520.9900;2388.1200;8134.9600;8.4212;392.0000;0.028342;-0.088020;0.000979;Healthy;WO297597;778.54
2026/07/02;ENG-027;74;2026-01-04 02:00:00;641.9400;1583.2000;1401.5300;554.5700;2388.0500;9059.4500;47.2000;522.0600;2388.0100;8131.6700;8.3994;392.0000;0.009440;-1.004581;0.003365;healthy;WO739548;2198.77
02-Jul-2026;ENG-054;52;2026-01-03 04:00:00;641.8500;1587.3700;1399.8800;554.4200;2388.0600;9056.5400;47.1600;522.5600;2387.9500;8138.5700;8.4288;391.0000;0.063510;-1.103436;;Healthy;WO309514;1,265.60
2026/07/02;ENG-051;52;2026-01-03 04:00:00;641.9700;1587.7400;1403.9100;554.0900;2388.0900;9058.1200;47.2000;521.4500;2388.1100;8132.1300;8.4555;393.0000;0.014962;-0.443583;0.004983;Healthy;WO534803;2,116.39
02-Jul-2026;ENG-082;71;2026-01-03 23:00:00;642.3800;1589.5700;1396.8200;553.6100;2388.0500;9068.5100;47.3700;522.5800;2388.0400;8148.1100;8.4399;392.0000;0.062900;-0.792989;0.003952;Healthy;WO377491;2928.36
02-Jul-2026;ENG-077;89;2026-01-04 17:00:00;642.1800;1584.7000;1401.9300;553.7500;2388.0700;9043.9500;47.3900;521.5500;2388.1100;8126.4300;8.4406;392.0000;0.010987;-0.531580;0.004889;Healthy;WO638917;2688.22
2026/07/02;ENG-040;59;2026-01-03 11:00:00;642.6900;1591.7100;1413.6700;553.1400;2388.1100;9056.6400;47.8300;520.6700;2388.1300;8135.3200;8.4381;394.0000;-0.011693;0.432276;0.004460;Healthy;WO771255;1101.31
02-Jul-2026;ENG-061;72;2026-01-04 00:00:00;642.2200;1583.5900;1405.2600;554.5900;2388.0000;9065.5600;47.2400;521.6600;2387.9600;8145.8100;8.3932;390.0000;0.031867;-1.025464;;Healthy;WO686281;832.73
2026/07/02;ENG-065;47;2026-01-02 23:00:00;641.7900;1586.0200;1398.4500;554.6400;2388.0200;9072.8500;47.1400;522.5600;2387.9600;8146.5400;8.4203;392.0000;0.039217;-2.617884;0.003782;Healthy;WO295430;405.01
2026-07-02;ENG-053;59;2026-01-03 11:00:00;642.4700;1583.0400;1399.1300;554.0300;2388.0200;9057.8600;47.4400;521.8700;2388.0100;8141.3600;8.3734;391.0000;0.027016;-0.851948;0.002618;Healthy;WO444451;2,084.32
02-Jul-2026;ENG-080;47;2026-01-02 23:00:00;642.1000;1580.2400;1408.9200;554.1500;2388.0400;9061.1900;47.4500;521.7100;2388.0600;8139.6000;8.3960;391.0000;0.023271;-0.683618;;Healthy;WO422984;142.85
2026-07-02;ENG-068;117;2026-01-05 21:00:00;643.1200;1593.2500;1404.6200;553.3500;2388.0800;9060.4400;47.3600;521.7800;2388.0700;8141.1500;8.4281;391.0000;0.059803;-0.234194;0.000859;Healthy;WO678099;1,828.97
2026/07/02;ENG-024;94;2026-01-04 22:00:00;642.5700;1584.7800;1401.1900;554.6100;2388.0200;9076.3600;46.9700;522.3200;2388.0000;8156.4200;8.3881;392.0000;0.033538;-2.706270;0.002072;Healthy;WO125073;1637.37
2026-07-02;ENG-045;54;2026-01-03 06:00:00;642.7800;1590.3700;1415.5800;552.5000;2388.1300;9056.1600;47.7300;521.7300;2388.0800;8139.7600;8.4446;393.0000;0.057549;0.164939;0.002105;Healthy;WO557048;2321.96
02-Jul-2026;eng-061;90;2026-01-04 18:00:00;642.0600;1594.4400;1397.9400;554.1100;2388.0100;9071.9600;47.3900;521.7700;2388.0400;8149.4700;8.4228;393.0000;0.065682;-0.592102;0.001092;Healthy;WO831897;1951.66
2026-07-02;ENG-062;89;2026-01-04 17:00:00;641.9700;1584.9800;1395.7000;554.2000;2388.0200;9054.2800;47.2000;522.2200;2388.0700;8134.6200;8.4020;390.0000;0.023388;-1.180548;0.001953;Healthy;WO809261;1945.03
2026-07-02;ENG-044;29;2026-01-02 05:00:00;642.0200;1587.5500;1395.3400;554.0600;2388.0900;9052.3500;47.3800;521.3500;2388.1000;8137.5400;8.3785;391.0000;-0.003906;-0.842143;0.004222;healthy;WO150051;137.13
02-Jul-2026;ENG-041;50;2026-01-03 02:00:00;642.0600;1587.5600;1395.6400;554.2500;2388.0300;9052.8300;47.3500;522.7400;2388.0600;8128.1400;8.4009;392.0000;0.012843;-1.011543;0.002740;Healthy;WO335305;996.03
02-Jul-2026;ENG-100;83;2026-01-04 11:00:00;642.2100;1584.8700;1403.8800;554.4100;2388.0000;9059.4700;47.2200;522.2300;2387.9900;8135.3500;8.4149;392.0000;0.048084;-2.683056;0.009983;Healthy;WO513862;1,079.71
02-Jul-2026;ENG-011;43;2026-01-02 19:00:00;642.8700;1586.8100;1404.9900;553.3300;2388.1700;9041.4200;47.4600;520.5700;2388.1400;8115.1600;8.4373;392.0000;-0.050960;0.092743;0.010341;Healthy;WO356601;2,868.63
2026/07/02;ENG-012;99;2026-01-05 03:00:00;642.3200;1576.9400;1393.8000;554.3900;2388.0100;9061.2400;47.1300;522.1100;2388.0700;8140.7300;8.4521;391.0000;-0.041842;-2.637653;0.007275;Healthy;WO301385;2683.70
2026-07-02;ENG-054;66;2026-01-03 18:00:00;642.0500;1578.8900;1397.8600;554.4800;2388.0000;9059.2200;47.1800;522.7700;2388.0100;8142.2600;8.3914;392.0000;0.043895;-1.247601;0.001465;Healthy;WO127886;2619.35
2026-07-02;ENG-057;80;2026-01-04 08:00:00;642.3200;1581.2900;1404.7600;553.0700;2388.0900;9049.1100;47.3900;521.3200;2388.1100;8126.1400;8.4088;393.0000;0.015869;-0.335349;0.003022;Healthy;WO916084;663.60
2026/07/02;ENG-076;89;2026-01-04 17:00:00;642.1000;1593.9400;1395.7800;554.1300;2388.0200;9053.2900;47.2700;522.4700;2388.0300;8147.6600;8.4348;394.0000;0.045410;-0.946567;0.001525;Healthy;WO504397;1093.91
02-Jul-2026;  ENG-070 ;71;2026-01-03 23:00:00;642.5000;1594.2900;1405.6100;553.3900;2388.0900;9053.2500;47.4300;522.1700;2388.1000;8125.9800;8.4106;394.0000;0.044800;-0.318582;0.000592;Healthy;WO830300;716.58
2026-07-02;ENG-081;102;2026-01-05 06:00:00;642.7700;1590.2400;1393.1300;554.2500;2388.0700;9078.1900;47.5000;521.7500;2388.0300;8146.5700;8.3989;392.0000;0.057516;-0.560829;0.001525;Healthy;WO410658;2358.23
2026-07-02;ENG-024;85;2026-01-04 13:00:00;642.2600;1588.6400;1402.0600;554.1500;2387.9900;9071.6300;47.2900;521.8000;2388.0600;8150.6300;8.4043;391.0000;0.040690;-0.923154;0.002641;Healthy;WO572053;2,604.54
2026/07/02;eng-035;87;2026-01-04 15:00:00;642.9400;1599.9400;1408.6400;553.6100;2388.1000;9052.2800;47.5100;521.4900;2388.1600;8128.0300;8.4806;395.0000;-0.008280;0.418040;0.000762;Warning;WO238700;22189.18
2026/07/02;ENG-067;30;2026-01-02 06:00:00;642.4600;1592.9700;1408.3600;553.4900;2388.0400;9069.2900;47.3700;522.1900;2388.0400;8139.7400;8.4146;392.0000;0.055216;-0.595205;0.003234;Healthy;WO221428;1401.65
02-Jul-2026;ENG-070;64;2026-01-03 16:00:00;642.6200;1588.8200;1403.7000;554.2900;2388.1700;9050.0700;47.5400;521.8800;2388.0600;8128.6800;8.4457;391.0000;0.037216;-0.332760;0.002702;Healthy;WO519511;2411.25
2026/07/02;ENG-034;116;2026-01-05 20:00:00;642.6900;1594.2700;1400.5700;553.5400;2388.0100;9064.2800;47.3500;521.8000;2388.0300;8138.0300;8.4267;393.0000;0.055147;-0.544561;0.000488;Healthy;WO796748;2050.72
02-Jul-2026;  ENG-064 ;82;2026-01-04 10:00:00;641.9500;1586.8700;1408.7500;553.9300;2388.0900;9054.2700;47.3900;521.3300;2388.1100;8141.3600;8.4236;392.0000;0.033049;-0.421624;0.002100;HEALTHY;WO378251;
2026-07-02;ENG-015;41;2026-01-02 17:00:00;642.1700;1584.6900;1405.1600;554.7700;2388.0800;9052.2700;47.4700;522.1500;2388.0500;8132.5200;8.4178;392.0000;-0.007048;-2.700592;0.006623;HEALTHY;WO172416;2,338.00
02-Jul-2026;ENG-076;129;2026-01-06 09:00:00;642.1800;1582.1100;1404.0900;554.2800;2388.0200;9068.1900;47.3000;521.5200;2388.0400;8145.3900;8.3952;393.0000;0.031727;-0.702069;;Healthy;WO182483;1044.79
2026/07/02;ENG-037;77;2026-01-04 05:00:00;642.3400;1591.2500;1396.6700;553.9700;2388.0000;9053.4700;47.3800;521.6400;2388.0600;8133.3600;8.4197;392.0000;0.020881;-0.771832;0.001381;Healthy;WO134474;2,215.20
2026-07-02;ENG-017;83;2026-01-04 11:00:00;642.4800;1588.7800;1403.9200;554.0600;2387.9800;9066.2000;47.0800;522.4800;2388.0000;8153.1000;8.3994;391.0000;0.061773;-1.044190;0.000488;Healthy;WO505363;
2026-07-02;ENG-085;20;2026-01-01 20:00:00;642.9300;1584.1700;1411.7100;553.7800;2388.1400;9049.1900;47.4600;521.2400;2388.1300;8124.9300;8.4423;393.0000;-0.005553;-0.016468;0.004449;HEALTHY;WO626658;1,675.39
2026/07/02;ENG-007;85;2026-01-04 13:00:00;641.8800;1591.8700;1392.2700;554.8100;2388.0400;9060.2200;47.1400;521.8400;2388.0300;8140.3900;8.3812;391.0000;0.022022;-1.082158;0.002072;Healthy;WO351650;746.07
2026/07/02;ENG-087;29;2026-01-02 05:00:00;642.4600;1589.5400;1397.1400;553.8800;2387.9800;9056.1500;47.1400;522.5500;2387.9900;8140.2500;8.3947;392.0000;0.041586;-1.065532;0.001245;Healthy;WO157655;776.54
2026/07/02;  ENG-017 ;109;2026-01-05 13:00:00;642.3000;1591.9100;1410.0100;554.0700;2388.0100;9075.4900;47.4300;521.7300;2388.0600;8154.0600;8.4126;392.0000;0.065517;-0.686221;0.004422;healthy;WO561930;2159.20
02-Jul-2026;ENG-051;87;2026-01-04 15:00:00;642.3600;1591.0000;1404.7900;554.1700;2388.0600;9049.0700;47.2400;522.0900;2388.0700;8130.1600;8.4229;393.0000;0.033341;-0.331845;0.002006;Healthy;WO601685;1351.89
2026-07-02;  ENG-023 ;83;2026-01-04 11:00:00;642.5000;1581.1000;1404.2800;553.8800;2388.0100;9046.3100;47.2500;522.3600;2388.1100;8147.4400;8.3940;391.0000;0.012156;-1.065843;0.001691;Healthy;WO710407;
2026/07/02;ENG-016;56;2026-01-03 08:00:00;642.6700;1588.6100;1400.9800;554.5800;2388.0000;9048.7600;47.4100;522.0500;2388.0200;8135.7700;8.4205;393.0000;0.020150;-0.772164;0.001709;Healthy;WO560470;180.07
02-Jul-2026;ENG-034;84;2026-01-04 12:00:00;642.3400;1586.8100;1393.5500;554.8900;2388.0400;9062.8600;47.2000;522.2600;2388.0200;8141.6900;8.3862;391.0000;0.033542;-1.129228;0.000345;Healthy;WO206040;2006.33
2026/07/02;ENG-053;86;2026-01-04 14:00:00;642.6800;1594.6100;1401.0900;553.0700;2388.1000;9065.4100;47.3800;522.7100;2388.0700;8146.3200;8.4046;392.0000;0.073715;-0.549474;0.004161;Healthy;WO908243;526.91
2026-07-02;ENG-017;90;2026-01-04 18:00:00;642.1400;1589.2500;1402.9000;554.4900;2388.0100;9076.0300;47.1900;522.7900;2388.0000;8153.4400;8.4048;391.0000;0.076205;-1.126442;0.002211;Healthy;WO515418;59.38
02-Jul-2026;ENG-090;81;2026-01-04 09:00:00;642.5900;1590.7800;1402.2200;553.9300;2388.1200;9062.2000;47.5100;521.6400;2388.0700;8135.4900;8.4637;393.0000;0.057752;-0.214652;0.001749;Healthy;WO142013;2490.13
02-Jul-2026;ENG-010;77;2026-01-04 05:00:00;641.6300;1585.4800;1395.1000;554.4600;2388.0400;9063.2900;47.2400;522.5100;2388.0600;8144.8400;8.3783;393.0000;0.023586;-1.114838;0.002367;Healthy;WO134851;2235.24
2026/07/02;ENG-068;104;2026-01-05 08:00:00;642.2300;1587.1400;1398.3000;553.7800;2388.0700;9064.1200;47.4100;521.5700;2388.0600;8136.8600;8.4038;392.0000;0.029223;-0.643233;0.000457;Healthy;WO907805;2,365.68
2026/07/02;ENG-093;141;2026-01-06 21:00:00;643.0800;1594.1600;1408.4700;552.7000;2388.0700;9065.2100;47.5000;520.8200;2388.1400;8136.0100;8.4729;395.0000;0.016448;0.554845;0.004438;Healthy;WO662167;906.19
2026/07/02;ENG-057;63;2026-01-03 15:00:00;643.0000;1588.4600;1403.8300;552.8600;2388.0600;9050.7200;47.5700;521.6500;2388.1300;8132.5200;8.4831;392.0000;0.044078;0.184723;0.001290;Healthy;WO863043;1521.06
2026/07/02;ENG-031;122;2026-01-06 02:00:00;642.3400;1591.9200;1411.8700;553.3600;2388.0800;9070.2400;47.4100;521.7800;2388.0500;8152.9800;8.4279;394.0000;0.085356;-0.163592;0.001646;Healthy;WO880001;856.45
2026/07/02;ENG-052;111;2026-01-05 15:00:00;642.1400;1586.4500;1395.0900;554.3200;2388.0200;9059.9800;47.4100;521.9800;2387.9900;8139.7000;8.4120;391.0000;0.051193;-1.067661;0.001036;Healthy;WO948138;1089.71
02-Jul-2026;ENG-031;117;2026-01-05 21:00:00;642.8100;1588.0400;1416.5900;553.4000;2388.0100;9076.4600;47.4500;521.6400;2388.0600;8152.0600;8.4116;394.0000;0.094484;-0.193207;;HEALTHY;WO369997;1616.62
2026/07/02;ENG-052;82;2026-01-04 10:00:00;642.2500;1588.5700;1393.7300;554.0200;2388.0100;9056.9600;47.3200;522.2100;2388.0500;8141.9800;8.3962;392.0000;0.037516;-1.071217;0.000691;HEALTHY;WO818016;280.88
2026-07-02;ENG-035;129;2026-01-06 09:00:00;643.2200;1586.2600;1407.9700;552.5200;2388.1000;9057.5400;47.7700;521.0600;2388.1300;8132.7400;8.4782;394.0000;-0.006262;0.538434;0.004528;Healthy;WO638143;2211.11
2026-07-02;ENG-061;89;2026-01-04 17:00:00;642.0900;1590.3900;1399.0600;553.9100;2388.0600;9061.5300;47.4300;521.5200;2388.0700;8143.9300;8.4030;392.0000;0.026386;-0.764833;0.003321;Healthy;WO582332;1074.21
2026-07-02;  ENG-052 ;126;2026-01-06 06:00:00;642.0700;1586.7000;1393.9200;553.0600;2387.9800;9066.4700;47.1800;522.2500;2388.0000;8147.7000;8.4041;392.0000;0.062500;-1.109866;;Healthy;WO190477;411.61
2026/07/02;ENG-066;60;2026-01-03 12:00:00;642.7600;1593.7300;1403.9100;553.8300;2388.0900;9069.4000;47.4300;521.5700;2388.1400;8142.6400;8.4482;392.0000;0.062763;-0.183833;0.002598;Healthy;WO142544;1741.66
2026/07/02;ENG-024;115;2026-01-05 19:00:00;642.5200;1591.6300;1403.4000;553.4900;2388.0000;9079.2500;47.4200;522.2600;2387.9800;8160.2600;8.4134;393.0000;0.091696;-0.609400;0.007658;Healthy;WO472611;1,186.70
2026-07-02;eng-055;39;2026-01-02 15:00:00;642.6800;1590.7200;1411.1000;553.6400;2388.0600;9049.7500;47.3300;521.5200;2388.0200;8136.2000;8.3817;392.0000;0.025669;-0.500209;0.001158;Healthy;WO381668;2,276.64
02-Jul-2026;ENG-057;102;2026-01-05 06:00:00;643.0400;1588.7000;1403.0300;554.2400;2388.0900;9050.5800;47.4200;521.7000;2388.1400;8129.4000;8.4347;392.0000;0.026255;-0.243353;;Healthy;WO380887;591.26
2026-07-02;ENG-061;80;2026-01-04 08:00:00;642.5800;1582.9300;1404.5800;554.6700;2388.0100;9074.0100;47.0600;521.9900;2387.9600;8144.0300;8.4001;392.0000;0.031154;-0.985296;0.001656;Healthy;WO849615;431.11
02-Jul-2026;  ENG-066 ;85;2026-01-04 13:00:00;642.7200;1594.7100;1405.8100;553.4400;2388.0600;9071.3000;47.5300;521.9000;2388.0800;8146.3800;8.4635;394.0000;0.102372;0.150202;0.008168;Healthy;WO851232;699.86
2026/07/02;ENG-094;77;2026-01-04 05:00:00;642.8200;1589.8700;1408.3400;552.7800;2388.1000;9059.3800;47.5400;521.4800;2388.0900;8138.1500;8.4567;393.0000;0.073361;0.009825;0.000872;Warning;WO804125;1627.32
2026/07/02;  ENG-012 ;112;2026-01-05 16:00:00;641.9000;1581.7700;1405.7800;554.5500;2388.0400;9058.2600;47.1600;522.1700;2388.0300;8134.1400;8.4061;392.0000;0.014849;-1.019999;0.001859;Healthy;WO708685;78.17
2026-07-02;ENG-027;88;2026-01-04 16:00:00;642.2500;1585.5300;1399.3300;554.2900;2388.0500;9047.1000;47.2800;522.7100;2387.9700;8129.7100;8.4043;393.0000;0.036078;-1.016190;0.000488;Healthy;WO378871;
2026/07/02;ENG-004;56;2026-01-03 08:00:00;643.0800;1586.3400;1409.0200;553.1100;2388.1000;9047.9600;47.4600;521.4900;2388.0700;8131.2800;8.4307;394.0000;0.043744;-0.078979;0.002647;Healthy;WO401874;1438.38
2026-07-02;ENG-033;26;2026-01-02 02:00:00;642.7100;1586.5300;1409.3600;553.5600;2388.1500;9068.4600;47.6200;520.9100;2388.1700;8136.3800;8.4709;394.0000;0.020961;0.199620;0.001021;Healthy;WO118946;2488.73
2026/07/02;ENG-063;96;2026-01-05 00:00:00;643.2000;1593.2800;1413.0800;553.2300;2388.1600;9049.2700;47.2800;521.1400;2388.1000;8132.1100;8.4255;392.0000;0.014596;0.075319;0.001177;Healthy;WO455771;910.20
2026-07-02;ENG-028;56;2026-01-03 08:00:00;642.3400;1593.0100;1406.4100;553.3400;2388.1100;9048.0100;47.3100;522.0900;2388.1000;8121.9200;8.4260;394.0000;0.024396;-0.291228;0.001924;healthy;WO298179;2,430.43
2026/07/02;ENG-007;95;2026-01-04 23:00:00;641.9100;1592.3900;1398.2400;554.4300;2388.0400;9055.2800;47.0900;522.5100;2388.0200;8141.0100;8.4199;392.0000;0.037121;-1.092543;0.000846;Healthy;WO684905;102.64
02-Jul-2026;ENG-042;97;2026-01-05 01:00:00;642.1700;1585.8200;1405.1400;554.2400;2388.0800;9043.3500;47.2900;522.0300;2388.0700;8130.8300;8.4207;393.0000;0.003582;-0.627621;0.004508;Healthy;WO476225;1118.34
2026/07/02;ENG-020;93;2026-01-04 21:00:00;642.7700;1587.5000;1409.8200;553.6700;2388.0100;9064.6300;47.2000;521.6300;2388.0700;8144.1500;8.4347;393.0000;0.051538;-0.356598;;Healthy;WO998300;2325.33
2026/07/02;  ENG-083 ;33;2026-01-02 09:00:00;642.0700;1591.0400;1404.9300;553.9900;2388.0600;9056.1900;47.3900;521.8700;2388.0400;8138.5500;8.3937;394.0000;0.037302;-0.533840;0.000930;Healthy;WO746917;253.14
2026-07-02;ENG-028;59;2026-01-03 11:00:00;642.5500;1587.5000;1402.1500;553.0100;2388.1300;9050.0600;47.3900;521.9900;2388.1300;8127.0800;8.4120;393.0000;0.031566;-0.398031;0.002313;Healthy;WO705001;1974.21
2026/07/02;ENG-017;64;2026-01-03 16:00:00;642.4300;1581.7200;1400.9100;554.3100;2388.0300;9072.4300;47.1000;522.3100;2388.0100;8155.8000;8.4048;392.0000;0.049250;-1.063756;0.001726;Healthy;WO443694;1018.79
2026/07/02;ENG-036;56;2026-01-03 08:00:00;642.4700;1593.5800;1413.8900;553.2300;2388.1500;9054.0100;47.5500;521.0000;2388.1300;8136.9400;8.4750;393.0000;-0.003235;0.362992;0.001132;Healthy;WO247248;1307.24
2026/07/02;eng-091;122;2026-01-06 02:00:00;643.1600;1591.6100;1406.9600;553.3200;2388.0800;9048.1700;47.6400;520.7400;2388.1900;8127.5500;8.4531;394.0000;-0.032619;0.417541;0.005672;Healthy;WO379835;2,361.76
2026/07/02;ENG-079;67;2026-01-03 19:00:00;642.2200;1576.8500;1406.9300;553.1400;2388.0500;9049.8900;47.4100;521.8600;2388.0900;8127.6000;8.4319;392.0000;0.018498;-0.558289;0.003755;healthy;WO505073;
2026/07/02;ENG-038;49;2026-01-03 01:00:00;643.0100;1597.0900;1412.2400;553.4100;2388.1600;9053.7700;47.6200;520.8200;2388.1400;8131.4800;8.4737;394.0000;-0.044699;0.635633;0.004715;Warning;WO856427;17,738.54
02-Jul-2026;ENG-056;55;2026-01-03 07:00:00;642.5500;1592.8700;1413.8000;553.5400;2388.1600;9046.8800;47.6700;520.9500;2388.1700;8121.5300;8.4615;395.0000;-0.067178;0.478690;0.003843;healthy;WO501069;2,186.75
2026/07/02;ENG-062;84;2026-01-04 12:00:00;641.8700;1583.4300;1397.3000;554.1000;2388.0000;9057.0600;46.9900;522.3100;2388.0000;8137.5600;8.3698;390.0000;0.039733;-1.254752;0.001544;Healthy;WO454351;652.05
02-Jul-2026;ENG-047;49;2026-01-03 01:00:00;642.7100;1597.5200;1414.3500;553.3100;2388.1700;9043.1600;47.6100;521.0800;2388.0900;8126.6100;8.4465;395.0000;-0.045862;0.440196;0.002537;Healthy;WO299055;2,538.23
2026/07/02;ENG-035;117;2026-01-05 21:00:00;643.4100;1590.0900;1411.4900;553.3600;2388.1300;9057.2700;47.6400;520.7200;2388.1000;8138.2200;8.4191;393.0000;0.001956;0.328172;0.001129;Healthy;WO410559;2360.64
2026/07/02;eng-020;80;2026-01-04 08:00:00;642.6400;1588.9400;1403.3600;553.7300;2388.0800;9068.1000;47.4500;521.5400;2388.0500;8146.0400;8.4010;395.0000;0.068308;-0.306375;0.002088;Healthy;WO645181;322.47
02-Jul-2026;ENG-072;46;2026-01-02 22:00:00;642.0400;1587.4800;1401.2600;554.1500;2388.0400;9063.3000;47.1900;521.6300;2387.9900;8146.2300;8.4089;392.0000;0.035635;-0.880685;0.001968;Healthy;WO407639;994.29
2026/07/02;ENG-012;86;2026-01-04 14:00:00;641.8700;1583.5000;1401.8400;554.5000;2388.0000;9057.5900;47.3700;521.9600;2388.0200;8140.8800;8.4225;392.0000;0.029161;-0.924960;0.000846;Healthy;WO105955;2,283.40
2026/07/02;  ENG-052 ;91;2026-01-04 19:00:00;641.6300;1591.7300;1396.7400;554.7500;2388.0400;9049.2500;47.1900;522.4600;2387.9700;8136.6100;8.3910;391.0000;0.047878;-1.154316;0.000772;Healthy;WO625765;1583.11
2026/07/02;ENG-038;72;2026-01-04 00:00:00;642.6000;1593.1100;1407.8900;553.3900;2388.1000;9059.9700;47.6400;521.4700;2388.0700;8138.9600;8.4750;394.0000;0.047980;0.162466;0.002897;HEALTHY;WO754217;813.53
2026/07/02;ENG-045;66;2026-01-03 18:00:00;643.1600;1590.3900;1414.0600;553.8100;2388.1300;9062.7200;47.6100;521.8600;2388.1100;8140.7900;8.4485;393.0000;0.049432;0.193762;0.000582;Healthy;WO118943;379.29
2026/07/02;ENG-023;69;2026-01-03 21:00:00;642.2200;1580.8700;1395.3200;554.0300;2388.0100;9050.2800;47.2400;522.4900;2388.0300;8137.6200;8.4476;392.0000;0.041600;-1.046688;0.001505;Healthy;WO896106;1,240.81
2026-07-02;eng-066;81;2026-01-04 09:00:00;642.4400;1587.1100;1404.2800;553.4300;2388.1300;9070.9600;47.6400;521.4700;2388.0800;8147.6200;8.4482;393.0000;0.085086;-0.050144;0.002855;Healthy;WO247859;
2026/07/02;eng-043;108;2026-01-05 12:00:00;642.5000;1583.1300;1403.4900;554.1800;2388.0600;9049.1200;47.5800;522.0900;2388.0800;8132.4300;8.4188;393.0000;0.028146;-0.511924;0.000345;Healthy;WO513733;1,334.98
2026-07-02;ENG-072;72;2026-01-04 00:00:00;642.1600;1581.5700;1406.6100;553.7600;2388.0400;9065.2200;47.3800;522.0100;2388.0800;8142.5400;8.4260;391.0000;0.039466;-0.687714;0.000913;Healthy;WO495298;2,931.96
2026/07/02;  ENG-029 ;69;2026-01-03 21:00:00;642.4600;1591.6400;1397.9200;553.8700;2388.0800;9053.8900;47.3000;521.3700;2388.0500;8139.4300;8.4060;391.0000;0.024456;-0.597613;0.002043;Healthy;WO270460;2720.30
02-Jul-2026;eng-009;22;2026-01-01 22:00:00;642.6100;1592.1600;1409.0900;553.9600;2388.0900;9050.4200;47.5900;521.7300;2388.1400;8132.6900;8.4250;392.0000;0.043615;-0.115002;0.001454;Healthy;WO716036;746.92
2026/07/02;ENG-040;52;2026-01-03 04:00:00;642.2300;1595.3700;1404.5000;552.8500;2388.1100;9052.9100;47.6100;521.3500;2388.1200;8134.3500;8.4337;392.0000;0.047811;0.034427;0.002762;Healthy;WO623501;1604.46
02-Jul-2026;ENG-033;27;2026-01-02 03:00:00;643.0800;1582.1900;1416.2200;553.4700;2388.0800;9045.9400;47.5500;521.8000;2388.1300;8134.9100;8.4323;394.0000;0.035678;-0.069382;0.004198;Healthy;WO697710;2675.07
02-Jul-2026;ENG-074;78;2026-01-04 06:00:00;642.2800;1590.9400;1404.5900;553.3800;2388.0700;9061.5300;47.4300;521.7000;2388.0700;8141.7200;8.4410;394.0000;0.059916;-0.377310;0.001859;healthy;WO559854;1,695.27
2026/07/02;ENG-081;91;2026-01-04 19:00:00;642.5900;1583.6400;1399.8400;553.6800;2388.0500;9064.9900;47.2300;522.4300;2388.0200;8152.0800;8.4003;393.0000;0.058113;-0.763494;0.004858;Warning;WO838292;12752.62
02-Jul-2026;eng-097;72;2026-01-04 00:00:00;642.4000;1580.7900;1404.3700;554.3800;2388.0100;9073.7400;47.3500;522.6200;2388.0200;8145.7000;8.4040;392.0000;0.044159;-1.003369;;Healthy;WO256988;2188.92
2026-07-02;ENG-090;91;2026-01-04 19:00:00;642.4200;1592.3300;1408.0200;552.7500;2388.0900;9058.5000;47.4600;521.4100;2388.1100;8139.5300;8.4441;392.0000;0.073935;-0.030144;0.000931;healthy;WO862617;2722.78
2026-07-02;ENG-063;80;2026-01-04 08:00:00;642.6000;1591.2400;1414.3900;553.5700;2388.1500;9053.8000;47.5500;521.3300;2388.1200;8125.6700;8.4516;393.0000;-0.013186;0.196569;0.002066;Healthy;WO618333;2,139.54
2026/07/02;ENG-020;94;2026-01-04 22:00:00;642.3900;1586.6400;1398.5700;554.0500;2388.0600;9064.7500;47.5600;521.4600;2388.0600;8142.7700;8.4555;393.0000;0.052161;-0.364086;0.001164;Warning;WO742882;1808.35
2026-07-02;  ENG-061 ;63;2026-01-03 15:00:00;641.7400;1583.4600;1397.2500;554.6200;2388.0300;9068.7500;47.4100;522.7500;2388.0100;8147.8000;8.4215;393.0000;0.050492;-0.909266;0.002264;Healthy;WO186428;
2026/07/02;ENG-022;16;2026-01-01 16:00:00;641.8900;1587.6100;1409.6300;553.5800;2388.0500;9045.3200;47.2900;521.3200;2388.0500;8128.5100;8.4124;394.0000;0.024956;-0.409351;0.000889;healthy;WO294676;2034.11
02-Jul-2026;ENG-035;123;2026-01-06 03:00:00;643.0900;1587.2600;1409.9300;554.0200;2388.1300;9072.9000;47.6600;521.2800;2388.1500;8140.5300;8.4585;392.0000;0.030791;0.273674;0.000926;Healthy;WO478186;1875.05
2026-07-02;ENG-063;76;2026-01-04 04:00:00;642.6300;1587.2500;1407.9000;553.0600;2388.1300;9052.5700;47.5300;521.4700;2388.0600;8134.4700;8.4228;392.0000;0.051931;-0.237891;0.000183;Healthy;WO249904;2442.19
02-Jul-2026;ENG-092;51;2026-01-03 03:00:00;642.3000;1588.2600;1412.5200;553.7300;2388.1500;9038.9600;47.4600;521.0300;2388.1600;8127.7000;8.4314;394.0000;-0.027633;0.038447;0.003088;Healthy;WO488402;2927.24
02-Jul-2026;  ENG-035 ;93;2026-01-04 21:00:00;643.1300;1589.2800;1413.5000;552.6700;2388.0800;9060.4000;47.5700;521.3800;2388.0700;8136.5100;8.4726;393.0000;0.039758;0.351372;0.001811;Healthy;WO474634;300.83
2026/07/02;ENG-086;39;2026-01-02 15:00:00;642.7100;1587.2400;1399.3100;553.7500;2388.0500;9052.2700;47.6000;521.9700;2388.0600;8131.5900;8.4242;395.0000;0.045303;-0.409434;0.000323;Warning;WO833527;8,535.25
02-Jul-2026;ENG-021;79;2026-01-04 07:00:00;642.1200;1581.4900;1390.5500;554.9100;2388.0400;9058.8000;47.2800;521.9100;2388.0500;8139.1300;8.4090;393.0000;0.023727;-1.152028;0.001794;healthy;WO510467;2002.54
2026/07/02;  ENG-035 ;95;2026-01-04 23:00:00;642.9100;1591.6000;1411.1500;552.9800;2388.1200;9056.6100;47.6500;521.4000;2388.1100;8133.0300;8.4346;394.0000;0.028216;0.206843;0.003688;Healthy;WO288435;2148.70
02-Jul-2026;ENG-011;29;2026-01-02 05:00:00;643.1600;1590.1600;1405.7800;553.1800;2388.0700;9033.5800;47.6600;521.2900;2388.1300;8120.4900;8.4340;393.0000;-0.014173;0.109704;0.003403;Healthy;WO703117;1,840.94
2026-07-02;ENG-053;91;2026-01-04 19:00:00;642.0100;1596.3200;1403.9300;553.6200;2388.0900;9067.4400;47.3500;522.4200;2388.0500;8141.6600;8.4192;390.0000;0.055297;-0.603795;0.001656;Healthy;WO878180;400.17
2026-07-02;ENG-021;81;2026-01-04 09:00:00;641.7900;1587.2900;1401.9800;554.4200;2387.9600;9053.6900;47.3000;522.4600;2388.0000;8139.0800;8.3821;392.0000;0.040572;-1.090917;0.000913;Healthy;WO623278;535.77
02-Jul-2026;ENG-055;49;2026-01-03 01:00:00;642.0900;1587.5200;1400.1200;554.8500;2388.0600;9062.1700;47.4400;522.0900;2387.9800;8136.4500;8.4125;393.0000;0.024392;-0.827781;0.002184;healthy;WO152051;1495.19
2026-07-02;ENG-062;127;2026-01-06 07:00:00;641.8800;1592.3000;1401.6800;554.0900;2388.0400;9059.6900;47.1900;522.8300;2387.9500;8142.2200;8.4277;392.0000;0.056240;-1.017074;0.002466;Healthy;WO476346;2,391.81
02-Jul-2026;ENG-031;68;2026-01-03 20:00:00;642.6900;1593.2000;1401.5300;553.9700;2388.0500;9069.9000;47.1400;521.4600;2388.0300;8147.6700;8.4267;393.0000;0.055434;-0.557400;0.001455;Healthy;WO658415;1328.81
2026-07-02;eng-010;82;2026-01-04 10:00:00;642.3200;1575.9600;1402.3900;554.5900;2388.0600;9054.8600;47.1700;522.4500;2388.0800;8141.5700;8.4117;394.0000;0.008827;-0.912539;0.002878;Healthy;WO490048;148.35
02-Jul-2026;ENG-098;45;2026-01-02 21:00:00;642.2200;1586.6300;1403.7100;553.6400;2388.0300;9066.5100;47.3900;522.0800;2388.0600;8139.9200;8.4120;392.0000;0.043397;-0.685567;0.000457;Healthy;WO291823;204.33
02-Jul-2026;ENG-001;21;2026-01-01 21:00:00;642.7000;1583.3000;1399.2000;554.4200;2388.0500;9053.7300;47.3600;522.0500;2388.1100;8126.8600;8.4174;392.0000;-0.004146;-0.780659;0.005144;Healthy;WO180556;751.25
02-Jul-2026;ENG-064;84;2026-01-04 12:00:00;642.5400;1590.4100;1399.3200;553.7400;2388.1100;9057.7200;47.4700;521.7100;2388.0400;8142.7600;8.4414;393.0000;0.061490;-0.329731;0.001726;Healthy;WO761894;
2026/07/02;eng-035;113;2026-01-05 17:00:00;642.6900;1594.7100;1414.1000;552.6700;2388.1300;9056.3000;47.5400;520.5600;2388.0900;8134.1200;8.4342;393.0000;0.001873;0.351140;0.001085;Healthy;WO508638;2401.92
2026-07-02;ENG-049;142;2026-01-06 22:00:00;641.7400;1586.6400;1400.4600;554.2400;2388.0700;9059.1200;47.2800;522.3500;2388.0400;8141.9600;8.4336;392.0000;0.032142;-0.899815;0.001424;Healthy;WO420992;2,725.50
2026/07/02;ENG-081;137;2026-01-06 17:00:00;642.3600;1587.4400;1406.4300;553.8900;2388.1300;9070.2300;47.5500;521.4000;2388.0700;8155.1400;8.4483;393.0000;0.080927;-0.210694;;healthy;WO448470;2257.89
02-Jul-2026;ENG-043;67;2026-01-03 19:00:00;642.4900;1588.1200;1401.3600;553.7800;2388.0600;9044.2500;47.5400;521.7100;2388.0900;8128.4200;8.3968;392.0000;0.019114;-0.533259;0.001700;Healthy;WO977154;2444.89
2026-07-02;  ENG-055 ;67;2026-01-03 19:00:00;641.9800;1586.0500;1394.5700;553.5200;2388.0100;9051.1300;47.2100;521.8500;2388.0500;8139.9400;8.3953;391.0000;0.016998;-1.003459;0.002316;Healthy;WO311807;2875.11
2026/07/02;  ENG-093 ;163;2026-01-07 19:00:00;642.5800;1588.9500;1411.3800;553.4400;2388.1000;9062.2900;47.7100;521.2200;2388.1200;8139.1400;8.4603;394.0000;0.037942;0.218501;0.002935;Healthy;WO793208;72.65
02-Jul-2026;eng-040;65;2026-01-03 17:00:00;642.9400;1590.2300;1416.0800;553.2100;2388.1700;9062.2600;47.6600;520.3300;2388.0700;8137.9400;8.4596;393.0000;-0.024660;0.502010;0.002826;Warning;WO846887;15,218.11
2026/07/02;ENG-071;42;2026-01-02 18:00:00;642.2700;1585.5000;1398.5400;554.5900;2387.9600;9067.8800;47.3700;522.2400;2387.9300;8146.7000;8.4187;391.0000;0.074763;-1.102080;0.000691;HEALTHY;WO547869;2924.78
2026/07/02;ENG-049;171;2026-01-08 03:00:00;642.3400;1579.6500;1406.8800;554.4400;2388.0500;9065.8900;47.1700;522.2400;2388.0600;8134.4800;8.4048;391.0000;0.009071;-0.916821;0.001196;Healthy;WO721969;2438.93
02-Jul-2026;ENG-065;34;2026-01-02 10:00:00;641.8500;1584.3700;1402.6600;553.9600;2387.9700;9069.8700;47.2000;522.3600;2388.0500;8152.2600;8.4111;391.0000;0.010740;-2.665257;0.002930;HEALTHY;WO100110;2,538.89
2026-07-02;ENG-078;48;2026-01-03 00:00:00;641.6900;1580.7500;1403.9600;554.6800;2388.0000;9062.7800;47.2900;522.8200;2388.0400;8145.0800;8.3822;392.0000;0.015630;-2.623165;0.002674;Healthy;WO732292;2695.92
2026-07-02;ENG-070;77;2026-01-04 05:00:00;642.2800;1587.7400;1407.8200;553.9500;2388.0600;9040.1200;47.3900;521.8200;2388.1100;8127.6300;8.4433;391.0000;0.013049;-0.407126;0.003030;Healthy;WO565484;2973.10
2026-07-02;ENG-081;111;2026-01-05 15:00:00;642.7500;1586.1200;1411.9500;553.6200;2388.0700;9063.7300;47.3600;521.9700;2388.1000;8151.5100;8.4187;394.0000;0.069161;-0.208946;0.001523;Healthy;WO984476;1,559.73
2026-07-02;eng-049;199;2026-01-09 07:00:00;642.5600;1587.5400;1400.2700;554.1100;2388.1200;9060.2000;47.4100;522.0600;2388.0300;8140.8500;8.4639;391.0000;0.052257;-0.525807;0.001348;Warning;WO971375;18,658.76
2026/07/02;ENG-093;112;2026-01-05 16:00:00;643.1300;1594.0200;1411.7500;553.1300;2388.1200;9059.4100;47.4300;521.7500;2388.1100;8145.3300;8.4382;395.0000;0.062125;0.205240;0.003714;Healthy;WO973323;2075.49
2026/07/02;  ENG-034 ;87;2026-01-04 15:00:00;642.0100;1587.5600;1392.4700;554.7200;2388.0400;9061.0000;47.2400;522.2900;2388.0000;8143.3000;8.3956;392.0000;0.047068;-1.150961;0.002211;Healthy;WO345556;2,262.90
02-Jul-2026;ENG-069;30;2026-01-02 06:00:00;642.5700;1583.6300;1408.8300;553.9200;2388.0500;9049.4100;47.3400;522.2500;2388.0800;8127.1500;8.4024;392.0000;0.008484;-0.618321;0.002454;healthy;WO510793;857.20
02-Jul-2026;ENG-023;45;2026-01-02 21:00:00;641.8400;1579.1700;1398.1600;554.3600;2388.0400;9045.8600;47.1500;522.3000;2387.9900;8136.4700;8.4138;391.0000;0.040168;-1.165094;0.002990;healthy;WO809245;1866.61
02-Jul-2026;ENG-076;83;2026-01-04 11:00:00;642.1400;1586.3100;1397.5100;554.4900;2388.0800;9057.3000;47.3100;521.9900;2388.0400;8139.2200;8.3962;393.0000;0.013871;-0.935986;0.001744;Healthy;WO966003;1,509.11
2026-07-02;ENG-054;78;2026-01-04 06:00:00;642.1600;1582.4200;1397.8900;554.7600;2388.0400;9057.3400;47.1400;522.1100;2388.0500;8140.9900;8.4294;393.0000;0.011562;-1.008696;0.003146;Healthy;WO266263;356.88
2026-07-02;ENG-071;34;2026-01-02 10:00:00;642.8000;1574.4800;1400.0700;553.8400;2388.0200;9069.6000;47.4500;521.5300;2388.0500;8150.6400;8.4294;393.0000;0.043856;-0.716987;0.001359;Healthy;WO805298;2,435.51
2026/07/02;ENG-080;80;2026-01-04 08:00:00;642.8900;1587.1500;1405.5000;553.0000;2388.1000;9061.4400;47.4500;522.0800;2388.0900;8140.4000;8.4292;393.0000;0.069208;-0.247383;0.002409;Healthy;WO884300;1237.83
2026/07/02;ENG-089;108;2026-01-05 12:00:00;642.7900;1590.6200;1395.7000;552.7600;2388.1200;9042.2000;47.2700;520.9000;2388.0900;8129.3900;8.4551;393.0000;0.021374;-0.032882;0.001900;Healthy;WO460371;892.73
2026-07-02;ENG-072;73;2026-01-04 01:00:00;642.3400;1589.1400;1404.4600;554.3300;2388.0300;9056.0700;47.3000;521.9100;2388.0300;8139.4400;8.4390;392.0000;0.027036;-0.717646;0.003202;Healthy;WO572206;1,569.99
2026/07/02;ENG-068;96;2026-01-05 00:00:00;642.6800;1587.4000;1397.8100;553.0100;2388.0400;9049.1600;47.2200;521.3500;2388.0800;8136.1100;8.4191;393.0000;-0.091140;-2.565728;0.013496;Healthy;WO263728;1,703.12
2026-07-02;ENG-049;176;2026-01-08 08:00:00;642.2500;1579.8000;1409.0500;553.6400;2388.0600;9061.1400;47.3700;521.7400;2388.0200;8146.3100;8.3879;391.0000;0.046924;-0.608564;0.001610;Healthy;WO225451;2700.36
2026/07/02;ENG-027;72;2026-01-04 00:00:00;641.9500;1583.2200;1392.9600;553.9700;2388.0400;9046.0800;47.3700;522.4400;2388.0500;8131.2000;8.3966;392.0000;0.022520;-1.025302;0.001145;Healthy;WO788481;2,494.70
02-Jul-2026;eng-071;38;2026-01-02 14:00:00;642.5000;1588.0300;1399.8300;554.1400;2388.0100;9061.4800;47.4100;522.1700;2388.0200;8142.9700;8.3870;390.0000;0.042028;-0.884871;0.003164;Healthy;WO924191;2259.24
2026/07/02;ENG-074;71;2026-01-03 23:00:00;642.5100;1586.7100;1400.9500;553.6000;2388.0700;9068.2800;47.3500;521.8700;2388.1100;8144.3500;8.4449;395.0000;0.059651;-0.269105;0.002057;Healthy;WO438361;1747.36
2026/07/02;ENG-068;65;2026-01-03 17:00:00;642.4100;1584.3700;1401.8800;553.1500;2388.0900;9056.0100;47.2900;521.6000;2388.0400;8137.4900;8.4126;391.0000;0.025229;-0.657172;0.001050;Healthy;WO640061;2882.29
2026-07-02;ENG-013;108;2026-01-05 12:00:00;642.3500;1585.8500;1398.6800;554.4400;2387.9300;9066.3000;47.3100;522.0700;2388.0100;8144.8100;8.4518;392.0000;0.045479;-0.892969;0.003837;Healthy;WO816370;2827.35
2026/07/02;ENG-064;110;2026-01-05 14:00:00;642.0800;1580.9200;1409.6800;553.1300;2388.1400;9051.0300;47.5200;521.6000;2388.1400;8141.2100;8.4271;392.0000;0.045461;-0.295289;0.001099;Healthy;WO247437;2,098.47
2026/07/02;eng-049;184;2026-01-08 16:00:00;642.3100;1588.4200;1416.2000;553.7600;2388.0300;9065.0600;47.3800;521.9600;2388.0700;8144.4100;8.4278;392.0000;0.056709;-0.481386;0.001190;Healthy;WO534525;1,037.08
02-Jul-2026;ENG-097;78;2026-01-04 06:00:00;641.9300;1586.7800;1406.9600;553.8500;2388.0300;9063.4000;47.3100;522.3300;2388.0300;8147.7400;8.3690;393.0000;0.013319;-0.897648;0.000345;Healthy;WO355669;
02-Jul-2026;  ENG-049 ;112;2026-01-05 16:00:00;641.7400;1593.2300;1398.4000;553.2700;2388.0600;9068.7500;47.4200;522.1300;2388.0700;8145.7300;8.3993;391.0000;0.048030;-0.820748;0.000846;Healthy;WO733901;2890.24
2026-07-02;ENG-040;87;2026-01-04 15:00:00;643.5200;1592.6900;1414.4300;552.8900;2388.1300;9055.6700;47.6500;520.8800;2388.1500;8134.4100;8.4559;394.0000;-0.023907;0.628111;0.001744;Healthy;WO336251;2256.23
2026/07/02;ENG-049;150;2026-01-07 06:00:00;642.3700;1588.3400;1399.6200;554.1800;2388.0600;9059.6600;47.3500;522.3400;2388.0400;8140.8200;8.4186;393.0000;0.032421;-0.806750;0.001119;Healthy;WO117318;419.84
2026/07/02;ENG-043;107;2026-01-05 11:00:00;642.2400;1592.7400;1407.3800;553.4500;2388.0800;9046.8700;47.4900;521.0800;2388.1100;8128.9700;8.4213;391.0000;0.035017;-0.188403;0.002428;Healthy;WO609218;2,203.18
2026/07/02;eng-095;47;2026-01-02 23:00:00;642.1600;1577.1800;1404.6800;553.9200;2388.0700;9045.1600;47.5500;522.3400;2388.1000;8133.0700;8.4080;391.0000;0.005036;-0.759309;0.003798;Healthy;WO252714;631.08
2026-07-02;ENG-073;49;2026-01-03 01:00:00;642.1900;1582.4700;1393.7100;554.8800;2388.0400;9052.7700;47.2300;522.0200;2388.0000;8137.3000;8.3818;390.0000;-0.012831;-2.583057;0.002184;Healthy;WO546889;1968.48
2026-07-02;ENG-041;52;2026-01-03 04:00:00;642.3700;1581.3400;1402.0500;554.4300;2388.0200;9038.8600;47.3400;521.8600;2388.0800;8126.8400;8.4264;391.0000;-0.014834;-0.895975;0.012814;Healthy;WO160635;2,552.03
2026/07/02;ENG-007;73;2026-01-04 01:00:00;642.4700;1587.5600;1396.8700;554.0700;2388.0400;9062.6200;47.3400;522.1600;2388.0500;8141.7600;8.3868;392.0000;0.031624;-0.896492;0.001337;Healthy;WO255855;
02-Jul-2026;ENG-017;73;2026-01-04 01:00:00;642.3800;1594.8100;1399.2100;553.6500;2388.0500;9072.6500;47.2800;522.0100;2388.0100;8148.6300;8.4154;391.0000;0.060724;-0.727465;0.001907;Healthy;WO569839;1423.13
2026-07-02;ENG-044;22;2026-01-01 22:00:00;642.6600;1587.9300;1407.2000;554.0000;2388.1100;9058.9300;47.3300;522.0000;2388.0200;8136.3400;8.4686;393.0000;0.057058;-0.279494;0.000691;Healthy;WO360789;1909.80
02-Jul-2026;ENG-094;75;2026-01-04 03:00:00;642.4700;1595.5600;1415.7600;552.6700;2388.1000;9053.1200;47.6000;521.8300;2388.1300;8133.8700;8.4507;392.0000;0.042653;0.163218;0.002922;healthy;WO365871;787.11
2026-07-02;ENG-005;46;2026-01-02 22:00:00;642.7900;1588.7900;1404.5200;553.0900;2388.0900;9053.0800;47.4400;521.7000;2388.0800;8133.2200;8.3975;393.0000;0.053925;-0.077538;0.002528;healthy;WO798812;1310.69
2026-07-02;ENG-087;23;2026-01-01 23:00:00;641.8000;1584.9600;1397.1300;554.1900;2388.0200;9056.2200;47.2500;522.8100;2388.0400;8145.0800;8.4273;392.0000;0.036936;-1.032245;0.000977;Healthy;WO964253;278.43
2026/07/02;ENG-014;31;2026-01-02 07:00:00;642.5200;1584.2000;1415.3400;552.5500;2388.1400;9042.6300;47.7000;520.7700;2388.1500;8116.5700;8.4505;393.0000;-0.057413;0.295856;0.009230;Healthy;WO199019;2748.79
02-Jul-2026;ENG-034;81;2026-01-04 09:00:00;642.3200;1581.0200;1401.2700;554.4600;2387.9800;9065.9500;47.2300;522.5900;2387.9800;8143.2000;8.4342;392.0000;0.060627;-1.123982;;Healthy;WO639707;948.04
02-Jul-2026;ENG-068;75;2026-01-04 03:00:00;642.5900;1585.9900;1404.9400;554.4300;2388.0500;9055.6000;47.4700;522.1300;2387.9800;8138.9100;8.4287;394.0000;0.039684;-0.644189;0.001802;Healthy;WO639253;95.37
2026/07/02;ENG-046;69;2026-01-03 21:00:00;642.2900;1588.6500;1403.8300;553.6100;2388.0800;9055.6900;47.4700;521.5200;2388.0700;8142.9200;8.4060;394.0000;0.054803;-0.274811;0.001728;Healthy;WO553787;2547.00
2026-07-02;eng-015;42;2026-01-02 18:00:00;642.4100;1584.1800;1398.6000;554.0700;2388.0500;9054.5000;47.2600;522.0200;2388.0800;8139.4300;8.4103;394.0000;0.012651;-0.798082;0.002847;Healthy;WO542848;1,610.87
2026-07-02;  ENG-080 ;73;2026-01-04 01:00:00;642.4500;1588.4500;1405.0500;553.7200;2388.0400;9067.0000;47.4400;522.7600;2388.0300;8143.6600;8.4777;392.0000;0.077798;-0.439029;0.005411;Warning;WO972713;9942.81
02-Jul-2026;ENG-098;51;2026-01-03 03:00:00;642.6900;1588.7500;1408.8000;553.3600;2388.0600;9062.1500;47.4700;521.4400;2388.0700;8137.8300;8.4376;393.0000;0.068363;-0.097794;0.000561;Healthy;WO577319;2543.62
2026/07/02;ENG-084;96;2026-01-05 00:00:00;642.6200;1587.0700;1417.0700;553.6000;2388.1300;9059.5700;47.4100;521.4300;2388.0900;8138.0800;8.4423;394.0000;0.036224;0.049446;0.000874;Healthy;WO956001;2592.24
2026-07-02;ENG-063;89;2026-01-04 17:00:00;642.3700;1590.2200;1407.5500;553.6200;2388.1500;9046.2500;47.5500;521.1200;2388.1900;8133.2200;8.4886;393.0000;-0.005141;0.157818;0.000386;HEALTHY;WO178396;
02-Jul-2026;ENG-090;89;2026-01-04 17:00:00;642.7200;1594.1200;1411.8800;553.9500;2388.1200;9060.3900;47.3700;521.4800;2388.0700;8135.5700;8.4268;394.0000;0.053875;-0.109582;0.000355;Healthy;WO261925;1765.77
2026-07-02;ENG-037;45;2026-01-02 21:00:00;641.8900;1583.1700;1404.0700;553.9200;2388.0000;9056.5900;47.3400;522.4600;2388.0400;8140.1100;8.3895;393.0000;0.023905;-1.023940;0.000977;Healthy;WO534506;1,733.66
02-Jul-2026;ENG-025;22;2026-01-01 22:00:00;642.3100;1579.2100;1396.4400;553.9000;2388.0000;9052.6500;47.4400;522.2500;2388.1000;8131.9800;8.4142;390.0000;0.000636;-0.913598;0.002238;Healthy;WO636014;2287.90
2026/07/02;ENG-067;38;2026-01-02 14:00:00;642.4100;1590.8400;1400.0300;553.3800;2388.0900;9059.0500;47.5000;521.6800;2388.1100;8144.5000;8.4325;392.0000;0.058351;-0.326728;0.001248;Healthy;WO530087;1399.54
02-Jul-2026;ENG-018;66;2026-01-03 18:00:00;642.3800;1591.5700;1400.4100;554.5500;2388.0400;9060.9600;47.3000;522.5800;2388.0300;8147.1700;8.4362;391.0000;0.052409;-0.972649;0.001269;HEALTHY;WO551994;2,747.89
2026-07-02;ENG-022;14;2026-01-01 14:00:00;642.4600;1592.6900;1410.4500;553.4400;2388.1000;9048.9700;47.5200;521.3200;2388.0600;8127.8200;8.4218;394.0000;0.029897;-0.038189;0.002513;Healthy;WO708303;553.36
2026/07/02;ENG-017;56;2026-01-03 08:00:00;642.0000;1586.4100;1401.2200;554.5400;2388.0500;9065.4200;47.2300;522.4200;2388.0000;8157.8400;8.3783;392.0000;0.046858;-1.098448;0.001092;Healthy;WO401473;2276.27
02-Jul-2026;eng-017;87;2026-01-04 15:00:00;642.3000;1585.3900;1394.5200;553.5700;2388.0400;9074.9800;47.3100;522.1100;2388.0200;8156.9000;8.4167;392.0000;0.076996;-0.890205;0.006931;Healthy;WO609116;220.76
02-Jul-2026;ENG-071;32;2026-01-02 08:00:00;641.8600;1588.8000;1403.6300;554.1900;2388.0600;9064.6500;47.4000;522.3100;2388.0500;8144.5900;8.3842;393.0000;0.030317;-0.891477;0.002686;Healthy;WO920969;1150.64
02-Jul-2026;ENG-076;78;2026-01-04 06:00:00;643.0900;1590.2800;1406.4800;554.4100;2388.1000;9058.1600;47.4000;521.9500;2388.0400;8144.3400;8.3953;394.0000;-0.006018;-2.734187;0.009367;Healthy;WO904242;2997.47
02-Jul-2026;ENG-023;78;2026-01-04 06:00:00;641.8800;1585.7400;1408.6400;553.9500;2388.0600;9057.9800;47.2500;522.5800;2388.0300;8132.9800;8.4091;392.0000;0.020771;-0.907257;0.001402;Healthy;WO181222;1706.01
2026/07/02;ENG-006;45;2026-01-02 21:00:00;642.3300;1583.6500;1414.4700;553.5600;2388.1100;9047.7100;47.6300;521.5200;2388.1000;8135.7400;8.4572;392.0000;0.016960;0.068052;0.001496;Healthy;WO881038;1096.09
2026-07-02;ENG-042;96;2026-01-05 00:00:00;642.5800;1585.8300;1401.8000;553.6700;2388.0800;9051.4900;47.3500;521.5500;2388.1400;8126.1900;8.4068;392.0000;0.015992;-0.362699;0.002405;Healthy;WO487168;658.13
02-Jul-2026;  ENG-077 ;68;2026-01-03 20:00:00;642.5800;1587.8600;1404.1800;554.1700;2388.0600;9048.1200;47.2900;521.5500;2388.0400;8134.7800;8.4112;393.0000;0.019832;-0.521185;0.004405;Healthy;WO282192;2307.91
2026/07/02;  ENG-081 ;123;2026-01-06 03:00:00;642.9100;1585.6000;1409.9100;553.7500;2388.0900;9070.9600;47.4700;520.9500;2388.0300;8147.6600;8.4598;393.0000;0.072315;0.145772;0.003960;Healthy;WO867156;1333.28
02-Jul-2026;ENG-070;94;2026-01-04 22:00:00;641.9800;1588.2900;1406.9300;553.5200;2388.1700;9041.7800;47.3900;521.7000;2388.0700;8130.2300;8.4662;391.0000;0.027463;-0.318436;0.001843;Warning;WO180815;2141.99
2026/07/02;ENG-003;62;2026-01-03 14:00:00;642.5000;1594.7200;1396.9600;553.8300;2388.1500;9054.3200;47.5700;521.5200;2388.1100;8129.6400;8.4120;393.0000;0.042234;-0.104795;0.000853;Healthy;WO942873;148.81
02-Jul-2026;ENG-038;76;2026-01-04 04:00:00;642.9300;1587.6900;1411.8100;552.8200;2388.1500;9049.4500;47.6900;521.0300;2388.1000;8142.1000;8.4545;393.0000;0.010321;0.266484;0.001676;Warning;WO760478;17462.05
2026/07/02;ENG-027;83;2026-01-04 11:00:00;641.9500;1591.6200;1399.5500;554.2300;2388.0400;9051.5700;47.3200;522.3400;2388.0700;8132.9400;8.3997;391.0000;0.006632;-0.914069;0.000810;HEALTHY;WO939634;2,248.31
02-Jul-2026;ENG-007;56;2026-01-03 08:00:00;641.7800;1587.9900;1398.3200;554.4700;2388.0700;9059.6300;47.2600;521.7900;2388.0300;8146.6300;8.4000;392.0000;0.021333;-0.842893;0.001843;Healthy;WO801537;
2026-07-02;ENG-023;74;2026-01-04 02:00:00;642.5300;1586.2500;1400.4600;554.0600;2388.0100;9051.5600;47.1100;521.6900;2388.0300;8133.8300;8.3733;391.0000;0.021163;-1.076622;0.000913;Healthy;WO465294;984.27
2026/07/02;ENG-080;67;2026-01-03 19:00:00;642.7400;1587.7500;1406.8400;553.7300;2388.1200;9065.9200;47.4700;522.4100;2388.0100;8145.5500;8.4106;393.0000;0.068700;-0.433092;0.001085;Healthy;WO368065;2398.40
02-Jul-2026;ENG-020;105;2026-01-05 09:00:00;642.3900;1593.9800;1399.6000;553.6300;2388.0500;9057.5900;47.5000;521.2300;2388.1600;8142.3000;8.4553;392.0000;0.058399;-0.155241;0.001591;Healthy;WO776497;2,291.02
2026-07-02;ENG-055;54;2026-01-03 06:00:00;642.2900;1584.6900;1399.7700;554.1700;2388.0600;9064.2200;47.4300;522.5600;2388.0800;8134.5300;8.4561;390.0000;0.029155;-0.848335;0.002224;healthy;WO604543;357.14
2026/07/02;ENG-072;79;2026-01-04 07:00:00;642.1000;1579.9100;1402.0700;554.1500;2388.0500;9069.9100;47.3100;521.9700;2388.1200;8144.0100;8.4234;391.0000;0.025085;-0.804080;0.001619;HEALTHY;WO619089;911.55
2026/07/02;ENG-086;38;2026-01-02 14:00:00;642.5300;1583.9900;1404.8000;553.7500;2388.0400;9063.3200;47.4000;521.7300;2388.0800;8143.9300;8.4387;392.0000;0.043164;-0.535631;0.002163;HEALTHY;WO615457;2297.18
2026-07-02;ENG-004;61;2026-01-03 13:00:00;641.9800;1582.9500;1411.0800;553.4000;2388.0400;9049.5500;47.5100;521.7100;2388.1100;8136.5900;8.4147;393.0000;0.052298;-0.260349;0.002743;Healthy;WO913908;2,303.68
2026-07-02;ENG-035;76;2026-01-04 04:00:00;642.6600;1590.5000;1404.7000;553.5600;2388.1500;9058.9500;47.5300;521.5100;2388.1600;8136.1100;8.4411;394.0000;0.040640;-0.002230;0.002595;HEALTHY;WO494587;2388.42
2026/07/02;  ENG-066 ;63;2026-01-03 15:00:00;642.8500;1587.5200;1408.7100;552.9800;2388.0900;9055.9200;47.5200;521.8600;2388.1100;8146.2900;8.4062;393.0000;0.076519;0.027397;0.000510;Healthy;WO111720;1,970.84
2026/07/02;ENG-074;50;2026-01-03 02:00:00;642.6400;1594.2400;1402.9500;553.0100;2388.1100;9059.9900;47.4000;521.6800;2388.0700;8146.3800;8.4212;392.0000;0.073280;-0.252797;0.003357;Healthy;WO775529;2685.93
2026-07-02;ENG-015;50;2026-01-03 02:00:00;642.6900;1594.0800;1403.9400;553.9300;2388.0300;9053.3000;47.2200;521.6600;2388.0200;8137.2200;8.4151;393.0000;0.031045;-0.609302;0.001221;Healthy;WO861239;820.18
2026-07-02;eng-005;66;2026-01-03 18:00:00;642.7900;1595.7000;1415.0700;553.4200;2388.0800;9051.4600;47.4300;521.3600;2388.1200;8135.8200;8.4331;392.0000;0.051280;0.020651;0.003224;Healthy;WO577870;649.45
2026-07-02;ENG-029;83;2026-01-04 11:00:00;642.0400;1584.4400;1405.6600;554.3100;2387.9900;9056.8100;47.3200;521.9900;2388.0400;8136.5100;8.4008;392.0000;0.012620;-0.943593;0.001843;Healthy;WO862868;1085.46
2026/07/02;ENG-013;82;2026-01-04 10:00:00;642.2000;1577.3900;1404.1900;554.7500;2388.0500;9049.8000;47.1100;521.8500;2387.9700;8143.6600;8.4104;391.0000;0.022422;-1.040542;0.003621;Healthy;WO115275;2762.65
2026/07/02;ENG-078;40;2026-01-02 16:00:00;642.3700;1582.0900;1398.7100;554.4600;2388.0400;9056.3300;47.2800;522.9100;2387.9700;8142.3900;8.4292;392.0000;0.055330;-1.070118;0.002238;Healthy;WO552545;1,445.30
02-Jul-2026;ENG-060;54;2026-01-03 06:00:00;642.4400;1593.2400;1406.9200;554.2600;2388.1100;9053.2500;47.6500;521.6400;2388.0600;8133.7500;8.4262;393.0000;0.055213;-0.186616;0.001647;Healthy;WO827266;2905.85
2026/07/02;ENG-044;21;2026-01-01 21:00:00;642.5500;1589.4600;1405.5800;553.8600;2388.0600;9053.7800;47.5200;521.9300;2388.1100;8132.6300;8.4413;392.0000;0.042406;-0.373039;0.001332;Warning;WO199811;6,195.52
2026-07-02;eng-019;87;2026-01-04 15:00:00;642.6700;1588.3300;1399.3100;553.8800;2388.0800;9046.1900;47.3300;521.5700;2388.0600;8139.8000;8.4130;391.0000;0.017992;-0.670871;0.001475;Healthy;WO667337;2150.84
02-Jul-2026;eng-074;54;2026-01-03 06:00:00;642.4000;1586.5300;1399.4300;554.1200;2388.0600;9055.6400;47.4500;521.9000;2388.0500;8143.7600;8.4567;392.0000;0.042292;-0.506264;0.000488;Healthy;WO673231;268.84
2026-07-02;  ENG-054 ;62;2026-01-03 14:00:00;642.5900;1580.2200;1394.6900;555.0000;2388.0200;9049.2900;47.0500;522.4700;2387.9900;8141.0200;8.3857;390.0000;0.069954;-1.263462;0.002490;healthy;WO939740;100.72
02-Jul-2026;ENG-016;71;2026-01-03 23:00:00;642.8200;1585.3100;1400.5500;554.2700;2388.0800;9056.4800;47.3700;522.4500;2388.1000;8139.6800;8.3985;393.0000;0.019282;-0.706035;0.001867;Healthy;WO510438;1,167.42
2026/07/02;ENG-024;72;2026-01-04 00:00:00;642.1900;1580.6000;1400.2800;554.7800;2388.0000;9064.9400;47.1800;522.3300;2388.0100;8140.5000;8.4214;393.0000;0.030858;-1.071459;0.001292;Healthy;WO290432;176.28
2026/07/02;ENG-084;105;2026-01-05 09:00:00;642.4700;1585.1700;1398.0700;553.4800;2388.0600;9057.1700;47.5600;521.9500;2388.0500;8137.3100;8.4528;394.0000;0.061424;-0.208903;0.001528;Healthy;WO534693;2793.34
2026/07/02;ENG-057;86;2026-01-04 14:00:00;642.0000;1589.3900;1412.5000;553.7600;2388.1200;9046.9700;47.3500;521.3600;2388.1600;8129.7600;8.4535;393.0000;0.010310;-0.029798;0.001933;Healthy;WO437478;1,121.58
2026-07-02;ENG-057;99;2026-01-05 03:00:00;642.7300;1588.6300;1404.3300;553.7200;2388.1000;9052.7300;47.5900;522.0700;2388.0700;8130.3300;8.4291;393.0000;0.057519;-0.140618;0.001530;Healthy;WO726724;103.76
2026-07-02;eng-043;76;2026-01-04 04:00:00;641.7000;1579.5900;1392.8200;554.2400;2388.0700;9048.5500;47.3400;521.7400;2388.1300;8132.1100;8.4545;393.0000;-0.012355;-0.916095;0.007505;Healthy;WO620568;366.52
02-Jul-2026;ENG-013;67;2026-01-03 19:00:00;642.4000;1581.4800;1408.6100;554.1900;2388.0100;9058.4800;47.1200;521.9300;2388.0500;8141.9100;8.3963;392.0000;0.014280;-0.894402;0.003478;Healthy;WO949040;1,366.80
2026/07/02;eng-046;79;2026-01-04 07:00:00;642.2300;1591.4400;1406.7400;554.5200;2388.0500;9067.5000;47.5100;521.4100;2388.0600;8139.6200;8.4309;394.0000;0.054210;-0.304629;0.001032;Healthy;WO873646;1,569.17
2026-07-02;  ENG-049 ;190;2026-01-08 22:00:00;642.8300;1588.9600;1404.0500;554.2500;2388.0600;9056.0200;47.4200;521.7100;2388.0800;8141.0700;8.4536;392.0000;0.049826;-0.322159;0.001480;Healthy;WO198304;184.64
2026-07-02;  ENG-073 ;70;2026-01-03 22:00:00;642.8000;1583.7900;1397.1800;554.2700;2388.0400;9053.3100;47.2100;522.4000;2388.0600;8133.8100;8.3978;393.0000;0.009721;-1.000391;0.002561;Healthy;WO477418;2,987.53
2026/07/02;ENG-064;100;2026-01-05 04:00:00;642.7500;1585.5700;1401.2600;554.0000;2388.1100;9057.6900;47.4300;521.6200;2388.0600;8140.2500;8.4494;393.0000;0.042546;-0.420136;0.001320;healthy;WO738931;
2026-07-02;ENG-083;27;2026-01-02 03:00:00;641.8100;1588.1300;1397.1600;554.0500;2388.0600;9057.4700;47.1100;522.4100;2388.0900;8138.1100;8.3971;393.0000;0.003632;-1.043216;0.000772;Healthy;WO149283;457.91
2026/07/02;ENG-081;142;2026-01-06 22:00:00;642.1600;1587.9400;1400.8300;553.5600;2388.0800;9074.7900;47.6200;521.6400;2388.0500;8149.4200;8.4305;394.0000;0.088347;-0.250633;0.002970;Healthy;WO820990;1945.86
2026/07/02;  ENG-059 ;36;2026-01-02 12:00:00;642.2500;1582.2500;1398.3000;554.0500;2387.9900;9054.1100;47.3000;522.6400;2387.9700;8135.3700;8.4124;392.0000;0.047560;-1.106684;0.000691;Healthy;WO449116;1391.28
2026-07-02;eng-013;114;2026-01-05 18:00:00;642.3800;1587.5700;1399.3400;554.2500;2388.0100;9060.3600;47.1600;522.1300;2388.0400;8142.6500;8.4244;392.0000;0.026995;-0.918020;0.001196;Healthy;WO983950;1,508.28
2026/07/02;ENG-040;74;2026-01-04 02:00:00;642.8000;1586.5400;1410.7600;552.1800;2388.1100;9055.4400;47.7700;521.0500;2388.1200;8135.6300;8.4482;393.0000;0.017520;0.316805;0.001608;healthy;WO911832;1504.36
2026-07-02;ENG-046;55;2026-01-03 07:00:00;642.4300;1588.9200;1407.9500;554.0700;2388.1300;9073.3400;47.3000;521.6900;2388.1400;8147.8200;8.4368;392.0000;0.051250;-0.361738;0.001709;Healthy;WO168331;
02-Jul-2026;ENG-005;45;2026-01-02 21:00:00;642.4500;1592.0600;1396.4000;552.9800;2388.0900;9054.6200;47.5200;522.0500;2388.0700;8131.6500;8.3951;391.0000;0.052420;-0.358284;0.001633;Healthy;WO562586;2085.33
2026/07/02;eng-064;65;2026-01-03 17:00:00;642.8900;1589.1000;1400.9400;553.6000;2388.0600;9054.3700;47.3400;522.2100;2388.0700;8138.3000;8.4255;392.0000;0.025968;-0.683119;0.002043;Healthy;WO409917;730.65
2026-07-02;eng-038;68;2026-01-03 20:00:00;643.1400;1591.6200;1402.7100;553.4100;2388.1000;9059.2400;47.7400;521.7500;2388.1100;8128.8700;8.4454;394.0000;0.041322;0.167196;0.002706;Healthy;WO914082;1,784.50
02-Jul-2026;ENG-002;18;2026-01-01 18:00:00;642.4500;1596.1900;1403.2000;553.6400;2388.1200;9049.7600;47.3000;521.5200;2388.0900;8127.0200;8.4451;392.0000;0.042202;-0.112654;0.000568;Healthy;WO135612;1,768.73
02-Jul-2026;ENG-100;112;2026-01-05 16:00:00;641.7100;1594.0600;1403.9300;554.0300;2388.0300;9065.1300;47.3700;522.1900;2388.0700;8140.0700;8.4401;392.0000;0.046500;-0.734002;0.001794;Healthy;WO559862;1880.18
2026-07-02;ENG-023;57;2026-01-03 09:00:00;642.4200;1581.8900;1392.3700;555.1700;2388.0100;9049.9100;47.0300;522.3400;2388.0000;8135.9900;8.3882;391.0000;0.079620;-1.312331;0.003555;Healthy;WO334454;183.77
2026-07-02;eng-027;81;2026-01-04 09:00:00;642.6500;1579.9900;1400.3400;553.5300;2388.0900;9042.3000;47.3000;522.3700;2388.0800;8134.7400;8.3899;392.0000;0.006739;-0.889624;0.002277;Healthy;WO164211;2801.83
02-Jul-2026;ENG-003;59;2026-01-03 11:00:00;642.9200;1589.0900;1406.5100;552.7900;2388.1000;9052.4300;47.4900;520.9100;2388.1200;8133.0700;8.4042;394.0000;0.027525;0.092379;0.000913;HEALTHY;WO334108;361.05
2026/07/02;ENG-086;43;2026-01-02 19:00:00;642.9200;1586.0600;1411.5500;553.3900;2388.0800;9054.8600;47.4700;522.1200;2388.0800;8136.0700;8.4348;393.0000;0.059945;-0.197588;0.000720;Warning;WO202815;14134.15
2026/07/02;ENG-010;122;2026-01-06 02:00:00;642.0500;1581.4600;1393.1800;554.5600;2388.0700;9062.4900;47.1700;521.4900;2387.9800;8136.6000;8.3753;392.0000;0.026806;-1.176879;0.000000;healthy;WO109325;1087.14
2026-07-02;ENG-052;94;2026-01-04 22:00:00;641.9000;1582.3700;1403.2800;554.6400;2388.0100;9064.5100;47.1000;522.5100;2388.0200;8140.1000;8.3820;392.0000;0.025274;-1.173959;0.001827;Healthy;WO414708;2,152.99
02-Jul-2026;ENG-021;97;2026-01-05 01:00:00;642.6900;1586.8700;1401.1000;554.5800;2388.0100;9062.6300;47.1400;521.9100;2388.0200;8146.6500;8.4126;391.0000;0.042136;-0.953620;0.003117;Healthy;WO602802;1417.43
2026/07/02;  ENG-077 ;90;2026-01-04 18:00:00;642.3800;1587.0500;1400.3000;554.2900;2388.1000;9051.0600;47.3300;521.8500;2388.0900;8135.5600;8.4051;393.0000;0.008517;-0.630464;0.002847;Healthy;WO438988;2,525.35
2026/07/02;ENG-007;67;2026-01-03 19:00:00;641.5900;1582.5400;1405.5300;554.0000;2387.9800;9061.1800;47.2500;522.1900;2388.0300;8141.7900;8.3997;393.0000;0.026843;-1.112330;0.001891;Healthy;WO457852;1578.73
02-Jul-2026;ENG-050;40;2026-01-02 16:00:00;642.2800;1584.8600;1401.5200;554.4100;2388.0500;9059.9800;47.2200;521.5500;2388.0000;8142.2000;8.3983;392.0000;0.015083;-0.780530;0.000488;HEALTHY;WO187181;464.03
2026-07-02;ENG-048;30;2026-01-02 06:00:00;643.1200;1588.6500;1407.9300;553.5800;2388.0600;9054.6600;47.5400;521.8900;2388.0500;8139.2200;8.4117;394.0000;0.068878;-0.243998;0.003416;Healthy;WO540285;195.68
2026/07/02;ENG-049;146;2026-01-07 02:00:00;642.6700;1586.0700;1401.2200;555.1000;2388.0100;9052.1100;47.2600;522.5900;2388.0100;8144.7500;8.3996;393.0000;0.015588;-0.979396;0.003049;Healthy;WO801524;50.36
02-Jul-2026;ENG-090;93;2026-01-04 21:00:00;642.6500;1594.5900;1414.3500;553.5800;2388.0700;9062.8100;47.2500;521.6800;2388.1400;8140.5600;8.4219;393.0000;0.056668;-0.110177;0.003208;Healthy;WO113591;1,165.16
2026/07/02;ENG-075;45;2026-01-02 21:00:00;642.6000;1580.9600;1408.8100;553.7200;2388.0900;9061.9200;47.3400;521.5200;2388.0800;8140.5100;8.4072;393.0000;0.028434;-0.545617;0.003243;Healthy;WO154096;1757.86
2026-07-02;ENG-008;74;2026-01-04 02:00:00;642.4200;1589.1400;1407.2000;554.0500;2388.1200;9049.1900;47.4000;521.5100;2388.1100;8130.3600;8.3826;393.0000;0.025556;-0.277930;0.002367;healthy;WO926789;2824.09
2026/07/02;ENG-052;98;2026-01-05 02:00:00;642.0700;1581.7700;1400.8600;554.6000;2388.0000;9060.5200;47.1800;522.2000;2388.0300;8143.6400;8.3893;392.0000;0.021221;-1.112792;0.002211;Healthy;WO400641;680.49
02-Jul-2026;ENG-026;39;2026-01-02 15:00:00;642.2800;1586.7400;1393.8900;554.6900;2388.0400;9067.2100;47.2500;521.5400;2388.0100;8149.4400;8.4201;394.0000;0.027030;-0.920533;0.001544;healthy;WO518277;2,762.80
2026-07-02;ENG-021;84;2026-01-04 12:00:00;642.7800;1579.9500;1403.4500;554.2100;2388.0500;9055.0700;47.3400;521.6500;2388.0500;8137.0600;8.4095;392.0000;0.011156;-0.749929;0.003580;Healthy;WO710316;2,816.10
02-Jul-2026;ENG-045;101;2026-01-05 05:00:00;642.8900;1589.5600;1404.6800;553.5000;2388.1100;9058.9100;47.6100;521.5500;2388.1800;8132.1100;8.4461;393.0000;0.046726;0.019734;0.002941;HEALTHY;WO555960;2,624.61
2026-07-02;ENG-024;83;2026-01-04 11:00:00;641.9100;1580.2200;1409.6300;554.6500;2387.9400;9071.7700;47.0600;523.0400;2387.9900;8157.2600;8.3774;390.0000;0.051955;-1.313741;0.000691;Healthy;WO435777;156.78
02-Jul-2026;  ENG-038 ;82;2026-01-04 10:00:00;642.6700;1588.3700;1411.4400;553.8700;2388.1500;9063.9200;47.6700;521.2500;2388.0900;8137.7400;8.4743;393.0000;0.018900;0.260969;0.001075;Healthy;WO916109;1,275.38
2026-07-02;  ENG-084 ;86;2026-01-04 14:00:00;642.4400;1585.1900;1405.4400;553.9100;2388.0600;9053.7100;47.6400;521.5300;2388.1100;8132.7700;8.4289;392.0000;0.045336;-0.198969;0.001135;Healthy;WO509522;1862.29
2026-07-02;ENG-097;66;2026-01-03 18:00:00;641.9700;1587.7200;1395.7100;554.3300;2388.0500;9068.6600;47.3000;522.1700;2388.0200;8150.9800;8.4390;392.0000;0.048012;-0.987708;0.001563;Healthy;WO826621;2775.45
2026-07-02;ENG-092;83;2026-01-04 11:00:00;642.2400;1587.9600;1420.3400;553.0500;2388.1900;9048.5200;47.6600;520.5200;2388.1600;8125.5200;8.4405;395.0000;-0.071186;0.401223;0.005924;HEALTHY;WO255759;2031.90
02-Jul-2026;eng-077;78;2026-01-04 06:00:00;642.4900;1593.8300;1412.1100;553.7200;2388.0800;9045.5500;47.2100;521.8500;2388.0100;8129.5900;8.4467;390.0000;0.032127;-0.442981;0.001665;Healthy;WO348267;677.15
02-Jul-2026;eng-091;156;2026-01-07 12:00:00;642.8600;1591.7500;1411.1800;552.9900;2388.1600;9052.5400;47.7800;521.1300;2388.1900;8124.8900;8.4553;394.0000;-0.035574;0.486012;0.000345;Warning;WO751082;11226.56
2026-07-02;ENG-095;51;2026-01-03 03:00:00;642.0500;1581.1400;1401.6600;554.0100;2388.0700;9044.3600;47.4300;522.2200;2388.0800;8132.0800;8.4421;393.0000;0.011126;-0.738941;;Healthy;WO651399;1595.86
2026-07-02;ENG-032;57;2026-01-03 09:00:00;642.0300;1583.6400;1387.7800;554.1600;2387.9700;9068.2100;47.0900;522.2600;2387.9300;8147.8100;8.3689;391.0000;0.082448;-1.366191;;Healthy;WO712521;1554.99
02-Jul-2026;ENG-014;22;2026-01-01 22:00:00;642.7400;1591.3200;1405.2800;554.0000;2388.2100;9040.7800;47.4300;521.0900;2388.2000;8118.8300;8.4596;393.0000;-0.056023;0.161880;0.002302;Healthy;WO619811;1427.75
2026-07-02;  ENG-053 ;70;2026-01-03 22:00:00;641.6200;1589.8400;1402.3000;554.1400;2388.1000;9058.9400;47.6100;522.1300;2388.0700;8136.4800;8.3964;393.0000;0.034142;-0.711791;0.002663;Healthy;WO418998;1,708.16
2026/07/02;  ENG-095 ;55;2026-01-03 07:00:00;642.4000;1585.9500;1402.3300;554.0600;2388.1100;9053.3500;47.3800;521.7700;2388.0800;8131.0100;8.4310;394.0000;0.025569;-0.419452;0.003361;Healthy;WO310142;1453.02
02-Jul-2026;ENG-092;76;2026-01-04 04:00:00;642.7400;1598.2500;1410.2500;553.1400;2388.1500;9040.5100;47.5600;521.3100;2388.1500;8128.4200;8.4484;393.0000;-0.024142;0.345575;0.002139;Warning;WO566067;7416.74
2026-07-02;ENG-058;99;2026-01-05 03:00:00;642.4900;1588.7800;1397.7000;554.0900;2388.0600;9052.5100;47.4400;521.8800;2388.1400;8127.0800;8.4327;394.0000;0.018487;-0.382606;0.002896;Healthy;WO541707;2205.71
2026-07-02;ENG-095;44;2026-01-02 20:00:00;642.7100;1580.5600;1398.6800;554.0700;2388.0600;9055.1800;47.2700;521.6900;2388.0300;8126.4800;8.4286;393.0000;0.009972;-0.683727;0.002680;healthy;WO297630;2673.62
2026-07-02;  ENG-081 ;129;2026-01-06 09:00:00;642.4600;1582.4200;1399.5100;554.0200;2388.0000;9068.5200;47.5700;521.3400;2388.1100;8148.7400;8.4187;394.0000;0.057598;-0.396792;0.001227;Healthy;WO981437;2942.26
2026-07-02;ENG-100;108;2026-01-05 12:00:00;642.0000;1588.0600;1405.2700;554.0800;2388.1000;9064.6600;47.2400;522.3600;2388.0600;8148.5300;8.3822;392.0000;0.034172;-0.838190;0.000598;healthy;WO226252;1,639.52
2026-07-02;ENG-062;118;2026-01-05 22:00:00;642.6200;1587.7300;1400.0100;554.4300;2388.0100;9065.7800;47.1100;522.0500;2388.0100;8140.9700;8.3809;391.0000;0.038834;-1.139536;0.001691;Healthy;WO862251;2,992.74
02-Jul-2026;ENG-043;115;2026-01-05 19:00:00;642.8200;1585.7000;1401.7900;553.2900;2388.0700;9051.3000;47.5000;521.5200;2388.0900;8139.1600;8.4273;392.0000;0.046013;-0.299054;0.002017;Healthy;WO998255;2914.94
2026/07/02;eng-082;85;2026-01-04 13:00:00;642.2800;1590.7900;1395.9400;554.0800;2388.0300;9060.8800;47.2400;521.6700;2388.0700;8143.2000;8.4364;392.0000;0.028401;-0.675435;0.002290;Healthy;WO793348;885.16
02-Jul-2026;ENG-034;98;2026-01-05 02:00:00;642.1300;1585.4500;1409.5100;553.9700;2387.9900;9065.8400;47.2500;522.2700;2388.0500;8145.4900;8.4161;394.0000;0.047164;-0.558028;0.003387;Healthy;WO884034;2,632.01
2026/07/02;ENG-046;83;2026-01-04 11:00:00;642.5400;1583.6200;1403.8000;553.1100;2388.0400;9069.3700;47.4000;521.6900;2388.0800;8147.0200;8.4146;393.0000;0.068619;-0.338912;0.002100;Healthy;WO817852;2080.42
2026/07/02;ENG-068;110;2026-01-05 14:00:00;642.4800;1585.3900;1404.7300;553.4000;2388.0900;9065.4900;47.4500;521.7100;2388.0600;8137.4700;8.4151;393.0000;0.048074;-0.375008;0.001794;Healthy;WO464290;1866.22
2026-07-02;  ENG-006 ;56;2026-01-03 08:00:00;642.7300;1587.6800;1410.7000;554.0400;2388.1000;9051.6300;47.3300;521.5200;2388.1100;8137.2500;8.4430;392.0000;0.029373;-0.329099;0.002303;Healthy;WO509763;367.12
2026-07-02;ENG-029;91;2026-01-04 19:00:00;642.2000;1582.0300;1407.4900;553.3100;2388.0800;9058.2400;47.3300;522.1600;2388.1300;8135.9100;8.4093;393.0000;0.025586;-0.565808;0.002618;Healthy;WO742278;1344.34
2026/07/02;ENG-083;48;2026-01-03 00:00:00;641.7900;1585.7000;1405.2500;554.1400;2388.0800;9059.6300;47.4000;521.9400;2388.0800;8141.8100;8.4272;391.0000;0.029233;-0.729727;0.002980;Healthy;WO574981;907.37
2026/07/02;ENG-035;70;2026-01-03 22:00:00;642.7100;1584.3900;1408.3800;553.8400;2388.1300;9056.8500;47.7000;521.1800;2388.1400;8141.0100;8.4656;393.0000;0.024097;0.141593;0.001597;Healthy;WO459107;2526.40
2026/07/02;ENG-096;34;2026-01-02 10:00:00;642.3200;1580.3600;1392.1500;553.9100;2388.0300;9069.4300;47.2200;522.2600;2388.0100;8149.5900;8.4256;391.0000;0.072235;-1.148439;0.002238;Healthy;WO168270;1,557.60
02-Jul-2026;  ENG-041 ;72;2026-01-04 00:00:00;642.3500;1583.3200;1404.5100;553.5400;2388.0400;9049.4300;47.3400;521.7800;2388.0400;8124.9300;8.4197;391.0000;0.015796;-0.603127;;healthy;WO256936;440.61
2026-07-02;ENG-098;64;2026-01-03 16:00:00;642.9800;1593.3900;1412.3000;553.8700;2388.0800;9064.5200;47.5200;521.5300;2388.0800;8143.9200;8.4206;393.0000;0.082923;0.044753;0.003339;warning;WO295046;11752.20
2026-07-02;ENG-060;51;2026-01-03 03:00:00;642.4900;1586.1700;1408.4800;553.3900;2388.1000;9053.6200;47.4600;521.6300;2388.0800;8133.5400;8.4104;393.0000;0.043101;-0.325989;0.002369;Healthy;WO976928;2942.21
2026-07-02;ENG-056;85;2026-01-04 13:00:00;642.9100;1596.4000;1414.7400;552.7700;2388.2200;9044.9000;47.7900;520.7000;2388.1800;8121.0700;8.4718;392.0000;-0.080209;0.595892;0.004590;Warning;WO646219;2,327.75
2026-07-02;ENG-034;126;2026-01-06 06:00:00;642.5400;1589.1500;1411.0600;554.3400;2388.0600;9064.3600;47.4000;521.6000;2388.0100;8139.3700;8.4252;393.0000;0.048170;-0.420910;0.002104;Healthy;WO875764;1,349.57
02-Jul-2026;ENG-007;62;2026-01-03 14:00:00;642.1400;1587.3300;1397.7300;554.7900;2388.0000;9051.7100;47.1400;522.4200;2387.9700;8141.5800;8.4258;392.0000;0.040099;-1.086182;0.001983;Healthy;WO862741;2651.03
2026-07-02;ENG-004;59;2026-01-03 11:00:00;642.8600;1589.7400;1405.1200;553.4900;2388.1700;9048.1500;47.5300;521.9400;2388.0700;8137.6300;8.4322;393.0000;0.051064;-0.091118;0.003553;Warning;WO746494;1,380.27
02-Jul-2026;ENG-060;56;2026-01-03 08:00:00;642.4000;1585.3300;1399.5800;554.2200;2388.0700;9052.7000;47.5400;521.7500;2388.0700;8133.4600;8.4224;393.0000;0.022042;-0.523907;0.003059;Healthy;WO955227;969.84
02-Jul-2026;ENG-062;111;2026-01-05 15:00:00;642.9200;1589.6400;1399.2800;554.0500;2388.0500;9062.9100;47.1800;522.6700;2388.0400;8143.4800;8.4166;393.0000;0.048998;-0.864377;0.002114;Healthy;WO562047;2558.14
02-Jul-2026;ENG-038;44;2026-01-02 20:00:00;642.1000;1585.8400;1410.4300;553.2900;2388.1100;9058.1600;47.5900;521.0300;2388.1200;8133.7400;8.4315;393.0000;0.020797;0.069870;;Healthy;WO984263;1,534.08
02-Jul-2026;ENG-003;67;2026-01-03 19:00:00;642.5800;1588.3800;1407.1900;553.5900;2388.1200;9050.1400;47.4900;521.1000;2388.0900;8129.9600;8.4270;394.0000;0.025689;-0.096289;0.001657;Healthy;WO253319;1003.26
2026-07-02;eng-087;34;2026-01-02 10:00:00;641.9500;1590.2600;1400.5000;554.4600;2388.0200;9061.0400;47.3100;522.4100;2388.0600;8142.5400;8.4084;391.0000;0.026556;-0.951178;0.003330;Healthy;WO747671;1094.19
2026-07-02;ENG-010;123;2026-01-06 03:00:00;641.9000;1585.1500;1401.1200;553.8100;2388.0100;9066.3000;47.1600;522.1900;2388.0400;8143.5800;8.4377;391.0000;0.040988;-0.996104;0.003117;Healthy;WO106950;2712.72
2026-07-02;eng-097;88;2026-01-04 16:00:00;641.9700;1588.5600;1407.3200;554.1100;2388.0100;9068.0900;47.4200;522.0000;2388.0500;8150.5400;8.4289;392.0000;0.062638;-0.558836;0.000488;Healthy;WO154380;2,893.46
02-Jul-2026;ENG-090;51;2026-01-03 03:00:00;642.1400;1587.7700;1410.4000;554.3300;2388.0800;9056.2600;47.5400;521.8800;2388.0400;8135.9000;8.4169;393.0000;0.041988;-0.561859;0.001381;Healthy;WO471082;950.35
2026-07-02;ENG-081;134;2026-01-06 14:00:00;642.6200;1591.8300;1403.5400;553.5700;2388.0800;9064.2100;47.6300;521.6300;2388.0700;8145.1200;8.4514;393.0000;0.092864;-0.093797;0.004756;Healthy;WO669497;902.30
2026/07/02;  ENG-099 ;41;2026-01-02 17:00:00;641.6700;1581.6300;1401.5800;555.6400;2387.9800;9071.7300;47.1700;522.9800;2387.9200;8145.3900;8.3741;391.0000;0.091124;-1.432422;0.017006;Healthy;WO117874;930.36
02-Jul-2026;ENG-076;109;2026-01-05 13:00:00;642.2100;1584.2400;1406.0100;553.5000;2388.0100;9064.1700;47.4200;521.7700;2388.0300;8148.9800;8.4015;392.0000;0.059383;-0.632940;0.002629;Healthy;WO286371;398.74
02-Jul-2026;ENG-055;64;2026-01-03 16:00:00;641.7600;1583.5500;1401.1600;554.3800;2388.0900;9055.4800;47.3300;522.0700;2388.0500;8133.8000;8.4027;391.0000;0.018223;-0.992450;0.001777;Healthy;WO439762;291.08
02-Jul-2026;eng-002;32;2026-01-02 08:00:00;642.7800;1594.3100;1416.9300;553.7800;2388.1600;9055.9000;47.5100;521.4800;2388.1100;8129.9200;8.4061;394.0000;0.003514;0.157662;0.002354;Healthy;WO939703;2525.40
2026/07/02;ENG-062;137;2026-01-06 17:00:00;642.4800;1590.4800;1394.3500;553.9100;2388.0200;9062.7700;47.1500;522.2600;2387.9800;8140.2600;8.3903;391.0000;0.056145;-1.109757;0.001582;Healthy;WO817515;1,963.20
02-Jul-2026;ENG-027;85;2026-01-04 13:00:00;642.5300;1589.5800;1398.7500;554.0700;2388.0700;9046.7900;47.2800;521.9500;2388.0600;8133.5000;8.4239;392.0000;-0.007709;-2.672420;;Healthy;WO769403;2,553.18
02-Jul-2026;  ENG-042 ;101;2026-01-05 05:00:00;642.3200;1596.0700;1404.3400;554.1100;2388.1300;9047.5900;47.2400;522.0400;2388.0400;8128.7100;8.4363;392.0000;0.022755;-0.456137;0.001558;Healthy;WO817325;686.47
02-Jul-2026;ENG-081;89;2026-01-04 17:00:00;642.5000;1588.5900;1400.4600;554.0200;2388.1100;9063.0100;47.4200;521.9400;2388.0900;8151.2100;8.4616;392.0000;0.049257;-0.517176;0.003030;healthy;WO699072;1282.33
02-Jul-2026;ENG-043;98;2026-01-05 02:00:00;642.5100;1584.2800;1401.1600;553.8000;2388.1000;9048.1000;47.4400;521.5600;2388.0500;8133.0000;8.4289;393.0000;0.030745;-0.395911;0.003193;Healthy;WO823237;1659.26
2026/07/02;eng-071;24;2026-01-02 00:00:00;641.7900;1594.8400;1396.8500;553.9700;2388.0500;9069.4000;47.0900;522.0600;2388.0200;8152.5500;8.4214;391.0000;0.049370;-0.842218;0.000880;healthy;WO923935;527.97
02-Jul-2026;  ENG-046 ;60;2026-01-03 12:00:00;642.7400;1592.3000;1405.3500;553.5700;2388.0200;9065.6800;47.2900;522.1100;2388.0300;8149.5600;8.4253;392.0000;0.063183;-0.626462;0.004590;Healthy;WO107806;601.93
2026/07/02;ENG-017;110;2026-01-05 14:00:00;642.3600;1590.8800;1401.0700;554.0100;2388.0500;9069.6100;47.2700;521.1400;2388.0400;8153.7100;8.4119;394.0000;0.048662;-0.585419;0.000488;Healthy;WO526017;459.80
2026/07/02;ENG-001;18;2026-01-01 18:00:00;642.5900;1586.5300;1403.6900;553.5000;2388.0400;9048.1200;47.4400;522.1400;2388.0600;8133.2200;8.4323;391.0000;0.026219;-0.683642;0.002595;Healthy;WO505514;1,724.12
02-Jul-2026;ENG-034;88;2026-01-04 16:00:00;641.8400;1581.1600;1398.3300;554.4400;2388.0200;9066.9800;47.3800;522.7400;2388.0000;8146.1400;8.4036;391.0000;0.070770;-1.213356;0.000488;HEALTHY;WO809639;275.37
2026-07-02;ENG-050;43;2026-01-02 19:00:00;642.1600;1586.5400;1396.2700;553.4100;2388.0400;9061.7400;47.3200;522.0000;2388.0300;8145.7500;8.4270;391.0000;0.036277;-0.887137;0.001811;Healthy;WO181978;2148.69
2026/07/02;  ENG-009 ;31;2026-01-02 07:00:00;642.7900;1589.9400;1411.5300;553.1300;2388.1400;9049.1700;47.5700;521.3300;2388.1100;8130.7300;8.4312;394.0000;-0.005285;0.252711;0.001386;Healthy;WO770302;2,758.53
02-Jul-2026;  ENG-100 ;69;2026-01-03 21:00:00;642.3100;1585.0000;1406.8000;554.4700;2388.0900;9055.0000;47.2900;522.1300;2388.0200;8141.4000;8.3997;390.0000;0.017004;-0.896722;0.001619;Healthy;WO730222;115.74
2026-07-02;ENG-013;78;2026-01-04 06:00:00;642.1400;1585.9700;1407.5100;554.7900;2388.0300;9059.1900;47.3100;522.2800;2388.0100;8138.7500;8.4064;392.0000;0.018963;-0.907760;0.002466;Healthy;WO195012;2,376.86
02-Jul-2026;ENG-089;62;2026-01-03 14:00:00;642.3300;1586.9000;1399.0300;553.0300;2388.1300;9051.0800;47.3500;521.4700;2388.0900;8132.0500;8.4326;392.0000;0.024352;-0.452488;0.002466;Healthy;WO557378;2,488.25
02-Jul-2026;ENG-024;73;2026-01-04 01:00:00;642.4600;1584.0800;1399.8800;554.6200;2387.9700;9072.6100;47.1800;522.4000;2388.0400;8147.5100;8.3792;390.0000;0.041959;-1.159661;0.001092;Healthy;WO415915;675.96
2026-07-02;ENG-082;56;2026-01-03 08:00:00;643.2200;1584.0300;1400.8400;553.6700;2388.0800;9065.8000;47.2500;522.0500;2388.0400;8147.3200;8.4159;392.0000;0.043988;-0.598471;0.000946;Healthy;WO953827;1772.59
02-Jul-2026;ENG-006;63;2026-01-03 15:00:00;642.7500;1586.7800;1404.0700;554.3100;2388.1100;9054.2800;47.5700;521.7900;2388.0500;8133.4800;8.4393;393.0000;0.048214;-0.197167;0.004486;Healthy;WO913450;2578.91
2026-07-02;  ENG-025 ;20;2026-01-01 20:00:00;642.2300;1581.2800;1399.1500;553.9000;2388.0800;9050.7600;47.1700;522.3200;2388.0200;8133.9900;8.4290;392.0000;0.021961;-2.612219;0.003010;Healthy;WO450167;1051.97
2026/07/02;ENG-089;85;2026-01-04 13:00:00;642.4000;1587.3300;1402.9800;553.2000;2388.0800;9043.4400;47.4600;522.1100;2388.1200;8124.3400;8.4285;393.0000;0.029709;-0.358090;0.002610;Warning;WO707421;2304.44
02-Jul-2026;eng-011;34;2026-01-02 10:00:00;642.4000;1584.5800;1405.2600;553.2300;2388.1700;9045.5000;47.5100;521.0400;2388.1200;8121.3300;8.4060;393.0000;-0.017547;-0.046518;0.005875;Healthy;WO813648;608.76
2026/07/02;  ENG-092 ;94;2026-01-04 22:00:00;643.0700;1597.3400;1407.9200;552.6600;2388.1700;9040.5400;47.6400;521.0100;2388.1200;8120.6500;8.4293;394.0000;-0.046792;0.366611;0.002781;Healthy;WO402337;582.01
02-Jul-2026;  ENG-029 ;84;2026-01-04 12:00:00;642.1900;1583.7300;1404.7500;553.5500;2388.0800;9055.8400;47.2800;521.8800;2388.0700;8139.5000;8.4155;390.0000;0.014521;-0.862994;0.003230;Healthy;WO631981;826.55
2026-07-02;  ENG-004 ;49;2026-01-03 01:00:00;642.1200;1587.9500;1403.7500;553.8400;2388.0900;9056.4700;47.3100;521.7800;2388.1400;8131.4300;8.4194;393.0000;0.023284;-0.422087;0.002090;Healthy;WO552494;2,267.63
02-Jul-2026;ENG-055;44;2026-01-02 20:00:00;641.8500;1587.9200;1402.1200;554.1600;2388.0700;9050.8300;47.2200;522.0900;2388.0600;8140.3200;8.3822;392.0000;-0.003945;-0.864485;0.002652;Healthy;WO362481;431.48
2026-07-02;  ENG-055 ;62;2026-01-03 14:00:00;642.0900;1586.7700;1398.3700;553.5200;2388.0200;9060.1700;47.2800;521.5300;2388.0000;8136.1500;8.3974;393.0000;0.027817;-0.805521;0.002211;Healthy;WO563037;1998.07
02-Jul-2026;  ENG-070 ;101;2026-01-05 05:00:00;642.3000;1585.3400;1407.7800;553.0800;2388.0700;9046.2900;47.5600;522.2000;2388.1200;8129.1000;8.4292;393.0000;0.050347;-0.176942;0.000677;Healthy;WO603444;
2026-07-02;ENG-052;70;2026-01-03 22:00:00;642.4100;1580.0500;1396.9000;554.5700;2388.0300;9054.4400;47.1400;522.1500;2387.9700;8138.0800;8.3777;391.0000;0.043493;-1.193912;0.001337;Healthy;WO817686;905.83
2026/07/02;  ENG-076 ;103;2026-01-05 07:00:00;641.8000;1589.7800;1401.1800;553.6800;2388.0400;9063.5600;47.2500;522.1100;2388.0500;8140.8700;8.4243;393.0000;0.036408;-0.818086;0.000946;Healthy;WO477357;1741.40
02-Jul-2026;ENG-059;47;2026-01-02 23:00:00;641.7500;1579.8400;1391.9600;554.6600;2388.0000;9055.8300;47.1900;521.9400;2388.0000;8138.2600;8.3759;394.0000;0.015287;-1.201742;0.006291;HEALTHY;WO647293;2414.00
02-Jul-2026;eng-032;73;2026-01-04 01:00:00;641.8800;1578.1600;1399.3600;555.2000;2387.9900;9074.1300;47.2800;522.1000;2387.9500;8157.2200;8.4026;393.0000;0.038617;-1.156575;0.002514;Healthy;WO747316;1592.03
2026-07-02;ENG-095;35;2026-01-02 11:00:00;642.6400;1594.6800;1398.7300;554.2400;2388.0600;9051.8900;47.2700;521.8200;2388.0500;8127.8000;8.4280;391.0000;0.000674;-2.657404;0.004143;Healthy;WO700844;1,723.80
2026-07-02;ENG-048;44;2026-01-02 20:00:00;643.2500;1586.2200;1407.4800;553.1400;2388.0500;9062.7500;47.4600;521.6700;2388.0800;8143.3200;8.4216;392.0000;0.075989;-0.119980;0.003684;Healthy;WO885199;350.92
2026-07-02;ENG-081;105;2026-01-05 09:00:00;642.5800;1587.0500;1403.4600;553.2100;2388.0800;9067.6100;47.4600;521.8000;2388.0600;8149.2800;8.3953;392.0000;0.067287;-0.404195;0.001036;healthy;WO502882;
02-Jul-2026;ENG-069;22;2026-01-01 22:00:00;642.3200;1587.1000;1410.3400;553.6100;2388.0700;9045.4200;47.3900;521.1600;2388.1000;8129.4400;8.4072;394.0000;0.028428;-0.162744;0.003914;healthy;WO904726;1082.88
2026-07-02;ENG-093;98;2026-01-05 02:00:00;642.9000;1592.9900;1407.4300;553.7300;2388.1200;9063.4700;47.6100;521.1800;2388.1000;8134.4300;8.4594;392.0000;0.026322;0.238052;0.000709;Healthy;WO881452;2290.10
2026/07/02;ENG-091;153;2026-01-07 09:00:00;642.5200;1597.4600;1418.0900;552.4200;2388.1200;9046.7100;47.6300;520.9900;2388.1300;8125.2100;8.4635;395.0000;-0.045857;0.573649;0.001021;HEALTHY;WO281204;2,796.36
2026-07-02;ENG-013;86;2026-01-04 14:00:00;642.3500;1579.2500;1395.3500;554.0700;2388.0300;9063.2000;47.3600;522.1600;2388.0600;8147.7100;8.4050;391.0000;0.049883;-1.098481;0.002990;Healthy;WO562586;402.96
2026-07-02;ENG-093;162;2026-01-07 18:00:00;643.3800;1593.8700;1408.3700;552.5000;2388.1000;9062.7200;47.6400;521.0400;2388.1300;8141.1900;8.4265;395.0000;0.027713;0.498159;0.002086;Warning;WO998517;928.24
02-Jul-2026;  ENG-024 ;101;2026-01-05 05:00:00;642.2200;1584.2300;1395.0600;554.1100;2388.0200;9071.6500;47.2700;522.7500;2387.9900;8152.0700;8.3805;393.0000;0.058872;-1.160068;0.000691;Healthy;WO967397;1,671.34
2026-07-02;ENG-059;34;2026-01-02 10:00:00;642.2400;1584.0600;1393.4700;554.8800;2387.9500;9049.3500;47.1300;522.2600;2388.0000;8144.5500;8.3898;393.0000;0.023766;-1.160872;0.000691;Healthy;WO891014;1308.74
2026/07/02;eng-089;78;2026-01-04 06:00:00;642.1400;1585.5700;1414.2700;554.0600;2388.1100;9053.6800;47.3600;522.3400;2388.1100;8127.9700;8.4167;394.0000;0.022572;-0.400405;;Healthy;WO313776;2,070.48
2026-07-02;ENG-030;58;2026-01-03 10:00:00;642.8500;1582.7200;1405.6200;553.3200;2388.0700;9040.7400;47.5000;521.7700;2388.1100;8127.4300;8.4594;392.0000;0.032952;-0.308534;0.001242;Healthy;WO462140;1,457.15
02-Jul-2026;ENG-071;41;2026-01-02 17:00:00;641.9800;1587.9500;1404.2300;553.8400;2388.0200;9067.0400;47.2600;522.3400;2388.0400;8148.1700;8.4204;391.0000;0.048082;-1.016671;0.001092;HEALTHY;WO594480;2432.81
2026/07/02;ENG-024;105;2026-01-05 09:00:00;642.2400;1585.6900;1403.2200;553.9700;2388.0200;9062.8800;47.2800;521.8200;2388.0100;8150.8500;8.4332;392.0000;0.045682;-0.759821;0.002128;healthy;WO300686;2,033.42
2026/07/02;ENG-091;138;2026-01-06 18:00:00;642.7100;1590.3600;1408.6500;553.2400;2388.2100;9045.9200;47.5200;521.0700;2388.1700;8134.3600;8.4264;392.0000;-0.022865;0.235873;0.003083;Healthy;WO210741;2912.98
02-Jul-2026;ENG-021;68;2026-01-03 20:00:00;642.4600;1581.1600;1395.6900;553.7200;2388.0800;9051.9800;47.1500;522.4600;2387.9700;8136.5700;8.3982;393.0000;0.039027;-1.020918;0.001424;Healthy;WO714980;2,489.73
02-Jul-2026;ENG-061;99;2026-01-05 03:00:00;642.7800;1579.7000;1400.5400;554.0100;2388.0500;9067.6000;47.2700;522.5900;2388.0800;8149.2700;8.4410;392.0000;0.041539;-0.811428;0.003059;healthy;WO655986;
2026/07/02;ENG-083;43;2026-01-02 19:00:00;642.0200;1586.2000;1401.2700;553.6200;2387.9800;9057.4200;47.3800;522.0100;2388.0200;8139.3700;8.4374;393.0000;0.040768;-0.740335;0.002490;Healthy;WO865856;76.09
02-Jul-2026;ENG-046;90;2026-01-04 18:00:00;642.4500;1584.1200;1408.2900;553.3000;2388.0700;9070.2100;47.5400;521.4000;2388.0400;8147.3700;8.4164;392.0000;0.076689;-0.268257;0.002470;Healthy;WO748317;547.62
2026/07/02;ENG-052;71;2026-01-03 23:00:00;642.0900;1586.7100;1398.3800;554.3100;2388.0500;9049.0700;47.1900;522.5000;2388.0400;8143.3300;8.4276;393.0000;0.040028;-1.057456;0.000977;Healthy;WO297378;2004.19
02-Jul-2026;ENG-008;108;2026-01-05 12:00:00;642.9100;1590.7700;1400.0200;553.3700;2388.0900;9048.7600;47.4700;521.5800;2388.0700;8133.7600;8.4352;393.0000;0.055920;-0.078378;0.001280;Healthy;WO410040;1024.96
2026-07-02;  ENG-054 ;54;2026-01-03 06:00:00;642.3300;1582.8400;1393.2700;554.6700;2388.0600;9047.0400;47.1600;522.7400;2387.9900;8137.9700;8.3727;391.0000;0.052448;-1.202927;0.000691;healthy;WO483665;815.96
2026-07-02;ENG-097;69;2026-01-03 21:00:00;642.5500;1587.4600;1398.2800;554.2900;2388.0700;9062.9700;47.2900;522.0300;2388.0600;8151.8700;8.4123;392.0000;0.025527;-0.825772;0.000000;Healthy;WO680938;856.51
2026-07-02;  ENG-031 ;112;2026-01-05 16:00:00;642.1700;1589.3200;1408.7700;553.4300;2388.0500;9078.6200;47.3900;521.7700;2388.1000;8148.4500;8.4252;391.0000;0.074292;-0.436067;0.005535;Healthy;WO146372;1165.38
02-Jul-2026;  ENG-066 ;70;2026-01-03 22:00:00;642.2300;1594.5900;1408.4200;554.2200;2388.0700;9061.9500;47.6100;521.5500;2388.0900;8145.0600;8.4759;392.0000;0.082448;-0.030294;0.003527;Warning;WO553926;24826.08
2026/07/02;ENG-038;56;2026-01-03 08:00:00;642.9400;1596.4800;1412.2100;553.2100;2388.1700;9053.8400;47.7100;521.1700;2388.1200;8137.4300;8.4797;393.0000;0.003791;0.415761;0.004994;Healthy;WO703104;2,310.13
2026/07/02;ENG-068;119;2026-01-05 23:00:00;642.6200;1598.4000;1399.4700;552.5400;2388.1200;9055.8200;47.5000;521.0500;2388.1100;8140.9700;8.4734;393.0000;0.040871;0.344162;0.001047;Healthy;WO113298;1564.86
02-Jul-2026;ENG-035;81;2026-01-04 09:00:00;642.3600;1596.0100;1420.6400;553.5300;2388.1200;9056.5600;47.5200;521.3500;2388.0700;8136.6800;8.4320;394.0000;0.035011;0.082481;0.002778;Healthy;WO594058;1612.88
02-Jul-2026;ENG-081;96;2026-01-05 00:00:00;642.4300;1585.1600;1400.0600;554.2900;2388.0700;9075.7200;47.3600;521.8200;2387.9900;8154.6200;8.4647;393.0000;0.061535;-0.705371;0.002831;Healthy;WO862704;575.23
2026/07/02;ENG-017;107;2026-01-05 11:00:00;642.1700;1589.8300;1405.3700;553.2600;2388.0200;9083.5000;47.5200;521.5000;2388.0000;8158.6500;8.4282;392.0000;0.102699;-0.399868;0.003868;Warning;WO857708;5,552.72
02-Jul-2026;ENG-092;89;2026-01-04 17:00:00;642.4500;1589.6400;1406.6000;553.3900;2388.1500;9042.4200;47.6500;520.6800;2388.1700;8125.4100;8.4260;394.0000;-0.043802;0.197556;0.006157;Healthy;WO386205;1198.34
2026/07/02;ENG-035;92;2026-01-04 20:00:00;642.9400;1588.0500;1415.3000;553.3800;2388.1200;9058.6200;47.5000;520.7500;2388.1800;8133.7900;8.4441;393.0000;-0.011573;0.337896;0.002790;Healthy;WO387551;842.14
02-Jul-2026;eng-093;101;2026-01-05 05:00:00;642.4700;1586.0900;1410.2800;552.9500;2388.0900;9049.4600;47.4400;521.1400;2388.0600;8142.3200;8.4585;392.0000;0.055702;-0.016394;0.001513;healthy;WO863943;2,427.69
2026/07/02;ENG-096;58;2026-01-03 10:00:00;642.2700;1587.1700;1396.1300;553.7600;2388.0000;9063.5100;47.1200;522.0000;2387.9800;8154.0200;8.4064;390.0000;0.067977;-1.104330;0.001983;healthy;WO245919;
2026-07-02;ENG-094;73;2026-01-04 01:00:00;642.9100;1589.9000;1408.8600;553.3300;2388.1500;9054.7900;47.6700;522.0800;2388.1100;8141.9200;8.4223;393.0000;0.050225;0.137791;0.001555;Warning;WO668330;1813.98
2026/07/02;ENG-091;152;2026-01-07 08:00:00;642.8300;1599.2200;1411.8400;552.8400;2388.2100;9048.5400;47.6700;520.9800;2388.1200;8124.9200;8.4182;395.0000;-0.056083;0.555610;0.002013;Healthy;WO881984;631.45
2026/07/02;ENG-029;105;2026-01-05 09:00:00;642.0300;1578.8300;1398.7000;554.2900;2388.0500;9055.3200;47.3300;521.9800;2388.0300;8144.1900;8.4083;393.0000;0.024565;-0.950713;0.002367;Healthy;WO694725;2,799.46
2026/07/02;  ENG-076 ;95;2026-01-04 23:00:00;642.1100;1587.9100;1403.5000;554.3500;2388.0400;9060.0100;47.3800;522.3000;2387.9700;8144.3000;8.4433;391.0000;0.058926;-0.851249;0.002329;healthy;WO397852;615.36
2026-07-02;  ENG-073 ;70;2026-01-03 22:00:00;642.8000;1583.7900;1397.1800;554.2700;2388.0400;9053.3100;47.2100;522.4000;2388.0600;8133.8100;8.3978;393.0000;0.009721;-1.000391;0.002561;Healthy;WO477418;2,987.53
02-Jul-2026;eng-066;52;2026-01-03 04:00:00;642.4200;1581.8500;1408.5000;554.0700;2388.0700;9061.3000;47.6800;521.2500;2388.1300;8142.3900;8.4052;393.0000;0.046412;-0.254821;0.000988;Warning;WO889873;1733.94
2026/07/02;eng-028;106;2026-01-05 10:00:00;642.4600;1589.1400;1412.0800;553.7300;2388.1400;9052.3800;47.4900;521.4200;2388.1100;8135.9100;8.4252;393.0000;0.027231;0.003192;0.001498;Healthy;WO242849;1924.53
02-Jul-2026;ENG-040;56;2026-01-03 08:00:00;642.5900;1595.6600;1408.0800;553.1900;2388.1100;9061.2100;47.5300;521.3400;2388.1100;8137.9000;8.4696;393.0000;0.047389;0.208031;0.003711;Healthy;WO172183;1069.34
02-Jul-2026;ENG-090;79;2026-01-04 07:00:00;642.1100;1588.3600;1404.3700;553.4100;2388.0800;9066.3000;47.5100;520.9900;2388.0900;8138.8300;8.4237;393.0000;0.063053;-0.206669;0.001920;HEALTHY;WO752035;1155.84
2026-07-02;ENG-053;109;2026-01-05 13:00:00;642.4800;1592.6600;1404.2200;553.0400;2388.0500;9075.0200;47.4700;522.1900;2388.0100;8141.1100;8.4409;393.0000;0.087377;-0.349296;0.003601;Healthy;WO611695;2124.62
02-Jul-2026;eng-093;104;2026-01-05 08:00:00;642.6400;1592.0400;1406.6600;552.9800;2388.1300;9058.6100;47.6100;520.8700;2388.1700;8140.4100;8.4344;393.0000;0.026276;0.258106;0.001750;Warning;WO987018;24,888.22
02-Jul-2026;ENG-092;73;2026-01-04 01:00:00;642.4500;1587.9100;1412.6300;553.8300;2388.0900;9040.0000;47.6500;521.1500;2388.1700;8121.6800;8.4678;394.0000;-0.036270;0.168391;0.004362;Healthy;WO908365;595.97
02-Jul-2026;ENG-041;45;2026-01-02 21:00:00;642.1700;1589.2200;1401.3400;554.4200;2388.0100;9057.2000;47.3500;522.5000;2388.0100;8131.6400;8.4196;391.0000;0.040276;-1.016822;0.000846;Healthy;WO332904;
2026-07-02;  ENG-064 ;105;2026-01-05 09:00:00;642.5100;1590.7300;1408.9100;554.0500;2388.0600;9055.9300;47.5700;521.5100;2388.1400;8137.3200;8.4327;393.0000;0.057556;-0.049993;0.001858;HEALTHY;WO766067;337.54
2026/07/02;  ENG-011 ;38;2026-01-02 14:00:00;642.9100;1587.3100;1408.4900;553.2000;2388.1300;9039.7000;47.7100;521.6100;2388.0900;8118.2300;8.4369;393.0000;-0.024927;0.157790;0.001851;Healthy;WO800606;1711.94
2026/07/02;ENG-093;138;2026-01-06 18:00:00;643.0000;1585.6500;1406.0600;553.8100;2388.0800;9058.4100;47.6700;521.1400;2388.0800;8139.8800;8.4719;394.0000;0.036669;0.176782;0.002632;Healthy;WO173260;2159.65
2026-07-02;ENG-034;130;2026-01-06 10:00:00;642.1700;1586.9400;1410.7200;553.7400;2388.1100;9060.9600;47.0800;521.9700;2388.0500;8138.7900;8.4059;391.0000;0.016282;-0.631383;0.003117;Healthy;WO767706;2185.45
2026-07-02;eng-095;56;2026-01-03 08:00:00;642.0600;1582.3100;1400.3000;553.1800;2388.0500;9045.5800;47.3700;522.1100;2388.0800;8129.8200;8.3649;391.0000;0.005212;-0.975162;0.000880;Healthy;WO308584;787.22
2026-07-02;ENG-041;82;2026-01-04 10:00:00;642.6400;1587.6400;1397.0800;554.2100;2388.0900;9044.6400;47.4100;521.7100;2388.0900;8130.2700;8.4214;391.0000;0.009299;-0.559841;0.002342;Healthy;WO938334;1,598.38
2026-07-02;ENG-008;58;2026-01-03 10:00:00;642.3900;1591.1400;1409.7300;553.7700;2388.1200;9045.2200;47.3400;521.7500;2388.1300;8127.4600;8.4271;393.0000;0.026777;-0.160429;0.002499;Healthy;WO884673;727.49
2026/07/02;ENG-072;68;2026-01-03 20:00:00;642.7500;1593.7200;1400.4200;553.8000;2388.0000;9062.4600;47.3700;521.7600;2388.0100;8142.6500;8.3892;392.0000;0.047444;-0.643402;0.002006;Healthy;WO105131;2,636.12
02-Jul-2026;ENG-013;107;2026-01-05 11:00:00;642.2700;1588.0200;1402.9500;555.2200;2388.0200;9060.4200;47.2300;522.4500;2388.0400;8142.0500;8.4051;392.0000;0.015461;-1.044356;0.002264;Healthy;WO406733;1,801.46
02-Jul-2026;ENG-081;103;2026-01-05 07:00:00;642.6200;1583.6100;1397.9600;553.3700;2388.0100;9064.9200;47.3500;521.7900;2388.0000;8149.9300;8.4371;392.0000;0.056652;-0.634478;0.000732;Healthy;WO654596;1043.04
2026-07-02;ENG-011;46;2026-01-02 22:00:00;642.6200;1601.8400;1409.4500;553.9300;2388.1500;9036.8200;47.5900;521.5900;2388.1800;8113.2500;8.4345;392.0000;-0.034334;0.154806;0.003848;Healthy;WO543182;1,284.28
02-Jul-2026;ENG-066;87;2026-01-04 15:00:00;642.5800;1590.4400;1412.0800;553.4800;2388.0500;9073.5100;47.5500;520.9400;2388.0800;8150.6900;8.4434;396.0000;0.069761;0.257412;0.003939;Warning;WO864744;5436.64
2026/07/02;  ENG-081 ;136;2026-01-06 16:00:00;642.7100;1590.8000;1409.6100;553.3400;2388.1100;9068.2300;47.3200;521.3400;2388.0600;8149.8500;8.4241;394.0000;0.074058;-0.158648;0.002012;Healthy;WO236314;2,402.05
2026/07/02;ENG-059;40;2026-01-02 16:00:00;641.9200;1579.8200;1396.2400;554.1200;2388.0000;9051.5300;47.1900;522.7300;2387.9700;8141.4700;8.4179;390.0000;0.066008;-1.235729;0.002043;Healthy;WO242133;2,045.33
2026/07/02;ENG-092;97;2026-01-05 01:00:00;642.6600;1584.6200;1406.0800;552.8800;2388.1900;9040.5000;47.7600;521.0700;2388.1700;8118.3200;8.4470;393.0000;-0.060190;0.260985;0.006703;Healthy;WO135942;2,943.31
02-Jul-2026;eng-020;119;2026-01-05 23:00:00;642.6900;1582.9100;1408.1300;553.5600;2388.1000;9063.4000;47.3400;521.7600;2388.0600;8145.2900;8.4580;393.0000;0.068575;-0.224286;0.001196;HEALTHY;WO218415;562.67
02-Jul-2026;ENG-028;100;2026-01-05 04:00:00;642.6500;1586.3900;1410.0000;553.2100;2388.1000;9052.5400;47.6000;521.5600;2388.0900;8134.6800;8.4742;395.0000;0.035256;0.078874;0.000849;Healthy;WO264509;982.29
2026-07-02;ENG-056;48;2026-01-03 00:00:00;643.1300;1588.4400;1411.9800;553.4600;2388.1300;9050.1400;47.4800;521.2800;2388.1800;8128.3000;8.4529;393.0000;-0.009782;0.202543;0.000592;Healthy;WO323887;1,827.23
02-Jul-2026;ENG-006;41;2026-01-02 17:00:00;642.3700;1589.0900;1407.8100;553.4600;2388.1200;9047.5500;47.4200;521.5500;2388.1000;8137.0800;8.3876;393.0000;0.030409;-0.365820;0.001119;Healthy;WO717286;1748.38
2026-07-02;ENG-060;75;2026-01-04 03:00:00;642.6700;1588.6800;1402.8500;553.8700;2388.1300;9056.4300;47.3700;521.2700;2388.0800;8136.5900;8.4315;391.0000;0.037350;-0.239754;0.001844;Healthy;WO456178;2199.51
2026-07-02;eng-017;92;2026-01-04 20:00:00;641.9700;1595.3000;1404.1700;554.7500;2387.9700;9072.2000;47.2000;522.0000;2388.0000;8153.9500;8.3884;392.0000;0.039749;-0.987370;0.002641;healthy;WO544195;1,743.24
2026-07-02;ENG-069;25;2026-01-02 01:00:00;642.1400;1593.8200;1402.9000;553.2900;2388.0300;9049.3800;47.4400;522.0000;2388.1200;8126.1700;8.4638;393.0000;0.041065;-0.388002;0.000503;healthy;WO998290;1,903.64
2026-07-02;ENG-030;56;2026-01-03 08:00:00;642.5500;1591.0800;1401.2700;553.1600;2388.0900;9040.0000;47.3700;521.0200;2388.1200;8126.5400;8.4449;394.0000;0.016329;-0.083741;0.003601;Healthy;WO482951;285.08
2026-07-02;ENG-052;109;2026-01-05 13:00:00;642.1700;1583.9500;1394.9900;554.3400;2387.9900;9064.1100;47.0600;522.3800;2387.9600;8146.7300;8.4144;392.0000;0.060173;-1.209374;0.001891;Healthy;WO903563;
2026/07/02;ENG-062;90;2026-01-04 18:00:00;642.4900;1590.2600;1405.8500;554.2200;2388.0100;9053.3800;47.3100;522.5800;2388.0900;8134.2400;8.3745;391.0000;0.004309;-1.013598;0.003030;Healthy;WO528064;1258.91
02-Jul-2026;  ENG-006 ;55;2026-01-03 07:00:00;643.3600;1593.1600;1406.0200;553.1600;2388.0600;9061.8700;47.4300;521.4700;2388.1100;8133.4500;8.4110;393.0000;0.066441;-0.048642;0.001385;Healthy;WO502600;2967.05
02-Jul-2026;ENG-018;83;2026-01-04 11:00:00;642.5100;1593.3700;1402.2500;554.0800;2388.0100;9059.2800;47.5000;521.5300;2388.0600;8148.2800;8.4347;393.0000;0.077868;-0.203037;0.002632;Healthy;WO333784;2,761.42
2026-07-02;ENG-084;93;2026-01-04 21:00:00;642.5600;1594.5800;1400.9100;553.6000;2388.1200;9057.7100;47.3100;521.2100;2388.1200;8134.7800;8.4435;392.0000;0.052027;-0.194834;0.000821;Healthy;WO266881;933.66
2026-07-02;ENG-090;64;2026-01-03 16:00:00;642.4100;1591.7500;1412.0400;554.3800;2388.0600;9054.9300;47.4100;521.2400;2388.1400;8133.1200;8.4451;393.0000;0.038391;-0.079236;0.002660;Healthy;WO341165;718.20
2026-07-02;ENG-074;84;2026-01-04 12:00:00;642.0100;1592.4800;1404.2200;553.5500;2388.1000;9055.7400;47.5500;521.7200;2388.0700;8138.9900;8.4111;392.0000;0.053364;-0.386359;0.001827;healthy;WO588842;1,223.73
02-Jul-2026;ENG-081;87;2026-01-04 15:00:00;642.0500;1591.6800;1399.6200;553.5400;2388.0600;9064.8700;47.1800;522.3200;2388.0300;8146.7500;8.4065;393.0000;0.045738;-0.943423;0.000598;Healthy;WO625334;2,536.52
2026-07-02;ENG-065;43;2026-01-02 19:00:00;642.1500;1586.7500;1399.6000;554.3000;2387.9900;9056.0900;46.9900;522.4100;2387.9600;8146.4300;8.4309;390.0000;0.033359;-2.562390;0.003719;Healthy;WO824705;1203.89
2026-07-02;ENG-086;70;2026-01-03 22:00:00;642.1300;1594.3200;1404.7900;553.9400;2388.0900;9060.4000;47.5000;521.6800;2388.1100;8145.0300;8.4185;391.0000;0.058582;-0.358850;0.002271;Healthy;WO799521;573.78
02-Jul-2026;ENG-072;57;2026-01-03 09:00:00;641.6900;1582.7700;1407.7400;553.9700;2388.0100;9066.3700;47.5500;522.2600;2388.0200;8141.2800;8.4383;392.0000;0.045985;-0.826955;0.000691;Healthy;WO488988;2,794.19
2026-07-02;ENG-039;15;2026-01-01 15:00:00;642.1100;1584.5600;1398.2600;554.0100;2388.0000;9054.1000;47.3700;521.9300;2388.0700;8139.2800;8.3992;392.0000;0.019632;-0.885954;0.001092;Healthy;WO389166;153.00
02-Jul-2026;  ENG-032 ;50;2026-01-03 02:00:00;642.4100;1584.3500;1398.4700;554.2900;2387.9900;9064.2700;47.0800;522.8300;2387.9900;8153.5500;8.3818;390.0000;0.033973;-2.655646;0.003967;Healthy;WO190147;954.39
2026-07-02;ENG-070;78;2026-01-04 06:00:00;642.2600;1595.1700;1399.7000;553.9400;2388.1400;9055.3400;47.4100;521.2000;2388.0400;8129.3800;8.4147;392.0000;0.030041;-0.423642;0.001381;Healthy;WO398969;2028.36
02-Jul-2026;ENG-018;53;2026-01-03 05:00:00;642.1000;1589.7800;1396.1900;553.6800;2387.9900;9072.0500;47.2600;522.0200;2388.0100;8146.1700;8.3910;392.0000;0.054254;-1.058768;0.002584;Healthy;WO154322;970.86
02-Jul-2026;  ENG-036 ;52;2026-01-03 04:00:00;643.2800;1586.7700;1410.8600;552.5700;2388.1000;9062.4700;47.5300;520.9400;2388.1400;8139.9300;8.4317;391.0000;0.032505;0.320913;0.000386;Warning;WO404912;2,777.98
2026-07-02;  ENG-006 ;47;2026-01-02 23:00:00;642.3000;1589.1500;1403.8700;553.3700;2388.1000;9054.8500;47.3300;521.3800;2388.0700;8133.5800;8.4323;392.0000;0.036239;-0.306363;0.001269;Healthy;WO120993;2,890.89
02-Jul-2026;ENG-008;76;2026-01-04 04:00:00;642.9800;1586.7500;1410.0600;553.6100;2388.0300;9048.0400;47.3400;521.4000;2388.2100;8129.8400;8.4289;390.0000;0.015086;-0.371216;0.007536;Healthy;WO985715;2262.44
2026-07-02;ENG-066;57;2026-01-03 09:00:00;642.2800;1586.8900;1405.3800;553.6200;2388.0900;9061.7700;47.5700;521.2100;2388.0500;8139.7700;8.4757;392.0000;0.064767;-0.046861;0.001645;Healthy;WO531929;2,426.45
02-Jul-2026;ENG-012;116;2026-01-05 20:00:00;642.1700;1578.6400;1402.5300;554.5600;2387.9500;9058.4600;47.2300;522.0500;2388.0400;8146.3900;8.4017;392.0000;-0.007819;-2.628362;0.004834;HEALTHY;WO939624;720.89
02-Jul-2026;ENG-010;94;2026-01-04 22:00:00;642.1300;1580.9900;1400.6700;554.7700;2388.0100;9055.1200;47.2600;521.8200;2388.0600;8139.8300;8.4140;393.0000;0.008069;-1.062368;0.001922;Healthy;WO680628;433.86
2026/07/02;eng-064;77;2026-01-04 05:00:00;642.3300;1589.6200;1405.5200;553.7200;2388.0900;9063.9200;47.4500;521.5900;2388.0900;8139.5100;8.4161;394.0000;0.051899;-0.336142;0.002142;Healthy;WO975204;653.82
2026-07-02;ENG-100;115;2026-01-05 19:00:00;642.4000;1587.2000;1396.7300;553.9900;2388.0700;9066.2900;47.4200;522.0900;2388.0700;8148.5300;8.4174;393.0000;0.047342;-0.697668;0.002142;healthy;WO901935;742.51
2026-07-02;ENG-045;90;2026-01-04 18:00:00;642.7500;1587.1400;1415.0500;553.4200;2388.1100;9057.9100;47.7400;521.9000;2388.1200;8135.3700;8.4222;392.0000;0.043221;0.103575;0.002279;Healthy;WO679606;2135.39
02-Jul-2026;eng-086;62;2026-01-03 14:00:00;642.4700;1590.9900;1402.2700;554.1100;2388.1000;9059.9200;47.3000;521.7100;2388.0300;8141.6800;8.4195;393.0000;0.036248;-0.518633;0.000930;Healthy;WO654403;1,626.93
2026/07/02;ENG-075;43;2026-01-02 19:00:00;642.7600;1578.2700;1396.7200;554.3400;2388.0000;9059.1000;47.5100;521.5900;2388.0100;8139.0500;8.4359;392.0000;0.023852;-0.780960;0.001292;Healthy;WO353493;803.50
02-Jul-2026;ENG-058;92;2026-01-04 20:00:00;642.5000;1589.8500;1404.0200;554.2800;2388.0600;9042.4100;47.4500;521.6400;2388.1100;8131.9000;8.3913;393.0000;0.012691;-0.486430;0.001171;Healthy;WO785931;
2026-07-02;ENG-099;58;2026-01-03 10:00:00;642.0500;1584.9600;1398.6000;554.6200;2388.0200;9053.0200;47.1400;521.8800;2388.0000;8140.0200;8.3941;391.0000;0.022869;-1.094786;0.002762;Healthy;WO556982;312.05
2026/07/02;ENG-091;90;2026-01-04 18:00:00;642.5100;1595.9400;1400.7500;552.8100;2388.1400;9060.4600;47.6000;521.1900;2388.1700;8127.9800;8.4336;394.0000;0.016598;0.276706;0.001272;Warning;WO493912;24,636.74
2026-07-02;ENG-019;52;2026-01-03 04:00:00;642.1100;1591.4500;1394.2900;554.3400;2388.0500;9055.9600;47.2500;522.1000;2388.0500;8133.4200;8.4071;390.0000;0.020689;-1.046517;0.003010;Healthy;WO479922;2168.74
2026/07/02;ENG-093;129;2026-01-06 09:00:00;642.9100;1595.5100;1414.0900;553.4400;2388.1000;9058.9400;47.8100;520.9400;2388.1100;8139.3200;8.4429;394.0000;0.014825;0.372473;0.003523;Warning;WO813023;12,036.79
2026-07-02;ENG-014;30;2026-01-02 06:00:00;642.5500;1585.1800;1410.1500;553.2600;2388.1300;9035.7500;47.5600;521.0100;2388.1600;8123.6500;8.4605;394.0000;-0.035663;0.090654;0.004592;Healthy;WO359289;
02-Jul-2026;eng-065;26;2026-01-02 02:00:00;642.1900;1581.0200;1395.2000;554.9600;2388.0100;9076.2000;47.1200;522.2300;2388.0500;8158.2700;8.3941;393.0000;-0.013298;-2.672239;0.004883;Healthy;WO706292;
2026/07/02;  ENG-007 ;74;2026-01-04 02:00:00;642.0100;1591.2900;1402.7800;554.4700;2387.9900;9061.2400;47.3300;522.4500;2388.0500;8140.8800;8.4235;391.0000;0.024818;-1.011420;0.001465;Healthy;WO487390;2076.20
2026/07/02;ENG-036;74;2026-01-04 02:00:00;642.7300;1590.8600;1413.7200;552.6600;2388.1700;9065.4200;47.6400;520.8200;2388.0800;8143.4400;8.4400;394.0000;0.001103;0.555887;0.005718;HEALTHY;WO266606;1,100.86
2026-07-02;ENG-012;122;2026-01-06 02:00:00;642.6300;1584.2700;1397.4900;554.4000;2388.0500;9063.0600;47.2600;521.9800;2388.0400;8135.4700;8.4243;393.0000;0.016517;-0.725931;0.004522;healthy;WO750278;1,715.75
2026/07/02;ENG-039;24;2026-01-02 00:00:00;642.1700;1583.9900;1406.9600;554.3400;2388.0100;9058.3000;47.2400;522.3400;2387.9900;8144.2900;8.4077;392.0000;0.028103;-0.983029;0.001444;healthy;WO965344;1550.77
2026/07/02;ENG-065;45;2026-01-02 21:00:00;641.8600;1587.4900;1401.4800;554.6000;2387.9800;9062.6400;47.2600;522.7000;2387.9800;8149.3100;8.3653;390.0000;0.061727;-1.237070;0.001656;Healthy;WO536995;1270.34
02-Jul-2026;eng-016;57;2026-01-03 09:00:00;642.4500;1584.7400;1394.8700;554.9400;2388.0300;9048.6600;47.2300;522.0800;2388.0400;8127.8200;8.4009;392.0000;0.024920;-1.121482;0.001292;Healthy;WO804321;1808.11
02-Jul-2026;ENG-030;68;2026-01-03 20:00:00;642.4400;1587.8400;1405.2300;553.4900;2388.1100;9037.4100;47.3500;521.0900;2388.1000;8128.9000;8.4673;394.0000;0.002099;-0.045849;0.003946;Healthy;WO551071;2558.52
02-Jul-2026;ENG-040;46;2026-01-02 22:00:00;643.2600;1587.6500;1409.0700;553.2100;2388.0900;9057.8200;47.4300;521.2700;2388.1100;8135.6700;8.3982;392.0000;0.052453;0.052124;0.001137;Healthy;WO157738;789.58
2026-07-02;  ENG-094 ;49;2026-01-03 01:00:00;642.7600;1595.6700;1401.8200;553.3100;2388.0700;9058.9400;47.6500;521.4000;2388.0800;8133.7900;8.4352;394.0000;0.062696;0.090118;0.000438;Healthy;WO329923;1,960.76
2026/07/02;ENG-077;66;2026-01-03 18:00:00;642.2300;1591.6800;1402.2400;554.2500;2388.0500;9055.4900;47.3000;521.9400;2388.0200;8134.3100;8.3818;391.0000;0.014173;-0.926530;0.000000;Healthy;WO566117;1,876.48
02-Jul-2026;ENG-078;47;2026-01-02 23:00:00;642.7100;1582.4500;1395.5500;554.2100;2387.9700;9056.8700;47.2200;522.4700;2387.9900;8141.1800;8.4040;391.0000;0.056008;-1.133577;0.002290;healthy;WO577865;509.76
2026-07-02;ENG-090;53;2026-01-03 05:00:00;642.4000;1592.8500;1409.2100;553.7600;2388.0400;9050.7200;47.4900;521.6600;2388.0400;8127.9800;8.4148;392.0000;0.048350;-0.327692;0.002008;Healthy;WO250320;2734.77
2026-07-02;ENG-048;44;2026-01-02 20:00:00;643.2500;1586.2200;1407.4800;553.1400;2388.0500;9062.7500;47.4600;521.6700;2388.0800;8143.3200;8.4216;392.0000;0.075989;-0.119980;0.003684;Healthy;WO885199;350.92
2026-07-02;ENG-089;104;2026-01-05 08:00:00;643.0000;1583.9000;1412.7000;553.4500;2388.1600;9045.8900;47.3700;521.8200;2388.1700;8128.3500;8.4375;393.0000;0.014776;-0.070966;0.003364;Healthy;WO409899;2,664.94
2026-07-02;ENG-003;61;2026-01-03 13:00:00;642.2600;1594.7600;1408.8800;553.7400;2388.1200;9049.6400;47.5900;521.1900;2388.0800;8135.7000;8.4224;395.0000;0.019726;0.097862;0.000323;Healthy;WO736249;148.44
2026-07-02;ENG-064;96;2026-01-05 00:00:00;642.5100;1593.1600;1404.7200;553.8100;2388.0800;9060.4400;47.5600;521.6800;2388.0800;8135.4400;8.4583;392.0000;0.074920;-0.059478;0.000422;healthy;WO486609;2515.56
2026-07-02;  ENG-092 ;82;2026-01-04 10:00:00;642.4300;1597.2000;1413.4700;552.7800;2388.1000;9039.2600;47.6800;521.6900;2388.1400;8120.2000;8.4304;393.0000;-0.016938;0.234210;0.002473;Healthy;WO708713;1,865.07
2026/07/02;  ENG-081 ;124;2026-01-06 04:00:00;643.2200;1588.5100;1400.7700;553.6200;2388.0200;9069.8900;47.6700;521.9000;2388.0800;8146.9300;8.4238;394.0000;0.084475;-0.189732;0.001770;Warning;WO101291;24081.45
02-Jul-2026;ENG-088;42;2026-01-02 18:00:00;642.9700;1587.9800;1403.7500;553.2200;2388.1000;9035.2600;47.4900;521.2400;2388.1800;8126.8500;8.4367;394.0000;-0.003654;0.008723;0.002192;Healthy;WO381265;1260.42
02-Jul-2026;ENG-035;91;2026-01-04 19:00:00;643.1500;1592.4300;1411.6500;552.5000;2388.1300;9055.8600;47.4500;521.6900;2388.1300;8135.9700;8.4770;394.0000;0.029557;0.368879;0.002221;Healthy;WO315571;2346.62
2026/07/02;ENG-026;46;2026-01-02 22:00:00;642.4300;1586.6400;1403.5000;554.5800;2388.0800;9066.1600;47.2300;522.2000;2388.0000;8142.2700;8.3979;391.0000;0.030036;-1.001407;0.001337;Healthy;WO898885;83.74
02-Jul-2026;ENG-100;114;2026-01-05 18:00:00;642.2100;1583.1700;1398.2400;553.9300;2388.0800;9064.9700;47.3100;522.2000;2388.0500;8146.3700;8.4234;393.0000;0.035832;-0.768892;0.001875;Healthy;WO654557;609.41
02-Jul-2026;ENG-017;75;2026-01-04 03:00:00;642.1400;1583.4400;1406.1000;553.9200;2388.0000;9066.7200;47.3500;522.2200;2388.0300;8156.3800;8.4142;391.0000;0.058479;-0.718883;0.000000;healthy;WO184886;2496.84
2026/07/02;ENG-029;101;2026-01-05 05:00:00;642.4500;1591.8100;1403.8700;553.5700;2388.0900;9059.8500;47.5600;522.1000;2388.0300;8139.3900;8.4275;392.0000;0.067513;-0.446254;0.001450;Healthy;WO812324;2,916.96
2026-07-02;ENG-056;68;2026-01-03 20:00:00;642.1800;1592.9900;1417.0300;551.7200;2388.1300;9032.8900;47.6800;521.0600;2388.1100;8129.2500;8.4748;393.0000;-0.047424;0.496641;;Warning;WO122511;23,326.50
02-Jul-2026;eng-029;98;2026-01-05 02:00:00;642.6800;1590.5500;1400.4700;555.1200;2388.0000;9062.7500;47.2000;521.9600;2388.0400;8143.8600;8.4035;391.0000;0.026541;-0.887892;0.002114;HEALTHY;WO138984;2565.10
2026-07-02;ENG-088;29;2026-01-02 05:00:00;642.5000;1594.8300;1407.1400;552.6300;2388.2000;9043.7400;47.5800;521.4900;2388.1300;8117.5300;8.3956;393.0000;-0.016983;0.085433;0.003061;healthy;WO413679;749.08
02-Jul-2026;ENG-099;60;2026-01-03 12:00:00;642.1500;1577.0700;1396.6100;554.5500;2388.0100;9062.1500;47.1600;522.8100;2388.0500;8145.6000;8.3978;394.0000;-0.004025;-2.696646;0.006730;Healthy;WO110239;791.51
2026/07/02;eng-060;66;2026-01-03 18:00:00;642.8300;1588.7700;1408.3100;553.9400;2388.0600;9057.8800;47.6100;521.7200;2388.0300;8129.8800;8.4257;393.0000;0.056244;-0.260767;0.000449;healthy;WO264255;1,966.71
02-Jul-2026;eng-080;61;2026-01-03 13:00:00;642.3000;1582.9400;1408.9900;553.8600;2388.1000;9060.7200;47.4300;521.5800;2388.0800;8142.3700;8.4057;392.0000;0.033073;-0.442436;0.002146;Healthy;WO775595;2724.72
02-Jul-2026;ENG-096;57;2026-01-03 09:00:00;642.2900;1593.1600;1408.1500;555.4000;2387.9900;9073.2600;47.3600;522.3000;2388.0700;8154.5300;8.3807;392.0000;0.023679;-0.888952;0.001983;Healthy;WO600959;249.30
2026/07/02;ENG-064;68;2026-01-03 20:00:00;642.9900;1588.7800;1413.3400;553.5100;2388.0700;9060.0100;47.4700;522.4300;2387.9900;8133.5400;8.4381;393.0000;0.065810;-0.378282;0.000366;Healthy;WO877657;2362.64
2026-07-02;ENG-010;74;2026-01-04 02:00:00;642.1500;1588.0100;1404.2400;554.1300;2388.0100;9056.7400;47.2600;521.8800;2388.0000;8143.7900;8.3967;391.0000;0.037254;-1.027082;0.001859;Healthy;WO768476;317.15
2026-07-02;ENG-059;33;2026-01-02 09:00:00;641.8500;1584.6100;1404.0700;554.4000;2388.0100;9061.2800;47.1200;522.3600;2388.0200;8137.3300;8.4193;392.0000;0.046535;-1.176315;0.000598;Healthy;WO520284;1645.84
02-Jul-2026;ENG-020;106;2026-01-05 10:00:00;642.3900;1587.2100;1399.9800;554.0500;2388.0800;9064.8000;47.5200;521.2700;2388.0200;8139.6900;8.4376;393.0000;0.053703;-0.312173;0.001617;Healthy;WO502075;548.65
2026-07-02;  ENG-086 ;73;2026-01-04 01:00:00;642.5000;1580.3000;1410.9000;553.6500;2388.1000;9063.3400;47.6600;522.1600;2388.0600;8142.1300;8.4611;394.0000;0.072623;-0.200669;0.000579;Healthy;WO709815;1,955.63
02-Jul-2026;ENG-094;55;2026-01-03 07:00:00;642.6000;1582.6300;1411.6700;552.9400;2388.1000;9054.4500;47.3300;521.6300;2388.1800;8140.4400;8.4157;395.0000;0.042008;0.013482;0.000921;HEALTHY;WO996455;570.51
2026/07/02;ENG-035;75;2026-01-04 03:00:00;642.8000;1590.6800;1412.9400;552.9900;2388.1100;9049.9900;47.3800;521.6600;2388.1400;8137.7100;8.4553;393.0000;0.034872;0.146673;0.003183;Healthy;WO356851;334.94
02-Jul-2026;eng-086;69;2026-01-03 21:00:00;642.6300;1589.4000;1409.6600;553.6500;2388.1000;9063.4700;47.5800;521.7200;2388.1200;8139.6300;8.4322;392.0000;0.073976;-0.028750;0.001185;Healthy;WO918146;1899.60
2026/07/02;ENG-013;124;2026-01-06 04:00:00;642.1400;1593.5500;1410.1700;553.7600;2388.0500;9062.0600;47.4400;522.2600;2388.0300;8144.9800;8.3910;394.0000;0.071190;-0.469458;0.002490;Healthy;WO988614;2,779.46
2026-07-02;ENG-057;64;2026-01-03 16:00:00;642.5900;1586.3400;1398.0300;553.3600;2388.1600;9051.6900;47.2300;521.4900;2388.1000;8129.1600;8.4000;393.0000;0.004600;-0.439136;0.004717;healthy;WO142070;388.45
02-Jul-2026;ENG-073;59;2026-01-03 11:00:00;642.1100;1580.0900;1401.6100;554.7300;2388.0200;9055.7800;47.3000;522.0600;2388.0700;8134.0400;8.3848;392.0000;-0.000764;-1.012707;0.007389;Healthy;WO974332;1,912.60
02-Jul-2026;ENG-037;79;2026-01-04 07:00:00;642.1100;1583.6600;1408.2100;554.3900;2388.1100;9053.6400;47.3600;522.1700;2388.1300;8129.3400;8.4221;393.0000;0.004940;-0.636016;0.002423;Warning;WO283893;10,901.59
2026/07/02;ENG-075;51;2026-01-03 03:00:00;642.0600;1587.3200;1398.5600;554.0500;2388.0000;9056.1000;47.2100;522.1800;2388.0100;8141.3600;8.4254;391.0000;0.055237;-1.054901;0.000846;Healthy;WO950657;113.85
2026-07-02;ENG-008;64;2026-01-03 16:00:00;642.3000;1592.0600;1404.8200;553.9700;2388.1100;9057.7600;47.3800;521.6000;2388.0300;8132.5700;8.4200;392.0000;0.037092;-0.444573;0.002674;Healthy;WO891418;1,716.93
02-Jul-2026;  ENG-008 ;82;2026-01-04 10:00:00;642.2500;1585.6100;1404.2100;553.2500;2388.1300;9050.1700;47.6300;521.3700;2388.1100;8127.3800;8.4198;392.0000;0.041284;-0.202698;0.002395;Healthy;WO737003;1244.41
02-Jul-2026;ENG-079;41;2026-01-02 17:00:00;642.5400;1593.1700;1409.4500;553.4300;2388.0300;9051.3100;47.3600;522.0000;2388.0500;8136.7000;8.4141;391.0000;0.032600;-0.650912;0.002816;Warning;WO201229;6020.63
2026-07-02;ENG-017;59;2026-01-03 11:00:00;642.2600;1583.1300;1404.3400;554.8100;2387.9900;9064.2600;47.5100;522.4100;2388.0000;8151.1400;8.4013;393.0000;0.044556;-0.937685;0.000977;Healthy;WO101375;1847.20
02-Jul-2026;ENG-052;125;2026-01-06 05:00:00;642.2900;1585.9400;1396.7100;554.3400;2388.0100;9065.3800;46.9900;522.0700;2388.0200;8148.7000;8.3948;392.0000;-0.016177;-2.620180;0.002674;Healthy;WO182320;
2026/07/02;ENG-023;66;2026-01-03 18:00:00;642.6900;1578.6600;1399.2400;554.6800;2388.0500;9053.1400;47.3000;522.7800;2388.0000;8132.5600;8.4123;392.0000;0.041128;-1.039153;0.000000;HEALTHY;WO832590;1487.78
02-Jul-2026;  ENG-031 ;98;2026-01-05 02:00:00;642.4800;1583.7600;1408.0100;553.6400;2388.0500;9077.2400;47.3300;522.1700;2388.0100;8144.9600;8.4327;393.0000;0.064254;-0.581577;0.003365;healthy;WO119373;1,218.92
2026-07-02;ENG-071;36;2026-01-02 12:00:00;642.0700;1593.5400;1397.8300;554.1600;2388.0000;9065.6800;47.1400;521.7400;2388.0600;8147.0000;8.3966;391.0000;0.032546;-1.094900;0.000691;Healthy;WO447399;77.43
02-Jul-2026;ENG-027;59;2026-01-03 11:00:00;642.1600;1588.1200;1401.8200;554.6600;2387.9800;9045.9000;47.2500;522.1500;2388.0600;8134.0300;8.4105;393.0000;0.017063;-1.049464;0.001691;Healthy;WO312150;
02-Jul-2026;ENG-013;85;2026-01-04 13:00:00;642.4200;1589.3500;1394.5000;553.8600;2387.9900;9061.0800;47.2300;521.8900;2388.0200;8136.1900;8.4297;392.0000;0.044411;-0.911901;0.001292;Healthy;WO735336;
02-Jul-2026;ENG-034;117;2026-01-05 21:00:00;642.2600;1582.5700;1405.8500;553.5900;2387.9900;9066.2500;47.4400;521.8700;2388.0700;8140.8300;8.4179;392.0000;0.036689;-0.719286;0.000732;HEALTHY;WO732950;2430.92
02-Jul-2026;ENG-099;37;2026-01-02 13:00:00;641.3000;1581.6900;1393.5700;554.8800;2387.9800;9064.2600;47.2500;522.8600;2387.9900;8140.5200;8.3752;393.0000;0.055219;-2.648150;0.005900;Healthy;WO537571;391.44
2026/07/02;ENG-028;68;2026-01-03 20:00:00;642.0000;1589.7600;1401.4400;554.4800;2388.0900;9051.5500;47.3500;521.8100;2388.0700;8124.9400;8.4474;392.0000;0.006625;-0.775174;0.003248;healthy;WO108545;1654.06
2026-07-02;  ENG-091 ;126;2026-01-06 06:00:00;642.3200;1596.3000;1409.6400;553.8500;2388.1100;9053.2900;47.8300;521.0300;2388.1200;8132.9700;8.4296;391.0000;0.014089;0.187958;;Healthy;WO669060;342.54
2026-07-02;ENG-090;85;2026-01-04 13:00:00;642.4300;1589.9500;1409.9900;552.3100;2388.1200;9055.3700;47.3600;521.5600;2388.1300;8141.7100;8.4564;393.0000;0.063147;0.078108;0.002490;Healthy;WO541372;148.11
2026-07-02;ENG-080;83;2026-01-04 11:00:00;642.0800;1584.1700;1396.1100;553.8600;2388.0500;9068.5500;47.4000;521.8100;2388.1200;8140.0900;8.4144;393.0000;0.026137;-0.669916;0.000897;Healthy;WO388326;2,438.06
2026-07-02;ENG-084;102;2026-01-05 06:00:00;642.6900;1587.6200;1406.9700;552.9000;2388.0900;9057.0300;47.4000;521.9000;2388.0500;8132.5400;8.3949;393.0000;0.056148;-0.225667;0.000740;Healthy;WO494967;893.61
02-Jul-2026;ENG-018;80;2026-01-04 08:00:00;642.6500;1588.9800;1404.7900;552.8200;2388.0100;9059.1200;47.4400;522.6300;2388.0600;8143.4000;8.4146;392.0000;0.061285;-0.619484;0.002821;Healthy;WO912454;
2026/07/02;eng-098;76;2026-01-04 04:00:00;642.7500;1586.6400;1407.1200;553.3300;2388.1100;9053.9200;47.4600;521.7600;2388.0500;8138.1300;8.4428;394.0000;0.060378;-0.071377;0.004384;Healthy;WO120988;749.28
02-Jul-2026;ENG-066;96;2026-01-05 00:00:00;642.7300;1593.1600;1406.9200;553.4700;2388.0700;9065.4300;47.6200;521.7400;2388.1200;8149.8900;8.4427;394.0000;0.086991;0.151202;0.002393;Warning;WO585013;19,803.63
2026/07/02;ENG-029;110;2026-01-05 14:00:00;641.9200;1593.9700;1402.5000;554.0700;2388.0200;9061.0300;47.3000;521.7000;2388.0700;8144.2900;8.4692;391.0000;0.042578;-0.681408;0.002354;HEALTHY;WO450600;2,526.57
2026/07/02;ENG-010;66;2026-01-03 18:00:00;641.6900;1588.5800;1406.9000;554.1100;2388.0500;9060.6100;47.1500;522.3800;2388.0600;8143.4700;8.4266;392.0000;0.020557;-0.941511;0.002525;Healthy;WO716551;1394.19
2026/07/02;ENG-025;24;2026-01-02 00:00:00;642.0900;1580.1000;1399.9100;553.6800;2388.0700;9047.1900;47.3600;521.2000;2388.0800;8130.1900;8.3971;394.0000;-0.001629;-0.606962;0.006010;healthy;WO870951;1154.20
2026-07-02;ENG-098;75;2026-01-04 03:00:00;642.2800;1594.4900;1400.8600;554.0900;2388.0500;9057.6600;47.4200;521.3900;2388.1000;8140.0100;8.3860;391.0000;0.034418;-0.543709;0.001036;Healthy;WO431566;
2026-07-02;ENG-074;61;2026-01-03 13:00:00;642.7500;1592.6100;1404.7000;553.2400;2388.0400;9059.8300;47.3800;521.6500;2388.1100;8140.8500;8.4212;395.0000;0.062722;-0.187337;0.000666;Warning;WO694200;2,623.39
2026/07/02;ENG-058;65;2026-01-03 17:00:00;642.3300;1585.7100;1405.8900;553.7300;2388.0800;9056.0500;47.1900;521.8300;2388.0400;8131.8000;8.4502;392.0000;0.020044;-0.555851;0.001402;Healthy;WO564044;2987.50
2026-07-02;ENG-034;124;2026-01-06 04:00:00;642.5900;1587.9800;1405.5400;554.2000;2388.0000;9065.8100;47.3400;522.1300;2388.0700;8145.4700;8.3819;392.0000;0.025909;-0.874812;0.000880;Healthy;WO342282;2485.99
2026/07/02;ENG-029;86;2026-01-04 14:00:00;642.6700;1583.9100;1397.2800;554.0200;2388.0600;9055.8000;47.2600;522.3300;2388.0500;8139.8400;8.4111;393.0000;0.029584;-0.848809;0.001843;Healthy;WO276640;2680.17
2026-07-02;ENG-063;67;2026-01-03 19:00:00;642.5700;1596.9700;1407.3300;553.8000;2388.0400;9051.0000;47.6900;521.3800;2388.0300;8134.8900;8.4117;392.0000;0.071601;-0.065727;0.000937;Warning;WO146287;20308.38
2026-07-02;ENG-079;59;2026-01-03 11:00:00;642.3700;1585.0900;1398.5000;554.7500;2388.0800;9052.2400;47.1700;521.7100;2388.1200;8136.5000;8.4009;392.0000;-0.018993;-0.899882;0.010800;Healthy;WO826545;2,758.64
02-Jul-2026;ENG-011;32;2026-01-02 08:00:00;642.2600;1600.7200;1402.6200;552.8200;2388.1700;9030.6800;47.5600;520.7200;2388.1200;8115.7700;8.4551;392.0000;-0.057085;0.278375;0.004684;Warning;WO295795;
2026-07-02;ENG-029;82;2026-01-04 10:00:00;641.6800;1583.9300;1400.0600;553.9400;2388.0200;9052.1200;47.2500;522.3000;2388.0400;8139.4400;8.4266;393.0000;0.020681;-0.977456;0.000546;Healthy;WO950951;494.71
02-Jul-2026;ENG-019;86;2026-01-04 14:00:00;641.9800;1589.7200;1402.7500;554.6100;2388.0400;9058.5800;47.2300;521.7600;2388.0400;8136.3100;8.3929;393.0000;-0.010389;-2.657101;0.005074;Healthy;WO540602;2,595.84
2026-07-02;ENG-041;49;2026-01-03 01:00:00;642.1800;1578.2100;1403.9200;554.3300;2388.0300;9044.7500;47.2000;522.2400;2388.0400;8128.1600;8.4266;393.0000;-0.004734;-0.957294;0.001922;healthy;WO943680;1048.29
2026/07/02;ENG-070;54;2026-01-03 06:00:00;642.4100;1582.9600;1403.7400;553.8000;2388.1100;9053.2400;47.3400;522.1600;2388.1100;8126.8500;8.4360;392.0000;0.011488;-0.622975;0.000000;Healthy;WO961668;2,472.07
2026-07-02;  ENG-097 ;71;2026-01-03 23:00:00;642.2700;1579.3700;1407.5500;554.2600;2388.0000;9072.5000;47.3300;521.7400;2388.0300;8149.6900;8.4176;392.0000;0.032946;-0.737910;0.003303;Healthy;WO783715;2202.16
2026/07/02;ENG-057;61;2026-01-03 13:00:00;642.2200;1588.6300;1402.6500;554.1600;2388.0600;9054.7900;47.1900;521.4700;2388.1300;8130.1600;8.4199;393.0000;0.008364;-0.489686;0.004576;Healthy;WO985632;
02-Jul-2026;ENG-031;104;2026-01-05 08:00:00;642.6400;1595.9300;1406.7100;553.2800;2388.0100;9066.6700;47.5000;521.9200;2388.0500;8148.1700;8.4501;392.0000;0.096306;-0.168733;0.005524;Healthy;WO991091;1775.72
2026/07/02;ENG-074;90;2026-01-04 18:00:00;643.0300;1591.7000;1405.1600;553.8000;2388.0700;9061.5100;47.4300;522.3100;2388.1100;8144.1400;8.4476;394.0000;0.067348;-0.179770;0.001837;Healthy;WO253043;1129.43
2026/07/02;ENG-065;28;2026-01-02 04:00:00;641.4300;1579.7100;1393.7800;555.0300;2388.0100;9064.6800;47.0000;522.5400;2387.9900;8153.1700;8.4210;390.0000;0.068820;-1.426226;0.001381;HEALTHY;WO896536;
2026-07-02;ENG-005;63;2026-01-03 15:00:00;642.3400;1584.2600;1409.2500;554.4700;2388.1200;9056.5800;47.3900;521.1600;2388.1900;8127.7400;8.4506;393.0000;0.008966;-0.099591;0.002286;Healthy;WO689522;2551.20
2026-07-02;  ENG-052 ;112;2026-01-05 16:00:00;642.2600;1582.6300;1406.7500;554.9500;2388.0100;9060.8200;47.3400;522.7500;2388.0300;8141.0500;8.4339;394.0000;0.010668;-0.967572;0.003365;Healthy;WO695306;
2026-07-02;ENG-019;64;2026-01-03 16:00:00;642.6200;1584.1100;1403.8600;554.2600;2388.0500;9057.7800;47.3200;521.9800;2388.0600;8135.2500;8.4247;392.0000;0.018586;-0.700693;0.001769;Healthy;WO180437;1076.34
02-Jul-2026;ENG-007;72;2026-01-04 00:00:00;642.1300;1582.6200;1395.8800;554.9200;2388.0000;9055.1200;47.2900;522.5800;2388.0000;8140.3800;8.3806;391.0000;0.050441;-1.266620;0.004326;Healthy;WO376257;2,086.21
02-Jul-2026;ENG-077;103;2026-01-05 07:00:00;642.1500;1581.7100;1398.3400;554.2000;2388.1000;9046.0900;47.4700;521.8900;2388.1200;8134.4000;8.4268;393.0000;0.012620;-0.534924;0.001991;Healthy;WO184539;1500.36
02-Jul-2026;ENG-089;80;2026-01-04 08:00:00;642.1900;1594.3400;1406.0100;553.2100;2388.1200;9047.2500;47.5900;521.4400;2388.0900;8125.1600;8.4481;392.0000;0.010141;0.100852;0.001759;Healthy;WO566677;2861.90
02-Jul-2026;ENG-093;152;2026-01-07 08:00:00;642.6300;1588.1900;1417.6300;553.1600;2388.1900;9062.4100;47.6400;521.3100;2388.1300;8145.3900;8.4514;393.0000;0.024057;0.303945;;Healthy;WO313487;1901.46
02-Jul-2026;eng-007;78;2026-01-04 06:00:00;641.9700;1587.6500;1393.9700;554.1100;2387.9800;9059.4500;47.2200;522.2000;2388.0100;8141.1200;8.3665;390.0000;0.042543;-1.182651;0.000772;Healthy;WO988164;1,441.70
02-Jul-2026;ENG-031;108;2026-01-05 12:00:00;642.2900;1592.6600;1404.2400;553.7500;2388.0700;9072.8900;47.3800;522.1000;2388.0500;8150.2700;8.4213;393.0000;0.067099;-0.528288;0.000992;Healthy;WO420822;2,273.57
2026-07-02;ENG-093;144;2026-01-07 00:00:00;642.4800;1587.6500;1411.8200;553.1500;2388.1000;9059.7600;47.5100;521.6600;2388.1400;8137.9900;8.4116;394.0000;0.049964;0.028109;0.002166;warning;WO311751;20524.58
2026/07/02;ENG-068;94;2026-01-04 22:00:00;642.7500;1585.5100;1403.9600;553.6500;2388.0400;9063.4800;47.3800;521.7400;2388.0300;8140.4100;8.4421;392.0000;0.056114;-0.443517;0.000585;Healthy;WO484207;1,249.66
2026/07/02;ENG-059;43;2026-01-02 19:00:00;642.7600;1585.9100;1400.7600;554.5000;2388.0100;9058.1700;47.2200;522.7000;2387.9600;8136.5400;8.3811;392.0000;0.046946;-1.065324;0.001036;healthy;WO888007;657.10
02-Jul-2026;ENG-082;84;2026-01-04 12:00:00;642.2300;1585.4900;1410.1200;554.5100;2388.0400;9065.1700;47.5400;522.1300;2388.0800;8141.3600;8.3597;395.0000;0.041846;-0.561976;0.001424;Healthy;WO488965;2,709.95
2026-07-02;ENG-008;101;2026-01-05 05:00:00;642.5300;1592.1700;1412.1900;553.6400;2388.1600;9050.2200;47.4700;521.8000;2388.1000;8129.3300;8.4687;392.0000;0.028906;-0.011276;0.003358;Healthy;WO780440;1,479.05
2026/07/02;ENG-095;54;2026-01-03 06:00:00;642.1300;1579.8800;1398.9700;554.1100;2388.0100;9055.2200;47.2900;522.5100;2388.0200;8131.6100;8.3984;393.0000;0.022525;-0.991746;0.001811;Healthy;WO437155;996.82
02-Jul-2026;  ENG-024 ;108;2026-01-05 12:00:00;642.3700;1582.7500;1405.5400;554.3800;2387.9600;9074.4600;47.2100;522.4100;2388.0400;8155.8000;8.3785;393.0000;0.021807;-0.980151;0.001859;Healthy;WO866633;2307.44
02-Jul-2026;eng-012;133;2026-01-06 13:00:00;641.4000;1582.2400;1396.8200;554.0600;2388.0500;9061.5300;47.2400;521.8500;2387.9900;8141.3400;8.4289;392.0000;0.041171;-1.074608;0.000598;Healthy;WO424553;85.00
2026/07/02;ENG-083;29;2026-01-02 05:00:00;642.3800;1587.2500;1397.4900;553.7400;2388.0900;9060.2400;47.3400;522.0000;2388.0500;8137.3200;8.4137;391.0000;0.016648;-0.752781;0.000423;Healthy;WO677675;1213.69
2026/07/02;ENG-038;53;2026-01-03 05:00:00;643.2600;1595.1800;1407.3600;552.9700;2388.1700;9050.0700;47.5400;521.6700;2388.1200;8134.2500;8.4419;395.0000;0.006612;0.339409;0.002676;Healthy;WO738693;1828.69
02-Jul-2026;  ENG-018 ;59;2026-01-03 11:00:00;642.5500;1584.6500;1402.5100;554.4200;2388.0000;9060.1700;47.3600;521.6700;2388.0200;8146.5200;8.4482;393.0000;0.044239;-0.675788;0.000598;Healthy;WO412597;1,969.91
2026-07-02;  ENG-061 ;71;2026-01-03 23:00:00;641.9400;1587.2900;1402.3900;554.3000;2388.0200;9062.5000;47.2000;522.3200;2388.0900;8152.2200;8.4036;391.0000;0.033203;-1.062898;0.000977;Healthy;WO146594;1409.85
02-Jul-2026;ENG-043;113;2026-01-05 17:00:00;642.4800;1590.7000;1406.2100;553.6400;2388.0800;9057.1000;47.4500;521.7900;2388.1000;8132.7800;8.4494;393.0000;0.047343;-0.288168;0.002457;Healthy;WO336246;1,734.65
02-Jul-2026;ENG-061;76;2026-01-04 04:00:00;642.3600;1598.0200;1401.0400;553.9500;2388.0000;9065.2800;47.3300;522.3300;2388.0000;8154.9700;8.3905;392.0000;0.054170;-0.806615;0.004765;Healthy;WO503179;1,754.20
02-Jul-2026;ENG-078;41;2026-01-02 17:00:00;642.3500;1582.5500;1394.8500;554.5800;2388.0500;9050.6200;47.2900;522.2000;2388.0200;8143.7300;8.3908;391.0000;0.028245;-1.019074;0.000488;Healthy;WO647072;290.32
2026-07-02;ENG-068;107;2026-01-05 11:00:00;643.0600;1589.8300;1405.2800;553.4700;2388.0800;9060.3000;47.4900;522.1600;2388.0600;8138.0400;8.4022;394.0000;0.067817;-0.318235;0.000546;Healthy;WO678213;2,548.32
2026-07-02;ENG-083;37;2026-01-02 13:00:00;641.9100;1586.4300;1404.8700;553.4600;2388.0700;9057.0000;47.4800;521.9300;2388.0200;8140.3700;8.4541;392.0000;0.045694;-0.667831;0.000299;Healthy;WO587450;722.08
2026-07-02;ENG-071;35;2026-01-02 11:00:00;641.9200;1587.8100;1392.3700;554.1900;2387.9800;9062.0300;47.3400;521.7500;2388.0500;8147.6900;8.4290;393.0000;0.042852;-0.857799;0.001998;Healthy;WO333744;803.76
2026-07-02;eng-052;106;2026-01-05 10:00:00;641.9400;1581.6100;1400.3400;555.1300;2388.0700;9065.5100;47.2300;522.5900;2387.9800;8145.2600;8.3662;392.0000;0.036457;-1.208283;0.001337;Healthy;WO449501;557.88
2026/07/02;ENG-048;28;2026-01-02 04:00:00;642.8100;1585.0600;1403.7000;554.1300;2388.0300;9057.4200;47.4400;521.6600;2388.0700;8140.6300;8.4034;392.0000;0.037367;-0.561826;0.001515;Healthy;WO580658;803.02
02-Jul-2026;ENG-068;80;2026-01-04 08:00:00;643.0400;1586.6800;1403.7800;554.3300;2388.0500;9058.6700;47.4100;522.0100;2388.0500;8143.8900;8.4226;393.0000;0.048808;-0.450889;0.001972;healthy;WO682753;1303.00
02-Jul-2026;ENG-071;27;2026-01-02 03:00:00;642.7500;1588.5300;1401.6800;553.9700;2388.0300;9073.5000;47.2400;522.1200;2388.0200;8151.1600;8.4096;391.0000;0.057807;-0.701057;0.002691;healthy;WO171851;1,572.61
2026-07-02;  ENG-043 ;75;2026-01-04 03:00:00;642.3300;1586.7800;1407.6900;553.4000;2388.0700;9047.5500;47.4500;521.9900;2388.0900;8125.3100;8.3813;391.0000;0.015031;-0.541551;0.002006;healthy;WO637811;1148.73
02-Jul-2026;ENG-004;43;2026-01-02 19:00:00;642.6400;1589.8500;1413.2400;553.1200;2388.1300;9050.5800;47.5600;521.7300;2388.0900;8137.9100;8.4401;392.0000;0.064668;-0.115726;0.000646;Healthy;WO782693;1215.43
02-Jul-2026;ENG-082;55;2026-01-03 07:00:00;643.2100;1592.6300;1400.3300;554.1800;2388.0700;9055.4000;47.4700;522.1500;2387.9900;8150.0800;8.4055;391.0000;0.061867;-0.483452;;Warning;WO367861;
2026/07/02;ENG-052;77;2026-01-04 05:00:00;642.5100;1578.2100;1402.4800;554.1000;2388.0200;9053.5100;47.0700;522.1900;2388.0300;8131.9100;8.3832;391.0000;0.038632;-1.192698;0.001245;Healthy;WO157311;483.78
2026/07/02;  ENG-013 ;70;2026-01-03 22:00:00;641.9500;1587.9800;1404.2500;554.4000;2387.9600;9062.3100;47.1600;522.2000;2388.0200;8148.4600;8.3626;392.0000;0.021944;-1.082241;0.002128;Healthy;WO803744;836.42
2026-07-02;ENG-082;92;2026-01-04 20:00:00;642.5800;1589.3400;1407.4600;553.5300;2388.0500;9061.8000;47.4700;521.5500;2388.0500;8138.4000;8.4034;393.0000;0.059479;-0.369721;0.002024;Healthy;WO282761;824.55
2026/07/02;ENG-086;52;2026-01-03 04:00:00;641.9600;1589.3100;1394.3200;553.4300;2388.0900;9061.3400;47.2800;521.6600;2388.0900;8149.5000;8.4408;394.0000;0.049959;-0.493359;0.002218;Healthy;WO511058;1,692.35
02-Jul-2026;ENG-073;73;2026-01-04 01:00:00;642.3700;1579.5000;1394.0800;554.1300;2388.0200;9058.5800;47.2100;522.2600;2388.0100;8137.1000;8.4241;391.0000;0.049931;-1.162682;0.001544;Healthy;WO394986;500.73
02-Jul-2026;ENG-048;40;2026-01-02 16:00:00;642.4300;1594.5500;1401.1800;553.2100;2388.1000;9048.4500;47.4300;522.1600;2388.0700;8133.9000;8.4140;394.0000;0.053475;-0.151417;0.001716;Healthy;WO342291;2662.43
2026/07/02;ENG-091;112;2026-01-05 16:00:00;642.6300;1591.3500;1412.8900;552.3800;2388.1300;9046.4600;47.8500;521.4700;2388.1300;8128.7400;8.4377;394.0000;-0.010914;0.376744;0.004503;Healthy;WO539639;177.89
02-Jul-2026;ENG-051;75;2026-01-04 03:00:00;642.6900;1583.0000;1402.9600;553.6400;2388.1200;9051.5600;47.3400;521.9100;2388.0700;8131.1600;8.4263;393.0000;0.023586;-0.417245;0.004621;Healthy;WO554877;2658.64
02-Jul-2026;ENG-074;75;2026-01-04 03:00:00;642.7200;1585.2000;1408.5300;553.3800;2388.0300;9064.6700;47.3700;521.8500;2388.0400;8132.3700;8.4413;393.0000;0.061873;-0.255708;0.001075;Healthy;WO781722;2818.82
2026-07-02;ENG-012;135;2026-01-06 15:00:00;642.3600;1584.2800;1397.7800;554.6600;2388.1200;9057.5900;47.3800;521.9600;2388.0500;8138.9300;8.3756;390.0000;0.015535;-0.998685;0.000488;healthy;WO794693;1721.40
02-Jul-2026;  ENG-044 ;24;2026-01-02 00:00:00;642.3400;1585.5600;1399.8100;554.2500;2388.0300;9058.0000;47.3000;521.8200;2388.0900;8139.1200;8.4313;392.0000;0.017134;-0.713841;0.001794;Healthy;WO544762;1,225.37
2026-07-02;  ENG-057 ;71;2026-01-03 23:00:00;642.0800;1588.4600;1401.7000;553.9800;2388.1000;9054.3300;47.3500;521.6000;2388.0900;8129.1700;8.4378;392.0000;0.016302;-0.565236;0.000669;Healthy;WO274263;2,325.06
2026-07-02;ENG-034;85;2026-01-04 13:00:00;642.3100;1577.7600;1397.2000;554.6100;2388.0300;9072.3100;47.1900;522.3300;2387.9800;8147.6900;8.4060;393.0000;0.042768;-0.987530;0.001525;Healthy;WO164220;
2026/07/02;eng-035;78;2026-01-04 06:00:00;643.2200;1584.5300;1413.3500;553.8900;2388.1700;9061.2800;47.5100;521.3100;2388.0900;8137.8300;8.4288;394.0000;0.006286;0.222723;0.002906;healthy;WO400733;2,380.58
2026/07/02;  ENG-052 ;74;2026-01-04 02:00:00;641.9500;1583.0200;1403.0800;554.2700;2388.0000;9059.1000;47.1100;522.0900;2387.9600;8141.0300;8.3930;392.0000;0.033639;-2.595557;0.003906;Healthy;WO430972;2283.00
02-Jul-2026;ENG-047;26;2026-01-02 02:00:00;642.5400;1591.7800;1413.0600;552.9200;2388.1400;9046.5800;47.6700;521.7700;2388.0800;8125.0400;8.4359;393.0000;0.013147;0.095421;0.002320;Healthy;WO887769;2060.36
2026/07/02;ENG-100;100;2026-01-05 04:00:00;642.6200;1587.3200;1392.1000;554.4800;2388.0400;9066.4500;47.2800;522.1700;2388.0500;8143.4700;8.4119;393.0000;0.044617;-0.855233;0.001245;Healthy;WO403716;768.24
02-Jul-2026;ENG-062;132;2026-01-06 12:00:00;642.2200;1585.5200;1406.8000;554.3200;2388.0400;9057.6900;47.2400;522.1000;2388.0400;8134.2600;8.4285;393.0000;0.017560;-0.718256;0.000977;Healthy;WO319142;1959.60
2026-07-02;  ENG-024 ;67;2026-01-03 19:00:00;642.1900;1589.8600;1391.4700;554.6100;2387.9500;9067.4000;47.1100;522.2600;2388.0200;8147.4000;8.4118;392.0000;0.050817;-1.146747;0.002514;Healthy;WO318442;1,787.84
02-Jul-2026;ENG-094;56;2026-01-03 08:00:00;642.1400;1588.5700;1408.7100;554.2100;2388.1500;9063.5200;47.5000;521.9300;2388.0800;8143.1200;8.4174;392.0000;0.049936;-0.370809;0.000503;Healthy;WO754963;234.23
02-Jul-2026;ENG-081;93;2026-01-04 21:00:00;642.1400;1583.7300;1401.3600;554.1700;2388.0100;9065.8800;47.2700;521.6800;2388.0500;8150.0500;8.4434;392.0000;0.033934;-0.860112;0.001145;Healthy;WO345918;2113.68
2026/07/02;ENG-062;123;2026-01-06 03:00:00;642.7000;1583.4300;1392.8600;554.9600;2388.0000;9063.1100;47.1900;522.2800;2388.0300;8142.4100;8.3706;391.0000;0.033346;-1.241421;0.002156;HEALTHY;WO599970;1051.52
02-Jul-2026;ENG-056;88;2026-01-04 16:00:00;642.8200;1596.5400;1421.2800;552.3200;2388.1200;9047.0200;47.7700;521.3500;2388.1800;8121.8700;8.4878;394.0000;-0.051155;0.688045;0.006334;Healthy;WO805888;444.84
02-Jul-2026;ENG-036;76;2026-01-04 04:00:00;643.1200;1591.0000;1407.9300;553.2500;2388.1200;9060.3100;47.6100;521.3200;2388.1200;8140.6400;8.4311;393.0000;0.034760;0.254204;0.002369;Healthy;WO488031;2025.72
02-Jul-2026;  ENG-041 ;63;2026-01-03 15:00:00;642.2200;1583.1500;1401.5100;553.7400;2388.1100;9047.3200;47.2900;522.3500;2388.0200;8132.7400;8.4017;393.0000;0.003695;-0.772231;0.002826;Healthy;WO444045;91.92
2026-07-02;ENG-045;78;2026-01-04 06:00:00;642.6700;1591.2500;1406.6800;553.5800;2388.0800;9055.4900;47.5500;521.4700;2388.0800;8140.6400;8.4278;394.0000;0.062860;-0.003002;0.002486;Healthy;WO614314;1,913.82
2026-07-02;ENG-043;61;2026-01-03 13:00:00;642.4600;1575.4000;1398.5700;554.7700;2388.1000;9044.1200;47.1900;521.5600;2388.0600;8132.5400;8.4280;392.0000;-0.013467;-0.790336;0.009306;Healthy;WO745878;2068.00
2026/07/02;ENG-032;86;2026-01-04 14:00:00;642.0400;1581.6100;1401.8000;553.9500;2387.9800;9072.6500;47.2100;522.3000;2388.0300;8155.7600;8.3845;391.0000;0.043121;-1.116005;0.001465;Healthy;WO990319;2564.64
2026/07/02;ENG-048;47;2026-01-02 23:00:00;642.4000;1586.2800;1406.1600;553.4400;2388.0400;9052.5800;47.5500;522.2800;2388.0500;8137.2600;8.4376;391.0000;0.058372;-0.500532;0.000345;Healthy;WO243023;1688.69
2026/07/02;eng-040;89;2026-01-04 17:00:00;642.2200;1589.2800;1414.9100;553.0000;2388.1300;9052.6900;47.5600;520.7000;2388.1300;8129.4400;8.4390;394.0000;-0.022771;0.282368;0.000909;Healthy;WO177464;1949.85
2026/07/02;  ENG-093 ;139;2026-01-06 19:00:00;643.0400;1590.1900;1416.5500;552.8700;2388.0400;9061.2800;47.3400;521.0300;2388.0900;8141.4700;8.4795;395.0000;0.036972;0.341139;0.001961;Healthy;WO194312;1039.08
2026-07-02;  ENG-066 ;97;2026-01-05 01:00:00;642.5200;1587.8700;1408.7900;553.3100;2388.1000;9073.0000;47.5300;521.0700;2388.0700;8152.0500;8.4355;393.0000;0.088098;0.139957;0.005583;Healthy;WO368634;2,447.78
2026/07/02;ENG-016;60;2026-01-03 12:00:00;642.7000;1580.0500;1399.1100;554.3100;2388.0100;9053.4300;47.2600;522.1400;2388.1000;8134.4500;8.4023;392.0000;-0.002078;-0.987335;0.001811;healthy;WO570577;1,683.11
2026-07-02;ENG-099;53;2026-01-03 05:00:00;642.5400;1579.4000;1400.2200;554.4800;2388.0300;9059.6100;47.0400;522.0300;2388.0200;8142.3100;8.3941;391.0000;0.023762;-1.132203;0.002466;Healthy;WO504576;2733.92
2026-07-02;ENG-044;19;2026-01-01 19:00:00;641.5800;1589.7400;1405.3100;553.4800;2388.1100;9056.6500;47.3200;521.5000;2388.0700;8132.9000;8.4878;392.0000;0.045564;-0.436481;0.001105;healthy;WO296382;2,820.99
02-Jul-2026;ENG-043;63;2026-01-03 15:00:00;642.4800;1589.5600;1398.8600;553.4600;2388.0600;9053.0700;47.4100;521.6100;2388.1300;8132.0600;8.4320;393.0000;0.038084;-0.349782;0.001405;Healthy;WO903058;307.10
2026/07/02;  ENG-063 ;81;2026-01-04 09:00:00;643.1100;1591.6300;1411.6400;553.8500;2388.0800;9055.1400;47.6400;521.7000;2388.0600;8132.2700;8.4174;393.0000;0.058739;-0.035850;0.003674;Healthy;WO813142;1876.31
02-Jul-2026;ENG-072;55;2026-01-03 07:00:00;642.2700;1586.8000;1396.1400;553.4000;2388.0300;9066.5700;47.3600;522.2700;2388.0600;8148.2800;8.3938;392.0000;0.047796;-0.915530;0.000810;Healthy;WO546137;881.48
02-Jul-2026;ENG-010;85;2026-01-04 13:00:00;642.0600;1583.9300;1397.7900;553.7700;2388.0300;9063.1700;47.2700;522.4500;2388.0200;8140.2900;8.4399;391.0000;0.051045;-1.072258;0.000691;Healthy;WO922777;2746.34
2026/07/02;ENG-016;63;2026-01-03 15:00:00;642.1300;1583.7900;1399.2100;554.7400;2388.0400;9057.0300;47.3900;522.9500;2387.9900;8138.5600;8.4194;392.0000;0.051255;-1.049030;0.000691;Healthy;WO111191;1,796.02
2026/07/02;  ENG-093 ;97;2026-01-05 01:00:00;642.5700;1588.7600;1410.6300;553.0500;2388.1000;9067.1200;47.5300;520.8300;2388.0800;8139.4900;8.4429;393.0000;0.057634;0.121775;0.004075;Healthy;WO976738;1477.92
2026/07/02;ENG-060;65;2026-01-03 17:00:00;642.9000;1579.8300;1396.2300;553.8400;2388.1100;9058.5400;47.4500;521.8000;2388.0700;8132.3000;8.4249;393.0000;0.028348;-0.399398;0.001298;Healthy;WO161205;
2026-07-02;ENG-017;101;2026-01-05 05:00:00;642.6200;1584.9100;1396.0000;553.4700;2388.0000;9075.5700;47.1900;521.3400;2388.0400;8165.7800;8.4043;391.0000;0.065894;-0.856126;0.001381;Healthy;WO862451;215.53
2026/07/02;ENG-047;33;2026-01-02 09:00:00;642.5000;1589.7800;1402.4300;553.0300;2388.1200;9041.5200;47.4100;521.2200;2388.1600;8126.7800;8.4508;394.0000;-0.005100;0.058827;0.001453;Healthy;WO616165;1,081.16
2026/07/02;eng-013;95;2026-01-04 23:00:00;642.2800;1582.0800;1410.2700;555.3900;2388.0500;9058.1400;47.2200;521.9100;2388.0300;8138.9600;8.4040;394.0000;0.000092;-0.796815;0.005310;Healthy;WO417950;1079.89
2026-07-02;ENG-019;85;2026-01-04 13:00:00;642.0000;1588.8500;1403.5400;553.2300;2388.0000;9056.5600;47.2000;521.3600;2388.1000;8143.9700;8.4037;390.0000;0.020665;-0.848097;0.000345;Healthy;WO398943;145.22
02-Jul-2026;ENG-070;79;2026-01-04 07:00:00;642.7000;1592.2400;1405.0100;553.4100;2388.1100;9052.4900;47.5200;521.3000;2388.0700;8127.2100;8.4207;394.0000;0.038245;-0.093706;0.001394;healthy;WO729569;308.29
02-Jul-2026;ENG-027;53;2026-01-03 05:00:00;643.1500;1581.3800;1394.8600;553.7700;2388.0000;9055.5100;47.1900;522.5900;2388.0400;8132.7500;8.4170;392.0000;0.040005;-0.978342;0.000772;Healthy;WO973943;2464.10
2026-07-02;ENG-010;105;2026-01-05 09:00:00;642.6100;1583.6200;1399.6700;553.3300;2388.0700;9061.0700;47.2600;522.0800;2388.0700;8143.0500;8.4029;394.0000;0.032092;-0.716361;0.001582;Healthy;WO526021;2,737.54
02-Jul-2026;  ENG-075 ;55;2026-01-03 07:00:00;642.3000;1583.9100;1397.2000;553.7400;2388.0500;9053.7300;47.2800;521.9800;2388.0400;8134.0600;8.4426;392.0000;0.017364;-0.762494;0.000546;Healthy;WO773377;173.62
2026/07/02;ENG-084;107;2026-01-05 11:00:00;642.9900;1593.0900;1405.5900;553.9100;2388.0700;9054.7600;47.5800;521.3900;2388.1300;8136.1200;8.4487;392.0000;0.050312;0.071786;0.002413;Healthy;WO492919;2643.94
02-Jul-2026;ENG-088;30;2026-01-02 06:00:00;642.6200;1578.5800;1407.3300;553.5500;2388.1400;9039.4500;47.4900;521.2000;2388.1100;8127.7600;8.4305;393.0000;-0.000493;-0.151606;0.007662;Healthy;WO283030;689.19
02-Jul-2026;  ENG-041 ;60;2026-01-03 12:00:00;642.5700;1589.5800;1404.3400;553.9400;2388.0600;9054.1100;47.0900;522.0800;2388.0900;8131.7200;8.3902;393.0000;-0.006462;-0.833519;0.002128;Healthy;WO467907;1130.40
2026-07-02;ENG-057;107;2026-01-05 11:00:00;642.6900;1593.4600;1411.4700;553.1300;2388.1100;9052.5900;47.3800;521.3100;2388.1000;8134.4500;8.4124;393.0000;0.049307;-0.018867;0.003495;Healthy;WO708142;2200.05
2026-07-02;ENG-073;75;2026-01-04 03:00:00;642.1500;1585.9800;1403.0900;554.2000;2388.0400;9055.4000;47.3000;522.2300;2388.0300;8131.6500;8.4078;392.0000;0.015382;-0.909747;0.004078;healthy;WO215859;1,547.11
02-Jul-2026;ENG-019;57;2026-01-03 09:00:00;642.5800;1588.7600;1396.0800;554.5200;2388.0100;9058.1300;47.3300;522.4100;2388.0100;8139.1000;8.4057;390.0000;0.049460;-1.029470;0.001092;Healthy;WO199371;1169.41
2026/07/02;ENG-095;41;2026-01-02 17:00:00;642.1900;1576.2000;1400.0100;553.9900;2388.0300;9047.0700;47.3600;521.7300;2388.0400;8134.2900;8.3955;393.0000;0.005311;-0.756924;0.002478;Healthy;WO268675;1462.98
2026-07-02;ENG-093;127;2026-01-06 07:00:00;643.1100;1587.6000;1409.7700;553.0400;2388.1200;9061.5200;47.5100;521.7200;2388.1300;8135.0600;8.4551;394.0000;0.038035;0.241510;0.001543;Warning;WO810228;13800.04
2026-07-02;ENG-008;111;2026-01-05 15:00:00;643.0400;1592.6900;1403.2000;553.3500;2388.0900;9054.8600;47.5200;521.7500;2388.1500;8131.5400;8.4893;393.0000;0.049272;0.100548;0.001789;Healthy;WO608478;1670.77
2026-07-02;ENG-071;31;2026-01-02 07:00:00;642.3200;1585.9300;1397.3100;554.9000;2388.0700;9069.6600;47.3200;522.2900;2388.0000;8148.2100;8.4057;393.0000;0.049485;-0.940121;0.002028;Healthy;WO746574;513.97
02-Jul-2026;ENG-028;63;2026-01-03 15:00:00;642.8400;1587.5700;1405.9300;553.2700;2388.1100;9050.4300;47.6000;521.8300;2388.1100;8126.8300;8.4097;394.0000;0.038494;-0.086397;0.000209;Healthy;WO364668;
2026-07-02;ENG-033;30;2026-01-02 06:00:00;642.8800;1589.5900;1411.4700;553.0700;2388.1700;9059.2200;47.5800;521.1600;2388.1100;8141.2100;8.4471;394.0000;0.016112;0.297574;0.005641;Healthy;WO161678;
2026-07-02;ENG-082;63;2026-01-03 15:00:00;642.2800;1586.4100;1402.0000;554.7700;2388.0400;9062.6300;47.3200;522.5600;2388.0700;8146.0300;8.4063;392.0000;0.031056;-0.864058;0.001171;Healthy;WO993550;2581.12
2026/07/02;ENG-031;118;2026-01-05 22:00:00;642.8700;1592.1200;1410.5400;553.0300;2388.0900;9076.2400;47.5500;521.5000;2388.1200;8141.2900;8.4208;393.0000;0.095714;0.065483;0.001444;Warning;WO336064;14252.61
2026/07/02;  ENG-058 ;82;2026-01-04 10:00:00;642.5900;1587.6100;1401.4900;553.6000;2388.1000;9055.0900;47.2400;521.8300;2388.0500;8130.7600;8.3990;391.0000;0.010409;-0.680113;0.001315;HEALTHY;WO945800;1,387.41
2026-07-02;  ENG-077 ;108;2026-01-05 12:00:00;642.6300;1583.2300;1406.9300;553.0600;2388.0700;9044.3100;47.3700;521.7800;2388.0700;8131.4100;8.4148;392.0000;0.024591;-0.501665;0.001326;Healthy;WO683175;2526.62
02-Jul-2026;eng-052;122;2026-01-06 02:00:00;642.0200;1585.5400;1399.5200;553.7800;2388.0200;9068.2900;47.0200;521.6300;2388.0600;8147.1000;8.4049;391.0000;0.030992;-1.121887;0.002290;Healthy;WO289208;2548.89
2026-07-02;  ENG-031 ;76;2026-01-04 04:00:00;642.3900;1585.3400;1397.8900;554.0700;2388.0100;9072.1000;47.3500;521.6500;2388.0000;8151.0000;8.4224;391.0000;0.057287;-0.758613;0.001875;Healthy;WO160760;1708.65
2026-07-02;ENG-051;89;2026-01-04 17:00:00;642.8500;1593.6700;1407.3500;553.2200;2388.0800;9045.6800;47.4900;521.1000;2388.1200;8130.8000;8.4421;391.0000;0.049122;-0.068600;0.001946;Healthy;WO960305;1485.03
2026/07/02;ENG-029;106;2026-01-05 10:00:00;642.5400;1583.9500;1399.4800;553.3600;2388.0700;9057.6300;47.4700;521.6800;2388.0600;8139.7100;8.4085;392.0000;0.037660;-0.608138;0.002297;HEALTHY;WO608238;592.19
2026-07-02;eng-012;89;2026-01-04 17:00:00;642.5100;1577.1400;1394.5300;553.8700;2388.0500;9059.2800;47.1800;522.0000;2388.1000;8136.2300;8.4426;390.0000;0.019202;-0.878189;0.002013;Healthy;WO893872;2,983.03
2026/07/02;ENG-052;99;2026-01-05 03:00:00;641.8100;1580.6500;1401.3000;554.2500;2388.0100;9056.9700;47.3400;522.5200;2387.9600;8139.5000;8.3982;392.0000;0.046166;-1.057705;;Healthy;WO681738;1535.10
2026/07/02;ENG-053;56;2026-01-03 08:00:00;642.5000;1578.9400;1402.0800;553.6900;2388.0900;9053.6000;47.2200;521.6100;2388.0300;8135.2300;8.4107;391.0000;-0.002156;-0.829152;0.003478;Healthy;WO350330;1,895.21
2026/07/02;ENG-008;86;2026-01-04 14:00:00;643.0900;1590.9600;1408.5500;553.2300;2388.0800;9051.7600;47.5000;521.5100;2388.0700;8134.9000;8.4410;394.0000;0.050340;0.042969;0.002746;Healthy;WO566965;2616.87
02-Jul-2026;ENG-096;37;2026-01-02 13:00:00;642.0200;1580.2900;1396.0800;554.4300;2387.9800;9071.8500;47.1800;522.4400;2387.9600;8144.0400;8.4111;391.0000;0.069092;-1.240519;0.000913;Healthy;WO875885;2,925.31
2026/07/02;ENG-050;29;2026-01-02 05:00:00;642.1300;1583.1200;1396.9900;554.0000;2388.0400;9062.3500;47.2500;522.2700;2388.0400;8140.7600;8.3952;392.0000;0.031298;-1.095820;0.000772;HEALTHY;WO424557;2759.95
2026/07/02;  ENG-060 ;76;2026-01-04 04:00:00;642.2800;1581.9300;1408.6600;552.9800;2388.0600;9043.5300;47.4500;521.7300;2388.0400;8131.9900;8.4233;392.0000;0.027649;-0.562893;0.000732;Healthy;WO852742;2003.16
2026/07/02;ENG-060;53;2026-01-03 05:00:00;641.7800;1589.4500;1409.8500;553.8900;2388.0700;9059.1800;47.3000;521.5100;2388.0200;8136.3600;8.4611;394.0000;0.055101;-0.257067;0.000805;healthy;WO308526;2,038.46
2026-07-02;ENG-099;40;2026-01-02 16:00:00;641.8700;1588.1500;1394.2100;554.6900;2387.9900;9069.4200;47.3500;522.9200;2387.9500;8145.6700;8.4021;391.0000;0.087314;-1.243483;0.004271;healthy;WO941617;249.11
2026-07-02;  ENG-040 ;49;2026-01-03 01:00:00;642.8800;1586.5800;1411.1900;553.3600;2388.1700;9051.4400;47.6700;521.8400;2388.1900;8133.0400;8.4620;394.0000;-0.000667;0.221533;0.001451;Healthy;WO432476;2667.77
02-Jul-2026;ENG-049;200;2026-01-09 08:00:00;642.4800;1586.8600;1397.6800;553.4900;2388.0500;9055.2000;47.5100;521.8100;2388.0800;8141.4600;8.4214;393.0000;0.041806;-0.503523;0.000488;Healthy;WO717297;2399.40
2026/07/02;ENG-035;108;2026-01-05 12:00:00;642.5400;1583.7300;1410.3300;553.7700;2388.0900;9059.8800;47.5100;521.6600;2388.0200;8136.9200;8.4320;393.0000;0.060679;-0.084134;0.001384;Healthy;WO514418;2622.85
2026/07/02;ENG-062;96;2026-01-05 00:00:00;642.1900;1582.0000;1402.7900;554.6000;2387.9900;9062.1500;47.1300;522.4900;2388.0800;8138.2100;8.4030;391.0000;0.019588;-1.151340;0.002128;healthy;WO201211;2316.34
02-Jul-2026;  ENG-020 ;111;2026-01-05 15:00:00;642.5300;1588.8500;1408.8000;554.2900;2388.0600;9061.0900;47.4100;521.2600;2388.0200;8138.7400;8.4117;392.0000;0.052005;-0.312340;0.001500;Healthy;WO496060;
02-Jul-2026;ENG-086;54;2026-01-03 06:00:00;642.6200;1581.7500;1401.1100;553.4500;2388.0500;9056.2600;47.4600;521.5500;2388.0700;8137.4900;8.4224;394.0000;0.038010;-0.402704;0.000880;Healthy;WO355490;2,728.20
2026-07-02;ENG-007;101;2026-01-05 05:00:00;642.4600;1580.2600;1397.9100;554.1300;2387.9900;9062.1600;47.5200;522.2200;2388.0500;8142.5200;8.4035;392.0000;0.032424;-0.957965;0.002561;Healthy;WO668349;2,625.89
02-Jul-2026;ENG-074;77;2026-01-04 05:00:00;642.6400;1591.3000;1405.2400;553.5600;2388.0500;9067.6500;47.3700;521.7500;2388.1100;8142.6600;8.4174;393.0000;0.063914;-0.281250;0.001208;Healthy;WO489613;266.98
02-Jul-2026;  ENG-030 ;88;2026-01-04 16:00:00;642.2200;1587.0500;1407.3300;552.8500;2388.1700;9044.1400;47.5800;521.7600;2388.1000;8130.3600;8.4599;392.0000;0.031614;-0.100715;0.002560;Healthy;WO623142;986.91
2026/07/02;ENG-052;107;2026-01-05 11:00:00;642.2200;1585.3900;1409.2000;553.6700;2387.9800;9056.8500;47.1400;522.3800;2387.9600;8150.7300;8.4068;393.0000;0.045176;-2.608347;0.002847;Healthy;WO819818;
2026-07-02;  ENG-005 ;36;2026-01-02 12:00:00;642.3100;1586.7800;1406.1000;552.8100;2388.1300;9050.8400;47.5300;522.1000;2388.1300;8131.0400;8.4109;394.0000;0.044132;-0.239704;0.003146;Healthy;WO223646;2738.35
2026/07/02;ENG-012;125;2026-01-06 05:00:00;642.9000;1588.1600;1395.5000;554.4500;2387.9600;9059.9600;47.1900;522.2300;2388.0600;8142.2100;8.3865;392.0000;0.023650;-0.941140;0.001337;Healthy;WO194775;2,592.42
02-Jul-2026;eng-008;99;2026-01-05 03:00:00;642.9900;1587.8200;1407.6600;553.7600;2388.1100;9056.0500;47.4100;521.3700;2388.1000;8126.0200;8.4260;392.0000;0.033736;-0.132816;0.001853;Healthy;WO255023;2,615.82
2026/07/02;  ENG-044 ;35;2026-01-02 11:00:00;642.4000;1589.1300;1403.9200;554.3700;2388.0400;9049.5400;47.4400;522.0500;2388.0600;8133.1600;8.4364;393.0000;0.028993;-0.526059;0.001245;healthy;WO603467;2954.46
2026/07/02;ENG-004;64;2026-01-03 16:00:00;641.8400;1587.0700;1402.5500;553.6300;2388.1400;9049.5500;47.5600;522.0300;2388.0800;8132.3100;8.4550;391.0000;0.042021;-0.340546;0.002212;Warning;WO473857;5180.14
2026/07/02;ENG-007;107;2026-01-05 11:00:00;642.2800;1585.3800;1397.2800;553.3800;2388.0200;9064.0500;47.0800;522.1800;2388.0200;8138.7500;8.4381;393.0000;0.051433;-0.845329;0.001582;Healthy;WO555625;1272.08
02-Jul-2026;ENG-066;88;2026-01-04 16:00:00;643.1100;1588.7600;1411.4500;553.0700;2388.1000;9063.2400;47.6200;521.1600;2388.0800;8146.2500;8.4406;393.0000;0.066759;0.164345;0.003468;Healthy;WO413943;573.15
2026-07-02;  ENG-045 ;76;2026-01-04 04:00:00;642.4300;1589.0300;1409.4700;553.5700;2388.0900;9066.0800;47.6300;521.0700;2388.0700;8137.7700;8.4496;393.0000;0.044313;0.138876;0.001501;Healthy;WO854888;1638.64
02-Jul-2026;ENG-049;195;2026-01-09 03:00:00;642.6600;1587.6100;1404.0100;554.1600;2388.0200;9056.2900;47.2800;522.1400;2388.0500;8143.5000;8.4278;393.0000;0.025950;-0.774839;0.000691;Healthy;WO193991;2,568.61
2026-07-02;ENG-061;67;2026-01-03 19:00:00;641.8500;1580.6100;1401.3900;554.0700;2387.9800;9070.7500;47.2700;522.3900;2387.9900;8149.5700;8.3883;393.0000;0.041438;-1.110502;0.001145;Healthy;WO471688;
2026-07-02;ENG-017;80;2026-01-04 08:00:00;642.1600;1588.8900;1405.9500;554.2900;2387.9500;9085.1500;47.2800;521.7000;2387.9800;8151.9000;8.3920;392.0000;0.041216;-0.985639;0.000546;Healthy;WO835303;1976.61
02-Jul-2026;ENG-005;53;2026-01-03 05:00:00;642.2500;1594.8000;1407.6600;553.4900;2388.0700;9055.0900;47.5400;521.5000;2388.0900;8131.3300;8.4475;392.0000;0.057654;-0.032639;0.002217;healthy;WO537267;250.16
2026/07/02;ENG-089;84;2026-01-04 12:00:00;642.5400;1584.9200;1408.0000;554.0100;2388.0800;9042.8200;47.4400;521.4800;2388.0600;8124.4400;8.4162;392.0000;0.016951;-0.231036;0.008181;Healthy;WO557457;1281.49
2026/07/02;ENG-017;94;2026-01-04 22:00:00;642.6300;1584.7000;1402.5100;554.0200;2388.0300;9076.8800;47.3500;522.3900;2387.9900;8157.0800;8.4197;393.0000;0.063475;-0.851338;0.001794;Healthy;WO271369;1,655.68
02-Jul-2026;ENG-008;92;2026-01-04 20:00:00;642.4000;1592.6000;1398.3400;553.7800;2388.1100;9046.7200;47.3400;521.4300;2388.1000;8135.3400;8.4468;393.0000;0.026833;-0.284771;0.002006;Healthy;WO601490;
2026/07/02;ENG-091;120;2026-01-06 00:00:00;642.7400;1589.1000;1409.7300;553.2700;2388.1500;9051.4100;47.7400;520.7400;2388.1700;8128.0100;8.4633;395.0000;-0.047336;0.440329;0.003590;Warning;WO536250;3784.67
02-Jul-2026;ENG-002;27;2026-01-02 03:00:00;642.5400;1596.9800;1408.7000;553.3000;2388.1600;9052.5600;47.5300;521.6300;2388.1100;8127.8700;8.4669;393.0000;0.017876;0.150771;0.003591;Healthy;WO205529;2,104.73
2026-07-02;  ENG-031 ;103;2026-01-05 07:00:00;642.4500;1586.1500;1401.3300;553.6900;2388.0200;9074.3500;47.5100;521.3600;2388.0400;8150.4800;8.4338;393.0000;0.073274;-0.386899;0.002335;Healthy;WO432465;1546.07
02-Jul-2026;  ENG-007 ;58;2026-01-03 10:00:00;642.7800;1582.3300;1403.4000;554.2000;2387.9600;9058.8300;47.0700;522.0100;2388.0200;8135.0200;8.4204;391.0000;0.017736;-0.983741;0.003959;Healthy;WO552492;782.37
2026/07/02;  ENG-042 ;75;2026-01-04 03:00:00;642.4000;1578.5300;1392.7300;554.5200;2388.1300;9049.3500;47.1500;522.1000;2388.1000;8133.8500;8.3880;392.0000;0.005079;-1.034628;0.001092;Healthy;WO653991;1,172.32
02-Jul-2026;ENG-002;19;2026-01-01 19:00:00;642.3700;1595.0700;1405.6300;553.7300;2388.1400;9041.3900;47.4000;521.8700;2388.0800;8130.1900;8.4992;392.0000;0.031286;-0.058461;0.001319;Healthy;WO640612;2840.96
02-Jul-2026;ENG-013;115;2026-01-05 19:00:00;642.8800;1584.9700;1405.2900;554.8000;2387.9800;9059.7300;47.3600;521.6600;2388.0300;8150.2900;8.3926;393.0000;0.035728;-0.695560;0.001370;Healthy;WO806292;1,283.28
02-Jul-2026;ENG-030;65;2026-01-03 17:00:00;642.5300;1587.6800;1403.5700;554.2200;2388.1400;9053.7900;47.4100;520.7600;2388.1300;8130.1300;8.4375;393.0000;0.021935;-0.171599;0.003582;Healthy;WO175190;1996.16
2026-07-02;ENG-030;50;2026-01-03 02:00:00;642.1500;1589.9200;1401.7800;552.8900;2388.0800;9057.2800;47.6000;521.9200;2388.0900;8128.1800;8.4472;393.0000;0.064409;-0.145978;0.001172;Warning;WO992842;
2026/07/02;ENG-049;167;2026-01-07 23:00:00;642.3800;1590.7700;1409.5400;554.2500;2388.0300;9064.9100;47.4000;522.0100;2388.0300;8139.3200;8.4155;392.0000;0.052807;-0.509529;0.001601;healthy;WO314593;2,221.13
02-Jul-2026;ENG-075;33;2026-01-02 09:00:00;642.6000;1591.0500;1395.9600;553.5500;2388.0100;9054.4400;47.2800;521.8500;2388.0400;8136.9900;8.4344;393.0000;0.034462;-0.674339;0.000863;Healthy;WO431835;464.76
2026/07/02;  ENG-008 ;62;2026-01-03 14:00:00;642.7500;1586.8300;1408.7000;553.9500;2388.1400;9052.8700;47.4300;522.2100;2388.0800;8129.7100;8.4483;392.0000;0.049112;-0.207146;0.000329;Healthy;WO124370;337.38
2026/07/02;eng-070;55;2026-01-03 07:00:00;642.6200;1584.8600;1409.3000;554.0000;2388.0600;9046.0600;47.4500;521.3100;2388.0900;8128.6400;8.4341;391.0000;0.022938;-0.326947;0.002946;HEALTHY;WO501453;2605.36
02-Jul-2026;  ENG-024 ;76;2026-01-04 04:00:00;641.4100;1585.3900;1395.4900;554.3800;2387.9400;9069.5200;47.1500;522.6500;2387.9700;8147.9900;8.4159;391.0000;0.074035;-1.237140;0.002584;healthy;WO130075;2787.92
2026-07-02;ENG-086;64;2026-01-03 16:00:00;642.5100;1597.8800;1406.5100;553.1600;2388.0600;9060.4000;47.3000;521.7400;2388.0700;8138.0300;8.4479;391.0000;0.058574;-0.330245;0.002313;Warning;WO844896;12,686.89
2026/07/02;ENG-024;65;2026-01-03 17:00:00;642.2300;1581.2700;1396.8100;555.1100;2387.9600;9068.5600;47.3100;522.6200;2387.9700;8152.6800;8.4034;391.0000;0.066506;-1.219662;0.001245;Healthy;WO165261;2958.98
2026-07-02;ENG-045;60;2026-01-03 12:00:00;642.4400;1586.5100;1413.6100;552.7500;2388.0600;9060.4500;47.4700;521.1600;2388.0500;8142.1300;8.4251;392.0000;0.079340;-0.065366;0.003284;Healthy;WO400775;2856.84
2026/07/02;ENG-012;88;2026-01-04 16:00:00;641.9800;1581.1600;1396.7500;554.7600;2388.0200;9063.1500;47.3800;522.5800;2388.0100;8141.1700;8.4054;391.0000;0.052768;-1.173273;0.001761;Healthy;WO376544;1,973.87
2026-07-02;ENG-076;88;2026-01-04 16:00:00;642.1400;1588.7800;1400.3700;554.3700;2388.0400;9067.2000;47.3700;522.4800;2388.0600;8142.8500;8.4310;392.0000;0.032804;-0.914175;0.001907;Healthy;WO513750;1469.21
02-Jul-2026;ENG-029;80;2026-01-04 08:00:00;642.6200;1591.7200;1402.2200;554.4300;2388.0900;9065.3600;47.2500;522.1500;2388.0700;8137.6900;8.4463;393.0000;0.032676;-0.596066;0.002006;Healthy;WO102159;2999.29
2026/07/02;ENG-028;77;2026-01-04 05:00:00;642.5500;1585.2600;1405.5200;553.5700;2388.1100;9039.6300;47.3900;521.2400;2388.1600;8132.1400;8.4387;393.0000;0.013846;-0.146176;0.003119;Healthy;WO309959;2325.51
2026-07-02;ENG-058;60;2026-01-03 12:00:00;642.4000;1588.2900;1396.1900;553.6400;2388.0800;9046.4300;47.2400;522.2300;2388.0300;8126.9300;8.4087;392.0000;0.006154;-0.790853;0.002086;Healthy;WO629991;92.89
2026/07/02;ENG-074;56;2026-01-03 08:00:00;642.5300;1591.0900;1409.3500;554.1600;2388.0700;9057.5700;47.3900;521.9400;2388.0400;8140.5700;8.4623;393.0000;0.067361;-0.238035;0.001738;Healthy;WO491368;1142.84
02-Jul-2026;ENG-035;94;2026-01-04 22:00:00;642.5300;1592.3000;1404.6900;553.2800;2388.1200;9052.2700;47.4800;521.9400;2388.1500;8135.1600;8.4590;391.0000;0.059657;-0.113210;0.002098;Healthy;WO295177;1,481.39
2026/07/02;ENG-007;59;2026-01-03 11:00:00;642.4000;1582.8800;1398.0700;554.4700;2388.0000;9055.2200;47.1600;522.1300;2388.0000;8140.7400;8.3908;393.0000;0.026184;-1.111007;0.000598;Healthy;WO911367;2237.31
2026-07-02;ENG-046;78;2026-01-04 06:00:00;642.5400;1593.0100;1415.9800;553.6900;2388.0700;9071.7900;47.3600;521.0700;2388.0800;8139.8400;8.4627;395.0000;0.057156;0.182079;0.000376;healthy;WO375957;529.32
2026-07-02;ENG-076;100;2026-01-05 04:00:00;642.2300;1589.8700;1406.6800;554.3100;2388.0500;9067.4800;47.4400;521.8400;2388.0300;8149.3000;8.4005;393.0000;0.058452;-0.594838;0.001907;Healthy;WO439159;2,888.91
2026-07-02;ENG-057;93;2026-01-04 21:00:00;642.3400;1585.9400;1407.4200;552.6600;2388.1400;9048.7800;47.6200;521.2300;2388.1400;8133.5200;8.4135;393.0000;0.018868;0.045577;0.000357;Warning;WO314406;24320.01
02-Jul-2026;ENG-045;83;2026-01-04 11:00:00;642.5900;1586.7400;1399.6200;553.5700;2388.0800;9066.7400;47.4400;521.1800;2388.1100;8145.6400;8.4563;393.0000;0.060663;-0.221667;0.002205;Healthy;WO178890;249.45
2026-07-02;  ENG-030 ;89;2026-01-04 17:00:00;642.8900;1583.4100;1409.4600;553.4600;2388.1000;9045.1600;47.4800;522.0500;2388.1200;8128.3900;8.4359;393.0000;0.037226;-0.179412;0.001346;Healthy;WO295971;1,344.20
02-Jul-2026;ENG-065;48;2026-01-03 00:00:00;642.0800;1577.2600;1398.8700;555.0400;2388.0300;9053.8400;47.1800;522.4200;2387.9800;8149.9100;8.3626;393.0000;0.027716;-1.237981;0.001196;Healthy;WO718356;247.66
2026-07-02;eng-029;90;2026-01-04 18:00:00;642.2400;1586.1300;1404.4700;553.1800;2388.0700;9049.4900;47.3500;522.4100;2388.0200;8137.2200;8.4234;393.0000;0.037012;-0.651682;0.001021;Healthy;WO521365;1143.37
2026/07/02;ENG-046;54;2026-01-03 06:00:00;642.2000;1590.8400;1402.7900;553.9000;2388.0800;9068.8200;47.5200;521.3400;2388.0300;8145.9200;8.4372;393.0000;0.074100;-0.305884;0.000757;Warning;WO715783;12,455.31
02-Jul-2026;  ENG-076 ;70;2026-01-03 22:00:00;641.9800;1580.5400;1407.7200;554.3700;2388.0200;9062.3700;47.2600;522.0200;2388.0100;8144.0800;8.4020;393.0000;0.017782;-0.970094;0.001424;Healthy;WO834416;913.48
02-Jul-2026;ENG-089;106;2026-01-05 10:00:00;642.8700;1588.7000;1408.0000;553.3900;2388.1500;9048.1000;47.4600;521.1600;2388.1200;8124.6700;8.4351;394.0000;0.007606;-0.038557;0.003511;Healthy;WO350122;136.48
02-Jul-2026;ENG-010;112;2026-01-05 16:00:00;642.4000;1586.7300;1403.6300;554.6400;2388.0400;9066.0000;47.2000;522.0400;2387.9700;8145.4600;8.4435;393.0000;0.033067;-0.891987;0.002170;Healthy;WO391236;2816.58
2026/07/02;ENG-100;95;2026-01-04 23:00:00;642.3400;1590.5100;1405.5800;554.3000;2388.0400;9053.9800;47.2700;521.7100;2388.1200;8145.6400;8.4320;393.0000;0.022515;-0.633716;0.000772;Healthy;WO125594;2,849.91
2026-07-02;  ENG-068 ;100;2026-01-05 04:00:00;642.5200;1586.9400;1405.5700;553.6800;2388.0400;9058.3200;47.3200;521.5900;2388.0900;8139.5300;8.4678;391.0000;0.051435;-0.404182;0.000810;Healthy;WO512510;2,916.81
02-Jul-2026;ENG-034;101;2026-01-05 05:00:00;642.4300;1588.2900;1406.1600;554.3200;2388.0800;9071.3400;47.3000;521.9100;2388.0200;8145.7500;8.4280;391.0000;-0.035152;-2.662906;0.008457;Healthy;WO162621;116.36
2026/07/02;ENG-024;87;2026-01-04 15:00:00;642.0500;1587.6200;1401.5900;553.8300;2388.0000;9065.9600;47.2100;522.7500;2388.0800;8153.0300;8.3863;393.0000;0.028290;-1.044578;0.000913;Healthy;WO991145;1024.56
02-Jul-2026;ENG-070;56;2026-01-03 08:00:00;642.1800;1595.0000;1397.5400;553.5700;2388.0800;9058.2500;47.4100;521.3300;2388.0600;8131.0500;8.4294;394.0000;0.040183;-0.340327;0.000752;Warning;WO909342;19873.52
02-Jul-2026;ENG-093;120;2026-01-06 00:00:00;642.4700;1594.8000;1414.3700;552.8600;2388.0600;9061.5000;47.5500;521.1600;2388.0900;8135.3100;8.3999;394.0000;0.050008;0.220205;0.003147;Healthy;WO386481;982.38
2026-07-02;ENG-072;78;2026-01-04 06:00:00;642.3700;1582.2400;1396.5700;553.9200;2388.0200;9064.0400;47.0200;522.4100;2388.0100;8144.6800;8.4419;391.0000;0.049003;-1.101575;0.002072;healthy;WO104085;451.37
2026-07-02;eng-049;129;2026-01-06 09:00:00;642.0500;1595.2900;1399.0800;553.8700;2388.0300;9058.2700;47.2900;522.2200;2388.0300;8150.1900;8.4129;393.0000;0.060479;-0.626101;0.004129;Healthy;WO553518;571.94
02-Jul-2026;  ENG-074 ;64;2026-01-03 16:00:00;643.0000;1584.7100;1406.4600;553.6500;2388.1000;9055.6400;47.3400;521.6900;2388.0700;8139.4300;8.4416;392.0000;0.042311;-0.375085;0.002831;Healthy;WO838578;551.31
2026/07/02;ENG-013;103;2026-01-05 07:00:00;642.4700;1585.5300;1401.1500;554.7700;2388.0300;9058.7200;47.3300;522.6900;2387.9700;8137.7100;8.3994;392.0000;0.044809;-1.008208;0.001505;healthy;WO351935;2823.25
2026-07-02;ENG-064;88;2026-01-04 16:00:00;642.3100;1592.7300;1410.7300;553.6200;2388.0800;9059.1900;47.3700;521.4800;2388.0300;8135.9200;8.4149;393.0000;0.060878;-0.210510;0.001727;Healthy;WO266265;117.92
2026-07-02;eng-084;90;2026-01-04 18:00:00;642.8000;1584.5600;1400.1500;553.7000;2388.1000;9055.8400;47.6500;521.7700;2388.1000;8135.4900;8.4285;392.0000;0.053560;-0.227400;0.002534;Healthy;WO910396;2,150.42
2026-07-02;ENG-034;83;2026-01-04 11:00:00;642.2800;1578.5200;1401.0000;555.1700;2388.0000;9066.6300;47.2600;521.9400;2387.9900;8145.7300;8.3885;391.0000;0.030751;-1.172401;0.001337;Healthy;WO442704;2,114.17
2026-07-02;ENG-096;35;2026-01-02 11:00:00;642.3700;1581.7600;1395.4100;554.7400;2388.0000;9067.7600;47.2200;522.4500;2388.0700;8149.4000;8.3921;393.0000;0.025406;-1.057970;0.000913;Healthy;WO175488;735.66
2026/07/02;ENG-020;67;2026-01-03 19:00:00;642.1800;1585.8600;1403.0100;553.9500;2388.0700;9062.5100;47.3200;521.8000;2388.0800;8140.4700;8.4238;393.0000;0.032646;-0.589483;0.001726;Healthy;WO441890;
2026/07/02;ENG-043;72;2026-01-04 00:00:00;642.4700;1586.8100;1405.1500;553.2100;2388.1000;9051.8500;47.3500;521.6000;2388.0500;8134.7100;8.4159;392.0000;0.028521;-0.503528;0.001424;Healthy;WO870280;2078.13
2026-07-02;ENG-095;42;2026-01-02 18:00:00;642.4500;1585.2300;1400.3900;554.5000;2388.0600;9045.3300;47.4500;522.2600;2388.0400;8131.3600;8.4146;392.0000;0.016637;-0.711037;0.001709;Healthy;WO618993;1036.36
2026-07-02;  ENG-098 ;79;2026-01-04 07:00:00;642.2900;1585.1400;1407.0000;553.9000;2388.0800;9069.4700;47.5500;520.9000;2388.0800;8142.7800;8.4691;392.0000;0.069624;-0.098167;0.000799;HEALTHY;WO691481;1976.12
02-Jul-2026;ENG-016;58;2026-01-03 10:00:00;642.0500;1580.6300;1394.7800;554.1900;2388.0900;9054.6900;47.1700;522.1100;2388.0800;8133.6200;8.4017;391.0000;0.009095;-1.018163;0.001761;Healthy;WO428087;2603.36
02-Jul-2026;ENG-065;41;2026-01-02 17:00:00;642.3000;1583.7500;1388.7700;553.8600;2387.9800;9070.0700;47.2600;522.1800;2388.0300;8150.9700;8.3950;392.0000;0.059636;-1.160063;0.000000;Healthy;WO204198;1,584.89
2026-07-02;ENG-038;48;2026-01-03 00:00:00;642.7200;1589.9800;1408.0700;553.1800;2388.1400;9057.6100;47.8000;520.8000;2388.1200;8129.6700;8.4601;393.0000;-0.020481;0.448323;;Healthy;WO289283;374.22
2026-07-02;ENG-068;81;2026-01-04 09:00:00;642.0800;1585.4800;1405.2600;553.8800;2388.0900;9057.3300;47.2800;522.2700;2388.0700;8138.6800;8.4188;390.0000;0.031779;-0.678508;0.001961;Healthy;WO425456;254.59
2026-07-02;ENG-038;70;2026-01-03 22:00:00;643.1700;1594.1800;1422.0000;553.3300;2388.1100;9047.6900;47.5300;521.3200;2388.1300;8137.7400;8.4278;393.0000;-0.017175;0.483996;0.003831;Warning;WO690719;22365.87
2026/07/02;ENG-064;92;2026-01-04 20:00:00;643.3100;1585.5600;1410.8000;554.1700;2388.0800;9060.1500;47.5600;521.7900;2388.1100;8133.3500;8.4297;393.0000;0.051205;-0.051081;0.001647;Healthy;WO806335;
02-Jul-2026;  ENG-034 ;119;2026-01-05 23:00:00;642.2500;1585.6600;1398.0200;554.3000;2388.0700;9062.9700;47.4300;522.0700;2388.0200;8142.1700;8.3971;392.0000;0.039412;-0.869082;0.001891;Healthy;WO640834;586.22
02-Jul-2026;ENG-024;80;2026-01-04 08:00:00;642.1900;1584.9800;1401.9700;553.8000;2387.9900;9065.6100;47.5200;523.2000;2388.0400;8153.4900;8.3714;392.0000;0.063562;-1.125408;0.000772;Healthy;WO375625;99.27
02-Jul-2026;ENG-009;25;2026-01-02 01:00:00;642.3700;1587.0600;1406.6500;553.8900;2388.1100;9052.0900;47.3900;521.5600;2388.1300;8129.0000;8.4240;393.0000;0.023560;-0.269960;0.003643;Healthy;WO724528;1071.75
2026-07-02;ENG-053;95;2026-01-04 23:00:00;642.6900;1595.6800;1401.2800;554.1700;2388.0100;9064.4800;47.3700;522.3900;2388.1200;8141.8800;8.4188;393.0000;0.057524;-0.501038;0.000752;Healthy;WO575018;2041.46
2026-07-02;ENG-042;89;2026-01-04 17:00:00;642.1700;1589.2600;1400.5600;554.1200;2388.0300;9050.2700;47.3500;522.1700;2388.0800;8131.5800;8.4042;392.0000;0.003646;-0.898402;0.001269;Healthy;WO783347;2459.68
2026/07/02;ENG-007;69;2026-01-03 21:00:00;642.0900;1578.5700;1406.8300;553.9400;2388.0600;9059.1700;47.3400;522.7500;2388.0100;8137.6500;8.3925;392.0000;0.038060;-1.009002;0.001092;Healthy;WO123111;2,884.37
2026/07/02;  ENG-052 ;120;2026-01-06 00:00:00;642.0300;1587.0900;1395.3300;554.1800;2387.9900;9065.4700;47.3700;521.8200;2388.0000;8145.0600;8.3841;392.0000;0.040323;-1.001663;0.000598;healthy;WO831473;2292.12
02-Jul-2026;ENG-073;48;2026-01-03 00:00:00;642.3200;1588.5900;1399.0000;554.1200;2388.0400;9049.1300;47.2100;522.4600;2388.0400;8135.6000;8.4291;394.0000;0.016258;-2.711992;0.016830;Healthy;WO233331;744.09
02-Jul-2026;ENG-041;62;2026-01-03 14:00:00;642.0000;1589.0900;1398.7300;554.8800;2388.0700;9042.0200;47.4500;521.8700;2388.0500;8130.8700;8.4152;392.0000;-0.008291;-0.860714;0.003107;Healthy;WO605817;1714.95
02-Jul-2026;ENG-009;24;2026-01-02 00:00:00;642.0800;1595.4800;1402.1100;553.1900;2388.1000;9049.9500;47.3200;521.4000;2388.0900;8135.6400;8.4146;393.0000;0.042556;-0.264193;0.002072;Healthy;WO482561;1351.60
02-Jul-2026;ENG-072;88;2026-01-04 16:00:00;642.6200;1583.4800;1406.5600;554.6900;2388.0600;9058.3000;47.3600;521.6000;2388.0700;8139.9300;8.4456;393.0000;0.027529;-0.516888;0.002211;Healthy;WO584844;1313.84
2026-07-02;ENG-003;52;2026-01-03 04:00:00;642.7700;1588.8900;1406.7600;553.0400;2388.1100;9054.1400;47.4300;522.1000;2388.1100;8133.8500;8.4344;392.0000;0.055733;-0.210147;0.001094;Healthy;WO897266;778.36
2026/07/02;ENG-028;75;2026-01-04 03:00:00;642.5000;1590.9600;1403.0000;554.1100;2388.0600;9042.6900;47.5400;522.0700;2388.1000;8122.4000;8.4423;392.0000;0.021700;-0.443007;0.001965;HEALTHY;WO869501;2006.30
2026-07-02;ENG-099;43;2026-01-02 19:00:00;641.6200;1580.5100;1395.8900;554.4200;2388.0000;9065.4800;47.0100;522.3500;2387.9800;8145.3400;8.3692;390.0000;0.047373;-1.328128;0.004395;healthy;WO901777;2,378.19
2026-07-02;eng-035;132;2026-01-06 12:00:00;643.2300;1597.0600;1409.6800;552.8200;2388.1900;9062.6800;47.9200;520.6300;2388.1100;8140.1800;8.4589;394.0000;-0.024150;0.728673;0.005338;WARNING;WO412916;18,612.34
2026-07-02;ENG-063;65;2026-01-03 17:00:00;642.6200;1581.7800;1403.3400;553.9900;2388.0800;9049.3100;47.4000;521.4800;2388.1400;8132.8200;8.4175;392.0000;0.018488;-0.288676;0.006173;Healthy;WO417038;2893.50
2026-07-02;ENG-092;99;2026-01-05 03:00:00;643.4500;1590.3800;1407.9500;552.2000;2388.1400;9042.1100;47.6700;520.5600;2388.1800;8127.6100;8.4498;393.0000;-0.047415;0.518543;0.002970;Healthy;WO213997;1890.96
02-Jul-2026;ENG-018;61;2026-01-03 13:00:00;642.3200;1590.7000;1401.1700;554.6900;2387.9700;9067.2100;47.3500;522.0700;2388.0000;8144.2000;8.4060;391.0000;0.045877;-0.876098;0.000345;healthy;WO911313;515.65
2026-07-02;ENG-029;85;2026-01-04 13:00:00;642.2800;1595.8100;1406.3100;553.7500;2388.0300;9061.4000;47.3000;521.6300;2388.1200;8139.4200;8.4533;393.0000;-0.074784;-2.660146;0.016673;Healthy;WO764273;468.05
02-Jul-2026;ENG-051;55;2026-01-03 07:00:00;641.8800;1590.1600;1410.0600;553.3300;2388.0500;9045.7900;47.5500;521.7900;2388.0400;8131.8600;8.4136;393.0000;0.053526;-0.331924;0.000988;Healthy;WO666093;309.39
2026-07-02;ENG-053;77;2026-01-04 05:00:00;641.9200;1581.6300;1399.3800;554.4000;2388.1000;9057.4400;47.5600;521.4000;2388.1000;8139.8900;8.4493;394.0000;0.032533;-0.465746;0.002361;Warning;WO747082;21,533.20
2026/07/02;eng-053;90;2026-01-04 18:00:00;642.6100;1590.8000;1401.1300;553.4800;2388.0400;9064.1100;47.5500;521.6800;2388.0800;8144.9300;8.4048;392.0000;0.057844;-0.516310;0.001036;Healthy;WO897110;1,487.79
2026/07/02;ENG-053;79;2026-01-04 07:00:00;642.8700;1586.4400;1393.5000;554.2600;2388.0600;9058.9800;47.5200;522.0700;2388.0000;8137.1200;8.4422;392.0000;0.041287;-0.648926;0.001021;Healthy;WO986742;2728.83
02-Jul-2026;ENG-077;62;2026-01-03 14:00:00;642.1200;1589.4700;1398.5300;554.0300;2388.1100;9047.6500;47.3500;521.8800;2388.0200;8130.1700;8.3889;393.0000;0.006880;-0.733911;0.002794;Healthy;WO565113;2875.79
2026/07/02;ENG-006;67;2026-01-03 19:00:00;642.7200;1592.7500;1409.0800;553.1500;2388.1300;9053.8500;47.3700;521.5800;2388.1400;8132.2200;8.4235;393.0000;0.040136;0.001606;0.001906;Healthy;WO710836;2903.58
02-Jul-2026;ENG-077;71;2026-01-03 23:00:00;642.9100;1577.3000;1405.1300;554.6800;2388.0900;9051.9900;47.4600;521.6100;2388.0500;8135.7900;8.4042;393.0000;0.005607;-0.639477;0.003392;Warning;WO398723;21,164.53
2026/07/02;ENG-082;81;2026-01-04 09:00:00;642.6500;1593.8200;1408.7800;554.2400;2388.0300;9072.4300;47.5400;521.9000;2388.1200;8141.8600;8.4582;395.0000;0.089633;0.071968;0.003676;healthy;WO444172;2526.83
2026/07/02;eng-073;39;2026-01-02 15:00:00;641.9400;1586.2600;1398.8600;554.3300;2388.0000;9054.8700;47.1000;522.6000;2388.0400;8133.1900;8.4160;394.0000;0.017372;-1.085872;0.001245;healthy;WO185880;1,017.18
2026/07/02;ENG-003;78;2026-01-04 06:00:00;642.5800;1592.5600;1410.4000;553.2900;2388.1600;9046.2300;47.5800;521.3100;2388.0700;8131.0900;8.4387;394.0000;0.013101;0.075719;0.002462;Healthy;WO496187;1414.94
02-Jul-2026;ENG-081;104;2026-01-05 08:00:00;642.5400;1586.0000;1401.9400;553.8900;2388.0900;9070.7000;47.5400;521.6900;2388.0600;8150.5500;8.4304;393.0000;0.078331;-0.124396;0.004026;Healthy;WO112491;303.33
2026-07-02;ENG-051;59;2026-01-03 11:00:00;642.0500;1585.7100;1406.1100;553.3900;2388.0800;9041.3400;47.4200;521.4000;2388.0900;8130.1800;8.4144;392.0000;0.016472;-0.503706;0.000299;Healthy;WO504177;2884.75
02-Jul-2026;ENG-072;64;2026-01-03 16:00:00;642.1200;1575.2500;1396.3800;553.6600;2387.9800;9062.3000;47.2300;522.2100;2388.0400;8142.8700;8.4138;393.0000;0.035192;-1.098430;0.000977;Healthy;WO721416;1645.88
2026-07-02;ENG-015;40;2026-01-02 16:00:00;642.6300;1588.2900;1400.0100;553.8000;2388.1000;9053.6700;47.3800;522.5900;2388.0100;8142.7100;8.4135;392.0000;0.050320;-0.850894;0.003719;Healthy;WO152633;892.70
2026-07-02;ENG-020;86;2026-01-04 14:00:00;642.5500;1583.6600;1400.2100;554.0100;2388.0300;9068.9900;47.3400;521.5500;2388.0500;8144.9000;8.4273;392.0000;0.044853;-0.669109;0.001158;Healthy;WO391774;2,374.13
2026/07/02;eng-005;60;2026-01-03 12:00:00;642.9000;1581.3900;1403.8300;553.5700;2388.1200;9053.8700;47.5000;521.7700;2388.1400;8136.7500;8.4244;394.0000;0.045865;-0.199657;0.001532;Healthy;WO224481;
02-Jul-2026;ENG-047;45;2026-01-02 21:00:00;643.2800;1590.0700;1405.8800;553.3700;2388.1800;9049.6600;47.4900;520.7900;2388.1300;8123.0500;8.3830;393.0000;-0.031665;0.184481;0.003508;Healthy;WO245447;1,398.09
2026-07-02;ENG-052;119;2026-01-05 23:00:00;642.0100;1586.7300;1396.8900;553.9900;2388.0300;9068.2200;47.2500;522.0800;2388.0200;8143.8200;8.4120;391.0000;0.049768;-0.976515;0.001811;Healthy;WO225940;2,157.14
2026/07/02;  ENG-028 ;61;2026-01-03 13:00:00;642.5100;1585.3400;1408.1900;553.7200;2388.0700;9047.7100;47.6600;521.4600;2388.0700;8131.0400;8.4300;394.0000;0.041886;-0.169326;0.001272;HEALTHY;WO563933;2107.06
2026/07/02;ENG-040;84;2026-01-04 12:00:00;642.9800;1598.5200;1421.9000;552.9700;2388.1700;9059.1900;47.5100;520.6700;2388.0800;8142.7400;8.4333;394.0000;-0.016434;0.609539;0.003400;Healthy;WO857807;2,045.64
02-Jul-2026;ENG-029;80;2026-01-04 08:00:00;642.6200;1591.7200;1402.2200;554.4300;2388.0900;9065.3600;47.2500;522.1500;2388.0700;8137.6900;8.4463;393.0000;0.032676;-0.596066;0.002006;Healthy;WO102159;2999.29
2026/07/02;ENG-082;65;2026-01-03 17:00:00;642.3300;1582.6600;1402.3400;554.7600;2388.1000;9060.2100;47.2800;522.3800;2388.0500;8143.6400;8.4173;393.0000;0.015896;-0.797047;0.001674;Healthy;WO276662;2,758.45
2026-07-02;  ENG-036 ;63;2026-01-03 15:00:00;643.0300;1594.6200;1415.2500;553.3000;2388.1100;9060.1600;47.6300;521.2600;2388.0700;8138.3100;8.4456;395.0000;0.028472;0.337555;0.001455;Healthy;WO473066;2269.61
02-Jul-2026;  ENG-011 ;48;2026-01-03 00:00:00;642.6800;1592.1800;1403.0800;552.9400;2388.1900;9033.7800;47.6200;521.1200;2388.1500;8120.7600;8.4536;394.0000;-0.047253;0.190867;0.008641;Healthy;WO305483;
2026-07-02;  ENG-035 ;120;2026-01-06 00:00:00;642.5700;1591.7700;1409.9600;553.5100;2388.1500;9056.1100;47.7400;521.5900;2388.1400;8137.0700;8.4443;396.0000;0.018577;0.194058;0.001078;Warning;WO241146;11,774.08
02-Jul-2026;ENG-053;105;2026-01-05 09:00:00;642.4100;1581.6700;1409.3800;553.9300;2388.0500;9068.2000;47.4900;521.9300;2388.0900;8143.2300;8.4167;393.0000;0.048145;-0.533961;0.002525;healthy;WO648009;1519.59
2026-07-02;ENG-028;83;2026-01-04 11:00:00;642.7300;1587.9600;1408.2800;553.8200;2388.0900;9050.1600;47.6100;521.4500;2388.0600;8133.3000;8.4483;391.0000;0.045025;-0.099936;0.002049;Healthy;WO549415;1016.85
02-Jul-2026;ENG-040;79;2026-01-04 07:00:00;642.6400;1592.9800;1412.6500;552.6000;2388.1500;9054.1800;47.5600;520.8700;2388.0600;8136.4900;8.4224;393.0000;0.017712;0.282705;0.002128;Healthy;WO936724;1934.73
2026/07/02;ENG-093;129;2026-01-06 09:00:00;642.9100;1595.5100;1414.0900;553.4400;2388.1000;9058.9400;47.8100;520.9400;2388.1100;8139.3200;8.4429;394.0000;0.014825;0.372473;0.003523;Warning;WO813023;12,036.79
2026/07/02;ENG-061;91;2026-01-04 19:00:00;642.6900;1586.4100;1397.3700;554.4000;2387.9900;9066.2100;47.4700;521.9600;2388.0300;8146.1300;8.3787;391.0000;0.035639;-1.000826;;Healthy;WO812543;1502.79
02-Jul-2026;  ENG-011 ;48;2026-01-03 00:00:00;642.6800;1592.1800;1403.0800;552.9400;2388.1900;9033.7800;47.6200;521.1200;2388.1500;8120.7600;8.4536;394.0000;-0.047253;0.190867;0.008641;Healthy;WO305483;
02-Jul-2026;ENG-007;84;2026-01-04 12:00:00;642.3400;1583.9500;1400.2300;554.2600;2388.0400;9056.1200;47.2100;522.4500;2388.0000;8139.6500;8.4384;392.0000;0.050030;-0.960190;0.002211;Healthy;WO286415;2750.33
2026-07-02;ENG-076;113;2026-01-05 17:00:00;642.3400;1586.8500;1403.9200;553.3100;2388.0000;9056.9000;47.4300;521.6900;2388.0400;8149.3200;8.4123;392.0000;0.055565;-0.592497;0.004901;Healthy;WO968390;2882.05
2026/07/02;ENG-017;74;2026-01-04 02:00:00;642.5400;1577.1400;1402.6900;555.0500;2388.0200;9068.4100;47.4000;522.0100;2388.0200;8152.8400;8.4244;391.0000;0.042048;-1.017946;0.001794;Healthy;WO992098;192.89
02-Jul-2026;  ENG-009 ;23;2026-01-01 23:00:00;643.0700;1587.4400;1403.8500;553.4800;2388.1000;9050.3000;47.5600;521.4200;2388.1000;8132.5400;8.4450;394.0000;0.028912;0.099301;0.002385;Healthy;WO432486;1,839.17
2026-07-02;ENG-017;60;2026-01-03 12:00:00;642.4200;1583.7300;1399.6400;553.7800;2388.0400;9071.0600;47.2900;522.0000;2388.0300;8152.4800;8.4132;392.0000;0.049954;-0.853773;0.002889;Healthy;WO990366;1437.42
02-Jul-2026;ENG-034;91;2026-01-04 19:00:00;642.2200;1585.1500;1398.1700;554.4300;2388.0300;9062.7700;47.3500;522.4300;2387.9900;8146.2800;8.3986;394.0000;0.035428;-0.959467;0.001744;Healthy;WO357674;1667.64
02-Jul-2026;ENG-053;67;2026-01-03 19:00:00;642.2000;1592.1300;1406.7500;554.0900;2388.0700;9056.9200;47.4700;521.9600;2387.9800;8136.7300;8.4265;393.0000;0.053381;-0.500394;0.001495;Healthy;WO726908;1,861.74
02-Jul-2026;  ENG-062 ;133;2026-01-06 13:00:00;642.3700;1588.2700;1389.4600;554.6600;2387.9900;9061.3900;47.3100;522.3800;2388.0500;8140.5400;8.3944;393.0000;0.034073;-0.967626;0.001744;Healthy;WO355705;595.08
2026/07/02;ENG-020;64;2026-01-03 16:00:00;642.5000;1587.3900;1400.5700;553.7600;2388.0700;9056.9700;47.4600;521.4100;2388.0400;8141.4600;8.4323;393.0000;0.051057;-0.431934;0.000386;Healthy;WO192116;
2026/07/02;ENG-003;50;2026-01-03 02:00:00;642.6200;1590.1700;1412.4900;552.5700;2388.1100;9054.1400;47.6800;521.5400;2388.0700;8133.8100;8.4672;393.0000;0.031448;0.211697;0.002081;healthy;WO892404;935.68
2026/07/02;ENG-049;173;2026-01-08 05:00:00;642.0400;1584.2700;1402.0100;554.3200;2388.0900;9062.1900;47.4900;522.0300;2388.0600;8145.5100;8.3869;392.0000;0.026612;-0.800202;0.001794;healthy;WO653476;
02-Jul-2026;ENG-023;82;2026-01-04 10:00:00;642.3400;1584.0300;1397.2700;554.2100;2388.0400;9055.8900;47.2000;522.0400;2388.0200;8136.4100;8.4079;391.0000;0.029078;-1.065972;0.001465;Healthy;WO894901;2634.21
2026-07-02;ENG-082;105;2026-01-05 09:00:00;642.1400;1598.4800;1407.8900;553.2600;2388.1000;9062.5100;47.5500;520.9800;2388.0300;8141.1800;8.4420;393.0000;0.075483;0.046165;0.001639;Healthy;WO355670;246.61
2026/07/02;ENG-041;61;2026-01-03 13:00:00;642.5200;1588.5600;1403.9900;554.4700;2388.0800;9050.0300;47.3800;521.6100;2388.1100;8131.8500;8.3854;391.0000;0.008170;-0.646519;0.006587;healthy;WO817230;242.05
02-Jul-2026;ENG-036;59;2026-01-03 11:00:00;642.5700;1603.2300;1411.2700;553.5000;2388.0600;9060.1100;47.5300;520.8800;2388.1100;8137.8300;8.4776;393.0000;0.040372;0.330627;0.001068;Warning;WO916981;15,502.29
2026/07/02;ENG-086;49;2026-01-03 01:00:00;642.3600;1586.6800;1403.1300;553.7700;2388.0900;9057.7600;47.2300;521.7300;2388.1200;8137.1900;8.4456;393.0000;0.034470;-0.327032;0.001663;Healthy;WO853387;1152.54
2026/07/02;ENG-084;68;2026-01-03 20:00:00;642.2700;1585.1500;1414.2500;553.6700;2388.0900;9050.9900;47.6200;521.5100;2388.1000;8138.7700;8.4382;392.0000;0.047771;-0.116682;0.001252;Healthy;WO866694;2793.00
02-Jul-2026;ENG-077;93;2026-01-04 21:00:00;642.9200;1594.4300;1406.9200;553.4100;2388.1000;9044.8300;47.4300;521.8600;2388.0900;8135.8700;8.4349;391.0000;0.038898;-0.413458;0.000905;Healthy;WO590246;
02-Jul-2026;ENG-052;104;2026-01-05 08:00:00;641.9600;1579.0800;1393.2900;554.5100;2387.9700;9061.9400;47.2600;522.2800;2387.9300;8141.9600;8.3828;393.0000;0.050299;-1.218204;0.002072;Healthy;WO750639;
2026/07/02;ENG-072;70;2026-01-03 22:00:00;642.5300;1586.9300;1393.6000;554.4900;2387.9800;9064.9300;47.3500;521.8500;2388.0600;8142.5600;8.4048;391.0000;0.028836;-0.911031;0.001761;Healthy;WO172768;2,447.43
02-Jul-2026;ENG-029;95;2026-01-04 23:00:00;642.5500;1586.0900;1407.0500;554.2200;2387.9700;9062.3800;47.2700;522.0000;2388.0200;8143.1200;8.4148;392.0000;0.032721;-0.752471;;Healthy;WO979518;2356.22
2026/07/02;  ENG-095 ;33;2026-01-02 09:00:00;642.3400;1577.8000;1404.7200;554.0800;2388.1100;9047.2600;47.3500;522.0900;2388.0600;8129.6000;8.4445;392.0000;0.007208;-0.616951;0.003392;Healthy;WO446816;1,984.26
02-Jul-2026;ENG-020;82;2026-01-04 10:00:00;642.1700;1582.7300;1405.6200;554.5000;2388.0300;9064.7000;47.3300;521.5800;2388.0200;8146.3500;8.4052;393.0000;0.027164;-0.784720;0.001245;Healthy;WO983748;1,542.86
02-Jul-2026;ENG-082;107;2026-01-05 11:00:00;643.2600;1598.7700;1404.5800;553.9900;2388.0800;9061.4100;47.3900;521.8400;2388.0700;8143.5200;8.4234;392.0000;0.076880;-0.241288;0.000405;Healthy;WO884914;1,871.96
2026/07/02;  ENG-092 ;75;2026-01-04 03:00:00;643.1400;1594.3600;1411.6200;553.2500;2388.1500;9043.2200;47.5000;520.6100;2388.1700;8124.4500;8.4771;393.0000;-0.067353;0.556065;0.004584;Warning;WO530138;23907.69
2026-07-02;ENG-050;48;2026-01-03 00:00:00;642.1400;1593.2800;1401.0800;553.8400;2388.0300;9053.2200;47.3200;522.0400;2388.0200;8138.9400;8.4087;393.0000;0.031695;-0.692611;0.002303;healthy;WO114355;189.95
02-Jul-2026;ENG-091;100;2026-01-05 04:00:00;642.6900;1592.0200;1411.0300;552.6500;2388.1700;9045.5200;47.5100;521.1700;2388.1200;8135.1200;8.4665;392.0000;0.002020;0.237404;0.000878;Healthy;WO767671;2737.85
02-Jul-2026;ENG-046;57;2026-01-03 09:00:00;642.2300;1598.8800;1398.3700;553.3000;2388.0700;9061.7300;47.4900;521.9300;2388.0700;8144.4700;8.4385;391.0000;0.074909;-0.366050;0.001239;Healthy;WO218566;
02-Jul-2026;ENG-073;68;2026-01-03 20:00:00;642.6000;1581.6800;1399.7200;554.8100;2388.0400;9055.5700;47.2100;521.8600;2388.0300;8138.5500;8.4080;391.0000;0.021472;-0.990298;0.001726;Healthy;WO962807;310.84
2026/07/02;ENG-081;88;2026-01-04 16:00:00;642.4000;1580.2500;1399.8900;553.7500;2388.0900;9071.4400;47.3100;521.9000;2388.0400;8151.1700;8.4022;392.0000;0.040878;-0.871024;0.000488;Healthy;WO725902;1792.40
02-Jul-2026;eng-036;64;2026-01-03 16:00:00;643.1600;1591.7300;1408.1200;553.2400;2388.1100;9058.7200;47.4800;521.0700;2388.0900;8135.5300;8.4599;393.0000;0.029074;0.243546;0.003201;healthy;WO634199;1000.28
2026/07/02;ENG-079;66;2026-01-03 18:00:00;642.5300;1588.9300;1405.2700;554.1600;2388.0500;9049.9600;47.3700;521.8400;2388.0600;8132.5400;8.4031;393.0000;0.029051;-0.476910;0.003052;healthy;WO184644;2381.03
2026-07-02;ENG-096;44;2026-01-02 20:00:00;642.4000;1590.9500;1392.6500;554.2800;2388.0900;9065.2500;47.3100;522.5400;2387.9500;8147.9300;8.3646;391.0000;0.071245;-1.064521;0.005652;Healthy;WO475148;627.02
2026-07-02;eng-031;109;2026-01-05 13:00:00;642.5400;1584.5100;1402.7400;553.7800;2387.9900;9064.0900;47.5200;522.0000;2388.0300;8151.6900;8.4156;392.0000;0.066468;-0.620271;0.000423;Healthy;WO116816;
2026/07/02;  ENG-098 ;52;2026-01-03 04:00:00;642.5300;1590.3600;1405.9700;553.9100;2388.0800;9060.4100;47.5400;521.3900;2388.0600;8136.8200;8.4473;393.0000;0.068863;-0.119218;0.001132;Healthy;WO879656;
02-Jul-2026;eng-046;96;2026-01-05 00:00:00;642.6700;1590.1600;1406.0300;553.0100;2388.0300;9077.2800;47.3600;522.0000;2388.1100;8154.8800;8.4401;392.0000;0.092275;-0.282641;0.005913;Healthy;WO705697;1364.56
2026/07/02;ENG-068;90;2026-01-04 18:00:00;642.6200;1589.7800;1410.3100;552.9700;2387.9800;9054.8300;47.3800;521.7700;2388.0800;8139.7500;8.4478;392.0000;0.070503;-0.095292;0.002613;Healthy;WO974779;2562.21
2026-07-02;ENG-079;42;2026-01-02 18:00:00;641.9800;1592.1500;1406.3200;554.3600;2388.0300;9053.0500;47.4300;521.7400;2388.0800;8130.9200;8.4465;392.0000;0.030647;-0.511067;0.002277;Healthy;WO401819;1,486.39
2026-07-02;ENG-057;69;2026-01-03 21:00:00;642.4300;1591.9800;1412.2100;554.2400;2388.0800;9050.0100;47.4600;521.4500;2388.0700;8130.5700;8.4522;393.0000;0.034974;-0.099031;0.000671;Healthy;WO529091;2189.07
2026/07/02;ENG-024;109;2026-01-05 13:00:00;642.4900;1583.5400;1403.3000;553.9500;2388.0200;9071.1300;47.2500;522.2300;2387.9200;8152.2400;8.4100;394.0000;0.053416;-0.815691;0.000946;Healthy;WO688994;2,383.81
2026-07-02;  ENG-074 ;88;2026-01-04 16:00:00;642.3000;1591.0600;1407.8700;554.4800;2388.0600;9057.0900;47.3400;521.6600;2388.0700;8141.2700;8.4166;393.0000;0.039512;-0.368630;0.001525;healthy;WO436121;194.92
2026-07-02;ENG-068;64;2026-01-03 16:00:00;642.7100;1588.6700;1405.0800;553.3800;2388.0200;9058.7800;47.4500;521.8300;2388.0800;8138.6900;8.3771;393.0000;0.042285;-0.511555;0.002231;Healthy;WO762867;2,585.05
2026-07-02;  ENG-074 ;60;2026-01-03 12:00:00;642.3000;1582.7000;1403.0900;554.1600;2388.0900;9064.8200;47.4500;521.9900;2388.0800;8137.7400;8.4398;392.0000;0.039597;-0.542676;0.002316;HEALTHY;WO173498;1,598.62
02-Jul-2026;ENG-091;137;2026-01-06 17:00:00;643.1200;1588.5300;1408.9200;553.0700;2388.1200;9048.7100;47.8600;521.1900;2388.1400;8130.3900;8.4703;394.0000;-0.014732;0.384677;0.004372;Warning;WO881346;4043.85
02-Jul-2026;  ENG-026 ;51;2026-01-03 03:00:00;641.6800;1584.4100;1400.6300;554.7000;2388.0600;9067.6100;47.1800;522.1700;2388.0300;8146.9700;8.3930;392.0000;0.028586;-1.116895;0.001092;Healthy;WO164284;2,880.20
2026-07-02;ENG-031;111;2026-01-05 15:00:00;642.3800;1586.0000;1397.3700;554.1300;2388.0200;9073.6600;47.2600;521.7700;2388.0400;8146.2300;8.4458;392.0000;0.046305;-0.781480;0.002847;healthy;WO267404;2452.05
02-Jul-2026;ENG-008;89;2026-01-04 17:00:00;642.2800;1587.5800;1410.0900;554.1700;2388.0600;9051.0900;47.3000;522.0900;2388.0200;8133.2000;8.4040;393.0000;0.025097;-0.561942;0.001495;Healthy;WO271115;1807.31
2026/07/02;ENG-031;115;2026-01-05 19:00:00;642.4800;1578.1400;1403.7300;553.1500;2388.1100;9074.4100;47.3300;521.9000;2388.0500;8146.3200;8.4498;394.0000;0.058908;-0.499120;0.000386;Healthy;WO453106;
2026/07/02;ENG-066;73;2026-01-04 01:00:00;643.0600;1580.6700;1410.7700;553.4100;2388.0700;9063.0400;47.4900;521.5200;2388.0800;8141.8800;8.4394;394.0000;0.070954;-0.042323;0.001322;healthy;WO524905;1,749.23
02-Jul-2026;ENG-098;46;2026-01-02 22:00:00;642.2300;1589.7000;1401.9600;553.6700;2388.0900;9054.0500;47.4500;522.3200;2388.0700;8136.8500;8.4417;393.0000;0.042446;-0.545846;0.001819;Healthy;WO602122;
2026-07-02;ENG-035;131;2026-01-06 11:00:00;643.2300;1597.1200;1411.9100;552.8700;2388.2500;9067.3900;47.4600;521.2000;2388.1200;8136.8700;8.4261;395.0000;-0.007112;0.532583;0.002537;Healthy;WO442808;
2026/07/02;ENG-049;161;2026-01-07 17:00:00;642.6400;1584.4100;1398.2100;554.2800;2388.0000;9064.2500;47.2500;522.1200;2388.0200;8144.9600;8.4421;393.0000;0.039436;-0.769142;0.000946;healthy;WO486515;1,880.91
2026/07/02;eng-066;80;2026-01-04 08:00:00;642.6200;1593.0300;1412.9300;553.8600;2388.1100;9067.4100;47.6300;521.3500;2388.1000;8149.3800;8.4158;394.0000;0.049612;0.286349;;Warning;WO822397;8,252.53
2026-07-02;ENG-003;49;2026-01-03 01:00:00;642.2900;1592.8500;1406.7400;553.6400;2388.1200;9047.4800;47.5400;521.5400;2388.0800;8131.2300;8.4352;394.0000;0.026677;0.018670;0.001045;Healthy;WO760874;
2026-07-02;ENG-016;72;2026-01-04 00:00:00;642.8700;1578.3500;1404.0500;554.5300;2388.1100;9051.0900;47.2200;522.6500;2388.0100;8136.5300;8.3734;393.0000;0.018214;-0.982600;0.004883;Healthy;WO944311;1,647.98
02-Jul-2026;ENG-029;64;2026-01-03 16:00:00;642.3000;1575.8500;1399.7600;554.5000;2388.0200;9055.2600;47.2300;521.7400;2388.0200;8138.1900;8.4241;393.0000;0.016208;-0.902997;0.000345;Healthy;WO970131;1,889.97
02-Jul-2026;  ENG-068 ;93;2026-01-04 21:00:00;642.1600;1593.5500;1405.1800;554.7700;2388.0600;9055.2600;47.3200;521.8300;2388.0800;8140.5900;8.3954;391.0000;0.017066;-0.792193;0.003155;Healthy;WO402604;1104.86
2026-07-02;ENG-085;23;2026-01-01 23:00:00;642.4300;1586.3500;1402.7100;553.7500;2388.1200;9050.2800;47.5700;521.7700;2388.1100;8128.5700;8.3994;392.0000;0.027234;-0.329411;0.000228;Healthy;WO749756;1843.12
02-Jul-2026;ENG-024;97;2026-01-05 01:00:00;641.8400;1584.8200;1394.8000;553.8000;2387.9400;9067.7800;47.2900;522.0400;2387.9900;8153.6000;8.3765;391.0000;0.057474;-1.130619;0.001036;Healthy;WO731791;1582.12
02-Jul-2026;ENG-011;31;2026-01-02 07:00:00;642.6200;1596.2600;1408.5000;553.5500;2388.1200;9041.5700;47.6500;520.8500;2388.1500;8122.0600;8.4177;394.0000;-0.040865;0.274195;0.000846;Healthy;WO104799;1024.49
2026/07/02;ENG-053;80;2026-01-04 08:00:00;642.3800;1600.6900;1394.1600;553.7400;2388.0800;9062.8000;47.2900;522.0700;2388.0700;8133.7800;8.4037;392.0000;0.037007;-0.653442;0.000863;Healthy;WO756733;456.17
2026-07-02;ENG-091;128;2026-01-06 08:00:00;642.1400;1590.3400;1416.0600;553.0300;2388.1200;9053.6600;47.7200;521.3000;2388.1100;8128.3800;8.4670;392.0000;0.010700;0.214346;0.001039;Healthy;WO153922;1490.18
2026/07/02;ENG-027;90;2026-01-04 18:00:00;642.4400;1587.9700;1402.3600;554.1000;2388.0400;9052.3300;47.3000;521.8100;2388.0000;8132.5300;8.3897;391.0000;0.012671;-0.774022;0.002490;Healthy;WO740529;2404.92
02-Jul-2026;eng-082;75;2026-01-04 03:00:00;642.1800;1587.5100;1409.3200;554.2200;2388.0700;9060.4800;47.5500;522.4100;2388.1200;8147.8100;8.4247;393.0000;0.046976;-0.565356;0.002490;Healthy;WO511073;391.61
2026/07/02;ENG-038;55;2026-01-03 07:00:00;643.0500;1588.7800;1414.4300;552.7500;2388.1300;9053.1200;47.6200;521.3100;2388.1600;8136.8800;8.4209;394.0000;0.005285;0.348754;0.001532;Healthy;WO183013;70.69
02-Jul-2026;ENG-043;101;2026-01-05 05:00:00;642.4600;1593.8800;1401.7100;553.4300;2388.0800;9058.6100;47.4600;521.6000;2388.0600;8127.9000;8.4485;393.0000;0.052931;-0.181729;0.000317;HEALTHY;WO865810;2924.35
02-Jul-2026;ENG-058;95;2026-01-04 23:00:00;642.3200;1589.3900;1402.6100;554.0600;2388.0100;9052.0300;47.4200;522.4200;2388.0700;8134.6700;8.4020;393.0000;0.021228;-0.791187;0.002264;Healthy;WO747966;370.94
02-Jul-2026;ENG-026;35;2026-01-02 11:00:00;642.6300;1585.6700;1400.4800;554.3500;2388.0500;9061.8700;47.2600;522.1100;2388.0100;8148.5600;8.3977;392.0000;0.039360;-0.889418;0.003098;Healthy;WO882695;1429.89
2026-07-02;eng-062;125;2026-01-06 05:00:00;642.4400;1580.5600;1396.2100;554.3300;2388.0200;9058.0600;47.3000;522.4100;2388.0300;8145.2500;8.3663;390.0000;0.053370;-1.276878;0.001953;healthy;WO869586;1,919.99
2026-07-02;ENG-045;93;2026-01-04 21:00:00;643.3600;1591.5700;1411.5100;553.5600;2388.0900;9057.3400;47.4300;520.9000;2388.1300;8138.6500;8.4447;393.0000;0.030674;0.229674;0.002051;Healthy;WO428219;2,792.84
2026/07/02;  ENG-015 ;47;2026-01-02 23:00:00;642.6600;1584.9800;1398.4200;554.4000;2388.0200;9051.7500;47.0900;522.4200;2388.0400;8138.2800;8.4264;393.0000;0.016152;-0.947100;0.003596;Healthy;WO834211;2557.37
2026-07-02;ENG-032;95;2026-01-04 23:00:00;642.3400;1587.4400;1399.8500;553.9900;2387.9900;9070.6700;47.2200;522.4800;2388.0300;8158.5000;8.4423;394.0000;0.064896;-0.727504;0.000488;Healthy;WO317105;446.45
02-Jul-2026;ENG-071;43;2026-01-02 19:00:00;642.0800;1590.2700;1390.5000;553.7300;2388.0500;9064.2300;47.3400;521.6300;2388.0300;8149.6200;8.3991;391.0000;0.032008;-0.857290;0.000423;Healthy;WO905564;315.54
2026/07/02;ENG-089;96;2026-01-05 00:00:00;642.8400;1589.4900;1410.0400;553.5500;2388.1300;9050.1000;47.4900;521.5400;2388.0400;8126.2200;8.4966;394.0000;0.024182;0.043793;0.001896;Healthy;WO601383;1,483.83
2026-07-02;ENG-024;88;2026-01-04 16:00:00;642.3700;1582.0500;1400.2700;554.8100;2388.0300;9072.9700;47.3000;522.7100;2388.0300;8150.9300;8.3887;392.0000;0.045681;-2.740351;0.004026;Healthy;WO459282;2355.84
2026/07/02;ENG-095;52;2026-01-03 04:00:00;642.4600;1581.3000;1401.5000;553.9600;2388.1000;9048.3900;47.3200;521.9400;2388.0900;8129.0100;8.4120;392.0000;0.006087;-0.608014;0.004354;healthy;WO727480;912.52
02-Jul-2026;ENG-082;68;2026-01-03 20:00:00;642.8000;1581.2200;1401.7300;554.0300;2388.0100;9064.3800;47.3200;521.7700;2388.0500;8140.7300;8.4291;391.0000;0.030254;-0.691839;0.001709;Healthy;WO333578;1,306.66
2026/07/02;ENG-057;59;2026-01-03 11:00:00;642.3600;1588.3800;1404.9900;553.6800;2388.1200;9048.9700;47.6300;521.3100;2388.0500;8127.9500;8.4291;392.0000;0.045109;-0.236572;0.000774;Healthy;WO827491;299.20
02-Jul-2026;ENG-006;43;2026-01-02 19:00:00;642.9200;1584.0800;1403.0600;553.8400;2388.1500;9056.0200;47.2900;521.4100;2388.0600;8136.3700;8.4137;394.0000;0.024519;-0.313218;0.001855;Healthy;WO389259;2821.96
02-Jul-2026;  ENG-074 ;63;2026-01-03 15:00:00;642.5500;1587.0800;1406.1100;553.3600;2388.0800;9062.1600;47.4100;521.7900;2388.1100;8142.8200;8.4187;393.0000;0.063698;-0.176396;0.001384;Healthy;WO321257;185.59
2026-07-02;eng-070;58;2026-01-03 10:00:00;642.1900;1582.7700;1399.6700;553.3300;2388.1000;9055.7100;47.4100;521.8400;2388.0600;8129.1200;8.4150;392.0000;0.023079;-0.560969;0.000518;Healthy;WO174761;2,668.35
2026/07/02;  ENG-041 ;70;2026-01-03 22:00:00;642.2800;1586.0700;1403.1300;553.6600;2388.0800;9048.1800;47.1700;522.3700;2388.0200;8128.4900;8.4007;394.0000;0.014815;-0.794421;0.004136;Healthy;WO808402;1224.77
02-Jul-2026;eng-073;41;2026-01-02 17:00:00;642.0900;1583.2500;1401.8200;553.6500;2388.0000;9051.8200;47.2600;522.5200;2388.0000;8141.0800;8.3866;391.0000;0.037559;-1.122391;0.001196;Healthy;WO581309;597.10
2026/07/02;ENG-015;27;2026-01-02 03:00:00;641.9300;1582.6600;1392.6500;554.2700;2387.9800;9053.3200;47.3700;522.1300;2388.0200;8138.6500;8.4319;393.0000;0.048168;-1.051983;0.001381;healthy;WO297725;1710.50
2026-07-02;eng-042;65;2026-01-03 17:00:00;641.9600;1587.7800;1398.4800;554.1600;2388.0100;9054.6900;47.3100;522.6100;2388.0800;8131.8300;8.4114;392.0000;0.019754;-1.004746;0.001859;Healthy;WO990145;684.19
2026/07/02;ENG-079;63;2026-01-03 15:00:00;642.4800;1591.3400;1402.2800;553.2900;2388.0800;9052.6300;47.2800;521.7100;2388.0900;8135.3100;8.4231;392.0000;0.037340;-0.425170;0.002218;Healthy;WO686242;217.92
2026/07/02;ENG-035;89;2026-01-04 17:00:00;643.0700;1594.6900;1412.2200;553.4400;2388.1000;9054.6000;47.6400;521.0200;2388.0600;8139.4500;8.4543;393.0000;0.041521;0.132386;0.002618;Healthy;WO779992;1,131.89
2026-07-02;ENG-024;82;2026-01-04 10:00:00;642.4200;1590.4500;1404.4200;554.5000;2388.0100;9072.6500;47.1700;521.9800;2387.9700;8146.2900;8.3839;391.0000;0.042092;-0.963835;0.002878;Healthy;WO716966;2191.51
2026-07-02;ENG-081;101;2026-01-05 05:00:00;642.8600;1579.9700;1404.2000;553.8200;2388.0400;9067.0300;47.4100;521.8900;2388.0500;8154.1300;8.4169;393.0000;0.060664;-0.517851;0.000930;Healthy;WO357861;1410.75
02-Jul-2026;ENG-066;93;2026-01-04 21:00:00;643.2300;1588.9100;1411.2500;553.8800;2388.0900;9072.5000;47.6200;521.2500;2388.0900;8152.8300;8.4464;392.0000;0.085217;0.173138;;Warning;WO249148;11946.67
2026-07-02;  ENG-097 ;64;2026-01-03 16:00:00;642.3500;1585.1600;1401.5700;554.2500;2388.0600;9063.1800;47.4000;522.0400;2387.9600;8146.9800;8.3767;392.0000;0.052741;-0.968419;0.001036;Healthy;WO471855;2,116.24
2026-07-02;ENG-049;139;2026-01-06 19:00:00;642.5000;1587.5900;1405.6300;554.2300;2388.0400;9055.2600;47.2400;522.2700;2388.0200;8148.7900;8.4256;394.0000;0.042871;-0.697135;0.000598;Healthy;WO415763;1266.15
2026-07-02;ENG-024;95;2026-01-04 23:00:00;642.1700;1580.7200;1387.9800;553.9800;2388.0700;9070.9700;47.2000;522.3800;2388.0400;8152.0900;8.4099;392.0000;0.056715;-1.138141;0.000977;Healthy;WO872554;1162.35
2026-07-02;ENG-081;133;2026-01-06 13:00:00;643.0200;1583.4200;1409.0000;553.0100;2388.1000;9063.5200;47.5800;521.4700;2388.0800;8144.5000;8.4309;392.0000;0.070467;0.082684;0.002037;Healthy;WO965490;
2026/07/02;ENG-029;93;2026-01-04 21:00:00;642.8000;1584.2500;1400.3200;554.1100;2388.0000;9055.1500;47.3500;521.8200;2388.0500;8136.6900;8.4266;392.0000;0.033858;-0.590698;;Healthy;WO870061;1,247.87
2026/07/02;eng-048;34;2026-01-02 10:00:00;642.5400;1585.8000;1402.3800;553.5000;2388.0800;9053.1800;47.3600;521.5800;2388.1200;8137.8700;8.4262;392.0000;0.022608;-0.519488;0.003774;Healthy;WO609754;1809.64
02-Jul-2026;  ENG-099 ;47;2026-01-02 23:00:00;642.6900;1587.9100;1399.4600;554.9700;2388.0100;9052.2100;47.2900;522.1800;2388.0000;8139.6900;8.4165;392.0000;0.038473;-1.013071;0.001794;Healthy;WO364733;2387.51
2026-07-02;ENG-025;31;2026-01-02 07:00:00;642.3900;1593.7300;1398.2400;554.0200;2388.0500;9048.9900;47.4300;521.8200;2388.0900;8136.6600;8.4248;392.0000;0.038496;-0.487652;;Healthy;WO817792;129.57
2026-07-02;ENG-028;78;2026-01-04 06:00:00;642.8600;1582.9000;1404.4400;553.6800;2388.0600;9044.7600;47.2400;521.4400;2388.1100;8121.8600;8.4127;393.0000;0.001354;-0.375512;0.007821;Healthy;WO468204;206.40
02-Jul-2026;ENG-013;84;2026-01-04 12:00:00;642.5600;1589.4700;1405.6700;554.4200;2388.0500;9062.7700;47.3300;522.3500;2388.0200;8143.6400;8.4328;390.0000;0.015538;-2.685154;0.002584;Healthy;WO254592;2,378.55
02-Jul-2026;ENG-071;46;2026-01-02 22:00:00;642.1700;1579.2500;1403.7000;554.6100;2388.0500;9065.1300;47.2900;522.1500;2388.0300;8141.8000;8.4021;390.0000;0.022504;-1.115384;0.001582;Healthy;WO886061;
2026/07/02;ENG-023;86;2026-01-04 14:00:00;641.9200;1590.0500;1404.8600;553.8900;2388.0500;9049.1800;47.2000;522.2100;2388.0100;8131.1900;8.4079;391.0000;0.020977;-0.943998;0.002086;Healthy;WO459298;1470.90
2026/07/02;ENG-018;50;2026-01-03 02:00:00;641.9900;1591.7800;1402.5200;554.4000;2388.0400;9062.4700;47.3700;522.3600;2388.0300;8150.4800;8.4071;391.0000;0.042398;-0.873514;0.001359;Healthy;WO348089;2420.28
02-Jul-2026;ENG-066;90;2026-01-04 18:00:00;642.7800;1592.4200;1404.9300;553.4500;2388.1400;9073.7900;47.6600;521.2600;2388.1200;8148.8300;8.4453;393.0000;0.083845;0.118885;0.003736;Warning;WO678815;6197.33
2026-07-02;ENG-043;82;2026-01-04 10:00:00;642.2800;1581.9900;1402.6700;554.1000;2388.1000;9054.1200;47.3500;521.7300;2388.0600;8126.3600;8.4282;394.0000;0.011263;-0.459525;0.007943;healthy;WO448622;
2026/07/02;  ENG-091 ;83;2026-01-04 11:00:00;642.4900;1599.3100;1404.2400;552.8700;2388.1200;9053.2700;47.4700;521.6600;2388.1100;8131.2300;8.4769;394.0000;0.039259;0.205810;0.001234;healthy;WO371099;2,861.44
2026-07-02;ENG-043;70;2026-01-03 22:00:00;642.7200;1591.5100;1405.0000;553.7800;2388.1100;9055.8000;47.3200;521.9800;2388.1000;8129.5100;8.4170;393.0000;0.031571;-0.369612;0.001490;HEALTHY;WO407758;2474.40
2026/07/02;  ENG-100 ;131;2026-01-06 11:00:00;642.1600;1587.6700;1404.6300;554.1900;2388.0200;9076.6700;47.4100;521.5000;2388.0600;8151.3100;8.4223;392.0000;0.052262;-0.595216;0.001915;Healthy;WO248603;548.98
2026-07-02;eng-073;58;2026-01-03 10:00:00;641.9900;1588.5400;1399.0500;554.4000;2388.0900;9054.5700;47.1000;522.4200;2388.0500;8137.0000;8.4445;392.0000;0.012940;-0.943673;0.001601;Healthy;WO262103;413.51
02-Jul-2026;ENG-084;104;2026-01-05 08:00:00;642.6500;1585.6200;1400.0000;553.8400;2388.0800;9055.7800;47.6300;521.8900;2388.1000;8136.2200;8.4052;393.0000;0.037695;-0.398255;0.001530;Healthy;WO979087;510.91
2026-07-02;eng-057;89;2026-01-04 17:00:00;642.3400;1585.5700;1410.3900;553.6200;2388.0600;9044.4000;47.4200;521.8400;2388.1000;8131.1200;8.4228;391.0000;0.022978;-0.466680;0.001709;Healthy;WO229108;949.81
2026-07-02;ENG-084;60;2026-01-03 12:00:00;642.6800;1589.4000;1403.9700;553.8400;2388.1000;9058.4400;47.5800;521.9700;2388.1000;8136.3700;8.4282;393.0000;0.059341;-0.222607;0.001857;Healthy;WO202211;
02-Jul-2026;ENG-035;110;2026-01-05 14:00:00;642.7500;1587.9600;1408.8300;553.3600;2388.1100;9060.3800;47.6300;521.0200;2388.1400;8136.0600;8.4310;392.0000;0.021054;0.203408;0.001817;Warning;WO536677;16,888.00
2026/07/02;ENG-032;96;2026-01-05 00:00:00;642.3300;1580.0600;1399.1500;553.9700;2388.0000;9071.7400;47.1800;522.3000;2388.0600;8158.7200;8.4125;392.0000;0.052781;-1.090749;0.000977;Healthy;WO720804;616.31
2026/07/02;  ENG-019 ;48;2026-01-03 00:00:00;642.5700;1586.2900;1396.0100;554.7200;2388.0700;9059.7100;47.0400;522.4700;2388.0100;8140.8400;8.4149;392.0000;0.033761;-1.004127;0.000345;Healthy;WO906349;1,599.56
2026/07/02;ENG-065;42;2026-01-02 18:00:00;642.2600;1585.8100;1396.0100;554.5000;2388.0300;9062.9500;47.2400;522.4800;2388.0100;8150.9400;8.3990;392.0000;0.026116;-2.687359;0.002490;Healthy;WO392912;1872.12
02-Jul-2026;ENG-004;50;2026-01-03 02:00:00;642.0600;1592.4300;1408.9800;553.4800;2388.0700;9058.9100;47.5300;520.9500;2388.0800;8136.5600;8.4371;393.0000;0.064328;-0.101387;0.001698;healthy;WO886568;
2026-07-02;ENG-007;89;2026-01-04 17:00:00;642.5500;1582.7400;1398.8700;554.9200;2388.0200;9063.1500;47.4100;522.2600;2388.0900;8147.6200;8.4108;393.0000;0.013975;-0.992756;0.001064;healthy;WO885278;2,287.28
2026-07-02;ENG-017;79;2026-01-04 07:00:00;641.9900;1585.3300;1399.3000;554.6900;2387.9600;9071.4800;47.5000;521.8400;2388.0200;8156.0000;8.4142;394.0000;0.046919;-0.954178;0.001337;Healthy;WO678733;1136.07
2026-07-02;eng-014;20;2026-01-01 20:00:00;642.8400;1589.0200;1408.1600;552.8600;2388.1100;9041.2000;47.4700;520.9000;2388.1400;8119.2500;8.4431;393.0000;-0.023522;0.135582;0.006424;Healthy;WO421107;558.81
2026/07/02;ENG-075;50;2026-01-03 02:00:00;642.1000;1587.4400;1403.7900;553.3700;2388.0300;9064.2700;47.4900;521.9500;2388.0600;8142.0500;8.3883;394.0000;0.053471;-0.524548;0.002348;Healthy;WO819449;839.09
02-Jul-2026;ENG-004;66;2026-01-03 18:00:00;642.6900;1593.7000;1408.2800;553.4700;2388.0700;9048.1400;47.6900;521.7000;2388.1200;8131.6200;8.4263;393.0000;0.054359;-0.037290;0.003756;Healthy;WO992377;218.29
2026-07-02;ENG-081;84;2026-01-04 12:00:00;642.2900;1588.6800;1398.6500;553.6800;2388.0900;9074.5600;47.3600;522.1700;2388.0400;8150.5400;8.4089;392.0000;0.055365;-0.686111;0.003719;Healthy;WO121234;353.84
02-Jul-2026;ENG-005;39;2026-01-02 15:00:00;642.5100;1590.8600;1408.8700;553.8200;2388.0500;9048.0500;47.3300;521.2200;2388.1200;8133.5900;8.4282;394.0000;0.035786;-0.061835;0.001826;Healthy;WO821216;2,846.81
02-Jul-2026;ENG-020;63;2026-01-03 15:00:00;642.9300;1592.7200;1404.7700;554.0600;2388.0500;9064.8300;47.3300;521.4900;2388.0800;8149.1600;8.4246;392.0000;0.065295;-0.406177;0.003044;Healthy;WO221279;623.48
2026-07-02;ENG-061;93;2026-01-04 21:00:00;642.3600;1583.5400;1405.5000;554.1200;2388.0400;9066.4700;47.1900;521.6500;2387.9700;8152.3700;8.4215;394.0000;0.045130;-0.609556;0.001601;Healthy;WO584566;1,925.25
2026-07-02;ENG-049;126;2026-01-06 06:00:00;642.7100;1584.9500;1400.0600;554.1100;2388.0500;9060.1000;47.1800;522.1300;2387.9500;8143.9500;8.3915;391.0000;0.046417;-1.019151;0.001036;Healthy;WO322174;2,185.50
02-Jul-2026;  ENG-049 ;181;2026-01-08 13:00:00;642.5900;1591.7900;1403.8200;554.2600;2388.0100;9059.9500;47.4100;522.1200;2387.9900;8141.8300;8.4618;392.0000;0.061598;-0.581347;0.002985;Healthy;WO817078;2,436.29
02-Jul-2026;ENG-091;97;2026-01-05 01:00:00;643.0400;1590.9800;1411.3900;552.8500;2388.1400;9049.2300;47.4400;521.0900;2388.1700;8129.7700;8.4454;394.0000;-0.021265;0.354172;0.004485;Healthy;WO428279;1983.37
02-Jul-2026;ENG-056;74;2026-01-04 02:00:00;643.4300;1597.0800;1413.9300;552.3500;2388.1400;9044.8800;47.7100;520.5200;2388.1900;8129.1400;8.4327;395.0000;-0.228050;0.888314;0.009099;Healthy;WO345140;1015.52
02-Jul-2026;ENG-001;19;2026-01-01 19:00:00;642.4300;1585.5800;1402.3000;553.8700;2388.0100;9046.9000;47.2500;522.0600;2388.0100;8129.3100;8.3892;391.0000;0.018496;-0.981228;0.003646;Healthy;WO999067;1710.03
2026/07/02;  ENG-064 ;79;2026-01-04 07:00:00;642.8000;1594.4200;1408.1900;553.9800;2388.0700;9055.5900;47.4600;521.8600;2388.1100;8134.0100;8.4303;394.0000;0.057487;-0.090064;0.000398;Healthy;WO670409;2278.60
2026/07/02;  ENG-097 ;62;2026-01-03 14:00:00;642.0100;1589.0000;1399.2500;553.9900;2388.0200;9069.1100;47.2300;522.4300;2388.0100;8154.2300;8.4599;391.0000;0.064267;-0.862590;0.002367;Healthy;WO284859;351.52
2026/07/02;ENG-057;98;2026-01-05 02:00:00;642.6600;1589.2300;1409.3600;553.3000;2388.1200;9050.5100;47.6100;521.4100;2388.0900;8127.3900;8.4664;393.0000;0.031774;-0.049415;0.001821;Healthy;WO604214;1016.84
2026-07-02;ENG-014;19;2026-01-01 19:00:00;642.9700;1592.7900;1402.2200;553.1100;2388.1600;9046.8400;47.6300;521.3300;2388.1600;8119.5100;8.4476;392.0000;-0.009586;0.163401;0.001034;healthy;WO529652;2442.32
2026/07/02;ENG-088;43;2026-01-02 19:00:00;642.7500;1585.5200;1402.6600;553.7400;2388.1300;9037.0100;47.5600;521.2600;2388.1300;8121.0500;8.4990;392.0000;-0.025248;0.022737;0.001921;Healthy;WO622595;1,349.24
02-Jul-2026;ENG-020;92;2026-01-04 20:00:00;642.2900;1586.2000;1401.4900;553.5900;2388.0800;9064.6000;47.5100;521.5000;2388.1200;8137.8500;8.4369;394.0000;0.061342;-0.140022;0.000477;Healthy;WO558411;69.14
02-Jul-2026;ENG-001;17;2026-01-01 17:00:00;642.1900;1582.7000;1404.1200;554.4200;2388.0600;9045.8500;47.2700;522.0900;2388.0200;8126.7800;8.4577;391.0000;0.010256;-0.855072;0.003211;Healthy;WO534038;456.11
02-Jul-2026;eng-080;46;2026-01-02 22:00:00;642.5200;1585.2900;1407.3600;553.9200;2388.1100;9064.2600;47.3400;521.4200;2388.0600;8140.6800;8.4138;393.0000;0.044338;-0.366467;0.000532;Healthy;WO556827;2244.25
2026-07-02;ENG-073;51;2026-01-03 03:00:00;641.9500;1586.0700;1385.2100;554.0700;2387.9700;9054.4100;47.3000;521.5900;2388.0100;8134.7900;8.4092;393.0000;0.033665;-1.045836;0.001465;Healthy;WO448083;1,743.22
2026/07/02;ENG-060;52;2026-01-03 04:00:00;642.1300;1583.1600;1402.2200;553.3100;2388.0900;9050.0300;47.6800;521.4600;2388.0600;8127.7000;8.4303;394.0000;0.044738;-0.215274;0.002470;Healthy;WO608211;190.61
2026/07/02;  ENG-018 ;65;2026-01-03 17:00:00;642.2700;1588.6500;1397.0700;553.8700;2388.0200;9064.0800;47.4600;522.2000;2388.0300;8146.7700;8.4499;393.0000;0.065391;-0.598872;0.001794;Healthy;WO927387;964.83
2026/07/02;ENG-083;43;2026-01-02 19:00:00;642.0200;1586.2000;1401.2700;553.6200;2387.9800;9057.4200;47.3800;522.0100;2388.0200;8139.3700;8.4374;393.0000;0.040768;-0.740335;0.002490;Healthy;WO865856;76.09
02-Jul-2026;eng-007;90;2026-01-04 18:00:00;642.3800;1591.7800;1395.2700;554.6800;2388.0100;9056.7300;47.1900;522.6000;2388.0100;8138.1800;8.4295;393.0000;0.028507;-0.980696;0.002502;Healthy;WO200120;2,524.87
2026/07/02;  ENG-062 ;83;2026-01-04 11:00:00;642.1700;1583.3700;1393.1800;554.3800;2387.9700;9057.2000;47.2100;522.8200;2387.9700;8140.6000;8.3985;391.0000;0.068261;-1.224469;0.001145;Healthy;WO357303;2,148.04
2026-07-02;ENG-008;84;2026-01-04 12:00:00;642.5200;1597.5800;1398.1000;552.3800;2388.1000;9053.8400;47.4700;521.5000;2388.1100;8132.0500;8.4496;393.0000;0.065461;0.010071;0.001105;Healthy;WO760128;1043.84
2026/07/02;ENG-006;52;2026-01-03 04:00:00;642.7600;1595.7100;1407.2500;553.4400;2388.1400;9059.7200;47.5000;521.5500;2388.0700;8133.9400;8.4176;394.0000;0.061110;-0.078699;0.003514;Healthy;WO205582;2171.90
2026-07-02;ENG-024;92;2026-01-04 20:00:00;642.6300;1576.9600;1395.1100;554.8200;2388.0000;9067.1100;47.3100;521.9400;2388.0600;8149.8900;8.4162;393.0000;0.027992;-0.973959;0.001145;HEALTHY;WO239041;1824.36
02-Jul-2026;ENG-026;29;2026-01-02 05:00:00;642.2400;1582.7400;1397.6900;554.4700;2387.9800;9065.2100;47.2300;521.8100;2388.0200;8144.2200;8.3919;392.0000;0.025248;-0.987969;0.001359;Healthy;WO340581;1826.97
2026/07/02;  ENG-011 ;50;2026-01-03 02:00:00;642.9200;1591.4200;1410.9600;553.2100;2388.1800;9033.0400;47.6700;521.6700;2388.1700;8119.6000;8.4825;394.0000;-0.057535;0.334720;0.007678;Healthy;WO874825;572.39
2026-07-02;ENG-013;128;2026-01-06 08:00:00;642.2900;1583.8400;1398.0600;554.1600;2388.0000;9056.6000;47.1700;522.0300;2388.0700;8138.9800;8.4218;392.0000;0.014707;-0.960007;0.001381;Healthy;WO973931;2,035.68
02-Jul-2026;ENG-023;65;2026-01-03 17:00:00;642.0500;1582.7300;1394.6600;554.5600;2387.9600;9053.3500;47.0700;522.3300;2388.0300;8139.1400;8.4067;390.0000;0.039125;-1.264624;0.002719;Healthy;WO823976;1,687.20
2026-07-02;  ENG-021 ;77;2026-01-04 05:00:00;642.2700;1582.0100;1402.8900;554.5500;2388.0200;9054.5000;47.3400;522.2600;2388.0300;8139.4400;8.3876;392.0000;0.012133;-0.939784;0.001761;Healthy;WO217536;2,308.63
2026-07-02;ENG-030;72;2026-01-04 00:00:00;642.3100;1581.3100;1404.6100;554.1200;2388.1000;9042.7000;47.5100;521.2200;2388.1000;8128.9200;8.4061;393.0000;0.008379;-0.387493;0.008097;Healthy;WO883747;532.42
02-Jul-2026;ENG-053;66;2026-01-03 18:00:00;642.6900;1588.8400;1410.4100;553.7700;2388.1100;9054.5100;47.1800;522.1400;2388.0300;8141.8900;8.4374;394.0000;0.044723;-0.423253;0.001125;healthy;WO263361;536.83
02-Jul-2026;eng-022;24;2026-01-02 00:00:00;642.8600;1587.7400;1409.6500;552.7300;2388.0800;9041.3200;47.4600;521.5800;2388.0800;8128.4700;8.4282;391.0000;0.039931;-0.262019;0.001601;Healthy;WO317327;950.31
2026-07-02;eng-012;124;2026-01-06 04:00:00;642.4500;1587.9700;1396.6700;554.4100;2387.9900;9062.6700;47.2700;521.8200;2388.0600;8138.5500;8.3932;391.0000;0.017650;-0.880641;0.000423;healthy;WO315471;1838.71
2026-07-02;ENG-024;68;2026-01-03 20:00:00;642.4800;1584.9600;1399.8100;555.2000;2387.9900;9064.1300;47.1200;521.8900;2387.9800;8148.9000;8.4037;391.0000;0.030119;-2.646248;0.003312;healthy;WO324259;315.58
02-Jul-2026;ENG-019;54;2026-01-03 06:00:00;642.5700;1583.0700;1405.4900;554.5400;2388.0400;9057.4500;47.2500;521.9300;2388.0600;8136.9700;8.3775;393.0000;-0.006220;-0.876527;0.007201;Healthy;WO397858;2412.82
02-Jul-2026;eng-072;74;2026-01-04 02:00:00;642.3600;1586.8400;1403.6100;553.7000;2388.0800;9063.1000;47.4000;522.4700;2388.0300;8150.4500;8.4286;393.0000;0.062081;-0.597165;0.001983;Healthy;WO968726;1542.69
2026/07/02;ENG-030;70;2026-01-03 22:00:00;642.7100;1588.8000;1404.7100;553.5800;2388.1600;9044.7900;47.5800;521.7100;2388.1100;8128.4400;8.4352;393.0000;0.030637;-0.151042;0.002499;Healthy;WO845810;2,394.90
2026-07-02;ENG-095;51;2026-01-03 03:00:00;642.0500;1581.1400;1401.6600;554.0100;2388.0700;9044.3600;47.4300;522.2200;2388.0800;8132.0800;8.4421;393.0000;0.011126;-0.738941;;Healthy;WO651399;1595.86
2026/07/02;ENG-082;94;2026-01-04 22:00:00;642.4300;1588.7900;1404.2500;554.2500;2388.0300;9062.5800;47.3700;522.4500;2388.0600;8148.6700;8.4222;392.0000;0.048256;-0.651955;0.000897;Healthy;WO776654;2429.71
2026-07-02;ENG-057;85;2026-01-04 13:00:00;642.6200;1589.4100;1404.9000;553.5300;2388.0400;9046.3100;47.5100;521.7100;2388.0500;8133.0100;8.3991;393.0000;0.033766;-0.439092;0.001354;Healthy;WO436026;
2026/07/02;ENG-086;53;2026-01-03 05:00:00;642.9900;1586.0600;1402.5300;553.6500;2388.0700;9056.9600;47.4700;521.0400;2388.0800;8140.7400;8.4331;393.0000;0.051510;-0.170405;0.000525;HEALTHY;WO517012;
02-Jul-2026;ENG-082;98;2026-01-05 02:00:00;642.1900;1586.4000;1403.3400;554.2300;2388.1200;9064.4500;47.5200;521.3300;2388.1200;8140.3500;8.4281;393.0000;0.046728;-0.227804;0.002737;Healthy;WO734257;2,236.63
2026/07/02;ENG-006;54;2026-01-03 06:00:00;642.6600;1592.3200;1404.0400;554.2500;2388.0900;9054.8500;47.4100;521.4100;2388.1100;8133.9300;8.4330;392.0000;0.034889;-0.339685;0.000525;Healthy;WO169987;961.49
02-Jul-2026;eng-022;19;2026-01-01 19:00:00;642.5200;1597.6000;1407.5500;553.9800;2388.0400;9044.9100;47.5100;521.3600;2388.0800;8125.8900;8.4510;393.0000;0.045139;-0.117897;0.002417;Healthy;WO115697;1646.74
2026/07/02;ENG-100;111;2026-01-05 15:00:00;642.2300;1581.9500;1401.4700;553.6500;2388.0300;9068.5100;47.3500;522.2100;2387.9800;8148.2200;8.4004;391.0000;0.066187;-1.083507;0.001245;Healthy;WO189717;1184.51
2026-07-02;ENG-043;109;2026-01-05 13:00:00;642.4500;1586.9700;1410.9900;553.6300;2388.0900;9051.3700;47.2800;521.9400;2388.1500;8130.1600;8.4246;392.0000;0.033300;-0.158179;0.003599;Healthy;WO622590;1945.36
2026/07/02;ENG-091;116;2026-01-05 20:00:00;642.7900;1594.2600;1406.3200;553.0600;2388.1200;9051.7000;47.5200;522.0900;2388.1100;8129.5600;8.4424;393.0000;0.056252;-0.006404;0.002158;Healthy;WO559996;1,706.08
02-Jul-2026;ENG-062;135;2026-01-06 15:00:00;641.7700;1583.5600;1404.5400;553.3800;2388.0000;9058.3600;47.2400;521.8700;2388.0100;8143.1800;8.3786;391.0000;0.032183;-0.985356;0.001875;Healthy;WO371742;385.76
2026/07/02;ENG-051;85;2026-01-04 13:00:00;642.3800;1587.0900;1402.5500;553.9200;2388.0900;9044.5500;47.5100;521.7200;2388.1200;8132.7400;8.4063;392.0000;0.014475;-0.549561;0.001647;Healthy;WO480850;1,070.32
2026-07-02;ENG-077;67;2026-01-03 19:00:00;642.4900;1592.5200;1397.4900;554.6200;2388.1000;9054.1700;47.4400;522.3800;2388.0800;8132.3100;8.4250;392.0000;0.019681;-0.696801;0.000846;Healthy;WO553562;2,121.34
2026-07-02;eng-058;91;2026-01-04 19:00:00;642.5000;1588.0500;1402.7200;553.2300;2388.1100;9052.8900;47.5000;521.9500;2388.1300;8137.6200;8.4292;393.0000;0.042264;-0.430580;0.000122;Healthy;WO868488;730.21
2026/07/02;eng-035;100;2026-01-05 04:00:00;642.9600;1595.5000;1416.7800;552.7300;2388.1700;9060.5600;47.7000;521.3500;2388.0700;8140.2300;8.4555;393.0000;0.011100;0.500435;0.000669;warning;WO310787;20223.95
2026-07-02;ENG-029;65;2026-01-03 17:00:00;642.4500;1583.7400;1402.6500;554.3500;2388.0500;9054.8000;47.1600;522.6000;2388.0700;8137.4300;8.4197;393.0000;0.021978;-0.834015;0.000772;Healthy;WO370840;1276.10
2026-07-02;eng-086;74;2026-01-04 02:00:00;642.8700;1585.1600;1412.2900;553.3300;2388.0700;9066.4300;47.4500;522.1300;2388.0200;8141.9800;8.4373;393.0000;0.072526;-0.303722;0.001667;Healthy;WO212276;101.18
2026-07-02;eng-087;33;2026-01-02 09:00:00;641.7100;1575.8100;1397.6400;554.1000;2388.0500;9056.1600;47.2900;521.5300;2388.0100;8138.8900;8.4220;392.0000;0.027456;-1.051116;0.001424;healthy;WO266925;2633.88
2026-07-02;ENG-035;114;2026-01-05 18:00:00;643.1300;1590.8700;1412.9700;553.1100;2388.1600;9059.2700;47.6900;521.3000;2388.1400;8139.0200;8.4660;393.0000;0.012649;0.356020;0.001903;Warning;WO206858;24,919.40
2026/07/02;ENG-055;50;2026-01-03 02:00:00;642.3200;1586.6600;1399.2200;554.4200;2388.0000;9055.6300;47.2900;522.5000;2388.0700;8139.7800;8.4407;391.0000;0.032089;-1.066833;0.001145;healthy;WO430456;95.60
02-Jul-2026;eng-054;49;2026-01-03 01:00:00;642.3100;1587.7900;1397.6100;553.9000;2387.9600;9055.9600;47.0900;522.1500;2388.0000;8141.2000;8.3988;391.0000;0.047026;-1.115918;0.000772;Healthy;WO841070;309.57
2026-07-02;ENG-046;81;2026-01-04 09:00:00;642.4800;1591.0200;1411.7900;553.4900;2388.0700;9077.2600;47.3600;521.7700;2388.0200;8142.8900;8.4264;392.0000;0.080819;-0.284860;0.003075;healthy;WO152031;2726.89
2026-07-02;ENG-042;58;2026-01-03 10:00:00;642.2900;1582.2900;1394.2700;553.4400;2388.0800;9049.9400;47.2500;521.9300;2388.1100;8130.7100;8.3864;392.0000;-0.004255;-0.807661;0.002290;Healthy;WO304789;179.50
2026/07/02;ENG-035;88;2026-01-04 16:00:00;642.8800;1586.7200;1419.7700;553.6900;2388.1000;9049.3200;47.6700;521.0700;2388.0900;8136.7500;8.4158;394.0000;0.008270;0.107024;0.001875;Healthy;WO136483;2,024.71
02-Jul-2026;ENG-041;67;2026-01-03 19:00:00;642.3300;1592.5000;1407.9600;554.5200;2388.0400;9047.8400;47.3800;522.0200;2388.0600;8129.5300;8.4124;393.0000;0.024092;-2.684241;0.002392;Healthy;WO767913;1277.64
2026-07-02;eng-056;49;2026-01-03 01:00:00;642.5600;1584.3000;1415.8200;552.5900;2388.1300;9049.6800;47.7200;521.2900;2388.1700;8128.5700;8.4467;394.0000;-0.032132;0.400925;0.002781;Healthy;WO386046;
2026-07-02;ENG-056;47;2026-01-02 23:00:00;642.8300;1583.2600;1403.8200;552.8400;2388.1400;9040.8700;47.3500;520.9800;2388.1400;8126.2800;8.4409;393.0000;-0.006565;-0.018832;0.004692;Healthy;WO727168;890.75
2026-07-02;ENG-085;21;2026-01-01 21:00:00;642.9000;1587.2900;1406.4600;553.6900;2388.0700;9054.9400;47.6200;521.6100;2388.0600;8133.3700;8.4488;394.0000;0.052616;0.013382;0.004261;Healthy;WO482433;615.98
2026/07/02;ENG-028;73;2026-01-04 01:00:00;641.8900;1592.6200;1407.8000;554.1800;2388.1200;9044.9000;47.5200;521.2200;2388.1100;8134.0600;8.4298;393.0000;0.034373;-0.202067;0.001336;Healthy;WO778992;382.90
2026/07/02;ENG-066;75;2026-01-04 03:00:00;642.7000;1593.6300;1410.3800;553.1200;2388.0800;9070.3500;47.5000;521.8800;2388.0900;8152.0100;8.4251;394.0000;0.115130;0.089158;0.007267;Warning;WO127087;23,267.99
2026/07/02;eng-089;100;2026-01-05 04:00:00;642.0700;1591.7200;1400.9000;552.9600;2388.1300;9045.8700;47.4100;521.4600;2388.1300;8123.4100;8.4270;392.0000;0.031949;-0.158537;0.003245;Healthy;WO192472;175.71
2026/07/02;ENG-058;87;2026-01-04 15:00:00;642.6700;1582.3700;1396.8300;553.3000;2388.0500;9051.7500;47.4900;521.7400;2388.0500;8124.2900;8.4260;392.0000;0.027763;-0.542438;0.000000;Healthy;WO287132;2,052.89
2026-07-02;ENG-095;58;2026-01-03 10:00:00;642.1200;1579.2400;1399.6700;553.8100;2388.1300;9047.0200;47.4300;521.9400;2388.0800;8135.8000;8.4092;392.0000;-0.002333;-0.798476;0.005338;Healthy;WO650261;1315.99
2026/07/02;eng-055;51;2026-01-03 03:00:00;641.7900;1589.2800;1400.3500;553.5800;2388.0600;9058.9300;47.4800;522.5900;2388.0700;8131.1300;8.4123;392.0000;0.035824;-0.746932;0.001007;Healthy;WO242807;2520.70
2026-07-02;eng-020;78;2026-01-04 06:00:00;642.6700;1591.8300;1409.2200;554.0100;2388.0400;9065.9200;47.3500;521.5200;2388.0600;8139.5600;8.4480;393.0000;0.064544;-0.110229;0.001088;healthy;WO753342;1479.36
2026/07/02;ENG-070;61;2026-01-03 13:00:00;641.8500;1585.1100;1410.7300;554.2300;2388.0600;9055.9600;47.2000;521.4500;2388.0600;8134.4900;8.4282;391.0000;0.016821;-0.597652;0.005486;Healthy;WO367949;913.39
2026-07-02;ENG-008;72;2026-01-04 00:00:00;642.2400;1585.3200;1404.7400;554.3500;2388.1000;9056.2900;47.3200;521.6800;2388.1200;8132.9800;8.4237;391.0000;0.014207;-0.506628;0.002904;Healthy;WO172979;
2026-07-02;ENG-010;100;2026-01-05 04:00:00;641.9500;1579.6300;1398.4900;554.2600;2388.0200;9064.1400;47.1700;522.0200;2388.0200;8146.2700;8.3815;391.0000;0.027732;-1.084826;0.000691;Healthy;WO359821;153.89
2026/07/02;ENG-034;69;2026-01-03 21:00:00;642.2500;1587.2800;1398.3800;554.3200;2387.9900;9065.4000;47.2200;522.5200;2388.0000;8142.8200;8.4165;393.0000;0.021642;-2.657625;0.002930;Healthy;WO852344;2538.01
2026/07/02;ENG-049;121;2026-01-06 01:00:00;642.4100;1592.4400;1404.3600;554.7500;2388.0200;9062.9900;47.2700;521.9100;2388.0200;8141.7800;8.4115;393.0000;0.037596;-0.720680;0.001145;HEALTHY;WO146671;190.87
2026-07-02;eng-068;70;2026-01-03 22:00:00;642.3100;1581.6700;1398.0800;553.5700;2388.1100;9049.5500;47.4100;521.7600;2388.0800;8140.6000;8.4257;392.0000;0.027538;-0.590878;0.001455;Healthy;WO587520;1069.71
2026-07-02;ENG-057;62;2026-01-03 14:00:00;642.4700;1593.1700;1412.9400;553.9800;2388.0500;9051.5500;47.4600;521.9800;2388.0500;8130.4100;8.4211;392.0000;0.058237;-0.204424;0.002223;Healthy;WO542155;1,315.44
02-Jul-2026;eng-003;83;2026-01-04 11:00:00;642.7300;1592.6600;1411.4000;553.3000;2388.1400;9050.6600;47.7100;521.3700;2388.1700;8132.5700;8.4333;393.0000;0.004003;0.251651;0.002454;Healthy;WO867918;1,530.31
2026-07-02;eng-003;74;2026-01-04 02:00:00;642.4600;1588.1500;1408.2700;553.4600;2388.1600;9051.6100;47.6100;521.5000;2388.1400;8127.6900;8.4202;395.0000;0.005527;0.049544;0.001756;Healthy;WO477031;2319.45
2026-07-02;ENG-073;55;2026-01-03 07:00:00;642.6700;1582.2800;1399.6200;554.4300;2387.9400;9050.2400;47.1100;521.9600;2388.0600;8138.1300;8.4100;391.0000;0.010607;-0.958794;0.001402;Healthy;WO346849;209.90
02-Jul-2026;ENG-058;83;2026-01-04 11:00:00;642.1500;1595.5300;1407.5100;553.9200;2388.0200;9049.1400;47.3400;521.5700;2388.0500;8134.5200;8.4082;393.0000;0.042711;-0.414731;0.003136;Healthy;WO598151;334.60
2026/07/02;  ENG-088 ;37;2026-01-02 13:00:00;642.7700;1583.6600;1408.4600;552.9400;2388.1000;9041.3700;47.6100;521.7000;2388.1000;8120.1700;8.4487;395.0000;0.013492;-0.055872;0.001734;Healthy;WO594880;992.67
2026/07/02;ENG-090;71;2026-01-03 23:00:00;642.4700;1586.8100;1408.9000;553.1700;2388.0600;9057.1000;47.5100;521.8600;2388.0700;8136.2200;8.4137;394.0000;0.071121;-0.046101;0.000515;Healthy;WO575011;1316.15
2026/07/02;  ENG-005 ;37;2026-01-02 13:00:00;642.3300;1588.2100;1408.3900;553.2700;2388.1400;9057.6500;47.5400;521.3500;2388.1000;8129.7900;8.4637;393.0000;0.019829;0.107563;0.003969;Warning;WO402975;14,651.79
02-Jul-2026;ENG-084;70;2026-01-03 22:00:00;642.8100;1589.1100;1403.2800;553.7600;2388.0900;9061.7800;47.5100;521.3100;2388.0600;8139.2400;8.4109;394.0000;0.064010;-0.197781;0.000432;Healthy;WO461459;2,417.69
02-Jul-2026;eng-051;58;2026-01-03 10:00:00;642.2800;1580.2000;1406.2600;553.2000;2388.0500;9049.9800;47.4400;522.0900;2388.0800;8129.6800;8.4546;391.0000;0.027110;-0.599408;0.001752;Healthy;WO184250;2859.78
2026/07/02;ENG-061;70;2026-01-03 22:00:00;642.5400;1582.2600;1402.5200;554.9000;2388.0300;9066.3100;47.3500;521.7300;2387.9400;8148.9500;8.4054;393.0000;0.027951;-2.625596;0.004257;Healthy;WO924773;1,615.04
2026-07-02;ENG-015;38;2026-01-02 14:00:00;642.0400;1590.6700;1404.3000;553.6800;2388.0500;9061.9400;47.2300;522.3000;2388.0600;8139.9600;8.4334;393.0000;-0.033808;-2.647190;0.002584;healthy;WO118886;2129.63
02-Jul-2026;ENG-090;79;2026-01-04 07:00:00;642.1100;1588.3600;1404.3700;553.4100;2388.0800;9066.3000;47.5100;520.9900;2388.0900;8138.8300;8.4237;393.0000;0.063053;-0.206669;0.001920;HEALTHY;WO752035;1155.84
2026/07/02;ENG-095;40;2026-01-02 16:00:00;642.2400;1584.9800;1406.1100;554.2600;2388.0100;9045.8500;47.1300;521.9200;2388.0000;8128.6500;8.4324;392.0000;0.005108;-0.736170;0.000691;healthy;WO241863;86.88
2026/07/02;  ENG-058 ;101;2026-01-05 05:00:00;642.8200;1585.2600;1398.1400;553.9500;2388.1200;9057.5800;47.3500;522.5400;2388.0600;8136.5500;8.4114;392.0000;0.021713;-0.698533;0.002218;Healthy;WO121892;2856.48
2026-07-02;ENG-081;125;2026-01-06 05:00:00;642.7900;1586.6800;1406.2000;553.4100;2388.0600;9067.3200;47.3700;521.7200;2388.0700;8154.4600;8.4618;393.0000;0.082255;-0.187486;0.000863;Healthy;WO796799;2859.31
2026-07-02;ENG-040;68;2026-01-03 20:00:00;642.5700;1592.7400;1414.1500;552.5200;2388.1000;9058.8800;47.6200;521.1900;2388.1200;8131.4400;8.4292;395.0000;0.016424;0.303152;0.003446;WARNING;WO302076;7,900.04
2026-07-02;ENG-013;130;2026-01-06 10:00:00;642.2800;1590.4800;1397.7600;553.8900;2388.0300;9056.2000;47.3800;522.2200;2388.0500;8141.0000;8.4528;394.0000;0.056638;-0.552744;0.002411;Healthy;WO819140;1437.74
2026-07-02;ENG-020;79;2026-01-04 07:00:00;642.3600;1589.8700;1403.7600;554.5000;2388.0700;9059.4600;47.2300;522.1800;2388.0300;8149.5400;8.4122;394.0000;0.035148;-0.750651;0.001794;Healthy;WO107091;
2026/07/02;  ENG-071 ;25;2026-01-02 01:00:00;641.7000;1591.0200;1397.8300;554.6100;2387.9800;9060.4900;47.2300;522.4300;2388.0000;8142.7300;8.4098;392.0000;0.044038;-1.081472;0.001983;Healthy;WO901351;2,763.37
02-Jul-2026;ENG-043;104;2026-01-05 08:00:00;643.2900;1594.2300;1403.1600;553.3400;2388.0600;9053.6200;47.5800;521.3900;2388.0400;8129.0300;8.4147;393.0000;0.060647;-0.013341;0.000026;healthy;WO871081;2,066.92
02-Jul-2026;ENG-075;49;2026-01-03 01:00:00;642.7800;1599.5600;1404.7400;553.8300;2388.0300;9056.5200;47.4900;521.6200;2388.1300;8139.0500;8.4054;393.0000;0.067804;-0.198102;0.000876;Healthy;WO904332;2633.53
2026-07-02;ENG-002;23;2026-01-01 23:00:00;642.6900;1591.1300;1407.8200;553.7500;2388.1500;9048.3100;47.3300;522.1200;2388.1100;8126.0700;8.4435;393.0000;0.033810;-0.249095;0.001590;Healthy;WO242409;
02-Jul-2026;ENG-043;73;2026-01-04 01:00:00;642.4900;1590.9000;1406.9500;554.0600;2388.1000;9051.3100;47.5300;521.6400;2388.1300;8131.2200;8.4150;392.0000;0.040126;-0.170878;0.001200;healthy;WO967476;1042.85
2026/07/02;ENG-013;119;2026-01-05 23:00:00;642.7100;1585.2100;1403.3700;553.6900;2388.0000;9063.9800;47.2000;522.3100;2388.0300;8145.1600;8.3986;392.0000;0.038770;-0.956756;0.002686;Healthy;WO979339;1060.41
2026-07-02;ENG-062;98;2026-01-05 02:00:00;641.8700;1584.7800;1395.9200;555.1900;2388.0100;9060.6400;47.2200;522.3500;2388.0200;8142.1800;8.3984;394.0000;0.021927;-1.149198;0.000913;Healthy;WO411812;296.51
02-Jul-2026;ENG-062;147;2026-01-07 03:00:00;642.1700;1587.0100;1408.6900;554.1000;2388.0700;9055.4800;47.1600;522.2000;2388.0100;8142.6000;8.3839;393.0000;0.015821;-0.868480;0.001064;Healthy;WO974249;1,378.68
02-Jul-2026;ENG-028;85;2026-01-04 13:00:00;642.8600;1585.0600;1400.4000;553.9100;2388.1400;9049.9300;47.3900;521.5800;2388.0600;8126.4400;8.4305;393.0000;0.018530;-0.382399;0.002688;healthy;WO174483;1,867.13
02-Jul-2026;ENG-026;38;2026-01-02 14:00:00;642.1300;1586.2200;1395.8100;554.1300;2387.9700;9064.4000;47.2300;522.0100;2387.9900;8147.6300;8.4312;392.0000;0.060225;-1.095255;0.002043;HEALTHY;WO364328;2687.94
02-Jul-2026;eng-089;98;2026-01-05 02:00:00;642.8200;1584.7500;1406.7500;553.6400;2388.0700;9043.4400;47.3000;521.8600;2388.0700;8124.9500;8.4501;392.0000;0.026952;-0.260673;0.002048;Healthy;WO142060;965.32
2026/07/02;ENG-025;28;2026-01-02 04:00:00;642.3100;1585.8600;1393.7600;553.6300;2388.1100;9044.7300;47.4400;521.9900;2388.0300;8135.3700;8.3901;392.0000;0.012494;-0.685580;0.000712;Healthy;WO900925;788.27
2026/07/02;ENG-035;85;2026-01-04 13:00:00;642.6900;1585.5600;1408.0000;553.3300;2388.0800;9056.0400;47.5500;521.0400;2388.2100;8134.6000;8.4020;393.0000;0.028809;0.004449;0.000674;Healthy;WO675551;152.20
02-Jul-2026;ENG-018;75;2026-01-04 03:00:00;642.1300;1589.7100;1404.0500;554.3400;2388.0300;9064.9600;47.3400;522.1400;2388.0400;8147.4700;8.4127;392.0000;0.041076;-0.881317;0.003555;Healthy;WO156405;2577.47
2026/07/02;ENG-041;65;2026-01-03 17:00:00;642.3500;1582.4500;1401.1200;553.9300;2388.0100;9047.3300;47.3400;521.5500;2388.0500;8127.6500;8.3840;392.0000;-0.005952;-0.872903;0.004360;Healthy;WO886873;2,135.36
02-Jul-2026;  ENG-024 ;111;2026-01-05 15:00:00;641.9700;1589.1800;1403.0200;555.1500;2387.9800;9072.9000;47.1500;522.2800;2388.0000;8153.4700;8.3860;391.0000;0.039519;-1.150932;0.000488;Healthy;WO948466;1722.71
02-Jul-2026;ENG-084;71;2026-01-03 23:00:00;643.1500;1589.4000;1406.1100;553.6200;2388.0900;9051.4500;47.4500;521.6500;2388.0400;8134.0000;8.3932;393.0000;0.042086;-0.271226;0.001462;Healthy;WO295438;1,762.00
02-Jul-2026;ENG-074;58;2026-01-03 10:00:00;642.3400;1595.4100;1408.5200;553.7100;2388.0800;9062.9100;47.5000;522.0700;2388.0900;8140.6400;8.4225;392.0000;0.071278;-0.257358;0.000727;Healthy;WO365815;2,993.98
2026-07-02;eng-079;35;2026-01-02 11:00:00;642.3500;1585.3400;1400.5100;554.3900;2388.1100;9054.9200;47.2400;521.7200;2388.0000;8133.1900;8.4498;393.0000;0.017663;-0.654303;0.001769;Warning;WO691162;16,620.12
02-Jul-2026;ENG-084;115;2026-01-05 19:00:00;642.8100;1593.6200;1402.6600;553.3500;2388.1100;9053.5300;47.3600;521.3000;2388.1400;8130.3900;8.4374;394.0000;0.033597;0.015035;0.000966;warning;WO699027;1878.33
2026-07-02;ENG-030;53;2026-01-03 05:00:00;643.0700;1594.8200;1403.4700;553.8700;2388.1200;9046.9400;47.4900;521.2600;2388.0700;8129.6900;8.4410;392.0000;0.037880;-0.029294;0.000804;Healthy;WO465379;
02-Jul-2026;ENG-072;58;2026-01-03 10:00:00;642.3500;1586.3800;1395.6300;553.5700;2388.0700;9062.1400;47.3100;521.7600;2388.0800;8138.0500;8.3999;392.0000;0.013738;-0.780906;0.000946;Healthy;WO414393;689.48
02-Jul-2026;  ENG-048 ;29;2026-01-02 05:00:00;642.9800;1596.1300;1404.1900;553.3300;2388.0800;9059.9600;47.5000;521.6300;2388.0400;8139.6000;8.4082;393.0000;0.071099;-0.221271;0.002912;Healthy;WO993867;318.83
02-Jul-2026;ENG-074;69;2026-01-03 21:00:00;643.0900;1589.0500;1408.9600;554.8000;2388.1400;9051.0700;47.5700;521.3800;2388.0700;8135.2300;8.4442;393.0000;0.022960;-0.044042;0.002901;Healthy;WO546319;2198.15
02-Jul-2026;ENG-100;96;2026-01-05 00:00:00;642.2400;1590.9000;1405.2400;553.9600;2388.0700;9060.6500;47.3200;521.4600;2388.0700;8144.3600;8.4025;391.0000;0.035752;-0.659925;0.002985;Healthy;WO906646;964.70
2026-07-02;eng-093;133;2026-01-06 13:00:00;643.0500;1598.0000;1413.8100;553.3400;2388.0700;9053.5400;47.4200;520.6700;2388.1300;8135.0700;8.4624;394.0000;-0.005977;0.445984;0.001292;Healthy;WO605013;592.91
02-Jul-2026;ENG-080;85;2026-01-04 13:00:00;642.5000;1585.6300;1397.5700;553.7000;2388.0600;9063.2200;47.3100;522.0600;2388.0300;8147.2800;8.4253;394.0000;0.050723;-0.611780;;Healthy;WO804768;659.47
2026-07-02;eng-013;66;2026-01-03 18:00:00;642.1800;1574.4200;1401.6600;554.4500;2388.0300;9056.8300;47.1500;521.9500;2388.0700;8146.2700;8.4024;392.0000;0.009479;-0.972174;0.001907;Healthy;WO544859;2,234.78
2026/07/02;eng-012;84;2026-01-04 12:00:00;641.9200;1586.1800;1401.0000;554.0700;2387.9900;9052.4000;47.1200;521.8000;2388.0700;8142.7200;8.4369;393.0000;0.006229;-0.880991;;Healthy;WO824668;1826.09
2026-07-02;eng-100;129;2026-01-06 09:00:00;642.1300;1595.0000;1411.2000;553.9100;2388.0100;9067.3700;47.3200;522.1600;2388.0600;8150.5300;8.4214;394.0000;0.074159;-0.389222;0.000440;Healthy;WO614080;758.62
02-Jul-2026;  ENG-068 ;93;2026-01-04 21:00:00;642.1600;1593.5500;1405.1800;554.7700;2388.0600;9055.2600;47.3200;521.8300;2388.0800;8140.5900;8.3954;391.0000;0.017066;-0.792193;0.003155;Healthy;WO402604;1104.86
02-Jul-2026;ENG-089;115;2026-01-05 19:00:00;642.0600;1589.4500;1409.4100;553.4300;2388.1200;9051.6100;47.6100;520.9400;2388.0700;8129.9800;8.4465;393.0000;0.016512;0.024752;0.000886;Healthy;WO662660;1,909.10
2026/07/02;eng-023;77;2026-01-04 05:00:00;642.4500;1579.5900;1396.0500;554.7400;2388.0500;9052.6400;47.3200;522.2300;2387.9800;8131.8300;8.4081;392.0000;0.033907;-1.029664;0.000598;Healthy;WO622502;240.33
2026/07/02;  ENG-087 ;28;2026-01-02 04:00:00;641.9400;1585.4100;1404.5200;554.0000;2388.1000;9059.9400;47.3600;522.2300;2388.0300;8140.2300;8.4364;392.0000;0.030067;-0.797185;0.001674;Healthy;WO915124;1027.93
02-Jul-2026;ENG-031;126;2026-01-06 06:00:00;642.5400;1585.9900;1403.2700;554.4400;2388.0500;9073.3100;47.4500;521.5800;2388.0600;8146.4000;8.4433;394.0000;0.064620;-0.315932;0.001306;healthy;WO436435;2262.22
2026-07-02;ENG-004;58;2026-01-03 10:00:00;642.1800;1592.1300;1409.7500;553.3100;2388.0900;9049.1400;47.5600;521.1200;2388.0900;8130.6900;8.4464;393.0000;0.014458;0.079896;0.001380;Healthy;WO988288;1409.70
02-Jul-2026;ENG-042;72;2026-01-04 00:00:00;642.3600;1576.7700;1406.0500;554.3100;2388.0700;9051.2900;47.1200;522.2600;2388.0500;8133.9800;8.3940;391.0000;0.000565;-1.027322;0.000977;Healthy;WO417997;1921.46
2026-07-02;  ENG-004 ;67;2026-01-03 19:00:00;642.7300;1594.6800;1401.9300;553.6300;2388.1200;9051.2000;47.2300;522.1000;2388.1500;8134.2900;8.4221;393.0000;0.032554;-0.306854;0.001913;Healthy;WO342938;921.27
2026-07-02;ENG-033;19;2026-01-01 19:00:00;642.9200;1592.1000;1410.8900;553.0800;2388.1400;9058.7300;47.5900;520.9000;2388.1400;8138.5400;8.4774;393.0000;0.024309;0.240012;0.001483;warning;WO349020;
2026-07-02;ENG-066;86;2026-01-04 14:00:00;642.7400;1588.3500;1411.2600;553.4400;2388.0800;9069.3500;47.5400;521.3900;2388.0500;8144.3600;8.4482;394.0000;0.068908;0.164791;;Healthy;WO285340;1558.14
2026-07-02;ENG-048;38;2026-01-02 14:00:00;642.7800;1587.4100;1410.8000;554.5400;2388.0300;9050.9500;47.3900;522.0100;2388.1300;8140.4400;8.4244;393.0000;0.038877;-0.352862;0.004549;Healthy;WO772143;2,366.24
02-Jul-2026;ENG-081;113;2026-01-05 17:00:00;642.3600;1587.4400;1405.1300;553.3400;2388.1100;9068.3800;47.4200;522.0000;2388.0600;8150.9400;8.4452;391.0000;0.069045;-0.466745;0.003015;Healthy;WO229890;585.90
2026/07/02;  ENG-038 ;79;2026-01-04 07:00:00;642.9200;1588.5600;1412.1200;553.8700;2388.1200;9058.9700;47.6000;520.6000;2388.0700;8141.9300;8.4361;391.0000;0.036468;0.088835;0.002480;Healthy;WO536479;2249.75
2026-07-02;ENG-021;80;2026-01-04 08:00:00;641.8600;1588.1300;1398.7800;554.4600;2388.0900;9057.7800;47.2700;522.2200;2388.0600;8140.8900;8.4087;391.0000;0.023288;-0.918922;0.001505;Healthy;WO733440;1070.04
2026-07-02;ENG-010;110;2026-01-05 14:00:00;641.8300;1583.1600;1396.1400;554.7100;2388.0100;9057.4700;47.2500;521.4900;2388.0500;8137.8700;8.3913;391.0000;0.011231;-1.143617;0.004567;Healthy;WO682350;
2026/07/02;ENG-076;133;2026-01-06 13:00:00;642.2000;1583.5900;1403.3200;554.0500;2388.0500;9069.6600;47.3900;522.2100;2388.1000;8143.9200;8.4382;392.0000;0.036022;-0.758754;0.001525;Healthy;WO832228;2077.96
2026/07/02;ENG-070;83;2026-01-04 11:00:00;642.0600;1582.5500;1395.0700;553.8300;2388.1200;9048.9600;47.3400;521.9300;2388.0600;8130.8400;8.4633;392.0000;0.008831;-0.683308;0.003895;Healthy;WO661152;2054.61
2026-07-02;ENG-080;70;2026-01-03 22:00:00;642.3800;1589.5100;1408.4200;553.6600;2388.1000;9067.4300;47.5200;522.2000;2388.0600;8140.6400;8.4146;393.0000;0.064360;-0.404534;0.003538;Healthy;WO211862;2351.67
2026-07-02;  ENG-100 ;121;2026-01-06 01:00:00;642.5700;1577.1000;1401.3200;554.1200;2388.0100;9077.2700;47.2700;522.7400;2388.0100;8153.0700;8.4347;392.0000;0.077215;-1.095575;0.003782;Healthy;WO781391;889.41
2026-07-02;ENG-007;71;2026-01-03 23:00:00;641.9300;1587.3500;1401.4900;554.8900;2387.9900;9052.5900;47.2000;521.6500;2388.0500;8141.0100;8.3917;392.0000;-0.004825;-1.017351;0.008618;Healthy;WO299382;518.14
02-Jul-2026;ENG-064;83;2026-01-04 11:00:00;642.6400;1588.7000;1403.6500;553.3300;2388.0700;9058.1700;47.3300;521.7000;2388.0800;8134.2000;8.4320;392.0000;0.043140;-0.370428;0.002021;Warning;WO119110;
2026-07-02;eng-049;196;2026-01-09 04:00:00;642.0700;1579.7600;1399.5000;553.7100;2388.0100;9060.4200;47.4200;521.3700;2388.0700;8138.2900;8.4128;392.0000;0.025114;-0.667422;0.001656;Healthy;WO883466;
2026/07/02;ENG-010;69;2026-01-03 21:00:00;642.1800;1588.3000;1402.5200;554.6700;2388.0200;9064.7100;47.1100;522.8000;2388.0400;8145.0900;8.4053;391.0000;0.048051;-1.144526;0.001505;Healthy;WO793905;
2026/07/02;ENG-064;64;2026-01-03 16:00:00;642.4300;1587.7200;1396.6800;553.3600;2388.1300;9061.6800;47.2500;522.4900;2388.0500;8145.3100;8.4007;394.0000;0.045866;-0.578078;0.002323;Healthy;WO961823;2,789.51
2026/07/02;ENG-083;41;2026-01-02 17:00:00;642.3900;1597.2600;1397.1200;553.6000;2388.1000;9059.9200;47.2300;521.9300;2388.0700;8143.7600;8.4160;391.0000;0.041814;-0.621693;0.002873;Healthy;WO396883;2,995.07
02-Jul-2026;eng-006;61;2026-01-03 13:00:00;642.5800;1585.2600;1406.7900;554.2800;2388.1300;9055.3400;47.4100;520.9000;2388.0900;8134.1100;8.4067;393.0000;0.016738;-0.244571;0.001999;Healthy;WO624895;2744.79
2026/07/02;ENG-079;47;2026-01-02 23:00:00;642.2300;1591.2500;1401.8400;553.8600;2388.0800;9050.5400;47.3600;521.8900;2388.0300;8131.3900;8.4339;393.0000;-0.034947;-2.593713;0.003383;Healthy;WO346395;
2026/07/02;  ENG-023 ;71;2026-01-03 23:00:00;642.2300;1581.2700;1394.6900;554.3700;2388.0300;9053.4300;47.3600;522.4800;2388.0700;8139.4300;8.3866;393.0000;0.017358;-1.048272;0.001953;Healthy;WO192354;1,634.23
02-Jul-2026;  ENG-094 ;67;2026-01-03 19:00:00;642.5500;1589.2400;1403.0800;553.8200;2388.1300;9060.9600;47.5400;521.8200;2388.1400;8137.8700;8.4788;393.0000;0.065022;-0.084400;0.000541;Healthy;WO207627;1,327.79
02-Jul-2026;ENG-050;39;2026-01-02 15:00:00;642.1000;1586.4400;1401.9800;554.4300;2388.0100;9057.1500;47.3300;522.4200;2388.0400;8141.9800;8.4109;392.0000;0.034858;-0.978471;0.003239;HEALTHY;WO549196;1199.78
2026/07/02;ENG-045;102;2026-01-05 06:00:00;642.8900;1592.7000;1400.4600;553.0300;2388.1100;9056.3800;47.3900;521.3100;2388.1400;8139.8500;8.4341;394.0000;0.057196;0.030173;0.000727;healthy;WO522096;2322.36
2026-07-02;ENG-064;61;2026-01-03 13:00:00;642.5100;1590.1900;1401.6300;553.3700;2388.0400;9069.5900;47.3900;521.7800;2388.1100;8142.6700;8.4016;393.0000;0.042986;-0.611947;0.001092;Healthy;WO536783;2,481.41
2026-07-02;ENG-035;83;2026-01-04 11:00:00;642.7100;1592.6700;1412.5600;553.5400;2388.1700;9058.3900;47.5800;521.7000;2388.1200;8133.2800;8.4570;393.0000;0.018211;0.200757;0.002913;Healthy;WO333330;2,896.90
2026-07-02;ENG-081;138;2026-01-06 18:00:00;642.6600;1587.5300;1398.8100;552.9400;2388.1200;9075.6500;47.3700;521.8500;2388.1100;8145.5200;8.4285;393.0000;0.076386;-0.205461;0.001674;Healthy;WO137322;2,239.93
02-Jul-2026;ENG-068;124;2026-01-06 04:00:00;643.0000;1588.7700;1407.4800;552.7100;2388.1100;9068.5400;47.5900;521.1500;2388.1500;8144.7000;8.4493;393.0000;0.058271;0.260983;0.004962;Healthy;WO994047;2155.51
02-Jul-2026;  ENG-020 ;98;2026-01-05 02:00:00;642.9100;1587.1700;1405.8200;553.7300;2388.1100;9054.4200;47.5200;521.7900;2388.0200;8147.0600;8.4102;393.0000;0.059435;-0.388770;0.001158;Healthy;WO186711;2,981.17
2026/07/02;ENG-061;61;2026-01-03 13:00:00;642.1400;1588.5600;1402.3200;554.5700;2388.0500;9065.9900;47.3300;522.1800;2388.0500;8149.4600;8.4310;392.0000;0.040389;-0.797827;0.002847;Healthy;WO881548;
02-Jul-2026;  ENG-061 ;75;2026-01-04 03:00:00;642.6200;1591.1500;1397.2500;553.7600;2388.0300;9066.2500;47.2500;522.7600;2388.0500;8148.1600;8.4045;389.0000;0.068842;-1.088312;;Healthy;WO768286;1,077.89
2026-07-02;  ENG-030 ;63;2026-01-03 15:00:00;642.5700;1586.7100;1403.3800;553.5000;2388.1200;9049.2300;47.6300;521.3300;2388.1100;8126.2800;8.4215;392.0000;0.027354;-0.107666;0.000493;Healthy;WO810397;2418.40
2026/07/02;ENG-021;53;2026-01-03 05:00:00;641.7400;1587.1800;1401.3800;554.6200;2388.0600;9051.6000;47.2100;521.6700;2388.0500;8137.0300;8.3645;390.0000;-0.003505;-1.046867;0.003937;healthy;WO653464;2,370.33
02-Jul-2026;ENG-099;39;2026-01-02 15:00:00;642.2200;1585.6100;1398.1900;555.6300;2388.0000;9063.1300;47.3800;522.4600;2387.9800;8142.8200;8.3633;391.0000;0.055287;-1.284285;0.000345;Healthy;WO411212;902.04
02-Jul-2026;ENG-034;107;2026-01-05 11:00:00;642.4600;1585.9800;1404.1200;554.4200;2388.0300;9066.8600;47.3500;522.2000;2388.0500;8146.7200;8.3827;390.0000;0.035918;-0.913459;0.001656;HEALTHY;WO239605;2,899.05
2026-07-02;ENG-031;94;2026-01-04 22:00:00;641.8100;1587.8200;1406.1700;553.8000;2388.0300;9071.0900;47.5700;521.5800;2388.0200;8149.8300;8.3995;392.0000;0.065387;-0.604975;0.001991;Healthy;WO279076;
2026/07/02;ENG-052;67;2026-01-03 19:00:00;641.7400;1582.5800;1400.2000;554.5400;2387.9600;9063.1500;47.3200;522.6200;2388.0200;8134.9500;8.3844;392.0000;0.054870;-1.284915;0.000846;Healthy;WO246353;
2026-07-02;eng-090;59;2026-01-03 11:00:00;641.8500;1587.2200;1399.4100;553.3200;2388.0700;9058.6200;47.2900;521.1600;2388.1100;8138.4500;8.4231;394.0000;0.028097;-0.466730;0.003418;Healthy;WO939946;678.94
02-Jul-2026;ENG-037;73;2026-01-04 01:00:00;642.6200;1586.5500;1402.2000;553.9900;2388.0100;9053.5700;47.1800;522.1500;2388.0300;8134.8200;8.4046;393.0000;0.027864;-0.653127;0.000000;Healthy;WO787061;663.15
02-Jul-2026;ENG-042;63;2026-01-03 15:00:00;642.3800;1585.7600;1400.1700;554.7100;2388.0700;9041.4900;47.3200;522.2200;2388.0300;8131.4800;8.3829;391.0000;0.019219;-1.057025;0.002392;Healthy;WO526807;1412.36
02-Jul-2026;ENG-049;116;2026-01-05 20:00:00;641.9500;1580.2200;1389.6800;554.3900;2388.0000;9061.0200;47.1400;522.8600;2387.9900;8143.1300;8.4068;391.0000;0.065658;-1.327979;0.005567;Healthy;WO560269;2005.89
02-Jul-2026;ENG-054;53;2026-01-03 05:00:00;641.8300;1582.0000;1388.9000;554.6500;2387.9900;9059.7500;47.2600;522.3100;2388.0200;8141.8200;8.4167;393.0000;0.038168;-1.182886;0.001465;Healthy;WO374632;579.11
2026-07-02;eng-068;120;2026-01-06 00:00:00;642.3100;1597.1800;1408.6000;553.4800;2388.0800;9053.0500;47.4600;521.4500;2388.0800;8142.7000;8.4199;395.0000;0.064604;-0.056206;0.000588;Healthy;WO784665;1043.81
2026-07-02;ENG-075;58;2026-01-03 10:00:00;642.4800;1590.9400;1401.1200;554.6200;2388.0100;9066.8900;47.4000;521.5700;2388.0700;8143.5500;8.4223;392.0000;0.036244;-0.680545;0.001619;Healthy;WO560683;2,646.18
2026/07/02;ENG-054;44;2026-01-02 20:00:00;642.6200;1573.2800;1393.0000;554.7600;2388.0000;9052.8800;47.0700;522.6100;2388.0000;8138.0800;8.4387;392.0000;0.064576;-1.180599;0.002950;Healthy;WO490264;1224.50
02-Jul-2026;ENG-028;85;2026-01-04 13:00:00;642.8600;1585.0600;1400.4000;553.9100;2388.1400;9049.9300;47.3900;521.5800;2388.0600;8126.4400;8.4305;393.0000;0.018530;-0.382399;0.002688;healthy;WO174483;1,867.13
02-Jul-2026;  ENG-061 ;85;2026-01-04 13:00:00;642.4700;1587.4700;1405.6000;554.0400;2388.0400;9065.0900;47.2200;522.0700;2387.9800;8145.4900;8.4181;392.0000;0.042652;-0.802900;0.003211;Healthy;WO123249;2,830.20
02-Jul-2026;ENG-100;68;2026-01-03 20:00:00;642.3500;1589.2900;1403.8600;554.2500;2388.0500;9065.1300;47.3300;522.3700;2388.0200;8134.5800;8.4180;393.0000;0.036675;-0.701072;0.001515;Healthy;WO123956;2,692.90
2026/07/02;  ENG-091 ;144;2026-01-07 00:00:00;643.1900;1596.8300;1413.9200;552.0100;2388.2000;9051.2300;47.6800;521.0600;2388.1700;8128.9300;8.4941;394.0000;-0.040763;0.706640;0.003179;Warning;WO606600;14884.94
02-Jul-2026;ENG-079;49;2026-01-03 01:00:00;642.8500;1586.4500;1403.5400;554.1000;2388.0300;9056.3600;47.4100;521.9700;2388.0600;8132.9600;8.4144;392.0000;0.023804;-0.673779;0.001184;Healthy;WO647427;2370.64
2026-07-02;ENG-013;100;2026-01-05 04:00:00;641.6300;1586.7300;1406.5000;555.0700;2388.0600;9060.4900;47.3400;522.5200;2387.9900;8150.9900;8.4391;391.0000;0.046947;-0.917271;0.000732;Healthy;WO545643;1,358.28
2026/07/02;ENG-012;102;2026-01-05 06:00:00;642.0500;1579.2900;1400.6700;554.2800;2388.0300;9054.3800;47.1900;522.2700;2388.0600;8144.9100;8.3661;393.0000;0.004359;-1.031688;0.003088;Healthy;WO192115;137.36
2026/07/02;eng-050;44;2026-01-02 20:00:00;642.1300;1589.2100;1403.1200;554.0700;2388.0500;9060.6200;47.4100;521.7800;2388.1000;8138.9600;8.4199;392.0000;0.029551;-0.665736;0.001455;Healthy;WO758594;811.55
2026-07-02;ENG-068;91;2026-01-04 19:00:00;642.7500;1588.3000;1417.9600;553.8100;2388.0700;9055.7800;47.2900;522.0700;2388.0500;8135.5900;8.4413;393.0000;0.050161;-0.273290;0.000701;Healthy;WO255728;513.10
2026/07/02;  ENG-077 ;107;2026-01-05 11:00:00;641.9600;1589.1400;1406.3200;554.1500;2388.0900;9049.4700;47.4800;521.7700;2388.0800;8130.6600;8.3854;392.0000;0.011572;-0.617254;0.001945;Healthy;WO922439;1,189.21
2026/07/02;ENG-058;86;2026-01-04 14:00:00;642.3900;1585.0800;1395.4100;554.1400;2388.0800;9050.5000;47.4100;521.6100;2388.0800;8133.2800;8.4098;393.0000;0.010005;-0.607341;0.003596;Healthy;WO642532;1,120.95
2026/07/02;ENG-074;55;2026-01-03 07:00:00;642.2700;1595.0200;1404.0600;553.9600;2388.0900;9061.4400;47.4400;521.2100;2388.0800;8140.0500;8.4285;392.0000;0.056937;-0.279140;0.000449;Healthy;WO928517;441.01
2026-07-02;ENG-024;90;2026-01-04 18:00:00;642.1200;1579.8200;1394.8200;554.5800;2388.0200;9067.0600;47.3800;521.8200;2388.0000;8152.8800;8.4159;390.0000;0.060079;-1.109088;0.001505;healthy;WO814091;2,896.49
2026/07/02;eng-076;110;2026-01-05 14:00:00;642.7700;1579.1600;1394.3100;553.8600;2387.9800;9057.7600;47.3000;521.8700;2388.0100;8141.8300;8.4340;391.0000;0.062688;-1.042326;0.002264;Healthy;WO901116;1082.78
2026-07-02;ENG-049;151;2026-01-07 07:00:00;642.2300;1592.6100;1398.0300;553.4800;2388.0700;9063.7600;47.1900;521.9500;2388.0000;8143.4400;8.4091;390.0000;0.055978;-0.915584;0.002028;Healthy;WO412046;2801.06
02-Jul-2026;  ENG-074 ;68;2026-01-03 20:00:00;642.3100;1584.0800;1405.4900;554.5300;2388.0400;9057.7100;47.4900;521.2500;2388.0500;8138.8300;8.4026;392.0000;0.030752;-0.472005;0.001777;healthy;WO755388;1085.80
02-Jul-2026;ENG-074;47;2026-01-02 23:00:00;642.2900;1591.7800;1407.0000;553.6200;2388.0700;9058.0700;47.4600;521.4000;2388.0700;8142.0300;8.4352;392.0000;0.063090;-0.302050;0.001362;warning;WO670307;17838.27
2026/07/02;eng-092;77;2026-01-04 05:00:00;643.2400;1598.1400;1409.1700;552.7100;2388.1800;9048.3500;47.7200;520.8200;2388.1400;8125.5900;8.4611;394.0000;-0.028614;0.474186;0.002028;WARNING;WO202452;9151.34
2026-07-02;ENG-076;104;2026-01-05 08:00:00;641.7500;1582.9600;1399.7100;554.3400;2388.0600;9063.8700;47.4100;521.7900;2388.0100;8137.8900;8.4126;392.0000;0.034643;-1.013257;0.001245;Healthy;WO173514;1346.30
2026-07-02;ENG-066;56;2026-01-03 08:00:00;642.3400;1584.2600;1406.9300;553.8600;2388.0100;9066.7900;47.6100;521.3400;2388.1200;8142.6900;8.4135;393.0000;0.052460;-0.377452;0.001539;Healthy;WO804857;191.22
2026-07-02;ENG-076;121;2026-01-06 01:00:00;642.4900;1585.4200;1403.9300;554.2200;2388.0000;9067.2000;47.3300;521.7000;2388.0600;8147.0500;8.3977;393.0000;-0.055353;-2.611278;0.002184;Healthy;WO454495;
2026-07-02;ENG-091;155;2026-01-07 11:00:00;642.5600;1593.8000;1407.5000;553.4700;2388.1500;9047.4800;47.4700;520.9500;2388.1700;8129.9000;8.4666;394.0000;-0.019751;0.237397;0.001838;Healthy;WO855881;
2026-07-02;  ENG-027 ;76;2026-01-04 04:00:00;642.0900;1586.6900;1403.7500;554.1300;2387.9900;9046.4500;47.2300;521.7100;2388.0100;8129.5600;8.4129;393.0000;0.009716;-0.770223;0.000488;Healthy;WO839400;2069.94
2026-07-02;ENG-003;77;2026-01-04 05:00:00;642.5200;1589.5400;1417.2600;552.9200;2388.1100;9053.6500;47.6800;521.4600;2388.1000;8133.6600;8.4274;392.0000;0.023075;0.196891;0.001100;Healthy;WO495875;1599.74
02-Jul-2026;ENG-078;47;2026-01-02 23:00:00;642.7100;1582.4500;1395.5500;554.2100;2387.9700;9056.8700;47.2200;522.4700;2387.9900;8141.1800;8.4040;391.0000;0.056008;-1.133577;0.002290;healthy;WO577865;509.76
2026/07/02;ENG-070;52;2026-01-03 04:00:00;641.8800;1587.5600;1401.8200;554.2900;2388.0900;9042.0000;47.4200;521.7900;2388.0700;8129.1400;8.4161;391.0000;-0.004976;-0.808744;0.001221;Healthy;WO379138;
02-Jul-2026;ENG-058;77;2026-01-04 05:00:00;642.4100;1583.8800;1405.0800;553.6800;2388.0300;9045.4500;47.3900;521.8900;2388.0700;8129.6200;8.4132;393.0000;0.012145;-0.691850;0.001953;Healthy;WO840194;2874.25
2026-07-02;ENG-049;130;2026-01-06 10:00:00;641.9600;1585.3500;1403.8100;554.7800;2388.0800;9058.3900;47.2500;522.0100;2388.0200;8140.0700;8.3667;393.0000;0.006198;-1.040761;0.002826;Healthy;WO921396;1,183.31
02-Jul-2026;ENG-016;45;2026-01-02 21:00:00;642.3400;1585.8600;1401.0600;554.4700;2388.0700;9054.2900;47.1400;522.1400;2388.1000;8132.3000;8.3994;393.0000;-0.006815;-0.791275;0.003546;Healthy;WO978069;579.41
2026/07/02;ENG-015;39;2026-01-02 15:00:00;642.4000;1585.6400;1404.6300;554.2100;2388.0900;9060.7700;47.2500;522.0800;2388.0200;8139.9800;8.4271;391.0000;0.020720;-0.806328;0.001465;Healthy;WO499400;2,512.81
2026-07-02;  ENG-025 ;19;2026-01-01 19:00:00;642.6300;1581.3700;1404.0600;553.5000;2388.0400;9043.5700;47.4000;522.1900;2388.1000;8125.8700;8.4553;393.0000;0.023607;-0.471554;0.003569;Healthy;WO890284;560.01
02-Jul-2026;ENG-082;79;2026-01-04 07:00:00;642.5900;1578.4000;1403.0600;552.9200;2388.0400;9068.8800;47.4800;521.6100;2388.0600;8144.9100;8.4151;392.0000;0.051897;-0.553332;0.001280;Healthy;WO334237;1273.39
2026/07/02;ENG-060;84;2026-01-04 12:00:00;642.8400;1590.3700;1405.4300;554.1000;2388.0400;9061.7200;47.3900;521.7500;2388.0400;8137.8500;8.4110;393.0000;0.046511;-0.472514;0.001530;Healthy;WO120268;1008.45
02-Jul-2026;ENG-076;111;2026-01-05 15:00:00;642.2000;1582.9600;1397.6000;554.5000;2388.0600;9063.5800;47.2900;522.4100;2388.0500;8143.9700;8.4056;393.0000;-0.020167;-2.692226;0.003383;Healthy;WO583778;636.56
2026-07-02;  ENG-023 ;67;2026-01-03 19:00:00;642.1100;1579.8300;1395.6600;555.0000;2388.0000;9045.7600;47.3300;522.1700;2388.0500;8131.5300;8.3817;391.0000;0.023359;-1.205052;0.003487;Healthy;WO317624;596.94
02-Jul-2026;ENG-003;84;2026-01-04 12:00:00;642.7200;1591.5500;1409.5800;553.1300;2388.1600;9053.2100;47.5900;521.2300;2388.1300;8134.9800;8.4715;395.0000;-0.005901;0.341065;0.004519;Healthy;WO433759;1613.02
02-Jul-2026;eng-065;31;2026-01-02 07:00:00;641.8000;1578.9000;1389.8400;555.0000;2388.0100;9066.8200;47.2200;523.0300;2387.9300;8149.5900;8.4041;391.0000;0.087636;-1.407100;0.001465;HEALTHY;WO378022;2,641.65
02-Jul-2026;  ENG-093 ;158;2026-01-07 14:00:00;642.5400;1588.5400;1410.8900;553.0300;2388.1200;9058.8000;47.5200;521.0400;2388.1000;8142.5500;8.4286;394.0000;0.043859;0.114712;0.000336;Healthy;WO130350;1809.67
2026-07-02;ENG-077;96;2026-01-05 00:00:00;642.1400;1591.6600;1403.5600;553.8900;2388.0700;9047.3100;47.3400;521.6700;2388.1200;8129.8400;8.4298;393.0000;0.023586;-0.452870;0.001976;Healthy;WO142680;109.83
02-Jul-2026;ENG-081;98;2026-01-05 02:00:00;642.7200;1586.9400;1407.9000;554.3600;2388.0200;9071.7400;47.4400;522.2400;2388.0500;8149.6200;8.4194;393.0000;0.064735;-0.556836;0.002490;Healthy;WO112070;2688.96
2026/07/02;ENG-093;143;2026-01-06 23:00:00;642.4000;1587.6500;1408.5900;553.3200;2388.1300;9059.1100;47.6000;521.6700;2388.0800;8145.0500;8.4313;394.0000;0.045775;0.144693;0.002785;Healthy;WO875528;2877.93
2026-07-02;ENG-098;55;2026-01-03 07:00:00;643.2300;1588.0800;1404.5300;553.9800;2388.0400;9060.1300;47.4100;521.8800;2388.0800;8141.5000;8.3903;390.0000;0.039916;-0.541627;0.002021;Healthy;WO554424;2,647.91
02-Jul-2026;ENG-034;72;2026-01-04 00:00:00;642.0800;1585.6700;1398.7100;554.2300;2388.0000;9067.8500;47.1100;522.3600;2387.9700;8150.3800;8.3893;392.0000;0.054336;-1.137397;0.000846;Healthy;WO127845;2,050.41
02-Jul-2026;ENG-016;50;2026-01-03 02:00:00;642.4100;1584.5900;1403.0700;554.2200;2388.0600;9058.6900;47.3500;521.9400;2388.0300;8135.5600;8.4056;391.0000;0.015704;-0.791269;0.004285;Healthy;WO441939;824.83
2026-07-02;ENG-003;46;2026-01-02 22:00:00;642.4500;1587.9900;1401.9400;553.7500;2388.0900;9055.8600;47.5500;521.2100;2388.0900;8127.0200;8.4210;393.0000;0.036246;-0.057050;0.002189;Warning;WO521406;6413.85
2026-07-02;ENG-074;86;2026-01-04 14:00:00;643.0700;1589.6900;1405.1300;553.3000;2388.1500;9060.5700;47.5300;522.2100;2388.1000;8139.4600;8.4507;393.0000;0.072818;0.045001;0.004534;HEALTHY;WO623840;
2026/07/02;eng-100;94;2026-01-04 22:00:00;642.0500;1586.6900;1405.4400;553.4100;2388.0100;9069.2400;47.2400;521.9700;2388.0100;8136.8100;8.4102;392.0000;0.040461;-0.729554;0.000000;Healthy;WO987802;934.32
02-Jul-2026;  ENG-064 ;57;2026-01-03 09:00:00;642.6900;1586.5700;1404.3300;553.8000;2388.0500;9055.7200;47.4000;522.2500;2388.0600;8137.4700;8.4071;393.0000;0.032329;-0.671044;0.002284;Healthy;WO905719;1132.54
2026/07/02;ENG-081;135;2026-01-06 15:00:00;642.8000;1585.3600;1404.9400;552.5600;2388.0300;9073.1600;47.6500;521.2100;2388.0800;8143.7100;8.4168;391.0000;0.085897;-0.222250;0.002120;Healthy;WO923792;1,986.92
2026-07-02;ENG-010;111;2026-01-05 15:00:00;642.6600;1587.2200;1399.4700;554.1700;2388.0400;9061.4400;47.2600;522.0500;2388.0100;8144.7900;8.4388;394.0000;0.035706;-0.727650;0.000000;Healthy;WO588895;1,973.49
02-Jul-2026;eng-084;108;2026-01-05 12:00:00;642.5600;1593.8300;1407.9600;553.1300;2388.0600;9057.9400;47.5200;521.7100;2388.1200;8137.3300;8.4078;395.0000;0.065223;0.021106;0.002703;Healthy;WO861741;1060.87
2026-07-02;ENG-100;126;2026-01-06 06:00:00;641.9400;1592.1100;1404.3500;554.2000;2388.0300;9072.3600;47.2900;521.2600;2388.0200;8154.7400;8.3621;393.0000;0.043018;-0.593851;0.000913;Healthy;WO104672;287.52
2026/07/02;ENG-022;18;2026-01-01 18:00:00;642.7100;1592.9800;1405.4800;553.1000;2388.1200;9045.1400;47.3300;521.6900;2388.1200;8132.5900;8.4258;393.0000;0.047495;-0.143851;0.003513;Healthy;WO948635;2,998.97
2026-07-02;ENG-064;95;2026-01-04 23:00:00;642.1000;1588.2000;1401.6000;553.5400;2388.0900;9057.0500;47.3800;521.8100;2388.1100;8138.8200;8.4280;395.0000;0.037935;-0.342845;0.002073;Healthy;WO741858;2449.09
2026/07/02;eng-018;87;2026-01-04 15:00:00;642.2100;1586.7500;1402.6400;554.2000;2388.0700;9062.2500;47.4200;521.5800;2388.0300;8140.6200;8.4132;392.0000;0.028773;-0.640727;0.002013;Healthy;WO932724;1210.68
02-Jul-2026;  ENG-058 ;103;2026-01-05 07:00:00;642.2900;1587.0200;1406.2800;553.0200;2388.1300;9053.3000;47.4100;521.1000;2388.1100;8131.6200;8.4211;392.0000;0.031349;-0.062143;0.001801;Healthy;WO510979;1571.46
2026-07-02;eng-027;86;2026-01-04 14:00:00;642.6300;1583.9600;1408.6700;554.0900;2388.0600;9054.0300;47.3800;522.0700;2388.0800;8132.8600;8.4114;391.0000;0.019422;-0.573027;0.001709;healthy;WO427333;1,602.33
2026/07/02;ENG-020;121;2026-01-06 01:00:00;642.6800;1589.0300;1403.6200;554.0700;2388.1000;9067.7900;47.3400;521.5900;2388.0200;8145.6800;8.4518;393.0000;0.059284;-0.298389;0.000999;Healthy;WO157484;737.16
2026/07/02;ENG-062;82;2026-01-04 10:00:00;642.2000;1575.3700;1396.3300;554.6800;2388.0500;9057.6000;47.0900;523.1700;2388.0100;8138.1000;8.3868;393.0000;0.058901;-1.286354;0.003418;Healthy;WO796827;2649.49
2026/07/02;ENG-021;69;2026-01-03 21:00:00;642.3200;1581.9500;1397.5100;554.5500;2388.0300;9051.7200;47.4100;522.1300;2388.0400;8137.6800;8.3843;392.0000;0.022901;-1.024244;0.001145;Healthy;WO454384;2056.81
02-Jul-2026;ENG-028;74;2026-01-04 02:00:00;642.5100;1594.4700;1399.2200;552.9100;2388.0800;9053.4500;47.3100;521.1100;2388.0800;8127.9000;8.4397;393.0000;0.047870;-0.035253;0.003159;Healthy;WO688572;
02-Jul-2026;  ENG-062 ;154;2026-01-07 10:00:00;642.3400;1585.8100;1402.6700;554.6000;2388.0000;9074.4000;47.1900;521.6000;2387.9900;8143.6300;8.4255;391.0000;0.043376;-0.863958;0.001119;Healthy;WO812715;2535.45
2026/07/02;ENG-091;86;2026-01-04 14:00:00;642.8800;1597.1700;1410.4900;553.7200;2388.1500;9051.5200;47.6100;521.4500;2388.1900;8127.7500;8.4544;393.0000;-0.007288;0.255210;0.002353;Healthy;WO973147;1,710.65
02-Jul-2026;ENG-035;102;2026-01-05 06:00:00;642.7300;1592.7000;1413.1600;553.4300;2388.1100;9060.3700;47.8400;521.4800;2388.1100;8135.0200;8.4291;393.0000;0.026622;0.271441;0.001782;Healthy;WO123205;1,139.20
2026-07-02;ENG-014;27;2026-01-02 03:00:00;642.6000;1591.0900;1410.6100;553.0500;2388.1800;9038.1300;47.5500;521.6400;2388.1600;8119.8100;8.4167;394.0000;-0.049194;0.269867;0.001539;warning;WO318628;12,423.87
2026-07-02;ENG-024;70;2026-01-03 22:00:00;642.2400;1587.7100;1403.5800;553.7600;2387.9500;9064.0800;47.3300;522.6900;2387.9800;8154.9000;8.3930;392.0000;0.064286;-1.067679;0.000345;Healthy;WO722421;2942.91
02-Jul-2026;eng-016;64;2026-01-03 16:00:00;642.0700;1586.7700;1395.0800;553.9300;2388.0700;9052.1500;47.4800;522.1300;2388.0600;8137.5000;8.4334;392.0000;0.032021;-0.761405;0.002429;Healthy;WO752381;705.04
2026/07/02;ENG-028;69;2026-01-03 21:00:00;642.3900;1582.7500;1403.4800;553.3900;2388.0900;9048.7600;47.5500;521.1900;2388.1200;8127.3900;8.4223;393.0000;0.034300;-0.213976;0.002798;Healthy;WO107263;50.15
02-Jul-2026;ENG-073;52;2026-01-03 04:00:00;642.0800;1593.5200;1403.2000;554.1100;2387.9900;9048.5800;47.2000;521.8000;2388.0300;8133.4000;8.3980;393.0000;0.004987;-0.836983;0.002990;Healthy;WO101047;646.13
02-Jul-2026;  ENG-097 ;48;2026-01-03 00:00:00;642.5800;1583.8900;1400.8400;554.4800;2387.9900;9067.4000;47.4100;521.5500;2388.0500;8141.6000;8.3827;391.0000;0.026003;-0.863167;0.001269;Healthy;WO423711;2,274.84
02-Jul-2026;ENG-057;70;2026-01-03 22:00:00;642.0200;1583.7900;1404.9600;553.5300;2388.0500;9046.7400;47.5200;521.3400;2388.1300;8131.7800;8.4225;393.0000;0.028752;-0.313772;0.003085;Warning;WO699552;15,226.16
2026/07/02;ENG-087;20;2026-01-01 20:00:00;642.5200;1582.3500;1399.6300;553.6900;2387.9900;9058.5600;47.1100;521.9300;2388.0400;8143.5600;8.3854;393.0000;0.018608;-1.050096;0.001505;healthy;WO171802;1,641.36
2026-07-02;ENG-032;93;2026-01-04 21:00:00;642.5800;1581.4100;1397.1000;554.0100;2387.9800;9072.3700;47.5100;522.1600;2387.9800;8156.7700;8.4048;393.0000;0.074355;-0.963984;0.001563;Healthy;WO893087;1,861.91
2026-07-02;ENG-062;107;2026-01-05 11:00:00;641.8900;1584.1900;1395.1700;555.3800;2387.9700;9054.4200;47.2100;522.3400;2387.9800;8138.9800;8.4286;392.0000;0.039050;-1.160826;0.000598;Healthy;WO347425;2,547.28
2026-07-02;ENG-008;66;2026-01-03 18:00:00;642.7900;1595.7900;1403.1200;553.9000;2388.0900;9051.7300;47.3800;521.8900;2388.0400;8125.1800;8.4214;393.0000;0.033420;-0.298547;0.000913;Healthy;WO292301;1993.93
02-Jul-2026;  ENG-003 ;65;2026-01-03 17:00:00;642.8600;1591.1300;1403.6200;552.9900;2388.1500;9057.1100;47.3700;520.7900;2388.1500;8132.1000;8.4622;392.0000;0.005227;0.226513;0.001443;Warning;WO982405;23742.22
2026-07-02;  ENG-099 ;59;2026-01-03 11:00:00;642.2400;1585.7500;1402.5100;554.6900;2387.9700;9061.6900;47.2600;522.2000;2388.0000;8144.1000;8.3928;391.0000;0.054814;-2.677951;0.007564;HEALTHY;WO597597;1,020.89
2026-07-02;ENG-052;72;2026-01-04 00:00:00;642.1800;1595.4400;1398.7200;554.8700;2388.0700;9057.6000;47.1500;522.6400;2387.9600;8132.6200;8.3817;390.0000;0.040660;-1.098225;0.002674;Healthy;WO708328;2977.67
02-Jul-2026;ENG-045;65;2026-01-03 17:00:00;643.0100;1588.1400;1407.6200;553.0500;2388.0700;9064.6400;47.6000;521.9100;2388.0900;8142.6300;8.4490;393.0000;0.087304;-0.088224;0.001176;Warning;WO324776;
02-Jul-2026;ENG-083;46;2026-01-02 22:00:00;642.6900;1585.4700;1407.1000;553.6900;2388.0600;9062.5000;47.5500;521.6100;2388.0200;8135.1300;8.4169;393.0000;0.060271;-0.226318;0.000704;Healthy;WO879423;829.93
2026/07/02;ENG-071;37;2026-01-02 13:00:00;642.3400;1586.8200;1405.8600;553.7100;2387.9800;9073.8300;47.2300;522.4700;2388.0400;8147.8800;8.4284;393.0000;0.053972;-0.830452;0.003596;healthy;WO101462;2,009.99
2026-07-02;  ENG-012 ;129;2026-01-06 09:00:00;642.5900;1584.0700;1404.3900;554.0900;2388.0300;9058.7000;47.1700;521.9000;2388.0200;8142.4800;8.4194;393.0000;0.021557;-0.771774;0.000846;Healthy;WO353143;596.86
02-Jul-2026;ENG-062;108;2026-01-05 12:00:00;642.3200;1581.0500;1394.6700;554.5400;2387.9800;9059.9900;47.0900;522.0600;2388.0200;8141.4700;8.3892;391.0000;0.016641;-2.625184;;Healthy;WO531769;2,660.92
02-Jul-2026;  ENG-003 ;75;2026-01-04 03:00:00;642.9100;1589.7200;1410.1600;553.7000;2388.1600;9051.3100;47.5400;521.4300;2388.1400;8131.9600;8.4519;395.0000;-0.003821;0.193941;0.002078;Healthy;WO857561;1614.87
2026/07/02;ENG-036;51;2026-01-03 03:00:00;642.3900;1591.5000;1411.5000;553.5200;2388.1000;9063.6200;47.6500;520.9500;2388.1300;8134.8500;8.4400;393.0000;0.034126;0.130010;0.000818;Healthy;WO455165;690.11
2026/07/02;ENG-062;140;2026-01-06 20:00:00;642.5900;1579.6900;1392.3000;554.6800;2388.0000;9059.1000;47.2800;522.4500;2388.0000;8145.2800;8.3876;391.0000;0.049132;-1.143329;0.001465;Healthy;WO324036;1802.08
2026-07-02;ENG-033;24;2026-01-02 00:00:00;642.0800;1592.9900;1407.4700;553.4400;2388.1000;9052.7900;47.7100;520.9300;2388.1100;8133.6100;8.4522;393.0000;0.019068;0.179051;0.002772;HEALTHY;WO497334;2978.93
2026-07-02;eng-035;86;2026-01-04 14:00:00;642.0400;1589.9400;1406.8600;552.9200;2388.1100;9050.9400;47.6200;521.2300;2388.1300;8135.0300;8.4480;392.0000;0.053973;-0.098524;0.002780;Healthy;WO484229;967.43
2026/07/02;ENG-068;116;2026-01-05 20:00:00;642.9800;1584.5000;1409.5100;554.1300;2388.1000;9064.5200;47.4900;521.7700;2388.0800;8137.3100;8.4305;394.0000;0.058948;-0.118243;0.000216;Healthy;WO171163;2,946.38
2026-07-02;ENG-091;125;2026-01-06 05:00:00;642.2100;1597.8500;1415.1900;552.2900;2388.1500;9046.0200;47.6200;520.8100;2388.2000;8126.0000;8.4781;393.0000;-0.051028;0.527825;0.003383;Healthy;WO200134;2097.92
2026-07-02;ENG-007;99;2026-01-05 03:00:00;642.4700;1588.4600;1398.6300;554.2300;2388.0800;9052.6100;47.2500;522.3900;2388.0700;8144.2200;8.3796;392.0000;0.017991;-0.953143;0.003266;HEALTHY;WO943606;2,637.93
02-Jul-2026;eng-003;57;2026-01-03 09:00:00;642.3000;1588.4000;1409.3700;553.8800;2388.1800;9058.7900;47.6900;521.3200;2388.1500;8127.9200;8.4406;392.0000;0.002745;0.076221;0.001459;Healthy;WO314463;2624.16
02-Jul-2026;ENG-020;77;2026-01-04 05:00:00;642.2700;1593.1600;1401.0900;553.9400;2388.0500;9057.4600;47.4600;522.1900;2388.0500;8146.9400;8.4343;392.0000;0.048883;-0.615280;0.001050;Healthy;WO131246;1580.69
2026-07-02;ENG-008;73;2026-01-04 01:00:00;642.4500;1589.6100;1404.5500;553.9800;2388.0900;9050.9600;47.6300;521.8900;2388.0800;8127.2000;8.4219;394.0000;0.047921;-0.154916;0.000642;healthy;WO101058;1458.28
02-Jul-2026;ENG-049;103;2026-01-05 07:00:00;642.5100;1577.0300;1399.0200;553.7900;2388.0000;9066.9400;47.2000;521.9100;2388.0300;8142.3700;8.3964;391.0000;0.037345;-1.098640;0.000488;Healthy;WO309980;345.58
2026-07-02;eng-010;97;2026-01-05 01:00:00;642.1700;1581.4800;1396.3400;554.5100;2388.0900;9066.5300;47.2200;522.3000;2388.0000;8140.9200;8.4219;391.0000;0.042705;-0.988618;0.002561;Healthy;WO328101;1487.35
02-Jul-2026;ENG-045;61;2026-01-03 13:00:00;642.7400;1586.1500;1409.3300;553.4800;2388.1500;9065.9500;47.5300;521.5500;2388.1300;8137.3800;8.4371;391.0000;0.051182;0.044927;0.000659;Healthy;WO666771;1954.33
2026/07/02;ENG-049;201;2026-01-09 09:00:00;642.2800;1587.6000;1400.9300;554.0300;2388.0700;9053.8800;47.3200;522.4900;2388.0200;8139.3600;8.3768;394.0000;0.013232;-0.864907;0.004734;Healthy;WO897683;
2026-07-02;ENG-074;85;2026-01-04 13:00:00;642.9900;1593.2800;1403.9400;553.2900;2388.1200;9057.6000;47.5000;521.6500;2388.0400;8140.6900;8.4523;393.0000;0.072387;0.032099;0.002238;Healthy;WO719746;1,795.10
02-Jul-2026;eng-021;92;2026-01-04 20:00:00;642.0700;1583.8100;1402.5300;553.5200;2388.0300;9059.2100;47.4000;522.3000;2388.0500;8138.0400;8.4110;392.0000;0.030659;-0.825171;0.001619;healthy;WO703977;2782.01
02-Jul-2026;ENG-058;118;2026-01-05 22:00:00;642.5600;1585.4100;1408.9600;553.3300;2388.0800;9054.1900;47.6200;521.1900;2388.1000;8130.5200;8.4456;392.0000;0.027145;0.052632;0.001946;Healthy;WO585841;2,664.16
2026/07/02;ENG-004;52;2026-01-03 04:00:00;642.4600;1589.6000;1405.0600;553.7600;2388.1200;9051.0500;47.3600;521.6100;2388.0600;8132.5900;8.4130;392.0000;0.032950;-0.391226;0.000846;Healthy;WO183675;
2026-07-02;ENG-005;61;2026-01-03 13:00:00;641.9900;1577.7100;1407.1700;553.3600;2388.1300;9051.8800;47.4000;521.5100;2388.1100;8131.5300;8.4530;393.0000;0.034064;-0.192498;0.003188;Healthy;WO848553;2,802.48
2026-07-02;ENG-063;59;2026-01-03 11:00:00;642.7800;1589.2800;1406.6100;553.4500;2388.1100;9041.2600;47.6500;521.7500;2388.1300;8133.5900;8.4272;392.0000;0.029769;0.014217;0.001264;Healthy;WO989746;2434.63
2026/07/02;ENG-046;97;2026-01-05 01:00:00;643.1600;1592.0200;1410.0100;554.1500;2388.0200;9070.0100;47.5300;521.4200;2388.0600;8150.0000;8.4474;393.0000;0.091086;0.021003;0.003078;Healthy;WO606028;274.62
02-Jul-2026;ENG-075;35;2026-01-02 11:00:00;642.3400;1581.2900;1403.6000;553.3900;2388.0400;9057.5200;47.1700;521.8800;2388.0400;8143.5500;8.4209;393.0000;0.028406;-0.707341;0.002466;healthy;WO330546;1923.48
2026/07/02;  ENG-021 ;57;2026-01-03 09:00:00;641.9300;1581.7400;1399.1600;554.2500;2388.0100;9050.6700;47.1400;521.8400;2388.0300;8136.7100;8.3944;391.0000;0.012644;-1.054026;0.005900;healthy;WO144587;
2026/07/02;ENG-097;46;2026-01-02 22:00:00;642.4100;1589.5000;1395.7600;553.8300;2388.0200;9065.0200;47.2500;522.3400;2388.0100;8152.3400;8.3931;391.0000;0.055799;-1.036627;0.000913;Healthy;WO896906;2,989.15
2026-07-02;ENG-098;42;2026-01-02 18:00:00;642.1600;1589.0100;1406.7500;553.8700;2388.0900;9051.3000;47.4400;522.1500;2388.0900;8143.6200;8.4220;393.0000;0.047210;-0.398788;0.002505;Healthy;WO442327;224.04
2026-07-02;eng-020;69;2026-01-03 21:00:00;641.9300;1585.7400;1409.6800;553.3900;2388.0900;9066.4300;47.4000;521.8500;2388.0300;8144.7600;8.3856;392.0000;0.043366;-0.723525;0.000598;healthy;WO333529;1978.30
2026-07-02;ENG-048;41;2026-01-02 17:00:00;642.3400;1588.4200;1405.3400;553.4500;2388.0500;9056.6400;47.4300;521.7900;2388.1200;8134.6000;8.4060;392.0000;0.037559;-0.522954;0.003470;Healthy;WO400261;1,888.61
02-Jul-2026;ENG-096;64;2026-01-03 16:00:00;641.7100;1578.1400;1402.3900;554.1600;2388.0300;9068.6300;47.1800;522.4800;2387.9900;8143.8500;8.3640;391.0000;0.026952;-1.238340;0.002013;healthy;WO678038;1143.33
02-Jul-2026;ENG-005;58;2026-01-03 10:00:00;642.6300;1588.2400;1410.6500;553.4400;2388.1100;9052.2300;47.4700;521.4100;2388.1000;8134.0200;8.4557;393.0000;0.026229;0.066638;0.001377;Warning;WO817963;19990.40
02-Jul-2026;ENG-007;55;2026-01-03 07:00:00;641.6600;1588.2900;1405.7100;554.7900;2387.9700;9064.8800;47.2000;522.1600;2387.9700;8141.6900;8.3985;390.0000;0.050477;-1.157833;0.001337;Healthy;WO281045;633.76
2026-07-02;ENG-053;61;2026-01-03 13:00:00;642.3100;1595.9900;1396.9900;554.1300;2388.0400;9055.2700;47.1800;522.0700;2388.0900;8137.2600;8.4060;392.0000;0.007161;-0.809869;0.001638;Healthy;WO769205;360.94
2026/07/02;ENG-094;71;2026-01-03 23:00:00;642.5400;1590.4500;1411.0800;552.9700;2388.0800;9052.3600;47.5600;521.6400;2388.1000;8139.2600;8.4256;394.0000;0.061894;-0.019084;0.000632;Healthy;WO758171;2431.74
2026-07-02;  ENG-011 ;42;2026-01-02 18:00:00;643.0600;1581.4400;1403.0700;553.4800;2388.1200;9034.6600;47.7100;521.1900;2388.1200;8124.5800;8.4389;392.0000;-0.031373;0.128506;0.004473;Healthy;WO209854;1673.27
2026-07-02;ENG-034;70;2026-01-03 22:00:00;641.9400;1590.5600;1396.7700;555.3100;2387.9800;9062.9000;47.2400;522.4200;2388.0000;8145.6400;8.4101;393.0000;0.035610;-1.019418;0.001381;Healthy;WO919695;287.63
02-Jul-2026;ENG-091;79;2026-01-04 07:00:00;642.6300;1592.5900;1411.5100;552.9100;2388.1200;9049.4500;47.5300;521.3200;2388.1000;8128.4700;8.4623;393.0000;-0.008738;0.308704;0.002539;Healthy;WO565481;351.65
02-Jul-2026;eng-012;136;2026-01-06 16:00:00;642.4900;1588.8300;1397.3300;553.9800;2387.9900;9060.2300;47.4400;522.1300;2387.9800;8144.2600;8.3999;392.0000;0.049650;-0.900414;0.002128;Healthy;WO102291;1,745.30
2026-07-02;eng-059;35;2026-01-02 11:00:00;642.1700;1584.4000;1395.5000;554.2200;2388.0200;9058.8000;47.0200;522.7600;2388.0100;8136.2500;8.3709;393.0000;0.024992;-1.189727;0.003383;Healthy;WO182701;2194.38
2026-07-02;eng-072;77;2026-01-04 05:00:00;642.6500;1582.9600;1403.2600;554.5800;2388.0500;9061.3200;47.4500;521.9900;2388.0600;8140.9100;8.4244;393.0000;0.041792;-0.528895;0.000345;Healthy;WO148986;2731.05
02-Jul-2026;ENG-062;139;2026-01-06 19:00:00;642.4000;1583.2500;1394.8100;553.8100;2388.0100;9061.7400;47.1700;522.2100;2387.9700;8142.7800;8.3933;392.0000;0.058187;-1.091203;0.001827;Healthy;WO416647;1009.36
02-Jul-2026;  ENG-064 ;102;2026-01-05 06:00:00;642.4500;1584.0800;1405.9000;553.6800;2388.0600;9059.4800;47.4800;522.4300;2388.1000;8137.5800;8.4620;392.0000;0.054254;-0.499687;0.002238;Healthy;WO590936;1,338.98
2026-07-02;  ENG-003 ;44;2026-01-02 20:00:00;642.1600;1586.4600;1410.7200;552.9500;2388.1300;9055.4300;47.5900;521.7700;2388.1400;8133.7700;8.4204;394.0000;0.036131;0.001778;;Healthy;WO804142;
2026-07-02;ENG-086;51;2026-01-03 03:00:00;642.5800;1583.0000;1404.7400;553.4300;2388.0500;9061.1900;47.2000;522.0000;2388.1200;8138.6800;8.4633;394.0000;0.044540;-0.409378;;Healthy;WO372605;
2026/07/02;  ENG-021 ;52;2026-01-03 04:00:00;642.0200;1580.7300;1400.8000;554.0400;2387.9800;9054.9200;47.3700;522.0500;2388.0600;8141.2700;8.4189;392.0000;-0.013547;-2.638607;0.001196;Healthy;WO825355;1,193.56
2026/07/02;ENG-038;45;2026-01-02 21:00:00;642.9400;1588.6800;1410.3600;552.7700;2388.1300;9053.7900;47.7300;521.3600;2388.1300;8132.8900;8.4327;393.0000;0.021481;0.190015;0.002799;Healthy;WO747317;2551.83
2026-07-02;ENG-089;97;2026-01-05 01:00:00;642.5500;1590.7100;1409.4500;554.1100;2388.0700;9052.0500;47.4400;521.3700;2388.1000;8129.1900;8.4247;394.0000;0.036012;-0.183884;0.002249;Healthy;WO425030;2,839.36
2026/07/02;ENG-056;54;2026-01-03 06:00:00;642.3500;1594.1100;1410.8200;553.5000;2388.2000;9046.2800;47.5200;520.6100;2388.1900;8118.6300;8.4570;395.0000;-0.079114;0.388167;0.001439;Warning;WO563064;9,742.52
2026-07-02;ENG-008;98;2026-01-05 02:00:00;642.6200;1577.2800;1407.1800;552.9500;2388.1100;9048.6700;47.4800;521.5000;2388.0900;8123.4400;8.4293;392.0000;0.024633;-0.174788;0.002139;Healthy;WO438861;2021.13
2026-07-02;ENG-018;78;2026-01-04 06:00:00;641.9800;1580.5800;1402.9800;554.1100;2388.0500;9066.4400;47.2000;521.9500;2388.0000;8143.0400;8.4096;391.0000;0.040380;-0.915188;;Healthy;WO563777;910.12
2026-07-02;ENG-058;61;2026-01-03 13:00:00;642.5200;1583.1400;1399.5700;554.4800;2387.9200;9047.6000;47.3300;521.8300;2388.1100;8133.3700;8.4430;391.0000;0.007023;-0.935728;0.001145;Healthy;WO858949;1066.23
02-Jul-2026;ENG-052;65;2026-01-03 17:00:00;641.2900;1587.8000;1399.6200;554.5500;2388.0200;9051.7300;47.1900;522.4200;2387.9700;8140.5000;8.3666;392.0000;0.051488;-2.560882;0.021880;Healthy;WO181628;825.74
02-Jul-2026;  ENG-062 ;148;2026-01-07 04:00:00;641.8700;1590.4000;1403.0400;554.3800;2388.0500;9061.7500;47.3300;522.3400;2388.0600;8144.4100;8.3685;392.0000;0.009378;-1.026276;0.001726;healthy;WO747118;2519.53
2026/07/02;ENG-049;163;2026-01-07 19:00:00;642.0600;1585.6500;1401.5700;554.3000;2388.0100;9056.5700;47.3400;522.7800;2388.0300;8141.6600;8.4097;392.0000;0.046031;-1.053962;;healthy;WO837625;706.59
2026-07-02;ENG-068;109;2026-01-05 13:00:00;642.5400;1596.7500;1409.0000;554.7200;2388.0200;9055.8400;47.6100;521.9000;2388.1000;8144.1000;8.3954;393.0000;0.060160;-0.344570;0.001309;Healthy;WO175207;
2026-07-02;ENG-059;62;2026-01-03 14:00:00;642.1000;1585.6700;1398.3100;553.9300;2388.0300;9060.0300;47.2600;522.1700;2388.0300;8137.6000;8.4065;391.0000;0.031292;-0.927787;0.001953;Healthy;WO893394;2376.48
02-Jul-2026;ENG-092;63;2026-01-03 15:00:00;642.8900;1598.2400;1408.2300;553.2400;2388.1400;9039.5600;47.6400;521.3700;2388.1100;8122.6000;8.4534;393.0000;-0.015863;0.245578;0.003428;healthy;WO300630;2,097.44
2026-07-02;ENG-040;77;2026-01-04 05:00:00;643.1300;1592.4500;1415.9100;553.3700;2388.1200;9055.2300;47.6900;521.0100;2388.1400;8137.1800;8.4555;395.0000;-0.021949;0.552106;0.001700;Healthy;WO455996;1,135.28
2026-07-02;  ENG-003 ;71;2026-01-03 23:00:00;642.2000;1592.0300;1411.5600;553.3900;2388.1100;9056.7500;47.4300;521.4800;2388.0900;8128.5200;8.4327;393.0000;0.036710;-0.025805;0.002619;Healthy;WO870947;249.75
2026/07/02;ENG-013;72;2026-01-04 00:00:00;642.4000;1582.6000;1398.0600;554.9100;2388.0100;9058.0000;47.3200;522.4200;2388.0600;8149.4900;8.4411;391.0000;0.029434;-1.026503;0.000488;Healthy;WO643984;653.17
2026/07/02;ENG-078;32;2026-01-02 08:00:00;641.9500;1586.6500;1403.7800;554.5500;2387.9500;9066.7700;47.3200;522.4200;2387.9600;8143.0500;8.4085;393.0000;0.057718;-1.088210;;Healthy;WO668497;1975.60
02-Jul-2026;  ENG-056 ;89;2026-01-04 17:00:00;643.2200;1597.4200;1416.9200;551.8300;2388.1800;9046.2300;47.7900;520.8200;2388.1300;8120.8400;8.4792;393.0000;-0.116520;0.780701;0.007873;Healthy;WO826035;94.89
02-Jul-2026;  ENG-082 ;64;2026-01-03 16:00:00;642.6100;1591.0600;1396.4000;553.8600;2388.0200;9066.2600;47.2400;521.5500;2388.0200;8145.7700;8.4143;392.0000;0.039692;-0.731394;0.000000;Healthy;WO562916;2038.23
2026-07-02;ENG-026;33;2026-01-02 09:00:00;642.2700;1590.2400;1398.9900;554.4500;2388.0300;9059.7300;47.2400;521.9400;2387.9900;8149.0600;8.4064;393.0000;0.039877;-0.883866;0.001827;Healthy;WO953145;1948.15
2026-07-02;  ENG-074 ;74;2026-01-04 02:00:00;642.4700;1592.8100;1400.3900;553.7800;2388.0900;9062.8900;47.4200;522.0200;2388.0700;8139.7500;8.4557;393.0000;0.064492;-0.341033;0.000743;Healthy;WO333660;1,342.78
02-Jul-2026;  ENG-015 ;51;2026-01-03 03:00:00;642.1000;1586.2300;1395.3500;554.0200;2387.9500;9058.8800;47.3500;521.9200;2388.0400;8138.5700;8.3983;393.0000;0.022589;-1.013681;0.001196;Healthy;WO987594;1307.75
02-Jul-2026;ENG-096;54;2026-01-03 06:00:00;641.8700;1578.6900;1394.4200;554.3600;2388.0100;9060.8400;47.1300;522.7000;2388.0300;8150.4500;8.4080;393.0000;0.008210;-2.631446;0.003383;Healthy;WO637700;773.89
2026-07-02;ENG-098;81;2026-01-04 09:00:00;642.6100;1587.3500;1405.3900;553.1000;2388.0500;9051.8500;47.5200;521.1700;2388.1000;8139.3600;8.4524;394.0000;0.057021;0.033299;0.001260;Warning;WO618880;6,868.20
02-Jul-2026;ENG-024;107;2026-01-05 11:00:00;642.3300;1583.3500;1392.7600;553.5400;2387.9700;9063.2000;47.2800;521.9400;2387.9500;8155.7700;8.4208;392.0000;0.074363;-0.952462;0.006845;Healthy;WO513572;321.37
02-Jul-2026;ENG-058;76;2026-01-04 04:00:00;642.4800;1594.9400;1403.0900;553.9800;2388.0700;9052.8300;47.2400;521.6300;2388.0900;8129.0700;8.4251;392.0000;0.020665;-0.499889;0.000977;Healthy;WO460220;657.63
02-Jul-2026;ENG-004;50;2026-01-03 02:00:00;642.0600;1592.4300;1408.9800;553.4800;2388.0700;9058.9100;47.5300;520.9500;2388.0800;8136.5600;8.4371;393.0000;0.064328;-0.101387;0.001698;healthy;WO886568;
2026-07-02;ENG-068;89;2026-01-04 17:00:00;642.6300;1583.3700;1401.7100;554.2500;2388.0300;9056.3800;47.4600;521.8000;2388.0000;8140.1400;8.4400;392.0000;0.039970;-0.573937;0.002713;Healthy;WO130213;1,575.91
2026/07/02;ENG-026;41;2026-01-02 17:00:00;642.8000;1595.3500;1402.5000;554.2900;2387.9700;9068.5900;47.1900;522.0300;2388.0200;8146.1700;8.4018;391.0000;0.017457;-2.665872;0.000691;HEALTHY;WO607286;1647.19
2026-07-02;ENG-042;87;2026-01-04 15:00:00;642.3000;1586.8200;1403.7000;555.2500;2388.0700;9048.3300;47.2100;521.8600;2388.0900;8133.5700;8.4206;392.0000;-0.009202;-0.811654;0.004828;Healthy;WO973576;966.38
2026/07/02;ENG-100;67;2026-01-03 19:00:00;641.7900;1582.0100;1403.8100;554.7500;2388.0300;9058.8400;47.2800;522.1900;2388.0000;8140.1500;8.3738;392.0000;0.020290;-1.086203;0.000913;Healthy;WO384739;
2026-07-02;ENG-004;68;2026-01-03 20:00:00;642.5700;1583.2800;1409.4600;553.2600;2388.0700;9052.5400;47.2900;520.8100;2388.1000;8133.2800;8.4010;393.0000;0.026847;-0.051222;0.002703;Healthy;WO276566;1821.04
2026-07-02;ENG-006;40;2026-01-02 16:00:00;642.5600;1586.8800;1414.7600;553.8900;2388.1000;9048.6700;47.6000;521.5100;2388.0900;8134.7100;8.4020;393.0000;0.029732;-0.053005;0.002353;Healthy;WO793866;2,260.02
02-Jul-2026;ENG-086;41;2026-01-02 17:00:00;642.8000;1591.0300;1401.9300;554.4300;2388.1000;9058.6100;47.5400;522.1900;2388.0400;8141.2800;8.4323;392.0000;0.059526;-0.303295;0.002629;Healthy;WO291778;382.72
02-Jul-2026;ENG-023;49;2026-01-03 01:00:00;642.0500;1588.8100;1395.9500;554.7000;2388.0300;9044.5000;47.1500;522.6800;2388.0700;8132.5400;8.4232;393.0000;0.013169;-1.049311;0.002100;Healthy;WO593660;522.42
2026/07/02;ENG-091;127;2026-01-06 07:00:00;642.8200;1586.0200;1407.1200;553.9200;2388.1200;9052.5100;47.4900;521.1700;2388.1700;8122.2800;8.5136;393.0000;-0.008985;0.141684;0.003995;Healthy;WO856875;486.27
2026-07-02;eng-069;34;2026-01-02 10:00:00;642.7300;1588.9700;1406.2600;553.4300;2388.1200;9047.9400;47.4500;522.1500;2388.0400;8123.8500;8.4335;393.0000;0.036189;-0.194163;0.001728;Healthy;WO522267;2,690.48
2026/07/02;ENG-029;60;2026-01-03 12:00:00;642.2800;1580.2200;1398.6000;554.0600;2388.0200;9061.3100;47.3800;522.1800;2388.0300;8141.0400;8.4707;392.0000;0.038770;-0.782367;0.003654;Healthy;WO307433;1350.58
2026/07/02;ENG-100;123;2026-01-06 03:00:00;642.5400;1582.3000;1402.3000;554.3600;2388.0100;9071.2500;47.4300;521.8700;2388.0400;8148.4200;8.4123;391.0000;0.036030;-0.862514;0.001119;Healthy;WO437722;2954.17
2026/07/02;ENG-052;107;2026-01-05 11:00:00;642.2200;1585.3900;1409.2000;553.6700;2387.9800;9056.8500;47.1400;522.3800;2387.9600;8150.7300;8.4068;393.0000;0.045176;-2.608347;0.002847;Healthy;WO819818;
2026-07-02;ENG-006;64;2026-01-03 16:00:00;642.4900;1590.5600;1411.1500;553.1300;2388.1400;9049.9100;47.6200;521.3600;2388.0700;8132.6600;8.4466;393.0000;0.022959;0.063830;0.001366;Healthy;WO490374;375.13
02-Jul-2026;  ENG-091 ;85;2026-01-04 13:00:00;643.6200;1592.6800;1406.6300;552.2700;2388.1200;9053.6600;47.5200;521.2300;2388.1500;8121.7300;8.4348;393.0000;-0.007024;0.386875;0.002522;Healthy;WO230302;752.39
2026/07/02;ENG-080;84;2026-01-04 12:00:00;642.1700;1584.8500;1409.2200;553.8700;2388.0500;9066.3200;47.3200;521.6300;2388.0100;8145.0800;8.4272;393.0000;0.053249;-0.510031;;Healthy;WO578664;
02-Jul-2026;ENG-020;84;2026-01-04 12:00:00;642.2300;1582.4800;1407.8600;553.9300;2388.0300;9062.0100;47.3000;521.4000;2388.0600;8146.3100;8.4318;393.0000;0.048135;-0.424386;0.000211;Healthy;WO564589;1484.66
2026/07/02;ENG-012;114;2026-01-05 18:00:00;642.0400;1582.8300;1394.2800;554.3400;2388.0100;9052.1800;47.2100;522.1100;2388.0500;8146.2500;8.4222;394.0000;0.024973;-1.052343;0.001145;Healthy;WO928118;360.30
2026-07-02;  ENG-077 ;100;2026-01-05 04:00:00;642.6200;1585.2500;1396.5900;553.3700;2388.1100;9050.7200;47.3500;521.7400;2388.1300;8130.2800;8.4646;394.0000;0.027145;-0.245509;0.003337;Healthy;WO829424;2,841.24
2026/07/02;ENG-090;67;2026-01-03 19:00:00;642.4500;1595.8100;1408.7900;553.5700;2388.0500;9056.5900;47.4100;521.9800;2388.0700;8135.9700;8.3958;392.0000;0.050326;-0.307653;0.000805;Healthy;WO765879;440.28
02-Jul-2026;ENG-076;99;2026-01-05 03:00:00;641.7200;1577.8500;1407.7800;553.7500;2388.0400;9055.0200;47.3600;522.5100;2388.0900;8140.4100;8.3881;391.0000;0.009173;-1.006886;0.002514;Healthy;WO117853;1,518.92
02-Jul-2026;ENG-060;56;2026-01-03 08:00:00;642.4000;1585.3300;1399.5800;554.2200;2388.0700;9052.7000;47.5400;521.7500;2388.0700;8133.4600;8.4224;393.0000;0.022042;-0.523907;0.003059;Healthy;WO955227;969.84
02-Jul-2026;ENG-048;35;2026-01-02 11:00:00;642.9100;1592.7200;1402.1800;553.9400;2388.0600;9055.2600;47.5500;521.2400;2388.0400;8125.4300;8.4111;395.0000;0.047206;-0.221801;0.002698;HEALTHY;WO639925;2440.34
2026-07-02;  ENG-048 ;49;2026-01-03 01:00:00;642.2100;1591.3900;1406.0000;553.5400;2388.0900;9053.9400;47.4300;521.5000;2388.0600;8138.8400;8.4461;392.0000;0.045104;-0.316309;0.000299;Warning;WO597869;16,433.25
2026/07/02;ENG-081;110;2026-01-05 14:00:00;642.7600;1584.2100;1411.2000;553.3100;2388.0700;9060.2900;47.4900;521.7300;2388.0000;8147.6800;8.4289;394.0000;0.087301;-0.059491;0.000855;WARNING;WO234152;8055.17
2026-07-02;  ENG-064 ;85;2026-01-04 13:00:00;642.5100;1581.7100;1400.3300;554.2600;2388.0600;9060.5700;47.4900;521.7500;2388.0600;8134.5700;8.4616;393.0000;0.039176;-0.469746;0.001309;Healthy;WO913098;2788.48
02-Jul-2026;ENG-042;80;2026-01-04 08:00:00;641.9700;1584.6200;1401.1500;553.7700;2388.0700;9043.9600;47.4700;521.9500;2388.0900;8130.5000;8.4036;391.0000;0.005549;-0.790482;;HEALTHY;WO611832;2262.54
2026/07/02;  ENG-035 ;103;2026-01-05 07:00:00;642.7000;1593.4300;1408.2800;553.1300;2388.0800;9051.4500;47.6800;521.4900;2388.1600;8135.4300;8.4371;393.0000;0.037729;0.175528;0.002673;HEALTHY;WO482306;
02-Jul-2026;ENG-005;52;2026-01-03 04:00:00;642.4800;1587.6000;1402.8500;553.2800;2388.1200;9055.1800;47.3300;521.4900;2388.1100;8128.7000;8.4377;393.0000;0.034891;-0.233972;0.001737;Healthy;WO804603;1376.11
2026-07-02;ENG-062;115;2026-01-05 19:00:00;642.2800;1580.8600;1404.8300;553.5600;2388.0500;9054.5600;47.4300;522.5300;2388.0200;8139.1700;8.3524;392.0000;0.023502;-1.038393;0.004554;Healthy;WO467923;412.62
02-Jul-2026;  ENG-090 ;97;2026-01-05 01:00:00;642.4200;1590.9800;1408.9300;553.8200;2388.1100;9059.8700;47.3500;522.0400;2388.1500;8140.1900;8.4819;393.0000;0.061407;-0.098935;0.000835;Healthy;WO881762;2,148.74
2026-07-02;ENG-041;79;2026-01-04 07:00:00;641.6600;1591.2300;1395.8600;554.7300;2388.0800;9048.5800;47.3200;521.7200;2388.1000;8131.6500;8.4387;393.0000;-0.007120;-0.784894;0.006650;Warning;WO553652;3426.86
02-Jul-2026;ENG-007;93;2026-01-04 21:00:00;642.1300;1587.0500;1398.6900;554.5100;2388.0700;9059.5000;47.2000;521.9900;2388.0300;8142.1800;8.4332;391.0000;0.027301;-1.005767;0.001196;Healthy;WO593558;1922.51
02-Jul-2026;ENG-071;40;2026-01-02 16:00:00;642.1600;1590.1000;1403.4600;554.0600;2388.0100;9069.7200;47.1600;522.1300;2388.0500;8146.1200;8.4155;393.0000;0.031931;-0.838338;0.000846;Healthy;WO636266;1663.66
2026-07-02;ENG-095;49;2026-01-03 01:00:00;642.2100;1587.3800;1406.3800;553.8000;2388.0900;9046.3000;47.2700;522.1700;2388.0300;8131.9200;8.4077;392.0000;0.010931;-0.768399;0.002454;Healthy;WO176798;2569.18
2026-07-02;ENG-064;91;2026-01-04 19:00:00;642.9600;1593.1600;1403.5200;554.2600;2388.1000;9052.7700;47.5800;521.7000;2388.0600;8142.3900;8.4441;393.0000;0.066569;-0.162064;0.001006;Healthy;WO611984;1,574.56
2026/07/02;ENG-063;91;2026-01-04 19:00:00;642.8300;1586.7300;1408.6500;553.2100;2388.1900;9055.7500;47.5900;521.3100;2388.1000;8130.4500;8.4222;394.0000;0.004133;0.113686;0.002028;Healthy;WO879370;2150.45
2026-07-02;ENG-008;61;2026-01-03 13:00:00;642.6100;1584.2300;1404.4300;553.2300;2388.0800;9049.6500;47.6000;521.8200;2388.0200;8130.2600;8.4447;392.0000;0.052374;-0.264538;0.002008;Healthy;WO842391;1,899.78
2026-07-02;  ENG-064 ;59;2026-01-03 11:00:00;642.5200;1583.9300;1401.5400;554.7800;2388.0600;9057.5100;47.2500;521.7500;2388.0000;8138.5000;8.4304;394.0000;0.016974;-0.712939;0.001726;Healthy;WO721078;674.22
2026/07/02;ENG-078;30;2026-01-02 06:00:00;642.1600;1581.2800;1398.2700;555.1500;2388.0200;9063.0100;47.2600;522.3600;2387.9500;8148.2300;8.3796;390.0000;0.071900;-1.314598;0.003183;Healthy;WO924386;1093.12
2026/07/02;ENG-080;53;2026-01-03 05:00:00;642.4200;1589.3200;1408.7500;553.6300;2388.0800;9070.2900;47.2700;522.2300;2388.0500;8142.8500;8.4188;393.0000;0.055273;-0.487994;0.000897;Healthy;WO204374;1,904.46
02-Jul-2026;ENG-078;39;2026-01-02 15:00:00;641.7300;1586.3800;1401.0300;554.8600;2387.9900;9061.2800;47.2100;522.3100;2387.9500;8142.1500;8.3752;392.0000;0.044900;-1.195676;0.000846;Healthy;WO463804;1896.01
2026/07/02;ENG-091;96;2026-01-05 00:00:00;642.5800;1590.4700;1412.0200;553.4700;2388.1200;9049.7400;47.6600;521.0300;2388.1000;8123.8300;8.4305;393.0000;-0.011345;0.132602;0.001165;Warning;WO889453;
02-Jul-2026;eng-036;72;2026-01-04 00:00:00;642.8200;1592.0700;1407.6000;553.0900;2388.0900;9063.6400;47.9100;521.6900;2388.1400;8143.8600;8.4684;395.0000;0.036065;0.469960;0.004954;Warning;WO866524;4,441.35
2026-07-02;ENG-036;48;2026-01-03 00:00:00;642.9800;1583.6900;1416.7200;552.5100;2388.1200;9065.0400;47.6900;521.2000;2388.1400;8136.9200;8.4582;393.0000;0.021106;0.362266;0.002805;Healthy;WO677824;562.49
2026/07/02;ENG-032;89;2026-01-04 17:00:00;641.8700;1591.7600;1400.8000;553.7700;2388.0000;9080.8600;47.1200;522.4500;2387.9700;8153.5700;8.3965;391.0000;0.078558;-1.131981;0.001337;Healthy;WO640663;2,950.66
02-Jul-2026;  ENG-024 ;123;2026-01-06 03:00:00;642.6500;1583.0400;1404.9600;553.6000;2388.0200;9077.1100;47.3200;522.2700;2388.0000;8155.3200;8.4175;391.0000;0.074946;-0.800700;0.002584;healthy;WO324191;955.42
2026-07-02;ENG-005;50;2026-01-03 02:00:00;642.3300;1591.7400;1411.0200;553.2700;2388.1000;9049.6500;47.5400;521.7400;2388.1000;8124.8000;8.4556;392.0000;0.045292;-0.138697;0.001713;Healthy;WO729237;2518.21
2026/07/02;ENG-034;135;2026-01-06 15:00:00;642.6300;1580.8600;1404.8100;553.6900;2388.0900;9061.5100;47.5900;522.2100;2388.0100;8146.3400;8.4563;392.0000;0.069907;-0.461879;0.002214;Healthy;WO552009;2773.15
2026-07-02;ENG-010;102;2026-01-05 06:00:00;642.2200;1585.3100;1394.1200;553.9800;2388.0400;9058.8700;47.3400;521.9300;2388.0200;8146.6000;8.4062;391.0000;-0.040189;-2.562326;0.009003;Healthy;WO537380;538.86
2026-07-02;  ENG-084 ;98;2026-01-05 02:00:00;642.8000;1587.0800;1412.3400;553.7600;2388.1000;9056.6300;47.4500;521.2400;2388.0900;8136.8400;8.4622;393.0000;0.040799;0.009867;0.002024;Healthy;WO689335;227.42
2026/07/02;ENG-035;96;2026-01-05 00:00:00;642.1800;1590.7300;1409.7600;553.4900;2388.1600;9048.7400;47.4700;520.8300;2388.1700;8132.0700;8.4485;394.0000;-0.028304;0.250890;0.000980;Healthy;WO405313;2,300.14
02-Jul-2026;ENG-085;17;2026-01-01 17:00:00;642.3300;1590.0900;1412.8600;553.1700;2388.0800;9046.7000;47.6000;520.9900;2388.1300;8129.5900;8.4403;393.0000;0.003833;0.110424;0.000140;Healthy;WO839478;2946.44
02-Jul-2026;ENG-051;93;2026-01-04 21:00:00;642.6700;1590.6300;1399.8700;554.0400;2388.1400;9052.3200;47.3900;520.5200;2388.1000;8132.9800;8.4347;393.0000;0.030600;-0.148353;0.000810;Healthy;WO433437;1,071.11
2026/07/02;ENG-034;96;2026-01-05 00:00:00;642.3900;1584.8500;1398.2100;554.6900;2388.0400;9060.8500;47.2200;522.0600;2388.0400;8143.3400;8.4206;392.0000;0.019717;-0.918112;0.002751;Healthy;WO287828;2115.43
2026-07-02;  ENG-034 ;131;2026-01-06 11:00:00;642.3900;1588.3400;1401.7300;554.4000;2388.0600;9060.8800;47.4700;521.6600;2388.0000;8143.9300;8.3927;391.0000;0.030467;-0.789254;0.001843;Healthy;WO972859;1,937.70
2026-07-02;ENG-040;70;2026-01-03 22:00:00;642.9900;1597.2400;1410.8600;552.9000;2388.1300;9056.6000;47.8300;520.9100;2388.0900;8134.1000;8.4237;393.0000;0.006839;0.461996;0.002713;WARNING;WO241940;22,698.84
2026-07-02;ENG-010;118;2026-01-05 22:00:00;642.1700;1587.1100;1404.9700;553.1600;2388.0800;9061.9400;47.3100;521.8700;2388.0800;8139.3900;8.3874;392.0000;0.034772;-0.594301;0.000863;Healthy;WO282052;2,026.85
2026/07/02;ENG-092;80;2026-01-04 08:00:00;642.9900;1585.2000;1408.0800;553.2200;2388.1800;9036.5100;47.6700;521.5600;2388.1500;8118.7000;8.4413;392.0000;-0.034640;0.106195;0.010258;Healthy;WO655477;2446.51
02-Jul-2026;ENG-005;35;2026-01-02 11:00:00;643.2000;1586.4500;1406.9500;553.8400;2388.1200;9048.2000;47.4700;521.4800;2388.1000;8136.0500;8.4583;392.0000;0.037821;-0.030991;0.000404;healthy;WO970185;2029.66
02-Jul-2026;ENG-042;55;2026-01-03 07:00:00;642.5800;1580.6200;1401.8200;553.5500;2388.0100;9047.2600;47.1700;522.0000;2388.0400;8134.5500;8.4036;391.0000;0.012862;-0.954201;0.000946;Healthy;WO984855;623.17
2026/07/02;ENG-100;103;2026-01-05 07:00:00;642.3800;1584.9000;1403.3100;553.6400;2388.0100;9062.8200;47.1900;521.9300;2388.0100;8148.9200;8.3945;393.0000;0.043819;-0.775939;0.002826;Healthy;WO929226;1465.58
2026/07/02;ENG-096;51;2026-01-03 03:00:00;641.8600;1585.6100;1399.9100;554.0900;2388.0200;9068.4100;47.5100;522.5800;2388.0100;8144.8600;8.4060;391.0000;0.057304;-0.997353;0.001761;Healthy;WO729773;2,275.07
2026/07/02;ENG-032;80;2026-01-04 08:00:00;642.0500;1586.7400;1397.2400;554.2200;2387.9500;9069.6400;47.1000;522.5400;2388.0100;8150.6600;8.4367;392.0000;0.055827;-1.085936;0.000691;Healthy;WO294710;2848.46
02-Jul-2026;  ENG-063 ;63;2026-01-03 15:00:00;642.8100;1590.7700;1397.5200;554.0200;2388.1000;9047.0800;47.4400;521.0700;2388.0900;8136.0400;8.4076;393.0000;0.028789;-0.266218;0.000634;Healthy;WO319928;377.11
2026-07-02;ENG-041;57;2026-01-03 09:00:00;642.2300;1588.4500;1397.4800;553.7000;2388.0500;9045.1900;47.2400;522.4700;2388.0900;8125.8000;8.4013;392.0000;0.010434;-0.883713;0.001245;Healthy;WO942489;1472.89
2026/07/02;ENG-052;92;2026-01-04 20:00:00;642.1600;1584.9100;1403.5700;553.5800;2388.0000;9056.3700;47.2200;522.0300;2388.0100;8139.1900;8.4203;392.0000;0.033837;-1.016696;;Healthy;WO380216;2773.25
2026/07/02;ENG-037;75;2026-01-04 03:00:00;643.0100;1589.1900;1403.6200;553.9500;2388.0600;9046.7600;47.3100;521.9100;2388.0900;8127.7900;8.4211;392.0000;0.013506;-0.510233;0.002669;healthy;WO318002;1125.04
02-Jul-2026;ENG-058;67;2026-01-03 19:00:00;642.1500;1584.5700;1405.3600;554.8400;2388.0200;9055.7400;47.3300;521.8900;2388.1000;8131.4000;8.4063;392.0000;-0.003212;-0.847828;;Healthy;WO378121;2481.51
02-Jul-2026;ENG-084;65;2026-01-03 17:00:00;642.3700;1593.1300;1402.6600;553.8800;2388.1300;9057.5000;47.4800;521.7200;2388.0700;8136.2600;8.4037;392.0000;0.038267;-0.423828;0.002466;Healthy;WO544256;2872.76
2026-07-02;  ENG-093 ;84;2026-01-04 12:00:00;642.7800;1588.4800;1412.0700;553.7000;2388.1000;9062.9100;47.6500;521.4400;2388.0800;8134.2400;8.4364;393.0000;0.048831;0.033393;0.002845;Healthy;WO894468;2561.31
2026/07/02;ENG-055;68;2026-01-03 20:00:00;642.3000;1584.8900;1403.0100;553.8100;2388.0500;9055.1700;47.4100;521.6700;2388.0700;8137.7500;8.3799;391.0000;0.015515;-0.732048;0.001505;Healthy;WO669684;1,329.98
2026-07-02;  ENG-064 ;58;2026-01-03 10:00:00;642.9100;1592.0300;1402.2500;554.3600;2387.9900;9055.3500;47.1600;521.5800;2388.0200;8144.5500;8.3693;393.0000;0.012972;-0.694836;0.000488;Healthy;WO423586;
02-Jul-2026;ENG-036;60;2026-01-03 12:00:00;643.5500;1589.6600;1417.2000;552.9300;2388.1100;9056.2100;47.6200;521.3200;2388.1400;8135.3200;8.4433;394.0000;-0.005669;0.507079;0.002303;Healthy;WO451141;53.57
02-Jul-2026;eng-019;80;2026-01-04 08:00:00;642.1400;1586.6000;1404.7300;554.0300;2388.1200;9058.1200;47.2600;522.4300;2388.0100;8137.9800;8.4084;391.0000;0.027789;-0.869332;0.001601;healthy;WO313741;2,627.55
2026-07-02;ENG-076;93;2026-01-04 21:00:00;642.1000;1582.5800;1397.6700;554.1800;2388.0900;9066.0200;47.2900;522.3000;2387.9900;8150.0500;8.4118;392.0000;0.058010;-1.045341;0.002490;Healthy;WO416414;526.15
2026-07-02;ENG-058;108;2026-01-05 12:00:00;642.3700;1587.2900;1408.6400;553.8600;2388.0100;9041.0900;47.5600;520.9900;2388.0700;8134.4700;8.4331;391.0000;0.034317;-0.338405;0.001018;healthy;WO372591;1,103.69
2026/07/02;ENG-048;48;2026-01-03 00:00:00;642.6700;1594.5500;1406.8500;553.4800;2388.1000;9062.2000;47.3000;521.7000;2388.1100;8138.9600;8.4298;392.0000;0.058405;-0.185508;0.001018;Healthy;WO958614;442.52
02-Jul-2026;  ENG-021 ;56;2026-01-03 08:00:00;642.3300;1586.0500;1403.1100;554.6400;2388.0500;9054.5800;47.2000;521.9400;2388.0800;8134.8800;8.4114;392.0000;-0.010744;-0.957303;0.004305;Healthy;WO275599;313.82
2026-07-02;ENG-018;74;2026-01-04 02:00:00;642.8300;1587.1500;1400.5600;554.1400;2388.0300;9062.2000;47.1700;521.9900;2388.0300;8142.5000;8.4322;392.0000;0.035139;-0.762822;0.000810;Healthy;WO812093;1314.33
2026/07/02;ENG-058;114;2026-01-05 18:00:00;642.2200;1587.7200;1409.1500;554.3900;2388.0700;9054.8400;47.4200;521.5100;2388.0800;8134.9300;8.4288;392.0000;0.030304;-0.423150;0.000828;Healthy;WO897393;1547.87
2026-07-02;ENG-032;55;2026-01-03 07:00:00;641.7400;1579.5900;1396.3100;554.2500;2387.9300;9071.5000;47.1200;522.2400;2387.9900;8152.6600;8.3580;391.0000;0.051153;-1.378304;0.006366;Healthy;WO952539;1,323.05
02-Jul-2026;  ENG-097 ;76;2026-01-04 04:00:00;642.0400;1580.7500;1405.8700;553.8900;2387.9800;9068.9300;47.2100;522.3100;2388.0000;8147.3400;8.3924;391.0000;0.052536;-1.140781;0.001859;Healthy;WO482219;1915.58
2026-07-02;ENG-029;97;2026-01-05 01:00:00;642.6400;1583.7900;1397.0900;553.7400;2388.0400;9053.4200;47.6100;522.2900;2388.0500;8141.7100;8.4175;391.0000;0.014279;-2.704142;0.011305;Healthy;WO403534;793.57
02-Jul-2026;ENG-011;35;2026-01-02 11:00:00;642.1600;1594.7000;1411.3400;553.5100;2388.1300;9038.2200;47.4100;522.0000;2388.1300;8115.7400;8.4362;394.0000;-0.019693;0.040230;0.002271;Healthy;WO200491;360.93
02-Jul-2026;  ENG-006 ;38;2026-01-02 14:00:00;642.5600;1592.5300;1395.9400;553.4900;2388.0600;9050.1600;47.4300;522.0700;2388.0600;8133.6400;8.4398;392.0000;0.048308;-0.394313;0.002204;Healthy;WO256234;2,591.28
02-Jul-2026;ENG-062;141;2026-01-06 21:00:00;642.2200;1586.7700;1405.4000;555.2700;2388.0200;9064.4200;47.2200;522.4000;2388.1100;8143.4000;8.4211;393.0000;0.003506;-0.878156;0.002380;Healthy;WO528119;2466.27
2026-07-02;ENG-015;30;2026-01-02 06:00:00;642.3000;1589.3500;1400.8000;554.2700;2388.0100;9057.6300;47.1400;522.6000;2388.0100;8137.4100;8.4296;392.0000;-0.010365;-2.624886;0.001827;Healthy;WO655641;1185.48
2026/07/02;ENG-091;84;2026-01-04 12:00:00;642.9100;1593.4500;1409.6200;552.7300;2388.0900;9048.9600;47.6700;520.8400;2388.1600;8126.6600;8.4380;394.0000;-0.032374;0.517858;0.000880;Warning;WO891596;10992.65
2026/07/02;ENG-064;104;2026-01-05 08:00:00;642.6000;1590.3700;1400.6500;553.4300;2388.0500;9058.2900;47.4600;521.6900;2388.0800;8144.9100;8.4294;393.0000;0.058673;-0.333667;0.000901;Warning;WO602022;22,398.16
02-Jul-2026;ENG-056;79;2026-01-04 07:00:00;643.1400;1587.2000;1413.5100;552.7300;2388.1600;9048.3400;47.8100;520.8300;2388.1700;8126.4100;8.4890;393.0000;-0.044813;0.540205;0.004765;healthy;WO982555;680.81
2026/07/02;eng-100;101;2026-01-05 05:00:00;642.2800;1588.9100;1402.9700;553.7900;2388.0400;9066.5300;47.1000;522.2100;2388.0300;8142.2600;8.3581;390.0000;0.023989;-0.969660;0.001171;Healthy;WO759827;1,341.91
2026-07-02;ENG-060;88;2026-01-04 16:00:00;641.9700;1592.8600;1412.2400;553.4400;2388.1100;9049.1300;47.4800;521.3500;2388.1000;8134.3900;8.4114;393.0000;0.044172;-0.140252;0.000207;Healthy;WO134885;2000.29
02-Jul-2026;ENG-044;36;2026-01-02 12:00:00;642.5800;1588.0700;1403.7800;554.9400;2388.0900;9052.3900;47.7000;521.7600;2388.0600;8130.6600;8.4188;391.0000;0.026853;-0.493737;0.003227;healthy;WO250755;228.08
02-Jul-2026;ENG-053;106;2026-01-05 10:00:00;641.9100;1596.5100;1394.3100;553.3800;2388.0600;9063.8500;47.4700;521.7600;2388.0300;8143.5400;8.4285;394.0000;0.065494;-0.446637;0.003361;healthy;WO828724;2,361.92
02-Jul-2026;ENG-060;79;2026-01-04 07:00:00;642.9200;1592.2400;1406.1500;553.2000;2388.0900;9054.0000;47.3000;522.2600;2388.0700;8133.0000;8.3988;393.0000;0.045445;-0.315901;0.000228;Warning;WO493386;12,535.68
2026/07/02;ENG-059;60;2026-01-03 12:00:00;641.9000;1584.5100;1395.4800;555.2700;2388.0300;9057.6200;47.2100;522.2500;2388.0400;8140.1100;8.4269;392.0000;0.017478;-1.180330;0.002629;Healthy;WO866266;2,723.90
02-Jul-2026;ENG-070;91;2026-01-04 19:00:00;643.0700;1590.3600;1406.1900;553.5600;2388.0900;9048.3800;47.5000;521.5400;2388.0900;8132.7600;8.4130;393.0000;0.041455;-0.029562;0.002864;WARNING;WO155239;12,674.75
2026-07-02;ENG-085;16;2026-01-01 16:00:00;642.7400;1591.9300;1401.2900;553.2300;2388.1000;9047.6900;47.4200;521.3900;2388.1200;8120.5300;8.4183;393.0000;0.031645;-0.128210;0.001791;HEALTHY;WO388422;2998.57
2026/07/02;ENG-072;76;2026-01-04 04:00:00;642.2400;1588.3600;1408.0700;554.0800;2388.0700;9059.7900;47.3700;522.0100;2388.0800;8146.2500;8.4061;391.0000;0.044234;-0.586310;0.000880;healthy;WO800045;2,650.41
2026/07/02;ENG-034;133;2026-01-06 13:00:00;642.9000;1589.7300;1393.9200;554.0600;2388.0300;9060.2300;47.5100;522.1700;2388.0000;8140.5600;8.4136;391.0000;0.043610;-0.732980;0.000691;HEALTHY;WO292348;1,684.95
2026-07-02;ENG-093;118;2026-01-05 22:00:00;642.7800;1594.0700;1413.6900;552.9200;2388.1600;9056.2700;47.4800;521.5600;2388.0800;8138.1200;8.4432;393.0000;0.026763;0.245513;0.000677;Healthy;WO420601;
02-Jul-2026;  ENG-061 ;82;2026-01-04 10:00:00;642.1500;1584.6800;1402.8200;553.8400;2388.0400;9070.9100;47.4000;522.2400;2388.0400;8150.7700;8.4449;393.0000;0.060411;-0.698423;0.002100;Healthy;WO404053;1114.44
02-Jul-2026;eng-016;57;2026-01-03 09:00:00;642.4500;1584.7400;1394.8700;554.9400;2388.0300;9048.6600;47.2300;522.0800;2388.0400;8127.8200;8.4009;392.0000;0.024920;-1.121482;0.001292;Healthy;WO804321;1808.11
2026-07-02;eng-083;31;2026-01-02 07:00:00;642.0700;1588.3600;1403.0900;553.7700;2388.0500;9056.1700;47.4100;521.7500;2388.0500;8142.3100;8.4467;394.0000;0.055183;-0.389444;0.001221;Healthy;WO549217;572.76
2026/07/02;  ENG-015 ;32;2026-01-02 08:00:00;641.6700;1584.0800;1406.2300;554.5200;2387.9900;9052.9300;47.3200;522.4800;2388.0600;8141.8600;8.4361;392.0000;-0.021434;-2.628093;0.003010;Healthy;WO570341;453.09
2026-07-02;  ENG-046 ;67;2026-01-03 19:00:00;643.1000;1594.6400;1405.4500;553.5100;2388.0700;9064.4600;47.3900;521.5200;2388.0300;8144.2800;8.4000;393.0000;0.068935;-0.221438;0.002351;Healthy;WO712800;960.76
02-Jul-2026;ENG-061;106;2026-01-05 10:00:00;642.4200;1590.2800;1408.0200;553.9400;2388.0600;9073.8400;47.2800;521.9400;2387.9900;8145.4100;8.4098;392.0000;0.047851;-0.717343;0.004285;Healthy;WO407500;467.56
2026/07/02;ENG-098;74;2026-01-04 02:00:00;642.4400;1590.6800;1414.3100;552.7300;2388.0700;9062.0000;47.2300;522.0100;2388.0400;8142.1200;8.4397;393.0000;0.082885;-0.058246;0.001321;Healthy;WO392054;2,483.54
2026-07-02;ENG-008;58;2026-01-03 10:00:00;642.3900;1591.1400;1409.7300;553.7700;2388.1200;9045.2200;47.3400;521.7500;2388.1300;8127.4600;8.4271;393.0000;0.026777;-0.160429;0.002499;Healthy;WO884673;727.49
02-Jul-2026;ENG-061;66;2026-01-03 18:00:00;642.8700;1585.1500;1399.2300;555.2400;2388.0200;9067.6100;47.1200;522.0800;2388.0800;8147.9700;8.4152;393.0000;0.019478;-0.907600;0.002028;Healthy;WO609881;1,069.77
2026/07/02;ENG-084;88;2026-01-04 16:00:00;642.1900;1588.4000;1408.4100;554.1200;2388.0500;9048.3900;47.2100;521.5500;2388.0800;8138.6600;8.4149;393.0000;0.015185;-0.596566;0.005418;Healthy;WO307998;1802.06
2026-07-02;  ENG-091 ;124;2026-01-06 04:00:00;642.6900;1598.6400;1414.6100;552.9100;2388.1200;9050.3500;47.6900;520.9200;2388.1700;8129.4900;8.4301;392.0000;-0.007258;0.366801;0.005466;Healthy;WO479210;939.90
02-Jul-2026;ENG-034;123;2026-01-06 03:00:00;642.4600;1584.2100;1399.9900;554.1600;2388.1100;9056.6400;47.2500;521.9700;2388.0800;8143.6700;8.3867;393.0000;0.016973;-0.556623;0.003802;Healthy;WO163383;1,487.67
2026-07-02;ENG-079;65;2026-01-03 17:00:00;642.6700;1586.0200;1411.8200;554.1000;2388.1300;9041.2100;47.2600;521.8800;2388.0600;8130.0300;8.4310;391.0000;0.010933;-0.520685;0.001907;Healthy;WO651125;2,046.19
2026/07/02;ENG-098;61;2026-01-03 13:00:00;642.3600;1590.1600;1415.8300;553.3400;2388.0400;9062.0200;47.4000;521.0600;2388.0700;8143.2300;8.4478;392.0000;0.075672;-0.044040;0.001027;healthy;WO335281;127.84
2026-07-02;  ENG-053 ;62;2026-01-03 14:00:00;642.2500;1592.4900;1398.9000;553.8100;2388.0600;9060.5600;47.3300;522.1900;2388.0300;8135.0600;8.4079;392.0000;0.031942;-0.719411;0.001119;Healthy;WO809175;371.98
2026/07/02;ENG-067;29;2026-01-02 05:00:00;642.7900;1589.1400;1406.6000;553.2600;2388.0400;9052.4900;47.1700;522.3300;2388.0200;8140.7700;8.4043;392.0000;0.037915;-0.695152;0.001119;Healthy;WO540146;
02-Jul-2026;ENG-066;71;2026-01-03 23:00:00;643.0800;1594.7600;1408.6800;553.4700;2388.1000;9061.3100;47.5700;521.6000;2388.0600;8145.2500;8.4590;394.0000;0.060765;0.239091;0.002570;Healthy;WO329001;1,613.29
02-Jul-2026;ENG-076;123;2026-01-06 03:00:00;642.4400;1590.4100;1406.3400;553.2300;2388.0200;9064.5900;47.3500;522.0800;2388.1300;8143.1600;8.4296;393.0000;0.057717;-0.456263;0.000598;Healthy;WO523444;338.58
2026/07/02;ENG-025;25;2026-01-02 01:00:00;642.7800;1586.9500;1397.3900;553.8900;2388.1000;9046.3800;47.3600;521.6800;2388.0700;8129.3300;8.4174;394.0000;0.013228;-0.488621;0.000897;Healthy;WO430582;1,282.12
2026/07/02;ENG-033;32;2026-01-02 08:00:00;642.6800;1585.8900;1410.5300;552.8100;2388.1100;9049.4200;47.5900;520.9400;2388.0800;8137.6300;8.4371;394.0000;0.028718;0.047589;0.002615;Healthy;WO553035;2784.85
2026-07-02;ENG-029;68;2026-01-03 20:00:00;641.7100;1581.2400;1406.3800;553.4800;2388.0300;9060.2800;47.2800;521.5300;2387.9700;8137.6500;8.3990;393.0000;0.013613;-0.841131;0.003020;Healthy;WO862497;2037.99
2026-07-02;ENG-056;69;2026-01-03 21:00:00;642.8400;1592.7300;1417.1100;553.0600;2388.1500;9045.4700;47.7400;520.8900;2388.1500;8125.0900;8.4402;394.0000;-0.044239;0.427220;0.004093;Healthy;WO251701;1,291.96
02-Jul-2026;eng-042;99;2026-01-05 03:00:00;642.4800;1587.4200;1402.5300;553.6500;2388.0500;9048.5200;47.4100;522.1000;2388.1100;8134.3800;8.4473;393.0000;0.043297;-0.351340;0.002364;Healthy;WO531233;917.25
2026-07-02;ENG-081;108;2026-01-05 12:00:00;642.3300;1595.0100;1404.3300;554.4700;2388.0600;9062.5800;47.4400;521.6900;2388.0700;8142.9600;8.4118;393.0000;0.048652;-0.366745;0.001418;Healthy;WO255629;730.86
02-Jul-2026;  ENG-100 ;86;2026-01-04 14:00:00;642.6600;1580.7100;1400.8400;554.0700;2388.0400;9064.7500;47.3300;522.0200;2388.0400;8142.9900;8.4152;392.0000;0.028621;-0.798681;0.001092;healthy;WO373627;2955.39
2026/07/02;ENG-017;77;2026-01-04 05:00:00;642.2000;1584.5300;1400.4400;554.2700;2387.9700;9066.7100;47.3400;521.9400;2388.0200;8151.8800;8.3998;390.0000;0.041943;-1.070895;0.001092;Healthy;WO401113;1,320.50
02-Jul-2026;ENG-030;54;2026-01-03 06:00:00;642.8000;1580.4300;1406.2800;553.6600;2388.1800;9055.4300;47.5300;521.4100;2388.0600;8127.0600;8.4653;393.0000;0.014728;-0.025728;0.000755;Healthy;WO298360;2,865.64
2026/07/02;ENG-018;54;2026-01-03 06:00:00;642.3700;1582.4000;1396.0400;554.3500;2388.0200;9061.7200;47.1500;522.2100;2388.0400;8147.5600;8.4325;392.0000;0.041616;-1.016148;0.000345;Healthy;WO530355;733.85
2026-07-02;ENG-090;96;2026-01-05 00:00:00;642.3200;1593.3300;1409.0100;553.4800;2388.0700;9056.3100;47.4200;521.8200;2388.0900;8141.5900;8.4534;394.0000;0.073828;-0.081818;0.001130;Healthy;WO324541;76.80
2026-07-02;ENG-024;71;2026-01-03 23:00:00;642.1600;1590.2600;1399.9900;554.1000;2388.0000;9070.8500;47.2300;522.0400;2387.9500;8152.6300;8.4134;391.0000;0.066469;-0.990289;0.002940;Healthy;WO811371;427.32
2026/07/02;ENG-009;20;2026-01-01 20:00:00;643.2600;1585.8500;1408.7500;553.1400;2388.1200;9048.1500;47.3800;522.1200;2388.1000;8127.6500;8.4539;391.0000;0.041588;-0.235574;0.001489;Healthy;WO272584;904.89
2026/07/02;ENG-039;23;2026-01-01 23:00:00;642.2200;1588.5700;1400.4700;554.3100;2388.0200;9056.5600;47.3500;521.9100;2388.0000;8143.0600;8.4251;393.0000;0.038038;-0.755388;0.000880;Healthy;WO822143;2651.63
02-Jul-2026;ENG-043;99;2026-01-05 03:00:00;642.0700;1580.0800;1403.6500;554.0800;2388.0700;9056.2900;47.4300;521.6800;2388.0900;8123.0800;8.4339;392.0000;0.014734;-0.523513;0.003064;Healthy;WO190994;2245.58
2026-07-02;ENG-064;71;2026-01-03 23:00:00;642.0900;1582.7800;1403.6700;553.9200;2388.0700;9059.7000;47.3600;521.6800;2388.0700;8135.9300;8.4203;392.0000;0.022103;-0.656522;0.001656;Healthy;WO627432;2529.86
2026-07-02;eng-076;120;2026-01-06 00:00:00;642.2600;1584.6100;1401.6600;554.2600;2388.0400;9059.7100;47.3900;521.8100;2388.0300;8149.1500;8.4251;392.0000;0.045983;-0.696982;0.002342;Healthy;WO948589;465.64
2026-07-02;  ENG-021 ;76;2026-01-04 04:00:00;642.4700;1587.8500;1397.2300;553.9700;2387.9700;9057.6800;47.2400;521.6700;2388.0500;8137.2200;8.4238;391.0000;0.034973;-0.928543;0.001221;healthy;WO493532;360.22
02-Jul-2026;ENG-007;86;2026-01-04 14:00:00;641.6800;1579.9400;1400.7600;554.2200;2388.0100;9057.7300;47.3800;522.5900;2388.0400;8135.6400;8.3928;393.0000;0.032343;-1.129063;0.000846;HEALTHY;WO315860;1841.64
2026/07/02;ENG-046;80;2026-01-04 08:00:00;642.6000;1601.9000;1409.6500;554.0000;2388.0500;9064.2200;47.5700;521.3900;2388.1000;8147.5300;8.4421;393.0000;0.091746;0.074604;0.005973;Healthy;WO679299;2,293.22
2026/07/02;ENG-012;134;2026-01-06 14:00:00;642.0700;1582.7100;1398.8300;554.0900;2388.0300;9060.9800;47.2100;522.3800;2387.9900;8140.8500;8.4229;391.0000;0.049214;-1.081378;0.002889;Healthy;WO217370;1,549.15
02-Jul-2026;ENG-076;136;2026-01-06 16:00:00;642.7600;1592.3900;1406.6600;554.1400;2388.0600;9070.2200;47.5000;521.4800;2388.1100;8151.7800;8.4141;392.0000;0.080095;-0.189310;0.001245;Healthy;WO641306;1912.12
2026/07/02;  ENG-052 ;69;2026-01-03 21:00:00;642.0500;1582.2900;1403.8700;554.8900;2388.0100;9049.4300;47.2000;522.2700;2387.9900;8140.1700;8.4028;391.0000;0.039175;-1.171129;0.000345;Healthy;WO133423;2,927.60
2026/07/02;ENG-007;100;2026-01-05 04:00:00;642.2300;1583.3200;1403.5300;553.8000;2388.0300;9067.0600;47.3700;522.1500;2387.9900;8143.8000;8.3740;392.0000;0.032141;-0.949565;0.000732;Healthy;WO136538;1166.46
02-Jul-2026;  ENG-031 ;128;2026-01-06 08:00:00;642.5700;1585.1700;1410.4500;553.6900;2388.1200;9069.3300;47.4700;521.6800;2388.0700;8154.4400;8.4365;394.0000;0.084309;-0.070753;0.001755;Healthy;WO394482;1101.05
02-Jul-2026;ENG-041;81;2026-01-04 09:00:00;642.6300;1592.4300;1397.9700;554.5500;2388.0800;9047.6800;47.5000;522.0000;2388.0400;8134.2800;8.3803;391.0000;0.018484;-0.684070;0.001769;Healthy;WO874710;2162.21
2026/07/02;ENG-012;138;2026-01-06 18:00:00;642.1600;1594.2300;1403.7800;553.9700;2388.0400;9062.3400;47.1600;522.6600;2388.1000;8145.6500;8.4053;392.0000;0.020430;-0.855036;0.000244;Healthy;WO256198;2,178.90
2026-07-02;ENG-086;50;2026-01-03 02:00:00;642.3400;1584.6100;1409.9100;554.4300;2388.0900;9055.9800;47.4300;521.4500;2388.0700;8138.7500;8.4544;393.0000;0.041166;-0.279260;0.000573;Healthy;WO117692;1,748.80
2026-07-02;ENG-053;97;2026-01-05 01:00:00;642.4300;1586.5500;1410.9900;554.2200;2388.0500;9060.2400;47.4200;522.2000;2388.0900;8144.3100;8.4126;393.0000;0.042533;-0.538145;0.002142;Healthy;WO586516;1473.08
2026-07-02;ENG-005;56;2026-01-03 08:00:00;642.7600;1584.7100;1403.8100;553.4000;2388.0800;9055.3100;47.4100;521.6900;2388.1200;8131.9300;8.4274;394.0000;0.037503;-0.231549;0.000525;Healthy;WO882047;
02-Jul-2026;ENG-046;64;2026-01-03 16:00:00;642.3200;1582.1300;1403.7300;553.9900;2388.0500;9068.6100;47.4400;521.9600;2388.0300;8142.7500;8.3887;393.0000;0.038030;-0.720913;;Healthy;WO670019;2,498.41
2026-07-02;ENG-013;89;2026-01-04 17:00:00;641.6600;1585.7400;1397.7200;554.0400;2388.0100;9066.3700;47.3300;522.2800;2387.9900;8143.0700;8.3987;393.0000;0.046968;-1.025168;0.000691;Healthy;WO534542;2412.16
02-Jul-2026;ENG-088;30;2026-01-02 06:00:00;642.6200;1578.5800;1407.3300;553.5500;2388.1400;9039.4500;47.4900;521.2000;2388.1100;8127.7600;8.4305;393.0000;-0.000493;-0.151606;0.007662;Healthy;WO283030;689.19
2026-07-02;ENG-021;64;2026-01-03 16:00:00;642.3500;1583.2300;1396.8900;553.1200;2388.0200;9054.0600;47.3300;522.4000;2388.0300;8136.2800;8.3813;393.0000;0.035799;-0.927954;0.001709;Healthy;WO467872;2,883.74
02-Jul-2026;ENG-058;68;2026-01-03 20:00:00;642.0700;1586.1800;1399.9500;553.5400;2388.1100;9041.8800;47.4500;521.9900;2388.0800;8132.3600;8.3829;393.0000;0.005777;-0.711564;0.002277;Healthy;WO905005;2,905.11
02-Jul-2026;ENG-009;33;2026-01-02 09:00:00;642.8100;1581.9700;1402.3200;552.7400;2388.0800;9053.1100;47.4300;520.9700;2388.1200;8129.2500;8.4533;394.0000;0.020547;0.057611;0.002619;Healthy;WO417631;906.83
2026-07-02;ENG-100;119;2026-01-05 23:00:00;642.0400;1582.0500;1403.9500;553.1700;2388.0500;9066.3000;47.3400;521.7800;2388.0300;8150.6900;8.4256;391.0000;0.044940;-0.814566;0.001064;HEALTHY;WO499387;694.05
2026/07/02;ENG-013;96;2026-01-05 00:00:00;642.4800;1584.8200;1396.7800;554.0500;2388.0400;9060.0000;47.1000;522.3500;2387.9900;8145.6600;8.3884;393.0000;0.010773;-2.616566;0.003088;Healthy;WO983848;2366.33
2026-07-02;ENG-091;130;2026-01-06 10:00:00;642.4900;1591.3000;1417.0500;552.8800;2388.1400;9044.6600;47.7300;521.1800;2388.1500;8130.4500;8.4421;394.0000;-0.023169;0.346078;0.001561;Warning;WO891380;8143.01
2026-07-02;  ENG-026 ;42;2026-01-02 18:00:00;642.1900;1591.4400;1402.3100;554.4400;2388.0000;9066.2100;47.3000;521.8200;2388.0000;8145.5200;8.3958;392.0000;0.036276;-0.831583;0.001544;healthy;WO305372;1,490.48
2026-07-02;ENG-021;83;2026-01-04 11:00:00;642.7100;1577.9200;1398.9700;554.7800;2388.1500;9055.6800;47.3200;522.5400;2388.0700;8138.6800;8.4090;391.0000;0.011111;-0.941914;0.000646;Healthy;WO409701;909.84
2026/07/02;ENG-038;43;2026-01-02 19:00:00;642.8500;1598.0200;1407.3900;553.1500;2388.0900;9051.6000;47.7000;521.0400;2388.1300;8137.5800;8.4303;394.0000;0.026523;0.304315;0.004009;Healthy;WO533647;2,599.70
02-Jul-2026;ENG-060;91;2026-01-04 19:00:00;642.9700;1594.3800;1401.9400;554.0300;2388.0900;9045.6800;47.5300;521.8800;2388.0800;8134.6900;8.4266;392.0000;0.043324;-0.252851;0.000884;Healthy;WO903683;1040.45
2026/07/02;ENG-059;44;2026-01-02 20:00:00;642.0700;1584.9500;1395.2200;554.4700;2387.9900;9055.4700;47.2500;521.7300;2388.0400;8136.4400;8.3961;390.0000;0.041407;-1.226678;0.000772;Healthy;WO845755;2,398.19
2026/07/02;ENG-048;51;2026-01-03 03:00:00;642.4200;1583.1600;1407.0000;553.2700;2388.1100;9050.1600;47.3300;521.2900;2388.1000;8136.1300;8.4205;392.0000;0.023007;-0.369666;0.004512;Healthy;WO205296;1,297.02
2026/07/02;  ENG-032 ;51;2026-01-03 03:00:00;642.2000;1582.1300;1401.4600;554.0400;2387.9100;9070.3300;47.1700;522.5700;2387.9600;8146.6100;8.3899;392.0000;0.070704;-1.270060;0.001036;Healthy;WO532347;2380.71
02-Jul-2026;  ENG-098 ;56;2026-01-03 08:00:00;642.3800;1582.1800;1404.6500;553.3700;2388.1300;9061.0900;47.5600;521.8800;2388.0500;8143.9500;8.4089;393.0000;0.060270;-0.350587;0.001895;Healthy;WO620015;795.61
2026/07/02;ENG-035;101;2026-01-05 05:00:00;642.4100;1591.7100;1416.4400;552.5100;2388.1600;9057.4100;47.6200;521.5000;2388.1600;8136.4300;8.4747;392.0000;0.028089;0.250991;0.000366;Healthy;WO765340;2563.10
2026/07/02;ENG-046;62;2026-01-03 14:00:00;642.3300;1589.3300;1401.0700;552.5200;2388.0600;9059.2600;47.6200;521.7100;2388.0900;8142.3600;8.4265;391.0000;0.078916;-0.201873;0.002012;Warning;WO375433;14020.52
2026/07/02;ENG-100;98;2026-01-05 02:00:00;642.4800;1588.3300;1403.2300;554.1100;2388.0300;9054.4200;47.3300;522.6000;2387.9800;8138.4900;8.4223;391.0000;0.050530;-1.008392;0.002342;healthy;WO216550;233.28
2026/07/02;  ENG-062 ;110;2026-01-05 14:00:00;642.1900;1582.0300;1401.6800;555.0500;2388.0400;9063.6700;47.1900;522.1100;2388.0200;8142.6400;8.3651;391.0000;0.021198;-1.188027;0.000598;Healthy;WO345265;880.29
2026/07/02;  ENG-027 ;75;2026-01-04 03:00:00;642.1700;1583.4700;1404.8200;554.2000;2388.0800;9048.4000;47.4700;521.9400;2388.0500;8130.3300;8.4211;393.0000;-0.030781;-2.603958;0.005736;Healthy;WO615174;2167.31
2026-07-02;ENG-072;48;2026-01-03 00:00:00;642.1200;1586.1100;1399.9800;554.1300;2387.9900;9061.2200;47.2200;521.6900;2387.9800;8146.2200;8.3931;392.0000;0.030022;-0.833371;0.001907;Healthy;WO611295;2,078.24
02-Jul-2026;ENG-057;76;2026-01-04 04:00:00;642.6100;1587.2500;1400.8800;553.7600;2388.1200;9041.0000;47.5200;522.1200;2388.1000;8130.6800;8.4405;393.0000;0.028770;-0.332224;0.003086;Healthy;WO223787;1417.23
2026/07/02;eng-010;108;2026-01-05 12:00:00;642.3000;1592.5300;1400.9300;554.4100;2388.0200;9061.3600;47.1700;522.2600;2388.0100;8145.4700;8.3995;393.0000;0.037632;-0.810818;0.001119;Healthy;WO233411;1800.84
2026-07-02;ENG-007;97;2026-01-05 01:00:00;642.2100;1587.9400;1402.0000;554.1800;2388.0300;9057.8900;47.2700;522.3700;2388.0300;8141.5800;8.4046;393.0000;0.029203;-0.911722;0.001337;Healthy;WO720204;1,867.10
2026/07/02;  ENG-076 ;117;2026-01-05 21:00:00;642.6700;1582.8600;1402.7300;554.1400;2388.0700;9070.1700;47.5500;522.0200;2388.0100;8142.7500;8.4519;392.0000;0.058125;-0.556326;0.000930;HEALTHY;WO311894;607.12
2026/07/02;ENG-063;77;2026-01-04 05:00:00;642.5700;1583.7200;1407.9500;553.6700;2388.1300;9052.8400;47.6800;521.6200;2388.1500;8127.8700;8.4782;393.0000;0.030631;-0.112918;0.001891;Healthy;WO291972;731.18
2026/07/02;ENG-089;91;2026-01-04 19:00:00;643.0600;1587.4100;1406.1500;553.2300;2388.0800;9045.8600;47.4100;521.5100;2388.0700;8130.3700;8.4309;391.0000;0.035501;-0.315767;0.003473;Healthy;WO907521;276.42
2026-07-02;ENG-018;86;2026-01-04 14:00:00;642.4500;1587.5300;1403.3200;553.6400;2388.0800;9068.0500;47.4200;522.0500;2388.0100;8146.9500;8.4145;393.0000;0.068898;-0.440740;0.000532;Warning;WO878490;24922.93
2026/07/02;  ENG-100 ;102;2026-01-05 06:00:00;641.8600;1586.6300;1407.8900;553.7700;2388.0300;9068.7500;47.2900;522.1100;2388.0100;8139.3800;8.4149;392.0000;0.036171;-0.891647;0.002114;Healthy;WO776557;745.68
02-Jul-2026;  ENG-058 ;80;2026-01-04 08:00:00;642.4600;1586.5700;1398.4400;554.2800;2388.1200;9045.2900;47.3700;522.1200;2388.0500;8131.3700;8.4256;393.0000;0.007120;-0.674971;0.003169;healthy;WO273571;2421.43
2026/07/02;ENG-045;68;2026-01-03 20:00:00;642.6200;1588.2600;1404.9100;553.5400;2388.1100;9064.6900;47.5300;521.1800;2388.1400;8139.4000;8.4240;393.0000;0.061691;-0.022001;0.002247;Healthy;WO699780;2,722.60
2026/07/02;ENG-079;50;2026-01-03 02:00:00;642.2100;1582.5300;1397.8800;554.2500;2388.0800;9046.5500;47.3600;521.8700;2388.1000;8130.5400;8.4459;393.0000;-0.003598;-0.681071;0.006923;healthy;WO489644;1,001.70
2026-07-02;ENG-080;79;2026-01-04 07:00:00;642.4400;1595.3700;1399.9800;553.6000;2388.0600;9063.0600;47.2300;522.1300;2388.0700;8147.2500;8.4159;394.0000;0.052975;-0.520129;0.001257;Healthy;WO659750;2,153.84
2026/07/02;ENG-078;32;2026-01-02 08:00:00;641.9500;1586.6500;1403.7800;554.5500;2387.9500;9066.7700;47.3200;522.4200;2387.9600;8143.0500;8.4085;393.0000;0.057718;-1.088210;;Healthy;WO668497;1975.60
02-Jul-2026;ENG-036;67;2026-01-03 19:00:00;642.4200;1591.3700;1412.5200;552.5500;2388.1200;9059.0600;47.6000;521.4800;2388.1400;8137.5700;8.4760;394.0000;0.041297;0.201977;0.002946;Healthy;WO479555;1205.84
2026-07-02;ENG-043;105;2026-01-05 09:00:00;642.1500;1592.2200;1413.4200;554.3600;2388.1300;9046.5800;47.5900;521.0300;2388.0900;8130.4200;8.4203;392.0000;0.006993;-0.060668;0.003368;Healthy;WO217410;2,959.44
2026-07-02;ENG-049;119;2026-01-05 23:00:00;642.2200;1580.9500;1399.8500;554.4300;2388.0500;9072.3800;47.3400;521.8000;2387.9900;8135.1000;8.4401;392.0000;0.031076;-0.748344;0.001145;Healthy;WO204675;865.79
02-Jul-2026;ENG-099;48;2026-01-03 00:00:00;642.3800;1589.5100;1395.4300;555.1600;2387.9500;9068.0700;47.3000;522.4500;2387.9900;8147.9300;8.3882;392.0000;0.055669;-1.099401;0.000691;Healthy;WO233699;1727.62
2026/07/02;ENG-051;72;2026-01-04 00:00:00;642.4900;1589.5900;1404.7500;554.2400;2388.0800;9046.3400;47.2600;522.0300;2388.1200;8133.6200;8.4612;393.0000;0.023716;-0.436181;0.000961;Healthy;WO249412;1072.03
2026-07-02;ENG-004;45;2026-01-02 21:00:00;642.6000;1588.5600;1401.7400;553.9400;2388.1300;9057.4200;47.4200;521.7300;2388.1200;8132.5500;8.4473;393.0000;0.036206;-0.199037;0.001177;Healthy;WO880371;2681.87
02-Jul-2026;ENG-029;63;2026-01-03 15:00:00;641.9800;1591.5900;1397.5500;553.8800;2388.0200;9053.5500;47.1700;522.3900;2388.0400;8136.4500;8.4311;392.0000;0.029703;-0.978753;0.000546;healthy;WO213188;1163.41
02-Jul-2026;eng-032;73;2026-01-04 01:00:00;641.8800;1578.1600;1399.3600;555.2000;2387.9900;9074.1300;47.2800;522.1000;2387.9500;8157.2200;8.4026;393.0000;0.038617;-1.156575;0.002514;Healthy;WO747316;1592.03
02-Jul-2026;  ENG-049 ;194;2026-01-09 02:00:00;642.5000;1592.8300;1404.3500;553.8700;2388.0400;9058.3200;47.4500;521.6200;2388.0400;8138.3100;8.4398;393.0000;0.053740;-0.360485;0.000518;Healthy;WO654357;1,686.51
2026-07-02;ENG-034;75;2026-01-04 03:00:00;641.9200;1581.8700;1401.3400;554.7200;2388.0200;9069.3400;47.2100;522.7500;2387.9900;8145.4100;8.4145;391.0000;0.058976;-1.199794;0.003257;HEALTHY;WO911244;1642.50
2026/07/02;ENG-049;152;2026-01-07 08:00:00;642.6700;1587.0100;1402.5500;554.7100;2388.0700;9060.8200;47.0700;521.3900;2388.0000;8144.5600;8.3872;393.0000;0.003694;-2.611409;0.003010;Healthy;WO817448;890.46
2026-07-02;ENG-014;24;2026-01-02 00:00:00;642.5500;1590.9700;1404.4200;552.5300;2388.1300;9034.4300;47.6300;521.7900;2388.1400;8119.1000;8.4379;393.0000;-0.010103;0.080877;0.003328;Healthy;WO819945;562.12
2026/07/02;  ENG-055 ;61;2026-01-03 13:00:00;641.9900;1590.7500;1398.7400;553.4400;2388.0800;9052.6800;47.4900;521.5800;2388.0400;8136.4700;8.4024;393.0000;0.038869;-0.582194;0.001145;Healthy;WO392850;651.10
2026-07-02;ENG-010;116;2026-01-05 20:00:00;642.2300;1589.8900;1404.0100;553.6300;2388.0500;9065.7200;47.2100;521.9000;2388.0100;8142.0600;8.4160;392.0000;0.036461;-0.687683;0.002142;Healthy;WO865768;1,695.23
2026/07/02;ENG-052;101;2026-01-05 05:00:00;641.7900;1587.0200;1397.4400;554.7000;2388.0100;9067.7800;47.2900;522.4800;2388.0300;8140.0600;8.3991;393.0000;0.027212;-1.076940;0.001761;Healthy;WO420545;2,250.41
02-Jul-2026;eng-004;41;2026-01-02 17:00:00;642.4800;1582.2200;1408.3600;553.3300;2388.0200;9056.4900;47.5700;521.4600;2388.0800;8134.0200;8.4146;393.0000;0.059603;-0.148905;0.000477;Healthy;WO428968;2,883.23
2026-07-02;  ENG-097 ;50;2026-01-03 02:00:00;642.5300;1583.1800;1401.3000;554.2800;2388.0600;9063.7600;47.2600;522.2600;2388.0200;8140.5500;8.4011;392.0000;0.037148;-0.774207;0.001444;healthy;WO925634;1735.99
2026-07-02;ENG-055;56;2026-01-03 08:00:00;641.8000;1580.4800;1397.8100;553.6400;2388.0800;9053.1000;47.4700;521.3100;2388.0500;8137.6600;8.4040;392.0000;0.013703;-0.733094;0.001444;Healthy;WO807424;
2026-07-02;ENG-026;47;2026-01-02 23:00:00;642.8200;1585.4900;1396.8500;553.8000;2388.0200;9060.4400;47.2900;522.3100;2388.0200;8150.0100;8.4183;391.0000;0.063669;-0.821756;0.001827;Healthy;WO287143;517.10
2026/07/02;ENG-068;108;2026-01-05 12:00:00;642.7800;1588.2300;1403.2300;553.7500;2388.1000;9070.7400;47.5500;522.0700;2388.0800;8140.4400;8.4316;393.0000;0.072343;-0.192751;0.001745;healthy;WO546053;2,954.27
02-Jul-2026;ENG-074;67;2026-01-03 19:00:00;642.9700;1591.0000;1396.7800;553.5700;2388.0400;9062.6900;47.3700;522.0800;2388.0500;8139.1600;8.4135;394.0000;0.049691;-0.453214;0.001678;Healthy;WO187108;
2026-07-02;ENG-043;87;2026-01-04 15:00:00;642.4500;1591.4500;1402.3200;553.3100;2388.1000;9053.0000;47.0900;521.5800;2388.0900;8133.3600;8.4468;392.0000;0.026034;-0.462292;0.001544;Healthy;WO357925;1012.16
2026-07-02;  ENG-039 ;22;2026-01-01 22:00:00;642.1300;1582.4500;1393.4900;554.4400;2388.0400;9058.5600;47.3300;521.7800;2388.0300;8141.4600;8.3877;393.0000;0.026730;-1.064472;0.001827;Healthy;WO858905;1,917.31
02-Jul-2026;  ENG-100 ;78;2026-01-04 06:00:00;642.1700;1587.1100;1399.2800;554.3400;2387.9900;9068.9900;47.1500;522.2000;2388.0200;8142.6400;8.4154;392.0000;0.037868;-0.922225;0.000244;Healthy;WO614155;548.78
2026/07/02;ENG-081;73;2026-01-04 01:00:00;642.5100;1592.9500;1407.1500;553.8000;2388.0200;9070.5400;47.2400;521.6300;2388.0400;8150.6400;8.4231;392.0000;0.061529;-0.461499;0.001879;healthy;WO830854;1,579.50
02-Jul-2026;eng-036;69;2026-01-03 21:00:00;643.0200;1590.0700;1420.0000;553.4500;2388.1300;9063.0100;47.7800;521.4000;2388.0900;8141.0000;8.4508;395.0000;0.017090;0.430260;0.001119;healthy;WO951853;2,432.52
02-Jul-2026;ENG-089;77;2026-01-04 05:00:00;642.0900;1596.1500;1402.9000;553.6100;2388.1000;9036.2500;47.4000;521.8700;2388.1100;8127.5200;8.4543;392.0000;0.028792;-0.351644;;Healthy;WO876521;1639.95
2026-07-02;eng-028;86;2026-01-04 14:00:00;642.8900;1584.0300;1409.1400;553.4500;2388.0700;9044.7400;47.4400;521.9800;2388.0200;8130.8100;8.4312;393.0000;0.045327;-0.258210;0.002397;Healthy;WO415465;1476.76
02-Jul-2026;ENG-045;57;2026-01-03 09:00:00;642.6300;1595.3200;1413.7900;553.5700;2388.0600;9053.6900;47.5000;521.6600;2388.1300;8137.4800;8.4550;392.0000;0.062787;0.004967;0.002320;Healthy;WO888643;1,928.95
2026/07/02;ENG-020;114;2026-01-05 18:00:00;642.3600;1597.9000;1402.3900;553.3900;2388.1100;9054.3000;47.5600;521.4200;2388.1000;8146.7900;8.4759;393.0000;0.075288;0.039507;0.001528;Healthy;WO743302;463.51
02-Jul-2026;  ENG-031 ;97;2026-01-05 01:00:00;643.1000;1590.8800;1406.3700;553.8500;2388.0800;9064.2600;47.6000;522.2300;2388.0700;8145.7800;8.4154;392.0000;0.076486;-0.276823;0.002970;healthy;WO586579;2127.67
02-Jul-2026;ENG-093;117;2026-01-05 21:00:00;642.9600;1588.2900;1415.3300;553.3200;2388.1000;9056.8200;47.6800;521.1100;2388.1100;8135.9700;8.4644;394.0000;-0.001023;0.396661;0.003312;WARNING;WO888408;
02-Jul-2026;ENG-037;56;2026-01-03 08:00:00;642.2600;1584.8200;1401.7600;555.2600;2388.0700;9055.4700;47.2800;522.1300;2388.0500;8137.0200;8.3665;394.0000;0.016608;-2.668050;0.002762;healthy;WO787325;1078.60
02-Jul-2026;ENG-024;118;2026-01-05 22:00:00;642.3200;1578.5300;1401.9400;553.9300;2388.0200;9083.2400;47.2700;522.2900;2388.0300;8161.4300;8.4304;392.0000;0.059722;-0.993641;0.002303;Healthy;WO578331;2084.06
2026-07-02;ENG-008;96;2026-01-05 00:00:00;642.7200;1586.7200;1407.4200;553.5400;2388.0800;9042.0700;47.5100;521.1000;2388.0900;8128.8300;8.4462;394.0000;0.015496;-0.053817;0.003582;Healthy;WO755783;236.22
02-Jul-2026;  ENG-049 ;105;2026-01-05 09:00:00;641.7300;1585.8000;1396.9100;554.4000;2388.0200;9060.6400;47.2100;522.1200;2388.0200;8148.1400;8.4126;391.0000;0.040765;-1.129887;0.001761;Healthy;WO550366;2962.97
02-Jul-2026;  ENG-093 ;124;2026-01-06 04:00:00;642.5200;1596.0500;1411.8200;553.4400;2388.1300;9059.5300;47.3800;521.4600;2388.1200;8138.6100;8.4411;392.0000;0.041713;0.143826;0.002506;Warning;WO985240;2,020.72
2026-07-02;eng-068;95;2026-01-04 23:00:00;642.4800;1579.4400;1402.5400;553.5500;2388.0200;9057.0600;47.5200;521.1200;2388.0600;8134.6700;8.4589;392.0000;0.043929;-0.375400;0.001418;Healthy;WO550348;329.56
2026/07/02;ENG-030;90;2026-01-04 18:00:00;642.1500;1588.2000;1407.7500;554.2700;2388.1300;9049.2700;47.5400;520.7700;2388.0900;8125.8200;8.4222;393.0000;-0.000106;-0.124742;0.004648;Healthy;WO859806;936.89
02-Jul-2026;ENG-018;82;2026-01-04 10:00:00;642.4200;1593.9900;1405.6700;554.5100;2388.0100;9062.2700;47.3900;521.4700;2388.0600;8138.1000;8.4156;391.0000;0.037130;-0.608010;0.001811;Healthy;WO339698;2964.51
02-Jul-2026;ENG-079;64;2026-01-03 16:00:00;642.3100;1588.9500;1400.1800;553.6600;2388.1300;9057.4200;47.4100;522.0500;2388.0800;8133.9100;8.4439;392.0000;0.038953;-0.459544;0.001171;Healthy;WO178437;243.53
2026/07/02;ENG-070;82;2026-01-04 10:00:00;642.8500;1590.9500;1404.2200;553.6800;2388.0700;9054.3400;47.4800;521.1900;2388.0700;8130.8900;8.4092;393.0000;0.047362;-0.192252;0.002194;Healthy;WO599103;2,624.36
02-Jul-2026;  ENG-017 ;104;2026-01-05 08:00:00;642.4400;1583.6200;1402.8300;553.8000;2388.0200;9069.8800;47.3900;522.2100;2388.0400;8150.5500;8.4165;393.0000;0.059562;-0.647585;0.003798;Healthy;WO651429;118.22
2026-07-02;ENG-025;27;2026-01-02 03:00:00;641.8000;1587.4600;1397.2300;554.3600;2388.0800;9049.9600;47.4100;522.0800;2388.0300;8135.7100;8.4039;393.0000;0.008613;-0.928946;0.001007;Healthy;WO560984;753.28
2026/07/02;ENG-007;98;2026-01-05 02:00:00;642.4500;1585.3800;1400.2600;554.3800;2388.0800;9053.5000;47.2300;522.3200;2387.9800;8138.7100;8.4455;391.0000;0.038987;-0.760071;0.000345;Healthy;WO907364;1,395.75
2026-07-02;  ENG-049 ;117;2026-01-05 21:00:00;642.4700;1585.8000;1393.6000;553.5100;2388.0300;9059.6100;47.2700;522.1600;2388.0200;8141.4600;8.4306;394.0000;0.053865;-0.820369;0.000880;HEALTHY;WO446592;172.40
02-Jul-2026;ENG-020;68;2026-01-03 20:00:00;642.1400;1594.9500;1405.8200;553.3900;2388.0000;9067.1100;47.4700;521.8400;2388.1200;8143.2700;8.3965;392.0000;0.063014;-0.422766;0.000732;Healthy;WO327138;1152.42
2026-07-02;ENG-067;26;2026-01-02 02:00:00;642.3300;1590.8200;1398.3300;554.5200;2388.0100;9066.2100;47.3300;522.1000;2387.9500;8142.7500;8.4242;392.0000;0.049182;-0.923857;0.002417;Healthy;WO672935;2104.12
2026/07/02;ENG-054;45;2026-01-02 21:00:00;642.6000;1580.8700;1399.5400;554.5900;2388.0100;9052.3500;47.0400;522.5200;2388.0400;8140.0100;8.3909;391.0000;0.038559;-1.213243;0.000977;Healthy;WO224538;71.41
2026/07/02;ENG-076;89;2026-01-04 17:00:00;642.1000;1593.9400;1395.7800;554.1300;2388.0200;9053.2900;47.2700;522.4700;2388.0300;8147.6600;8.4348;394.0000;0.045410;-0.946567;0.001525;Healthy;WO504397;1093.91
2026-07-02;  ENG-054 ;63;2026-01-03 15:00:00;642.0300;1578.8400;1394.2200;554.9400;2388.0800;9058.8700;47.0600;522.5200;2387.9900;8138.1900;8.4174;392.0000;0.007859;-2.615927;0.002847;Healthy;WO694069;2829.24
2026/07/02;ENG-095;53;2026-01-03 05:00:00;642.6100;1578.1700;1404.1400;553.3400;2388.0500;9051.9200;47.6200;521.7700;2388.0700;8127.4300;8.3802;391.0000;0.018407;-0.628467;0.002490;Healthy;WO235874;2,513.04
2026-07-02;ENG-096;49;2026-01-03 01:00:00;642.1600;1584.3000;1398.6200;554.1000;2387.9700;9068.6400;47.2100;522.0500;2388.0200;8148.6800;8.4139;392.0000;0.046958;-1.000508;0.002697;HEALTHY;WO761377;1956.30
2026/07/02;eng-061;68;2026-01-03 20:00:00;642.6700;1588.7400;1400.0100;554.7300;2388.0300;9061.1900;47.3900;521.9300;2388.0300;8146.9200;8.4114;392.0000;0.030632;-0.829908;0.000598;Healthy;WO479115;1136.85
2026/07/02;  ENG-010 ;107;2026-01-05 11:00:00;642.0500;1582.1200;1397.0700;553.2000;2388.0300;9060.9100;47.2400;521.6200;2388.0200;8144.8500;8.3910;392.0000;0.040863;-0.958804;0.001444;Healthy;WO528714;502.72
02-Jul-2026;  ENG-010 ;78;2026-01-04 06:00:00;642.3700;1584.5100;1402.0600;554.5700;2387.9800;9059.5500;47.0800;522.0100;2388.0400;8146.7800;8.3806;392.0000;0.010500;-1.094604;0.004312;healthy;WO735447;585.93
2026-07-02;ENG-035;82;2026-01-04 10:00:00;643.0200;1589.3000;1405.3100;553.3900;2388.0900;9050.7300;47.7200;521.1500;2388.1600;8135.9700;8.4545;394.0000;0.025781;0.193665;0.001107;HEALTHY;WO166836;147.60
2026/07/02;ENG-012;143;2026-01-06 23:00:00;642.2900;1590.6700;1403.8500;554.0500;2388.0400;9059.9900;47.4900;522.4400;2388.0400;8143.6800;8.3857;393.0000;0.027991;-0.873115;0.002057;Healthy;WO649162;2665.13
02-Jul-2026;ENG-049;124;2026-01-06 04:00:00;642.0400;1587.6700;1397.4300;554.9900;2388.0300;9062.7100;47.3200;522.1300;2388.0100;8136.9500;8.4138;393.0000;0.028635;-1.039460;0.000913;Healthy;WO821471;696.56
2026-07-02;  ENG-091 ;87;2026-01-04 15:00:00;643.3600;1585.9500;1416.0000;553.0000;2388.0800;9049.9400;47.6200;520.8000;2388.1400;8127.7300;8.4534;392.0000;0.008122;0.151678;0.001935;Healthy;WO531921;1324.23
2026-07-02;eng-080;52;2026-01-03 04:00:00;642.7800;1587.0600;1408.8800;553.6800;2388.0400;9063.9100;47.3000;521.9000;2388.0600;8141.6800;8.4522;393.0000;0.046419;-0.498427;0.003074;Healthy;WO911803;370.21
02-Jul-2026;ENG-089;88;2026-01-04 16:00:00;642.4200;1590.5200;1408.3300;553.5400;2388.1000;9047.3600;47.5500;521.4800;2388.1000;8129.3500;8.3983;392.0000;0.035855;-0.223574;0.000228;Healthy;WO958418;407.56
02-Jul-2026;ENG-030;75;2026-01-04 03:00:00;642.5400;1589.0200;1414.6500;553.1100;2388.1000;9041.9200;47.5200;521.0900;2388.1000;8130.6400;8.4476;392.0000;-0.001825;0.127191;0.001165;Healthy;WO183185;2208.62
02-Jul-2026;  ENG-030 ;88;2026-01-04 16:00:00;642.2200;1587.0500;1407.3300;552.8500;2388.1700;9044.1400;47.5800;521.7600;2388.1000;8130.3600;8.4599;392.0000;0.031614;-0.100715;0.002560;Healthy;WO623142;986.91
02-Jul-2026;ENG-006;51;2026-01-03 03:00:00;642.6600;1588.2500;1406.4200;553.3900;2388.0700;9045.4600;47.2800;521.1600;2388.1900;8135.1700;8.4053;392.0000;0.019114;-0.288767;0.005542;Healthy;WO830124;1729.94
2026-07-02;ENG-088;34;2026-01-02 10:00:00;642.1000;1593.4000;1402.7800;553.5900;2388.1500;9039.4300;47.4400;521.2000;2388.1200;8123.4900;8.4462;393.0000;-0.009612;-0.011193;0.002979;Healthy;WO223080;1,207.23
02-Jul-2026;  ENG-089 ;75;2026-01-04 03:00:00;642.4100;1587.0800;1400.6200;553.1800;2388.1200;9045.7000;47.4200;521.5700;2388.0700;8124.8400;8.4217;394.0000;0.021333;-0.435097;0.002405;Healthy;WO821206;972.72
02-Jul-2026;ENG-079;36;2026-01-02 12:00:00;642.1300;1589.2200;1397.2300;553.5900;2388.0200;9049.3400;47.5000;521.7800;2388.0700;8130.5600;8.4017;392.0000;0.019945;-0.717478;0.001505;Healthy;WO513275;1909.93
2026-07-02;  ENG-100 ;91;2026-01-04 19:00:00;642.5300;1579.9900;1396.1000;554.1600;2388.0400;9057.0900;47.2400;522.6800;2388.0200;8150.7400;8.3939;392.0000;0.044643;-1.082947;0.002184;Healthy;WO592395;695.36
02-Jul-2026;ENG-020;101;2026-01-05 05:00:00;642.5200;1588.1000;1404.2100;554.1800;2388.0700;9063.1500;47.2400;521.8100;2388.0700;8139.0000;8.4306;392.0000;0.033525;-0.577234;0.001221;Healthy;WO541901;1,488.28
2026-07-02;ENG-100;74;2026-01-04 02:00:00;642.6000;1585.8200;1403.3000;554.3600;2388.0700;9061.3300;47.2200;522.2600;2388.0600;8141.6500;8.3414;393.0000;-0.005187;-0.906561;0.004991;Healthy;WO812575;881.76
2026-07-02;ENG-053;89;2026-01-04 17:00:00;642.2200;1585.1000;1401.0600;553.8200;2388.0700;9058.1200;47.4900;521.7100;2388.0700;8143.3000;8.4427;392.0000;0.043437;-0.654237;0.001769;Healthy;WO203450;2080.43
2026-07-02;ENG-003;73;2026-01-04 01:00:00;642.9400;1582.7900;1414.7000;553.6000;2388.1400;9057.1900;47.5900;520.8700;2388.1100;8129.7000;8.4571;393.0000;-0.000008;0.095100;0.001880;Healthy;WO312599;2569.63
2026-07-02;ENG-054;57;2026-01-03 09:00:00;642.0700;1578.2800;1395.9900;554.5400;2387.9800;9059.4700;47.2500;522.5800;2388.0000;8143.3600;8.3818;392.0000;0.043388;-1.222078;0.001859;Healthy;WO818355;687.41
2026-07-02;ENG-034;121;2026-01-06 01:00:00;642.1300;1588.5900;1395.4200;554.5000;2388.0800;9065.9900;47.4000;522.1000;2388.0700;8144.8300;8.4088;392.0000;0.015158;-0.920745;0.000810;Healthy;WO172550;1411.97
2026/07/02;ENG-090;98;2026-01-05 02:00:00;643.0300;1587.2800;1409.9000;553.5600;2388.1100;9061.6300;47.3700;521.1300;2388.0900;8138.8400;8.4719;394.0000;0.045735;0.094524;0.001546;Healthy;WO981564;982.55
02-Jul-2026;ENG-077;104;2026-01-05 08:00:00;642.3600;1588.0500;1407.4200;553.6400;2388.0400;9048.5800;47.3300;521.6200;2388.0300;8131.7400;8.4222;394.0000;0.043158;-0.240153;0.002860;Healthy;WO355978;796.04
2026/07/02;ENG-032;70;2026-01-03 22:00:00;642.2300;1591.5400;1401.2700;553.9600;2388.0200;9072.1500;47.1200;521.7600;2388.0100;8154.1300;8.4021;390.0000;0.047111;-0.943544;0.001922;Healthy;WO523265;2,234.64
02-Jul-2026;ENG-100;106;2026-01-05 10:00:00;642.4700;1586.6300;1401.2100;554.0900;2388.0100;9063.9400;47.2600;521.9400;2388.0600;8146.2100;8.4202;392.0000;0.038545;-0.710173;0.001601;Healthy;WO159040;
2026-07-02;eng-098;62;2026-01-03 14:00:00;642.8300;1587.7900;1400.7400;554.0100;2388.0500;9058.1400;47.4800;521.6600;2388.0800;8136.7700;8.4353;393.0000;0.051046;-0.363494;0.002432;Warning;WO796288;21263.29
02-Jul-2026;ENG-059;49;2026-01-03 01:00:00;642.1000;1583.8100;1404.3600;554.4200;2387.9700;9061.6000;47.1500;522.2600;2388.0300;8140.4700;8.4146;391.0000;0.032946;-1.160854;0.001619;Healthy;WO905704;237.57
2026/07/02;ENG-024;119;2026-01-05 23:00:00;642.3500;1583.2500;1404.4400;554.1900;2388.0200;9076.6400;47.2900;522.9400;2388.0200;8162.4000;8.4110;390.0000;0.074992;-1.022226;0.003571;Healthy;WO197722;564.93
02-Jul-2026;ENG-053;65;2026-01-03 17:00:00;642.3000;1593.1100;1403.3900;553.5700;2388.1200;9060.4400;47.4600;521.9500;2388.0600;8140.5300;8.4301;392.0000;0.061026;-0.396419;0.000211;Warning;WO928309;14,472.32
02-Jul-2026;eng-024;98;2026-01-05 02:00:00;642.1300;1594.3600;1399.8400;554.2000;2388.0300;9079.9500;47.1600;522.2200;2388.0000;8151.2200;8.4142;392.0000;0.047268;-0.907544;0.002367;Healthy;WO411445;2,093.47
2026-07-02;ENG-030;91;2026-01-04 19:00:00;642.1200;1588.9700;1403.5100;553.5900;2388.1300;9048.4600;47.6200;521.4700;2388.1600;8126.3100;8.4423;392.0000;0.025121;-0.148789;0.002189;Healthy;WO549329;428.57
02-Jul-2026;ENG-010;119;2026-01-05 23:00:00;642.1600;1591.1300;1398.6100;554.3700;2388.0300;9060.5200;47.3700;521.8400;2388.0800;8137.1200;8.4120;391.0000;0.018983;-0.738921;0.001811;Healthy;WO374233;2,685.96
2026/07/02;ENG-095;59;2026-01-03 11:00:00;642.2200;1587.9800;1402.7700;553.8200;2388.0500;9041.2000;47.2400;522.2200;2388.0300;8126.7500;8.4053;393.0000;0.008968;-0.801603;0.001983;Healthy;WO818187;1,585.90
2026-07-02;  ENG-060 ;50;2026-01-03 02:00:00;642.0000;1592.6600;1407.9900;553.3900;2388.1100;9057.0100;47.4600;521.8400;2388.0900;8133.2500;8.4796;393.0000;0.064181;-0.215194;0.002004;Healthy;WO167496;87.90
02-Jul-2026;  ENG-031 ;80;2026-01-04 08:00:00;642.3800;1590.9000;1400.0500;554.0700;2388.0300;9073.6900;47.3200;521.7000;2388.0500;8153.5800;8.4166;390.0000;0.053123;-0.896090;0.001638;Healthy;WO617185;2,386.53
02-Jul-2026;ENG-048;39;2026-01-02 15:00:00;642.5800;1582.3700;1404.1600;554.4300;2388.0700;9055.4100;47.2900;521.5900;2388.0500;8142.1000;8.4286;392.0000;0.020856;-0.584026;0.002251;Healthy;WO452107;2,337.76
2026/07/02;ENG-019;51;2026-01-03 03:00:00;641.9100;1587.3100;1396.0000;554.7100;2388.0300;9056.5200;47.0500;522.2200;2388.0400;8137.7100;8.3616;393.0000;0.005048;-1.101031;0.002740;Healthy;WO415140;839.73
2026-07-02;ENG-068;92;2026-01-04 20:00:00;642.3200;1581.0700;1399.1900;554.3900;2388.0300;9051.8100;47.5700;522.0900;2388.0800;8136.1300;8.3991;393.0000;0.014134;-0.781199;0.000691;Healthy;WO190956;457.80
02-Jul-2026;ENG-030;96;2026-01-05 00:00:00;642.6000;1590.2900;1409.1900;553.4700;2388.1500;9045.5900;47.3600;521.3100;2388.1000;8130.4200;8.4400;394.0000;0.007806;0.024260;0.001895;healthy;WO844466;2716.37
2026-07-02;  ENG-074 ;60;2026-01-03 12:00:00;642.3000;1582.7000;1403.0900;554.1600;2388.0900;9064.8200;47.4500;521.9900;2388.0800;8137.7400;8.4398;392.0000;0.039597;-0.542676;0.002316;HEALTHY;WO173498;1,598.62
2026/07/02;ENG-100;84;2026-01-04 12:00:00;642.0000;1579.3300;1398.5600;554.5100;2388.0500;9056.3300;47.2600;522.2100;2388.0400;8144.4700;8.4096;392.0000;0.026667;-1.071917;0.002889;Healthy;WO586060;1353.41
2026-07-02;ENG-084;89;2026-01-04 17:00:00;642.4800;1592.4700;1405.8800;553.4600;2388.1100;9062.4900;47.5200;521.3000;2388.0800;8134.7900;8.4292;393.0000;0.052033;0.045836;0.000590;Healthy;WO918807;1579.48
2026/07/02;ENG-038;63;2026-01-03 15:00:00;643.1400;1584.2800;1411.7200;552.3600;2388.0900;9057.8200;47.5600;520.8400;2388.1000;8141.0900;8.4387;393.0000;0.036677;0.246908;0.003931;Warning;WO444929;
2026/07/02;ENG-097;80;2026-01-04 08:00:00;641.9500;1582.6500;1397.5700;554.3400;2388.0700;9069.3400;47.3200;522.1000;2387.9900;8151.4300;8.4139;393.0000;0.048444;-0.968495;0.001582;healthy;WO785191;1,837.69
02-Jul-2026;ENG-089;73;2026-01-04 01:00:00;642.4400;1587.4100;1402.6500;554.0300;2388.1400;9040.5000;47.5200;522.0400;2388.1400;8127.3000;8.4028;392.0000;0.009637;-0.467028;0.001332;Healthy;WO222367;1462.06
2026/07/02;  ENG-022 ;15;2026-01-01 15:00:00;642.5400;1587.1200;1404.4200;553.9200;2388.1400;9052.2600;47.5000;521.4100;2388.1200;8125.7200;8.4430;393.0000;0.026401;-0.154296;0.000911;Healthy;WO973132;753.33
2026/07/02;ENG-037;47;2026-01-02 23:00:00;642.4300;1589.9100;1403.2100;553.9900;2388.0400;9056.4300;47.2000;522.3800;2388.0700;8140.8200;8.4008;390.0000;0.020748;-0.962335;0.000598;Healthy;WO999363;2,423.40
2026/07/02;ENG-043;65;2026-01-03 17:00:00;642.9100;1582.4500;1404.9900;554.2000;2388.1200;9050.7600;47.4600;522.0200;2388.0800;8131.9300;8.4185;392.0000;0.022047;-0.449494;0.001847;Healthy;WO850535;2,931.97
02-Jul-2026;ENG-060;62;2026-01-03 14:00:00;642.9400;1586.8500;1403.1200;553.2600;2388.1100;9050.1300;47.3100;521.8900;2388.0900;8132.4000;8.4292;393.0000;0.036971;-0.354470;0.003764;Healthy;WO507658;2142.68
2026/07/02;ENG-008;109;2026-01-05 13:00:00;642.5500;1589.5800;1410.2200;553.0300;2388.0700;9047.3000;47.4600;521.1100;2388.1400;8135.7300;8.4360;394.0000;0.021429;0.120274;0.000989;Healthy;WO701961;725.17
02-Jul-2026;ENG-097;60;2026-01-03 12:00:00;642.6400;1586.8500;1394.3800;554.8400;2388.0100;9071.9200;47.3800;521.9800;2388.0300;8148.3700;8.3829;393.0000;0.034909;-0.958701;0.001794;Healthy;WO458199;2839.49
02-Jul-2026;  ENG-091 ;105;2026-01-05 09:00:00;643.2500;1596.5800;1410.0700;552.9400;2388.1200;9044.8700;47.4800;521.2600;2388.1400;8124.6500;8.4698;394.0000;-0.025495;0.414774;0.000732;HEALTHY;WO520756;2611.52
02-Jul-2026;ENG-038;61;2026-01-03 13:00:00;642.8100;1592.1800;1414.0200;553.4300;2388.1500;9057.7300;47.5700;521.1700;2388.1100;8130.8900;8.4618;392.0000;0.005223;0.273574;0.001794;Healthy;WO117279;530.58
2026-07-02;ENG-090;95;2026-01-04 23:00:00;642.7600;1590.9100;1409.8200;553.0300;2388.1100;9058.5600;47.4000;521.3200;2388.1100;8143.6700;8.4615;393.0000;0.062291;0.093453;0.002592;Healthy;WO372089;295.35
02-Jul-2026;ENG-068;113;2026-01-05 17:00:00;642.7100;1582.3100;1410.7200;553.7100;2388.0700;9059.4800;47.4000;521.6000;2388.0800;8139.9400;8.4342;392.0000;0.057104;-0.118980;0.001903;HEALTHY;WO709496;458.60
2026-07-02;ENG-052;110;2026-01-05 14:00:00;642.2600;1592.9500;1395.7900;554.5400;2388.0400;9064.8400;47.3200;522.9200;2388.0100;8144.8900;8.3948;391.0000;0.074881;-2.717904;0.014452;Healthy;WO990545;2,515.60
02-Jul-2026;ENG-093;99;2026-01-05 03:00:00;642.6900;1593.9200;1410.1100;552.6400;2388.0900;9060.8700;47.5800;521.9400;2388.1300;8138.9600;8.4402;394.0000;0.072277;0.130834;0.001709;Healthy;WO820791;1,542.66
2026/07/02;ENG-049;125;2026-01-06 05:00:00;642.5700;1582.7300;1400.5000;554.1200;2387.9800;9063.5900;47.3100;522.0100;2388.0500;8143.5200;8.4156;393.0000;0.016582;-2.657607;0.000977;Healthy;WO574202;2091.66
2026/07/02;eng-043;77;2026-01-04 05:00:00;642.3900;1584.3300;1405.0100;553.6400;2388.0100;9055.8900;47.5700;521.8600;2388.0700;8129.2400;8.4256;393.0000;0.038724;-0.554891;0.001592;Healthy;WO978532;1727.97
2026/07/02;ENG-054;79;2026-01-04 07:00:00;642.0400;1583.7200;1396.2300;554.2900;2387.9700;9058.8200;47.1300;522.2600;2388.0600;8136.9700;8.3827;392.0000;0.017880;-1.169988;0.000772;Healthy;WO667802;1,074.15
02-Jul-2026;ENG-007;57;2026-01-03 09:00:00;642.2200;1576.2000;1401.4600;554.5100;2388.0400;9063.8100;47.2700;522.8500;2388.0000;8137.9100;8.3829;391.0000;0.048357;-1.252468;0.001145;Healthy;WO381903;313.08
02-Jul-2026;  ENG-079 ;39;2026-01-02 15:00:00;642.5100;1592.4300;1403.3400;553.8400;2388.0700;9051.5900;47.3500;522.0400;2388.0900;8132.3600;8.4424;393.0000;0.038942;-0.504178;0.002028;Healthy;WO320430;2088.80
2026/07/02;ENG-071;28;2026-01-02 04:00:00;641.9800;1590.5300;1400.3600;554.3700;2388.0000;9067.0300;47.0700;522.5700;2387.9600;8147.6500;8.4124;393.0000;0.057961;-0.998004;0.002641;Healthy;WO585127;1645.84
2026-07-02;  ENG-017 ;70;2026-01-03 22:00:00;642.0000;1587.4300;1399.3800;554.0400;2388.0100;9073.5900;47.3100;521.9900;2388.0300;8150.3200;8.3972;392.0000;0.040808;-1.048149;0.000846;Healthy;WO206774;2904.93
2026/07/02;ENG-093;134;2026-01-06 14:00:00;642.3400;1585.4200;1414.2800;552.9200;2388.1200;9062.3500;47.5500;520.9900;2388.0800;8141.4700;8.4434;393.0000;0.042971;0.096476;0.001320;Healthy;WO839326;
2026/07/02;ENG-030;92;2026-01-04 20:00:00;642.3000;1589.7100;1411.4000;552.9700;2388.1100;9049.7600;47.4700;521.4700;2388.0900;8129.6200;8.4513;393.0000;0.031755;0.037774;0.000957;healthy;WO115659;1767.84
02-Jul-2026;eng-083;49;2026-01-03 01:00:00;641.9500;1586.2800;1400.1600;553.4300;2388.1000;9051.7200;47.2500;521.5400;2388.0900;8138.5100;8.3930;393.0000;0.008862;-0.757563;0.000846;healthy;WO643386;1147.45
02-Jul-2026;ENG-091;154;2026-01-07 10:00:00;642.8800;1597.1700;1410.5700;552.5200;2388.1900;9041.6900;47.5200;520.9700;2388.1800;8122.1800;8.4633;394.0000;-0.061538;0.547790;0.004140;Healthy;WO353656;2,750.81
2026-07-02;ENG-010;67;2026-01-03 19:00:00;642.5900;1583.9200;1396.0800;555.0200;2387.9800;9057.3700;47.2800;522.4800;2387.9900;8145.6800;8.3891;392.0000;0.038832;-1.089692;0.002367;Healthy;WO531924;
2026-07-02;ENG-079;61;2026-01-03 13:00:00;642.7900;1583.6700;1403.0300;553.5700;2388.1200;9052.4100;47.3800;522.1400;2388.0600;8127.6300;8.3854;392.0000;0.015724;-0.531336;0.002271;healthy;WO493996;1856.49
2026-07-02;ENG-075;38;2026-01-02 14:00:00;642.1500;1583.6400;1394.5100;553.9500;2388.0200;9061.9200;47.4700;522.1500;2388.0400;8133.6100;8.4127;391.0000;0.028569;-0.975201;0.000244;Healthy;WO409847;1207.76
02-Jul-2026;eng-002;26;2026-01-02 02:00:00;642.5100;1587.0400;1408.2900;552.7000;2388.1600;9054.4600;47.4600;520.6200;2388.1000;8129.6700;8.4081;392.0000;0.014603;0.030273;;Healthy;WO334404;788.15
2026/07/02;ENG-050;32;2026-01-02 08:00:00;642.3400;1586.8200;1402.1800;554.0000;2388.0400;9059.1000;47.1900;521.9400;2388.0600;8143.7700;8.4170;393.0000;0.023566;-0.769211;0.002405;Healthy;WO523355;2136.14
02-Jul-2026;ENG-087;37;2026-01-02 13:00:00;641.9800;1584.4500;1397.5600;554.5400;2388.0600;9061.5900;47.3800;522.3500;2388.0100;8139.0300;8.3919;390.0000;0.033351;-1.021135;0.000598;Healthy;WO801989;2822.03
2026-07-02;ENG-058;69;2026-01-03 21:00:00;642.3400;1585.0400;1397.8300;553.3300;2388.0900;9049.3600;47.4600;522.4900;2388.0900;8132.3400;8.4232;393.0000;0.011713;-0.735166;0.000772;Healthy;WO585436;1,750.33
02-Jul-2026;ENG-045;52;2026-01-03 04:00:00;643.1700;1589.0900;1407.9500;553.1900;2388.1200;9051.6800;47.4300;521.8200;2388.1100;8138.9700;8.4581;393.0000;0.054308;0.062528;0.003421;Healthy;WO540135;2,922.78
2026/07/02;ENG-058;93;2026-01-04 21:00:00;642.6100;1586.3200;1401.6600;553.9400;2388.0500;9052.1300;47.3600;521.8300;2388.0400;8135.7300;8.4252;392.0000;0.032938;-0.491191;0.002100;Healthy;WO834479;1529.76
2026/07/02;ENG-018;72;2026-01-04 00:00:00;641.9500;1586.6300;1395.2200;554.5300;2388.0200;9064.5400;47.4400;522.3700;2387.9900;8150.7100;8.3889;391.0000;0.070832;-1.154850;0.002740;Healthy;WO121464;775.99
2026-07-02;  ENG-062 ;144;2026-01-07 00:00:00;642.1400;1592.1500;1397.7400;554.9100;2388.1100;9052.6000;47.2300;522.2900;2388.0200;8143.3700;8.3841;393.0000;0.020312;-0.976206;0.001811;Healthy;WO205824;1,945.71
2026/07/02;eng-070;65;2026-01-03 17:00:00;642.7800;1590.9600;1401.7400;553.3100;2388.0400;9044.8300;47.3500;521.2600;2388.0400;8132.5500;8.4344;394.0000;0.044497;-0.194426;0.001561;Healthy;WO154789;
02-Jul-2026;ENG-005;51;2026-01-03 03:00:00;642.9300;1589.5600;1406.6200;553.3000;2388.1300;9051.9100;47.4600;521.5700;2388.1100;8132.0200;8.4547;392.0000;0.044337;-0.019678;0.001105;healthy;WO749489;1492.06
02-Jul-2026;  ENG-051 ;63;2026-01-03 15:00:00;642.5400;1584.5200;1400.2700;553.8800;2388.0600;9044.5100;47.5900;521.5300;2388.0800;8127.1900;8.4125;394.0000;0.024232;-0.354615;0.001014;Healthy;WO658836;2196.59
2026-07-02;ENG-016;75;2026-01-04 03:00:00;642.9900;1583.3200;1402.8700;554.0700;2388.0900;9056.9900;47.2200;522.0800;2388.0500;8139.4600;8.3896;392.0000;0.018854;-0.779150;0.001726;Healthy;WO381261;
2026-07-02;ENG-016;67;2026-01-03 19:00:00;642.3400;1584.9000;1405.9500;554.5900;2388.0300;9051.7500;47.1900;522.4600;2388.0500;8133.7100;8.3746;392.0000;-0.000965;-0.947681;0.001292;Healthy;WO130677;2,029.96
2026-07-02;ENG-073;67;2026-01-03 19:00:00;642.5800;1588.1900;1401.7700;553.9400;2388.0100;9055.5200;47.0900;521.9900;2388.0300;8132.6200;8.3862;391.0000;0.006398;-0.904256;0.000546;Healthy;WO111385;1,278.12
2026-07-02;eng-085;22;2026-01-01 22:00:00;642.4900;1591.2700;1401.8000;553.4900;2388.1400;9044.0100;47.3600;521.2000;2388.1700;8126.0300;8.4155;393.0000;0.015925;-0.194504;0.002195;Healthy;WO869339;1598.67
2026-07-02;ENG-063;104;2026-01-05 08:00:00;642.4800;1587.5500;1404.6100;553.5400;2388.0900;9052.9700;47.4400;521.2300;2388.1600;8129.9700;8.4534;394.0000;0.014233;0.073608;0.001051;Healthy;WO548415;1,341.87
02-Jul-2026;ENG-023;84;2026-01-04 12:00:00;642.1500;1585.4600;1397.0500;554.3000;2387.9600;9048.4900;47.1400;522.4000;2388.0400;8129.6600;8.4315;393.0000;0.018896;-1.020027;0.000345;Healthy;WO722501;1951.03
2026/07/02;ENG-090;70;2026-01-03 22:00:00;642.3800;1596.0600;1401.4600;553.5500;2388.1200;9048.1500;47.4500;522.1100;2388.1000;8137.8300;8.4205;393.0000;0.052133;-0.309205;;Healthy;WO533223;1654.61
02-Jul-2026;ENG-057;56;2026-01-03 08:00:00;642.0100;1588.5600;1410.9700;553.7800;2388.0900;9052.7100;47.5400;521.7500;2388.0400;8131.6900;8.4481;393.0000;0.052774;-0.317563;0.000473;Healthy;WO381427;2939.56
2026/07/02;ENG-017;71;2026-01-03 23:00:00;642.2200;1589.5700;1404.0000;553.5300;2388.0100;9063.2600;47.3400;522.0200;2388.0100;8151.5300;8.4172;392.0000;0.058199;-0.746615;0.002889;healthy;WO388199;1,152.36
2026/07/02;ENG-010;124;2026-01-06 04:00:00;642.1700;1589.9800;1401.6000;554.3200;2388.0200;9062.6000;47.1200;522.2200;2388.0300;8146.8400;8.3778;394.0000;0.014794;-0.894978;0.003257;Healthy;WO280274;1343.88
2026/07/02;ENG-056;63;2026-01-03 15:00:00;643.0600;1592.9000;1415.1200;552.9600;2388.2000;9050.1200;47.7500;520.8000;2388.1500;8123.6500;8.4699;394.0000;-0.076929;0.675397;0.005605;Warning;WO571696;21,603.77
2026/07/02;ENG-056;52;2026-01-03 04:00:00;642.4400;1581.1800;1408.4700;553.5700;2388.1300;9041.5800;47.7500;520.9300;2388.1400;8123.1800;8.4675;391.0000;-0.030838;0.083725;0.005171;healthy;WO976581;2137.47
2026-07-02;ENG-063;89;2026-01-04 17:00:00;642.3700;1590.2200;1407.5500;553.6200;2388.1500;9046.2500;47.5500;521.1200;2388.1900;8133.2200;8.4886;393.0000;-0.005141;0.157818;0.000386;HEALTHY;WO178396;
2026/07/02;ENG-062;146;2026-01-07 02:00:00;641.6500;1588.4500;1399.1600;553.7300;2388.0400;9056.4800;47.2900;522.7800;2388.0200;8143.0300;8.3851;392.0000;0.040837;-1.090714;0.000598;Healthy;WO791330;1,370.66
2026/07/02;ENG-027;77;2026-01-04 05:00:00;642.4200;1586.0700;1403.2200;553.8500;2388.0400;9047.7000;47.3800;521.7900;2388.0500;8130.0100;8.4137;393.0000;0.026065;-0.527293;0.001991;Healthy;WO512663;2282.45
2026-07-02;ENG-007;96;2026-01-05 00:00:00;642.1700;1589.8700;1397.2200;554.4200;2387.9800;9057.3900;47.1200;522.4200;2387.9400;8150.3100;8.3890;392.0000;0.075123;-2.590400;0.012197;Healthy;WO889509;703.98
2026/07/02;ENG-042;66;2026-01-03 18:00:00;641.7500;1582.1000;1403.5300;554.3200;2388.0300;9046.6300;47.3000;522.1900;2388.0500;8131.7600;8.4422;392.0000;0.013911;-1.015713;0.001424;Healthy;WO435977;2214.22
02-Jul-2026;  ENG-028 ;66;2026-01-03 18:00:00;642.4500;1591.7900;1405.0200;553.0800;2388.0500;9047.8700;47.4800;522.0700;2388.0800;8127.6500;8.4404;392.0000;0.048078;-0.275305;0.001277;Healthy;WO541221;423.91
2026/07/02;ENG-013;111;2026-01-05 15:00:00;642.3200;1582.3900;1397.6100;555.0300;2388.0200;9064.8900;47.4400;522.2900;2387.9900;8145.1500;8.4305;391.0000;0.058102;-1.011526;0.000000;Healthy;WO702611;2584.63
02-Jul-2026;ENG-051;64;2026-01-03 16:00:00;642.3900;1593.7400;1405.8400;554.3100;2388.0900;9044.0400;47.4200;521.9000;2388.1300;8128.2100;8.4293;391.0000;0.027565;-0.338889;0.002248;Healthy;WO270454;720.34
2026/07/02;ENG-093;86;2026-01-04 14:00:00;642.7600;1594.0400;1415.2200;552.9200;2388.0900;9060.9100;47.4700;520.9100;2388.1500;8135.2700;8.4678;393.0000;0.019750;0.320373;0.002634;Healthy;WO773389;2222.21
02-Jul-2026;ENG-029;81;2026-01-04 09:00:00;642.2700;1585.1800;1400.0100;553.8000;2388.0700;9054.5100;47.3400;521.7100;2388.0600;8139.3400;8.4586;392.0000;0.034477;-0.597661;0.000863;Healthy;WO517416;2145.53
02-Jul-2026;ENG-073;50;2026-01-03 02:00:00;642.2400;1582.4700;1399.1900;554.0300;2388.0600;9053.7300;47.2900;521.6600;2388.0000;8130.9400;8.4157;392.0000;0.012012;-0.932820;0.001968;Healthy;WO823881;
02-Jul-2026;  ENG-084 ;106;2026-01-05 10:00:00;642.8400;1592.1800;1402.3700;553.7900;2388.1100;9061.3500;47.5900;521.5000;2388.0500;8135.9700;8.4167;393.0000;0.066236;-0.084191;0.001002;Warning;WO561212;
02-Jul-2026;ENG-070;87;2026-01-04 15:00:00;642.4900;1587.5800;1407.9300;553.1500;2388.0500;9045.5300;47.2100;521.7100;2388.0400;8131.1900;8.4273;394.0000;0.036019;-0.315247;0.002955;HEALTHY;WO635430;1,039.28
2026-07-02;ENG-097;55;2026-01-03 07:00:00;642.5600;1589.1500;1395.8600;554.3400;2388.0400;9063.0500;47.1600;522.4500;2388.0200;8145.9600;8.4252;391.0000;0.057076;-1.008505;0.002805;Healthy;WO212019;2,822.90
2026/07/02;ENG-048;50;2026-01-03 02:00:00;642.2900;1592.8300;1407.2400;553.7700;2388.1200;9054.9000;47.6500;521.3300;2388.0800;8138.5600;8.4397;392.0000;0.061927;-0.089809;0.001194;Healthy;WO561992;1,525.12
2026-07-02;  ENG-064 ;62;2026-01-03 14:00:00;642.0800;1585.9800;1395.3100;553.9100;2388.0700;9050.1200;47.3700;522.2300;2388.1100;8136.2800;8.4285;391.0000;0.012317;-0.821487;0.001601;Healthy;WO774458;2234.61
2026/07/02;ENG-046;58;2026-01-03 10:00:00;643.1500;1596.2300;1412.7600;553.8000;2388.0900;9066.1600;47.3400;521.7400;2388.0200;8147.2800;8.4176;393.0000;0.084217;-0.192240;0.000762;Warning;WO730329;13,634.89
2026-07-02;ENG-042;90;2026-01-04 18:00:00;641.9400;1582.9000;1398.4800;553.9600;2388.0500;9050.4400;47.4400;522.3600;2388.0700;8130.9100;8.4152;390.0000;0.029533;-0.977668;0.000646;Healthy;WO936355;1,067.23
2026-07-02;ENG-054;48;2026-01-03 00:00:00;642.4900;1584.1300;1398.0800;554.5400;2388.0100;9059.4700;47.1900;522.3200;2387.9900;8135.7300;8.4135;391.0000;0.042797;-1.077907;0.001794;Healthy;WO427621;2610.73
02-Jul-2026;ENG-009;26;2026-01-02 02:00:00;642.2500;1594.7600;1411.3300;553.2200;2388.1000;9055.8500;47.7800;521.1900;2388.0900;8124.7700;8.4269;393.0000;0.007133;0.194046;0.000386;Healthy;WO741806;2,879.61
2026-07-02;  ENG-041 ;43;2026-01-02 19:00:00;642.3600;1586.8000;1394.6900;554.2100;2388.0500;9044.8400;47.3500;521.9700;2388.0200;8129.7200;8.3862;392.0000;0.011799;-0.893818;0.004243;Healthy;WO254476;1832.65
02-Jul-2026;ENG-030;60;2026-01-03 12:00:00;643.2800;1586.6800;1412.0900;553.4600;2388.1100;9047.2000;47.5900;520.8400;2388.1200;8121.8400;8.4487;394.0000;-0.030046;0.232412;0.002541;Healthy;WO512945;891.13
02-Jul-2026;ENG-057;90;2026-01-04 18:00:00;643.0200;1586.3700;1407.7000;552.9700;2388.1200;9041.1600;47.3600;521.1200;2388.1500;8128.1500;8.4422;392.0000;0.007075;-0.012857;0.001517;healthy;WO986968;1798.67
2026-07-02;ENG-081;95;2026-01-04 23:00:00;642.3100;1586.4900;1415.7200;554.1900;2388.0900;9073.1900;47.4700;521.9600;2388.0900;8147.4000;8.3997;393.0000;0.067799;-0.342411;0.001942;Healthy;WO841185;2337.34
2026/07/02;ENG-075;32;2026-01-02 08:00:00;642.4500;1587.2500;1406.9500;553.2300;2388.0300;9063.4400;47.2900;521.9100;2388.0200;8139.7700;8.3926;392.0000;0.038264;-0.717934;0.001674;Healthy;WO744677;2599.92
02-Jul-2026;eng-008;70;2026-01-03 22:00:00;642.6200;1587.0800;1399.7800;552.9700;2388.1400;9051.1300;47.4300;521.7500;2388.1500;8129.8700;8.4348;391.0000;0.034764;-0.228285;0.000803;Healthy;WO553005;2042.76
2026-07-02;ENG-049;118;2026-01-05 22:00:00;642.3800;1583.2400;1393.6100;554.2500;2387.9800;9054.8900;47.4300;522.2800;2388.0200;8145.2300;8.3851;391.0000;0.052712;-1.098985;0.001245;Healthy;WO739447;607.70
02-Jul-2026;ENG-072;87;2026-01-04 15:00:00;642.3900;1587.7200;1399.1400;553.6800;2388.0600;9068.2400;47.3200;521.8100;2388.0200;8145.8400;8.3981;392.0000;0.044154;-0.653705;0.002367;Healthy;WO486870;852.80
02-Jul-2026;ENG-077;83;2026-01-04 11:00:00;642.6100;1587.7800;1410.6700;553.8100;2388.0500;9044.0200;47.1600;522.2300;2388.0900;8136.4300;8.4392;393.0000;0.031262;-0.380851;0.001957;Healthy;WO943297;132.75
2026-07-02;ENG-038;84;2026-01-04 12:00:00;642.3000;1591.7300;1408.6100;552.8000;2388.1400;9059.1100;47.6200;521.2700;2388.1100;8138.6700;8.4584;396.0000;0.021567;0.281294;;Healthy;WO762697;919.24
02-Jul-2026;ENG-017;98;2026-01-05 02:00:00;642.6700;1584.7400;1398.3000;553.7000;2388.0000;9076.7400;47.2900;522.7200;2388.0100;8153.6700;8.4299;392.0000;0.074834;-0.912976;0.004639;Healthy;WO701374;
2026-07-02;ENG-006;50;2026-01-03 02:00:00;642.5200;1588.8700;1410.2000;553.5300;2388.0800;9056.3700;47.4100;521.7300;2388.1100;8130.9400;8.4187;393.0000;0.048792;-0.192445;0.000755;Healthy;WO560407;2,236.80
02-Jul-2026;ENG-050;27;2026-01-02 03:00:00;642.1900;1582.3600;1396.9300;553.9600;2388.0300;9072.1000;47.3200;522.4000;2388.0100;8144.1100;8.3700;392.0000;0.056710;-1.112422;0.001036;healthy;WO836982;1193.86
2026-07-02;ENG-024;120;2026-01-06 00:00:00;642.8500;1588.2700;1408.4000;553.3700;2388.0400;9078.3600;47.3100;522.3700;2388.0100;8161.6800;8.4520;391.0000;0.095662;-0.577676;0.011168;Healthy;WO943398;755.12
2026/07/02;ENG-063;94;2026-01-04 22:00:00;642.7600;1595.0100;1411.5000;554.0900;2388.0700;9052.2100;47.4300;521.0900;2388.0800;8130.6700;8.4495;391.0000;0.034573;0.045003;0.004912;Healthy;WO956762;2989.78
2026/07/02;ENG-075;46;2026-01-02 22:00:00;642.2000;1586.9100;1397.9800;553.9800;2388.0000;9057.7400;47.3800;522.7600;2388.0100;8138.0900;8.4279;393.0000;0.056712;-0.851912;0.001007;Healthy;WO902006;1,773.80
02-Jul-2026;ENG-077;57;2026-01-03 09:00:00;642.1800;1585.4200;1402.6200;554.1200;2388.0300;9050.2900;47.3700;522.1000;2388.0500;8132.3900;8.4023;391.0000;0.009413;-0.795340;0.003202;Healthy;WO936080;2,349.16
2026-07-02;  ENG-020 ;72;2026-01-04 00:00:00;642.4300;1594.2100;1402.2000;554.1500;2388.0500;9062.5100;47.7300;521.9900;2388.0500;8145.8900;8.4727;393.0000;0.094184;-0.228806;0.003956;Healthy;WO746161;509.36
2026/07/02;eng-037;70;2026-01-03 22:00:00;641.9200;1584.8000;1406.4200;553.2900;2388.0800;9049.5000;47.2300;521.8400;2388.0700;8133.9900;8.3972;391.0000;0.011555;-0.691508;0.001744;HEALTHY;WO154774;1486.02
02-Jul-2026;ENG-046;65;2026-01-03 17:00:00;642.9400;1580.6600;1404.3300;553.5500;2388.0800;9069.6300;47.4800;521.8000;2388.0600;8147.2300;8.4405;393.0000;0.071395;-0.254109;0.001563;Healthy;WO623847;2829.22
2026/07/02;ENG-095;60;2026-01-03 12:00:00;642.4000;1580.3100;1404.2400;554.1000;2388.0300;9050.0900;47.3800;521.9200;2388.0600;8125.5300;8.3991;393.0000;-0.000577;-0.749300;0.002028;HEALTHY;WO560094;984.06
2026-07-02;  ENG-086 ;42;2026-01-02 18:00:00;642.3300;1589.8200;1398.3700;553.9800;2388.0800;9064.8700;47.5000;521.0300;2388.0500;8137.1900;8.4273;394.0000;0.045978;-0.332490;0.001115;Healthy;WO265827;933.15
02-Jul-2026;ENG-068;102;2026-01-05 06:00:00;642.9200;1589.3100;1406.5400;553.8500;2388.1300;9053.9200;47.3700;521.1900;2388.1300;8136.9200;8.4088;392.0000;0.036655;-0.111878;0.002176;Healthy;WO920171;1443.59
2026-07-02;  ENG-013 ;73;2026-01-04 01:00:00;641.6900;1583.4200;1398.9000;554.1800;2388.0500;9060.1700;47.0600;522.3600;2387.9900;8146.6900;8.4132;392.0000;0.049173;-1.205386;0.000345;Healthy;WO800186;578.64
2026-07-02;ENG-063;93;2026-01-04 21:00:00;642.7600;1588.2500;1408.6700;553.7300;2388.1200;9052.3500;47.4800;521.0100;2388.0700;8128.2900;8.4207;394.0000;0.007869;0.071380;0.001031;Healthy;WO107528;727.54
2026/07/02;ENG-088;45;2026-01-02 21:00:00;642.2100;1585.1900;1410.2500;552.6300;2388.1300;9040.5400;47.5500;521.6600;2388.1100;8126.2200;8.4397;391.0000;0.035643;-0.177549;0.002946;Healthy;WO548295;107.70
2026-07-02;ENG-075;57;2026-01-03 09:00:00;642.3100;1591.4200;1398.7200;554.4100;2388.0500;9056.8100;47.4800;521.9800;2388.0400;8137.0300;8.4269;392.0000;0.033586;-0.691135;0.000961;Healthy;WO681302;2,881.84
2026/07/02;eng-049;183;2026-01-08 15:00:00;642.3200;1590.8000;1401.5400;554.1200;2388.0300;9052.9400;47.3700;522.1300;2388.0600;8142.0400;8.4292;392.0000;0.010832;-2.654656;0.004528;Healthy;WO871904;2,150.18
2026-07-02;ENG-068;106;2026-01-05 10:00:00;642.1200;1588.9300;1399.7400;553.0600;2388.0800;9060.4600;47.3600;521.4200;2388.0800;8143.4400;8.4287;393.0000;0.050681;-0.422513;0.002927;Healthy;WO400489;2501.82
02-Jul-2026;  ENG-062 ;126;2026-01-06 06:00:00;642.3500;1585.0400;1402.1600;554.2100;2388.0300;9054.2000;47.1700;522.3200;2387.9800;8140.5800;8.4201;391.0000;0.044524;-1.044003;0.002441;healthy;WO337076;1657.73
2026/07/02;ENG-012;145;2026-01-07 01:00:00;641.9200;1595.1200;1399.2100;553.7300;2387.9800;9057.4800;47.3500;521.9300;2388.0800;8141.2800;8.4157;392.0000;0.042535;-0.751315;0.002224;Healthy;WO689149;2,878.43
2026-07-02;ENG-053;96;2026-01-05 00:00:00;642.4600;1595.0900;1406.2400;553.7500;2388.0200;9064.4000;47.2200;522.0400;2388.0000;8142.4900;8.4906;393.0000;0.079848;-0.318769;0.001373;Healthy;WO929689;1640.13
2026-07-02;  ENG-079 ;45;2026-01-02 21:00:00;642.1500;1591.3600;1405.8300;553.8500;2388.0800;9048.4900;47.2800;521.2500;2388.0100;8134.6700;8.3825;392.0000;0.012424;-0.594867;0.004200;Healthy;WO539124;68.98
2026-07-02;ENG-097;79;2026-01-04 07:00:00;642.2400;1585.7200;1406.1700;553.8100;2387.9900;9066.8300;47.2700;522.3700;2388.0400;8149.2500;8.3575;391.0000;0.032128;-0.976072;0.003275;Healthy;WO308886;1806.95
02-Jul-2026;ENG-089;65;2026-01-03 17:00:00;642.3500;1591.5800;1408.4100;553.7400;2388.2000;9049.3100;47.3700;522.0300;2388.0700;8128.1600;8.4263;392.0000;0.032489;-0.158080;0.003156;Healthy;WO554317;2366.48
02-Jul-2026;ENG-016;65;2026-01-03 17:00:00;642.0500;1588.2700;1396.3800;553.6200;2388.0200;9051.0500;47.2000;522.2100;2388.1000;8137.3400;8.4112;391.0000;0.015640;-0.969173;0.003248;Healthy;WO649325;351.66
02-Jul-2026;ENG-046;71;2026-01-03 23:00:00;642.8700;1581.8600;1408.2000;553.8100;2388.0700;9070.2000;47.3900;521.5000;2388.0600;8146.0100;8.4358;394.0000;0.070816;-0.161541;0.002254;Warning;WO943502;17,728.99
2026-07-02;ENG-018;51;2026-01-03 03:00:00;642.0300;1583.9900;1408.2000;554.4600;2387.9600;9061.9600;47.3600;522.1300;2388.0200;8149.3100;8.4182;392.0000;0.045567;-0.814307;0.000946;HEALTHY;WO475549;796.01
2026-07-02;ENG-045;91;2026-01-04 19:00:00;642.9300;1587.7300;1397.9800;553.0500;2388.1400;9069.7400;47.6300;520.6100;2388.0800;8140.5100;8.4362;393.0000;0.051471;0.142893;0.001804;Healthy;WO930556;
2026-07-02;ENG-036;47;2026-01-02 23:00:00;642.3300;1590.8800;1406.6300;553.3000;2388.1100;9066.5100;47.7500;520.4000;2388.1600;8134.3300;8.4488;395.0000;0.000082;0.331966;0.002059;Healthy;WO134189;1641.24
2026-07-02;ENG-043;83;2026-01-04 11:00:00;642.5900;1595.3400;1404.0900;553.2400;2388.0800;9047.1400;47.3200;521.9400;2388.0800;8130.2000;8.4529;394.0000;0.044891;-0.239528;0.002372;Healthy;WO541432;352.51
2026/07/02;ENG-090;65;2026-01-03 17:00:00;642.0500;1587.8700;1398.5000;552.7500;2388.0300;9057.8700;47.5100;521.4200;2388.1300;8138.8300;8.4354;392.0000;0.057103;-0.303513;0.002931;Healthy;WO117944;1038.92
2026-07-02;eng-072;56;2026-01-03 08:00:00;641.7700;1587.7300;1393.5600;554.4300;2388.0200;9061.7000;47.4200;522.2300;2387.9900;8152.9900;8.4233;392.0000;0.058988;-1.035298;0.001505;Healthy;WO646258;2626.72
2026-07-02;eng-057;97;2026-01-05 01:00:00;642.9700;1588.4700;1413.0700;553.2000;2388.1100;9047.7400;47.6800;521.8000;2388.0500;8138.7100;8.4594;392.0000;0.044404;0.070545;0.001483;Healthy;WO496518;1,372.68
2026/07/02;ENG-034;112;2026-01-05 16:00:00;641.7600;1583.1700;1401.7200;554.5200;2388.0800;9067.9900;47.2900;521.7900;2388.0100;8146.4800;8.3952;392.0000;0.033641;-0.909916;0.002537;Healthy;WO396409;190.78
02-Jul-2026;ENG-032;60;2026-01-03 12:00:00;641.8200;1577.5400;1396.1400;554.5000;2387.9800;9070.1000;47.0600;522.2100;2388.0900;8156.0100;8.3789;390.0000;0.031853;-1.364176;0.019393;Healthy;WO628825;2109.99
02-Jul-2026;ENG-024;124;2026-01-06 04:00:00;642.3000;1583.3700;1397.3900;553.7700;2388.0300;9077.8200;47.4200;521.6500;2387.9900;8162.9100;8.4295;394.0000;0.075667;-0.698222;0.002072;Healthy;WO486507;675.25
2026-07-02;eng-011;55;2026-01-03 07:00:00;642.6200;1590.4000;1413.8900;553.1300;2388.1600;9043.2400;47.5200;520.7400;2388.1600;8121.5100;8.4368;391.0000;-0.044071;0.226105;0.003538;Healthy;WO410105;2,655.84
2026-07-02;ENG-093;83;2026-01-04 11:00:00;642.0300;1584.1900;1410.5600;553.1200;2388.1300;9053.0800;47.6300;521.9000;2388.1100;8134.4200;8.4201;394.0000;0.054353;-0.195995;0.000777;Healthy;WO175845;2728.29
2026/07/02;ENG-081;119;2026-01-05 23:00:00;641.9900;1590.2300;1402.4600;553.7500;2388.0900;9064.4400;47.6400;521.3900;2388.1400;8148.3500;8.4447;394.0000;0.074515;-0.118814;;Healthy;WO626810;2999.93
2026-07-02;eng-053;75;2026-01-04 03:00:00;642.6000;1583.5000;1408.6600;553.6900;2387.9900;9053.4200;47.5100;522.2100;2388.0700;8138.0700;8.3916;392.0000;0.046606;-0.576721;0.000828;Healthy;WO352289;
02-Jul-2026;  ENG-010 ;103;2026-01-05 07:00:00;642.3200;1588.3500;1400.1800;554.6500;2388.0100;9063.6700;47.0900;521.8700;2388.0700;8145.5700;8.3968;391.0000;0.011964;-1.054196;0.006404;HEALTHY;WO558783;
02-Jul-2026;ENG-043;90;2026-01-04 18:00:00;642.2100;1587.0100;1409.1400;554.1800;2388.1000;9045.0100;47.4900;521.8800;2388.1200;8130.3800;8.4299;394.0000;0.024687;-0.266292;0.002792;Healthy;WO725096;550.05
02-Jul-2026;ENG-022;23;2026-01-01 23:00:00;642.8400;1584.1200;1404.6100;553.5500;2388.0900;9053.9900;47.6000;521.3500;2388.1100;8130.1200;8.4206;394.0000;0.048556;-0.142216;0.002655;healthy;WO557696;2,965.59
2026/07/02;ENG-025;29;2026-01-02 05:00:00;642.1600;1586.2400;1400.4500;554.5600;2388.0200;9045.5600;47.1600;521.5900;2388.0600;8134.9000;8.4044;391.0000;-0.011614;-1.014622;0.009575;Healthy;WO117684;
2026/07/02;ENG-083;42;2026-01-02 18:00:00;642.4500;1590.9500;1393.4000;553.6100;2388.0200;9052.7100;47.3000;521.9700;2388.0500;8134.6200;8.4025;393.0000;0.022133;-0.741172;0.002514;Healthy;WO130040;2252.71
02-Jul-2026;ENG-042;84;2026-01-04 12:00:00;642.6100;1590.3400;1400.3800;554.7300;2388.0700;9043.8700;47.1600;521.8100;2388.0900;8137.2400;8.4355;392.0000;0.007018;-0.567697;0.003193;Healthy;WO294982;2,690.75
02-Jul-2026;ENG-080;86;2026-01-04 14:00:00;642.8700;1589.3900;1401.2500;553.7300;2388.0900;9074.8600;47.5200;521.6700;2388.0800;8145.2600;8.4158;393.0000;0.076214;-0.209451;0.001599;Healthy;WO904004;445.55
02-Jul-2026;ENG-086;55;2026-01-03 07:00:00;642.5900;1588.5000;1407.1300;553.9500;2388.1000;9053.6500;47.5100;521.6500;2388.0400;8138.7600;8.4252;393.0000;0.055691;-0.291324;0.001389;Healthy;WO443508;
02-Jul-2026;ENG-013;118;2026-01-05 22:00:00;642.1200;1587.8000;1403.8200;554.1700;2388.0300;9055.8400;47.4200;521.9900;2388.0900;8142.1700;8.3898;391.0000;0.023079;-0.853598;0.000345;Healthy;WO519721;2,091.61
2026/07/02;ENG-028;102;2026-01-05 06:00:00;643.0300;1590.0500;1405.7600;553.4500;2388.1100;9049.0900;47.4400;521.4800;2388.0800;8136.8200;8.4489;391.0000;0.049915;-0.160292;0.000559;Healthy;WO571150;1,103.83
2026-07-02;ENG-049;175;2026-01-08 07:00:00;642.7000;1588.1300;1401.0200;553.3800;2388.0800;9055.7500;47.3400;522.3200;2388.0400;8138.8900;8.4013;393.0000;0.046328;-0.605409;0.002177;Healthy;WO638897;665.03
2026-07-02;ENG-043;64;2026-01-03 16:00:00;642.2900;1585.8200;1412.3000;553.8700;2388.0900;9050.4000;47.4200;522.2500;2388.0900;8129.2400;8.4298;393.0000;0.026074;-0.547889;0.001359;Healthy;WO278413;2,536.94
2026-07-02;ENG-081;131;2026-01-06 11:00:00;642.7500;1589.8200;1403.7600;553.2000;2388.0800;9074.2100;47.4800;522.2300;2388.0900;8152.0100;8.4474;394.0000;0.098432;-0.173151;0.005576;Healthy;WO780126;963.01
2026-07-02;ENG-076;132;2026-01-06 12:00:00;642.1700;1589.0400;1400.9000;553.8600;2388.0600;9072.1000;47.4800;522.0700;2388.0300;8149.2700;8.4117;393.0000;0.064737;-0.594592;0.003197;HEALTHY;WO542788;2,125.23
2026/07/02;eng-093;125;2026-01-06 05:00:00;643.4600;1600.4400;1409.1800;553.3700;2388.1000;9059.1100;47.5600;521.6400;2388.1000;8141.6600;8.4353;394.0000;0.068200;0.229413;0.000828;Healthy;WO846490;2635.54
2026/07/02;ENG-063;72;2026-01-04 00:00:00;642.9700;1582.3200;1406.8000;553.2300;2388.1000;9053.3400;47.5200;521.3600;2388.0600;8132.9100;8.4543;393.0000;0.041739;-0.037826;0.003512;Healthy;WO512046;1375.79
02-Jul-2026;  ENG-064 ;108;2026-01-05 12:00:00;642.6100;1590.3500;1406.4700;553.9600;2388.0500;9060.1200;47.4700;521.1900;2388.1100;8137.9400;8.4347;395.0000;0.058456;-0.110036;0.002086;Healthy;WO956499;2294.70
2026-07-02;ENG-021;72;2026-01-04 00:00:00;642.4100;1579.7800;1395.0300;554.1000;2388.0100;9053.1400;46.9900;522.5600;2388.0100;8145.4500;8.4349;393.0000;0.001969;-2.632996;0.001544;Healthy;WO611854;322.94
2026/07/02;ENG-040;57;2026-01-03 09:00:00;642.8300;1594.7400;1407.9100;552.3800;2388.0800;9066.8100;47.6800;521.3900;2388.0800;8137.1100;8.4223;393.0000;0.066185;0.284814;0.002405;Warning;WO269025;22992.23
02-Jul-2026;ENG-008;107;2026-01-05 11:00:00;642.4900;1591.3100;1412.8400;553.9200;2388.1300;9052.1500;47.4500;521.3100;2388.0800;8120.7000;8.4256;393.0000;0.014580;-0.111987;0.002822;Healthy;WO568227;2327.25
02-Jul-2026;ENG-060;73;2026-01-04 01:00:00;642.7100;1590.4700;1406.5900;553.3700;2388.1400;9055.3000;47.5800;521.9200;2388.1000;8135.2500;8.4151;392.0000;0.055528;-0.057915;0.000789;Healthy;WO945667;2550.06
02-Jul-2026;ENG-066;92;2026-01-04 20:00:00;642.8800;1592.6700;1414.7000;553.3900;2388.1400;9075.6400;47.5500;521.5400;2388.0900;8150.1100;8.4358;393.0000;0.081815;0.229409;0.005146;Warning;WO503696;22565.09
2026/07/02;eng-003;63;2026-01-03 15:00:00;642.9300;1588.7900;1402.3000;552.6200;2388.1800;9050.5300;47.5900;520.8500;2388.1300;8127.5800;8.4595;393.0000;-0.011426;0.280440;0.001239;Healthy;WO113589;1491.97
2026/07/02;ENG-098;48;2026-01-03 00:00:00;641.9300;1585.9500;1403.4000;554.9000;2388.0900;9063.6300;47.6100;521.3700;2388.0500;8141.8500;8.4026;393.0000;0.028374;-0.726732;0.003504;Healthy;WO542500;1924.91
02-Jul-2026;eng-090;68;2026-01-03 20:00:00;642.1100;1594.8000;1408.3300;553.5800;2388.1000;9051.7800;47.4400;521.4600;2388.1200;8135.7000;8.3991;393.0000;0.044323;-0.244280;0.000839;Healthy;WO991300;1318.79
2026/07/02;ENG-050;36;2026-01-02 12:00:00;641.7200;1584.2200;1401.2100;554.8200;2388.0300;9057.4300;47.1500;522.2700;2388.0700;8143.1300;8.4204;392.0000;-0.039676;-2.637360;0.005074;Healthy;WO703940;1070.18
02-Jul-2026;ENG-009;28;2026-01-02 04:00:00;642.4200;1600.3500;1414.0600;553.1300;2388.1000;9049.2700;47.3000;521.8600;2388.1000;8129.8300;8.4322;394.0000;0.048831;-0.008942;0.002326;Healthy;WO771308;467.73
2026-07-02;ENG-049;169;2026-01-08 01:00:00;642.1900;1581.8900;1406.6500;553.9300;2388.0300;9065.0800;47.2600;522.3500;2388.0700;8142.4500;8.4278;393.0000;0.037197;-0.698158;0.001665;Healthy;WO933965;2479.93
02-Jul-2026;ENG-091;94;2026-01-04 22:00:00;642.6400;1583.8700;1412.2500;553.5100;2388.1200;9054.6300;47.7100;521.0500;2388.1600;8127.3700;8.4214;394.0000;-0.012447;0.172581;0.000143;Healthy;WO800469;555.58
2026-07-02;eng-031;91;2026-01-04 19:00:00;643.0400;1582.5300;1402.7400;553.8900;2388.0600;9085.6800;47.3500;521.6700;2388.0400;8147.7800;8.4365;392.0000;0.065220;-0.445653;0.002666;healthy;WO307440;223.72
2026/07/02;eng-079;43;2026-01-02 19:00:00;642.3800;1584.0900;1404.6200;553.7700;2388.0500;9051.7500;47.3200;521.8300;2388.1000;8129.9200;8.3997;393.0000;0.014127;-0.593504;0.003563;Healthy;WO976726;834.00
2026-07-02;ENG-089;112;2026-01-05 16:00:00;642.1300;1586.3500;1403.7500;554.1000;2388.1100;9046.8500;47.6200;521.2400;2388.0800;8129.7400;8.4449;392.0000;0.033228;-0.261165;0.000592;Healthy;WO618935;448.72
2026/07/02;ENG-049;140;2026-01-06 20:00:00;642.4000;1582.6000;1403.0400;555.4600;2388.0700;9056.4600;47.2600;522.3800;2388.0100;8140.3500;8.4296;392.0000;0.016912;-0.857158;0.002277;healthy;WO974186;2990.59
2026-07-02;eng-041;53;2026-01-03 05:00:00;642.9400;1582.4500;1397.1200;555.0600;2388.0500;9048.9600;47.4100;522.3400;2388.0500;8127.9300;8.4411;392.0000;0.001733;-2.713166;0.004683;Healthy;WO368243;1509.50
02-Jul-2026;  ENG-041 ;66;2026-01-03 18:00:00;641.9600;1581.5800;1398.0900;553.3200;2388.0700;9037.7300;47.2200;522.5100;2388.0900;8129.6700;8.4197;393.0000;-0.008072;-0.888294;0.005092;Healthy;WO719770;
2026/07/02;  ENG-093 ;145;2026-01-07 01:00:00;642.8000;1586.6400;1416.8300;552.4900;2388.1400;9065.1500;47.5000;521.4400;2388.1400;8139.0500;8.4577;394.0000;0.021726;0.392904;0.001656;Healthy;WO685720;2839.71
2026/07/02;ENG-090;94;2026-01-04 22:00:00;642.3900;1585.9500;1405.5500;553.0200;2388.1100;9062.3900;47.4100;521.0200;2388.1000;8144.6100;8.4448;394.0000;0.065207;-0.029271;0.001909;Healthy;WO490528;
02-Jul-2026;ENG-045;84;2026-01-04 12:00:00;642.9800;1588.3800;1405.8800;552.8200;2388.0800;9059.0400;47.3500;521.9800;2388.1400;8140.0500;8.4147;394.0000;0.056790;-0.120962;0.001889;Healthy;WO625732;1743.77
2026/07/02;  ENG-010 ;71;2026-01-03 23:00:00;642.0700;1585.2300;1395.6400;554.2900;2387.9700;9062.3800;47.3700;522.5500;2388.0400;8142.2200;8.3957;393.0000;0.046104;-1.112727;0.001656;Healthy;WO290805;485.32
02-Jul-2026;ENG-062;130;2026-01-06 10:00:00;642.2200;1590.1300;1406.6900;553.9700;2388.0300;9056.1200;47.1300;522.6500;2387.9900;8138.7100;8.3889;391.0000;0.031547;-1.029518;0.001092;Healthy;WO219760;2143.73
2026-07-02;ENG-018;46;2026-01-02 22:00:00;642.3500;1579.2200;1402.4000;554.2400;2388.0300;9065.4000;47.3500;521.9400;2387.9700;8147.4400;8.3944;392.0000;0.037122;-0.970668;0.001119;Healthy;WO459603;982.48
2026/07/02;ENG-016;66;2026-01-03 18:00:00;641.8300;1583.1000;1402.5800;554.0600;2388.0200;9045.3000;47.4000;522.3100;2388.0700;8135.6700;8.4206;392.0000;0.014033;-0.818436;0.001619;Healthy;WO400495;1902.75
02-Jul-2026;ENG-082;87;2026-01-04 15:00:00;642.6000;1589.5900;1407.3500;553.6700;2388.0900;9061.8800;47.3100;521.6100;2388.0200;8139.6900;8.4085;395.0000;0.047549;-0.396238;0.000772;Healthy;WO539118;2,999.99
2026-07-02;eng-090;84;2026-01-04 12:00:00;642.3600;1591.8300;1409.1700;553.1800;2388.0400;9065.5600;47.5800;521.9000;2388.0800;8139.3200;8.4715;393.0000;0.093025;-0.066545;0.003961;Healthy;WO108550;2,641.84
2026-07-02;  ENG-034 ;93;2026-01-04 21:00:00;642.6800;1584.8800;1400.5600;554.2600;2388.0100;9055.4400;47.2300;522.0400;2388.0400;8144.0500;8.4081;391.0000;0.032707;-0.965867;0.002490;Healthy;WO774392;
2026-07-02;ENG-088;33;2026-01-02 09:00:00;642.3400;1589.1900;1408.0200;553.1000;2388.1200;9040.9300;47.5700;521.7800;2388.1400;8126.2400;8.4775;395.0000;-0.002372;0.110559;0.003118;Healthy;WO593867;1,388.90
2026/07/02;  ENG-056 ;60;2026-01-03 12:00:00;642.6000;1599.8200;1418.1600;553.6400;2388.1000;9039.4000;47.5300;521.1100;2388.1300;8125.1400;8.4466;395.0000;-0.033012;0.336753;0.002918;healthy;WO955081;1497.06
2026-07-02;ENG-074;59;2026-01-03 11:00:00;642.8700;1592.3400;1401.2400;553.6700;2388.0600;9061.2400;47.4600;521.6500;2388.0700;8139.8100;8.4486;392.0000;0.060635;-0.286918;0.001357;Healthy;WO401194;1444.91
2026/07/02;ENG-065;29;2026-01-02 05:00:00;642.0900;1587.1900;1399.0100;554.0200;2387.9800;9058.4400;47.1900;522.9100;2388.0000;8150.9300;8.3915;391.0000;0.055528;-1.189561;0.002367;Healthy;WO199546;1085.74
2026-07-02;eng-045;100;2026-01-05 04:00:00;642.4500;1590.1900;1410.8700;553.0300;2388.1300;9064.9700;47.5100;521.9800;2388.1200;8138.7500;8.4448;394.0000;0.073596;0.015088;0.000142;healthy;WO434687;1107.12
2026-07-02;ENG-008;58;2026-01-03 10:00:00;642.3900;1591.1400;1409.7300;553.7700;2388.1200;9045.2200;47.3400;521.7500;2388.1300;8127.4600;8.4271;393.0000;0.026777;-0.160429;0.002499;Healthy;WO884673;727.49
02-Jul-2026;ENG-094;52;2026-01-03 04:00:00;642.6600;1595.5000;1406.0700;552.9800;2388.1100;9056.5200;47.5300;521.6200;2388.0600;8139.8100;8.4288;392.0000;0.072466;0.047083;0.004588;Warning;WO343747;17116.00
02-Jul-2026;ENG-045;81;2026-01-04 09:00:00;642.7100;1585.5300;1413.9600;552.7500;2388.1000;9065.1100;47.6000;520.5100;2388.0700;8139.7500;8.4692;394.0000;0.028349;0.264621;0.000228;Healthy;WO794855;596.04
02-Jul-2026;  ENG-094 ;65;2026-01-03 17:00:00;642.6800;1598.8600;1404.9600;553.4600;2388.0800;9056.0300;47.5200;521.6700;2388.0800;8134.9100;8.4447;392.0000;0.080053;-0.014612;;Healthy;WO261859;
2026/07/02;ENG-005;38;2026-01-02 14:00:00;641.9700;1592.8700;1407.4600;553.3600;2388.0900;9051.7500;47.4700;521.1300;2388.0600;8135.4900;8.4354;395.0000;0.044857;-0.077014;0.001813;Healthy;WO363637;79.16
2026/07/02;ENG-083;26;2026-01-02 02:00:00;642.3000;1585.4200;1400.0000;554.1400;2388.0800;9055.3900;47.4100;522.0600;2388.0400;8140.8600;8.4232;393.0000;0.038605;-0.516095;0.000669;Healthy;WO566837;552.78
2026/07/02;ENG-006;46;2026-01-02 22:00:00;642.1800;1587.8100;1406.9600;553.3200;2388.0700;9048.4600;47.4400;521.4200;2388.0400;8136.7600;8.4329;392.0000;0.046714;-0.343390;0.001779;Healthy;WO226219;625.37
2026-07-02;ENG-070;95;2026-01-04 23:00:00;642.5600;1582.6600;1399.7400;553.3900;2388.1100;9054.5600;47.4200;522.0800;2388.1100;8134.1100;8.4347;393.0000;0.032988;-0.432508;0.001934;Healthy;WO638255;
2026-07-02;ENG-040;71;2026-01-03 23:00:00;643.1800;1597.8600;1416.8400;552.8700;2388.1500;9057.2200;47.6700;521.3800;2388.1200;8132.6500;8.4201;394.0000;-0.010491;0.561910;0.006364;Warning;WO729286;2,006.37
02-Jul-2026;  ENG-057 ;79;2026-01-04 07:00:00;642.9000;1587.4400;1402.4100;553.6200;2388.0800;9050.3500;47.6000;521.6500;2388.1200;8127.2600;8.4096;393.0000;0.035898;-0.214360;0.001172;Healthy;WO730277;828.60
2026/07/02;eng-008;78;2026-01-04 06:00:00;642.0700;1589.9100;1403.4200;553.0200;2388.1000;9048.6600;47.4300;521.9500;2388.0700;8125.6300;8.4065;393.0000;0.031419;-0.382324;0.001196;Healthy;WO988737;1,146.56
02-Jul-2026;ENG-037;69;2026-01-03 21:00:00;642.5000;1584.3900;1400.0800;553.8100;2388.0900;9051.7100;47.4600;521.8400;2388.0200;8134.5700;8.4025;393.0000;0.027241;-0.623772;0.000518;Healthy;WO655344;269.60
2026-07-02;ENG-020;81;2026-01-04 09:00:00;642.6900;1595.2100;1409.9400;553.6800;2387.9800;9065.8300;47.5100;521.3900;2388.0300;8145.9700;8.3956;395.0000;0.092353;-0.085461;0.004875;Healthy;WO425179;1919.32
2026-07-02;ENG-006;40;2026-01-02 16:00:00;642.5600;1586.8800;1414.7600;553.8900;2388.1000;9048.6700;47.6000;521.5100;2388.0900;8134.7100;8.4020;393.0000;0.029732;-0.053005;0.002353;Healthy;WO793866;2,260.02
2026-07-02;ENG-061;96;2026-01-05 00:00:00;642.1900;1579.2900;1398.3000;553.9300;2388.0300;9068.3100;47.2900;522.1400;2387.9900;8147.6200;8.4352;393.0000;0.057822;-0.896181;0.001465;Healthy;WO958795;2401.64
2026-07-02;ENG-032;61;2026-01-03 13:00:00;641.9200;1586.5700;1396.0000;554.5900;2388.0200;9065.8300;47.3600;522.4900;2388.0000;8150.8700;8.4008;390.0000;0.068132;-1.238282;;Healthy;WO863945;1186.02
2026/07/02;eng-084;77;2026-01-04 05:00:00;642.4700;1584.2700;1405.6900;554.0500;2388.0500;9059.2500;47.3300;522.0500;2388.1100;8135.1200;8.4263;393.0000;0.026275;-0.571086;0.002035;Healthy;WO870118;2827.17
2026/07/02;ENG-068;74;2026-01-04 02:00:00;642.6500;1586.2100;1407.6000;554.5000;2388.1000;9060.9000;47.4800;521.9000;2388.0300;8138.6500;8.4001;392.0000;0.029671;-0.644490;0.000913;Healthy;WO201906;2,489.08
2026/07/02;ENG-029;114;2026-01-05 18:00:00;642.7300;1580.7900;1396.0300;554.4800;2388.0900;9060.6400;47.3700;522.4200;2388.0500;8135.3700;8.4252;394.0000;0.020120;-0.700601;0.002778;Healthy;WO855730;630.70
2026/07/02;ENG-086;57;2026-01-03 09:00:00;642.7000;1594.0800;1398.8500;553.6800;2388.0200;9062.3900;47.3400;521.0400;2388.0400;8139.5600;8.4171;391.0000;0.053304;-0.420382;0.002139;Healthy;WO269019;81.46
2026-07-02;ENG-099;63;2026-01-03 15:00:00;641.9500;1589.7500;1387.1100;554.6200;2388.0600;9071.4500;47.2600;522.3900;2387.8900;8143.4700;8.3623;392.0000;0.081119;-1.273328;0.004158;healthy;WO334848;1997.80
02-Jul-2026;ENG-012;107;2026-01-05 11:00:00;642.2600;1592.8800;1395.5300;554.6100;2388.0300;9052.4000;47.0600;522.1900;2388.0200;8141.1900;8.3999;391.0000;0.030679;-0.991136;0.001171;Healthy;WO790883;1,337.67
02-Jul-2026;  ENG-045 ;86;2026-01-04 14:00:00;642.5800;1595.2000;1406.5100;552.9300;2388.1200;9060.6900;47.5500;521.7000;2388.1300;8142.5800;8.4559;393.0000;0.072864;0.102017;0.001542;Healthy;WO393239;2094.12
2026/07/02;ENG-095;34;2026-01-02 10:00:00;642.1500;1586.6000;1394.2700;554.1800;2388.0500;9051.7200;47.2100;521.9900;2388.0500;8133.2600;8.4125;390.0000;-0.025105;-2.557530;0.006623;Healthy;WO253095;762.80
2026/07/02;ENG-080;76;2026-01-04 04:00:00;642.8100;1583.3900;1410.6600;553.8200;2388.0900;9067.0200;47.4000;521.8700;2388.1100;8144.5600;8.4101;391.0000;0.045195;-0.433211;0.002389;Healthy;WO284441;681.50
2026-07-02;ENG-034;124;2026-01-06 04:00:00;642.5900;1587.9800;1405.5400;554.2000;2388.0000;9065.8100;47.3400;522.1300;2388.0700;8145.4700;8.3819;392.0000;0.025909;-0.874812;0.000880;Healthy;WO342282;2485.99
2026-07-02;ENG-030;66;2026-01-03 18:00:00;642.6900;1594.4200;1408.8200;553.8800;2388.1000;9054.7800;47.4000;521.1600;2388.1400;8129.2900;8.4459;392.0000;0.023208;0.015285;0.000284;Healthy;WO967596;195.60
2026-07-02;ENG-080;71;2026-01-03 23:00:00;642.3600;1583.4000;1397.6200;554.1700;2388.0800;9065.9600;47.3700;521.7900;2388.0400;8144.7900;8.4529;394.0000;0.051245;-0.428173;0.002710;Healthy;WO440119;1391.30
02-Jul-2026;  ENG-060 ;83;2026-01-04 11:00:00;642.2600;1590.6200;1406.7900;553.5900;2388.0200;9054.4000;47.3900;521.7700;2388.0900;8137.0900;8.4385;391.0000;0.055241;-0.297675;0.001796;Healthy;WO418459;2,052.55
2026/07/02;ENG-076;135;2026-01-06 15:00:00;642.7900;1582.3300;1403.3200;554.2900;2388.0600;9070.5000;47.5500;521.9500;2388.0600;8149.1400;8.4171;393.0000;0.065852;-0.373248;0.002558;Healthy;WO628891;1187.34
2026-07-02;ENG-009;29;2026-01-02 05:00:00;642.5100;1590.2400;1412.1500;552.9800;2388.1100;9055.0000;47.5400;521.3400;2388.1100;8131.6000;8.4248;393.0000;0.038409;0.031285;0.002286;Healthy;WO176239;2,756.49
2026/07/02;ENG-078;43;2026-01-02 19:00:00;641.8400;1585.9400;1398.6500;554.2700;2388.0300;9057.4600;47.2100;522.2800;2387.9800;8141.0300;8.3960;392.0000;0.043636;-1.141470;0.000913;Healthy;WO481137;1629.43
2026/07/02;ENG-098;44;2026-01-02 20:00:00;642.4800;1582.3800;1401.2700;553.1000;2388.1000;9059.7100;47.2800;522.1700;2388.0300;8140.5800;8.4357;391.0000;0.042034;-0.638900;0.000691;healthy;WO744922;1082.48
02-Jul-2026;ENG-093;156;2026-01-07 12:00:00;642.8700;1592.4900;1410.4000;553.7400;2388.0800;9060.2600;47.5000;520.9800;2388.0700;8139.9500;8.4652;393.0000;0.032758;0.247690;0.001773;Healthy;WO166008;2512.49
2026/07/02;  ENG-005 ;37;2026-01-02 13:00:00;642.3300;1588.2100;1408.3900;553.2700;2388.1400;9057.6500;47.5400;521.3500;2388.1000;8129.7900;8.4637;393.0000;0.019829;0.107563;0.003969;Warning;WO402975;14,651.79
2026-07-02;ENG-061;73;2026-01-04 01:00:00;641.9200;1595.3600;1405.1700;554.3800;2388.0300;9070.0900;47.3200;522.4000;2388.0300;8149.0800;8.4090;392.0000;0.045383;-0.849260;0.000000;Healthy;WO312029;439.48
02-Jul-2026;  ENG-020 ;83;2026-01-04 11:00:00;642.1500;1590.5800;1404.5200;553.8400;2388.0300;9064.8500;47.4600;522.1400;2388.0400;8139.7400;8.4088;392.0000;0.056926;-0.565742;0.002050;healthy;WO242905;2,438.94
02-Jul-2026;ENG-094;55;2026-01-03 07:00:00;642.6000;1582.6300;1411.6700;552.9400;2388.1000;9054.4500;47.3300;521.6300;2388.1800;8140.4400;8.4157;395.0000;0.042008;0.013482;0.000921;HEALTHY;WO996455;570.51
02-Jul-2026;ENG-093;131;2026-01-06 11:00:00;642.9900;1591.2200;1410.9500;552.9000;2388.1400;9068.5400;47.6000;521.3200;2388.1400;8136.0600;8.4578;394.0000;0.030212;0.327327;0.004556;warning;WO505845;16,757.99
2026-07-02;ENG-013;116;2026-01-05 20:00:00;642.0300;1590.0400;1391.2700;554.1100;2388.0000;9060.0800;47.3200;522.8900;2388.0400;8139.1100;8.3939;392.0000;0.053078;-1.111581;0.000913;Healthy;WO437252;2,576.58
02-Jul-2026;ENG-045;77;2026-01-04 05:00:00;642.7400;1589.6500;1407.0000;553.0000;2388.0700;9064.5500;47.6100;521.4900;2388.1000;8136.7900;8.4325;394.0000;0.075459;-0.042809;0.001286;Healthy;WO138949;2492.42
02-Jul-2026;ENG-072;84;2026-01-04 12:00:00;642.6600;1589.1700;1396.2800;553.6400;2388.0500;9070.2000;47.2900;522.3200;2387.9700;8144.0500;8.4106;393.0000;0.062790;-0.742429;0.001761;Healthy;WO101524;2,746.70
2026/07/02;ENG-089;116;2026-01-05 20:00:00;642.6800;1592.3300;1406.7500;552.8200;2388.1400;9048.4800;47.4900;521.2600;2388.0700;8127.1900;8.4310;392.0000;0.018094;0.076672;0.003308;Healthy;WO761895;992.41
02-Jul-2026;  ENG-064 ;94;2026-01-04 22:00:00;643.2400;1586.4600;1406.4600;553.3100;2388.1400;9065.0900;47.3800;521.6900;2388.1200;8139.0200;8.4346;391.0000;0.056387;-0.148016;0.000836;Healthy;WO843934;892.10
02-Jul-2026;  ENG-098 ;59;2026-01-03 11:00:00;642.8200;1589.4100;1405.5900;553.4200;2388.1200;9057.6600;47.5700;521.8500;2388.0800;8142.2200;8.4143;393.0000;0.071725;-0.122609;0.001716;Healthy;WO399789;2697.18
2026/07/02;ENG-095;38;2026-01-02 14:00:00;642.5900;1584.1600;1406.4100;554.6600;2388.0700;9052.5000;47.2500;522.0700;2388.0600;8129.4500;8.4171;391.0000;-0.011392;-0.862200;0.002719;healthy;WO604263;538.61
02-Jul-2026;ENG-037;76;2026-01-04 04:00:00;642.6400;1583.6900;1405.5200;554.4000;2388.0400;9052.0600;47.3800;521.9900;2388.0700;8133.5700;8.4196;391.0000;0.017955;-0.665342;0.002021;Healthy;WO517190;1,223.40
2026/07/02;ENG-035;68;2026-01-03 20:00:00;642.4700;1595.8100;1404.7300;553.5800;2388.1300;9052.6500;47.3800;521.0600;2388.0900;8131.5500;8.4211;393.0000;0.035366;-0.029672;0.000700;healthy;WO968878;365.22
2026-07-02;ENG-063;99;2026-01-05 03:00:00;642.5100;1588.0600;1414.6000;553.4600;2388.1700;9049.8100;47.5400;521.6700;2388.1300;8126.9200;8.4366;393.0000;-0.005754;0.132001;;Healthy;WO874842;2319.33
2026-07-02;eng-073;56;2026-01-03 08:00:00;641.6900;1582.5700;1404.1300;555.0100;2388.0100;9054.3600;47.3400;522.4300;2388.1000;8137.4300;8.3915;391.0000;0.005387;-1.089787;0.002909;healthy;WO580019;822.43
2026-07-02;ENG-005;49;2026-01-03 01:00:00;642.2100;1595.6500;1411.6800;553.5400;2388.1000;9050.9400;47.5100;521.6100;2388.1200;8135.1500;8.4619;393.0000;0.043755;0.017602;0.000470;Healthy;WO242238;2,653.29
2026/07/02;ENG-049;107;2026-01-05 11:00:00;641.8200;1588.2100;1398.1000;554.5000;2388.0100;9063.1600;47.2100;521.9900;2388.0000;8144.5100;8.3893;392.0000;0.038418;-1.114746;0.002290;Healthy;WO696620;1730.03
02-Jul-2026;eng-017;85;2026-01-04 13:00:00;641.9900;1578.1700;1401.1700;553.6300;2387.9800;9075.7800;47.3100;522.1300;2388.0100;8153.5100;8.4191;392.0000;0.054719;-1.028885;0.003418;Healthy;WO497970;944.48
02-Jul-2026;ENG-066;66;2026-01-03 18:00:00;642.7200;1589.4100;1409.4700;554.0700;2388.0500;9062.5200;47.4000;521.1200;2388.0700;8143.3300;8.4365;393.0000;0.059897;-0.139877;0.001020;Healthy;WO772510;1987.21
02-Jul-2026;ENG-035;116;2026-01-05 20:00:00;643.3100;1590.3700;1416.1600;554.1700;2388.1000;9055.0900;47.7500;521.3000;2388.1600;8143.7900;8.4597;393.0000;0.015332;0.305876;0.001373;Healthy;WO513801;2121.82
02-Jul-2026;ENG-037;81;2026-01-04 09:00:00;642.5500;1587.6200;1399.9800;554.0300;2388.0300;9049.3300;47.3500;521.5800;2388.0300;8131.1300;8.4108;392.0000;0.015822;-0.704896;0.001851;healthy;WO223324;2591.63
2026/07/02;ENG-047;36;2026-01-02 12:00:00;642.3400;1587.7400;1412.6400;553.6400;2388.1200;9040.4300;47.3600;520.9200;2388.0900;8126.9000;8.4307;393.0000;0.002006;-0.115896;0.006252;Healthy;WO759858;252.96
02-Jul-2026;ENG-089;109;2026-01-05 13:00:00;643.3000;1586.2400;1407.2000;553.8000;2388.0900;9047.7500;47.4300;521.4800;2388.1100;8127.9000;8.4592;393.0000;0.020582;0.004850;0.002016;Healthy;WO599165;553.04
02-Jul-2026;ENG-027;60;2026-01-03 12:00:00;642.0400;1581.9900;1403.7100;554.5800;2388.0500;9044.8500;47.1900;522.4200;2388.0200;8130.8200;8.4242;393.0000;0.015893;-1.004192;0.001691;Healthy;WO283792;2872.14
2026-07-02;ENG-053;87;2026-01-04 15:00:00;642.4800;1584.9900;1407.4800;554.0500;2388.0400;9060.2900;47.2800;522.1700;2388.0800;8144.6200;8.4271;390.0000;-0.015386;-2.628111;0.003654;healthy;WO257281;1,501.46
2026/07/02;  ENG-093 ;109;2026-01-05 13:00:00;642.5000;1594.0900;1409.4600;552.9200;2388.1000;9061.6700;47.5400;521.1200;2388.1500;8139.0300;8.4385;393.0000;0.050926;0.159018;;Healthy;WO916293;
2026/07/02;ENG-095;53;2026-01-03 05:00:00;642.6100;1578.1700;1404.1400;553.3400;2388.0500;9051.9200;47.6200;521.7700;2388.0700;8127.4300;8.3802;391.0000;0.018407;-0.628467;0.002490;Healthy;WO235874;2,513.04
02-Jul-2026;ENG-007;72;2026-01-04 00:00:00;642.1300;1582.6200;1395.8800;554.9200;2388.0000;9055.1200;47.2900;522.5800;2388.0000;8140.3800;8.3806;391.0000;0.050441;-1.266620;0.004326;Healthy;WO376257;2,086.21
2026/07/02;ENG-086;58;2026-01-03 10:00:00;642.7500;1588.7900;1405.6200;553.5300;2388.1100;9058.2600;47.4100;521.2900;2388.1700;8140.1400;8.4630;394.0000;0.051664;-0.001243;0.001703;Healthy;WO728315;2428.08
2026-07-02;ENG-029;61;2026-01-03 13:00:00;642.5600;1587.7900;1400.3500;553.7700;2388.0200;9056.4300;47.3200;522.2200;2388.0200;8138.1200;8.3873;392.0000;0.036651;-0.932465;0.001064;Healthy;WO286818;2820.66
2026/07/02;ENG-091;106;2026-01-05 10:00:00;643.0600;1591.6200;1412.8400;553.1800;2388.1200;9049.8900;47.8000;521.3700;2388.0900;8129.9000;8.4693;394.0000;0.007302;0.279861;0.001485;Warning;WO167776;3,687.23
2026/07/02;ENG-010;126;2026-01-06 06:00:00;641.8000;1588.4600;1400.3300;553.9700;2388.0000;9068.5100;47.4000;522.4700;2388.0500;8142.9800;8.4410;392.0000;0.050323;-0.879767;0.001744;Healthy;WO266049;769.34
2026-07-02;eng-044;20;2026-01-01 20:00:00;642.0400;1587.4500;1407.8100;553.7100;2388.0700;9053.0200;47.2700;522.0900;2388.0600;8134.4000;8.4282;393.0000;0.028802;-0.556519;0.002064;Healthy;WO246601;335.09
2026-07-02;ENG-004;65;2026-01-03 17:00:00;642.5300;1596.3800;1408.7900;553.6300;2388.1500;9051.3800;47.7100;521.3500;2388.1100;8139.1400;8.4612;393.0000;0.012410;0.252722;0.001687;Warning;WO511540;3708.80
2026-07-02;  ENG-037 ;53;2026-01-03 05:00:00;642.4600;1590.9500;1402.6700;554.2900;2388.0700;9046.4100;47.3200;522.7200;2388.0500;8140.2600;8.3696;392.0000;0.020857;-0.819379;0.002674;healthy;WO941400;229.20
02-Jul-2026;ENG-055;65;2026-01-03 17:00:00;642.1500;1589.1700;1404.8100;553.7100;2388.0600;9058.9400;47.2300;521.4800;2388.0600;8135.6800;8.4130;391.0000;0.020791;-0.706776;0.000299;healthy;WO590450;1,820.57
2026-07-02;ENG-093;92;2026-01-04 20:00:00;642.6300;1595.9900;1403.4300;552.3000;2388.0900;9068.4100;47.6300;521.5700;2388.0600;8142.7200;8.4463;395.0000;0.081424;0.316796;0.002196;Healthy;WO910519;1360.27
02-Jul-2026;ENG-020;97;2026-01-05 01:00:00;642.9600;1583.0900;1407.6100;553.7200;2388.1200;9061.8700;47.4800;520.9900;2388.0400;8139.2000;8.4131;393.0000;0.044769;-0.245998;0.000696;Healthy;WO485026;442.29
2026/07/02;ENG-036;54;2026-01-03 06:00:00;642.6200;1591.7700;1416.7000;553.8900;2388.1700;9065.1200;47.3600;521.2100;2388.0800;8135.6700;8.4385;393.0000;0.033422;0.117056;0.001174;Healthy;WO372274;1281.93
2026-07-02;ENG-070;100;2026-01-05 04:00:00;643.0600;1589.2200;1409.3400;552.6900;2388.0600;9052.6300;47.6000;521.8000;2388.0800;8129.4900;8.4078;394.0000;0.055841;0.023542;0.001314;Healthy;WO972130;
02-Jul-2026;ENG-078;35;2026-01-02 11:00:00;641.3200;1582.5700;1393.4900;554.3900;2387.9600;9064.1200;46.8600;522.2600;2387.9700;8144.8500;8.3893;392.0000;0.069581;-1.418499;0.009148;Healthy;WO175339;2177.25
02-Jul-2026;  ENG-057 ;106;2026-01-05 10:00:00;643.2200;1588.4500;1410.9300;553.4600;2388.1700;9048.4100;47.7000;521.3100;2388.1300;8131.6300;8.4402;391.0000;-0.000538;0.192687;0.002115;Healthy;WO862595;1,414.62
02-Jul-2026;ENG-057;55;2026-01-03 07:00:00;642.5600;1595.1800;1399.4100;553.8000;2388.1500;9051.3400;47.4100;521.8400;2388.1000;8133.8000;8.4545;394.0000;0.052068;-0.080243;0.003302;HEALTHY;WO242959;
2026/07/02;ENG-038;54;2026-01-03 06:00:00;642.9400;1584.4300;1416.2900;552.8600;2388.1600;9056.2900;47.8400;520.7400;2388.1400;8130.7600;8.4681;394.0000;-0.038024;0.513210;0.002686;Warning;WO898810;15,321.16
2026-07-02;ENG-087;36;2026-01-02 12:00:00;642.7300;1590.6600;1402.7000;553.7700;2388.0300;9054.7400;47.1600;521.8300;2387.9900;8140.4100;8.3665;393.0000;0.014655;-0.795765;0.003356;Healthy;WO473345;614.77
2026-07-02;ENG-042;93;2026-01-04 21:00:00;642.1400;1592.2700;1404.6300;554.7200;2388.0900;9042.5800;47.4200;521.9100;2388.0300;8133.2200;8.4086;392.0000;-0.019554;-2.609690;0.004734;Healthy;WO837635;1171.82
02-Jul-2026;ENG-062;86;2026-01-04 14:00:00;641.5700;1587.0800;1398.4800;555.1400;2388.0000;9050.3700;47.1600;522.2700;2388.0400;8145.2600;8.3975;391.0000;0.025787;-1.206301;0.000691;Healthy;WO576094;1,321.76
2026/07/02;ENG-082;97;2026-01-05 01:00:00;642.7800;1590.0500;1403.2200;553.4200;2388.0700;9063.5100;47.4300;521.4800;2388.0800;8143.3200;8.4384;393.0000;0.068285;-0.267020;0.002446;Healthy;WO308930;1,187.15
2026/07/02;ENG-063;70;2026-01-03 22:00:00;643.2900;1588.4500;1409.3400;552.9200;2388.1200;9042.9300;47.5200;521.3900;2388.1200;8129.2700;8.4423;394.0000;0.001629;0.163745;0.002016;Healthy;WO496437;781.30
2026/07/02;ENG-076;107;2026-01-05 11:00:00;642.0800;1586.6800;1406.5200;554.6700;2388.0500;9054.1700;47.4300;522.0600;2388.0300;8141.6100;8.4224;393.0000;0.031520;-0.743951;0.001269;Healthy;WO843172;1,435.74
02-Jul-2026;ENG-046;66;2026-01-03 18:00:00;642.2700;1586.9500;1410.6700;554.3900;2388.0700;9069.3000;47.2400;521.8200;2388.0900;8145.1100;8.4697;392.0000;0.051732;-0.434266;0.002190;Healthy;WO138727;1,172.66
2026/07/02;ENG-031;73;2026-01-04 01:00:00;642.7800;1586.0900;1398.0100;554.0200;2388.0300;9063.4300;47.4500;521.6600;2388.0700;8147.6600;8.4180;392.0000;0.047697;-0.583432;0.002086;Healthy;WO329619;2297.82
2026-07-02;ENG-094;79;2026-01-04 07:00:00;642.6400;1586.4400;1407.6100;553.5600;2388.0400;9053.3300;47.5100;521.4500;2388.0700;8139.7100;8.4517;393.0000;0.062816;-0.126127;0.001540;Healthy;WO863415;1954.56
2026-07-02;ENG-091;119;2026-01-05 23:00:00;642.6900;1581.1300;1414.1500;553.1700;2388.1300;9049.8800;47.6000;520.8600;2388.1500;8130.3500;8.4525;391.0000;-0.010890;0.144572;0.004533;Healthy;WO343412;833.65
2026-07-02;ENG-051;65;2026-01-03 17:00:00;641.9000;1584.0400;1395.5200;553.8800;2388.0300;9039.5000;47.5100;521.1300;2388.0300;8133.6800;8.3989;392.0000;0.004403;-0.806164;0.002013;Healthy;WO411129;1,983.14
02-Jul-2026;ENG-061;62;2026-01-03 14:00:00;642.0800;1587.8800;1399.9500;554.7000;2387.9800;9062.3900;47.1800;521.7800;2388.0000;8149.2200;8.3802;392.0000;0.020861;-1.031501;0.001761;Healthy;WO740202;2,108.68
2026/07/02;  ENG-012 ;92;2026-01-04 20:00:00;642.2200;1581.1500;1403.9700;553.4000;2388.0500;9064.5800;47.0900;521.8700;2387.9800;8142.4200;8.4026;393.0000;0.036423;-0.796308;0.002329;Healthy;WO748163;1504.94
2026/07/02;ENG-003;69;2026-01-03 21:00:00;642.7300;1593.7800;1408.3600;552.9300;2388.1300;9046.3300;47.7200;521.2100;2388.1000;8129.8300;8.4246;393.0000;-0.004274;0.303748;0.002691;Healthy;WO361783;1,653.17
02-Jul-2026;ENG-002;29;2026-01-02 05:00:00;642.4300;1581.8500;1401.9400;553.8200;2388.1000;9048.6800;47.3700;521.1500;2388.1200;8124.7000;8.4347;394.0000;0.012099;-0.310444;0.005583;Healthy;WO355840;791.21
2026/07/02;ENG-060;90;2026-01-04 18:00:00;642.4700;1590.5200;1408.5700;553.8800;2388.0300;9053.8700;47.5100;521.4800;2388.0700;8132.8800;8.4574;393.0000;0.056811;-0.229420;0.002683;Healthy;WO375524;642.90
2026/07/02;ENG-027;63;2026-01-03 15:00:00;642.6900;1580.7500;1403.2000;554.7100;2388.0500;9057.9400;47.1600;522.5100;2388.0100;8127.0900;8.4155;393.0000;0.015970;-0.981993;0.003164;Healthy;WO836192;227.23
02-Jul-2026;ENG-062;112;2026-01-05 16:00:00;642.0600;1580.6400;1401.4000;554.3000;2387.9800;9061.9200;47.2300;522.5100;2388.0100;8141.1200;8.3949;390.0000;0.045605;-1.187046;0.000977;Healthy;WO415956;
02-Jul-2026;ENG-081;86;2026-01-04 14:00:00;642.9900;1590.2500;1401.0600;554.2800;2388.0600;9069.9600;47.3700;522.1500;2388.0800;8155.3800;8.4279;393.0000;0.066465;-0.497825;0.003365;Healthy;WO517840;2674.87
2026/07/02;ENG-044;30;2026-01-02 06:00:00;642.3300;1588.3300;1399.0600;553.9200;2388.1100;9054.6800;47.5300;522.1700;2388.0600;8132.4800;8.4605;393.0000;0.040426;-0.588258;0.001475;Healthy;WO851191;2659.14
2026/07/02;ENG-038;47;2026-01-02 23:00:00;642.6200;1592.0000;1409.0200;553.1800;2388.1000;9049.8900;47.5700;521.4000;2388.1000;8136.1300;8.4613;394.0000;0.039019;0.047038;0.001577;Healthy;WO537811;1,420.82
2026/07/02;ENG-066;83;2026-01-04 11:00:00;642.5300;1589.6500;1411.8900;553.6300;2388.0900;9076.7400;47.5200;522.5400;2388.0700;8147.3000;8.4289;393.0000;0.093297;-0.206417;0.007999;Healthy;WO370349;1,957.79
02-Jul-2026;  ENG-062 ;142;2026-01-06 22:00:00;642.1700;1582.1000;1393.9900;554.2600;2388.0500;9063.8900;47.1300;522.0800;2388.0300;8142.5400;8.3914;391.0000;0.035526;-1.118612;0.001691;Healthy;WO816597;2,332.43
02-Jul-2026;eng-060;89;2026-01-04 17:00:00;642.2800;1590.0500;1406.6900;553.2300;2388.0800;9054.0200;47.6500;521.1900;2388.0900;8136.4700;8.3732;391.0000;0.053488;-0.217970;0.000371;WARNING;WO492776;2,745.31
02-Jul-2026;ENG-093;155;2026-01-07 11:00:00;642.5700;1587.9400;1403.3100;553.0500;2388.0900;9063.5500;47.5900;520.8600;2388.1500;8140.4200;8.4351;394.0000;0.041558;0.150846;0.001337;WARNING;WO823796;17347.56
2026-07-02;ENG-068;111;2026-01-05 15:00:00;642.4900;1591.3100;1406.8400;553.8500;2388.1100;9061.9100;47.3900;521.9300;2388.0500;8139.8000;8.4323;392.0000;0.046788;-0.411744;0.000969;Healthy;WO432327;
02-Jul-2026;ENG-039;19;2026-01-01 19:00:00;642.3700;1585.0700;1402.7400;554.2700;2388.0100;9058.1600;47.4000;522.5000;2387.9900;8147.6900;8.4075;391.0000;0.067292;-0.953369;0.001505;Healthy;WO573624;
2026-07-02;  ENG-098 ;54;2026-01-03 06:00:00;642.0300;1585.1900;1405.3300;554.0500;2388.0600;9064.6900;47.1800;521.9700;2388.0900;8141.3000;8.4272;394.0000;0.034687;-0.531337;0.001961;HEALTHY;WO222556;2107.92
2026/07/02;ENG-062;134;2026-01-06 14:00:00;642.6000;1578.5900;1394.2100;554.6200;2388.0000;9061.0300;47.2300;522.0600;2387.9900;8143.8200;8.3813;392.0000;-0.001228;-2.624131;0.003383;Healthy;WO217868;558.09
02-Jul-2026;ENG-005;34;2026-01-02 10:00:00;642.7100;1589.9500;1408.6500;553.6500;2388.1000;9054.2300;47.4100;521.9400;2388.1000;8131.0600;8.3973;392.0000;0.032491;-0.320190;0.002284;Healthy;WO357731;1,792.81
2026/07/02;ENG-031;81;2026-01-04 09:00:00;642.1400;1586.3200;1403.2400;553.5400;2388.0500;9066.5300;47.4800;521.8300;2388.0100;8149.0500;8.4371;391.0000;0.057575;-0.748508;;healthy;WO971868;2,052.39
2026/07/02;  ENG-030 ;94;2026-01-04 22:00:00;643.1900;1592.5900;1405.7400;553.6900;2388.1300;9044.2200;47.5000;521.4200;2388.1800;8131.0000;8.4106;391.0000;0.021050;-0.055100;0.000984;Healthy;WO219814;2170.61
2026-07-02;eng-045;71;2026-01-03 23:00:00;642.4700;1589.3400;1409.3700;553.5000;2388.0400;9067.8300;47.5600;521.9300;2388.0600;8143.0900;8.4776;393.0000;0.097193;0.007722;0.002004;Healthy;WO604664;229.54
2026-07-02;ENG-016;47;2026-01-02 23:00:00;642.5700;1584.4600;1395.2600;554.9600;2388.0700;9053.2100;47.2700;521.8300;2388.0500;8135.8200;8.4286;393.0000;-0.002740;-0.951483;0.004683;Healthy;WO211037;520.11
2026/07/02;  ENG-020 ;91;2026-01-04 19:00:00;642.3600;1581.9800;1405.7100;553.5500;2388.0900;9063.5600;47.1200;521.8000;2388.0400;8146.8200;8.4289;394.0000;0.041025;-0.575664;0.000712;Healthy;WO200666;1728.37
02-Jul-2026;ENG-043;102;2026-01-05 06:00:00;642.3200;1590.2300;1401.1300;553.0600;2388.0800;9049.6300;47.5000;521.3600;2388.1100;8135.8300;8.4547;394.0000;0.052883;-0.109001;0.000842;Healthy;WO847706;2636.26
02-Jul-2026;ENG-062;128;2026-01-06 08:00:00;642.0600;1579.6000;1405.9500;554.7200;2387.9900;9053.0500;47.1100;522.3200;2388.0000;8137.3400;8.3971;393.0000;0.016126;-1.109946;0.003521;Healthy;WO522491;1719.21
02-Jul-2026;ENG-010;72;2026-01-04 00:00:00;642.3400;1584.3200;1399.9500;554.1000;2388.0400;9060.8900;47.1800;522.7000;2388.0000;8143.6500;8.3927;392.0000;0.041610;-1.092682;0.000488;Healthy;WO116462;947.65
02-Jul-2026;ENG-042;53;2026-01-03 05:00:00;642.4100;1584.2900;1396.1100;553.9500;2388.0000;9045.3100;47.2700;522.6300;2388.0200;8133.2800;8.4156;392.0000;0.036822;-1.062636;0.000488;Healthy;WO102069;553.36
02-Jul-2026;ENG-028;104;2026-01-05 08:00:00;642.2400;1596.3200;1401.0700;553.7800;2388.0600;9057.2600;47.4000;521.4400;2388.1200;8129.7400;8.4529;393.0000;0.037027;-0.383843;0.000782;Healthy;WO275955;964.15
2026-07-02;ENG-031;77;2026-01-04 05:00:00;642.1300;1590.3100;1403.2500;554.4300;2388.0200;9068.6000;47.3400;522.0100;2388.0500;8150.2500;8.4310;393.0000;0.050173;-0.786517;0.002013;healthy;WO120867;54.85
02-Jul-2026;  ENG-052 ;115;2026-01-05 19:00:00;642.2600;1589.8800;1392.4100;554.3800;2387.9800;9061.6200;47.3100;522.4900;2388.0100;8137.5100;8.3650;391.0000;0.013711;-2.604033;0.004026;Healthy;WO456799;
2026-07-02;ENG-012;123;2026-01-06 03:00:00;642.2500;1584.2300;1396.3700;555.0300;2388.0500;9060.2800;47.3700;522.1800;2388.0300;8145.5400;8.4002;392.0000;0.036260;-1.032804;0.000345;Healthy;WO698230;248.89
02-Jul-2026;  ENG-048 ;37;2026-01-02 13:00:00;642.5500;1582.3700;1404.2100;553.0300;2388.0900;9062.1000;47.4800;521.6400;2388.0400;8133.3100;8.4275;394.0000;0.052100;-0.359939;0.001078;healthy;WO275795;260.59
02-Jul-2026;ENG-045;52;2026-01-03 04:00:00;643.1700;1589.0900;1407.9500;553.1900;2388.1200;9051.6800;47.4300;521.8200;2388.1100;8138.9700;8.4581;393.0000;0.054308;0.062528;0.003421;Healthy;WO540135;2,922.78
2026-07-02;ENG-075;53;2026-01-03 05:00:00;642.5500;1584.7200;1405.3300;554.5200;2388.0100;9065.4500;47.3100;522.1900;2388.1000;8140.2000;8.4293;393.0000;0.026356;-0.726332;0.001601;healthy;WO717851;368.19
2026-07-02;eng-071;26;2026-01-02 02:00:00;641.8600;1583.9800;1399.6800;554.8700;2388.0600;9062.5500;47.3000;522.1200;2388.0500;8150.5100;8.4052;391.0000;0.029540;-1.037557;0.000000;Healthy;WO661946;2700.26
2026/07/02;ENG-029;100;2026-01-05 04:00:00;642.1200;1590.2600;1404.5900;553.5700;2388.0700;9059.7200;47.3300;521.9600;2388.0700;8141.1700;8.4382;393.0000;0.040531;-0.563536;0.001413;HEALTHY;WO151812;504.26
2026/07/02;  ENG-092 ;88;2026-01-04 16:00:00;642.7900;1592.8300;1414.5800;553.3800;2388.1500;9043.1800;47.6900;521.6900;2388.1900;8118.3000;8.4348;392.0000;-0.032991;0.222867;0.002428;Healthy;WO334106;2178.44
02-Jul-2026;  ENG-006 ;65;2026-01-03 17:00:00;642.3100;1591.5100;1402.8900;552.6100;2388.1200;9056.0700;47.5000;521.3200;2388.1300;8126.6800;8.4400;393.0000;0.032516;0.064241;0.000360;Healthy;WO621903;
02-Jul-2026;  ENG-024 ;78;2026-01-04 06:00:00;642.1300;1586.5400;1397.1100;555.0600;2387.9800;9070.1400;47.2800;522.1200;2388.0100;8148.7400;8.4092;392.0000;0.044140;-1.048248;0.001424;Healthy;WO827312;1822.44
2026-07-02;  ENG-020 ;75;2026-01-04 03:00:00;642.2000;1584.8100;1399.9500;553.9600;2388.0400;9068.5600;47.5800;521.6800;2388.0200;8140.0400;8.3859;393.0000;0.042935;-0.656607;0.000546;Healthy;WO184641;1934.12
2026/07/02;ENG-056;61;2026-01-03 13:00:00;642.4300;1593.1700;1410.8800;553.4000;2388.2000;9044.0000;47.6100;521.5100;2388.1200;8122.6800;8.4559;393.0000;-0.025884;0.179791;0.003623;Healthy;WO853253;1039.48
2026/07/02;ENG-092;70;2026-01-03 22:00:00;642.0700;1585.6000;1414.1200;553.2700;2388.1600;9044.6000;47.5400;520.8400;2388.1200;8121.6800;8.4428;394.0000;-0.044242;0.184932;0.009164;Healthy;WO149564;
2026/07/02;ENG-089;107;2026-01-05 11:00:00;642.5700;1593.7100;1399.9100;554.0400;2388.1200;9043.4300;47.4900;521.3700;2388.1100;8124.0100;8.4255;392.0000;0.015515;-0.188669;;Healthy;WO276227;1147.70
2026/07/02;ENG-014;23;2026-01-01 23:00:00;642.6700;1592.2900;1402.8100;552.4800;2388.1100;9053.8900;47.7600;521.4300;2388.1200;8119.7000;8.4227;393.0000;0.022447;0.112946;0.002949;Healthy;WO691660;1,779.94
2026-07-02;ENG-043;88;2026-01-04 16:00:00;642.4500;1589.2400;1406.7600;554.1200;2388.1000;9046.5100;47.4500;521.7400;2388.0800;8135.2600;8.4219;394.0000;0.030488;-0.442504;0.000977;Healthy;WO921474;1,060.93
02-Jul-2026;  ENG-066 ;85;2026-01-04 13:00:00;642.7200;1594.7100;1405.8100;553.4400;2388.0600;9071.3000;47.5300;521.9000;2388.0800;8146.3800;8.4635;394.0000;0.102372;0.150202;0.008168;Healthy;WO851232;699.86
02-Jul-2026;  ENG-062 ;133;2026-01-06 13:00:00;642.3700;1588.2700;1389.4600;554.6600;2387.9900;9061.3900;47.3100;522.3800;2388.0500;8140.5400;8.3944;393.0000;0.034073;-0.967626;0.001744;Healthy;WO355705;595.08
02-Jul-2026;ENG-061;55;2026-01-03 07:00:00;641.9500;1580.0000;1394.5800;554.8100;2388.0200;9064.6300;47.0400;522.1000;2388.0100;8148.7500;8.3858;391.0000;0.034879;-1.264092;0.002514;Healthy;WO520429;1890.72
2026/07/02;ENG-100;77;2026-01-04 05:00:00;642.5900;1584.1900;1409.3500;553.9300;2388.0500;9057.3500;47.4500;521.5000;2388.0700;8143.0100;8.4149;391.0000;0.034608;-0.632728;0.000691;Healthy;WO453672;2867.78
2026/07/02;ENG-047;27;2026-01-02 03:00:00;643.1600;1581.2100;1411.7200;553.4700;2388.1300;9041.3300;47.4900;521.3100;2388.1300;8122.5500;8.4443;394.0000;-0.030841;0.157351;0.004645;Healthy;WO573561;1456.19
2026/07/02;ENG-078;26;2026-01-02 02:00:00;641.9900;1593.5200;1395.2000;554.8000;2387.9900;9060.0700;47.1600;522.6900;2387.9800;8141.6000;8.4111;391.0000;0.070809;-1.250668;0.004200;Healthy;WO665897;1,961.52
02-Jul-2026;ENG-045;62;2026-01-03 14:00:00;642.3000;1588.7400;1407.6500;553.0400;2388.1100;9069.5800;47.4600;521.5200;2388.0700;8143.5300;8.4261;393.0000;0.079816;-0.122648;0.004343;Healthy;WO731472;2,111.39
02-Jul-2026;ENG-012;80;2026-01-04 08:00:00;641.9600;1582.0000;1398.3600;553.9600;2388.0600;9053.7600;47.1600;522.2600;2388.0400;8139.5900;8.4034;392.0000;0.024712;-1.062409;0.001656;healthy;WO525413;
2026/07/02;ENG-017;97;2026-01-05 01:00:00;642.1700;1592.7800;1402.5800;554.4100;2388.0400;9078.8900;47.6300;522.1600;2388.0100;8155.2900;8.4100;392.0000;0.081513;-0.673918;0.003613;Healthy;WO747811;2558.16
02-Jul-2026;ENG-064;86;2026-01-04 14:00:00;642.7700;1593.9800;1403.1600;553.4000;2388.1100;9064.4300;47.2900;521.8000;2388.1000;8139.0300;8.4311;392.0000;0.056631;-0.281889;0.001694;Healthy;WO283607;1110.23
2026-07-02;ENG-036;50;2026-01-03 02:00:00;642.8000;1589.4500;1405.7500;553.1500;2388.1000;9057.6400;47.5200;522.0500;2388.1800;8137.7500;8.4419;393.0000;0.061144;0.074042;0.001569;Healthy;WO284544;915.34
02-Jul-2026;  ENG-074 ;70;2026-01-03 22:00:00;642.5000;1585.0600;1411.4200;554.1000;2388.0700;9053.9100;47.5500;522.0200;2388.1600;8140.1900;8.4762;392.0000;0.062163;-0.151888;0.001024;Healthy;WO343476;2,819.29
2026-07-02;  ENG-081 ;129;2026-01-06 09:00:00;642.4600;1582.4200;1399.5100;554.0200;2388.0000;9068.5200;47.5700;521.3400;2388.1100;8148.7400;8.4187;394.0000;0.057598;-0.396792;0.001227;Healthy;WO981437;2942.26
2026/07/02;ENG-058;71;2026-01-03 23:00:00;643.2100;1592.2900;1407.8800;553.7800;2388.1000;9057.6000;47.4000;521.8500;2388.1000;8132.2700;8.4568;392.0000;0.046844;-0.109096;0.000442;healthy;WO166129;1594.32
02-Jul-2026;  ENG-079 ;54;2026-01-03 06:00:00;642.4800;1584.3100;1405.5400;554.0300;2388.0900;9047.7400;47.2600;521.5700;2388.1100;8133.9800;8.4220;394.0000;0.014179;-0.409813;;healthy;WO558257;1,974.17
2026-07-02;ENG-003;51;2026-01-03 03:00:00;642.6100;1588.6800;1406.1900;552.7000;2388.1100;9045.0800;47.4000;521.3600;2388.1200;8132.2700;8.4294;393.0000;0.018594;0.063820;0.002758;Healthy;WO965800;1715.92
2026-07-02;ENG-060;71;2026-01-03 23:00:00;642.3700;1581.9800;1409.8900;553.9200;2388.1300;9061.3700;47.3700;522.0500;2388.1000;8138.0800;8.4352;393.0000;0.037658;-0.401954;0.000503;Healthy;WO103003;2943.61
2026-07-02;ENG-028;58;2026-01-03 10:00:00;642.2500;1591.0000;1410.3700;553.6600;2388.1000;9045.5100;47.4300;521.7500;2388.0700;8129.8300;8.4277;391.0000;0.045282;-0.220095;0.000977;healthy;WO806302;2599.89
2026-07-02;ENG-032;77;2026-01-04 05:00:00;641.7300;1587.6800;1390.4400;554.7000;2387.9700;9077.0900;47.1700;522.2000;2387.9600;8155.4700;8.4092;391.0000;0.078360;-1.288800;0.005315;HEALTHY;WO578259;2,090.98
02-Jul-2026;ENG-072;47;2026-01-02 23:00:00;642.0100;1587.1100;1402.9800;553.9900;2388.0100;9062.2700;47.2300;521.6900;2388.0300;8138.3000;8.3683;392.0000;0.005555;-0.988144;0.002909;HEALTHY;WO328599;
2026/07/02;ENG-012;95;2026-01-04 23:00:00;642.1800;1578.5200;1398.5900;553.9300;2388.0700;9059.2700;47.5300;522.2800;2388.0200;8142.3400;8.4187;391.0000;0.041369;-0.870421;0.000423;healthy;WO370593;826.13
2026/07/02;  ENG-049 ;192;2026-01-09 00:00:00;642.4000;1581.8600;1406.5800;554.3000;2388.0900;9056.5700;47.4500;521.9300;2388.0400;8143.6300;8.4204;392.0000;0.026922;-0.699502;0.000669;healthy;WO219210;2,095.09
2026-07-02;ENG-094;83;2026-01-04 11:00:00;642.8800;1588.8100;1412.0900;553.3100;2388.1300;9057.2300;47.4300;521.6400;2388.1500;8137.8500;8.4257;394.0000;0.038473;0.092194;0.000620;Healthy;WO380803;2,067.95
02-Jul-2026;ENG-033;23;2026-01-01 23:00:00;643.1800;1597.4700;1407.6100;553.1400;2388.0800;9059.7600;47.5700;521.3700;2388.1300;8137.9200;8.4603;393.0000;0.035181;0.390661;0.000598;Warning;WO787477;3,947.28
02-Jul-2026;ENG-040;61;2026-01-03 13:00:00;642.3300;1594.2200;1416.6700;552.6500;2388.1600;9053.1400;47.7400;521.2800;2388.0500;8140.8100;8.4346;394.0000;0.016355;0.337559;0.002425;Warning;WO463505;14446.90
2026-07-02;ENG-077;96;2026-01-05 00:00:00;642.1400;1591.6600;1403.5600;553.8900;2388.0700;9047.3100;47.3400;521.6700;2388.1200;8129.8400;8.4298;393.0000;0.023586;-0.452870;0.001976;Healthy;WO142680;109.83
2026/07/02;  ENG-043 ;69;2026-01-03 21:00:00;642.9900;1586.3900;1406.6000;554.0400;2388.0900;9053.2000;47.3500;521.3800;2388.1000;8124.7300;8.4503;392.0000;0.030050;-0.162892;0.003444;Healthy;WO453291;2301.75
2026-07-02;ENG-096;60;2026-01-03 12:00:00;642.0500;1590.2500;1397.4500;554.0000;2387.9900;9062.7900;47.1600;522.4800;2388.0300;8149.5100;8.3740;393.0000;0.026116;-1.091861;0.001761;Healthy;WO627824;123.20
02-Jul-2026;ENG-035;119;2026-01-05 23:00:00;642.7100;1585.9500;1412.7600;552.8700;2388.1000;9057.9000;47.6400;520.8500;2388.1200;8144.3900;8.4525;393.0000;0.021020;0.328039;0.002451;Healthy;WO880005;2,880.83
2026-07-02;ENG-070;68;2026-01-03 20:00:00;642.6700;1589.7400;1403.8300;554.1800;2388.1000;9053.9700;47.4900;521.3300;2388.0900;8131.2500;8.4349;394.0000;0.038785;-0.130862;0.002813;Healthy;WO989169;249.65
2026/07/02;ENG-003;45;2026-01-02 21:00:00;642.5500;1588.3600;1405.7500;552.3000;2388.1300;9058.3000;47.5700;521.0000;2388.1400;8125.8400;8.4227;394.0000;0.015755;0.139944;0.001554;Healthy;WO370147;2757.14
02-Jul-2026;ENG-091;123;2026-01-06 03:00:00;642.8000;1596.9400;1415.8900;553.6700;2388.1300;9054.4300;47.6100;521.1800;2388.1100;8129.3600;8.4193;393.0000;0.007354;0.194097;0.000579;Healthy;WO929070;516.38
02-Jul-2026;ENG-030;55;2026-01-03 07:00:00;642.4600;1590.5800;1406.0800;553.4000;2388.1400;9041.1800;47.3900;521.5400;2388.1500;8126.7100;8.4710;393.0000;0.017202;-0.103611;0.001503;Healthy;WO951924;2,791.09
2026-07-02;  ENG-034 ;134;2026-01-06 14:00:00;642.7000;1588.4200;1401.0000;553.8300;2388.0500;9052.7600;47.4200;521.3200;2388.0600;8137.1000;8.4349;393.0000;0.051970;-0.205421;0.002150;Healthy;WO926402;1,898.11
2026/07/02;ENG-079;68;2026-01-03 20:00:00;642.9700;1581.7100;1406.8000;553.2900;2388.0400;9048.2000;47.4600;521.6000;2388.0800;8131.0400;8.4101;392.0000;0.027053;-0.471797;0.004857;Healthy;WO718013;2358.08
2026/07/02;ENG-027;57;2026-01-03 09:00:00;642.3500;1579.0500;1395.8500;555.1500;2387.9800;9049.8500;47.2100;521.9000;2388.0100;8137.1500;8.3919;392.0000;0.011524;-1.101609;0.005621;Healthy;WO374612;646.85
2026-07-02;ENG-064;81;2026-01-04 09:00:00;642.9800;1590.2800;1407.6700;553.9600;2388.0300;9050.0700;47.5000;522.1700;2388.0700;8139.2800;8.4599;393.0000;0.061719;-0.265339;0.000743;Healthy;WO816463;2,817.59
02-Jul-2026;ENG-075;31;2026-01-02 07:00:00;642.1000;1581.4800;1404.8400;553.7600;2388.1300;9061.8200;47.3500;522.1200;2388.0400;8141.5500;8.4326;391.0000;0.039716;-0.585929;0.000752;Healthy;WO985047;639.14
2026/07/02;  ENG-020 ;110;2026-01-05 14:00:00;642.5100;1582.8700;1412.2100;553.7700;2388.1300;9062.3600;47.3700;521.2500;2388.1000;8141.9800;8.4345;393.0000;0.050979;-0.139213;0.002423;Healthy;WO309380;498.29
02-Jul-2026;eng-042;60;2026-01-03 12:00:00;642.2300;1579.8900;1398.8500;554.5100;2388.0900;9051.8400;47.4200;522.0600;2388.0500;8135.0300;8.4290;392.0000;0.008549;-0.815300;0.001221;Healthy;WO930511;2554.55
2026-07-02;  ENG-035 ;127;2026-01-06 07:00:00;642.8900;1594.0300;1405.2800;553.0600;2388.1500;9061.7000;47.7200;521.3700;2388.1900;8135.1800;8.4417;395.0000;0.014093;0.380905;0.000922;Healthy;WO225452;1,434.66
2026-07-02;ENG-081;97;2026-01-05 01:00:00;642.2200;1584.5500;1403.9500;554.1900;2388.0900;9068.4500;47.4600;521.4800;2388.0400;8148.6900;8.4060;393.0000;0.051987;-0.410235;0.002797;Healthy;WO588701;2600.27
2026/07/02;ENG-031;101;2026-01-05 05:00:00;642.5700;1595.0900;1403.6200;554.1600;2388.0700;9077.6000;47.4400;521.9300;2387.9600;8152.9800;8.4204;392.0000;0.079671;-0.545182;;Healthy;WO779667;2,842.19
2026-07-02;ENG-053;98;2026-01-05 02:00:00;642.7100;1593.1200;1401.0100;553.7800;2388.0300;9065.5100;47.6200;521.8500;2388.0900;8142.8700;8.3954;391.0000;0.063946;-0.506336;0.004548;Healthy;WO135645;1,263.86
2026/07/02;ENG-034;102;2026-01-05 06:00:00;642.5000;1591.2000;1393.2700;555.0400;2388.0500;9061.8700;47.2100;522.3900;2388.0400;8152.9100;8.4313;392.0000;0.044715;-0.914326;0.002417;Healthy;WO429629;1,978.63
2026/07/02;ENG-066;54;2026-01-03 06:00:00;641.8400;1590.1000;1401.3100;553.3900;2388.0900;9067.9000;47.3900;520.9400;2388.0700;8142.9600;8.3995;393.0000;0.055117;-0.272844;0.001647;Healthy;WO757758;1285.27
02-Jul-2026;  ENG-041 ;80;2026-01-04 08:00:00;642.7800;1576.7900;1407.8200;553.6900;2388.0400;9039.9100;47.2900;521.6800;2388.1000;8130.0800;8.4146;392.0000;0.004880;-0.515472;0.006077;Healthy;WO365484;2370.75
2026-07-02;  ENG-012 ;108;2026-01-05 12:00:00;642.3200;1581.8700;1396.1400;554.6100;2387.9700;9055.9900;47.2400;522.0600;2388.0100;8143.7900;8.4161;391.0000;0.041453;-1.132700;0.000000;Healthy;WO775514;2,978.73
02-Jul-2026;ENG-007;79;2026-01-04 07:00:00;641.7600;1581.7700;1397.7800;554.1600;2388.0100;9056.6700;47.3500;522.1600;2388.0200;8148.8700;8.3960;393.0000;0.036310;-1.070484;0.001922;Healthy;WO612960;327.37
02-Jul-2026;ENG-051;67;2026-01-03 19:00:00;641.9700;1587.8400;1406.8700;553.4600;2388.1000;9042.5000;47.5200;521.6500;2388.0500;8127.3800;8.4409;392.0000;0.028993;-0.379696;0.003646;Healthy;WO206665;2416.42
2026-07-02;  ENG-094 ;72;2026-01-04 00:00:00;642.5700;1583.7100;1405.0100;553.4900;2388.1000;9058.0100;47.7500;521.6200;2388.0800;8139.3800;8.4582;394.0000;0.047233;0.084718;0.001015;Healthy;WO888312;
02-Jul-2026;ENG-084;59;2026-01-03 11:00:00;642.7100;1594.2400;1408.1100;553.0400;2388.1100;9053.4800;47.4500;521.3200;2388.0600;8135.7000;8.4316;394.0000;0.050961;0.047420;0.002167;Healthy;WO465304;1,696.12
2026/07/02;eng-048;46;2026-01-02 22:00:00;642.6600;1588.1600;1406.7000;554.1100;2388.0500;9053.5300;47.3300;521.6600;2388.0600;8145.5000;8.4064;390.0000;0.034477;-0.555219;0.001475;Healthy;WO319832;2,885.47
2026/07/02;ENG-016;70;2026-01-03 22:00:00;642.8300;1591.0100;1401.8800;554.1300;2388.0400;9053.8500;47.4000;522.1300;2388.0400;8129.9600;8.4255;392.0000;0.025718;-0.628085;0.001326;Healthy;WO165293;1,146.40
02-Jul-2026;ENG-046;93;2026-01-04 21:00:00;642.3800;1593.0300;1412.5000;554.3600;2388.0800;9071.8000;47.7700;522.2500;2388.0200;8148.1100;8.4403;393.0000;0.111459;-0.063299;0.002925;Warning;WO523515;8910.67
02-Jul-2026;ENG-032;71;2026-01-03 23:00:00;642.0700;1590.7100;1400.6000;554.9200;2387.9900;9067.0800;47.1600;522.2100;2387.9800;8153.6600;8.3910;391.0000;0.036018;-1.082719;0.001794;Healthy;WO619302;910.70
02-Jul-2026;  ENG-041 ;54;2026-01-03 06:00:00;642.3200;1589.2000;1399.5200;553.8500;2388.0400;9045.4600;47.3000;522.0700;2388.0500;8131.5600;8.4207;391.0000;0.005783;-0.851485;0.002794;Healthy;WO647877;2628.31
2026-07-02;  ENG-007 ;105;2026-01-05 09:00:00;642.1600;1581.2800;1397.1300;554.7300;2388.0400;9054.7900;47.1200;522.3500;2388.0000;8133.8300;8.4279;392.0000;0.026659;-1.074018;0.002514;Healthy;WO425568;2563.91
2026/07/02;ENG-051;71;2026-01-03 23:00:00;642.1100;1587.7000;1408.6300;554.0900;2388.0900;9046.3200;47.4000;521.6400;2388.0700;8134.1000;8.3984;392.0000;0.015426;-0.569153;0.003852;Healthy;WO270906;2,094.70
2026-07-02;  ENG-059 ;63;2026-01-03 15:00:00;642.1300;1580.7000;1398.5900;555.3700;2388.0200;9055.3800;47.0900;521.8700;2388.0800;8142.1900;8.3913;393.0000;-0.019568;-1.135438;0.022714;Healthy;WO508513;1010.63
2026-07-02;ENG-074;48;2026-01-03 00:00:00;642.4000;1589.3100;1405.3900;554.4100;2388.1100;9059.1600;47.3900;521.4600;2388.0800;8143.6900;8.4337;394.0000;0.057180;-0.217997;0.001145;warning;WO266952;10,947.11
2026/07/02;ENG-003;66;2026-01-03 18:00:00;642.3600;1593.8600;1403.6700;552.9800;2388.0600;9052.3100;47.4300;521.4800;2388.1600;8127.6400;8.4539;393.0000;0.039886;0.063317;0.001646;Healthy;WO473711;1098.56
2026-07-02;ENG-024;68;2026-01-03 20:00:00;642.4800;1584.9600;1399.8100;555.2000;2387.9900;9064.1300;47.1200;521.8900;2387.9800;8148.9000;8.4037;391.0000;0.030119;-2.646248;0.003312;healthy;WO324259;315.58
2026/07/02;ENG-075;34;2026-01-02 10:00:00;642.3100;1578.7300;1398.3200;554.3100;2388.0300;9055.7000;47.3900;521.9700;2388.1000;8144.7900;8.4056;393.0000;0.012728;-0.860752;0.002429;Healthy;WO503677;1858.44
02-Jul-2026;ENG-047;35;2026-01-02 11:00:00;642.7600;1586.8500;1409.7300;553.6000;2388.1100;9048.5400;47.4800;521.2500;2388.1200;8126.3800;8.4133;393.0000;0.008632;-0.001006;0.002860;Healthy;WO296911;2691.93
2026/07/02;ENG-057;91;2026-01-04 19:00:00;642.6300;1588.0800;1407.0500;553.5600;2388.1400;9050.5200;47.5600;521.4500;2388.0900;8132.1000;8.4554;393.0000;0.027664;-0.029033;0.001778;Healthy;WO886004;1,655.08
2026-07-02;ENG-068;86;2026-01-04 14:00:00;642.0700;1589.1600;1405.7900;554.0000;2388.1000;9054.0200;47.4600;521.3200;2388.1100;8137.0900;8.3882;393.0000;0.015463;-0.510791;0.002380;Healthy;WO952318;
2026-07-02;ENG-100;130;2026-01-06 10:00:00;642.0800;1592.1200;1404.3100;553.6300;2388.0200;9074.4300;47.5800;522.0400;2388.0000;8151.6800;8.4060;391.0000;0.074896;-0.722280;0.006385;healthy;WO887692;2,210.35
2026-07-02;ENG-073;55;2026-01-03 07:00:00;642.6700;1582.2800;1399.6200;554.4300;2387.9400;9050.2400;47.1100;521.9600;2388.0600;8138.1300;8.4100;391.0000;0.010607;-0.958794;0.001402;Healthy;WO346849;209.90
2026/07/02;ENG-093;102;2026-01-05 06:00:00;642.4100;1590.4600;1411.5500;552.7600;2388.1100;9062.6100;47.5800;521.5200;2388.0900;8135.1200;8.4165;393.0000;0.068696;0.020473;0.002496;WARNING;WO846364;12,589.47
02-Jul-2026;ENG-070;90;2026-01-04 18:00:00;642.5600;1589.2800;1411.4800;553.1200;2388.1100;9046.2900;47.2600;521.4500;2388.1400;8131.6300;8.4434;392.0000;0.032297;-0.147356;0.001599;Healthy;WO519395;2,718.00
2026-07-02;eng-030;93;2026-01-04 21:00:00;642.7800;1588.9600;1411.8600;553.8200;2388.1000;9051.9800;47.4400;521.3100;2388.1100;8131.7500;8.4233;393.0000;0.016952;0.058264;0.002052;Healthy;WO203166;2,130.28
02-Jul-2026;ENG-085;13;2026-01-01 13:00:00;642.2200;1588.7600;1408.7800;553.0100;2388.1200;9050.8600;47.4900;521.8900;2388.1100;8129.8000;8.4234;394.0000;0.047420;-0.098148;0.000666;healthy;WO157749;1,360.39
2026-07-02;ENG-077;79;2026-01-04 07:00:00;642.7400;1582.9800;1400.0700;554.4100;2388.1000;9055.2700;47.3800;521.2900;2388.0300;8129.7900;8.4270;392.0000;0.013765;-0.447540;0.001582;HEALTHY;WO756890;2492.03
2026/07/02;ENG-068;88;2026-01-04 16:00:00;642.4300;1591.3800;1406.0200;554.1800;2388.1000;9053.8400;47.3100;521.5000;2388.0300;8137.8600;8.4451;392.0000;0.039065;-0.367950;0.002326;Healthy;WO583980;732.08
2026-07-02;ENG-053;85;2026-01-04 13:00:00;642.3100;1592.1700;1393.2000;554.7600;2388.0000;9063.7800;47.4200;521.8600;2388.0400;8144.2400;8.4221;391.0000;0.030781;-0.863437;0.000546;Healthy;WO674151;803.03
2026/07/02;ENG-095;32;2026-01-02 08:00:00;642.4000;1589.9200;1395.5700;554.3000;2388.0300;9042.9200;47.2900;521.7900;2388.0900;8128.4900;8.3715;393.0000;-0.025375;-0.890326;0.017745;healthy;WO921341;2788.59
2026-07-02;eng-091;117;2026-01-05 21:00:00;642.6700;1591.3700;1407.5900;553.1600;2388.1700;9046.8600;47.3500;521.1300;2388.1800;8125.2400;8.4642;392.0000;-0.016658;0.161299;0.004661;Warning;WO449334;8172.38
02-Jul-2026;eng-008;85;2026-01-04 13:00:00;642.7800;1587.9400;1409.3400;553.5300;2388.0700;9045.4300;47.4800;521.8700;2388.1000;8127.5300;8.4353;393.0000;0.041585;-0.210962;;Healthy;WO310608;2,147.47
2026/07/02;ENG-017;84;2026-01-04 12:00:00;642.1800;1587.0700;1404.2500;553.6400;2388.0300;9064.9200;47.2500;521.6300;2387.9900;8153.9500;8.3966;391.0000;0.050139;-0.771489;0.003174;Healthy;WO261019;812.59
2026-07-02;eng-058;112;2026-01-05 16:00:00;642.6100;1586.8700;1403.9700;553.8100;2388.0400;9051.2500;47.4100;521.6100;2388.0400;8137.3700;8.4123;392.0000;0.039287;-0.439598;0.001587;Healthy;WO987734;2215.95
2026-07-02;ENG-089;90;2026-01-04 18:00:00;642.0100;1585.1900;1403.7100;553.8800;2388.0900;9050.1200;47.3300;522.2100;2388.1200;8123.5600;8.4210;394.0000;0.000035;-0.640829;0.008441;Warning;WO267592;11279.10
2026/07/02;ENG-031;116;2026-01-05 20:00:00;642.5900;1587.5900;1416.0100;553.6400;2388.0400;9066.5100;47.4400;521.7300;2388.1300;8152.4800;8.4275;391.0000;0.077140;-0.161609;0.001134;Warning;WO308129;9923.66
2026-07-02;ENG-017;91;2026-01-04 19:00:00;642.5900;1578.9100;1400.8300;554.2200;2387.9800;9078.7700;47.4100;522.0500;2388.0200;8155.7300;8.4095;393.0000;0.058458;-0.820281;0.003670;Healthy;WO980274;1408.16
2026-07-02;ENG-009;27;2026-01-02 03:00:00;642.9200;1586.1400;1409.4000;553.4500;2388.1400;9045.0800;47.3300;521.5900;2388.0800;8130.4000;8.4419;394.0000;0.019431;-0.050965;0.002157;Healthy;WO354969;994.39
2026-07-02;ENG-041;58;2026-01-03 10:00:00;642.0500;1579.3900;1399.8700;553.8800;2388.1000;9042.1000;47.1700;522.4700;2388.0700;8128.7500;8.4037;391.0000;0.007678;-1.042509;0.003294;Healthy;WO279388;2,704.25
02-Jul-2026;ENG-090;69;2026-01-03 21:00:00;642.3600;1595.0300;1404.4100;553.0900;2388.1000;9056.5300;47.3800;522.1300;2388.1000;8132.8600;8.4375;394.0000;0.057499;-0.252397;0.000211;Healthy;WO683307;1945.78
02-Jul-2026;  ENG-055 ;55;2026-01-03 07:00:00;642.4300;1587.0600;1408.8300;554.2800;2387.9700;9056.9100;47.2900;522.2100;2388.0400;8135.5800;8.4517;393.0000;0.034088;-0.661119;0.002043;Healthy;WO407952;1543.44
02-Jul-2026;ENG-003;70;2026-01-03 22:00:00;642.8000;1590.8800;1403.0800;553.5800;2388.1000;9053.7100;47.5000;521.2800;2388.1400;8133.0500;8.4304;393.0000;0.035589;0.025683;0.004042;Warning;WO138878;2258.89
2026-07-02;ENG-053;71;2026-01-03 23:00:00;642.6000;1588.9600;1399.7600;553.6900;2388.0500;9049.0000;47.5200;521.8500;2388.0400;8139.1200;8.4169;391.0000;0.040232;-0.577515;0.001485;Healthy;WO495755;2875.42
2026-07-02;ENG-061;101;2026-01-05 05:00:00;642.4200;1583.4400;1406.9200;553.8700;2388.0000;9064.1500;47.4300;521.6200;2387.9800;8148.1600;8.4038;392.0000;-0.010114;-2.577350;0.002072;Healthy;WO226795;107.86
2026/07/02;  ENG-070 ;85;2026-01-04 13:00:00;642.1600;1584.3100;1395.5600;553.8000;2388.1300;9054.4100;47.6800;521.2800;2388.0500;8132.7200;8.4574;393.0000;0.044560;-0.312783;0.000640;Healthy;WO191784;1,128.65
2026/07/02;eng-002;25;2026-01-02 01:00:00;643.3300;1590.1700;1404.7000;553.2400;2388.0400;9052.5400;47.5200;521.6200;2388.1200;8133.0800;8.4306;392.0000;0.055117;-0.130964;0.002173;Warning;WO547661;12337.01
2026-07-02;ENG-063;64;2026-01-03 16:00:00;643.0000;1589.5000;1403.7700;553.1700;2388.1400;9048.2900;47.7000;521.7300;2388.0900;8122.4100;8.4539;392.0000;0.021179;0.050793;0.001999;healthy;WO435883;2691.32
2026/07/02;ENG-012;100;2026-01-05 04:00:00;641.9500;1577.8800;1400.9400;554.3300;2388.0500;9058.1700;47.4000;522.0800;2388.0400;8141.6800;8.4049;393.0000;0.022779;-0.967313;0.001269;Healthy;WO583924;
02-Jul-2026;ENG-099;55;2026-01-03 07:00:00;642.2000;1587.8200;1395.2900;554.6600;2387.9800;9058.0100;47.0500;522.0500;2388.0000;8140.3200;8.4041;393.0000;0.023105;-1.103063;0.002156;Healthy;WO252452;1661.95
02-Jul-2026;eng-062;81;2026-01-04 09:00:00;641.8400;1580.0600;1397.9500;554.3400;2387.9900;9055.5300;47.1800;522.3400;2387.9800;8134.1500;8.3841;391.0000;0.033253;-1.157922;0.001582;HEALTHY;WO387949;1377.73
2026/07/02;ENG-074;82;2026-01-04 10:00:00;642.3200;1587.2400;1410.7300;553.3500;2388.0600;9064.5100;47.4600;521.5600;2388.0600;8136.5400;8.4065;393.0000;0.062231;-0.198262;;Healthy;WO997281;
02-Jul-2026;ENG-093;140;2026-01-06 20:00:00;642.7000;1591.4600;1409.1000;552.6000;2388.1200;9063.4600;47.7600;521.2000;2388.0900;8136.0200;8.4360;393.0000;0.041815;0.265731;0.000299;Healthy;WO567697;318.83
2026-07-02;ENG-032;90;2026-01-04 18:00:00;642.5000;1583.1700;1400.0000;554.5700;2388.0100;9071.7900;47.3000;522.8300;2388.0100;8154.7100;8.3999;392.0000;0.063860;-1.078887;0.003010;Healthy;WO414887;970.11
2026-07-02;  ENG-011 ;45;2026-01-02 21:00:00;643.1300;1588.8600;1408.2700;553.0000;2388.1500;9041.1600;47.5200;521.0100;2388.1200;8118.0200;8.4002;393.0000;-0.022295;0.066322;0.001214;Healthy;WO648880;
02-Jul-2026;ENG-022;26;2026-01-02 02:00:00;642.6600;1583.5900;1407.0700;553.6300;2388.1400;9042.1200;47.5000;521.4600;2388.1100;8131.2900;8.4132;392.0000;0.019825;-0.291851;0.003225;Healthy;WO528801;2,162.19
2026-07-02;ENG-062;94;2026-01-04 22:00:00;641.7600;1581.2800;1400.8500;553.9600;2388.0200;9064.8900;47.0700;522.2900;2388.0000;8142.8900;8.3701;392.0000;-0.045437;-2.504579;0.021694;Healthy;WO108222;2201.23
2026-07-02;ENG-010;91;2026-01-04 19:00:00;642.4800;1589.5100;1403.3000;553.8700;2388.0300;9050.1300;47.2200;522.7700;2388.0500;8145.4100;8.4090;392.0000;0.041164;-0.911700;0.000244;Healthy;WO222623;90.64
02-Jul-2026;ENG-002;33;2026-01-02 09:00:00;642.5300;1592.5800;1405.0600;553.8500;2388.0900;9048.9500;47.4900;521.4100;2388.0600;8127.1300;8.4163;395.0000;0.044651;-0.166897;0.002908;Healthy;WO151069;1712.47
2026/07/02;ENG-019;68;2026-01-03 20:00:00;642.2100;1578.5100;1397.0100;554.1500;2387.9800;9052.9300;47.3300;522.7000;2388.0000;8137.8800;8.3659;390.0000;0.057326;-1.245470;0.002930;Healthy;WO106650;2846.17
2026/07/02;ENG-080;72;2026-01-04 00:00:00;642.7700;1587.6600;1410.4400;553.9100;2388.0100;9063.8500;47.4100;521.5100;2388.0200;8142.1900;8.4207;393.0000;0.066096;-0.302655;0.001669;Healthy;WO328416;2,063.00
2026/07/02;ENG-008;60;2026-01-03 12:00:00;642.4600;1588.5300;1404.4600;553.4700;2388.1400;9040.1500;47.4400;521.9700;2388.0700;8131.0200;8.4404;393.0000;0.037925;-0.275184;0.001088;Healthy;WO970980;2309.08
02-Jul-2026;ENG-099;36;2026-01-02 12:00:00;642.0800;1584.8700;1393.0500;554.7100;2388.0500;9064.6600;47.1800;522.1900;2387.9500;8144.2400;8.4088;392.0000;0.055549;-1.171246;0.001794;Healthy;WO640150;1400.27
02-Jul-2026;ENG-091;134;2026-01-06 14:00:00;642.4300;1591.3100;1414.3700;552.8900;2388.1800;9049.4900;47.7500;520.7400;2388.1500;8129.6400;8.4174;394.0000;-0.032774;0.317390;0.002073;Healthy;WO388131;498.83
2026-07-02;eng-090;87;2026-01-04 15:00:00;642.4700;1582.0800;1407.0800;553.7500;2388.1500;9064.0500;47.6400;521.7300;2388.1200;8141.2200;8.4330;391.0000;0.059937;-0.209970;0.000887;Healthy;WO771131;337.24
02-Jul-2026;ENG-066;62;2026-01-03 14:00:00;642.4900;1588.0400;1402.9900;554.3800;2388.1000;9068.7600;47.6400;521.6500;2388.0900;8152.5100;8.4518;394.0000;0.080577;-0.167583;0.001222;Healthy;WO341486;427.85
2026/07/02;ENG-034;73;2026-01-04 01:00:00;642.0900;1584.9200;1397.3200;554.5300;2388.0200;9068.8500;47.0800;521.7700;2388.0300;8148.9400;8.3948;391.0000;0.027150;-1.124474;0.000345;Healthy;WO628785;1167.26
02-Jul-2026;  ENG-052 ;83;2026-01-04 11:00:00;642.2400;1574.3300;1395.3400;554.4400;2388.0200;9051.3200;47.1100;522.3500;2388.0000;8139.5600;8.3817;392.0000;0.050202;-1.262000;0.004129;HEALTHY;WO506539;537.25
02-Jul-2026;eng-098;71;2026-01-03 23:00:00;642.6300;1585.2000;1407.4700;553.2800;2388.0700;9062.4100;47.4600;520.9000;2388.0600;8141.2400;8.4490;394.0000;0.066962;-0.003543;0.002137;Healthy;WO188403;2,051.93
2026-07-02;  ENG-012 ;109;2026-01-05 13:00:00;642.3900;1584.5500;1398.2700;554.9100;2388.0300;9055.4700;47.2500;522.0600;2388.0000;8141.0800;8.3997;392.0000;0.027722;-1.005305;0.001794;Healthy;WO374424;711.73
2026-07-02;ENG-064;66;2026-01-03 18:00:00;642.7000;1585.1000;1406.7600;552.7400;2388.0700;9061.8400;47.5100;521.9900;2388.0800;8136.6200;8.4245;392.0000;0.058525;-0.352705;0.000598;Healthy;WO177495;
02-Jul-2026;ENG-032;69;2026-01-03 21:00:00;642.1900;1579.0700;1399.4800;555.0000;2388.0000;9074.9100;47.1500;522.0200;2388.0100;8152.0500;8.3722;390.0000;-0.029138;-2.591956;0.001544;Healthy;WO676581;1467.25
2026-07-02;ENG-063;90;2026-01-04 18:00:00;643.0600;1588.9400;1414.0000;554.5700;2388.1600;9050.9700;47.4600;521.1500;2388.0800;8123.6400;8.4084;394.0000;-0.014637;-0.014199;0.005426;Healthy;WO258468;2686.60
02-Jul-2026;ENG-069;24;2026-01-02 00:00:00;642.8500;1585.5400;1403.0400;552.6000;2388.1100;9054.0100;47.2100;521.2500;2388.0400;8125.3800;8.4159;391.0000;0.020690;-0.377384;0.001196;Healthy;WO867603;1439.47
2026/07/02;ENG-059;53;2026-01-03 05:00:00;641.7100;1587.8300;1396.4700;554.1100;2388.0100;9052.7300;47.0800;522.2600;2388.0000;8137.7600;8.4104;391.0000;0.035404;-1.127249;0.000000;Healthy;WO872321;1,537.10
2026/07/02;ENG-041;77;2026-01-04 05:00:00;642.3500;1580.1900;1396.4200;554.0500;2388.0900;9050.0800;47.3500;521.8000;2388.0600;8131.4200;8.3948;392.0000;-0.012465;-0.831857;0.006524;healthy;WO942300;2,977.42
2026-07-02;ENG-061;103;2026-01-05 07:00:00;642.4600;1590.3200;1404.6500;554.1100;2388.1200;9061.1500;47.3100;521.8800;2388.0500;8149.7600;8.4199;392.0000;0.048868;-0.503479;0.002478;Healthy;WO143018;2524.48
2026/07/02;  ENG-017 ;62;2026-01-03 14:00:00;642.4300;1585.0500;1409.5200;554.8500;2388.0300;9069.2800;47.1400;522.4700;2388.0300;8152.2200;8.3894;390.0000;0.038282;-1.109739;0.002652;HEALTHY;WO786663;119.62
02-Jul-2026;ENG-091;139;2026-01-06 19:00:00;643.3800;1600.3800;1411.2000;552.5600;2388.1600;9060.9100;47.7100;521.0400;2388.1500;8131.5100;8.4876;394.0000;-0.009478;0.648138;0.003670;Warning;WO170767;5,542.86
2026-07-02;ENG-055;74;2026-01-04 02:00:00;642.0200;1581.5100;1405.2600;554.3900;2388.0300;9063.9100;47.3100;522.1800;2388.0700;8139.3200;8.4185;393.0000;0.021084;-0.744119;0.002316;Healthy;WO105033;781.65
2026/07/02;ENG-077;87;2026-01-04 15:00:00;642.9300;1583.3400;1401.8500;554.1900;2388.0800;9053.0500;47.6700;521.8500;2388.0500;8137.1100;8.4180;393.0000;0.048173;-0.355818;0.001549;Healthy;WO291241;817.65
2026/07/02;  ENG-093 ;85;2026-01-04 13:00:00;642.7700;1579.2400;1408.9000;552.9200;2388.1000;9064.0700;47.7100;521.1700;2388.1000;8140.1800;8.4214;393.0000;0.031395;0.214900;0.004383;Healthy;WO517064;2335.46
2026-07-02;ENG-082;100;2026-01-05 04:00:00;642.6300;1587.8600;1411.6000;553.7000;2388.0600;9064.2000;47.6500;521.9200;2388.1000;8141.5400;8.4578;393.0000;0.078161;-0.200075;0.001172;Healthy;WO157663;2,320.89
02-Jul-2026;ENG-056;56;2026-01-03 08:00:00;642.7400;1588.7200;1405.7900;552.4100;2388.1200;9053.0300;47.5600;520.7900;2388.1100;8123.9900;8.4592;394.0000;-0.015932;0.354241;0.000691;Healthy;WO722801;1599.43
2026-07-02;eng-062;117;2026-01-05 21:00:00;642.1600;1583.1300;1399.3400;554.3900;2388.0400;9055.9800;46.9100;522.2400;2388.0300;8137.7900;8.3891;391.0000;0.025713;-1.205934;0.001036;Healthy;WO409594;2,192.38
2026/07/02;ENG-061;86;2026-01-04 14:00:00;642.3000;1589.1200;1404.6300;554.3100;2387.9800;9067.8600;47.4300;522.4100;2388.0300;8153.3100;8.4402;393.0000;0.062959;-0.822084;;Healthy;WO667628;1,441.01
2026/07/02;  ENG-080 ;54;2026-01-03 06:00:00;643.0700;1583.6100;1409.0200;554.1500;2388.0600;9061.4100;47.2500;521.1400;2388.0400;8140.6700;8.4310;394.0000;0.048704;-0.148693;0.000650;Healthy;WO246464;2104.72
2026/07/02;ENG-013;99;2026-01-05 03:00:00;642.2800;1583.9400;1390.3400;553.7800;2388.1000;9057.9000;47.3800;522.3600;2387.9900;8144.8300;8.3928;392.0000;0.067068;-1.075873;0.003069;Healthy;WO468057;1,248.55
02-Jul-2026;ENG-069;20;2026-01-01 20:00:00;642.6200;1596.1000;1402.8700;554.1500;2388.2000;9037.8600;47.5300;521.6800;2388.1100;8125.3600;8.4405;391.0000;0.020638;-0.203365;0.002083;Healthy;WO339818;
02-Jul-2026;ENG-028;55;2026-01-03 07:00:00;642.8200;1594.2600;1401.1600;553.6700;2388.1200;9048.6200;47.4200;522.2200;2388.1100;8130.4100;8.4184;393.0000;0.038971;-0.211625;0.001787;Healthy;WO233743;1,118.81
2026/07/02;ENG-057;72;2026-01-04 00:00:00;642.4300;1585.6200;1406.3500;553.1600;2388.1400;9045.2000;47.4000;521.7800;2388.1600;8129.7300;8.4273;395.0000;0.025891;-0.135796;0.002591;Healthy;WO169002;1248.32
02-Jul-2026;  ENG-062 ;153;2026-01-07 09:00:00;642.3300;1589.0700;1403.5300;553.6700;2388.0400;9066.0700;47.2600;522.1400;2387.9600;8143.8600;8.4112;391.0000;0.058114;-0.832308;0.002502;Healthy;WO425368;
2026-07-02;ENG-012;110;2026-01-05 14:00:00;642.2900;1584.4300;1401.5500;553.8300;2387.9700;9057.2700;47.3200;522.3600;2388.0400;8133.0200;8.4001;393.0000;0.026837;-2.671590;0.004257;Healthy;WO743177;873.28
02-Jul-2026;ENG-066;74;2026-01-04 02:00:00;643.1700;1595.9900;1402.2000;552.8100;2388.1300;9063.9600;47.4100;521.4100;2388.0900;8149.0300;8.4288;392.0000;0.092097;0.158609;0.004980;Healthy;WO978865;1,680.93
2026-07-02;eng-044;31;2026-01-02 07:00:00;642.7300;1595.7200;1398.4600;553.5700;2388.0600;9058.0900;47.3900;521.5900;2388.0900;8130.2200;8.3855;393.0000;0.052705;-0.315444;0.001359;Healthy;WO764271;234.69
2026-07-02;ENG-063;104;2026-01-05 08:00:00;642.4800;1587.5500;1404.6100;553.5400;2388.0900;9052.9700;47.4400;521.2300;2388.1600;8129.9700;8.4534;394.0000;0.014233;0.073608;0.001051;Healthy;WO548415;1,341.87
2026/07/02;ENG-041;74;2026-01-04 02:00:00;642.4200;1596.7900;1404.6200;553.7000;2388.0400;9047.6800;47.2600;521.6700;2388.0600;8131.6800;8.4430;392.0000;0.029012;-0.535633;0.002658;Healthy;WO972661;2747.66
2026/07/02;eng-061;64;2026-01-03 16:00:00;642.2500;1592.6500;1398.6800;553.5500;2388.0500;9069.5600;47.3900;522.0200;2387.9900;8147.3500;8.4189;392.0000;0.065731;-0.663469;0.003112;Healthy;WO529233;1,426.16
2026-07-02;ENG-062;109;2026-01-05 13:00:00;642.6800;1582.1500;1394.8500;554.7700;2388.0100;9055.2400;47.1900;522.1100;2388.0400;8144.1800;8.4000;393.0000;0.016442;-1.003475;0.002100;HEALTHY;WO715829;1256.66
02-Jul-2026;ENG-052;103;2026-01-05 07:00:00;642.1500;1578.3900;1399.5000;555.1200;2388.0100;9067.7600;47.1300;522.6700;2388.0200;8143.2000;8.4113;391.0000;0.041552;-1.287582;0.003069;Healthy;WO848748;1728.87
2026-07-02;ENG-019;88;2026-01-04 16:00:00;642.6900;1585.9400;1396.2900;554.1500;2388.0700;9058.8900;47.3700;522.3500;2388.0200;8136.5200;8.3831;391.0000;0.031111;-0.872490;0.000913;Healthy;WO915460;1077.24
2026-07-02;  ENG-061 ;83;2026-01-04 11:00:00;642.3600;1580.4800;1412.5600;554.7500;2388.0800;9062.7200;47.2200;521.8700;2387.9900;8149.0600;8.3910;393.0000;0.023100;-0.646657;0.001726;Healthy;WO173732;
02-Jul-2026;ENG-019;62;2026-01-03 14:00:00;642.4300;1583.6300;1400.6500;554.2100;2388.0100;9060.6800;47.0800;522.6000;2388.0800;8141.0700;8.3953;391.0000;0.022564;-1.079836;0.000488;Healthy;WO590381;2725.25
2026-07-02;ENG-069;36;2026-01-02 12:00:00;642.2600;1584.5300;1403.4100;553.7800;2388.0600;9050.1700;47.2800;521.3700;2388.1000;8130.7000;8.4043;392.0000;0.003038;-0.571984;0.006724;Healthy;WO528373;2,583.62
02-Jul-2026;  ENG-011 ;40;2026-01-02 16:00:00;643.0400;1585.8900;1408.3900;552.9300;2388.1600;9040.4500;47.5300;521.4900;2388.1300;8119.9700;8.4284;394.0000;-0.039162;0.208622;0.002845;Warning;WO850491;2,242.43
2026-07-02;eng-098;65;2026-01-03 17:00:00;642.5600;1578.5100;1408.6100;554.0300;2388.0500;9054.7500;47.5500;521.3500;2388.0600;8139.0300;8.4261;391.0000;0.032736;-0.454258;0.001315;Healthy;WO898955;2,855.56
02-Jul-2026;ENG-094;48;2026-01-03 00:00:00;642.8600;1587.6800;1408.2400;553.1300;2388.1000;9055.5500;47.4900;521.7000;2388.0400;8140.6900;8.3975;393.0000;0.058734;-0.270970;0.002394;healthy;WO344574;2854.66
2026/07/02;ENG-081;79;2026-01-04 07:00:00;642.4600;1589.9000;1399.1600;553.8600;2388.0300;9065.6900;47.3500;521.8900;2388.0600;8147.8100;8.4273;391.0000;0.044083;-0.793276;0.001505;Healthy;WO767725;630.98
02-Jul-2026;ENG-057;57;2026-01-03 09:00:00;642.7200;1590.0900;1406.8800;553.0500;2388.1300;9053.1600;47.4700;521.4000;2388.1400;8125.4100;8.4435;394.0000;0.020966;0.019335;0.002334;Healthy;WO281111;67.15
02-Jul-2026;ENG-069;26;2026-01-02 02:00:00;642.6800;1594.1800;1401.6900;553.0600;2388.0600;9050.2400;47.3300;521.7200;2388.0400;8134.0500;8.4626;391.0000;0.051605;-0.416076;0.000752;healthy;WO578561;2205.57
02-Jul-2026;ENG-027;79;2026-01-04 07:00:00;642.1700;1583.8400;1397.9200;554.4100;2388.0500;9052.5900;47.2700;521.9100;2388.0800;8129.2200;8.3952;391.0000;-0.004186;-1.028206;0.001465;Healthy;WO793779;2,730.30
2026-07-02;ENG-010;65;2026-01-03 17:00:00;642.1600;1584.7000;1389.9700;554.6800;2388.0500;9064.0900;47.2300;522.2800;2388.0600;8149.0900;8.3703;393.0000;0.026820;-1.088258;0.001245;Healthy;WO678845;2119.60
2026-07-02;  ENG-014 ;26;2026-01-02 02:00:00;642.9100;1590.3800;1408.8500;552.8600;2388.1100;9044.5200;47.6300;521.0000;2388.1600;8119.6300;8.4616;393.0000;-0.020248;0.229190;0.004572;Healthy;WO122161;630.20
2026/07/02;ENG-009;32;2026-01-02 08:00:00;642.8700;1585.1500;1407.4400;553.7800;2388.0900;9057.5700;47.4700;521.9200;2388.0800;8129.7200;8.4309;392.0000;0.043663;-0.292364;0.000286;WARNING;WO341292;14,122.81
2026-07-02;eng-037;52;2026-01-03 04:00:00;642.4200;1589.2000;1400.2600;554.5000;2388.0700;9054.5500;47.2400;522.0700;2387.9800;8132.8400;8.4224;391.0000;0.029531;-0.901692;0.001485;Healthy;WO494483;1922.56
2026/07/02;ENG-031;70;2026-01-03 22:00:00;642.7200;1582.6000;1402.5400;554.5100;2388.0400;9069.1000;47.4300;521.8300;2388.0300;8145.5500;8.4307;393.0000;0.047851;-0.530798;0.000457;Healthy;WO242260;1431.57
02-Jul-2026;ENG-093;130;2026-01-06 10:00:00;642.3600;1601.2700;1415.3100;552.6200;2388.0900;9055.0400;47.7200;521.2400;2388.1100;8137.6600;8.4478;392.0000;0.044141;0.270789;0.004246;Healthy;WO632988;1482.75
02-Jul-2026;ENG-034;127;2026-01-06 07:00:00;642.3700;1586.2000;1402.1400;554.1600;2388.0400;9067.8900;47.3200;521.9600;2388.0200;8136.8300;8.4104;393.0000;0.039950;-0.628534;0.001883;Healthy;WO643036;1,155.95
2026/07/02;ENG-090;66;2026-01-03 18:00:00;642.3900;1585.9200;1405.3000;553.4800;2388.0400;9064.7400;47.4100;521.2700;2388.0700;8132.6200;8.4356;392.0000;0.053102;-0.248445;0.000893;Healthy;WO864101;280.22
02-Jul-2026;  ENG-084 ;80;2026-01-04 08:00:00;642.6600;1587.6900;1403.6200;554.0800;2388.1000;9063.2000;47.5000;521.4800;2388.0700;8132.0600;8.4389;392.0000;0.047159;-0.313477;0.002086;Healthy;WO706049;2,580.11
2026/07/02;ENG-010;127;2026-01-06 07:00:00;642.4400;1581.7800;1400.0000;554.3500;2388.0300;9056.0400;47.3100;521.8400;2388.0000;8151.3300;8.4055;394.0000;0.034515;-0.713819;0.001359;Healthy;WO405576;1862.50
2026-07-02;ENG-004;47;2026-01-02 23:00:00;642.6200;1584.9800;1417.6500;553.2400;2388.1300;9050.6200;47.5200;521.1400;2388.1000;8128.9300;8.4297;394.0000;0.001948;0.094836;0.001212;Healthy;WO554145;756.65
2026-07-02;ENG-070;92;2026-01-04 20:00:00;642.2800;1587.8800;1409.0500;553.1300;2388.0700;9048.0100;47.3400;521.7500;2388.1000;8124.3400;8.4372;392.0000;0.038323;-0.242540;0.001110;healthy;WO297259;1,704.40
02-Jul-2026;eng-012;136;2026-01-06 16:00:00;642.4900;1588.8300;1397.3300;553.9800;2387.9900;9060.2300;47.4400;522.1300;2387.9800;8144.2600;8.3999;392.0000;0.049650;-0.900414;0.002128;Healthy;WO102291;1,745.30
2026/07/02;ENG-026;36;2026-01-02 12:00:00;642.2700;1584.1300;1399.6500;553.9200;2388.0400;9062.2400;47.1800;522.2500;2388.0000;8145.9900;8.3838;393.0000;0.044427;-0.987447;0.001794;Healthy;WO632230;1585.20
2026/07/02;ENG-063;66;2026-01-03 18:00:00;642.8300;1589.4400;1404.7100;553.5600;2388.0900;9057.5000;47.5400;521.8700;2388.0200;8130.4500;8.4292;393.0000;0.059508;-0.219307;0.001501;WARNING;WO493578;7,564.96
2026/07/02;  ENG-038 ;60;2026-01-03 12:00:00;643.0500;1589.4900;1412.8500;553.3100;2388.1600;9053.6500;47.5300;521.3200;2388.1500;8136.6700;8.4340;393.0000;0.016430;0.198029;0.002275;Healthy;WO484852;663.41
02-Jul-2026;ENG-024;96;2026-01-05 00:00:00;641.8200;1591.4900;1395.8300;553.9500;2388.0100;9073.7700;47.1700;522.4300;2387.9800;8156.9700;8.4249;391.0000;0.074932;-1.137373;0.003127;Healthy;WO507532;845.13
02-Jul-2026;ENG-075;36;2026-01-02 12:00:00;642.2400;1585.6700;1400.2800;553.6700;2388.0400;9057.4400;47.2700;521.5900;2388.0000;8138.2200;8.4124;393.0000;0.029311;-0.792399;0.001269;Healthy;WO406475;1,895.65
02-Jul-2026;ENG-042;77;2026-01-04 05:00:00;642.0200;1587.0200;1403.6500;553.9000;2388.0800;9045.1800;47.2800;522.5600;2388.1100;8131.6500;8.4422;393.0000;0.024050;-0.540490;0.001802;healthy;WO311804;1373.04
02-Jul-2026;ENG-082;86;2026-01-04 14:00:00;642.5700;1587.9700;1399.9000;553.5500;2388.0600;9063.6300;47.2900;522.0800;2388.0400;8141.9300;8.4502;394.0000;0.049088;-0.493033;0.001480;healthy;WO751856;468.10
2026/07/02;ENG-027;92;2026-01-04 20:00:00;642.4400;1579.9300;1396.0300;554.7500;2388.0400;9048.4900;47.3400;521.8100;2388.0700;8134.0800;8.4257;392.0000;-0.009716;-0.877505;0.005819;Healthy;WO576345;
2026-07-02;ENG-062;155;2026-01-07 11:00:00;642.1300;1587.5600;1397.7200;554.1100;2387.9800;9060.3300;47.1400;522.3400;2387.9800;8146.5700;8.4042;393.0000;0.049471;-1.063226;0.001544;Healthy;WO131408;195.89
02-Jul-2026;ENG-068;87;2026-01-04 15:00:00;642.8500;1583.3400;1404.7400;554.1400;2388.0600;9064.3900;47.2600;521.8000;2388.0800;8137.9500;8.4047;394.0000;0.023251;-0.557441;0.001292;Healthy;WO159605;2131.15
2026/07/02;ENG-007;102;2026-01-05 06:00:00;642.1300;1587.7100;1393.9500;554.3600;2388.0400;9053.4600;47.2500;521.7300;2388.0100;8144.8100;8.3729;392.0000;0.025136;-1.012564;0.000345;Healthy;WO447315;1896.27
02-Jul-2026;ENG-063;85;2026-01-04 13:00:00;642.4500;1580.7100;1395.4900;553.6500;2388.1200;9058.0200;47.5400;521.5200;2388.0800;8129.8700;8.4503;394.0000;0.038634;-0.266144;0.002318;HEALTHY;WO553663;308.28
2026/07/02;ENG-011;33;2026-01-02 09:00:00;641.9500;1590.2400;1408.6300;553.5000;2388.1900;9036.8600;47.4900;521.0300;2388.1600;8117.9100;8.4222;392.0000;-0.037054;-0.054855;0.018845;Healthy;WO316418;1476.81
02-Jul-2026;ENG-052;114;2026-01-05 18:00:00;642.1000;1587.5800;1404.7400;553.9200;2387.9800;9058.7200;47.1900;522.3000;2387.9800;8144.2700;8.4062;392.0000;0.053461;-0.941418;0.001709;Healthy;WO306416;108.70
2026-07-02;ENG-095;48;2026-01-03 00:00:00;642.1600;1589.3000;1401.5200;554.0100;2388.0800;9042.0500;47.3400;521.5500;2388.0500;8128.5500;8.4103;392.0000;0.000552;-0.641579;0.008429;Warning;WO330857;11,320.13
2026-07-02;ENG-022;25;2026-01-02 01:00:00;642.4200;1591.2000;1404.0300;553.8300;2388.0800;9051.0200;47.4000;521.9200;2388.1500;8130.7200;8.4266;392.0000;0.016039;-0.403043;0.001619;Healthy;WO533220;1844.44
02-Jul-2026;ENG-016;46;2026-01-02 22:00:00;642.5900;1585.0800;1400.0700;554.8100;2388.0500;9050.4500;47.2000;522.1100;2388.0600;8131.8500;8.4179;393.0000;0.000440;-0.824605;0.001171;Healthy;WO795127;1525.69
2026-07-02;ENG-061;69;2026-01-03 21:00:00;641.8100;1587.9300;1396.9200;553.8600;2388.0000;9066.1900;47.5400;522.3100;2387.9800;8151.4500;8.4073;392.0000;0.045530;-2.641594;0.003383;Healthy;WO721115;1,215.64
02-Jul-2026;ENG-006;59;2026-01-03 11:00:00;642.7700;1583.0400;1405.3700;553.1000;2388.0800;9050.7200;47.4900;521.4600;2388.0600;8134.5600;8.4492;392.0000;0.049619;-0.209950;0.002833;Healthy;WO787849;
02-Jul-2026;ENG-054;52;2026-01-03 04:00:00;641.8500;1587.3700;1399.8800;554.4200;2388.0600;9056.5400;47.1600;522.5600;2387.9500;8138.5700;8.4288;391.0000;0.063510;-1.103436;;Healthy;WO309514;1,265.60
02-Jul-2026;ENG-079;55;2026-01-03 07:00:00;642.6900;1590.9600;1400.5000;553.9700;2388.0700;9048.8800;47.4800;521.6300;2388.0700;8135.8600;8.4168;391.0000;0.041153;-0.395938;0.000622;HEALTHY;WO441988;2117.83
2026-07-02;ENG-045;63;2026-01-03 15:00:00;642.6700;1584.0600;1406.5800;553.3000;2388.1300;9063.1500;47.4700;521.5400;2388.1100;8145.8500;8.4305;393.0000;0.059759;-0.202803;0.001483;Healthy;WO522219;125.62
2026-07-02;ENG-008;80;2026-01-04 08:00:00;642.8500;1588.7000;1407.4900;553.5300;2388.0900;9044.1800;47.4800;521.4800;2388.1100;8132.0700;8.4010;391.0000;0.025076;-0.307010;0.003998;Healthy;WO284400;710.79
2026-07-02;ENG-087;24;2026-01-02 00:00:00;642.2300;1581.5100;1403.1100;554.2200;2388.0500;9069.9800;47.1800;522.1000;2387.9900;8143.4200;8.3777;393.0000;-0.000581;-2.628808;0.002762;Healthy;WO860652;201.13
2026-07-02;ENG-031;127;2026-01-06 07:00:00;642.5300;1593.6700;1409.2500;553.4800;2388.1000;9077.4100;47.3200;520.9600;2388.1100;8147.3800;8.4169;392.0000;0.067355;-0.166815;0.000876;Healthy;WO783996;2,582.95
2026-07-02;ENG-049;189;2026-01-08 21:00:00;642.6300;1585.1700;1395.6300;554.2600;2388.0800;9056.7900;47.2900;521.4100;2388.0500;8143.0600;8.4282;391.0000;0.013328;-0.762024;0.002342;Healthy;WO457502;2525.22
2026/07/02;eng-099;49;2026-01-03 01:00:00;641.8500;1581.2900;1394.1600;553.9800;2388.0100;9061.0400;47.0800;523.0400;2388.0000;8147.1100;8.3953;391.0000;0.061481;-1.300435;0.004931;HEALTHY;WO294576;476.27
02-Jul-2026;ENG-056;64;2026-01-03 16:00:00;642.1500;1582.9800;1404.5400;553.1400;2388.1200;9047.7300;47.6600;520.6700;2388.1100;8123.2300;8.4718;392.0000;-0.016526;0.093289;0.002451;Healthy;WO120377;
2026-07-02;  ENG-019 ;81;2026-01-04 09:00:00;642.2400;1580.9900;1398.7500;554.0800;2388.0500;9066.2900;47.1400;522.2500;2388.0300;8143.8000;8.4268;392.0000;0.044917;-0.962706;0.002826;Healthy;WO765788;1282.69
2026/07/02;ENG-093;95;2026-01-04 23:00:00;642.8900;1591.6900;1410.8900;553.1800;2388.0300;9061.9600;47.5600;521.2500;2388.1000;8145.1900;8.4364;391.0000;0.088860;0.078823;0.002947;Warning;WO439786;9235.72
2026/07/02;ENG-031;124;2026-01-06 04:00:00;641.9500;1585.5200;1406.7900;552.9000;2388.0900;9063.1400;47.4000;521.2600;2388.0600;8150.7900;8.4208;393.0000;0.068387;-0.318149;;Healthy;WO423498;2,540.27
2026/07/02;ENG-077;84;2026-01-04 12:00:00;642.7400;1588.7200;1399.5800;553.5500;2388.1200;9053.1100;47.4300;521.7800;2388.0300;8135.3200;8.3904;393.0000;0.044762;-0.417730;0.001392;Healthy;WO885649;1,362.46
2026-07-02;eng-052;87;2026-01-04 15:00:00;642.4800;1582.1700;1392.0000;554.2400;2388.0100;9061.5800;47.3200;522.2100;2388.0200;8137.3900;8.4013;392.0000;0.040974;-1.108526;0.000345;Healthy;WO319007;2953.92
2026-07-02;eng-005;66;2026-01-03 18:00:00;642.7900;1595.7000;1415.0700;553.4200;2388.0800;9051.4600;47.4300;521.3600;2388.1200;8135.8200;8.4331;392.0000;0.051280;0.020651;0.003224;Healthy;WO577870;649.45
2026-07-02;ENG-024;116;2026-01-05 20:00:00;642.4200;1596.3800;1405.3500;553.8600;2388.0200;9076.0800;47.2800;522.2200;2387.9800;8158.4900;8.4119;391.0000;0.078089;-0.763787;0.011683;Healthy;WO727749;
2026/07/02;ENG-049;107;2026-01-05 11:00:00;641.8200;1588.2100;1398.1000;554.5000;2388.0100;9063.1600;47.2100;521.9900;2388.0000;8144.5100;8.3893;392.0000;0.038418;-1.114746;0.002290;Healthy;WO696620;1730.03
2026/07/02;  ENG-045 ;85;2026-01-04 13:00:00;642.5400;1588.7900;1406.5200;553.4300;2388.1100;9065.2800;47.5800;521.4700;2388.1000;8144.0200;8.4165;393.0000;0.073538;-0.076600;0.000891;Healthy;WO144987;515.60
2026-07-02;ENG-049;162;2026-01-07 18:00:00;641.9200;1590.5200;1398.4800;554.6900;2387.9600;9064.0600;47.3300;522.5000;2388.0400;8142.0700;8.4144;393.0000;0.035786;-0.993247;0.001269;Healthy;WO148206;1538.81
02-Jul-2026;ENG-046;98;2026-01-05 02:00:00;642.2600;1593.9900;1407.0000;553.7800;2388.0300;9071.3100;47.5900;520.6300;2388.0000;8155.3400;8.4316;392.0000;0.099614;-0.080617;0.001848;Healthy;WO672821;2843.65
2026-07-02;ENG-086;71;2026-01-03 23:00:00;642.7500;1587.3100;1397.0400;554.8900;2388.0500;9062.0100;47.4900;521.9200;2388.0800;8141.4400;8.4249;392.0000;0.032876;-0.613597;0.001465;Warning;WO427174;21904.67
2026-07-02;ENG-056;70;2026-01-03 22:00:00;642.5100;1591.5700;1420.0200;553.1500;2388.1200;9044.5800;47.5800;521.4100;2388.1500;8123.4500;8.4366;393.0000;-0.029809;0.310022;0.003765;Healthy;WO327637;2929.66
2026-07-02;ENG-060;92;2026-01-04 20:00:00;641.4400;1587.6300;1402.6800;552.8400;2388.0800;9053.6900;47.4500;521.2800;2388.1000;8133.7700;8.4493;391.0000;0.036964;-0.504445;0.002057;Healthy;WO630196;623.83
2026-07-02;  ENG-084 ;73;2026-01-04 01:00:00;642.8000;1580.3100;1412.4300;553.5900;2388.1000;9057.3300;47.3400;521.6200;2388.0500;8142.0300;8.4559;391.0000;0.054749;-0.195172;0.000228;Healthy;WO903357;2432.32
2026/07/02;ENG-064;63;2026-01-03 15:00:00;642.9300;1586.6700;1393.1500;554.9700;2388.0800;9060.2400;47.5300;521.8900;2388.0700;8140.4300;8.4469;393.0000;0.041562;-0.441663;0.000423;Healthy;WO231872;2291.11
2026/07/02;ENG-090;52;2026-01-03 04:00:00;642.1900;1590.1200;1407.3900;554.1100;2388.0900;9053.7300;47.4900;522.1000;2388.0500;8140.4700;8.3835;394.0000;0.053905;-0.353592;0.001343;Healthy;WO944228;2,631.18
2026-07-02;ENG-040;58;2026-01-03 10:00:00;642.9400;1595.1800;1411.4800;553.5300;2388.0900;9061.6100;47.7500;521.1800;2388.1100;8132.8200;8.4492;393.0000;0.022907;0.364934;0.001402;Healthy;WO319925;1,149.83
02-Jul-2026;ENG-003;53;2026-01-03 05:00:00;642.5300;1588.8600;1409.8800;553.2400;2388.1300;9046.6400;47.6000;521.2500;2388.1300;8126.8300;8.4125;393.0000;-0.000300;0.045009;0.002770;Healthy;WO551103;
02-Jul-2026;  ENG-044 ;32;2026-01-02 08:00:00;642.2000;1593.3500;1409.3200;553.9400;2388.0500;9054.4000;47.4300;521.5300;2388.0600;8131.6200;8.4459;393.0000;0.046001;-0.265878;0.002019;Healthy;WO966517;2542.87
2026-07-02;  ENG-019 ;84;2026-01-04 12:00:00;641.9200;1587.4800;1392.6100;553.8200;2388.0200;9069.6900;47.2500;522.2700;2388.0600;8146.2400;8.4054;393.0000;-0.041997;-2.618114;0.001691;Healthy;WO980649;2571.86
2026/07/02;eng-018;64;2026-01-03 16:00:00;642.5700;1587.1600;1401.2400;553.9900;2388.0700;9067.9000;47.3100;522.1400;2388.0500;8149.2700;8.4102;392.0000;-0.049690;-2.665940;0.008950;healthy;WO253955;2853.90
2026-07-02;  ENG-050 ;30;2026-01-02 06:00:00;642.0900;1582.9100;1401.1300;554.7500;2387.9900;9061.8300;47.4000;522.2700;2388.0900;8144.1100;8.4225;391.0000;-0.012158;-2.722392;0.003967;Healthy;WO246472;878.32
2026-07-02;eng-086;68;2026-01-03 20:00:00;642.3700;1584.6900;1398.7400;554.8400;2388.0400;9069.7100;47.2500;522.3400;2388.0500;8145.5400;8.4583;392.0000;0.035219;-0.813793;0.001953;healthy;WO406503;113.48
2026/07/02;eng-018;68;2026-01-03 20:00:00;642.3500;1586.0100;1392.9300;554.0200;2388.0500;9071.1000;47.4100;522.2800;2388.0200;8144.8000;8.4248;392.0000;0.060170;-0.931684;0.003461;Healthy;WO469472;2523.53
02-Jul-2026;ENG-073;48;2026-01-03 00:00:00;642.3200;1588.5900;1399.0000;554.1200;2388.0400;9049.1300;47.2100;522.4600;2388.0400;8135.6000;8.4291;394.0000;0.016258;-2.711992;0.016830;Healthy;WO233331;744.09
02-Jul-2026;ENG-083;39;2026-01-02 15:00:00;642.6500;1582.6100;1404.2100;553.8900;2388.0600;9054.2500;47.2100;521.7600;2388.0000;8140.0300;8.3886;392.0000;0.017803;-0.750187;0.001444;Healthy;WO357828;1253.01
02-Jul-2026;ENG-086;45;2026-01-02 21:00:00;642.3100;1592.8500;1407.9600;553.7800;2388.0800;9056.8000;47.3800;522.0300;2388.0800;8143.8300;8.4246;392.0000;0.054032;-0.420526;0.002738;Healthy;WO395659;2,591.54
2026-07-02;ENG-063;80;2026-01-04 08:00:00;642.6000;1591.2400;1414.3900;553.5700;2388.1500;9053.8000;47.5500;521.3300;2388.1200;8125.6700;8.4516;393.0000;-0.013186;0.196569;0.002066;Healthy;WO618333;2,139.54
2026-07-02;ENG-051;51;2026-01-03 03:00:00;642.6100;1578.7300;1394.7700;554.0100;2388.1200;9045.2800;47.3700;521.9000;2388.0700;8134.0400;8.3921;392.0000;-0.005423;-0.882499;0.003470;Healthy;WO647025;836.83
2026-07-02;ENG-051;62;2026-01-03 14:00:00;641.8500;1591.1000;1402.6400;554.3400;2388.1000;9046.8400;47.4100;521.5000;2388.1100;8132.7100;8.4253;393.0000;0.019508;-0.420567;0.000585;Healthy;WO883439;2008.06
2026-07-02;ENG-026;43;2026-01-02 19:00:00;642.2000;1593.2500;1401.5100;554.5100;2388.0100;9063.7300;47.2800;521.7800;2388.0200;8143.7800;8.4058;391.0000;0.027512;-0.927113;0.000598;Healthy;WO944593;2787.04
2026/07/02;ENG-037;67;2026-01-03 19:00:00;642.1000;1594.8800;1397.4400;553.9400;2388.0400;9052.9300;47.3000;522.2800;2388.0700;8140.3000;8.4042;392.0000;0.035116;-0.888223;0.001544;Healthy;WO588885;
2026-07-02;ENG-037;61;2026-01-03 13:00:00;641.9700;1585.4300;1397.5600;553.6400;2388.0300;9049.0600;47.4400;521.8800;2388.0300;8135.3900;8.4259;392.0000;0.024984;-0.807981;0.001638;healthy;WO501547;1,468.45
2026/07/02;ENG-035;105;2026-01-05 09:00:00;642.9100;1587.9600;1407.4700;552.6500;2388.1500;9056.0500;47.6700;521.4700;2388.1500;8136.2500;8.4360;393.0000;0.027903;0.228002;0.000634;healthy;WO248911;686.96
2026-07-02;ENG-026;32;2026-01-02 08:00:00;642.3200;1590.9400;1393.6100;554.2400;2388.0100;9062.9700;47.3000;521.7900;2388.0500;8144.8800;8.3819;391.0000;0.025835;-0.989796;0.001337;Healthy;WO634501;1,364.81
02-Jul-2026;ENG-084;87;2026-01-04 15:00:00;642.2900;1594.4700;1404.7200;553.5000;2388.0700;9052.6900;47.6800;521.0100;2388.0700;8135.3200;8.4197;393.0000;0.061433;-0.083138;0.000823;healthy;WO381444;2976.20
2026/07/02;ENG-027;52;2026-01-03 04:00:00;642.0800;1590.4600;1404.5800;553.9500;2388.0500;9054.8300;47.1100;522.7000;2388.0300;8132.8300;8.3882;391.0000;0.018261;-1.024749;0.001891;Healthy;WO863604;1787.76
2026/07/02;ENG-093;160;2026-01-07 16:00:00;642.7900;1586.7600;1412.8900;553.1500;2388.0900;9065.9700;47.5500;520.9100;2388.0700;8138.3200;8.4148;393.0000;0.062232;0.038719;0.002383;healthy;WO344145;2,565.60
2026-07-02;  ENG-081 ;128;2026-01-06 08:00:00;642.3200;1592.8700;1410.2000;553.4300;2388.0800;9073.6000;47.4600;521.6900;2388.1000;8145.7700;8.4008;393.0000;0.076392;-0.322835;0.002638;Warning;WO497132;17441.43
2026/07/02;ENG-070;80;2026-01-04 08:00:00;641.6500;1591.8200;1405.2200;554.2600;2388.0700;9051.2900;47.3600;521.4900;2388.1000;8134.3100;8.4472;392.0000;0.026962;-0.423240;0.002234;Healthy;WO220096;2856.27
2026-07-02;ENG-051;73;2026-01-04 01:00:00;641.8200;1583.8000;1405.3100;553.2900;2388.1400;9049.9800;47.5200;521.3300;2388.0600;8131.7500;8.4615;391.0000;0.045088;-0.212890;0.003044;healthy;WO943209;
2026-07-02;ENG-063;61;2026-01-03 13:00:00;642.2400;1592.3600;1406.3700;553.6100;2388.1200;9053.9200;47.3500;521.5300;2388.1100;8133.3700;8.4197;392.0000;0.033381;-0.324973;0.001500;Healthy;WO184388;881.07
2026/07/02;ENG-032;54;2026-01-03 06:00:00;641.8900;1586.6600;1396.7200;555.2100;2388.0400;9069.3800;47.1600;522.4500;2387.9500;8149.4900;8.4052;392.0000;0.056427;-1.192863;0.001656;Healthy;WO385785;69.20
2026-07-02;ENG-045;69;2026-01-03 21:00:00;642.8900;1589.9300;1404.9500;553.9900;2388.0600;9065.0700;47.4900;521.4600;2388.0900;8144.1700;8.4051;393.0000;0.058995;-0.277900;0.001500;healthy;WO907503;1995.52
02-Jul-2026;ENG-097;85;2026-01-04 13:00:00;642.5300;1594.3500;1402.2100;553.9200;2388.0600;9073.5100;47.3800;522.1700;2388.0300;8148.3100;8.4151;393.0000;0.063960;-0.586769;0.001413;Healthy;WO240132;890.24
2026/07/02;eng-063;82;2026-01-04 10:00:00;642.6500;1590.7100;1403.2000;552.7800;2388.0900;9050.8900;47.4600;521.8400;2388.0600;8132.0500;8.4144;391.0000;0.051559;-0.257134;0.002835;Healthy;WO436696;2652.90
02-Jul-2026;eng-040;51;2026-01-03 03:00:00;642.9400;1598.0200;1409.7300;553.3800;2388.1100;9051.1900;47.5900;521.2500;2388.1100;8137.9600;8.4294;395.0000;0.007320;0.357791;0.002046;Healthy;WO408014;750.91
2026-07-02;ENG-067;35;2026-01-02 11:00:00;642.5000;1581.1800;1394.3800;554.0900;2388.0200;9059.5800;47.2700;522.3600;2388.0400;8141.2200;8.4237;392.0000;0.040488;-0.962056;0.000772;Healthy;WO157474;1676.84
02-Jul-2026;  ENG-074 ;68;2026-01-03 20:00:00;642.3100;1584.0800;1405.4900;554.5300;2388.0400;9057.7100;47.4900;521.2500;2388.0500;8138.8300;8.4026;392.0000;0.030752;-0.472005;0.001777;healthy;WO755388;1085.80
02-Jul-2026;ENG-049;164;2026-01-07 20:00:00;642.0200;1587.9300;1403.4400;554.1500;2388.0800;9063.7700;47.4400;521.9100;2388.0200;8143.5100;8.4090;393.0000;0.045654;-0.605525;0.001505;Healthy;WO870103;592.83
02-Jul-2026;eng-067;47;2026-01-02 23:00:00;642.4000;1585.2300;1401.0600;553.0700;2388.0300;9057.8700;47.4700;521.8700;2388.0300;8139.9100;8.4340;392.0000;0.050741;-0.584432;0.001208;Healthy;WO440266;797.84
2026-07-02;eng-077;65;2026-01-03 17:00:00;642.2300;1587.9700;1397.7300;554.1500;2388.1300;9051.7900;47.4600;521.8300;2388.0600;8130.1300;8.4177;391.0000;0.010454;-0.646420;0.004743;HEALTHY;WO329633;2952.69
2026/07/02;ENG-040;57;2026-01-03 09:00:00;642.8300;1594.7400;1407.9100;552.3800;2388.0800;9066.8100;47.6800;521.3900;2388.0800;8137.1100;8.4223;393.0000;0.066185;0.284814;0.002405;Warning;WO269025;22992.23
02-Jul-2026;ENG-058;115;2026-01-05 19:00:00;642.5600;1592.5300;1404.6500;554.2600;2388.0300;9052.6000;47.5300;521.8000;2388.0500;8135.3000;8.3798;393.0000;0.041722;-0.442111;0.000457;Healthy;WO870631;2,529.43
02-Jul-2026;ENG-012;90;2026-01-04 18:00:00;642.1600;1579.1300;1395.7800;554.0000;2387.9600;9054.9900;47.1200;522.3300;2388.0400;8135.0000;8.3923;391.0000;0.024416;-1.156128;0.000846;Healthy;WO709347;620.15
02-Jul-2026;ENG-099;50;2026-01-03 02:00:00;642.0200;1584.2400;1390.6300;554.5700;2388.0100;9062.5200;46.8900;522.7300;2387.9500;8145.1500;8.4165;392.0000;0.071322;-1.316244;;Healthy;WO765489;2095.97
02-Jul-2026;  ENG-066 ;82;2026-01-04 10:00:00;642.9500;1582.7600;1410.0000;553.7300;2388.0800;9073.7300;47.5500;521.6200;2388.1000;8141.8500;8.4531;394.0000;0.075409;-0.067525;0.002229;Healthy;WO786421;598.52
2026-07-02;ENG-082;76;2026-01-04 04:00:00;642.2300;1587.7400;1400.4200;553.6500;2388.1100;9062.1300;47.3200;521.6200;2388.0000;8141.9400;8.4079;393.0000;0.038239;-0.630494;0.001619;Healthy;WO336426;2,909.29
02-Jul-2026;eng-021;98;2026-01-05 02:00:00;642.7700;1584.5400;1399.6500;554.0500;2388.0400;9058.4700;47.0300;522.1600;2387.9800;8138.8400;8.4250;392.0000;0.038356;-0.916317;0.002354;Healthy;WO470138;
2026/07/02;ENG-046;68;2026-01-03 20:00:00;642.9700;1592.1200;1402.9200;554.1300;2388.0400;9061.8800;47.4400;521.6300;2388.0500;8149.4800;8.4199;392.0000;0.059362;-0.420260;0.001683;HEALTHY;WO917943;2191.00
2026-07-02;ENG-029;94;2026-01-04 22:00:00;642.4700;1587.3800;1400.2100;553.7800;2388.0200;9064.8500;47.2000;522.1400;2388.0400;8138.8900;8.4086;392.0000;0.031055;-0.700503;;Healthy;WO488256;
2026-07-02;ENG-099;65;2026-01-03 17:00:00;641.5400;1578.9800;1399.2600;553.4200;2388.0300;9072.3700;47.1200;522.7000;2388.0000;8139.1700;8.3728;391.0000;0.042072;-1.237709;0.001292;Healthy;WO729992;
2026-07-02;ENG-020;87;2026-01-04 15:00:00;642.7800;1589.1900;1409.5300;553.8400;2388.0500;9070.1900;47.3000;521.5100;2388.0300;8141.9900;8.4289;392.0000;0.060200;-0.381326;0.001549;Healthy;WO999357;1,245.93
2026-07-02;ENG-093;89;2026-01-04 17:00:00;642.1100;1591.2100;1409.6100;552.7400;2388.0900;9058.8700;47.7000;521.0700;2388.0900;8137.9100;8.4321;393.0000;0.058326;0.036978;0.003974;Healthy;WO559618;1173.24
2026/07/02;ENG-078;26;2026-01-02 02:00:00;641.9900;1593.5200;1395.2000;554.8000;2387.9900;9060.0700;47.1600;522.6900;2387.9800;8141.6000;8.4111;391.0000;0.070809;-1.250668;0.004200;Healthy;WO665897;1,961.52
02-Jul-2026;ENG-008;97;2026-01-05 01:00:00;642.2300;1590.8900;1408.3100;553.2400;2388.1400;9041.6800;47.4300;521.9200;2388.1400;8130.8200;8.4173;394.0000;0.029954;-0.085782;0.000888;Healthy;WO482297;1,820.10
2026-07-02;ENG-053;78;2026-01-04 06:00:00;642.2500;1583.4800;1400.0700;554.0300;2388.0400;9049.7500;47.5000;522.6000;2388.0900;8140.7800;8.3803;394.0000;0.020592;-0.747375;0.001145;Healthy;WO672870;302.06
2026-07-02;ENG-064;78;2026-01-04 06:00:00;642.4300;1583.7300;1397.5200;553.4000;2388.1400;9057.5000;47.4100;522.0500;2388.0900;8140.8200;8.4112;392.0000;0.033540;-0.545677;0.001601;Healthy;WO678198;1990.17
2026-07-02;ENG-054;76;2026-01-04 04:00:00;641.9900;1583.6900;1400.7700;555.1200;2388.0400;9061.7000;47.1600;522.5900;2388.0300;8143.1000;8.4087;391.0000;0.039730;-1.183669;0.002868;Healthy;WO770052;2,640.54
02-Jul-2026;ENG-067;48;2026-01-03 00:00:00;642.6100;1589.5400;1410.3500;554.3000;2388.0200;9059.9100;47.1900;521.7200;2388.0800;8140.6300;8.4453;392.0000;0.031304;-0.506782;0.001348;Healthy;WO145168;1,004.43
02-Jul-2026;  ENG-046 ;61;2026-01-03 13:00:00;642.6900;1595.8600;1409.6300;553.1300;2388.0400;9066.1400;47.2800;521.2600;2388.0800;8145.8400;8.4272;394.0000;0.085682;0.072489;0.000483;healthy;WO501945;1,700.92
2026/07/02;ENG-084;76;2026-01-04 04:00:00;642.7700;1590.3600;1404.5000;553.5500;2388.1300;9049.6800;47.4700;521.3200;2388.1300;8132.6000;8.4181;391.0000;0.028474;-0.254730;0.002487;Healthy;WO531555;2539.44
02-Jul-2026;ENG-073;60;2026-01-03 12:00:00;642.1800;1580.5900;1401.0500;553.5100;2387.9900;9055.2500;47.2800;522.6800;2388.0500;8140.5800;8.4024;393.0000;-0.004310;-2.635498;0.003845;Healthy;WO323301;
2026/07/02;ENG-042;74;2026-01-04 02:00:00;642.0000;1581.7700;1399.5500;554.1000;2388.0500;9047.3000;47.1900;522.0300;2388.0700;8139.6700;8.3962;392.0000;-0.011184;-0.973041;0.011260;Healthy;WO579128;73.69
2026/07/02;ENG-049;148;2026-01-07 04:00:00;642.0200;1583.3200;1407.1100;554.6900;2388.0300;9058.1100;47.1800;522.1300;2388.0300;8140.0700;8.4120;392.0000;0.012445;-1.011302;0.002826;Healthy;WO582574;74.61
02-Jul-2026;ENG-068;76;2026-01-04 04:00:00;642.2500;1580.9100;1408.9800;554.7700;2388.1300;9057.4500;47.3400;522.0200;2388.0700;8140.0900;8.4146;393.0000;0.015587;-0.657623;;Healthy;WO507762;326.15
2026/07/02;ENG-088;38;2026-01-02 14:00:00;643.1200;1590.9500;1413.0700;553.3800;2388.2100;9043.6300;47.5600;521.1500;2388.1000;8124.9400;8.4223;393.0000;-0.025817;0.141917;;Healthy;WO296060;126.56
02-Jul-2026;ENG-091;147;2026-01-07 03:00:00;643.5200;1594.2800;1411.3700;552.6900;2388.1500;9045.8600;47.6700;521.2200;2388.1200;8128.5500;8.4613;394.0000;-0.021547;0.483277;0.001957;Warning;WO425014;17950.36
2026-07-02;ENG-050;45;2026-01-02 21:00:00;642.2800;1588.6000;1399.9000;554.0700;2388.0700;9060.4300;47.3300;521.8100;2388.0500;8142.8400;8.3939;395.0000;0.038294;-0.529348;0.002163;Healthy;WO801687;1573.77
2026-07-02;ENG-040;86;2026-01-04 14:00:00;643.4800;1596.8300;1401.6600;552.2200;2388.1200;9058.2300;47.6100;520.9600;2388.1100;8140.0800;8.4770;393.0000;0.033423;0.495853;0.002228;Healthy;WO553505;925.84
2026/07/02;ENG-042;103;2026-01-05 07:00:00;642.5000;1595.8900;1396.4600;553.2100;2388.0800;9052.9700;47.4900;521.5100;2388.0700;8129.9900;8.4175;392.0000;0.040268;-0.403802;0.002743;Healthy;WO323267;2,368.85
02-Jul-2026;  ENG-012 ;144;2026-01-07 00:00:00;642.2600;1588.9300;1398.4000;553.9200;2388.0300;9068.5700;47.2100;522.4000;2387.9800;8140.1300;8.3650;392.0000;0.016995;-2.594624;0.002072;Healthy;WO703477;1775.06
02-Jul-2026;eng-052;100;2026-01-05 04:00:00;642.1700;1585.3200;1393.6800;554.2000;2387.9700;9063.3400;47.1500;522.6300;2388.0500;8136.3500;8.3734;393.0000;0.020306;-1.173870;0.003030;Healthy;WO466972;
02-Jul-2026;ENG-025;21;2026-01-01 21:00:00;642.5100;1585.7400;1402.7700;554.1200;2387.9900;9047.9300;47.3600;521.9500;2388.0500;8132.3000;8.4345;392.0000;0.010725;-0.697557;0.002508;Healthy;WO958253;2496.73
2026-07-02;ENG-029;112;2026-01-05 16:00:00;642.5200;1588.0400;1400.4500;553.8100;2388.0600;9064.8400;47.2600;522.0000;2388.0500;8137.9300;8.4402;392.0000;0.037444;-0.563877;0.000173;Healthy;WO576979;2,192.53
02-Jul-2026;  ENG-037 ;44;2026-01-02 20:00:00;642.3600;1582.4300;1398.6100;555.0100;2388.0100;9054.9100;47.2700;522.0000;2388.0400;8134.0100;8.4217;392.0000;0.015896;-1.049863;0.001145;Healthy;WO963337;2341.68
2026-07-02;ENG-009;30;2026-01-02 06:00:00;642.7600;1591.2800;1411.6300;553.4800;2388.1000;9056.5400;47.5100;521.1800;2388.1000;8132.2100;8.4977;392.0000;0.035711;0.071378;0.001060;Healthy;WO491446;2617.90
02-Jul-2026;ENG-019;56;2026-01-03 08:00:00;642.0300;1582.3500;1402.4400;554.2900;2388.0800;9061.2900;47.3200;522.2700;2388.0200;8136.1300;8.3910;391.0000;0.017640;-1.047311;0.002629;healthy;WO797452;931.34
2026-07-02;ENG-091;145;2026-01-07 01:00:00;643.3500;1590.1600;1409.0500;552.6000;2388.1200;9049.8800;47.7400;521.5400;2388.1700;8128.3900;8.4394;394.0000;-0.000675;0.338547;;Healthy;WO867760;1735.91
02-Jul-2026;  ENG-014 ;25;2026-01-02 01:00:00;642.5600;1586.4800;1403.9900;553.3200;2388.1600;9040.8900;47.6200;521.7100;2388.1700;8115.8300;8.4079;392.0000;-0.008083;-0.091366;0.004028;healthy;WO547838;1613.98
2026-07-02;ENG-081;82;2026-01-04 10:00:00;642.5300;1587.9400;1397.5600;553.6800;2388.0300;9074.5400;47.4700;521.8800;2388.0400;8155.6200;8.4011;394.0000;0.065803;-0.646283;0.001983;Healthy;WO234268;1300.68
2026-07-02;ENG-030;51;2026-01-03 03:00:00;642.6700;1595.7800;1406.7900;552.5600;2388.1300;9045.2600;47.4100;520.9500;2388.1700;8129.2000;8.4540;391.0000;0.006266;0.166556;0.001052;Healthy;WO280113;2,777.10
02-Jul-2026;ENG-046;91;2026-01-04 19:00:00;642.7000;1588.1300;1405.6000;553.7900;2388.1000;9070.4000;47.4900;521.7800;2388.1100;8143.4000;8.4161;392.0000;0.067568;-0.187765;0.002422;Healthy;WO941072;2,512.50
2026-07-02;ENG-072;45;2026-01-02 21:00:00;642.8500;1587.7000;1399.0100;554.2200;2388.0500;9058.4900;47.1500;522.0900;2388.0300;8144.3100;8.4142;391.0000;0.041445;-0.787472;0.001691;Healthy;WO746740;
2026-07-02;ENG-064;109;2026-01-05 13:00:00;642.9800;1587.9500;1407.7100;553.4600;2388.0500;9052.9100;47.5100;521.6900;2388.0900;8143.5900;8.4324;391.0000;0.063341;-0.238420;0.000579;Healthy;WO274930;707.62
02-Jul-2026;ENG-057;82;2026-01-04 10:00:00;642.4700;1590.9500;1407.7800;553.1200;2388.0800;9047.3300;47.3200;521.1700;2388.0800;8135.2500;8.4310;393.0000;0.043790;-0.074457;0.001228;Warning;WO860039;10,488.07
2026-07-02;  ENG-035 ;121;2026-01-06 01:00:00;643.1800;1588.7700;1411.2000;552.6000;2388.1100;9063.1800;47.6800;520.9600;2388.1600;8135.7100;8.4282;395.0000;0.013232;0.376946;0.001444;Warning;WO519026;9,631.68
02-Jul-2026;ENG-043;71;2026-01-03 23:00:00;642.5100;1582.3800;1408.4700;554.0200;2388.1100;9045.5000;47.3500;521.6400;2388.0700;8134.5400;8.4283;394.0000;0.024567;-0.299866;0.002052;healthy;WO356361;566.31
2026-07-02;ENG-092;65;2026-01-03 17:00:00;642.6700;1586.6900;1414.3800;553.2000;2388.2000;9044.0100;47.5000;521.1900;2388.1000;8125.9400;8.4371;394.0000;-0.029079;0.116078;0.002680;Healthy;WO954226;2783.71
2026/07/02;ENG-009;35;2026-01-02 11:00:00;642.6700;1590.1400;1411.5100;552.4600;2388.0700;9047.5700;47.4900;521.2800;2388.0800;8133.7500;8.4361;396.0000;0.010820;0.289400;0.001274;Healthy;WO311999;2384.73
02-Jul-2026;eng-052;121;2026-01-06 01:00:00;642.2400;1588.7700;1403.0800;553.7500;2388.0500;9067.3300;47.2100;522.3000;2388.0400;8150.9300;8.3943;392.0000;0.045889;-0.828981;0.002537;Healthy;WO202362;
02-Jul-2026;  ENG-037 ;78;2026-01-04 06:00:00;642.1000;1591.3000;1410.2900;553.9000;2388.0400;9048.4800;47.4900;522.0900;2388.0700;8129.3800;8.4280;394.0000;0.045736;-0.308822;0.000757;Healthy;WO318146;1,311.40
02-Jul-2026;ENG-063;103;2026-01-05 07:00:00;643.0900;1588.9400;1403.8100;552.8100;2388.1000;9049.6000;47.4200;521.3500;2388.1700;8133.7600;8.4261;393.0000;-0.090703;-2.509553;0.034249;Healthy;WO922175;1324.15
02-Jul-2026;  ENG-090 ;54;2026-01-03 06:00:00;642.3800;1586.9000;1405.4900;554.0200;2388.1600;9058.3200;47.4400;521.7400;2388.1600;8140.1700;8.4052;393.0000;0.034322;-0.336327;0.000634;Healthy;WO337418;1,827.36
2026-07-02;ENG-052;64;2026-01-03 16:00:00;641.4800;1582.7000;1399.5400;554.5800;2388.0000;9058.7400;47.2300;523.2800;2388.0300;8137.5900;8.3723;392.0000;0.046143;-1.295152;0.003088;Healthy;WO138791;2697.33
2026/07/02;  ENG-097 ;59;2026-01-03 11:00:00;642.4200;1586.8100;1393.6000;554.8400;2388.0800;9062.3700;47.4100;522.0700;2388.0400;8144.3600;8.3925;392.0000;0.018665;-0.872160;0.003193;Healthy;WO566291;656.82
2026-07-02;  ENG-011 ;56;2026-01-03 08:00:00;642.9600;1593.4500;1409.4800;553.5600;2388.1100;9039.3400;47.6200;521.2200;2388.1300;8120.5000;8.4801;391.0000;-0.024058;0.237041;0.001478;Healthy;WO478543;1,390.84
2026-07-02;ENG-084;64;2026-01-03 16:00:00;642.4500;1585.8600;1402.8400;554.2800;2388.1000;9061.2500;47.2600;521.5100;2388.1000;8131.6700;8.3914;393.0000;0.006687;-0.527347;0.009053;Healthy;WO701348;2124.31
2026-07-02;ENG-057;95;2026-01-04 23:00:00;642.7900;1581.7200;1401.0900;553.4400;2388.1600;9046.2500;47.6000;521.7600;2388.1200;8123.5600;8.4141;392.0000;0.011191;-0.379125;0.005658;healthy;WO852334;960.84
2026/07/02;eng-081;115;2026-01-05 19:00:00;642.1200;1588.5300;1401.8500;553.1000;2388.0600;9078.7700;47.4200;521.8000;2388.1100;8149.0900;8.3969;393.0000;0.057051;-0.580364;0.000992;Healthy;WO890157;690.99
2026/07/02;ENG-023;54;2026-01-03 06:00:00;642.0300;1578.1300;1402.8400;554.0900;2388.0900;9051.3300;47.0400;521.6700;2387.9700;8138.2300;8.3997;393.0000;0.001601;-2.523455;0.022902;Healthy;WO439343;2390.83
2026-07-02;ENG-042;102;2026-01-05 06:00:00;642.3600;1587.2300;1399.7600;554.1400;2388.1000;9049.6300;47.4300;522.0900;2388.1100;8138.2500;8.4541;392.0000;0.021973;-0.656988;0.001326;Healthy;WO466807;871.89
2026/07/02;ENG-070;74;2026-01-04 02:00:00;642.3800;1587.8800;1404.1500;553.6300;2388.0600;9048.0300;47.5000;520.6600;2388.1400;8132.2200;8.4178;394.0000;0.023083;-0.074677;0.001741;healthy;WO494425;2,070.33
02-Jul-2026;  ENG-003 ;82;2026-01-04 10:00:00;642.6200;1586.4800;1404.2400;553.2200;2388.0700;9047.3100;47.4500;521.1800;2388.1100;8124.0600;8.4639;393.0000;0.012563;0.003308;0.001836;Healthy;WO835783;1555.76
2026/07/02;ENG-062;150;2026-01-07 06:00:00;642.5500;1582.3500;1390.0300;554.3300;2388.0100;9067.7200;47.2600;522.6600;2388.0100;8153.2000;8.4046;393.0000;0.064338;-1.115082;0.002584;Healthy;WO683115;840.99
2026/07/02;ENG-013;74;2026-01-04 02:00:00;642.5900;1580.9800;1402.1400;554.9000;2388.0200;9065.8800;47.4800;521.8000;2388.0300;8140.5800;8.4235;392.0000;0.024434;-0.791068;0.003852;Healthy;WO242901;1628.08
2026/07/02;ENG-062;119;2026-01-05 23:00:00;642.5800;1589.5000;1390.5100;554.0300;2388.0300;9056.8600;47.3000;522.4300;2388.0200;8148.6900;8.3706;390.0000;0.070080;-1.172817;0.001726;Healthy;WO370629;1395.96
02-Jul-2026;eng-073;46;2026-01-02 22:00:00;642.5800;1585.1100;1394.1600;554.3000;2388.0300;9053.1700;47.3400;521.8200;2388.0200;8136.7700;8.4237;391.0000;0.024653;-0.926689;0.002086;Healthy;WO270978;990.42
2026/07/02;ENG-007;88;2026-01-04 16:00:00;642.4200;1583.3900;1406.6600;554.0800;2388.0300;9053.4700;47.1800;522.4900;2388.0100;8146.8700;8.4461;391.0000;0.047335;-0.965783;;Healthy;WO621282;2920.82
02-Jul-2026;ENG-053;69;2026-01-03 21:00:00;642.7200;1584.3400;1401.3800;554.2100;2388.0400;9055.0800;47.3500;522.2200;2388.0100;8138.9400;8.4540;392.0000;0.031862;-0.738295;0.003202;Healthy;WO683139;1752.75
2026/07/02;  ENG-018 ;49;2026-01-03 01:00:00;642.4900;1583.6300;1405.0800;553.9300;2388.0400;9069.4600;47.0900;521.9500;2388.0000;8146.9500;8.3706;391.0000;0.028757;-0.936055;0.000345;Healthy;WO338723;1342.96
2026-07-02;ENG-094;78;2026-01-04 06:00:00;643.2300;1590.8900;1411.7300;552.3400;2388.1300;9051.0800;47.5900;521.5200;2388.0600;8140.3200;8.4716;394.0000;0.034271;0.299801;0.000244;Healthy;WO785505;1,884.64
2026-07-02;eng-019;87;2026-01-04 15:00:00;642.6700;1588.3300;1399.3100;553.8800;2388.0800;9046.1900;47.3300;521.5700;2388.0600;8139.8000;8.4130;391.0000;0.017992;-0.670871;0.001475;Healthy;WO667337;2150.84
2026-07-02;ENG-089;82;2026-01-04 10:00:00;642.2100;1587.3800;1408.6200;553.8300;2388.0700;9043.0700;47.4900;521.0500;2388.1100;8123.3400;8.4408;393.0000;0.001048;-0.072632;0.000982;HEALTHY;WO481239;2758.62
2026-07-02;eng-029;76;2026-01-04 04:00:00;642.1500;1580.5400;1407.5500;553.0900;2388.0300;9058.6100;47.3900;522.3000;2388.0300;8132.2200;8.4107;393.0000;0.030053;-0.760936;0.000810;Healthy;WO181328;2309.28
02-Jul-2026;ENG-052;117;2026-01-05 21:00:00;642.4700;1580.3200;1405.2100;554.1100;2388.0100;9056.3500;47.4300;521.9500;2388.0000;8148.0000;8.4127;391.0000;0.038174;-0.899853;0.000423;Healthy;WO737971;2344.88
2026-07-02;ENG-032;74;2026-01-04 02:00:00;641.8200;1582.9000;1405.8400;554.0300;2387.9500;9078.4300;46.9800;522.1900;2388.0300;8149.7000;8.4128;392.0000;0.013538;-1.118911;0.002762;Healthy;WO872329;458.92
2026/07/02;  ENG-090 ;88;2026-01-04 16:00:00;642.5900;1590.4700;1405.3900;552.3800;2388.0500;9058.1700;47.3400;521.5800;2388.0900;8140.4700;8.4386;394.0000;0.073701;-0.075709;0.001424;healthy;WO881878;2,433.15
02-Jul-2026;ENG-091;132;2026-01-06 12:00:00;642.3800;1592.0700;1413.0400;552.7300;2388.1200;9054.7700;47.7400;521.3000;2388.0900;8129.7500;8.4323;395.0000;0.017677;0.217829;0.000882;Healthy;WO710290;465.10
2026-07-02;ENG-037;64;2026-01-03 16:00:00;641.6200;1594.8600;1391.9900;553.9700;2388.0000;9051.9400;47.3200;521.7700;2388.0700;8138.5600;8.3864;392.0000;0.008189;-0.953116;0.001674;Healthy;WO291280;
02-Jul-2026;  ENG-052 ;75;2026-01-04 03:00:00;642.0600;1578.1000;1397.9800;554.9600;2387.9900;9056.5600;47.4200;521.9300;2387.9400;8138.6800;8.3887;390.0000;0.053597;-1.170363;0.000772;Healthy;WO755495;2,748.56
2026/07/02;ENG-092;52;2026-01-03 04:00:00;642.5000;1592.6200;1403.8900;553.4900;2388.1000;9039.8800;47.6200;521.2500;2388.1400;8122.6200;8.5003;393.0000;-0.015202;0.199010;0.001105;Healthy;WO186623;1391.07
2026/07/02;ENG-034;95;2026-01-04 23:00:00;642.0300;1588.0500;1394.2800;554.2100;2388.0700;9070.7200;47.2800;522.2000;2388.0000;8150.5200;8.4281;391.0000;0.066939;-1.011831;0.002238;Healthy;WO383458;1941.18
2026/07/02;ENG-057;81;2026-01-04 09:00:00;642.1800;1590.1900;1405.4300;553.2400;2388.1100;9056.5000;47.5900;522.0000;2388.0900;8128.9300;8.4662;393.0000;0.058296;-0.051597;0.000437;Healthy;WO799616;2834.24
02-Jul-2026;ENG-089;103;2026-01-05 07:00:00;643.2800;1595.1400;1411.7700;552.5300;2388.0500;9045.3200;47.4300;521.4700;2388.0200;8126.9500;8.4421;392.0000;0.065797;-0.046072;0.001315;Healthy;WO415225;1772.13
2026-07-02;eng-087;35;2026-01-02 11:00:00;641.9800;1587.3900;1393.1700;554.8500;2388.0100;9059.7500;47.2100;521.9800;2388.0200;8138.1600;8.4078;390.0000;0.033802;-1.163295;0.002441;Healthy;WO599618;2424.99
2026/07/02;ENG-024;75;2026-01-04 03:00:00;642.3300;1592.1700;1396.9200;554.4100;2388.0000;9072.7500;47.1200;523.0400;2388.0100;8149.7600;8.3930;393.0000;0.052629;-1.075583;0.002392;Healthy;WO320390;1895.38
2026/07/02;ENG-043;85;2026-01-04 13:00:00;642.6800;1591.3700;1401.4900;553.9200;2388.1100;9046.5500;47.4800;522.3200;2388.0500;8130.9000;8.4193;392.0000;0.030402;-0.598012;0.001036;Healthy;WO276218;2725.59
2026/07/02;ENG-092;84;2026-01-04 12:00:00;642.7400;1591.3000;1411.9600;553.5900;2388.1900;9039.8600;47.6200;521.0900;2388.1100;8125.0700;8.4554;393.0000;-0.054987;0.348294;0.002612;Warning;WO158831;
02-Jul-2026;ENG-089;86;2026-01-04 14:00:00;642.7800;1589.0900;1411.3400;553.5100;2388.1600;9043.7900;47.4600;521.9000;2388.1500;8126.1900;8.4627;393.0000;0.007311;-0.027946;0.001596;Healthy;WO480760;2,929.35
02-Jul-2026;  ENG-028 ;95;2026-01-04 23:00:00;641.7600;1588.9800;1405.2500;553.4000;2388.1100;9051.8700;47.5100;521.3100;2388.1400;8119.6100;8.4653;393.0000;0.026694;-0.190605;0.002146;Healthy;WO782493;459.99
02-Jul-2026;ENG-020;65;2026-01-03 17:00:00;642.4400;1586.3700;1406.1000;554.4900;2388.0300;9067.6200;47.2300;521.9700;2388.0800;8145.2400;8.4436;391.0000;0.030968;-0.707609;0.000772;Healthy;WO169347;1630.32
2026-07-02;ENG-033;20;2026-01-01 20:00:00;642.3500;1593.5700;1404.1700;553.2100;2388.1300;9057.1000;47.6500;521.3900;2388.1200;8139.4200;8.4271;391.0000;0.049341;0.138632;0.000740;Warning;WO442601;17667.01
2026-07-02;ENG-043;68;2026-01-03 20:00:00;641.9800;1591.0900;1409.9900;554.1100;2388.1100;9044.7800;47.3000;522.0300;2388.0700;8137.4500;8.4420;393.0000;0.032797;-0.446394;0.001549;Healthy;WO635999;997.87
02-Jul-2026;ENG-054;50;2026-01-03 02:00:00;641.8900;1595.1300;1394.3600;554.2500;2387.9800;9060.1600;47.1500;522.6800;2388.0000;8132.5000;8.4006;392.0000;0.051027;-1.144076;0.003470;Healthy;WO292193;2585.17
2026-07-02;ENG-004;55;2026-01-03 07:00:00;642.3400;1594.3500;1404.4200;553.2800;2388.1100;9055.9100;47.5200;521.0100;2388.0800;8133.5500;8.4536;392.0000;0.052224;-0.036605;0.003148;Healthy;WO960511;971.18
2026-07-02;ENG-031;87;2026-01-04 15:00:00;642.0900;1582.6900;1400.7200;554.1000;2388.0200;9075.9800;47.4800;522.2700;2388.0900;8145.3600;8.4240;394.0000;0.050947;-0.685652;;HEALTHY;WO198224;873.30
2026/07/02;ENG-096;46;2026-01-02 22:00:00;642.3900;1586.4000;1398.3000;554.6800;2387.9700;9058.4600;47.3600;521.9100;2387.9700;8150.7400;8.3872;392.0000;0.055712;-1.081402;0.001505;Healthy;WO135758;629.42
2026/07/02;ENG-079;56;2026-01-03 08:00:00;642.2800;1587.4400;1407.0400;554.5500;2388.0300;9048.0800;47.4600;522.0800;2388.0400;8127.0000;8.3884;393.0000;0.009036;-0.638648;0.001610;Healthy;WO984060;
02-Jul-2026;eng-016;74;2026-01-04 02:00:00;642.5000;1581.1700;1396.5300;554.0600;2388.0900;9051.4000;47.5200;522.3300;2387.9900;8133.0700;8.4151;392.0000;0.023842;-0.783045;0.001064;healthy;WO255369;2,625.62
2026-07-02;ENG-049;185;2026-01-08 17:00:00;642.6700;1585.3500;1402.1300;553.9700;2388.0500;9059.2600;47.6100;522.1000;2388.0600;8135.1800;8.4132;392.0000;0.002934;-2.705782;0.006659;Healthy;WO660004;1082.27
02-Jul-2026;ENG-093;128;2026-01-06 08:00:00;643.3100;1592.1900;1415.6400;553.0700;2388.1700;9052.7200;47.5200;521.2700;2388.1200;8144.0500;8.4500;393.0000;0.008960;0.404919;0.002730;Healthy;WO500520;1,251.74
2026/07/02;ENG-083;45;2026-01-02 21:00:00;642.3100;1588.9900;1400.4000;553.5700;2388.0600;9055.2400;47.5900;522.0500;2388.1000;8138.4100;8.4670;393.0000;0.062895;-0.322400;0.000396;healthy;WO427623;1917.75
2026-07-02;ENG-011;49;2026-01-03 01:00:00;642.8900;1587.0800;1410.7500;552.8300;2388.1500;9039.1800;47.6300;521.2300;2388.1600;8122.9500;8.4528;394.0000;-0.052752;0.355932;0.001976;Warning;WO307285;5,519.26
2026/07/02;ENG-058;63;2026-01-03 15:00:00;642.6100;1583.1400;1405.3000;554.0900;2388.0300;9045.3800;47.3900;522.1200;2388.0700;8130.7300;8.4276;392.0000;0.007256;-0.750941;0.001582;Healthy;WO784309;1,408.48
2026/07/02;ENG-071;29;2026-01-02 05:00:00;642.2900;1584.7500;1398.4500;555.2000;2387.9800;9067.3900;47.2900;522.1100;2388.0800;8145.9200;8.4134;391.0000;0.015029;-1.003129;0.000772;healthy;WO884535;
2026/07/02;ENG-034;129;2026-01-06 09:00:00;642.1700;1586.9900;1407.0400;553.5200;2388.0500;9062.8600;47.3400;522.0000;2388.0500;8145.2400;8.3828;393.0000;0.053686;-0.530629;0.002043;Healthy;WO226781;2,383.86
02-Jul-2026;ENG-088;24;2026-01-02 00:00:00;642.5500;1590.9100;1407.5800;553.8800;2388.1300;9043.5600;47.8300;521.5300;2388.1200;8124.6900;8.4455;392.0000;0.010018;0.011871;0.001318;Healthy;WO238188;1,412.56
02-Jul-2026;ENG-077;76;2026-01-04 04:00:00;642.7600;1582.8800;1410.7200;554.3800;2388.0700;9054.0500;47.5700;521.8700;2388.0400;8129.9700;8.3847;392.0000;0.027586;-0.529221;0.001292;Healthy;WO492368;402.23
2026/07/02;ENG-006;60;2026-01-03 12:00:00;643.1500;1584.2700;1412.2400;553.5900;2388.1200;9064.2200;47.3500;521.6100;2388.1100;8132.9000;8.4217;393.0000;0.053713;-0.088618;0.000635;Healthy;WO783597;2594.18
02-Jul-2026;eng-026;40;2026-01-02 16:00:00;642.5400;1586.3800;1401.6800;554.5500;2388.0200;9068.7600;47.3300;521.9500;2388.1100;8152.2800;8.3792;393.0000;0.039520;-0.697844;0.001413;HEALTHY;WO759680;2482.85
02-Jul-2026;ENG-082;86;2026-01-04 14:00:00;642.5700;1587.9700;1399.9000;553.5500;2388.0600;9063.6300;47.2900;522.0800;2388.0400;8141.9300;8.4502;394.0000;0.049088;-0.493033;0.001480;healthy;WO751856;468.10
2026-07-02;  ENG-078 ;27;2026-01-02 03:00:00;642.2300;1577.9900;1396.0300;554.1700;2388.0500;9062.0000;47.1300;522.5700;2387.9800;8148.3500;8.4036;390.0000;0.069088;-1.287362;0.004143;Healthy;WO103426;1,948.05
2026-07-02;ENG-035;90;2026-01-04 18:00:00;642.4400;1588.1900;1411.6200;553.2800;2388.0800;9053.6000;47.6600;520.7600;2388.1100;8128.8700;8.4695;393.0000;0.001957;0.189086;0.002088;Healthy;WO613048;147.71
2026-07-02;ENG-032;67;2026-01-03 19:00:00;642.5900;1582.7900;1393.7900;555.0000;2388.0200;9071.5500;47.1100;522.5900;2388.0500;8153.7600;8.4293;392.0000;0.050311;-1.176195;0.000488;Healthy;WO845794;1,927.00
2026-07-02;ENG-018;84;2026-01-04 12:00:00;642.4800;1595.6500;1409.3100;553.7600;2388.0700;9068.4100;47.1200;521.8300;2388.0400;8141.1200;8.4183;392.0000;0.049901;-0.494410;0.003076;Healthy;WO121084;1,974.32
02-Jul-2026;ENG-084;81;2026-01-04 09:00:00;642.4900;1587.4600;1409.4000;553.6100;2388.1200;9057.6100;47.4400;521.8500;2388.0800;8135.2600;8.4230;393.0000;0.059054;-0.132989;0.003151;Healthy;WO169547;1,262.67
2026-07-02;ENG-032;81;2026-01-04 09:00:00;642.1000;1585.8100;1402.6200;553.8500;2388.0100;9073.0200;47.2500;521.9300;2388.0200;8152.1300;8.4161;392.0000;0.044590;-0.929565;0.001007;Healthy;WO102019;126.73
2026/07/02;  ENG-030 ;76;2026-01-04 04:00:00;642.3500;1590.6600;1403.6700;553.0700;2388.1000;9056.4900;47.5300;520.9600;2388.1100;8132.0600;8.4168;392.0000;0.047657;-0.051820;0.002038;Warning;WO649151;9800.45
2026-07-02;ENG-077;94;2026-01-04 22:00:00;642.2700;1584.2600;1404.8100;553.2900;2388.0400;9047.7900;47.3000;522.0400;2388.1000;8132.6200;8.4341;395.0000;0.038031;-0.337846;0.000086;healthy;WO155573;2,164.86
02-Jul-2026;ENG-086;67;2026-01-03 19:00:00;642.4100;1598.0100;1399.2400;553.1800;2388.0700;9060.1200;47.3700;521.9500;2388.0800;8143.7200;8.4321;390.0000;0.058937;-0.479912;0.003582;HEALTHY;WO938706;69.43
2026-07-02;ENG-012;77;2026-01-04 05:00:00;642.3400;1580.8600;1398.7200;554.1000;2388.0700;9059.9700;47.1000;522.4700;2388.0300;8134.4900;8.4180;393.0000;0.016541;-0.982394;0.003418;healthy;WO709282;
2026/07/02;  ENG-051 ;60;2026-01-03 12:00:00;642.0500;1589.3600;1402.8100;554.3200;2388.1400;9049.9900;47.6700;521.8400;2388.0700;8132.4900;8.4198;393.0000;0.036299;-0.411917;0.001871;HEALTHY;WO705027;1410.84
02-Jul-2026;ENG-074;89;2026-01-04 17:00:00;643.1700;1586.6300;1395.6300;553.4200;2388.1200;9061.7100;47.4700;521.7200;2388.0500;8136.5500;8.4098;395.0000;0.058262;-0.142493;0.001689;Healthy;WO445881;1,305.11
2026/07/02;ENG-046;70;2026-01-03 22:00:00;642.3100;1588.4500;1400.7400;552.9300;2388.0700;9059.9800;47.5900;521.3400;2388.0900;8149.3000;8.4320;393.0000;0.082651;-0.144369;0.001610;Healthy;WO993985;1149.21
2026-07-02;eng-049;135;2026-01-06 15:00:00;642.1300;1580.7300;1403.3900;552.8900;2387.9800;9059.7100;47.2100;521.8100;2388.0400;8146.0100;8.3635;393.0000;0.013575;-1.039692;0.003735;Healthy;WO677074;2,317.50
2026-07-02;ENG-077;97;2026-01-05 01:00:00;642.3200;1590.1500;1401.5000;553.7800;2388.0700;9059.5400;47.2500;521.6500;2388.1100;8130.9600;8.4020;392.0000;0.016792;-0.575446;0.002514;Healthy;WO436883;1390.82
2026-07-02;ENG-064;112;2026-01-05 16:00:00;642.0100;1589.5100;1403.6800;553.6400;2388.1100;9062.3200;47.5200;521.8600;2388.0700;8138.2400;8.4200;393.0000;0.049526;-0.353920;0.002054;Healthy;WO628872;874.23
02-Jul-2026;ENG-007;87;2026-01-04 15:00:00;642.0600;1582.2000;1403.9000;554.6800;2388.0700;9056.3900;47.2900;521.4500;2388.0400;8147.5700;8.4034;393.0000;0.018843;-0.761691;0.001582;Healthy;WO688275;2,348.29
2026/07/02;ENG-027;89;2026-01-04 17:00:00;641.7000;1579.5900;1399.6100;554.1300;2388.0700;9045.7200;47.3500;521.9200;2388.0600;8131.7400;8.4317;392.0000;-0.007518;-0.915698;0.006045;Healthy;WO373924;1,429.45
02-Jul-2026;ENG-080;48;2026-01-03 00:00:00;642.1300;1592.6900;1403.4300;553.7600;2388.0500;9066.2600;47.5100;521.9900;2388.0900;8144.4100;8.4360;393.0000;0.068979;-0.412586;0.002194;healthy;WO619338;1773.98
02-Jul-2026;ENG-029;92;2026-01-04 20:00:00;642.5800;1580.6900;1404.0100;553.9700;2388.0500;9062.0400;47.3400;521.9900;2388.0600;8139.6700;8.4225;393.0000;0.026498;-0.690352;0.001601;Healthy;WO851378;2,148.75
2026-07-02;ENG-003;54;2026-01-03 06:00:00;642.6000;1596.4700;1408.8200;553.6000;2388.1200;9054.3800;47.5200;521.3000;2388.1200;8134.6300;8.4334;393.0000;0.040791;0.053669;0.000949;Warning;WO705278;22489.80
2026-07-02;ENG-047;30;2026-01-02 06:00:00;642.7700;1588.1700;1413.3400;553.7700;2388.1300;9038.5000;47.5500;521.0200;2388.1000;8119.4100;8.4293;392.0000;-0.037294;0.078643;0.003738;healthy;WO794709;358.19
2026-07-02;ENG-092;79;2026-01-04 07:00:00;642.3700;1593.7100;1406.1200;553.2100;2388.1300;9044.4000;47.6600;520.9700;2388.1400;8123.4900;8.4368;392.0000;-0.013956;0.171089;0.001750;Healthy;WO998244;1,754.04
02-Jul-2026;ENG-079;60;2026-01-03 12:00:00;642.3700;1583.7300;1397.3000;553.5900;2388.0300;9048.6600;47.3800;521.9300;2388.0400;8134.3000;8.4388;392.0000;0.024058;-0.738600;;healthy;WO555876;2738.61
2026-07-02;  ENG-012 ;140;2026-01-06 20:00:00;642.4000;1585.8600;1403.7500;553.9900;2388.0400;9046.1700;47.2700;522.4700;2388.0300;8139.5800;8.3619;392.0000;0.009358;-1.039222;0.004243;healthy;WO130808;603.79
2026/07/02;eng-012;101;2026-01-05 05:00:00;641.7300;1581.5600;1401.4400;554.8000;2388.0300;9056.9100;47.1400;522.2800;2388.0400;8138.8000;8.4194;393.0000;0.007061;-1.050085;0.006253;HEALTHY;WO804751;678.99
2026-07-02;ENG-093;116;2026-01-05 20:00:00;642.3100;1593.6100;1407.6500;553.2100;2388.1600;9064.4600;47.5100;521.5600;2388.1400;8132.9800;8.4202;393.0000;0.043230;0.046202;0.001440;Warning;WO723925;7,064.65
2026/07/02;eng-052;68;2026-01-03 20:00:00;641.7800;1582.8800;1394.6200;554.4700;2388.0200;9054.1500;47.1700;522.6200;2387.9900;8136.4500;8.3999;392.0000;0.023176;-2.601089;0.005859;Healthy;WO186551;288.15
2026/07/02;ENG-060;80;2026-01-04 08:00:00;642.9200;1590.3600;1398.8200;553.9500;2388.0700;9047.4300;47.5200;522.0300;2388.1300;8129.1500;8.4181;391.0000;0.028019;-0.559436;0.002454;healthy;WO311352;1,231.95
02-Jul-2026;ENG-067;25;2026-01-02 01:00:00;642.3600;1585.1100;1408.3000;553.6300;2388.0300;9064.2900;47.2000;521.5600;2388.0500;8138.7900;8.4342;392.0000;0.028930;-0.657393;0.001991;Healthy;WO114717;
2026/07/02;ENG-004;57;2026-01-03 09:00:00;642.3100;1589.6600;1402.8000;553.2700;2388.1100;9054.3300;47.5900;521.4700;2388.1300;8130.1500;8.4461;394.0000;0.045159;-0.100592;0.001749;healthy;WO286331;857.73
2026/07/02;ENG-021;61;2026-01-03 13:00:00;641.6200;1590.0400;1391.0700;554.1500;2388.0500;9052.1600;47.4000;521.7400;2388.0500;8130.3200;8.4081;390.0000;0.008000;-0.935827;0.001619;healthy;WO892269;1,867.59
2026-07-02;ENG-084;111;2026-01-05 15:00:00;642.1900;1595.7700;1406.5100;553.0400;2388.1200;9057.7400;47.5000;521.7200;2388.1200;8132.7000;8.4493;393.0000;0.060810;-0.046326;0.000994;Healthy;WO625579;2415.08
02-Jul-2026;  ENG-034 ;77;2026-01-04 05:00:00;642.4500;1583.5300;1405.0900;555.1400;2388.0000;9070.7300;47.1800;522.4400;2388.0000;8148.2700;8.4019;391.0000;0.036300;-1.152466;0.000345;Healthy;WO186557;1136.25
2026-07-02;ENG-032;97;2026-01-05 01:00:00;641.6300;1581.7700;1400.1600;554.0400;2388.0200;9072.2100;47.4200;522.5300;2388.0100;8151.6200;8.4331;391.0000;0.067464;-1.056769;0.004271;HEALTHY;WO102704;2854.36
02-Jul-2026;ENG-064;111;2026-01-05 15:00:00;642.3500;1590.0700;1401.7700;553.1300;2388.1000;9063.3800;47.6000;521.9800;2388.1000;8133.5500;8.4502;394.0000;0.072632;-0.132997;0.001627;Healthy;WO375048;2,784.47
2026-07-02;ENG-054;42;2026-01-02 18:00:00;642.1300;1584.5000;1399.9500;554.8900;2387.9800;9056.4300;47.0300;522.4400;2388.0300;8136.8000;8.3800;392.0000;0.016722;-1.209338;0.005248;Healthy;WO537833;1911.86
2026/07/02;ENG-044;21;2026-01-01 21:00:00;642.5500;1589.4600;1405.5800;553.8600;2388.0600;9053.7800;47.5200;521.9300;2388.1100;8132.6300;8.4413;392.0000;0.042406;-0.373039;0.001332;Warning;WO199811;6,195.52
2026/07/02;ENG-083;40;2026-01-02 16:00:00;642.4700;1581.2300;1403.4800;554.6900;2388.0300;9051.6900;47.4100;522.1200;2388.0100;8138.2300;8.3944;390.0000;0.020957;-0.987343;0.001744;Healthy;WO818470;255.14
2026/07/02;  ENG-090 ;74;2026-01-04 02:00:00;642.1100;1584.4800;1409.1400;553.5800;2388.1400;9058.1400;47.4900;521.6300;2388.0900;8137.6000;8.4309;392.0000;0.037008;-0.362598;0.002013;Healthy;WO747696;1839.48
02-Jul-2026;ENG-017;78;2026-01-04 06:00:00;642.1500;1586.7000;1401.9000;554.5300;2388.0200;9072.6300;47.2300;522.0600;2388.0000;8151.5400;8.3908;391.0000;0.039009;-1.071373;0.001145;healthy;WO421109;2907.75
2026-07-02;ENG-076;127;2026-01-06 07:00:00;641.9100;1584.0400;1398.9600;553.8400;2388.0400;9055.9300;47.2400;521.9700;2388.0600;8149.6800;8.3812;392.0000;0.020461;-0.913686;0.001656;Healthy;WO636062;1086.09
02-Jul-2026;  ENG-020 ;70;2026-01-03 22:00:00;642.6000;1580.5300;1398.1000;554.0500;2388.0800;9064.6400;47.1900;522.5400;2388.0500;8139.9900;8.4399;391.0000;0.043718;-0.928016;0.000488;Healthy;WO499724;2,419.82
2026-07-02;  ENG-074 ;60;2026-01-03 12:00:00;642.3000;1582.7000;1403.0900;554.1600;2388.0900;9064.8200;47.4500;521.9900;2388.0800;8137.7400;8.4398;392.0000;0.039597;-0.542676;0.002316;HEALTHY;WO173498;1,598.62
2026/07/02;ENG-027;91;2026-01-04 19:00:00;642.1100;1595.6600;1402.4800;554.1800;2388.0700;9043.0600;47.0800;521.7400;2388.0200;8129.3500;8.3904;392.0000;0.000050;-0.736843;0.003521;Healthy;WO175655;780.23
2026-07-02;ENG-043;112;2026-01-05 16:00:00;642.2700;1594.2100;1402.7500;552.9800;2388.1200;9058.9200;47.4300;522.1100;2388.0300;8130.7600;8.4401;392.0000;0.059928;-0.320484;0.002348;Healthy;WO741870;
2026/07/02;ENG-063;95;2026-01-04 23:00:00;643.0500;1593.7500;1420.7300;553.7000;2388.1400;9053.1600;47.3500;521.6000;2388.1300;8127.2700;8.4565;393.0000;-0.007272;0.275552;0.001221;Healthy;WO423991;67.35
02-Jul-2026;ENG-054;51;2026-01-03 03:00:00;642.1800;1584.2800;1392.6500;554.3000;2387.9700;9055.4700;47.0800;522.6800;2388.0200;8139.4300;8.3673;392.0000;0.035387;-1.270569;0.004299;Healthy;WO891724;1,878.11
2026/07/02;eng-081;140;2026-01-06 20:00:00;641.8600;1589.4000;1406.5800;552.7100;2388.1100;9072.6700;47.6700;521.4800;2388.0700;8150.4500;8.4485;393.0000;0.102054;-0.086856;0.003080;Warning;WO301251;20,599.27
2026/07/02;ENG-096;65;2026-01-03 17:00:00;642.2100;1585.5600;1401.7300;554.3700;2387.9700;9069.3300;47.2400;522.1600;2387.9700;8152.1300;8.4243;393.0000;0.052212;-1.008819;0.001337;Healthy;WO227683;2138.37
02-Jul-2026;ENG-025;17;2026-01-01 17:00:00;642.8100;1582.8700;1397.2300;553.9500;2388.0500;9052.9000;47.2300;522.1300;2388.0700;8131.9800;8.3876;392.0000;0.011794;-0.987946;0.002441;Healthy;WO550351;426.05
02-Jul-2026;eng-035;126;2026-01-06 06:00:00;642.8900;1589.2700;1404.9400;553.0700;2388.1100;9065.5200;47.5200;521.1100;2388.1100;8137.9600;8.4466;393.0000;0.045278;0.200329;0.003807;Healthy;WO306676;793.23
02-Jul-2026;ENG-087;32;2026-01-02 08:00:00;641.6400;1584.6200;1395.7500;553.9200;2388.0200;9061.3400;47.3100;522.4000;2388.0600;8140.3000;8.4219;391.0000;0.050533;-1.082180;0.001691;healthy;WO466311;2,391.63
2026-07-02;ENG-099;34;2026-01-02 10:00:00;642.6000;1582.0100;1394.2100;555.0600;2388.0000;9058.6600;46.9300;522.6100;2388.0000;8144.0200;8.3647;391.0000;0.042124;-1.275867;;Healthy;WO521622;76.00
2026-07-02;  ENG-013 ;88;2026-01-04 16:00:00;642.3200;1584.0300;1395.4200;553.8100;2387.9900;9064.2800;47.3300;521.9600;2388.0000;8146.2100;8.3919;392.0000;0.044330;-1.010088;0.000488;Healthy;WO835803;2765.16
2026/07/02;eng-037;74;2026-01-04 02:00:00;642.3600;1580.5800;1409.2800;554.6000;2388.1200;9042.7900;47.3400;522.2300;2388.1300;8129.9500;8.4145;392.0000;-0.012070;-0.734418;0.002784;Healthy;WO558128;1,887.83
2026-07-02;ENG-092;87;2026-01-04 15:00:00;643.1400;1589.2700;1416.5200;552.2800;2388.1500;9036.8600;47.8500;521.2000;2388.1700;8125.6700;8.4437;393.0000;-0.078843;0.632808;0.003876;Warning;WO132345;5,086.48
2026-07-02;ENG-077;74;2026-01-04 02:00:00;642.1700;1587.6400;1396.5400;553.9200;2388.0900;9051.6600;47.5500;521.7700;2388.0500;8133.0900;8.4255;393.0000;0.034575;-0.512053;0.000173;healthy;WO762569;685.75
2026-07-02;ENG-089;93;2026-01-04 21:00:00;642.3400;1586.3400;1405.8200;553.5200;2388.1100;9041.2500;47.5300;521.4200;2388.0700;8121.9000;8.4142;391.0000;0.011404;-0.406356;0.003912;Healthy;WO547100;873.47
2026/07/02;ENG-028;94;2026-01-04 22:00:00;643.1000;1589.2800;1397.9300;553.6900;2388.0500;9039.3100;47.2400;521.6800;2388.0500;8125.4400;8.4244;392.0000;0.006384;-0.521110;0.004340;Healthy;WO922840;159.65
2026/07/02;ENG-035;74;2026-01-04 02:00:00;642.5300;1582.1300;1407.1400;553.4100;2388.1100;9056.7800;47.5900;521.8100;2388.1500;8134.9800;8.4238;393.0000;0.043337;-0.207044;0.002971;Healthy;WO134799;1157.13
2026-07-02;ENG-043;110;2026-01-05 14:00:00;642.7700;1591.4800;1404.8100;553.2500;2388.1200;9049.4200;47.5300;520.8500;2388.0400;8132.0900;8.4017;393.0000;0.030684;-0.011739;0.002755;Healthy;WO756120;1500.22
2026/07/02;ENG-100;81;2026-01-04 09:00:00;642.1700;1590.8100;1406.1400;554.2300;2388.0400;9062.5000;47.3400;522.5400;2388.0100;8136.1700;8.4150;391.0000;0.035985;-0.887228;;Healthy;WO439428;557.32
2026/07/02;ENG-068;103;2026-01-05 07:00:00;642.4600;1589.5700;1399.5300;553.7100;2388.0200;9060.0100;47.3900;521.5200;2388.1300;8143.7000;8.4175;393.0000;0.042777;-0.450462;0.000680;Healthy;WO277077;970.09
2026-07-02;ENG-049;141;2026-01-06 21:00:00;642.3300;1588.6700;1402.6000;553.7900;2388.0200;9064.4700;47.3800;522.6200;2388.0200;8141.9600;8.4238;391.0000;0.064914;-0.905582;0.004852;HEALTHY;WO179769;1,173.89
2026/07/02;ENG-062;102;2026-01-05 06:00:00;642.2300;1583.6900;1397.2900;554.5000;2388.0100;9057.2900;47.0300;522.5600;2388.0100;8138.7500;8.3749;392.0000;0.025922;-1.150253;0.000913;Healthy;WO314274;2632.07
02-Jul-2026;  ENG-008 ;69;2026-01-03 21:00:00;642.1500;1586.0200;1407.6900;553.1000;2388.1300;9051.4800;47.4700;521.4800;2388.0700;8130.0900;8.4510;392.0000;0.049543;-0.184906;0.004064;Healthy;WO879031;581.12
2026/07/02;ENG-049;182;2026-01-08 14:00:00;642.2800;1591.7700;1407.5000;553.0800;2388.0400;9051.5100;47.5200;522.0300;2388.1100;8145.2100;8.4335;392.0000;0.063806;-0.471013;0.002417;Healthy;WO220229;1981.61
2026/07/02;ENG-072;81;2026-01-04 09:00:00;642.4600;1589.4900;1406.3100;554.6300;2388.0600;9059.5300;47.3300;521.7200;2388.0600;8143.5700;8.4032;393.0000;0.033435;-0.600788;0.002057;Healthy;WO578087;289.17
2026-07-02;ENG-029;107;2026-01-05 11:00:00;642.2800;1587.1400;1393.3000;554.0100;2388.0600;9054.7500;47.3100;521.9200;2388.0200;8140.8200;8.4174;391.0000;0.036511;-1.004078;0.000345;Healthy;WO938698;215.21
02-Jul-2026;ENG-041;44;2026-01-02 20:00:00;642.4000;1578.3800;1400.8100;554.2400;2388.0800;9050.0600;47.3500;522.1200;2388.0500;8136.0300;8.3856;394.0000;-0.009804;-0.897067;0.011057;Healthy;WO786816;168.00
2026/07/02;ENG-054;72;2026-01-04 00:00:00;642.1800;1586.3400;1398.5700;554.5900;2388.0200;9057.4100;47.1000;521.5800;2387.9400;8138.4400;8.4030;392.0000;0.033080;-1.067418;0.000488;Healthy;WO825674;
2026-07-02;ENG-096;50;2026-01-03 02:00:00;642.2300;1588.0700;1404.1600;554.4400;2388.0000;9069.0800;47.2700;522.4300;2388.0700;8151.8800;8.4019;391.0000;0.042717;-1.014076;0.000772;Healthy;WO297987;2487.40
2026-07-02;ENG-018;77;2026-01-04 05:00:00;642.1900;1585.7800;1399.2000;554.0000;2388.0200;9062.1600;47.4000;521.8400;2387.9500;8142.5100;8.4101;391.0000;0.054854;-0.929579;0.002816;Healthy;WO207766;80.01
02-Jul-2026;ENG-059;52;2026-01-03 04:00:00;642.7600;1587.6200;1396.9100;554.5700;2388.0200;9054.4900;47.0800;522.2900;2388.0500;8143.2800;8.4365;393.0000;0.028493;-1.004141;0.001092;Healthy;WO144331;825.03
2026-07-02;  ENG-087 ;22;2026-01-01 22:00:00;642.0000;1584.1400;1399.3400;554.5700;2388.0300;9051.7100;47.1100;522.1700;2388.1000;8139.8700;8.4150;392.0000;-0.023779;-2.644512;0.004257;Healthy;WO274544;828.54
02-Jul-2026;  ENG-087 ;27;2026-01-02 03:00:00;642.0200;1579.5100;1405.9600;554.5300;2388.0500;9061.8100;47.4200;521.8500;2388.0100;8145.2300;8.3927;392.0000;0.020286;-0.892582;0.001444;Healthy;WO460266;
02-Jul-2026;eng-010;84;2026-01-04 12:00:00;641.6300;1590.0000;1402.0000;553.6300;2388.0200;9059.9800;47.1500;522.3600;2388.0000;8144.4800;8.3805;393.0000;0.037155;-1.094203;0.000598;Healthy;WO799094;2806.21
2026-07-02;ENG-051;96;2026-01-05 00:00:00;642.7000;1586.1900;1403.2600;553.5300;2388.1100;9050.0200;47.5000;521.2000;2388.1400;8130.7000;8.4033;392.0000;0.026849;-0.237673;0.002804;Healthy;WO921385;1507.73
02-Jul-2026;ENG-017;95;2026-01-04 23:00:00;642.5600;1586.0600;1400.9700;554.4700;2388.0600;9072.1800;47.3600;522.0100;2388.0200;8153.9200;8.4022;390.0000;0.049762;-1.040253;;Healthy;WO178725;1,810.51
2026/07/02;eng-075;40;2026-01-02 16:00:00;641.7600;1587.4700;1407.8200;553.0600;2388.0200;9071.9800;47.3000;522.1700;2388.1000;8138.2000;8.4260;393.0000;0.054759;-0.480116;0.002218;Healthy;WO845554;1,354.44
02-Jul-2026;ENG-068;118;2026-01-05 22:00:00;642.3200;1587.8100;1410.1400;553.1600;2388.0900;9053.4800;47.1300;520.9700;2388.1000;8139.7600;8.4453;393.0000;0.045152;-0.127965;0.001026;Healthy;WO159949;982.25
2026-07-02;ENG-062;124;2026-01-06 04:00:00;641.4300;1581.2200;1402.5800;554.1800;2387.9700;9055.3300;47.0600;522.1100;2388.0200;8145.3600;8.3903;392.0000;0.039963;-1.265574;0.003782;HEALTHY;WO291287;2555.39
02-Jul-2026;ENG-053;73;2026-01-04 01:00:00;641.8900;1594.1300;1399.8300;554.1200;2388.0800;9064.2700;47.3500;521.7200;2388.1200;8137.4300;8.4701;392.0000;0.040443;-0.505275;0.001700;Healthy;WO432565;2405.83
2026/07/02;ENG-051;57;2026-01-03 09:00:00;642.4900;1590.4600;1401.0100;553.9700;2388.1000;9048.8500;47.4100;522.1100;2388.0800;8132.0700;8.4411;394.0000;0.035908;-0.332744;0.002239;Healthy;WO454384;
2026/07/02;  ENG-017 ;68;2026-01-03 20:00:00;641.7400;1591.7500;1392.8800;554.6400;2387.9900;9072.7900;47.0800;521.9100;2388.0000;8154.3600;8.4360;391.0000;0.063211;-1.144380;0.003146;Healthy;WO805153;2,335.28
2026/07/02;ENG-093;151;2026-01-07 07:00:00;642.7400;1588.4900;1409.5900;553.1900;2388.0900;9060.3100;47.6000;521.0600;2388.1700;8145.0700;8.4651;394.0000;0.028845;0.305648;0.002831;Healthy;WO884702;319.79
2026-07-02;ENG-088;46;2026-01-02 22:00:00;642.4500;1592.1000;1409.1800;553.5300;2388.1400;9036.9200;47.5600;521.7500;2388.1300;8118.6900;8.4614;393.0000;-0.023220;0.086094;0.002829;Healthy;WO360515;2912.21
2026-07-02;ENG-068;123;2026-01-06 03:00:00;642.4400;1593.2800;1412.4100;553.8500;2388.0800;9063.2600;47.5300;521.9100;2388.0700;8139.7500;8.4025;393.0000;0.074352;-0.149508;0.004090;Healthy;WO198265;1,542.38
02-Jul-2026;ENG-024;77;2026-01-04 05:00:00;641.7200;1583.2200;1398.5900;554.0600;2388.0000;9072.5600;47.1800;522.2100;2388.0200;8150.8600;8.3855;391.0000;0.051118;-1.205855;0.002072;Healthy;WO792051;2951.10
02-Jul-2026;ENG-093;126;2026-01-06 06:00:00;642.2100;1592.6700;1411.0700;553.2400;2388.1600;9063.0300;47.5700;521.4900;2388.1200;8141.8700;8.4693;394.0000;0.049835;0.155046;0.000457;Healthy;WO852385;336.86
2026/07/02;ENG-053;60;2026-01-03 12:00:00;642.2600;1583.6600;1398.4000;554.3300;2388.0700;9050.7700;47.3400;521.6300;2388.0900;8139.1100;8.4306;392.0000;0.006390;-0.753757;0.001337;Healthy;WO615064;
2026-07-02;  ENG-060 ;63;2026-01-03 15:00:00;642.3100;1591.2900;1397.4100;554.7500;2388.0600;9055.0700;47.5100;522.3000;2388.0300;8140.0500;8.4186;392.0000;0.036822;-0.642246;0.001359;Healthy;WO236873;2329.66
02-Jul-2026;ENG-015;35;2026-01-02 11:00:00;642.4400;1583.7300;1400.9300;554.5100;2388.0000;9056.7900;47.3000;522.2700;2388.0400;8136.2900;8.3875;393.0000;0.014416;-1.020217;0.001827;Healthy;WO588482;2864.80
02-Jul-2026;ENG-008;79;2026-01-04 07:00:00;642.5500;1590.1100;1406.2100;553.7900;2388.1100;9041.0700;47.3300;521.5800;2388.1600;8129.7300;8.4260;394.0000;0.008081;-0.050861;0.003161;Healthy;WO498205;994.52
2026-07-02;  ENG-082 ;59;2026-01-03 11:00:00;642.7100;1580.9200;1402.0500;553.9500;2387.9700;9068.1500;47.3900;522.2700;2388.0400;8149.7700;8.4435;391.0000;0.062199;-0.931091;0.002454;Healthy;WO383509;306.25
2026-07-02;ENG-042;62;2026-01-03 14:00:00;642.1800;1584.0800;1404.1100;554.4000;2388.0600;9043.6100;47.3800;522.9100;2388.0500;8132.7900;8.4111;391.0000;0.021594;-0.941371;0.001619;Healthy;WO724274;808.24
02-Jul-2026;ENG-076;90;2026-01-04 18:00:00;642.4000;1581.0200;1398.5500;554.8200;2388.0400;9062.7200;47.2000;521.4500;2387.9900;8138.8500;8.4311;392.0000;0.023645;-0.873373;0.001245;Healthy;WO386455;980.56
2026-07-02;ENG-044;25;2026-01-02 01:00:00;641.6700;1580.6400;1406.2200;553.4600;2388.0600;9054.4800;47.3200;521.4600;2388.0600;8135.9600;8.4147;393.0000;0.016453;-0.650485;0.000732;Healthy;WO767605;628.67
2026/07/02;  ENG-040 ;81;2026-01-04 09:00:00;642.6900;1590.9800;1415.2900;552.9600;2388.1900;9057.6600;47.6100;520.6000;2388.1400;8134.5000;8.4198;394.0000;-0.023448;0.374073;0.001530;healthy;WO266657;621.40
2026-07-02;ENG-049;162;2026-01-07 18:00:00;641.9200;1590.5200;1398.4800;554.6900;2387.9600;9064.0600;47.3300;522.5000;2388.0400;8142.0700;8.4144;393.0000;0.035786;-0.993247;0.001269;Healthy;WO148206;1538.81
2026/07/02;  ENG-055 ;59;2026-01-03 11:00:00;642.3400;1580.9400;1401.3200;553.6500;2388.0400;9055.6500;47.2600;522.0900;2388.0200;8139.4700;8.3754;393.0000;0.018729;-0.902615;0.000977;Healthy;WO711013;742.39
2026-07-02;  ENG-021 ;99;2026-01-05 03:00:00;642.1600;1580.7900;1401.2100;554.2300;2388.0400;9061.7200;47.0500;522.4400;2388.0500;8140.7900;8.3841;392.0000;0.001822;-1.037858;0.004229;Healthy;WO420552;2953.39
2026/07/02;ENG-005;62;2026-01-03 14:00:00;642.7900;1598.6500;1411.5000;552.9600;2388.1200;9054.4200;47.6100;521.3300;2388.1300;8133.6700;8.4278;393.0000;0.039267;0.177486;0.001680;Healthy;WO675895;1,682.02
2026/07/02;ENG-060;68;2026-01-03 20:00:00;642.6100;1592.1500;1398.7700;553.7900;2388.1300;9058.1800;47.3700;522.2200;2388.0400;8134.7000;8.4683;392.0000;0.050881;-0.399992;0.002569;Healthy;WO744907;2632.88
2026-07-02;ENG-094;64;2026-01-03 16:00:00;642.6300;1586.8600;1413.6300;553.8300;2388.0400;9055.8900;47.5500;521.1300;2388.1000;8135.2800;8.4209;390.0000;0.053524;-0.175614;0.001587;Healthy;WO263186;1270.06
2026/07/02;ENG-074;79;2026-01-04 07:00:00;641.7600;1589.3500;1405.1000;553.2900;2388.0900;9058.6300;47.5900;521.8500;2388.0700;8138.4700;8.4491;392.0000;0.070635;-0.282179;0.001054;Healthy;WO603494;946.83
02-Jul-2026;ENG-092;93;2026-01-04 21:00:00;642.7400;1591.1200;1412.7100;552.9600;2388.2000;9046.5200;47.6900;521.3400;2388.1700;8119.0900;8.4430;394.0000;-0.072999;0.499167;0.003881;Warning;WO808747;13212.70
2026/07/02;ENG-061;104;2026-01-05 08:00:00;642.4300;1588.6600;1401.8200;553.7000;2388.0900;9066.4100;47.4400;522.2900;2388.0200;8151.9000;8.4146;392.0000;0.071980;-0.524754;0.001119;Warning;WO523809;16,940.19
2026/07/02;ENG-067;27;2026-01-02 03:00:00;642.0100;1582.1300;1394.2100;553.9600;2388.0600;9061.7800;47.2300;521.7400;2388.0000;8134.3100;8.4062;392.0000;0.032350;-1.044914;0.001505;healthy;WO340153;543.30
02-Jul-2026;  ENG-060 ;58;2026-01-03 10:00:00;642.6700;1584.8600;1406.5900;553.7900;2388.0900;9054.7800;47.3300;522.0000;2388.0400;8126.5500;8.4507;394.0000;0.031712;-0.318337;0.001750;Healthy;WO657712;613.66
2026-07-02;ENG-028;97;2026-01-05 01:00:00;642.7000;1586.0700;1402.8300;553.7000;2388.1100;9052.2000;47.4900;522.1300;2388.1000;8131.4500;8.4435;394.0000;0.040377;-0.314777;0.003188;Healthy;WO157000;1,617.71
2026/07/02;ENG-094;57;2026-01-03 09:00:00;642.3900;1589.4200;1401.6000;554.1400;2388.1100;9052.3100;47.5700;521.5200;2388.1200;8136.8300;8.4416;392.0000;0.048948;-0.207652;0.000720;Healthy;WO176114;1,447.40
2026/07/02;ENG-036;57;2026-01-03 09:00:00;642.8200;1593.8500;1415.6000;552.5900;2388.1100;9060.0700;47.4500;521.3400;2388.0900;8136.4900;8.4551;394.0000;0.030915;0.317812;0.001733;Warning;WO304867;
2026-07-02;ENG-089;114;2026-01-05 18:00:00;642.7000;1586.5500;1406.7900;553.5000;2388.0900;9038.4000;47.4900;522.3600;2388.1500;8124.6600;8.4505;394.0000;0.027192;-0.113679;0.000783;Healthy;WO934370;
2026-07-02;ENG-052;89;2026-01-04 17:00:00;642.2800;1578.4700;1398.9100;554.9200;2388.0200;9056.4000;47.1000;523.0500;2388.0400;8136.7400;8.4166;392.0000;0.034248;-1.196244;0.001827;Healthy;WO751135;2243.73
2026-07-02;ENG-053;92;2026-01-04 20:00:00;643.2100;1591.9400;1402.3000;553.9400;2388.0500;9057.3000;47.2800;521.5900;2388.0600;8136.6100;8.4135;393.0000;0.036966;-0.327461;;Healthy;WO335121;1,590.41
2026/07/02;  ENG-055 ;58;2026-01-03 10:00:00;642.1900;1583.3600;1402.6500;553.8400;2388.0900;9044.9200;47.3900;521.7200;2388.0100;8137.5300;8.4216;393.0000;0.022867;-0.615152;0.001119;Healthy;WO578902;904.78
02-Jul-2026;  ENG-030 ;83;2026-01-04 11:00:00;642.5900;1587.1800;1410.6500;552.9300;2388.0300;9046.9700;47.5200;522.0400;2388.0900;8129.6000;8.4666;394.0000;0.061749;-0.140565;0.001127;Healthy;WO475100;838.46
2026/07/02;ENG-082;73;2026-01-04 01:00:00;642.5000;1586.9200;1412.2300;554.2800;2388.0000;9059.7800;47.4000;522.0400;2388.0200;8139.2400;8.4325;393.0000;0.052924;-0.485594;0.001402;Healthy;WO834115;1209.43
2026/07/02;ENG-004;69;2026-01-03 21:00:00;642.7600;1587.5600;1411.8000;552.6600;2388.1000;9050.6800;47.4200;521.2300;2388.1300;8135.8600;8.4459;393.0000;0.045665;0.022849;0.002632;Healthy;WO149569;2798.27
02-Jul-2026;  ENG-082 ;78;2026-01-04 06:00:00;642.5000;1589.6500;1404.3800;554.5600;2388.0500;9059.2900;47.4100;521.3700;2388.0800;8142.6100;8.4396;393.0000;0.041721;-0.458714;0.001855;Healthy;WO316218;1,815.55
2026-07-02;ENG-043;78;2026-01-04 06:00:00;642.4100;1582.1800;1410.4000;553.6500;2388.0700;9052.5300;47.2100;522.0500;2388.0700;8133.2800;8.3884;393.0000;0.014826;-0.622397;0.000598;Healthy;WO506612;
2026-07-02;ENG-043;82;2026-01-04 10:00:00;642.2800;1581.9900;1402.6700;554.1000;2388.1000;9054.1200;47.3500;521.7300;2388.0600;8126.3600;8.4282;394.0000;0.011263;-0.459525;0.007943;healthy;WO448622;
2026-07-02;ENG-018;52;2026-01-03 04:00:00;642.0200;1581.0900;1400.1400;554.2300;2387.9900;9066.8900;47.3800;521.9000;2387.9500;8145.6500;8.4046;392.0000;0.049084;-1.045520;0.002013;Healthy;WO191096;
02-Jul-2026;ENG-080;89;2026-01-04 17:00:00;642.6600;1578.2700;1403.9000;553.6900;2387.9800;9061.3300;47.4300;521.7100;2388.0900;8144.5900;8.4043;393.0000;0.035365;-0.635960;0.000299;Healthy;WO277443;297.05
2026-07-02;eng-094;58;2026-01-03 10:00:00;642.8000;1585.3000;1411.0700;553.9800;2388.1300;9058.7300;47.3200;521.6500;2388.1200;8137.1000;8.4187;395.0000;0.033469;0.028958;0.001251;Healthy;WO842075;908.47
02-Jul-2026;ENG-081;78;2026-01-04 06:00:00;641.9500;1585.2200;1408.8100;553.0400;2388.1000;9065.2900;47.3100;521.5700;2388.0300;8149.8900;8.3748;392.0000;0.032327;-0.706191;0.001638;Healthy;WO725146;737.39
2026/07/02;ENG-037;51;2026-01-03 03:00:00;642.1600;1583.2100;1404.7900;554.1400;2388.0400;9050.3200;47.1900;521.9100;2388.0100;8136.0700;8.3670;391.0000;0.017628;-1.027316;0.001794;healthy;WO501505;2659.48
02-Jul-2026;ENG-080;56;2026-01-03 08:00:00;642.1500;1592.3500;1403.0500;553.4400;2388.0500;9061.7700;47.4600;520.8600;2388.0900;8142.6000;8.4371;392.0000;0.059524;-0.365136;0.001365;Healthy;WO180118;275.96
2026-07-02;ENG-054;47;2026-01-02 23:00:00;641.9100;1581.7900;1397.1900;555.0300;2388.0300;9059.0400;47.3200;522.1300;2387.9600;8137.7000;8.3770;391.0000;0.055576;-1.262011;0.002514;healthy;WO280852;358.67
2026-07-02;ENG-062;87;2026-01-04 15:00:00;641.7700;1587.9500;1397.2500;554.0300;2387.9900;9055.7100;47.0300;522.7800;2388.0100;8142.6600;8.4084;392.0000;0.045725;-1.187054;0.000913;Healthy;WO715281;1068.63
02-Jul-2026;  ENG-020 ;76;2026-01-04 04:00:00;642.6700;1586.0600;1405.6000;553.9900;2388.1200;9063.4100;47.3500;522.1200;2388.0100;8141.2300;8.4312;393.0000;0.052845;-0.470863;0.002006;Healthy;WO259501;871.00
2026/07/02;ENG-037;68;2026-01-03 20:00:00;642.3900;1592.3400;1399.4300;554.1100;2387.9900;9051.6300;47.1700;522.1700;2388.0700;8135.4100;8.4153;392.0000;0.008983;-0.823524;0.001444;Healthy;WO574023;1,865.26
2026/07/02;ENG-016;69;2026-01-03 21:00:00;642.4000;1588.6800;1398.8000;554.2100;2388.0500;9048.4900;47.3000;522.3800;2388.0400;8135.9400;8.4085;392.0000;0.017032;-0.788637;0.002128;healthy;WO173257;2,631.23
02-Jul-2026;ENG-067;43;2026-01-02 19:00:00;642.1800;1588.5600;1401.2300;553.7500;2388.0200;9059.4600;47.4500;522.4900;2388.0500;8138.6400;8.4405;393.0000;0.052466;-0.682558;0.004600;Healthy;WO922429;2,654.39
2026-07-02;ENG-084;75;2026-01-04 03:00:00;642.8600;1589.1400;1398.8800;553.5900;2388.0500;9060.6100;47.3800;521.7000;2388.1100;8133.1400;8.4216;393.0000;0.037582;-0.430824;0.002423;Healthy;WO427365;2324.76
2026-07-02;ENG-090;75;2026-01-04 03:00:00;642.0200;1594.5300;1408.6200;553.9700;2388.0400;9051.8800;47.6400;521.4000;2388.0500;8138.3100;8.4334;391.0000;0.072530;-0.166610;0.002308;Healthy;WO157862;291.19
2026-07-02;ENG-062;136;2026-01-06 16:00:00;642.7200;1581.2800;1396.0400;554.4100;2388.0000;9060.2600;47.2500;522.5300;2388.0300;8142.8200;8.4096;391.0000;0.050326;-1.079712;0.000913;Healthy;WO489279;2,963.00
02-Jul-2026;  ENG-028 ;105;2026-01-05 09:00:00;642.5000;1590.6400;1406.4600;553.7200;2388.0900;9046.7700;47.4800;521.6100;2388.0600;8127.1800;8.4714;391.0000;0.046259;-0.234119;0.001825;healthy;WO460085;1,245.37
02-Jul-2026;  ENG-091 ;85;2026-01-04 13:00:00;643.6200;1592.6800;1406.6300;552.2700;2388.1200;9053.6600;47.5200;521.2300;2388.1500;8121.7300;8.4348;393.0000;-0.007024;0.386875;0.002522;Healthy;WO230302;752.39
02-Jul-2026;ENG-008;95;2026-01-04 23:00:00;642.0500;1590.5200;1408.2700;552.8600;2388.0700;9047.0100;47.4000;521.1000;2388.0700;8124.8700;8.4759;394.0000;0.017158;0.022501;0.001581;Healthy;WO477179;296.60
2026/07/02;ENG-012;138;2026-01-06 18:00:00;642.1600;1594.2300;1403.7800;553.9700;2388.0400;9062.3400;47.1600;522.6600;2388.1000;8145.6500;8.4053;392.0000;0.020430;-0.855036;0.000244;Healthy;WO256198;2,178.90
2026-07-02;ENG-077;81;2026-01-04 09:00:00;642.5500;1587.4300;1406.6500;553.7400;2388.0500;9048.3600;47.5300;521.7400;2388.0800;8132.3000;8.4102;394.0000;0.038120;-0.263128;0.001577;Healthy;WO631457;1433.78
02-Jul-2026;ENG-088;28;2026-01-02 04:00:00;642.5100;1589.9200;1409.0100;553.7700;2388.1100;9046.3000;47.4600;521.7700;2388.1500;8124.2200;8.4541;393.0000;0.020332;-0.095955;0.003157;Healthy;WO357292;1,425.73
2026/07/02;ENG-059;61;2026-01-03 13:00:00;642.3000;1591.6000;1405.3300;553.9400;2388.0100;9051.7300;47.3700;521.8000;2388.0200;8135.3100;8.4058;390.0000;0.017010;-0.826214;0.002674;Healthy;WO824217;2865.58
2026/07/02;ENG-036;45;2026-01-02 21:00:00;642.9900;1592.2500;1415.0900;553.6700;2388.1800;9062.4500;47.6500;520.9100;2388.1200;8134.4500;8.4190;393.0000;-0.008611;0.365782;0.005039;Healthy;WO835653;818.38
2026-07-02;ENG-028;103;2026-01-05 07:00:00;641.8000;1588.8200;1397.2500;553.8400;2388.0800;9053.0800;47.5000;520.9900;2388.1100;8138.2800;8.4345;392.0000;0.032249;-0.408196;0.001309;Healthy;WO666866;2187.92
2026-07-02;ENG-082;66;2026-01-03 18:00:00;642.4800;1591.6100;1401.6400;554.2400;2388.0300;9069.0400;47.3100;521.6300;2388.0500;8146.7900;8.4043;391.0000;0.044759;-0.709048;0.002342;Healthy;WO268620;534.25
2026/07/02;ENG-064;106;2026-01-05 10:00:00;642.4900;1585.3300;1405.5000;553.8900;2388.0900;9051.4600;47.4500;521.7000;2388.1000;8134.1200;8.4497;394.0000;0.049695;-0.127359;0.002861;Healthy;WO442978;1629.37
2026-07-02;ENG-083;38;2026-01-02 14:00:00;642.6500;1591.4000;1403.3300;553.9300;2388.0900;9057.1000;47.2600;521.5500;2388.0100;8141.8600;8.4367;391.0000;0.047537;-0.482669;0.001480;Healthy;WO616742;1249.15
02-Jul-2026;ENG-073;54;2026-01-03 06:00:00;641.8300;1577.9500;1398.3700;553.6800;2388.0300;9052.5000;47.3500;521.7800;2388.0300;8130.7100;8.4290;393.0000;0.004599;-0.906435;0.002478;Healthy;WO366586;2190.17
2026/07/02;ENG-049;188;2026-01-08 20:00:00;642.2700;1590.6100;1401.5000;554.9300;2387.9900;9057.1800;47.4100;522.1800;2388.0500;8140.7800;8.4015;395.0000;0.027401;-0.723792;0.002028;healthy;WO286391;1964.21
2026-07-02;ENG-076;88;2026-01-04 16:00:00;642.1400;1588.7800;1400.3700;554.3700;2388.0400;9067.2000;47.3700;522.4800;2388.0600;8142.8500;8.4310;392.0000;0.032804;-0.914175;0.001907;Healthy;WO513750;1469.21
2026/07/02;eng-024;64;2026-01-03 16:00:00;641.5900;1582.8300;1401.9500;554.1700;2388.0500;9067.1700;47.2700;521.9200;2387.9700;8155.8600;8.4292;390.0000;0.069755;-1.121142;0.001726;Healthy;WO139354;842.59
02-Jul-2026;ENG-093;94;2026-01-04 22:00:00;643.2700;1592.0800;1415.3100;553.0300;2388.1200;9066.7500;47.6200;521.4500;2388.1800;8138.4600;8.4452;392.0000;0.026586;0.469893;0.001744;Healthy;WO371487;1490.22
2026/07/02;ENG-074;76;2026-01-04 04:00:00;642.0100;1588.3300;1403.6600;553.6900;2388.0600;9061.9100;47.4500;521.2500;2388.0300;8140.3100;8.4180;393.0000;0.044833;-0.524122;0.001233;healthy;WO455146;823.57
2026-07-02;ENG-019;67;2026-01-03 19:00:00;642.6000;1592.3700;1398.2000;553.9100;2388.0200;9067.4900;46.9800;522.3500;2388.0200;8139.8200;8.3997;392.0000;0.031002;-0.869423;0.002816;Healthy;WO702605;2291.27
2026-07-02;ENG-041;73;2026-01-04 01:00:00;642.7100;1585.7800;1400.0000;553.8300;2388.0800;9045.4300;47.3600;521.5000;2388.0900;8131.0900;8.4092;392.0000;-0.001812;-0.758901;0.003860;Healthy;WO743875;
2026-07-02;ENG-037;46;2026-01-02 22:00:00;642.3100;1591.4100;1404.3800;554.2100;2388.0600;9059.4100;47.3000;522.5300;2388.0500;8139.9100;8.3987;391.0000;0.024494;-0.960305;0.002525;healthy;WO244575;664.94
02-Jul-2026;  ENG-070 ;53;2026-01-03 05:00:00;642.5700;1580.9900;1403.3300;554.2400;2388.0600;9052.1400;47.3800;521.9600;2388.0300;8125.7300;8.4273;392.0000;0.006678;-0.722221;0.002549;Healthy;WO747635;1,910.67
2026/07/02;ENG-050;35;2026-01-02 11:00:00;642.4700;1590.4400;1411.2300;554.1800;2388.0100;9060.4800;47.3700;522.2000;2388.1000;8142.8700;8.4344;392.0000;0.052421;-0.472163;0.001434;Healthy;WO652629;766.21
2026-07-02;ENG-044;34;2026-01-02 10:00:00;643.3400;1593.3800;1395.3400;553.2400;2388.0700;9053.3200;47.2800;522.2000;2388.1500;8135.3600;8.4308;391.0000;0.045872;-0.261793;0.000449;Healthy;WO619057;2682.41
02-Jul-2026;ENG-040;48;2026-01-03 00:00:00;642.6700;1592.2000;1408.2900;552.3000;2388.1500;9053.5500;47.4100;521.5300;2388.1700;8137.3300;8.4306;394.0000;0.042300;0.126815;0.001780;Healthy;WO419985;2412.84
2026/07/02;ENG-066;78;2026-01-04 06:00:00;642.2000;1594.7500;1412.8200;553.6300;2388.0600;9068.3200;47.5400;521.6800;2388.0700;8147.6000;8.4116;392.0000;0.081405;-0.274144;0.002672;healthy;WO343587;387.78
2026/07/02;ENG-094;63;2026-01-03 15:00:00;642.8000;1589.5600;1411.5900;553.5600;2388.0500;9061.7200;47.3800;521.2500;2388.1000;8140.2700;8.4620;395.0000;0.074216;0.004496;0.001782;Healthy;WO895418;972.45
2026-07-02;eng-041;64;2026-01-03 16:00:00;642.0800;1577.3900;1401.5900;554.3400;2388.0000;9047.3900;47.0800;522.0700;2388.0400;8129.2800;8.3776;392.0000;-0.002321;-1.099364;0.006089;Healthy;WO858219;1,794.68
2026-07-02;ENG-043;93;2026-01-04 21:00:00;642.2100;1584.6300;1409.3200;554.2800;2388.0600;9053.5700;47.4900;521.7200;2388.0500;8127.3700;8.4171;394.0000;0.022257;-0.495459;0.003656;Healthy;WO441587;1,954.88
2026/07/02;ENG-023;63;2026-01-03 15:00:00;641.9400;1588.3300;1400.3300;554.5000;2388.0100;9047.3000;47.3000;522.0000;2388.0500;8138.8200;8.3763;392.0000;0.033871;-2.595115;0.004367;Healthy;WO107249;69.93
02-Jul-2026;eng-069;27;2026-01-02 03:00:00;642.3700;1591.3100;1405.6000;553.9500;2388.1100;9043.3600;47.4700;521.7400;2388.1000;8128.9000;8.4221;395.0000;0.028171;-0.141753;0.000958;Healthy;WO744047;2380.53
02-Jul-2026;ENG-058;66;2026-01-03 18:00:00;642.4800;1583.6600;1400.7800;553.7500;2388.0700;9043.2700;47.3600;521.8200;2388.0700;8132.8500;8.3762;394.0000;0.001702;-0.644510;0.009297;Healthy;WO149440;1548.06
02-Jul-2026;ENG-093;148;2026-01-07 04:00:00;642.7500;1589.6000;1409.2700;553.3200;2388.0900;9059.3600;47.6000;520.5800;2388.1300;8135.9800;8.4274;394.0000;0.012811;0.184620;0.001511;healthy;WO159528;461.56
02-Jul-2026;  ENG-061 ;97;2026-01-05 01:00:00;642.7900;1592.6000;1404.8500;553.8300;2388.0700;9073.8200;47.4700;521.4300;2388.0400;8145.4000;8.3804;393.0000;0.066780;-0.373628;0.003392;Healthy;WO655214;745.12
2026-07-02;ENG-060;93;2026-01-04 21:00:00;642.7400;1590.7800;1410.4100;552.8300;2388.0400;9042.9700;47.5000;522.0900;2388.0800;8140.4500;8.4475;393.0000;0.070605;-0.116359;0.000701;Healthy;WO979896;2148.42
02-Jul-2026;ENG-031;113;2026-01-05 17:00:00;642.7400;1575.5000;1406.6600;554.1500;2388.0800;9066.3500;47.4400;521.3700;2388.0700;8149.8300;8.4263;394.0000;0.042338;-0.483463;0.001790;Healthy;WO267840;431.83
2026/07/02;ENG-049;136;2026-01-06 16:00:00;642.6900;1591.9800;1394.8900;554.0400;2387.9800;9061.3000;47.3100;522.2200;2388.0600;8145.3800;8.3906;391.0000;0.033757;-1.021920;0.000488;HEALTHY;WO341609;123.20
02-Jul-2026;ENG-100;70;2026-01-03 22:00:00;642.0400;1579.8300;1406.0600;553.9900;2388.0500;9059.4000;47.3300;522.3000;2388.0100;8140.5200;8.4552;392.0000;0.040958;-0.831700;0.001381;Healthy;WO312730;1,476.34
2026/07/02;  ENG-052 ;116;2026-01-05 20:00:00;642.1400;1584.7000;1401.0500;554.8600;2388.0600;9063.1200;47.3300;521.9800;2387.9200;8139.7700;8.3986;392.0000;0.046006;-2.613465;0.007008;Healthy;WO163753;2,100.24
2026/07/02;ENG-032;92;2026-01-04 20:00:00;642.6300;1585.9400;1402.1800;554.6600;2388.0600;9072.4000;47.3400;522.2700;2387.9800;8153.0100;8.4054;393.0000;0.057712;-0.814213;0.000244;Healthy;WO844174;860.52
02-Jul-2026;eng-091;111;2026-01-05 15:00:00;642.7000;1586.5200;1411.1800;552.7000;2388.1100;9053.7800;47.2400;521.3200;2388.0300;8127.4200;8.4711;393.0000;0.016321;0.157079;0.002651;Healthy;WO158835;2418.73
2026-07-02;ENG-055;47;2026-01-02 23:00:00;642.8200;1584.6700;1403.1500;554.3400;2388.0700;9054.0800;47.3700;521.4600;2388.0400;8135.9400;8.4415;393.0000;0.026152;-0.428003;0.000323;Healthy;WO291312;156.22
2026-07-02;ENG-082;67;2026-01-03 19:00:00;641.9200;1588.6200;1400.4100;553.9700;2388.0100;9064.8400;47.2400;521.4000;2388.0600;8142.6000;8.4190;393.0000;0.030812;-0.711212;0.001402;Healthy;WO356514;2886.81
2026-07-02;ENG-081;75;2026-01-04 03:00:00;642.3000;1585.8200;1396.8900;554.1700;2387.9900;9071.3600;47.2900;522.2600;2388.0300;8151.5800;8.4008;393.0000;0.040615;-0.932837;0.000646;Healthy;WO851492;805.58
2026-07-02;  ENG-049 ;120;2026-01-06 00:00:00;642.4500;1584.2400;1399.3400;554.4500;2387.9900;9064.8200;47.1900;522.4100;2388.0400;8141.3900;8.4196;392.0000;0.039564;-1.082522;0.000977;Healthy;WO674842;1301.57
02-Jul-2026;  ENG-017 ;69;2026-01-03 21:00:00;642.4900;1589.2100;1399.4200;554.8400;2387.9900;9074.1400;47.1800;522.4300;2387.9700;8156.7400;8.4026;392.0000;0.054840;-1.071985;0.001691;Healthy;WO825223;1,615.27
2026/07/02;ENG-032;72;2026-01-04 00:00:00;642.2100;1593.9300;1402.9100;554.3700;2388.0300;9066.6400;47.2800;522.7300;2387.9300;8154.1700;8.3857;392.0000;0.073649;-1.051141;0.002367;Healthy;WO517125;2608.04
2026/07/02;ENG-051;81;2026-01-04 09:00:00;642.2700;1588.9300;1404.7800;553.2000;2388.1400;9053.9000;47.3400;521.8700;2388.0500;8133.2400;8.4566;395.0000;0.053509;-0.140861;0.002549;Healthy;WO396661;1966.13
2026-07-02;  ENG-029 ;88;2026-01-04 16:00:00;642.4600;1588.9400;1397.5900;553.9000;2388.0200;9052.2200;47.4600;521.6900;2388.0400;8139.7500;8.4126;392.0000;0.029038;-0.801310;0.002970;Healthy;WO733670;1123.18
02-Jul-2026;eng-092;59;2026-01-03 11:00:00;643.2100;1583.2700;1406.0200;553.9900;2388.1400;9041.6700;47.4400;521.2700;2388.1100;8123.7200;8.4310;393.0000;-0.011611;-0.024466;0.005287;Healthy;WO521161;2021.93
2026/07/02;ENG-034;120;2026-01-06 00:00:00;642.7100;1586.1900;1394.5600;554.0000;2388.0800;9062.6200;47.4400;521.0500;2388.0300;8143.5000;8.4227;392.0000;0.029984;-0.596179;0.000000;Healthy;WO455381;1636.29
02-Jul-2026;ENG-095;31;2026-01-02 07:00:00;642.5700;1586.9400;1407.5300;554.1700;2388.0400;9046.0700;47.1700;521.9000;2388.1100;8130.4400;8.4075;392.0000;-0.006854;-0.779213;0.003000;Warning;WO673046;16613.78
2026/07/02;ENG-028;90;2026-01-04 18:00:00;642.6000;1598.6000;1397.6900;552.9600;2388.0500;9045.3100;47.3900;521.2600;2388.0700;8126.4700;8.4263;393.0000;0.047614;-0.147096;0.000756;Healthy;WO568046;483.24
2026-07-02;ENG-021;86;2026-01-04 14:00:00;641.6300;1585.2700;1390.6200;554.9100;2388.0400;9059.6000;47.1700;521.7100;2388.0000;8140.8900;8.3916;392.0000;0.024180;-1.192555;;Healthy;WO711043;1437.89
2026/07/02;ENG-065;39;2026-01-02 15:00:00;642.2300;1590.1900;1395.9300;554.4000;2387.9800;9063.7100;47.2300;522.9300;2387.9800;8154.1800;8.4088;391.0000;0.085435;-1.175561;0.003751;Healthy;WO511615;757.19
02-Jul-2026;eng-057;67;2026-01-03 19:00:00;642.4700;1590.0400;1407.6900;554.1000;2388.0800;9044.6500;47.6600;521.4900;2388.1400;8130.9200;8.4500;391.0000;0.038552;-0.201184;0.002921;Healthy;WO581689;2,347.63
2026-07-02;  ENG-007 ;105;2026-01-05 09:00:00;642.1600;1581.2800;1397.1300;554.7300;2388.0400;9054.7900;47.1200;522.3500;2388.0000;8133.8300;8.4279;392.0000;0.026659;-1.074018;0.002514;Healthy;WO425568;2563.91
02-Jul-2026;ENG-063;88;2026-01-04 16:00:00;642.7400;1584.6400;1414.5700;553.5500;2388.1000;9048.0600;47.5500;521.7500;2388.1400;8129.3400;8.4296;393.0000;0.018575;0.012671;0.003834;Healthy;WO482523;1290.79
02-Jul-2026;eng-012;106;2026-01-05 10:00:00;642.1300;1586.5100;1396.7500;554.9900;2388.0200;9058.1600;47.2600;522.2300;2388.0300;8137.8500;8.3763;391.0000;0.017994;-1.149208;0.000846;Healthy;WO792891;2535.03
02-Jul-2026;ENG-008;105;2026-01-05 09:00:00;642.5800;1588.4000;1404.3700;552.5800;2388.1000;9051.4800;47.3700;521.2500;2388.0900;8130.5700;8.4433;393.0000;0.042567;-0.001171;0.001749;Healthy;WO216511;994.18
2026-07-02;ENG-056;51;2026-01-03 03:00:00;642.9100;1590.0800;1405.6100;552.6800;2388.1300;9046.1900;47.5300;521.3200;2388.1500;8123.8800;8.4206;393.0000;0.017479;0.081214;0.001212;Healthy;WO299928;1438.38
2026/07/02;ENG-081;92;2026-01-04 20:00:00;642.3000;1591.5100;1396.4100;554.4900;2388.1000;9064.0500;47.2500;521.8500;2388.0700;8148.4400;8.4287;391.0000;-0.031361;-2.687209;0.004980;Healthy;WO659454;1905.28
2026/07/02;ENG-013;69;2026-01-03 21:00:00;642.4700;1592.8300;1399.3800;554.1500;2388.0400;9057.3400;47.3100;522.3100;2388.0100;8141.1200;8.4340;392.0000;0.040300;-0.769940;0.001709;Healthy;WO781598;2,234.27
2026/07/02;ENG-056;77;2026-01-04 05:00:00;642.8700;1586.7400;1423.8500;552.8800;2388.2100;9044.0100;47.6000;521.7100;2388.1400;8126.2900;8.4448;395.0000;-0.047980;0.354712;0.005516;Warning;WO536896;13019.43
2026-07-02;ENG-080;78;2026-01-04 06:00:00;642.4500;1588.5500;1406.6700;553.5100;2388.0700;9067.6500;47.2800;521.8700;2388.0600;8145.3800;8.4129;391.0000;0.042351;-0.674841;0.001554;healthy;WO804328;682.70
2026-07-02;  ENG-013 ;73;2026-01-04 01:00:00;641.6900;1583.4200;1398.9000;554.1800;2388.0500;9060.1700;47.0600;522.3600;2387.9900;8146.6900;8.4132;392.0000;0.049173;-1.205386;0.000345;Healthy;WO800186;578.64
2026-07-02;ENG-066;77;2026-01-04 05:00:00;642.6600;1590.4100;1403.1000;553.2700;2388.0700;9064.3600;47.7100;521.5100;2388.1000;8148.6100;8.4150;394.0000;0.092620;0.028232;0.003889;Healthy;WO363411;376.78
2026-07-02;ENG-097;65;2026-01-03 17:00:00;642.3000;1587.1000;1392.6900;554.4200;2388.0200;9061.2800;47.3300;522.0000;2387.9300;8146.7600;8.4240;392.0000;0.071368;-1.034851;0.005327;Healthy;WO843010;1410.77
2026-07-02;ENG-072;83;2026-01-04 11:00:00;642.4200;1586.9600;1410.7000;554.3700;2388.0600;9061.7800;47.3600;522.2600;2388.0100;8144.3300;8.4467;394.0000;0.052762;-0.571699;0.001851;Healthy;WO137306;
2026/07/02;ENG-090;55;2026-01-03 07:00:00;642.6700;1583.5500;1407.7800;553.4500;2388.1300;9048.2200;47.6900;521.5800;2388.0700;8132.0500;8.4344;393.0000;0.015123;0.059615;0.002868;HEALTHY;WO897741;1786.60
02-Jul-2026;ENG-013;112;2026-01-05 16:00:00;642.4500;1585.2200;1395.6500;553.9300;2387.9900;9060.2700;47.1100;522.5400;2388.0300;8140.3200;8.4093;390.0000;0.050545;-1.097609;0.001922;Healthy;WO420601;
02-Jul-2026;ENG-082;61;2026-01-03 13:00:00;642.4900;1590.7600;1402.7300;553.5700;2388.1300;9062.9600;47.2000;521.5400;2388.0200;8143.5800;8.3996;391.0000;0.037774;-0.525522;0.002800;Healthy;WO638611;1890.92
2026-07-02;ENG-027;78;2026-01-04 06:00:00;642.4700;1587.0100;1398.4100;554.5600;2388.0600;9053.0000;47.0800;522.5700;2388.0600;8132.3500;8.4397;392.0000;0.009291;-0.962694;0.000546;Healthy;WO555510;2218.58
02-Jul-2026;ENG-092;95;2026-01-04 23:00:00;642.5900;1592.9600;1417.8800;552.7200;2388.2200;9039.8900;47.6100;520.7700;2388.2300;8121.5800;8.4528;393.0000;-0.100117;0.579766;0.005707;Warning;WO404943;6,230.26
2026/07/02;ENG-013;83;2026-01-04 11:00:00;642.8200;1582.4400;1399.1100;554.7500;2388.0400;9060.3200;47.3900;522.3500;2387.9900;8140.1500;8.4055;391.0000;0.050867;-1.052738;0.000913;Healthy;WO968352;2,922.63
2026-07-02;  ENG-004 ;60;2026-01-03 12:00:00;642.5600;1592.9600;1408.1400;553.7800;2388.1300;9055.0100;47.4700;521.8300;2388.0900;8133.6800;8.4586;392.0000;0.056450;-0.136722;0.001779;Healthy;WO131909;1,329.48
2026/07/02;  ENG-023 ;62;2026-01-03 14:00:00;642.1100;1584.5300;1392.3500;553.8800;2388.0600;9050.6500;47.1600;522.1600;2388.0200;8131.5400;8.4056;393.0000;0.015815;-0.990831;0.001269;Healthy;WO641358;1,381.70
2026-07-02;ENG-075;44;2026-01-02 20:00:00;641.9900;1582.6600;1407.0400;554.3000;2388.0800;9059.0700;47.3300;522.2900;2388.0900;8136.5500;8.4304;393.0000;0.018726;-0.710013;0.001619;Healthy;WO641596;2168.17
02-Jul-2026;ENG-068;83;2026-01-04 11:00:00;641.7500;1580.6600;1404.3800;554.2900;2388.0300;9055.5600;47.4700;521.8500;2388.0600;8142.6700;8.4149;391.0000;0.019526;-0.841725;0.001505;Healthy;WO518781;2902.77
02-Jul-2026;ENG-021;93;2026-01-04 21:00:00;642.4800;1581.0600;1401.8800;554.0000;2388.0100;9052.8800;47.2100;522.0000;2388.0200;8141.8400;8.4109;391.0000;0.026927;-0.929943;0.001485;Healthy;WO570948;1085.44
02-Jul-2026;ENG-058;79;2026-01-04 07:00:00;642.1800;1591.3600;1409.6000;554.1500;2388.0900;9047.6400;47.1500;522.1700;2388.0800;8135.2600;8.3842;392.0000;0.003782;-0.759157;0.004428;Healthy;WO769095;2,209.69
2026/07/02;ENG-010;93;2026-01-04 21:00:00;641.9800;1586.6800;1403.1600;554.1600;2388.0000;9061.8600;47.3500;522.5500;2387.9800;8143.2000;8.4181;392.0000;0.055919;-0.949540;;Healthy;WO795798;182.86
2026-07-02;ENG-091;91;2026-01-04 19:00:00;643.1200;1591.6500;1409.1400;553.5800;2388.1300;9048.6600;47.4600;521.2300;2388.1400;8123.8800;8.4724;393.0000;-0.006646;0.169707;0.001527;Healthy;WO548609;2,762.77
2026-07-02;ENG-072;53;2026-01-03 05:00:00;642.2600;1589.2700;1404.6500;554.3600;2388.0300;9058.7200;47.3200;522.2900;2387.9800;8144.6900;8.3881;394.0000;0.026392;-0.829860;0.003418;Healthy;WO963810;2400.22
2026/07/02;ENG-023;73;2026-01-04 01:00:00;642.1300;1587.0000;1407.3300;554.2500;2388.0300;9048.6800;47.0800;522.3900;2388.0200;8128.5000;8.4181;392.0000;0.008608;-0.941684;0.001269;Healthy;WO262804;2388.72
2026-07-02;eng-100;85;2026-01-04 13:00:00;641.7400;1584.5800;1401.6300;554.5300;2388.0500;9057.8700;47.2900;522.5100;2387.9800;8136.2700;8.3917;394.0000;0.024127;-1.068552;0.001691;Healthy;WO503488;780.96
2026-07-02;ENG-020;90;2026-01-04 18:00:00;642.6000;1584.4600;1401.7400;553.3300;2388.0100;9068.6400;47.5000;521.6600;2388.0800;8147.0000;8.4499;393.0000;0.064924;-0.466430;0.002481;Healthy;WO274939;491.48
2026/07/02;ENG-031;83;2026-01-04 11:00:00;642.1900;1586.9100;1407.8000;554.4300;2388.0500;9070.0200;47.4300;522.0800;2388.0300;8148.2900;8.3972;392.0000;0.052269;-0.669863;0.000299;Healthy;WO552020;969.31
02-Jul-2026;eng-045;95;2026-01-04 23:00:00;642.7700;1590.0600;1414.7600;553.8700;2388.1100;9061.1400;47.5400;521.6200;2388.0800;8142.9600;8.4433;392.0000;0.073832;-0.005759;0.001617;Healthy;WO346258;2530.58
2026-07-02;ENG-017;58;2026-01-03 10:00:00;641.4600;1586.2800;1400.6300;554.4600;2388.0400;9069.0500;47.4200;522.2200;2387.9900;8149.4100;8.4037;392.0000;0.052789;-1.071620;0.000846;Healthy;WO128647;866.13
02-Jul-2026;ENG-043;89;2026-01-04 17:00:00;642.5400;1589.2500;1407.2700;554.6200;2388.0700;9050.6300;47.2700;521.7400;2388.1000;8135.9000;8.4367;394.0000;0.030008;-0.368842;0.001610;healthy;WO643870;995.44
2026/07/02;ENG-016;62;2026-01-03 14:00:00;642.5400;1577.6100;1403.6100;553.8200;2388.0100;9052.5800;47.2000;522.0000;2388.0600;8136.5600;8.3878;393.0000;0.005227;-0.874580;0.002889;Healthy;WO733457;2,405.22
02-Jul-2026;ENG-063;75;2026-01-04 03:00:00;642.7400;1586.5900;1408.4300;553.8500;2388.0900;9048.4400;47.5300;521.3100;2388.1600;8122.5900;8.4448;393.0000;0.007964;-0.062799;0.001286;Healthy;WO885599;1202.70
2026/07/02;ENG-051;49;2026-01-03 01:00:00;642.2700;1586.0000;1397.1900;553.8500;2388.0300;9048.3400;47.5400;521.6600;2388.1100;8131.6000;8.4213;392.0000;0.012800;-0.658238;0.002035;Healthy;WO740357;216.10
02-Jul-2026;ENG-026;31;2026-01-02 07:00:00;642.1200;1589.4200;1404.7300;554.0900;2387.9900;9060.8100;47.3100;522.7200;2388.0500;8146.0500;8.4474;392.0000;0.043055;-0.909483;0.001656;Healthy;WO996922;
2026/07/02;ENG-074;49;2026-01-03 01:00:00;642.6100;1590.9200;1406.5300;553.8500;2388.0900;9062.6300;47.5600;521.6400;2388.1100;8141.8300;8.4242;392.0000;0.059627;-0.223122;0.001295;Healthy;WO967419;2,313.65
02-Jul-2026;ENG-038;51;2026-01-03 03:00:00;642.6000;1594.2100;1409.2500;552.9600;2388.1000;9056.5600;47.4300;521.5100;2388.1200;8131.8500;8.4157;393.0000;0.051286;0.047494;0.001910;healthy;WO802935;2035.13
2026-07-02;ENG-068;115;2026-01-05 19:00:00;642.4000;1592.1300;1408.1300;553.1200;2388.0800;9061.9800;47.3100;521.8100;2388.1100;8139.1400;8.4277;391.0000;0.057356;-0.197648;0.001869;Warning;WO721699;10,168.29
2026/07/02;ENG-016;55;2026-01-03 07:00:00;642.2500;1585.0800;1400.0400;553.8700;2388.0200;9048.4300;47.2700;522.1400;2388.0300;8135.0700;8.4129;391.0000;0.019797;-0.877347;0.002784;Healthy;WO629435;492.11
2026-07-02;ENG-045;54;2026-01-03 06:00:00;642.7800;1590.3700;1415.5800;552.5000;2388.1300;9056.1600;47.7300;521.7300;2388.0800;8139.7600;8.4446;393.0000;0.057549;0.164939;0.002105;Healthy;WO557048;2321.96
02-Jul-2026;ENG-050;38;2026-01-02 14:00:00;642.2300;1590.9300;1401.0700;554.3300;2388.0400;9057.1100;47.2500;522.0300;2388.0300;8145.0100;8.4015;392.0000;0.024233;-0.857219;0.001119;Healthy;WO266654;987.01
2026-07-02;ENG-057;68;2026-01-03 20:00:00;642.3400;1587.1100;1403.4900;553.5800;2388.1500;9051.4200;47.5500;521.7700;2388.0600;8131.9700;8.4335;391.0000;0.030846;-0.419613;0.000701;healthy;WO457076;585.08
2026/07/02;eng-080;51;2026-01-03 03:00:00;642.1300;1586.0000;1403.3100;553.7300;2388.0800;9068.5700;47.4200;522.1200;2388.0600;8142.3900;8.4128;394.0000;0.049676;-0.642518;0.002995;Healthy;WO174544;2683.50
2026/07/02;ENG-084;63;2026-01-03 15:00:00;642.8400;1582.9600;1402.9100;554.1500;2388.0500;9056.5300;47.5000;521.3800;2388.0800;8133.9800;8.4534;393.0000;0.039783;-0.308522;0.002418;Healthy;WO661718;
2026-07-02;ENG-018;69;2026-01-03 21:00:00;642.5600;1588.5000;1396.9500;553.9400;2387.9900;9057.4400;47.2500;521.8900;2388.0400;8142.2300;8.3992;391.0000;0.039778;-0.882334;0.002417;Healthy;WO770370;1,505.95
2026/07/02;ENG-049;140;2026-01-06 20:00:00;642.4000;1582.6000;1403.0400;555.4600;2388.0700;9056.4600;47.2600;522.3800;2388.0100;8140.3500;8.4296;392.0000;0.016912;-0.857158;0.002277;healthy;WO974186;2990.59
2026/07/02;ENG-088;45;2026-01-02 21:00:00;642.2100;1585.1900;1410.2500;552.6300;2388.1300;9040.5400;47.5500;521.6600;2388.1100;8126.2200;8.4397;391.0000;0.035643;-0.177549;0.002946;Healthy;WO548295;107.70
2026/07/02;ENG-070;60;2026-01-03 12:00:00;642.3100;1591.2600;1396.1100;553.7900;2388.1400;9049.5400;47.4500;521.4200;2388.0700;8130.7000;8.4436;392.0000;0.035088;-0.324666;0.002768;Healthy;WO115588;1875.03
2026/07/02;ENG-058;81;2026-01-04 09:00:00;642.0000;1592.4500;1397.4600;554.7700;2388.0900;9055.8000;47.1900;522.0100;2388.0800;8133.5500;8.4358;394.0000;0.003313;-0.770531;0.001245;Healthy;WO910697;
02-Jul-2026;ENG-061;59;2026-01-03 11:00:00;642.3900;1584.2900;1403.0600;553.6000;2388.0500;9058.9500;47.3000;521.8300;2388.0500;8149.4300;8.3882;390.0000;-0.038483;-2.573202;0.003239;Healthy;WO646008;2,416.02
2026/07/02;  ENG-089 ;76;2026-01-04 04:00:00;642.9800;1585.3600;1405.6500;554.5500;2388.1000;9049.3700;47.6000;521.6300;2388.1500;8127.0400;8.4386;394.0000;0.015239;-0.058894;0.001767;HEALTHY;WO429052;1164.83
2026-07-02;ENG-019;89;2026-01-04 17:00:00;642.0200;1578.6100;1400.1100;554.3400;2388.0400;9053.1800;47.1100;521.7600;2388.0600;8140.8100;8.4009;392.0000;-0.001528;-0.944909;0.000810;Healthy;WO285563;798.23
02-Jul-2026;ENG-015;46;2026-01-02 22:00:00;642.7900;1583.9100;1402.8500;554.1100;2388.0700;9062.3800;47.1800;522.0000;2388.0700;8135.6300;8.3697;392.0000;-0.000333;-0.852233;0.006147;Healthy;WO572919;2857.15
2026/07/02;ENG-076;108;2026-01-05 12:00:00;642.4400;1587.9900;1408.8400;554.2300;2388.0100;9059.9300;47.3000;521.7100;2388.0700;8139.9800;8.3865;392.0000;0.026141;-0.623593;0.000386;Healthy;WO671914;236.44
2026-07-02;ENG-060;60;2026-01-03 12:00:00;642.2900;1589.1700;1406.7000;554.1100;2388.1300;9050.6900;47.1600;522.2000;2388.0700;8137.4000;8.4407;393.0000;0.021528;-0.483181;0.002075;healthy;WO173386;2,949.15
2026/07/02;ENG-058;102;2026-01-05 06:00:00;642.1400;1587.4900;1401.3000;554.0500;2388.1300;9050.1500;47.3700;521.3800;2388.0900;8128.7400;8.4014;393.0000;0.003968;-0.571613;0.005718;Healthy;WO256739;1,509.91
02-Jul-2026;  ENG-055 ;76;2026-01-04 04:00:00;642.5400;1589.5500;1400.6000;553.3200;2388.1300;9052.9400;47.2800;521.9800;2388.0500;8139.0200;8.3924;392.0000;0.029654;-0.544436;0.002135;Healthy;WO625433;1758.86
02-Jul-2026;ENG-100;113;2026-01-05 17:00:00;642.4400;1585.8500;1409.4900;554.6800;2388.0000;9058.8800;47.3000;521.5000;2388.0300;8149.3200;8.4111;393.0000;0.039109;-0.527890;0.002740;Healthy;WO166106;633.40
2026/07/02;ENG-045;82;2026-01-04 10:00:00;642.5600;1587.5600;1398.5800;553.4900;2388.1300;9068.0800;47.6100;521.8500;2388.0600;8143.7000;8.4038;393.0000;0.070552;-0.211322;0.001982;Healthy;WO565857;1637.98
02-Jul-2026;  ENG-047 ;28;2026-01-02 04:00:00;643.1300;1593.5100;1411.3500;552.9300;2388.1500;9051.0700;47.7900;521.1300;2388.1600;8123.4200;8.4500;395.0000;-0.041203;0.524433;0.003422;Warning;WO560627;14636.04
2026-07-02;ENG-032;75;2026-01-04 03:00:00;642.7900;1583.6900;1399.7900;554.3700;2387.9800;9060.7900;47.2300;522.5000;2388.0900;8153.9200;8.4130;393.0000;0.035080;-0.961907;0.001245;HEALTHY;WO618033;2926.66
02-Jul-2026;ENG-029;87;2026-01-04 15:00:00;642.8000;1582.5800;1408.8800;553.7300;2388.0700;9061.6300;47.4100;522.3400;2388.0100;8135.5800;8.4111;392.0000;0.049178;-0.452269;0.001642;healthy;WO525309;2885.54
2026-07-02;ENG-052;105;2026-01-05 09:00:00;642.3200;1578.8600;1401.8000;553.8900;2388.0500;9059.7400;47.1900;521.8000;2388.0500;8143.0600;8.3332;391.0000;0.009987;-1.162222;0.003845;Healthy;WO795236;837.94
2026-07-02;ENG-091;118;2026-01-05 22:00:00;642.6200;1594.1600;1410.6600;553.3200;2388.1500;9049.4300;47.5100;520.8600;2388.1200;8134.4700;8.4539;393.0000;-0.008940;0.271571;0.002520;Healthy;WO989533;
2026-07-02;ENG-096;48;2026-01-03 00:00:00;642.4000;1579.2200;1402.7700;554.5700;2387.9700;9070.9100;47.0500;522.3600;2388.0200;8144.8100;8.4024;392.0000;0.032081;-1.231053;0.002490;Healthy;WO981393;2,371.06
2026/07/02;ENG-076;131;2026-01-06 11:00:00;642.2300;1588.0800;1404.0900;553.4400;2388.0300;9074.8100;47.6100;521.7900;2388.0400;8150.8100;8.4170;393.0000;0.081025;-0.426810;0.003162;Healthy;WO720688;2408.30
2026-07-02;ENG-081;72;2026-01-04 00:00:00;642.2500;1589.1900;1402.4500;554.2700;2388.0100;9062.2000;47.4100;521.7400;2388.0300;8149.5600;8.4091;395.0000;0.045137;-0.656892;0.000518;Warning;WO596758;14061.98
02-Jul-2026;ENG-075;37;2026-01-02 13:00:00;642.4800;1584.9900;1395.1500;554.3400;2388.0100;9062.7000;47.3800;522.1300;2388.0600;8141.9500;8.4153;391.0000;0.030867;-0.984629;0.001315;Healthy;WO644391;2435.23
2026-07-02;ENG-036;62;2026-01-03 14:00:00;642.7600;1591.1000;1407.5900;552.9300;2388.1000;9053.9000;47.5800;520.9900;2388.1400;8139.9800;8.4446;394.0000;0.036881;0.216258;0.003486;Warning;WO452635;11448.17
2026-07-02;ENG-082;83;2026-01-04 11:00:00;642.9800;1589.1800;1396.9500;553.9700;2388.0200;9070.0200;47.4400;521.2000;2388.0100;8140.8200;8.3979;393.0000;0.041808;-0.598038;0.001078;Healthy;WO214397;969.65
2026-07-02;ENG-019;50;2026-01-03 02:00:00;642.5600;1590.6000;1401.6100;554.7200;2388.0100;9050.8600;47.1900;522.6700;2388.0200;8132.9600;8.3900;391.0000;0.033544;-1.077492;0.002072;Healthy;WO783427;1787.31
2026/07/02;ENG-098;80;2026-01-04 08:00:00;642.3200;1592.6500;1407.9600;552.4600;2388.0400;9064.3100;47.3900;521.4600;2388.0500;8142.3000;8.4702;392.0000;0.095773;-0.065975;0.002530;Healthy;WO593025;2,301.11
2026-07-02;ENG-023;64;2026-01-03 16:00:00;642.1500;1586.1100;1396.1100;554.5100;2388.0300;9045.7200;47.1300;522.6500;2388.0000;8136.1300;8.4120;391.0000;0.049861;-1.178913;0.002290;Healthy;WO217382;1235.43
2026-07-02;ENG-082;100;2026-01-05 04:00:00;642.6300;1587.8600;1411.6000;553.7000;2388.0600;9064.2000;47.6500;521.9200;2388.1000;8141.5400;8.4578;393.0000;0.078161;-0.200075;0.001172;Healthy;WO157663;2,320.89
2026/07/02;ENG-100;93;2026-01-04 21:00:00;642.2900;1587.4800;1409.3100;554.3400;2388.0500;9062.5800;47.3100;522.0200;2388.0400;8145.5500;8.4739;392.0000;0.052665;-0.522283;0.000961;Healthy;WO213445;314.85
02-Jul-2026;  ENG-089 ;66;2026-01-03 18:00:00;642.7900;1590.9400;1406.8100;553.7500;2388.1100;9046.1900;47.3300;521.2400;2388.1200;8129.2900;8.4599;392.0000;0.015656;-0.020583;;Healthy;WO588890;1061.04
2026/07/02;ENG-026;27;2026-01-02 03:00:00;642.2900;1576.6300;1396.6200;553.8500;2388.0100;9066.4600;47.3500;521.3500;2388.0300;8141.6200;8.4035;391.0000;0.034291;-0.938147;0.001119;Healthy;WO485551;2821.08
2026-07-02;ENG-031;84;2026-01-04 12:00:00;641.9700;1588.3500;1401.7600;554.1700;2388.0700;9059.3100;47.3000;522.2500;2388.0100;8149.7400;8.4052;392.0000;0.036413;-0.883609;0.001891;Healthy;WO373939;244.21
02-Jul-2026;ENG-024;113;2026-01-05 17:00:00;642.3800;1578.3000;1402.3700;554.3500;2387.9600;9075.9500;47.3300;522.4000;2388.0500;8162.2800;8.4028;391.0000;0.058876;-1.034249;0.002013;Healthy;WO498763;2719.91
2026/07/02;ENG-049;159;2026-01-07 15:00:00;642.4500;1576.6600;1401.1400;554.1900;2388.0500;9058.1200;47.2700;521.5300;2388.0300;8140.7700;8.3982;390.0000;0.014788;-0.923757;0.002674;Healthy;WO824617;136.28
2026/07/02;ENG-015;37;2026-01-02 13:00:00;642.4300;1586.8100;1405.7700;554.6800;2387.9900;9048.1900;47.2800;522.4400;2388.0300;8139.5700;8.3961;392.0000;0.012423;-0.910552;0.001007;Healthy;WO563935;1,488.40
02-Jul-2026;ENG-073;53;2026-01-03 05:00:00;642.3100;1586.1400;1401.3900;554.4100;2388.0500;9053.6000;47.1600;522.5700;2388.0200;8133.1600;8.4142;392.0000;0.022067;-1.041003;0.003220;Healthy;WO840818;583.63
2026-07-02;ENG-016;52;2026-01-03 04:00:00;642.5500;1586.0000;1402.1400;554.4800;2387.9900;9054.1900;47.2900;522.3200;2388.0900;8136.7100;8.3883;391.0000;0.006454;-0.963580;0.001726;healthy;WO664991;
2026/07/02;ENG-082;91;2026-01-04 19:00:00;642.5000;1591.8500;1406.1700;553.8200;2388.0600;9069.2800;47.4300;522.0300;2388.0800;8144.6900;8.4249;393.0000;0.072582;-0.299160;0.002429;Healthy;WO233358;803.43
2026-07-02;  ENG-010 ;70;2026-01-03 22:00:00;642.1400;1580.5700;1400.4400;554.3500;2388.0000;9065.1500;47.2500;522.0900;2388.0600;8142.4700;8.4000;392.0000;0.020110;-1.092547;0.003107;Healthy;WO864761;2,331.51
02-Jul-2026;ENG-062;131;2026-01-06 11:00:00;641.7300;1584.8600;1397.4400;554.4800;2388.0200;9052.6000;47.1200;522.6200;2387.9900;8140.1300;8.4155;391.0000;0.051554;-1.198613;0.000598;Healthy;WO269461;1,519.10
02-Jul-2026;ENG-095;45;2026-01-02 21:00:00;642.3500;1590.6300;1403.9200;553.7800;2388.0900;9044.6300;47.3500;521.8000;2388.0700;8130.7900;8.4108;392.0000;0.012774;-0.685904;0.000913;Healthy;WO248457;165.50
2026/07/02;ENG-084;83;2026-01-04 11:00:00;642.1800;1588.4000;1405.7600;553.8800;2388.1200;9059.7400;47.6300;521.9300;2388.1000;8137.7000;8.4516;392.0000;0.054348;-0.353014;0.000854;Healthy;WO128976;1285.41
2026/07/02;ENG-001;15;2026-01-01 15:00:00;642.5000;1584.8100;1398.7900;554.1500;2388.0000;9052.5900;47.3500;521.3800;2388.0000;8133.6200;8.4163;392.0000;0.016279;-0.800785;0.001922;Healthy;WO632339;549.28
2026-07-02;ENG-093;147;2026-01-07 03:00:00;642.7600;1590.1000;1412.0600;552.4500;2388.1600;9057.7300;47.7100;521.6100;2388.1700;8143.8000;8.4801;393.0000;0.024470;0.412981;0.002655;Healthy;WO445238;2807.12
02-Jul-2026;eng-072;54;2026-01-03 06:00:00;642.8000;1593.3600;1397.8800;554.0600;2387.9900;9066.3800;47.2700;521.0800;2388.0300;8148.6700;8.4199;393.0000;0.053803;-0.518332;0.002955;Healthy;WO226607;1,668.86
02-Jul-2026;ENG-051;80;2026-01-04 08:00:00;642.1600;1589.2300;1403.2000;553.7200;2388.0600;9046.3400;47.4300;521.7100;2388.0400;8134.8800;8.4042;393.0000;0.038183;-0.394719;0.001132;Healthy;WO494151;1,658.61
02-Jul-2026;  ENG-047 ;29;2026-01-02 05:00:00;642.2000;1587.7700;1408.8200;553.1700;2388.1000;9044.5100;47.6200;521.4500;2388.1200;8121.7500;8.4575;394.0000;-0.007730;0.066567;0.006078;Healthy;WO375295;416.75
02-Jul-2026;ENG-060;96;2026-01-05 00:00:00;642.8800;1593.4600;1401.6600;553.9300;2388.1300;9056.1500;47.5100;521.7400;2388.0900;8134.7200;8.4615;393.0000;0.056774;-0.036993;0.003651;Healthy;WO814847;1220.64
2026/07/02;ENG-034;136;2026-01-06 16:00:00;642.1500;1581.2500;1404.1900;554.4300;2388.1300;9062.7400;47.2800;521.5300;2388.0500;8146.6000;8.4203;394.0000;0.031930;-0.492517;0.001292;Healthy;WO422756;2246.01
2026-07-02;ENG-056;81;2026-01-04 09:00:00;643.0300;1592.9100;1415.7700;552.6500;2388.1200;9048.0300;47.6300;521.0800;2388.2100;8124.7800;8.4617;394.0000;-0.051358;0.579998;0.007076;healthy;WO575177;2776.08
02-Jul-2026;ENG-091;133;2026-01-06 13:00:00;642.9800;1587.5000;1414.0800;552.9500;2388.1600;9055.9300;47.6100;521.4000;2388.2100;8127.8200;8.4436;395.0000;-0.033179;0.440066;0.003707;Warning;WO760253;
2026-07-02;ENG-086;51;2026-01-03 03:00:00;642.5800;1583.0000;1404.7400;553.4300;2388.0500;9061.1900;47.2000;522.0000;2388.1200;8138.6800;8.4633;394.0000;0.044540;-0.409378;;Healthy;WO372605;
2026/07/02;ENG-011;39;2026-01-02 15:00:00;641.9700;1590.6200;1415.2400;552.9900;2388.1500;9038.8600;47.6900;521.3300;2388.1000;8121.3700;8.4684;392.0000;-0.032000;0.151115;0.004136;Healthy;WO432944;299.16
2026-07-02;eng-015;42;2026-01-02 18:00:00;642.4100;1584.1800;1398.6000;554.0700;2388.0500;9054.5000;47.2600;522.0200;2388.0800;8139.4300;8.4103;394.0000;0.012651;-0.798082;0.002847;Healthy;WO542848;1,610.87
2026-07-02;ENG-079;48;2026-01-03 00:00:00;642.4200;1581.6200;1398.1800;554.5300;2388.0800;9051.3100;47.3100;522.4600;2388.0700;8133.5700;8.3980;392.0000;0.007099;-0.988272;0.003914;Healthy;WO258882;1815.81
2026/07/02;eng-032;87;2026-01-04 15:00:00;641.9000;1590.5700;1398.3500;555.5500;2388.0100;9072.8600;47.2600;522.5300;2388.0100;8158.4400;8.4049;391.0000;0.062164;-1.159791;0.002100;Healthy;WO477881;1,990.94
02-Jul-2026;  ENG-056 ;67;2026-01-03 19:00:00;642.5200;1602.6900;1413.4700;552.9800;2388.1800;9046.6500;47.6500;521.5600;2388.1400;8122.2700;8.4435;394.0000;-0.036484;0.450859;0.003656;Healthy;WO995232;102.62
02-Jul-2026;ENG-008;81;2026-01-04 09:00:00;642.7300;1589.8500;1400.2000;553.6500;2388.1200;9050.1200;47.5000;521.9400;2388.1000;8131.4500;8.4451;393.0000;0.053640;-0.100450;0.002337;Healthy;WO885555;2,821.86
2026/07/02;eng-098;50;2026-01-03 02:00:00;642.9500;1593.0300;1408.6400;553.5800;2388.0700;9055.1300;47.5800;521.4200;2388.0900;8144.9200;8.4153;393.0000;0.077715;-0.028349;0.001704;Warning;WO383488;14,987.60
2026-07-02;ENG-027;69;2026-01-03 21:00:00;642.4200;1585.6300;1407.8200;554.5800;2388.0300;9044.0700;47.4600;522.3700;2388.0600;8135.9800;8.4172;393.0000;0.031510;-0.561053;0.001359;Healthy;WO300729;910.87
2026-07-02;eng-004;63;2026-01-03 15:00:00;642.7800;1586.2900;1414.6300;553.7200;2388.0900;9045.7100;47.5400;521.6000;2388.1100;8134.4300;8.4492;394.0000;0.021508;0.044169;0.001660;Healthy;WO264221;
02-Jul-2026;ENG-010;92;2026-01-04 20:00:00;642.2800;1584.4400;1402.9700;554.2300;2388.0600;9059.7600;47.2000;522.3800;2388.0100;8146.9500;8.4173;391.0000;0.039181;-1.029795;0.000846;healthy;WO766068;1178.10
2026-07-02;  ENG-030 ;95;2026-01-04 23:00:00;642.4100;1582.4900;1413.0700;553.7500;2388.1300;9050.3100;47.5000;521.8900;2388.0900;8130.8700;8.4491;392.0000;0.039534;-0.227743;0.003209;HEALTHY;WO834847;1946.52
2026-07-02;ENG-066;58;2026-01-03 10:00:00;642.6100;1588.3500;1405.2300;553.4800;2388.0700;9066.5300;47.5500;521.1800;2388.1000;8138.0100;8.4199;393.0000;0.059545;-0.184579;0.000457;Healthy;WO894424;2,618.11
02-Jul-2026;ENG-031;90;2026-01-04 18:00:00;641.6300;1584.8300;1399.0300;553.6800;2387.9700;9073.4700;47.4500;522.3000;2388.0400;8149.4400;8.4317;392.0000;0.055734;-0.847850;0.002990;Healthy;WO238697;1,881.34
2026-07-02;ENG-010;80;2026-01-04 08:00:00;642.5000;1583.1200;1401.8000;554.7700;2388.0100;9073.7000;47.2300;521.9200;2387.9600;8144.5000;8.4082;393.0000;0.036306;-0.938146;0.000977;Healthy;WO953773;509.00
02-Jul-2026;ENG-038;52;2026-01-03 04:00:00;642.8500;1592.9800;1409.2900;552.9600;2388.1600;9053.6600;47.5200;521.2500;2388.1000;8131.5300;8.4478;393.0000;0.014390;0.221785;0.002239;Healthy;WO865593;973.79
02-Jul-2026;eng-060;64;2026-01-03 16:00:00;643.0700;1587.0200;1409.5900;553.5500;2388.1000;9048.4700;47.3500;522.0100;2388.0900;8132.6300;8.4446;392.0000;0.045139;-0.174534;0.002202;Warning;WO292515;12,901.12
2026-07-02;eng-020;112;2026-01-05 16:00:00;642.7200;1587.3300;1411.7600;552.9800;2388.1100;9067.8300;47.6500;521.3000;2388.0000;8150.0600;8.4325;392.0000;0.095874;0.006929;0.001924;Healthy;WO933610;2,263.09
2026/07/02;ENG-042;104;2026-01-05 08:00:00;643.2200;1592.2200;1411.9600;554.1900;2388.1100;9051.6500;47.4200;521.9900;2388.1200;8131.6700;8.4343;394.0000;0.045373;-0.196882;0.002612;Healthy;WO100206;1868.34
2026/07/02;ENG-032;79;2026-01-04 07:00:00;641.7700;1592.2700;1401.2300;555.0500;2388.0000;9063.5700;47.0600;521.9000;2387.9600;8149.5500;8.4010;393.0000;0.028242;-1.065661;0.001424;Healthy;WO234822;1461.08
02-Jul-2026;ENG-100;107;2026-01-05 11:00:00;642.8300;1588.5800;1398.5300;553.4400;2388.0600;9059.6600;47.2800;521.7100;2388.0000;8149.8100;8.4114;393.0000;-0.014146;-2.604908;0.002290;healthy;WO203963;2373.08
2026/07/02;ENG-004;54;2026-01-03 06:00:00;642.2400;1584.0400;1408.0400;553.4900;2388.0900;9042.3600;47.4300;521.5900;2388.0800;8131.6200;8.4384;392.0000;0.027241;-0.337842;0.001580;Healthy;WO563677;1,997.36
2026/07/02;ENG-094;86;2026-01-04 14:00:00;642.7400;1591.7000;1408.4200;552.5900;2388.1100;9054.0600;47.5700;521.2600;2388.0800;8144.0300;8.4411;393.0000;0.068021;0.086161;0.001332;Healthy;WO209775;2,320.24
2026-07-02;ENG-029;67;2026-01-03 19:00:00;642.1100;1587.2700;1404.9500;555.1500;2388.0300;9054.7000;47.2500;521.4000;2388.0300;8140.2700;8.4231;392.0000;-0.001131;-0.972810;0.002816;Healthy;WO509953;317.51
2026/07/02;ENG-092;52;2026-01-03 04:00:00;642.5000;1592.6200;1403.8900;553.4900;2388.1000;9039.8800;47.6200;521.2500;2388.1400;8122.6200;8.5003;393.0000;-0.015202;0.199010;0.001105;Healthy;WO186623;1391.07
02-Jul-2026;ENG-098;70;2026-01-03 22:00:00;642.6300;1588.6900;1402.3800;553.8600;2388.0800;9049.6300;47.6300;521.9300;2388.0800;8141.6700;8.4089;391.0000;0.044485;-0.547985;0.000846;Healthy;WO696632;1,668.42
2026-07-02;  ENG-028 ;84;2026-01-04 12:00:00;642.6000;1587.7100;1398.7000;553.6500;2388.1000;9044.5300;47.4000;521.8300;2388.1100;8131.2500;8.4394;394.0000;0.020161;-0.411653;0.002271;Healthy;WO632701;2,205.26
2026-07-02;ENG-067;41;2026-01-02 17:00:00;642.3000;1595.7500;1399.0300;553.7500;2388.0100;9054.0700;47.5200;522.5600;2388.0200;8146.1800;8.4269;392.0000;0.056150;-0.758762;0.002417;Healthy;WO865258;1627.64
2026-07-02;eng-045;73;2026-01-04 01:00:00;642.3800;1585.1600;1412.9200;553.0800;2388.1000;9065.9200;47.4300;521.7800;2388.0400;8142.9900;8.4414;393.0000;0.074576;-0.310254;0.003812;Healthy;WO601572;1991.21
02-Jul-2026;ENG-081;139;2026-01-06 19:00:00;642.6100;1584.0700;1414.3000;553.9300;2388.1200;9067.2400;47.5300;521.8300;2388.1000;8144.9700;8.4557;393.0000;0.069441;0.007228;0.002502;HEALTHY;WO229870;1,712.01
02-Jul-2026;ENG-027;66;2026-01-03 18:00:00;642.0600;1584.6900;1398.1900;553.8100;2388.0400;9048.2700;47.0700;522.0300;2388.0500;8128.6300;8.4093;392.0000;0.016382;-1.052957;0.002868;HEALTHY;WO450041;1,283.75
2026/07/02;eng-093;136;2026-01-06 16:00:00;642.5600;1586.5300;1408.8400;552.8300;2388.0600;9064.2400;47.4200;521.1300;2388.1100;8139.1300;8.4456;394.0000;0.074724;-0.004949;0.002773;Healthy;WO286464;183.63
02-Jul-2026;ENG-022;17;2026-01-01 17:00:00;642.4400;1590.9600;1406.8500;553.0900;2388.1000;9052.6100;47.3300;521.9100;2388.0800;8128.2200;8.4048;391.0000;0.031402;-0.479526;0.001402;Healthy;WO228120;1710.25
2026-07-02;ENG-058;89;2026-01-04 17:00:00;642.3000;1588.1700;1406.3100;554.4700;2388.1200;9045.9500;47.2900;522.0400;2388.0200;8129.0000;8.4391;391.0000;0.000008;-0.750089;0.001381;healthy;WO912755;1,736.55
02-Jul-2026;ENG-092;69;2026-01-03 21:00:00;643.0300;1590.3000;1410.5300;553.1800;2388.1600;9042.6600;47.7900;521.4100;2388.1700;8124.1700;8.4472;393.0000;-0.045158;0.415832;0.003431;Healthy;WO509947;384.80
02-Jul-2026;ENG-031;92;2026-01-04 20:00:00;642.1600;1588.2000;1410.4100;553.2400;2388.0000;9064.6600;47.4800;521.9600;2388.0300;8151.5100;8.4188;392.0000;0.087583;-0.372326;0.001525;Healthy;WO514853;1,133.31
02-Jul-2026;ENG-051;53;2026-01-03 05:00:00;642.8800;1591.2100;1404.8200;554.0800;2388.0700;9050.1900;47.2800;521.2200;2388.0700;8126.1100;8.4362;392.0000;0.011795;-0.413354;0.003327;healthy;WO843826;596.39
2026-07-02;ENG-097;56;2026-01-03 08:00:00;642.1100;1591.0500;1395.0400;554.0200;2388.0200;9061.4200;47.2100;522.0700;2388.0300;8153.3000;8.4303;394.0000;0.048606;-0.788961;0.002868;Healthy;WO306398;1,953.59
2026/07/02;ENG-036;70;2026-01-03 22:00:00;642.6000;1583.5800;1408.1000;552.6300;2388.1300;9056.1000;47.7100;520.8100;2388.1300;8141.0300;8.4371;395.0000;0.003597;0.289958;0.001184;Healthy;WO463957;1836.21
02-Jul-2026;ENG-041;44;2026-01-02 20:00:00;642.4000;1578.3800;1400.8100;554.2400;2388.0800;9050.0600;47.3500;522.1200;2388.0500;8136.0300;8.3856;394.0000;-0.009804;-0.897067;0.011057;Healthy;WO786816;168.00
2026-07-02;  ENG-008 ;75;2026-01-04 03:00:00;642.1000;1589.3400;1411.9400;553.5300;2388.1400;9048.6000;47.3900;521.3200;2388.1000;8131.7200;8.4074;393.0000;0.033254;-0.191768;0.002638;Healthy;WO512128;2939.07
2026/07/02;ENG-076;77;2026-01-04 05:00:00;642.2600;1581.9500;1403.3800;553.5900;2388.0300;9065.5400;47.3600;522.0000;2387.9900;8145.1700;8.3912;393.0000;0.041873;-0.821880;0.001709;Healthy;WO836069;486.81
2026-07-02;ENG-023;76;2026-01-04 04:00:00;642.1500;1584.1600;1397.6200;553.2100;2387.9900;9055.7000;47.1700;522.8200;2388.0500;8138.2400;8.3941;390.0000;0.051954;-1.167352;0.000488;healthy;WO552790;2032.48
2026/07/02;ENG-042;76;2026-01-04 04:00:00;642.2700;1584.9700;1401.9100;553.5300;2388.0600;9055.9300;47.3900;521.6400;2388.0900;8133.7600;8.3758;391.0000;0.016724;-0.663746;0.002290;Healthy;WO176871;1658.81
02-Jul-2026;eng-072;67;2026-01-03 19:00:00;641.8100;1585.2000;1400.5800;553.8600;2388.0200;9058.7700;47.3400;521.9900;2388.0400;8148.5400;8.4281;393.0000;0.039638;-0.822106;0.002354;Healthy;WO471855;2,773.52
2026-07-02;ENG-071;33;2026-01-02 09:00:00;642.3500;1585.7200;1402.5300;554.3000;2388.0200;9067.7900;47.2800;522.6000;2388.0100;8145.3300;8.4081;392.0000;0.051583;-1.053629;0.000598;Healthy;WO438318;2,848.16
02-Jul-2026;ENG-081;80;2026-01-04 08:00:00;641.8300;1585.7400;1403.2700;554.2800;2388.0500;9071.2300;47.4400;521.9100;2387.9900;8150.8200;8.4330;393.0000;0.062989;-0.682718;0.004775;Healthy;WO583237;2510.31
2026-07-02;ENG-057;84;2026-01-04 12:00:00;642.4100;1595.5100;1407.0200;553.4100;2388.0800;9054.2900;47.6000;522.5200;2388.1300;8136.3900;8.4555;393.0000;0.074243;-0.174188;0.002036;Warning;WO265886;17354.45
2026/07/02;ENG-086;49;2026-01-03 01:00:00;642.3600;1586.6800;1403.1300;553.7700;2388.0900;9057.7600;47.2300;521.7300;2388.1200;8137.1900;8.4456;393.0000;0.034470;-0.327032;0.001663;Healthy;WO853387;1152.54
2026/07/02;ENG-019;77;2026-01-04 05:00:00;642.1600;1586.9700;1401.0300;554.2300;2388.0200;9060.8300;47.3300;521.9600;2387.9900;8140.4100;8.3672;391.0000;0.029530;-1.100314;0.000977;Healthy;WO440185;2387.21
2026/07/02;ENG-062;105;2026-01-05 09:00:00;642.2500;1584.5900;1390.7400;554.1500;2388.0200;9057.2100;47.3400;522.1600;2388.0300;8130.9000;8.3741;391.0000;0.041792;-1.219662;0.000598;Healthy;WO409515;609.19
2026/07/02;ENG-081;122;2026-01-06 02:00:00;642.7900;1587.0200;1412.9500;553.8800;2388.0600;9062.3800;47.2500;522.1300;2388.0000;8151.1500;8.4490;395.0000;0.084424;-0.174488;0.005345;Healthy;WO723469;2254.52
2026/07/02;  ENG-059 ;56;2026-01-03 08:00:00;642.5000;1588.8000;1401.4600;554.4900;2388.0200;9053.9700;47.0100;522.3300;2388.0800;8137.6700;8.3852;392.0000;0.000774;-1.030822;0.004243;Healthy;WO610816;2202.59
2026/07/02;ENG-093;119;2026-01-05 23:00:00;642.8800;1589.5300;1410.4200;552.7700;2388.1100;9059.4900;47.5300;521.0800;2388.0900;8138.5200;8.4411;392.0000;0.044926;0.145846;0.003749;HEALTHY;WO650242;1850.80
02-Jul-2026;ENG-060;95;2026-01-04 23:00:00;642.1700;1590.0500;1405.5500;554.2500;2388.0800;9049.9100;47.5600;521.4600;2388.0100;8128.6600;8.4132;393.0000;0.031419;-0.342749;0.002946;Healthy;WO289468;1939.33
2026/07/02;ENG-020;100;2026-01-05 04:00:00;642.6000;1584.8700;1399.6800;553.6500;2388.0500;9063.7600;47.3600;521.6700;2388.0800;8148.0000;8.4115;391.0000;0.048676;-0.554427;0.001998;Healthy;WO399470;1359.29
2026-07-02;ENG-064;80;2026-01-04 08:00:00;642.2000;1590.4800;1395.7200;554.0100;2388.0600;9054.8900;47.2100;521.9500;2388.0800;8144.5000;8.4035;392.0000;0.024489;-0.824794;0.001424;Healthy;WO722909;676.44
2026-07-02;ENG-062;100;2026-01-05 04:00:00;642.3100;1583.4100;1393.3000;554.4300;2388.0000;9054.3400;47.2900;522.4200;2388.0300;8141.8100;8.3972;391.0000;0.044808;-1.139870;0.000772;Healthy;WO573602;2,503.77
02-Jul-2026;ENG-030;96;2026-01-05 00:00:00;642.6000;1590.2900;1409.1900;553.4700;2388.1500;9045.5900;47.3600;521.3100;2388.1000;8130.4200;8.4400;394.0000;0.007806;0.024260;0.001895;healthy;WO844466;2716.37
02-Jul-2026;ENG-055;41;2026-01-02 17:00:00;642.5000;1583.0700;1408.8300;553.5200;2388.0500;9055.5500;47.4700;522.3300;2388.0500;8132.8300;8.4103;392.0000;0.044067;-0.511462;0.002719;Healthy;WO851827;406.62
2026-07-02;ENG-089;99;2026-01-05 03:00:00;643.1400;1590.5300;1406.8500;553.4100;2388.0500;9053.0200;47.6800;521.3600;2388.1300;8123.0000;8.4206;393.0000;0.032392;0.009986;0.002162;Healthy;WO858570;2974.15
2026-07-02;ENG-049;180;2026-01-08 12:00:00;642.1200;1587.4600;1405.8500;554.0100;2388.1000;9053.2800;47.2300;522.1400;2387.9900;8141.7500;8.4210;392.0000;0.019470;-0.902817;0.001563;Healthy;WO781427;2781.73
2026-07-02;ENG-036;73;2026-01-04 01:00:00;643.0200;1586.9900;1409.0000;553.1200;2388.1400;9061.8500;47.6100;520.8000;2388.1700;8139.1500;8.4642;393.0000;0.009160;0.348790;0.002458;Healthy;WO834850;1867.92
2026/07/02;ENG-051;68;2026-01-03 20:00:00;642.2600;1585.2600;1404.5800;553.6800;2388.1200;9047.0600;47.3500;521.3300;2388.0900;8134.4200;8.4081;392.0000;0.015418;-0.428305;0.002411;Healthy;WO700725;2100.49
2026-07-02;  ENG-093 ;153;2026-01-07 09:00:00;642.1700;1597.8700;1405.0600;552.5100;2388.1300;9064.8900;47.6900;521.3700;2388.1000;8142.0000;8.4386;393.0000;0.074228;0.191160;0.001938;Healthy;WO749645;1863.90
02-Jul-2026;ENG-046;89;2026-01-04 17:00:00;642.3400;1595.9900;1409.3000;552.8800;2388.1300;9075.3100;47.6800;521.4800;2388.1200;8150.6000;8.4505;392.0000;0.110130;0.076251;0.001532;Warning;WO818253;12842.53
2026-07-02;ENG-032;53;2026-01-03 05:00:00;642.0200;1581.7500;1400.5500;554.4400;2388.0100;9070.8700;47.1700;522.4500;2387.9800;8153.7000;8.3873;393.0000;0.041420;-1.129973;0.001544;Healthy;WO100154;928.10
02-Jul-2026;ENG-094;47;2026-01-02 23:00:00;642.9700;1592.3100;1407.8000;553.1300;2388.0800;9054.5400;47.3200;520.9500;2388.1500;8140.2200;8.4129;393.0000;0.050628;0.031395;0.001404;Warning;WO370769;7653.50
2026-07-02;ENG-070;70;2026-01-03 22:00:00;642.4700;1591.0400;1401.1100;553.7300;2388.1100;9046.5400;47.2400;521.6700;2388.0800;8126.2300;8.4303;393.0000;0.011361;-0.465623;0.002831;Healthy;WO740258;416.91
02-Jul-2026;ENG-017;93;2026-01-04 21:00:00;641.9800;1590.4500;1402.5600;554.5300;2388.0300;9072.7900;47.4100;521.9100;2387.9800;8153.6800;8.4251;393.0000;0.063836;-0.731495;0.002100;Warning;WO628690;13470.63
2026-07-02;ENG-051;91;2026-01-04 19:00:00;642.1800;1587.2300;1400.0500;553.4600;2388.0700;9047.3800;47.4200;521.7300;2388.0600;8134.4200;8.4560;392.0000;0.036151;-0.474162;0.002028;Healthy;WO109607;2123.57
02-Jul-2026;ENG-063;62;2026-01-03 14:00:00;642.3200;1588.5300;1406.9500;553.7500;2388.1000;9051.8100;47.5400;520.9800;2388.1500;8131.1700;8.4474;394.0000;-0.000001;0.099783;0.002660;Healthy;WO144405;481.33
2026-07-02;ENG-049;122;2026-01-06 02:00:00;642.1000;1597.8800;1403.2900;554.4700;2387.9900;9064.6400;47.3100;522.1700;2388.0400;8144.3600;8.4484;393.0000;0.051655;-0.709088;0.002238;Warning;WO432362;24130.54
02-Jul-2026;ENG-068;97;2026-01-05 01:00:00;642.3600;1583.0100;1403.9500;554.2200;2388.0800;9061.4100;47.5200;521.4600;2388.0100;8141.9900;8.4281;393.0000;0.055197;-0.393747;0.001092;Healthy;WO383285;190.20
2026/07/02;eng-004;46;2026-01-02 22:00:00;642.6600;1588.9900;1415.9200;553.8200;2388.1400;9047.5800;47.5200;521.6500;2388.1200;8133.1200;8.4265;394.0000;0.011169;0.036773;0.003675;Healthy;WO426732;1570.92
2026-07-02;eng-028;54;2026-01-03 06:00:00;642.4100;1580.3800;1402.2000;553.6300;2388.1100;9050.1800;47.2800;521.9300;2388.1300;8125.6500;8.4572;392.0000;0.015287;-0.396477;0.006003;Healthy;WO619466;742.88
2026-07-02;eng-066;72;2026-01-04 00:00:00;642.5800;1596.0600;1402.1700;553.7300;2388.0700;9073.3100;47.5600;521.5700;2388.0300;8145.2300;8.4223;394.0000;0.087231;-0.159099;0.004129;Healthy;WO647402;1886.75
2026/07/02;  ENG-087 ;38;2026-01-02 14:00:00;642.1200;1588.9100;1396.6300;554.8300;2388.0200;9063.4300;47.3200;522.1000;2388.0400;8141.8300;8.3888;392.0000;0.024920;-1.055557;0.002211;Healthy;WO188986;119.02
2026/07/02;eng-080;51;2026-01-03 03:00:00;642.1300;1586.0000;1403.3100;553.7300;2388.0800;9068.5700;47.4200;522.1200;2388.0600;8142.3900;8.4128;394.0000;0.049676;-0.642518;0.002995;Healthy;WO174544;2683.50
02-Jul-2026;ENG-021;75;2026-01-04 03:00:00;641.9000;1593.6400;1399.4600;554.8700;2388.0100;9052.4700;47.2400;521.8700;2388.0100;8138.4600;8.3969;391.0000;0.008769;-1.021044;0.001619;Healthy;WO161503;361.38
02-Jul-2026;ENG-086;44;2026-01-02 20:00:00;642.6400;1590.5100;1401.5700;554.5700;2388.1000;9053.8700;47.3700;521.8200;2388.0900;8140.4600;8.4059;394.0000;0.022709;-0.465675;0.002072;Healthy;WO501285;51.61
02-Jul-2026;eng-030;49;2026-01-03 01:00:00;642.6700;1589.6200;1405.9200;554.0300;2388.1000;9046.3700;47.6100;521.4300;2388.1200;8120.8500;8.4405;392.0000;0.015636;-0.115365;0.000806;Healthy;WO129305;1,481.77
2026/07/02;eng-080;58;2026-01-03 10:00:00;642.0000;1590.9300;1401.3300;553.2800;2388.0800;9065.4900;47.4400;522.0300;2388.0400;8148.2900;8.4465;393.0000;0.073279;-0.404848;0.000953;Healthy;WO297387;1,965.04
2026/07/02;  ENG-053 ;58;2026-01-03 10:00:00;642.1200;1582.1800;1398.1800;553.6700;2388.0100;9059.3500;47.3300;521.7700;2388.0500;8136.9500;8.4297;392.0000;0.025895;-0.747363;0.001761;Healthy;WO764125;1600.81
02-Jul-2026;  ENG-076 ;72;2026-01-04 00:00:00;642.2300;1579.0000;1399.7000;554.8100;2388.0200;9066.8700;47.2600;521.5400;2387.9600;8142.7800;8.3917;392.0000;0.032340;-1.104274;0.000913;Healthy;WO949841;2,411.38
