ExportDate;EquipmentID;Cycle;Timestamp;Sensor_2;Sensor_3;Sensor_4;Sensor_7;Sensor_8;Sensor_9;Sensor_11;Sensor_12;Sensor_13;Sensor_14;Sensor_15;Sensor_17;LatentZ1;LatentZ2;NearestDistance;PredictedStatus;WorkOrder;MaintenanceCost
03-Jul-2026;  ENG-096 ;67;2026-01-03 19:00:00;642.3200;1582.2500;1403.5700;554.7600;2388.0400;9059.7900;47.4200;523.1800;2388.0000;8147.1400;8.4001;392.0000;0.065304;-1.132915;0.001505;healthy;WO276911;1,816.41
03-Jul-2026;ENG-078;66;2026-01-03 18:00:00;642.2500;1588.4900;1396.8400;554.4300;2387.9700;9069.9100;46.9800;522.0600;2387.9300;8147.3900;8.4066;392.0000;0.058817;-1.167191;0.001544;Healthy;WO753756;
2026/07/03;ENG-051;130;2026-01-06 10:00:00;642.5900;1587.7700;1408.1400;553.3400;2388.1300;9053.3900;47.6600;521.4100;2388.1500;8133.0200;8.4313;393.0000;0.024491;0.057257;0.001419;Healthy;WO959739;1223.01
2026-07-03;ENG-030;124;2026-01-06 04:00:00;643.1300;1596.2200;1415.8200;553.3400;2388.1000;9047.1500;47.4800;521.5800;2388.1500;8130.1900;8.4534;394.0000;0.000934;0.300097;0.000946;Healthy;WO636531;982.83
03-Jul-2026;ENG-063;118;2026-01-05 22:00:00;642.4700;1582.7200;1410.3200;553.1100;2388.1100;9048.1200;47.6800;521.4500;2388.1100;8128.9900;8.4489;394.0000;0.004863;0.095623;0.002014;Warning;WO483781;10027.63
03-Jul-2026;ENG-049;292;2026-01-13 04:00:00;643.5600;1603.7100;1416.2900;551.5800;2388.2400;9049.5500;47.7500;520.7100;2388.1900;8131.0000;8.4517;392.0000;-0.204367;0.953684;0.002740;Warning;WO236009;21248.21
2026/07/03;ENG-098;102;2026-01-05 06:00:00;642.4100;1594.9900;1409.5400;553.2900;2388.1200;9053.8900;47.5800;521.3400;2388.1100;8140.6300;8.4194;391.0000;0.061884;-0.099580;0.001634;Healthy;WO947204;1060.15
2026-07-03;  ENG-077 ;119;2026-01-05 23:00:00;642.5900;1582.2700;1405.8500;553.6400;2388.1300;9056.3000;47.7200;521.2600;2388.0800;8127.4400;8.4804;393.0000;0.013561;0.037156;0.003327;Healthy;WO717198;2,710.32
2026/07/03;eng-027;111;2026-01-05 15:00:00;642.8200;1590.9200;1403.4800;554.5000;2388.0700;9044.6700;47.5000;522.1800;2388.0400;8129.1200;8.4264;391.0000;0.023391;-0.607547;0.001269;Healthy;WO933292;1632.58
03-Jul-2026;ENG-011;69;2026-01-03 21:00:00;642.9700;1589.7700;1407.4100;552.8400;2388.1400;9045.3400;47.7800;521.2800;2388.2100;8122.9900;8.4312;392.0000;-0.019055;0.209892;0.002268;Healthy;WO455356;
2026-07-03;ENG-044;46;2026-01-02 22:00:00;642.5300;1589.1900;1407.6400;553.0800;2388.0700;9054.3000;47.4300;522.1100;2388.1000;8133.9700;8.3890;395.0000;0.056113;-0.156148;0.001243;HEALTHY;WO718665;2,256.34
2026-07-03;  ENG-097 ;97;2026-01-05 01:00:00;642.8700;1588.2400;1403.5300;553.7600;2388.0000;9071.4600;47.4500;521.9500;2388.0000;8148.8200;8.4170;392.0000;0.069450;-0.578595;0.003474;Healthy;WO444519;2,509.36
2026/07/03;  ENG-027 ;102;2026-01-05 06:00:00;642.0200;1584.5300;1398.0900;554.6700;2388.0700;9053.9300;47.2600;521.8100;2388.0600;8128.7900;8.3973;392.0000;-0.008501;-0.859996;0.003000;Healthy;WO265284;373.78
03-Jul-2026;ENG-041;86;2026-01-04 14:00:00;641.9300;1587.3700;1406.9100;554.0000;2388.0400;9038.6700;47.3600;521.7900;2388.0900;8126.6300;8.4405;392.0000;0.013956;-0.520624;0.004165;healthy;WO676149;2713.02
2026/07/03;ENG-076;196;2026-01-09 04:00:00;643.0900;1600.2700;1419.1100;552.3300;2388.1400;9103.8000;47.8100;520.9600;2388.1500;8167.4900;8.4939;397.0000;0.368951;1.227568;0.028930;warning;WO991059;23849.11
2026-07-03;ENG-060;147;2026-01-07 03:00:00;642.8600;1592.4600;1402.7700;553.3100;2388.1200;9054.2200;47.5300;521.6600;2388.0700;8136.1300;8.4484;394.0000;0.058966;0.013935;0.002561;Warning;WO535412;6130.35
03-Jul-2026;ENG-024;170;2026-01-08 02:00:00;643.1600;1594.1500;1406.4700;553.8800;2388.0700;9122.1600;47.4600;521.7300;2388.0600;8192.5900;8.4982;394.0000;0.561320;0.343064;0.031678;Warning;WO593486;3,529.05
2026/07/03;ENG-097;130;2026-01-06 10:00:00;642.4900;1592.8300;1400.6900;553.8400;2388.0700;9073.6700;47.3200;521.5000;2388.0400;8145.8800;8.4033;393.0000;0.057657;-0.449441;0.001739;HEALTHY;WO667262;2,916.41
2026-07-03;ENG-028;137;2026-01-06 17:00:00;642.5800;1582.4500;1407.8300;553.4200;2388.0500;9059.0600;47.4300;521.5100;2388.0600;8137.4300;8.4094;391.0000;0.045289;-0.358133;0.002517;Healthy;WO442954;1,545.69
2026-07-03;ENG-001;24;2026-01-02 00:00:00;642.3200;1594.2900;1400.1500;553.2700;2388.0700;9043.3200;47.2900;522.0600;2388.1200;8130.7000;8.4074;393.0000;0.018498;-0.552237;0.002980;Healthy;WO305768;2905.62
03-Jul-2026;ENG-097;96;2026-01-05 00:00:00;642.6000;1589.2900;1403.3900;553.4800;2388.0200;9061.5500;47.2200;521.9000;2388.0300;8145.9300;8.4353;393.0000;0.055000;-0.471904;0.000961;Healthy;WO345416;1,883.99
03-Jul-2026;ENG-005;75;2026-01-04 03:00:00;642.6800;1591.2300;1412.9100;553.4000;2388.0700;9054.0300;47.6000;521.6900;2388.1100;8127.1000;8.4466;393.0000;0.040306;0.034316;0.002117;Healthy;WO857108;1,323.39
2026-07-03;ENG-018;119;2026-01-05 23:00:00;642.9700;1591.3400;1413.8300;552.8400;2388.1000;9057.9500;47.5700;521.3700;2388.1300;8136.5600;8.4568;394.0000;0.036478;0.216625;0.002952;Warning;WO677048;17,846.16
2026/07/03;ENG-013;139;2026-01-06 19:00:00;642.8700;1582.1600;1401.9500;554.2500;2388.0500;9064.7400;47.2600;521.6200;2388.0600;8136.2500;8.4158;392.0000;0.013029;-0.756811;0.002794;Healthy;WO198078;
2026/07/03;eng-049;263;2026-01-11 23:00:00;643.4700;1600.5600;1421.8300;552.8600;2388.1600;9056.7700;47.5200;521.4700;2388.1300;8134.6800;8.4698;396.0000;-0.030217;0.802140;0.005870;WARNING;WO203470;14,632.69
2026/07/03;ENG-096;77;2026-01-04 05:00:00;642.4000;1584.8000;1395.9500;554.4500;2388.0300;9062.2700;47.4300;522.3100;2388.0500;8143.7000;8.3978;392.0000;0.034570;-0.901941;0.002794;Healthy;WO251227;2679.05
2026/07/03;  ENG-010 ;136;2026-01-06 16:00:00;642.0000;1589.8500;1405.0200;554.4000;2388.0800;9067.5900;47.2900;521.7300;2388.0400;8147.9100;8.4223;393.0000;0.041530;-0.705669;0.003005;Healthy;WO102771;2521.48
03-Jul-2026;ENG-049;251;2026-01-11 11:00:00;642.6500;1589.8000;1408.6600;553.4600;2388.1300;9059.6600;47.5400;521.1800;2388.1300;8141.5300;8.4430;394.0000;0.033841;0.156795;0.002018;Healthy;WO927249;2,399.42
2026-07-03;eng-011;70;2026-01-03 22:00:00;643.0700;1589.8800;1414.6100;553.9900;2388.1400;9041.1300;47.7300;520.6900;2388.1400;8121.7700;8.4368;394.0000;-0.062240;0.305102;0.004448;healthy;WO850392;1991.15
2026/07/03;ENG-078;57;2026-01-03 09:00:00;641.7800;1580.9600;1402.5200;554.5300;2388.0400;9054.9900;47.1900;522.3600;2387.9700;8138.8600;8.3937;390.0000;0.054936;-1.225092;0.001505;Healthy;WO303617;595.90
2026-07-03;ENG-077;159;2026-01-07 15:00:00;642.6700;1588.8200;1414.8200;551.9900;2388.1800;9047.5900;47.5800;520.9200;2388.2200;8127.6600;8.4485;394.0000;-0.056351;0.524177;0.001709;Healthy;WO261715;1,870.89
2026/07/03;ENG-052;154;2026-01-07 10:00:00;642.4800;1585.7100;1406.5600;553.8600;2388.0700;9087.9700;47.3500;522.0200;2388.0200;8157.9200;8.3906;391.0000;0.062797;-0.711849;0.002264;healthy;WO238226;
2026-07-03;ENG-012;184;2026-01-08 16:00:00;642.3700;1586.8900;1398.4800;554.4200;2388.0000;9070.6800;47.4600;521.6600;2388.1100;8144.2900;8.4099;393.0000;0.034964;-0.710880;0.001674;Healthy;WO125373;2707.54
2026/07/03;  ENG-001 ;22;2026-01-01 22:00:00;642.4500;1582.7800;1404.0600;553.4300;2388.0000;9046.4500;47.2600;521.4100;2388.0400;8128.8900;8.4557;392.0000;0.018080;-0.566599;0.002773;Healthy;WO928992;2,959.21
2026/07/03;ENG-066;107;2026-01-05 11:00:00;643.4300;1594.2100;1413.9800;553.5700;2388.0900;9078.2900;47.3700;521.2300;2388.1000;8149.3700;8.4516;392.0000;0.103382;0.184786;;Healthy;WO880068;2580.23
03-Jul-2026;ENG-045;143;2026-01-06 23:00:00;642.6300;1593.7500;1410.5800;552.9600;2388.0500;9061.1100;47.5900;521.4000;2388.0700;8143.3200;8.4367;393.0000;0.070058;0.196863;0.000817;Warning;WO576306;17,844.69
2026-07-03;ENG-081;201;2026-01-09 09:00:00;643.6100;1601.8400;1424.1400;552.1200;2388.1900;9074.8400;47.8600;519.9600;2388.1600;8151.7500;8.4900;394.0000;-0.181819;1.361706;0.032378;Warning;WO396586;3,347.27
03-Jul-2026;ENG-017;149;2026-01-07 05:00:00;642.9100;1585.5500;1404.4500;553.8400;2388.0400;9084.5600;47.4800;521.2200;2388.0400;8166.6400;8.4352;392.0000;0.090440;-0.395385;0.007846;Warning;WO317451;24109.73
03-Jul-2026;ENG-060;102;2026-01-05 06:00:00;642.5400;1589.7900;1411.2400;553.5600;2388.0900;9053.0000;47.5900;521.5300;2388.1200;8137.2000;8.4548;393.0000;0.044916;0.051266;0.000436;Healthy;WO449861;830.23
03-Jul-2026;ENG-049;282;2026-01-12 18:00:00;642.7100;1593.0300;1420.1000;552.2700;2388.1300;9051.1400;47.6100;520.3200;2388.1700;8134.3200;8.4326;394.0000;-0.105879;0.730492;0.001827;Warning;WO320254;22912.01
2026/07/03;ENG-063;123;2026-01-06 03:00:00;642.9500;1583.7500;1417.0700;553.5300;2388.1000;9045.4600;47.5100;521.1800;2388.0900;8133.1100;8.4201;393.0000;-0.001133;0.135915;0.000978;Healthy;WO329491;2988.13
03-Jul-2026;ENG-049;209;2026-01-09 17:00:00;642.1100;1584.8100;1406.9500;553.5400;2388.0700;9060.7800;47.4000;521.3900;2388.0500;8143.0700;8.4580;394.0000;0.063964;-0.171394;0.001746;Healthy;WO458448;2169.53
2026-07-03;eng-080;94;2026-01-04 22:00:00;642.2900;1598.0900;1403.3300;553.3600;2388.0700;9066.4900;47.4600;521.9100;2388.0700;8136.2600;8.4293;395.0000;0.084621;-0.096280;0.001384;Healthy;WO197862;2049.11
2026-07-03;ENG-082;150;2026-01-07 06:00:00;643.2200;1590.6700;1421.3600;552.4400;2388.2200;9056.5300;47.8400;520.6900;2388.2000;8131.7000;8.4744;393.0000;-0.285964;1.031583;0.009083;warning;WO593323;
03-Jul-2026;ENG-096;90;2026-01-04 18:00:00;642.0700;1585.6300;1401.0500;553.2600;2388.0500;9072.0800;47.2900;521.6300;2388.0700;8144.0100;8.4107;392.0000;0.033354;-0.772756;0.000913;Healthy;WO953762;580.35
2026-07-03;ENG-059;70;2026-01-03 22:00:00;642.4100;1588.3300;1396.5200;555.0200;2387.9900;9055.0000;47.1800;522.3400;2388.0400;8146.2100;8.3701;391.0000;-0.005296;-2.633394;0.004312;Healthy;WO746110;2,011.10
03-Jul-2026;ENG-011;82;2026-01-04 10:00:00;643.2900;1601.3900;1408.1400;553.7700;2388.2200;9032.0900;47.6100;520.9500;2388.1200;8116.5400;8.4364;394.0000;-0.079943;0.414773;0.008410;Warning;WO651295;16707.40
03-Jul-2026;eng-080;121;2026-01-06 01:00:00;642.8500;1592.8300;1409.2700;553.3100;2388.0800;9064.0000;47.6300;521.3700;2388.0500;8148.7100;8.4310;393.0000;0.087281;0.089414;0.002929;Healthy;WO669924;2079.50
2026/07/03;ENG-021;102;2026-01-05 06:00:00;642.1900;1584.1500;1401.6000;553.8000;2387.9600;9058.2500;47.3600;522.0300;2388.0200;8143.2200;8.3778;391.0000;0.039400;-0.994347;0.001875;Healthy;WO203158;247.75
03-Jul-2026;ENG-079;81;2026-01-04 09:00:00;642.2100;1585.0800;1404.8000;554.1500;2388.0700;9049.5000;47.2700;521.6100;2388.0900;8126.8800;8.4245;394.0000;0.006864;-0.523741;0.005813;Healthy;WO980094;2,255.63
2026-07-03;ENG-098;111;2026-01-05 15:00:00;643.0500;1591.2300;1407.1700;553.7800;2388.1200;9058.8000;47.4300;521.3900;2388.1100;8143.1000;8.4404;393.0000;0.055519;0.055826;0.002444;Healthy;WO448230;1,377.77
03-Jul-2026;  ENG-077 ;142;2026-01-06 22:00:00;642.8300;1589.1800;1412.1700;553.2300;2388.1400;9051.6400;47.6600;521.2700;2388.1000;8124.6700;8.4545;394.0000;-0.021020;0.313235;0.002177;Healthy;WO373093;1685.17
2026/07/03;ENG-034;171;2026-01-08 03:00:00;642.8800;1592.9400;1416.2200;553.0000;2388.1900;9045.0300;47.7400;520.8100;2388.1800;8134.6600;8.4600;394.0000;-0.070211;0.675121;0.004278;warning;WO905771;18,082.25
03-Jul-2026;ENG-035;179;2026-01-08 11:00:00;643.6200;1596.2900;1417.2700;552.3900;2388.1800;9073.7500;47.9600;520.5300;2388.1900;8145.2700;8.4964;394.0000;-0.179265;1.259108;0.007357;Warning;WO952635;19838.07
2026/07/03;ENG-031;178;2026-01-08 10:00:00;643.2200;1597.3300;1417.3100;552.3400;2388.1600;9079.6400;47.8800;520.7600;2388.1600;8161.2900;8.5021;394.0000;0.079020;1.135845;0.016555;Warning;WO162351;5,948.44
03-Jul-2026;ENG-091;202;2026-01-09 10:00:00;642.6000;1595.0000;1414.8700;552.5700;2388.1900;9052.6000;47.9700;521.1500;2388.1900;8128.9500;8.4569;394.0000;-0.056087;0.721123;0.006118;Warning;WO774392;23,310.94
2026-07-03;  ENG-064 ;114;2026-01-05 18:00:00;642.6300;1587.5200;1407.5700;553.7700;2388.0900;9065.3800;47.4000;521.8200;2388.1100;8139.0300;8.4299;393.0000;0.046070;-0.310189;0.000592;Healthy;WO132358;426.26
2026/07/03;ENG-096;79;2026-01-04 07:00:00;642.3100;1591.4200;1396.9600;554.8800;2387.9800;9063.2700;47.3900;522.0600;2387.9600;8151.6300;8.4069;392.0000;0.056770;-1.022093;0.002367;Healthy;WO507269;1,487.87
2026/07/03;ENG-014;42;2026-01-02 18:00:00;642.5700;1595.2200;1411.0100;553.3200;2388.2300;9039.0500;47.8400;521.1600;2388.1400;8113.7300;8.4274;394.0000;-0.076650;0.319611;0.012423;Healthy;WO281684;1,611.01
03-Jul-2026;ENG-023;115;2026-01-05 19:00:00;642.4900;1588.6500;1398.1000;554.2200;2388.0300;9050.0100;47.3200;522.2900;2388.0700;8136.4500;8.3981;393.0000;0.007680;-0.888082;0.001656;Healthy;WO845124;286.74
03-Jul-2026;ENG-097;94;2026-01-04 22:00:00;642.6200;1586.4900;1410.9000;554.5100;2388.0800;9058.0200;47.4500;521.4600;2388.0600;8151.7300;8.3951;393.0000;0.045644;-0.486194;0.001337;Healthy;WO669784;2974.66
2026-07-03;  ENG-060 ;137;2026-01-06 17:00:00;643.1600;1595.2200;1412.6000;553.5100;2388.1200;9049.0900;47.5500;522.0300;2388.0900;8139.7800;8.4340;395.0000;0.041483;0.166175;0.003256;healthy;WO131311;1110.17
2026/07/03;eng-030;111;2026-01-05 15:00:00;642.6900;1588.2900;1408.9700;552.9900;2388.1200;9045.1100;47.5900;520.7500;2388.1400;8129.7100;8.4610;393.0000;-0.026095;0.335040;0.003425;healthy;WO388578;1,530.68
03-Jul-2026;ENG-023;122;2026-01-06 02:00:00;642.2200;1582.2700;1399.3100;553.7900;2388.0400;9047.3700;47.3300;521.8500;2388.0300;8134.1500;8.3809;392.0000;0.011469;-0.879420;0.002454;Healthy;WO684510;
03-Jul-2026;ENG-074;130;2026-01-06 10:00:00;642.3600;1580.9000;1407.0300;553.8300;2388.0300;9062.8100;47.4700;521.8100;2388.0800;8148.2800;8.4747;393.0000;0.072766;-0.265606;0.001455;Healthy;WO841306;2324.13
2026/07/03;ENG-013;146;2026-01-07 02:00:00;642.2000;1587.5900;1400.9300;553.7400;2388.0200;9064.1500;47.4100;521.6900;2387.9800;8145.7600;8.4025;392.0000;0.039133;-0.835672;0.003117;Healthy;WO756286;2,718.62
03-Jul-2026;eng-074;112;2026-01-05 16:00:00;642.4500;1591.1400;1408.4500;553.4500;2388.0500;9071.6600;47.5300;521.5300;2388.1200;8144.2900;8.4405;394.0000;0.089244;-0.057250;0.002494;Healthy;WO111872;2479.46
2026/07/03;ENG-044;48;2026-01-03 00:00:00;642.9300;1586.2800;1404.0800;553.4900;2388.0600;9046.9200;47.3100;521.7200;2388.1000;8129.4900;8.4568;393.0000;0.036189;-0.153639;0.001852;Healthy;WO435242;2689.57
2026-07-03;eng-074;119;2026-01-05 23:00:00;642.4500;1588.8100;1407.5100;553.0100;2388.0500;9061.9200;47.5000;521.2700;2388.0700;8136.1500;8.4329;394.0000;0.068864;-0.009345;;WARNING;WO373427;
03-Jul-2026;ENG-068;176;2026-01-08 08:00:00;643.4300;1595.3600;1415.5900;552.7800;2388.1600;9074.8000;47.9000;521.0100;2388.1600;8153.5600;8.4679;394.0000;0.074168;0.897212;0.007717;Warning;WO264963;1,750.78
2026-07-03;eng-049;215;2026-01-09 23:00:00;642.4700;1589.3500;1407.2600;553.2400;2388.0800;9064.5500;47.4200;521.3900;2388.0400;8140.4300;8.4249;393.0000;0.068513;-0.185968;0.003151;Healthy;WO102973;2412.17
2026-07-03;ENG-093;168;2026-01-08 00:00:00;642.8100;1591.2500;1405.4300;552.3000;2388.1100;9063.7900;47.5700;521.2000;2388.0800;8146.9800;8.4488;395.0000;0.061278;0.328234;0.003044;Healthy;WO764017;677.15
2026-07-03;ENG-060;134;2026-01-06 14:00:00;642.9600;1587.8100;1404.8200;553.5700;2388.1100;9049.9900;47.5200;521.0300;2388.0600;8129.8500;8.4341;393.0000;0.012634;0.086501;0.000650;Healthy;WO673191;439.64
2026/07/03;ENG-086;92;2026-01-04 20:00:00;642.9200;1588.5600;1412.3000;552.8600;2388.1000;9065.8100;47.5600;521.1900;2388.1000;8144.2200;8.4443;394.0000;0.066870;0.132286;0.000595;Healthy;WO854534;179.76
2026/07/03;  ENG-020 ;144;2026-01-07 00:00:00;642.8000;1593.7000;1410.4900;553.2700;2388.0900;9062.0100;47.6000;520.9700;2388.1100;8145.9600;8.4373;393.0000;0.051761;0.257240;0.001658;Healthy;WO286833;2,408.63
03-Jul-2026;ENG-081;146;2026-01-07 02:00:00;642.5500;1596.2300;1411.4500;553.5900;2388.1000;9071.0600;47.4500;521.8600;2388.1100;8144.9600;8.4308;392.0000;0.085223;-0.117082;0.002373;warning;WO684110;10861.29
03-Jul-2026;eng-088;59;2026-01-03 11:00:00;642.6800;1587.4500;1411.2000;552.4700;2388.1100;9032.3700;47.6300;520.9900;2388.1700;8122.6200;8.4474;394.0000;-0.058459;0.419148;0.003059;Healthy;WO507449;2818.00
2026-07-03;ENG-049;220;2026-01-10 04:00:00;642.4000;1588.5400;1407.4400;553.5500;2388.0200;9057.5700;47.5900;522.2400;2388.0700;8140.1200;8.3846;393.0000;0.060664;-0.523114;0.000752;Healthy;WO960899;1067.75
2026/07/03;ENG-031;146;2026-01-07 02:00:00;642.8200;1587.7200;1411.0500;553.0700;2388.1300;9074.5900;47.6300;521.1800;2388.1200;8151.4900;8.4237;393.0000;0.085240;0.134380;0.002574;warning;WO737081;7,544.60
2026-07-03;ENG-089;126;2026-01-06 06:00:00;642.5400;1590.4900;1409.7400;554.0300;2388.0700;9044.7000;47.5200;521.6700;2388.1900;8125.4900;8.4303;394.0000;0.021977;-0.083970;0.000857;Healthy;WO248755;397.01
2026-07-03;ENG-057;135;2026-01-06 15:00:00;642.7100;1589.1600;1404.5800;553.7800;2388.0800;9055.7400;47.6500;521.3400;2388.1700;8132.7500;8.4099;392.0000;0.038667;-0.025047;0.001663;Healthy;WO498701;1,217.05
2026/07/03;ENG-032;116;2026-01-05 20:00:00;642.2000;1583.4500;1399.4100;554.6500;2387.9500;9079.6600;47.2300;521.9600;2387.9900;8158.0100;8.4102;392.0000;0.057935;-1.057535;0.000598;healthy;WO622012;2807.34
03-Jul-2026;ENG-042;119;2026-01-05 23:00:00;642.7500;1588.9000;1408.7200;553.2200;2388.1500;9042.5700;47.3900;521.2700;2388.0800;8129.9100;8.4212;394.0000;0.010422;-0.013073;;Healthy;WO692813;2684.86
03-Jul-2026;ENG-049;230;2026-01-10 14:00:00;642.7000;1585.6300;1411.3200;552.8600;2388.0800;9051.5700;47.3600;522.3300;2388.0700;8138.0400;8.4847;392.0000;0.071495;-0.125960;0.000946;Warning;WO389493;1776.59
2026/07/03;ENG-069;53;2026-01-03 05:00:00;642.8400;1589.1300;1402.6800;553.7400;2388.1200;9047.7600;47.4100;522.0000;2388.1000;8136.3300;8.4043;392.0000;0.032861;-0.371546;0.000889;HEALTHY;WO751779;1,425.88
2026/07/03;eng-058;131;2026-01-06 11:00:00;642.7300;1587.9200;1404.7100;553.9500;2388.1200;9056.5400;47.3900;521.1700;2388.1700;8131.4700;8.4407;393.0000;0.026262;-0.027005;0.001601;Healthy;WO492163;2042.47
2026-07-03;ENG-082;123;2026-01-06 03:00:00;642.8500;1594.7100;1407.7300;553.5100;2388.1700;9061.3000;47.5500;520.8400;2388.1400;8135.9200;8.4554;393.0000;0.007270;0.298646;0.001343;Healthy;WO110997;2,409.25
2026-07-03;ENG-045;126;2026-01-06 06:00:00;642.4600;1592.7200;1412.7800;552.9200;2388.1200;9061.9500;47.6200;521.8400;2388.1200;8138.9600;8.4428;393.0000;0.059259;0.130262;0.001813;Healthy;WO327656;1067.73
2026-07-03;ENG-053;162;2026-01-07 18:00:00;643.1200;1591.3500;1415.3400;553.6300;2388.0800;9109.3400;47.8000;520.7200;2388.1000;8180.4600;8.4386;393.0000;0.435898;0.628306;0.013709;Warning;WO873466;8386.18
2026/07/03;ENG-099;80;2026-01-04 08:00:00;641.9400;1581.7200;1398.2400;553.7300;2388.0200;9067.1900;47.1800;522.4600;2387.9700;8148.0900;8.4189;392.0000;0.070036;-1.151568;0.002784;healthy;WO484490;1,086.10
2026/07/03;ENG-010;138;2026-01-06 18:00:00;642.2100;1584.9300;1399.3900;554.3900;2388.0200;9062.8100;47.4500;522.4400;2388.0700;8143.6100;8.4130;391.0000;0.036306;-0.970576;0.001582;Healthy;WO342465;1143.33
2026/07/03;eng-042;129;2026-01-06 09:00:00;642.7200;1591.6900;1408.8400;552.9300;2388.1700;9045.3400;47.6900;521.5000;2388.1300;8120.3100;8.4377;394.0000;-0.027627;0.264983;0.001413;Warning;WO341676;17555.18
03-Jul-2026;ENG-053;139;2026-01-06 19:00:00;642.3700;1591.8600;1407.0600;552.5100;2388.0300;9084.1800;47.5200;520.8900;2388.0400;8159.9700;8.4149;392.0000;0.111724;-0.145696;0.006460;Warning;WO545523;17237.34
2026-07-03;ENG-064;124;2026-01-06 04:00:00;642.3900;1591.0200;1403.5600;553.4400;2388.1500;9048.8100;47.5300;522.3600;2388.1400;8142.2000;8.4296;393.0000;0.062647;-0.148976;0.002827;Healthy;WO976783;
2026-07-03;ENG-043;161;2026-01-07 17:00:00;642.9200;1599.1200;1405.5200;553.9800;2388.0700;9058.4100;47.5100;521.6400;2388.1200;8131.4900;8.4622;393.0000;0.056518;0.057057;0.002497;Healthy;WO480268;1566.78
2026/07/03;ENG-052;141;2026-01-06 21:00:00;642.4800;1592.1800;1407.4300;553.9900;2388.0500;9065.3200;47.5200;522.2400;2388.0300;8155.8900;8.4169;391.0000;0.073167;-0.560031;0.003621;Healthy;WO718097;225.34
2026/07/03;ENG-085;25;2026-01-02 01:00:00;642.7500;1588.7000;1406.0700;553.4500;2388.1200;9050.6300;47.3800;521.3400;2388.1000;8129.5300;8.4195;395.0000;0.023677;-0.038340;0.002334;Healthy;WO671811;82.29
2026-07-03;ENG-092;101;2026-01-05 05:00:00;642.6600;1584.0800;1423.0300;552.2800;2388.1700;9042.7900;47.5600;521.1300;2388.1500;8121.3400;8.4766;394.0000;-0.085848;0.606838;0.003810;Warning;WO901271;17490.59
2026-07-03;ENG-049;237;2026-01-10 21:00:00;642.8500;1591.0800;1401.9600;552.7700;2388.0400;9060.7400;47.4400;520.9700;2388.1000;8132.9700;8.4405;393.0000;0.061500;0.058783;0.001977;Healthy;WO975973;2666.51
2026-07-03;ENG-042;148;2026-01-07 04:00:00;643.2100;1597.0300;1416.5100;551.5300;2388.1900;9031.7100;47.8200;519.9100;2388.2300;8109.0300;8.4882;394.0000;-0.581341;1.165281;0.025835;Warning;WO494248;19,651.41
2026-07-03;ENG-033;49;2026-01-03 01:00:00;642.4900;1588.3000;1405.9100;552.9600;2388.1200;9060.3800;47.5400;521.4800;2388.0900;8134.4300;8.4690;394.0000;0.040684;0.129099;0.001339;Healthy;WO501831;1475.82
2026/07/03;ENG-059;89;2026-01-04 17:00:00;642.6700;1580.4400;1395.1600;553.9300;2388.0300;9056.6400;47.4500;521.6600;2388.0700;8139.2200;8.4201;394.0000;0.015833;-0.757303;0.002316;Healthy;WO136462;2908.61
2026/07/03;  ENG-034 ;146;2026-01-07 02:00:00;643.1400;1590.6300;1407.8600;553.3700;2388.0400;9060.6300;47.3600;521.8800;2388.1100;8137.5700;8.4546;394.0000;0.075418;-0.108827;;Healthy;WO589718;453.88
03-Jul-2026;ENG-041;123;2026-01-06 03:00:00;642.5400;1594.2400;1416.7600;553.0200;2388.1900;9036.8800;47.6400;520.6100;2388.2000;8115.8200;8.4533;395.0000;-0.112937;0.613723;0.011781;Warning;WO897297;21192.27
03-Jul-2026;ENG-013;160;2026-01-07 16:00:00;642.3000;1596.8100;1405.7900;554.4400;2388.0100;9059.3000;47.5700;522.1900;2388.0400;8142.2100;8.4506;394.0000;0.072798;-0.310843;0.002111;healthy;WO128995;1257.82
2026/07/03;ENG-019;97;2026-01-05 01:00:00;641.7600;1582.9800;1396.4300;553.6800;2388.1000;9054.7400;47.3300;522.0000;2388.0600;8141.9600;8.4189;391.0000;0.023332;-0.997999;0.000846;Healthy;WO695181;2560.63
2026-07-03;ENG-064;129;2026-01-06 09:00:00;642.4800;1588.2700;1414.3400;553.5700;2388.1300;9063.4500;47.5700;521.3000;2388.1600;8135.9900;8.4321;393.0000;0.024589;0.136844;0.001173;Healthy;WO258348;2,622.81
03-Jul-2026;ENG-077;143;2026-01-06 23:00:00;642.5900;1592.4300;1408.1700;552.2900;2388.1400;9043.3900;47.6100;521.0300;2388.1100;8123.4100;8.4843;393.0000;-0.032644;0.430582;0.003796;Healthy;WO681237;2128.55
03-Jul-2026;  ENG-042 ;110;2026-01-05 14:00:00;642.4500;1590.2800;1404.0600;552.8600;2388.0600;9047.9300;47.3300;521.7400;2388.0800;8124.2600;8.4430;393.0000;0.038346;-0.270558;0.000889;Healthy;WO599055;2607.46
2026-07-03;ENG-057;116;2026-01-05 20:00:00;642.1300;1585.3800;1414.9800;554.2200;2388.1100;9046.4900;47.6100;521.3000;2388.1200;8130.6700;8.4147;393.0000;0.005705;-0.126279;0.004021;Healthy;WO170824;651.24
2026/07/03;ENG-040;106;2026-01-05 10:00:00;643.0500;1595.5200;1417.5500;553.3200;2388.2100;9064.2300;47.8700;520.9700;2388.1200;8141.5600;8.4406;395.0000;-0.021854;0.649743;0.002821;Warning;WO477260;13213.17
03-Jul-2026;ENG-002;49;2026-01-03 01:00:00;642.5500;1586.5900;1410.8300;553.5200;2388.1000;9044.7700;47.6700;521.7400;2388.0900;8126.9000;8.4505;391.0000;0.028964;-0.065612;0.001050;Healthy;WO808159;2,873.96
2026-07-03;  ENG-026 ;72;2026-01-04 00:00:00;642.0700;1587.1200;1407.8700;554.2100;2388.0300;9060.3600;47.2200;522.0900;2388.0300;8149.1900;8.3672;392.0000;0.003028;-0.933559;0.002490;Healthy;WO798167;2,617.84
2026/07/03;  ENG-036 ;92;2026-01-04 20:00:00;643.2800;1595.8500;1413.4700;552.9000;2388.1600;9070.6500;47.6100;520.7000;2388.1200;8139.9900;8.4619;394.0000;0.007538;0.597709;0.000488;Warning;WO476202;18,476.67
03-Jul-2026;eng-034;195;2026-01-09 03:00:00;643.2000;1592.8800;1421.4600;551.8200;2388.2400;9052.3800;47.8800;520.4100;2388.2300;8121.7700;8.5021;394.0000;-0.459173;1.176382;0.001922;Warning;WO287423;12,757.66
2026-07-03;ENG-077;117;2026-01-05 21:00:00;642.2500;1592.4900;1409.6600;553.5500;2388.1200;9046.0300;47.4300;521.4100;2388.1300;8128.0400;8.4079;394.0000;0.025160;-0.108425;0.001319;Healthy;WO692135;
2026/07/03;ENG-093;196;2026-01-09 04:00:00;642.7500;1596.8500;1409.3900;553.1400;2388.1400;9074.4800;47.5600;520.7000;2388.1300;8152.6200;8.4473;394.0000;0.052545;0.462956;0.001819;Healthy;WO555374;
03-Jul-2026;ENG-063;145;2026-01-07 01:00:00;642.3900;1585.1800;1411.0700;552.2100;2388.1500;9054.1900;47.5100;521.6900;2388.1300;8130.5200;8.4456;392.0000;0.023100;0.121169;0.001042;Healthy;WO763388;2698.78
2026/07/03;ENG-003;85;2026-01-04 13:00:00;642.7500;1591.2900;1407.7100;552.9100;2388.0900;9056.0500;47.5800;521.0100;2388.1400;8133.3600;8.4406;393.0000;0.032163;0.122271;0.002803;healthy;WO520740;2776.55
2026-07-03;ENG-096;80;2026-01-04 08:00:00;641.9700;1591.4900;1396.4900;554.4400;2388.0400;9076.6500;47.4000;522.6600;2388.0100;8148.7700;8.4179;391.0000;0.076177;-1.091611;0.006263;Healthy;WO687672;1889.76
2026-07-03;ENG-042;137;2026-01-06 17:00:00;642.5800;1591.0700;1412.2800;553.1900;2388.1700;9039.9800;47.6700;520.8300;2388.1500;8121.9400;8.4572;394.0000;-0.068099;0.451239;0.005488;Healthy;WO983890;2519.90
2026-07-03;ENG-079;76;2026-01-04 04:00:00;642.3200;1598.9000;1405.4300;553.3400;2388.0700;9051.4500;47.3200;521.5000;2388.0900;8134.7500;8.4147;393.0000;0.051155;-0.197957;0.003879;Healthy;WO843546;2209.72
03-Jul-2026;ENG-097;126;2026-01-06 06:00:00;642.4100;1588.0700;1403.2300;554.2900;2388.0200;9073.7500;47.4000;521.8500;2388.0500;8147.8700;8.4503;393.0000;0.051084;-0.635184;;Healthy;WO495022;502.34
03-Jul-2026;ENG-099;69;2026-01-03 21:00:00;641.8400;1580.8800;1391.8600;554.0500;2388.0200;9065.8200;47.2900;522.3300;2387.9900;8149.7500;8.3614;390.0000;-0.005536;-2.562536;0.005524;Healthy;WO946314;1,993.97
2026/07/03;ENG-021;136;2026-01-06 16:00:00;642.1200;1585.1500;1402.6700;554.2600;2388.0400;9075.6100;47.4100;521.9800;2388.0300;8154.8900;8.3995;392.0000;0.054674;-0.717236;0.003937;Healthy;WO914488;1508.04
03-Jul-2026;ENG-004;95;2026-01-04 23:00:00;642.4200;1595.1400;1412.2500;553.1800;2388.1800;9050.9800;47.5600;521.5900;2388.1400;8126.8500;8.4347;393.0000;-0.000583;0.172351;0.001637;Healthy;WO712464;441.29
2026/07/03;ENG-058;160;2026-01-07 16:00:00;642.4400;1597.0700;1415.4400;553.4100;2388.1400;9058.6900;47.7900;521.1300;2388.1100;8129.6800;8.4456;392.0000;-0.011307;0.438435;0.003997;Healthy;WO887576;1,694.74
2026/07/03;  ENG-091 ;182;2026-01-08 14:00:00;642.1200;1588.5100;1420.4800;552.7400;2388.1800;9052.7900;47.7900;520.8500;2388.1500;8126.4900;8.4755;394.0000;-0.075682;0.647890;0.010115;Warning;WO619255;21867.88
03-Jul-2026;eng-035;150;2026-01-07 06:00:00;642.8100;1593.9800;1414.3800;553.0600;2388.1300;9064.3800;47.7700;521.1000;2388.1300;8143.6000;8.4429;394.0000;0.017504;0.452549;0.003239;Healthy;WO100433;432.38
2026-07-03;ENG-041;116;2026-01-05 20:00:00;642.2700;1594.3100;1412.2700;553.6000;2388.1300;9043.1200;47.7100;521.2800;2388.1700;8117.1300;8.4405;395.0000;-0.057404;0.301261;0.009007;Warning;WO329849;6,762.81
2026-07-03;ENG-070;149;2026-01-07 05:00:00;642.8700;1589.0700;1405.7600;553.1700;2388.1200;9051.1900;47.5500;521.8800;2388.1100;8129.2200;8.4424;392.0000;0.052236;-0.068970;0.001703;Healthy;WO541059;2581.01
03-Jul-2026;ENG-024;134;2026-01-06 14:00:00;642.3200;1588.8000;1401.5100;554.7200;2388.0700;9083.4600;47.4000;521.7900;2388.0200;8162.1000;8.4173;393.0000;0.069059;-0.745567;0.000691;Healthy;WO973044;2974.30
03-Jul-2026;ENG-058;153;2026-01-07 09:00:00;643.4000;1591.9100;1408.3300;553.3100;2388.1400;9051.3600;47.4500;521.5600;2388.1200;8132.4900;8.4235;392.0000;0.024055;0.137923;0.002133;Healthy;WO891871;2402.65
2026-07-03;ENG-014;32;2026-01-02 08:00:00;642.4900;1587.2200;1410.6200;553.5900;2388.2000;9042.6900;47.6300;521.0800;2388.1700;8122.3400;8.4453;392.0000;-0.034926;0.046697;0.009812;Healthy;WO997854;787.37
03-Jul-2026;ENG-047;61;2026-01-03 13:00:00;642.8600;1598.9300;1410.3600;553.2700;2388.1500;9043.2400;47.4800;521.2300;2388.1600;8125.1600;8.4531;392.0000;-0.018161;0.257241;0.002617;Healthy;WO697043;2,975.28
2026-07-03;  ENG-089 ;172;2026-01-08 04:00:00;642.2900;1588.9200;1410.1600;553.9500;2388.1200;9048.6100;47.5600;521.1100;2388.1000;8128.5200;8.4253;392.0000;0.023973;-0.183250;0.002150;healthy;WO435846;1,855.96
2026/07/03;ENG-087;41;2026-01-02 17:00:00;642.6300;1583.8600;1400.1100;553.7800;2388.0100;9073.6400;47.1300;522.1700;2388.0400;8146.3300;8.4258;391.0000;0.056557;-0.949865;0.000772;Healthy;WO313033;227.26
03-Jul-2026;ENG-073;102;2026-01-05 06:00:00;642.2600;1582.5600;1404.9900;554.0700;2388.0600;9049.3500;47.3300;521.9600;2388.0500;8141.9800;8.3953;391.0000;0.017838;-0.948634;0.001337;Healthy;WO154968;1,414.70
2026/07/03;ENG-021;111;2026-01-05 15:00:00;642.0000;1584.5200;1401.7100;553.6300;2388.0100;9064.7800;47.2500;521.9600;2387.9900;8145.8400;8.4513;392.0000;0.045767;-0.814984;0.001582;HEALTHY;WO316717;2292.92
2026-07-03;ENG-049;243;2026-01-11 03:00:00;643.0200;1591.6600;1408.0000;553.6200;2388.0800;9059.2400;47.5800;521.0100;2388.1000;8132.5500;8.4259;393.0000;0.024526;0.196814;0.002554;Healthy;WO589186;687.80
2026/07/03;ENG-073;79;2026-01-04 07:00:00;641.8000;1588.8600;1405.4800;554.8500;2388.0100;9053.2300;47.3500;522.6400;2388.0200;8139.7800;8.4208;393.0000;0.029524;-1.020194;0.000345;Healthy;WO379441;870.51
2026-07-03;ENG-031;151;2026-01-07 07:00:00;642.7800;1586.2500;1406.7800;553.3200;2388.0800;9079.3000;47.5500;521.5400;2388.1300;8151.0200;8.4804;394.0000;0.092807;0.223174;0.002812;Warning;WO947583;13,562.34
2026/07/03;ENG-062;208;2026-01-09 16:00:00;642.7500;1588.0000;1399.2500;553.3800;2388.0500;9079.4600;47.3700;521.8000;2388.1000;8155.8400;8.4185;392.0000;0.074518;-0.447853;;Healthy;WO528657;2,460.41
03-Jul-2026;ENG-098;95;2026-01-04 23:00:00;642.0600;1595.9200;1402.5500;553.1700;2388.1200;9058.8000;47.5900;521.3900;2388.0800;8145.5300;8.4299;395.0000;0.062705;0.097452;0.005497;Healthy;WO456774;1,170.53
03-Jul-2026;ENG-100;172;2026-01-08 04:00:00;642.6100;1594.5100;1403.9300;553.5800;2388.0000;9111.1700;47.6200;521.9000;2388.0600;8179.2900;8.4279;394.0000;0.179004;-0.275417;0.005455;WARNING;WO655719;12,935.35
03-Jul-2026;ENG-052;181;2026-01-08 13:00:00;642.9600;1602.6300;1414.6700;553.6700;2388.0300;9101.4000;47.6500;520.9900;2388.0700;8173.4200;8.5032;394.0000;0.335855;0.485736;0.026839;warning;WO905683;22606.38
2026/07/03;ENG-021;140;2026-01-06 20:00:00;642.3400;1590.8000;1398.9900;553.4000;2388.0400;9082.7700;47.4900;521.8500;2388.0600;8160.5600;8.3907;392.0000;0.086159;-0.630557;0.008299;Healthy;WO232383;1,322.00
2026-07-03;  ENG-008 ;149;2026-01-07 05:00:00;642.3000;1592.4400;1412.5600;552.7900;2388.1800;9048.2000;47.6000;521.1600;2388.1100;8126.9300;8.4399;393.0000;-0.001094;0.125924;0.001824;Healthy;WO577367;
2026-07-03;ENG-074;109;2026-01-05 13:00:00;642.3200;1603.5200;1409.4600;553.6500;2388.1200;9067.3800;47.4100;521.5100;2388.0500;8134.6900;8.4580;392.0000;0.079888;-0.030363;0.001924;Warning;WO338564;10667.49
2026/07/03;ENG-062;180;2026-01-08 12:00:00;642.3100;1586.4200;1404.6500;553.6500;2388.0100;9076.4700;47.4300;522.1600;2388.0300;8149.0000;8.4582;391.0000;0.081009;-0.567397;0.002995;Healthy;WO253883;650.39
2026-07-03;ENG-038;119;2026-01-05 23:00:00;642.8100;1597.0000;1417.1400;552.2400;2388.1400;9079.3700;47.7700;520.8900;2388.0900;8151.1700;8.4753;395.0000;0.091278;0.729526;0.011000;warning;WO529405;15529.72
2026/07/03;  ENG-052 ;167;2026-01-07 23:00:00;642.1600;1589.2700;1407.5000;553.3200;2388.0400;9082.5400;47.3800;520.8200;2388.0700;8165.4500;8.4040;394.0000;0.076711;-0.234250;0.000901;Healthy;WO639598;554.80
03-Jul-2026;ENG-024;127;2026-01-06 07:00:00;642.1400;1596.5400;1395.7200;553.8000;2387.9400;9085.2600;47.4100;521.9600;2387.9900;8165.1600;8.4302;393.0000;0.094195;-0.835723;0.014774;Healthy;WO149599;1639.05
2026-07-03;  ENG-097 ;112;2026-01-05 16:00:00;642.4600;1586.9900;1401.6000;553.9000;2388.0400;9068.1900;47.3200;522.1700;2388.0600;8155.5500;8.4101;394.0000;0.058146;-0.609127;0.000913;Healthy;WO148719;
2026/07/03;ENG-035;144;2026-01-07 00:00:00;643.0300;1593.3800;1414.7700;552.0700;2388.1200;9064.4200;47.6400;520.1600;2388.1000;8138.9800;8.4735;394.0000;-0.007890;0.668074;0.005329;Warning;WO923819;18,474.18
2026/07/03;  ENG-035 ;193;2026-01-09 01:00:00;643.5600;1599.8400;1426.3500;552.2400;2388.2300;9081.1700;47.9500;520.0500;2388.1900;8150.6500;8.5019;395.0000;-0.246822;1.490642;0.008611;Warning;WO345026;17094.93
03-Jul-2026;  ENG-070 ;106;2026-01-05 10:00:00;642.1300;1590.2100;1398.8300;553.8100;2388.0900;9059.9400;47.6400;521.3400;2388.0800;8130.8800;8.4215;390.0000;0.036401;-0.482031;0.001320;healthy;WO558127;550.51
2026/07/03;  ENG-026 ;71;2026-01-03 23:00:00;642.7800;1584.3500;1404.6100;554.4700;2388.0500;9069.2400;47.2100;521.4500;2388.0200;8141.4400;8.4432;391.0000;0.023068;-0.705206;0.001859;Healthy;WO836868;637.46
03-Jul-2026;  ENG-045 ;124;2026-01-06 04:00:00;643.0800;1596.8900;1412.3900;553.9500;2388.1400;9058.4600;47.5400;520.8500;2388.1300;8138.6900;8.4217;393.0000;0.022367;0.195350;0.000967;Healthy;WO948268;295.35
03-Jul-2026;ENG-058;165;2026-01-07 21:00:00;642.8400;1594.3600;1408.1900;552.6700;2388.1100;9056.1100;47.4200;521.3700;2388.1300;8131.6800;8.4446;394.0000;0.018374;0.307004;0.002077;Healthy;WO803731;1,057.37
2026/07/03;ENG-006;91;2026-01-04 19:00:00;642.4800;1586.6200;1406.8300;553.5000;2388.0800;9051.0600;47.4800;521.1600;2388.1200;8132.6700;8.4388;393.0000;0.037583;-0.098662;0.002325;Healthy;WO154670;
03-Jul-2026;  ENG-074 ;104;2026-01-05 08:00:00;642.2600;1583.0000;1406.6900;553.4500;2388.0400;9067.2400;47.4800;521.3600;2388.0900;8140.4800;8.4379;393.0000;0.060042;-0.299124;0.001306;HEALTHY;WO130282;2759.59
2026-07-03;ENG-068;180;2026-01-08 12:00:00;643.3300;1599.1000;1429.1500;551.6900;2388.2200;9082.4900;47.9800;520.3400;2388.2000;8154.5100;8.4922;396.0000;-0.262395;1.580410;0.019347;Warning;WO508695;12,382.18
2026-07-03;ENG-076;158;2026-01-07 14:00:00;642.8800;1587.5900;1408.4800;553.3900;2388.0900;9075.9400;47.6500;521.5800;2388.0800;8157.5800;8.4460;393.0000;0.111923;0.014467;0.005780;healthy;WO514335;1656.76
2026-07-03;ENG-084;139;2026-01-06 19:00:00;642.4800;1589.4500;1407.2100;553.1800;2388.1900;9058.6700;47.6200;521.1500;2388.1500;8137.7400;8.4485;392.0000;0.024006;0.131953;0.000516;Healthy;WO202459;1,021.55
2026/07/03;ENG-059;80;2026-01-04 08:00:00;641.8100;1585.2000;1392.6000;553.7600;2388.0200;9053.4800;47.3400;521.9100;2388.0400;8133.9700;8.4114;391.0000;0.028319;-0.981642;0.002429;Healthy;WO141195;2,337.02
2026-07-03;ENG-029;131;2026-01-06 11:00:00;642.8500;1589.0000;1403.3300;554.3500;2388.0500;9059.8500;47.3900;522.1200;2388.0700;8143.4800;8.4241;393.0000;0.044146;-0.511831;0.003044;healthy;WO323899;812.21
03-Jul-2026;ENG-045;132;2026-01-06 12:00:00;642.5100;1590.4400;1410.5100;552.5100;2388.1300;9067.0300;47.5600;521.4000;2388.0600;8144.9200;8.4639;393.0000;0.071793;0.165167;0.002063;Healthy;WO976642;2641.36
03-Jul-2026;ENG-094;101;2026-01-05 05:00:00;642.7100;1589.8800;1410.9300;552.4800;2388.1300;9055.9000;47.6100;520.8700;2388.0800;8137.8000;8.4277;393.0000;0.028292;0.179932;0.002327;Healthy;WO182897;471.51
2026/07/03;  ENG-010 ;183;2026-01-08 15:00:00;642.1400;1595.3500;1417.9100;553.0700;2388.1000;9065.3300;47.5400;522.1800;2388.0600;8150.0200;8.4388;393.0000;0.101904;-0.138535;;Warning;WO998036;12,762.95
2026/07/03;ENG-093;200;2026-01-09 08:00:00;642.5100;1590.7900;1412.3300;552.7000;2388.1200;9070.1500;47.7300;521.3800;2388.1300;8149.3200;8.4606;395.0000;0.042926;0.445696;0.001455;Warning;WO914816;9529.92
2026/07/03;ENG-010;157;2026-01-07 13:00:00;642.1200;1594.3300;1401.6300;553.6400;2388.0700;9063.8000;47.3600;522.0200;2388.0300;8143.5400;8.4228;393.0000;0.057530;-0.514957;0.000546;Healthy;WO143012;409.58
2026-07-03;ENG-098;88;2026-01-04 16:00:00;643.2100;1588.9000;1409.9900;553.6700;2388.0800;9065.4600;47.5800;521.6300;2388.1200;8136.7600;8.4648;393.0000;0.064322;0.075105;0.001362;Warning;WO566087;2763.19
03-Jul-2026;ENG-028;107;2026-01-05 11:00:00;642.6500;1594.3800;1395.2000;553.2300;2388.1100;9043.8200;47.5500;521.6200;2388.0800;8127.6200;8.4213;393.0000;0.043359;-0.239225;0.003610;Healthy;WO238982;180.36
2026-07-03;eng-008;152;2026-01-07 08:00:00;642.7300;1590.5800;1409.1800;553.2400;2388.1300;9055.1500;47.6700;520.9000;2388.0800;8126.0000;8.4542;393.0000;-0.002084;0.247601;0.000990;Healthy;WO194838;336.98
03-Jul-2026;ENG-011;72;2026-01-04 00:00:00;642.2700;1591.8600;1409.3800;553.5500;2388.1400;9039.9500;47.6100;521.2000;2388.1600;8120.0300;8.4381;393.0000;-0.037959;0.145330;0.002305;Healthy;WO391834;1,664.39
2026-07-03;ENG-023;88;2026-01-04 16:00:00;642.5400;1584.6300;1399.2800;554.0200;2388.0200;9054.0900;47.2000;522.1600;2388.0600;8137.8800;8.4277;392.0000;0.035083;-0.895211;0.000598;Healthy;WO775670;1,734.62
2026/07/03;ENG-072;128;2026-01-06 08:00:00;642.6200;1584.0700;1403.9500;553.9000;2388.0500;9071.2800;47.5800;521.6400;2388.0400;8147.2100;8.4443;391.0000;0.071517;-0.396681;0.001392;Healthy;WO550968;2596.72
2026/07/03;ENG-086;105;2026-01-05 09:00:00;642.5900;1595.2700;1409.3500;553.0500;2388.0900;9074.9100;47.4600;521.5800;2388.1100;8144.9500;8.4301;392.0000;0.097026;0.033082;0.005086;Warning;WO304644;2316.65
03-Jul-2026;ENG-004;90;2026-01-04 18:00:00;643.1700;1588.4800;1413.1500;553.5200;2388.1000;9047.7100;47.3900;521.2200;2388.1600;8134.4900;8.4449;392.0000;0.018121;0.088019;0.001300;healthy;WO883958;151.25
03-Jul-2026;ENG-078;58;2026-01-03 10:00:00;642.1800;1588.4300;1389.5400;554.0700;2387.9400;9068.3800;46.9200;522.5000;2387.9800;8146.5400;8.4099;392.0000;0.062505;-1.243872;0.001544;Healthy;WO930725;2092.95
03-Jul-2026;ENG-044;45;2026-01-02 21:00:00;642.2700;1587.0700;1404.3000;553.1100;2388.0400;9055.1400;47.4800;522.2400;2388.0700;8133.0300;8.4106;394.0000;0.053361;-0.404607;0.000386;warning;WO713272;24523.86
2026-07-03;ENG-056;124;2026-01-06 04:00:00;642.4900;1599.3600;1415.8700;552.5900;2388.2400;9046.1200;47.8600;520.3500;2388.1900;8120.4600;8.4789;395.0000;-0.306395;0.989202;0.004834;Warning;WO813385;14238.26
2026-07-03;ENG-061;137;2026-01-06 17:00:00;642.5800;1594.4400;1408.9200;553.0600;2388.1200;9066.6400;47.6500;521.4900;2388.0500;8145.4800;8.4444;393.0000;0.083920;0.100858;0.003291;warning;WO113753;20810.19
2026/07/03;ENG-044;51;2026-01-03 03:00:00;642.3100;1590.3100;1410.6100;553.8900;2388.0900;9059.3400;47.5800;521.4500;2388.0900;8135.6400;8.4303;394.0000;0.060107;-0.140823;0.001298;Healthy;WO822654;1,241.06
2026-07-03;ENG-070;117;2026-01-05 21:00:00;642.7600;1586.0500;1401.9000;552.9100;2388.0800;9054.1200;47.5100;521.7600;2388.0900;8132.7000;8.4466;394.0000;0.057773;-0.136361;0.001301;Healthy;WO579208;2259.13
2026-07-03;ENG-022;39;2026-01-02 15:00:00;642.5000;1583.4200;1410.1600;554.0400;2388.0900;9055.4100;47.3600;521.7700;2388.1100;8133.1200;8.4143;392.0000;0.024167;-0.456406;0.001665;Healthy;WO844978;2,689.77
03-Jul-2026;ENG-021;147;2026-01-07 03:00:00;642.6200;1591.3600;1407.3500;553.8400;2387.9900;9085.9800;47.2700;521.6000;2388.0300;8160.7300;8.4587;392.0000;0.095994;-0.390275;0.007670;Warning;WO446433;10356.46
03-Jul-2026;ENG-045;125;2026-01-06 05:00:00;642.7700;1593.1200;1407.9300;553.3600;2388.1100;9064.3800;47.6700;521.1900;2388.0900;8142.3000;8.4317;393.0000;0.067754;0.100566;0.001406;Healthy;WO661463;1393.29
2026/07/03;ENG-023;124;2026-01-06 04:00:00;642.1400;1581.8100;1402.9700;553.5100;2387.9800;9058.2700;47.2100;521.7100;2388.0300;8133.4500;8.4075;392.0000;0.015244;-0.905345;0.000423;Healthy;WO776879;2,917.45
2026-07-03;  ENG-084 ;149;2026-01-07 05:00:00;642.9900;1602.4400;1413.4500;553.4100;2388.1500;9060.1500;47.6700;521.1800;2388.1700;8128.3200;8.4844;396.0000;-0.032850;0.708721;0.005462;Warning;WO877415;18,465.64
03-Jul-2026;ENG-046;138;2026-01-06 18:00:00;642.9900;1593.8100;1415.6600;552.0300;2388.0900;9083.1600;47.6100;521.4200;2388.1100;8156.3900;8.4432;395.0000;0.123416;0.513037;0.010565;Warning;WO310261;22,226.93
2026/07/03;  ENG-038 ;120;2026-01-06 00:00:00;643.2000;1587.9300;1411.4500;553.4400;2388.0900;9073.0800;47.6500;521.1400;2388.1500;8148.5900;8.4949;394.0000;0.042683;0.467173;0.002231;Warning;WO515551;2491.72
2026/07/03;ENG-038;112;2026-01-05 16:00:00;643.5100;1599.3300;1415.5100;552.9400;2388.1100;9076.1800;47.8500;521.3500;2388.1400;8141.8900;8.4869;394.0000;0.043976;0.621045;0.002702;healthy;WO657365;1,242.34
03-Jul-2026;ENG-074;95;2026-01-04 23:00:00;642.7300;1589.8000;1404.5000;553.5200;2388.1000;9063.8200;47.6700;521.7000;2388.0900;8138.6500;8.4280;393.0000;0.074686;-0.087344;0.001172;Healthy;WO847951;1,461.79
2026/07/03;ENG-007;121;2026-01-06 01:00:00;642.0400;1586.1800;1404.8100;554.1600;2388.0400;9063.0100;47.1300;522.1400;2387.9700;8143.7400;8.3722;391.0000;0.036716;-1.065487;0.000913;Healthy;WO924529;260.62
2026/07/03;ENG-020;135;2026-01-06 15:00:00;643.0200;1596.0900;1404.8700;553.5700;2388.1300;9057.7100;47.6400;521.3800;2388.1100;8138.0400;8.4159;391.0000;0.051097;0.127917;0.003049;Healthy;WO217621;2204.51
2026/07/03;ENG-051;100;2026-01-05 04:00:00;642.1800;1584.4800;1405.5300;553.4900;2388.0500;9051.9400;47.3000;521.9700;2388.1000;8125.3300;8.4503;394.0000;0.026838;-0.385838;0.001674;Healthy;WO320196;1,830.68
03-Jul-2026;ENG-047;69;2026-01-03 21:00:00;642.2900;1591.7500;1416.4900;553.4800;2388.1400;9045.3900;47.6800;520.8500;2388.0500;8119.7600;8.4238;394.0000;-0.034790;0.172650;0.006602;Healthy;WO321642;1069.60
03-Jul-2026;ENG-085;28;2026-01-02 04:00:00;642.6600;1595.2800;1413.2200;553.1700;2388.1100;9057.2500;47.4300;521.6400;2388.1100;8134.6200;8.4345;393.0000;0.044595;0.150918;0.002860;healthy;WO992992;2476.72
2026/07/03;  ENG-020 ;132;2026-01-06 12:00:00;642.8800;1597.2800;1413.0200;553.5600;2388.0600;9060.9500;47.6500;521.1100;2388.0500;8146.3300;8.4417;390.0000;0.082517;0.102151;0.003207;Warning;WO708734;10,620.15
2026/07/03;ENG-047;51;2026-01-03 03:00:00;642.7100;1588.6300;1405.3100;553.6100;2388.1300;9041.2100;47.4800;521.5200;2388.1600;8122.0000;8.4200;393.0000;0.004706;-0.118123;0.002792;Healthy;WO397088;2967.48
2026/07/03;ENG-067;54;2026-01-03 06:00:00;642.2100;1591.6000;1401.1400;554.5500;2388.0600;9061.4400;47.3800;521.5100;2388.0300;8134.2100;8.3958;392.0000;0.022193;-0.794796;0.002663;Healthy;WO576317;
2026/07/03;ENG-072;120;2026-01-06 00:00:00;642.5700;1589.3700;1408.4000;554.1000;2388.0800;9067.2300;47.4100;521.7800;2388.1100;8146.5700;8.4702;393.0000;0.084434;-0.081698;0.003082;Healthy;WO417172;1,720.70
03-Jul-2026;ENG-010;148;2026-01-07 04:00:00;642.6100;1580.0800;1400.5600;553.8200;2388.0600;9062.4200;47.4100;521.9800;2388.0500;8144.4400;8.4322;392.0000;0.034919;-0.713896;;Healthy;WO722927;2480.11
03-Jul-2026;ENG-052;160;2026-01-07 16:00:00;642.5000;1591.3700;1410.3900;553.4000;2388.0200;9081.4800;47.3500;521.4400;2387.9900;8156.4800;8.4335;393.0000;0.098253;-0.223051;0.003582;Warning;WO116436;2,741.72
03-Jul-2026;ENG-022;38;2026-01-02 14:00:00;642.6700;1592.0300;1405.0800;553.7100;2388.1000;9043.8700;47.5300;521.4900;2388.1000;8126.7000;8.4364;392.0000;0.035846;-0.227942;0.001169;Healthy;WO952105;1,710.46
2026/07/03;ENG-054;114;2026-01-05 18:00:00;642.2900;1584.6300;1396.9500;554.8900;2388.0000;9066.5700;47.2900;522.5200;2388.0300;8139.6300;8.4112;391.0000;0.035546;-1.096022;0.001196;Healthy;WO778273;2,176.84
03-Jul-2026;ENG-034;158;2026-01-07 14:00:00;642.8000;1590.0800;1410.8000;553.5800;2388.1300;9060.7500;47.4400;521.5500;2388.1000;8138.9500;8.4434;395.0000;0.028457;0.189348;0.001871;Healthy;WO839960;1,431.47
2026/07/03;ENG-004;78;2026-01-04 06:00:00;643.1900;1583.0300;1404.6900;553.8800;2388.1100;9050.5900;47.6700;521.4300;2388.1100;8134.1400;8.4294;393.0000;0.040071;-0.094360;0.001747;Healthy;WO776296;1,900.43
2026/07/03;ENG-077;120;2026-01-06 00:00:00;642.6500;1588.1900;1404.4400;553.1300;2388.1100;9048.7900;47.3500;521.1000;2388.1000;8131.0600;8.4763;394.0000;0.012036;0.084057;0.001344;Healthy;WO143522;1,124.71
2026-07-03;ENG-017;128;2026-01-06 08:00:00;642.1300;1587.4800;1407.0300;554.3500;2388.0300;9075.1900;47.2900;522.0500;2388.0700;8160.8800;8.4465;394.0000;0.076488;-0.481541;0.003354;Healthy;WO928431;2,602.98
03-Jul-2026;ENG-045;113;2026-01-05 17:00:00;642.1800;1583.5100;1410.8300;553.7700;2388.1100;9062.3900;47.4500;521.2000;2388.0900;8139.4400;8.4461;392.0000;0.053544;-0.233386;0.001675;Warning;WO988736;8730.08
03-Jul-2026;ENG-054;120;2026-01-06 00:00:00;641.9400;1582.7500;1404.1100;554.1100;2387.9800;9063.3300;47.3000;522.1500;2388.0200;8145.9600;8.4113;390.0000;0.044008;-1.131879;0.000846;Healthy;WO491531;212.38
2026/07/03;ENG-084;140;2026-01-06 20:00:00;642.9300;1588.7400;1409.6200;552.9500;2388.0900;9053.2900;47.6500;521.7900;2388.1500;8133.3900;8.4377;394.0000;0.028847;0.215144;0.002921;Healthy;WO134420;702.86
2026/07/03;ENG-030;126;2026-01-06 06:00:00;642.8700;1588.7400;1408.3300;552.8000;2388.1100;9048.0600;47.5300;521.0000;2388.1200;8135.4800;8.4811;392.0000;0.017466;0.221433;0.000990;Healthy;WO341536;960.81
2026-07-03;ENG-091;224;2026-01-10 08:00:00;642.5900;1600.5500;1423.8200;552.6500;2388.2900;9049.0900;47.8800;520.3800;2388.2600;8126.9500;8.4605;395.0000;-0.413301;1.181357;0.003937;Warning;WO693523;18,539.46
2026-07-03;eng-063;119;2026-01-05 23:00:00;642.4300;1597.8900;1408.4800;552.7500;2388.1200;9058.1500;47.4900;520.7500;2388.1300;8128.9000;8.3878;393.0000;0.015938;0.177958;0.000854;WARNING;WO372139;17711.97
2026-07-03;  ENG-062 ;223;2026-01-10 07:00:00;643.4400;1584.6700;1409.0900;553.7000;2388.0200;9087.2200;47.4700;521.2600;2388.0800;8161.1100;8.4537;392.0000;0.095926;-0.159939;0.003802;Healthy;WO330393;2,388.53
2026/07/03;  ENG-007 ;156;2026-01-07 12:00:00;641.9300;1590.7800;1400.1600;553.6000;2388.0100;9056.4700;47.2100;521.6600;2388.1000;8144.1600;8.4139;393.0000;0.029226;-0.757299;0.001563;Healthy;WO717082;
2026-07-03;ENG-001;28;2026-01-02 04:00:00;641.9300;1594.2500;1401.2900;553.5600;2388.0700;9055.5600;47.0500;521.8400;2388.0700;8134.8900;8.4470;392.0000;0.022029;-0.605747;0.002686;Healthy;WO553466;1771.22
2026-07-03;ENG-091;197;2026-01-09 05:00:00;643.2200;1593.1600;1422.7800;552.9700;2388.2100;9051.8600;47.8100;520.6700;2388.1800;8126.6500;8.4445;394.0000;-0.140121;0.844298;0.002354;Warning;WO171563;
2026-07-03;ENG-029;147;2026-01-07 03:00:00;642.3000;1591.5600;1408.1100;553.1500;2388.0600;9064.4000;47.4400;522.4900;2388.0900;8150.5500;8.4329;393.0000;0.078877;-0.421608;0.000922;Warning;WO848108;4136.73
2026-07-03;ENG-081;211;2026-01-09 19:00:00;643.4800;1595.3200;1427.1200;551.1900;2388.2100;9076.2400;48.1300;519.5800;2388.2100;8146.2900;8.5019;396.0000;-0.542107;1.700278;0.010137;Warning;WO107995;24518.85
2026-07-03;  ENG-080 ;131;2026-01-06 11:00:00;642.4000;1585.0300;1407.8900;553.7000;2388.1000;9068.0200;47.3900;521.6600;2388.0700;8146.6300;8.4440;393.0000;0.066498;-0.232569;0.000507;Healthy;WO287670;2334.19
2026-07-03;ENG-006;87;2026-01-04 15:00:00;642.4000;1586.3800;1409.8200;553.9100;2388.0700;9048.4900;47.6100;521.8200;2388.1100;8137.2200;8.4533;394.0000;0.056638;-0.145993;0.002157;Healthy;WO489581;1546.23
03-Jul-2026;ENG-082;129;2026-01-06 09:00:00;642.3200;1590.3800;1407.5900;553.1400;2388.1800;9061.1600;47.5800;520.9300;2388.1500;8135.3500;8.4517;393.0000;0.009839;0.186388;0.002139;Healthy;WO862798;2995.45
03-Jul-2026;ENG-065;65;2026-01-03 17:00:00;642.2100;1578.5400;1401.1800;554.7100;2387.9900;9065.0600;47.1600;522.3300;2388.0000;8149.9100;8.3991;393.0000;0.043928;-1.186202;0.001505;HEALTHY;WO264401;478.61
03-Jul-2026;eng-051;112;2026-01-05 16:00:00;642.5100;1589.0600;1406.8200;553.5700;2388.0600;9047.5300;47.4600;521.6100;2388.1000;8135.3000;8.4260;393.0000;0.045372;-0.279079;0.002960;Healthy;WO379261;2,591.71
03-Jul-2026;ENG-073;104;2026-01-05 08:00:00;642.3000;1594.3000;1402.2800;554.3500;2388.0700;9050.8500;47.3000;522.0800;2388.0800;8141.5500;8.4065;392.0000;0.018144;-0.723383;0.003303;Healthy;WO846548;638.99
03-Jul-2026;ENG-098;121;2026-01-06 01:00:00;642.6800;1599.5100;1415.4700;553.4400;2388.1300;9062.3400;47.6600;521.5300;2388.0900;8146.3900;8.4235;394.0000;0.056391;0.230485;0.002059;Warning;WO341159;8518.29
2026/07/03;ENG-057;138;2026-01-06 18:00:00;642.1700;1586.2900;1404.4900;553.9900;2388.2100;9049.0000;47.5500;522.0100;2388.1200;8128.8300;8.3982;393.0000;0.021362;-0.214731;0.001326;Healthy;WO846401;1,948.54
03-Jul-2026;ENG-004;87;2026-01-04 15:00:00;641.8800;1595.4600;1418.0200;553.1800;2388.0800;9052.7700;47.4300;521.2400;2388.1000;8135.7900;8.4335;394.0000;0.024247;0.156857;0.003733;HEALTHY;WO768955;551.88
03-Jul-2026;eng-066;132;2026-01-06 12:00:00;643.1000;1596.3000;1415.3200;553.0400;2388.1000;9107.1500;47.6900;520.7900;2388.1400;8176.6600;8.4501;393.0000;0.369053;0.660469;0.010734;Warning;WO276724;
2026-07-03;ENG-064;119;2026-01-05 23:00:00;642.6600;1596.7400;1402.0300;553.7200;2388.1300;9060.6200;47.5000;521.1400;2388.0800;8138.8200;8.4572;395.0000;0.057992;0.040106;0.003689;Healthy;WO920171;1437.49
2026-07-03;ENG-029;157;2026-01-07 13:00:00;642.4100;1597.5900;1401.0800;554.7800;2388.0500;9071.8500;47.1600;521.7700;2388.0500;8145.2400;8.4624;392.0000;0.050364;-0.618732;0.000913;healthy;WO314239;2,692.22
2026-07-03;eng-089;157;2026-01-07 13:00:00;642.4900;1593.2500;1405.7500;553.9500;2388.0900;9050.5300;47.4900;521.8200;2388.1600;8130.6300;8.4421;393.0000;0.045819;-0.107202;0.002207;Healthy;WO828807;1,311.64
03-Jul-2026;ENG-011;72;2026-01-04 00:00:00;642.2700;1591.8600;1409.3800;553.5500;2388.1400;9039.9500;47.6100;521.2000;2388.1600;8120.0300;8.4381;393.0000;-0.037959;0.145330;0.002305;Healthy;WO391834;1,664.39
2026-07-03;  ENG-013 ;163;2026-01-07 19:00:00;642.0100;1581.4800;1396.9900;554.1100;2388.0300;9062.3800;47.2800;521.9800;2388.0700;8135.6400;8.4077;392.0000;0.006236;-0.883319;0.000546;Healthy;WO383273;111.88
2026/07/03;  ENG-068 ;166;2026-01-07 22:00:00;642.8700;1592.7900;1417.2100;552.0100;2388.0800;9077.9900;47.8100;520.6000;2388.1600;8148.4300;8.4819;394.0000;0.107124;0.798839;0.006944;Warning;WO659809;7160.75
2026/07/03;ENG-049;235;2026-01-10 19:00:00;641.9600;1587.7500;1408.4600;553.8200;2388.1000;9050.4100;47.5800;522.0000;2388.1000;8138.4200;8.4071;391.0000;0.048284;-0.363934;0.000961;Healthy;WO372914;818.42
2026/07/03;ENG-004;74;2026-01-04 02:00:00;642.5400;1590.9500;1409.8500;554.0100;2388.1100;9060.7800;47.6100;521.0600;2388.1200;8137.7100;8.4230;393.0000;0.023207;0.178235;0.002663;Healthy;WO108819;1,202.47
03-Jul-2026;ENG-013;151;2026-01-07 07:00:00;641.9300;1588.8600;1412.9400;553.6300;2388.0800;9063.2300;47.4100;521.6800;2388.0300;8142.5600;8.4476;393.0000;0.074521;-0.213568;0.000707;Healthy;WO217815;2386.52
2026-07-03;ENG-071;47;2026-01-02 23:00:00;641.9700;1590.7500;1408.8800;553.9400;2388.0400;9060.0100;47.2500;521.9500;2388.0000;8146.6000;8.4169;391.0000;0.037077;-0.766550;0.000772;Healthy;WO958573;2901.46
2026/07/03;ENG-012;207;2026-01-09 15:00:00;642.5900;1581.9900;1399.1900;553.7700;2388.0500;9066.3000;47.3600;521.5700;2388.0500;8155.4400;8.4144;393.0000;0.047002;-0.677061;0.000622;Healthy;WO585638;2,028.24
2026/07/03;ENG-084;122;2026-01-06 02:00:00;642.9000;1596.7700;1403.1400;553.5900;2388.0800;9049.4200;47.6100;521.4600;2388.1100;8131.3300;8.4272;393.0000;0.038832;0.073076;0.000831;HEALTHY;WO894491;266.37
2026/07/03;ENG-076;153;2026-01-07 09:00:00;642.2800;1591.4800;1403.3600;553.7700;2388.0500;9075.3500;47.5300;521.8600;2388.1100;8152.4500;8.4273;392.0000;0.084682;-0.250327;0.001381;Warning;WO115761;14892.28
03-Jul-2026;ENG-100;184;2026-01-08 16:00:00;642.6000;1595.8900;1416.1700;553.2000;2388.0500;9123.5200;47.7000;521.5400;2388.0600;8197.6600;8.4568;394.0000;0.710854;0.656412;0.020377;warning;WO908400;9837.03
03-Jul-2026;eng-015;70;2026-01-03 22:00:00;642.0500;1590.2500;1396.9900;554.1400;2388.0200;9055.5700;47.5000;521.9800;2388.0600;8136.4900;8.4260;394.0000;0.042546;-0.589702;0.001158;Healthy;WO911868;236.42
2026/07/03;ENG-060;100;2026-01-05 04:00:00;642.4700;1584.0300;1410.2400;552.8700;2388.0700;9050.1600;47.5200;521.3000;2388.0700;8128.0900;8.4320;392.0000;0.036288;-0.028879;0.001280;Healthy;WO547335;2795.96
2026-07-03;  ENG-092 ;106;2026-01-05 10:00:00;642.8100;1591.2500;1408.2400;552.6700;2388.1700;9046.5900;47.9000;520.8300;2388.1500;8132.1000;8.4696;394.0000;-0.040481;0.545588;0.002386;Healthy;WO669216;82.64
03-Jul-2026;  ENG-085 ;33;2026-01-02 09:00:00;642.7500;1588.3300;1405.6400;553.1800;2388.1300;9049.9600;47.4500;521.4000;2388.1400;8129.6800;8.4336;393.0000;0.025584;0.033676;0.000697;Healthy;WO254453;1300.72
2026/07/03;  ENG-094 ;123;2026-01-06 03:00:00;642.8200;1587.6100;1416.4300;552.1800;2388.1800;9058.7100;47.4300;521.1300;2388.1200;8133.5300;8.4230;393.0000;0.005999;0.292973;0.002264;Healthy;WO264948;1,060.96
03-Jul-2026;ENG-010;168;2026-01-08 00:00:00;643.2200;1580.8600;1400.9500;553.0800;2388.0300;9056.8800;47.4800;521.7100;2388.0600;8141.0600;8.4292;392.0000;0.061657;-0.310222;0.000193;Healthy;WO660044;2044.38
03-Jul-2026;ENG-060;138;2026-01-06 18:00:00;642.4500;1583.0400;1405.9700;553.3800;2388.1300;9056.5700;47.5200;521.4900;2388.1200;8133.3400;8.4162;394.0000;0.037724;-0.075233;0.002256;Healthy;WO275331;1232.24
2026-07-03;ENG-095;84;2026-01-04 12:00:00;642.3900;1586.5400;1408.7100;553.7600;2388.0900;9049.4500;47.5300;521.7100;2388.0600;8126.2400;8.4446;391.0000;0.034908;-0.378067;0.001257;healthy;WO127429;86.34
2026/07/03;eng-022;31;2026-01-02 07:00:00;642.7200;1590.0500;1406.0100;554.3900;2388.1100;9053.8600;47.4900;521.4600;2388.0600;8131.6400;8.4208;394.0000;0.042756;-0.130321;0.000725;Healthy;WO173101;1,774.96
2026/07/03;  ENG-012 ;167;2026-01-07 23:00:00;641.9200;1587.6800;1393.2300;554.2000;2388.0900;9063.6300;47.3200;522.6300;2388.0100;8141.7800;8.4093;394.0000;0.032068;-0.919974;0.002561;Healthy;WO878439;179.08
2026-07-03;ENG-024;155;2026-01-07 11:00:00;642.6700;1595.2400;1409.6000;554.3800;2388.0000;9101.6400;47.4600;521.7400;2388.0700;8179.9600;8.4328;392.0000;0.145421;-0.357993;0.006887;Warning;WO886421;7,477.78
2026-07-03;  ENG-008 ;163;2026-01-07 19:00:00;642.9600;1586.0100;1414.6000;553.3000;2388.1200;9051.8200;47.5200;521.0500;2388.1000;8129.8600;8.4732;393.0000;-0.007207;0.247182;0.004260;Healthy;WO827761;2714.26
2026/07/03;ENG-010;129;2026-01-06 09:00:00;642.9500;1592.6600;1402.5300;554.3900;2388.0200;9064.1000;47.3700;521.8700;2388.0500;8142.5500;8.4125;393.0000;0.047617;-0.564072;0.002142;Healthy;WO686393;2146.77
2026/07/03;ENG-027;95;2026-01-04 23:00:00;642.3000;1584.8100;1400.4500;554.5900;2388.0400;9049.6600;47.3100;521.9000;2388.0600;8134.0100;8.4078;391.0000;0.003728;-0.966231;0.000880;Healthy;WO817095;206.26
2026-07-03;ENG-029;152;2026-01-07 08:00:00;642.2400;1591.2600;1410.0200;553.6800;2388.0800;9070.7000;47.5700;521.3100;2388.0900;8147.2800;8.4360;393.0000;0.080532;-0.149942;0.001949;Warning;WO337718;24512.79
2026-07-03;eng-003;96;2026-01-05 00:00:00;642.8300;1588.7600;1406.0800;552.9300;2388.1500;9053.6800;47.6300;521.3400;2388.1800;8131.7200;8.4491;394.0000;0.004970;0.215084;0.000924;Warning;WO295670;24027.90
2026/07/03;eng-100;178;2026-01-08 10:00:00;642.3200;1591.7800;1408.0800;553.5500;2388.0500;9115.8000;47.6200;521.9300;2388.0500;8184.8900;8.4574;394.0000;0.447621;0.214464;0.055093;WARNING;WO982424;4,588.13
03-Jul-2026;eng-046;120;2026-01-06 00:00:00;642.8600;1587.9200;1416.8000;553.0400;2388.0600;9076.0200;47.4900;520.8200;2388.0800;8154.3800;8.4282;392.0000;0.099391;0.104592;0.004833;Warning;WO216845;6133.68
2026-07-03;eng-064;116;2026-01-05 20:00:00;642.7900;1582.8400;1407.1600;553.9400;2388.1300;9057.7100;47.5500;521.5300;2388.1300;8138.0300;8.4357;394.0000;0.037528;-0.024830;0.002450;healthy;WO145682;2207.09
03-Jul-2026;eng-094;112;2026-01-05 16:00:00;642.6800;1592.3900;1412.3100;553.9100;2388.1400;9054.8500;47.7000;521.2700;2388.1500;8132.2000;8.4390;394.0000;-0.000091;0.227628;0.000911;Healthy;WO764187;2492.20
03-Jul-2026;ENG-019;93;2026-01-04 21:00:00;642.2800;1583.5300;1395.3700;554.1300;2388.0200;9061.1100;47.3400;522.2100;2388.0600;8141.8200;8.4301;392.0000;0.032768;-0.912809;0.000946;Healthy;WO895695;
2026/07/03;ENG-081;161;2026-01-07 17:00:00;642.8200;1589.8500;1410.1700;552.5800;2388.0900;9073.9900;47.5300;521.2200;2388.0500;8150.5300;8.4524;394.0000;0.092333;0.210560;0.003490;Warning;WO303477;6242.50
03-Jul-2026;ENG-061;112;2026-01-05 16:00:00;643.0700;1589.8500;1408.4100;553.7000;2388.0600;9067.8000;47.4500;522.1800;2388.0100;8146.4900;8.4207;394.0000;0.083155;-0.342471;0.003082;Healthy;WO110885;1540.31
2026/07/03;ENG-097;93;2026-01-04 21:00:00;642.3800;1582.6600;1400.9700;554.7300;2388.0100;9068.5500;47.2900;522.2400;2388.0500;8148.6900;8.3903;391.0000;0.024301;-1.010408;0.001859;Healthy;WO459539;1865.97
2026-07-03;ENG-049;294;2026-01-13 06:00:00;642.9600;1598.2600;1419.0700;552.1000;2388.2400;9050.9900;48.0000;520.3900;2388.2800;8124.4800;8.4896;394.0000;-0.600962;1.351693;0.011113;warning;WO321884;18,096.42
2026-07-03;ENG-058;120;2026-01-06 00:00:00;642.2400;1592.1200;1399.0900;554.4800;2388.1100;9054.3100;47.3900;521.6300;2388.0900;8132.0400;8.4752;394.0000;0.042490;-0.284498;0.002088;Healthy;WO205959;1029.64
03-Jul-2026;ENG-057;137;2026-01-06 17:00:00;642.6000;1602.5800;1410.8500;553.4400;2388.0600;9043.4800;47.6100;521.4300;2388.1500;8127.6600;8.4285;394.0000;0.008754;0.240297;0.002867;Healthy;WO550136;2966.78
03-Jul-2026;ENG-024;136;2026-01-06 16:00:00;642.3800;1597.9600;1404.7100;554.4300;2387.9800;9083.4500;47.3200;522.0900;2388.0400;8166.7300;8.4070;394.0000;0.085352;-0.627125;0.010096;Warning;WO837094;3230.27
2026/07/03;ENG-074;134;2026-01-06 14:00:00;642.6800;1589.2300;1401.4100;553.7800;2388.1100;9059.7500;47.5300;521.1700;2388.1200;8145.0000;8.4591;392.0000;0.067370;-0.008185;0.002609;Healthy;WO689058;682.07
2026/07/03;  ENG-082 ;135;2026-01-06 15:00:00;642.8600;1591.6300;1407.2000;553.1700;2388.1800;9054.1000;47.6500;521.1800;2388.1100;8135.3700;8.4541;394.0000;0.003379;0.296992;0.002059;Healthy;WO585425;152.58
2026-07-03;  ENG-053 ;122;2026-01-06 02:00:00;642.3600;1592.1300;1406.5800;553.3100;2388.0400;9066.0300;47.4600;521.5300;2388.0400;8144.7000;8.4050;394.0000;0.074424;-0.263030;0.001561;Healthy;WO999186;615.29
03-Jul-2026;ENG-070;104;2026-01-05 08:00:00;642.3400;1587.3300;1407.8500;553.0600;2388.0600;9049.5800;47.4900;522.0400;2388.0300;8135.4500;8.4117;394.0000;0.058959;-0.318592;0.000727;Healthy;WO267669;277.56
03-Jul-2026;  ENG-091 ;168;2026-01-08 00:00:00;642.8800;1589.4800;1419.0900;552.2000;2388.1700;9056.8500;47.7700;520.9200;2388.1900;8127.3900;8.4867;395.0000;-0.087135;0.752940;0.004871;Warning;WO581955;15713.20
03-Jul-2026;eng-077;122;2026-01-06 02:00:00;642.4400;1585.7200;1412.9500;553.5300;2388.1200;9050.2700;47.4300;521.5100;2388.1100;8124.8300;8.4427;391.0000;0.024869;-0.235602;0.000940;Healthy;WO435656;1526.97
2026/07/03;ENG-019;94;2026-01-04 22:00:00;642.0500;1587.9200;1405.5800;553.6200;2388.0200;9056.6300;47.1500;522.1600;2388.0200;8139.9100;8.4430;392.0000;0.030337;-0.754199;0.000546;healthy;WO243415;2,173.58
2026-07-03;  ENG-082 ;160;2026-01-07 16:00:00;643.6600;1594.1400;1422.0500;552.1000;2388.2900;9051.4300;48.0200;519.6600;2388.2400;8129.9700;8.5272;394.0000;-0.698843;1.509946;0.007658;Warning;WO192099;18511.30
2026-07-03;ENG-018;105;2026-01-05 09:00:00;642.0200;1594.8800;1404.3300;553.6200;2388.0700;9062.8200;47.4600;521.7100;2388.0900;8139.1100;8.4185;392.0000;0.058789;-0.401139;0.001563;Healthy;WO500455;571.65
03-Jul-2026;eng-003;118;2026-01-05 22:00:00;642.5200;1596.4600;1411.0200;553.1300;2388.1300;9056.8000;47.7300;520.7100;2388.1400;8129.5800;8.4522;394.0000;-0.022889;0.482679;0.001633;Warning;WO361372;
03-Jul-2026;eng-042;115;2026-01-05 19:00:00;642.4300;1590.4000;1414.6300;553.8800;2388.0800;9053.1100;47.5800;521.6000;2388.1100;8134.3400;8.4136;394.0000;0.039276;-0.016180;0.000750;HEALTHY;WO387405;2179.09
2026-07-03;ENG-076;176;2026-01-08 08:00:00;642.9700;1586.2800;1410.7800;553.2300;2388.0900;9085.6700;47.4200;520.9700;2388.1300;8158.0300;8.4857;393.0000;0.107344;0.288376;0.008652;healthy;WO696675;1004.05
2026/07/03;ENG-092;114;2026-01-05 18:00:00;642.7300;1598.8200;1414.3900;552.8800;2388.1900;9041.6100;47.7700;520.2500;2388.1800;8119.1800;8.4770;393.0000;-0.170076;0.785824;0.004114;warning;WO537561;2987.11
2026/07/03;ENG-012;199;2026-01-09 07:00:00;642.3400;1585.8300;1401.5300;554.3400;2388.0700;9071.9700;47.3900;522.2000;2388.0600;8151.2100;8.4173;392.0000;0.046306;-0.737495;0.001119;healthy;WO854053;523.61
2026/07/03;ENG-043;155;2026-01-07 11:00:00;642.6700;1582.2800;1408.9400;553.5400;2388.1500;9046.6300;47.3400;521.1700;2388.1400;8134.6700;8.4698;393.0000;0.007640;-0.015529;0.001888;Healthy;WO786871;97.80
2026/07/03;ENG-090;116;2026-01-05 20:00:00;642.3800;1587.7300;1403.7500;554.2500;2388.1000;9074.1700;47.6800;521.4700;2388.1000;8140.7300;8.4633;394.0000;0.074127;-0.084932;0.001997;Healthy;WO349838;2183.10
03-Jul-2026;ENG-094;100;2026-01-05 04:00:00;642.9000;1588.7500;1408.0100;552.4600;2388.0600;9057.5300;47.5600;521.1700;2388.0900;8134.3300;8.4780;393.0000;0.028525;0.339465;0.001773;Healthy;WO470207;2,978.30
03-Jul-2026;ENG-042;127;2026-01-06 07:00:00;643.0400;1586.6800;1412.5500;553.2700;2388.1300;9042.2200;47.5300;521.3500;2388.1800;8126.4500;8.4577;394.0000;0.007206;0.007674;0.003992;Healthy;WO189175;1,257.09
2026-07-03;ENG-060;118;2026-01-05 22:00:00;642.9900;1589.8400;1407.9900;553.4200;2388.0800;9058.0700;47.4400;521.9900;2388.1000;8136.1000;8.4362;393.0000;0.062878;-0.187575;0.000936;WARNING;WO562739;5926.08
03-Jul-2026;eng-068;139;2026-01-06 19:00:00;643.1600;1587.9200;1410.2600;553.4100;2388.0500;9066.3000;47.5800;521.7000;2388.0900;8137.3300;8.4583;393.0000;0.074583;0.118731;0.001821;Healthy;WO603537;893.30
2026-07-03;  ENG-055 ;111;2026-01-05 15:00:00;642.7700;1585.5800;1412.9700;553.7200;2388.0500;9054.4800;47.4600;521.8200;2388.0700;8140.7700;8.4367;393.0000;0.050249;-0.407799;0.002332;Healthy;WO340405;
2026/07/03;ENG-023;96;2026-01-05 00:00:00;642.2000;1584.7300;1392.6600;554.4900;2388.0500;9053.9500;47.1500;521.6200;2388.0500;8137.3400;8.3951;392.0000;0.008663;-1.071031;0.002013;Healthy;WO209921;1644.74
03-Jul-2026;  ENG-032 ;137;2026-01-06 17:00:00;642.5600;1594.1300;1401.3600;553.3300;2388.0100;9091.0200;47.3800;521.8100;2387.9800;8170.4100;8.4041;395.0000;0.127840;-0.368491;0.003047;Warning;WO546871;16747.62
2026/07/03;ENG-075;60;2026-01-03 12:00:00;642.6900;1590.3200;1403.4600;554.2800;2388.1000;9056.3000;47.3400;522.0800;2388.0200;8142.0700;8.3944;392.0000;0.035402;-0.618103;0.000386;Healthy;WO482475;1968.95
2026-07-03;ENG-005;83;2026-01-04 11:00:00;642.3500;1594.7600;1409.4500;553.3100;2388.1200;9053.1200;47.6800;521.2300;2388.1000;8132.9300;8.4361;392.0000;0.030956;0.085793;0.004484;Healthy;WO132402;2,263.90
2026-07-03;ENG-077;133;2026-01-06 13:00:00;643.1500;1590.3000;1416.4100;552.8300;2388.1000;9041.8000;47.5000;521.6900;2388.0600;8125.4100;8.4794;393.0000;-0.006809;0.304898;0.001036;healthy;WO944153;419.66
03-Jul-2026;eng-012;187;2026-01-08 19:00:00;641.7500;1589.6500;1403.5900;553.8200;2388.0500;9067.3700;47.3100;521.7200;2388.0000;8142.8800;8.3801;391.0000;0.036006;-0.812121;;Healthy;WO343745;591.09
03-Jul-2026;ENG-008;143;2026-01-06 23:00:00;642.7500;1591.5500;1409.2000;552.8100;2388.1600;9051.6400;47.4700;522.2900;2388.1300;8133.6800;8.4272;393.0000;0.060061;-0.037049;0.002471;Healthy;WO919326;646.47
03-Jul-2026;  ENG-017 ;133;2026-01-06 13:00:00;642.9500;1595.7500;1405.7200;553.9300;2388.0300;9080.0100;47.2800;521.6300;2388.0600;8154.9900;8.4306;393.0000;0.080238;-0.349715;0.001765;Healthy;WO850731;2528.27
2026/07/03;ENG-056;136;2026-01-06 16:00:00;643.3200;1598.6000;1416.8500;551.4500;2388.2300;9035.5500;48.0200;520.0000;2388.2300;8116.7000;8.5235;395.0000;-0.790296;1.421867;0.023079;Warning;WO588619;8353.05
2026/07/03;eng-053;156;2026-01-07 12:00:00;643.5700;1595.6700;1411.5100;552.9400;2388.1300;9104.2600;47.5100;521.9000;2388.1000;8174.9700;8.4827;395.0000;0.343085;0.592596;0.013452;warning;WO772048;19,521.01
2026/07/03;ENG-015;62;2026-01-03 14:00:00;642.7700;1592.2600;1400.0600;554.0800;2388.0700;9054.9000;47.2100;521.8800;2388.0500;8141.5200;8.4408;393.0000;0.035713;-0.513891;0.000946;healthy;WO451878;1,401.10
2026/07/03;ENG-018;110;2026-01-05 14:00:00;642.4800;1586.6400;1410.0400;552.7900;2388.0900;9064.1400;47.3600;521.9600;2388.0500;8134.9000;8.4678;390.0000;0.065748;-0.216653;0.000880;Healthy;WO409298;916.70
2026/07/03;ENG-092;140;2026-01-06 20:00:00;643.5400;1598.5900;1411.5400;552.1600;2388.2200;9041.0200;47.6900;520.6500;2388.1800;8121.5400;8.4986;393.0000;-0.236810;0.899262;0.005270;Healthy;WO627569;676.42
03-Jul-2026;  ENG-100 ;158;2026-01-07 14:00:00;642.5700;1584.4300;1408.3300;553.6100;2388.0100;9097.6300;47.4600;521.6200;2388.0000;8160.8700;8.4247;393.0000;0.097129;-0.491882;0.006099;Healthy;WO923361;
2026/07/03;ENG-059;92;2026-01-04 20:00:00;642.0200;1585.1100;1405.9700;553.6400;2388.0000;9052.7700;47.1500;521.8200;2388.0400;8142.0700;8.4307;392.0000;0.017228;-0.888121;0.003563;Healthy;WO358508;2,574.52
2026/07/03;ENG-089;129;2026-01-06 09:00:00;642.6000;1592.3200;1400.6400;553.9900;2388.1200;9038.9300;47.5700;521.2200;2388.1600;8124.3300;8.4163;393.0000;0.020089;-0.213873;0.001447;Healthy;WO648777;2,609.00
03-Jul-2026;  ENG-049 ;281;2026-01-12 17:00:00;643.0800;1592.3100;1424.5500;552.3500;2388.2000;9060.0500;47.8800;521.5800;2388.1600;8132.9300;8.4772;394.0000;-0.030953;0.741690;0.002514;Warning;WO918501;4,672.03
2026/07/03;ENG-091;227;2026-01-10 11:00:00;643.5000;1592.5300;1419.6100;552.5200;2388.2000;9055.9000;47.9200;520.3900;2388.2100;8122.1500;8.5263;395.0000;-0.419730;1.236026;0.015168;Warning;WO840767;22916.08
2026/07/03;ENG-057;132;2026-01-06 12:00:00;643.3400;1589.4700;1411.0700;553.5800;2388.1200;9056.1400;47.5400;521.0700;2388.1500;8136.2200;8.4305;393.0000;0.019094;0.159651;0.001616;Healthy;WO328399;2,625.12
03-Jul-2026;  ENG-058 ;136;2026-01-06 16:00:00;643.1700;1591.0000;1407.6700;553.4400;2388.1200;9048.9300;47.6000;521.5200;2388.1000;8129.9800;8.4581;393.0000;0.019435;0.158730;0.000746;Healthy;WO159570;1,444.47
2026-07-03;eng-020;136;2026-01-06 16:00:00;642.5800;1592.1900;1411.4800;553.0000;2388.0600;9067.3100;47.4800;521.3500;2388.1100;8143.0400;8.4309;392.0000;0.083263;0.110385;0.001015;Warning;WO975723;8035.63
2026/07/03;  ENG-100 ;198;2026-01-09 06:00:00;642.9500;1601.6200;1424.9900;552.4800;2388.0600;9155.0300;47.8000;521.0700;2388.0500;8214.6400;8.4903;396.0000;1.218626;1.417504;0.038073;Warning;WO855014;12,212.24
03-Jul-2026;  ENG-083 ;63;2026-01-03 15:00:00;642.0600;1586.1700;1405.5000;553.7800;2388.0500;9064.4800;47.2800;521.8900;2388.0300;8132.9500;8.4252;394.0000;0.028619;-0.648789;0.000712;Healthy;WO645553;274.22
03-Jul-2026;ENG-045;123;2026-01-06 03:00:00;642.8000;1600.6800;1406.1300;553.0900;2388.0800;9060.5400;47.4700;521.4400;2388.1000;8141.1800;8.4491;393.0000;0.081612;-0.022090;0.002523;Healthy;WO225614;2,914.16
2026/07/03;ENG-089;158;2026-01-07 14:00:00;642.7400;1593.2800;1410.3300;553.4600;2388.1200;9046.7200;47.7100;520.8100;2388.1100;8128.0200;8.4397;392.0000;-0.005311;0.127138;0.002461;Healthy;WO816660;
03-Jul-2026;ENG-092;126;2026-01-06 06:00:00;643.1800;1595.0200;1418.3000;552.1900;2388.1500;9043.8800;47.7600;520.7400;2388.1400;8123.4400;8.4487;394.0000;-0.065481;0.654630;0.006983;Healthy;WO869548;1449.36
03-Jul-2026;ENG-089;174;2026-01-08 06:00:00;643.1200;1584.5500;1407.4000;553.4300;2388.1600;9046.6800;47.4700;521.2400;2388.1300;8132.3800;8.4406;395.0000;-0.000818;0.103812;0.004649;Healthy;WO664315;1,663.21
2026/07/03;  ENG-008 ;144;2026-01-07 00:00:00;642.4500;1587.4400;1412.2900;553.3800;2388.0700;9050.1500;47.5700;520.9200;2388.1700;8132.6900;8.4181;393.0000;0.021345;0.049889;0.002349;Healthy;WO603749;301.50
03-Jul-2026;ENG-093;209;2026-01-09 17:00:00;643.0800;1592.6200;1415.6800;552.7100;2388.1300;9064.5300;47.6200;520.8800;2388.1200;8139.6600;8.4529;394.0000;0.001850;0.570180;0.000646;Warning;WO215926;9803.12
03-Jul-2026;ENG-056;132;2026-01-06 12:00:00;644.0400;1591.3100;1425.6600;552.0600;2388.2800;9043.7600;47.9000;520.0300;2388.2100;8115.0200;8.5215;395.0000;-0.855968;1.626624;0.006695;Warning;WO161952;15,805.61
2026-07-03;  ENG-063 ;129;2026-01-06 09:00:00;642.5300;1588.0500;1411.2200;552.7500;2388.1700;9054.3900;47.6200;520.9600;2388.1100;8128.6900;8.4517;393.0000;-0.015381;0.283782;0.002515;Healthy;WO668335;845.21
2026/07/03;ENG-046;110;2026-01-05 14:00:00;642.4800;1585.4200;1405.5700;553.6100;2388.0700;9080.7900;47.5400;522.2200;2388.0500;8150.4500;8.4530;392.0000;0.085091;-0.441574;0.002386;Warning;WO566214;
03-Jul-2026;  ENG-079 ;83;2026-01-04 11:00:00;642.4900;1589.9000;1406.3600;554.2200;2388.0700;9046.4100;47.4400;521.2200;2388.0700;8127.7300;8.4415;393.0000;0.030323;-0.219471;0.001597;Healthy;WO979947;1476.88
2026/07/03;  ENG-064 ;122;2026-01-06 02:00:00;642.4500;1591.6700;1414.0100;553.2700;2388.1100;9060.8700;47.4200;521.1800;2388.1000;8141.0400;8.4091;393.0000;0.043026;0.139060;0.000980;Healthy;WO801246;1,728.42
2026-07-03;eng-090;99;2026-01-05 03:00:00;642.5000;1591.6200;1407.1400;553.2800;2388.0900;9063.7000;47.5100;521.1500;2388.1100;8136.9000;8.4355;393.0000;0.061358;-0.053400;0.001578;Healthy;WO500374;2354.63
2026/07/03;eng-082;131;2026-01-06 11:00:00;642.4400;1592.3800;1415.8500;552.9700;2388.1100;9061.7100;47.6600;520.9300;2388.1100;8143.3900;8.4493;393.0000;0.032415;0.294378;0.003455;Healthy;WO926138;1441.67
2026-07-03;ENG-060;130;2026-01-06 10:00:00;642.9900;1586.1800;1408.8900;552.2500;2388.0700;9061.5600;47.5600;522.2000;2388.1200;8136.8100;8.4699;394.0000;0.071674;0.211956;0.002972;healthy;WO885975;1716.05
03-Jul-2026;ENG-043;171;2026-01-08 03:00:00;642.9300;1588.6600;1407.7800;553.4200;2388.1000;9054.3600;47.6400;521.5100;2388.1500;8133.8300;8.4709;395.0000;0.010718;0.334620;0.000150;Warning;WO263209;19428.31
2026/07/03;ENG-081;171;2026-01-08 03:00:00;642.9600;1595.9800;1413.7400;553.0900;2388.1700;9075.4100;47.6100;520.8200;2388.1200;8150.7000;8.4633;395.0000;0.051948;0.674298;0.001638;Healthy;WO458882;
03-Jul-2026;ENG-005;93;2026-01-04 21:00:00;642.8700;1585.5500;1405.5700;553.9600;2388.1300;9049.7600;47.6000;520.8400;2388.1600;8128.2500;8.4772;394.0000;-0.027692;0.238124;0.002457;Healthy;WO804947;1,119.20
03-Jul-2026;  ENG-008 ;159;2026-01-07 15:00:00;642.4500;1583.6100;1407.2800;552.9300;2388.1300;9052.5900;47.5800;521.4000;2388.0400;8129.8500;8.4408;394.0000;0.021433;0.059321;0.000970;Healthy;WO302815;1,914.92
2026/07/03;ENG-037;91;2026-01-04 19:00:00;643.0300;1587.5300;1409.2100;553.8200;2388.0700;9053.1400;47.6300;521.4200;2388.0700;8128.4600;8.4367;392.0000;0.044693;-0.237157;0.001394;Healthy;WO756990;2885.49
2026/07/03;ENG-045;139;2026-01-06 19:00:00;642.6700;1589.6800;1406.4100;553.2300;2388.0800;9058.1500;47.6400;521.2000;2388.1100;8137.5500;8.4425;394.0000;0.031867;0.258743;0.002517;Healthy;WO528300;1289.24
2026-07-03;ENG-100;188;2026-01-08 20:00:00;643.3500;1589.8800;1409.8800;552.9600;2388.0300;9130.8500;47.5200;521.7600;2388.0600;8206.2500;8.4457;394.0000;0.719795;0.435459;0.029274;Warning;WO750643;8,435.97
2026/07/03;ENG-049;267;2026-01-12 03:00:00;642.5400;1592.3000;1418.0400;552.6500;2388.1300;9057.0100;47.7500;520.8700;2388.1600;8134.2700;8.4904;393.0000;-0.031591;0.664812;0.005505;Warning;WO929083;22606.01
2026-07-03;ENG-013;171;2026-01-08 03:00:00;642.4200;1585.1500;1399.8300;553.9500;2388.0700;9066.5300;47.4800;521.8600;2388.0000;8138.2200;8.4395;393.0000;0.048984;-0.613195;0.000622;Healthy;WO597443;1955.44
03-Jul-2026;eng-035;196;2026-01-09 04:00:00;643.4200;1598.7900;1424.9600;551.7900;2388.2300;9083.6700;47.8200;519.7700;2388.2000;8158.3100;8.5005;397.0000;-0.222598;1.553962;0.013663;Warning;WO605923;16672.91
03-Jul-2026;  ENG-037 ;104;2026-01-05 08:00:00;642.8700;1583.6100;1415.1800;552.8900;2388.1100;9040.2100;47.6100;521.0100;2388.1200;8127.0700;8.4776;393.0000;-0.013090;0.111920;0.005315;Healthy;WO610371;
2026-07-03;  ENG-058 ;149;2026-01-07 05:00:00;642.8800;1590.8500;1409.6800;553.2100;2388.1300;9053.0400;47.7300;521.3500;2388.1800;8135.8200;8.4466;393.0000;0.024025;0.165842;0.002664;Healthy;WO395996;2654.32
2026/07/03;ENG-037;115;2026-01-05 19:00:00;642.6600;1591.4600;1411.9700;552.6400;2388.1900;9038.8600;47.6300;520.9400;2388.1400;8121.6700;8.4847;395.0000;-0.082958;0.590818;0.006925;Healthy;WO172012;801.10
2026-07-03;ENG-036;91;2026-01-04 19:00:00;643.3100;1593.2800;1416.4800;552.4400;2388.1600;9063.8100;47.7500;520.6700;2388.0900;8133.3100;8.4760;394.0000;-0.022392;0.711877;0.000946;Warning;WO777183;19209.90
2026/07/03;ENG-057;122;2026-01-06 02:00:00;642.9400;1589.6700;1406.3300;552.9800;2388.1400;9050.0900;47.5100;521.6100;2388.0800;8130.8900;8.4530;393.0000;0.043468;0.018492;0.000679;Healthy;WO450951;2108.28
2026/07/03;ENG-043;150;2026-01-07 06:00:00;642.8400;1589.0700;1411.3100;552.8300;2388.1500;9047.2400;47.2000;521.2700;2388.1600;8129.3800;8.4379;394.0000;0.013938;0.022652;0.000563;Healthy;WO808435;2367.41
2026-07-03;ENG-031;133;2026-01-06 13:00:00;642.6000;1597.1200;1401.1000;553.9500;2388.0900;9068.1300;47.4400;521.6400;2388.1300;8149.1300;8.4254;394.0000;0.081968;-0.106119;0.002638;Healthy;WO874276;324.20
2026/07/03;ENG-065;59;2026-01-03 11:00:00;642.2700;1582.0000;1395.5800;554.5800;2387.9500;9068.5300;47.2700;522.4500;2388.0100;8147.1100;8.4056;391.0000;0.056266;-1.124000;0.000488;Healthy;WO612649;
2026/07/03;ENG-061;136;2026-01-06 16:00:00;642.8300;1589.2800;1409.1700;553.0500;2388.1000;9065.3700;47.5500;521.4600;2388.0900;8146.7200;8.4536;393.0000;0.077928;0.104253;0.003532;healthy;WO702785;1,457.58
2026-07-03;ENG-064;150;2026-01-07 06:00:00;643.4400;1594.9200;1407.2900;552.5100;2388.1300;9060.1600;47.7900;520.8700;2388.1200;8133.8900;8.4869;394.0000;-0.008846;0.692683;0.005607;Healthy;WO882562;1169.54
2026-07-03;  ENG-063 ;146;2026-01-07 02:00:00;642.9000;1591.2400;1411.4300;553.5500;2388.1900;9051.6500;47.5300;521.3200;2388.1300;8126.0200;8.4701;392.0000;-0.014504;0.247185;0.001878;Healthy;WO905573;593.87
2026-07-03;eng-013;176;2026-01-08 08:00:00;642.7100;1589.1600;1407.4500;553.7800;2388.0700;9068.2200;47.4600;521.9700;2388.0500;8140.7000;8.3996;393.0000;0.067301;-0.300910;0.002631;Healthy;WO630529;
2026/07/03;ENG-007;151;2026-01-07 07:00:00;642.4700;1587.4500;1396.2100;554.0100;2387.9900;9066.9500;47.3900;522.0800;2387.9700;8143.8300;8.4006;393.0000;0.047296;-0.956100;0.002454;Healthy;WO134125;1621.27
2026/07/03;eng-067;65;2026-01-03 17:00:00;642.3800;1595.0900;1403.6300;554.4700;2388.0300;9060.2100;47.4700;521.9500;2388.0500;8145.2000;8.4048;390.0000;0.045692;-0.727250;0.001145;Healthy;WO383503;2169.01
03-Jul-2026;ENG-086;99;2026-01-05 03:00:00;642.0200;1588.3600;1406.6700;553.6500;2388.0600;9066.6900;47.6800;521.8100;2388.1000;8142.2900;8.4467;394.0000;0.078448;-0.210212;0.001109;Healthy;WO191167;872.16
2026/07/03;eng-070;133;2026-01-06 13:00:00;642.3000;1595.0700;1404.7700;553.4700;2388.1000;9058.6900;47.6100;521.9700;2388.1100;8131.3700;8.4309;394.0000;0.063378;-0.106252;0.000156;Healthy;WO109643;2168.52
03-Jul-2026;ENG-056;107;2026-01-05 11:00:00;642.4800;1596.9400;1416.7700;551.4800;2388.1600;9049.1300;47.6200;520.6500;2388.2400;8129.4100;8.4782;395.0000;-0.233948;0.877123;0.004455;Warning;WO258348;6390.63
2026/07/03;ENG-032;108;2026-01-05 12:00:00;641.8100;1584.0800;1401.3300;554.6400;2388.0400;9081.6200;47.1800;522.1500;2388.0200;8161.9900;8.3843;392.0000;0.034507;-1.093226;0.001145;healthy;WO358324;601.34
03-Jul-2026;ENG-010;130;2026-01-06 10:00:00;642.9600;1586.3900;1392.3400;554.5600;2388.0200;9056.9100;47.3600;521.9600;2388.0300;8143.9100;8.3843;393.0000;0.032193;-0.863312;0.001582;Healthy;WO950121;86.48
2026/07/03;eng-062;175;2026-01-08 07:00:00;642.7000;1590.1700;1405.9200;554.4100;2388.0600;9071.0000;47.3600;521.6800;2388.0600;8140.7300;8.4129;391.0000;0.041690;-0.572807;0.003303;Healthy;WO396667;
2026/07/03;ENG-090;118;2026-01-05 22:00:00;642.8400;1590.6600;1409.2200;552.7500;2388.1200;9075.9900;47.6000;521.4800;2388.0600;8146.9400;8.4402;394.0000;0.088753;0.276892;0.002721;warning;WO831173;20,101.60
03-Jul-2026;ENG-053;149;2026-01-07 05:00:00;641.9800;1594.3700;1412.2000;552.8400;2388.0400;9089.1500;47.7100;521.2000;2387.9800;8167.1000;8.4571;395.0000;0.226246;0.230218;0.025588;Warning;WO456153;11814.80
2026-07-03;ENG-031;139;2026-01-06 19:00:00;642.9400;1581.3300;1408.1000;552.9100;2388.0500;9075.5800;47.5500;521.9100;2388.1000;8150.3800;8.4625;395.0000;0.107848;0.099105;0.005567;Warning;WO456297;14746.88
2026-07-03;ENG-050;70;2026-01-03 22:00:00;642.3800;1592.9900;1407.1300;554.1900;2388.0500;9058.8300;47.5300;522.3300;2388.0900;8140.0600;8.4410;392.0000;0.067688;-0.337235;0.000366;Healthy;WO856939;
2026-07-03;ENG-060;108;2026-01-05 12:00:00;642.2600;1587.2500;1406.8400;553.6100;2388.0900;9051.7000;47.5300;521.4100;2388.1200;8134.9300;8.4399;393.0000;0.033145;-0.037330;0.001729;HEALTHY;WO690424;2227.26
2026/07/03;ENG-067;57;2026-01-03 09:00:00;642.2400;1590.8400;1397.7200;553.2800;2388.0600;9058.2900;47.4700;521.3400;2388.0400;8141.7700;8.4040;393.0000;0.054340;-0.458772;0.001615;healthy;WO718103;1,606.57
2026/07/03;ENG-058;137;2026-01-06 17:00:00;642.2300;1588.5000;1404.0400;553.6500;2388.1000;9056.4200;47.4800;521.3300;2388.0700;8128.0400;8.4385;394.0000;0.030042;-0.015344;0.003199;Healthy;WO198181;994.65
2026-07-03;ENG-035;163;2026-01-07 19:00:00;643.4300;1595.2900;1417.2400;552.7100;2388.1600;9070.5000;48.0100;520.6500;2388.1800;8140.5100;8.4556;393.0000;-0.073548;0.930698;0.011423;Warning;WO932888;13,261.65
03-Jul-2026;ENG-023;113;2026-01-05 17:00:00;642.1100;1582.9800;1400.1600;554.8500;2388.0500;9050.9200;47.1800;521.6800;2388.0500;8133.2800;8.3981;393.0000;-0.007998;-0.933109;0.001171;HEALTHY;WO119874;136.28
2026-07-03;ENG-053;117;2026-01-05 21:00:00;642.5800;1589.3900;1406.5600;553.1600;2388.0000;9067.7400;47.4800;521.6000;2388.0900;8150.0300;8.4009;392.0000;0.075879;-0.256173;0.004533;Healthy;WO229260;592.89
2026-07-03;  ENG-026 ;54;2026-01-03 06:00:00;642.1600;1593.0200;1401.6000;553.4100;2388.0100;9071.5200;47.2000;521.9000;2388.0000;8146.4100;8.4381;391.0000;0.050828;-0.930607;0.000546;Healthy;WO736187;1912.17
03-Jul-2026;ENG-034;202;2026-01-09 10:00:00;643.5700;1601.7200;1426.9800;551.4300;2388.2400;9043.0800;48.1100;519.9300;2388.2400;8124.0000;8.4705;394.0000;-0.812433;1.557341;0.003937;warning;WO239663;2,634.36
03-Jul-2026;ENG-016;77;2026-01-04 05:00:00;641.9500;1586.7100;1393.7100;554.0500;2388.0500;9056.5900;47.4800;521.5400;2388.1100;8135.7000;8.4191;393.0000;0.012738;-0.794285;0.005399;Healthy;WO163601;1,405.15
2026/07/03;ENG-081;191;2026-01-08 23:00:00;643.2500;1589.2100;1418.3500;552.4800;2388.2000;9081.5300;47.8400;520.3800;2388.1400;8145.2300;8.4886;394.0000;0.031896;0.881178;0.011563;Warning;WO227056;9,061.17
2026-07-03;ENG-062;201;2026-01-09 09:00:00;642.7500;1584.2000;1407.1700;554.5800;2388.0200;9078.7700;47.1400;522.2500;2388.0400;8153.4500;8.4144;394.0000;0.049537;-0.705852;0.000946;Healthy;WO188284;1,016.02
03-Jul-2026;ENG-008;133;2026-01-06 13:00:00;642.3600;1586.5100;1408.3200;553.5600;2388.1600;9047.3700;47.6300;521.4200;2388.1000;8128.2300;8.4475;393.0000;0.002493;0.001919;0.000401;Healthy;WO596816;2,698.36
03-Jul-2026;ENG-052;187;2026-01-08 19:00:00;642.8300;1592.5700;1411.6600;553.3100;2388.1000;9110.0700;47.7100;521.0900;2388.0500;8193.3100;8.4301;393.0000;0.472723;0.436036;0.018235;warning;WO424552;11,687.43
2026-07-03;  ENG-013 ;180;2026-01-08 12:00:00;642.7400;1590.7800;1400.3300;554.3200;2388.0300;9061.2400;47.3500;520.7800;2388.0700;8143.9500;8.4528;393.0000;0.057932;-0.159047;0.001418;Healthy;WO711997;1,716.74
03-Jul-2026;ENG-055;87;2026-01-04 15:00:00;642.3700;1587.9800;1396.3900;553.5400;2388.0400;9050.8900;47.4400;521.7600;2388.0700;8135.6800;8.4187;392.0000;0.035418;-0.550792;0.001485;Healthy;WO938243;
03-Jul-2026;ENG-026;65;2026-01-03 17:00:00;642.2800;1587.9200;1394.8600;553.7800;2388.0000;9066.6400;47.2400;522.5000;2388.0400;8148.1900;8.4053;393.0000;0.052894;-0.883556;0.001145;Healthy;WO560290;2942.24
03-Jul-2026;ENG-076;199;2026-01-09 07:00:00;643.8400;1594.8100;1427.3900;552.1100;2388.1200;9100.3900;47.8500;520.3900;2388.1400;8176.8200;8.4771;396.0000;0.319661;1.522665;0.012138;Warning;WO755020;2,394.10
2026/07/03;ENG-034;140;2026-01-06 20:00:00;642.1200;1586.6500;1400.8900;553.6200;2388.0600;9058.0000;47.4000;522.1200;2388.0300;8144.2100;8.4251;393.0000;0.043767;-0.743648;0.003845;Healthy;WO222582;2586.22
2026/07/03;eng-078;67;2026-01-03 19:00:00;642.6000;1577.9200;1397.5600;554.8100;2387.9800;9073.1100;47.2500;522.7200;2387.9600;8147.9100;8.3899;391.0000;0.075283;-1.303753;0.004580;healthy;WO288175;1020.42
2026-07-03;ENG-006;82;2026-01-04 10:00:00;642.8800;1589.5800;1404.8500;552.7500;2388.1000;9058.7100;47.4200;522.0300;2388.1400;8134.6700;8.4462;393.0000;0.068727;-0.037801;0.000659;Healthy;WO141599;2,783.67
2026/07/03;  ENG-035 ;182;2026-01-08 14:00:00;643.0100;1597.7600;1416.6000;551.7700;2388.2000;9068.0900;47.8800;520.5500;2388.2100;8146.0000;8.4911;394.0000;-0.234690;1.199820;0.017305;Warning;WO767587;2448.38
03-Jul-2026;eng-061;108;2026-01-05 12:00:00;642.9400;1593.7900;1412.9300;553.7600;2388.0700;9065.7200;47.4200;521.2800;2388.0500;8145.0900;8.4102;393.0000;0.069605;-0.182323;0.001573;Healthy;WO514297;1415.47
03-Jul-2026;ENG-100;180;2026-01-08 12:00:00;642.6500;1593.4700;1415.7900;553.9300;2388.0400;9109.3700;47.6100;521.5800;2388.0700;8193.0200;8.5022;392.0000;0.379832;0.149898;0.011145;warning;WO825534;12,695.83
2026/07/03;eng-023;121;2026-01-06 01:00:00;642.1400;1585.3500;1396.8500;554.3100;2388.0500;9059.3600;47.3000;522.3100;2387.9700;8136.6300;8.4194;392.0000;0.050215;-1.019455;0.001245;Healthy;WO284186;1892.52
2026/07/03;ENG-097;107;2026-01-05 11:00:00;642.2200;1587.1800;1401.0100;553.9900;2388.0200;9072.0400;47.4500;522.2900;2387.9900;8152.1500;8.4221;393.0000;0.062090;-0.809584;0.004541;Healthy;WO778191;664.15
2026-07-03;  ENG-045 ;106;2026-01-05 10:00:00;642.6000;1592.6200;1408.4600;553.4800;2388.1400;9061.8000;47.4200;521.8200;2388.1400;8145.4800;8.4682;394.0000;0.069925;0.063168;0.002258;Healthy;WO155516;1280.78
2026/07/03;eng-003;122;2026-01-06 02:00:00;642.6500;1597.8300;1412.7600;552.8000;2388.1500;9044.9800;47.7500;521.2500;2388.2000;8129.3000;8.4979;393.0000;-0.047470;0.624150;0.006989;warning;WO917880;22203.28
2026/07/03;ENG-056;104;2026-01-05 08:00:00;643.0400;1592.5500;1413.6700;552.5100;2388.1900;9051.0800;47.5900;521.1400;2388.2100;8126.4500;8.4717;395.0000;-0.048836;0.537851;0.000173;Healthy;WO408827;2,024.61
2026/07/03;ENG-060;104;2026-01-05 08:00:00;642.9600;1586.2300;1406.7900;554.1400;2388.0700;9049.9400;47.6200;521.2000;2388.0800;8128.9700;8.4736;394.0000;0.031172;-0.063852;0.001943;Healthy;WO941699;2,563.22
2026-07-03;ENG-051;106;2026-01-05 10:00:00;642.5100;1591.2500;1405.8900;552.9600;2388.0800;9048.0000;47.5200;521.3000;2388.1100;8132.2600;8.4698;390.0000;0.052601;-0.106600;0.001039;Healthy;WO299466;1135.19
2026-07-03;ENG-028;110;2026-01-05 14:00:00;643.2100;1588.5900;1411.4000;553.4800;2388.0900;9055.6900;47.4800;521.5300;2388.1900;8132.5000;8.4438;392.0000;0.032025;0.146698;0.001632;Healthy;WO551862;2578.06
03-Jul-2026;ENG-054;98;2026-01-05 02:00:00;641.9300;1584.3100;1400.7100;553.9600;2388.0200;9056.5300;47.3500;522.4500;2387.9800;8138.3300;8.3960;391.0000;0.051862;-1.085837;0.001424;healthy;WO858023;1,856.76
03-Jul-2026;ENG-031;147;2026-01-07 03:00:00;642.3300;1590.5000;1405.6600;553.0500;2388.0700;9075.3800;47.4600;520.7900;2388.1000;8151.2600;8.4383;394.0000;0.094744;0.050436;0.003801;HEALTHY;WO969521;2146.88
03-Jul-2026;ENG-062;231;2026-01-10 15:00:00;642.5400;1596.4100;1410.2600;553.1000;2388.1400;9089.6200;47.6800;521.3500;2388.0400;8175.3100;8.4642;393.0000;0.248964;0.430881;0.012031;Warning;WO426032;13,134.52
2026-07-03;ENG-040;99;2026-01-05 03:00:00;642.8900;1590.8300;1411.5500;553.2300;2388.1400;9052.5100;47.9200;521.1300;2388.0800;8136.1600;8.4875;397.0000;-0.041239;0.684294;0.002386;healthy;WO635701;1756.36
2026-07-03;  ENG-065 ;58;2026-01-03 10:00:00;642.2700;1585.9500;1397.3400;553.8500;2388.0400;9068.7800;47.2500;522.7700;2387.9900;8153.1600;8.4227;392.0000;0.032582;-2.668192;0.002762;Healthy;WO597064;382.86
2026-07-03;ENG-018;115;2026-01-05 19:00:00;642.3600;1589.4900;1414.1100;552.7000;2388.0600;9062.4400;47.3800;522.0500;2388.1100;8143.5900;8.4188;393.0000;0.068257;-0.266329;0.003134;Healthy;WO516336;
2026-07-03;ENG-094;121;2026-01-06 01:00:00;643.3000;1593.4500;1416.8100;552.7100;2388.0900;9062.1300;47.6600;520.6300;2388.1400;8132.8500;8.4543;395.0000;-0.013579;0.576090;0.001859;WARNING;WO604538;10348.85
2026/07/03;ENG-076;175;2026-01-08 07:00:00;642.2500;1596.2600;1419.3100;552.9900;2388.1200;9076.9200;47.6700;521.2500;2388.1200;8162.3200;8.4591;394.0000;0.104968;0.463954;0.006226;Warning;WO753652;9501.33
03-Jul-2026;ENG-065;61;2026-01-03 13:00:00;641.8800;1580.4600;1402.7500;553.9200;2388.0000;9063.6000;47.1200;522.7100;2387.9800;8146.6800;8.4123;393.0000;0.046382;-1.091872;0.001196;Healthy;WO385579;1042.73
2026-07-03;ENG-068;144;2026-01-07 00:00:00;643.2400;1584.8800;1411.1900;552.7900;2388.1200;9068.9600;47.6600;521.3700;2388.1300;8143.5900;8.4291;392.0000;0.056627;0.265506;0.000366;Healthy;WO441486;2,305.03
03-Jul-2026;ENG-061;158;2026-01-07 14:00:00;642.6500;1596.5700;1414.4900;552.1700;2388.1900;9065.7900;47.8700;521.1200;2388.1700;8143.8600;8.4890;394.0000;-0.065990;0.903611;0.009076;warning;WO661004;20,771.88
2026-07-03;ENG-024;176;2026-01-08 08:00:00;642.4000;1588.7800;1409.3800;553.0600;2388.0400;9125.7000;47.5400;521.2800;2388.0700;8193.7400;8.4830;395.0000;0.550661;0.278590;0.056010;Warning;WO708504;8543.41
03-Jul-2026;  ENG-045 ;112;2026-01-05 16:00:00;642.8500;1594.9000;1407.9900;553.1800;2388.1200;9063.2500;47.5700;521.1400;2388.0700;8146.7900;8.4445;393.0000;0.076051;0.154183;0.002190;Healthy;WO975874;1,655.28
2026-07-03;ENG-003;107;2026-01-05 11:00:00;642.7900;1589.1600;1408.5800;552.1200;2388.0800;9051.5200;47.5700;521.5000;2388.1300;8127.5000;8.4386;392.0000;0.029936;0.179870;0.001724;Healthy;WO747937;1753.33
2026/07/03;ENG-034;156;2026-01-07 12:00:00;642.0900;1589.4100;1411.9500;553.0900;2388.1200;9060.2100;47.4500;521.4900;2388.0600;8142.5100;8.4083;393.0000;0.074952;-0.086669;0.001350;Healthy;WO613388;1995.09
2026/07/03;  ENG-051 ;138;2026-01-06 18:00:00;642.4700;1594.6900;1403.7500;552.9100;2388.0400;9050.8400;47.6100;521.1800;2388.1300;8132.2400;8.4176;392.0000;0.060454;-0.126887;0.002558;healthy;WO380083;1893.62
03-Jul-2026;ENG-017;132;2026-01-06 12:00:00;642.5300;1586.8000;1405.0100;553.4900;2388.0400;9085.0300;47.4500;522.0200;2388.0400;8156.4000;8.4411;394.0000;0.094555;-0.359320;0.004759;Healthy;WO631073;
2026-07-03;ENG-082;149;2026-01-07 05:00:00;642.3700;1599.3900;1422.7600;552.5400;2388.1800;9057.9200;47.8200;520.7000;2388.1400;8127.2600;8.4564;396.0000;-0.085680;0.833024;0.004292;Warning;WO424146;23326.86
03-Jul-2026;ENG-027;134;2026-01-06 14:00:00;642.5000;1585.7900;1407.1300;553.4400;2388.0900;9049.2100;47.4600;521.4900;2388.1200;8130.0600;8.4165;392.0000;0.029813;-0.295371;0.001467;Healthy;WO261679;1870.04
03-Jul-2026;eng-018;129;2026-01-06 09:00:00;643.0300;1600.3300;1419.2100;553.2500;2388.1800;9053.7400;47.6300;521.2300;2388.1200;8136.1700;8.4771;392.0000;-0.017550;0.551656;0.002821;Healthy;WO801547;2846.77
03-Jul-2026;ENG-024;175;2026-01-08 07:00:00;642.8300;1593.5400;1413.5900;552.8000;2388.0800;9130.0700;47.5800;521.3600;2388.1000;8201.5600;8.4196;392.0000;0.657921;0.525785;0.025078;Warning;WO486253;930.70
2026/07/03;ENG-007;113;2026-01-05 17:00:00;642.2900;1585.5200;1405.7500;553.9000;2388.0300;9054.9000;47.2500;521.7500;2388.0300;8139.6800;8.4216;392.0000;0.031038;-0.637407;0.001050;Healthy;WO663965;2361.98
2026-07-03;ENG-054;88;2026-01-04 16:00:00;641.6000;1582.4800;1395.6200;554.5200;2388.0300;9059.0200;47.2800;522.1900;2387.9700;8141.5700;8.4000;391.0000;0.057127;-1.236826;0.001092;Healthy;WO736597;
03-Jul-2026;ENG-037;102;2026-01-05 06:00:00;642.9100;1584.3400;1406.9600;553.8200;2388.1300;9048.7900;47.4700;520.9900;2388.1200;8127.9700;8.4265;393.0000;0.010710;-0.124170;0.002241;Healthy;WO543759;453.50
03-Jul-2026;eng-023;120;2026-01-06 00:00:00;641.5400;1584.6100;1402.4800;554.0300;2388.0400;9059.4800;47.4700;522.5300;2388.0300;8137.0600;8.4064;392.0000;0.034398;-1.003514;0.000488;HEALTHY;WO396720;
2026/07/03;ENG-020;126;2026-01-06 06:00:00;643.3000;1591.2900;1411.6400;553.2900;2388.1300;9063.8400;47.5900;520.5200;2388.0600;8142.3400;8.4691;393.0000;0.018598;0.399425;0.002267;Healthy;WO489522;2140.37
2026/07/03;  ENG-091 ;206;2026-01-09 14:00:00;644.0300;1596.4900;1413.9200;552.6800;2388.1900;9050.4100;47.7000;520.3800;2388.1800;8123.7100;8.4765;395.0000;-0.250483;0.981079;0.000913;Warning;WO800191;9274.14
2026/07/03;ENG-060;144;2026-01-07 00:00:00;642.8000;1587.3200;1406.5000;552.5200;2388.1300;9061.6000;47.6500;520.7900;2388.0700;8139.7100;8.3988;394.0000;0.042663;0.136089;0.001272;Healthy;WO634635;2740.43
2026-07-03;eng-050;69;2026-01-03 21:00:00;642.5300;1590.4000;1411.0100;554.0400;2388.0700;9056.8800;47.2900;521.9400;2388.1000;8142.5400;8.4176;392.0000;0.054793;-0.267174;0.001148;Healthy;WO423505;2,053.44
2026-07-03;ENG-093;186;2026-01-08 18:00:00;642.5600;1597.4500;1412.0100;553.2000;2388.1300;9068.7000;47.8300;520.9000;2388.1700;8144.5600;8.4769;396.0000;0.010267;0.606442;0.001674;WARNING;WO512729;10058.20
2026/07/03;eng-037;90;2026-01-04 18:00:00;643.0100;1588.3000;1401.2800;554.1000;2388.1100;9052.6300;47.5600;521.7900;2388.1000;8128.1000;8.4291;392.0000;0.034231;-0.279452;0.003641;Healthy;WO977517;1991.90
2026/07/03;ENG-055;103;2026-01-05 07:00:00;642.5000;1582.1900;1407.5800;553.8900;2388.0400;9067.1100;47.5300;521.6100;2388.0300;8138.2400;8.4196;392.0000;0.058014;-0.423595;0.002160;Healthy;WO746975;133.15
2026-07-03;ENG-058;174;2026-01-08 06:00:00;642.8400;1590.4200;1412.7800;553.2600;2388.1400;9063.3900;47.8400;521.1800;2388.1700;8134.1700;8.4270;395.0000;-0.004655;0.393949;;Warning;WO422416;8,355.32
03-Jul-2026;  ENG-049 ;205;2026-01-09 13:00:00;642.3100;1592.5200;1404.3300;553.2700;2388.0700;9065.7800;47.4300;521.6900;2388.1100;8143.1400;8.4229;392.0000;0.064845;-0.305047;0.001043;Healthy;WO916180;1888.27
03-Jul-2026;eng-028;125;2026-01-06 05:00:00;642.6800;1588.5400;1411.2500;552.9100;2388.1600;9047.4300;47.6000;521.1100;2388.1300;8134.7900;8.4638;392.0000;0.001819;0.221451;0.001224;healthy;WO338052;2616.79
2026/07/03;ENG-045;129;2026-01-06 09:00:00;642.7900;1594.5000;1410.4600;553.3800;2388.1400;9067.4100;47.6500;521.4500;2388.1200;8145.3200;8.4642;395.0000;0.043318;0.400717;0.003735;healthy;WO418065;1036.73
03-Jul-2026;ENG-013;182;2026-01-08 14:00:00;642.4700;1585.6500;1409.4200;553.6200;2388.0700;9066.7600;47.2800;521.5600;2388.0200;8146.8900;8.4402;392.0000;0.056118;-0.445636;0.000646;Healthy;WO808129;2,100.70
2026/07/03;ENG-045;151;2026-01-07 07:00:00;643.1100;1590.3300;1417.7500;553.3800;2388.0700;9060.3000;47.4900;521.3900;2388.1300;8137.4000;8.4535;394.0000;0.032041;0.285808;0.000532;HEALTHY;WO338758;2,619.03
2026-07-03;eng-099;90;2026-01-04 18:00:00;642.4500;1579.4600;1399.0900;554.2600;2387.9800;9071.6700;47.1800;522.2600;2387.9500;8145.7200;8.3866;393.0000;0.047239;-1.115463;0.000913;Healthy;WO226301;365.20
2026/07/03;ENG-078;55;2026-01-03 07:00:00;642.3600;1578.6900;1397.1300;554.6600;2387.9500;9060.7100;47.2300;522.1200;2387.9800;8149.7400;8.3629;390.0000;0.061794;-1.292708;0.000691;Healthy;WO335974;1843.92
2026-07-03;ENG-027;108;2026-01-05 12:00:00;642.2700;1587.2300;1401.6500;554.3200;2388.0100;9056.1600;47.2400;522.0800;2388.0400;8133.1600;8.3939;394.0000;0.004741;-0.841990;;Healthy;WO757703;582.02
2026-07-03;  ENG-076 ;195;2026-01-09 03:00:00;643.1500;1597.5400;1417.3700;552.8100;2388.1700;9103.3400;47.8600;520.3300;2388.1400;8179.4600;8.4665;394.0000;0.430231;1.080489;0.022253;Warning;WO861627;20180.62
2026/07/03;ENG-096;95;2026-01-04 23:00:00;642.0900;1596.4200;1403.5000;554.9500;2388.0100;9075.4600;47.1900;522.5700;2388.0200;8150.9300;8.3933;393.0000;0.036052;-0.996163;0.001891;Healthy;WO250552;2316.31
03-Jul-2026;ENG-076;187;2026-01-08 19:00:00;642.7900;1595.5500;1414.2600;553.1500;2388.1000;9096.1400;47.9100;520.6500;2388.1400;8167.8200;8.4879;394.0000;0.303928;0.828931;0.009418;Warning;WO297693;11,176.73
03-Jul-2026;ENG-093;193;2026-01-09 01:00:00;642.4500;1595.2800;1422.9400;552.9500;2388.1100;9069.6100;47.7100;521.1600;2388.1100;8146.7800;8.4841;393.0000;0.033869;0.584248;0.002762;warning;WO995707;23,171.71
03-Jul-2026;  ENG-100 ;191;2026-01-08 23:00:00;642.9200;1589.5400;1413.6500;553.2400;2388.0200;9136.1900;47.6100;521.2300;2388.0700;8201.9400;8.4877;396.0000;0.836842;0.667434;0.028829;Warning;WO424217;20,870.16
2026/07/03;ENG-031;137;2026-01-06 17:00:00;642.7000;1590.2400;1413.0500;553.4200;2388.0600;9072.2700;47.4100;520.2700;2388.0300;8153.1300;8.4526;393.0000;0.081263;0.316786;0.002253;Healthy;WO804938;1969.32
2026-07-03;  ENG-005 ;72;2026-01-04 00:00:00;642.3700;1589.6500;1407.2200;553.0300;2388.1200;9048.7500;47.5000;520.8500;2388.1200;8132.9800;8.4189;393.0000;0.018411;0.007600;0.000771;Healthy;WO822307;1,717.06
03-Jul-2026;ENG-032;120;2026-01-06 00:00:00;643.2600;1588.3800;1408.0400;554.0100;2388.0500;9088.5100;47.3000;521.8700;2388.0700;8160.6200;8.3911;393.0000;0.083054;-0.430942;0.001748;Healthy;WO977084;1,597.18
2026-07-03;ENG-081;207;2026-01-09 15:00:00;643.4600;1606.6200;1423.2800;552.1900;2388.1400;9073.1000;47.9500;520.1200;2388.2100;8146.7800;8.4964;395.0000;-0.207351;1.411763;0.029893;Warning;WO375930;22676.36
2026-07-03;ENG-029;148;2026-01-07 04:00:00;642.2900;1586.0000;1408.7800;554.1700;2388.0700;9068.4200;47.3700;521.6800;2388.0900;8145.7900;8.4215;391.0000;0.047487;-0.490774;0.001381;Healthy;WO282246;599.65
2026/07/03;eng-068;149;2026-01-07 05:00:00;642.5300;1597.0700;1406.6500;553.5500;2388.1400;9067.6600;47.4900;521.0500;2388.1300;8153.8400;8.5014;395.0000;0.050107;0.406069;0.004131;warning;WO429502;828.16
2026/07/03;ENG-067;63;2026-01-03 15:00:00;642.2700;1583.9200;1402.0900;554.0200;2388.0800;9056.3600;47.3400;521.3100;2388.0900;8147.2800;8.4211;391.0000;0.019408;-0.708328;0.002354;Healthy;WO643699;1,602.29
03-Jul-2026;ENG-032;118;2026-01-05 22:00:00;642.4900;1590.8300;1410.2000;553.6200;2388.0800;9071.6300;47.3100;522.2800;2388.0200;8166.3400;8.4117;392.0000;0.079655;-0.572999;0.003150;Healthy;WO645934;1564.46
2026/07/03;ENG-033;40;2026-01-02 16:00:00;642.6500;1592.8600;1408.4900;552.6400;2388.1400;9055.8300;47.6100;521.6000;2388.1300;8134.7900;8.4172;393.0000;0.032258;0.217828;0.002780;Warning;WO402359;18,933.33
2026/07/03;ENG-031;196;2026-01-09 04:00:00;643.3100;1598.1900;1420.6600;551.4800;2388.1800;9090.9800;47.7800;519.5500;2388.2200;8157.8400;8.5015;395.0000;-0.174752;1.510247;0.009667;warning;WO217257;10,938.60
2026-07-03;eng-010;187;2026-01-08 19:00:00;642.5400;1589.3200;1405.9200;553.5600;2388.1300;9063.9900;47.6000;521.6400;2388.1100;8141.9300;8.4481;394.0000;0.069836;0.027374;0.002238;Healthy;WO939209;1499.02
03-Jul-2026;ENG-012;154;2026-01-07 10:00:00;642.4100;1583.0400;1393.1700;554.3800;2388.1100;9063.6700;47.1800;522.2600;2388.0500;8142.3000;8.4431;392.0000;0.035466;-0.967181;0.001221;Healthy;WO379946;211.60
03-Jul-2026;ENG-066;111;2026-01-05 15:00:00;642.9100;1590.8500;1405.9600;553.3300;2388.0800;9073.5700;47.7300;520.8200;2388.0700;8160.6700;8.4005;393.0000;0.103876;0.016752;0.004076;Warning;WO224498;9,361.32
03-Jul-2026;ENG-076;194;2026-01-09 02:00:00;643.3600;1599.7200;1419.4600;552.0100;2388.1300;9103.0100;47.9400;519.8300;2388.1700;8175.2500;8.4866;394.0000;0.227680;1.486709;0.013301;Warning;WO337146;22,945.16
03-Jul-2026;ENG-012;175;2026-01-08 07:00:00;641.8400;1587.7900;1404.4900;554.0000;2388.0800;9070.7500;47.3200;522.1300;2387.9800;8147.7900;8.4117;392.0000;0.049555;-0.826347;0.001582;healthy;WO927969;2871.66
03-Jul-2026;ENG-077;139;2026-01-06 19:00:00;642.8400;1589.6700;1408.0700;553.3100;2388.1300;9044.6000;47.5400;521.7100;2388.1200;8133.1100;8.4589;393.0000;0.025967;0.020695;0.001639;Healthy;WO913622;1136.06
2026-07-03;ENG-038;90;2026-01-04 18:00:00;643.2100;1589.6000;1415.4400;553.2900;2388.1200;9061.8000;47.8000;521.0100;2388.1900;8138.8400;8.4270;393.0000;0.005079;0.431155;0.006560;healthy;WO605254;815.05
2026/07/03;ENG-015;76;2026-01-04 04:00:00;642.4900;1589.2100;1400.6100;554.0800;2388.1000;9056.1000;47.2500;522.1200;2388.1100;8139.7500;8.4067;392.0000;0.013968;-0.842792;0.003555;healthy;WO819242;2,316.73
2026/07/03;ENG-081;187;2026-01-08 19:00:00;643.0600;1590.9000;1419.9100;552.5000;2388.1000;9066.9000;47.8600;521.1000;2388.1100;8145.5300;8.4800;393.0000;0.028939;0.710889;0.013144;Warning;WO920072;2145.62
2026-07-03;ENG-097;95;2026-01-04 23:00:00;642.4400;1581.8200;1401.0300;554.3300;2388.0200;9076.0400;47.3600;522.3800;2388.0000;8148.2400;8.4083;393.0000;0.053076;-0.917708;0.002784;Healthy;WO999447;696.10
2026-07-03;ENG-030;120;2026-01-06 00:00:00;643.1800;1588.0600;1414.4700;554.0700;2388.0600;9046.6200;47.5100;520.9600;2388.1700;8132.3400;8.4466;395.0000;-0.024986;0.314845;;Healthy;WO155590;72.38
03-Jul-2026;  ENG-024 ;159;2026-01-07 15:00:00;642.6900;1586.3300;1409.7400;554.1700;2388.0500;9109.2900;47.4600;521.9100;2388.0200;8185.3500;8.4313;394.0000;0.236806;-0.222290;0.016965;Warning;WO788858;16882.40
2026-07-03;  ENG-028 ;146;2026-01-07 02:00:00;642.4600;1586.2900;1403.6500;553.4400;2388.1300;9053.0900;47.5200;521.8000;2388.1300;8136.7400;8.4858;394.0000;0.049336;-0.010967;0.002042;Warning;WO669208;21554.68
2026-07-03;eng-013;187;2026-01-08 19:00:00;642.4800;1585.1300;1407.4600;553.4500;2388.0800;9064.8000;47.5200;521.7700;2388.0900;8138.7900;8.4072;393.0000;0.058889;-0.225801;0.000136;healthy;WO537641;2535.32
2026/07/03;ENG-059;67;2026-01-03 19:00:00;641.7000;1586.3000;1400.2600;554.3300;2388.0200;9056.3400;47.2500;522.7600;2388.0200;8139.7200;8.3956;391.0000;0.046376;-1.146285;0.000977;Healthy;WO856693;1,235.17
03-Jul-2026;ENG-020;140;2026-01-06 20:00:00;642.7700;1586.7100;1414.3500;552.9100;2388.0900;9060.0500;47.6600;521.8800;2388.1100;8140.9900;8.4186;393.0000;0.070699;0.036174;0.001636;Healthy;WO500707;2,487.52
03-Jul-2026;ENG-027;116;2026-01-05 20:00:00;642.9000;1591.0300;1396.3800;554.3900;2388.0500;9051.1400;47.3500;521.9800;2388.0400;8131.8600;8.4042;393.0000;0.018253;-0.636560;0.001184;Healthy;WO364110;2,287.46
03-Jul-2026;  ENG-049 ;273;2026-01-12 09:00:00;643.0500;1593.1800;1411.4000;552.9700;2388.1900;9054.1400;47.6200;521.0900;2388.1200;8129.5200;8.4844;395.0000;-0.055541;0.705579;0.002858;Warning;WO824841;22,701.01
2026-07-03;ENG-096;84;2026-01-04 12:00:00;642.1800;1586.7300;1403.2000;554.3800;2387.9700;9071.5200;47.2700;522.1700;2388.0700;8148.1200;8.4071;391.0000;0.039935;-0.976710;0.000598;Healthy;WO810247;1296.19
2026/07/03;ENG-089;169;2026-01-08 01:00:00;642.8000;1595.0400;1410.8100;552.9800;2388.1600;9054.9600;47.4800;520.9300;2388.1400;8135.1400;8.4762;393.0000;-0.013217;0.459501;0.005000;Warning;WO559863;20554.08
03-Jul-2026;eng-074;136;2026-01-06 16:00:00;643.1300;1589.6300;1414.3900;553.8000;2388.0500;9057.0400;47.4100;521.3100;2388.0800;8136.6600;8.4485;393.0000;0.053636;0.031257;0.000252;Healthy;WO356066;2,842.01
2026-07-03;ENG-030;132;2026-01-06 12:00:00;642.6400;1585.5500;1409.4600;553.4200;2388.1100;9048.7900;47.6500;521.5400;2388.1300;8133.6700;8.4674;394.0000;0.009364;0.162983;0.002650;Healthy;WO911040;
2026-07-03;ENG-059;84;2026-01-04 12:00:00;642.1300;1586.6800;1394.9600;554.3600;2388.0300;9060.1400;47.2000;522.3500;2388.0500;8139.1000;8.3723;392.0000;0.029168;-1.131581;0.001544;Healthy;WO694040;916.69
2026/07/03;ENG-013;193;2026-01-09 01:00:00;642.4500;1586.8400;1409.9600;553.9000;2388.0800;9063.7400;47.5400;521.6700;2388.0200;8140.5200;8.4217;392.0000;0.061931;-0.331750;0.001408;Healthy;WO845330;1991.60
03-Jul-2026;ENG-071;66;2026-01-03 18:00:00;642.4800;1581.7200;1399.9500;553.9200;2388.0100;9066.1000;47.2900;522.3700;2388.0400;8152.8200;8.4088;392.0000;-0.010636;-2.674058;0.006478;Healthy;WO300267;751.48
2026-07-03;ENG-090;122;2026-01-06 02:00:00;642.9700;1599.3400;1410.7000;553.2700;2388.1000;9064.9400;47.5400;520.9000;2388.0600;8153.5100;8.4482;394.0000;0.060979;0.380295;0.003110;Warning;WO624304;17378.72
2026-07-03;ENG-096;76;2026-01-04 04:00:00;642.1400;1586.2500;1401.9300;555.6900;2388.0100;9071.3100;47.1600;522.3500;2388.0100;8149.3300;8.4071;391.0000;0.061918;-2.714496;;Healthy;WO520672;
2026/07/03;ENG-015;60;2026-01-03 12:00:00;642.8600;1584.5800;1406.7200;553.9400;2388.0600;9051.6800;47.3400;522.0000;2388.0700;8138.3800;8.4350;393.0000;0.037686;-0.393724;0.001444;Healthy;WO853612;156.66
2026-07-03;ENG-100;148;2026-01-07 04:00:00;642.4200;1590.4600;1403.8200;554.2600;2388.0200;9079.2700;47.3000;522.0200;2388.0200;8163.2400;8.4074;392.0000;0.070918;-0.728591;0.003766;Healthy;WO448123;
2026-07-03;ENG-043;143;2026-01-06 23:00:00;642.8900;1587.2300;1408.6400;553.6900;2388.1000;9056.8200;47.5300;521.1500;2388.1200;8136.4800;8.4329;393.0000;0.032433;0.107900;0.001927;Healthy;WO407344;2079.66
2026-07-03;ENG-099;77;2026-01-04 05:00:00;642.0900;1586.2000;1405.7100;555.2200;2387.9800;9066.2200;47.2800;522.4000;2388.0000;8148.8600;8.4106;392.0000;0.043647;-1.091965;0.001424;Healthy;WO269454;121.80
2026/07/03;ENG-093;225;2026-01-10 09:00:00;643.1400;1596.8400;1417.3800;553.1400;2388.1100;9072.8900;47.6300;520.7200;2388.1200;8141.1800;8.4858;393.0000;0.024741;0.581680;0.005150;healthy;WO667785;2863.53
03-Jul-2026;ENG-075;67;2026-01-03 19:00:00;642.2000;1587.5800;1412.4200;554.1300;2388.0400;9052.4800;47.3300;521.6700;2388.0700;8143.2300;8.4242;393.0000;0.034887;-0.539803;0.001303;Healthy;WO900645;246.71
2026/07/03;ENG-081;203;2026-01-09 11:00:00;643.3000;1599.3300;1421.5600;552.2200;2388.2400;9072.7700;47.9600;520.2700;2388.1800;8146.4800;8.5015;395.0000;-0.266030;1.381639;0.011188;WARNING;WO199005;24655.21
2026-07-03;ENG-056;106;2026-01-05 10:00:00;642.6100;1598.0200;1416.4000;551.9900;2388.1900;9048.3500;47.7000;520.8200;2388.2100;8123.6500;8.4487;395.0000;-0.128756;0.744447;0.002290;Warning;WO411593;6,520.11
2026/07/03;ENG-064;142;2026-01-06 22:00:00;642.4500;1589.7300;1411.5100;553.0600;2388.1000;9053.1100;47.6600;520.6700;2388.1400;8127.8700;8.4691;394.0000;-0.035408;0.446898;0.001610;Healthy;WO141980;1996.77
2026-07-03;ENG-002;48;2026-01-03 00:00:00;642.6400;1587.7100;1411.9600;553.3000;2388.1800;9046.7300;47.4400;521.3200;2388.1100;8125.6500;8.4465;392.0000;0.004961;-0.026916;0.001335;Healthy;WO372963;1615.73
2026-07-03;ENG-046;140;2026-01-06 20:00:00;642.8100;1593.7900;1407.7000;552.7600;2388.0700;9077.8800;47.7700;520.9300;2388.1400;8150.6700;8.4967;394.0000;0.068947;0.493546;0.006274;Healthy;WO458136;2465.96
2026/07/03;ENG-095;65;2026-01-03 17:00:00;642.3800;1584.9400;1398.4400;553.8900;2388.0200;9052.5300;47.3400;521.6600;2388.0500;8128.1400;8.4036;392.0000;0.007318;-0.746171;0.004422;Healthy;WO580997;234.62
2026/07/03;ENG-014;40;2026-01-02 16:00:00;642.4000;1590.5700;1414.9800;553.1100;2388.1600;9025.0000;47.6000;521.4300;2388.2000;8111.1600;8.4364;393.0000;-0.087166;0.253200;0.021833;Healthy;WO685585;676.04
2026/07/03;  ENG-052 ;130;2026-01-06 10:00:00;642.6800;1583.0200;1396.9200;553.9800;2387.9900;9067.7300;47.1400;522.0000;2387.9300;8148.9000;8.3885;393.0000;0.051113;-1.014833;0.002100;Healthy;WO428999;
2026-07-03;  ENG-062 ;197;2026-01-09 05:00:00;642.1600;1585.1700;1410.8800;553.8100;2388.0000;9082.0200;47.4600;521.6500;2388.0300;8153.5600;8.4130;392.0000;0.064324;-0.547550;;Healthy;WO503489;1308.81
2026/07/03;eng-072;125;2026-01-06 05:00:00;642.7100;1595.9600;1407.3800;553.1200;2388.0800;9069.2000;47.6300;521.1600;2388.1000;8149.4200;8.4275;394.0000;0.083194;0.182823;0.002207;Warning;WO460924;20,890.57
2026/07/03;ENG-097;105;2026-01-05 09:00:00;642.8300;1586.8700;1402.2900;554.2600;2388.0500;9069.1300;47.2300;521.7800;2388.0500;8148.0600;8.4184;392.0000;0.039360;-0.699358;0.002142;Healthy;WO110292;2316.55
2026-07-03;ENG-029;129;2026-01-06 09:00:00;642.7100;1589.4900;1397.9300;553.9900;2387.9400;9061.4600;47.4000;522.0400;2388.0800;8138.4200;8.4162;393.0000;0.040062;-0.645306;0.001021;Healthy;WO436000;
2026/07/03;  ENG-018 ;109;2026-01-05 13:00:00;642.1900;1591.0800;1401.7000;552.7800;2388.1000;9056.6600;47.2200;521.5100;2388.1100;8142.1100;8.4136;392.0000;0.044427;-0.339870;0.001269;Healthy;WO124122;908.80
2026-07-03;ENG-030;114;2026-01-05 18:00:00;642.6400;1583.7400;1409.5100;553.3300;2388.0900;9049.0300;47.6800;521.1800;2388.1600;8126.0200;8.4555;394.0000;-0.011629;0.172727;0.000822;Healthy;WO667128;941.34
2026-07-03;ENG-028;123;2026-01-06 03:00:00;642.3400;1594.9800;1401.6900;553.8400;2388.0600;9045.4900;47.3200;522.0000;2388.0500;8134.2000;8.3979;392.0000;0.025302;-0.574430;0.002746;Healthy;WO591050;2451.41
03-Jul-2026;ENG-068;160;2026-01-07 16:00:00;643.1400;1591.1100;1416.5400;553.0500;2388.1200;9075.4100;47.7900;521.3200;2388.1300;8147.7100;8.4718;394.0000;0.039143;0.614085;0.001907;healthy;WO587392;1846.63
2026/07/03;ENG-070;136;2026-01-06 16:00:00;642.5900;1590.8900;1411.1500;553.3700;2388.1400;9053.8300;47.6000;521.2500;2388.0800;8132.9800;8.4842;393.0000;0.018761;0.157079;;Healthy;WO270018;1,236.95
03-Jul-2026;ENG-066;100;2026-01-05 04:00:00;642.6600;1592.6200;1403.6500;553.5200;2388.1200;9075.6000;47.5900;521.6400;2388.1500;8150.2600;8.4689;394.0000;0.092523;0.147396;0.002526;Healthy;WO933461;1708.45
03-Jul-2026;ENG-081;176;2026-01-08 08:00:00;643.1300;1587.8700;1412.8700;553.0000;2388.0700;9077.7700;47.6400;521.2700;2388.1000;8148.2100;8.4956;394.0000;0.070153;0.396659;0.001152;HEALTHY;WO771829;867.05
2026-07-03;ENG-017;145;2026-01-07 01:00:00;642.0000;1589.3600;1400.2800;553.7300;2388.0300;9085.7800;47.4100;522.0600;2388.0600;8157.9200;8.4307;393.0000;0.081705;-0.637842;0.001991;healthy;WO924008;429.80
03-Jul-2026;ENG-009;39;2026-01-02 15:00:00;642.1400;1588.2600;1410.7600;552.9300;2388.1300;9052.4400;47.5800;521.2300;2388.1200;8125.2700;8.4205;392.0000;0.035393;-0.180676;0.003571;Healthy;WO447186;1532.74
2026-07-03;  ENG-086 ;79;2026-01-04 07:00:00;642.6000;1586.6800;1413.1100;554.1900;2388.1000;9064.5200;47.4300;522.1900;2388.0700;8144.4200;8.4511;394.0000;0.070168;-0.204702;0.002525;Healthy;WO940299;2,007.60
2026-07-03;ENG-062;169;2026-01-08 01:00:00;642.1500;1583.5300;1396.4300;554.1500;2388.1000;9067.5400;47.3700;521.4200;2388.0300;8140.6900;8.4332;391.0000;0.022425;-0.921975;0.001381;Healthy;WO140992;2,269.60
2026/07/03;ENG-010;161;2026-01-07 17:00:00;642.4400;1589.0400;1400.4500;553.9500;2388.0600;9054.5600;47.4300;521.6200;2388.0900;8147.1500;8.4396;392.0000;0.046443;-0.423940;0.000854;Healthy;WO517624;829.78
2026/07/03;ENG-009;54;2026-01-03 06:00:00;642.0900;1585.2000;1404.7100;553.5000;2388.1300;9049.6400;47.5000;521.5400;2388.1100;8132.6300;8.4380;392.0000;0.038612;-0.214514;0.001633;Healthy;WO612977;2919.81
2026-07-03;ENG-007;146;2026-01-07 02:00:00;641.9800;1590.6100;1403.7200;554.0400;2388.0100;9064.0300;47.3800;521.9600;2388.0200;8141.5300;8.4140;392.0000;0.041281;-0.768331;0.001402;Healthy;WO456241;1,270.11
2026/07/03;ENG-053;142;2026-01-06 22:00:00;642.7200;1591.5000;1412.8400;553.0000;2388.0200;9085.9500;47.5900;521.5900;2388.0300;8161.7300;8.4337;392.0000;0.144386;0.039280;0.007168;Warning;WO514300;8,669.23
2026-07-03;ENG-070;129;2026-01-06 09:00:00;642.4900;1590.6000;1404.5900;553.4000;2388.0600;9040.6000;47.5300;521.9400;2388.0700;8133.0300;8.4425;391.0000;0.044046;-0.378067;0.000122;Healthy;WO236694;1,866.35
2026/07/03;ENG-064;128;2026-01-06 08:00:00;642.6300;1595.0100;1405.3400;552.7000;2388.1400;9059.5000;47.4500;521.1100;2388.1200;8132.0000;8.4690;393.0000;0.021518;0.243413;0.002341;Healthy;WO695255;1913.54
03-Jul-2026;ENG-053;163;2026-01-07 19:00:00;642.8600;1590.9800;1410.9100;552.8100;2388.0500;9109.6200;47.5500;521.1800;2388.0600;8178.0200;8.4709;395.0000;0.411933;0.414006;0.018589;WARNING;WO261112;16,239.04
2026-07-03;ENG-031;173;2026-01-08 05:00:00;642.8800;1590.8500;1413.3700;552.3700;2388.1400;9080.2100;47.8000;520.8200;2388.1200;8157.5600;8.4465;394.0000;0.097972;0.624444;0.009548;healthy;WO690620;1454.13
03-Jul-2026;ENG-043;142;2026-01-06 22:00:00;642.2400;1585.1200;1408.0700;553.2900;2388.0700;9055.2800;47.4400;521.5400;2388.0600;8131.3400;8.4533;392.0000;0.048316;-0.320794;0.000876;Healthy;WO690387;2,907.83
2026/07/03;  ENG-006 ;89;2026-01-04 17:00:00;642.7200;1591.7700;1407.3300;552.4800;2388.1000;9045.8100;47.5500;521.5500;2388.1400;8134.7800;8.4325;394.0000;0.033186;0.128386;0.001370;Healthy;WO975583;2537.89
2026-07-03;eng-047;58;2026-01-03 10:00:00;642.3800;1591.0200;1405.0700;553.3800;2388.1100;9044.7800;47.5900;521.0700;2388.1600;8120.8900;8.4997;393.0000;-0.017284;0.173912;0.000989;healthy;WO930024;1,819.99
2026/07/03;ENG-064;162;2026-01-07 18:00:00;643.0700;1591.3900;1414.4300;551.5000;2388.1800;9054.0300;47.6300;520.3300;2388.2000;8133.2300;8.4545;394.0000;-0.247118;0.871637;;Warning;WO593520;17111.92
2026-07-03;ENG-016;79;2026-01-04 07:00:00;642.3500;1593.0700;1398.6600;553.9600;2388.0400;9057.7800;47.4200;522.8100;2388.0700;8135.1600;8.4122;391.0000;0.037915;-0.832382;0.001998;healthy;WO566079;570.89
03-Jul-2026;ENG-070;132;2026-01-06 12:00:00;642.6600;1588.1800;1409.7300;553.6000;2388.1700;9051.8800;47.3000;521.3500;2388.1000;8135.0200;8.4022;392.0000;0.038087;-0.235830;0.001300;healthy;WO613444;1254.21
03-Jul-2026;ENG-030;103;2026-01-05 07:00:00;642.4500;1587.3600;1405.9100;553.7900;2388.0900;9051.3000;47.6700;521.8900;2388.0800;8132.2900;8.4087;392.0000;0.052509;-0.273140;0.000193;Healthy;WO499410;379.74
03-Jul-2026;  ENG-061 ;125;2026-01-06 05:00:00;642.2500;1594.0800;1408.1400;552.9400;2388.0600;9068.0100;47.6400;521.8100;2388.0400;8145.9000;8.4285;392.0000;0.109504;-0.001231;0.003621;Healthy;WO258311;1,513.84
03-Jul-2026;ENG-069;39;2026-01-02 15:00:00;642.4400;1585.2800;1409.3400;553.2500;2388.0600;9049.4200;47.6200;521.4200;2388.1000;8130.0100;8.4244;394.0000;0.033545;-0.023184;0.004734;Healthy;WO797260;1756.33
2026-07-03;ENG-080;100;2026-01-05 04:00:00;642.2100;1586.6700;1410.0900;553.2800;2388.0600;9059.6500;47.5100;521.1000;2388.0500;8147.7800;8.4461;391.0000;0.065510;-0.240673;0.000807;Healthy;WO700838;2564.92
03-Jul-2026;ENG-056;133;2026-01-06 13:00:00;643.6100;1589.9600;1428.1200;552.3000;2388.2600;9042.9500;47.9200;519.9200;2388.2400;8116.0700;8.5013;395.0000;-0.765739;1.479940;0.013957;Warning;WO232931;2817.38
2026-07-03;ENG-100;176;2026-01-08 08:00:00;642.7300;1590.9600;1410.7600;553.3700;2388.0300;9107.9900;47.6800;521.2300;2388.0400;8186.6800;8.4922;395.0000;0.492668;0.425417;0.032336;WARNING;WO327557;4859.92
2026-07-03;ENG-098;114;2026-01-05 18:00:00;642.9800;1586.4100;1409.5700;553.7700;2388.0900;9061.0700;47.5700;521.5600;2388.1100;8140.5300;8.4354;394.0000;0.063607;-0.041702;0.001404;Healthy;WO431783;1465.20
2026-07-03;ENG-095;86;2026-01-04 14:00:00;641.5700;1582.0900;1410.1000;553.1500;2388.0800;9050.7000;47.4700;521.8600;2388.0400;8133.3400;8.4316;394.0000;0.036442;-0.559894;0.000772;Healthy;WO202188;1480.59
2026-07-03;ENG-088;54;2026-01-03 06:00:00;642.9000;1595.0300;1408.9700;552.9300;2388.1800;9043.8200;47.5600;521.4400;2388.1100;8119.4700;8.4574;393.0000;-0.024029;0.247015;0.004233;Healthy;WO818698;2,584.96
03-Jul-2026;ENG-061;112;2026-01-05 16:00:00;643.0700;1589.8500;1408.4100;553.7000;2388.0600;9067.8000;47.4500;522.1800;2388.0100;8146.4900;8.4207;394.0000;0.083155;-0.342471;0.003082;Healthy;WO110885;1540.31
2026/07/03;ENG-018;107;2026-01-05 11:00:00;642.4500;1582.3500;1401.7500;554.1800;2388.0300;9066.3900;47.3300;521.5400;2388.0700;8141.9300;8.4382;392.0000;0.031918;-0.666228;0.002197;Healthy;WO940363;577.06
2026/07/03;eng-003;108;2026-01-05 12:00:00;643.0600;1593.7200;1411.8600;553.0600;2388.1100;9055.5100;47.5900;521.4800;2388.1300;8128.8400;8.4509;393.0000;0.007414;0.341282;0.002345;Healthy;WO742725;209.79
03-Jul-2026;ENG-026;70;2026-01-03 22:00:00;642.0500;1587.2800;1402.6500;554.5600;2388.0300;9072.2100;47.2400;522.9300;2388.0500;8147.0000;8.4173;393.0000;0.044958;-0.938855;0.002197;Healthy;WO956879;2,552.80
03-Jul-2026;ENG-041;114;2026-01-05 18:00:00;642.5700;1597.9300;1408.8100;552.9000;2388.1700;9037.9900;47.6200;521.5700;2388.1900;8117.9200;8.4780;393.0000;-0.031794;0.253901;0.000957;Healthy;WO794988;1,681.50
2026/07/03;  ENG-016 ;78;2026-01-04 06:00:00;642.1700;1590.1000;1396.1500;554.6300;2388.1000;9054.6200;47.2600;521.8600;2388.0900;8135.6400;8.3889;391.0000;-0.000800;-1.017145;0.004991;HEALTHY;WO615530;294.16
2026/07/03;  ENG-040 ;124;2026-01-06 04:00:00;642.8100;1592.4600;1414.3400;552.9200;2388.1600;9065.5000;47.7800;520.5200;2388.2600;8137.2300;8.4839;395.0000;-0.139440;0.924672;0.007975;warning;WO295775;22,240.55
2026/07/03;ENG-082;132;2026-01-06 12:00:00;643.0600;1585.5000;1411.9600;552.4600;2388.0900;9060.7200;47.5300;521.4600;2388.1500;8132.6400;8.4584;393.0000;0.024730;0.330334;0.004744;Warning;WO597896;6,688.32
2026/07/03;ENG-024;131;2026-01-06 11:00:00;642.5600;1587.9900;1403.6800;554.4900;2387.9600;9083.8700;47.4500;521.9100;2388.0400;8161.9100;8.4743;393.0000;0.094325;-0.515353;0.009232;HEALTHY;WO347438;2,595.51
2026/07/03;  ENG-051 ;109;2026-01-05 13:00:00;642.7800;1586.3200;1401.9700;553.7800;2388.0500;9048.2400;47.5000;522.0600;2388.1500;8131.5700;8.3853;394.0000;0.015041;-0.515858;0.002342;Healthy;WO789254;422.97
03-Jul-2026;ENG-041;105;2026-01-05 09:00:00;642.9500;1596.5700;1406.2000;552.9800;2388.1600;9039.3000;47.4900;521.3100;2388.1300;8123.0300;8.4170;393.0000;0.005204;0.032958;0.002056;Healthy;WO620842;
2026/07/03;eng-098;118;2026-01-05 22:00:00;642.6700;1595.1200;1412.8300;553.2200;2388.1300;9065.2400;47.5700;521.7700;2388.1300;8144.0200;8.4815;393.0000;0.056491;0.285324;0.001556;Healthy;WO393230;2915.18
2026/07/03;ENG-082;117;2026-01-05 21:00:00;642.5700;1592.6600;1407.5200;553.0300;2388.1800;9056.3000;47.6600;521.0400;2388.0700;8132.5100;8.4507;391.0000;0.035362;0.059729;0.002128;Warning;WO162124;
2026/07/03;ENG-034;139;2026-01-06 19:00:00;642.3300;1584.0100;1405.7800;554.0200;2388.0200;9064.3100;47.4500;522.0600;2388.0400;8143.6900;8.4417;393.0000;0.063397;-0.472796;0.004211;Healthy;WO818171;210.36
2026/07/03;ENG-055;88;2026-01-04 16:00:00;642.2000;1590.6100;1402.3100;554.9100;2388.0500;9056.2600;47.5200;521.9400;2388.0800;8142.2800;8.4246;393.0000;0.040150;-0.602769;0.001145;Healthy;WO717870;2579.09
03-Jul-2026;ENG-048;62;2026-01-03 14:00:00;643.0900;1590.1900;1403.0100;554.0200;2388.0900;9056.1900;47.4700;521.6100;2388.0400;8139.6100;8.4535;392.0000;0.060373;-0.161930;0.001160;Healthy;WO723103;
2026/07/03;ENG-024;186;2026-01-08 18:00:00;643.2800;1593.8200;1415.1300;553.7800;2388.0800;9148.5600;47.7000;520.6900;2388.0700;8211.2100;8.4785;393.0000;0.996979;0.932909;0.085555;Warning;WO898005;20100.06
2026/07/03;ENG-007;126;2026-01-06 06:00:00;642.1900;1586.6000;1398.6400;553.8300;2388.0700;9064.1400;47.3100;521.7100;2388.0300;8146.4600;8.4219;392.0000;0.045182;-0.667984;0.000712;Healthy;WO589419;2829.94
2026-07-03;ENG-076;151;2026-01-07 07:00:00;642.4900;1589.9000;1404.7300;553.1200;2388.0000;9075.5000;47.4700;521.5100;2388.0900;8153.7700;8.4114;392.0000;0.082153;-0.316491;0.003224;Healthy;WO696830;2839.31
2026-07-03;ENG-006;72;2026-01-04 00:00:00;642.6800;1591.9600;1410.3500;553.7400;2388.0900;9055.3000;47.4300;521.1300;2388.1100;8131.1900;8.4674;391.0000;0.040813;-0.053738;0.001357;Healthy;WO364405;2027.11
2026-07-03;eng-025;44;2026-01-02 20:00:00;642.7400;1583.0700;1411.3500;553.8700;2388.0500;9051.9900;47.2500;522.1300;2388.0800;8127.7800;8.4432;392.0000;0.031868;-0.403693;0.002128;Healthy;WO647202;2444.81
03-Jul-2026;ENG-027;136;2026-01-06 16:00:00;642.2400;1591.8000;1403.3600;553.7000;2388.0800;9051.1900;47.3800;521.5400;2388.0900;8135.8300;8.4612;394.0000;0.054789;-0.059917;0.001566;Healthy;WO701880;1082.52
2026-07-03;ENG-037;121;2026-01-06 01:00:00;643.3400;1593.1500;1413.3800;552.5600;2388.1800;9041.7100;47.6900;520.6900;2388.1500;8119.0700;8.4944;394.0000;-0.145408;0.751285;0.004658;Warning;WO980988;21,583.98
03-Jul-2026;eng-078;61;2026-01-03 13:00:00;642.2500;1581.3700;1396.9500;554.2900;2387.9900;9066.6400;47.1700;522.7100;2387.9400;8144.8400;8.3886;392.0000;0.073664;-1.285618;;Healthy;WO297761;929.40
2026/07/03;ENG-043;120;2026-01-06 00:00:00;641.9400;1587.1900;1400.8800;553.8300;2388.0300;9047.5800;47.3500;521.3100;2388.0900;8133.4400;8.4201;393.0000;0.011299;-0.639337;0.001610;HEALTHY;WO628742;543.77
2026-07-03;  ENG-013 ;195;2026-01-09 03:00:00;642.3700;1591.3100;1414.5100;553.2800;2388.1000;9060.9200;47.5200;521.3000;2388.1200;8146.8000;8.4336;394.0000;0.052165;0.157904;0.002000;Healthy;WO687258;1622.61
2026-07-03;eng-068;185;2026-01-08 17:00:00;643.8800;1591.6300;1419.8100;551.8800;2388.2600;9089.9300;48.0700;519.8400;2388.1700;8156.4800;8.5025;396.0000;-0.199732;1.426740;;Warning;WO342166;21510.33
2026-07-03;ENG-084;167;2026-01-07 23:00:00;643.0700;1588.7500;1410.2900;553.3500;2388.1600;9050.3900;47.7000;521.0100;2388.0900;8130.6300;8.4673;394.0000;-0.037804;0.475372;0.000440;Warning;WO553074;2036.45
2026/07/03;eng-095;66;2026-01-03 18:00:00;642.7600;1592.2100;1402.2100;554.1800;2388.0100;9047.5100;47.4600;521.6400;2388.0500;8126.4400;8.4087;392.0000;0.029001;-0.476681;0.002993;Healthy;WO371828;1,353.56
03-Jul-2026;ENG-014;38;2026-01-02 14:00:00;642.3600;1594.8700;1413.7700;553.2400;2388.1800;9036.5800;47.6200;521.5300;2388.1600;8118.1200;8.4322;393.0000;-0.035032;0.099075;0.012337;Healthy;WO722463;2330.92
2026-07-03;ENG-029;119;2026-01-05 23:00:00;642.6200;1592.1500;1406.4200;554.4100;2388.0500;9065.9500;47.4100;521.9900;2388.1000;8143.3900;8.4139;392.0000;0.050852;-0.443104;0.001221;Healthy;WO385989;204.97
03-Jul-2026;ENG-029;138;2026-01-06 18:00:00;643.0100;1589.5400;1396.0600;553.5900;2388.0300;9067.3100;47.4000;521.7600;2387.9900;8143.0000;8.4160;393.0000;0.049899;-0.618327;0.001171;Healthy;WO674268;923.49
2026-07-03;ENG-098;89;2026-01-04 17:00:00;642.6500;1585.0300;1411.5000;553.2400;2388.1000;9061.5700;47.6500;521.5400;2388.0600;8140.6100;8.4161;393.0000;0.070619;-0.113076;0.001472;Healthy;WO409810;482.85
2026/07/03;ENG-075;81;2026-01-04 09:00:00;642.1100;1589.0000;1407.1700;553.5700;2388.0500;9060.6200;47.4100;521.9800;2388.0400;8139.0500;8.4058;392.0000;0.049233;-0.592637;0.002086;Healthy;WO356315;2,664.73
2026/07/03;ENG-073;94;2026-01-04 22:00:00;642.6000;1585.4100;1400.1100;553.8500;2388.0200;9054.6600;47.4000;522.3900;2388.0400;8132.6400;8.4250;392.0000;0.020325;-0.787168;0.001337;Healthy;WO292977;2233.21
2026-07-03;eng-076;204;2026-01-09 12:00:00;644.0500;1600.3700;1432.2900;551.8300;2388.1400;9108.9500;48.0500;520.3400;2388.1800;8179.0700;8.5278;396.0000;0.164286;1.977586;0.032156;Warning;WO226066;6,789.16
2026-07-03;ENG-081;184;2026-01-08 16:00:00;643.3800;1595.3400;1414.6800;552.0400;2388.1300;9071.8800;47.9200;520.4600;2388.1300;8142.6800;8.4862;395.0000;-0.067762;1.013814;0.015156;Warning;WO765986;5773.31
2026-07-03;ENG-075;62;2026-01-03 14:00:00;642.5700;1582.6500;1406.8500;554.8400;2388.0800;9056.4500;47.1700;521.9300;2388.1000;8136.1100;8.4131;392.0000;0.000996;-0.735986;0.003571;Healthy;WO428018;2047.67
2026-07-03;ENG-002;37;2026-01-02 13:00:00;643.2000;1581.9000;1404.8300;553.6100;2388.1100;9047.6600;47.1900;521.7400;2388.1600;8135.1500;8.4178;393.0000;0.016817;-0.349981;0.003987;Healthy;WO706064;2157.65
03-Jul-2026;eng-064;141;2026-01-06 21:00:00;642.8800;1591.0500;1417.9400;553.4100;2388.1500;9056.7500;47.6200;521.1900;2388.0700;8138.6800;8.4515;395.0000;0.009422;0.293405;0.000893;Healthy;WO355625;441.54
2026-07-03;ENG-049;226;2026-01-10 10:00:00;642.6100;1590.1000;1406.7300;553.2800;2388.0900;9063.8600;47.3300;521.6900;2388.0900;8136.1700;8.4433;393.0000;0.053134;-0.220313;0.001824;Healthy;WO671471;1907.29
2026-07-03;ENG-062;174;2026-01-08 06:00:00;642.0900;1585.4400;1410.8300;554.7000;2388.0200;9064.8800;47.2900;521.6900;2388.0300;8148.7900;8.4000;393.0000;0.025842;-0.816920;0.001315;Healthy;WO356021;2,352.53
03-Jul-2026;ENG-049;221;2026-01-10 05:00:00;642.2000;1588.0900;1405.1800;553.2000;2388.0900;9057.5100;47.5200;521.7700;2388.0900;8138.2100;8.4243;393.0000;0.061774;-0.174132;0.001435;healthy;WO654604;
2026-07-03;ENG-024;185;2026-01-08 17:00:00;642.8500;1604.4200;1418.6300;552.6000;2388.1000;9142.1800;47.7200;521.3400;2388.1400;8218.1300;8.4421;395.0000;0.980815;1.066090;0.055733;Warning;WO981827;23,189.02
2026-07-03;ENG-012;148;2026-01-07 04:00:00;642.1200;1587.4700;1395.5300;553.4100;2388.0800;9054.3600;47.3100;521.9500;2388.0400;8143.2400;8.4030;392.0000;0.027738;-0.781269;0.002584;Healthy;WO830207;1,272.45
2026/07/03;eng-032;128;2026-01-06 08:00:00;642.2700;1584.2000;1405.3100;552.8900;2388.0500;9082.4600;47.3400;521.7900;2388.0000;8168.0800;8.3914;393.0000;0.076310;-0.574363;0.005415;Healthy;WO302042;123.65
2026/07/03;ENG-035;194;2026-01-09 02:00:00;643.4800;1601.3700;1419.8000;552.0400;2388.2000;9078.8300;47.9900;520.0200;2388.1900;8149.0900;8.4845;397.0000;-0.225661;1.441664;0.019978;Warning;WO456502;16,770.56
2026/07/03;ENG-024;184;2026-01-08 16:00:00;642.9500;1589.6500;1411.5100;553.1700;2388.0600;9145.8800;47.8200;521.1800;2388.1200;8207.5100;8.4825;395.0000;0.952122;0.911184;0.065615;Warning;WO739689;13,465.01
2026/07/03;ENG-029;169;2026-01-08 01:00:00;642.8100;1579.1100;1403.9600;553.5800;2388.0300;9068.5700;47.3000;521.2100;2388.0400;8153.5700;8.3895;394.0000;0.053183;-0.406200;0.001619;Healthy;WO139705;2941.11
2026-07-03;ENG-010;182;2026-01-08 14:00:00;642.0500;1589.7600;1399.2300;553.8200;2388.0800;9065.6900;47.5300;521.4800;2388.0500;8146.6100;8.4247;392.0000;0.061262;-0.430682;0.003093;HEALTHY;WO435759;904.49
2026-07-03;  ENG-088 ;48;2026-01-03 00:00:00;643.0200;1590.1500;1414.7800;553.1300;2388.1100;9042.4200;47.5400;521.3200;2388.1500;8126.0600;8.4457;394.0000;-0.013496;0.200500;0.002479;Healthy;WO658014;1552.53
2026-07-03;ENG-023;129;2026-01-06 09:00:00;642.4800;1586.5500;1395.0400;554.3900;2388.0100;9051.7600;47.1600;522.3700;2388.0700;8136.7500;8.4002;391.0000;0.018774;-1.051846;0.001859;Healthy;WO685476;1,294.76
2026-07-03;ENG-036;123;2026-01-06 03:00:00;643.6700;1598.4400;1424.8300;551.7800;2388.1500;9069.8100;47.8600;520.0000;2388.1600;8138.2900;8.4842;395.0000;-0.207956;1.204336;;warning;WO575407;17,264.55
03-Jul-2026;ENG-063;120;2026-01-06 00:00:00;642.9400;1586.9600;1409.8900;553.9800;2388.0900;9045.4900;47.4800;521.0800;2388.1300;8133.2900;8.4385;395.0000;0.006606;0.022692;0.000322;Healthy;WO973582;
03-Jul-2026;  ENG-007 ;132;2026-01-06 12:00:00;642.3500;1594.9800;1403.9200;553.2800;2388.0900;9060.9500;47.2700;522.1700;2387.9900;8137.9300;8.4356;392.0000;0.062927;-0.489878;0.002153;Healthy;WO957306;
2026/07/03;ENG-031;144;2026-01-07 00:00:00;643.1200;1587.7300;1410.4300;553.1700;2388.0900;9068.2900;47.5300;521.3900;2388.0600;8150.5700;8.4557;392.0000;0.092292;0.103006;0.001082;Healthy;WO566637;1,262.60
2026/07/03;ENG-062;212;2026-01-09 20:00:00;642.4400;1594.1600;1408.7900;553.6800;2388.0900;9081.1400;47.4900;522.2500;2388.0100;8157.7500;8.4537;393.0000;0.115115;-0.247493;0.008991;Warning;WO347110;12923.62
03-Jul-2026;ENG-060;115;2026-01-05 19:00:00;642.3000;1585.1300;1405.0100;553.8400;2388.1100;9055.5200;47.4100;521.3300;2388.1200;8133.7000;8.4221;392.0000;0.029566;-0.335264;0.001915;Healthy;WO563900;2,311.93
2026-07-03;ENG-035;165;2026-01-07 21:00:00;643.2600;1596.9200;1418.6300;552.6200;2388.1700;9067.0600;47.7000;520.6800;2388.2000;8144.4400;8.4955;395.0000;-0.043287;0.927375;0.004401;Warning;WO571562;1215.39
2026-07-03;ENG-021;135;2026-01-06 15:00:00;642.4400;1585.6700;1405.0100;554.3600;2388.0200;9077.0400;47.3900;521.8900;2387.9700;8163.3500;8.3901;391.0000;0.060534;-0.828073;0.001709;Healthy;WO695629;1922.98
2026/07/03;ENG-068;146;2026-01-07 02:00:00;643.3500;1592.6800;1408.1300;553.1000;2388.1600;9066.4100;47.5400;521.4900;2388.1400;8141.2100;8.4591;395.0000;0.038352;0.427053;0.002420;Warning;WO409873;21926.12
2026-07-03;ENG-012;208;2026-01-09 16:00:00;642.6100;1592.1400;1398.2500;554.6200;2388.0600;9075.5700;47.4300;522.0200;2388.0000;8150.1700;8.4418;391.0000;0.068322;-0.573942;0.002658;Healthy;WO420408;2,775.57
03-Jul-2026;ENG-017;163;2026-01-07 19:00:00;642.8500;1593.3500;1418.0700;553.9500;2388.0700;9095.3400;47.5300;521.8200;2388.0600;8173.1600;8.4825;395.0000;0.258632;0.306675;0.023538;Warning;WO194537;5864.46
03-Jul-2026;ENG-029;136;2026-01-06 16:00:00;642.9100;1587.5800;1400.3500;554.4000;2388.0600;9068.2100;47.3700;521.6400;2388.0700;8147.5900;8.4478;393.0000;0.051526;-0.379820;0.000969;healthy;WO159638;452.02
2026-07-03;ENG-019;95;2026-01-04 23:00:00;642.4000;1585.8000;1409.1800;554.3900;2388.0600;9057.6500;47.3100;522.2500;2388.0400;8140.9600;8.3812;392.0000;0.014824;-0.899252;0.000244;Healthy;WO276836;241.76
2026-07-03;  ENG-020 ;177;2026-01-08 09:00:00;643.0000;1593.1100;1419.8300;552.2300;2388.1700;9064.6400;47.6900;519.9000;2388.1900;8141.3100;8.4920;394.0000;-0.138849;0.963880;0.006753;Warning;WO642138;8,868.42
2026-07-03;ENG-023;104;2026-01-05 08:00:00;642.6800;1583.6700;1402.2300;554.1600;2388.0400;9041.8000;47.3000;522.5100;2388.0100;8131.5100;8.4142;392.0000;0.018691;-0.905735;0.001761;Healthy;WO240389;1309.50
03-Jul-2026;ENG-076;198;2026-01-09 06:00:00;643.2300;1601.6900;1420.3600;552.2200;2388.1300;9109.0400;48.0200;520.2200;2388.1200;8179.8800;8.5006;396.0000;0.401246;1.526334;0.017034;WARNING;WO689129;14,980.66
03-Jul-2026;  ENG-058 ;136;2026-01-06 16:00:00;643.1700;1591.0000;1407.6700;553.4400;2388.1200;9048.9300;47.6000;521.5200;2388.1000;8129.9800;8.4581;393.0000;0.019435;0.158730;0.000746;Healthy;WO159570;1,444.47
2026-07-03;ENG-036;118;2026-01-05 22:00:00;643.4700;1594.2300;1424.4200;552.6900;2388.2100;9055.0700;47.9600;520.7500;2388.1600;8133.7700;8.4829;394.0000;-0.236223;1.081431;0.011693;Warning;WO478915;6,561.33
03-Jul-2026;ENG-098;83;2026-01-04 11:00:00;642.6000;1585.9600;1414.1500;553.2800;2388.1200;9060.4300;47.5800;521.9500;2388.0300;8140.7500;8.4443;394.0000;0.060092;0.078210;0.002342;Healthy;WO580783;830.13
2026/07/03;ENG-100;134;2026-01-06 14:00:00;642.2900;1582.6900;1395.1200;554.0900;2388.0200;9071.4800;47.3600;521.6400;2388.0200;8155.4300;8.4327;390.0000;0.051728;-0.885966;0.001619;healthy;WO851496;1418.85
2026/07/03;ENG-034;163;2026-01-07 19:00:00;642.8100;1599.8600;1404.9900;553.2700;2388.1000;9064.6800;47.5200;521.3100;2388.0900;8138.4300;8.4377;394.0000;0.077132;0.086466;0.000442;warning;WO941089;
2026/07/03;  ENG-008 ;151;2026-01-07 07:00:00;642.4300;1589.0000;1412.3400;553.2300;2388.0700;9053.7200;47.5900;521.2300;2388.1600;8131.9400;8.4370;394.0000;0.012143;0.172651;0.000252;Healthy;WO833430;403.02
2026/07/03;eng-082;131;2026-01-06 11:00:00;642.4400;1592.3800;1415.8500;552.9700;2388.1100;9061.7100;47.6600;520.9300;2388.1100;8143.3900;8.4493;393.0000;0.032415;0.294378;0.003455;Healthy;WO926138;1441.67
2026-07-03;ENG-045;149;2026-01-07 05:00:00;642.9100;1593.3700;1412.6300;553.6600;2388.1100;9061.9500;47.7100;521.5400;2388.1100;8140.0700;8.4994;395.0000;0.011245;0.485309;0.005232;Healthy;WO219674;235.47
03-Jul-2026;ENG-012;215;2026-01-09 23:00:00;642.8100;1586.4100;1404.6000;553.8500;2388.0800;9069.1800;47.3500;522.2000;2388.1000;8147.5500;8.4510;392.0000;0.057822;-0.421181;0.001748;healthy;WO698233;2,089.81
03-Jul-2026;eng-043;168;2026-01-08 00:00:00;642.6900;1592.9000;1416.1200;552.6100;2388.1100;9056.6000;47.6300;521.3600;2388.0900;8131.3000;8.4421;395.0000;0.022479;0.294408;0.000622;Warning;WO430868;3,085.94
2026-07-03;ENG-015;67;2026-01-03 19:00:00;642.0600;1585.6100;1403.0200;554.3300;2388.0400;9061.3500;47.2500;522.0400;2388.0400;8136.8500;8.3714;393.0000;0.003021;-0.884372;0.002525;Healthy;WO454558;1697.69
03-Jul-2026;ENG-038;116;2026-01-05 20:00:00;643.4300;1591.2100;1410.1700;553.0600;2388.1700;9077.4700;47.6400;521.5200;2388.1200;8147.2100;8.4708;395.0000;0.042998;0.624677;0.002525;Healthy;WO685600;753.87
03-Jul-2026;  ENG-077 ;157;2026-01-07 13:00:00;642.5400;1591.1200;1419.8100;552.9500;2388.1700;9049.7900;47.6500;520.9600;2388.2200;8125.8000;8.5056;393.0000;-0.070346;0.625078;0.006159;HEALTHY;WO231472;2,349.60
03-Jul-2026;ENG-093;171;2026-01-08 03:00:00;642.8400;1601.4700;1412.3300;553.0000;2388.1000;9060.1400;47.7400;521.8100;2388.1500;8139.0600;8.4413;395.0000;0.033611;0.468302;0.005441;Healthy;WO501234;1,606.47
2026/07/03;ENG-091;216;2026-01-10 00:00:00;643.0600;1598.3000;1419.2900;552.0600;2388.2500;9047.1700;48.0300;520.6000;2388.2100;8125.8600;8.4708;395.0000;-0.449636;1.214566;0.006059;Warning;WO933605;
03-Jul-2026;ENG-098;82;2026-01-04 10:00:00;642.8800;1589.6300;1409.2800;553.9300;2388.0600;9059.9900;47.4900;521.5800;2388.1100;8141.0100;8.4515;393.0000;0.067572;0.038927;0.000597;Warning;WO161946;18,787.80
2026/07/03;ENG-006;75;2026-01-04 03:00:00;642.6200;1587.7500;1412.6900;553.6600;2388.0800;9052.9300;47.4300;521.4800;2388.0700;8132.1100;8.4166;391.0000;0.039202;-0.347943;0.001184;Healthy;WO276726;2,169.72
2026/07/03;ENG-051;116;2026-01-05 20:00:00;642.5200;1591.5900;1408.4300;553.3700;2388.0700;9044.9800;47.5200;521.8800;2388.1100;8130.0900;8.3940;393.0000;0.044988;-0.193784;0.001348;Healthy;WO553421;436.06
2026/07/03;ENG-069;38;2026-01-02 14:00:00;642.5700;1589.5600;1411.2100;554.3100;2388.0700;9047.3500;47.2800;521.8300;2388.1300;8126.7000;8.4441;393.0000;0.018637;-0.339048;0.001722;Healthy;WO431426;693.32
2026-07-03;ENG-072;97;2026-01-05 01:00:00;643.0400;1592.7600;1399.1400;553.3000;2388.0400;9062.2400;47.4100;521.6900;2388.0700;8142.4300;8.4290;393.0000;0.068266;-0.269590;0.000193;Healthy;WO787540;302.90
2026-07-03;ENG-030;109;2026-01-05 13:00:00;643.2700;1596.0800;1408.2300;552.9900;2388.1400;9045.7900;47.4300;522.0700;2388.1400;8127.1000;8.4491;392.0000;0.048364;-0.017419;0.002944;healthy;WO971991;
2026-07-03;ENG-043;122;2026-01-06 02:00:00;643.2700;1580.9400;1402.8700;552.9400;2388.0900;9052.8000;47.4600;521.6100;2388.1000;8134.5900;8.4581;393.0000;0.053936;-0.096208;0.001519;Healthy;WO729208;757.38
2026/07/03;ENG-077;149;2026-01-07 05:00:00;642.7600;1590.6900;1407.3900;552.7400;2388.1800;9051.8600;47.5000;521.2000;2388.1600;8133.2100;8.4423;396.0000;-0.018046;0.366631;0.005245;Warning;WO885212;13,242.45
2026/07/03;ENG-084;129;2026-01-06 09:00:00;642.8400;1587.9200;1405.0500;553.2100;2388.1400;9051.1200;47.6800;521.2300;2388.1700;8132.8500;8.4492;393.0000;0.007430;0.153827;0.002735;Healthy;WO264411;1357.89
2026-07-03;ENG-063;109;2026-01-05 13:00:00;642.6800;1589.1700;1404.3500;553.2000;2388.0600;9046.4700;47.6600;521.1100;2388.1500;8132.1000;8.4472;393.0000;0.029759;0.049920;0.002793;Healthy;WO412464;997.87
2026/07/03;ENG-084;161;2026-01-07 17:00:00;643.0800;1595.9000;1414.3200;552.8900;2388.1600;9051.0800;47.6600;521.5400;2388.0900;8133.8700;8.4571;394.0000;0.003724;0.409621;0.000405;Healthy;WO467273;1,789.47
03-Jul-2026;  ENG-072 ;121;2026-01-06 01:00:00;642.6900;1586.3200;1412.4600;553.2800;2388.0600;9070.5200;47.5900;521.6700;2388.0800;8141.2000;8.4272;395.0000;0.085532;-0.025216;0.002584;Healthy;WO893628;
2026/07/03;ENG-084;120;2026-01-06 00:00:00;642.5000;1596.7800;1405.9900;553.1500;2388.1500;9056.9600;47.6300;521.8400;2388.1100;8135.9100;8.4697;394.0000;0.032572;0.264765;0.001537;HEALTHY;WO300323;355.14
2026/07/03;ENG-036;104;2026-01-05 08:00:00;642.6900;1593.6400;1414.6700;553.0000;2388.1700;9062.4200;47.6800;520.5400;2388.1900;8135.7800;8.4893;395.0000;-0.081877;0.805102;0.008659;WARNING;WO109329;10,344.96
03-Jul-2026;eng-042;107;2026-01-05 11:00:00;642.3700;1589.4100;1406.9600;554.4100;2388.1100;9044.1800;47.5600;521.8800;2388.1400;8134.0900;8.4450;393.0000;0.034887;-0.296195;0.000259;Healthy;WO609718;1358.42
03-Jul-2026;  ENG-093 ;197;2026-01-09 05:00:00;642.6900;1585.7400;1420.4800;552.8900;2388.1400;9069.7900;47.8000;521.1300;2388.1400;8140.7700;8.4558;393.0000;0.018043;0.439893;0.001263;Warning;WO718338;13176.62
2026/07/03;  ENG-011 ;75;2026-01-04 03:00:00;643.0600;1583.6000;1410.6100;553.1500;2388.1800;9041.9600;47.6100;521.3800;2388.1500;8117.1900;8.4896;394.0000;-0.064650;0.354021;0.009457;Healthy;WO819643;
2026/07/03;ENG-098;98;2026-01-05 02:00:00;642.5400;1586.8900;1405.8400;553.7700;2388.1200;9060.9200;47.4800;521.4600;2388.1100;8147.0300;8.4262;395.0000;0.065537;-0.064640;0.001166;Warning;WO522081;8919.57
03-Jul-2026;ENG-043;169;2026-01-08 01:00:00;643.7200;1593.0200;1413.1200;553.8200;2388.1600;9059.0700;47.6700;521.3600;2388.1300;8136.2200;8.4464;394.0000;0.001578;0.385947;0.001610;Warning;WO268458;21063.49
03-Jul-2026;  ENG-007 ;140;2026-01-06 20:00:00;642.1200;1584.7700;1402.1300;553.8700;2388.0500;9069.9000;47.2700;522.3900;2388.0000;8142.9700;8.3911;391.0000;0.044923;-0.977138;0.001619;healthy;WO949130;2,283.10
2026-07-03;  ENG-019 ;96;2026-01-05 00:00:00;642.7300;1590.0100;1403.3700;553.6800;2388.0400;9058.8600;47.4800;522.1900;2388.0600;8138.8100;8.4221;392.0000;0.048112;-0.490852;0.000897;Healthy;WO470417;2905.77
03-Jul-2026;ENG-082;111;2026-01-05 15:00:00;642.5700;1596.4000;1401.7400;552.9700;2388.1600;9068.5500;47.3600;520.6800;2388.1400;8135.6100;8.4535;394.0000;0.043339;0.124262;0.001228;Healthy;WO944228;2,195.96
03-Jul-2026;  ENG-047 ;66;2026-01-03 18:00:00;642.9300;1586.3400;1410.0400;553.4300;2388.1400;9049.4600;47.7300;521.0500;2388.1400;8123.5300;8.4376;394.0000;-0.040225;0.332496;0.004488;healthy;WO262090;1,219.09
2026/07/03;eng-038;117;2026-01-05 21:00:00;643.4900;1590.0900;1406.3500;553.0700;2388.1300;9071.1800;47.7200;521.3700;2388.0900;8152.9900;8.4472;396.0000;0.063851;0.465275;0.002128;warning;WO786099;17,754.06
2026/07/03;eng-077;161;2026-01-07 17:00:00;643.0200;1596.0000;1411.8700;552.7800;2388.1500;9043.8600;47.9100;520.9500;2388.1700;8124.0200;8.4664;394.0000;-0.066173;0.689813;0.002472;healthy;WO147931;2037.95
2026-07-03;  ENG-034 ;196;2026-01-09 04:00:00;643.5700;1594.2400;1417.1700;551.8400;2388.2400;9046.0500;47.9200;519.8900;2388.2200;8127.7600;8.4950;396.0000;-0.529607;1.268339;0.004991;Warning;WO958621;
2026-07-03;ENG-013;171;2026-01-08 03:00:00;642.4200;1585.1500;1399.8300;553.9500;2388.0700;9066.5300;47.4800;521.8600;2388.0000;8138.2200;8.4395;393.0000;0.048984;-0.613195;0.000622;Healthy;WO597443;1955.44
03-Jul-2026;ENG-038;89;2026-01-04 17:00:00;642.1300;1592.0000;1410.5500;552.8700;2388.1500;9056.8600;47.7200;521.7400;2388.1400;8136.1600;8.4648;393.0000;0.036637;0.151495;0.003148;Healthy;WO988826;66.23
2026-07-03;ENG-070;143;2026-01-06 23:00:00;642.8500;1592.7300;1414.3500;553.6600;2388.1000;9047.1600;47.6400;520.7700;2388.0800;8133.7600;8.4459;394.0000;-0.008838;0.274709;0.001965;Healthy;WO832275;1,008.97
03-Jul-2026;ENG-091;230;2026-01-10 14:00:00;643.3100;1600.3300;1416.2500;551.8600;2388.2100;9051.0300;48.0000;520.1500;2388.1800;8131.0300;8.4982;394.0000;-0.453293;1.258429;0.011135;WARNING;WO173296;20,817.79
03-Jul-2026;ENG-006;84;2026-01-04 12:00:00;642.6200;1584.0100;1408.3400;553.8200;2388.0900;9046.9700;47.3900;521.3600;2388.0200;8139.1200;8.4195;393.0000;0.042194;-0.224263;0.000566;Healthy;WO433188;1026.22
2026/07/03;ENG-007;110;2026-01-05 14:00:00;641.9900;1577.9500;1402.9000;554.2900;2388.0400;9063.6600;47.3400;521.6900;2388.0800;8143.2700;8.4018;391.0000;0.010198;-0.994522;0.001811;Healthy;WO373750;1501.97
03-Jul-2026;eng-010;158;2026-01-07 14:00:00;642.5900;1585.2700;1401.7700;553.0600;2388.0500;9065.6000;47.3500;522.0200;2388.0900;8144.2100;8.4178;392.0000;0.052573;-0.572747;0.001326;Healthy;WO935904;
2026/07/03;ENG-081;210;2026-01-09 18:00:00;643.1600;1603.7500;1428.9500;551.0100;2388.2700;9082.3000;47.9000;520.2400;2388.1300;8154.0700;8.5195;395.0000;-0.312756;1.649099;0.012965;Warning;WO394672;6918.34
03-Jul-2026;ENG-026;58;2026-01-03 10:00:00;642.3500;1582.9400;1403.1800;554.0600;2387.9700;9068.7300;47.4700;522.0300;2388.0400;8144.1900;8.4112;393.0000;0.053007;-0.693948;0.001735;Healthy;WO306093;1933.15
2026/07/03;ENG-013;154;2026-01-07 10:00:00;642.2700;1587.2000;1401.4100;554.2700;2388.0700;9060.3800;47.3200;521.5500;2388.0500;8136.2300;8.4121;393.0000;0.010908;-0.786417;0.004734;Healthy;WO468860;2115.71
2026/07/03;ENG-080;110;2026-01-05 14:00:00;642.7200;1590.2300;1415.6700;553.6800;2388.0400;9067.6100;47.4600;521.9100;2388.1100;8145.0200;8.4107;393.0000;0.082253;-0.106939;0.002561;Healthy;WO137135;1914.62
2026/07/03;ENG-035;161;2026-01-07 17:00:00;643.1800;1595.6900;1414.4900;552.7300;2388.1600;9067.7300;47.7800;520.2300;2388.1300;8141.7500;8.5244;394.0000;-0.054760;0.987787;0.014082;warning;WO888380;14270.83
03-Jul-2026;eng-008;128;2026-01-06 08:00:00;643.0400;1583.3500;1410.1800;553.5600;2388.1100;9043.0100;47.5600;521.9000;2388.0700;8128.0800;8.4598;392.0000;0.026769;-0.082102;0.003886;Healthy;WO438090;993.69
2026-07-03;  ENG-089 ;159;2026-01-07 15:00:00;642.8800;1587.8000;1407.9400;552.5400;2388.1400;9040.6900;47.4700;521.1400;2388.1100;8130.3500;8.4268;394.0000;0.000651;0.078768;0.001967;healthy;WO544925;654.39
2026-07-03;eng-072;89;2026-01-04 17:00:00;642.1600;1588.8900;1408.0600;554.5800;2388.0200;9071.6800;47.4200;522.2100;2388.0100;8149.5000;8.3951;393.0000;0.045587;-0.794199;0.001859;healthy;WO956539;2,612.22
03-Jul-2026;ENG-057;124;2026-01-06 04:00:00;642.5700;1588.6100;1409.1700;552.6200;2388.1200;9052.2500;47.4500;521.5200;2388.1400;8131.2800;8.4100;393.0000;0.043558;-0.035589;0.001659;Healthy;WO247821;2,977.91
2026/07/03;ENG-038;125;2026-01-06 05:00:00;643.0400;1588.2300;1404.9100;553.0900;2388.1400;9086.1800;47.8600;520.9100;2388.1500;8160.7600;8.4695;393.0000;0.117346;0.502145;0.003035;Warning;WO938910;18511.57
2026/07/03;ENG-089;170;2026-01-08 02:00:00;642.2200;1601.5000;1408.1800;553.1900;2388.1000;9056.9600;47.4200;521.8500;2388.0700;8135.0100;8.4105;393.0000;0.064406;-0.278307;0.000942;warning;WO627725;
03-Jul-2026;eng-054;93;2026-01-04 21:00:00;641.7600;1581.8200;1393.7300;555.1200;2388.0400;9056.6100;47.2300;522.2800;2388.0300;8143.7700;8.4013;391.0000;0.019862;-2.610126;0.001544;Healthy;WO270677;1695.69
03-Jul-2026;ENG-020;176;2026-01-08 08:00:00;643.0400;1594.8600;1417.7100;551.9700;2388.1600;9065.9300;47.9700;520.6300;2388.1100;8141.3900;8.4541;396.0000;-0.120908;1.027227;0.015750;Warning;WO271896;3250.99
03-Jul-2026;ENG-037;107;2026-01-05 11:00:00;642.4900;1592.7300;1401.6500;552.9800;2388.0800;9047.8100;47.6500;521.3500;2388.1100;8129.4200;8.4138;392.0000;0.038230;0.008506;0.000955;Healthy;WO827955;2808.95
03-Jul-2026;ENG-064;134;2026-01-06 14:00:00;642.6200;1590.2800;1408.3900;552.1600;2388.1200;9048.5700;47.5000;521.3800;2388.2100;8133.0000;8.4247;393.0000;0.006111;0.307375;;Warning;WO871075;20,365.80
2026/07/03;ENG-022;35;2026-01-02 11:00:00;643.0200;1592.1700;1404.7300;553.5100;2388.1000;9043.3200;47.3800;522.1800;2388.0500;8123.3300;8.4192;394.0000;0.043066;-0.255209;0.001334;Healthy;WO224825;836.90
2026-07-03;  ENG-056 ;102;2026-01-05 06:00:00;643.2800;1590.1600;1413.6000;552.9800;2388.1900;9046.2300;47.6100;520.9200;2388.1400;8120.1200;8.4858;394.0000;-0.068770;0.504399;0.003914;Warning;WO175191;
2026-07-03;ENG-017;113;2026-01-05 17:00:00;642.1100;1590.7700;1398.8900;553.8100;2388.0100;9074.5200;47.2500;522.2200;2388.0500;8155.6900;8.3883;393.0000;0.057088;-0.860077;0.003202;Healthy;WO805044;1,257.25
2026/07/03;ENG-091;223;2026-01-10 07:00:00;643.6100;1595.9600;1414.1700;552.6500;2388.1700;9044.5700;47.8900;520.4100;2388.2300;8126.5100;8.5340;396.0000;-0.430884;1.225485;0.007720;Warning;WO842144;13,186.32
03-Jul-2026;eng-080;130;2026-01-06 10:00:00;643.0400;1591.2700;1408.8400;553.6200;2388.1200;9064.6300;47.3600;521.3600;2388.0800;8145.6100;8.4400;393.0000;0.069061;-0.059071;0.002103;healthy;WO792157;1,552.85
2026/07/03;  ENG-076 ;146;2026-01-07 02:00:00;642.5600;1585.2600;1408.6600;553.4600;2387.9900;9068.3700;47.6700;521.7000;2388.0300;8153.7000;8.4257;394.0000;0.106894;-0.126493;0.004593;Healthy;WO954660;191.65
2026/07/03;ENG-068;136;2026-01-06 16:00:00;642.5500;1597.7200;1405.2300;553.2800;2388.1100;9058.0200;47.7100;521.1700;2388.1000;8136.0100;8.4625;393.0000;0.030984;0.295467;0.003818;Warning;WO811328;10,643.55
2026-07-03;ENG-093;172;2026-01-08 04:00:00;642.8000;1590.4900;1413.4900;553.6200;2388.1300;9066.1500;47.6000;521.3900;2388.1400;8145.2000;8.4751;393.0000;0.047603;0.277657;0.000559;Healthy;WO735695;1061.64
2026/07/03;ENG-091;208;2026-01-09 16:00:00;643.1100;1593.9600;1417.9600;552.0800;2388.1900;9054.2800;47.9900;520.9800;2388.2100;8129.9600;8.4879;394.0000;-0.260960;1.028175;0.007160;Warning;WO734481;14169.94
2026-07-03;ENG-074;108;2026-01-05 12:00:00;642.6900;1586.5300;1400.7000;553.4600;2388.0900;9057.5900;47.3800;521.6000;2388.0900;8144.5100;8.4415;392.0000;0.046993;-0.311497;0.001475;Healthy;WO187207;894.34
2026/07/03;ENG-095;69;2026-01-03 21:00:00;642.8300;1582.5700;1402.9100;553.5200;2388.0900;9044.4000;47.5300;521.9300;2388.0800;8134.3800;8.4282;394.0000;0.036813;-0.317556;0.001272;HEALTHY;WO162734;319.86
03-Jul-2026;ENG-034;177;2026-01-08 09:00:00;642.6200;1587.0400;1417.8700;552.1700;2388.1400;9056.5700;47.8900;520.6400;2388.1700;8129.8000;8.4391;394.0000;-0.048354;0.614571;0.005668;Warning;WO160848;20333.98
2026/07/03;eng-083;55;2026-01-03 07:00:00;642.1000;1584.2100;1401.8100;553.5200;2388.0200;9055.9200;47.3400;522.2700;2388.0000;8136.9700;8.4098;391.0000;0.040480;-0.901211;0.001544;healthy;WO727477;1803.74
2026/07/03;ENG-093;196;2026-01-09 04:00:00;642.7500;1596.8500;1409.3900;553.1400;2388.1400;9074.4800;47.5600;520.7000;2388.1300;8152.6200;8.4473;394.0000;0.052545;0.462956;0.001819;Healthy;WO555374;
03-Jul-2026;ENG-100;145;2026-01-07 01:00:00;642.3400;1589.9900;1408.1500;553.4500;2388.0200;9083.1800;47.2700;522.0400;2388.0400;8162.6400;8.4193;393.0000;0.087756;-0.558989;0.001348;Warning;WO499545;12245.06
2026-07-03;ENG-035;159;2026-01-07 15:00:00;643.0200;1593.2900;1416.1700;552.3200;2388.1500;9073.4200;47.7900;521.0900;2388.2000;8139.4200;8.4591;394.0000;-0.006688;0.763957;0.007971;Warning;WO258766;14839.49
2026-07-03;ENG-037;94;2026-01-04 22:00:00;642.6500;1582.5100;1410.3100;553.2100;2388.0900;9049.4500;47.2400;521.3100;2388.1200;8126.6300;8.4253;394.0000;0.010274;-0.016790;0.002042;Healthy;WO249624;2876.65
2026-07-03;  ENG-095 ;64;2026-01-03 16:00:00;642.4300;1576.7000;1400.8400;553.6800;2388.0700;9044.3300;47.3000;521.8800;2388.1700;8134.0900;8.4039;393.0000;-0.012189;-0.722433;;Healthy;WO537474;2,903.44
2026-07-03;ENG-076;138;2026-01-06 18:00:00;642.4800;1583.6600;1400.3400;553.9200;2388.0400;9067.9200;47.2200;521.7700;2388.0300;8151.8700;8.4321;393.0000;0.045995;-0.630990;0.003000;healthy;WO270366;661.57
2026-07-03;  ENG-002 ;36;2026-01-02 12:00:00;642.2300;1584.8900;1407.8700;553.2200;2388.1200;9050.9100;47.4800;521.4600;2388.1200;8131.6500;8.4211;393.0000;0.034759;-0.097682;0.001260;Healthy;WO333562;2927.99
2026/07/03;ENG-051;121;2026-01-06 01:00:00;642.8800;1597.4600;1406.0300;553.5800;2388.1000;9049.1500;47.5100;521.1000;2388.0800;8135.4800;8.4645;393.0000;0.028303;0.178951;0.001690;HEALTHY;WO737499;2223.65
2026-07-03;ENG-007;157;2026-01-07 13:00:00;641.9600;1584.4300;1402.8700;553.6400;2388.0100;9063.2700;47.4200;522.1300;2388.0200;8143.2200;8.4236;393.0000;0.042885;-0.774202;0.002751;Healthy;WO787935;1149.23
03-Jul-2026;ENG-012;177;2026-01-08 09:00:00;641.7800;1585.1100;1396.7000;553.8300;2388.0700;9062.5100;47.0800;521.8700;2388.0200;8146.0900;8.4320;395.0000;0.018613;-0.876077;0.002502;Healthy;WO909649;947.65
2026/07/03;  ENG-057 ;131;2026-01-06 11:00:00;642.7200;1591.1600;1407.9100;553.0900;2388.2100;9047.6700;47.6600;521.2300;2388.0900;8135.2600;8.4327;392.0000;0.014229;0.090112;0.001320;Healthy;WO678715;624.64
2026-07-03;ENG-006;73;2026-01-04 01:00:00;642.4000;1592.1900;1406.3700;554.1900;2388.1200;9053.2800;47.5900;521.6600;2388.0800;8132.7400;8.4183;393.0000;0.042894;-0.308709;0.001895;Healthy;WO896457;582.92
2026-07-03;ENG-027;113;2026-01-05 17:00:00;642.0400;1590.2800;1407.3600;553.8500;2388.1000;9051.9400;47.2600;521.9900;2388.0400;8135.2800;8.4142;392.0000;0.026043;-0.647144;0.000457;Healthy;WO837696;1585.60
2026/07/03;eng-068;133;2026-01-06 13:00:00;643.1900;1590.3400;1406.4300;553.0700;2388.0900;9063.2400;47.5400;521.5200;2388.0900;8142.8300;8.4343;393.0000;0.067321;0.206478;0.000371;Healthy;WO221025;1304.97
03-Jul-2026;  ENG-076 ;192;2026-01-09 00:00:00;643.1000;1600.9700;1416.9700;553.0600;2388.0900;9103.1000;47.8400;520.2500;2388.1400;8167.9000;8.4802;395.0000;0.421511;1.192502;0.011430;warning;WO570365;13459.85
03-Jul-2026;ENG-066;113;2026-01-05 17:00:00;643.3400;1589.5700;1405.7900;553.2800;2388.0700;9089.0400;47.7100;520.8900;2388.0800;8157.6200;8.4467;394.0000;0.166832;0.429522;0.015459;Warning;WO224586;10,500.34
2026/07/03;ENG-040;90;2026-01-04 18:00:00;642.8400;1590.4100;1422.3600;552.6200;2388.1700;9056.5400;47.7000;521.2000;2388.0900;8133.4800;8.4747;394.0000;-0.029123;0.585077;0.001392;Healthy;WO704153;2655.52
2026/07/03;ENG-054;116;2026-01-05 20:00:00;642.0300;1591.2300;1400.2400;554.3700;2388.0000;9066.9700;47.1500;522.0700;2387.9600;8139.1600;8.3874;391.0000;0.043937;-1.095334;0.001691;Healthy;WO617955;
2026/07/03;ENG-004;101;2026-01-05 05:00:00;643.1800;1594.2700;1416.0200;553.2000;2388.1600;9055.5600;47.5900;521.0300;2388.0800;8136.5900;8.4632;393.0000;-0.012222;0.528984;0.002035;Healthy;WO917514;1014.93
2026/07/03;eng-058;123;2026-01-06 03:00:00;643.1000;1588.8600;1408.1900;553.4000;2388.0900;9049.4000;47.3500;521.7000;2388.1100;8129.5400;8.4076;392.0000;0.032848;-0.330134;0.002216;Healthy;WO639060;1765.76
2026/07/03;ENG-100;162;2026-01-07 18:00:00;642.5300;1593.4500;1406.5400;553.4000;2387.9800;9094.7500;47.4300;521.8700;2388.0500;8167.7400;8.4517;393.0000;0.129459;-0.265640;0.003830;Healthy;WO572347;1735.01
03-Jul-2026;ENG-099;86;2026-01-04 14:00:00;641.8400;1579.7800;1397.4400;554.7600;2388.0100;9067.8900;47.2100;522.4400;2387.9500;8144.5900;8.3889;390.0000;0.063127;-1.266226;0.002466;Healthy;WO837569;660.78
2026-07-03;eng-076;203;2026-01-09 11:00:00;643.2700;1599.3100;1424.3900;552.0700;2388.1200;9108.1100;48.0900;520.5600;2388.1100;8181.3200;8.5156;396.0000;0.398149;1.604346;0.021573;Warning;WO925837;23,659.64
2026/07/03;ENG-043;157;2026-01-07 13:00:00;642.8000;1590.0600;1407.9000;552.9000;2388.1200;9052.3800;47.5500;521.5100;2388.1200;8141.7400;8.4437;393.0000;0.047350;0.101795;0.001256;healthy;WO845345;1,839.55
2026/07/03;ENG-011;58;2026-01-03 10:00:00;642.8900;1588.4800;1411.5700;552.7900;2388.1500;9037.3400;47.5100;521.5100;2388.1600;8119.4800;8.4500;391.0000;-0.022008;0.118284;0.002631;Healthy;WO970424;2,029.49
2026/07/03;ENG-090;105;2026-01-05 09:00:00;642.7500;1589.4300;1407.2800;552.6800;2388.1100;9062.3900;47.6100;521.2100;2388.1200;8142.7400;8.4855;392.0000;0.070085;0.135055;0.003119;Healthy;WO574187;2236.99
2026-07-03;ENG-042;123;2026-01-06 03:00:00;642.9400;1590.0900;1409.6000;553.6000;2388.1200;9038.0900;47.7100;521.4300;2388.1200;8129.8500;8.4322;392.0000;0.005091;0.080287;0.003527;Healthy;WO132046;180.86
2026-07-03;ENG-098;86;2026-01-04 14:00:00;642.8700;1589.8900;1403.1400;552.6400;2388.0900;9056.2300;47.5200;522.0100;2388.1300;8142.8900;8.3997;394.0000;0.066555;-0.103929;0.000540;Healthy;WO886926;1,764.78
2026-07-03;ENG-062;192;2026-01-09 00:00:00;642.1900;1590.0000;1413.2500;554.1700;2387.9400;9071.9900;47.5300;522.3300;2387.9900;8150.1100;8.4312;392.0000;0.089592;-0.580924;0.005634;healthy;WO497432;918.35
2026/07/03;ENG-019;102;2026-01-05 06:00:00;642.1500;1588.1100;1397.7100;553.6700;2388.0300;9056.9300;47.2700;522.4300;2388.0000;8143.9900;8.3895;390.0000;0.055359;-1.123486;0.000846;Healthy;WO569941;112.25
2026-07-03;ENG-060;117;2026-01-05 21:00:00;642.4300;1587.1800;1412.2500;553.9400;2388.1000;9052.9100;47.4600;521.7700;2388.1300;8132.3200;8.4495;393.0000;0.039863;-0.076593;0.000336;Healthy;WO235051;1852.04
03-Jul-2026;ENG-040;130;2026-01-06 10:00:00;643.2600;1598.0000;1420.1600;552.0600;2388.2200;9068.1500;47.8200;520.3600;2388.1300;8146.7700;8.4699;395.0000;-0.156514;1.140253;0.014415;warning;WO781211;20,892.57
2026/07/03;ENG-091;190;2026-01-08 22:00:00;643.3300;1593.2200;1411.0000;552.3900;2388.2000;9049.9900;47.7900;521.2300;2388.2100;8125.7000;8.4618;393.0000;-0.126732;0.753759;0.005663;Warning;WO255847;6,285.95
03-Jul-2026;ENG-097;114;2026-01-05 18:00:00;641.9400;1587.4100;1404.3800;554.3200;2387.9800;9071.2700;47.3400;521.3600;2388.0200;8149.6400;8.4421;392.0000;0.046797;-0.774464;0.001691;healthy;WO670617;2,021.42
03-Jul-2026;ENG-016;85;2026-01-04 13:00:00;642.3500;1584.6600;1406.4200;554.4800;2388.0500;9053.7500;47.5100;522.1200;2387.9600;8140.4500;8.3787;392.0000;0.042937;-0.995772;0.002028;healthy;WO540120;2493.00
2026/07/03;ENG-061;132;2026-01-06 12:00:00;642.7200;1593.6200;1415.7600;553.5800;2388.1000;9066.6100;47.4400;521.4500;2388.0600;8147.8800;8.4331;393.0000;0.090308;0.006626;0.000631;Healthy;WO991139;
03-Jul-2026;ENG-070;110;2026-01-05 14:00:00;642.8100;1589.5700;1411.9100;553.3900;2388.1700;9050.1300;47.6100;521.8100;2388.1300;8134.2500;8.4329;395.0000;0.006148;0.182104;0.000750;healthy;WO344956;1,827.95
2026-07-03;ENG-055;85;2026-01-04 13:00:00;641.9000;1584.4800;1403.5200;554.0900;2388.1200;9051.9400;47.4800;521.9600;2388.0100;8138.0700;8.4237;393.0000;0.022506;-0.765694;0.003078;Healthy;WO983061;1,101.47
03-Jul-2026;ENG-003;116;2026-01-05 20:00:00;642.8400;1592.1800;1410.3300;553.6600;2388.1300;9058.1600;47.6600;520.9300;2388.2100;8132.2000;8.4621;393.0000;-0.000843;0.304527;0.002391;Healthy;WO123115;2,472.87
2026-07-03;ENG-016;92;2026-01-04 20:00:00;642.1500;1584.9400;1398.8500;554.5400;2388.0300;9056.0100;47.2300;522.2400;2388.0700;8137.8500;8.4077;393.0000;0.011882;-0.798909;0.002514;Healthy;WO217838;2,901.76
2026/07/03;ENG-047;59;2026-01-03 11:00:00;642.6900;1594.6500;1406.7200;553.5400;2388.1500;9044.3300;47.6500;521.1000;2388.1900;8127.0300;8.4404;394.0000;-0.025031;0.242900;0.002199;Healthy;WO407741;
03-Jul-2026;eng-089;154;2026-01-07 10:00:00;642.3500;1589.2900;1408.9300;553.3700;2388.1200;9053.9100;47.5100;521.9400;2388.1000;8131.2600;8.4210;393.0000;0.057835;-0.131688;0.003170;Warning;WO724430;10,521.14
2026/07/03;  ENG-068 ;159;2026-01-07 15:00:00;643.0400;1589.1900;1421.6200;552.9200;2388.1700;9068.5700;47.6400;521.7100;2388.1000;8144.8300;8.4486;394.0000;0.021658;0.518714;0.002204;Warning;WO316524;19,841.11
2026/07/03;ENG-031;187;2026-01-08 19:00:00;642.8500;1599.5000;1426.3500;552.0100;2388.2400;9076.8200;47.9500;520.0100;2388.1900;8157.5900;8.5113;396.0000;-0.177985;1.354918;0.034225;Warning;WO494953;828.43
2026-07-03;ENG-063;148;2026-01-07 04:00:00;642.5400;1592.3700;1415.4400;553.3400;2388.1700;9046.4900;47.6000;520.7400;2388.1500;8133.3200;8.4124;393.0000;-0.033642;0.294243;0.001495;Healthy;WO952386;557.94
2026/07/03;eng-026;73;2026-01-04 01:00:00;642.6900;1589.1100;1398.7600;554.5000;2387.9900;9060.0800;47.3600;522.2700;2388.0000;8154.4800;8.3915;392.0000;0.057443;-0.876552;0.001505;healthy;WO535583;2951.95
2026/07/03;ENG-036;87;2026-01-04 15:00:00;643.3200;1591.2800;1417.7800;552.8500;2388.1500;9057.6300;47.6600;520.8800;2388.1600;8137.9100;8.4699;394.0000;-0.028145;0.646802;0.003005;Warning;WO607688;2,578.42
2026/07/03;ENG-092;149;2026-01-07 05:00:00;643.0700;1600.3500;1423.3400;551.9500;2388.2200;9050.5300;47.9500;519.7400;2388.2500;8127.2900;8.5115;396.0000;-0.592534;1.430662;0.015633;Warning;WO468859;8860.32
2026/07/03;ENG-079;98;2026-01-05 02:00:00;642.4000;1587.3900;1411.4900;553.5900;2388.1400;9043.7300;47.4100;521.3700;2388.1000;8122.6200;8.4411;393.0000;-0.000707;-0.095222;0.011915;healthy;WO936458;2264.43
03-Jul-2026;ENG-024;150;2026-01-07 06:00:00;642.6300;1587.1600;1408.0400;553.4300;2388.0500;9098.7500;47.5700;522.2200;2388.0600;8166.6100;8.4270;393.0000;0.122253;-0.452676;0.014821;Warning;WO262360;19156.28
2026-07-03;ENG-037;113;2026-01-05 17:00:00;642.6000;1597.9300;1410.0000;552.8600;2388.1900;9039.7600;47.5300;520.7800;2388.1800;8123.5700;8.4513;394.0000;-0.064932;0.525407;0.006329;healthy;WO929244;2261.80
2026-07-03;ENG-039;37;2026-01-02 13:00:00;642.0900;1581.5800;1402.1700;554.0300;2388.0200;9061.9100;47.2000;521.9400;2388.0000;8147.3100;8.3904;393.0000;0.021953;-0.912571;0.003400;Healthy;WO472197;2244.02
03-Jul-2026;ENG-045;128;2026-01-06 08:00:00;643.5600;1587.3200;1407.4900;552.9900;2388.1000;9057.4100;47.6700;520.9200;2388.0900;8141.4900;8.4632;393.0000;0.020216;0.435710;0.002546;Healthy;WO966199;2457.09
2026-07-03;ENG-058;129;2026-01-06 09:00:00;642.5600;1579.4700;1402.3400;553.8600;2388.1300;9045.8300;47.5100;521.1900;2388.1000;8131.4500;8.4679;393.0000;0.032108;-0.233341;0.002320;Healthy;WO303227;1,066.95
2026/07/03;ENG-017;127;2026-01-06 07:00:00;642.4900;1585.2500;1402.2400;553.8400;2388.0200;9075.1900;47.4800;521.6300;2388.0300;8157.5300;8.4063;393.0000;0.070160;-0.628438;;Warning;WO745290;1,883.48
03-Jul-2026;ENG-002;35;2026-01-02 11:00:00;642.8900;1597.3600;1402.0200;553.6400;2388.0900;9048.3500;47.4200;521.9900;2388.1400;8124.1000;8.4593;393.0000;0.048266;-0.058394;0.001121;Healthy;WO697771;841.27
2026/07/03;ENG-028;142;2026-01-06 22:00:00;642.8200;1586.1300;1401.8400;553.8500;2388.1700;9057.6900;47.4400;521.6300;2388.1200;8134.0900;8.4196;393.0000;0.025175;-0.294207;0.001122;Healthy;WO582283;
03-Jul-2026;ENG-042;105;2026-01-05 09:00:00;642.6500;1591.9000;1406.0200;554.2500;2388.1100;9042.5800;47.2500;521.6600;2388.0700;8131.1300;8.3954;393.0000;0.013163;-0.385787;0.003350;Healthy;WO555485;1984.99
2026-07-03;ENG-042;122;2026-01-06 02:00:00;643.2700;1588.9000;1413.8600;553.5600;2388.1100;9042.3000;47.5600;521.0800;2388.1100;8122.3900;8.4370;393.0000;-0.032797;0.281481;0.001280;Healthy;WO584544;2,022.88
2026/07/03;ENG-086;81;2026-01-04 09:00:00;642.7800;1579.4000;1409.9500;553.7000;2388.0500;9063.4000;47.4700;521.6200;2388.0900;8145.2400;8.4375;392.0000;0.061566;-0.265321;0.000893;Healthy;WO889599;1,526.73
03-Jul-2026;ENG-010;192;2026-01-09 00:00:00;643.0000;1589.5000;1398.9900;552.8800;2388.1100;9060.8800;47.5900;521.8200;2388.0800;8141.9100;8.4194;393.0000;0.078432;-0.081656;0.002445;Healthy;WO675022;2075.42
2026-07-03;ENG-080;97;2026-01-05 01:00:00;642.6300;1585.1800;1406.5900;553.4400;2388.1300;9063.9400;47.6000;521.1600;2388.0400;8147.2100;8.4253;394.0000;0.074324;-0.059124;0.000427;Healthy;WO278480;2099.99
2026-07-03;  ENG-073 ;97;2026-01-05 01:00:00;642.3600;1579.4500;1406.6200;554.4700;2388.0400;9048.6000;47.2000;522.1700;2388.0300;8138.3700;8.4134;393.0000;0.010186;-0.908087;0.002478;HEALTHY;WO266256;2699.66
03-Jul-2026;ENG-042;144;2026-01-07 00:00:00;642.7700;1598.3400;1417.8700;551.9900;2388.1900;9044.0400;47.8300;520.9100;2388.1700;8113.1000;8.4681;394.0000;-0.246141;0.881089;0.011349;Warning;WO962523;9,073.56
03-Jul-2026;eng-016;86;2026-01-04 14:00:00;641.9400;1587.5800;1397.6600;553.5700;2388.0600;9060.0200;47.2300;522.0000;2388.0600;8138.1600;8.3836;390.0000;0.020552;-1.005406;0.002466;Healthy;WO552186;2817.93
2026/07/03;ENG-040;100;2026-01-05 04:00:00;642.8800;1598.0400;1411.0000;552.2500;2388.0900;9062.7600;47.7000;520.9200;2388.1500;8140.2100;8.4544;394.0000;0.034820;0.485123;0.002878;Warning;WO821129;2040.98
2026/07/03;  ENG-029 ;139;2026-01-06 19:00:00;642.1600;1585.3600;1398.9100;554.0000;2388.0500;9072.7000;47.4200;521.4800;2388.0600;8148.3400;8.4187;393.0000;0.055145;-0.571019;0.002107;Healthy;WO520566;85.85
2026-07-03;ENG-020;129;2026-01-06 09:00:00;642.4000;1587.2500;1412.7200;553.4300;2388.0700;9057.5900;47.4400;521.3400;2388.1200;8144.1100;8.4468;394.0000;0.047232;0.114015;0.003161;Healthy;WO786982;452.34
2026/07/03;  ENG-013 ;166;2026-01-07 22:00:00;643.2200;1594.2600;1403.7100;554.6200;2388.0200;9063.0200;47.3200;521.8600;2388.0300;8143.4300;8.4452;392.0000;0.051101;-0.405461;0.000518;HEALTHY;WO985396;1943.26
03-Jul-2026;ENG-031;161;2026-01-07 17:00:00;643.3900;1589.0200;1421.2200;552.2400;2388.1200;9079.6700;47.8100;521.3500;2388.1600;8154.5000;8.4336;393.0000;0.059801;0.618609;0.007135;Warning;WO978514;12580.84
2026-07-03;ENG-061;128;2026-01-06 08:00:00;642.5000;1584.4300;1406.0400;553.1900;2388.1000;9073.8600;47.5600;521.5200;2388.1000;8149.9900;8.4566;394.0000;0.093724;0.029948;0.004090;Warning;WO350927;837.13
2026-07-03;ENG-092;113;2026-01-05 17:00:00;642.9700;1587.6900;1411.0700;553.2100;2388.1800;9046.2300;47.5700;520.7700;2388.1700;8124.4000;8.4170;393.0000;-0.041697;0.247203;0.003360;Healthy;WO882245;2,385.89
03-Jul-2026;ENG-057;121;2026-01-06 01:00:00;643.0800;1587.0300;1403.4600;553.2600;2388.0800;9052.1500;47.3800;521.6900;2388.1000;8128.7000;8.4103;393.0000;0.036358;-0.191972;0.003279;healthy;WO759676;741.45
2026-07-03;ENG-032;124;2026-01-06 04:00:00;642.1600;1588.8600;1405.4400;553.7600;2388.0100;9083.6900;47.2500;522.0700;2388.0000;8166.0600;8.4284;392.0000;0.069004;-0.825813;0.001859;healthy;WO991167;2846.57
2026-07-03;ENG-034;167;2026-01-07 23:00:00;642.6000;1592.9400;1409.5900;552.5800;2388.1700;9048.0600;47.6100;521.7000;2388.1500;8133.6000;8.4783;392.0000;0.017304;0.237132;0.002989;Healthy;WO560316;2,825.36
2026/07/03;eng-033;44;2026-01-02 20:00:00;642.2500;1601.2800;1405.5900;552.0900;2388.1100;9054.8100;47.6800;521.9400;2388.1000;8137.1300;8.4691;392.0000;0.068544;0.226564;0.002864;Healthy;WO631565;1,659.08
2026-07-03;ENG-006;71;2026-01-03 23:00:00;642.6400;1590.0600;1402.5300;553.4800;2388.1200;9056.6100;47.5200;521.8100;2388.1300;8133.3200;8.4604;394.0000;0.064012;-0.085842;0.001289;Healthy;WO809007;2840.50
2026/07/03;  ENG-029 ;149;2026-01-07 05:00:00;641.8900;1593.7500;1400.5300;553.4700;2388.0400;9065.0500;47.3200;521.8200;2388.0700;8146.0100;8.4205;394.0000;0.062471;-0.421931;0.001475;Healthy;WO581084;1852.79
03-Jul-2026;ENG-043;142;2026-01-06 22:00:00;642.2400;1585.1200;1408.0700;553.2900;2388.0700;9055.2800;47.4400;521.5400;2388.0600;8131.3400;8.4533;392.0000;0.048316;-0.320794;0.000876;Healthy;WO690387;2,907.83
2026/07/03;ENG-049;289;2026-01-13 01:00:00;643.0700;1587.9200;1418.9000;552.0900;2388.2400;9052.8600;47.7600;520.2600;2388.2000;8129.8100;8.5240;394.0000;-0.325988;1.027676;0.004734;Warning;WO655793;13373.24
03-Jul-2026;ENG-082;138;2026-01-06 18:00:00;642.8100;1593.0900;1420.5800;552.1900;2388.1600;9059.2600;47.7400;520.9800;2388.1500;8131.9300;8.4329;395.0000;-0.033095;0.660190;0.001718;Warning;WO602270;6653.22
03-Jul-2026;  ENG-094 ;97;2026-01-05 01:00:00;642.9900;1591.4200;1411.8700;553.2400;2388.0900;9061.0600;47.4300;521.0800;2388.0600;8137.8400;8.4301;393.0000;0.052636;0.098988;0.000942;Warning;WO944130;16584.32
03-Jul-2026;  ENG-027 ;131;2026-01-06 11:00:00;642.1600;1584.8100;1406.4400;553.7900;2388.0700;9052.7500;47.4100;521.6700;2388.1200;8130.3100;8.4169;393.0000;0.019429;-0.421041;0.000211;Healthy;WO408261;2017.42
2026/07/03;ENG-086;76;2026-01-04 04:00:00;642.5000;1588.1500;1414.8900;554.1300;2388.0400;9061.7700;47.3500;521.2400;2388.0800;8148.4100;8.4000;393.0000;0.050648;-0.323889;0.001498;Healthy;WO609253;964.47
03-Jul-2026;eng-058;139;2026-01-06 19:00:00;642.7600;1590.4200;1411.1800;553.4100;2388.1200;9048.9100;47.5400;521.2100;2388.1100;8132.6300;8.4255;392.0000;0.035302;-0.034032;0.000518;Healthy;WO925920;116.13
03-Jul-2026;ENG-066;99;2026-01-05 03:00:00;642.6400;1599.9600;1416.7300;553.4000;2388.0700;9077.0100;47.5800;521.4000;2388.0700;8153.2000;8.4656;394.0000;0.093561;0.311790;0.006919;Warning;WO627622;18624.20
2026/07/03;ENG-012;210;2026-01-09 18:00:00;642.4200;1585.2200;1399.6500;553.6700;2388.0500;9066.0900;47.2700;521.7500;2388.0600;8147.1100;8.4196;392.0000;0.034972;-0.763094;0.001036;Healthy;WO964751;2243.34
2026/07/03;ENG-029;146;2026-01-07 02:00:00;642.6300;1580.5400;1402.6800;553.5300;2388.0700;9069.1800;47.4400;522.0800;2388.0300;8148.5700;8.4553;392.0000;0.063849;-0.498919;0.003164;Healthy;WO937828;2,640.03
03-Jul-2026;ENG-066;126;2026-01-06 06:00:00;643.1000;1594.9000;1413.6000;553.0200;2388.1200;9088.8200;47.8800;521.2800;2388.1700;8167.1400;8.4635;396.0000;0.178513;0.660826;0.009190;Warning;WO159534;11,394.92
2026/07/03;  ENG-049 ;232;2026-01-10 16:00:00;642.7000;1580.3700;1410.5900;553.5300;2388.1000;9053.8300;47.5000;521.5800;2388.1000;8141.9300;8.4394;393.0000;0.051296;-0.142508;0.000202;Healthy;WO294179;2726.64
2026/07/03;ENG-052;150;2026-01-07 06:00:00;642.8800;1580.4900;1407.4900;554.1900;2387.9700;9077.7500;47.3700;522.2600;2388.0400;8159.7600;8.4429;392.0000;0.062442;-0.789082;0.001953;Healthy;WO361789;368.16
2026/07/03;ENG-028;158;2026-01-07 14:00:00;642.8600;1590.8100;1405.2800;553.2600;2388.1000;9065.8400;47.5900;521.6300;2388.1100;8134.6300;8.4564;393.0000;0.068493;0.067380;;Healthy;WO824523;2505.31
2026-07-03;ENG-053;134;2026-01-06 14:00:00;642.9500;1586.5200;1406.9800;553.5900;2388.0600;9077.5900;47.6100;521.3600;2388.0800;8156.1700;8.4236;394.0000;0.102794;0.001874;0.002815;Healthy;WO929779;140.56
2026/07/03;ENG-030;107;2026-01-05 11:00:00;642.6300;1587.0600;1410.4400;553.2400;2388.1100;9040.7900;47.5300;521.5100;2388.1500;8127.2000;8.4568;393.0000;-0.012714;0.156689;0.001055;Healthy;WO387994;2227.19
2026-07-03;  ENG-080 ;98;2026-01-05 02:00:00;642.2900;1593.5400;1406.6500;553.2900;2388.0200;9061.9900;47.5300;521.4900;2388.0500;8146.0900;8.4246;393.0000;0.078157;-0.286315;0.003535;Healthy;WO671926;2713.01
2026/07/03;  ENG-084 ;170;2026-01-08 02:00:00;642.8300;1590.9000;1408.2500;552.8900;2388.1200;9050.8400;47.6100;521.2000;2388.1600;8129.0400;8.4124;395.0000;-0.005834;0.255726;0.001763;healthy;WO928686;1733.12
03-Jul-2026;  ENG-088 ;65;2026-01-03 17:00:00;642.6600;1585.7800;1407.4000;552.9800;2388.1700;9039.9500;47.5800;521.5000;2388.1300;8121.8700;8.4519;392.0000;-0.004276;-0.029760;0.002682;healthy;WO873938;1564.68
03-Jul-2026;ENG-076;191;2026-01-08 23:00:00;642.7700;1592.3500;1424.3300;551.7900;2388.1300;9103.7900;47.7300;520.5300;2388.1100;8168.7600;8.4638;395.0000;0.373964;1.133516;0.014754;Warning;WO603352;18510.30
2026/07/03;ENG-089;122;2026-01-06 02:00:00;642.7300;1586.4600;1409.8600;553.7500;2388.1300;9047.3900;47.5900;521.2200;2388.0800;8128.3400;8.4116;394.0000;0.007056;-0.073322;0.004059;Healthy;WO104951;1353.12
2026/07/03;ENG-092;129;2026-01-06 09:00:00;643.6700;1597.3200;1413.7400;552.5000;2388.2000;9050.0500;47.7700;520.7500;2388.1400;8122.2400;8.4874;396.0000;-0.264931;1.018530;0.002238;Warning;WO893497;11726.48
2026/07/03;ENG-093;238;2026-01-10 22:00:00;642.8900;1592.0400;1417.1300;552.5100;2388.1500;9071.7800;47.8500;520.7200;2388.2000;8152.9900;8.4516;393.0000;0.022179;0.657194;0.010664;Warning;WO881570;5,457.83
2026-07-03;  ENG-054 ;99;2026-01-05 03:00:00;642.5400;1589.2800;1398.4000;554.7200;2387.9800;9054.1200;47.1700;522.3800;2387.9600;8143.2900;8.4026;391.0000;0.056101;-2.620106;0.004580;Healthy;WO767868;1893.75
03-Jul-2026;ENG-063;147;2026-01-07 03:00:00;642.5200;1591.9100;1415.4100;553.1900;2388.2100;9042.9200;47.6500;521.3300;2388.1700;8126.3500;8.4328;394.0000;-0.053828;0.408107;0.001071;Healthy;WO159281;2257.03
2026/07/03;  ENG-013 ;173;2026-01-08 05:00:00;642.9000;1588.9700;1407.2900;553.8300;2388.0500;9057.6400;47.5000;521.8200;2388.0500;8140.5600;8.4614;394.0000;0.075259;-0.125992;0.002832;Warning;WO192643;15511.48
2026/07/03;ENG-040;131;2026-01-06 11:00:00;643.2300;1594.3900;1416.2900;552.2800;2388.1400;9076.6900;47.9400;520.7800;2388.2200;8143.7600;8.4721;394.0000;-0.033361;0.938238;0.018076;Warning;WO988909;12,840.18
03-Jul-2026;  ENG-083 ;72;2026-01-04 00:00:00;642.8300;1587.1600;1398.0700;554.5900;2388.0700;9065.4000;47.4700;522.0800;2388.0900;8137.1900;8.4128;392.0000;0.026006;-0.673645;;HEALTHY;WO452354;783.60
2026/07/03;ENG-090;115;2026-01-05 19:00:00;642.5500;1586.2900;1415.3800;553.1000;2388.0800;9058.9000;47.4500;521.0300;2388.1000;8143.5600;8.4382;395.0000;0.026750;0.266004;0.001835;Warning;WO770264;1877.81
2026-07-03;ENG-070;103;2026-01-05 07:00:00;642.3600;1593.1200;1402.6300;554.1900;2388.0700;9048.2100;47.3000;521.5900;2388.0900;8132.2300;8.4213;392.0000;0.019291;-0.450434;0.002017;Healthy;WO369258;2161.26
03-Jul-2026;ENG-018;101;2026-01-05 05:00:00;643.0100;1590.4400;1403.0600;553.4800;2388.0400;9059.8700;47.2900;521.7900;2388.0700;8140.7100;8.3929;392.0000;0.057516;-0.318345;0.000273;Healthy;WO366517;1,580.77
03-Jul-2026;ENG-097;120;2026-01-06 00:00:00;642.1700;1584.9300;1406.4500;553.8100;2388.0400;9068.3100;47.3500;521.7200;2388.0300;8154.1100;8.4291;392.0000;0.056407;-0.581673;0.000712;Warning;WO519997;21,498.42
2026-07-03;eng-083;69;2026-01-03 21:00:00;642.5100;1584.7500;1406.9900;554.5000;2388.0600;9060.0600;47.4700;521.6900;2388.0500;8143.5700;8.3962;393.0000;0.041853;-0.622272;0.002816;Healthy;WO344898;822.73
03-Jul-2026;ENG-044;39;2026-01-02 15:00:00;642.9000;1587.7800;1411.7300;553.0000;2388.0900;9048.3300;47.5200;521.3600;2388.1000;8131.3100;8.4179;394.0000;0.031299;0.001914;0.000268;Healthy;WO138998;2528.71
03-Jul-2026;ENG-081;172;2026-01-08 04:00:00;643.0900;1597.3300;1421.6000;552.9100;2388.0900;9071.2100;47.7400;521.2200;2388.1000;8146.0800;8.4346;395.0000;0.035807;0.575687;0.006842;Warning;WO353199;20240.20
2026/07/03;ENG-058;150;2026-01-07 06:00:00;642.6300;1587.4600;1407.6000;553.1400;2388.1300;9054.0200;47.5300;520.7200;2388.1500;8128.3100;8.4531;394.0000;-0.022538;0.318390;0.002216;Healthy;WO928239;2476.51
2026/07/03;eng-052;182;2026-01-08 14:00:00;642.7000;1592.2600;1410.2700;553.5400;2388.1000;9100.0400;47.4300;521.5500;2388.0300;8176.1400;8.4620;395.0000;0.243940;0.146483;0.015379;Warning;WO588528;21326.02
2026/07/03;ENG-093;178;2026-01-08 10:00:00;642.9600;1583.2000;1416.8400;553.1900;2388.1400;9063.2900;47.6400;521.1500;2388.1400;8143.2000;8.4486;395.0000;-0.001283;0.434323;0.001348;Healthy;WO932170;1,001.42
03-Jul-2026;  ENG-068 ;173;2026-01-08 05:00:00;643.3600;1593.8400;1419.0600;552.3500;2388.2000;9086.9900;47.8400;519.7800;2388.1700;8145.9000;8.4836;394.0000;-0.130462;1.251610;0.009735;Warning;WO841614;20265.72
2026-07-03;  ENG-006 ;95;2026-01-04 23:00:00;642.4800;1583.0800;1411.2200;553.6400;2388.1100;9056.2100;47.6500;521.3600;2388.1600;8131.6700;8.4128;394.0000;0.008831;0.035722;0.004500;Healthy;WO414733;2,382.47
03-Jul-2026;ENG-035;189;2026-01-08 21:00:00;642.9900;1596.8700;1422.4800;552.4800;2388.2100;9074.1600;47.9700;520.3400;2388.1600;8155.4800;8.5176;394.0000;-0.088188;1.243649;0.006069;Warning;WO272508;11928.22
2026-07-03;ENG-042;143;2026-01-06 23:00:00;643.1000;1598.7600;1415.5000;552.9100;2388.2300;9044.1400;47.7700;521.0400;2388.2000;8116.8000;8.4874;396.0000;-0.215790;0.909102;0.006858;Warning;WO385875;
2026/07/03;  ENG-076 ;177;2026-01-08 09:00:00;643.0700;1594.8000;1419.6800;552.8300;2388.0700;9074.6800;47.8400;520.6800;2388.0900;8163.5000;8.4517;395.0000;0.161091;0.704058;0.015522;Warning;WO605735;24735.33
2026/07/03;ENG-010;189;2026-01-08 21:00:00;642.6500;1596.7200;1414.2300;553.2800;2388.1300;9063.0300;47.3600;521.4400;2388.0400;8140.4600;8.4033;394.0000;0.060085;0.130911;0.002496;Healthy;WO394710;2183.42
03-Jul-2026;ENG-099;76;2026-01-04 04:00:00;642.5000;1582.6600;1399.7600;554.7400;2388.0000;9054.1700;47.2900;522.4200;2388.0300;8145.5100;8.4209;393.0000;0.052969;-2.770085;0.028829;healthy;WO844618;2824.10
03-Jul-2026;ENG-053;132;2026-01-06 12:00:00;642.9600;1589.5400;1406.4200;552.8500;2388.0300;9076.0500;47.4200;521.4000;2388.0900;8153.9800;8.4591;392.0000;0.100363;-0.096700;0.004148;Healthy;WO742621;2564.99
2026/07/03;ENG-048;64;2026-01-03 16:00:00;642.5200;1583.7300;1408.1900;553.7500;2388.0700;9053.6700;47.5300;521.5000;2388.1200;8135.3300;8.4498;391.0000;0.043078;-0.258235;0.002315;Healthy;WO486099;273.47
2026/07/03;eng-005;69;2026-01-03 21:00:00;642.5800;1595.4100;1408.8300;553.0900;2388.1100;9051.2300;47.5200;521.7100;2388.1100;8127.3000;8.4626;394.0000;0.020200;0.176977;0.000449;Healthy;WO591666;1116.82
03-Jul-2026;  ENG-094 ;97;2026-01-05 01:00:00;642.9900;1591.4200;1411.8700;553.2400;2388.0900;9061.0600;47.4300;521.0800;2388.0600;8137.8400;8.4301;393.0000;0.052636;0.098988;0.000942;Warning;WO944130;16584.32
03-Jul-2026;ENG-094;96;2026-01-05 00:00:00;642.9000;1599.0600;1405.3300;553.0000;2388.0700;9054.6300;47.7500;520.8600;2388.1000;8144.3100;8.4109;394.0000;0.039165;0.351926;0.001014;Healthy;WO348030;1,670.82
03-Jul-2026;ENG-036;88;2026-01-04 16:00:00;642.8300;1593.7600;1410.2700;553.6100;2388.1200;9058.8300;47.7100;520.8500;2388.1300;8141.5100;8.4540;394.0000;-0.000368;0.439690;0.004145;Healthy;WO920219;2,198.02
2026/07/03;ENG-062;163;2026-01-07 19:00:00;641.7000;1591.4000;1407.6900;554.6500;2388.0700;9064.1900;47.4500;521.4800;2388.0000;8145.1400;8.4072;391.0000;0.031850;-0.880924;0.002114;Healthy;WO915959;2986.51
03-Jul-2026;ENG-094;114;2026-01-05 18:00:00;642.8600;1589.7900;1411.2400;553.5200;2388.1500;9052.2900;47.7200;521.3700;2388.1300;8135.3400;8.4524;393.0000;-0.000344;0.304463;0.002401;Healthy;WO447895;59.84
03-Jul-2026;ENG-021;130;2026-01-06 10:00:00;642.1400;1585.1900;1403.3200;553.6100;2387.9800;9072.3900;47.3800;522.2900;2388.0100;8149.3900;8.3980;392.0000;0.059317;-0.972619;0.001907;Healthy;WO124389;1,840.43
03-Jul-2026;eng-028;129;2026-01-06 09:00:00;642.6100;1587.7300;1403.9600;553.0600;2388.0500;9050.8400;47.7200;521.7000;2388.1000;8137.4100;8.4614;393.0000;0.065095;0.049682;0.003439;Healthy;WO537481;1,991.98
03-Jul-2026;ENG-034;159;2026-01-07 15:00:00;642.6000;1591.8500;1415.1700;552.9800;2388.0800;9059.4500;47.4600;521.4800;2388.0900;8140.0100;8.4497;394.0000;0.055898;0.133031;0.002667;Healthy;WO264044;2,660.02
2026-07-03;ENG-054;121;2026-01-06 01:00:00;642.4300;1580.8900;1399.8400;555.0700;2388.0500;9064.4300;47.3400;522.2800;2387.9700;8143.6400;8.3926;392.0000;0.039728;-1.078370;;Healthy;WO147285;1024.50
2026-07-03;  ENG-028 ;140;2026-01-06 20:00:00;642.5800;1587.6700;1413.7400;553.6800;2388.1000;9051.9100;47.5800;521.3500;2388.0800;8131.2600;8.4231;394.0000;0.019777;0.017803;0.001862;Healthy;WO222375;2,620.62
03-Jul-2026;ENG-023;119;2026-01-05 23:00:00;642.5900;1581.7300;1395.8000;553.9800;2388.0400;9046.5300;47.1900;522.0000;2388.0500;8128.9500;8.4147;391.0000;0.003448;-0.832417;0.003040;Healthy;WO366502;135.88
2026/07/03;ENG-082;119;2026-01-05 23:00:00;642.8500;1591.2200;1412.5900;553.5100;2388.0600;9060.0200;47.4700;521.1700;2388.0700;8137.0500;8.4341;394.0000;0.046979;0.135158;0.002617;Healthy;WO130280;85.90
2026/07/03;ENG-043;165;2026-01-07 21:00:00;642.5200;1591.4400;1414.6200;553.1900;2388.1500;9052.1800;47.6200;521.2600;2388.0800;8139.3400;8.4471;394.0000;0.011872;0.247070;;Warning;WO164930;3,518.60
2026-07-03;ENG-100;188;2026-01-08 20:00:00;643.3500;1589.8800;1409.8800;552.9600;2388.0300;9130.8500;47.5200;521.7600;2388.0600;8206.2500;8.4457;394.0000;0.719795;0.435459;0.029274;Warning;WO750643;8,435.97
2026/07/03;ENG-061;156;2026-01-07 12:00:00;642.5400;1597.2700;1424.3000;552.4200;2388.0900;9068.5400;47.7000;519.9300;2388.2100;8145.4800;8.4824;394.0000;0.007913;0.909080;0.015966;Warning;WO722497;12001.39
2026/07/03;ENG-079;93;2026-01-04 21:00:00;642.6700;1592.2400;1406.7200;554.2700;2388.0900;9041.8000;47.5300;521.5700;2388.1400;8124.2600;8.4132;392.0000;0.010182;-0.313071;;healthy;WO724061;
03-Jul-2026;ENG-053;133;2026-01-06 13:00:00;642.7800;1591.6000;1406.4300;553.5400;2388.1200;9081.6600;47.3300;521.5800;2388.0900;8152.1500;8.4366;393.0000;0.086066;-0.103509;0.001387;Healthy;WO407573;1,641.41
2026-07-03;eng-080;91;2026-01-04 19:00:00;642.2500;1590.2400;1405.4900;553.0000;2388.0800;9068.1800;47.3200;522.0200;2388.0900;8144.8700;8.3999;392.0000;0.049195;-0.537572;0.000546;Healthy;WO209226;2,590.53
2026/07/03;ENG-018;91;2026-01-04 19:00:00;643.0700;1580.0900;1404.9300;553.2800;2388.0900;9057.4900;47.4600;521.7600;2388.1100;8145.0300;8.4387;393.0000;0.060231;-0.252367;0.000585;healthy;WO977494;1,583.38
03-Jul-2026;ENG-068;143;2026-01-06 23:00:00;642.9900;1590.0300;1413.5100;553.1800;2388.1100;9069.6400;47.4900;521.2400;2388.1400;8140.9700;8.4425;395.0000;0.054260;0.194690;0.001712;Warning;WO858066;2305.72
2026/07/03;eng-020;133;2026-01-06 13:00:00;642.3500;1591.5800;1413.8300;553.3200;2388.0900;9063.4000;47.3900;520.9200;2388.1200;8139.7400;8.4344;393.0000;0.047779;0.096288;0.001941;Healthy;WO321512;2,388.28
2026-07-03;ENG-088;56;2026-01-03 08:00:00;642.7300;1594.5400;1405.1900;554.2400;2388.1200;9044.1800;47.6700;520.9700;2388.1400;8122.5600;8.4294;394.0000;-0.025591;0.129913;0.003687;Healthy;WO289642;1221.94
2026/07/03;ENG-032;100;2026-01-05 04:00:00;642.3000;1592.4200;1391.8400;554.5200;2388.0100;9079.3700;47.3300;522.5100;2388.0200;8158.9000;8.4016;392.0000;0.071229;-1.108491;0.001092;Healthy;WO907812;2,813.04
2026-07-03;eng-031;166;2026-01-07 22:00:00;642.6700;1583.4500;1420.2800;552.7200;2388.1700;9073.0400;47.6200;521.0100;2388.0600;8150.0500;8.4764;395.0000;0.028196;0.452249;0.001678;Healthy;WO184817;2909.63
03-Jul-2026;ENG-053;133;2026-01-06 13:00:00;642.7800;1591.6000;1406.4300;553.5400;2388.1200;9081.6600;47.3300;521.5800;2388.0900;8152.1500;8.4366;393.0000;0.086066;-0.103509;0.001387;Healthy;WO407573;1,641.41
03-Jul-2026;ENG-050;66;2026-01-03 18:00:00;642.7400;1590.8700;1402.8100;554.0500;2388.0600;9063.8100;47.4800;521.7500;2388.0700;8137.6400;8.4402;392.0000;0.055209;-0.374624;0.001057;Healthy;WO815698;2259.16
03-Jul-2026;ENG-019;127;2026-01-06 07:00:00;642.3400;1587.4800;1399.3100;553.9100;2388.0400;9058.1600;47.3900;522.0200;2388.0400;8141.7000;8.4548;392.0000;0.050835;-0.494992;0.003546;Healthy;WO824470;2924.89
03-Jul-2026;ENG-082;147;2026-01-07 03:00:00;642.8200;1593.9100;1410.5700;553.2500;2388.1400;9054.4100;47.8300;520.5100;2388.1700;8130.5200;8.4629;395.0000;-0.059850;0.704080;0.005199;Healthy;WO139596;1,972.84
03-Jul-2026;ENG-092;121;2026-01-06 01:00:00;643.7200;1588.3400;1416.3600;553.2500;2388.2000;9042.0600;47.9400;520.5400;2388.1600;8116.8100;8.4827;395.0000;-0.225151;0.876222;0.004600;Warning;WO861718;23496.53
2026-07-03;ENG-018;93;2026-01-04 21:00:00;642.5100;1576.8700;1407.8300;554.3800;2388.0400;9062.4600;47.4700;521.3500;2388.1400;8136.8300;8.4330;392.0000;0.029228;-0.401335;0.001164;Healthy;WO857282;2,481.23
03-Jul-2026;ENG-061;141;2026-01-06 21:00:00;642.8700;1590.9900;1411.3000;553.1500;2388.1400;9066.4400;47.7200;521.5000;2388.1100;8145.3200;8.4513;396.0000;0.032560;0.377082;0.003466;Healthy;WO909189;2584.03
03-Jul-2026;eng-087;39;2026-01-02 15:00:00;641.9700;1583.3700;1394.2100;554.3400;2388.0400;9068.2200;47.1500;521.8500;2388.0200;8144.2400;8.4034;392.0000;0.032786;-1.115890;0.001619;Healthy;WO993056;2685.43
2026-07-03;ENG-049;203;2026-01-09 11:00:00;642.3300;1589.6400;1405.0100;553.8100;2388.0700;9058.9000;47.4800;521.6700;2388.1000;8139.8800;8.4273;393.0000;0.045789;-0.378888;0.000610;Healthy;WO887362;2117.95
03-Jul-2026;ENG-099;88;2026-01-04 16:00:00;641.8300;1588.5900;1400.4800;554.3000;2387.9800;9067.6400;47.0500;522.5400;2388.0600;8152.1600;8.3886;392.0000;0.035674;-1.206062;0.003621;Healthy;WO145734;1417.58
2026-07-03;ENG-084;160;2026-01-07 16:00:00;642.8800;1594.3000;1412.9300;552.8200;2388.0800;9054.0700;47.7000;520.6300;2388.0700;8133.0500;8.4558;392.0000;0.007840;0.378852;0.002244;healthy;WO985685;82.38
2026-07-03;ENG-081;209;2026-01-09 17:00:00;643.6900;1597.5000;1423.6400;551.2600;2388.2000;9078.9800;48.0400;519.7200;2388.1600;8151.1800;8.4993;396.0000;-0.352346;1.559902;0.012695;warning;WO337472;13,167.87
03-Jul-2026;eng-004;96;2026-01-05 00:00:00;642.6700;1594.3800;1412.0500;552.6500;2388.1000;9051.6500;47.6400;521.6700;2388.1400;8133.6100;8.4464;392.0000;0.048328;0.150955;0.000875;Healthy;WO478830;1356.33
03-Jul-2026;  ENG-021 ;103;2026-01-05 07:00:00;642.4400;1581.2000;1396.0600;554.6400;2388.0500;9061.9800;47.0800;522.0800;2388.0200;8141.1100;8.4359;391.0000;0.034096;-1.089931;0.000691;HEALTHY;WO819313;1,448.74
2026/07/03;eng-088;58;2026-01-03 10:00:00;643.1000;1597.4200;1420.6800;553.6200;2388.1300;9047.6800;47.7200;521.2300;2388.1300;8128.4400;8.4471;393.0000;-0.031508;0.437553;;Warning;WO292963;17363.57
2026/07/03;eng-027;120;2026-01-06 00:00:00;642.4600;1584.8600;1406.6000;554.5200;2388.1600;9049.2000;47.3600;521.7200;2388.0500;8132.3500;8.4370;394.0000;0.023507;-0.358040;0.003627;Healthy;WO185161;1221.44
2026/07/03;ENG-081;162;2026-01-07 18:00:00;642.6400;1595.5400;1410.5300;552.7700;2388.0500;9069.9700;47.5300;521.4600;2388.1300;8143.9000;8.4432;394.0000;0.086574;0.221373;0.004645;Warning;WO953815;7991.78
2026-07-03;ENG-040;120;2026-01-06 00:00:00;642.9800;1600.3000;1422.0700;552.7300;2388.1900;9062.5300;47.9000;520.8700;2388.1200;8139.3500;8.5032;394.0000;-0.042984;0.933100;0.008261;Warning;WO445668;20296.79
03-Jul-2026;ENG-094;109;2026-01-05 13:00:00;643.2400;1591.0900;1409.2200;552.8000;2388.1400;9056.3700;47.6500;521.2900;2388.1100;8136.5500;8.4701;394.0000;0.014749;0.378467;0.001823;Healthy;WO854534;1,728.35
2026/07/03;eng-047;60;2026-01-03 12:00:00;642.9700;1588.9500;1414.3200;553.1900;2388.1000;9035.0800;47.4900;521.1200;2388.1800;8122.7900;8.4229;393.0000;-0.038511;0.190250;0.008168;Healthy;WO502196;1311.47
2026/07/03;ENG-032;144;2026-01-07 00:00:00;642.2800;1597.8500;1410.4700;553.5400;2388.0100;9097.3800;47.4300;521.5000;2388.0300;8177.2800;8.4323;393.0000;0.152115;-0.229272;0.014438;Healthy;WO912354;2,967.59
2026/07/03;  ENG-100 ;167;2026-01-07 23:00:00;642.6600;1590.7900;1412.6900;553.5700;2388.0400;9108.2800;47.5900;521.5200;2388.0500;8172.7000;8.4855;395.0000;0.267405;0.113348;0.050652;Warning;WO671409;12921.20
2026/07/03;eng-004;80;2026-01-04 08:00:00;642.5600;1594.9200;1408.4900;553.0200;2388.1400;9050.1300;47.5600;521.3500;2388.1100;8136.5100;8.4258;393.0000;0.027396;0.145437;0.000311;healthy;WO439671;1,522.06
2026-07-03;ENG-012;186;2026-01-08 18:00:00;642.7600;1581.3200;1404.8300;553.8600;2388.0500;9064.8800;47.5200;521.7700;2388.0300;8140.0900;8.4317;392.0000;0.058234;-0.501399;0.000992;Healthy;WO101886;1492.68
03-Jul-2026;ENG-031;185;2026-01-08 17:00:00;643.4700;1599.7600;1424.5200;551.7000;2388.1300;9075.8800;48.0000;520.6300;2388.1600;8155.9200;8.4953;394.0000;-0.067986;1.266209;0.019430;WARNING;WO523081;906.46
2026/07/03;ENG-068;151;2026-01-07 07:00:00;642.8800;1587.6500;1410.4900;553.2400;2388.0700;9063.0400;47.7200;521.1700;2388.1500;8141.8100;8.4592;394.0000;0.040064;0.291524;0.002090;Healthy;WO969819;500.83
2026/07/03;ENG-043;144;2026-01-07 00:00:00;642.8700;1593.6800;1404.0200;553.2900;2388.0900;9050.7200;47.7100;521.2800;2388.1000;8135.3800;8.4290;394.0000;0.047086;0.038111;0.001225;Healthy;WO222706;1447.96
03-Jul-2026;ENG-072;115;2026-01-05 19:00:00;642.6200;1590.4300;1409.5100;554.5100;2388.0400;9066.3500;47.5200;521.5900;2388.1400;8145.6500;8.4321;394.0000;0.065454;-0.216127;0.001295;Healthy;WO758342;597.81
2026-07-03;ENG-042;112;2026-01-05 16:00:00;642.8200;1587.1000;1409.8500;553.3000;2388.1000;9050.8400;47.3900;521.2500;2388.0800;8120.8100;8.4085;391.0000;0.025129;-0.263440;0.001298;Healthy;WO881716;276.44
2026/07/03;ENG-043;159;2026-01-07 15:00:00;643.0300;1588.7500;1412.9700;552.7800;2388.1600;9055.6200;47.5100;521.3100;2388.1000;8135.4200;8.4238;394.0000;0.010708;0.285990;0.002267;Healthy;WO850702;859.76
2026-07-03;ENG-092;137;2026-01-06 17:00:00;643.5800;1595.5800;1417.5300;552.4100;2388.1800;9037.1000;48.0100;520.3000;2388.2700;8116.5400;8.4815;393.0000;-0.438583;1.116945;0.003127;Warning;WO441407;
2026/07/03;ENG-009;47;2026-01-02 23:00:00;642.8600;1596.0400;1407.5000;552.7900;2388.1200;9053.3300;47.3500;521.1900;2388.0900;8127.8600;8.4025;393.0000;0.037834;0.043158;0.002237;Healthy;WO486886;2,212.22
2026-07-03;ENG-034;141;2026-01-06 21:00:00;642.5800;1591.1000;1410.4400;553.5500;2388.0100;9065.1300;47.4600;521.4900;2388.0900;8141.1000;8.4860;394.0000;0.088009;-0.024173;0.003156;Healthy;WO759706;2474.71
03-Jul-2026;  ENG-023 ;97;2026-01-05 01:00:00;641.8700;1587.6800;1400.8400;554.7000;2388.0200;9051.6100;47.2900;522.6300;2388.0500;8137.4100;8.3898;391.0000;0.017308;-1.040501;0.000913;Healthy;WO802314;2,841.23
03-Jul-2026;  ENG-018 ;99;2026-01-05 03:00:00;643.0100;1591.9000;1401.4700;553.9000;2388.0800;9068.2200;47.3200;522.1800;2388.0400;8141.8400;8.4517;392.0000;0.073500;-0.333815;0.000386;Warning;WO139636;20969.82
03-Jul-2026;ENG-082;147;2026-01-07 03:00:00;642.8200;1593.9100;1410.5700;553.2500;2388.1400;9054.4100;47.8300;520.5100;2388.1700;8130.5200;8.4629;395.0000;-0.059850;0.704080;0.005199;Healthy;WO139596;1,972.84
2026-07-03;ENG-099;81;2026-01-04 09:00:00;642.0700;1588.7100;1401.8900;554.5200;2388.0400;9063.7500;47.2300;521.9300;2388.0300;8147.9000;8.3623;391.0000;0.034199;-0.982795;0.002277;Healthy;WO320104;625.38
2026-07-03;ENG-059;90;2026-01-04 18:00:00;641.8500;1582.8000;1395.4300;554.5900;2388.0600;9056.9900;47.2300;522.0800;2388.0600;8142.3600;8.4392;392.0000;0.019605;-1.036303;0.001092;Healthy;WO761821;
03-Jul-2026;ENG-024;173;2026-01-08 05:00:00;642.7800;1592.4100;1417.4800;553.2600;2388.0900;9126.7700;47.6800;521.5400;2388.0900;8200.3500;8.4667;393.0000;0.594593;0.483010;0.031861;Warning;WO638784;22,731.37
2026-07-03;  ENG-062 ;186;2026-01-08 18:00:00;642.0900;1590.2800;1399.4800;553.2900;2388.0000;9062.7700;47.5300;522.0000;2388.0500;8149.0600;8.4291;393.0000;0.072943;-0.546326;;Healthy;WO884210;1,021.54
2026/07/03;ENG-051;98;2026-01-05 02:00:00;642.6100;1585.5100;1403.0800;553.8300;2388.1300;9047.6700;47.3700;521.5900;2388.1400;8130.8400;8.4296;392.0000;0.010880;-0.402801;0.006777;HEALTHY;WO933658;2157.16
2026-07-03;ENG-056;111;2026-01-05 15:00:00;642.6000;1593.8900;1416.8400;552.2600;2388.2100;9042.2200;47.7800;520.3700;2388.2300;8125.4300;8.4878;396.0000;-0.318045;0.962604;0.012386;Warning;WO977485;11,010.41
2026/07/03;eng-032;122;2026-01-06 02:00:00;642.6200;1586.5900;1407.9000;553.5600;2388.0200;9077.7500;47.2600;521.8200;2387.9700;8163.4100;8.4198;394.0000;0.077523;-0.615185;0.004060;Healthy;WO677319;1,945.88
2026-07-03;ENG-030;131;2026-01-06 11:00:00;642.7000;1591.7700;1414.5100;553.2500;2388.1500;9044.8500;47.6800;521.0400;2388.1300;8128.2700;8.4820;395.0000;-0.058088;0.547013;0.002646;Warning;WO458142;23124.96
2026/07/03;ENG-045;152;2026-01-07 08:00:00;642.7500;1598.5900;1410.3300;553.2000;2388.1500;9067.3100;47.5700;520.7600;2388.1500;8140.5600;8.4695;394.0000;0.002942;0.523684;0.003257;Healthy;WO574116;1,613.84
03-Jul-2026;  ENG-072 ;96;2026-01-05 00:00:00;642.5400;1588.9200;1404.9300;554.3100;2388.0400;9061.2700;47.4200;521.8000;2388.0400;8144.5600;8.4040;392.0000;0.042817;-0.614048;0.001619;Healthy;WO762342;
2026/07/03;ENG-049;223;2026-01-10 07:00:00;642.9100;1589.1100;1408.5500;554.0200;2388.0900;9060.3000;47.4700;522.1100;2388.1100;8140.3700;8.3998;393.0000;0.056461;-0.130215;0.003260;warning;WO748524;6,207.46
2026-07-03;ENG-024;125;2026-01-06 05:00:00;641.9800;1585.7400;1402.9200;554.5000;2388.0000;9075.4000;47.2800;522.5000;2388.0100;8156.2100;8.4395;394.0000;0.052995;-0.865896;0.001007;healthy;WO226739;1,285.69
03-Jul-2026;ENG-052;163;2026-01-07 19:00:00;642.2200;1590.2900;1405.5900;553.8600;2388.0100;9083.5000;47.2200;521.7300;2388.0500;8166.1400;8.4105;393.0000;0.075234;-0.632262;0.005644;WARNING;WO471462;7,575.09
03-Jul-2026;ENG-076;157;2026-01-07 13:00:00;642.1500;1589.9300;1407.3800;552.8800;2388.0400;9076.7100;47.4900;521.2000;2388.0700;8154.9300;8.4569;393.0000;0.109299;0.021695;0.003112;Healthy;WO583470;1764.06
03-Jul-2026;ENG-077;155;2026-01-07 11:00:00;643.1500;1590.6200;1416.8900;552.8800;2388.2000;9053.1600;47.6800;520.5500;2388.2400;8130.5100;8.4561;393.0000;-0.079684;0.692976;0.008346;Warning;WO300003;1996.50
03-Jul-2026;ENG-030;135;2026-01-06 15:00:00;642.4900;1588.2900;1414.7700;552.6600;2388.0700;9052.8300;47.6600;521.3700;2388.1200;8124.2200;8.4084;393.0000;0.012502;0.195748;0.000691;Healthy;WO150113;2,086.68
2026-07-03;ENG-045;103;2026-01-05 07:00:00;642.7600;1588.1500;1413.0200;553.5900;2388.0800;9057.0100;47.6800;521.0000;2388.1200;8143.7100;8.4904;392.0000;0.037969;0.198613;0.001676;Healthy;WO794148;2,258.98
2026-07-03;  ENG-004 ;73;2026-01-04 01:00:00;642.5500;1593.5800;1408.4900;552.8200;2388.1700;9055.6400;47.5700;521.3300;2388.0800;8132.9900;8.4569;393.0000;0.023407;0.196473;0.001515;Healthy;WO523128;2571.65
03-Jul-2026;ENG-020;163;2026-01-07 19:00:00;643.5800;1595.9400;1414.6100;552.6700;2388.0700;9069.2500;47.5600;520.9100;2388.1500;8145.3200;8.4519;394.0000;0.039267;0.694482;0.007588;Warning;WO458669;6,509.51
2026-07-03;ENG-084;166;2026-01-07 22:00:00;642.9700;1586.7200;1412.0900;552.7900;2388.1700;9050.7500;47.6300;521.0300;2388.1800;8129.8600;8.4982;393.0000;-0.045765;0.547282;0.003453;Healthy;WO734818;2956.10
2026/07/03;ENG-029;122;2026-01-06 02:00:00;642.5900;1584.5100;1404.3900;554.7200;2388.0400;9061.0100;47.3100;521.3700;2388.0500;8148.3900;8.4150;392.0000;0.029822;-0.663633;0.001629;Healthy;WO871209;2,229.85
2026-07-03;ENG-064;151;2026-01-07 07:00:00;642.7800;1595.7900;1411.8400;553.3200;2388.1900;9055.7200;47.6500;521.0600;2388.1400;8139.3900;8.4381;393.0000;0.002976;0.332145;0.000926;Warning;WO921682;4556.68
2026-07-03;eng-087;44;2026-01-02 20:00:00;642.6200;1584.4400;1396.1300;554.6000;2388.0400;9061.8200;47.2500;521.7000;2388.0600;8140.5200;8.4215;394.0000;0.018500;-0.864376;;Healthy;WO799080;
03-Jul-2026;ENG-061;147;2026-01-07 03:00:00;642.4000;1587.9500;1414.2500;552.9200;2388.2100;9069.2800;47.8100;521.3500;2388.1300;8145.7900;8.4642;393.0000;0.007484;0.536504;0.005864;Healthy;WO128699;2242.10
2026-07-03;ENG-080;102;2026-01-05 06:00:00;642.6000;1589.2200;1406.7000;553.5300;2388.0800;9064.7100;47.4100;521.7700;2388.0200;8140.1800;8.4049;393.0000;0.068352;-0.322084;0.000376;Healthy;WO689275;2,399.64
03-Jul-2026;ENG-073;107;2026-01-05 11:00:00;642.3100;1579.5200;1406.0800;554.3200;2388.0700;9053.2400;47.3200;521.6900;2388.0400;8134.7200;8.3734;391.0000;0.001428;-0.751765;0.001674;Healthy;WO178938;2179.52
2026-07-03;ENG-009;51;2026-01-03 03:00:00;642.7800;1590.0500;1404.8400;552.8300;2388.1300;9048.3700;47.6000;521.4500;2388.1100;8138.8500;8.4401;393.0000;0.040911;0.068021;0.001216;Healthy;WO616882;1,848.90
03-Jul-2026;ENG-016;112;2026-01-05 16:00:00;642.4700;1592.9800;1402.7100;554.1900;2388.0300;9062.9800;47.3000;521.9000;2388.0600;8136.9900;8.4159;393.0000;0.038954;-0.618745;0.001647;Healthy;WO997693;2,763.06
03-Jul-2026;ENG-010;154;2026-01-07 10:00:00;642.4800;1584.5200;1405.3100;553.5400;2388.1100;9065.4700;47.1700;522.2100;2388.0100;8142.6000;8.4569;392.0000;0.047729;-0.553322;0.001434;Healthy;WO841913;1067.33
2026-07-03;ENG-049;228;2026-01-10 12:00:00;642.5900;1599.3700;1405.2300;553.5500;2388.0800;9062.1400;47.5100;521.3500;2388.0900;8140.9000;8.4295;393.0000;0.080766;-0.007180;0.001637;Warning;WO563501;4879.60
2026-07-03;  ENG-070 ;142;2026-01-06 22:00:00;642.9900;1595.0800;1409.6400;552.8900;2388.1200;9057.2400;47.6700;521.4300;2388.1200;8137.0600;8.4760;393.0000;0.037248;0.273126;0.002921;Healthy;WO833943;914.76
2026/07/03;ENG-029;160;2026-01-07 16:00:00;642.5100;1591.8100;1403.1200;553.4000;2388.0600;9066.8300;47.4500;521.8200;2388.0400;8151.9600;8.4268;393.0000;0.082401;-0.312410;0.001633;Healthy;WO622157;292.07
2026/07/03;ENG-098;93;2026-01-04 21:00:00;642.4600;1588.6200;1408.6100;553.1500;2388.1400;9065.4700;47.4000;522.1800;2388.0700;8138.5800;8.4406;393.0000;0.069620;-0.208211;0.001560;Healthy;WO816609;1093.72
2026-07-03;ENG-030;132;2026-01-06 12:00:00;642.6400;1585.5500;1409.4600;553.4200;2388.1100;9048.7900;47.6500;521.5400;2388.1300;8133.6700;8.4674;394.0000;0.009364;0.162983;0.002650;Healthy;WO911040;
2026-07-03;ENG-007;143;2026-01-06 23:00:00;642.4100;1587.1600;1399.5500;554.0600;2388.0300;9064.3800;47.3400;521.9100;2388.0300;8143.0100;8.4137;394.0000;0.043566;-0.586318;0.000488;Healthy;WO523287;451.10
03-Jul-2026;  ENG-071 ;65;2026-01-03 17:00:00;642.4900;1579.8900;1403.8200;554.8500;2388.0800;9063.0200;47.3600;522.2100;2388.0200;8144.2600;8.4061;391.0000;0.018889;-0.945607;0.002197;Healthy;WO423289;
2026-07-03;ENG-085;32;2026-01-02 08:00:00;642.9900;1597.0900;1401.7600;552.8900;2388.0900;9051.3000;47.4600;521.1000;2388.0900;8130.7300;8.4172;391.0000;0.057320;0.018925;0.003202;Healthy;WO756405;803.71
2026-07-03;ENG-082;121;2026-01-06 01:00:00;643.3300;1584.1700;1409.3900;553.3200;2388.1400;9069.3600;47.5100;521.7500;2388.0800;8138.5600;8.4482;393.0000;0.074268;-0.085422;0.001581;healthy;WO116575;2,215.22
2026/07/03;  ENG-019 ;126;2026-01-06 06:00:00;642.1100;1587.3000;1399.4800;554.1300;2388.0700;9064.0100;47.3300;521.7400;2388.0500;8141.3300;8.4007;392.0000;0.019807;-0.799438;0.001315;Healthy;WO972945;729.64
03-Jul-2026;ENG-053;136;2026-01-06 16:00:00;642.4700;1586.6800;1408.9000;553.2800;2388.1400;9076.2800;47.6500;521.7000;2388.0400;8158.8200;8.4032;391.0000;0.100970;-0.195484;0.002789;Healthy;WO821847;759.85
2026/07/03;ENG-011;79;2026-01-04 07:00:00;642.7400;1589.1600;1416.2400;553.2300;2388.1500;9041.1500;47.7000;520.7500;2388.1000;8116.5700;8.4350;392.0000;-0.065036;0.316274;0.007116;healthy;WO241680;1,736.52
03-Jul-2026;ENG-057;127;2026-01-06 07:00:00;642.7100;1584.9000;1411.7700;553.5900;2388.0900;9045.7900;47.6100;521.7500;2388.1100;8126.0400;8.4554;393.0000;0.013026;0.034248;0.003649;Healthy;WO771578;2,425.53
2026/07/03;  ENG-062 ;189;2026-01-08 21:00:00;642.2900;1592.3400;1402.5000;554.4600;2388.0200;9078.5100;47.5300;521.6600;2388.0700;8153.7900;8.4187;392.0000;0.067410;-0.640439;0.005118;Healthy;WO572349;606.07
2026/07/03;ENG-048;74;2026-01-04 02:00:00;642.6800;1591.8500;1407.5800;553.3900;2388.0700;9063.2300;47.4300;521.3600;2388.1100;8137.4100;8.4324;393.0000;0.058327;-0.193152;0.002069;Healthy;WO853688;920.04
2026/07/03;ENG-049;271;2026-01-12 07:00:00;643.0300;1593.3400;1422.0500;553.4200;2388.1400;9052.1400;47.8100;521.2000;2388.1700;8136.0600;8.4831;393.0000;-0.029740;0.548557;0.002960;Warning;WO451725;24,335.04
2026/07/03;ENG-090;134;2026-01-06 14:00:00;643.1400;1590.8700;1417.4200;552.5500;2388.1700;9079.0200;47.5700;521.1600;2388.1300;8145.6400;8.4984;395.0000;0.054984;0.720018;0.009562;Warning;WO615983;7,503.35
03-Jul-2026;ENG-099;87;2026-01-04 15:00:00;642.2000;1582.7100;1400.1400;554.8600;2388.0100;9068.1100;47.3800;522.3800;2388.0100;8150.2700;8.3994;391.0000;0.049301;-1.092969;0.001196;Healthy;WO685986;1,998.18
2026/07/03;eng-066;129;2026-01-06 09:00:00;642.8000;1604.7000;1425.2800;552.7800;2388.1300;9102.7200;47.7500;520.6600;2388.1500;8170.4600;8.4807;393.0000;0.348540;0.987805;0.007051;Warning;WO955874;22449.60
2026/07/03;ENG-091;172;2026-01-08 04:00:00;642.8400;1591.7200;1416.3100;552.8200;2388.1500;9052.9900;47.5800;520.3700;2388.1700;8126.2200;8.4837;395.0000;-0.073044;0.691769;0.009587;Healthy;WO241377;1877.71
2026-07-03;ENG-020;182;2026-01-08 14:00:00;643.5400;1589.9300;1421.0900;551.2300;2388.2300;9064.5500;48.0200;520.3400;2388.2200;8139.4100;8.4677;396.0000;-0.456626;1.376004;0.011336;Warning;WO705650;11512.48
2026/07/03;ENG-030;121;2026-01-06 01:00:00;643.0600;1586.1500;1411.8700;552.7100;2388.1900;9050.1800;47.6000;521.2400;2388.1700;8131.5400;8.4445;395.0000;-0.028783;0.391528;0.002543;Healthy;WO309011;1,832.37
2026-07-03;eng-035;187;2026-01-08 19:00:00;643.2500;1595.0900;1421.2000;552.6200;2388.1900;9075.8000;48.1200;520.0500;2388.2200;8153.0200;8.5275;395.0000;-0.261630;1.490530;0.011575;Warning;WO533454;16,733.48
2026/07/03;ENG-064;133;2026-01-06 13:00:00;642.4400;1594.4100;1412.6500;553.3800;2388.1100;9057.3800;47.6400;521.2700;2388.1400;8131.4000;8.4588;393.0000;0.027545;0.144261;0.000876;Healthy;WO560653;2585.47
03-Jul-2026;  ENG-012 ;205;2026-01-09 13:00:00;642.3500;1590.2300;1403.0900;554.1500;2388.0500;9069.3300;47.5300;521.5600;2388.0200;8150.3100;8.4366;394.0000;0.076641;-0.368907;0.001050;Warning;WO416871;3206.89
2026-07-03;ENG-071;50;2026-01-03 02:00:00;642.9000;1586.3500;1401.9400;554.1500;2388.0500;9067.7600;47.3800;522.1000;2388.0200;8147.8200;8.4334;392.0000;0.059108;-0.561429;0.001359;healthy;WO311137;2,845.09
2026/07/03;  ENG-091 ;165;2026-01-07 21:00:00;643.2800;1592.6600;1416.6600;552.4400;2388.0900;9048.7900;47.6800;521.0500;2388.1600;8125.5000;8.4893;394.0000;-0.046221;0.683700;0.000846;healthy;WO656228;1414.08
2026-07-03;ENG-075;87;2026-01-04 15:00:00;641.7500;1585.7900;1396.1800;552.9800;2388.0500;9058.4400;47.4900;522.2300;2388.0600;8136.1800;8.4023;393.0000;0.034273;-0.769658;0.002858;Healthy;WO412061;542.80
2026-07-03;ENG-097;134;2026-01-06 14:00:00;642.5900;1582.9600;1410.9200;554.0500;2388.0600;9076.3600;47.3800;521.5800;2388.0600;8155.4800;8.4500;395.0000;0.085234;-0.050769;0.002906;Healthy;WO262333;2,955.34
03-Jul-2026;ENG-052;184;2026-01-08 16:00:00;642.9100;1582.5600;1408.3700;553.4200;2388.1100;9106.0500;47.6200;521.1400;2388.0800;8175.0700;8.4718;395.0000;0.333703;0.359996;0.038391;Warning;WO443265;24,198.57
2026-07-03;ENG-051;97;2026-01-05 01:00:00;642.3800;1588.6800;1403.7000;554.9100;2388.0900;9045.8700;47.6300;521.4300;2388.1000;8131.3500;8.4158;392.0000;0.020818;-0.357454;0.003049;Healthy;WO114999;1,309.44
03-Jul-2026;ENG-098;84;2026-01-04 12:00:00;642.9400;1590.4400;1406.3300;553.6700;2388.1000;9062.8600;47.5000;521.6800;2388.0400;8141.5200;8.4055;392.0000;0.064140;-0.274263;0.001859;Healthy;WO157386;306.00
2026/07/03;ENG-020;146;2026-01-07 02:00:00;642.3700;1591.6600;1405.5300;553.4100;2388.1100;9060.4100;47.5000;521.3400;2388.1300;8144.0300;8.4258;392.0000;0.074176;-0.080243;0.001897;Healthy;WO263419;2877.02
03-Jul-2026;ENG-081;149;2026-01-07 05:00:00;642.9200;1591.3900;1411.3300;553.2200;2388.1200;9073.1200;47.5800;521.0800;2388.0900;8153.6600;8.4360;394.0000;0.084855;0.225533;0.005127;Warning;WO647014;15121.38
03-Jul-2026;ENG-051;120;2026-01-06 00:00:00;642.0300;1587.5000;1407.1800;553.0600;2388.1300;9041.9600;47.3800;521.2500;2388.1300;8130.6600;8.4107;390.0000;0.017129;-0.440174;0.002107;Warning;WO489475;24129.34
2026-07-03;ENG-059;88;2026-01-04 16:00:00;642.0000;1590.1000;1405.7400;554.0600;2388.0300;9053.5200;47.3900;522.1600;2388.0600;8135.4400;8.4154;393.0000;0.034495;-0.643839;0.001495;Healthy;WO643876;2661.85
2026/07/03;ENG-026;63;2026-01-03 15:00:00;642.6700;1592.7000;1395.5900;554.6000;2388.0700;9067.4000;47.3400;522.0000;2388.0700;8147.5400;8.3930;391.0000;0.033650;-0.854129;0.000244;HEALTHY;WO746582;2736.49
2026-07-03;ENG-096;78;2026-01-04 06:00:00;642.1700;1586.5700;1401.0400;554.0600;2388.0100;9065.7400;47.2500;522.3100;2388.0100;8148.4400;8.4158;393.0000;0.050438;-0.900024;0.001444;Healthy;WO837632;2840.04
03-Jul-2026;ENG-097;118;2026-01-05 22:00:00;642.5600;1593.4800;1398.2100;553.8200;2388.0100;9071.5800;47.3000;521.9400;2388.0000;8152.4700;8.4118;394.0000;0.068428;-0.625021;0.002899;Healthy;WO868444;1,140.11
2026-07-03;ENG-099;72;2026-01-04 00:00:00;641.8600;1582.4200;1400.2300;554.9200;2387.9800;9060.4400;47.3300;522.5100;2387.9800;8147.4100;8.3916;391.0000;0.051892;-1.164313;0.001381;Healthy;WO519561;90.39
2026/07/03;ENG-012;203;2026-01-09 11:00:00;642.3100;1585.0600;1404.5200;553.7600;2388.0700;9078.9100;47.3300;522.0900;2388.0500;8153.2900;8.4056;390.0000;0.058407;-0.711426;0.001638;Healthy;WO694699;1,746.99
2026-07-03;ENG-040;121;2026-01-06 01:00:00;643.1700;1596.5300;1419.1500;551.8000;2388.2100;9069.9800;47.9400;520.5100;2388.1900;8141.0900;8.4659;396.0000;-0.222609;1.168531;0.016315;Warning;WO144205;8338.14
2026-07-03;ENG-067;58;2026-01-03 10:00:00;642.0700;1573.4900;1408.0800;554.1700;2388.0900;9056.8500;47.4300;521.6800;2388.0500;8141.9000;8.4404;392.0000;0.019271;-0.636757;0.001021;Healthy;WO495483;1,274.45
03-Jul-2026;ENG-053;149;2026-01-07 05:00:00;641.9800;1594.3700;1412.2000;552.8400;2388.0400;9089.1500;47.7100;521.2000;2387.9800;8167.1000;8.4571;395.0000;0.226246;0.230218;0.025588;Warning;WO456153;11814.80
2026-07-03;ENG-077;156;2026-01-07 12:00:00;642.7200;1591.3000;1420.7100;553.0500;2388.2000;9041.0600;47.5900;521.0200;2388.2100;8127.3600;8.4680;395.0000;-0.090583;0.594062;0.005033;Warning;WO948846;3,260.00
03-Jul-2026;  ENG-060 ;125;2026-01-06 05:00:00;642.6000;1582.6100;1412.3900;553.0200;2388.1900;9055.3800;47.4300;521.4400;2388.1100;8131.9600;8.4330;395.0000;-0.003877;0.139263;0.002288;Healthy;WO933622;583.41
2026/07/03;  ENG-023 ;118;2026-01-05 22:00:00;642.2800;1587.9300;1397.5600;554.1000;2388.0500;9050.8300;47.2900;522.2300;2388.0500;8129.4300;8.4055;391.0000;0.011068;-0.997471;0.000423;Healthy;WO413572;1589.67
2026/07/03;ENG-075;78;2026-01-04 06:00:00;642.7300;1577.5400;1413.4400;553.5700;2388.0900;9059.2900;47.3000;521.0900;2388.0800;8142.4900;8.4540;392.0000;0.043649;-0.120882;0.001701;Warning;WO989678;1,677.45
2026-07-03;eng-094;99;2026-01-05 03:00:00;642.6300;1588.4900;1409.1700;553.2200;2388.1600;9057.5700;47.6100;521.5300;2388.1000;8135.7500;8.4504;395.0000;0.020964;0.147163;0.003307;Healthy;WO117221;2312.74
03-Jul-2026;ENG-061;111;2026-01-05 15:00:00;642.4800;1596.5200;1402.9600;553.7200;2388.0100;9070.4300;47.3100;522.3300;2388.0400;8150.3100;8.4563;394.0000;0.082377;-0.429104;0.000732;Healthy;WO941519;770.37
2026/07/03;ENG-092;133;2026-01-06 13:00:00;643.0700;1597.3200;1414.5300;552.3600;2388.1900;9043.7400;47.7400;519.9800;2388.2200;8122.1200;8.4954;395.0000;-0.524431;1.223237;0.007316;Warning;WO171805;20,721.99
2026/07/03;ENG-082;133;2026-01-06 13:00:00;643.1600;1595.2300;1413.3700;553.5900;2388.1700;9056.3100;47.6900;521.1500;2388.1200;8134.7900;8.4162;395.0000;-0.016074;0.468943;0.001665;healthy;WO651719;2391.57
03-Jul-2026;  ENG-020 ;166;2026-01-07 22:00:00;642.9900;1591.9900;1412.3800;552.9400;2388.1700;9066.0600;47.7400;520.6500;2388.1900;8142.4500;8.4764;393.0000;-0.015420;0.669976;0.005083;Healthy;WO682686;2211.78
2026-07-03;ENG-076;182;2026-01-08 14:00:00;643.6900;1593.6300;1419.3300;552.8500;2388.0800;9091.8100;47.6100;520.8600;2388.1300;8162.0700;8.4819;394.0000;0.230475;0.765497;0.005900;warning;WO149304;15317.70
03-Jul-2026;  ENG-067 ;62;2026-01-03 14:00:00;642.3400;1586.3000;1404.6100;553.7200;2388.0100;9057.0600;47.2700;521.6000;2388.0600;8139.8400;8.4142;393.0000;0.033458;-0.609994;0.002057;Healthy;WO374891;755.84
03-Jul-2026;eng-082;151;2026-01-07 07:00:00;642.8300;1590.7300;1420.5600;551.7000;2388.2000;9060.4600;47.9000;520.4600;2388.1500;8128.3900;8.4856;394.0000;-0.150617;0.859211;;Healthy;WO473719;138.45
2026-07-03;  ENG-084 ;121;2026-01-06 01:00:00;642.8500;1585.1700;1411.8700;553.0900;2388.0900;9062.4300;47.5500;521.8900;2388.0700;8130.8800;8.4339;392.0000;0.065685;-0.161297;0.000574;Healthy;WO277641;1,420.71
2026/07/03;ENG-007;127;2026-01-06 07:00:00;641.9500;1592.3000;1397.2200;553.6300;2388.0200;9066.0000;47.3300;522.4000;2388.0200;8145.9400;8.3872;392.0000;0.035709;-0.961346;0.001938;Healthy;WO574888;2133.52
2026-07-03;ENG-062;187;2026-01-08 19:00:00;641.9900;1583.4500;1407.7200;553.6700;2388.0500;9071.5100;47.3200;522.1000;2388.0000;8153.2000;8.4114;393.0000;0.045844;-0.782914;0.002826;HEALTHY;WO951741;1862.01
2026-07-03;ENG-032;119;2026-01-05 23:00:00;643.0300;1590.1500;1401.6200;554.3000;2388.0300;9084.2000;47.4000;521.7200;2387.9800;8162.2900;8.4204;392.0000;0.036070;-2.710631;0.006836;Healthy;WO383850;1,196.75
03-Jul-2026;ENG-091;231;2026-01-10 15:00:00;643.3100;1595.0700;1415.7200;551.5100;2388.2400;9049.3200;47.9300;519.9400;2388.2700;8127.3300;8.4925;394.0000;-0.720962;1.454212;0.009187;Warning;WO191954;17,608.36
2026/07/03;ENG-031;152;2026-01-07 08:00:00;642.6900;1597.9300;1414.1700;552.7300;2388.0600;9072.2300;47.5500;521.2400;2388.1500;8153.5200;8.4667;393.0000;0.075561;0.462152;0.001544;Warning;WO529321;7,981.22
03-Jul-2026;ENG-096;85;2026-01-04 13:00:00;641.7200;1583.8000;1405.4500;554.5100;2388.0300;9061.1100;47.4500;522.0200;2388.0400;8146.1300;8.4140;392.0000;0.030186;-0.971343;0.000546;Healthy;WO923371;1715.09
03-Jul-2026;ENG-081;175;2026-01-08 07:00:00;643.3900;1591.1300;1421.4100;552.7800;2388.1400;9076.6000;47.6300;521.1300;2388.1300;8150.4500;8.4936;395.0000;0.080233;0.757195;0.006200;Healthy;WO207965;1,408.00
03-Jul-2026;ENG-019;91;2026-01-04 19:00:00;642.0200;1583.8700;1400.7200;553.4000;2388.0800;9057.0800;46.9600;521.8100;2388.0800;8133.2100;8.4205;392.0000;0.009184;-0.876610;0.003571;Healthy;WO929840;1994.52
03-Jul-2026;ENG-086;75;2026-01-04 03:00:00;642.4000;1591.5900;1407.1300;553.6300;2388.0500;9058.0500;47.5700;521.6700;2388.0300;8146.5800;8.4328;393.0000;0.087276;-0.126106;0.005070;Warning;WO354695;6643.46
03-Jul-2026;ENG-078;66;2026-01-03 18:00:00;642.2500;1588.4900;1396.8400;554.4300;2387.9700;9069.9100;46.9800;522.0600;2387.9300;8147.3900;8.4066;392.0000;0.058817;-1.167191;0.001544;Healthy;WO753756;
03-Jul-2026;ENG-072;122;2026-01-06 02:00:00;642.9100;1592.8700;1400.5400;553.8900;2388.0400;9070.5600;47.3700;521.0900;2388.0400;8146.8900;8.4359;394.0000;0.080192;-0.099095;0.002474;HEALTHY;WO479190;1,514.32
03-Jul-2026;ENG-080;104;2026-01-05 08:00:00;642.2600;1581.2200;1403.8800;553.6000;2388.0400;9068.1500;47.5500;521.1900;2388.0200;8147.8500;8.4337;394.0000;0.060110;-0.358201;0.002998;Healthy;WO545538;2403.61
2026/07/03;ENG-092;143;2026-01-06 23:00:00;643.4000;1598.6500;1422.9700;552.4400;2388.2000;9049.6900;47.7800;521.1300;2388.2000;8120.7400;8.5132;394.0000;-0.398105;1.215710;0.006138;Warning;WO340421;15426.38
2026/07/03;ENG-013;175;2026-01-08 07:00:00;642.6000;1583.5600;1404.3000;553.2600;2388.0800;9066.6600;47.3100;521.8800;2388.0800;8148.9800;8.3977;393.0000;0.059318;-0.371017;0.001619;Healthy;WO990295;477.77
03-Jul-2026;ENG-044;40;2026-01-02 16:00:00;642.8600;1588.8400;1408.3600;554.4100;2388.0900;9054.9200;47.3500;521.8200;2388.0700;8131.8200;8.3806;393.0000;0.022898;-0.437476;0.001953;Healthy;WO548577;2861.82
03-Jul-2026;ENG-058;127;2026-01-06 07:00:00;642.6800;1595.2500;1406.7200;553.2300;2388.1200;9050.1600;47.4600;521.4200;2388.1000;8128.1100;8.4179;393.0000;0.047137;-0.090646;0.001705;Healthy;WO538174;436.99
2026/07/03;ENG-042;118;2026-01-05 22:00:00;642.4800;1592.2700;1406.9500;552.8300;2388.0700;9041.3300;47.3700;521.8200;2388.1000;8125.3900;8.4427;393.0000;0.040774;-0.200251;0.002454;healthy;WO372313;2597.73
2026-07-03;ENG-066;109;2026-01-05 13:00:00;642.5000;1587.3000;1403.9800;553.1000;2388.0700;9093.0800;47.6100;520.8500;2388.1100;8157.6000;8.4387;393.0000;0.124416;0.117214;0.002387;Warning;WO764236;
03-Jul-2026;ENG-066;133;2026-01-06 13:00:00;642.8800;1591.7000;1411.1200;553.0500;2388.1200;9097.7100;47.7900;521.1100;2388.0900;8181.5600;8.4561;394.0000;0.373838;0.631641;0.007612;Warning;WO180280;21,009.52
2026/07/03;ENG-100;146;2026-01-07 02:00:00;642.0500;1591.2400;1405.5700;554.5100;2387.9900;9077.6400;47.3000;522.0500;2388.0800;8158.9900;8.4173;392.0000;0.064834;-0.708562;0.004721;Healthy;WO240736;1,844.43
2026-07-03;ENG-086;85;2026-01-04 13:00:00;642.5900;1596.2400;1407.8000;553.3400;2388.0200;9057.6300;47.4600;521.4100;2388.0300;8148.5300;8.4045;394.0000;0.081656;-0.199047;0.001251;Healthy;WO144764;471.34
2026/07/03;ENG-064;166;2026-01-07 22:00:00;643.2500;1598.0600;1421.8100;552.6400;2388.2000;9050.7300;47.9100;520.6100;2388.1600;8134.6300;8.4456;394.0000;-0.142191;0.923391;0.008492;Warning;WO741041;7793.65
03-Jul-2026;ENG-089;163;2026-01-07 19:00:00;643.2900;1584.6900;1407.0500;553.9600;2388.1000;9052.7900;47.4200;520.9300;2388.1200;8127.1200;8.4110;393.0000;0.005824;0.002426;0.000988;Healthy;WO381440;1263.65
03-Jul-2026;eng-052;152;2026-01-07 08:00:00;642.6700;1591.4700;1404.5000;553.5400;2388.0200;9076.6700;47.3200;521.9000;2388.0900;8156.4200;8.4086;392.0000;-0.061911;-2.648048;0.013931;Healthy;WO904919;2429.76
2026-07-03;ENG-002;38;2026-01-02 14:00:00;642.6200;1588.4700;1401.8100;553.2900;2388.1000;9048.8900;47.5000;521.3500;2388.1200;8127.1900;8.4541;393.0000;0.033401;-0.092152;0.001198;HEALTHY;WO961790;2012.90
03-Jul-2026;ENG-043;128;2026-01-06 08:00:00;641.9300;1589.6600;1408.2100;552.8500;2388.1000;9066.4100;47.3800;521.6900;2388.0600;8132.9200;8.4398;394.0000;0.073895;-0.123320;0.000167;Healthy;WO821933;875.14
2026/07/03;ENG-082;124;2026-01-06 04:00:00;642.3200;1589.6800;1404.1500;552.8400;2388.0500;9054.5500;47.4800;521.1800;2388.0600;8136.6100;8.4407;394.0000;0.064165;-0.006501;0.002329;HEALTHY;WO331347;2368.11
2026-07-03;ENG-007;150;2026-01-07 06:00:00;642.6200;1585.5000;1401.2700;554.0700;2388.0000;9065.0100;47.4300;521.8800;2388.0100;8147.7100;8.4466;393.0000;0.058306;-0.578356;0.001544;Healthy;WO691031;2,622.33
2026-07-03;eng-089;131;2026-01-06 11:00:00;642.3600;1587.3400;1407.8400;553.4600;2388.1500;9045.6300;47.3100;521.6000;2388.0800;8131.2800;8.4244;393.0000;0.029981;-0.136391;0.002713;Healthy;WO243421;1751.13
2026-07-03;ENG-024;164;2026-01-07 20:00:00;642.0300;1588.1400;1409.4900;553.6800;2388.1000;9108.6400;47.7000;521.7800;2388.0700;8184.2600;8.4304;392.0000;0.201341;-0.150324;0.021012;Warning;WO920723;4662.91
03-Jul-2026;ENG-013;194;2026-01-09 02:00:00;642.6600;1587.9400;1410.7100;553.8100;2388.0600;9058.9500;47.4100;521.4500;2388.1300;8145.6200;8.4543;395.0000;0.065440;0.041528;0.002268;Healthy;WO700388;
2026-07-03;ENG-031;154;2026-01-07 10:00:00;642.7600;1601.6700;1419.3500;552.6400;2388.1500;9077.2800;47.7300;521.5500;2388.1100;8151.4700;8.4859;395.0000;0.071518;0.702572;0.019203;Warning;WO657637;15732.97
03-Jul-2026;eng-057;150;2026-01-07 06:00:00;642.4900;1591.6300;1408.0200;553.0100;2388.0900;9051.3100;47.5500;520.8700;2388.1300;8127.4500;8.4565;393.0000;-0.006215;0.290785;0.001580;Healthy;WO555741;1755.66
03-Jul-2026;ENG-024;168;2026-01-08 00:00:00;642.3300;1587.2200;1413.3200;553.2800;2388.0400;9111.4000;47.5400;521.6600;2388.0600;8190.2500;8.4407;393.0000;0.371706;0.077929;0.030041;Warning;WO384265;11835.23
03-Jul-2026;ENG-031;182;2026-01-08 14:00:00;643.2300;1599.8400;1419.0300;552.4200;2388.1400;9083.8600;47.9800;520.0000;2388.1600;8153.3000;8.5060;396.0000;-0.032013;1.302978;0.011678;Warning;WO801314;12,180.78
03-Jul-2026;ENG-056;96;2026-01-05 00:00:00;642.6700;1598.3600;1407.6500;552.6300;2388.2000;9046.2100;47.9600;520.9800;2388.2000;8120.9000;8.4709;393.0000;-0.069633;0.640036;0.006972;Warning;WO630227;15,051.90
03-Jul-2026;  ENG-021 ;122;2026-01-06 02:00:00;643.1900;1587.0200;1401.6500;553.6500;2388.0400;9074.4500;47.4700;521.9700;2388.0500;8151.4900;8.4137;392.0000;0.078771;-0.409271;0.001678;Warning;WO674163;18077.58
2026/07/03;ENG-093;202;2026-01-09 10:00:00;642.9200;1591.2600;1409.4000;552.6900;2388.0600;9061.3200;47.6200;521.0000;2388.1200;8146.4300;8.4703;394.0000;0.033560;0.522415;0.003083;warning;WO649753;15097.53
03-Jul-2026;ENG-042;124;2026-01-06 04:00:00;642.9000;1588.1000;1407.7400;552.4400;2388.1300;9039.0800;47.4700;521.2500;2388.1400;8122.7200;8.4044;393.0000;-0.006615;0.073051;0.005181;Healthy;WO757423;2428.51
2026/07/03;ENG-063;130;2026-01-06 10:00:00;642.5500;1588.6700;1407.9200;552.9700;2388.1100;9051.0000;47.6400;521.2600;2388.1500;8128.5700;8.4386;393.0000;0.001680;0.200105;0.003809;Healthy;WO843769;2756.98
03-Jul-2026;ENG-069;49;2026-01-03 01:00:00;642.5400;1587.3700;1407.0000;554.2300;2388.0900;9047.8500;47.2900;521.4300;2388.1400;8127.7700;8.4258;392.0000;0.003024;-0.416194;0.010386;Healthy;WO612288;2224.30
03-Jul-2026;ENG-034;157;2026-01-07 13:00:00;642.1900;1587.7400;1418.1000;553.2500;2388.0800;9056.4200;47.5100;521.2100;2388.1000;8139.5100;8.4802;394.0000;0.039180;0.062703;0.001428;HEALTHY;WO159168;359.30
03-Jul-2026;ENG-061;152;2026-01-07 08:00:00;642.9300;1598.1600;1416.4000;552.4400;2388.1500;9071.9900;47.7100;521.3800;2388.1600;8142.8100;8.4593;393.0000;0.032216;0.601301;0.001145;Healthy;WO370493;2806.58
2026/07/03;ENG-010;191;2026-01-08 23:00:00;642.5100;1588.3900;1404.4400;553.7100;2388.1100;9058.3600;47.5700;521.4800;2388.0400;8138.3600;8.4073;392.0000;0.052385;-0.297231;0.001357;Healthy;WO153704;133.13
2026/07/03;ENG-010;185;2026-01-08 17:00:00;641.7600;1593.5800;1407.2500;553.5800;2388.0600;9065.4500;47.5000;521.0800;2388.0800;8145.2900;8.4029;392.0000;0.053418;-0.389605;0.001145;Healthy;WO645798;1696.68
03-Jul-2026;eng-051;118;2026-01-05 22:00:00;642.9900;1588.8800;1402.7300;553.9800;2388.1000;9050.0400;47.4100;521.2100;2388.1000;8129.7700;8.4421;392.0000;0.036254;-0.080246;0.001533;Healthy;WO974825;283.48
2026-07-03;ENG-079;71;2026-01-03 23:00:00;642.6400;1589.3700;1404.9200;553.6000;2388.0800;9048.9200;47.2100;522.1300;2388.0600;8125.6000;8.4264;393.0000;0.020082;-0.521193;0.004422;healthy;WO947618;933.60
03-Jul-2026;ENG-089;139;2026-01-06 19:00:00;642.5700;1586.8100;1408.8100;554.3100;2388.1000;9054.4200;47.5800;521.2300;2388.1200;8137.4200;8.4025;391.0000;0.034977;-0.309683;0.002848;healthy;WO118786;2620.07
03-Jul-2026;  ENG-091 ;195;2026-01-09 03:00:00;643.0600;1588.6800;1420.3800;552.5400;2388.1300;9046.2700;47.7000;520.9000;2388.1700;8127.6200;8.4902;395.0000;-0.198748;0.862370;0.009640;Warning;WO817629;2,776.27
2026-07-03;ENG-040;92;2026-01-04 20:00:00;642.7600;1589.7000;1414.1300;553.2300;2388.1600;9062.2500;47.7900;520.6700;2388.1500;8142.3200;8.4546;394.0000;-0.015321;0.553305;0.003551;warning;WO159315;8,446.38
2026/07/03;  ENG-012 ;163;2026-01-07 19:00:00;642.3300;1581.1100;1393.4500;554.2100;2388.0000;9069.0200;47.2900;521.9200;2388.0100;8145.2500;8.4380;393.0000;0.044991;-0.971576;;Healthy;WO246407;1606.28
03-Jul-2026;ENG-058;146;2026-01-07 02:00:00;642.6400;1590.9900;1406.3400;553.3700;2388.1200;9050.9200;47.5600;520.7400;2388.1600;8130.7800;8.4372;394.0000;-0.000821;0.167340;0.002801;Healthy;WO809885;1,930.03
03-Jul-2026;ENG-035;190;2026-01-08 22:00:00;643.4500;1598.3300;1422.1400;552.8100;2388.2000;9068.2800;47.8400;520.1900;2388.2300;8154.3600;8.5294;395.0000;-0.228942;1.409949;0.008816;Warning;WO197881;24,562.67
2026/07/03;  ENG-052 ;165;2026-01-07 21:00:00;642.0300;1588.5500;1399.4300;554.0500;2388.0600;9095.4700;47.4400;521.9200;2388.0900;8163.4800;8.4340;392.0000;0.100043;-0.518599;0.013063;Healthy;WO799025;1,134.46
03-Jul-2026;  ENG-074 ;98;2026-01-05 02:00:00;642.9100;1589.5100;1406.8900;553.9900;2388.1000;9060.0600;47.5800;521.6900;2388.0500;8139.9600;8.4590;394.0000;0.060739;0.035177;0.001903;Healthy;WO849224;637.79
2026-07-03;ENG-056;101;2026-01-05 05:00:00;642.6000;1588.7600;1410.3000;552.6600;2388.1900;9050.8500;47.7300;520.9700;2388.2300;8130.3300;8.4803;394.0000;-0.076105;0.640932;0.007969;Warning;WO340073;4,391.97
03-Jul-2026;ENG-038;118;2026-01-05 22:00:00;642.9100;1585.0700;1407.8900;551.5900;2388.0800;9072.9500;47.6200;521.6200;2388.1100;8150.0700;8.4625;395.0000;0.085718;0.439016;0.011828;Warning;WO477888;19248.40
2026/07/03;eng-026;67;2026-01-03 19:00:00;642.2300;1588.7700;1396.4600;553.6300;2388.0600;9070.6100;47.3800;521.9100;2388.0100;8149.1200;8.4359;393.0000;0.060017;-0.618444;0.001976;Healthy;WO770726;843.86
2026/07/03;ENG-066;102;2026-01-05 06:00:00;642.4600;1594.3500;1405.3100;552.9000;2388.0900;9077.6900;47.6400;521.3700;2388.0600;8151.3100;8.4647;394.0000;0.101432;0.249059;0.001102;Warning;WO478372;15,907.20
03-Jul-2026;ENG-092;136;2026-01-06 16:00:00;642.9200;1595.7100;1420.8000;552.1600;2388.2700;9043.0700;47.8600;520.3300;2388.2200;8122.1000;8.5029;396.0000;-0.501988;1.203054;0.010978;Warning;WO182663;22086.60
03-Jul-2026;  ENG-057 ;136;2026-01-06 16:00:00;642.6300;1588.9800;1402.4400;552.6400;2388.0900;9054.9300;47.4600;521.5400;2388.1100;8132.7300;8.4272;393.0000;0.058790;-0.077518;0.002183;Healthy;WO899348;2336.45
2026/07/03;ENG-005;86;2026-01-04 14:00:00;642.6700;1596.1500;1405.2400;553.5300;2388.0800;9047.1700;47.6600;522.1000;2388.0900;8131.0700;8.4029;392.0000;0.060578;-0.148066;0.000830;Healthy;WO258748;94.46
2026/07/03;ENG-049;301;2026-01-13 13:00:00;643.3600;1596.5800;1427.6900;552.1400;2388.2300;9060.0900;47.8900;520.8200;2388.2200;8124.7600;8.4854;396.0000;-0.471527;1.446706;0.009043;WARNING;WO928201;16421.96
2026/07/03;ENG-091;186;2026-01-08 18:00:00;642.8800;1590.0900;1414.1600;552.8400;2388.1900;9043.7200;47.8000;520.8500;2388.1700;8126.0200;8.4665;396.0000;-0.150205;0.755970;0.003891;Warning;WO396628;19055.81
2026/07/03;ENG-006;101;2026-01-05 05:00:00;643.0100;1590.0300;1405.5300;553.3700;2388.1800;9051.1100;47.5700;521.3200;2388.1400;8134.5700;8.4427;392.0000;0.013067;0.129905;0.002436;Healthy;WO102552;587.75
2026-07-03;eng-057;114;2026-01-05 18:00:00;642.3900;1585.7400;1407.8700;552.8900;2388.1400;9048.0000;47.5700;521.4400;2388.1400;8126.9900;8.4428;394.0000;-0.009837;0.176067;0.003663;Healthy;WO355890;1,262.40
2026/07/03;ENG-052;188;2026-01-08 20:00:00;642.5800;1591.0500;1408.0600;553.6200;2388.0800;9111.8700;47.7100;521.6500;2388.0400;8187.1500;8.4412;395.0000;0.386221;0.190786;0.034917;Warning;WO986522;20032.50
2026-07-03;ENG-021;148;2026-01-07 04:00:00;642.6600;1592.3200;1403.7700;553.8600;2388.0600;9087.2500;47.4600;522.0200;2388.0700;8168.5100;8.4410;392.0000;0.094402;-0.469511;0.001402;Warning;WO183149;20778.11
2026/07/03;  ENG-080 ;111;2026-01-05 15:00:00;642.6900;1591.9000;1404.1400;554.0200;2388.1200;9063.3800;47.5300;521.3900;2388.1000;8143.8000;8.4277;392.0000;0.065968;-0.124997;0.001407;Healthy;WO550220;2,979.84
2026/07/03;ENG-042;114;2026-01-05 18:00:00;642.5800;1586.3300;1413.9300;553.3900;2388.1100;9039.6000;47.4000;520.8100;2388.1000;8126.7800;8.4655;393.0000;-0.011352;0.004872;0.004551;Healthy;WO636441;1,673.37
03-Jul-2026;ENG-062;230;2026-01-10 14:00:00;642.3800;1595.3700;1416.2100;553.7200;2388.1000;9096.7700;47.4300;521.1600;2388.0700;8164.4300;8.4476;393.0000;0.189613;0.220980;0.017440;warning;WO991052;4465.17
03-Jul-2026;ENG-036;121;2026-01-06 01:00:00;643.4900;1596.9100;1424.4300;552.5900;2388.1800;9060.4100;47.8900;520.3800;2388.1800;8140.5600;8.5030;393.0000;-0.267922;1.264437;0.011378;Warning;WO563245;14577.77
2026-07-03;ENG-077;141;2026-01-06 21:00:00;642.8900;1589.5800;1414.1600;553.3300;2388.1700;9054.1900;47.6600;521.6500;2388.1600;8132.6100;8.4276;393.0000;-0.000963;0.226150;0.002529;Healthy;WO759297;676.74
03-Jul-2026;ENG-052;186;2026-01-08 18:00:00;642.3900;1592.4600;1411.4200;553.4400;2388.1200;9107.2300;47.5700;521.7100;2388.1000;8190.3500;8.4436;394.0000;0.287162;0.111892;0.041913;Warning;WO550802;4740.44
03-Jul-2026;ENG-076;150;2026-01-07 06:00:00;643.0800;1586.6400;1411.1600;553.7100;2388.0600;9068.6300;47.4500;521.1300;2388.1000;8147.7100;8.4476;393.0000;0.073455;0.134828;0.003544;Healthy;WO398179;263.43
03-Jul-2026;ENG-021;131;2026-01-06 11:00:00;642.8200;1592.3100;1395.9800;552.9600;2388.0300;9068.2400;47.2800;521.8900;2388.0400;8151.9600;8.4373;391.0000;0.073374;-0.590704;0.001953;Healthy;WO491533;1315.38
03-Jul-2026;eng-038;88;2026-01-04 16:00:00;642.8800;1591.7300;1404.2600;552.1600;2388.1000;9058.8600;47.6800;521.2400;2388.1100;8135.2800;8.4322;394.0000;0.032980;0.324371;0.001563;Healthy;WO163315;2,095.35
03-Jul-2026;eng-054;106;2026-01-05 10:00:00;642.3500;1591.3600;1399.7500;555.1200;2388.0400;9069.3700;47.4200;522.2200;2388.0100;8152.4400;8.4170;392.0000;0.046456;-0.889150;0.002224;HEALTHY;WO984513;1570.21
2026-07-03;ENG-023;98;2026-01-05 02:00:00;642.2900;1579.9100;1395.8800;554.5100;2388.0200;9047.8700;47.3700;522.4400;2388.0100;8131.8700;8.4371;392.0000;0.037429;-1.007245;0.001827;healthy;WO425956;2455.34
03-Jul-2026;ENG-037;86;2026-01-04 14:00:00;641.8100;1595.6100;1406.9300;553.8100;2388.1100;9051.4900;47.6000;521.8200;2388.1200;8130.8800;8.4390;393.0000;0.055818;-0.229552;0.002752;healthy;WO954099;1792.65
03-Jul-2026;eng-049;278;2026-01-12 14:00:00;643.0600;1591.3900;1416.7400;552.6500;2388.1800;9046.6200;47.7100;520.8000;2388.1900;8133.1500;8.4444;393.0000;-0.051245;0.617740;0.007625;Warning;WO995328;16145.63
2026-07-03;ENG-029;167;2026-01-07 23:00:00;642.7100;1593.3100;1409.5300;553.5700;2388.0800;9065.9500;47.5300;521.7500;2388.0800;8143.8400;8.3972;393.0000;0.067751;-0.217765;0.000861;Healthy;WO989294;1001.90
2026-07-03;  ENG-050 ;73;2026-01-04 01:00:00;642.5200;1583.0500;1403.4900;554.0800;2388.0300;9067.4400;47.4800;522.3100;2388.0900;8142.8600;8.4350;393.0000;0.056089;-0.530642;0.004448;Healthy;WO126651;1802.78
2026/07/03;ENG-066;110;2026-01-05 14:00:00;642.9800;1588.1300;1419.8300;552.9800;2388.1400;9086.4300;47.5300;520.8400;2388.1200;8161.5400;8.4661;393.0000;0.094141;0.416342;0.005331;Warning;WO159648;2459.39
2026/07/03;  ENG-097 ;116;2026-01-05 20:00:00;641.5900;1581.2400;1405.6400;553.4800;2388.0100;9070.7400;47.4000;521.9400;2388.0900;8158.3000;8.3833;393.0000;0.020668;-0.889024;0.001691;Healthy;WO364586;1034.81
2026-07-03;ENG-035;166;2026-01-07 22:00:00;643.0600;1604.4800;1422.4900;552.9300;2388.1700;9071.6400;47.6800;521.0200;2388.1900;8141.7600;8.4585;394.0000;-0.010227;0.850975;0.003059;Warning;WO355091;22988.48
2026/07/03;  ENG-020 ;171;2026-01-08 03:00:00;642.9500;1594.4700;1425.5800;552.9000;2388.1500;9069.0800;47.8700;520.5600;2388.1300;8143.2700;8.4611;394.0000;0.011208;0.856607;0.009836;Warning;WO397118;18,882.10
2026-07-03;ENG-097;100;2026-01-05 04:00:00;642.6700;1586.3900;1402.5000;554.1600;2387.9900;9077.9900;47.3500;522.1100;2388.0400;8148.1600;8.4235;391.0000;0.066205;-0.886016;0.003230;Healthy;WO442039;2782.40
2026/07/03;ENG-031;140;2026-01-06 20:00:00;642.3900;1590.4700;1405.7600;553.6200;2388.0500;9080.5700;47.6800;521.9600;2388.0600;8151.8500;8.3972;392.0000;0.090713;-0.390056;0.005216;Warning;WO505023;2562.32
03-Jul-2026;ENG-084;123;2026-01-06 03:00:00;643.0100;1584.2800;1411.1200;553.8700;2388.0700;9051.6700;47.3500;520.8900;2388.1500;8133.5600;8.4353;393.0000;0.021788;-0.023296;;Healthy;WO993091;
2026-07-03;ENG-024;149;2026-01-07 05:00:00;642.6500;1589.5400;1404.2500;553.9300;2388.0100;9099.7900;47.5400;521.6300;2388.0600;8179.7600;8.4461;392.0000;0.168901;-0.235791;0.017761;WARNING;WO442777;15891.78
2026/07/03;ENG-066;147;2026-01-07 03:00:00;643.3400;1599.3800;1422.9800;552.0600;2388.0900;9122.3000;47.9200;520.7500;2388.1100;8197.6900;8.4838;396.0000;0.793422;1.569409;0.017194;Warning;WO201444;7,707.35
03-Jul-2026;ENG-091;215;2026-01-09 23:00:00;642.6700;1597.2000;1408.5200;552.4600;2388.2000;9054.8800;48.0100;520.8700;2388.2500;8130.9600;8.4542;395.0000;-0.154463;0.830362;0.003937;Warning;WO861139;2568.31
2026/07/03;ENG-035;180;2026-01-08 12:00:00;643.2000;1595.4300;1421.2300;552.7300;2388.1600;9072.5600;48.0200;520.4200;2388.2000;8148.8600;8.4948;395.0000;-0.129157;1.272498;0.017349;Warning;WO186038;15114.80
2026-07-03;ENG-087;40;2026-01-02 16:00:00;642.3200;1575.3600;1402.2600;554.4900;2388.0200;9060.5900;47.2100;522.4000;2388.0000;8141.7700;8.4128;391.0000;0.036241;-1.093419;0.000598;Healthy;WO771709;2635.47
03-Jul-2026;eng-088;53;2026-01-03 05:00:00;642.7000;1590.1300;1417.2100;552.3800;2388.1200;9041.2000;47.5000;521.4700;2388.1500;8121.5000;8.4582;394.0000;-0.020267;0.244560;0.004087;Healthy;WO990017;566.42
2026-07-03;ENG-040;108;2026-01-05 12:00:00;643.1500;1597.5400;1420.3900;552.3500;2388.1400;9065.4400;47.8600;520.6200;2388.1500;8142.0100;8.4592;395.0000;-0.087259;1.014664;0.003010;Warning;WO122834;19038.95
2026/07/03;ENG-072;91;2026-01-04 19:00:00;642.7500;1584.7600;1403.0700;554.5000;2388.0500;9068.9000;47.3400;521.6800;2388.0700;8144.9000;8.4600;393.0000;0.055010;-0.313487;0.001320;Healthy;WO126204;616.02
2026-07-03;ENG-068;134;2026-01-06 14:00:00;642.7400;1589.5600;1411.9900;553.3300;2388.0900;9063.5300;47.5000;521.1800;2388.0300;8143.7500;8.4344;392.0000;0.087105;-0.052263;0.002797;Healthy;WO535216;1,738.70
2026-07-03;ENG-092;103;2026-01-05 07:00:00;643.1800;1589.5300;1411.0400;551.9900;2388.2000;9040.5100;47.6700;520.6500;2388.1700;8123.8000;8.4621;394.0000;-0.175650;0.698531;0.031475;Warning;WO275958;9,937.01
2026/07/03;ENG-062;213;2026-01-09 21:00:00;642.3100;1590.3500;1415.2700;553.4500;2388.0400;9082.2400;47.5700;521.2600;2388.0900;8158.6700;8.4193;393.0000;0.107216;0.020009;0.003809;Warning;WO121301;3814.48
2026/07/03;ENG-100;160;2026-01-07 16:00:00;642.3200;1592.1500;1398.7900;553.4400;2388.0500;9086.0200;47.3700;521.7700;2388.0200;8172.2200;8.4370;393.0000;0.107817;-0.479687;0.010222;Warning;WO130556;16,454.64
03-Jul-2026;  ENG-064 ;131;2026-01-06 11:00:00;642.7000;1596.3900;1409.0600;552.9700;2388.0900;9058.5600;47.4800;521.1400;2388.0700;8140.2700;8.4398;394.0000;0.048844;0.206366;0.003277;Healthy;WO874734;199.58
2026-07-03;  ENG-011 ;57;2026-01-03 09:00:00;643.1600;1594.6800;1412.9300;553.4700;2388.1400;9039.9100;47.7200;521.5800;2388.1200;8116.9500;8.4451;395.0000;-0.037235;0.310598;0.003607;Healthy;WO775194;666.00
2026/07/03;eng-012;165;2026-01-07 21:00:00;642.6700;1581.5700;1402.2800;554.4500;2388.0700;9065.1600;47.2700;522.3100;2388.0500;8146.0200;8.3950;392.0000;0.029056;-0.989409;0.001938;Healthy;WO332610;203.62
2026-07-03;  ENG-006 ;105;2026-01-05 09:00:00;643.0500;1586.9400;1404.4900;553.7300;2388.1400;9055.8300;47.5100;521.5600;2388.1500;8139.0200;8.4452;393.0000;0.051688;-0.046047;0.001826;Healthy;WO710832;300.42
03-Jul-2026;  ENG-097 ;127;2026-01-06 07:00:00;642.0600;1592.3300;1400.1100;553.9200;2388.0900;9077.3900;47.3300;521.5800;2388.0500;8153.4500;8.4031;394.0000;0.064335;-0.544304;0.002386;Healthy;WO218750;2,145.88
03-Jul-2026;ENG-078;63;2026-01-03 15:00:00;642.1800;1584.5300;1394.0000;554.8200;2387.9800;9063.2800;47.2700;522.1100;2388.0100;8146.2000;8.3980;391.0000;0.046269;-1.162706;0.001505;Healthy;WO260283;697.71
2026/07/03;ENG-100;170;2026-01-08 02:00:00;642.7000;1589.9200;1407.9300;553.2900;2388.0500;9111.3100;47.5500;521.7100;2388.0600;8178.2300;8.4235;393.0000;0.192581;-0.129011;0.013704;Warning;WO146528;
03-Jul-2026;ENG-058;155;2026-01-07 11:00:00;642.6500;1591.5000;1404.6000;553.5800;2388.1300;9055.8600;47.5700;520.8000;2388.1600;8136.9800;8.4520;394.0000;0.010590;0.206280;0.002431;Healthy;WO191145;
03-Jul-2026;ENG-024;144;2026-01-07 00:00:00;642.6400;1591.7500;1407.2600;553.5800;2387.9800;9091.3600;47.5200;521.6400;2388.0700;8168.5400;8.4280;393.0000;0.119635;-0.335548;0.009112;Warning;WO363015;20775.43
2026/07/03;ENG-024;179;2026-01-08 11:00:00;643.1300;1594.8000;1418.1100;552.4400;2388.0500;9137.6900;47.4700;522.3000;2388.1300;8202.7200;8.4509;394.0000;0.727720;0.565384;0.016929;Warning;WO147418;12,051.52
03-Jul-2026;ENG-092;144;2026-01-07 00:00:00;643.2200;1595.4300;1413.4500;552.0300;2388.1800;9044.9600;47.7900;520.2200;2388.1700;8128.9100;8.4887;397.0000;-0.423868;1.164112;0.009474;Warning;WO420930;20536.51
2026/07/03;ENG-058;168;2026-01-08 00:00:00;643.0200;1585.7900;1418.3200;552.9000;2388.1600;9055.5700;47.7600;520.8500;2388.1300;8134.2600;8.4811;395.0000;-0.049148;0.640996;0.004610;Warning;WO882822;11078.84
2026/07/03;ENG-043;163;2026-01-07 19:00:00;643.0100;1591.5400;1413.3700;552.9000;2388.1600;9053.1500;47.4700;521.2500;2388.1500;8137.7800;8.4236;392.0000;0.026687;0.141339;0.001366;healthy;WO698488;758.84
2026-07-03;  ENG-015 ;73;2026-01-04 01:00:00;642.9100;1587.4800;1408.8200;553.9900;2388.0200;9062.1100;47.3900;522.1300;2388.0500;8130.6600;8.4137;392.0000;0.030714;-0.639414;0.001315;Healthy;WO958214;76.93
03-Jul-2026;ENG-065;64;2026-01-03 16:00:00;641.9900;1584.0500;1397.2200;553.9500;2387.9800;9067.9000;47.3200;521.9500;2388.1000;8147.3600;8.4120;393.0000;0.033635;-1.004638;0.000345;Healthy;WO257713;94.08
03-Jul-2026;eng-071;56;2026-01-03 08:00:00;642.8000;1585.0700;1405.0900;554.6200;2388.0400;9065.5800;47.2600;521.7900;2387.9600;8145.6600;8.3989;391.0000;0.037913;-0.727559;0.002043;Healthy;WO174739;
03-Jul-2026;ENG-087;56;2026-01-03 08:00:00;642.1800;1584.3300;1391.4800;554.3900;2388.0400;9056.9900;47.4000;522.1500;2388.0200;8146.9400;8.4313;393.0000;0.040937;-0.795519;0.001998;Healthy;WO308860;1,813.26
2026-07-03;ENG-042;152;2026-01-07 08:00:00;643.3800;1590.1900;1424.1900;551.9600;2388.2300;9042.8800;47.9900;520.2200;2388.2000;8108.5000;8.4692;395.0000;-0.579292;1.219933;0.021752;warning;WO514308;4,487.78
2026/07/03;ENG-008;118;2026-01-05 22:00:00;642.4200;1587.6000;1407.5500;553.8700;2388.0900;9050.2700;47.2000;522.1200;2388.0900;8132.9300;8.4046;392.0000;0.012510;-0.521540;0.003517;Healthy;WO723254;725.01
2026/07/03;eng-079;70;2026-01-03 22:00:00;642.7400;1582.9000;1405.1800;552.9600;2388.0900;9048.8400;47.3200;521.8800;2388.1000;8127.1500;8.4424;394.0000;0.038699;-0.231971;0.000556;Healthy;WO981576;2754.03
03-Jul-2026;ENG-090;142;2026-01-06 22:00:00;643.3100;1600.0300;1424.6200;553.3200;2388.1700;9078.4000;47.8600;520.3200;2388.1300;8158.9400;8.4863;395.0000;0.150419;1.096266;0.029134;Warning;WO601875;14755.87
03-Jul-2026;ENG-052;148;2026-01-07 04:00:00;642.3600;1585.0200;1401.5300;554.0600;2387.9900;9072.3900;47.5400;522.1000;2388.0500;8152.8800;8.4111;392.0000;0.065900;-0.707529;0.005407;Healthy;WO479551;988.82
2026/07/03;ENG-056;127;2026-01-06 07:00:00;643.5000;1597.1400;1412.4200;552.0600;2388.2500;9045.3900;48.1800;520.7300;2388.2700;8117.9900;8.4813;394.0000;-0.589744;1.318173;0.005327;Warning;WO968212;19287.40
03-Jul-2026;ENG-092;116;2026-01-05 20:00:00;643.4800;1591.9000;1414.3100;553.2000;2388.1500;9043.2600;47.8100;521.1300;2388.1800;8129.3200;8.4764;392.0000;-0.047450;0.554260;0.006583;HEALTHY;WO380641;119.73
03-Jul-2026;ENG-034;162;2026-01-07 18:00:00;642.8000;1589.5600;1405.0600;553.4200;2388.1100;9063.6400;47.6800;521.5100;2388.1300;8135.8500;8.4121;395.0000;0.042620;0.114896;0.000601;Healthy;WO645894;1783.48
2026/07/03;ENG-080;129;2026-01-06 09:00:00;642.7600;1588.6400;1406.6800;553.4200;2388.1300;9060.2300;47.5400;520.8300;2388.1100;8144.2200;8.4352;393.0000;0.042943;0.101010;0.002124;Healthy;WO146493;2279.54
2026/07/03;ENG-077;145;2026-01-07 01:00:00;643.5000;1598.5000;1414.1300;552.6200;2388.1800;9055.0900;47.7400;521.1800;2388.1200;8130.9000;8.4469;393.0000;-0.021164;0.632059;0.004765;Healthy;WO336106;2562.33
2026-07-03;  ENG-026 ;75;2026-01-04 03:00:00;642.3000;1585.1500;1394.8400;553.4300;2388.0800;9064.9000;47.4200;522.1700;2387.9800;8154.4600;8.3862;391.0000;0.063647;-1.021795;0.003400;HEALTHY;WO192831;709.20
2026-07-03;ENG-017;129;2026-01-06 09:00:00;642.0400;1594.7700;1406.4700;554.0800;2388.0700;9076.7400;47.4300;522.1100;2388.0300;8152.7900;8.4538;393.0000;0.086635;-0.346316;0.001709;healthy;WO971076;2,793.14
03-Jul-2026;ENG-037;100;2026-01-05 04:00:00;643.1400;1595.0700;1407.0900;553.5700;2388.0800;9037.5100;47.6900;521.3000;2388.1000;8127.7100;8.4143;393.0000;0.010114;0.081798;0.001923;Healthy;WO475351;2,375.54
2026/07/03;ENG-040;101;2026-01-05 05:00:00;643.5000;1593.3300;1415.7900;552.7800;2388.1700;9065.8500;47.6900;520.5800;2388.1600;8137.9800;8.4504;394.0000;-0.026978;0.698024;0.001761;healthy;WO898771;2856.40
2026/07/03;ENG-089;120;2026-01-06 00:00:00;642.5000;1589.7600;1412.5300;553.4600;2388.1800;9046.5700;47.5700;521.5800;2388.1100;8128.7200;8.4652;394.0000;-0.011992;0.195315;0.003793;Healthy;WO550830;1,638.18
03-Jul-2026;ENG-068;135;2026-01-06 15:00:00;642.5000;1585.7700;1409.2900;552.9900;2388.1300;9060.8400;47.6500;521.7000;2388.0600;8143.4000;8.4447;394.0000;0.074830;-0.016956;;Healthy;WO760069;2117.51
2026-07-03;eng-046;111;2026-01-05 15:00:00;642.7900;1593.3800;1411.1000;553.0400;2388.0600;9079.5000;47.7000;521.2900;2388.0400;8154.6800;8.4905;392.0000;0.119170;0.221631;0.008025;Warning;WO107518;3328.65
2026-07-03;ENG-050;58;2026-01-03 10:00:00;642.2900;1585.0800;1405.7600;553.8200;2388.0600;9064.4200;47.4000;521.3600;2388.0900;8143.2800;8.4140;393.0000;0.045086;-0.458510;0.001515;healthy;WO573122;2,851.76
03-Jul-2026;ENG-010;150;2026-01-07 06:00:00;642.8700;1587.6900;1411.6900;554.4700;2388.0400;9069.0800;47.5300;521.5600;2388.0500;8140.7200;8.4084;392.0000;0.057144;-0.403538;0.000634;healthy;WO728223;1,327.06
03-Jul-2026;  ENG-085 ;24;2026-01-02 00:00:00;642.2600;1587.0700;1407.7200;553.3700;2388.1200;9047.0800;47.5000;521.6400;2388.2100;8130.0100;8.4226;392.0000;0.025310;-0.124882;0.003328;Healthy;WO606469;
03-Jul-2026;ENG-054;119;2026-01-05 23:00:00;642.4200;1588.5000;1403.5400;554.2600;2388.0000;9064.3600;47.3000;521.9900;2387.9800;8146.6000;8.4248;394.0000;0.047648;-0.873453;0.001811;Healthy;WO803205;
03-Jul-2026;ENG-068;167;2026-01-07 23:00:00;642.6600;1593.7200;1420.3700;552.0400;2388.1400;9078.3000;47.5700;520.8600;2388.1600;8151.9100;8.4918;395.0000;0.126179;0.820635;0.008012;Warning;WO119798;17074.14
2026-07-03;ENG-061;144;2026-01-07 00:00:00;642.8400;1596.3700;1407.9900;553.6400;2388.1300;9067.1100;47.6700;520.9400;2388.2000;8145.4100;8.4485;393.0000;0.030146;0.359707;0.000366;Healthy;WO199524;433.69
2026-07-03;  ENG-053 ;148;2026-01-07 04:00:00;642.8300;1586.0700;1410.6100;553.3500;2388.1000;9089.8600;47.6100;521.2500;2388.0600;8163.9800;8.4140;394.0000;0.124603;0.104783;0.001691;Warning;WO530276;4,286.48
03-Jul-2026;ENG-062;156;2026-01-07 12:00:00;641.6600;1586.5500;1400.6900;554.1600;2388.0000;9058.5600;47.2900;521.9600;2387.9800;8142.0200;8.3799;393.0000;0.023113;-1.024166;0.000977;Healthy;WO153768;1,329.75
2026-07-03;eng-095;79;2026-01-04 07:00:00;642.1600;1596.2100;1398.8900;553.9600;2388.0500;9050.3700;47.3200;521.6600;2388.0800;8133.0200;8.4271;393.0000;0.026424;-0.612346;0.000518;Healthy;WO512711;2,633.86
03-Jul-2026;ENG-086;103;2026-01-05 07:00:00;642.0600;1589.4000;1405.8000;553.6300;2388.0200;9055.8400;47.5000;521.2000;2388.0600;8138.4800;8.4163;393.0000;0.058911;-0.215874;0.000086;Healthy;WO645876;1803.10
2026-07-03;ENG-024;138;2026-01-06 18:00:00;642.4000;1587.4400;1405.3500;553.9400;2388.0500;9082.6000;47.4600;522.3300;2388.0100;8170.4800;8.4317;392.0000;0.090483;-0.711928;0.007453;healthy;WO469545;
2026-07-03;ENG-076;162;2026-01-07 18:00:00;642.8800;1591.8000;1412.7000;553.9200;2388.1000;9082.0400;47.5100;521.5400;2388.0800;8157.3800;8.4543;392.0000;0.111016;0.104314;0.001763;Healthy;WO312911;301.10
2026-07-03;  ENG-028 ;147;2026-01-07 03:00:00;642.1100;1587.0500;1411.4200;552.7800;2388.1000;9053.7900;47.3900;521.9400;2388.1000;8133.7700;8.4424;393.0000;0.057633;-0.198940;0.002021;Healthy;WO656019;1,006.22
2026/07/03;ENG-011;73;2026-01-04 01:00:00;642.9300;1592.9600;1415.7700;552.8600;2388.1300;9038.4000;47.8000;521.4100;2388.1800;8120.5700;8.4376;394.0000;-0.054000;0.448838;0.000930;healthy;WO812307;236.06
03-Jul-2026;ENG-032;110;2026-01-05 14:00:00;642.4500;1584.6900;1397.6000;553.7100;2388.0100;9075.0400;47.2300;522.6100;2387.9400;8155.3900;8.4328;393.0000;0.087860;-0.938524;0.012730;Healthy;WO109158;1907.58
03-Jul-2026;ENG-044;37;2026-01-02 13:00:00;642.0000;1589.9300;1408.5700;554.1500;2388.0600;9050.2800;47.5300;521.9500;2388.0900;8129.1000;8.4256;394.0000;0.025530;-0.508888;;Healthy;WO679890;390.25
03-Jul-2026;ENG-040;95;2026-01-04 23:00:00;642.4000;1585.5000;1419.0800;551.9900;2388.1200;9053.6500;47.7100;520.6300;2388.1000;8138.8500;8.4545;393.0000;-0.015149;0.489490;0.004725;Healthy;WO100926;189.26
2026/07/03;eng-003;88;2026-01-04 16:00:00;642.3500;1596.5800;1416.4700;552.9700;2388.1000;9060.2600;47.6200;521.3200;2388.1400;8134.5300;8.4659;391.0000;0.036525;0.254734;0.000819;Warning;WO438324;15,408.66
03-Jul-2026;ENG-092;148;2026-01-07 04:00:00;643.1100;1594.2600;1421.4500;552.2500;2388.2400;9049.6900;48.1600;520.1400;2388.2200;8123.9300;8.4685;396.0000;-0.592916;1.375208;0.003845;Warning;WO215421;20829.02
2026/07/03;ENG-036;117;2026-01-05 21:00:00;643.1000;1593.6900;1420.7100;552.2700;2388.2100;9059.8400;47.8600;520.1700;2388.1400;8141.3200;8.4843;396.0000;-0.249600;1.180508;0.003555;Warning;WO231043;844.64
03-Jul-2026;ENG-007;120;2026-01-06 00:00:00;642.0400;1587.3300;1402.0700;554.2300;2388.0800;9060.7800;47.4000;521.9000;2388.0200;8144.5900;8.4163;392.0000;0.039586;-0.738460;0.000810;Healthy;WO145883;1,563.35
2026/07/03;ENG-100;154;2026-01-07 10:00:00;642.6200;1597.9100;1406.4700;553.8200;2388.0600;9084.5900;47.4100;521.7600;2388.0100;8162.2100;8.4168;393.0000;0.105478;-0.256132;0.001334;Healthy;WO612774;2038.92
2026-07-03;ENG-055;93;2026-01-04 21:00:00;642.7700;1589.4200;1404.4900;553.9200;2388.0900;9059.4600;47.3100;521.9500;2388.0500;8138.6100;8.4222;393.0000;0.043164;-0.426931;0.001171;Healthy;WO282665;1,192.45
2026-07-03;ENG-031;160;2026-01-07 16:00:00;643.4300;1591.3500;1412.2500;553.6900;2388.0700;9077.5600;47.9000;521.3500;2388.0800;8155.5000;8.4688;395.0000;0.085278;0.472932;0.005733;Warning;WO236193;3686.34
2026-07-03;ENG-015;71;2026-01-03 23:00:00;642.7000;1581.1900;1402.8200;553.8500;2388.0600;9051.1700;47.2700;521.9600;2388.0500;8138.6200;8.4166;393.0000;0.016920;-0.660957;0.000518;Healthy;WO628473;1848.09
03-Jul-2026;eng-051;118;2026-01-05 22:00:00;642.9900;1588.8800;1402.7300;553.9800;2388.1000;9050.0400;47.4100;521.2100;2388.1000;8129.7700;8.4421;392.0000;0.036254;-0.080246;0.001533;Healthy;WO974825;283.48
2026-07-03;ENG-062;229;2026-01-10 13:00:00;642.9100;1591.9200;1413.0300;553.6700;2388.0500;9092.7900;47.4800;521.5400;2388.0500;8165.7600;8.4484;394.0000;0.181411;0.164707;0.015478;Warning;WO693977;23845.52
2026/07/03;ENG-079;96;2026-01-05 00:00:00;642.9900;1585.7600;1414.2000;553.2100;2388.1100;9042.8400;47.5000;521.1100;2388.0600;8128.6900;8.4230;392.0000;0.009186;0.003850;0.002605;Healthy;WO791741;360.07
2026/07/03;ENG-083;50;2026-01-03 02:00:00;642.5900;1582.6700;1402.7200;553.6700;2388.1100;9065.9100;47.5300;522.1600;2388.0600;8137.5100;8.4370;394.0000;0.061707;-0.267716;0.000396;Healthy;WO194518;2,970.05
03-Jul-2026;  ENG-049 ;299;2026-01-13 11:00:00;643.6100;1601.0400;1421.2800;552.9800;2388.1800;9050.2900;47.8500;520.6300;2388.2300;8131.0700;8.5087;396.0000;-0.269765;1.156298;0.003982;Warning;WO352630;21,865.18
2026-07-03;ENG-058;164;2026-01-07 20:00:00;643.0100;1593.6800;1412.9600;552.9800;2388.1600;9055.6400;47.6300;521.3100;2388.0700;8136.4200;8.4162;393.0000;0.021229;0.263271;0.001798;Healthy;WO722009;2849.55
2026-07-03;ENG-027;137;2026-01-06 17:00:00;642.4200;1588.0000;1406.0800;553.8500;2388.1000;9049.9500;47.3400;521.8600;2388.0900;8134.2100;8.4145;391.0000;0.017192;-0.617446;0.004787;Healthy;WO237949;366.84
2026/07/03;ENG-053;164;2026-01-07 20:00:00;642.8700;1602.7600;1418.1800;553.0900;2388.0800;9102.3300;47.7500;520.9800;2388.0500;8180.9700;8.4702;394.0000;0.499289;0.849735;0.012912;Warning;WO604114;10022.50
2026-07-03;ENG-052;137;2026-01-06 17:00:00;642.2100;1590.7000;1399.1300;553.1000;2388.0700;9066.0200;47.3900;522.0300;2388.0000;8150.7600;8.4285;392.0000;0.069332;-0.531920;0.002852;Healthy;WO338924;730.83
03-Jul-2026;ENG-008;162;2026-01-07 18:00:00;642.9200;1595.1400;1405.2500;553.0800;2388.1600;9052.0000;47.5000;520.9600;2388.1200;8130.3800;8.4382;393.0000;0.006338;0.192986;0.001190;Healthy;WO278589;1,959.85
2026-07-03;ENG-070;126;2026-01-06 06:00:00;642.7700;1588.2400;1411.4700;552.9900;2388.1400;9054.3800;47.3300;521.5800;2388.1200;8127.1300;8.4480;392.0000;0.027797;0.037277;0.001887;Healthy;WO969762;438.98
03-Jul-2026;eng-099;93;2026-01-04 21:00:00;642.2400;1586.3900;1401.4600;554.6200;2388.0200;9062.3800;47.1200;522.2500;2388.0200;8160.6200;8.4232;392.0000;0.047587;-1.109891;0.000000;Healthy;WO578201;945.85
03-Jul-2026;ENG-055;95;2026-01-04 23:00:00;642.2100;1588.0100;1405.8600;554.7800;2388.0500;9058.1700;47.3400;522.0800;2388.1100;8143.2200;8.4275;392.0000;0.028045;-0.696359;0.001592;healthy;WO566716;819.82
2026/07/03;eng-093;177;2026-01-08 09:00:00;642.4600;1595.4900;1417.8300;552.9700;2388.0800;9065.7300;47.6400;520.9600;2388.1200;8141.1100;8.4591;394.0000;0.027455;0.454975;0.002784;Healthy;WO278925;2748.64
2026-07-03;ENG-037;112;2026-01-05 16:00:00;642.4600;1590.7700;1408.6800;552.8600;2388.1800;9045.1600;47.7500;520.9800;2388.1200;8122.5400;8.4662;394.0000;-0.041989;0.325605;0.001744;Healthy;WO353525;67.71
2026-07-03;ENG-023;111;2026-01-05 15:00:00;642.0600;1586.5400;1404.5000;554.8700;2388.0800;9053.3000;47.3800;521.7400;2388.1000;8133.5700;8.3821;391.0000;-0.009842;-0.899722;0.009297;healthy;WO424637;337.05
2026/07/03;ENG-042;156;2026-01-07 12:00:00;643.3100;1599.5500;1425.1200;550.9400;2388.2700;9026.8900;47.8900;520.5400;2388.2700;8118.4500;8.4792;395.0000;-0.844384;1.494515;0.000691;Warning;WO828116;20322.51
2026-07-03;ENG-037;84;2026-01-04 12:00:00;642.4400;1586.9700;1404.9800;552.9600;2388.1200;9051.4000;47.3000;521.5200;2388.1100;8131.2400;8.4049;393.0000;0.025306;-0.307811;0.003631;Healthy;WO963258;1545.69
2026/07/03;ENG-025;35;2026-01-02 11:00:00;642.4500;1587.6000;1402.1500;554.2100;2388.0200;9052.6000;47.3200;521.8400;2387.9800;8131.7400;8.4123;391.0000;0.029114;-0.645204;0.001665;Healthy;WO466069;1508.30
2026-07-03;ENG-034;178;2026-01-08 10:00:00;642.8900;1594.8200;1416.9100;552.9600;2388.1500;9056.1900;47.6400;521.5500;2388.1800;8130.6200;8.4390;393.0000;-0.004686;0.415480;0.001887;HEALTHY;WO760606;2381.50
2026/07/03;  ENG-057 ;123;2026-01-06 03:00:00;643.7000;1583.6400;1412.3000;553.0500;2388.0800;9048.4000;47.6200;521.8400;2388.0900;8136.3400;8.4434;393.0000;0.047069;0.052284;0.000974;Healthy;WO421263;2857.62
2026-07-03;ENG-047;56;2026-01-03 08:00:00;642.7300;1587.5900;1412.5300;552.8400;2388.1800;9037.0800;47.4600;521.1600;2388.1500;8122.5600;8.4314;394.0000;-0.049801;0.208527;0.007580;Healthy;WO426448;2679.09
2026/07/03;ENG-032;125;2026-01-06 05:00:00;641.8600;1587.5000;1402.2000;553.6100;2387.9900;9082.2000;47.2900;522.4000;2387.9800;8167.4400;8.4269;390.0000;0.096296;-0.916939;0.014636;Healthy;WO320014;2,189.46
2026-07-03;ENG-019;122;2026-01-06 02:00:00;641.8600;1583.0600;1402.9600;553.9600;2388.1200;9056.4700;47.2200;521.8000;2388.0200;8139.9000;8.4210;393.0000;0.015449;-0.746705;0.004207;HEALTHY;WO983628;2715.72
2026-07-03;ENG-012;191;2026-01-08 23:00:00;642.1400;1586.9400;1403.6700;553.8800;2388.0500;9062.6800;47.4600;522.4400;2388.1200;8148.6300;8.3989;391.0000;0.032880;-0.892462;0.002114;Healthy;WO157919;2624.73
2026-07-03;ENG-045;137;2026-01-06 17:00:00;642.6400;1593.3100;1405.4500;552.9800;2388.1300;9063.2200;47.5800;521.1200;2388.1200;8145.2900;8.4339;394.0000;0.052695;0.215444;0.004524;HEALTHY;WO597624;1106.63
2026-07-03;ENG-046;128;2026-01-06 08:00:00;642.6600;1593.3900;1404.6900;552.8700;2388.0900;9082.8900;47.7600;521.2400;2388.1400;8153.6300;8.4696;393.0000;0.102689;0.310076;0.006706;WARNING;WO558966;17364.85
2026-07-03;ENG-072;99;2026-01-05 03:00:00;642.2800;1580.4300;1404.8600;553.5500;2388.0200;9065.0200;47.2700;522.0100;2388.0600;8142.6400;8.4027;393.0000;0.036264;-0.700260;0.000669;healthy;WO873798;869.67
03-Jul-2026;  ENG-088 ;68;2026-01-03 20:00:00;642.9100;1593.6700;1405.2200;553.6800;2388.1400;9046.7500;47.3900;521.6900;2388.1800;8127.7900;8.4101;394.0000;0.023051;-0.095451;0.001092;Healthy;WO613965;1,334.80
2026/07/03;ENG-031;174;2026-01-08 06:00:00;642.6700;1594.0900;1421.3400;552.3800;2388.1500;9078.5400;47.7600;520.4100;2388.1400;8152.0400;8.4663;393.0000;0.101810;0.831418;0.022158;Warning;WO270639;11283.49
03-Jul-2026;ENG-093;216;2026-01-10 00:00:00;642.9500;1588.1200;1422.1700;553.2000;2388.1000;9075.1700;47.7400;520.8900;2388.1300;8147.6800;8.4770;394.0000;0.066836;0.635463;0.005634;Warning;WO619008;6435.62
2026/07/03;ENG-083;66;2026-01-03 18:00:00;642.3800;1586.9400;1405.6400;554.0500;2388.0600;9061.0200;47.4300;521.6800;2388.0600;8140.3800;8.4206;391.0000;0.042266;-0.526475;;Healthy;WO450324;280.63
03-Jul-2026;eng-017;130;2026-01-06 10:00:00;642.5000;1587.8700;1408.4700;553.8500;2388.0300;9082.4500;47.3300;522.1400;2388.0600;8154.9000;8.4143;393.0000;0.078127;-0.486907;0.005594;Healthy;WO247717;163.53
2026-07-03;  ENG-088 ;48;2026-01-03 00:00:00;643.0200;1590.1500;1414.7800;553.1300;2388.1100;9042.4200;47.5400;521.3200;2388.1500;8126.0600;8.4457;394.0000;-0.013496;0.200500;0.002479;Healthy;WO658014;1552.53
03-Jul-2026;ENG-042;111;2026-01-05 15:00:00;642.3800;1587.8200;1408.4500;554.0000;2388.0900;9041.5600;47.3700;521.5600;2388.0600;8125.2000;8.4323;392.0000;0.023723;-0.296008;0.000930;Healthy;WO526717;1158.96
03-Jul-2026;ENG-024;166;2026-01-07 22:00:00;642.7400;1592.1500;1409.8600;553.1800;2388.0300;9111.7400;47.5500;522.1100;2388.0400;8184.2000;8.4495;393.0000;0.332464;0.031335;0.009599;Warning;WO622049;5125.81
2026/07/03;  ENG-040 ;124;2026-01-06 04:00:00;642.8100;1592.4600;1414.3400;552.9200;2388.1600;9065.5000;47.7800;520.5200;2388.2600;8137.2300;8.4839;395.0000;-0.139440;0.924672;0.007975;warning;WO295775;22,240.55
2026-07-03;ENG-012;171;2026-01-08 03:00:00;642.3900;1581.5700;1402.4500;553.9300;2388.0400;9061.7000;47.1300;522.2700;2388.1000;8147.2700;8.4307;393.0000;0.019126;-0.852044;0.002114;Healthy;WO856799;1883.56
2026/07/03;  ENG-021 ;116;2026-01-05 20:00:00;642.7600;1583.1100;1403.4700;553.8900;2387.9700;9073.1700;47.1700;521.9500;2388.0300;8149.1800;8.4212;394.0000;0.048474;-0.739484;0.001983;healthy;WO734757;290.60
2026-07-03;ENG-071;67;2026-01-03 19:00:00;641.9300;1589.2600;1400.0600;554.4700;2388.0800;9073.3600;47.4000;521.8100;2388.0300;8146.3500;8.4159;393.0000;0.046319;-0.679691;0.001292;HEALTHY;WO772535;2,342.15
2026-07-03;ENG-008;134;2026-01-06 14:00:00;642.7700;1591.6300;1413.7300;553.9600;2388.1300;9055.3500;47.4900;521.3000;2388.0800;8128.1500;8.4388;392.0000;0.022187;0.015848;;Warning;WO621586;22,585.20
2026/07/03;ENG-020;130;2026-01-06 10:00:00;642.8000;1583.8800;1402.4500;553.4300;2388.0400;9067.2500;47.6600;520.6300;2388.1300;8138.5300;8.4718;394.0000;0.038012;0.211962;0.000897;healthy;WO210210;1,530.86
03-Jul-2026;ENG-038;92;2026-01-04 20:00:00;642.6400;1596.4000;1413.0300;552.8200;2388.1200;9066.9000;47.9300;520.5300;2388.1200;8137.8200;8.4422;395.0000;-0.013823;0.677855;0.002629;Warning;WO228892;24272.65
03-Jul-2026;ENG-097;99;2026-01-05 03:00:00;641.9000;1584.4100;1404.1600;553.3900;2388.0300;9072.4100;47.4300;522.3400;2388.0300;8146.8600;8.3966;394.0000;0.055946;-0.709767;0.001875;healthy;WO730439;2447.40
03-Jul-2026;ENG-027;110;2026-01-05 14:00:00;642.5300;1585.6700;1397.4500;554.2700;2388.0900;9053.9400;47.2400;522.3800;2388.0600;8136.6700;8.4018;390.0000;0.029686;-1.007247;0.001794;Healthy;WO258109;1,880.33
03-Jul-2026;  ENG-057 ;151;2026-01-07 07:00:00;642.5800;1590.6500;1412.5300;553.0500;2388.1100;9050.0800;47.5900;521.9700;2388.0600;8134.1300;8.4358;393.0000;0.059305;-0.021217;0.001046;Healthy;WO732179;1,689.40
2026-07-03;ENG-074;122;2026-01-06 02:00:00;642.4300;1583.4400;1408.5000;553.3900;2388.1000;9052.6600;47.5100;521.4700;2388.0900;8134.9900;8.4209;394.0000;0.049444;-0.138481;0.000911;Healthy;WO267772;1560.75
2026/07/03;ENG-012;172;2026-01-08 04:00:00;642.3700;1583.4700;1404.8300;554.1100;2388.0400;9065.6300;47.2500;521.8800;2388.0100;8141.9100;8.3941;392.0000;0.024118;-0.874106;0.001777;Healthy;WO870222;680.88
2026-07-03;ENG-012;156;2026-01-07 12:00:00;642.6500;1581.9900;1405.3500;554.9800;2388.0600;9067.2000;47.1500;522.6600;2388.0400;8144.9600;8.4357;393.0000;0.027264;-0.944227;0.002847;Healthy;WO637594;576.01
2026-07-03;ENG-034;188;2026-01-08 20:00:00;643.0200;1593.6300;1420.6900;552.3400;2388.1900;9042.6500;48.0400;520.2300;2388.1600;8125.3500;8.4989;394.0000;-0.372853;1.099927;0.010066;Warning;WO171213;18580.65
2026-07-03;ENG-042;155;2026-01-07 11:00:00;644.0700;1597.0700;1425.3700;551.9500;2388.2700;9038.6100;47.7800;520.4500;2388.2300;8114.2400;8.4762;396.0000;-0.707963;1.458757;0.014101;Warning;WO115435;
2026-07-03;ENG-012;209;2026-01-09 17:00:00;642.4900;1581.0600;1399.5800;553.7400;2388.0300;9066.2200;47.4300;521.9400;2388.0200;8151.4100;8.4306;392.0000;0.047814;-0.766967;0.000946;Healthy;WO819348;1683.65
2026/07/03;eng-031;189;2026-01-08 21:00:00;643.3800;1589.9400;1424.6300;552.1300;2388.1600;9083.7200;47.8200;519.9100;2388.1100;8151.9000;8.4717;395.0000;-0.014115;1.180771;0.016183;Warning;WO475994;22228.48
2026-07-03;ENG-091;210;2026-01-09 18:00:00;643.2700;1600.3800;1416.1600;552.3500;2388.2300;9046.6800;47.9000;520.7800;2388.2200;8128.1500;8.5075;394.0000;-0.349481;1.145724;0.010461;Warning;WO482484;24909.75
2026/07/03;ENG-046;123;2026-01-06 03:00:00;643.0900;1593.0100;1406.9100;553.7900;2388.1000;9081.5800;47.5700;520.8300;2388.1100;8152.7600;8.4637;395.0000;0.074329;0.338124;0.006465;Healthy;WO843364;1172.83
2026-07-03;ENG-052;178;2026-01-08 10:00:00;642.8400;1601.6400;1408.5400;553.7000;2388.1000;9104.3500;47.5700;521.5000;2388.0800;8170.3800;8.4042;395.0000;0.221907;0.224089;0.031245;WARNING;WO245483;2326.29
2026/07/03;ENG-082;125;2026-01-06 05:00:00;642.8100;1586.3500;1415.7200;552.8800;2388.1200;9058.7000;47.6600;520.9800;2388.1600;8136.3500;8.4147;393.0000;0.003058;0.322136;0.001075;Healthy;WO227629;
2026/07/03;ENG-062;158;2026-01-07 14:00:00;642.0200;1583.3800;1401.1700;554.8000;2388.0100;9059.4100;47.1500;522.1400;2388.0300;8145.3400;8.4331;391.0000;0.025057;-0.997545;0.001465;Healthy;WO633884;1703.37
2026/07/03;ENG-023;101;2026-01-05 05:00:00;641.8100;1585.9600;1400.1300;554.7300;2388.0700;9048.2800;47.2200;521.9500;2388.0300;8128.2300;8.3717;391.0000;0.001170;-1.056356;0.004012;healthy;WO140798;1802.75
2026-07-03;ENG-005;98;2026-01-05 02:00:00;642.2700;1589.9400;1419.3600;553.2900;2388.1000;9053.9900;47.4600;521.0000;2388.1500;8125.7400;8.4362;394.0000;-0.007350;0.110242;0.002934;healthy;WO659019;1412.12
2026-07-03;ENG-044;49;2026-01-03 01:00:00;642.6900;1589.1800;1400.3700;554.3600;2388.1300;9045.3200;47.4600;521.4800;2388.0500;8133.6400;8.4222;391.0000;0.027288;-0.299067;0.001938;Healthy;WO971782;1347.48
2026-07-03;ENG-028;115;2026-01-05 19:00:00;642.3300;1592.2000;1406.6600;553.8300;2388.1200;9047.8800;47.5600;521.3800;2388.0700;8129.5300;8.4392;392.0000;0.028265;-0.108051;0.000170;Healthy;WO653191;2911.53
03-Jul-2026;  ENG-063 ;117;2026-01-05 21:00:00;643.1500;1588.3900;1412.4800;551.9500;2388.1400;9048.5200;47.5200;521.0100;2388.1100;8132.7500;8.4608;393.0000;-0.006650;0.423853;;Healthy;WO688493;1179.88
2026/07/03;ENG-045;131;2026-01-06 11:00:00;642.8100;1593.1800;1409.7000;552.8600;2388.1200;9064.4500;47.6200;521.0800;2388.0900;8143.4600;8.4548;393.0000;0.043862;0.336876;0.003181;HEALTHY;WO372369;2926.75
2026-07-03;ENG-041;83;2026-01-04 11:00:00;642.3400;1578.2300;1403.0900;553.8700;2388.0600;9044.9000;47.4500;521.9200;2388.0800;8131.4100;8.3903;392.0000;0.009191;-0.627160;0.003303;Healthy;WO147437;1033.95
2026-07-03;  ENG-005 ;79;2026-01-04 07:00:00;642.5400;1592.1300;1409.0900;552.4500;2388.1200;9049.5600;47.7300;521.4100;2388.0900;8133.1900;8.4206;394.0000;0.036680;0.121999;0.002443;Healthy;WO666408;2,629.24
03-Jul-2026;ENG-008;123;2026-01-06 03:00:00;642.9000;1588.4400;1405.7300;552.9400;2388.1300;9050.6100;47.3500;521.6300;2388.1000;8129.9900;8.4296;394.0000;0.041824;-0.039682;0.004652;WARNING;WO997133;1904.71
2026/07/03;  ENG-090 ;108;2026-01-05 12:00:00;642.8300;1588.9600;1412.3300;553.1300;2388.1500;9059.5900;47.6500;521.6000;2388.0800;8143.5700;8.4440;394.0000;0.039730;0.258720;0.001869;Healthy;WO261584;2410.98
03-Jul-2026;  ENG-029 ;145;2026-01-07 01:00:00;642.7900;1586.3700;1408.2400;553.9100;2388.1100;9064.0000;47.4000;521.7100;2388.0400;8144.0600;8.4223;392.0000;0.060970;-0.272514;0.000737;Healthy;WO647925;1,044.84
03-Jul-2026;  ENG-019 ;129;2026-01-06 09:00:00;642.2600;1586.4700;1403.9800;553.7300;2388.0500;9053.3400;47.5500;522.0300;2388.1200;8142.5500;8.4465;393.0000;0.057368;-0.308642;0.000356;Healthy;WO593002;2298.11
2026-07-03;ENG-022;30;2026-01-02 06:00:00;642.0200;1588.4400;1402.6000;553.9700;2388.0900;9054.5900;47.4200;520.9200;2388.1100;8134.2900;8.4311;391.0000;0.015202;-0.542413;0.002163;healthy;WO406386;1,576.43
2026-07-03;eng-042;117;2026-01-05 21:00:00;642.9500;1594.9900;1405.5000;553.4600;2388.1100;9046.5400;47.5800;521.8100;2388.1000;8126.8700;8.4091;394.0000;0.025488;0.064447;0.002551;Healthy;WO688079;416.52
03-Jul-2026;ENG-031;136;2026-01-06 16:00:00;642.6300;1584.0300;1407.4100;553.3000;2388.0900;9079.9900;47.5600;521.7000;2388.0700;8152.9700;8.4304;394.0000;0.099897;-0.063063;0.002188;Healthy;WO790873;2028.81
2026/07/03;ENG-043;141;2026-01-06 21:00:00;642.2400;1591.4200;1410.2200;553.5100;2388.0700;9057.9300;47.5800;521.1000;2388.0700;8131.6500;8.4668;394.0000;0.036909;0.049835;0.000624;Healthy;WO822918;1429.13
03-Jul-2026;ENG-007;137;2026-01-06 17:00:00;642.2900;1583.8900;1399.2600;553.1900;2388.0100;9063.6200;47.4400;522.1400;2388.0700;8143.1900;8.4230;393.0000;0.047149;-0.798753;0.000546;Healthy;WO245586;2,801.65
03-Jul-2026;ENG-038;98;2026-01-05 02:00:00;642.6700;1590.5000;1415.8100;552.7000;2388.1200;9062.1300;47.6200;521.0500;2388.1200;8145.9000;8.4484;395.0000;0.027694;0.357014;0.001348;Healthy;WO364954;
2026/07/03;ENG-061;142;2026-01-06 22:00:00;642.7900;1598.3800;1412.3200;553.2400;2388.0800;9074.6700;47.5100;521.2300;2388.1200;8147.8500;8.4934;393.0000;0.071403;0.392705;0.004140;Healthy;WO417308;1435.31
03-Jul-2026;ENG-064;153;2026-01-07 09:00:00;642.8800;1595.6100;1411.8000;552.9100;2388.1000;9061.1500;47.5100;520.3300;2388.1700;8137.6600;8.4578;393.0000;-0.005491;0.535595;0.005413;Healthy;WO791177;133.36
2026-07-03;ENG-020;134;2026-01-06 14:00:00;643.0200;1591.5600;1412.8100;553.1600;2388.0700;9062.0100;47.5700;520.9300;2388.1100;8141.1500;8.4593;393.0000;0.048638;0.215369;0.000959;Warning;WO466842;23,084.34
03-Jul-2026;ENG-071;53;2026-01-03 05:00:00;642.3700;1586.6600;1396.5100;554.0900;2388.0400;9061.9900;47.4700;521.5600;2388.0300;8147.3500;8.4031;392.0000;0.035486;-0.759666;0.000946;Healthy;WO679580;
03-Jul-2026;ENG-020;138;2026-01-06 18:00:00;642.6800;1594.2400;1409.5500;553.3200;2388.1700;9057.0500;47.4300;521.1000;2388.1100;8144.9300;8.4461;395.0000;0.018887;0.289727;0.002420;healthy;WO827966;1,198.21
2026/07/03;eng-091;173;2026-01-08 05:00:00;643.1600;1589.2900;1417.5200;553.2800;2388.1900;9051.6700;47.7400;520.9900;2388.1600;8128.8400;8.4395;393.0000;-0.045799;0.443161;0.004013;Healthy;WO639633;2,440.47
2026/07/03;eng-075;76;2026-01-04 04:00:00;642.7800;1593.4300;1405.7100;554.3500;2388.1000;9053.1700;47.4800;521.9300;2388.0300;8138.9500;8.3844;392.0000;0.035585;-0.584270;0.001184;Healthy;WO732934;234.64
03-Jul-2026;ENG-063;140;2026-01-06 20:00:00;642.9000;1594.4100;1417.0100;551.9300;2388.1500;9050.1700;47.7800;521.1800;2388.1800;8124.5400;8.4714;394.0000;-0.042936;0.661982;0.005310;Warning;WO714847;6079.40
2026/07/03;ENG-096;74;2026-01-04 02:00:00;641.6000;1585.2800;1404.0000;554.8000;2388.0200;9067.6200;46.9900;522.0200;2387.9900;8147.1000;8.3871;392.0000;0.023279;-1.215916;0.000488;Healthy;WO185503;1,506.84
2026-07-03;ENG-011;77;2026-01-04 05:00:00;642.7000;1598.9600;1419.7600;552.5100;2388.1600;9040.3000;47.5300;521.0600;2388.1600;8114.5300;8.4577;392.0000;-0.067276;0.513336;0.002006;warning;WO527025;10,958.58
03-Jul-2026;  ENG-060 ;124;2026-01-06 04:00:00;642.7300;1582.7100;1410.4900;553.8200;2388.0900;9048.9500;47.5200;521.5900;2388.1400;8129.9600;8.4122;393.0000;0.021807;-0.069608;0.001012;HEALTHY;WO822412;153.94
03-Jul-2026;  ENG-089 ;135;2026-01-06 15:00:00;642.6900;1594.8300;1404.3100;553.7000;2388.0800;9048.2300;47.4900;521.7200;2388.1100;8131.2400;8.4562;393.0000;0.044903;0.003873;0.000778;Healthy;WO408543;2,979.70
03-Jul-2026;eng-061;114;2026-01-05 18:00:00;642.6200;1591.0800;1405.2200;553.2600;2388.0900;9066.8400;47.3000;521.8100;2388.0800;8148.1400;8.4462;393.0000;0.062563;-0.278373;0.000193;Healthy;WO972026;607.39
2026-07-03;ENG-024;141;2026-01-06 21:00:00;642.4700;1592.9200;1394.7400;554.0700;2388.0100;9088.8500;47.3000;522.2600;2387.9900;8170.1200;8.3915;393.0000;0.091199;-0.831796;0.011423;Healthy;WO294577;2,934.76
03-Jul-2026;ENG-007;148;2026-01-07 04:00:00;642.0300;1587.3900;1405.0000;554.0000;2388.0300;9064.9900;47.3700;521.6200;2388.0800;8149.1600;8.4082;392.0000;0.039331;-0.724378;0.001601;Healthy;WO316642;1,616.06
2026/07/03;ENG-057;129;2026-01-06 09:00:00;642.5300;1588.5900;1405.9900;553.7300;2388.1300;9052.6900;47.5600;521.2900;2388.1200;8134.3500;8.4317;391.0000;0.037393;-0.067250;0.001551;HEALTHY;WO843048;319.16
03-Jul-2026;ENG-049;280;2026-01-12 16:00:00;642.3700;1591.7200;1416.7700;552.1000;2388.1200;9059.3700;47.5700;520.9200;2388.1700;8135.5800;8.4866;394.0000;-0.024207;0.625285;0.001769;Warning;WO571811;6775.38
03-Jul-2026;ENG-080;112;2026-01-05 16:00:00;642.5100;1591.3500;1408.9800;552.7600;2388.0800;9063.8800;47.5800;521.8400;2388.0800;8148.8600;8.4156;393.0000;0.086326;-0.282436;0.003309;Warning;WO732729;20399.90
03-Jul-2026;ENG-068;176;2026-01-08 08:00:00;643.4300;1595.3600;1415.5900;552.7800;2388.1600;9074.8000;47.9000;521.0100;2388.1600;8153.5600;8.4679;394.0000;0.074168;0.897212;0.007717;Warning;WO264963;1,750.78
2026-07-03;ENG-094;92;2026-01-04 20:00:00;642.6400;1590.2000;1409.8000;552.7700;2388.0900;9059.0400;47.4000;521.2200;2388.1500;8137.5200;8.4603;393.0000;0.040932;0.179650;0.002716;Healthy;WO317650;2114.95
03-Jul-2026;  ENG-068 ;170;2026-01-08 02:00:00;643.1900;1596.4200;1419.1900;552.9100;2388.1500;9071.5400;47.6900;520.8500;2388.2200;8155.2300;8.4500;394.0000;0.042999;0.801757;0.001245;Healthy;WO259123;546.06
03-Jul-2026;ENG-082;155;2026-01-07 11:00:00;643.7800;1592.3100;1416.0600;551.6500;2388.2100;9056.6400;47.9500;521.2500;2388.1400;8131.9100;8.4814;395.0000;-0.261337;1.051714;0.001465;Warning;WO400729;19772.96
2026-07-03;ENG-038;99;2026-01-05 03:00:00;642.8300;1589.9700;1414.5400;552.7300;2388.1200;9067.3600;47.5100;520.7500;2388.1300;8140.8000;8.4487;396.0000;0.006709;0.457675;0.001582;Warning;WO555948;1295.23
2026-07-03;ENG-082;159;2026-01-07 15:00:00;643.2000;1602.0500;1419.5600;552.3900;2388.2600;9049.4700;48.1500;520.0900;2388.2800;8123.8100;8.5014;396.0000;-0.655507;1.444485;0.016566;Warning;WO512363;21733.23
2026-07-03;ENG-010;166;2026-01-07 22:00:00;642.1700;1591.3300;1403.7000;554.1900;2388.0800;9059.1800;47.4200;521.9100;2388.0400;8145.7900;8.4361;392.0000;0.052888;-0.457775;0.001642;Warning;WO563143;3,547.50
03-Jul-2026;ENG-032;113;2026-01-05 17:00:00;642.2100;1591.5100;1400.2600;554.6500;2388.0100;9076.5000;47.3400;522.3500;2388.0200;8157.9600;8.4201;393.0000;0.067444;-0.806990;0.001744;Healthy;WO696210;2448.94
2026/07/03;ENG-007;134;2026-01-06 14:00:00;641.6800;1587.1700;1396.0700;553.6500;2388.0200;9065.2100;47.2700;521.7100;2388.0400;8142.8300;8.3976;392.0000;0.020541;-1.037851;0.001859;Healthy;WO161438;
2026-07-03;ENG-052;159;2026-01-07 15:00:00;642.9100;1592.5700;1398.2500;554.4400;2388.0400;9082.8900;47.4100;521.3800;2388.0900;8155.7200;8.4224;395.0000;0.077906;-0.335359;0.001148;Healthy;WO771176;615.18
2026-07-03;ENG-086;82;2026-01-04 10:00:00;642.3200;1593.0300;1403.3500;553.4600;2388.0600;9060.7800;47.3800;521.9400;2388.0900;8140.8900;8.4392;394.0000;0.063488;-0.273473;0.001462;Healthy;WO382919;2608.50
2026-07-03;ENG-093;230;2026-01-10 14:00:00;643.5300;1590.0400;1412.4900;552.2400;2388.1100;9072.9400;47.7500;520.7200;2388.1300;8142.5100;8.4684;394.0000;0.038222;0.544738;0.004775;Healthy;WO585410;787.66
2026/07/03;ENG-034;173;2026-01-08 05:00:00;642.5200;1583.2800;1409.6900;553.2000;2388.1400;9052.3400;47.7000;520.9400;2388.1600;8137.0000;8.4523;392.0000;0.031374;-0.060386;0.002197;Healthy;WO782991;1057.78
2026-07-03;ENG-035;181;2026-01-08 13:00:00;643.4800;1597.5800;1429.6600;551.9100;2388.1800;9072.7200;47.8400;520.2200;2388.1200;8152.7600;8.4761;393.0000;-0.087824;1.192398;0.010289;Warning;WO610787;19676.51
03-Jul-2026;ENG-043;134;2026-01-06 14:00:00;642.6700;1592.2100;1403.2400;553.6400;2388.0900;9056.6800;47.4600;520.7200;2388.0700;8133.0300;8.4359;394.0000;0.036422;0.010580;0.001138;Healthy;WO996594;1227.23
2026-07-03;ENG-021;125;2026-01-06 05:00:00;642.1400;1587.7600;1408.0800;553.5200;2388.0500;9073.2800;47.5100;522.1200;2388.0700;8150.5300;8.3984;394.0000;0.064649;-0.531194;0.002740;Healthy;WO894652;
2026-07-03;ENG-002;43;2026-01-02 19:00:00;642.8200;1588.4000;1405.0600;553.0100;2388.1100;9050.3200;47.5500;521.3100;2388.1500;8125.5600;8.4927;392.0000;0.005131;0.188615;0.001187;Healthy;WO447932;2,124.63
03-Jul-2026;eng-008;139;2026-01-06 19:00:00;642.4900;1593.3700;1410.5100;553.0600;2388.1200;9040.2700;47.5200;521.1100;2388.1200;8123.0500;8.4518;393.0000;-0.010973;0.098907;0.001198;Healthy;WO455303;
03-Jul-2026;ENG-100;168;2026-01-08 00:00:00;642.9400;1585.1600;1406.9500;553.8100;2388.0400;9099.3100;47.4700;521.6500;2388.0700;8181.4900;8.4520;393.0000;0.143840;-0.262614;0.009894;Warning;WO713281;23,822.02
03-Jul-2026;ENG-082;157;2026-01-07 13:00:00;643.0300;1598.6300;1422.4300;551.8700;2388.1800;9049.2200;47.9300;520.3600;2388.2100;8129.5000;8.4814;396.0000;-0.441626;1.269186;0.011022;Warning;WO796751;20,088.11
2026-07-03;eng-031;166;2026-01-07 22:00:00;642.6700;1583.4500;1420.2800;552.7200;2388.1700;9073.0400;47.6200;521.0100;2388.0600;8150.0500;8.4764;395.0000;0.028196;0.452249;0.001678;Healthy;WO184817;2909.63
03-Jul-2026;eng-081;213;2026-01-09 21:00:00;643.4900;1598.3500;1427.8300;551.5300;2388.2000;9075.2600;48.1100;519.6700;2388.2200;8148.3700;8.4987;397.0000;-0.472832;1.699260;0.005503;Warning;WO718218;12757.45
2026/07/03;ENG-040;117;2026-01-05 21:00:00;643.5600;1589.4600;1414.5500;552.0100;2388.1400;9068.1700;47.9800;520.6600;2388.1500;8146.8900;8.4861;396.0000;-0.088941;1.031912;0.008436;Warning;WO413352;24090.36
2026/07/03;ENG-089;166;2026-01-07 22:00:00;642.6200;1591.0400;1410.2400;553.1800;2388.0900;9060.0300;47.5700;521.3300;2388.0800;8124.4200;8.4405;394.0000;0.036725;0.010363;0.001158;Healthy;WO623453;2,603.52
2026-07-03;ENG-030;116;2026-01-05 20:00:00;642.3800;1597.0300;1407.7500;553.1500;2388.1200;9056.2000;47.4800;521.4200;2388.1000;8124.1300;8.4357;395.0000;0.000560;0.282270;0.002817;Warning;WO617792;1,476.44
2026/07/03;  ENG-090 ;111;2026-01-05 15:00:00;643.6000;1595.4700;1415.6700;553.1800;2388.1000;9063.8000;47.6100;521.2400;2388.1100;8140.7500;8.4539;395.0000;0.021320;0.595748;0.003974;Warning;WO114626;19,838.15
2026-07-03;ENG-087;45;2026-01-02 21:00:00;642.1800;1580.4100;1398.8700;553.8500;2388.0500;9065.7000;47.0800;522.1500;2388.0300;8144.8300;8.4110;391.0000;0.031117;-0.936259;0.002142;Healthy;WO685257;828.37
2026-07-03;ENG-002;45;2026-01-02 21:00:00;642.4800;1590.5200;1406.2000;553.8500;2388.0900;9045.9900;47.5000;521.6500;2388.1000;8128.2200;8.4467;392.0000;0.040914;-0.217998;0.001724;healthy;WO513101;657.42
2026-07-03;  ENG-049 ;293;2026-01-13 05:00:00;643.2400;1591.9500;1416.1200;552.5200;2388.2000;9046.4100;48.1100;520.5000;2388.1800;8133.6500;8.4663;394.0000;-0.346954;1.080168;0.009135;Warning;WO920791;23310.37
2026-07-03;  ENG-067 ;55;2026-01-03 07:00:00;642.4700;1583.5000;1401.0400;553.8500;2388.0100;9058.3700;47.4000;521.5600;2388.0700;8136.9300;8.4545;390.0000;0.030057;-0.606904;0.003334;Healthy;WO835178;2,036.32
03-Jul-2026;ENG-082;110;2026-01-05 14:00:00;642.7000;1589.8100;1405.0900;552.2300;2388.1100;9061.9700;47.5500;521.5400;2388.0800;8139.3200;8.4411;393.0000;0.078332;0.112809;0.003053;Healthy;WO920050;1,832.62
03-Jul-2026;ENG-093;166;2026-01-07 22:00:00;642.0400;1586.4000;1413.2300;553.5500;2388.0900;9060.4200;47.6200;521.7400;2388.0900;8143.8900;8.4362;393.0000;0.077815;-0.109058;0.002462;HEALTHY;WO166485;2860.27
2026/07/03;ENG-080;125;2026-01-06 05:00:00;642.6800;1594.2200;1404.6300;553.3200;2388.0500;9068.5600;47.4900;521.3000;2388.1200;8143.4000;8.4586;394.0000;0.079982;0.144390;0.004818;Warning;WO429002;7259.09
2026/07/03;ENG-091;170;2026-01-08 02:00:00;643.0000;1592.3600;1412.7000;553.3700;2388.2000;9051.6200;47.6100;521.1900;2388.1800;8130.3200;8.4515;394.0000;-0.039697;0.450648;0.004432;healthy;WO884449;307.58
2026-07-03;ENG-019;117;2026-01-05 21:00:00;642.1600;1588.9100;1397.2700;554.3600;2388.0700;9063.1400;47.2400;521.7700;2388.1100;8142.1200;8.4034;394.0000;0.021882;-0.662381;0.001991;Healthy;WO559894;1,568.94
2026/07/03;ENG-042;149;2026-01-07 05:00:00;642.8900;1594.3900;1416.2800;552.3700;2388.2200;9038.9500;47.9200;520.2400;2388.2300;8115.3000;8.4683;394.0000;-0.398867;1.010235;0.006496;WARNING;WO344588;7371.50
2026/07/03;ENG-066;128;2026-01-06 08:00:00;642.6600;1596.4200;1414.3000;553.3400;2388.1300;9094.9300;47.6300;520.8900;2388.0700;8176.8700;8.4598;394.0000;0.343543;0.640613;0.018335;Warning;WO843014;7363.94
2026-07-03;ENG-035;198;2026-01-09 06:00:00;643.4000;1602.0200;1428.4200;551.7600;2388.2600;9079.8800;48.1000;519.8100;2388.2200;8153.8500;8.5141;395.0000;-0.394427;1.674345;0.008937;Warning;WO660270;17778.59
2026/07/03;ENG-098;94;2026-01-04 22:00:00;642.5700;1588.4300;1410.6700;553.9900;2388.0900;9061.3800;47.6000;521.8900;2388.1100;8138.4300;8.4387;392.0000;0.058823;-0.269212;0.002545;healthy;WO302641;102.12
03-Jul-2026;ENG-013;153;2026-01-07 09:00:00;642.5300;1587.9900;1400.4200;554.0900;2388.0400;9065.0500;47.4300;522.0800;2388.0800;8144.4600;8.4254;392.0000;0.045801;-0.727402;0.000977;healthy;WO891500;674.44
2026-07-03;ENG-001;31;2026-01-02 07:00:00;642.5800;1581.2200;1398.9100;554.4200;2388.0800;9056.4000;47.2300;521.7900;2388.0600;8130.1100;8.4024;393.0000;-0.006745;-0.732708;0.004475;Healthy;WO722420;252.79
2026/07/03;eng-091;175;2026-01-08 07:00:00;643.2700;1594.1400;1417.3900;552.0900;2388.1500;9049.2600;47.7300;520.9800;2388.1700;8132.0800;8.4422;393.0000;-0.029663;0.663860;0.006263;Warning;WO420906;24,171.19
03-Jul-2026;  ENG-066 ;142;2026-01-06 22:00:00;643.2500;1599.4800;1422.5700;552.4600;2388.0900;9115.7500;47.6100;520.3500;2388.1700;8184.4100;8.4419;394.0000;0.628084;1.155320;0.010529;Warning;WO287107;2061.35
2026/07/03;ENG-074;120;2026-01-06 00:00:00;642.4900;1587.8400;1408.1700;553.0300;2388.0600;9060.2900;47.4600;521.5200;2388.0700;8143.6800;8.4227;394.0000;0.079365;-0.075562;0.001035;Healthy;WO841463;601.26
2026-07-03;ENG-004;93;2026-01-04 21:00:00;643.2500;1589.0500;1403.4000;553.2900;2388.1400;9050.1100;47.6300;521.5900;2388.0900;8131.2000;8.4496;394.0000;0.025679;0.082291;0.002276;Healthy;WO474392;442.34
2026/07/03;eng-049;206;2026-01-09 14:00:00;642.9500;1586.8200;1404.4700;553.7200;2388.0500;9069.9800;47.4700;522.1700;2388.0800;8142.6700;8.4106;394.0000;0.058131;-0.439741;0.001949;Healthy;WO764544;1159.25
2026/07/03;ENG-084;144;2026-01-07 00:00:00;643.0800;1593.5300;1411.2400;553.5600;2388.1200;9048.9200;47.5300;520.9300;2388.1400;8134.5200;8.4594;394.0000;-0.009839;0.326797;;Warning;WO267840;5151.06
2026/07/03;ENG-073;95;2026-01-04 23:00:00;642.1500;1589.5700;1400.5300;553.9800;2388.0200;9050.0500;47.3200;521.8500;2388.0700;8137.1300;8.4319;393.0000;0.021313;-0.642255;0.000345;Healthy;WO485551;2,434.39
2026/07/03;ENG-085;29;2026-01-02 05:00:00;642.6600;1592.5800;1410.3500;553.7300;2388.1100;9055.7500;47.5000;522.0100;2388.1000;8128.1400;8.4188;393.0000;0.051872;-0.277110;0.000299;Healthy;WO528371;2304.35
2026/07/03;ENG-016;95;2026-01-04 23:00:00;642.2700;1583.2300;1402.1300;554.3500;2388.0700;9054.8600;47.3300;522.3400;2388.0700;8142.0800;8.4164;390.0000;0.018931;-0.993557;0.001269;healthy;WO850798;787.48
03-Jul-2026;ENG-037;108;2026-01-05 12:00:00;642.6300;1596.7100;1411.3300;552.3500;2388.1400;9049.5300;47.7200;521.3400;2388.1700;8121.9000;8.4624;395.0000;-0.030692;0.510191;0.003257;Healthy;WO229880;2,317.58
2026-07-03;ENG-024;174;2026-01-08 06:00:00;643.0800;1595.8100;1410.3300;553.2800;2388.0300;9125.4900;47.3600;521.1300;2388.1200;8202.4200;8.4719;395.0000;0.811576;0.717903;0.036835;Warning;WO262002;6761.14
2026-07-03;eng-020;139;2026-01-06 19:00:00;642.9400;1600.4400;1405.3500;552.7100;2388.0600;9059.3200;47.6800;521.7000;2388.1300;8145.3100;8.4258;392.0000;0.100676;0.141510;0.002605;Warning;WO840920;13,212.51
2026-07-03;ENG-068;186;2026-01-08 18:00:00;643.3200;1605.1800;1422.2300;551.3400;2388.1900;9091.6700;47.8200;520.0200;2388.2000;8155.0600;8.5229;397.0000;-0.235485;1.736303;0.002128;Warning;WO177360;20273.92
03-Jul-2026;eng-021;144;2026-01-07 00:00:00;642.4500;1594.4000;1407.1300;553.8200;2388.0500;9078.7000;47.3500;521.9100;2388.0100;8167.7300;8.4161;393.0000;0.102325;-0.350179;0.002688;Warning;WO691970;17,409.94
03-Jul-2026;  ENG-010 ;167;2026-01-07 23:00:00;642.4400;1588.5300;1400.1100;554.6100;2388.1000;9070.7300;47.4900;521.9500;2388.0200;8146.8900;8.4298;392.0000;0.048527;-0.677018;0.001891;Healthy;WO286614;1059.42
03-Jul-2026;ENG-074;131;2026-01-06 11:00:00;642.4500;1592.9600;1406.2900;553.3600;2388.1600;9063.5900;47.4300;521.7600;2388.1200;8142.8000;8.4170;394.0000;0.064507;-0.070140;0.002728;Healthy;WO654262;2086.82
03-Jul-2026;  ENG-080 ;101;2026-01-05 05:00:00;642.5400;1587.7400;1402.8500;554.2400;2388.0700;9071.3800;47.6500;521.6100;2388.1100;8148.3400;8.4332;393.0000;0.076634;-0.226684;0.001198;Healthy;WO735304;2,850.48
2026-07-03;eng-093;210;2026-01-09 18:00:00;642.9900;1600.2600;1409.0900;553.2500;2388.1500;9072.3800;47.7100;520.9900;2388.1400;8148.1700;8.4687;393.0000;0.041755;0.531971;0.005377;Healthy;WO206318;
2026-07-03;ENG-043;121;2026-01-06 01:00:00;642.5300;1582.2000;1409.9700;554.1400;2388.1200;9053.3200;47.5200;521.5700;2388.1000;8129.4900;8.4389;394.0000;0.035294;-0.252793;0.001408;Healthy;WO423546;1376.48
03-Jul-2026;ENG-079;69;2026-01-03 21:00:00;642.6100;1587.8300;1406.8500;554.3000;2388.0500;9041.4600;47.4300;521.5800;2388.0900;8133.5000;8.4233;390.0000;0.014209;-0.565324;0.000752;Healthy;WO661262;788.98
03-Jul-2026;  ENG-095 ;77;2026-01-04 05:00:00;642.0900;1585.2100;1402.7800;553.5600;2388.0600;9049.7600;47.5000;521.9900;2388.1200;8129.0100;8.4238;392.0000;0.033691;-0.526366;0.002724;Healthy;WO251974;2,667.61
03-Jul-2026;ENG-017;126;2026-01-06 06:00:00;642.4500;1591.0900;1405.1000;553.7300;2388.0100;9079.7500;47.5200;521.7200;2388.0700;8157.9100;8.4337;393.0000;0.100673;-0.308041;0.005986;Healthy;WO499251;817.95
03-Jul-2026;ENG-038;91;2026-01-04 19:00:00;642.4400;1591.2300;1409.0400;552.8100;2388.1500;9054.8000;47.6100;520.9600;2388.1400;8141.2300;8.4418;393.0000;0.018200;0.292419;0.002021;Healthy;WO877655;2,352.69
2026-07-03;ENG-016;101;2026-01-05 05:00:00;642.5800;1582.6200;1400.1200;553.7800;2388.0400;9067.5300;47.2600;521.7600;2388.0200;8140.0400;8.3781;392.0000;0.039617;-0.923006;0.002100;Healthy;WO675201;228.12
2026/07/03;  ENG-083 ;52;2026-01-03 04:00:00;642.6500;1574.9300;1408.4700;554.3600;2388.1300;9058.7300;47.1200;522.1400;2388.0800;8137.3000;8.4178;393.0000;-0.008774;-0.717848;0.003248;Healthy;WO916585;330.53
03-Jul-2026;ENG-043;118;2026-01-05 22:00:00;642.4200;1584.5200;1407.5100;552.8500;2388.1600;9057.3300;47.4300;521.9800;2388.1400;8132.7600;8.4039;392.0000;0.036808;-0.237150;0.000854;Healthy;WO988107;2985.61
2026/07/03;ENG-089;141;2026-01-06 21:00:00;642.8200;1591.0500;1410.4400;553.1500;2388.1400;9048.0500;47.5900;521.1900;2388.1100;8129.8400;8.3927;393.0000;0.018115;0.014708;0.003327;Healthy;WO619697;1,625.81
2026-07-03;ENG-049;275;2026-01-12 11:00:00;642.9600;1593.6500;1414.3100;552.4600;2388.2000;9051.3900;47.6700;521.0900;2388.2200;8129.8300;8.4692;394.0000;-0.051155;0.631357;0.003243;Warning;WO737361;4,975.29
2026/07/03;  ENG-080 ;92;2026-01-04 20:00:00;642.0300;1588.6200;1410.9700;554.5600;2388.0700;9059.8700;47.5100;521.5900;2388.0800;8143.4400;8.4277;394.0000;-0.049190;-2.647693;0.005304;Healthy;WO340448;1242.22
2026/07/03;  ENG-077 ;144;2026-01-07 00:00:00;643.0800;1583.0300;1411.0400;553.0600;2388.1300;9047.1800;47.5100;521.2000;2388.2000;8122.1300;8.4584;393.0000;-0.026978;0.220166;0.001827;Healthy;WO823434;1951.38
2026-07-03;  ENG-026 ;53;2026-01-03 05:00:00;642.3000;1577.3800;1404.8800;554.1400;2388.0000;9068.2300;47.3700;521.9200;2388.0400;8142.7500;8.3985;392.0000;0.028592;-0.800209;0.001875;Healthy;WO452666;2,045.15
03-Jul-2026;ENG-100;147;2026-01-07 03:00:00;642.8100;1582.2000;1409.0500;554.2000;2388.0500;9080.2500;47.4300;521.7500;2388.0600;8160.1100;8.4471;392.0000;0.069463;-0.621396;0.001638;Healthy;WO469673;1252.03
2026/07/03;ENG-062;199;2026-01-09 07:00:00;642.7300;1589.3900;1411.1700;553.8900;2388.0400;9070.1100;47.5400;521.6900;2388.0400;8155.6800;8.4156;392.0000;0.093630;-0.226531;0.004872;Healthy;WO170987;159.08
2026/07/03;ENG-035;183;2026-01-08 15:00:00;643.7000;1600.2200;1415.3200;552.2600;2388.2500;9070.2100;47.9900;520.6300;2388.2300;8150.9400;8.4903;394.0000;-0.233654;1.284705;0.006871;Warning;WO268814;14065.31
03-Jul-2026;ENG-035;142;2026-01-06 22:00:00;642.4600;1592.5200;1417.0800;552.3200;2388.1900;9063.5100;47.5800;520.9800;2388.1500;8142.5800;8.4980;392.0000;0.001565;0.576160;0.003715;Warning;WO119084;20999.91
03-Jul-2026;ENG-089;171;2026-01-08 03:00:00;643.0600;1594.9100;1405.8500;552.8000;2388.1000;9049.4900;47.5700;522.3100;2388.1600;8129.1500;8.4347;393.0000;0.054195;0.096134;0.001732;Healthy;WO202187;503.62
03-Jul-2026;ENG-017;143;2026-01-06 23:00:00;642.3000;1585.1800;1404.8100;553.2300;2388.0600;9090.6200;47.5500;522.2400;2388.0600;8157.5500;8.4143;394.0000;0.096397;-0.393907;0.011237;Warning;WO294119;13,598.22
03-Jul-2026;ENG-006;74;2026-01-04 02:00:00;642.5800;1592.8700;1411.1900;552.8900;2388.0600;9054.8100;47.4500;521.6500;2388.1100;8135.5800;8.4471;393.0000;0.066051;0.049535;0.003679;Healthy;WO424345;436.69
03-Jul-2026;ENG-080;116;2026-01-05 20:00:00;642.8600;1595.7100;1408.4800;553.8000;2388.1200;9063.5500;47.5100;521.6900;2388.0700;8142.8000;8.4452;393.0000;0.090224;-0.006454;0.002600;Healthy;WO980470;2481.82
2026-07-03;ENG-042;154;2026-01-07 10:00:00;643.0700;1597.8200;1420.8700;552.0500;2388.2900;9034.0500;47.9100;519.6000;2388.2600;8113.2600;8.4866;396.0000;-0.856640;1.453223;0.018740;Warning;WO698157;5941.84
2026/07/03;ENG-093;219;2026-01-10 03:00:00;643.0800;1597.7500;1414.2700;552.5900;2388.1600;9072.5700;47.5500;521.6600;2388.0900;8150.9000;8.4775;396.0000;0.073405;0.676679;0.004977;Warning;WO702252;6875.67
2026/07/03;ENG-008;142;2026-01-06 22:00:00;642.1200;1582.1700;1413.3300;554.1100;2388.1100;9050.9200;47.5000;520.8000;2388.1100;8131.8700;8.4047;393.0000;0.009524;-0.155135;0.001647;Healthy;WO813972;1,063.76
2026-07-03;ENG-097;101;2026-01-05 05:00:00;642.7000;1586.4000;1403.4300;554.3100;2388.0300;9070.9800;47.2700;521.7900;2388.0300;8148.5300;8.3972;391.0000;0.025766;-0.842206;0.001843;Healthy;WO203580;2,898.29
03-Jul-2026;ENG-097;124;2026-01-06 04:00:00;642.6400;1587.6100;1396.6000;553.8200;2388.0600;9078.0600;47.3000;522.3900;2388.0300;8152.7700;8.4004;393.0000;0.059059;-0.871805;0.000423;Healthy;WO746499;76.66
2026/07/03;ENG-003;126;2026-01-06 06:00:00;642.8800;1589.7500;1418.8900;552.5900;2388.1600;9049.2600;47.8800;520.8300;2388.1400;8131.4600;8.4119;395.0000;-0.038364;0.494889;0.002894;Warning;WO229129;24682.60
03-Jul-2026;ENG-030;143;2026-01-06 23:00:00;642.5400;1599.2200;1408.6200;553.0100;2388.1200;9057.7100;47.6100;521.3200;2388.1300;8135.4400;8.4829;393.0000;0.031231;0.296377;0.002971;Warning;WO703467;
2026/07/03;  ENG-036 ;96;2026-01-05 00:00:00;643.0500;1594.1000;1411.6700;552.4300;2388.1800;9057.4800;47.8800;521.0000;2388.1900;8142.7500;8.4981;395.0000;-0.122160;0.904049;0.003929;warning;WO381143;4,741.67
03-Jul-2026;  ENG-074 ;116;2026-01-05 20:00:00;641.9800;1592.2700;1399.8800;554.3400;2388.0900;9053.2300;47.5700;521.5800;2388.0600;8140.3100;8.4262;392.0000;0.041011;-0.482944;0.002241;Healthy;WO851840;124.67
2026/07/03;ENG-051;125;2026-01-06 05:00:00;642.5800;1590.6500;1402.2400;553.3400;2388.1200;9054.4100;47.4400;521.1800;2388.1200;8130.4500;8.4317;393.0000;0.030463;0.007734;0.001175;Healthy;WO978552;2696.64
2026/07/03;ENG-054;96;2026-01-05 00:00:00;642.3900;1582.7400;1395.3100;554.5800;2388.0200;9055.2800;47.2500;522.3700;2387.9800;8144.5200;8.4049;391.0000;0.052611;-1.115664;0.000913;Healthy;WO989869;2,345.57
2026/07/03;ENG-013;141;2026-01-06 21:00:00;642.6400;1588.6700;1404.7500;554.2600;2388.0600;9062.8600;47.3200;521.9300;2387.9900;8146.3000;8.4004;392.0000;0.040598;-0.798232;0.002537;Healthy;WO826737;181.72
2026-07-03;ENG-092;139;2026-01-06 19:00:00;642.9500;1592.9700;1422.2900;552.0300;2388.2600;9042.5100;47.8500;521.3600;2388.1400;8126.6400;8.4627;395.0000;-0.142135;0.818949;0.001505;Warning;WO603957;2,753.92
2026-07-03;ENG-081;152;2026-01-07 08:00:00;642.1000;1587.0600;1408.0700;553.1900;2388.1000;9072.4700;47.4300;520.8600;2388.1100;8147.7900;8.4523;393.0000;0.075142;-0.014665;0.002287;Healthy;WO832347;1,085.03
2026-07-03;ENG-004;104;2026-01-05 08:00:00;642.8500;1588.9200;1406.1600;553.5300;2388.1500;9054.6000;47.6800;521.2400;2388.1400;8133.9400;8.4646;392.0000;0.018719;0.155717;0.000106;Healthy;WO386877;594.91
2026/07/03;ENG-018;121;2026-01-06 01:00:00;643.2100;1599.2800;1404.9200;552.9800;2388.1200;9062.0000;47.6200;521.1700;2388.1200;8138.8400;8.4279;393.0000;0.043726;0.317737;0.001392;Healthy;WO121969;1189.56
03-Jul-2026;ENG-043;129;2026-01-06 09:00:00;642.9300;1589.5500;1408.3800;553.2300;2388.0500;9052.8800;47.5200;521.8200;2388.1500;8139.8000;8.4567;393.0000;0.059004;0.113960;0.002081;Healthy;WO257367;832.41
03-Jul-2026;ENG-005;89;2026-01-04 17:00:00;642.7000;1592.5500;1408.9300;553.5400;2388.1000;9053.8500;47.4400;521.1300;2388.0900;8138.9800;8.4675;393.0000;0.027395;0.224419;0.003183;Healthy;WO860325;2,356.06
2026/07/03;ENG-062;168;2026-01-08 00:00:00;642.8700;1581.2300;1406.6700;554.0200;2388.0200;9067.1500;47.2400;522.1600;2387.9700;8148.6000;8.4382;391.0000;0.054088;-0.749270;0.002156;Healthy;WO685913;2369.18
03-Jul-2026;ENG-067;71;2026-01-03 23:00:00;642.3900;1593.8600;1409.9700;554.5200;2388.1200;9046.2600;47.2700;521.7500;2388.1100;8141.9800;8.3732;392.0000;0.019958;-0.413715;0.000473;Healthy;WO492790;2324.01
03-Jul-2026;ENG-055;100;2026-01-05 04:00:00;642.5400;1593.5200;1406.8600;553.7900;2388.0500;9055.8700;47.2900;522.7100;2387.9900;8138.5800;8.4108;392.0000;0.056217;-0.731290;0.003275;Healthy;WO370877;538.54
2026/07/03;ENG-040;109;2026-01-05 13:00:00;642.8900;1595.6900;1413.8300;552.3800;2388.1000;9067.3600;47.7600;520.9500;2388.1600;8140.0300;8.4581;395.0000;0.008003;0.711410;0.008461;Warning;WO909016;22,409.26
2026/07/03;  ENG-025 ;46;2026-01-02 22:00:00;642.3100;1592.8500;1403.6800;553.9100;2388.0500;9054.9400;47.3900;522.5000;2388.0800;8135.5600;8.3981;392.0000;0.035904;-0.670720;0.002980;Healthy;WO172576;141.07
2026/07/03;ENG-003;115;2026-01-05 19:00:00;642.6000;1592.3800;1414.5700;553.4100;2388.1400;9051.6300;47.6800;521.0600;2388.1700;8130.5700;8.4732;393.0000;-0.018169;0.345498;0.003968;Warning;WO746888;5651.64
2026-07-03;ENG-040;105;2026-01-05 09:00:00;642.7800;1588.0200;1411.7900;552.4400;2388.1600;9063.2800;47.9100;520.3300;2388.1500;8138.2300;8.4350;394.0000;-0.070804;0.708204;0.002251;Warning;WO425508;21172.98
2026-07-03;ENG-037;96;2026-01-05 00:00:00;642.6700;1584.7100;1408.0800;553.7900;2388.1600;9047.3700;47.5100;521.8700;2388.1600;8128.5300;8.4229;393.0000;0.013237;-0.084003;0.002646;healthy;WO913963;426.90
2026/07/03;ENG-090;141;2026-01-06 21:00:00;643.1000;1595.5800;1420.9600;553.2400;2388.1100;9082.7000;47.6500;521.4600;2388.1300;8153.2000;8.4587;393.0000;0.101189;0.581217;0.009964;Warning;WO974508;24,193.04
03-Jul-2026;  ENG-087 ;50;2026-01-03 02:00:00;641.6700;1586.3600;1393.7300;553.6500;2388.0100;9065.6500;47.4300;522.3500;2388.0500;8142.4500;8.4060;392.0000;0.047870;-1.046623;0.000846;Healthy;WO915003;698.78
03-Jul-2026;ENG-094;113;2026-01-05 17:00:00;642.7600;1583.0900;1408.0300;552.8100;2388.1500;9059.9300;47.4800;521.0900;2388.1100;8129.9400;8.4680;394.0000;0.006686;0.238669;0.002718;Healthy;WO217620;2898.10
2026/07/03;eng-092;147;2026-01-07 03:00:00;643.0800;1599.4200;1424.1200;551.4500;2388.2000;9046.7100;48.0100;520.6500;2388.2000;8122.2600;8.4812;397.0000;-0.576291;1.381476;0.009935;Warning;WO408727;9,392.81
03-Jul-2026;ENG-040;95;2026-01-04 23:00:00;642.4000;1585.5000;1419.0800;551.9900;2388.1200;9053.6500;47.7100;520.6300;2388.1000;8138.8500;8.4545;393.0000;-0.015149;0.489490;0.004725;Healthy;WO100926;189.26
03-Jul-2026;  ENG-031 ;170;2026-01-08 02:00:00;642.4600;1589.1100;1415.4100;552.8100;2388.1500;9081.0200;47.7600;520.8500;2388.1000;8153.6300;8.4903;393.0000;0.097119;0.552763;0.003127;Warning;WO657610;14456.59
2026-07-03;eng-091;180;2026-01-08 12:00:00;642.8800;1592.9200;1409.1600;552.5500;2388.2200;9061.6900;47.7400;521.0900;2388.1800;8119.8900;8.5043;394.0000;-0.199322;0.858455;0.008214;Warning;WO965268;18722.36
2026/07/03;ENG-031;158;2026-01-07 14:00:00;643.0300;1587.4000;1411.7000;553.4200;2388.1200;9078.6600;47.4100;521.0300;2388.1300;8150.0900;8.4498;394.0000;0.074376;0.170414;0.001753;Warning;WO919697;22,909.23
2026-07-03;ENG-059;94;2026-01-04 22:00:00;642.1800;1584.2400;1401.2100;553.7200;2388.0000;9055.0000;47.0800;521.7800;2388.0500;8140.3900;8.4267;390.0000;0.018417;-1.005476;0.000488;Healthy;WO810890;1349.54
03-Jul-2026;ENG-038;97;2026-01-05 01:00:00;643.1500;1592.4700;1404.8200;552.5600;2388.1200;9067.9200;47.6900;521.0000;2388.0800;8138.1600;8.5116;393.0000;0.037309;0.428498;0.001606;Warning;WO781978;23,077.49
2026-07-03;ENG-068;145;2026-01-07 01:00:00;643.3900;1590.3500;1410.6900;553.6200;2388.1300;9065.5500;47.7000;520.6700;2388.1300;8143.0100;8.4563;393.0000;0.015545;0.381383;0.000669;Healthy;WO625517;175.81
03-Jul-2026;ENG-057;140;2026-01-06 20:00:00;642.4200;1595.5500;1400.2400;552.9900;2388.1000;9040.1500;47.7000;521.1300;2388.1800;8133.1600;8.4112;393.0000;0.007823;0.164287;0.001712;Healthy;WO236156;2637.60
2026/07/03;eng-077;127;2026-01-06 07:00:00;642.6800;1583.4700;1409.8500;553.4900;2388.1400;9049.3700;47.5200;521.6500;2388.0900;8131.7000;8.4552;394.0000;0.018272;-0.016511;0.002096;Healthy;WO255519;682.60
2026-07-03;  ENG-092 ;123;2026-01-06 03:00:00;643.1000;1590.6700;1417.1500;552.6000;2388.2000;9035.3300;47.9400;520.8400;2388.1900;8120.1300;8.4936;394.0000;-0.284778;0.917210;0.005304;Warning;WO210887;23441.49
03-Jul-2026;ENG-082;148;2026-01-07 04:00:00;643.1900;1601.3000;1418.5900;552.6000;2388.1600;9059.8100;47.8900;520.3400;2388.2100;8127.8800;8.4974;392.0000;-0.189629;1.008379;0.009341;Warning;WO302955;23683.43
03-Jul-2026;eng-035;143;2026-01-06 23:00:00;643.4700;1589.9800;1420.7400;553.0400;2388.1300;9060.5300;47.6500;520.8900;2388.0900;8138.4200;8.4699;394.0000;-0.020196;0.682069;0.004478;Warning;WO163033;11,061.52
03-Jul-2026;ENG-029;115;2026-01-05 19:00:00;642.8000;1589.2400;1401.1700;553.7700;2388.0600;9055.1000;47.4700;521.9000;2388.0200;8141.7900;8.4297;392.0000;0.048393;-0.521604;0.003453;Healthy;WO400100;2366.16
2026-07-03;eng-094;108;2026-01-05 12:00:00;642.7300;1597.3400;1412.3100;553.0200;2388.1500;9058.7800;47.4200;520.9800;2388.1400;8139.3600;8.4286;393.0000;0.021642;0.310929;0.002736;Healthy;WO285302;95.51
03-Jul-2026;ENG-096;87;2026-01-04 15:00:00;642.6900;1589.3600;1394.0100;554.3700;2388.0300;9069.0400;47.2800;523.0400;2388.0400;8147.1300;8.4014;391.0000;0.063925;-1.126619;0.002072;Healthy;WO274972;1303.25
2026-07-03;eng-038;96;2026-01-05 00:00:00;642.7400;1590.1800;1415.5200;552.6300;2388.1300;9055.8800;47.4900;521.0400;2388.0900;8135.5500;8.4308;393.0000;0.014699;0.303562;0.001857;Warning;WO332236;19,985.92
2026/07/03;ENG-049;257;2026-01-11 17:00:00;643.0100;1593.4900;1405.7900;552.6300;2388.1200;9057.6300;47.5900;520.9300;2388.1300;8137.4300;8.4706;393.0000;0.025292;0.321303;0.002035;HEALTHY;WO562367;1019.26
2026-07-03;ENG-050;74;2026-01-04 02:00:00;642.6600;1582.5900;1397.6500;553.1800;2388.0500;9066.8400;47.5000;521.9100;2388.0600;8142.0700;8.4719;393.0000;0.072362;-0.361669;0.000559;Healthy;WO178973;1339.08
03-Jul-2026;  ENG-013 ;192;2026-01-09 00:00:00;642.4700;1592.9000;1404.9800;552.8400;2388.1100;9062.8900;47.4200;521.8200;2388.1000;8147.4300;8.3998;393.0000;0.070356;-0.308876;0.000323;healthy;WO892005;972.75
2026/07/03;ENG-012;196;2026-01-09 04:00:00;643.2400;1584.1600;1397.0200;554.3400;2388.0300;9072.3500;47.4500;521.9700;2388.0400;8150.2100;8.4208;392.0000;0.047817;-0.622725;0.002142;Healthy;WO510898;970.59
2026/07/03;ENG-029;160;2026-01-07 16:00:00;642.5100;1591.8100;1403.1200;553.4000;2388.0600;9066.8300;47.4500;521.8200;2388.0400;8151.9600;8.4268;393.0000;0.082401;-0.312410;0.001633;Healthy;WO622157;292.07
2026-07-03;eng-062;161;2026-01-07 17:00:00;642.4600;1582.0000;1400.5200;553.2300;2388.0300;9065.9100;47.3600;522.0800;2388.0400;8150.6400;8.3779;392.0000;0.044082;-0.956510;0.001582;Healthy;WO895034;1872.15
2026-07-03;ENG-082;112;2026-01-05 16:00:00;642.6300;1587.1000;1409.3000;553.1600;2388.1500;9060.5000;47.5400;521.7800;2388.1500;8134.4100;8.4171;393.0000;0.057508;-0.050476;0.001546;Healthy;WO515725;668.42
2026-07-03;eng-041;104;2026-01-05 08:00:00;642.8600;1588.4600;1412.0800;552.8400;2388.1000;9040.8400;47.5800;521.5200;2388.1300;8123.3700;8.4264;393.0000;-0.000792;0.112072;0.002387;Healthy;WO427879;2,649.97
2026-07-03;ENG-010;169;2026-01-08 01:00:00;642.6700;1590.1800;1407.8900;553.7600;2388.0900;9056.0000;47.4800;521.4300;2388.0600;8141.4900;8.3970;393.0000;0.054924;-0.229615;0.002355;Healthy;WO703430;2,457.65
2026-07-03;ENG-075;65;2026-01-03 17:00:00;642.3900;1578.5800;1407.7200;553.4800;2388.0400;9057.4800;47.4600;522.1300;2388.0400;8137.3400;8.4044;393.0000;0.039467;-0.491339;0.000922;Healthy;WO221343;1,091.47
2026-07-03;  ENG-016 ;106;2026-01-05 10:00:00;642.4500;1582.3700;1410.8500;554.1300;2388.0400;9061.5100;47.3100;522.5700;2388.0300;8138.6900;8.4352;394.0000;0.047682;-0.573930;0.002342;Healthy;WO148427;689.64
2026/07/03;  ENG-003 ;92;2026-01-04 20:00:00;642.2800;1593.3600;1416.2400;553.0800;2388.1400;9049.2900;47.4100;520.7200;2388.1100;8128.3200;8.4676;394.0000;-0.018651;0.268459;0.000680;healthy;WO204568;301.96
2026-07-03;ENG-021;137;2026-01-06 17:00:00;642.0800;1579.6500;1403.6900;554.5300;2388.0000;9084.2000;47.3100;521.9000;2388.0200;8158.7800;8.4299;393.0000;0.044724;-0.931086;0.001601;Healthy;WO350297;1570.49
2026-07-03;ENG-049;229;2026-01-10 13:00:00;643.3900;1588.3800;1403.2300;553.8300;2388.0100;9060.1300;47.6200;521.2000;2388.0600;8138.7500;8.4609;392.0000;0.082777;0.015100;0.002226;Healthy;WO214646;2,150.31
2026/07/03;ENG-084;120;2026-01-06 00:00:00;642.5000;1596.7800;1405.9900;553.1500;2388.1500;9056.9600;47.6300;521.8400;2388.1100;8135.9100;8.4697;394.0000;0.032572;0.264765;0.001537;HEALTHY;WO300323;355.14
03-Jul-2026;ENG-037;120;2026-01-06 00:00:00;642.9900;1581.0100;1410.4300;553.2200;2388.2100;9036.0900;47.7700;521.0900;2388.1900;8117.7600;8.4574;393.0000;-0.096874;0.369699;0.019870;Healthy;WO665658;1913.89
2026/07/03;eng-093;211;2026-01-09 19:00:00;643.0400;1595.3500;1417.9400;553.0100;2388.1300;9074.1300;47.6700;521.0100;2388.1600;8148.4400;8.4377;395.0000;0.024266;0.598200;0.002114;Healthy;WO298085;452.18
2026-07-03;ENG-090;137;2026-01-06 17:00:00;642.9400;1596.7100;1417.8300;552.8100;2388.1500;9073.3500;47.7300;521.1800;2388.1400;8154.5100;8.4630;394.0000;0.087701;0.783290;0.017317;Warning;WO793451;3,798.41
2026/07/03;ENG-066;112;2026-01-05 16:00:00;643.8000;1590.0600;1411.7200;553.1200;2388.0800;9083.2200;47.5400;521.0400;2388.0800;8159.8900;8.4344;391.0000;0.120797;0.193871;0.009443;Healthy;WO863484;116.83
2026/07/03;ENG-061;135;2026-01-06 15:00:00;642.6400;1587.5400;1411.6000;553.5400;2388.0400;9063.7000;47.7100;521.1400;2388.1300;8145.1700;8.4313;393.0000;0.056102;0.192952;0.002392;warning;WO662156;16381.64
03-Jul-2026;ENG-068;126;2026-01-06 06:00:00;642.8700;1592.6900;1412.1800;553.3500;2388.0400;9066.0300;47.5400;521.3700;2388.1000;8138.6100;8.4567;392.0000;0.080318;0.080426;0.002247;Healthy;WO665918;2,490.12
03-Jul-2026;ENG-036;89;2026-01-04 17:00:00;643.2600;1588.8300;1422.0000;552.6900;2388.1600;9063.9300;47.7800;520.6300;2388.1800;8137.6100;8.4340;394.0000;-0.039054;0.741274;0.002525;Warning;WO564138;14,667.16
2026-07-03;ENG-096;78;2026-01-04 06:00:00;642.1700;1586.5700;1401.0400;554.0600;2388.0100;9065.7400;47.2500;522.3100;2388.0100;8148.4400;8.4158;393.0000;0.050438;-0.900024;0.001444;Healthy;WO837632;2840.04
2026-07-03;ENG-035;177;2026-01-08 09:00:00;643.5200;1598.2700;1421.9300;551.6700;2388.2100;9073.1500;47.9000;520.2600;2388.1900;8146.7400;8.4950;395.0000;-0.321272;1.433749;;Warning;WO956799;12,478.79
03-Jul-2026;ENG-034;186;2026-01-08 18:00:00;643.3600;1598.5500;1424.1400;551.8600;2388.1900;9052.7900;47.8000;521.0000;2388.1700;8121.2700;8.4861;393.0000;-0.189472;0.966159;;Warning;WO215545;24,894.52
03-Jul-2026;  ENG-081 ;167;2026-01-07 23:00:00;642.7000;1597.7100;1414.5400;553.0700;2388.1600;9062.8600;47.6400;521.3000;2388.0900;8153.6500;8.4632;395.0000;0.040412;0.422469;0.003325;Warning;WO659026;14,787.38
03-Jul-2026;ENG-008;129;2026-01-06 09:00:00;642.2600;1589.7100;1416.5700;552.8900;2388.1400;9044.0600;47.6400;521.8700;2388.1000;8128.1600;8.4502;393.0000;0.012516;0.071693;0.003294;Healthy;WO132487;807.54
03-Jul-2026;eng-026;74;2026-01-04 02:00:00;642.1800;1591.6700;1394.6000;553.6500;2388.0400;9068.3500;47.3900;521.8700;2388.0800;8146.3300;8.3926;393.0000;0.041781;-0.769312;0.002156;Healthy;WO505367;
03-Jul-2026;ENG-076;188;2026-01-08 20:00:00;643.3800;1599.6300;1416.4000;552.2700;2388.1300;9093.6800;47.7600;520.1600;2388.1300;8167.5300;8.4657;395.0000;0.257601;1.119102;0.007445;Warning;WO672995;19,296.64
2026-07-03;ENG-070;122;2026-01-06 02:00:00;642.4000;1595.4300;1412.7600;554.3900;2388.0900;9056.1400;47.5300;521.3900;2388.1100;8127.5300;8.4460;393.0000;0.032701;-0.035194;0.002503;Healthy;WO360028;2266.47
2026/07/03;ENG-003;114;2026-01-05 18:00:00;643.1700;1592.0800;1419.0100;552.8500;2388.2100;9045.4500;47.8200;521.7400;2388.1400;8131.6700;8.4324;393.0000;-0.026257;0.437681;0.001839;Healthy;WO110388;666.17
2026-07-03;eng-049;231;2026-01-10 15:00:00;642.8700;1590.3100;1397.6300;553.9500;2388.1000;9054.2400;47.6300;522.2000;2388.0900;8135.0800;8.4413;392.0000;0.063965;-0.095091;0.000621;Healthy;WO482051;2,152.30
03-Jul-2026;eng-020;165;2026-01-07 21:00:00;643.1400;1591.6400;1413.1700;552.9400;2388.1800;9061.4200;47.7500;521.3300;2388.1200;8147.8000;8.4570;395.0000;0.014463;0.524322;0.003122;Warning;WO854793;18064.33
2026-07-03;ENG-025;36;2026-01-02 12:00:00;642.9800;1582.0900;1400.5500;554.0600;2388.0700;9052.5300;47.4300;522.3500;2388.0800;8130.3800;8.4016;393.0000;0.010324;-0.750345;0.002663;Healthy;WO252377;2583.70
2026/07/03;ENG-060;127;2026-01-06 07:00:00;642.7200;1589.4800;1411.2000;552.7400;2388.1300;9060.4700;47.6300;521.4700;2388.1300;8128.0400;8.4423;395.0000;0.011310;0.246306;0.001824;warning;WO149707;14,290.87
03-Jul-2026;ENG-068;148;2026-01-07 04:00:00;643.0500;1594.5300;1415.7500;552.6900;2388.1000;9059.7600;47.7700;521.4400;2388.1300;8144.6700;8.4609;392.0000;0.028179;0.492730;0.001274;Warning;WO268058;17107.14
2026-07-03;ENG-029;124;2026-01-06 04:00:00;642.6000;1585.4200;1397.2900;553.4700;2388.0400;9064.3900;47.2000;522.0500;2388.0300;8138.1400;8.4079;392.0000;0.035608;-0.723382;;Healthy;WO743948;2548.54
2026/07/03;  ENG-020 ;157;2026-01-07 13:00:00;642.7000;1582.6600;1412.8600;553.0800;2388.1000;9066.8800;47.6400;520.7800;2388.1400;8144.3800;8.4636;395.0000;0.009739;0.434231;0.002364;Healthy;WO454973;216.56
03-Jul-2026;ENG-013;161;2026-01-07 17:00:00;642.5400;1591.3800;1407.2600;553.3800;2388.0500;9058.0900;47.4500;521.9600;2388.0800;8143.9800;8.3893;393.0000;0.061783;-0.407250;0.003312;Healthy;WO859578;163.86
03-Jul-2026;ENG-005;85;2026-01-04 13:00:00;642.3400;1588.8000;1413.9900;554.0400;2388.1200;9056.4800;47.5700;521.4300;2388.1400;8136.3100;8.4333;395.0000;0.025756;0.047083;0.003046;healthy;WO469928;1,424.86
2026-07-03;ENG-054;86;2026-01-04 14:00:00;642.0200;1590.3600;1393.1700;554.5700;2388.0400;9057.3300;47.1300;521.9000;2388.0200;8140.3000;8.4067;392.0000;0.024243;-1.134144;0.001337;Healthy;WO189828;752.36
2026-07-03;  ENG-090 ;131;2026-01-06 11:00:00;643.3300;1591.5900;1412.1300;552.9600;2388.1000;9077.7500;47.8700;520.8100;2388.1900;8153.4500;8.4735;394.0000;0.100043;0.759370;0.011658;Warning;WO230284;11,634.52
03-Jul-2026;ENG-056;117;2026-01-05 21:00:00;643.3400;1595.3900;1429.8500;552.9000;2388.2000;9044.6200;47.8900;520.6100;2388.1800;8127.3300;8.4799;394.0000;-0.224954;1.032709;0.003487;Warning;WO883722;21771.53
2026/07/03;ENG-082;118;2026-01-05 22:00:00;642.6300;1593.6200;1410.0600;553.3000;2388.1200;9057.5400;47.6200;521.2100;2388.0700;8137.5000;8.3975;393.0000;0.041826;0.114581;0.000264;Healthy;WO623229;2462.60
2026/07/03;eng-028;117;2026-01-05 21:00:00;642.5500;1591.3700;1411.3200;553.5200;2388.0400;9056.0000;47.5400;521.5000;2388.1100;8130.0200;8.4353;391.0000;0.054590;-0.127420;;Healthy;WO389167;919.06
03-Jul-2026;eng-067;59;2026-01-03 11:00:00;642.7800;1589.4700;1406.5000;554.2300;2388.0700;9057.3700;47.3800;521.8900;2388.0000;8138.7900;8.4264;392.0000;0.051584;-0.384000;0.001434;healthy;WO433036;1,435.87
2026-07-03;ENG-065;70;2026-01-03 22:00:00;641.8700;1587.0400;1405.0000;554.4100;2388.0200;9060.3600;47.2500;522.0700;2388.0500;8152.0800;8.4455;391.0000;0.032821;-0.953997;0.001582;Healthy;WO135456;2646.49
2026-07-03;eng-036;86;2026-01-04 14:00:00;643.1900;1592.0500;1415.5600;552.2000;2388.1100;9058.0200;47.5300;520.9600;2388.1000;8142.4500;8.4471;394.0000;0.036628;0.407217;0.004742;Healthy;WO599779;2826.94
2026/07/03;ENG-034;200;2026-01-09 08:00:00;643.2600;1600.7700;1427.1800;551.7000;2388.2900;9047.4600;48.1800;519.9600;2388.2700;8127.9400;8.5023;395.0000;-0.776999;1.600113;0.009277;Warning;WO463942;24283.63
2026/07/03;ENG-045;134;2026-01-06 14:00:00;643.2400;1592.7900;1406.8900;553.4200;2388.1000;9060.3400;47.5500;521.2500;2388.1100;8139.1700;8.4444;392.0000;0.063427;0.084154;0.001095;Healthy;WO832030;311.57
2026/07/03;ENG-076;197;2026-01-09 05:00:00;642.8200;1603.0400;1424.9800;551.9800;2388.1800;9108.8100;47.7400;520.6900;2388.1500;8171.5000;8.5212;395.0000;0.362091;1.323549;0.014294;Warning;WO871078;2,732.63
03-Jul-2026;  ENG-075 ;64;2026-01-03 16:00:00;642.3300;1589.2200;1403.0300;553.2800;2388.1200;9057.7400;47.3700;521.7300;2388.0700;8137.2800;8.4364;392.0000;0.045982;-0.408476;0.000622;Healthy;WO469434;1702.03
2026-07-03;ENG-051;102;2026-01-05 06:00:00;642.9000;1589.3000;1404.4600;554.3700;2388.1100;9047.7900;47.4600;521.3600;2388.0800;8125.4100;8.4202;392.0000;0.013020;-0.296762;0.007561;Healthy;WO119834;1637.12
03-Jul-2026;ENG-081;148;2026-01-07 04:00:00;642.8200;1589.4800;1412.0400;552.6400;2388.0500;9077.7800;47.4800;521.3100;2388.1200;8150.3100;8.4493;392.0000;0.105569;0.100546;0.006395;Warning;WO808962;4766.03
03-Jul-2026;eng-057;149;2026-01-07 05:00:00;642.6500;1592.8200;1417.5500;553.5800;2388.1200;9052.1200;47.5100;521.6200;2388.1000;8127.3400;8.4105;395.0000;0.000454;0.174748;0.000688;Healthy;WO902660;304.93
2026/07/03;ENG-061;150;2026-01-07 06:00:00;642.6200;1592.0200;1414.8100;552.9000;2388.1400;9074.0400;47.8000;520.9300;2388.1300;8143.8700;8.4638;394.0000;0.011940;0.598223;0.002490;Warning;WO852591;20650.93
2026-07-03;ENG-062;159;2026-01-07 15:00:00;642.2100;1589.1600;1406.2300;554.4200;2388.0300;9060.9300;47.2500;522.3600;2388.0400;8146.7700;8.4407;392.0000;0.039715;-0.743681;0.001907;Healthy;WO279833;623.53
03-Jul-2026;ENG-064;159;2026-01-07 15:00:00;642.9400;1600.3000;1411.6100;552.7500;2388.1400;9057.2800;47.9300;520.9100;2388.1700;8130.2500;8.5062;394.0000;-0.042784;0.810866;0.004179;warning;WO876930;11,229.89
2026/07/03;ENG-017;134;2026-01-06 14:00:00;641.8800;1590.0500;1398.3400;553.9800;2388.0600;9085.0700;47.2200;522.1300;2388.0800;8155.2900;8.3973;393.0000;0.043686;-0.845024;0.002595;Healthy;WO981434;2,886.30
2026/07/03;  ENG-060 ;111;2026-01-05 15:00:00;642.5600;1590.4100;1408.8800;553.5100;2388.1000;9050.4500;47.5700;521.7400;2388.1500;8132.4100;8.3905;393.0000;0.046721;-0.103789;0.003167;healthy;WO450261;1,560.04
2026/07/03;ENG-053;127;2026-01-06 07:00:00;642.7300;1586.6900;1411.4600;553.7900;2388.1100;9078.0700;47.5300;521.3900;2388.0800;8149.2200;8.4339;393.0000;0.084102;0.063380;0.002580;healthy;WO798371;1,485.76
2026-07-03;  ENG-051 ;144;2026-01-07 00:00:00;642.5600;1585.0800;1406.6000;553.5800;2388.1000;9053.3700;47.5000;521.2500;2388.1200;8127.6100;8.4577;394.0000;0.014952;0.010567;0.000193;Healthy;WO155526;1583.66
03-Jul-2026;ENG-090;145;2026-01-07 01:00:00;643.3000;1600.1500;1423.5800;552.0400;2388.1500;9083.4400;48.0600;520.0000;2388.1600;8156.4000;8.4649;394.0000;-0.068451;1.310866;;Warning;WO839905;20187.79
2026-07-03;ENG-084;158;2026-01-07 14:00:00;642.8000;1594.0600;1406.5800;552.3100;2388.1300;9050.6500;47.5400;521.1400;2388.1600;8131.1000;8.4447;393.0000;0.002991;0.347560;0.002284;Healthy;WO589454;437.46
03-Jul-2026;ENG-095;63;2026-01-03 15:00:00;642.1600;1579.4100;1409.3500;554.3800;2388.1000;9039.9000;47.3300;521.7900;2388.0400;8130.0900;8.4474;392.0000;0.002042;-0.634577;0.004448;Healthy;WO133854;2468.31
2026/07/03;eng-099;70;2026-01-03 22:00:00;642.1600;1585.5100;1397.4700;554.6700;2388.0200;9060.6900;47.2000;522.3200;2388.0100;8148.4400;8.4103;391.0000;0.064107;-1.241102;0.003487;HEALTHY;WO196794;
03-Jul-2026;ENG-062;219;2026-01-10 03:00:00;642.5200;1589.0100;1399.8200;554.0100;2388.0700;9083.3700;47.3900;521.7100;2388.0300;8155.4200;8.4370;393.0000;0.079833;-0.467057;0.002537;Healthy;WO339936;659.88
03-Jul-2026;ENG-040;122;2026-01-06 02:00:00;642.8200;1593.9800;1409.8800;552.4400;2388.1600;9068.9400;47.9000;520.6500;2388.1600;8147.1700;8.4542;395.0000;-0.003462;0.810093;0.009799;Warning;WO810039;24,819.40
03-Jul-2026;ENG-012;158;2026-01-07 14:00:00;642.9500;1584.3200;1406.5400;554.2200;2388.0200;9062.3500;47.4600;521.8600;2388.0300;8143.2200;8.4352;392.0000;0.052005;-0.457533;0.000752;WARNING;WO967616;7490.56
2026-07-03;  ENG-093 ;224;2026-01-10 08:00:00;643.1700;1595.6200;1415.7600;553.0100;2388.1300;9071.5200;47.9300;521.2500;2388.1400;8149.9900;8.4517;396.0000;0.063320;0.803791;0.005783;Warning;WO814743;3059.66
2026-07-03;ENG-045;142;2026-01-06 22:00:00;642.4900;1585.7900;1409.7100;552.6100;2388.1600;9059.7700;47.5400;521.5000;2388.0500;8138.6600;8.4699;392.0000;0.039853;0.172063;0.001605;Healthy;WO656871;199.95
2026-07-03;eng-058;156;2026-01-07 12:00:00;642.8600;1592.3100;1409.5300;553.2600;2388.1200;9061.7500;47.6900;520.9700;2388.1400;8135.2000;8.4761;393.0000;0.020972;0.307106;0.001368;Healthy;WO324534;2265.29
2026/07/03;  ENG-094 ;116;2026-01-05 20:00:00;642.9800;1589.2100;1412.1400;552.7900;2388.1500;9058.0100;47.5600;520.6800;2388.1100;8136.8900;8.4687;394.0000;-0.002452;0.378202;0.001642;Healthy;WO584973;1315.92
2026-07-03;  ENG-076 ;167;2026-01-07 23:00:00;643.0500;1595.0600;1421.3500;553.0900;2388.1000;9075.4500;47.6500;521.0000;2388.0800;8154.7000;8.4746;394.0000;0.078918;0.559160;0.006892;Warning;WO520899;7635.18
2026/07/03;ENG-080;93;2026-01-04 21:00:00;642.6000;1593.6400;1409.1600;554.0100;2388.0300;9067.8400;47.5000;522.2800;2388.0400;8142.4700;8.4059;392.0000;0.071028;-0.510129;0.001827;Healthy;WO638749;494.34
2026-07-03;ENG-046;119;2026-01-05 23:00:00;643.3400;1598.9200;1417.8100;553.8100;2388.1000;9067.5600;47.4100;521.5600;2388.0800;8153.7200;8.4699;393.0000;0.078262;0.292574;0.003239;warning;WO736271;16245.65
2026-07-03;ENG-073;105;2026-01-05 09:00:00;642.4400;1589.8500;1400.6400;554.1200;2388.0500;9056.4900;47.3100;523.0800;2388.0800;8133.0400;8.4071;392.0000;0.035933;-0.895833;0.000488;Healthy;WO787636;553.70
2026-07-03;ENG-013;149;2026-01-07 05:00:00;641.9400;1587.2700;1400.6900;553.7900;2388.0700;9061.3400;47.2700;522.0600;2388.0400;8144.5300;8.4055;392.0000;0.038058;-0.878466;0.003040;Healthy;WO819160;2203.63
2026-07-03;ENG-025;38;2026-01-02 14:00:00;642.6100;1587.9400;1401.9200;553.9000;2388.0600;9050.5000;47.3600;522.2200;2388.1200;8136.4200;8.4209;390.0000;0.014897;-0.778642;0.002170;Healthy;WO648476;1913.13
03-Jul-2026;ENG-036;108;2026-01-05 12:00:00;643.2500;1598.7700;1422.2500;552.6700;2388.1500;9069.1300;47.8000;520.5900;2388.2100;8137.6100;8.5071;395.0000;-0.116630;1.127844;0.003088;Warning;WO974400;2800.51
03-Jul-2026;eng-038;104;2026-01-05 08:00:00;643.1800;1592.1700;1416.9900;552.9300;2388.1000;9067.9900;47.6300;521.2600;2388.1000;8142.4600;8.4927;395.0000;0.039215;0.451076;0.003095;Healthy;WO799548;691.03
2026/07/03;  ENG-076 ;143;2026-01-06 23:00:00;642.3300;1581.1400;1404.5500;553.8500;2388.1000;9073.8000;47.3500;521.3500;2388.0400;8144.5400;8.4401;393.0000;0.054700;-0.351193;0.000423;healthy;WO420985;1,981.10
03-Jul-2026;eng-027;133;2026-01-06 13:00:00;642.7800;1587.7300;1407.3000;553.7400;2388.0700;9048.7000;47.5300;521.4100;2388.0400;8133.7300;8.4409;393.0000;0.052992;-0.124219;0.001072;Healthy;WO357688;1,795.02
03-Jul-2026;ENG-082;128;2026-01-06 08:00:00;642.6400;1589.3200;1413.5700;553.1400;2388.1300;9057.8200;47.5400;521.6600;2388.1000;8135.2400;8.4443;395.0000;0.019711;0.294628;;Healthy;WO912344;131.44
2026/07/03;eng-035;134;2026-01-06 14:00:00;642.6600;1592.6100;1408.4400;552.9000;2388.1600;9058.4800;47.6900;521.2500;2388.1500;8132.7700;8.4564;394.0000;0.004133;0.322710;0.001624;Healthy;WO931905;1954.54
2026/07/03;ENG-052;176;2026-01-08 08:00:00;642.7200;1590.7000;1405.8400;553.5300;2388.0500;9096.1400;47.5200;521.9000;2388.0100;8170.6900;8.4169;393.0000;0.136372;-0.266075;0.003097;Healthy;WO521665;2917.43
03-Jul-2026;ENG-078;62;2026-01-03 14:00:00;642.1200;1587.1400;1396.2600;554.3700;2387.9500;9059.5200;47.0100;522.4000;2387.9600;8145.2500;8.3719;391.0000;0.049995;-2.600622;0.010196;Healthy;WO473007;548.89
2026-07-03;ENG-052;170;2026-01-08 02:00:00;642.3200;1592.2800;1410.6600;554.4500;2388.0400;9084.3900;47.5000;521.6400;2388.0500;8169.1400;8.4256;392.0000;0.118544;-0.206679;0.007350;warning;WO795107;18,361.62
03-Jul-2026;ENG-003;99;2026-01-05 03:00:00;642.7100;1594.9500;1409.9400;553.5400;2388.1600;9055.6000;47.5000;521.4200;2388.1900;8129.5900;8.4535;393.0000;0.010346;0.202344;0.002159;healthy;WO466862;1,091.93
03-Jul-2026;ENG-076;152;2026-01-07 08:00:00;642.5400;1588.9100;1410.0900;553.7900;2388.0800;9082.3200;47.5100;521.6100;2388.0200;8150.5900;8.4189;392.0000;0.084952;-0.303560;0.004542;warning;WO621671;8,200.23
03-Jul-2026;  ENG-049 ;252;2026-01-11 12:00:00;642.5100;1595.7200;1407.0800;553.7700;2388.0900;9047.6800;47.5800;521.3500;2388.1400;8139.2700;8.4549;394.0000;0.018690;0.202806;0.001777;Healthy;WO611204;2,165.04
03-Jul-2026;eng-061;121;2026-01-06 01:00:00;642.4400;1591.9400;1408.7100;553.1200;2388.1200;9068.8700;47.3400;521.0300;2388.0800;8152.2100;8.4045;393.0000;0.078169;-0.050079;0.001230;Warning;WO926587;8647.54
03-Jul-2026;ENG-059;86;2026-01-04 14:00:00;642.5100;1579.2800;1399.2700;554.2200;2388.0700;9064.4700;47.3400;523.1000;2388.0500;8138.2300;8.3988;392.0000;0.031701;-0.989205;0.000646;Healthy;WO908185;224.84
03-Jul-2026;ENG-067;49;2026-01-03 01:00:00;641.9900;1585.1800;1402.2600;554.0100;2388.0100;9056.5800;47.3600;521.8500;2388.0100;8140.6100;8.4363;391.0000;0.025603;-0.844780;0.000423;Healthy;WO143785;2,559.97
03-Jul-2026;ENG-044;44;2026-01-02 20:00:00;642.1200;1593.4600;1409.3000;553.7400;2388.0400;9057.0300;47.2800;521.9000;2388.0500;8139.5000;8.3928;393.0000;0.043686;-0.483405;0.001651;Healthy;WO779455;508.75
2026-07-03;ENG-057;146;2026-01-07 02:00:00;642.7200;1586.7000;1408.6600;553.2100;2388.0900;9054.2200;47.6400;521.0400;2388.0900;8129.1300;8.4250;392.0000;0.027022;0.030041;0.002206;Healthy;WO993217;2,823.10
2026-07-03;  ENG-029 ;130;2026-01-06 10:00:00;642.4200;1592.2100;1398.4500;553.8500;2388.1200;9060.8300;47.4400;522.0000;2388.0300;8147.0900;8.4361;392.0000;0.054874;-0.547774;0.002429;Healthy;WO321709;
2026-07-03;ENG-070;111;2026-01-05 15:00:00;642.3100;1589.6300;1413.6700;553.3700;2388.0800;9054.9700;47.4900;521.2700;2388.0800;8130.6500;8.4565;393.0000;0.041424;-0.047174;0.001642;Warning;WO737263;10,548.92
03-Jul-2026;ENG-046;115;2026-01-05 19:00:00;642.5600;1596.4000;1409.0400;552.7000;2388.1600;9067.7100;47.4800;520.8900;2388.0300;8151.1300;8.4332;394.0000;0.078578;0.161524;0.002653;Healthy;WO250954;353.84
2026-07-03;eng-012;174;2026-01-08 06:00:00;642.3600;1587.5500;1402.5600;554.0900;2388.0400;9065.7100;47.2900;521.7700;2388.0900;8144.7200;8.4051;393.0000;0.032592;-0.736318;0.001891;Healthy;WO137843;2578.55
2026-07-03;  ENG-070 ;128;2026-01-06 08:00:00;642.8300;1593.5700;1400.9500;552.9200;2388.0900;9055.7400;47.5200;521.4100;2388.1200;8129.4100;8.4221;391.0000;0.057837;-0.032958;0.002479;Healthy;WO989196;580.21
2026/07/03;eng-013;158;2026-01-07 14:00:00;642.4900;1589.5400;1406.4000;554.0000;2388.0500;9056.6900;47.4300;521.8700;2388.0300;8145.4600;8.4298;393.0000;0.052348;-0.479155;0.003676;Healthy;WO727089;2879.97
2026-07-03;ENG-007;118;2026-01-05 22:00:00;642.4500;1585.4500;1399.4400;554.0800;2388.0500;9063.4100;47.3100;522.5500;2388.0400;8143.4900;8.4102;391.0000;0.040890;-0.808944;0.002618;Healthy;WO871594;
03-Jul-2026;ENG-095;76;2026-01-04 04:00:00;641.8000;1582.8900;1399.6900;553.8100;2388.0900;9056.6800;47.3100;522.0100;2388.0100;8131.2400;8.4392;392.0000;0.016536;-0.898609;0.001036;Healthy;WO883247;1680.78
03-Jul-2026;ENG-040;129;2026-01-06 09:00:00;643.1200;1588.6200;1416.6400;552.5700;2388.2300;9074.5400;47.7700;520.5700;2388.1800;8148.7200;8.4803;395.0000;-0.015572;0.869387;0.014648;Warning;WO906494;14691.16
03-Jul-2026;  ENG-021 ;109;2026-01-05 13:00:00;642.6000;1584.0900;1407.2200;554.1400;2388.0300;9066.9500;47.1600;521.8500;2388.0300;8141.3600;8.4481;393.0000;0.028532;-0.703050;0.002380;Healthy;WO736648;582.82
2026/07/03;  ENG-091 ;183;2026-01-08 15:00:00;643.1100;1602.2700;1417.9900;552.8400;2388.1300;9043.4300;47.6600;520.6100;2388.1500;8124.1800;8.4975;393.0000;-0.147836;0.875019;0.008594;Warning;WO238085;920.32
2026-07-03;ENG-032;142;2026-01-06 22:00:00;642.7900;1590.7100;1408.9900;553.8700;2388.0400;9102.1900;47.4100;521.9000;2388.0200;8175.0100;8.4170;393.0000;0.215413;-0.084177;0.012215;Warning;WO881851;9316.05
2026-07-03;ENG-100;179;2026-01-08 11:00:00;642.3000;1588.9300;1412.8200;553.0400;2388.0300;9122.4800;47.5300;521.4900;2388.0000;8185.8700;8.4371;393.0000;0.402676;0.026036;0.031297;Warning;WO966999;9871.01
2026/07/03;ENG-036;120;2026-01-06 00:00:00;643.1800;1594.3900;1416.4200;552.2000;2388.2100;9064.3500;47.7000;520.7400;2388.1900;8136.1700;8.4971;396.0000;-0.140900;0.925225;0.009531;Warning;WO861396;11,058.80
03-Jul-2026;  ENG-049 ;272;2026-01-12 08:00:00;642.7500;1591.0900;1414.1200;552.1400;2388.1100;9057.7300;47.8400;521.1000;2388.1200;8134.4300;8.4427;393.0000;0.010536;0.494589;0.005379;Warning;WO131447;8381.20
2026/07/03;ENG-029;120;2026-01-06 00:00:00;642.4900;1584.6700;1403.2500;553.7400;2388.0400;9062.9000;47.3000;522.0200;2388.0200;8147.6200;8.3924;393.0000;0.028271;-0.811023;0.000810;Healthy;WO970861;1850.23
03-Jul-2026;  ENG-100 ;196;2026-01-09 04:00:00;643.4400;1593.1500;1406.8200;553.0400;2388.1100;9146.8100;47.5700;521.1800;2388.0400;8217.2400;8.4569;395.0000;1.051501;0.937736;0.036393;Warning;WO640027;9067.71
2026-07-03;ENG-060;119;2026-01-05 23:00:00;642.3300;1589.3600;1406.1000;553.3300;2388.0900;9063.2300;47.3200;521.8200;2388.1000;8133.2200;8.4436;393.0000;0.055463;-0.229363;0.002762;Healthy;WO947706;808.94
2026-07-03;  ENG-009 ;48;2026-01-03 00:00:00;642.2000;1592.7500;1411.4400;553.2700;2388.0700;9046.1300;47.7000;521.2300;2388.1100;8133.1000;8.4488;393.0000;0.042961;-0.057126;0.002848;Warning;WO588195;18596.06
2026-07-03;ENG-046;143;2026-01-06 23:00:00;643.0200;1591.0300;1412.9900;552.8700;2388.1200;9085.9400;47.7200;521.2200;2388.0700;8154.2400;8.4503;394.0000;0.089042;0.400579;0.005709;Healthy;WO554869;196.24
2026-07-03;ENG-091;157;2026-01-07 13:00:00;643.5400;1597.1700;1413.2400;553.7800;2388.1300;9050.8700;47.7600;521.2500;2388.1400;8124.3800;8.4608;394.0000;-0.033162;0.467075;0.001859;HEALTHY;WO247522;1,221.55
2026/07/03;  ENG-063 ;126;2026-01-06 06:00:00;642.3500;1586.8700;1409.6800;553.2400;2388.1700;9043.2200;47.7500;521.0800;2388.1100;8128.5600;8.4066;394.0000;-0.025238;0.125805;0.002066;healthy;WO720721;1,346.84
2026/07/03;ENG-028;139;2026-01-06 19:00:00;642.2700;1594.1300;1406.2500;553.4500;2388.0800;9059.1600;47.4300;521.9300;2388.1000;8132.8500;8.4394;394.0000;0.071010;-0.074634;0.000412;Healthy;WO192792;458.21
2026-07-03;  ENG-094 ;131;2026-01-06 11:00:00;642.9100;1597.7000;1413.9200;552.3900;2388.1900;9056.8100;47.7200;520.6400;2388.1500;8133.4100;8.4538;393.0000;-0.147544;0.847406;0.006818;Warning;WO145416;11377.69
2026-07-03;ENG-099;78;2026-01-04 06:00:00;641.9800;1585.1900;1394.7700;554.5800;2387.9600;9057.1500;47.2200;522.4000;2387.9900;8143.5500;8.4274;390.0000;0.066982;-1.239575;0.002342;Healthy;WO213493;500.50
2026/07/03;ENG-051;110;2026-01-05 14:00:00;642.5600;1584.5700;1402.0700;554.0200;2388.1400;9055.8400;47.4300;521.6700;2388.0900;8131.7200;8.4390;391.0000;0.029950;-0.354741;0.002274;Healthy;WO938285;1919.87
03-Jul-2026;ENG-047;55;2026-01-03 07:00:00;642.4600;1584.6900;1408.8200;552.5500;2388.1100;9043.8400;47.5900;521.2400;2388.1200;8125.8600;8.4194;395.0000;-0.008927;0.135020;0.002662;Healthy;WO687960;846.98
2026/07/03;ENG-100;187;2026-01-08 19:00:00;642.4000;1595.1900;1416.9500;552.9000;2388.0200;9126.4400;47.8400;521.5300;2388.0500;8197.5600;8.4632;394.0000;0.606458;0.438055;0.044073;Warning;WO863723;10,205.29
2026/07/03;ENG-012;192;2026-01-09 00:00:00;642.4400;1586.3500;1408.2800;554.1700;2388.0300;9072.5200;47.3900;521.5800;2387.9700;8141.6300;8.4195;393.0000;0.055498;-0.514691;0.000691;Healthy;WO808735;1,136.48
2026-07-03;  ENG-075 ;72;2026-01-04 00:00:00;642.6000;1580.0200;1408.8900;554.4200;2388.0500;9055.2900;47.4000;521.3300;2388.0600;8140.0400;8.4143;392.0000;0.025645;-0.447393;0.001064;Healthy;WO219888;1,098.40
2026-07-03;  ENG-081 ;168;2026-01-08 00:00:00;643.1100;1597.9100;1416.7900;552.4500;2388.1300;9072.8400;47.5700;521.2700;2388.0800;8152.1900;8.4420;393.0000;0.058934;0.554544;0.003682;Warning;WO664862;5,165.60
2026-07-03;ENG-067;61;2026-01-03 13:00:00;642.5700;1587.4000;1403.8000;553.7500;2388.0500;9063.1400;47.4200;522.2100;2388.0700;8137.8400;8.4439;393.0000;0.049596;-0.529992;0.001582;Healthy;WO926024;1624.70
2026-07-03;  ENG-045 ;119;2026-01-05 23:00:00;642.0600;1595.0800;1405.4100;553.3200;2388.0800;9065.1200;47.4600;521.1000;2388.1200;8144.9800;8.4656;394.0000;0.084826;-0.011578;0.000925;Healthy;WO903855;1538.28
03-Jul-2026;eng-064;138;2026-01-06 18:00:00;643.2600;1588.1100;1405.0200;553.8000;2388.1200;9059.7000;47.7500;520.9300;2388.1400;8137.7300;8.4250;393.0000;0.022120;0.230954;0.001507;Warning;WO222367;2119.83
2026/07/03;ENG-035;146;2026-01-07 02:00:00;642.7100;1596.4800;1412.1800;552.8800;2388.1200;9056.6000;47.7000;521.3000;2388.0700;8140.5900;8.5176;395.0000;0.019090;0.740880;0.009760;Warning;WO979121;7,161.50
03-Jul-2026;ENG-071;62;2026-01-03 14:00:00;642.5500;1592.8500;1406.7100;554.0900;2388.0400;9077.1800;47.3200;522.2000;2387.9800;8148.8200;8.4137;393.0000;0.064816;-0.648979;0.004350;Healthy;WO789405;
2026/07/03;ENG-058;119;2026-01-05 23:00:00;643.3600;1591.2300;1399.8300;552.9300;2388.1000;9050.6100;47.7000;521.7800;2388.0900;8132.8300;8.4163;394.0000;0.066791;-0.007107;0.003291;Healthy;WO542953;2887.62
2026-07-03;ENG-036;119;2026-01-05 23:00:00;643.4100;1599.3100;1417.2000;552.7200;2388.1700;9054.0300;47.7800;520.2600;2388.2200;8140.1700;8.4720;395.0000;-0.250777;1.107327;0.013220;Warning;WO256746;2165.83
2026/07/03;eng-037;106;2026-01-05 10:00:00;642.1300;1585.1100;1413.6700;552.9800;2388.1300;9049.8100;47.3000;521.2900;2388.1000;8131.3100;8.4330;395.0000;0.011510;-0.009768;0.002311;Healthy;WO221264;1278.77
2026-07-03;ENG-066;137;2026-01-06 17:00:00;643.0500;1596.4800;1423.1000;553.3400;2388.1400;9108.4100;47.9000;520.5500;2388.1300;8175.9800;8.4509;396.0000;0.437768;0.999029;0.012401;warning;WO729479;10260.98
2026/07/03;ENG-076;180;2026-01-08 12:00:00;642.9100;1591.5800;1412.3100;553.2200;2388.0800;9089.5000;47.7300;520.8000;2388.1400;8157.8600;8.4727;394.0000;0.214956;0.671928;0.006978;Warning;WO453899;13,018.12
2026/07/03;ENG-043;139;2026-01-06 19:00:00;642.8800;1586.8300;1406.1600;553.4900;2388.0900;9056.1600;47.6600;521.5100;2388.1300;8134.5600;8.4653;395.0000;0.030077;0.143858;0.001484;Healthy;WO946869;1554.15
03-Jul-2026;ENG-013;184;2026-01-08 16:00:00;643.1100;1586.5400;1407.6500;553.5000;2388.0800;9056.2600;47.5000;522.2000;2388.0800;8141.1900;8.4367;393.0000;0.065364;-0.262323;0.001115;Healthy;WO933164;1878.49
03-Jul-2026;ENG-083;53;2026-01-03 05:00:00;642.6400;1589.4400;1404.8600;554.1200;2388.0600;9056.4100;47.2900;521.3600;2388.0600;8144.4700;8.4215;394.0000;0.040392;-0.411835;0.001343;Healthy;WO216014;535.70
03-Jul-2026;ENG-049;287;2026-01-12 23:00:00;642.5400;1596.5300;1420.0000;553.1400;2388.2200;9044.8800;47.9000;520.8800;2388.1900;8129.9000;8.4831;395.0000;-0.177805;0.908635;0.002572;Warning;WO905518;3,389.35
2026/07/03;ENG-089;176;2026-01-08 08:00:00;642.4900;1589.8700;1411.8300;553.4000;2388.0900;9052.7200;47.3500;521.3700;2388.1400;8134.5600;8.4463;394.0000;0.029776;0.070513;0.001597;Healthy;WO998294;1,881.45
03-Jul-2026;ENG-049;264;2026-01-12 00:00:00;642.5200;1593.1000;1409.1400;553.0900;2388.1400;9059.0300;47.5700;521.2000;2388.0900;8137.2600;8.4068;394.0000;0.035385;0.139864;0.001729;healthy;WO978976;999.54
2026/07/03;ENG-031;191;2026-01-08 23:00:00;643.2900;1597.3100;1413.6400;551.9600;2388.2300;9082.2900;48.0300;520.3000;2388.1500;8156.7000;8.4773;395.0000;-0.129225;1.393127;0.019455;Warning;WO434230;19725.37
2026/07/03;  ENG-007 ;145;2026-01-07 01:00:00;642.0600;1584.2300;1401.9800;553.5300;2388.0000;9069.6800;47.4100;521.5200;2388.1200;8141.7100;8.3909;393.0000;0.037278;-0.626691;0.001505;Healthy;WO782166;1181.29
03-Jul-2026;ENG-074;117;2026-01-05 21:00:00;641.9700;1585.2300;1409.7500;552.9800;2388.1000;9059.3200;47.5700;521.3700;2388.0800;8144.8700;8.4487;394.0000;0.064377;0.024791;0.001155;Healthy;WO491977;2,737.58
2026-07-03;ENG-092;138;2026-01-06 18:00:00;643.0500;1605.8400;1411.9900;552.1400;2388.2300;9049.5900;47.9400;519.9500;2388.2400;8123.9900;8.4769;395.0000;-0.409286;1.158406;0.014867;Warning;WO939466;20,167.21
2026/07/03;  ENG-003 ;86;2026-01-04 14:00:00;643.2900;1592.9700;1405.3200;553.9300;2388.1800;9049.5900;47.4900;521.2000;2388.1100;8124.3400;8.4363;393.0000;-0.012958;0.191700;0.003618;Healthy;WO598395;2902.31
2026-07-03;ENG-020;127;2026-01-06 07:00:00;642.9100;1589.4800;1412.5400;553.2100;2388.1100;9066.8100;47.4500;521.5200;2388.1100;8144.7700;8.4345;394.0000;0.073432;0.077551;0.000885;Warning;WO775946;
2026-07-03;ENG-040;133;2026-01-06 13:00:00;643.2000;1603.1500;1420.4800;552.5700;2388.1700;9066.4500;47.8400;520.4100;2388.1700;8143.0700;8.4700;396.0000;-0.173061;1.258236;0.008221;Warning;WO812783;12068.46
2026/07/03;ENG-036;102;2026-01-05 06:00:00;642.6900;1593.5400;1415.8400;552.3400;2388.1400;9061.1000;47.6900;520.8300;2388.1600;8137.3300;8.5107;394.0000;-0.018437;0.703364;0.000791;Healthy;WO925395;2054.82
03-Jul-2026;ENG-013;169;2026-01-08 01:00:00;642.2900;1589.5500;1400.4100;553.4800;2388.0400;9049.0300;47.4000;522.1200;2388.0600;8146.1600;8.4296;392.0000;0.051488;-0.560070;0.001991;Healthy;WO642534;94.19
2026-07-03;ENG-034;164;2026-01-07 20:00:00;642.3500;1583.8500;1408.5100;553.0000;2388.1600;9052.6000;47.4100;520.8300;2388.1100;8136.9100;8.4316;395.0000;0.011758;0.019387;0.002807;Healthy;WO225026;1,738.10
2026-07-03;ENG-091;221;2026-01-10 05:00:00;643.8500;1600.3800;1416.6700;552.7000;2388.1900;9047.3100;47.8900;520.4400;2388.1900;8130.6900;8.5217;395.0000;-0.450323;1.355971;0.014126;WARNING;WO666734;12400.42
2026-07-03;ENG-015;54;2026-01-03 06:00:00;642.5400;1597.4500;1405.1900;554.0000;2387.9900;9059.0800;47.1900;522.1200;2388.0600;8140.0700;8.3933;392.0000;0.024042;-0.752652;0.002405;Healthy;WO535476;2,980.26
2026/07/03;eng-013;156;2026-01-07 12:00:00;641.8300;1587.1400;1404.0200;553.3100;2388.0500;9070.4600;47.3600;522.0300;2388.0800;8141.7800;8.4297;392.0000;0.057287;-0.481635;0.001606;Healthy;WO259227;632.54
2026/07/03;ENG-082;136;2026-01-06 16:00:00;642.6400;1597.7500;1410.2200;552.9100;2388.1400;9060.1100;47.5500;520.8500;2388.1500;8137.2600;8.4793;393.0000;0.005486;0.495501;0.004010;Warning;WO862681;1751.73
03-Jul-2026;ENG-090;117;2026-01-05 21:00:00;643.2000;1590.8600;1413.9800;552.9600;2388.0900;9066.1700;47.5200;520.6300;2388.1600;8150.6400;8.4535;396.0000;0.023516;0.575594;0.002231;healthy;WO288847;650.09
2026/07/03;  ENG-065 ;56;2026-01-03 08:00:00;642.5700;1577.3000;1386.5700;554.2600;2388.0400;9067.0400;47.2500;522.3200;2388.0500;8146.6200;8.4337;391.0000;0.060601;-1.168023;0.003146;Healthy;WO700193;54.35
03-Jul-2026;ENG-015;63;2026-01-03 15:00:00;642.3800;1588.5200;1401.8100;554.6700;2388.0600;9058.8500;47.3300;522.1800;2388.0400;8140.5400;8.3991;392.0000;0.028451;-0.848231;0.001794;Healthy;WO734011;1287.31
2026/07/03;ENG-069;53;2026-01-03 05:00:00;642.8400;1589.1300;1402.6800;553.7400;2388.1200;9047.7600;47.4100;522.0000;2388.1000;8136.3300;8.4043;392.0000;0.032861;-0.371546;0.000889;HEALTHY;WO751779;1,425.88
2026/07/03;ENG-049;261;2026-01-11 21:00:00;642.5200;1593.6400;1411.1600;553.4500;2388.0900;9062.1000;47.6500;521.2200;2388.0700;8132.6200;8.4394;394.0000;0.040738;0.125641;0.000934;Healthy;WO321048;2,641.36
2026/07/03;ENG-012;161;2026-01-07 17:00:00;642.4500;1589.1100;1400.1400;554.3100;2388.0500;9062.5000;47.2300;521.6700;2388.0300;8142.1700;8.4418;394.0000;0.025814;-0.608199;0.001021;Healthy;WO275319;2,740.12
2026-07-03;ENG-053;146;2026-01-07 02:00:00;642.7500;1587.7300;1415.1700;553.2900;2388.0500;9087.0200;47.4600;521.2400;2388.0200;8160.0600;8.4772;393.0000;0.181346;0.237868;0.002913;Warning;WO320449;21092.46
2026-07-03;ENG-035;148;2026-01-07 04:00:00;642.9800;1597.6000;1412.7300;551.9400;2388.0800;9065.1100;47.7200;520.4100;2388.1500;8137.4300;8.4894;395.0000;-0.071580;0.901022;0.011691;Warning;WO223738;8,664.26
2026/07/03;eng-083;59;2026-01-03 11:00:00;642.4200;1593.0400;1404.7100;553.7800;2388.0400;9056.1800;47.3400;521.7000;2388.0700;8138.3700;8.4352;393.0000;0.049539;-0.388108;0.000819;HEALTHY;WO911128;1271.12
03-Jul-2026;ENG-056;113;2026-01-05 17:00:00;643.2600;1593.0800;1415.1900;551.8000;2388.1600;9040.8500;47.8800;520.7600;2388.2300;8117.5200;8.4841;395.0000;-0.287212;0.912174;0.009433;Warning;WO360429;12,472.80
03-Jul-2026;ENG-013;131;2026-01-06 11:00:00;642.2300;1584.2100;1402.7600;554.0100;2388.0200;9068.0400;47.3500;521.7500;2388.0500;8143.0700;8.3725;393.0000;0.018946;-0.786290;0.001196;Healthy;WO455177;839.01
2026/07/03;ENG-058;167;2026-01-07 23:00:00;642.7000;1602.5100;1413.3600;551.8500;2388.1000;9051.8400;47.8200;521.0300;2388.1500;8129.9300;8.4819;393.0000;-0.012221;0.716121;0.003646;Warning;WO323461;9719.20
2026-07-03;eng-080;122;2026-01-06 02:00:00;642.8700;1583.3900;1405.6800;553.7200;2388.0900;9062.6100;47.6800;521.6400;2388.0700;8143.3500;8.4287;394.0000;0.067812;0.014755;0.001505;Healthy;WO744446;1304.52
03-Jul-2026;ENG-049;233;2026-01-10 17:00:00;642.9100;1587.2300;1400.1100;553.3500;2388.0700;9054.3000;47.5400;521.3100;2388.1000;8139.0000;8.4341;394.0000;0.059791;-0.081310;0.002630;healthy;WO729831;
2026-07-03;ENG-051;134;2026-01-06 14:00:00;642.6200;1592.3800;1407.8900;553.5700;2388.0700;9049.4300;47.4700;522.1700;2388.1400;8131.5400;8.4370;392.0000;0.049643;-0.211763;0.001873;Healthy;WO771558;2868.60
2026-07-03;ENG-048;75;2026-01-04 03:00:00;642.0700;1591.2000;1408.4500;554.2200;2388.0800;9056.3200;47.5700;521.8400;2388.1200;8133.0200;8.4190;394.0000;0.056144;-0.145598;0.002696;Healthy;WO154715;2557.16
2026-07-03;eng-023;91;2026-01-04 19:00:00;641.7700;1578.7400;1406.3400;554.4700;2387.9700;9051.8600;47.3500;522.3000;2388.0000;8132.4900;8.3911;392.0000;0.027601;-1.087859;0.001036;healthy;WO707739;2228.03
2026/07/03;ENG-095;62;2026-01-03 14:00:00;641.9900;1591.8100;1401.5600;554.1000;2388.1000;9050.7200;47.3500;521.6000;2388.0500;8128.9100;8.4504;392.0000;0.022759;-0.446790;0.001164;Healthy;WO582748;807.33
2026-07-03;ENG-031;183;2026-01-08 15:00:00;643.4500;1597.9700;1417.5300;552.2000;2388.1700;9082.1300;47.8300;520.7100;2388.2000;8155.2000;8.4852;395.0000;-0.017388;1.190343;0.012104;Warning;WO971543;24607.52
2026/07/03;ENG-062;179;2026-01-08 11:00:00;642.0600;1587.3100;1404.8700;553.1600;2388.0600;9071.0100;47.4000;522.2600;2388.0300;8148.5500;8.4120;392.0000;0.061689;-0.745397;0.000423;Healthy;WO174285;893.03
2026-07-03;ENG-053;112;2026-01-05 16:00:00;642.8200;1586.7700;1407.1400;553.9100;2388.0400;9062.9600;47.4100;521.8000;2388.0800;8146.4100;8.4152;390.0000;0.052288;-0.467002;0.001480;Healthy;WO578916;2914.59
2026/07/03;  ENG-019 ;99;2026-01-05 03:00:00;642.5800;1585.9900;1403.7300;554.0000;2388.0500;9063.5900;47.3800;521.7700;2388.0500;8140.7200;8.4294;393.0000;0.045736;-0.578028;0.002380;Healthy;WO231635;938.11
2026/07/03;ENG-067;64;2026-01-03 16:00:00;641.9100;1587.3900;1401.6500;553.9700;2388.1300;9057.6300;47.3300;521.6600;2388.0400;8137.9900;8.4211;395.0000;0.029115;-0.439510;0.001934;Healthy;WO467192;1200.98
2026-07-03;ENG-045;145;2026-01-07 01:00:00;642.8800;1588.4900;1415.3800;553.5800;2388.1200;9067.4500;47.4000;521.1800;2388.0900;8135.4200;8.4346;394.0000;0.037150;0.145036;0.003099;Warning;WO731694;22,738.17
2026/07/03;eng-032;112;2026-01-05 16:00:00;641.9500;1585.7100;1400.7500;554.0600;2388.0300;9082.4400;47.2700;522.0800;2388.0100;8160.6700;8.4113;394.0000;0.048576;-0.890885;0.003766;Healthy;WO365884;249.17
03-Jul-2026;ENG-008;161;2026-01-07 17:00:00;642.8700;1585.2400;1410.1700;553.3500;2388.1500;9052.5500;47.5100;520.8300;2388.1600;8126.7000;8.4666;392.0000;-0.012767;0.162535;0.003730;Healthy;WO722061;1481.92
03-Jul-2026;ENG-083;54;2026-01-03 06:00:00;642.1100;1595.4400;1397.8700;554.6200;2388.0900;9066.3200;47.4500;521.7600;2388.0400;8139.2900;8.4316;392.0000;0.045826;-0.569908;0.002142;healthy;WO429553;2,245.09
2026/07/03;ENG-099;74;2026-01-04 02:00:00;641.8000;1580.0500;1397.3300;554.3200;2387.9900;9068.2300;47.1500;522.6600;2388.0300;8147.3500;8.4027;392.0000;0.030083;-2.647894;0.004980;Healthy;WO966480;2,653.91
2026-07-03;ENG-020;174;2026-01-08 06:00:00;642.9000;1595.2500;1412.2400;552.4700;2388.1300;9064.6600;48.0000;520.5700;2388.1400;8143.3200;8.4933;395.0000;-0.055623;0.957292;0.007964;Warning;WO454819;24198.38
2026-07-03;ENG-081;174;2026-01-08 06:00:00;643.0400;1594.0100;1407.6600;553.2200;2388.1300;9079.7800;47.7600;521.0600;2388.1300;8147.9800;8.4819;393.0000;0.070497;0.599081;0.003860;Warning;WO803245;10,146.10
2026-07-03;ENG-097;132;2026-01-06 12:00:00;642.2000;1589.0800;1402.3800;553.7200;2388.0300;9081.3000;47.4500;521.7800;2388.0700;8153.2800;8.4187;393.0000;0.072879;-0.605481;0.002955;HEALTHY;WO814547;211.15
2026-07-03;ENG-045;127;2026-01-06 07:00:00;642.5300;1592.1700;1408.3500;553.7600;2388.1200;9057.9600;47.3600;521.6700;2388.1400;8142.3800;8.4727;393.0000;0.058040;0.041733;0.002867;Warning;WO270340;12794.42
03-Jul-2026;ENG-023;130;2026-01-06 10:00:00;642.0300;1588.7700;1403.0600;554.1500;2388.0500;9051.1000;47.2200;521.8300;2388.0800;8133.6000;8.4249;392.0000;0.014776;-0.675506;0.003500;Healthy;WO903921;
2026/07/03;eng-045;110;2026-01-05 14:00:00;643.1900;1591.9600;1407.7200;553.1500;2388.0400;9060.5800;47.6900;520.9700;2388.1100;8142.1200;8.4327;394.0000;0.054625;0.291040;0.003316;Warning;WO281272;6078.54
2026-07-03;ENG-042;135;2026-01-06 15:00:00;643.3800;1587.1300;1414.4000;552.8900;2388.0800;9042.2400;47.6500;521.3400;2388.2100;8119.9400;8.4605;393.0000;-0.049014;0.487031;0.001619;healthy;WO107029;1257.27
2026-07-03;ENG-004;100;2026-01-05 04:00:00;642.8500;1592.0500;1410.1400;552.8600;2388.1500;9061.9500;47.5800;521.4400;2388.1200;8131.1900;8.4539;392.0000;0.033738;0.161612;0.000374;Healthy;WO735779;2958.17
03-Jul-2026;ENG-030;115;2026-01-05 19:00:00;642.5400;1591.2500;1403.6000;552.9000;2388.1600;9054.2500;47.6300;521.4400;2388.1200;8136.1500;8.4428;393.0000;0.022415;0.217175;0.000488;Healthy;WO361733;371.14
03-Jul-2026;eng-081;196;2026-01-09 04:00:00;643.0200;1593.4000;1416.4000;552.0500;2388.1800;9070.7900;47.9100;520.3800;2388.1800;8149.1900;8.4829;395.0000;-0.117448;1.092582;0.004129;Warning;WO900756;19259.76
03-Jul-2026;eng-100;139;2026-01-06 19:00:00;642.4300;1584.8200;1406.0600;554.1900;2387.9800;9074.0500;47.4000;521.5100;2388.0400;8153.7600;8.3967;392.0000;0.056606;-0.653398;0.001843;healthy;WO680855;1,376.84
03-Jul-2026;ENG-003;123;2026-01-06 03:00:00;642.5400;1596.4900;1409.7200;552.7200;2388.2000;9046.8300;47.6700;520.5300;2388.1600;8125.9400;8.4677;394.0000;-0.073790;0.617154;0.003856;Warning;WO702090;6679.98
2026/07/03;ENG-084;156;2026-01-07 12:00:00;643.0800;1597.3100;1408.8400;553.1300;2388.1200;9052.3100;47.4500;522.1200;2388.1600;8130.9600;8.4496;393.0000;0.029994;0.248458;0.001313;Healthy;WO627201;2551.14
2026-07-03;ENG-061;133;2026-01-06 13:00:00;642.6400;1589.7700;1407.4900;553.6100;2388.0200;9065.3900;47.4200;522.2300;2388.0500;8146.7600;8.4551;393.0000;0.089692;-0.191727;0.002346;Healthy;WO131146;2345.25
2026-07-03;ENG-021;100;2026-01-05 04:00:00;641.9500;1589.6300;1404.1200;553.7500;2388.0300;9063.4800;47.3900;522.1500;2388.0100;8141.4000;8.4141;392.0000;0.040159;-0.790005;0.002114;Healthy;WO320651;2,385.23
2026/07/03;  ENG-064 ;125;2026-01-06 05:00:00;642.7100;1594.3400;1406.9500;553.9200;2388.0600;9062.8100;47.4300;521.1700;2388.1300;8139.9700;8.4618;393.0000;0.060385;0.078855;0.002058;Healthy;WO872377;328.78
2026/07/03;  ENG-045 ;140;2026-01-06 20:00:00;642.4000;1590.7100;1416.0300;552.9000;2388.1000;9060.2500;47.5100;521.1600;2388.1200;8140.8000;8.4333;393.0000;0.045389;0.156542;0.001499;Healthy;WO275301;500.30
03-Jul-2026;ENG-021;141;2026-01-06 21:00:00;642.5800;1587.7200;1403.4800;554.4000;2388.0400;9091.0200;47.3200;521.7200;2387.9900;8157.8100;8.3937;390.0000;0.074020;-0.894899;0.002970;Healthy;WO397329;105.29
03-Jul-2026;ENG-038;87;2026-01-04 15:00:00;642.4300;1595.3300;1409.3000;553.6100;2388.1500;9057.4900;47.8600;520.9500;2388.1500;8142.6600;8.4944;395.0000;-0.008055;0.479950;0.003737;Healthy;WO245203;2,267.32
2026-07-03;  ENG-035 ;170;2026-01-08 02:00:00;642.9300;1593.8400;1423.2800;552.8600;2388.1600;9065.8600;47.8900;520.6600;2388.1600;8147.4600;8.4659;395.0000;-0.015532;0.789134;0.010404;Healthy;WO697699;2,832.29
2026-07-03;ENG-010;170;2026-01-08 02:00:00;642.5200;1586.0600;1404.5000;553.6200;2388.0500;9070.3600;47.3000;522.1100;2388.0600;8143.0000;8.4148;393.0000;0.055512;-0.418535;0.001092;Healthy;WO991991;981.54
03-Jul-2026;ENG-053;140;2026-01-06 20:00:00;642.2800;1591.3900;1396.6700;553.7000;2388.0100;9084.2200;47.4600;521.7700;2388.0700;8158.2300;8.4546;394.0000;0.097425;-0.373609;0.007165;Healthy;WO579739;1092.58
2026-07-03;ENG-065;54;2026-01-03 06:00:00;642.6100;1582.7300;1395.9300;554.7200;2388.0600;9069.9400;47.1800;522.3500;2387.9600;8146.0800;8.3644;393.0000;0.035954;-1.080153;0.000488;Healthy;WO544056;2,875.19
2026/07/03;ENG-026;52;2026-01-03 04:00:00;642.1900;1576.9600;1400.6900;554.0400;2388.0400;9067.3700;47.2500;522.3800;2387.9700;8144.1700;8.3899;392.0000;0.049405;-1.075738;0.003294;HEALTHY;WO478862;2,482.47
2026/07/03;eng-045;130;2026-01-06 10:00:00;642.4900;1596.2600;1407.2200;552.7600;2388.1500;9064.3800;47.6800;521.2000;2388.1000;8135.2200;8.4250;392.0000;0.041947;0.202875;0.003826;Healthy;WO911039;
2026-07-03;ENG-009;45;2026-01-02 21:00:00;642.5800;1590.2500;1406.4500;553.1900;2388.1400;9057.9900;47.3900;521.8700;2388.1500;8132.1600;8.4438;394.0000;0.052852;-0.026500;0.002226;Healthy;WO936579;1502.38
2026-07-03;  ENG-028 ;126;2026-01-06 06:00:00;642.9100;1589.0000;1411.3600;553.8200;2388.0800;9059.8400;47.4900;521.7200;2388.1400;8134.2000;8.4434;392.0000;0.045801;0.092046;0.001915;Healthy;WO934987;871.14
03-Jul-2026;eng-079;89;2026-01-04 17:00:00;642.6400;1583.8800;1404.7300;553.1500;2388.1000;9039.2900;47.4200;521.4600;2388.1600;8130.3000;8.4116;391.0000;0.015029;-0.277374;0.006609;Healthy;WO639693;1,091.74
2026-07-03;ENG-091;194;2026-01-09 02:00:00;642.2400;1592.9300;1420.2700;553.0900;2388.1600;9052.3200;47.6800;520.5800;2388.2100;8125.4400;8.4574;395.0000;-0.085326;0.684992;0.003989;Warning;WO774479;6,991.85
2026-07-03;ENG-021;133;2026-01-06 13:00:00;642.3100;1580.5500;1397.9000;553.8500;2387.9600;9081.8900;47.2300;521.8800;2388.0200;8152.2500;8.4167;393.0000;0.058676;-1.028611;0.004956;Healthy;WO806584;728.71
2026/07/03;ENG-010;144;2026-01-07 00:00:00;642.2700;1588.2700;1403.8900;554.7200;2388.0800;9067.4700;47.3400;521.7600;2388.0100;8148.4300;8.3967;392.0000;0.036203;-0.731456;0.001269;Healthy;WO165968;953.67
2026-07-03;ENG-040;103;2026-01-05 07:00:00;643.0500;1595.1600;1414.6100;553.0900;2388.1300;9065.4100;47.7900;520.7100;2388.1900;8135.3200;8.4547;394.0000;-0.020385;0.670261;0.002821;Healthy;WO602700;1367.54
2026/07/03;ENG-079;79;2026-01-04 07:00:00;642.4500;1588.5400;1402.5400;553.4700;2388.0500;9046.9800;47.4500;522.0700;2388.1400;8128.3800;8.4453;392.0000;0.032397;-0.431455;0.002264;Healthy;WO844951;504.73
2026-07-03;ENG-023;89;2026-01-04 17:00:00;641.6300;1587.5100;1396.4000;554.0600;2388.0400;9054.8200;47.0700;521.8700;2388.0300;8132.2700;8.3725;391.0000;0.017617;-1.160231;0.002184;Healthy;WO301784;2616.57
2026-07-03;eng-092;125;2026-01-06 05:00:00;643.0600;1594.2300;1409.4900;552.7500;2388.1600;9051.4000;47.6500;520.4600;2388.1800;8125.3600;8.4825;394.0000;-0.083481;0.688711;0.003361;Warning;WO540049;13747.11
03-Jul-2026;ENG-082;147;2026-01-07 03:00:00;642.8200;1593.9100;1410.5700;553.2500;2388.1400;9054.4100;47.8300;520.5100;2388.1700;8130.5200;8.4629;395.0000;-0.059850;0.704080;0.005199;Healthy;WO139596;1,972.84
2026/07/03;ENG-024;158;2026-01-07 14:00:00;643.1300;1586.6100;1403.9300;553.7600;2388.0200;9106.5200;47.6100;521.9700;2388.0600;8179.4900;8.4550;393.0000;0.168295;-0.218965;0.011856;Warning;WO302510;15867.52
2026/07/03;  ENG-012 ;176;2026-01-08 08:00:00;642.6900;1591.5700;1398.8900;554.6200;2388.0600;9067.7000;47.3500;521.9900;2387.9800;8147.5300;8.4090;390.0000;0.049171;-0.986925;0.001381;Healthy;WO897790;2,673.53
2026/07/03;  ENG-052 ;142;2026-01-06 22:00:00;642.2100;1589.6600;1406.8700;554.0000;2388.0900;9065.6800;47.3100;521.2400;2388.0600;8151.1900;8.4293;392.0000;0.050744;-0.438366;0.002125;Healthy;WO536447;2555.08
03-Jul-2026;  ENG-016 ;102;2026-01-05 06:00:00;642.3700;1593.3800;1400.0300;553.7900;2388.1100;9057.4200;47.3800;522.4900;2388.0400;8142.2000;8.4228;394.0000;0.049484;-0.535215;0.001674;Healthy;WO548085;
2026/07/03;ENG-041;93;2026-01-04 21:00:00;641.6900;1586.0000;1404.0400;553.3400;2388.0900;9047.9600;47.2900;522.2700;2388.1400;8127.8000;8.4371;391.0000;0.001000;-0.784632;0.000691;Healthy;WO647062;2,947.65
2026/07/03;eng-052;136;2026-01-06 16:00:00;641.7200;1585.7600;1400.1900;554.0500;2387.9600;9065.6600;47.4100;522.4000;2388.0400;8147.4700;8.4055;393.0000;0.042068;-1.051437;0.001424;Healthy;WO917581;1,841.34
2026-07-03;ENG-073;106;2026-01-05 10:00:00;641.7900;1575.7100;1394.0100;553.8700;2388.0600;9058.6300;47.4000;521.6000;2388.0100;8136.7800;8.4157;392.0000;0.026949;-0.976467;0.002043;HEALTHY;WO905278;2037.72
2026-07-03;ENG-055;96;2026-01-05 00:00:00;641.8800;1594.2000;1407.9800;553.4000;2388.0500;9051.2400;47.3900;522.0200;2388.0600;8136.9300;8.4086;391.0000;0.036225;-0.744062;0.001171;healthy;WO422181;1833.77
2026-07-03;ENG-057;147;2026-01-07 03:00:00;642.6100;1588.7700;1412.7000;553.2700;2388.1100;9051.2800;47.6300;521.1500;2388.1300;8122.4600;8.4241;393.0000;-0.004612;0.101964;0.002275;Healthy;WO971826;105.09
2026-07-03;ENG-059;69;2026-01-03 21:00:00;642.0100;1586.7700;1396.7400;554.9600;2388.0700;9059.8400;47.2200;522.2400;2388.0800;8139.6100;8.3988;392.0000;0.018656;-1.137134;0.001337;Healthy;WO203069;546.69
2026/07/03;ENG-037;105;2026-01-05 09:00:00;642.8700;1587.8100;1417.9700;554.1000;2388.0700;9039.7100;47.6300;521.4200;2388.1300;8130.8300;8.4425;393.0000;-0.002211;0.089334;0.002527;Healthy;WO551197;1895.47
2026-07-03;ENG-030;112;2026-01-05 16:00:00;642.5100;1591.4800;1413.4500;552.9000;2388.1800;9045.5100;47.6900;521.0200;2388.1900;8125.4700;8.4475;394.0000;-0.053960;0.408213;0.001145;Healthy;WO997987;413.52
2026-07-03;ENG-090;123;2026-01-06 03:00:00;642.7500;1593.1400;1405.6300;553.0000;2388.0900;9072.2900;47.6300;521.0800;2388.1100;8150.1200;8.4504;394.0000;0.087207;0.184829;0.001972;Warning;WO731081;5,147.93
2026/07/03;eng-034;190;2026-01-08 22:00:00;642.9400;1591.6300;1420.3700;552.3900;2388.2300;9049.1400;47.9300;520.5400;2388.2300;8129.4300;8.4998;393.0000;-0.261347;0.983084;0.007397;Warning;WO907488;5721.62
2026/07/03;ENG-065;68;2026-01-03 20:00:00;642.0300;1581.9500;1402.3400;554.4900;2387.9900;9066.6900;47.0600;522.1800;2388.0400;8144.3200;8.4367;392.0000;0.020448;-1.106162;0.002043;Healthy;WO242969;2043.44
2026-07-03;eng-030;100;2026-01-05 04:00:00;642.7800;1580.7200;1405.4400;554.0100;2388.1000;9045.8500;47.6100;521.4900;2388.1400;8130.5800;8.4630;394.0000;0.005789;-0.009001;0.000685;Healthy;WO550516;640.63
03-Jul-2026;eng-091;200;2026-01-09 08:00:00;643.1600;1591.0300;1418.9200;552.4400;2388.2000;9049.6500;47.8200;520.5500;2388.1500;8130.2300;8.4890;394.0000;-0.163788;0.866383;0.002549;Warning;WO106077;18,547.87
2026/07/03;ENG-057;142;2026-01-06 22:00:00;642.6100;1593.1700;1410.6800;553.2200;2388.1800;9049.0800;47.5600;520.9200;2388.1400;8131.4800;8.4392;394.0000;-0.032670;0.355486;0.002463;Healthy;WO564580;2164.26
03-Jul-2026;eng-081;181;2026-01-08 13:00:00;643.1400;1593.5400;1421.5100;552.1200;2388.1000;9071.9000;47.7200;520.7300;2388.1100;8150.9600;8.4509;395.0000;0.084396;0.869465;0.005535;Warning;WO776171;6,932.47
03-Jul-2026;ENG-006;84;2026-01-04 12:00:00;642.6200;1584.0100;1408.3400;553.8200;2388.0900;9046.9700;47.3900;521.3600;2388.0200;8139.1200;8.4195;393.0000;0.042194;-0.224263;0.000566;Healthy;WO433188;1026.22
2026-07-03;ENG-007;133;2026-01-06 13:00:00;642.2600;1582.7600;1400.3700;554.4500;2388.0800;9071.0700;47.3000;521.7100;2388.0400;8144.1000;8.3975;391.0000;0.019020;-0.880586;0.001007;healthy;WO526946;1823.42
03-Jul-2026;ENG-020;184;2026-01-08 16:00:00;643.7500;1595.1200;1419.6000;552.1900;2388.1400;9066.4900;48.1300;520.6400;2388.2100;8138.8600;8.4690;395.0000;-0.369782;1.448610;0.011005;Warning;WO364794;6019.64
2026-07-03;ENG-058;126;2026-01-06 06:00:00;641.8800;1589.9800;1404.3900;553.3800;2388.0800;9047.0600;47.4300;521.4800;2388.1100;8133.0500;8.4381;395.0000;0.045393;-0.223159;0.003079;Healthy;WO599188;2,147.20
2026/07/03;ENG-091;176;2026-01-08 08:00:00;642.8900;1588.1500;1425.0300;552.3800;2388.1700;9048.6700;47.6300;520.3600;2388.1800;8122.4200;8.4588;394.0000;-0.202398;0.808829;0.008873;Healthy;WO254975;
03-Jul-2026;ENG-018;124;2026-01-06 04:00:00;642.4500;1591.8000;1410.0400;553.3300;2388.1500;9050.9000;47.6600;520.6700;2388.1200;8131.9400;8.4371;394.0000;-0.022848;0.333335;0.006383;Healthy;WO902375;2123.79
03-Jul-2026;  ENG-061 ;107;2026-01-05 11:00:00;642.5100;1592.5400;1409.3300;553.7600;2388.1100;9060.6200;47.5200;521.2900;2388.0600;8145.0000;8.4260;394.0000;0.061824;0.032125;0.000492;Warning;WO555898;14362.55
2026/07/03;ENG-068;152;2026-01-07 08:00:00;642.3300;1588.4900;1412.7600;553.2500;2388.1300;9066.8300;47.6200;520.9800;2388.1600;8144.5200;8.5039;394.0000;0.024867;0.339798;0.001966;Warning;WO419643;4,811.52
2026/07/03;ENG-023;95;2026-01-04 23:00:00;642.2000;1584.1400;1397.0500;554.1400;2388.0500;9050.9100;47.1600;522.3700;2388.0400;8130.6200;8.4586;392.0000;0.019515;-0.824478;0.003774;Healthy;WO976029;2788.26
03-Jul-2026;ENG-035;140;2026-01-06 20:00:00;642.8400;1593.8100;1417.6000;553.1700;2388.2000;9058.7700;47.6400;521.1000;2388.1600;8136.5800;8.4942;394.0000;-0.031874;0.565594;0.001674;Healthy;WO224935;
2026/07/03;ENG-033;50;2026-01-03 02:00:00;642.4200;1579.3600;1416.5300;553.5600;2388.1400;9059.5600;47.6100;520.9500;2388.1100;8134.2700;8.4463;392.0000;0.005904;0.078456;0.002352;Healthy;WO799789;485.83
2026-07-03;ENG-049;239;2026-01-10 23:00:00;642.0500;1586.0200;1404.7600;553.7900;2388.1400;9052.2200;47.5800;521.4100;2388.1100;8140.1200;8.4206;395.0000;0.037450;-0.097568;0.002263;Warning;WO705999;24004.84
2026/07/03;ENG-029;155;2026-01-07 11:00:00;642.6600;1584.0300;1408.2200;553.8000;2388.0700;9070.7500;47.4400;521.6900;2388.0600;8148.0300;8.4493;393.0000;0.069648;-0.352803;0.003211;Healthy;WO397357;904.70
03-Jul-2026;ENG-074;103;2026-01-05 07:00:00;642.6600;1592.0400;1409.8800;553.4100;2388.1000;9054.9100;47.4400;521.7500;2388.1100;8138.4000;8.4463;392.0000;0.060377;-0.162777;0.001355;Healthy;WO309550;
2026-07-03;ENG-017;161;2026-01-07 17:00:00;642.8600;1591.4800;1405.8800;553.6000;2388.0300;9093.8400;47.5800;521.3200;2388.0300;8167.3900;8.4641;393.0000;0.139919;-0.022998;0.012761;Warning;WO771591;17,810.56
03-Jul-2026;ENG-071;68;2026-01-03 20:00:00;642.5200;1585.4500;1400.9700;553.1700;2388.0100;9068.5300;47.3500;522.4200;2388.0800;8146.1900;8.4386;391.0000;0.059131;-0.677301;0.002578;Healthy;WO910665;
2026-07-03;ENG-055;113;2026-01-05 17:00:00;642.2000;1585.6800;1399.6300;553.3700;2388.0900;9056.1600;47.5000;521.9200;2388.0400;8135.6200;8.4276;393.0000;0.043837;-0.511482;0.002810;Healthy;WO864242;1,826.33
2026/07/03;eng-093;180;2026-01-08 12:00:00;642.8500;1589.8800;1410.9500;552.5900;2388.1200;9069.2200;47.4300;521.4300;2388.1100;8139.4700;8.4496;394.0000;0.057389;0.204536;0.002609;Warning;WO270564;7231.49
2026-07-03;ENG-033;43;2026-01-02 19:00:00;642.4400;1598.1500;1415.4100;553.1000;2388.1100;9054.6100;47.7100;521.0500;2388.1100;8140.9600;8.4513;394.0000;0.035950;0.235422;0.001655;Healthy;WO907249;1,421.61
2026-07-03;ENG-062;178;2026-01-08 10:00:00;641.8600;1581.8400;1401.7700;554.7900;2388.0200;9064.2100;47.3500;522.0800;2387.9800;8149.8600;8.4068;391.0000;0.045420;-0.996456;;Healthy;WO902732;665.74
2026-07-03;  ENG-051 ;131;2026-01-06 11:00:00;642.0700;1586.9300;1408.7100;553.3300;2388.0800;9049.4800;47.3400;521.8100;2388.1300;8132.9700;8.4596;394.0000;0.046091;-0.129554;0.000948;Healthy;WO158288;2,459.36
2026-07-03;  ENG-057 ;128;2026-01-06 08:00:00;643.1500;1589.1000;1407.3600;552.8800;2388.1400;9051.7200;47.4300;520.4200;2388.0900;8130.2200;8.4271;391.0000;0.007490;0.123134;0.001083;Healthy;WO853159;1783.97
2026-07-03;ENG-078;52;2026-01-03 04:00:00;641.7500;1584.1000;1389.9200;554.0800;2388.0300;9064.9100;47.1300;522.1300;2387.9800;8148.4600;8.3652;392.0000;0.050167;-1.262204;0.004326;Healthy;WO471925;1982.25
2026-07-03;ENG-052;132;2026-01-06 12:00:00;642.2000;1588.8300;1394.6900;554.2300;2387.9800;9063.7000;47.3200;522.2100;2388.0200;8155.4400;8.4009;393.0000;0.052246;-0.961012;0.001064;Healthy;WO998592;987.22
03-Jul-2026;  ENG-020 ;131;2026-01-06 11:00:00;642.7200;1589.0200;1406.4400;552.7000;2388.0800;9072.5300;47.5000;520.8300;2388.0800;8144.5100;8.4572;393.0000;0.071617;0.191304;0.000880;Healthy;WO242513;427.35
2026/07/03;ENG-059;64;2026-01-03 16:00:00;642.4300;1578.6500;1398.0400;554.1100;2388.0300;9057.3700;47.3400;522.3200;2388.0000;8141.3400;8.3888;391.0000;0.045965;-1.074517;0.002072;Healthy;WO910808;2802.84
2026/07/03;  ENG-061 ;154;2026-01-07 10:00:00;643.1500;1598.3000;1420.1700;551.9800;2388.1900;9070.7300;47.6900;520.5200;2388.1100;8143.8800;8.4477;393.0000;-0.029727;0.855130;0.003613;warning;WO404410;12983.68
2026/07/03;ENG-037;111;2026-01-05 15:00:00;643.0500;1589.9300;1412.6300;552.9100;2388.1500;9046.6800;47.6900;520.9000;2388.1700;8118.3200;8.4336;393.0000;-0.056347;0.407186;0.001085;Warning;WO613269;6,856.92
2026/07/03;ENG-031;190;2026-01-08 22:00:00;643.3500;1597.7900;1421.6600;551.6600;2388.1700;9088.8500;48.0000;520.1500;2388.1600;8156.5400;8.4771;395.0000;-0.109645;1.444281;0.013399;warning;WO327038;4015.36
2026/07/03;ENG-062;202;2026-01-09 10:00:00;642.1000;1586.5800;1407.6500;553.2800;2388.0600;9076.6100;47.5500;521.4800;2388.0100;8155.1300;8.4566;392.0000;0.097188;-0.252175;0.008633;Healthy;WO734676;2,160.42
2026/07/03;  ENG-072 ;131;2026-01-06 11:00:00;642.9000;1588.4900;1410.5700;553.5200;2388.1100;9072.0300;47.6900;521.4700;2388.0900;8149.2700;8.4450;394.0000;0.083598;0.137292;0.005062;Healthy;WO482368;2404.57
2026-07-03;eng-004;91;2026-01-04 19:00:00;642.5100;1584.3100;1405.1200;553.1800;2388.1300;9049.8700;47.6000;521.5300;2388.1900;8130.8700;8.4415;393.0000;0.028994;-0.063074;0.000749;HEALTHY;WO614623;1,226.58
2026/07/03;  ENG-048 ;57;2026-01-03 09:00:00;642.3700;1589.5000;1407.9000;553.4500;2388.0600;9057.9600;47.3200;522.0500;2388.1500;8131.1900;8.3991;394.0000;0.029519;-0.455167;0.001647;Healthy;WO606866;1753.04
03-Jul-2026;ENG-084;146;2026-01-07 02:00:00;642.3200;1587.9200;1416.9400;552.9600;2388.1500;9061.1000;47.4300;521.1400;2388.1000;8128.8600;8.3880;393.0000;0.028754;-0.059898;0.001730;Healthy;WO924652;1977.03
2026-07-03;  ENG-043 ;164;2026-01-07 20:00:00;642.6100;1589.1400;1405.8300;552.9900;2388.1000;9058.8900;47.6200;520.9500;2388.1400;8133.7300;8.4577;394.0000;0.027455;0.209100;0.004334;Healthy;WO963217;69.28
03-Jul-2026;  ENG-032 ;105;2026-01-05 09:00:00;642.2800;1581.8600;1400.6500;554.0900;2388.0200;9085.8000;47.3000;522.3200;2387.9500;8153.1500;8.4308;392.0000;0.088876;-0.952925;0.001036;healthy;WO928890;2529.33
2026/07/03;ENG-079;85;2026-01-04 13:00:00;642.9500;1582.1500;1413.2000;553.2200;2388.1600;9046.9300;47.4600;521.8100;2388.1000;8132.4600;8.4332;392.0000;0.028687;-0.100973;0.000316;Healthy;WO108658;
03-Jul-2026;ENG-032;129;2026-01-06 09:00:00;642.9100;1592.2200;1406.0400;553.4300;2388.0000;9095.3300;47.4400;521.5400;2388.0600;8168.0500;8.4288;391.0000;0.123901;-0.320194;0.009166;warning;WO720347;10,574.57
2026/07/03;  ENG-077 ;110;2026-01-05 14:00:00;642.4500;1586.6200;1411.1200;553.4600;2388.1300;9051.8700;47.5000;521.8300;2388.1100;8128.8900;8.4501;392.0000;0.035880;-0.085784;0.001339;Healthy;WO148998;1,767.67
2026-07-03;ENG-030;123;2026-01-06 03:00:00;643.4100;1592.6700;1407.2400;553.2200;2388.0800;9048.6200;47.6500;521.6500;2388.1400;8125.4900;8.4908;393.0000;0.000301;0.394452;0.000880;WARNING;WO341930;10962.78
2026-07-03;  ENG-038 ;109;2026-01-05 13:00:00;642.7800;1588.5500;1413.3300;553.6200;2388.1200;9067.3200;47.6300;521.0600;2388.1200;8145.6900;8.4706;393.0000;0.035641;0.297679;0.002305;Healthy;WO578370;1,324.36
2026/07/03;ENG-017;120;2026-01-06 00:00:00;642.3700;1588.2400;1414.2600;553.0500;2387.9800;9071.6800;47.3800;522.0600;2388.0500;8156.7000;8.4327;393.0000;0.095499;-0.308197;0.004671;Healthy;WO935233;
2026-07-03;  ENG-089 ;128;2026-01-06 08:00:00;642.8100;1582.9000;1409.3200;553.6500;2388.1100;9042.9200;47.4200;521.7600;2388.1100;8126.9700;8.4757;394.0000;0.022330;-0.134904;0.001133;Healthy;WO976644;
2026/07/03;ENG-060;143;2026-01-06 23:00:00;642.4400;1591.9300;1416.6800;552.6400;2388.1200;9052.7700;47.4200;521.3900;2388.1700;8139.6700;8.4355;393.0000;0.032093;0.181391;0.001635;Healthy;WO239309;2,273.64
2026-07-03;  ENG-047 ;54;2026-01-03 06:00:00;642.8900;1591.4100;1408.6000;554.0600;2388.1400;9040.1100;47.5800;521.1100;2388.1200;8119.8500;8.3960;393.0000;-0.028154;0.028975;0.006112;Healthy;WO512223;628.94
03-Jul-2026;ENG-014;34;2026-01-02 10:00:00;642.9100;1590.2300;1410.8800;552.7500;2388.1700;9041.8500;47.5100;520.8300;2388.1200;8114.5900;8.4145;393.0000;-0.050939;0.214342;0.006921;Healthy;WO801732;2641.23
03-Jul-2026;ENG-076;194;2026-01-09 02:00:00;643.3600;1599.7200;1419.4600;552.0100;2388.1300;9103.0100;47.9400;519.8300;2388.1700;8175.2500;8.4866;394.0000;0.227680;1.486709;0.013301;Warning;WO337146;22,945.16
2026-07-03;ENG-031;164;2026-01-07 20:00:00;642.8000;1589.5000;1413.8000;552.9200;2388.1200;9077.2600;47.6600;521.1400;2388.1500;8153.2700;8.4659;394.0000;0.047772;0.474790;0.006704;Warning;WO337018;2,004.38
03-Jul-2026;ENG-012;216;2026-01-10 00:00:00;642.0900;1582.3200;1408.0700;554.1500;2388.0400;9069.0800;47.4600;521.4400;2388.1000;8148.8500;8.3988;392.0000;0.043117;-0.540559;0.000573;Healthy;WO359409;2,364.45
03-Jul-2026;ENG-052;140;2026-01-06 20:00:00;642.0400;1595.2400;1401.2900;554.1400;2388.0100;9072.9100;47.4100;522.1500;2388.0700;8151.4800;8.4008;393.0000;0.064343;-0.677244;0.001036;Healthy;WO768551;2901.62
2026-07-03;eng-099;67;2026-01-03 19:00:00;642.0200;1578.9700;1400.6900;553.3900;2388.0500;9065.2700;47.1000;522.4600;2388.0300;8150.2300;8.3701;389.0000;0.067085;-1.314014;0.002561;Healthy;WO121836;1433.31
2026/07/03;ENG-070;121;2026-01-06 01:00:00;642.5100;1588.0400;1403.4800;552.7400;2388.0800;9059.8200;47.5700;521.6600;2388.1200;8125.4300;8.4306;391.0000;0.062950;-0.092256;0.001305;Healthy;WO540252;2,326.47
03-Jul-2026;ENG-028;114;2026-01-05 18:00:00;642.9500;1589.4200;1405.7200;553.4900;2388.1000;9050.5600;47.5400;521.5200;2388.1000;8126.9700;8.4124;393.0000;0.038310;-0.138719;0.001013;warning;WO217715;12,575.17
2026/07/03;ENG-042;133;2026-01-06 13:00:00;642.9000;1587.7700;1408.4300;552.7000;2388.1700;9032.1900;47.6300;521.2000;2388.1800;8122.3600;8.4224;393.0000;-0.043993;0.157601;0.002309;Healthy;WO655806;2729.91
2026-07-03;eng-021;105;2026-01-05 09:00:00;641.7700;1586.3900;1390.4800;554.0900;2387.9900;9058.8600;47.1100;522.2800;2388.0600;8144.6100;8.3981;391.0000;0.034906;-1.135612;0.001145;Healthy;WO658310;332.90
2026/07/03;ENG-093;244;2026-01-11 04:00:00;643.0200;1598.8400;1416.1900;552.8600;2388.1500;9074.8200;47.6700;520.6600;2388.1400;8155.6300;8.4826;392.0000;0.066277;0.714944;0.012183;Warning;WO425733;21097.50
2026-07-03;ENG-018;119;2026-01-05 23:00:00;642.9700;1591.3400;1413.8300;552.8400;2388.1000;9057.9500;47.5700;521.3700;2388.1300;8136.5600;8.4568;394.0000;0.036478;0.216625;0.002952;Warning;WO677048;17,846.16
2026/07/03;ENG-091;205;2026-01-09 13:00:00;642.8600;1597.1600;1417.6800;552.9900;2388.2000;9049.4400;47.9500;520.4400;2388.1500;8125.4700;8.4592;393.0000;-0.139865;0.841068;0.005599;Warning;WO149279;8,244.65
03-Jul-2026;ENG-090;127;2026-01-06 07:00:00;643.0000;1590.3200;1411.9300;552.7600;2388.0500;9069.9600;47.6700;520.8100;2388.1600;8149.9700;8.4523;395.0000;0.069779;0.569077;0.001505;Warning;WO123022;2385.82
03-Jul-2026;ENG-095;83;2026-01-04 11:00:00;642.6000;1587.3500;1407.7000;553.6700;2388.0700;9044.7900;47.4100;521.8600;2388.0800;8123.9500;8.4225;393.0000;0.028657;-0.286442;0.001254;Healthy;WO789403;270.97
03-Jul-2026;ENG-062;164;2026-01-07 20:00:00;642.3000;1582.1400;1402.4500;555.0300;2388.0300;9058.6300;47.2700;521.9900;2388.0000;8145.3400;8.3611;392.0000;0.015130;-1.056594;0.002537;Healthy;WO705953;1,289.23
03-Jul-2026;ENG-049;247;2026-01-11 07:00:00;642.6500;1590.5800;1410.8300;553.1400;2388.1400;9051.4900;47.6300;521.8000;2388.1100;8139.0400;8.4691;393.0000;0.029713;0.198290;0.000959;Warning;WO693158;
03-Jul-2026;  ENG-006 ;92;2026-01-04 20:00:00;642.6700;1598.3500;1409.6100;553.5500;2388.1400;9052.4800;47.5900;521.4600;2388.0900;8128.9000;8.4391;392.0000;0.024441;0.132749;;Healthy;WO135866;2633.91
03-Jul-2026;ENG-045;121;2026-01-06 01:00:00;642.7400;1594.4700;1412.0600;552.4200;2388.1300;9062.1300;47.6100;521.6400;2388.0900;8139.0900;8.4283;393.0000;0.061810;0.220511;0.003259;Healthy;WO931041;2,175.63
03-Jul-2026;ENG-035;158;2026-01-07 14:00:00;642.9800;1599.1900;1413.5300;553.1200;2388.1600;9073.1600;47.8600;520.8100;2388.1200;8143.1400;8.4442;395.0000;0.038361;0.840099;0.004753;healthy;WO181989;664.00
2026/07/03;eng-075;75;2026-01-04 03:00:00;642.5000;1585.8500;1404.7700;554.3100;2388.0700;9059.2600;47.4200;521.4100;2388.0800;8146.2200;8.4106;393.0000;0.045627;-0.283801;0.000193;Healthy;WO409253;873.48
2026/07/03;ENG-009;55;2026-01-03 07:00:00;642.2700;1593.6100;1410.2700;552.5800;2388.1300;9057.5700;47.5800;521.6500;2388.1600;8134.7600;8.4293;392.0000;0.053331;0.039694;0.003437;HEALTHY;WO154754;1,025.56
2026-07-03;ENG-031;150;2026-01-07 06:00:00;643.1000;1594.6100;1408.9300;553.8200;2388.1600;9071.3900;47.5300;521.2300;2388.0700;8150.5400;8.4566;393.0000;0.040893;0.462610;0.003609;Healthy;WO968342;2365.63
2026-07-03;ENG-018;132;2026-01-06 12:00:00;642.8500;1599.1100;1413.8500;552.7000;2388.1900;9048.4700;47.7400;521.2700;2388.1000;8133.2800;8.4285;393.0000;-0.023314;0.519302;0.003325;warning;WO242464;16,743.95
03-Jul-2026;ENG-013;135;2026-01-06 15:00:00;641.8800;1579.9700;1403.0400;553.7400;2388.0600;9063.8900;47.3200;521.9500;2388.0000;8139.2900;8.4133;391.0000;0.025611;-0.954295;0.001638;HEALTHY;WO544309;
2026/07/03;ENG-084;143;2026-01-06 23:00:00;642.8900;1593.4200;1408.6700;553.1600;2388.1100;9052.1900;47.6200;520.4900;2388.1100;8133.6900;8.4888;394.0000;-0.013143;0.428444;0.007508;Healthy;WO969876;1194.87
03-Jul-2026;ENG-006;99;2026-01-05 03:00:00;642.5400;1591.2900;1406.2400;553.2700;2388.1200;9048.7200;47.4200;521.3900;2388.1100;8132.1700;8.4566;393.0000;0.034152;0.016231;0.000365;warning;WO410007;1,406.12
2026-07-03;ENG-092;120;2026-01-06 00:00:00;642.9200;1593.6100;1416.9000;552.7100;2388.1900;9044.7300;47.9300;521.2700;2388.1800;8120.6600;8.4717;397.0000;-0.081483;0.732268;0.004129;Healthy;WO246328;1992.90
2026/07/03;  ENG-021 ;134;2026-01-06 14:00:00;641.6700;1586.9000;1404.0700;554.3200;2388.0200;9074.9600;47.3100;521.5200;2388.0700;8155.4300;8.3944;393.0000;0.023028;-0.837299;0.001337;Healthy;WO845467;2772.30
2026-07-03;ENG-091;203;2026-01-09 11:00:00;642.7600;1594.5200;1415.9000;552.9100;2388.2100;9055.1600;47.7000;521.1500;2388.1900;8126.4200;8.4278;394.0000;-0.049978;0.578348;0.006013;Healthy;WO454358;757.46
2026-07-03;  ENG-034 ;169;2026-01-08 01:00:00;642.6600;1596.0000;1411.6300;552.3600;2388.1900;9051.6000;47.6100;520.9800;2388.1200;8137.5100;8.4678;396.0000;-0.033864;0.650708;0.003216;Warning;WO600825;11,338.60
2026-07-03;ENG-029;166;2026-01-07 22:00:00;642.3300;1589.3700;1403.3100;553.0100;2388.0500;9067.6900;47.4000;521.6800;2388.0200;8154.3000;8.4410;394.0000;0.088352;-0.288611;0.001507;healthy;WO219961;2599.73
2026-07-03;ENG-100;143;2026-01-06 23:00:00;642.5600;1583.0000;1408.1100;553.3000;2388.0800;9078.1500;47.3500;522.1200;2388.0600;8161.9700;8.4258;393.0000;0.085442;-0.505555;0.004522;Healthy;WO376694;1,776.80
2026-07-03;  ENG-051 ;139;2026-01-06 19:00:00;642.3300;1589.3500;1408.2300;553.3100;2388.1100;9040.8900;47.4800;521.3200;2388.0800;8126.0700;8.4488;393.0000;0.005113;0.009633;0.003692;Healthy;WO756724;1096.82
03-Jul-2026;ENG-057;156;2026-01-07 12:00:00;642.3600;1589.5000;1410.2000;552.7600;2388.1300;9047.7400;47.4600;521.2900;2388.1200;8131.9000;8.4410;395.0000;0.012471;0.128105;0.002837;Healthy;WO641721;2457.56
2026/07/03;ENG-068;182;2026-01-08 14:00:00;643.5400;1599.9000;1423.9500;552.5700;2388.1600;9082.9400;47.9600;520.0500;2388.1600;8156.4700;8.5191;396.0000;-0.116551;1.543216;0.012992;Warning;WO167196;13877.06
03-Jul-2026;ENG-076;185;2026-01-08 17:00:00;642.9000;1596.9800;1412.9500;552.5400;2388.0800;9095.2100;47.6700;520.8100;2388.1100;8169.2200;8.4606;395.0000;0.336255;0.760375;0.013474;Warning;WO448472;
2026-07-03;ENG-019;106;2026-01-05 10:00:00;642.3600;1587.4500;1399.5800;553.2900;2388.0500;9067.3900;47.3500;521.9500;2388.0900;8145.4600;8.4159;391.0000;0.044746;-0.661004;0.001563;Healthy;WO362429;2897.38
03-Jul-2026;ENG-093;184;2026-01-08 16:00:00;642.7500;1588.1900;1407.7600;552.2700;2388.1500;9070.8500;47.7200;520.9300;2388.1600;8148.9900;8.4633;394.0000;0.044396;0.447832;0.003414;Warning;WO432910;16156.38
2026/07/03;eng-099;82;2026-01-04 10:00:00;642.3000;1585.9900;1398.4400;554.6000;2388.0000;9074.5900;47.1500;522.1400;2388.0500;8146.5500;8.3969;392.0000;0.024960;-0.993659;0.001968;Healthy;WO517911;1983.92
2026/07/03;ENG-100;171;2026-01-08 03:00:00;642.8300;1586.6400;1411.1900;554.1900;2388.0500;9101.3100;47.7200;521.5900;2388.0300;8172.3200;8.4667;392.0000;0.228066;0.044221;0.007506;Warning;WO192583;10421.70
2026-07-03;ENG-070;114;2026-01-05 18:00:00;642.6600;1585.2200;1401.0200;553.7000;2388.1600;9047.4000;47.5600;521.1400;2388.0800;8133.8700;8.4433;392.0000;0.033256;-0.164731;0.002953;Healthy;WO983648;1525.42
2026-07-03;ENG-008;153;2026-01-07 09:00:00;642.5200;1578.5100;1407.2900;553.3800;2388.1300;9053.8900;47.5900;520.9300;2388.0900;8136.1200;8.4652;392.0000;0.004481;0.133330;0.000332;Healthy;WO701134;549.75
03-Jul-2026;ENG-042;108;2026-01-05 12:00:00;642.7100;1588.6300;1413.3800;553.4200;2388.1300;9043.1300;47.3600;521.9300;2388.1000;8132.3300;8.4123;393.0000;0.031444;-0.117627;0.002409;Healthy;WO891921;2,633.99
03-Jul-2026;ENG-060;123;2026-01-06 03:00:00;642.5900;1596.0500;1404.5400;552.6400;2388.0900;9050.5300;47.4500;521.5000;2388.0900;8138.4500;8.3962;391.0000;0.066432;-0.025766;0.002689;Healthy;WO833938;1216.61
2026/07/03;ENG-032;141;2026-01-06 21:00:00;642.3900;1591.1700;1411.7200;553.9600;2388.0000;9096.4200;47.5000;521.6300;2388.0400;8170.4600;8.4454;394.0000;0.168327;-0.108326;0.010708;Warning;WO862569;24944.35
2026-07-03;ENG-097;129;2026-01-06 09:00:00;642.1600;1591.2300;1408.9800;553.7100;2388.0400;9074.9700;47.3200;522.0400;2388.0800;8152.7800;8.4779;392.0000;0.081129;-0.495897;0.000712;Warning;WO879713;17,879.87
2026-07-03;ENG-024;133;2026-01-06 13:00:00;642.3500;1591.7000;1405.9900;554.6300;2388.0300;9086.4200;47.4600;522.1300;2388.0400;8168.5300;8.4068;392.0000;0.081542;-0.681891;0.004652;Healthy;WO113280;2,710.67
03-Jul-2026;ENG-051;141;2026-01-06 21:00:00;642.7600;1587.1400;1404.3300;553.0100;2388.1400;9053.2000;47.6100;521.2100;2388.1100;8132.0400;8.4578;393.0000;0.020074;0.108321;0.004603;Warning;WO141586;18,215.55
2026/07/03;  ENG-021 ;114;2026-01-05 18:00:00;641.9600;1588.0100;1397.0700;554.4100;2388.0600;9065.4200;47.3800;522.0000;2388.0900;8150.2300;8.4115;392.0000;-0.049568;-2.652616;0.005349;Healthy;WO574381;1989.88
2026/07/03;  ENG-072 ;108;2026-01-05 12:00:00;642.8600;1590.6900;1406.3200;553.5400;2388.0400;9065.3100;47.4900;521.9700;2388.0500;8140.3300;8.4202;393.0000;0.070811;-0.352713;0.002496;Healthy;WO364648;2105.56
2026-07-03;  ENG-011 ;59;2026-01-03 11:00:00;642.5500;1598.9600;1408.3600;553.4200;2388.1700;9039.1700;47.5500;521.4900;2388.2000;8114.5200;8.4440;394.0000;-0.040040;0.205506;0.000777;Warning;WO615983;16,217.80
03-Jul-2026;ENG-052;144;2026-01-07 00:00:00;642.3400;1584.4200;1406.8700;554.8700;2388.0000;9071.6700;47.2700;522.0400;2388.0200;8153.6100;8.4105;392.0000;0.042322;-0.886612;0.003605;Healthy;WO213809;1,619.74
03-Jul-2026;ENG-007;131;2026-01-06 11:00:00;642.0500;1589.0800;1405.3600;553.8500;2388.0100;9060.4600;47.1900;522.0800;2387.9900;8146.0700;8.4251;393.0000;0.045959;-0.802153;0.004179;Healthy;WO245814;542.14
2026/07/03;ENG-057;158;2026-01-07 14:00:00;642.8900;1589.9600;1414.0200;553.3800;2388.1000;9060.1000;47.3700;520.7600;2388.1200;8130.3500;8.4909;394.0000;-0.017205;0.449879;0.002075;Warning;WO986287;5624.90
2026-07-03;  ENG-061 ;113;2026-01-05 17:00:00;642.5600;1584.4400;1399.2700;553.7300;2388.0400;9064.0600;47.4500;521.8000;2388.0700;8143.6100;8.4520;392.0000;0.054300;-0.428303;0.001354;Healthy;WO763162;2682.55
03-Jul-2026;ENG-094;133;2026-01-06 13:00:00;642.7700;1589.5000;1420.9400;552.7800;2388.1700;9051.2200;47.8100;520.6200;2388.1300;8133.3600;8.5167;393.0000;-0.066705;0.725630;0.001998;Warning;WO820596;5213.90
03-Jul-2026;ENG-046;144;2026-01-07 00:00:00;643.3100;1589.4100;1413.0300;552.9300;2388.1200;9084.0200;47.7000;521.2400;2388.1000;8157.9400;8.4781;394.0000;0.137324;0.590976;0.019537;Warning;WO696025;9,979.38
2026-07-03;ENG-072;109;2026-01-05 13:00:00;642.5100;1590.5200;1400.8900;553.1500;2388.0600;9060.9100;47.3300;521.5900;2388.0100;8142.3100;8.4154;392.0000;0.050987;-0.538387;0.001968;Healthy;WO148496;2028.88
03-Jul-2026;ENG-059;65;2026-01-03 17:00:00;642.0600;1585.7400;1395.6000;554.6900;2388.0300;9051.1400;47.2400;521.9800;2388.0400;8140.1600;8.4487;390.0000;0.030767;-1.012339;0.001196;Healthy;WO569428;1920.34
2026/07/03;ENG-066;135;2026-01-06 15:00:00;643.1500;1595.5200;1410.2800;552.7500;2388.1300;9110.2900;47.6500;520.5900;2388.1300;8182.9400;8.4732;394.0000;0.517688;0.885072;0.013215;Warning;WO335280;4,205.88
2026/07/03;ENG-082;154;2026-01-07 10:00:00;643.3700;1589.0900;1418.1400;551.8200;2388.2000;9054.3500;47.8800;520.7300;2388.2200;8130.7700;8.4727;393.0000;-0.205348;0.890684;0.001709;Warning;WO718242;3303.84
03-Jul-2026;ENG-038;124;2026-01-06 04:00:00;643.3200;1590.5700;1414.9700;552.5000;2388.1600;9078.1800;47.7800;520.8700;2388.1400;8153.4900;8.5083;396.0000;0.099441;0.924235;0.004354;Warning;WO596757;15,496.44
2026-07-03;ENG-069;51;2026-01-03 03:00:00;642.4300;1583.2400;1398.5400;553.2600;2388.1300;9042.7100;47.6000;521.5400;2388.0600;8132.2800;8.4335;392.0000;0.041346;-0.312484;0.003582;Healthy;WO563665;1474.82
2026-07-03;ENG-064;130;2026-01-06 10:00:00;642.4200;1590.3000;1409.5900;552.8700;2388.1200;9053.8000;47.5000;521.2500;2388.1200;8129.4300;8.4698;394.0000;0.005429;0.238952;0.001723;Healthy;WO352655;2757.34
03-Jul-2026;ENG-084;148;2026-01-07 04:00:00;643.4300;1594.6100;1420.1400;553.4900;2388.1100;9045.1000;47.6500;521.5700;2388.1100;8137.5400;8.4885;395.0000;-0.023575;0.615038;0.001819;warning;WO611520;21624.46
2026/07/03;ENG-090;100;2026-01-05 04:00:00;642.4500;1589.1100;1403.5800;553.3900;2388.0700;9059.2900;47.4500;521.9400;2388.1300;8140.5100;8.4560;393.0000;0.069648;-0.122899;0.000384;Healthy;WO476485;1,477.13
2026-07-03;ENG-073;80;2026-01-04 08:00:00;642.5900;1586.2900;1408.2800;554.1100;2388.0700;9048.0700;47.4700;522.0600;2388.0600;8137.3100;8.3708;392.0000;0.023100;-0.580395;0.002816;Healthy;WO323985;2,945.68
2026/07/03;ENG-067;51;2026-01-03 03:00:00;642.3200;1580.0300;1402.7800;555.1700;2388.0400;9062.2600;47.3200;521.9400;2388.0400;8141.1800;8.4149;393.0000;0.009386;-0.825504;0.000691;Healthy;WO350458;
2026/07/03;eng-053;130;2026-01-06 10:00:00;642.4900;1587.8700;1403.3000;553.5400;2388.0700;9083.4000;47.5400;522.1400;2388.1000;8154.0400;8.4340;395.0000;0.101835;-0.201776;0.004860;Healthy;WO842461;
2026/07/03;ENG-033;41;2026-01-02 17:00:00;642.3700;1603.3800;1404.8500;553.6600;2388.1100;9058.4500;47.4600;521.1800;2388.1300;8134.8800;8.4803;394.0000;0.032532;0.253359;0.003110;Healthy;WO747761;2,224.49
2026/07/03;ENG-060;146;2026-01-07 02:00:00;642.5500;1586.5700;1410.2800;554.1200;2388.1300;9052.3000;47.5600;520.8200;2388.1100;8132.0500;8.4175;394.0000;-0.005354;0.050034;0.002080;Healthy;WO201738;344.84
2026-07-03;ENG-090;104;2026-01-05 08:00:00;642.1500;1588.9100;1409.8500;553.4700;2388.1500;9066.0300;47.7200;521.1900;2388.1400;8144.6600;8.4284;392.0000;0.047041;0.086250;0.002325;Healthy;WO312105;2074.44
2026/07/03;  ENG-100 ;177;2026-01-08 09:00:00;642.8000;1593.2600;1411.2900;553.9300;2388.0800;9115.3700;47.8100;521.5200;2388.0200;8188.4500;8.4296;393.0000;0.317995;0.042785;0.010026;Warning;WO102392;15,992.24
03-Jul-2026;ENG-099;75;2026-01-04 03:00:00;642.5900;1584.6000;1392.0800;554.8100;2387.9500;9065.1400;47.2900;522.5100;2387.9800;8146.7000;8.4023;390.0000;0.072187;-1.242028;0.002013;Healthy;WO920234;2074.96
2026-07-03;ENG-052;166;2026-01-07 22:00:00;642.3700;1590.6900;1406.5800;553.6900;2388.0400;9084.7100;47.3500;521.7800;2388.0900;8162.5000;8.4039;393.0000;0.084179;-0.426375;0.003025;Healthy;WO174386;989.02
03-Jul-2026;ENG-021;126;2026-01-06 06:00:00;641.7700;1586.0400;1403.9500;554.5200;2388.0700;9068.5400;47.3300;522.3700;2388.0000;8145.0300;8.4260;393.0000;0.035421;-0.859001;0.001859;Healthy;WO391343;358.69
2026-07-03;eng-041;112;2026-01-05 16:00:00;642.9500;1596.0200;1413.7400;552.6400;2388.1600;9048.9800;47.6600;521.5700;2388.1500;8122.3400;8.4787;392.0000;-0.034153;0.527482;0.001718;HEALTHY;WO556148;505.63
03-Jul-2026;ENG-008;154;2026-01-07 10:00:00;642.5700;1585.7600;1410.2000;552.7700;2388.1800;9047.8300;47.6000;521.2200;2388.1500;8127.3600;8.4332;393.0000;-0.007929;0.134115;0.002076;Healthy;WO114397;508.20
2026-07-03;ENG-058;166;2026-01-07 22:00:00;642.9100;1592.4800;1407.3000;553.4800;2388.1800;9054.1900;47.6900;520.9900;2388.1200;8129.1200;8.4612;394.0000;-0.038834;0.502380;;Healthy;WO103098;
2026-07-03;ENG-005;77;2026-01-04 05:00:00;642.5500;1586.2700;1405.6800;554.1000;2388.1800;9045.8900;47.6800;521.6900;2388.1300;8130.6600;8.4740;392.0000;0.016228;-0.098093;0.001209;healthy;WO262527;2,282.94
2026/07/03;  ENG-020 ;132;2026-01-06 12:00:00;642.8800;1597.2800;1413.0200;553.5600;2388.0600;9060.9500;47.6500;521.1100;2388.0500;8146.3300;8.4417;390.0000;0.082517;0.102151;0.003207;Warning;WO708734;10,620.15
2026-07-03;ENG-073;90;2026-01-04 18:00:00;642.5700;1578.4100;1401.0500;553.9000;2388.0800;9051.0400;47.2700;521.8600;2388.0400;8135.8200;8.4128;393.0000;0.011337;-0.677439;0.002525;Healthy;WO402271;1383.72
2026-07-03;eng-023;102;2026-01-05 06:00:00;642.2400;1591.0200;1404.0800;553.6500;2388.0400;9056.0800;47.3000;521.9500;2388.0200;8132.7300;8.3981;393.0000;0.033582;-0.630692;0.001465;Warning;WO102041;12,633.89
2026/07/03;ENG-093;208;2026-01-09 16:00:00;642.6300;1586.9700;1409.4300;552.8900;2388.2000;9064.3100;47.7800;521.1000;2388.1300;8149.3800;8.4909;393.0000;0.018263;0.460391;0.003071;Healthy;WO606652;2649.09
2026/07/03;ENG-020;148;2026-01-07 04:00:00;643.2800;1593.8300;1413.5300;553.0000;2388.1300;9068.2200;47.5800;520.9600;2388.1100;8141.3800;8.4653;393.0000;0.028500;0.447054;0.004510;Healthy;WO201277;771.80
03-Jul-2026;ENG-052;172;2026-01-08 04:00:00;642.7800;1597.2500;1404.7300;553.6300;2388.0400;9090.4700;47.4000;521.9300;2388.0300;8165.2200;8.4880;392.0000;0.132936;-0.122758;0.016402;Healthy;WO107413;1264.89
2026-07-03;eng-036;105;2026-01-05 09:00:00;643.4700;1591.2800;1413.5400;552.3600;2388.1600;9054.4700;47.5700;520.0800;2388.2100;8138.2800;8.4767;394.0000;-0.210388;0.888679;0.002086;warning;WO838130;3,333.70
03-Jul-2026;ENG-056;103;2026-01-05 07:00:00;643.3200;1594.9800;1402.1200;552.1400;2388.1900;9050.5400;47.8300;520.6600;2388.1900;8124.4200;8.4712;394.0000;-0.212937;0.813592;0.003814;Healthy;WO627076;1,018.82
2026-07-03;  ENG-050 ;73;2026-01-04 01:00:00;642.5200;1583.0500;1403.4900;554.0800;2388.0300;9067.4400;47.4800;522.3100;2388.0900;8142.8600;8.4350;393.0000;0.056089;-0.530642;0.004448;Healthy;WO126651;1802.78
03-Jul-2026;ENG-072;106;2026-01-05 10:00:00;642.0100;1588.2000;1402.0000;553.6000;2388.0600;9060.7200;47.4500;521.6300;2388.0600;8146.8400;8.4295;393.0000;0.055318;-0.380653;0.002068;Healthy;WO814008;2417.88
03-Jul-2026;eng-020;172;2026-01-08 04:00:00;643.2500;1597.9300;1423.5200;552.6900;2388.1300;9063.7200;47.8100;520.2900;2388.2300;8138.7300;8.4624;393.0000;-0.136528;1.008944;0.007767;Warning;WO218227;5,891.99
2026/07/03;  ENG-017 ;155;2026-01-07 11:00:00;643.2900;1586.4500;1405.6800;554.0900;2388.0800;9094.9300;47.6500;521.5100;2388.0500;8166.1000;8.4777;392.0000;0.128163;-0.054876;0.010783;Warning;WO604470;
2026-07-03;ENG-028;143;2026-01-06 23:00:00;642.9000;1587.1500;1414.0000;552.7900;2388.0800;9064.1100;47.4900;521.1300;2388.0800;8140.4500;8.4524;392.0000;0.071540;0.044781;0.004566;Healthy;WO459682;441.84
2026/07/03;  ENG-031 ;132;2026-01-06 12:00:00;642.8900;1590.6900;1414.8500;553.0700;2388.0500;9072.9500;47.4900;521.4000;2388.0600;8145.6000;8.4740;391.0000;0.101704;0.057293;;Healthy;WO279658;2749.77
03-Jul-2026;ENG-094;127;2026-01-06 07:00:00;642.6700;1590.5000;1411.6400;553.2200;2388.1300;9059.3700;47.7000;521.4400;2388.1500;8133.3300;8.4691;394.0000;0.018173;0.286679;0.001537;Warning;WO121824;20,341.12
2026-07-03;ENG-065;52;2026-01-03 04:00:00;641.9600;1582.1200;1405.0100;553.6900;2388.0300;9062.1500;47.2300;522.4300;2388.0200;8153.4800;8.3865;393.0000;0.030920;-1.001728;0.000598;Healthy;WO640550;302.91
2026-07-03;ENG-028;155;2026-01-07 11:00:00;642.7200;1593.2800;1409.0800;552.6500;2388.0700;9068.3800;47.5000;521.9300;2388.1100;8138.8600;8.4370;393.0000;0.091712;0.056254;0.002599;healthy;WO596716;2,381.14
2026-07-03;ENG-046;100;2026-01-05 04:00:00;642.3100;1588.6600;1409.9100;553.5700;2388.0900;9069.9900;47.5000;521.2200;2388.0700;8152.0500;8.4355;394.0000;0.088604;-0.011757;0.003149;healthy;WO740536;2648.90
2026/07/03;ENG-070;116;2026-01-05 20:00:00;642.1600;1598.4100;1408.9600;552.9600;2388.1100;9050.9500;47.5300;521.9000;2388.0900;8135.4200;8.4279;392.0000;0.071040;-0.172187;0.000616;Healthy;WO701351;1582.42
03-Jul-2026;ENG-029;125;2026-01-06 05:00:00;642.2400;1589.6600;1400.8900;554.1500;2388.0300;9067.6200;47.3500;521.9800;2388.0700;8149.1800;8.4057;394.0000;0.048279;-0.689295;0.000518;healthy;WO924484;246.14
03-Jul-2026;ENG-066;141;2026-01-06 21:00:00;643.3400;1598.9400;1419.4000;552.5400;2388.1200;9106.5100;47.7300;521.4200;2388.1300;8180.6300;8.4849;394.0000;0.491730;0.994637;0.033307;warning;WO767732;23,073.69
2026-07-03;  ENG-064 ;144;2026-01-07 00:00:00;642.5700;1597.9400;1417.5600;552.9600;2388.1600;9054.2700;47.6300;521.3100;2388.1400;8135.4800;8.4766;395.0000;-0.021629;0.553592;0.002454;healthy;WO803871;283.67
2026/07/03;ENG-027;122;2026-01-06 02:00:00;642.4900;1588.0600;1407.1100;553.9500;2388.0700;9047.5600;47.3400;521.9400;2388.0600;8132.3400;8.4366;391.0000;0.022612;-0.657941;0.001961;HEALTHY;WO199944;1711.62
03-Jul-2026;ENG-042;120;2026-01-06 00:00:00;642.5200;1588.2100;1407.7500;553.7500;2388.1100;9042.3800;47.5200;521.1700;2388.1000;8125.9700;8.4072;393.0000;0.019883;-0.259195;0.003004;Healthy;WO557359;2,103.94
2026-07-03;ENG-032;109;2026-01-05 13:00:00;642.6100;1589.3200;1395.8000;554.2100;2388.0600;9085.0100;47.4700;522.2100;2387.9800;8161.4100;8.4246;392.0000;0.094284;-0.803082;0.012561;Warning;WO466047;16,912.41
2026-07-03;eng-092;124;2026-01-06 04:00:00;643.5500;1599.4200;1412.1200;552.2800;2388.1900;9051.9900;47.7800;520.5200;2388.1400;8125.2200;8.4749;394.0000;-0.150670;0.869614;0.004056;Warning;WO783687;13859.08
03-Jul-2026;ENG-062;190;2026-01-08 22:00:00;642.5100;1593.0800;1398.0200;553.4600;2388.0600;9070.2100;47.3200;522.2300;2387.9800;8150.0500;8.4361;391.0000;0.065892;-0.678600;0.002342;Healthy;WO220148;1904.40
2026/07/03;ENG-057;111;2026-01-05 15:00:00;642.5100;1583.8400;1407.5000;553.6300;2388.0900;9048.5400;47.3900;521.7600;2388.1500;8132.9400;8.4205;393.0000;0.014790;-0.443402;0.005112;Healthy;WO682134;2,017.76
2026-07-03;ENG-008;156;2026-01-07 12:00:00;642.2500;1591.7900;1403.4700;553.9000;2388.1700;9049.1300;47.4900;520.7100;2388.0300;8130.6000;8.4509;393.0000;0.003652;0.008664;0.002835;Healthy;WO687007;1981.00
2026-07-03;ENG-021;145;2026-01-07 01:00:00;642.0800;1591.0200;1399.5000;554.0100;2388.0500;9081.6500;47.3800;522.2000;2388.0600;8164.3100;8.3832;394.0000;0.074528;-0.709655;;healthy;WO516551;224.93
03-Jul-2026;ENG-004;72;2026-01-04 00:00:00;643.1600;1591.2800;1410.9200;552.8200;2388.0700;9058.4600;47.4900;521.1000;2388.1000;8128.5100;8.4495;393.0000;0.035751;0.200257;0.002249;Healthy;WO323697;1560.23
2026/07/03;ENG-057;152;2026-01-07 08:00:00;642.6700;1598.0200;1407.6200;552.8000;2388.1300;9048.6100;47.5800;520.7100;2388.1600;8132.1100;8.4302;393.0000;-0.008337;0.378102;0.001731;Warning;WO845729;15302.11
2026-07-03;ENG-012;150;2026-01-07 06:00:00;641.9500;1584.8600;1401.0000;553.8600;2387.9900;9057.6800;47.4900;522.0300;2388.0400;8145.1100;8.4070;392.0000;0.039165;-0.839481;0.001638;Healthy;WO367515;780.92
03-Jul-2026;ENG-086;78;2026-01-04 06:00:00;642.3400;1580.9400;1408.2900;554.0200;2388.0100;9068.7400;47.4500;521.4300;2388.0500;8143.6900;8.4587;393.0000;0.055096;-0.472868;0.001043;Healthy;WO251145;2,863.27
03-Jul-2026;eng-073;83;2026-01-04 11:00:00;641.9100;1586.3200;1399.9600;554.0800;2388.0700;9054.2100;47.3600;522.3100;2388.0500;8139.9400;8.3865;392.0000;0.021522;-0.994941;0.001092;Healthy;WO898474;239.04
2026/07/03;  ENG-012 ;188;2026-01-08 20:00:00;642.7600;1591.7700;1406.7800;553.4900;2388.0500;9062.8900;47.4000;521.5500;2387.9900;8142.6500;8.3855;394.0000;0.060587;-0.423539;0.001998;Healthy;WO982348;230.16
2026-07-03;ENG-049;225;2026-01-10 09:00:00;642.5900;1585.2600;1408.4400;553.5300;2388.1100;9057.6900;47.3900;521.2700;2388.0700;8135.2200;8.4361;394.0000;0.046619;-0.144556;0.002741;Healthy;WO917188;572.98
2026-07-03;ENG-029;123;2026-01-06 03:00:00;642.5100;1590.3600;1402.6400;554.2300;2388.0600;9059.2100;47.4700;521.3600;2388.0600;8146.9400;8.4118;391.0000;0.044696;-0.526818;0.000977;Healthy;WO872738;2997.49
03-Jul-2026;ENG-035;151;2026-01-07 07:00:00;642.7900;1603.1600;1408.4400;552.2300;2388.1600;9062.6400;47.9600;520.4300;2388.2000;8141.5500;8.4575;394.0000;-0.042833;0.814152;0.005360;Warning;WO188967;7,993.83
2026/07/03;ENG-093;220;2026-01-10 04:00:00;642.6200;1590.0900;1411.1400;553.2500;2388.1200;9077.2600;47.6000;521.4600;2388.1500;8147.6900;8.4672;393.0000;0.059631;0.375544;0.001239;Healthy;WO259618;1305.04
2026-07-03;ENG-022;32;2026-01-02 08:00:00;642.3400;1582.7700;1403.1600;553.5400;2388.1100;9043.6600;47.5200;521.4100;2388.1000;8126.9400;8.4371;391.0000;0.025103;-0.360097;0.002043;Healthy;WO243659;1310.08
2026-07-03;ENG-034;185;2026-01-08 17:00:00;643.2500;1599.6800;1415.4600;552.6100;2388.1900;9048.4700;47.8000;520.7800;2388.1900;8132.1000;8.4884;394.0000;-0.222775;0.996308;0.004809;warning;WO943739;3594.59
2026/07/03;ENG-049;211;2026-01-09 19:00:00;642.4900;1584.4400;1402.8900;553.8300;2388.1000;9068.9600;47.5000;521.7500;2388.0600;8140.7500;8.4380;393.0000;0.053052;-0.425094;0.000819;Healthy;WO722293;1881.75
03-Jul-2026;ENG-054;84;2026-01-04 12:00:00;642.3200;1586.1000;1403.4600;554.3800;2387.9900;9056.1700;47.1000;522.5000;2387.9800;8142.4300;8.3674;392.0000;0.038465;-1.159118;0.001245;Healthy;WO248742;
2026/07/03;eng-056;109;2026-01-05 13:00:00;643.4200;1601.3700;1414.8000;552.2800;2388.2100;9041.1800;47.6900;520.5600;2388.1800;8118.4200;8.4862;393.0000;-0.254981;0.934984;0.004462;Warning;WO257705;19,442.99
03-Jul-2026;ENG-018;94;2026-01-04 22:00:00;642.7900;1586.1700;1412.2400;553.7400;2388.0100;9058.6500;47.5400;521.8100;2388.0900;8145.6700;8.3938;393.0000;0.061063;-0.362570;0.002244;Healthy;WO180958;2,946.68
2026-07-03;ENG-090;130;2026-01-06 10:00:00;642.4500;1593.2200;1416.6200;552.7600;2388.1100;9082.8500;47.9100;521.2200;2388.1000;8152.5000;8.4570;394.0000;0.088859;0.500298;0.007107;Warning;WO128637;12032.43
2026-07-03;eng-066;131;2026-01-06 11:00:00;643.2500;1594.3700;1416.3800;553.2600;2388.0600;9100.4300;47.8300;521.2800;2388.1100;8174.9900;8.4434;392.0000;0.358704;0.650498;0.022688;Warning;WO476241;16,503.66
2026/07/03;ENG-082;161;2026-01-07 17:00:00;643.1600;1592.7900;1423.6700;552.2900;2388.1800;9050.2600;48.2000;520.0900;2388.2400;8127.7700;8.5125;396.0000;-0.513928;1.348487;0.014042;Warning;WO532807;24185.68
03-Jul-2026;eng-033;47;2026-01-02 23:00:00;642.3400;1586.7700;1411.8900;553.4600;2388.1300;9060.2500;47.5400;521.2400;2388.1000;8137.6200;8.4332;392.0000;0.040669;0.012576;0.001402;Healthy;WO695716;2862.24
03-Jul-2026;ENG-100;136;2026-01-06 16:00:00;641.9800;1584.2900;1403.9100;554.3700;2388.0100;9072.9500;47.4700;521.9100;2388.0300;8154.2000;8.3951;393.0000;0.036105;-0.812080;0.001777;Healthy;WO678771;2,316.82
03-Jul-2026;eng-063;135;2026-01-06 15:00:00;642.5900;1596.8200;1403.1000;552.8600;2388.1700;9043.7600;47.7000;520.8500;2388.1800;8126.5200;8.4722;393.0000;-0.044134;0.436952;0.002484;Warning;WO791842;9727.54
03-Jul-2026;ENG-064;140;2026-01-06 20:00:00;642.2500;1591.8600;1410.9800;553.3100;2388.1200;9056.9800;47.7400;521.1900;2388.1400;8136.7800;8.4931;394.0000;0.004196;0.394874;0.001043;healthy;WO568837;880.60
2026-07-03;ENG-081;204;2026-01-09 12:00:00;643.8100;1607.1600;1419.7300;552.1900;2388.2300;9078.4900;47.9700;520.6100;2388.1700;8154.9400;8.4440;396.0000;-0.081039;1.281618;0.013256;Warning;WO319245;16382.98
03-Jul-2026;  ENG-049 ;272;2026-01-12 08:00:00;642.7500;1591.0900;1414.1200;552.1400;2388.1100;9057.7300;47.8400;521.1000;2388.1200;8134.4300;8.4427;393.0000;0.010536;0.494589;0.005379;Warning;WO131447;8381.20
03-Jul-2026;eng-093;235;2026-01-10 19:00:00;642.7900;1598.3100;1419.7300;551.9900;2388.1400;9079.0800;47.7800;520.6300;2388.1300;8155.3300;8.4924;394.0000;0.109512;0.830755;0.021729;Warning;WO578315;24,817.25
2026-07-03;ENG-015;65;2026-01-03 17:00:00;642.5300;1592.9100;1401.8300;554.3500;2388.0100;9050.3800;47.2300;522.3700;2388.0000;8137.3600;8.4109;392.0000;0.031098;-0.786621;0.001709;Healthy;WO549618;1,406.34
2026/07/03;ENG-099;89;2026-01-04 17:00:00;642.1700;1584.9500;1396.1600;553.9600;2388.0200;9072.5700;47.1400;521.8000;2387.9800;8150.0900;8.4062;391.0000;0.060150;-1.122706;0.002367;Healthy;WO389744;2027.93
2026/07/03;ENG-093;217;2026-01-10 01:00:00;642.7900;1595.4400;1409.5100;552.4400;2388.1800;9070.7200;47.8000;520.6500;2388.1000;8141.1100;8.4785;395.0000;0.001681;0.660036;0.004411;Warning;WO323944;5,540.99
03-Jul-2026;ENG-056;120;2026-01-06 00:00:00;643.3300;1598.1200;1417.8600;552.2300;2388.1900;9041.8800;47.8100;520.8100;2388.2200;8120.5400;8.4235;393.0000;-0.283977;0.926234;0.009744;Warning;WO971259;15,183.98
2026/07/03;ENG-023;116;2026-01-05 20:00:00;642.3600;1588.0700;1394.6600;553.9600;2388.0500;9041.9400;47.3500;522.2600;2388.0300;8133.0500;8.4150;390.0000;0.017249;-2.593276;0.001196;healthy;WO359895;403.74
2026-07-03;ENG-009;46;2026-01-02 22:00:00;642.3300;1582.0300;1410.8400;553.5200;2388.0800;9051.7500;47.5100;521.7300;2388.1100;8130.1800;8.4433;393.0000;0.036226;-0.100889;0.001453;Healthy;WO894512;2,167.10
03-Jul-2026;ENG-064;154;2026-01-07 10:00:00;643.4100;1589.7000;1410.1500;552.6100;2388.1500;9054.9000;47.6600;521.1000;2388.1900;8132.2800;8.4399;393.0000;-0.020393;0.521709;0.002380;Warning;WO608611;11826.21
03-Jul-2026;ENG-038;94;2026-01-04 22:00:00;642.5700;1591.4200;1411.0900;552.3500;2388.1100;9059.0700;47.6300;520.9400;2388.1100;8137.7000;8.4519;393.0000;0.041707;0.236131;0.001489;warning;WO510795;13382.86
03-Jul-2026;ENG-038;100;2026-01-05 04:00:00;643.1800;1594.1800;1416.4600;553.3600;2388.1900;9062.3700;47.7000;520.9400;2388.1600;8142.5600;8.4270;394.0000;-0.004973;0.508336;0.001592;Healthy;WO268136;1685.91
2026/07/03;  ENG-090 ;136;2026-01-06 16:00:00;642.7000;1592.8900;1420.9700;553.5500;2388.1600;9080.4900;47.7300;520.8500;2388.1100;8148.6900;8.4324;394.0000;0.026135;0.515882;0.006673;Healthy;WO122178;1350.59
2026/07/03;  ENG-057 ;120;2026-01-06 00:00:00;642.7400;1585.3300;1412.6200;554.5800;2388.0800;9049.3200;47.5700;521.5700;2388.1400;8134.6500;8.4390;392.0000;0.036250;-0.124066;0.000740;Warning;WO455981;832.45
2026/07/03;ENG-024;160;2026-01-07 16:00:00;642.7400;1596.8300;1410.6000;553.8100;2388.0700;9105.5000;47.5700;521.9900;2388.0400;8180.8500;8.4341;393.0000;0.220380;-0.037171;0.038421;Warning;WO710114;861.59
03-Jul-2026;  ENG-061 ;129;2026-01-06 09:00:00;642.5800;1589.6300;1406.4700;553.5400;2388.0800;9065.7000;47.4800;521.4800;2388.0400;8144.0000;8.4348;393.0000;0.078176;-0.113809;0.003068;HEALTHY;WO886430;1536.04
2026-07-03;ENG-052;129;2026-01-06 09:00:00;642.7300;1590.0000;1400.3800;554.5500;2388.0600;9068.6700;47.2100;521.8700;2388.0000;8147.6900;8.4191;392.0000;0.045245;-0.793654;0.001402;Healthy;WO163754;1247.40
03-Jul-2026;ENG-052;146;2026-01-07 02:00:00;642.8800;1582.5600;1407.2800;554.3700;2387.9500;9076.2900;47.3700;522.1700;2388.0100;8153.9300;8.4274;391.0000;0.068686;-0.822586;0.001064;Healthy;WO421110;2,138.68
2026-07-03;ENG-020;183;2026-01-08 15:00:00;643.3300;1604.1800;1423.0900;551.5500;2388.2400;9060.8100;48.0500;520.2300;2388.2300;8137.6300;8.5354;397.0000;-0.586552;1.683091;0.009252;Warning;WO165039;21,543.60
2026/07/03;ENG-072;101;2026-01-05 05:00:00;642.0900;1584.1700;1409.2400;554.5700;2388.0600;9059.6200;47.3200;522.0500;2388.1000;8141.4400;8.4271;393.0000;0.035798;-0.606040;0.000691;HEALTHY;WO567495;663.29
2026-07-03;ENG-077;130;2026-01-06 10:00:00;642.3600;1591.7200;1409.9300;553.0900;2388.1100;9053.4600;47.4700;521.4300;2388.1500;8136.4700;8.4653;394.0000;0.030635;0.144908;0.001108;Healthy;WO208243;562.95
03-Jul-2026;  ENG-073 ;100;2026-01-05 04:00:00;642.4200;1582.5000;1401.4300;554.2900;2388.0400;9060.1000;47.2000;521.4400;2388.0500;8141.4100;8.4423;391.0000;0.018080;-0.769951;0.002919;Healthy;WO545887;2,969.39
2026-07-03;ENG-009;40;2026-01-02 16:00:00;642.8500;1592.2200;1404.7900;553.2200;2388.0800;9049.5100;47.4300;521.0900;2388.1100;8129.3200;8.4503;394.0000;0.019251;0.120861;0.000496;Healthy;WO984247;1115.08
2026-07-03;  ENG-007 ;135;2026-01-06 15:00:00;642.1600;1586.3900;1402.8300;554.2800;2388.0300;9062.7800;47.2700;522.8100;2388.0500;8143.4600;8.3839;393.0000;0.033594;-1.093210;0.000772;HEALTHY;WO773777;2,444.40
2026-07-03;  ENG-058 ;173;2026-01-08 05:00:00;642.6400;1593.5600;1418.2400;552.5600;2388.1800;9053.9900;47.6500;520.9900;2388.2000;8130.3100;8.4914;394.0000;-0.049723;0.670361;0.003974;Warning;WO805448;1325.62
2026-07-03;  ENG-049 ;255;2026-01-11 15:00:00;642.9600;1593.3900;1398.7500;553.5900;2388.1100;9055.0500;47.7700;521.4900;2388.0900;8138.5800;8.4245;394.0000;0.061650;0.057829;0.002283;Healthy;WO389306;2172.06
2026/07/03;ENG-031;135;2026-01-06 15:00:00;642.7100;1594.2000;1409.1400;552.8400;2388.1100;9076.8500;47.4600;521.0100;2388.0700;8147.9400;8.4525;394.0000;0.109262;0.063499;0.004919;Healthy;WO617202;1,133.60
2026/07/03;ENG-049;290;2026-01-13 02:00:00;642.9500;1596.3000;1421.6400;552.5500;2388.2000;9050.9300;47.8200;520.3900;2388.2500;8128.3300;8.4966;394.0000;-0.278498;1.037970;0.002537;Warning;WO271387;3,101.72
2026-07-03;ENG-020;153;2026-01-07 09:00:00;643.2600;1598.5400;1418.6000;552.7000;2388.1200;9062.4200;47.7000;521.0400;2388.1500;8140.2500;8.4699;393.0000;0.007007;0.717076;;Warning;WO157367;14434.93
2026/07/03;eng-020;145;2026-01-07 01:00:00;642.3900;1595.9400;1409.9400;552.7500;2388.1300;9062.9900;47.7700;521.5300;2388.1200;8139.8300;8.4452;394.0000;0.036262;0.370145;0.002006;Healthy;WO413350;548.50
03-Jul-2026;ENG-015;63;2026-01-03 15:00:00;642.3800;1588.5200;1401.8100;554.6700;2388.0600;9058.8500;47.3300;522.1800;2388.0400;8140.5400;8.3991;392.0000;0.028451;-0.848231;0.001794;Healthy;WO734011;1287.31
2026/07/03;eng-045;114;2026-01-05 18:00:00;642.5600;1589.9200;1407.4700;552.9300;2388.0600;9075.3900;47.8100;521.7400;2388.1100;8140.9800;8.4375;392.0000;0.101689;-0.000923;0.005287;Warning;WO570240;10,465.77
2026/07/03;ENG-032;103;2026-01-05 07:00:00;642.1700;1587.9400;1391.8800;554.3000;2387.9800;9072.2200;47.3400;521.8400;2388.0600;8160.9900;8.4130;392.0000;0.047035;-0.966838;0.002057;healthy;WO623676;2058.07
03-Jul-2026;ENG-057;141;2026-01-06 21:00:00;641.9900;1603.5800;1413.2100;553.4200;2388.1000;9050.6200;47.5400;521.9700;2388.1900;8134.4200;8.4320;395.0000;0.043858;0.106345;0.002098;Healthy;WO195225;2,510.08
2026/07/03;ENG-027;98;2026-01-05 02:00:00;642.2600;1585.6900;1405.9200;554.9000;2388.0900;9046.2500;47.4700;522.2100;2388.1100;8136.7100;8.4169;392.0000;0.017482;-0.626398;0.002680;Healthy;WO572745;1983.34
2026/07/03;ENG-004;79;2026-01-04 07:00:00;642.8800;1592.3600;1406.7100;552.0800;2388.1100;9059.6600;47.4500;521.6500;2388.1500;8135.6800;8.4295;394.0000;0.061965;0.117894;0.003844;healthy;WO703839;2330.81
2026-07-03;ENG-094;95;2026-01-04 23:00:00;642.6000;1583.7700;1403.0500;553.3600;2388.0400;9062.8400;47.5500;521.2400;2388.1000;8138.2600;8.4499;392.0000;0.070367;-0.118630;0.002236;Healthy;WO305659;77.80
03-Jul-2026;ENG-092;115;2026-01-05 19:00:00;643.1800;1593.4400;1410.5400;552.3300;2388.1900;9041.2500;47.5800;521.0000;2388.1500;8123.8000;8.4875;393.0000;-0.051608;0.523637;0.004928;Healthy;WO484998;2,715.83
03-Jul-2026;ENG-071;58;2026-01-03 10:00:00;642.6500;1580.5500;1396.6100;553.7800;2388.0000;9062.0200;47.2900;521.9700;2388.0500;8145.1900;8.4074;393.0000;0.035855;-0.679863;0.001875;Healthy;WO662325;2,927.12
2026-07-03;ENG-067;66;2026-01-03 18:00:00;642.2600;1588.2000;1397.0200;553.7200;2388.0800;9058.0100;47.2700;522.7800;2388.0500;8137.0500;8.4179;393.0000;0.034069;-0.830738;0.001402;Healthy;WO152968;1628.16
03-Jul-2026;  ENG-066 ;105;2026-01-05 09:00:00;642.8900;1588.0500;1405.1300;552.4700;2388.0800;9076.1500;47.5200;520.6900;2388.1000;8158.8300;8.4166;395.0000;0.098849;0.252184;0.001365;Healthy;WO404295;154.72
2026/07/03;ENG-062;209;2026-01-09 17:00:00;642.7300;1591.2400;1405.1800;552.8500;2388.0400;9073.3800;47.4300;521.6800;2388.0100;8159.3000;8.4471;393.0000;0.109055;-0.173886;0.005381;Healthy;WO542379;
2026/07/03;  ENG-098 ;104;2026-01-05 08:00:00;642.5800;1600.1200;1415.7500;553.6300;2388.0900;9065.2300;47.4900;521.3500;2388.0900;8147.6100;8.4554;392.0000;0.080563;0.190149;0.003311;Healthy;WO818007;1632.03
2026/07/03;  ENG-081 ;194;2026-01-09 02:00:00;643.2500;1596.5800;1422.3300;551.9300;2388.1400;9073.0600;47.9000;520.5700;2388.1400;8152.8800;8.4838;394.0000;-0.038857;1.128104;0.008379;Warning;WO885106;24,442.04
2026/07/03;ENG-062;170;2026-01-08 02:00:00;642.8000;1581.1100;1403.5800;554.1200;2388.0700;9068.4400;47.2900;522.0300;2388.0600;8144.4900;8.4317;393.0000;0.029351;-0.736913;0.002013;healthy;WO778634;452.01
2026/07/03;ENG-021;123;2026-01-06 03:00:00;642.4200;1592.4200;1402.9700;554.1800;2388.0300;9066.8400;47.1700;521.9400;2388.0400;8153.0300;8.4165;392.0000;-0.020457;-2.642004;0.003010;Healthy;WO863078;490.81
2026/07/03;ENG-058;141;2026-01-06 21:00:00;642.9700;1581.9600;1405.6400;553.1400;2388.1000;9051.0800;47.3600;521.0100;2388.0800;8133.3900;8.4304;395.0000;0.008431;0.134005;0.002630;healthy;WO498673;1458.35
2026-07-03;ENG-013;133;2026-01-06 13:00:00;642.0100;1577.9200;1400.9300;554.2000;2388.0500;9066.7000;47.2700;522.1600;2388.0100;8143.1900;8.4344;392.0000;0.033956;-0.980840;0.003183;Healthy;WO289735;1,133.95
2026/07/03;ENG-053;121;2026-01-06 01:00:00;642.4800;1581.3600;1401.8500;553.7100;2388.0900;9070.5300;47.5100;521.4700;2388.0400;8151.5400;8.4139;393.0000;0.069230;-0.372946;0.003802;Healthy;WO313362;1,896.71
03-Jul-2026;ENG-012;201;2026-01-09 09:00:00;641.9700;1582.2400;1401.6400;553.4900;2387.9900;9067.0200;47.2800;521.9300;2388.0900;8142.4300;8.4064;392.0000;0.023056;-0.851053;0.001196;Healthy;WO624143;1100.29
03-Jul-2026;ENG-056;125;2026-01-06 05:00:00;643.1900;1595.1700;1421.5100;552.1500;2388.2200;9049.6100;48.0700;520.1500;2388.1300;8120.8900;8.4510;394.0000;-0.377681;1.097445;0.008038;Warning;WO181714;
2026-07-03;ENG-054;113;2026-01-05 17:00:00;642.0700;1582.3300;1402.5500;554.6800;2387.9500;9061.0400;47.1200;522.4700;2388.0300;8144.1400;8.4049;392.0000;-0.000870;-2.613778;0.002674;Healthy;WO637622;
03-Jul-2026;ENG-006;81;2026-01-04 09:00:00;642.5900;1577.5700;1406.4200;553.4300;2388.0900;9059.7800;47.4700;521.5100;2388.0900;8134.3000;8.4234;393.0000;0.030722;-0.421515;0.000872;HEALTHY;WO968677;303.95
2026-07-03;ENG-085;27;2026-01-02 03:00:00;642.3700;1587.4800;1413.5100;553.0400;2388.0900;9049.3400;47.4000;520.7900;2388.0700;8128.0500;8.4324;393.0000;0.020165;-0.046264;0.002731;Healthy;WO206791;1,704.52
03-Jul-2026;ENG-049;262;2026-01-11 22:00:00;642.5900;1589.5700;1409.3800;553.2700;2388.0500;9049.2600;47.4200;521.2100;2388.1500;8135.6000;8.4533;395.0000;0.011587;0.253192;0.000949;Warning;WO652830;
03-Jul-2026;eng-073;111;2026-01-05 15:00:00;642.1400;1583.3100;1399.3300;553.9600;2388.0600;9058.2700;47.3300;521.7200;2388.1000;8137.2200;8.4278;392.0000;0.025495;-0.569806;0.001998;Healthy;WO427874;686.43
03-Jul-2026;ENG-064;115;2026-01-05 19:00:00;642.4900;1587.7100;1410.4000;553.3500;2388.1200;9054.6400;47.3300;520.8800;2388.1100;8139.7800;8.4284;394.0000;0.024811;0.040378;0.000836;Healthy;WO457107;1893.75
2026/07/03;ENG-058;135;2026-01-06 15:00:00;642.5700;1588.2800;1405.2800;552.9900;2388.0900;9050.4700;47.3900;521.5000;2388.0700;8137.6100;8.4526;392.0000;0.051880;-0.215683;0.002175;Healthy;WO387653;
03-Jul-2026;ENG-013;142;2026-01-06 22:00:00;642.2000;1584.7600;1397.1700;554.2400;2388.0700;9060.8400;47.3900;522.0600;2388.0700;8144.0200;8.4288;391.0000;0.039715;-0.913620;0.001444;healthy;WO319982;2123.60
2026-07-03;eng-100;165;2026-01-07 21:00:00;642.8900;1594.1700;1405.6700;553.2900;2388.0400;9098.8200;47.4700;521.8100;2388.0000;8171.5000;8.4286;393.0000;0.211471;0.009198;0.027847;Warning;WO321634;
2026/07/03;  ENG-055 ;83;2026-01-04 11:00:00;642.7100;1585.0900;1399.3200;553.8900;2388.0300;9059.4400;47.3900;522.0900;2388.0500;8142.4500;8.4156;393.0000;0.039308;-0.657898;0.002555;Healthy;WO154682;931.11
03-Jul-2026;ENG-018;116;2026-01-05 20:00:00;642.9000;1589.0900;1412.7800;553.7200;2388.0800;9059.9800;47.4800;521.8700;2388.0900;8140.7600;8.4246;392.0000;0.069172;-0.215166;0.001288;healthy;WO261399;2764.57
2026/07/03;ENG-084;119;2026-01-05 23:00:00;642.5600;1579.4100;1408.9600;553.1600;2388.0600;9046.8000;47.4100;521.3400;2388.0800;8138.5800;8.4377;393.0000;0.041772;-0.212392;0.003937;Healthy;WO734732;2,374.23
03-Jul-2026;ENG-038;85;2026-01-04 13:00:00;642.6600;1595.3200;1414.4500;552.5900;2388.0600;9055.8300;47.6000;520.8400;2388.1100;8142.3000;8.4505;395.0000;0.021426;0.439695;0.001687;Healthy;WO262427;314.38
2026-07-03;ENG-041;92;2026-01-04 20:00:00;642.6300;1578.1600;1400.9500;553.7900;2388.0700;9044.1100;47.3600;521.3800;2388.0800;8130.6400;8.4188;391.0000;-0.014056;-0.751700;0.013942;Healthy;WO213803;87.40
03-Jul-2026;ENG-049;236;2026-01-10 20:00:00;642.4700;1586.0800;1400.7700;553.5000;2388.0900;9058.5000;47.5200;521.7100;2388.0900;8130.7500;8.4323;394.0000;0.045021;-0.246182;0.000634;Healthy;WO780385;2305.00
2026/07/03;ENG-091;169;2026-01-08 01:00:00;642.4000;1587.0800;1423.3500;552.6100;2388.1400;9050.8200;47.9100;520.3600;2388.1400;8128.9700;8.4626;394.0000;-0.092582;0.718940;0.004367;Warning;WO773884;15,951.29
2026-07-03;ENG-030;128;2026-01-06 08:00:00;643.3200;1599.4500;1418.3400;552.9000;2388.1200;9059.9800;47.6000;521.5500;2388.0900;8128.3300;8.4690;394.0000;0.017674;0.452699;0.003022;Healthy;WO634288;
2026/07/03;ENG-007;160;2026-01-07 16:00:00;642.1000;1589.5900;1413.5700;553.4200;2388.0400;9070.9900;47.3200;522.3200;2388.0700;8149.1900;8.4028;393.0000;0.073278;-0.463421;0.000573;Warning;WO905235;22747.35
03-Jul-2026;ENG-007;108;2026-01-05 12:00:00;642.1900;1589.0400;1403.6600;555.4900;2388.0100;9063.6400;47.4000;521.9100;2388.0700;8139.8900;8.3959;391.0000;0.002432;-0.925908;0.001424;Healthy;WO308005;2040.29
2026/07/03;eng-094;128;2026-01-06 08:00:00;643.0300;1586.0100;1414.6300;552.3700;2388.1600;9061.1800;47.7600;521.0800;2388.1400;8137.8700;8.4218;394.0000;-0.015412;0.534654;0.001683;Healthy;WO573207;2,102.03
03-Jul-2026;ENG-084;142;2026-01-06 22:00:00;642.6500;1594.1900;1414.6900;553.4800;2388.0800;9059.4500;47.4700;521.2000;2388.1100;8135.0700;8.4531;394.0000;0.033023;0.193546;0.003104;Healthy;WO502841;660.85
2026/07/03;ENG-076;140;2026-01-06 20:00:00;642.4600;1584.0900;1403.1300;553.8700;2388.0400;9070.8800;47.5000;521.7200;2388.0700;8154.2100;8.4773;394.0000;0.081002;-0.183006;0.002686;Healthy;WO232587;1376.63
03-Jul-2026;ENG-019;130;2026-01-06 10:00:00;641.7800;1587.2800;1400.2200;553.4000;2388.1300;9062.9700;47.4400;521.5500;2388.0700;8138.1200;8.4228;392.0000;0.038826;-0.499242;0.001370;Healthy;WO956572;2958.59
03-Jul-2026;ENG-043;148;2026-01-07 04:00:00;642.8700;1591.9200;1408.3300;553.0900;2388.1100;9052.9200;47.6600;521.3700;2388.1500;8138.4600;8.4339;392.0000;0.030221;0.232525;0.001567;Healthy;WO498147;2,242.90
2026/07/03;ENG-069;54;2026-01-03 06:00:00;642.3100;1593.6800;1403.9600;553.6600;2388.1200;9048.6200;47.3700;521.8400;2388.1600;8128.3900;8.4387;393.0000;0.043194;-0.126390;0.001488;Healthy;WO740758;2639.78
2026/07/03;ENG-032;116;2026-01-05 20:00:00;642.2000;1583.4500;1399.4100;554.6500;2387.9500;9079.6600;47.2300;521.9600;2387.9900;8158.0100;8.4102;392.0000;0.057935;-1.057535;0.000598;healthy;WO622012;2807.34
03-Jul-2026;ENG-082;127;2026-01-06 07:00:00;643.0000;1589.5400;1412.7100;553.0800;2388.1200;9061.9000;47.5600;521.2000;2388.1400;8138.6700;8.4336;395.0000;0.021787;0.293173;0.000930;Warning;WO552068;12430.03
2026/07/03;ENG-068;127;2026-01-06 07:00:00;642.7200;1588.7800;1403.7100;553.5500;2388.0700;9054.1800;47.6200;521.5400;2388.1400;8139.6500;8.4654;393.0000;0.065851;0.026556;0.000828;Healthy;WO403032;103.30
03-Jul-2026;  ENG-062 ;218;2026-01-10 02:00:00;642.8600;1595.2500;1414.0600;553.8200;2388.0700;9080.0600;47.5100;521.3400;2388.0200;8165.9100;8.4517;395.0000;0.138404;0.143325;0.003515;Warning;WO143156;10,153.65
03-Jul-2026;ENG-088;51;2026-01-03 03:00:00;642.7500;1587.6100;1414.3800;553.1100;2388.1500;9041.1100;47.4700;521.8100;2388.1600;8122.7400;8.4187;393.0000;-0.011353;0.097160;0.002487;Healthy;WO375062;1068.51
03-Jul-2026;ENG-063;115;2026-01-05 19:00:00;642.7000;1589.3400;1409.8900;553.9900;2388.1000;9046.5500;47.5900;521.9300;2388.1600;8130.2900;8.4569;393.0000;0.034304;-0.071826;0.002328;healthy;WO546907;2028.72
2026-07-03;  ENG-043 ;156;2026-01-07 12:00:00;642.8800;1598.6300;1416.1400;553.9200;2388.1400;9054.0700;47.5100;520.6400;2388.1700;8130.5600;8.4592;393.0000;-0.021360;0.350686;0.005787;WARNING;WO210944;12377.15
2026-07-03;ENG-029;162;2026-01-07 18:00:00;642.8800;1589.9400;1400.2900;553.6700;2388.0600;9075.7700;47.6600;521.4400;2388.0200;8145.7500;8.4334;393.0000;0.086081;-0.226140;0.001569;warning;WO711139;10753.64
03-Jul-2026;ENG-089;150;2026-01-07 06:00:00;642.8900;1582.7600;1409.3200;553.8800;2388.1200;9045.0800;47.7200;521.0700;2388.1300;8135.6900;8.4401;391.0000;0.020096;-0.067682;0.001565;Healthy;WO165706;2749.95
2026-07-03;ENG-084;163;2026-01-07 19:00:00;642.7600;1590.4200;1416.1600;552.6900;2388.1900;9047.8500;47.7700;521.0000;2388.1700;8132.3500;8.4620;393.0000;-0.049240;0.547316;0.005530;Warning;WO617031;3089.62
2026-07-03;ENG-084;159;2026-01-07 15:00:00;642.8100;1591.0600;1408.4200;552.8000;2388.1200;9053.9800;47.6800;520.8400;2388.1100;8136.7900;8.5001;394.0000;0.003026;0.400656;0.004715;healthy;WO257713;2531.04
2026-07-03;  ENG-091 ;184;2026-01-08 16:00:00;642.8600;1592.4700;1410.5600;553.7100;2388.1600;9044.2900;47.6300;520.9300;2388.2300;8129.3200;8.4726;394.0000;-0.047255;0.370135;0.001819;Healthy;WO724434;1102.90
2026-07-03;ENG-094;119;2026-01-05 23:00:00;643.4100;1591.8300;1403.5200;553.0600;2388.1200;9056.0400;47.5400;521.2300;2388.1500;8134.6800;8.4260;394.0000;0.021037;0.278159;0.001700;Healthy;WO286089;1,414.38
2026/07/03;ENG-018;113;2026-01-05 17:00:00;642.4600;1591.1300;1413.7100;553.0300;2388.1300;9059.3700;47.7600;521.8200;2388.0400;8138.0600;8.4666;394.0000;0.050361;0.192208;0.000774;Healthy;WO612896;946.89
2026-07-03;ENG-049;216;2026-01-10 00:00:00;642.9300;1582.4600;1408.5600;553.7900;2388.0000;9058.8800;47.4800;521.2400;2388.0100;8138.9000;8.4209;392.0000;0.047103;-0.451166;0.000946;Healthy;WO606001;419.54
2026-07-03;ENG-093;164;2026-01-07 20:00:00;642.8900;1594.3900;1406.7300;552.9400;2388.0900;9062.4300;47.5700;521.3200;2388.1100;8139.6600;8.4757;393.0000;0.056028;0.302443;0.005497;Healthy;WO523768;2,028.06
2026/07/03;ENG-028;141;2026-01-06 21:00:00;643.1400;1593.9500;1407.4900;553.1500;2388.1100;9055.3300;47.5100;521.5200;2388.1000;8132.2400;8.4275;395.0000;0.025519;0.200262;0.002376;Healthy;WO679058;1366.87
2026-07-03;ENG-061;148;2026-01-07 04:00:00;643.0800;1599.4100;1417.6600;552.8000;2388.1000;9064.5000;47.6900;520.6700;2388.1400;8148.5500;8.4701;394.0000;0.041466;0.797915;;Warning;WO628961;17,202.60
2026/07/03;ENG-076;165;2026-01-07 21:00:00;642.8700;1589.9200;1411.2800;553.3400;2388.0700;9077.5800;47.5500;521.1700;2388.0600;8155.8000;8.4594;393.0000;0.104605;0.209441;0.002319;Healthy;WO219893;1,083.70
03-Jul-2026;  ENG-049 ;276;2026-01-12 12:00:00;643.0400;1592.6800;1417.0900;553.3200;2388.2100;9048.9300;47.7800;521.1500;2388.1200;8132.2200;8.4500;394.0000;-0.052029;0.563595;0.001638;Warning;WO344990;16,214.41
03-Jul-2026;  ENG-054 ;95;2026-01-04 23:00:00;642.1500;1581.4500;1402.2800;554.0000;2387.9700;9052.9600;47.1500;522.4400;2388.0100;8146.6100;8.3832;392.0000;0.043486;-1.195662;0.000598;Healthy;WO939538;879.66
2026-07-03;eng-003;110;2026-01-05 14:00:00;642.6000;1582.4600;1409.5400;553.1000;2388.1800;9046.7400;47.5900;521.3700;2388.1600;8125.3400;8.4713;394.0000;-0.024628;0.152026;0.001411;Healthy;WO301026;1122.35
03-Jul-2026;ENG-034;197;2026-01-09 05:00:00;643.7700;1593.2400;1420.5400;552.0700;2388.2800;9044.9200;48.0200;520.2100;2388.1900;8117.6400;8.4947;396.0000;-0.637473;1.356889;0.008611;Warning;WO816289;2,747.58
2026-07-03;ENG-021;108;2026-01-05 12:00:00;642.7000;1584.1500;1403.6700;554.3300;2388.0000;9063.7000;47.2900;522.3800;2387.9600;8145.7400;8.3721;392.0000;0.044827;-1.006586;0.001424;Healthy;WO678266;764.13
03-Jul-2026;ENG-019;114;2026-01-05 18:00:00;642.8300;1589.8200;1401.9000;553.7400;2388.0500;9057.6700;47.2100;522.5700;2388.0600;8140.7400;8.4284;393.0000;0.041778;-0.643781;0.001851;Healthy;WO390752;993.05
2026-07-03;ENG-091;220;2026-01-10 04:00:00;643.0300;1599.2200;1418.7100;552.2800;2388.2500;9048.5500;47.8000;520.5000;2388.2300;8127.7800;8.4825;396.0000;-0.433442;1.205394;0.012577;warning;WO899911;5316.33
03-Jul-2026;ENG-055;105;2026-01-05 09:00:00;642.6700;1582.1900;1401.9000;553.8600;2388.0700;9063.2300;47.4600;521.9100;2388.0600;8134.8600;8.4281;393.0000;0.042305;-0.429573;0.000846;Healthy;WO483757;389.72
2026/07/03;ENG-048;63;2026-01-03 15:00:00;642.6500;1585.8900;1405.9900;553.9800;2388.0800;9057.7700;47.5700;521.5500;2388.0100;8140.6900;8.3886;393.0000;0.046143;-0.342035;0.001520;Healthy;WO719714;1069.16
03-Jul-2026;ENG-031;134;2026-01-06 14:00:00;642.7000;1592.2300;1403.9800;553.0600;2388.0600;9069.4200;47.6100;521.5400;2388.0000;8150.6000;8.4163;394.0000;0.099243;-0.089972;0.007273;Warning;WO998292;3162.60
2026-07-03;ENG-046;102;2026-01-05 06:00:00;642.7000;1581.0600;1415.7600;553.5500;2388.0700;9067.5200;47.5300;521.3400;2388.1100;8146.7800;8.4454;393.0000;0.081923;-0.020399;0.001250;Warning;WO187634;24,188.05
2026-07-03;ENG-066;119;2026-01-05 23:00:00;642.8100;1592.5000;1415.1900;552.5900;2388.1100;9099.1100;47.5100;521.0100;2388.0800;8165.3000;8.5001;395.0000;0.294177;0.633123;0.001196;Warning;WO363616;14,958.66
03-Jul-2026;ENG-092;118;2026-01-05 22:00:00;642.8500;1599.5900;1421.8500;552.9800;2388.1600;9046.0800;47.8000;521.1000;2388.2000;8121.6600;8.4569;393.0000;-0.069772;0.650205;0.009362;Warning;WO745685;20948.38
2026-07-03;ENG-076;159;2026-01-07 15:00:00;642.9700;1591.7800;1406.8600;553.9900;2388.1000;9083.4400;47.5600;520.9200;2388.0900;8155.6200;8.4266;392.0000;0.105365;0.140889;;Healthy;WO604419;1030.39
2026-07-03;ENG-050;67;2026-01-03 19:00:00;642.4800;1582.5100;1395.7700;553.9300;2388.0400;9058.1700;47.2400;522.3300;2388.0300;8138.5900;8.3996;393.0000;0.038935;-0.892923;0.003638;Healthy;WO598835;167.39
2026-07-03;ENG-013;143;2026-01-06 23:00:00;642.2900;1591.2500;1409.2900;553.7900;2388.0500;9069.0200;47.2600;522.3800;2388.0000;8143.2600;8.4093;393.0000;0.058370;-0.625677;0.002435;Healthy;WO846760;1043.01
03-Jul-2026;ENG-075;66;2026-01-03 18:00:00;642.3300;1583.6300;1409.5200;554.0500;2388.0600;9053.5000;47.3600;521.7200;2388.0600;8136.7800;8.4072;392.0000;0.023828;-0.532363;0.002950;Healthy;WO262574;268.51
03-Jul-2026;  ENG-035 ;167;2026-01-07 23:00:00;643.3600;1599.7100;1416.2200;552.2600;2388.1800;9067.3700;47.8800;520.7300;2388.1800;8148.7900;8.4539;395.0000;-0.077892;0.997622;0.015097;WARNING;WO180461;7,284.49
2026/07/03;eng-077;123;2026-01-06 03:00:00;642.9400;1587.0500;1411.9000;553.2200;2388.1500;9047.9600;47.5400;522.0800;2388.1300;8127.1000;8.4772;392.0000;0.022569;0.002288;0.002775;Warning;WO623375;13,421.22
2026/07/03;  ENG-008 ;137;2026-01-06 17:00:00;642.9600;1591.2900;1407.5400;553.2500;2388.1800;9050.4600;47.6200;521.1800;2388.1000;8126.5900;8.4176;392.0000;0.003835;0.103106;0.002203;Healthy;WO973258;1,466.14
2026/07/03;ENG-032;140;2026-01-06 20:00:00;642.2600;1587.6200;1406.8100;553.8600;2388.0400;9089.2200;47.4100;521.9800;2388.0800;8164.7500;8.4312;394.0000;0.098469;-0.432761;0.009160;Healthy;WO747729;2,826.05
2026/07/03;ENG-035;178;2026-01-08 10:00:00;643.1400;1593.1600;1412.7400;552.3400;2388.2100;9071.3800;47.8700;521.0400;2388.1600;8148.9400;8.4616;396.0000;-0.036586;0.935853;0.014591;WARNING;WO380781;8,646.30
2026/07/03;  ENG-010 ;155;2026-01-07 11:00:00;642.5800;1585.2800;1406.1100;554.5300;2388.0100;9065.2000;47.2800;522.0700;2388.0700;8147.4900;8.4477;393.0000;0.042920;-0.649780;0.001402;Healthy;WO364634;1,342.71
2026/07/03;ENG-023;94;2026-01-04 22:00:00;642.4500;1589.5400;1397.9600;554.5000;2388.0500;9053.3900;47.0600;522.0300;2388.0600;8137.6100;8.4128;390.0000;0.013000;-0.911364;0.001525;Healthy;WO535374;2,778.93
2026/07/03;eng-020;179;2026-01-08 11:00:00;643.4900;1601.5500;1420.0700;551.7200;2388.1600;9064.2900;48.0400;520.6000;2388.2300;8143.1600;8.5017;394.0000;-0.278100;1.297604;;Warning;WO300466;7476.95
2026/07/03;eng-100;192;2026-01-09 00:00:00;643.0500;1598.1800;1418.5800;553.1600;2388.0500;9141.9200;47.5700;520.9900;2388.0700;8210.2400;8.4171;395.0000;0.942488;0.843214;0.048528;Warning;WO634755;3,709.85
2026-07-03;ENG-100;161;2026-01-07 17:00:00;643.0000;1592.2300;1407.9800;553.0400;2388.0000;9090.8500;47.5000;521.7900;2388.0100;8166.9200;8.4316;392.0000;0.171781;0.002144;;Warning;WO353817;17,068.87
2026/07/03;eng-095;85;2026-01-04 13:00:00;642.6000;1585.3100;1402.8400;553.9400;2388.0600;9046.2100;47.3800;522.0300;2388.0600;8136.1000;8.4353;393.0000;0.032745;-0.437988;0.000930;Healthy;WO176167;2627.61
2026/07/03;ENG-040;116;2026-01-05 20:00:00;643.2500;1595.2300;1416.8100;552.8400;2388.1800;9059.6600;47.8200;520.8300;2388.2000;8145.6000;8.4963;393.0000;-0.023082;0.767751;0.005476;Warning;WO421633;11,100.46
03-Jul-2026;ENG-028;109;2026-01-05 13:00:00;642.7100;1600.1200;1408.3900;553.6900;2388.0700;9049.9300;47.6400;521.8300;2388.1100;8128.5700;8.4394;394.0000;0.040528;0.144387;0.001881;Warning;WO457591;22,165.40
2026-07-03;ENG-004;75;2026-01-04 03:00:00;642.8500;1587.1300;1413.8500;553.1600;2388.0700;9054.0700;47.6500;521.4800;2388.0700;8129.5000;8.4774;393.0000;0.024432;0.194581;0.001568;Healthy;WO124199;736.22
2026-07-03;ENG-029;154;2026-01-07 10:00:00;642.7100;1590.1000;1395.1200;553.6600;2388.1000;9066.8500;47.5100;521.5600;2388.0800;8149.2100;8.4163;394.0000;0.063074;-0.325625;0.001517;Healthy;WO980325;
03-Jul-2026;  ENG-039 ;26;2026-01-02 02:00:00;642.3600;1591.0500;1404.0600;553.7200;2387.9900;9054.8700;47.2400;522.8000;2388.0300;8145.2800;8.3973;391.0000;0.046969;-1.031838;0.001891;Healthy;WO996270;1,202.06
03-Jul-2026;ENG-021;127;2026-01-06 07:00:00;642.8500;1586.8900;1398.1000;554.7600;2388.0500;9073.8300;47.3600;522.0800;2388.0500;8152.8300;8.4043;393.0000;0.041577;-0.741466;0.002990;Healthy;WO252869;1646.84
03-Jul-2026;  ENG-095 ;89;2026-01-04 17:00:00;641.9700;1586.2500;1398.6100;553.4700;2388.0800;9052.1400;47.4200;521.9500;2388.1000;8135.1400;8.4294;394.0000;0.030907;-0.531920;0.001233;Healthy;WO225706;468.69
2026-07-03;eng-089;164;2026-01-07 20:00:00;642.2200;1591.9100;1404.9400;553.1900;2388.1400;9054.8800;47.4800;521.3300;2388.0800;8128.6200;8.4618;392.0000;0.037477;-0.078568;0.003004;Healthy;WO571728;2,109.48
03-Jul-2026;  ENG-066 ;115;2026-01-05 19:00:00;643.1300;1597.0800;1416.0600;552.4800;2388.1200;9088.5100;47.8700;521.5500;2388.0500;8156.7700;8.4561;395.0000;0.121607;0.556716;0.010050;Warning;WO958894;9,379.58
2026/07/03;ENG-032;133;2026-01-06 13:00:00;642.4500;1585.7600;1405.5200;553.9400;2387.9900;9089.0300;47.4100;522.4600;2388.0800;8174.7600;8.4207;393.0000;0.101347;-0.539180;0.004626;Warning;WO704332;13634.45
2026/07/03;  ENG-060 ;109;2026-01-05 13:00:00;642.5800;1586.4600;1404.6900;553.8200;2388.1300;9054.6100;47.5500;520.8100;2388.1300;8140.6500;8.4073;393.0000;0.031663;-0.039470;0.000527;Healthy;WO908583;2,456.13
2026/07/03;ENG-078;57;2026-01-03 09:00:00;641.7800;1580.9600;1402.5200;554.5300;2388.0400;9054.9900;47.1900;522.3600;2387.9700;8138.8600;8.3937;390.0000;0.054936;-1.225092;0.001505;Healthy;WO303617;595.90
03-Jul-2026;ENG-077;158;2026-01-07 14:00:00;642.4200;1600.2000;1410.9900;552.7700;2388.2000;9038.6200;47.7000;520.7700;2388.2000;8128.1000;8.4388;395.0000;-0.094661;0.667376;0.008324;Warning;WO977885;13,495.60
03-Jul-2026;ENG-052;149;2026-01-07 05:00:00;642.0400;1592.7800;1402.2300;553.4900;2387.9900;9074.9300;47.3500;522.2900;2388.0100;8152.8200;8.3995;393.0000;0.069994;-0.740621;0.003374;Healthy;WO482854;
03-Jul-2026;  ENG-052 ;169;2026-01-08 01:00:00;642.3600;1590.2300;1404.4200;553.3300;2388.0100;9096.5200;47.3900;521.6100;2388.0200;8166.2400;8.4315;393.0000;0.111783;-0.439580;0.012390;Healthy;WO639825;1857.45
2026/07/03;ENG-056;121;2026-01-06 01:00:00;643.2300;1596.9500;1418.9700;551.8200;2388.2400;9044.9200;47.9600;520.6700;2388.2600;8117.6400;8.4867;394.0000;-0.543687;1.252421;0.002674;warning;WO555183;6,943.07
2026-07-03;ENG-024;140;2026-01-06 20:00:00;642.4400;1588.5000;1400.4000;553.6900;2388.0500;9092.2600;47.5100;522.0200;2387.9900;8168.6800;8.4379;392.0000;0.107043;-0.600224;0.006017;warning;WO706902;22232.14
2026-07-03;ENG-090;103;2026-01-05 07:00:00;642.7600;1593.9000;1401.0600;553.5800;2388.0800;9060.2300;47.5500;521.1100;2388.1300;8144.0000;8.4524;394.0000;0.056035;0.147795;0.000853;Healthy;WO731289;2679.54
2026/07/03;  ENG-075 ;88;2026-01-04 16:00:00;642.1300;1594.4700;1403.3000;554.1100;2388.1200;9051.2800;47.4000;521.5200;2388.1000;8132.1400;8.4316;392.0000;0.016849;-0.542773;0.001534;Healthy;WO215740;1094.75
03-Jul-2026;ENG-064;123;2026-01-06 03:00:00;642.7600;1596.6100;1406.0700;553.7900;2388.0500;9056.6200;47.6300;521.6100;2388.1200;8140.8100;8.4516;393.0000;0.071266;0.042549;0.002729;Healthy;WO717141;1,326.72
2026/07/03;ENG-046;122;2026-01-06 02:00:00;642.7500;1595.0100;1412.5200;554.1100;2388.0700;9074.9000;47.6300;521.2000;2388.0500;8154.1700;8.4047;392.0000;0.095291;-0.073291;0.001989;Warning;WO455380;5408.65
03-Jul-2026;ENG-028;144;2026-01-07 00:00:00;642.5200;1582.5900;1403.9000;553.7200;2388.1500;9055.4300;47.4900;521.5000;2388.1100;8140.8700;8.4598;393.0000;0.046226;-0.072549;0.002363;Healthy;WO341257;474.79
03-Jul-2026;  ENG-018 ;117;2026-01-05 21:00:00;642.4900;1591.9600;1410.2900;553.4300;2388.1200;9062.1300;47.4800;521.1900;2388.1400;8130.8400;8.4407;394.0000;0.033033;0.090450;0.001673;Healthy;WO128922;
2026-07-03;eng-073;89;2026-01-04 17:00:00;642.4300;1588.4600;1400.6700;554.0500;2388.0800;9056.2600;47.2800;522.3700;2388.0400;8138.9100;8.3833;393.0000;0.019225;-0.800109;0.000846;Healthy;WO949736;
03-Jul-2026;  ENG-076 ;174;2026-01-08 06:00:00;642.6700;1595.0500;1410.4200;553.0200;2388.0700;9086.7000;47.5600;521.4500;2388.0900;8158.2800;8.4702;395.0000;0.161332;0.372651;0.011299;warning;WO133256;8316.63
03-Jul-2026;ENG-057;130;2026-01-06 10:00:00;642.5500;1592.8600;1407.1200;553.7200;2388.1200;9054.4600;47.3700;521.5700;2388.1100;8133.0500;8.4426;392.0000;0.046977;-0.071932;0.002851;Healthy;WO385048;2202.74
03-Jul-2026;ENG-050;65;2026-01-03 17:00:00;642.5100;1579.7700;1403.3500;553.6900;2388.0400;9062.4000;47.3600;521.6000;2388.0600;8144.8900;8.4212;393.0000;0.037074;-0.530144;0.001348;Healthy;WO324173;2745.29
03-Jul-2026;ENG-056;126;2026-01-06 06:00:00;643.0800;1592.2100;1423.7400;551.6600;2388.2600;9039.6600;47.7400;519.3900;2388.2100;8122.5300;8.4884;396.0000;-0.726657;1.373587;;Warning;WO943369;24,150.36
2026-07-03;ENG-071;52;2026-01-03 04:00:00;642.5400;1591.0400;1394.0500;554.4400;2388.0600;9069.4800;47.3900;521.8100;2388.0800;8148.2300;8.4023;394.0000;0.035162;-0.690909;0.001036;Healthy;WO905674;1271.47
2026-07-03;  ENG-015 ;58;2026-01-03 10:00:00;641.9900;1587.4200;1393.9100;554.3800;2388.0500;9058.5800;47.2300;521.2800;2388.0700;8139.6300;8.4122;393.0000;0.004343;-0.766339;0.003088;Healthy;WO714445;959.24
2026-07-03;ENG-040;93;2026-01-04 21:00:00;642.7700;1592.3100;1416.8400;552.9600;2388.1800;9065.7700;47.7500;521.0200;2388.1100;8136.6700;8.4569;395.0000;-0.021650;0.695577;0.006086;Warning;WO143583;15,247.75
03-Jul-2026;ENG-071;61;2026-01-03 13:00:00;642.3500;1591.4100;1402.9000;554.1500;2388.0100;9058.5700;47.1300;521.9900;2388.0000;8143.7700;8.4043;392.0000;0.021194;-0.979484;0.001563;Healthy;WO779832;403.08
2026/07/03;ENG-034;194;2026-01-09 02:00:00;643.3800;1599.1900;1413.4800;552.0400;2388.1800;9050.1900;48.0200;520.7400;2388.1900;8128.2500;8.4715;394.0000;-0.294817;1.057889;0.006722;Warning;WO510386;20,660.21
2026/07/03;ENG-084;144;2026-01-07 00:00:00;643.0800;1593.5300;1411.2400;553.5600;2388.1200;9048.9200;47.5300;520.9300;2388.1400;8134.5200;8.4594;394.0000;-0.009839;0.326797;;Warning;WO267840;5151.06
2026-07-03;eng-081;195;2026-01-09 03:00:00;643.4700;1597.0700;1422.7500;552.5200;2388.2000;9071.9300;47.9000;520.3400;2388.2100;8150.4100;8.4875;394.0000;-0.113962;1.159849;;warning;WO969255;9,075.80
2026-07-03;ENG-092;117;2026-01-05 21:00:00;643.0000;1600.0300;1415.1100;552.8000;2388.2300;9044.2100;47.7200;520.7500;2388.2300;8124.4500;8.4510;394.0000;-0.099501;0.741704;0.007084;Healthy;WO420395;2,361.15
2026/07/03;ENG-096;97;2026-01-05 01:00:00;642.3000;1590.8800;1397.9400;553.9900;2388.0300;9062.4100;47.1400;522.3000;2388.0100;8148.2400;8.4110;391.0000;0.044562;-1.047048;0.001619;Healthy;WO961889;892.65
2026-07-03;ENG-073;110;2026-01-05 14:00:00;642.8300;1588.2200;1405.1500;554.2900;2388.0500;9061.5300;47.5400;522.2700;2388.0700;8137.9400;8.4313;391.0000;0.041688;-0.581365;0.001402;Healthy;WO585456;235.23
2026-07-03;  ENG-071 ;63;2026-01-03 15:00:00;642.1700;1591.2600;1409.8200;554.1500;2388.0600;9065.2100;47.4200;522.0900;2388.0400;8146.0100;8.3995;394.0000;0.051534;-0.570147;0.001196;Healthy;WO226913;293.85
03-Jul-2026;ENG-085;30;2026-01-02 06:00:00;642.3500;1589.6300;1410.5400;553.0300;2388.0900;9047.9600;47.4900;521.9900;2388.1500;8132.3000;8.4355;393.0000;0.043841;-0.038897;0.003625;Healthy;WO172963;578.41
2026-07-03;ENG-081;183;2026-01-08 15:00:00;642.4500;1590.3800;1418.7800;552.1600;2388.1900;9069.6300;47.9600;520.6500;2388.1600;8147.7400;8.4930;395.0000;-0.048886;0.985902;0.013676;Warning;WO784205;8232.74
2026-07-03;eng-088;60;2026-01-03 12:00:00;642.5700;1595.9000;1410.4200;553.5300;2388.1700;9035.4600;47.5200;521.0500;2388.1200;8126.0400;8.4487;392.0000;-0.037189;0.203251;0.002921;healthy;WO297182;2,267.13
2026/07/03;ENG-024;182;2026-01-08 14:00:00;643.0300;1590.3900;1413.2200;552.6900;2388.0900;9146.0300;47.6300;521.3700;2388.0700;8211.5300;8.4491;394.0000;0.904817;0.755608;0.044833;warning;WO215049;19623.59
2026-07-03;ENG-017;115;2026-01-05 19:00:00;642.0000;1589.0500;1394.7700;554.0900;2387.9700;9083.5200;47.3200;521.8500;2388.0500;8156.1600;8.3915;393.0000;0.048227;-0.879344;0.001843;Healthy;WO644571;2445.47
03-Jul-2026;eng-052;151;2026-01-07 07:00:00;642.6400;1584.1000;1403.1800;553.6400;2388.0500;9075.0800;47.3700;522.0200;2387.9800;8148.6500;8.4331;391.0000;0.060664;-0.705048;0.003150;Healthy;WO664178;2588.37
03-Jul-2026;  ENG-060 ;142;2026-01-06 22:00:00;642.8400;1584.1100;1406.1300;553.4400;2388.1300;9052.6100;47.5200;521.6300;2388.1100;8136.6900;8.4172;394.0000;0.048010;-0.085855;0.001280;Warning;WO638743;21,985.25
2026-07-03;ENG-040;118;2026-01-05 22:00:00;643.1600;1590.4100;1417.1000;552.5000;2388.1700;9069.9400;47.6300;520.5100;2388.1900;8137.4900;8.4759;395.0000;-0.055120;0.787682;0.006045;Warning;WO449634;3408.34
2026-07-03;ENG-070;139;2026-01-06 19:00:00;642.4400;1589.2800;1405.8000;553.0400;2388.1200;9054.7200;47.4800;520.8700;2388.1500;8131.6200;8.4627;394.0000;0.013092;0.133344;0.000585;healthy;WO993047;1493.34
03-Jul-2026;ENG-066;133;2026-01-06 13:00:00;642.8800;1591.7000;1411.1200;553.0500;2388.1200;9097.7100;47.7900;521.1100;2388.0900;8181.5600;8.4561;394.0000;0.373838;0.631641;0.007612;Warning;WO180280;21,009.52
2026-07-03;ENG-090;140;2026-01-06 20:00:00;643.3700;1592.1000;1416.3800;553.0700;2388.1600;9077.0000;47.9600;520.7900;2388.1300;8153.6100;8.4276;396.0000;0.052805;0.746252;0.005519;Warning;WO992412;13134.62
2026-07-03;ENG-027;123;2026-01-06 03:00:00;642.2100;1588.1000;1401.6900;553.6900;2388.0700;9049.7800;47.4200;521.6400;2388.0900;8128.6400;8.4413;391.0000;0.027672;-0.488432;0.002581;Healthy;WO161946;1365.28
2026/07/03;ENG-098;110;2026-01-05 14:00:00;642.7400;1598.5300;1409.4800;553.6400;2388.1200;9069.9100;47.5400;521.0300;2388.1500;8144.9700;8.4630;393.0000;0.051011;0.328311;;Healthy;WO320851;1,424.26
2026-07-03;ENG-078;65;2026-01-03 17:00:00;641.9800;1579.8800;1397.5400;553.8500;2388.0000;9072.8800;47.2000;522.8000;2387.9800;8144.9100;8.3925;392.0000;0.072895;-1.290624;0.002013;Healthy;WO157370;666.19
03-Jul-2026;ENG-012;197;2026-01-09 05:00:00;642.5200;1588.6000;1407.3900;554.3000;2388.0100;9061.2100;47.2100;521.4400;2388.0600;8145.1500;8.4102;394.0000;0.034250;-0.540972;0.001505;Healthy;WO978180;92.92
2026/07/03;ENG-019;115;2026-01-05 19:00:00;642.5000;1583.0100;1402.3000;553.2500;2388.0600;9061.5200;47.4600;521.7500;2388.0900;8141.7700;8.4326;393.0000;0.050996;-0.440026;0.001376;Healthy;WO748769;1025.16
2026/07/03;ENG-059;74;2026-01-04 02:00:00;641.9200;1589.7200;1399.4100;554.9800;2388.0400;9048.4200;47.3800;522.2400;2388.0300;8139.6900;8.4610;392.0000;0.030947;-0.952774;0.000244;Healthy;WO145044;536.82
2026-07-03;ENG-075;63;2026-01-03 15:00:00;642.5700;1583.9900;1400.8800;553.2300;2388.0700;9060.9300;47.3400;522.0800;2388.0200;8139.9600;8.4185;392.0000;0.032688;-0.750261;0.001007;HEALTHY;WO282280;218.42
03-Jul-2026;ENG-005;81;2026-01-04 09:00:00;642.2400;1586.6000;1416.8800;552.9100;2388.1400;9048.3800;47.5000;521.4700;2388.1200;8127.6500;8.4414;392.0000;-0.004878;0.137605;0.003534;Healthy;WO816856;1188.55
2026/07/03;ENG-029;160;2026-01-07 16:00:00;642.5100;1591.8100;1403.1200;553.4000;2388.0600;9066.8300;47.4500;521.8200;2388.0400;8151.9600;8.4268;393.0000;0.082401;-0.312410;0.001633;Healthy;WO622157;292.07
2026-07-03;eng-017;159;2026-01-07 15:00:00;642.9600;1589.4600;1412.8000;553.1800;2388.1100;9088.0000;47.5300;521.6900;2388.0400;8159.6200;8.4181;393.0000;0.125595;0.075620;0.003847;healthy;WO491726;737.62
2026/07/03;ENG-019;120;2026-01-06 00:00:00;642.5100;1581.2400;1408.2500;553.8100;2388.0300;9056.2000;47.2400;521.3700;2388.0200;8142.7900;8.3935;392.0000;0.011879;-0.757360;0.002697;Healthy;WO909155;179.40
2026/07/03;ENG-084;161;2026-01-07 17:00:00;643.0800;1595.9000;1414.3200;552.8900;2388.1600;9051.0800;47.6600;521.5400;2388.0900;8133.8700;8.4571;394.0000;0.003724;0.409621;0.000405;Healthy;WO467273;1,789.47
2026/07/03;ENG-096;79;2026-01-04 07:00:00;642.3100;1591.4200;1396.9600;554.8800;2387.9800;9063.2700;47.3900;522.0600;2387.9600;8151.6300;8.4069;392.0000;0.056770;-1.022093;0.002367;Healthy;WO507269;1,487.87
2026/07/03;ENG-037;118;2026-01-05 22:00:00;643.5600;1588.1400;1412.4800;552.6800;2388.1900;9042.7600;47.7100;521.1100;2388.2000;8122.7500;8.4661;394.0000;-0.072739;0.602559;0.006334;Warning;WO550525;23,731.66
2026/07/03;ENG-051;140;2026-01-06 20:00:00;642.5800;1590.2500;1400.2600;553.5000;2388.1300;9058.4400;47.4200;520.9800;2388.0900;8130.8600;8.4615;392.0000;0.041873;-0.244648;;healthy;WO246891;106.90
03-Jul-2026;ENG-060;133;2026-01-06 13:00:00;642.5900;1589.4600;1412.7000;553.4300;2388.1500;9048.7500;47.4300;521.8100;2388.1200;8135.3600;8.4297;393.0000;0.036957;-0.067691;0.002148;Healthy;WO666316;285.96
2026/07/03;ENG-022;27;2026-01-02 03:00:00;642.0400;1584.8600;1406.3700;553.3500;2388.1700;9053.7300;47.4300;521.4900;2388.0500;8131.8400;8.4515;392.0000;0.045287;-0.222882;0.002820;Healthy;WO634778;2,128.53
03-Jul-2026;ENG-049;242;2026-01-11 02:00:00;643.3100;1586.9500;1402.6300;553.6000;2388.1100;9059.9700;47.6400;521.1400;2388.0700;8134.6100;8.4436;392.0000;0.047453;0.052617;0.001001;Healthy;WO800205;2937.27
2026/07/03;ENG-046;117;2026-01-05 21:00:00;642.5600;1591.3600;1406.9700;552.6700;2388.0700;9073.2400;47.6500;521.0600;2388.1200;8154.5600;8.4393;392.0000;0.112662;0.102148;0.000202;Warning;WO153272;11,427.33
03-Jul-2026;  ENG-072 ;126;2026-01-06 06:00:00;642.4400;1590.0500;1403.5100;553.6300;2388.1100;9069.5300;47.5800;521.3400;2388.1200;8145.0800;8.4030;392.0000;0.054496;-0.271462;0.000473;Healthy;WO119433;2663.75
2026-07-03;ENG-082;145;2026-01-07 01:00:00;642.7700;1593.9500;1415.4200;552.6800;2388.1600;9055.6300;47.6500;520.7400;2388.1600;8129.9600;8.4810;393.0000;-0.052513;0.692594;0.004671;Warning;WO254051;22887.95
2026-07-03;ENG-072;114;2026-01-05 18:00:00;642.5800;1594.0400;1402.6700;552.9400;2388.0600;9062.0600;47.3100;521.4900;2388.0700;8144.7800;8.4415;393.0000;0.083072;-0.091796;0.002410;Healthy;WO172112;2,504.19
2026-07-03;  ENG-095 ;64;2026-01-03 16:00:00;642.4300;1576.7000;1400.8400;553.6800;2388.0700;9044.3300;47.3000;521.8800;2388.1700;8134.0900;8.4039;393.0000;-0.012189;-0.722433;;Healthy;WO537474;2,903.44
2026-07-03;  ENG-034 ;175;2026-01-08 07:00:00;642.8000;1592.7500;1415.0700;552.5900;2388.1600;9055.4200;47.7900;521.0700;2388.1200;8133.3300;8.4821;393.0000;-0.009888;0.486380;0.002528;Healthy;WO353804;2,148.52
03-Jul-2026;ENG-029;128;2026-01-06 08:00:00;642.8600;1592.0800;1398.7700;553.7700;2388.0200;9062.1400;47.4100;521.5800;2388.0800;8143.2700;8.4441;393.0000;0.068934;-0.351414;0.003035;healthy;WO237779;407.00
2026-07-03;eng-041;99;2026-01-05 03:00:00;642.7400;1590.8800;1402.0600;553.5100;2388.1600;9048.5700;47.3600;521.4900;2388.0900;8123.8900;8.4420;394.0000;0.020793;-0.085926;0.001594;Healthy;WO913140;459.94
03-Jul-2026;ENG-070;108;2026-01-05 12:00:00;642.2900;1591.9300;1405.9800;554.3200;2388.1200;9045.4200;47.5200;521.2900;2388.0900;8132.9200;8.4394;392.0000;0.035343;-0.206657;0.001900;Warning;WO412397;7789.30
2026/07/03;ENG-098;116;2026-01-05 20:00:00;642.8900;1591.1300;1410.5400;554.0200;2388.1200;9062.0500;47.6000;521.5100;2388.0900;8137.8500;8.4261;393.0000;0.054148;0.033529;0.001324;Healthy;WO562062;1,863.60
03-Jul-2026;ENG-065;60;2026-01-03 12:00:00;641.7000;1578.5800;1393.7600;554.2800;2388.0200;9066.5800;47.2900;522.8100;2387.9200;8147.5100;8.4068;391.0000;0.092015;-1.315710;0.003555;HEALTHY;WO509515;2053.30
2026-07-03;ENG-050;72;2026-01-04 00:00:00;642.5800;1582.8100;1402.1100;554.0300;2388.0400;9059.5600;47.7000;521.6500;2388.0400;8147.3800;8.4488;391.0000;0.061022;-0.458418;0.001315;HEALTHY;WO581365;1,025.00
2026-07-03;ENG-083;71;2026-01-03 23:00:00;642.3800;1591.6800;1403.2800;553.6200;2388.1100;9053.2400;47.3400;521.7900;2388.0000;8141.1800;8.4059;393.0000;0.031780;-0.619812;0.001050;Healthy;WO681463;1472.13
2026/07/03;ENG-068;181;2026-01-08 13:00:00;643.5900;1601.6900;1421.8900;551.8300;2388.1700;9082.1300;47.9300;520.2800;2388.1500;8151.2200;8.5100;395.0000;-0.147044;1.431789;0.019062;Warning;WO522278;4,480.16
03-Jul-2026;ENG-074;130;2026-01-06 10:00:00;642.3600;1580.9000;1407.0300;553.8300;2388.0300;9062.8100;47.4700;521.8100;2388.0800;8148.2800;8.4747;393.0000;0.072766;-0.265606;0.001455;Healthy;WO841306;2324.13
2026/07/03;ENG-099;94;2026-01-04 22:00:00;642.4800;1585.5900;1397.5500;554.7700;2388.0200;9065.9000;47.2800;522.2800;2388.0100;8152.3600;8.3898;391.0000;0.044340;-1.063320;0.001544;Healthy;WO476613;2104.24
2026-07-03;eng-019;121;2026-01-06 01:00:00;642.3200;1587.3800;1405.0900;554.1100;2387.9700;9053.0600;47.1500;521.8700;2388.0700;8146.6800;8.4019;392.0000;0.027407;-0.696864;0.002398;Healthy;WO251074;1740.82
2026/07/03;eng-052;136;2026-01-06 16:00:00;641.7200;1585.7600;1400.1900;554.0500;2387.9600;9065.6600;47.4100;522.4000;2388.0400;8147.4700;8.4055;393.0000;0.042068;-1.051437;0.001424;Healthy;WO917581;1,841.34
2026-07-03;ENG-021;125;2026-01-06 05:00:00;642.1400;1587.7600;1408.0800;553.5200;2388.0500;9073.2800;47.5100;522.1200;2388.0700;8150.5300;8.3984;394.0000;0.064649;-0.531194;0.002740;Healthy;WO894652;
03-Jul-2026;ENG-039;32;2026-01-02 08:00:00;642.4100;1587.7000;1399.8500;553.9300;2388.0200;9066.7500;47.3800;521.6000;2388.0300;8139.5300;8.4438;392.0000;0.039593;-0.719549;0.001875;HEALTHY;WO336159;2338.84
03-Jul-2026;ENG-063;106;2026-01-05 10:00:00;642.7300;1592.0200;1413.7600;553.5000;2388.0900;9050.7600;47.4900;521.7600;2388.1300;8127.3200;8.4890;394.0000;0.005636;0.243256;0.002301;Healthy;WO248097;1563.13
2026/07/03;  ENG-004 ;94;2026-01-04 22:00:00;643.2300;1591.5200;1411.7800;553.7900;2388.0600;9056.8300;47.5800;521.4500;2388.1200;8128.4800;8.3997;394.0000;0.017347;0.229486;0.001097;healthy;WO246763;940.17
2026/07/03;ENG-025;43;2026-01-02 19:00:00;641.7800;1582.6400;1402.6800;554.8200;2388.0500;9052.7500;47.3600;521.8500;2388.0500;8132.9000;8.4059;392.0000;0.004226;-0.967945;0.001402;Healthy;WO846573;1,146.43
03-Jul-2026;ENG-054;83;2026-01-04 11:00:00;642.0700;1583.7900;1396.1000;554.8200;2388.0300;9052.4800;47.0800;522.3400;2388.0200;8144.0100;8.3803;392.0000;0.020772;-1.195722;0.003876;Healthy;WO184778;2208.85
2026-07-03;ENG-020;164;2026-01-07 20:00:00;642.9600;1595.7000;1420.1100;552.9400;2388.1600;9067.7200;47.7300;520.7800;2388.0700;8144.7800;8.4799;395.0000;0.006431;0.612178;0.007158;WARNING;WO547861;16471.71
2026-07-03;ENG-042;130;2026-01-06 10:00:00;642.9700;1595.1100;1411.3000;552.2800;2388.2200;9042.0300;47.8000;521.2700;2388.1300;8119.6500;8.4500;394.0000;-0.054687;0.448986;0.000897;Healthy;WO253746;800.55
03-Jul-2026;  ENG-011 ;68;2026-01-03 20:00:00;642.9600;1593.6300;1408.6100;553.1500;2388.1600;9037.6300;47.5100;521.1200;2388.1600;8125.1900;8.4565;393.0000;-0.036729;0.250019;0.004244;Healthy;WO854878;2066.29
03-Jul-2026;ENG-076;181;2026-01-08 13:00:00;642.8300;1600.6400;1413.8100;553.1400;2388.1000;9089.7400;47.5700;520.9100;2388.1200;8159.3900;8.4440;393.0000;0.120509;0.404303;0.007915;Warning;WO468109;
03-Jul-2026;  ENG-012 ;151;2026-01-07 07:00:00;642.4000;1582.6100;1395.9700;554.5600;2388.0500;9058.8500;47.3400;521.6800;2388.0200;8144.1700;8.3700;392.0000;0.014288;-0.971144;0.002342;Healthy;WO139027;1840.54
03-Jul-2026;eng-092;146;2026-01-07 02:00:00;642.6000;1590.7500;1419.6300;551.9900;2388.1900;9044.5100;47.9500;520.5900;2388.2600;8121.3100;8.4806;394.0000;-0.342550;0.976606;0.005144;Warning;WO444988;7,985.42
2026/07/03;ENG-024;171;2026-01-08 03:00:00;642.5200;1585.2500;1410.1400;553.5800;2388.0500;9122.6200;47.6600;521.9000;2388.0600;8193.2900;8.4461;394.0000;0.435332;0.057403;0.004978;Warning;WO492187;17204.08
03-Jul-2026;ENG-072;92;2026-01-04 20:00:00;642.6900;1587.0400;1402.8800;553.6700;2388.0600;9068.3600;47.3600;521.3000;2388.0700;8145.2900;8.4012;394.0000;0.048008;-0.421179;0.002335;Healthy;WO740671;851.70
2026-07-03;  ENG-054 ;105;2026-01-05 09:00:00;641.7700;1594.5800;1395.1800;554.4900;2388.0000;9055.6900;47.2400;522.6000;2387.9600;8141.6400;8.3841;391.0000;0.072015;-1.194179;0.002238;Healthy;WO144864;485.66
03-Jul-2026;ENG-029;171;2026-01-08 03:00:00;642.5300;1585.7200;1405.8800;553.2900;2388.0800;9074.1100;47.2600;521.5700;2388.0700;8147.2700;8.4202;393.0000;0.070916;-0.304793;0.003046;Healthy;WO680335;1,769.43
2026-07-03;ENG-082;134;2026-01-06 14:00:00;642.4600;1594.9900;1410.9700;552.9200;2388.1200;9060.4200;47.6500;520.8900;2388.1200;8136.0400;8.4412;392.0000;0.026113;0.265383;0.000965;Warning;WO125555;6431.00
03-Jul-2026;ENG-010;172;2026-01-08 04:00:00;641.9200;1591.3900;1403.4000;553.7500;2388.1200;9063.3900;47.4600;521.8700;2388.0800;8139.6500;8.4430;392.0000;0.058364;-0.362674;0.000819;Healthy;WO517311;
03-Jul-2026;eng-011;78;2026-01-04 06:00:00;643.0400;1590.6400;1410.6700;552.8500;2388.1800;9040.5600;47.6100;521.1000;2388.1700;8120.2800;8.4464;394.0000;-0.067306;0.464823;0.002738;Warning;WO906219;6822.09
03-Jul-2026;ENG-010;142;2026-01-06 22:00:00;642.0100;1588.0200;1405.3100;554.4800;2388.0300;9064.3800;47.4700;522.0700;2388.0100;8147.9500;8.4079;393.0000;0.050229;-0.690168;0.002508;Healthy;WO850711;121.11
2026/07/03;ENG-031;175;2026-01-08 07:00:00;642.9600;1595.2300;1422.1600;551.9000;2388.1600;9079.6400;47.6300;520.9600;2388.1200;8153.5500;8.4914;395.0000;0.094478;1.027653;0.011990;Warning;WO726220;
2026-07-03;ENG-039;37;2026-01-02 13:00:00;642.0900;1581.5800;1402.1700;554.0300;2388.0200;9061.9100;47.2000;521.9400;2388.0000;8147.3100;8.3904;393.0000;0.021953;-0.912571;0.003400;Healthy;WO472197;2244.02
2026-07-03;ENG-067;56;2026-01-03 08:00:00;642.2700;1584.1800;1403.5300;553.5800;2388.0000;9058.4200;47.3000;521.5400;2388.0000;8138.4600;8.4015;393.0000;0.036656;-0.698889;0.001303;Healthy;WO178257;2206.36
2026-07-03;ENG-021;110;2026-01-05 14:00:00;641.6100;1586.9300;1395.2500;553.9100;2388.0500;9061.2300;47.1800;521.8800;2388.0500;8151.0100;8.4323;391.0000;-0.017984;-2.567452;0.007720;Healthy;WO986147;
03-Jul-2026;ENG-043;137;2026-01-06 17:00:00;643.1200;1583.9600;1399.1100;553.5400;2388.1000;9052.9100;47.3900;521.7200;2388.1000;8138.4200;8.3980;393.0000;0.021756;-0.424691;0.003200;Healthy;WO426197;2254.70
2026-07-03;eng-100;133;2026-01-06 13:00:00;642.9500;1591.8400;1399.8900;554.4900;2388.0600;9078.5400;47.1700;521.9100;2388.0000;8152.2900;8.4227;393.0000;0.054007;-0.605798;0.001315;Healthy;WO462475;2,130.52
2026/07/03;ENG-100;151;2026-01-07 07:00:00;642.5400;1597.6600;1410.1300;553.3900;2388.0100;9087.5400;47.4700;521.8500;2388.0300;8164.6200;8.4453;392.0000;0.135704;-0.156957;0.009493;Warning;WO838517;6274.12
2026-07-03;  ENG-065 ;57;2026-01-03 09:00:00;642.1200;1582.8600;1394.8500;553.9900;2387.9300;9059.2600;47.1900;522.4500;2387.9800;8146.4900;8.3924;393.0000;0.049559;-2.615284;0.003453;Healthy;WO680605;599.10
2026-07-03;eng-051;137;2026-01-06 17:00:00;642.6000;1584.5400;1412.6100;553.6800;2388.0900;9054.6800;47.5300;521.3500;2388.1200;8135.8400;8.4776;393.0000;0.030105;0.087195;0.004329;Healthy;WO406367;1350.75
03-Jul-2026;eng-045;115;2026-01-05 19:00:00;642.6900;1586.7300;1402.8800;553.0600;2388.1200;9062.3400;47.4000;521.1400;2388.1500;8142.4500;8.4249;393.0000;0.053024;-0.064436;0.001253;healthy;WO875040;2136.35
03-Jul-2026;ENG-049;300;2026-01-13 12:00:00;643.6900;1597.7100;1421.2800;551.6700;2388.2300;9049.3500;47.9200;520.5200;2388.2200;8126.2300;8.4753;395.0000;-0.538647;1.328753;0.004257;Warning;WO893603;
2026-07-03;ENG-049;283;2026-01-12 19:00:00;642.6800;1598.9300;1412.6900;552.3700;2388.2100;9064.4800;47.8100;520.9700;2388.1900;8134.7800;8.4676;394.0000;-0.036100;0.772771;0.005202;Warning;WO726386;925.20
03-Jul-2026;ENG-022;33;2026-01-02 09:00:00;642.6800;1591.2700;1413.3000;553.4900;2388.1100;9043.2100;47.5300;521.0900;2388.0800;8136.6100;8.4092;393.0000;-0.066117;-2.492885;0.042847;Healthy;WO361899;1807.82
2026/07/03;ENG-024;162;2026-01-07 18:00:00;642.4000;1589.5000;1401.8400;553.5300;2388.0200;9108.3900;47.4700;521.6200;2388.0600;8182.3200;8.4647;395.0000;0.403300;0.106336;0.009968;Warning;WO128887;24,659.43
2026-07-03;ENG-082;143;2026-01-06 23:00:00;642.9900;1591.8000;1409.5300;552.2500;2388.1600;9056.9000;47.7400;520.6500;2388.1300;8137.2600;8.5122;393.0000;-0.067190;0.748393;0.007230;Warning;WO346646;16,703.30
2026/07/03;ENG-052;189;2026-01-08 21:00:00;643.1500;1600.9600;1412.0500;553.1900;2388.1100;9122.6000;47.5500;521.2700;2388.0700;8192.0200;8.4645;395.0000;0.693034;0.818684;0.032596;Warning;WO695686;
2026-07-03;  ENG-057 ;109;2026-01-05 13:00:00;643.0000;1585.1600;1409.7600;552.9300;2388.0600;9050.1700;47.5300;521.6200;2388.0600;8130.3300;8.4787;392.0000;0.041516;0.098428;0.002364;Healthy;WO966267;2933.58
2026-07-03;ENG-074;113;2026-01-05 17:00:00;642.7900;1585.5800;1407.1200;553.3200;2388.0800;9061.4100;47.4400;521.1200;2388.1100;8138.7100;8.4403;393.0000;0.057182;-0.003207;0.001389;Healthy;WO168760;1,371.32
2026-07-03;ENG-041;119;2026-01-05 23:00:00;642.8000;1595.7400;1418.9600;552.9800;2388.1900;9034.3200;47.9200;520.7400;2388.1600;8113.0200;8.4270;395.0000;-0.165824;0.738966;0.004715;WARNING;WO822328;15181.70
03-Jul-2026;ENG-081;145;2026-01-07 01:00:00;641.9700;1588.1700;1405.7500;553.6600;2388.1500;9072.9000;47.5100;521.2200;2388.0900;8147.9900;8.3879;394.0000;0.073729;0.017894;0.001506;HEALTHY;WO871508;245.35
2026-07-03;ENG-093;181;2026-01-08 13:00:00;642.8800;1593.8500;1406.6300;553.9000;2388.1000;9069.1000;47.7400;520.8200;2388.1100;8141.0900;8.4734;394.0000;0.033826;0.299832;0.000628;Healthy;WO888109;1,128.49
2026-07-03;ENG-087;49;2026-01-03 01:00:00;642.7000;1583.5600;1397.8900;553.8000;2388.0900;9052.9300;47.3500;521.7000;2388.0200;8136.3500;8.4013;392.0000;0.010652;-0.809845;0.001036;Healthy;WO490405;871.28
2026/07/03;eng-077;135;2026-01-06 15:00:00;642.9400;1586.2000;1405.8400;554.1400;2388.1300;9045.4000;47.5200;520.6500;2388.1700;8127.5300;8.4763;395.0000;-0.048350;0.288613;0.005836;Healthy;WO790169;120.01
2026-07-03;ENG-075;84;2026-01-04 12:00:00;642.5100;1588.7400;1409.1100;552.8400;2388.0700;9053.6800;47.4100;522.1300;2388.0900;8141.1800;8.4552;391.0000;0.070023;-0.227276;0.002207;Healthy;WO962920;1,411.02
2026-07-03;ENG-028;153;2026-01-07 09:00:00;643.1400;1588.2900;1405.3000;553.0700;2388.1100;9049.2200;47.5000;521.1500;2388.0900;8136.6000;8.4244;391.0000;0.049764;-0.215433;0.001917;Healthy;WO927164;1,223.21
2026/07/03;ENG-082;116;2026-01-05 20:00:00;642.5400;1593.1900;1408.1400;552.9900;2388.0900;9069.8900;47.5100;521.7800;2388.0900;8143.5900;8.4251;393.0000;0.080996;-0.161578;0.001573;warning;WO401090;1,881.48
2026/07/03;ENG-100;138;2026-01-06 18:00:00;642.0600;1587.8100;1397.1800;553.3400;2387.9900;9073.3000;47.4500;522.0600;2388.0200;8154.0700;8.4197;394.0000;0.074323;-0.637814;0.004019;Healthy;WO571735;2942.98
2026/07/03;ENG-016;97;2026-01-05 01:00:00;642.2600;1589.1400;1404.1400;554.7500;2388.0300;9058.2000;47.1900;521.7100;2388.0600;8137.9100;8.3891;392.0000;-0.009577;-0.877548;0.005762;Healthy;WO825061;202.20
2026-07-03;ENG-091;177;2026-01-08 09:00:00;643.2000;1592.6500;1414.8100;552.1300;2388.1900;9052.8000;47.7400;520.8800;2388.1500;8129.1100;8.4499;395.0000;-0.194008;0.857248;0.002826;Warning;WO602521;20105.46
03-Jul-2026;  ENG-094 ;132;2026-01-06 12:00:00;642.7900;1601.2400;1411.5200;552.7800;2388.1200;9065.1200;47.7300;521.1000;2388.1100;8131.3300;8.4422;394.0000;0.003307;0.564739;0.001119;Warning;WO249508;12665.83
2026-07-03;ENG-029;134;2026-01-06 14:00:00;642.4700;1589.9800;1396.4000;554.1900;2388.0400;9056.7300;47.3400;521.7500;2388.0700;8137.3900;8.4291;393.0000;0.029222;-0.607313;0.002800;healthy;WO817169;77.33
2026/07/03;ENG-030;127;2026-01-06 07:00:00;642.3100;1593.6800;1420.6700;553.5700;2388.1700;9053.6200;47.6100;521.3700;2388.1700;8126.0900;8.4326;394.0000;-0.047606;0.416586;0.003725;Healthy;WO457733;718.25
2026-07-03;ENG-058;159;2026-01-07 15:00:00;642.1600;1590.2500;1416.9700;552.6700;2388.1500;9045.2200;47.5200;521.7800;2388.1600;8135.1100;8.4467;392.0000;0.022398;0.107519;0.002570;Healthy;WO776665;1055.86
2026/07/03;ENG-090;114;2026-01-05 18:00:00;642.7700;1593.4700;1410.0600;553.1000;2388.1100;9060.5500;47.6900;521.6300;2388.1000;8145.4100;8.4397;394.0000;0.056423;0.262336;0.003452;Healthy;WO164971;2166.61
03-Jul-2026;  ENG-053 ;152;2026-01-07 08:00:00;642.4900;1595.8200;1412.4700;552.9000;2388.0400;9097.3500;47.6800;521.3700;2388.0700;8169.0900;8.4937;395.0000;0.292776;0.427036;0.009833;warning;WO387360;9331.19
03-Jul-2026;ENG-028;121;2026-01-06 01:00:00;642.8300;1585.4200;1401.2600;553.2700;2388.1300;9058.0300;47.4800;521.4500;2388.1200;8132.0300;8.4285;392.0000;0.042823;-0.137068;0.001493;Healthy;WO251251;2,983.78
03-Jul-2026;ENG-043;135;2026-01-06 15:00:00;642.1500;1590.4000;1410.3000;553.2900;2388.1300;9053.5000;47.5700;521.6000;2388.1900;8128.1100;8.3986;392.0000;0.033316;-0.111046;0.001835;healthy;WO898117;578.48
2026-07-03;ENG-062;229;2026-01-10 13:00:00;642.9100;1591.9200;1413.0300;553.6700;2388.0500;9092.7900;47.4800;521.5400;2388.0500;8165.7600;8.4484;394.0000;0.181411;0.164707;0.015478;Warning;WO693977;23845.52
03-Jul-2026;ENG-020;156;2026-01-07 12:00:00;642.9500;1594.2800;1414.1600;551.9600;2388.1500;9068.4400;47.7600;520.4500;2388.1700;8144.4400;8.4850;395.0000;-0.030511;0.806277;0.003444;warning;WO120620;17,000.92
2026-07-03;ENG-020;169;2026-01-08 01:00:00;642.5500;1593.4300;1423.5500;552.1400;2388.1700;9062.9400;47.8200;520.5600;2388.1500;8139.3800;8.5198;395.0000;-0.134052;1.083904;0.008178;Warning;WO639433;22602.34
2026/07/03;eng-081;178;2026-01-08 10:00:00;642.7600;1586.9900;1412.8200;552.3100;2388.1300;9071.8600;47.6500;520.9100;2388.1200;8154.7500;8.4507;394.0000;0.048289;0.459061;0.002072;Warning;WO806709;15279.99
2026-07-03;ENG-055;91;2026-01-04 19:00:00;642.2700;1586.0100;1406.2800;554.8100;2388.0400;9056.9400;47.3500;521.9100;2388.0500;8136.3200;8.4630;392.0000;0.030781;-0.552851;0.003440;healthy;WO482125;2428.77
2026-07-03;ENG-091;213;2026-01-09 21:00:00;642.8200;1592.2600;1418.0200;552.0200;2388.2300;9043.1200;47.9600;520.6300;2388.2500;8124.6800;8.4552;394.0000;-0.298050;0.928454;0.005253;Warning;WO647009;24,920.11
2026/07/03;ENG-040;111;2026-01-05 15:00:00;642.6400;1600.3200;1411.9900;553.0600;2388.1300;9062.1500;47.7300;520.4400;2388.1600;8146.6500;8.4955;395.0000;0.012599;0.778803;0.006277;Warning;WO105022;22923.43
2026-07-03;ENG-046;116;2026-01-05 20:00:00;642.4100;1584.1200;1401.3800;554.0300;2388.0800;9075.2000;47.7100;520.8300;2388.0900;8151.1500;8.4542;391.0000;0.076335;-0.156428;0.001106;Healthy;WO291680;773.51
2026/07/03;ENG-053;131;2026-01-06 11:00:00;643.0200;1590.0200;1404.1200;553.6600;2388.0800;9077.1600;47.4600;522.2300;2388.0300;8156.3900;8.4458;392.0000;0.096527;-0.282854;0.003543;Healthy;WO192604;2,859.82
03-Jul-2026;eng-010;175;2026-01-08 07:00:00;642.8800;1589.1400;1406.5400;554.2000;2388.0800;9061.3500;47.4100;521.2300;2388.0700;8144.6300;8.4127;394.0000;0.059241;-0.136456;0.001745;healthy;WO411184;1719.92
03-Jul-2026;eng-079;95;2026-01-04 23:00:00;642.1100;1588.3500;1402.8900;553.2800;2388.0900;9047.9300;47.3900;521.3800;2388.1100;8124.0100;8.4415;392.0000;0.027785;-0.179861;0.001215;Healthy;WO834722;2024.25
03-Jul-2026;ENG-070;148;2026-01-07 04:00:00;642.4600;1587.5400;1407.9700;553.5200;2388.1200;9054.5100;47.5000;521.7700;2388.1200;8135.0600;8.4512;393.0000;0.045293;-0.043690;0.001532;Healthy;WO167142;2203.43
03-Jul-2026;eng-035;186;2026-01-08 18:00:00;643.3400;1595.6000;1425.6600;552.3000;2388.2000;9074.9600;47.9400;520.4700;2388.1900;8143.4800;8.4832;396.0000;-0.277883;1.445206;0.035187;Warning;WO279996;4525.88
2026-07-03;ENG-064;118;2026-01-05 22:00:00;642.5300;1590.3300;1402.8500;553.5300;2388.0500;9051.6600;47.4200;521.7300;2388.1200;8136.6600;8.4087;393.0000;0.033671;-0.464056;0.002218;Healthy;WO753356;518.62
2026-07-03;  ENG-075 ;85;2026-01-04 13:00:00;641.9700;1585.4900;1410.0200;553.6700;2388.1000;9052.9600;47.2900;522.0500;2388.0600;8141.4200;8.4376;394.0000;0.042455;-0.431298;;Healthy;WO931970;2,365.59
2026-07-03;eng-010;133;2026-01-06 13:00:00;641.9700;1582.9800;1404.5700;554.0800;2388.0400;9064.8000;47.2900;522.2900;2388.0400;8141.4500;8.4343;394.0000;0.041143;-0.653291;0.000669;Healthy;WO157747;2595.90
2026-07-03;  ENG-035 ;139;2026-01-06 19:00:00;642.8900;1596.4800;1403.7600;552.9000;2388.1400;9061.6600;47.5000;520.7600;2388.1700;8142.1100;8.4422;394.0000;0.018758;0.427707;0.002090;Healthy;WO111193;176.97
2026-07-03;ENG-023;98;2026-01-05 02:00:00;642.2900;1579.9100;1395.8800;554.5100;2388.0200;9047.8700;47.3700;522.4400;2388.0100;8131.8700;8.4371;392.0000;0.037429;-1.007245;0.001827;healthy;WO425956;2455.34
2026/07/03;ENG-063;141;2026-01-06 21:00:00;642.5200;1594.2700;1414.9800;552.4300;2388.1400;9051.9700;47.6000;521.3000;2388.1100;8131.9000;8.4181;395.0000;0.008849;0.305606;0.000819;Healthy;WO789863;1,806.40
2026-07-03;eng-095;82;2026-01-04 10:00:00;641.9400;1585.2600;1402.5000;553.6500;2388.0200;9051.3600;47.4000;521.7800;2388.0700;8134.8700;8.4080;392.0000;0.016934;-0.773793;0.000598;Healthy;WO198891;2,217.93
2026/07/03;ENG-092;112;2026-01-05 16:00:00;643.4000;1599.1100;1424.3100;553.1100;2388.1800;9042.6000;47.5800;520.8600;2388.1600;8129.1000;8.4787;393.0000;-0.079794;0.816670;0.002303;Healthy;WO976371;1094.47
2026/07/03;ENG-081;187;2026-01-08 19:00:00;643.0600;1590.9000;1419.9100;552.5000;2388.1000;9066.9000;47.8600;521.1000;2388.1100;8145.5300;8.4800;393.0000;0.028939;0.710889;0.013144;Warning;WO920072;2145.62
2026/07/03;ENG-093;185;2026-01-08 17:00:00;642.8100;1592.5900;1410.1000;552.8800;2388.1800;9064.7000;47.7700;521.0100;2388.0900;8146.2800;8.4583;393.0000;0.012330;0.539033;0.000810;healthy;WO589554;751.93
03-Jul-2026;  ENG-063 ;154;2026-01-07 10:00:00;642.5900;1593.6100;1409.9600;552.6400;2388.1400;9054.8300;47.6200;521.0900;2388.1700;8123.8100;8.4388;394.0000;-0.018169;0.353372;0.002190;Healthy;WO758908;1467.00
2026/07/03;ENG-072;103;2026-01-05 07:00:00;642.3000;1593.4900;1402.5700;553.6800;2388.0500;9071.2400;47.4600;522.1400;2388.0600;8144.1500;8.4291;392.0000;0.067719;-0.520056;0.003431;Warning;WO105825;8953.23
2026-07-03;ENG-010;180;2026-01-08 12:00:00;642.8500;1584.5600;1402.7900;553.3400;2388.0700;9064.1700;47.5600;521.7600;2388.0700;8140.3200;8.4424;393.0000;0.067631;-0.208236;0.002090;Healthy;WO435950;2677.35
2026/07/03;ENG-062;165;2026-01-07 21:00:00;642.2500;1589.1400;1398.6700;554.1300;2387.9800;9058.9000;47.3000;522.0900;2388.0300;8143.0400;8.4173;392.0000;0.028532;-2.641413;0.003088;Healthy;WO942321;2,229.85
2026-07-03;ENG-062;196;2026-01-09 04:00:00;642.4900;1589.1000;1399.5400;553.9700;2388.0500;9075.0900;47.4000;521.9000;2388.0100;8153.7300;8.4442;394.0000;0.077410;-0.568083;0.002629;Healthy;WO979378;325.55
2026/07/03;ENG-058;176;2026-01-08 08:00:00;643.0100;1596.7200;1418.4200;553.0700;2388.2400;9058.1200;47.7800;521.2000;2388.2000;8128.8200;8.4970;392.0000;-0.107689;0.874037;0.003790;Warning;WO522599;5183.72
03-Jul-2026;ENG-098;119;2026-01-05 23:00:00;643.0700;1587.5800;1413.5800;553.2900;2388.1000;9066.0600;47.7000;521.0000;2388.1200;8140.7500;8.4635;395.0000;0.012754;0.451639;0.002460;Healthy;WO134886;2535.81
03-Jul-2026;ENG-047;71;2026-01-03 23:00:00;642.8700;1587.9200;1407.3500;553.6300;2388.1400;9041.7200;47.6000;520.9800;2388.2100;8119.3700;8.4604;393.0000;-0.048469;0.211103;0.007455;HEALTHY;WO212138;1,290.20
2026/07/03;ENG-060;113;2026-01-05 17:00:00;642.5400;1592.1100;1406.8300;554.1600;2388.1000;9050.6400;47.5800;521.1100;2388.0600;8136.3200;8.4265;393.0000;0.036429;-0.053458;0.001813;Healthy;WO771994;2072.32
03-Jul-2026;ENG-057;148;2026-01-07 04:00:00;642.6800;1589.3700;1409.5400;553.2200;2388.0900;9049.1500;47.7000;521.2300;2388.1500;8129.2200;8.4250;392.0000;0.017274;0.110234;0.004110;Healthy;WO265819;548.99
2026/07/03;ENG-086;107;2026-01-05 11:00:00;642.6100;1586.4100;1404.2700;553.5800;2388.0900;9062.8000;47.4200;521.5400;2388.0500;8145.6800;8.4643;391.0000;0.066801;-0.229966;0.001476;Healthy;WO567723;1,982.47
2026/07/03;ENG-077;145;2026-01-07 01:00:00;643.5000;1598.5000;1414.1300;552.6200;2388.1800;9055.0900;47.7400;521.1800;2388.1200;8130.9000;8.4469;393.0000;-0.021164;0.632059;0.004765;Healthy;WO336106;2562.33
2026/07/03;ENG-006;100;2026-01-05 04:00:00;642.8000;1583.2600;1413.5000;553.0900;2388.1000;9048.8300;47.6000;521.1700;2388.1500;8132.4700;8.4199;393.0000;0.009032;0.124324;0.001064;Healthy;WO524279;2,721.27
2026-07-03;  ENG-076 ;190;2026-01-08 22:00:00;642.7300;1594.7200;1418.9800;553.1200;2388.1400;9099.9200;47.7500;520.6900;2388.1400;8164.4100;8.4968;395.0000;0.301822;0.881503;0.011089;WARNING;WO634480;19344.16
2026-07-03;  ENG-073 ;84;2026-01-04 12:00:00;642.3900;1587.2700;1399.1500;553.7400;2388.0400;9055.7200;47.1600;522.1400;2388.0300;8129.7300;8.4341;392.0000;0.021190;-0.779907;0.001922;Healthy;WO504175;1,939.17
2026-07-03;ENG-098;105;2026-01-05 09:00:00;642.0100;1587.9400;1410.5300;553.4700;2388.0500;9065.6600;47.4000;521.5300;2388.0400;8140.0100;8.4430;392.0000;0.068735;-0.257159;0.001817;Healthy;WO956231;1,709.24
2026-07-03;ENG-031;181;2026-01-08 13:00:00;643.5600;1590.4100;1422.3900;552.5000;2388.1400;9082.7200;48.0300;520.8300;2388.1600;8154.6700;8.4948;394.0000;0.072155;1.084358;0.011970;Warning;WO923643;15440.42
2026/07/03;ENG-078;50;2026-01-03 02:00:00;641.9500;1581.5500;1396.0100;554.2800;2387.9400;9061.8400;47.0600;522.8200;2387.9600;8139.4200;8.3657;391.0000;0.048267;-2.558597;0.018974;Healthy;WO992121;1366.39
2026-07-03;ENG-010;135;2026-01-06 15:00:00;642.5300;1587.6000;1395.3100;554.5700;2388.0800;9061.8200;47.2400;522.0700;2388.0400;8145.4500;8.4328;393.0000;0.031903;-0.708046;0.001381;Healthy;WO810549;1018.40
2026/07/03;ENG-027;127;2026-01-06 07:00:00;642.2500;1584.7000;1401.3700;553.7400;2388.1000;9052.4600;47.5600;521.1200;2388.0400;8131.5100;8.4616;393.0000;0.038987;-0.110894;0.001177;Warning;WO230234;24,449.23
2026-07-03;ENG-016;94;2026-01-04 22:00:00;642.7700;1587.6800;1406.8400;553.7500;2388.0500;9055.9300;47.3800;521.7200;2388.0300;8147.0900;8.4198;393.0000;0.057174;-0.395516;;Healthy;WO447993;2,867.26
03-Jul-2026;ENG-056;122;2026-01-06 02:00:00;643.0400;1599.4700;1422.1500;552.0000;2388.1800;9049.4000;47.8900;519.9000;2388.2300;8123.5500;8.5002;395.0000;-0.493233;1.232946;0.008450;Warning;WO295948;12346.15
2026-07-03;  ENG-063 ;128;2026-01-06 08:00:00;642.5200;1592.6100;1418.9200;553.0000;2388.0700;9044.9600;47.6800;521.3300;2388.1300;8124.6800;8.4422;394.0000;-0.008344;0.219924;0.003161;healthy;WO459638;1155.20
2026-07-03;ENG-044;52;2026-01-03 04:00:00;642.4400;1587.5600;1403.3100;553.8500;2388.1300;9054.3300;47.4100;521.8600;2388.0900;8138.6300;8.4287;394.0000;0.042630;-0.248932;0.001416;healthy;WO827233;1170.27
2026/07/03;  ENG-007 ;154;2026-01-07 10:00:00;642.0700;1584.3500;1399.3300;554.1300;2388.0100;9073.3800;47.6000;522.6800;2388.0200;8144.0800;8.4136;394.0000;0.060645;-0.822188;0.001269;Healthy;WO232249;1,389.51
2026/07/03;ENG-068;184;2026-01-08 16:00:00;643.8900;1602.4000;1424.5200;551.3700;2388.2300;9080.0700;47.9000;519.9500;2388.1600;8162.6900;8.5252;397.0000;-0.299314;1.746492;0.028663;Warning;WO819746;24937.14
03-Jul-2026;ENG-031;156;2026-01-07 12:00:00;642.9700;1593.2700;1408.8400;553.0500;2388.0800;9077.6800;47.7000;521.3900;2388.0800;8150.1100;8.4335;393.0000;0.107475;0.217903;0.001240;WARNING;WO867282;20060.09
03-Jul-2026;ENG-025;48;2026-01-03 00:00:00;642.9200;1584.0800;1403.1000;553.5500;2388.0800;9046.2000;47.3800;521.7500;2388.0700;8132.1800;8.4422;394.0000;0.031261;-0.320857;0.001332;Healthy;WO856400;790.52
03-Jul-2026;  ENG-049 ;217;2026-01-10 01:00:00;642.4300;1591.3900;1405.6700;554.3300;2388.0300;9059.8300;47.4800;521.3000;2388.0500;8137.4600;8.4255;393.0000;0.056113;-0.241633;0.001749;Warning;WO523239;23264.63
03-Jul-2026;ENG-034;151;2026-01-07 07:00:00;642.9300;1595.7700;1408.5500;553.5600;2388.0800;9061.8800;47.4400;520.9300;2388.0900;8145.9300;8.4359;392.0000;0.068349;0.113530;0.003664;warning;WO915904;23031.14
2026-07-03;ENG-034;150;2026-01-07 06:00:00;642.5200;1590.6000;1408.9100;553.9400;2388.1700;9056.5600;47.6400;521.1900;2388.0900;8135.4800;8.4156;393.0000;0.010998;0.131846;0.000619;healthy;WO623383;287.05
03-Jul-2026;ENG-054;92;2026-01-04 20:00:00;642.5000;1587.1700;1402.8800;555.1600;2388.0700;9059.8400;47.1600;521.9200;2388.0300;8138.6500;8.3700;392.0000;0.001648;-1.003071;0.001381;Healthy;WO313093;952.03
2026-07-03;eng-030;142;2026-01-06 22:00:00;642.5600;1597.4500;1416.6500;553.7200;2388.1500;9049.6400;47.4500;521.0200;2388.1300;8130.5400;8.4902;394.0000;-0.032612;0.427376;0.001029;Healthy;WO973685;2151.93
03-Jul-2026;ENG-079;73;2026-01-04 01:00:00;642.6700;1589.5700;1397.9800;553.4500;2388.1100;9050.3600;47.3200;521.5600;2388.0600;8130.2200;8.4462;392.0000;0.031018;-0.361155;0.001125;Healthy;WO832935;1,800.22
2026/07/03;ENG-054;102;2026-01-05 06:00:00;641.8900;1585.1000;1409.2700;554.6700;2387.9800;9061.0000;47.1700;522.3600;2388.0400;8143.3200;8.4408;392.0000;0.020547;-1.017846;0.002417;Healthy;WO499920;576.20
2026-07-03;  ENG-063 ;138;2026-01-06 18:00:00;642.4600;1591.5000;1412.7300;552.7200;2388.1500;9043.9000;47.5900;521.5200;2388.1500;8134.0800;8.4392;394.0000;-0.008954;0.290355;0.001493;Healthy;WO786751;1,495.03
03-Jul-2026;  ENG-088 ;66;2026-01-03 18:00:00;642.5200;1581.0900;1413.5900;553.4400;2388.1400;9042.0900;47.5700;521.0500;2388.1100;8124.6700;8.4488;393.0000;-0.019589;0.000345;0.004780;Healthy;WO984562;
03-Jul-2026;ENG-081;160;2026-01-07 16:00:00;643.0500;1584.3100;1416.5000;553.4600;2388.0300;9077.2100;47.5600;521.5000;2388.1400;8149.8300;8.4271;392.0000;0.088861;-0.048776;0.001263;Healthy;WO753143;468.62
2026/07/03;ENG-081;156;2026-01-07 12:00:00;642.5400;1596.9300;1407.1100;552.9600;2388.0700;9071.6600;47.6000;521.1300;2388.1300;8144.0400;8.4534;396.0000;0.056295;0.428107;0.002139;Healthy;WO664894;1,818.39
03-Jul-2026;ENG-028;132;2026-01-06 12:00:00;642.5800;1589.8200;1406.7700;553.2800;2388.0500;9051.5600;47.7100;521.5200;2388.1200;8131.6800;8.3835;393.0000;0.056011;-0.075790;0.001059;HEALTHY;WO101449;2,022.86
03-Jul-2026;ENG-031;143;2026-01-06 23:00:00;642.5900;1592.7200;1405.0700;553.0400;2388.0500;9069.9600;47.6300;521.2600;2388.0300;8145.4600;8.4624;392.0000;0.108163;0.021921;0.004236;Healthy;WO640600;1485.36
2026/07/03;eng-065;63;2026-01-03 15:00:00;641.7500;1584.6300;1396.4700;554.8800;2388.0800;9071.4300;47.1700;521.6300;2387.9900;8145.4500;8.3980;391.0000;-0.012124;-2.604963;;Healthy;WO313191;1,139.31
03-Jul-2026;ENG-031;193;2026-01-09 01:00:00;643.7200;1597.0900;1429.8900;551.5300;2388.2000;9085.7900;48.0200;519.8300;2388.2000;8157.2100;8.4807;396.0000;-0.290881;1.671996;0.039818;Warning;WO516524;
03-Jul-2026;ENG-018;111;2026-01-05 15:00:00;642.3900;1585.8900;1400.1800;553.0200;2388.0600;9061.1800;47.4900;521.5700;2388.0900;8140.5400;8.4576;392.0000;0.057722;-0.453134;0.001700;Healthy;WO461649;249.06
2026-07-03;ENG-030;137;2026-01-06 17:00:00;642.1400;1587.9700;1409.2500;553.0200;2388.1700;9061.5000;47.6900;521.3900;2388.1900;8128.2100;8.4531;393.0000;0.000540;0.277525;0.001018;Healthy;WO588389;1801.90
2026-07-03;ENG-035;191;2026-01-08 23:00:00;643.2000;1598.5900;1417.9400;551.5400;2388.2400;9078.1400;47.9800;520.5800;2388.1700;8145.4700;8.5008;396.0000;-0.209762;1.288435;0.021050;Warning;WO742482;12675.96
2026/07/03;ENG-066;114;2026-01-05 18:00:00;642.9700;1590.1100;1415.7000;552.6300;2388.1400;9081.6000;47.6900;520.8100;2388.0900;8160.9000;8.4891;395.0000;0.144394;0.647707;0.008331;Warning;WO205910;23239.13
2026-07-03;ENG-061;146;2026-01-07 02:00:00;642.6800;1587.8300;1408.6000;552.2100;2388.0800;9069.1900;47.7600;520.6700;2388.0500;8145.8200;8.4705;393.0000;0.064999;0.308874;;Healthy;WO213620;1,862.61
2026/07/03;  ENG-082 ;120;2026-01-06 00:00:00;642.6500;1589.1900;1405.4400;553.9300;2388.1200;9059.9700;47.4900;521.3400;2388.1100;8141.1400;8.4568;393.0000;0.055840;-0.114494;0.001716;Healthy;WO762323;1,438.98
2026/07/03;eng-065;62;2026-01-03 14:00:00;642.4600;1594.1100;1390.1000;554.3400;2388.0200;9062.8500;47.2000;522.4800;2388.0300;8148.2600;8.4307;391.0000;0.068519;-1.072486;0.001424;Healthy;WO920069;1702.22
2026/07/03;ENG-084;125;2026-01-06 05:00:00;642.1400;1593.2500;1407.6000;553.2200;2388.1600;9056.5900;47.5700;521.6500;2388.1200;8133.7300;8.4267;393.0000;0.061462;-0.119115;0.000106;Healthy;WO422834;2,469.97
2026-07-03;ENG-036;118;2026-01-05 22:00:00;643.4700;1594.2300;1424.4200;552.6900;2388.2100;9055.0700;47.9600;520.7500;2388.1600;8133.7700;8.4829;394.0000;-0.236223;1.081431;0.011693;Warning;WO478915;6,561.33
03-Jul-2026;  ENG-012 ;147;2026-01-07 03:00:00;642.2100;1589.9900;1403.8800;553.7800;2388.0300;9059.9900;47.3000;522.0400;2388.0200;8140.9600;8.4158;392.0000;0.035657;-0.767974;0.001582;Healthy;WO479309;1528.37
03-Jul-2026;  ENG-099 ;73;2026-01-04 01:00:00;642.3900;1583.8300;1402.1300;554.4300;2387.9600;9067.6400;47.3600;522.5300;2387.9500;8148.6000;8.4421;391.0000;0.075071;-1.054884;0.003654;Healthy;WO211904;924.34
03-Jul-2026;ENG-035;197;2026-01-09 05:00:00;643.3900;1596.3700;1427.9300;552.0600;2388.2300;9085.8000;48.2600;520.5300;2388.1800;8159.3100;8.5375;394.0000;-0.239796;1.703153;0.030711;Warning;WO216828;4,824.66
2026/07/03;ENG-065;69;2026-01-03 21:00:00;641.4400;1585.7000;1400.8300;554.3600;2387.9500;9067.6100;47.3900;522.0700;2388.0100;8154.8700;8.3888;390.0000;0.065585;-1.154167;;Healthy;WO202124;1385.20
2026-07-03;ENG-012;194;2026-01-09 02:00:00;642.6600;1583.9000;1409.1700;554.0000;2388.0500;9061.0700;47.5000;521.9500;2388.0700;8147.6900;8.4223;393.0000;0.056307;-0.331752;0.000859;Healthy;WO308959;2,140.62
03-Jul-2026;ENG-013;162;2026-01-07 18:00:00;642.4600;1592.4000;1407.5600;553.3800;2388.0200;9063.8100;47.3700;522.1400;2388.0300;8138.7400;8.4065;392.0000;0.066753;-0.492546;0.003695;Healthy;WO571134;286.77
03-Jul-2026;ENG-061;122;2026-01-06 02:00:00;642.4100;1592.4200;1402.4100;552.6100;2388.0400;9072.4700;47.5900;521.5600;2388.0300;8143.6800;8.4570;393.0000;0.106246;-0.056089;0.001761;Healthy;WO447589;2115.60
03-Jul-2026;  ENG-060 ;101;2026-01-05 05:00:00;642.6900;1589.4700;1409.9400;553.8000;2388.1000;9049.1000;47.3800;521.5400;2388.1600;8132.4500;8.4420;393.0000;0.031389;-0.065212;0.002641;healthy;WO206633;2169.47
2026-07-03;ENG-064;137;2026-01-06 17:00:00;643.1100;1590.7200;1404.4000;553.2200;2388.1500;9054.7300;47.4400;520.9700;2388.1000;8132.7300;8.4546;393.0000;0.018112;0.156247;0.000712;Healthy;WO834015;2,369.40
2026-07-03;eng-060;139;2026-01-06 19:00:00;643.4200;1588.1700;1412.0600;553.5700;2388.1500;9050.6600;47.4500;521.2800;2388.0900;8128.0900;8.4320;394.0000;-0.009876;0.244908;0.003302;Warning;WO387493;6356.17
2026-07-03;  ENG-015 ;52;2026-01-03 04:00:00;642.1000;1579.4100;1403.0300;554.1400;2388.0300;9056.3700;47.1400;522.0500;2388.0300;8138.8700;8.4393;392.0000;0.020632;-0.917891;0.001811;HEALTHY;WO641130;1588.17
03-Jul-2026;  ENG-048 ;56;2026-01-03 08:00:00;642.5000;1588.6800;1410.9500;553.7800;2388.0700;9057.9000;47.3500;521.3800;2388.0600;8134.1400;8.4301;392.0000;0.037904;-0.359749;0.001315;Healthy;WO168525;610.64
03-Jul-2026;eng-056;93;2026-01-04 21:00:00;642.1300;1594.3500;1422.3300;552.6400;2388.1600;9039.8300;47.5000;521.2800;2388.1700;8126.4600;8.4499;395.0000;-0.049410;0.376883;0.003705;Healthy;WO851870;354.69
03-Jul-2026;  ENG-091 ;229;2026-01-10 13:00:00;643.6700;1591.8900;1423.1400;551.9400;2388.1600;9044.0200;47.9400;520.1600;2388.2400;8129.4500;8.4987;395.0000;-0.547120;1.324864;0.003588;Warning;WO419730;1681.43
2026-07-03;  ENG-100 ;149;2026-01-07 05:00:00;642.2200;1591.3400;1406.0500;553.5900;2387.9900;9082.7700;47.4100;521.8500;2387.9900;8161.2800;8.4209;391.0000;0.093716;-0.683695;0.004211;Warning;WO215230;16,023.20
2026/07/03;eng-033;37;2026-01-02 13:00:00;642.6800;1591.9700;1414.6500;553.3600;2388.0800;9057.3900;47.7800;521.3800;2388.1000;8134.1000;8.4625;394.0000;0.026703;0.265756;0.001663;Warning;WO202830;24371.87
03-Jul-2026;ENG-011;82;2026-01-04 10:00:00;643.2900;1601.3900;1408.1400;553.7700;2388.2200;9032.0900;47.6100;520.9500;2388.1200;8116.5400;8.4364;394.0000;-0.079943;0.414773;0.008410;Warning;WO651295;16707.40
03-Jul-2026;  ENG-041 ;85;2026-01-04 13:00:00;642.1400;1583.7400;1402.3700;553.3600;2388.0500;9049.1600;47.7200;521.6900;2388.0700;8125.8700;8.4509;393.0000;-0.080744;-2.517277;0.031227;Healthy;WO867433;2,077.11
2026-07-03;ENG-072;110;2026-01-05 14:00:00;642.4100;1587.2200;1398.8300;554.0700;2388.0600;9063.6800;47.5700;521.2300;2388.0700;8148.4000;8.4198;390.0000;0.040304;-0.691856;0.000598;Healthy;WO778741;1,100.74
2026-07-03;ENG-013;188;2026-01-08 20:00:00;642.6900;1592.7800;1398.9100;553.2500;2388.0000;9066.1600;47.4500;521.9200;2388.0900;8140.0000;8.4660;394.0000;0.074030;-0.383935;0.003243;Warning;WO824782;6,691.40
03-Jul-2026;ENG-013;178;2026-01-08 10:00:00;642.3300;1590.2000;1403.4500;553.8700;2388.0500;9060.8000;47.4100;521.1600;2388.0500;8141.9200;8.4240;393.0000;0.047109;-0.397891;0.001794;Healthy;WO922609;2,314.26
2026-07-03;  ENG-058 ;121;2026-01-06 01:00:00;642.4900;1588.0100;1403.3600;553.3300;2388.0400;9054.0200;47.4000;521.5200;2388.0500;8130.1100;8.4186;392.0000;0.055534;-0.190201;0.001687;HEALTHY;WO589836;2,608.41
2026-07-03;ENG-055;109;2026-01-05 13:00:00;642.5200;1592.7600;1400.6900;553.9300;2388.0500;9056.8400;47.2500;522.5100;2388.0900;8142.5200;8.3962;392.0000;0.023829;-0.803712;0.001968;Healthy;WO682952;1,160.15
03-Jul-2026;ENG-028;131;2026-01-06 11:00:00;642.7700;1587.6300;1405.3500;553.2400;2388.0800;9053.2300;47.4600;522.0700;2388.1200;8131.9400;8.4414;393.0000;0.048576;-0.220971;0.001604;Healthy;WO511837;2711.60
2026-07-03;ENG-028;119;2026-01-05 23:00:00;642.6900;1583.7800;1415.3700;553.7400;2388.1300;9050.6100;47.5100;521.4700;2388.1300;8133.2600;8.3892;394.0000;0.011650;-0.040714;0.001310;Healthy;WO847257;1,666.53
2026-07-03;ENG-062;171;2026-01-08 03:00:00;642.3300;1593.6600;1406.6800;554.8500;2388.0600;9059.2900;47.3700;521.8900;2388.0200;8146.6900;8.4124;393.0000;0.048007;-0.508319;0.001726;Healthy;WO104420;
03-Jul-2026;  ENG-064 ;165;2026-01-07 21:00:00;643.5000;1589.0400;1416.9300;552.8000;2388.2100;9054.5400;47.7500;520.9000;2388.2500;8141.3500;8.5205;394.0000;-0.231277;1.037938;0.007682;Warning;WO310159;4,199.00
03-Jul-2026;ENG-062;182;2026-01-08 14:00:00;642.4800;1583.4400;1401.3900;554.0400;2388.0500;9070.4900;47.2100;522.2500;2388.0500;8151.5000;8.4193;393.0000;0.048314;-0.762196;0.002170;Healthy;WO902764;
2026/07/03;  ENG-046 ;142;2026-01-06 22:00:00;643.3500;1594.5500;1408.6700;552.6700;2388.0400;9082.1900;47.5400;520.4700;2388.0900;8157.3700;8.4607;394.0000;0.175178;0.569269;0.009122;Warning;WO734841;10810.21
2026-07-03;  ENG-036 ;111;2026-01-05 15:00:00;643.3700;1600.6200;1420.9100;551.5400;2388.2100;9064.7800;47.6400;520.7000;2388.1500;8139.4000;8.4527;394.0000;-0.053603;0.864217;0.011880;Healthy;WO601350;
03-Jul-2026;ENG-005;90;2026-01-04 18:00:00;642.6000;1586.6500;1414.1500;553.9000;2388.0900;9051.0800;47.5000;521.2600;2388.1100;8133.4300;8.4580;395.0000;-0.000457;0.187994;0.000400;Healthy;WO101978;1,723.64
2026/07/03;  ENG-063 ;153;2026-01-07 09:00:00;642.9100;1594.9300;1408.5700;552.5700;2388.1400;9049.4100;47.6900;521.4100;2388.1500;8125.6700;8.4949;393.0000;-0.022219;0.490717;0.002451;warning;WO554083;23634.25
2026/07/03;ENG-005;96;2026-01-05 00:00:00;642.7100;1592.4400;1409.1300;553.6800;2388.1200;9054.1400;47.7500;520.9800;2388.1200;8129.4700;8.4485;393.0000;-0.000510;0.252830;0.000977;Healthy;WO131601;737.36
03-Jul-2026;ENG-038;102;2026-01-05 06:00:00;642.8800;1594.0900;1404.1600;552.6400;2388.1200;9065.1800;47.5700;520.9300;2388.0800;8143.6000;8.4386;396.0000;0.035692;0.506894;0.004564;warning;WO574531;11,458.35
2026-07-03;ENG-010;152;2026-01-07 08:00:00;642.1700;1593.0800;1406.4300;553.7200;2388.0700;9069.6200;47.2300;521.9700;2388.0900;8142.4300;8.4130;393.0000;0.045503;-0.563548;0.002496;Healthy;WO682754;2504.26
03-Jul-2026;ENG-045;108;2026-01-05 12:00:00;642.7100;1590.2000;1412.6300;552.7000;2388.0700;9060.2800;47.5700;521.6100;2388.1400;8141.6200;8.4359;393.0000;0.057223;0.234990;0.002608;Warning;WO481711;9837.45
2026-07-03;ENG-099;97;2026-01-05 01:00:00;642.0000;1585.0300;1397.9800;554.7500;2388.0100;9067.1600;47.2600;521.8200;2388.0200;8150.3800;8.4003;391.0000;0.036188;-1.057630;0.001245;Healthy;WO441437;412.78
2026/07/03;eng-052;139;2026-01-06 19:00:00;641.9300;1581.0900;1401.3300;554.1100;2388.0800;9073.1300;47.3000;522.0400;2388.0300;8153.7300;8.4208;394.0000;0.042037;-0.760662;0.003418;Healthy;WO960516;
2026/07/03;ENG-068;174;2026-01-08 06:00:00;643.0500;1598.9600;1426.7700;552.0700;2388.1900;9081.1300;48.1000;520.0100;2388.2300;8150.2600;8.4603;395.0000;-0.238991;1.437339;0.018047;Warning;WO650807;12,495.36
2026/07/03;  ENG-024 ;154;2026-01-07 10:00:00;642.9600;1589.1000;1407.1800;553.4800;2388.0500;9099.4400;47.3900;521.9400;2388.0800;8174.3600;8.4370;394.0000;0.134075;-0.190001;0.010537;warning;WO856279;15192.81
2026/07/03;ENG-059;68;2026-01-03 20:00:00;642.0500;1589.1400;1400.2300;554.6800;2388.0000;9054.4000;47.1200;522.3200;2388.0200;8134.3600;8.4033;394.0000;0.009077;-0.982072;0.000546;Healthy;WO805706;2,966.94
2026/07/03;ENG-037;99;2026-01-05 03:00:00;642.2300;1595.5000;1406.4800;554.1600;2388.1100;9051.8500;47.5100;521.7400;2388.0900;8128.0200;8.4690;393.0000;0.039530;-0.079555;0.003165;Healthy;WO244457;305.47
2026-07-03;ENG-052;180;2026-01-08 12:00:00;642.0300;1592.3200;1407.5800;552.8500;2388.0300;9098.4000;47.6100;521.6500;2388.0600;8176.8500;8.4360;394.0000;0.188921;-0.066082;0.023735;Warning;WO891690;1380.58
2026/07/03;ENG-057;144;2026-01-07 00:00:00;642.8500;1594.2400;1409.9000;553.3700;2388.1200;9049.7600;47.4500;520.9500;2388.0900;8128.0900;8.4360;393.0000;-0.006462;0.232355;0.000655;Healthy;WO410635;2542.78
03-Jul-2026;eng-003;103;2026-01-05 07:00:00;642.8000;1589.5200;1411.2500;553.7000;2388.1500;9058.6400;47.5300;521.2900;2388.1000;8131.7900;8.4557;395.0000;0.003374;0.264425;0.002105;Healthy;WO732933;2,128.00
2026-07-03;ENG-020;137;2026-01-06 17:00:00;642.3300;1590.2200;1406.7300;553.1600;2388.0900;9065.4400;47.6100;521.5100;2388.0900;8136.7800;8.4387;395.0000;0.055557;0.124638;0.003312;Healthy;WO888079;1,761.20
2026/07/03;ENG-089;121;2026-01-06 01:00:00;642.7400;1593.3100;1412.7900;553.4800;2388.1100;9047.5200;47.3600;521.8000;2388.1100;8126.4400;8.4271;392.0000;0.047394;-0.158708;0.001583;Healthy;WO443401;147.43
03-Jul-2026;  ENG-042 ;141;2026-01-06 21:00:00;643.0700;1591.1400;1412.9900;552.6900;2388.1100;9037.6300;47.8000;520.7600;2388.2000;8114.6900;8.5046;393.0000;-0.133956;0.686515;0.014076;Warning;WO789385;11,043.08
2026/07/03;eng-058;132;2026-01-06 12:00:00;642.6100;1590.3200;1407.4100;553.8600;2388.1100;9042.4600;47.6400;520.9300;2388.1400;8129.1900;8.4432;393.0000;-0.014494;0.142262;0.005136;healthy;WO806334;130.22
03-Jul-2026;ENG-091;178;2026-01-08 10:00:00;643.3200;1590.0100;1411.2400;552.6900;2388.1000;9050.2500;47.8600;520.6800;2388.1400;8127.2600;8.4357;394.0000;-0.037786;0.543824;0.004023;Healthy;WO844085;1995.54
2026-07-03;ENG-099;71;2026-01-03 23:00:00;641.9600;1586.9000;1395.5300;554.4700;2388.0200;9067.3000;47.1500;522.7700;2387.9400;8142.0500;8.4096;390.0000;0.087950;-1.291781;0.005371;Healthy;WO190091;417.34
2026/07/03;ENG-040;119;2026-01-05 23:00:00;642.5800;1596.5500;1413.0000;552.2800;2388.1500;9064.0100;47.8600;520.9200;2388.1400;8146.4300;8.4429;394.0000;0.006702;0.687319;0.004343;Warning;WO245610;19881.46
03-Jul-2026;ENG-006;103;2026-01-05 07:00:00;642.0000;1587.5900;1405.0600;553.1000;2388.1600;9052.9700;47.4300;521.5000;2388.0800;8127.5800;8.4504;393.0000;0.017495;-0.012289;0.001870;healthy;WO718527;929.89
2026-07-03;ENG-068;187;2026-01-08 19:00:00;643.2100;1602.0700;1427.2500;552.0000;2388.2000;9086.5900;48.0400;520.4700;2388.2200;8160.3200;8.4867;396.0000;-0.074688;1.427986;0.018302;Warning;WO471847;10,032.97
2026-07-03;  ENG-058 ;149;2026-01-07 05:00:00;642.8800;1590.8500;1409.6800;553.2100;2388.1300;9053.0400;47.7300;521.3500;2388.1800;8135.8200;8.4466;393.0000;0.024025;0.165842;0.002664;Healthy;WO395996;2654.32
2026-07-03;eng-034;153;2026-01-07 09:00:00;642.5900;1588.5600;1406.2200;553.2600;2388.0500;9051.1800;47.5000;521.4700;2388.0700;8136.9900;8.4098;393.0000;0.057091;-0.138884;0.001515;Healthy;WO865654;1044.66
03-Jul-2026;ENG-003;125;2026-01-06 05:00:00;643.2400;1588.6400;1412.6000;553.1000;2388.1900;9048.1200;47.6200;520.1300;2388.2100;8128.0200;8.4608;394.0000;-0.159553;0.731986;;Warning;WO306228;4474.72
2026/07/03;ENG-094;118;2026-01-05 22:00:00;642.8400;1587.2400;1409.9300;552.7100;2388.1100;9056.9600;47.7500;520.6400;2388.1600;8135.0200;8.4500;393.0000;-0.011269;0.409143;0.001980;Healthy;WO314161;2599.89
2026/07/03;ENG-038;121;2026-01-06 01:00:00;643.1800;1594.3900;1414.7000;552.6000;2388.1600;9075.3700;47.7900;521.0800;2388.1100;8158.0500;8.4635;394.0000;0.068700;0.649992;0.001402;Warning;WO345646;18289.02
2026/07/03;eng-020;151;2026-01-07 07:00:00;642.7000;1589.7100;1405.9000;552.9700;2388.1200;9069.1200;47.5400;521.0000;2388.1300;8149.8800;8.4696;394.0000;0.069569;0.223219;0.002251;Warning;WO871955;13,206.38
03-Jul-2026;  ENG-027 ;101;2026-01-05 05:00:00;642.3900;1582.5200;1401.6600;554.6100;2388.0000;9048.5700;47.3200;522.2700;2388.0500;8137.0200;8.3958;390.0000;0.013555;-2.626011;0.001196;healthy;WO356012;2609.03
2026/07/03;ENG-003;112;2026-01-05 16:00:00;643.3500;1592.6100;1416.7500;552.7700;2388.1200;9057.8000;47.6600;520.6500;2388.1400;8122.2600;8.4778;393.0000;-0.047451;0.602502;0.005988;WARNING;WO554819;1,337.35
2026/07/03;ENG-028;128;2026-01-06 08:00:00;642.5700;1595.8700;1407.7700;553.8300;2388.0400;9056.4500;47.4000;521.5100;2388.0900;8131.4400;8.4436;393.0000;0.052898;-0.006626;0.001149;HEALTHY;WO236312;525.56
03-Jul-2026;ENG-052;179;2026-01-08 11:00:00;642.8800;1598.7900;1413.0100;553.1700;2388.0300;9092.1900;47.5300;521.2400;2387.9900;8176.1300;8.4499;395.0000;0.334166;0.362898;0.035453;Warning;WO814994;22688.18
2026/07/03;ENG-079;92;2026-01-04 20:00:00;642.6100;1587.6500;1398.8500;553.6700;2388.0600;9044.6400;47.4800;521.9700;2388.1000;8131.0100;8.4340;394.0000;0.038663;-0.225603;0.001922;HEALTHY;WO380320;1549.75
2026/07/03;ENG-037;89;2026-01-04 17:00:00;642.7700;1590.1900;1406.2000;553.5300;2388.1400;9056.0500;47.5000;521.6400;2388.1100;8134.5200;8.4310;392.0000;0.053175;-0.157026;;Healthy;WO686557;2649.02
2026/07/03;ENG-008;135;2026-01-06 15:00:00;642.6200;1590.7500;1401.8700;552.9400;2388.1700;9051.0500;47.4400;522.0900;2388.0900;8133.0400;8.4562;392.0000;0.059896;-0.111931;0.003078;Healthy;WO138147;
2026/07/03;ENG-027;112;2026-01-05 16:00:00;642.1100;1596.2200;1410.6900;553.2900;2388.0500;9054.9800;47.4000;521.7600;2388.0800;8130.3300;8.4076;392.0000;0.050768;-0.388104;0.000423;Healthy;WO724270;2377.55
2026/07/03;eng-041;120;2026-01-06 00:00:00;642.8500;1590.9100;1411.1600;552.9600;2388.1800;9042.7800;47.7300;520.8400;2388.1900;8117.1000;8.4814;395.0000;-0.150378;0.697546;0.007332;Warning;WO276757;9,540.52
2026/07/03;ENG-049;266;2026-01-12 02:00:00;643.0800;1593.0800;1411.5400;552.8000;2388.1500;9061.6700;47.6700;521.4900;2388.1100;8137.3600;8.4590;393.0000;0.011685;0.495302;0.004793;Warning;WO380133;19421.60
2026/07/03;ENG-062;205;2026-01-09 13:00:00;642.3600;1589.2700;1400.1300;553.7700;2388.0500;9076.8400;47.3600;521.8600;2388.0300;8158.5200;8.4087;391.0000;0.057477;-0.801024;0.001505;Healthy;WO874103;2,136.94
2026/07/03;ENG-042;147;2026-01-07 03:00:00;643.8400;1598.7300;1415.8900;552.4000;2388.1600;9036.2100;47.6100;521.4800;2388.2700;8119.5000;8.4725;396.0000;-0.278118;0.960260;0.006215;Warning;WO275942;21674.75
2026-07-03;ENG-007;117;2026-01-05 21:00:00;642.1200;1584.0000;1396.9200;554.2700;2388.0600;9061.6100;47.2400;521.8200;2387.9900;8141.9600;8.4236;392.0000;0.030266;-0.890845;0.002156;Healthy;WO446372;137.62
2026/07/03;ENG-040;115;2026-01-05 19:00:00;643.1000;1598.1300;1420.4900;552.4900;2388.1200;9057.8900;47.8000;520.9300;2388.1100;8137.6500;8.4982;397.0000;-0.051342;0.942618;0.006810;Warning;WO761978;4,366.86
2026-07-03;ENG-090;126;2026-01-06 06:00:00;643.0500;1589.6100;1412.6200;552.7800;2388.1600;9069.3100;47.5400;521.2400;2388.1300;8145.8000;8.4874;394.0000;0.033612;0.423842;0.003287;Healthy;WO116151;2312.58
03-Jul-2026;ENG-046;105;2026-01-05 09:00:00;642.5000;1588.9100;1404.2600;553.5100;2388.0800;9080.9800;47.4500;521.4200;2388.0500;8150.0300;8.4279;392.0000;0.083759;-0.199812;0.001155;HEALTHY;WO122700;607.20
2026-07-03;ENG-023;108;2026-01-05 12:00:00;642.6800;1573.2300;1398.9000;554.8300;2388.0400;9045.2800;47.2200;522.2900;2388.0200;8132.9400;8.4042;392.0000;0.027116;-1.014520;0.001544;Healthy;WO422166;929.30
2026/07/03;ENG-028;150;2026-01-07 06:00:00;643.0300;1597.9600;1406.7100;553.3100;2388.1100;9062.9200;47.4800;520.8500;2388.0800;8135.3200;8.3905;395.0000;0.055818;0.041140;0.001531;Healthy;WO568529;1,720.74
2026-07-03;ENG-100;166;2026-01-07 22:00:00;642.3900;1592.5500;1410.0000;553.5800;2388.0100;9102.6900;47.4200;521.6200;2387.9900;8178.4000;8.4251;393.0000;0.146009;-0.313941;0.018639;WARNING;WO847152;22,440.69
2026-07-03;ENG-041;97;2026-01-05 01:00:00;642.4800;1586.6400;1401.7700;553.5100;2388.1400;9049.1700;47.4800;521.3100;2388.0900;8126.4800;8.4105;392.0000;0.026297;-0.223791;0.002090;Healthy;WO218683;1226.24
2026/07/03;ENG-093;217;2026-01-10 01:00:00;642.7900;1595.4400;1409.5100;552.4400;2388.1800;9070.7200;47.8000;520.6500;2388.1000;8141.1100;8.4785;395.0000;0.001681;0.660036;0.004411;Warning;WO323944;5,540.99
03-Jul-2026;  ENG-034 ;192;2026-01-09 00:00:00;643.8000;1593.0900;1420.8000;552.0500;2388.1800;9057.3700;47.9600;521.0500;2388.2000;8128.7300;8.4983;394.0000;-0.346916;1.173524;0.007751;Warning;WO620412;15,852.69
03-Jul-2026;ENG-035;137;2026-01-06 17:00:00;642.7700;1594.5400;1414.1300;553.4400;2388.1600;9068.3700;47.8000;521.0300;2388.1000;8141.6100;8.4441;393.0000;0.032496;0.330691;0.002391;Healthy;WO151951;578.02
03-Jul-2026;ENG-097;104;2026-01-05 08:00:00;642.4100;1588.9600;1405.8700;554.0200;2388.0600;9076.4300;47.2400;521.8000;2388.0700;8157.1600;8.4139;392.0000;0.062159;-0.509035;0.004812;Warning;WO732172;21147.27
03-Jul-2026;ENG-090;121;2026-01-06 01:00:00;642.6600;1596.5500;1418.4700;552.9300;2388.1100;9071.0000;47.5700;521.0700;2388.1000;8141.6700;8.4329;393.0000;0.045713;0.346807;0.003147;Healthy;WO277422;473.53
2026-07-03;eng-081;180;2026-01-08 12:00:00;642.9300;1599.1300;1412.1600;553.0300;2388.1400;9072.1100;47.8600;521.3200;2388.1300;8146.4900;8.4691;394.0000;0.027044;0.678299;0.006013;Warning;WO987335;7177.62
2026/07/03;ENG-033;39;2026-01-02 15:00:00;642.7500;1587.0700;1419.1000;553.1400;2388.1300;9062.2600;47.6800;521.2300;2388.0700;8137.5100;8.4510;393.0000;0.036752;0.140823;0.000529;Healthy;WO594704;1,524.32
03-Jul-2026;ENG-088;67;2026-01-03 19:00:00;643.4100;1592.4400;1410.1200;553.4000;2388.1600;9045.0200;47.7600;521.3400;2388.1500;8126.1700;8.4647;393.0000;-0.035261;0.392247;0.004513;Healthy;WO141222;
2026/07/03;ENG-091;204;2026-01-09 12:00:00;643.7900;1597.1800;1418.6800;552.6400;2388.1900;9055.0400;47.7800;521.1100;2388.1400;8131.5300;8.5126;396.0000;-0.175711;1.042156;0.003538;Warning;WO225248;
2026/07/03;ENG-092;145;2026-01-07 01:00:00;643.2000;1595.0800;1417.1200;552.6700;2388.2100;9046.8400;47.8800;520.1900;2388.2300;8125.5100;8.4644;395.0000;-0.425632;1.136866;0.003487;Warning;WO193171;24777.90
2026-07-03;ENG-047;72;2026-01-04 00:00:00;642.9800;1588.6000;1413.1300;553.3600;2388.1600;9035.7100;47.4000;520.6800;2388.1900;8125.4100;8.4380;392.0000;-0.060902;0.238038;0.007503;Healthy;WO515296;461.01
03-Jul-2026;  ENG-046 ;146;2026-01-07 02:00:00;642.7900;1594.2800;1413.1700;552.7300;2388.1200;9080.6100;47.7400;520.9700;2388.1100;8153.8600;8.4628;393.0000;0.102266;0.594316;0.004225;Warning;WO577000;3376.87
03-Jul-2026;eng-041;110;2026-01-05 14:00:00;643.0800;1597.5300;1411.6400;552.9700;2388.1600;9040.2400;47.6000;520.9600;2388.1600;8112.4500;8.4174;394.0000;-0.068077;0.390960;0.004063;Healthy;WO261775;336.76
2026/07/03;ENG-064;136;2026-01-06 16:00:00;642.4800;1596.2600;1407.6000;553.6500;2388.1400;9060.3100;47.5800;521.3700;2388.1100;8138.4800;8.4758;394.0000;0.041385;0.135644;0.001044;Healthy;WO478758;
2026/07/03;eng-067;60;2026-01-03 12:00:00;642.1800;1590.3700;1407.0600;553.6600;2388.0500;9062.4200;47.4500;522.1500;2388.0300;8146.9000;8.4029;393.0000;0.059871;-0.562033;0.002064;Healthy;WO174357;1,897.88
2026/07/03;ENG-086;80;2026-01-04 08:00:00;642.9000;1591.2800;1408.5500;553.7300;2388.0800;9065.3400;47.6300;521.8400;2388.0700;8140.7700;8.4188;394.0000;0.081845;-0.132682;0.000653;Healthy;WO378777;1,437.10
2026-07-03;ENG-093;182;2026-01-08 14:00:00;643.4600;1588.1500;1407.9800;553.0600;2388.1100;9058.1100;47.7500;521.4200;2388.1000;8144.5800;8.4319;394.0000;0.045339;0.319165;0.001193;Healthy;WO359891;1,128.91
2026/07/03;ENG-070;131;2026-01-06 11:00:00;642.7600;1585.7000;1406.0700;552.8500;2388.1400;9057.6600;47.7800;521.4500;2388.0800;8134.2000;8.4553;393.0000;0.042083;0.060460;0.001019;healthy;WO481328;2500.28
2026/07/03;  ENG-070 ;124;2026-01-06 04:00:00;643.0600;1588.8200;1407.4500;552.9800;2388.0900;9049.4900;47.2800;521.5300;2388.1100;8131.1000;8.4237;392.0000;0.035835;-0.238866;0.000730;Healthy;WO544971;1379.95
2026/07/03;ENG-012;159;2026-01-07 15:00:00;642.0900;1587.1000;1406.7600;554.0300;2387.9800;9058.0000;47.2700;522.1600;2388.0300;8143.0000;8.3865;393.0000;0.034164;-0.774961;0.002303;Healthy;WO726960;2654.23
03-Jul-2026;eng-038;88;2026-01-04 16:00:00;642.8800;1591.7300;1404.2600;552.1600;2388.1000;9058.8600;47.6800;521.2400;2388.1100;8135.2800;8.4322;394.0000;0.032980;0.324371;0.001563;Healthy;WO163315;2,095.35
2026/07/03;ENG-080;90;2026-01-04 18:00:00;642.7200;1593.9400;1409.8400;553.5200;2388.0300;9059.5200;47.3900;521.4500;2388.0900;8145.9400;8.4332;393.0000;0.074340;-0.035762;0.000226;Healthy;WO596956;773.91
2026-07-03;ENG-030;117;2026-01-05 21:00:00;643.1100;1588.7200;1407.6300;553.2900;2388.1100;9055.2200;47.6300;520.9500;2388.1200;8133.0100;8.4880;394.0000;-0.013495;0.459814;0.004663;Warning;WO736450;12905.81
03-Jul-2026;ENG-079;69;2026-01-03 21:00:00;642.6100;1587.8300;1406.8500;554.3000;2388.0500;9041.4600;47.4300;521.5800;2388.0900;8133.5000;8.4233;390.0000;0.014209;-0.565324;0.000752;Healthy;WO661262;788.98
2026/07/03;ENG-100;155;2026-01-07 11:00:00;642.5300;1594.9300;1405.7000;553.2400;2388.0100;9085.4500;47.7500;521.5300;2388.0600;8163.0800;8.4344;393.0000;0.119152;-2.597935;0.056771;Healthy;WO348437;171.48
03-Jul-2026;  ENG-029 ;164;2026-01-07 20:00:00;642.4000;1584.3500;1411.8500;553.6500;2388.0700;9067.9400;47.5400;521.4200;2388.0800;8145.0300;8.4428;393.0000;0.076981;-0.080230;0.001221;Healthy;WO390806;2,661.95
2026-07-03;ENG-080;107;2026-01-05 11:00:00;642.8000;1588.5600;1410.4700;553.6500;2388.1100;9066.3100;47.4700;521.8900;2388.0500;8145.4400;8.4379;392.0000;0.071397;-0.250164;0.000449;healthy;WO310387;2300.16
2026-07-03;  ENG-030 ;98;2026-01-05 02:00:00;642.1400;1591.3000;1401.3000;552.7800;2388.1100;9052.6100;47.5900;521.3200;2388.1100;8135.2500;8.4504;392.0000;0.059649;-0.035806;0.003611;Healthy;WO826832;1814.24
2026/07/03;eng-028;117;2026-01-05 21:00:00;642.5500;1591.3700;1411.3200;553.5200;2388.0400;9056.0000;47.5400;521.5000;2388.1100;8130.0200;8.4353;391.0000;0.054590;-0.127420;;Healthy;WO389167;919.06
2026-07-03;eng-003;106;2026-01-05 10:00:00;643.2100;1589.9800;1414.6000;552.8500;2388.1100;9038.0600;47.7500;521.1000;2388.1000;8128.3700;8.4485;393.0000;-0.010499;0.281791;0.001439;Healthy;WO519688;1,835.01
03-Jul-2026;ENG-088;63;2026-01-03 15:00:00;642.3500;1593.1500;1412.5600;553.9100;2388.1100;9040.2500;47.5300;521.0300;2388.1900;8120.3300;8.4343;392.0000;-0.035817;0.140002;0.001543;Healthy;WO748000;2647.18
2026/07/03;eng-010;151;2026-01-07 07:00:00;641.7800;1584.4100;1399.9200;554.8000;2388.0500;9065.1600;47.3100;522.1600;2388.0600;8144.7300;8.3863;392.0000;0.016447;-1.020557;0.001544;Healthy;WO545249;2172.37
03-Jul-2026;ENG-016;105;2026-01-05 09:00:00;642.4300;1585.0300;1399.3600;553.9100;2388.0300;9059.0400;47.3800;522.0800;2388.0800;8143.3500;8.4120;392.0000;0.024304;-0.829584;0.003883;Healthy;WO828430;2297.48
03-Jul-2026;ENG-054;91;2026-01-04 19:00:00;642.1300;1581.7100;1395.3800;554.6100;2388.0400;9053.7100;47.2400;521.9700;2388.0400;8139.8700;8.4045;391.0000;0.023916;-1.083757;0.001337;HEALTHY;WO742893;233.64
03-Jul-2026;ENG-058;122;2026-01-06 02:00:00;642.3400;1585.4300;1404.7200;553.3600;2388.0800;9041.3700;47.4400;521.3800;2388.0700;8130.6500;8.4433;393.0000;0.026039;-0.362843;0.000961;Healthy;WO466745;1,581.69
2026-07-03;ENG-044;43;2026-01-02 19:00:00;642.7500;1593.4100;1405.1300;555.0100;2388.0800;9052.5200;47.4200;521.9700;2388.0300;8132.9100;8.4544;392.0000;0.040726;-0.362035;0.003984;healthy;WO807252;
2026-07-03;ENG-100;190;2026-01-08 22:00:00;642.9500;1598.9700;1421.2800;553.5900;2388.1000;9137.3500;47.4900;521.6300;2388.0700;8207.9500;8.4765;395.0000;0.793064;0.668727;0.006496;Warning;WO492332;
2026-07-03;  ENG-041 ;106;2026-01-05 10:00:00;642.8600;1588.6400;1410.8800;552.1100;2388.1500;9042.2800;47.5400;520.8100;2388.1600;8118.4800;8.4387;393.0000;-0.042518;0.287764;0.002887;Healthy;WO377955;2416.77
03-Jul-2026;ENG-094;124;2026-01-06 04:00:00;642.7100;1592.3800;1413.5800;552.6400;2388.1400;9056.5500;47.5600;521.6500;2388.1200;8131.2700;8.4543;394.0000;0.002512;0.435272;0.003042;HEALTHY;WO865441;1509.22
2026/07/03;ENG-064;149;2026-01-07 05:00:00;643.0100;1588.9800;1412.1200;552.5300;2388.1100;9056.4800;47.5900;520.8200;2388.1800;8139.3800;8.4923;394.0000;-0.004065;0.513888;0.002852;Healthy;WO969033;1,159.26
2026/07/03;ENG-049;295;2026-01-13 07:00:00;643.5800;1590.7400;1423.3800;551.6000;2388.1700;9053.1900;47.8200;520.0700;2388.2200;8135.9900;8.4806;397.0000;-0.452424;1.319266;0.007525;Warning;WO327316;8870.70
2026/07/03;ENG-050;71;2026-01-03 23:00:00;642.2700;1583.2400;1406.0100;554.3200;2388.0400;9066.5500;47.3000;522.3400;2388.0600;8143.9900;8.4311;394.0000;0.047783;-0.563271;0.001752;Healthy;WO262540;495.97
03-Jul-2026;ENG-024;139;2026-01-06 19:00:00;642.4000;1584.6700;1403.8000;554.5500;2388.0800;9092.7900;47.3300;521.1100;2387.9900;8172.6700;8.4168;393.0000;0.099738;-0.445036;0.005844;Healthy;WO524129;1,621.09
03-Jul-2026;  ENG-077 ;125;2026-01-06 05:00:00;642.5800;1598.4000;1402.7300;553.5800;2388.1300;9046.8500;47.5200;521.1000;2388.1400;8130.5800;8.4052;393.0000;0.033398;-0.084815;0.001330;Healthy;WO210373;596.36
03-Jul-2026;  ENG-066 ;103;2026-01-05 07:00:00;642.9300;1588.1800;1419.4100;553.2800;2388.1500;9071.4600;47.7700;521.8000;2388.0800;8147.7600;8.4549;394.0000;0.061855;0.291232;0.001974;Healthy;WO686437;1,369.69
03-Jul-2026;ENG-032;134;2026-01-06 14:00:00;641.9400;1591.8600;1405.0800;553.5200;2388.0100;9079.9700;47.4400;521.6600;2388.0000;8169.0500;8.4227;393.0000;0.096893;-0.505625;0.012669;Healthy;WO145815;2,644.76
03-Jul-2026;  ENG-063 ;124;2026-01-06 04:00:00;642.7200;1588.5700;1416.5500;553.8400;2388.1100;9055.1900;47.4100;521.1200;2388.1200;8130.8100;8.4529;394.0000;0.007785;0.098310;0.000483;Healthy;WO512198;1,803.79
03-Jul-2026;ENG-029;151;2026-01-07 07:00:00;643.0900;1584.8100;1405.1400;553.5500;2388.0700;9068.5000;47.4600;522.1400;2388.0600;8147.9000;8.4351;392.0000;0.061721;-0.495358;0.002540;Healthy;WO668296;1,317.85
2026/07/03;  ENG-011 ;71;2026-01-03 23:00:00;642.6800;1580.2600;1413.2200;553.5300;2388.1400;9037.7900;47.5100;521.5600;2388.1400;8116.0800;8.4482;392.0000;-0.032121;-0.025224;0.014193;Healthy;WO805398;
2026-07-03;eng-100;181;2026-01-08 13:00:00;642.9400;1586.0900;1408.9500;553.9000;2388.0200;9123.8200;47.5300;521.9300;2388.0300;8193.0300;8.4124;393.0000;0.454836;-0.039799;0.009417;Warning;WO462845;9,576.34
2026-07-03;ENG-073;108;2026-01-05 12:00:00;642.5200;1582.6500;1409.5600;554.0600;2388.0400;9062.0000;47.2300;521.6800;2388.0700;8140.5800;8.4007;394.0000;0.025047;-0.533779;0.001647;Healthy;WO477609;1,099.28
2026-07-03;ENG-010;179;2026-01-08 11:00:00;642.6000;1587.8400;1399.4700;553.3800;2388.0500;9061.2800;47.4200;522.0300;2388.0700;8142.1000;8.4098;391.0000;0.048017;-0.513874;0.001245;Healthy;WO266911;428.31
2026-07-03;ENG-059;91;2026-01-04 19:00:00;642.5200;1589.2500;1396.8600;554.0800;2388.0400;9060.5000;47.3400;522.1500;2388.0600;8136.5800;8.4272;392.0000;0.025024;-0.879434;0.001891;Healthy;WO581161;756.94
03-Jul-2026;eng-026;62;2026-01-03 14:00:00;642.3900;1589.5000;1398.1500;554.3900;2388.0400;9064.8500;47.1500;522.0100;2388.0100;8147.3900;8.4138;391.0000;0.034891;-1.003878;0.000772;Healthy;WO455582;
2026-07-03;  ENG-002 ;34;2026-01-02 10:00:00;642.4300;1582.2500;1409.1500;554.0200;2388.1300;9048.3100;47.5400;521.8700;2388.0900;8126.8100;8.4476;392.0000;0.034645;-0.265805;;healthy;WO486864;1,405.39
2026/07/03;  ENG-037 ;117;2026-01-05 21:00:00;642.8100;1587.8200;1412.6700;552.5300;2388.1700;9047.9600;47.6700;521.0600;2388.1900;8123.8000;8.4725;393.0000;-0.070202;0.599064;0.005689;Healthy;WO887260;700.45
03-Jul-2026;eng-086;89;2026-01-04 17:00:00;642.7100;1588.5400;1408.2200;553.5200;2388.0500;9064.8200;47.6600;521.1200;2388.0800;8139.5200;8.4136;391.0000;0.075226;-0.107966;0.000942;Healthy;WO104008;255.90
2026-07-03;  ENG-090 ;101;2026-01-05 05:00:00;642.7700;1595.8900;1404.9500;553.6800;2388.0700;9059.8200;47.6800;521.6700;2388.1000;8139.7000;8.4187;393.0000;0.082517;-0.059576;0.001070;Healthy;WO180905;2245.66
2026-07-03;ENG-073;91;2026-01-04 19:00:00;642.9600;1578.0200;1397.6100;554.2100;2388.0100;9047.2100;47.2300;522.0600;2388.0400;8135.4600;8.3847;392.0000;0.015414;-0.984312;0.001891;Healthy;WO195452;2,560.86
2026-07-03;ENG-038;95;2026-01-04 23:00:00;642.7700;1594.2700;1408.2300;552.8000;2388.1100;9070.4400;47.6500;521.2300;2388.1300;8137.5800;8.4222;392.0000;0.048047;0.340605;0.002927;Warning;WO232086;10042.70
03-Jul-2026;ENG-075;86;2026-01-04 14:00:00;642.5900;1586.1200;1404.5100;553.7900;2388.0700;9060.5800;47.7200;521.2700;2388.0600;8139.4300;8.4111;393.0000;0.065444;-0.170720;0.000677;Healthy;WO497091;1493.12
2026-07-03;ENG-043;145;2026-01-07 01:00:00;642.4300;1587.2100;1408.1300;552.5600;2388.1300;9052.1700;47.6000;521.4300;2388.1400;8137.4200;8.4496;394.0000;0.026756;0.164294;0.001243;Warning;WO284942;16,498.02
2026-07-03;ENG-093;204;2026-01-09 12:00:00;643.2800;1594.8700;1414.5400;553.2900;2388.2200;9067.1000;47.6800;521.3500;2388.1200;8147.7000;8.4480;395.0000;0.018252;0.514796;0.003971;Healthy;WO310372;1,028.42
03-Jul-2026;ENG-062;214;2026-01-09 22:00:00;642.4700;1591.7200;1405.6900;554.4400;2388.0200;9078.8500;47.6800;521.8900;2388.0700;8163.2000;8.4277;392.0000;0.099196;-0.414303;0.000488;HEALTHY;WO124082;529.66
03-Jul-2026;ENG-060;114;2026-01-05 18:00:00;642.1700;1592.8200;1406.8600;553.5400;2388.0600;9058.2500;47.4500;521.9300;2388.1300;8133.9800;8.4484;393.0000;0.057347;-0.215782;0.001655;Healthy;WO700379;1,660.89
03-Jul-2026;eng-010;146;2026-01-07 02:00:00;641.9200;1592.0600;1401.1300;554.5100;2388.0400;9061.7000;47.4100;522.3500;2388.0400;8141.2700;8.4099;393.0000;0.038505;-0.898000;0.001337;Healthy;WO786077;494.53
2026/07/03;ENG-005;92;2026-01-04 20:00:00;642.9400;1587.0800;1408.1900;553.9000;2388.1400;9044.7600;47.5200;521.4800;2388.1400;8130.8400;8.4620;393.0000;-0.005411;0.126852;0.002527;Healthy;WO601756;641.21
03-Jul-2026;  ENG-056 ;105;2026-01-05 09:00:00;643.5600;1597.2300;1416.8400;553.0700;2388.1400;9045.3600;47.6400;520.3100;2388.2200;8122.9300;8.4580;394.0000;-0.264082;0.946204;0.002405;Warning;WO664156;1,593.54
2026/07/03;ENG-035;149;2026-01-07 05:00:00;643.0600;1592.6300;1406.0000;553.2400;2388.1700;9065.1900;47.6400;520.8100;2388.1100;8142.4300;8.4706;395.0000;0.004319;0.486143;0.002735;Warning;WO215433;18041.65
2026-07-03;  ENG-051 ;122;2026-01-06 02:00:00;643.1000;1590.6800;1413.4100;553.4800;2388.1200;9049.3600;47.4700;521.3400;2388.1000;8125.1500;8.4363;392.0000;0.014899;0.001449;0.002800;Healthy;WO830450;1687.26
2026-07-03;ENG-089;145;2026-01-07 01:00:00;642.8500;1587.0400;1406.5500;553.4200;2388.1100;9057.5500;47.3400;521.2200;2388.1200;8126.1800;8.4355;392.0000;0.032149;0.011167;0.001816;Healthy;WO952089;390.05
2026/07/03;eng-044;42;2026-01-02 18:00:00;642.7700;1590.2100;1405.5900;554.1800;2388.1000;9057.2200;47.4400;521.9000;2388.0800;8133.4600;8.4464;392.0000;0.044157;-0.337158;0.001539;Healthy;WO855392;
03-Jul-2026;ENG-096;68;2026-01-03 20:00:00;641.9500;1579.9600;1395.5100;554.6200;2387.9500;9069.3400;47.1200;522.1100;2388.0500;8146.5500;8.4031;392.0000;0.028098;-1.239559;0.001726;Healthy;WO656537;1,653.95
2026/07/03;  ENG-066 ;130;2026-01-06 10:00:00;643.3000;1595.4000;1417.1000;553.2800;2388.1100;9100.1000;47.8200;521.0700;2388.1100;8171.3900;8.4370;397.0000;0.305898;0.703193;0.009599;warning;WO870922;23983.32
2026-07-03;ENG-062;191;2026-01-08 23:00:00;642.4700;1588.4500;1403.3000;553.6300;2388.0700;9071.3000;47.3800;521.9300;2388.0600;8155.2100;8.4271;392.0000;0.066429;-0.408888;0.002475;Healthy;WO566287;
2026-07-03;ENG-046;108;2026-01-05 12:00:00;643.2200;1588.6800;1412.3300;552.8000;2388.1200;9074.4600;47.5200;521.5300;2388.0900;8155.3200;8.4415;395.0000;0.083320;0.298952;0.001806;Healthy;WO269881;1282.54
2026/07/03;ENG-096;93;2026-01-04 21:00:00;642.2700;1579.8300;1395.5000;554.2200;2388.0400;9069.6400;47.2000;522.3300;2388.0100;8147.0000;8.4033;391.0000;0.054042;-1.090936;0.000598;Healthy;WO892919;124.50
2026-07-03;ENG-051;126;2026-01-06 06:00:00;642.4800;1585.4500;1403.7100;554.2300;2388.1000;9049.4100;47.4200;521.7700;2388.1100;8133.6700;8.4495;392.0000;0.019277;-0.515984;0.002894;healthy;WO385634;1539.29
2026/07/03;ENG-011;63;2026-01-03 15:00:00;642.6800;1593.8000;1408.5500;553.1100;2388.1300;9040.5800;47.6900;521.2400;2388.1400;8119.1000;8.4734;393.0000;-0.035535;0.329580;0.001109;Warning;WO487218;16,327.44
03-Jul-2026;ENG-058;134;2026-01-06 14:00:00;643.0100;1589.1700;1409.7000;553.6000;2388.0900;9044.8700;47.5700;521.5200;2388.0900;8137.9300;8.4636;393.0000;0.036627;0.035161;0.001114;Healthy;WO755146;1867.93
2026/07/03;ENG-094;110;2026-01-05 14:00:00;642.7300;1594.0500;1414.8700;552.6000;2388.0200;9056.3000;47.7300;520.8600;2388.1900;8136.2900;8.4629;393.0000;0.012876;0.487211;0.003260;healthy;WO436126;1421.90
03-Jul-2026;ENG-012;183;2026-01-08 15:00:00;642.0400;1586.6400;1402.1600;554.0700;2388.0900;9069.4600;47.4700;522.1100;2388.0200;8141.6700;8.4473;393.0000;0.053400;-0.599044;0.000863;Healthy;WO674910;2,119.48
2026-07-03;eng-002;47;2026-01-02 23:00:00;642.8500;1587.5800;1403.2300;554.2400;2388.0600;9052.3200;47.5000;522.2300;2388.1100;8128.7700;8.4221;392.0000;0.030796;-0.428549;0.001683;Healthy;WO941295;394.64
03-Jul-2026;ENG-071;54;2026-01-03 06:00:00;641.7100;1586.2100;1405.8500;553.9100;2388.0100;9066.1500;47.3700;522.4400;2388.0400;8144.8400;8.4301;391.0000;0.047040;-0.895153;0.001656;HEALTHY;WO510391;1849.78
2026-07-03;ENG-051;142;2026-01-06 22:00:00;642.1800;1591.1500;1403.4600;553.6000;2388.1100;9064.8900;47.4800;521.5800;2388.1100;8133.1700;8.4513;392.0000;0.058396;-0.000974;0.000379;Warning;WO863849;22,071.47
03-Jul-2026;ENG-093;222;2026-01-10 06:00:00;643.2800;1592.9400;1414.7800;552.6900;2388.1300;9072.8800;47.8200;520.5700;2388.1500;8143.9800;8.4789;393.0000;0.017042;0.754190;0.008196;Warning;WO275219;810.91
2026-07-03;ENG-068;168;2026-01-08 00:00:00;643.6600;1595.5400;1421.7400;552.5400;2388.1900;9077.7800;47.7300;521.1600;2388.1600;8148.8600;8.4468;396.0000;0.036392;0.952279;0.005813;Warning;WO183587;1499.83
03-Jul-2026;ENG-070;127;2026-01-06 07:00:00;642.6900;1584.6100;1404.3300;553.5700;2388.1300;9054.5900;47.4000;521.6900;2388.1000;8130.1900;8.4264;394.0000;0.036246;-0.182486;0.003568;healthy;WO234837;2193.16
2026-07-03;ENG-086;94;2026-01-04 22:00:00;643.2300;1592.9500;1409.0700;553.2600;2388.1100;9066.0000;47.4900;521.6800;2388.1000;8140.7000;8.4239;393.0000;0.079378;-0.088637;;healthy;WO992820;2974.02
2026-07-03;eng-040;102;2026-01-05 06:00:00;642.9400;1593.1200;1413.2900;552.8200;2388.1600;9061.4400;47.6500;521.1600;2388.1600;8138.7100;8.4600;394.0000;-0.005120;0.528261;0.004515;Healthy;WO741825;1628.55
2026-07-03;eng-062;160;2026-01-07 16:00:00;642.1600;1589.7600;1399.1800;554.5200;2388.0600;9063.1900;47.3100;521.7000;2388.0500;8144.7100;8.4340;393.0000;0.031101;-0.733771;0.000546;Healthy;WO491964;2,798.49
03-Jul-2026;  ENG-012 ;206;2026-01-09 14:00:00;642.3400;1587.9100;1408.1300;553.7800;2388.0000;9069.1500;47.4200;521.9000;2388.0500;8150.6300;8.3828;392.0000;0.061856;-0.571352;0.004645;Healthy;WO947790;2,572.81
03-Jul-2026;ENG-100;185;2026-01-08 17:00:00;642.8400;1592.1800;1413.6000;552.8700;2388.0100;9123.8100;47.8000;521.5000;2388.0000;8195.2900;8.4424;394.0000;0.594411;0.382939;0.020200;Warning;WO129097;13119.28
03-Jul-2026;ENG-061;124;2026-01-06 04:00:00;642.3600;1586.4800;1409.6600;553.2600;2388.1000;9064.9900;47.5500;521.9500;2388.1300;8144.4600;8.4673;394.0000;0.074661;0.068706;0.001286;Healthy;WO443162;1,845.29
2026-07-03;ENG-055;108;2026-01-05 12:00:00;642.2300;1590.4700;1397.9100;553.8500;2388.0900;9048.6600;47.2700;522.4800;2388.0400;8141.2000;8.4189;392.0000;0.033483;-0.859402;0.000846;HEALTHY;WO874786;591.26
2026/07/03;ENG-046;121;2026-01-06 01:00:00;642.7800;1596.9000;1405.2300;553.1300;2388.1000;9077.5000;47.6300;521.0300;2388.0100;8153.2200;8.4525;393.0000;0.102334;0.243412;0.004281;Warning;WO468103;7,393.75
2026/07/03;ENG-093;169;2026-01-08 01:00:00;642.9300;1592.2800;1410.4600;553.5500;2388.1500;9064.0700;47.5000;521.0000;2388.0900;8141.4200;8.4387;394.0000;0.027356;0.290563;0.001122;Healthy;WO949122;362.48
2026-07-03;ENG-008;146;2026-01-07 02:00:00;642.4900;1584.2000;1415.0500;553.6300;2388.1300;9045.1000;47.4300;521.7400;2388.0700;8133.2800;8.4469;394.0000;0.027917;-0.086743;0.000920;Healthy;WO183113;2271.71
2026/07/03;ENG-093;207;2026-01-09 15:00:00;642.9200;1592.0900;1412.4000;552.5800;2388.1500;9070.2700;47.8300;520.6500;2388.1300;8147.4900;8.4593;394.0000;0.015334;0.620873;0.003414;Healthy;WO177524;797.01
2026-07-03;  ENG-074 ;97;2026-01-05 01:00:00;642.4600;1592.8600;1404.6400;554.0400;2388.1200;9059.2200;47.5700;521.4900;2388.1000;8140.1600;8.4306;391.0000;0.061517;-0.178225;0.001791;Healthy;WO371136;293.73
03-Jul-2026;ENG-040;123;2026-01-06 03:00:00;643.0400;1601.1500;1418.5100;552.5800;2388.1900;9069.0400;47.6600;520.5000;2388.1600;8140.9300;8.4986;396.0000;-0.057154;1.006147;0.008823;warning;WO126207;6504.46
2026/07/03;ENG-006;79;2026-01-04 07:00:00;642.1500;1590.8300;1401.5900;553.5800;2388.0900;9057.1000;47.4600;521.3900;2388.1000;8135.5400;8.4470;392.0000;0.049097;-0.236961;0.000928;Healthy;WO764996;2627.61
03-Jul-2026;ENG-084;137;2026-01-06 17:00:00;642.9100;1589.1300;1407.4100;552.7900;2388.1600;9057.0000;47.7300;521.4600;2388.1500;8136.2900;8.4517;393.0000;0.025341;0.230205;0.001725;Healthy;WO350065;2,717.57
03-Jul-2026;ENG-085;31;2026-01-02 07:00:00;643.0400;1587.0700;1398.2200;553.3100;2388.0700;9051.8200;47.4500;521.5400;2388.1000;8129.6400;8.4174;394.0000;0.053352;-0.074490;0.002380;HEALTHY;WO699570;2760.50
2026-07-03;ENG-045;103;2026-01-05 07:00:00;642.7600;1588.1500;1413.0200;553.5900;2388.0800;9057.0100;47.6800;521.0000;2388.1200;8143.7100;8.4904;392.0000;0.037969;0.198613;0.001676;Healthy;WO794148;2,258.98
03-Jul-2026;  ENG-057 ;134;2026-01-06 14:00:00;642.9200;1585.9500;1405.2200;553.2300;2388.1200;9049.2400;47.4900;520.6700;2388.1300;8131.1900;8.4611;393.0000;-0.005172;0.169179;0.002420;Healthy;WO895226;2687.62
2026/07/03;ENG-086;109;2026-01-05 13:00:00;643.0000;1585.7100;1410.0100;553.7700;2388.0600;9063.6500;47.4900;521.8000;2388.1100;8146.1900;8.4392;392.0000;0.065500;-0.148926;0.001927;Healthy;WO329098;2060.25
03-Jul-2026;ENG-031;167;2026-01-07 23:00:00;642.7800;1598.0900;1417.8300;553.2600;2388.1100;9080.4900;47.9100;521.0700;2388.1200;8156.8300;8.4751;393.0000;0.104331;0.621045;0.003098;Healthy;WO609144;1926.85
03-Jul-2026;eng-071;56;2026-01-03 08:00:00;642.8000;1585.0700;1405.0900;554.6200;2388.0400;9065.5800;47.2600;521.7900;2387.9600;8145.6600;8.3989;391.0000;0.037913;-0.727559;0.002043;Healthy;WO174739;
2026/07/03;ENG-058;124;2026-01-06 04:00:00;643.1300;1591.5300;1406.7800;553.3300;2388.1200;9051.0400;47.3400;521.5200;2388.0900;8126.1000;8.4349;392.0000;0.033750;-0.039522;;Healthy;WO676568;1855.40
2026-07-03;ENG-088;52;2026-01-03 04:00:00;642.4000;1594.1400;1400.8000;553.2300;2388.0900;9047.0700;47.4600;521.1600;2388.1500;8116.0000;8.4407;392.0000;0.016742;-0.070416;0.002106;HEALTHY;WO144407;2880.40
2026/07/03;  ENG-056 ;94;2026-01-04 22:00:00;642.9500;1594.4000;1421.8700;553.0800;2388.1700;9044.8500;47.7600;520.9800;2388.2000;8125.0500;8.4611;395.0000;-0.091855;0.730086;0.004482;Warning;WO875702;18502.74
03-Jul-2026;ENG-043;127;2026-01-06 07:00:00;642.8000;1595.0100;1411.5600;553.8600;2388.1200;9049.5500;47.6300;521.2100;2388.1000;8134.4900;8.4496;394.0000;0.018348;0.112242;0.003003;Healthy;WO285100;1,106.49
03-Jul-2026;ENG-049;298;2026-01-13 10:00:00;642.9500;1602.9500;1422.8400;552.2300;2388.1900;9057.8200;47.9600;520.1100;2388.2100;8130.8600;8.5359;395.0000;-0.396623;1.360453;0.003435;WARNING;WO163279;10,715.33
03-Jul-2026;ENG-052;161;2026-01-07 17:00:00;642.5300;1595.7900;1403.3300;553.8300;2388.0100;9088.5500;47.3600;521.8700;2388.0100;8162.0800;8.4251;392.0000;0.094609;-0.604526;0.004253;healthy;WO655695;2793.07
2026-07-03;ENG-080;103;2026-01-05 07:00:00;642.6400;1589.3800;1408.6600;553.7800;2388.0800;9068.2900;47.5100;521.4900;2388.0400;8141.4300;8.4028;392.0000;0.063266;-0.305706;0.002540;Healthy;WO357910;575.26
03-Jul-2026;ENG-041;117;2026-01-05 21:00:00;642.5600;1590.5900;1421.0700;552.8500;2388.1900;9034.9000;47.7100;521.0800;2388.1800;8120.1800;8.4485;393.0000;-0.085756;0.465315;0.007766;Healthy;WO621337;621.86
03-Jul-2026;eng-027;105;2026-01-05 09:00:00;642.0200;1583.2700;1396.2900;554.2300;2388.0500;9050.7700;47.4100;521.4500;2388.0700;8126.5100;8.4250;392.0000;-0.003950;-0.726177;0.002197;Healthy;WO935395;2541.25
2026-07-03;ENG-091;199;2026-01-09 07:00:00;642.6200;1593.7400;1420.0000;552.3200;2388.2200;9049.3000;47.8600;520.8400;2388.1300;8129.7400;8.4622;395.0000;-0.151895;0.839950;0.001811;Warning;WO534855;4778.06
2026-07-03;ENG-091;214;2026-01-09 22:00:00;642.9300;1586.3400;1414.2600;551.4500;2388.1500;9051.0400;47.7700;520.6200;2388.1600;8127.0200;8.4812;394.0000;-0.162225;0.734125;;Warning;WO278059;17493.85
2026/07/03;ENG-096;69;2026-01-03 21:00:00;641.7900;1589.9200;1389.6100;554.9100;2388.0500;9070.6400;47.0300;522.0600;2387.9800;8144.3900;8.3736;392.0000;0.035448;-1.162472;0.001859;Healthy;WO269239;1,499.86
2026-07-03;ENG-034;154;2026-01-07 10:00:00;642.6400;1591.3400;1410.6700;553.1500;2388.1200;9050.3000;47.3900;521.3300;2388.1300;8141.6700;8.4184;393.0000;0.039316;0.063364;0.001882;Healthy;WO848713;1106.16
03-Jul-2026;ENG-049;268;2026-01-12 04:00:00;642.8300;1590.1300;1417.0200;553.5800;2388.1900;9058.7000;47.7900;521.1000;2388.1300;8126.7500;8.4720;394.0000;-0.045837;0.557868;0.003530;Warning;WO660084;8320.32
2026-07-03;ENG-086;83;2026-01-04 11:00:00;642.3000;1593.2100;1408.7400;554.0900;2388.1100;9054.5800;47.6100;522.0300;2388.0700;8146.6700;8.4435;391.0000;0.070291;-0.314014;0.001109;healthy;WO767099;442.50
2026/07/03;  ENG-051 ;128;2026-01-06 08:00:00;642.6500;1594.7100;1408.2900;553.4900;2388.1000;9051.1500;47.4700;521.6100;2388.1100;8126.8400;8.4420;393.0000;0.034514;0.010123;0.000697;Healthy;WO511039;1,906.07
2026/07/03;ENG-019;101;2026-01-05 05:00:00;642.4000;1582.6500;1398.8500;554.7900;2388.0700;9062.3100;47.5300;521.7300;2388.0300;8139.1200;8.4199;391.0000;0.029875;-0.688780;0.000712;Healthy;WO984504;260.33
2026/07/03;ENG-055;92;2026-01-04 20:00:00;642.9200;1587.4300;1404.0000;554.3400;2388.0500;9051.5700;47.3800;521.9000;2388.1200;8136.9000;8.4370;394.0000;0.033050;-0.269303;0.002373;Healthy;WO930462;2,848.99
2026-07-03;ENG-056;108;2026-01-05 12:00:00;643.0300;1591.9600;1416.6400;552.4400;2388.2300;9040.0100;47.7200;520.1700;2388.2400;8120.3600;8.4690;393.0000;-0.220208;0.778942;0.008347;Warning;WO269354;1686.83
2026/07/03;eng-098;118;2026-01-05 22:00:00;642.6700;1595.1200;1412.8300;553.2200;2388.1300;9065.2400;47.5700;521.7700;2388.1300;8144.0200;8.4815;393.0000;0.056491;0.285324;0.001556;Healthy;WO393230;2915.18
2026/07/03;ENG-004;84;2026-01-04 12:00:00;642.6800;1584.6600;1413.5600;553.8200;2388.1100;9046.4800;47.7000;521.6000;2388.0900;8132.8700;8.4297;393.0000;0.022796;-0.020800;0.002781;healthy;WO337374;2617.17
03-Jul-2026;  ENG-046 ;101;2026-01-05 05:00:00;642.7600;1591.6500;1414.9400;553.4700;2388.1000;9075.4500;47.3900;521.7800;2388.0800;8153.0800;8.4439;393.0000;0.097084;0.055343;0.002247;Healthy;WO420575;2888.83
03-Jul-2026;ENG-076;144;2026-01-07 00:00:00;642.9600;1588.2200;1400.8900;553.6300;2388.0500;9075.4800;47.4100;521.6500;2388.0500;8149.6900;8.3998;392.0000;0.075910;-0.300534;0.001029;Warning;WO378336;5,836.43
2026/07/03;ENG-035;192;2026-01-09 00:00:00;643.5700;1600.1400;1425.4900;551.7500;2388.1800;9083.8900;47.9800;520.2900;2388.2000;8150.3000;8.5117;396.0000;-0.206995;1.511131;0.029166;warning;WO993428;20,290.43
2026/07/03;ENG-072;102;2026-01-05 06:00:00;642.6700;1589.6900;1409.4400;553.9300;2388.0700;9073.8200;47.3400;521.6500;2388.0400;8147.3700;8.4044;391.0000;0.059892;-0.470561;0.002218;Healthy;WO720243;812.40
2026-07-03;ENG-084;169;2026-01-08 01:00:00;642.7700;1590.9500;1415.8400;552.2900;2388.1700;9046.5400;47.6700;520.7500;2388.1300;8136.2500;8.4453;394.0000;-0.033059;0.544064;0.003103;Warning;WO914292;22,388.77
2026-07-03;ENG-045;150;2026-01-07 06:00:00;642.7100;1596.6300;1410.9600;551.9400;2388.0900;9054.4300;47.7300;520.5100;2388.1800;8135.5000;8.4630;394.0000;-0.006675;0.627292;0.006059;Warning;WO617006;14927.30
03-Jul-2026;ENG-054;103;2026-01-05 07:00:00;642.3800;1592.8200;1399.8900;554.6500;2388.0300;9055.3500;47.1700;522.0800;2387.9900;8143.0700;8.4594;391.0000;0.035105;-0.861538;0.000846;Healthy;WO898157;1303.53
03-Jul-2026;eng-062;173;2026-01-08 05:00:00;642.8500;1585.3800;1399.0100;554.2700;2388.0500;9056.0000;47.3300;521.7500;2388.0200;8151.6200;8.4237;391.0000;0.043814;-0.612806;0.001968;Healthy;WO626838;343.23
2026/07/03;ENG-040;98;2026-01-05 02:00:00;642.5300;1593.3400;1410.5900;552.2100;2388.0900;9059.9000;47.6700;521.1700;2388.0600;8134.7700;8.4400;395.0000;0.044976;0.248371;0.000757;healthy;WO356146;2265.36
2026-07-03;  ENG-061 ;123;2026-01-06 03:00:00;641.9400;1583.5400;1411.1600;553.4900;2388.0700;9067.9600;47.2100;521.0300;2388.0800;8143.4500;8.4529;393.0000;0.043106;-0.290483;0.000532;Healthy;WO372418;2497.66
2026/07/03;  ENG-058 ;152;2026-01-07 08:00:00;643.2300;1592.6000;1412.5400;553.9300;2388.1200;9057.0100;47.5600;521.5900;2388.1300;8130.5700;8.4691;394.0000;-0.004136;0.357401;0.002050;Healthy;WO104141;1335.63
2026/07/03;ENG-051;103;2026-01-05 07:00:00;643.2800;1587.8500;1402.1300;554.3500;2388.1000;9051.8200;47.3700;521.7400;2388.0900;8129.2900;8.3847;392.0000;0.007331;-0.522194;0.004295;Healthy;WO996974;1,976.63
2026-07-03;ENG-049;269;2026-01-12 05:00:00;643.0300;1596.3300;1417.0200;552.5700;2388.1600;9061.7300;47.6400;521.1500;2388.1500;8138.5900;8.4727;392.0000;0.018964;0.462080;0.004897;healthy;WO849067;825.98
03-Jul-2026;ENG-049;246;2026-01-11 06:00:00;642.4700;1591.5000;1407.2400;552.9300;2388.1600;9054.3700;47.7200;521.1400;2388.1700;8134.9900;8.4481;394.0000;-0.002863;0.324522;0.003581;Healthy;WO273426;2,051.00
03-Jul-2026;ENG-032;115;2026-01-05 19:00:00;642.0000;1586.2000;1405.6900;553.6800;2387.9800;9074.0000;47.3000;522.3700;2387.9800;8165.1600;8.4103;393.0000;0.069796;-0.926997;0.003563;Healthy;WO630302;1,307.32
2026-07-03;ENG-013;155;2026-01-07 11:00:00;642.5000;1586.6300;1403.1600;553.9400;2388.0400;9062.7300;47.3000;522.2200;2388.0500;8140.2900;8.3871;393.0000;0.026537;-0.776338;0.001245;HEALTHY;WO134746;1,503.87
2026/07/03;ENG-093;236;2026-01-10 20:00:00;643.2200;1592.7500;1416.8300;552.7200;2388.1400;9077.2700;47.7000;520.3500;2388.1100;8149.7600;8.5042;394.0000;0.096893;0.829962;;Warning;WO221881;
2026-07-03;ENG-082;142;2026-01-06 22:00:00;643.1600;1585.4400;1410.6200;552.1700;2388.1600;9052.5900;47.9600;520.9900;2388.1600;8140.7700;8.4598;392.0000;-0.002107;0.448913;0.002231;Warning;WO708733;18,860.46
03-Jul-2026;ENG-070;135;2026-01-06 15:00:00;642.7600;1596.5900;1411.6200;553.0900;2388.1500;9061.3700;47.4200;521.6300;2388.1000;8131.6700;8.4320;392.0000;0.056547;0.069713;0.000396;Healthy;WO608413;2,830.45
2026-07-03;ENG-042;128;2026-01-06 08:00:00;642.9600;1594.2200;1408.5500;553.0000;2388.1300;9045.5300;47.4900;521.0300;2388.0900;8121.5600;8.4661;394.0000;-0.025457;0.307344;0.002093;Healthy;WO211547;2,787.10
2026/07/03;  ENG-081 ;153;2026-01-07 09:00:00;643.1400;1590.1100;1409.4600;553.0100;2388.1000;9072.6100;47.6600;521.1900;2388.1000;8152.1300;8.4520;393.0000;0.069203;0.405580;0.004756;Warning;WO308792;4263.46
2026/07/03;ENG-062;183;2026-01-08 15:00:00;642.2500;1593.7200;1404.1500;554.4300;2388.0200;9067.1500;47.1600;522.3100;2388.0500;8154.1200;8.4209;393.0000;0.033954;-0.847244;0.001292;Healthy;WO685338;867.88
2026-07-03;ENG-031;148;2026-01-07 04:00:00;642.7900;1596.2500;1415.8900;552.7800;2388.0700;9072.8400;47.7500;520.5500;2388.1100;8145.4600;8.4590;393.0000;0.047544;0.479972;0.004123;Warning;WO400678;17234.03
2026/07/03;ENG-013;183;2026-01-08 15:00:00;642.3700;1589.0600;1400.9700;553.8000;2388.0600;9068.1400;47.4200;521.5100;2388.0300;8140.6100;8.4217;391.0000;0.052413;-0.596793;0.002218;Healthy;WO333049;305.14
2026/07/03;ENG-089;127;2026-01-06 07:00:00;642.9100;1588.2300;1402.3300;553.4900;2388.1200;9051.9500;47.5300;521.7600;2388.1400;8131.3200;8.4171;393.0000;0.051707;-0.130858;0.002979;Healthy;WO795200;2351.42
2026/07/03;  ENG-043 ;130;2026-01-06 10:00:00;642.3500;1593.8600;1409.6500;553.5900;2388.1300;9062.9600;47.5300;521.6300;2388.1200;8132.5000;8.4405;395.0000;0.037021;0.090249;0.002380;Healthy;WO470188;784.11
03-Jul-2026;ENG-090;129;2026-01-06 09:00:00;643.0300;1592.4700;1420.0800;552.5200;2388.1000;9073.0700;47.6900;521.3100;2388.1000;8147.9500;8.4677;395.0000;0.058027;0.615614;0.008740;Warning;WO999205;19,886.64
2026-07-03;eng-041;121;2026-01-06 01:00:00;643.0500;1595.7300;1411.4500;551.7700;2388.2000;9029.7100;47.7500;520.8200;2388.2100;8115.3800;8.4697;394.0000;-0.238578;0.757613;0.020857;Warning;WO450224;3,410.17
2026/07/03;ENG-024;183;2026-01-08 15:00:00;643.3600;1588.3400;1412.6000;553.6100;2388.1000;9145.7700;47.6400;521.7800;2388.0400;8214.3300;8.4718;394.0000;0.948206;0.741300;0.020046;Warning;WO851972;9687.93
2026-07-03;  ENG-022 ;29;2026-01-02 05:00:00;642.3000;1596.9900;1406.0500;553.0000;2388.1000;9047.4800;47.4400;522.0400;2388.0800;8127.6200;8.4431;394.0000;0.058559;-0.112654;0.002536;Healthy;WO520494;622.55
2026-07-03;ENG-081;143;2026-01-06 23:00:00;642.6200;1591.8900;1400.2500;554.1200;2388.0600;9069.1700;47.5100;522.1200;2388.0500;8150.1500;8.4521;394.0000;0.088607;-0.230847;0.001986;Healthy;WO733413;1510.53
2026/07/03;ENG-093;233;2026-01-10 17:00:00;643.2600;1596.5200;1419.0900;552.8200;2388.1200;9074.5300;47.9500;520.7900;2388.1700;8147.0200;8.4792;394.0000;0.044051;0.847047;0.013691;Healthy;WO818250;696.55
2026/07/03;ENG-018;133;2026-01-06 13:00:00;643.0000;1600.4500;1419.1800;553.3600;2388.1400;9056.0900;47.7000;521.0600;2388.1900;8136.8000;8.4418;395.0000;-0.029792;0.653758;0.001196;Warning;WO771555;11820.63
03-Jul-2026;  ENG-091 ;228;2026-01-10 12:00:00;643.2400;1595.6900;1426.9500;552.7400;2388.2300;9050.0400;47.8700;519.9600;2388.1800;8130.8900;8.4795;395.0000;-0.427149;1.278791;0.011283;Warning;WO340792;16048.85
03-Jul-2026;ENG-034;203;2026-01-09 11:00:00;643.7400;1600.3800;1427.4900;551.7700;2388.2900;9036.2700;48.1300;519.4400;2388.2500;8122.1100;8.5158;397.0000;-0.999520;1.794920;0.010335;warning;WO783161;8109.20
2026/07/03;ENG-068;171;2026-01-08 03:00:00;643.0600;1589.6600;1419.0400;552.4200;2388.0800;9071.2300;47.9200;520.4100;2388.1700;8151.7900;8.5071;396.0000;0.032553;1.041497;0.024477;Warning;WO137032;16199.02
03-Jul-2026;ENG-100;153;2026-01-07 09:00:00;642.6000;1583.7100;1396.7300;553.2700;2388.0400;9089.4100;47.3500;522.1100;2388.0100;8163.5500;8.4185;391.0000;0.093220;-0.832352;0.013280;Healthy;WO108431;199.98
03-Jul-2026;ENG-004;106;2026-01-05 10:00:00;642.7800;1594.5300;1406.8800;552.6400;2388.1300;9051.3000;47.6500;521.8800;2388.1100;8133.6400;8.4634;395.0000;0.012803;0.385672;0.001587;healthy;WO896267;1,408.71
2026/07/03;ENG-060;112;2026-01-05 16:00:00;641.9800;1585.4900;1404.3600;553.7800;2388.1400;9055.0900;47.4200;521.9100;2388.1000;8142.3900;8.4446;391.0000;0.034161;-0.541590;0.001132;Healthy;WO221580;2029.12
2026/07/03;  ENG-080 ;117;2026-01-05 21:00:00;642.6900;1593.7600;1414.5400;553.1800;2388.0800;9067.3700;47.5800;521.2600;2388.1100;8144.2500;8.4727;392.0000;0.084924;0.096876;0.004614;WARNING;WO964337;12283.34
03-Jul-2026;  ENG-065 ;51;2026-01-03 03:00:00;642.2700;1581.2100;1390.1800;554.5000;2388.0100;9069.7900;47.3200;522.9000;2387.9800;8153.4800;8.3973;393.0000;0.070766;-1.203111;0.001196;healthy;WO191626;
2026-07-03;ENG-056;134;2026-01-06 14:00:00;643.1000;1596.1900;1426.3200;552.2500;2388.2800;9049.5200;47.9900;520.3600;2388.3200;8125.0300;8.4924;395.0000;-0.629503;1.422579;0.011430;Warning;WO926784;16783.08
03-Jul-2026;ENG-032;145;2026-01-07 01:00:00;642.9600;1587.3700;1406.2200;553.8400;2388.0500;9105.1300;47.4800;522.3000;2388.0500;8173.9000;8.4380;394.0000;0.136283;-0.304039;0.017880;Warning;WO431406;988.45
2026-07-03;  ENG-070 ;128;2026-01-06 08:00:00;642.8300;1593.5700;1400.9500;552.9200;2388.0900;9055.7400;47.5200;521.4100;2388.1200;8129.4100;8.4221;391.0000;0.057837;-0.032958;0.002479;Healthy;WO989196;580.21
2026/07/03;eng-034;181;2026-01-08 13:00:00;643.2800;1596.1600;1416.2300;552.6000;2388.1700;9050.6200;47.6200;520.4800;2388.1200;8131.5500;8.4636;395.0000;-0.125055;0.824315;0.006708;Warning;WO807543;6371.06
2026-07-03;  ENG-043 ;158;2026-01-07 14:00:00;642.4100;1592.2200;1405.5400;553.1700;2388.1700;9049.7100;47.6500;521.5900;2388.1200;8136.3100;8.4276;392.0000;0.028899;0.090585;0.001516;Healthy;WO812137;1914.71
03-Jul-2026;eng-054;100;2026-01-05 04:00:00;642.2400;1589.5000;1402.7400;554.7500;2388.0100;9060.1600;47.0700;522.4400;2388.0900;8145.2100;8.3746;392.0000;0.007463;-1.058197;0.001891;Healthy;WO128310;
03-Jul-2026;  ENG-064 ;146;2026-01-07 02:00:00;643.0400;1589.0800;1410.5000;552.6700;2388.0700;9049.6200;47.5300;521.5000;2388.1100;8132.3700;8.4475;393.0000;0.030736;0.230146;0.002522;Healthy;WO629489;455.72
2026/07/03;ENG-015;66;2026-01-03 18:00:00;642.5300;1586.6600;1406.5300;553.6300;2388.0200;9059.4500;47.4500;522.1100;2388.0800;8141.9900;8.4304;394.0000;0.051620;-0.533833;0.001158;Healthy;WO820545;2193.02
2026/07/03;ENG-013;147;2026-01-07 03:00:00;642.4900;1586.1500;1400.4600;553.7900;2388.1000;9060.5500;47.2600;521.6500;2388.0000;8141.7700;8.4371;393.0000;0.043898;-0.541718;0.001315;Healthy;WO127363;68.87
2026/07/03;ENG-007;141;2026-01-06 21:00:00;642.7500;1585.2300;1407.9300;554.1000;2388.1000;9069.2800;47.3900;522.3600;2388.0000;8148.4700;8.4582;391.0000;0.062839;-0.501965;0.000457;Healthy;WO554507;2,957.59
2026/07/03;ENG-073;78;2026-01-04 06:00:00;642.1900;1587.9700;1399.7100;554.1000;2388.0400;9053.1600;47.3300;521.8200;2388.0800;8137.1200;8.4163;392.0000;0.011778;-0.763228;0.002784;Healthy;WO456677;2664.30
03-Jul-2026;  ENG-012 ;193;2026-01-09 01:00:00;641.9000;1594.8600;1400.0500;553.9700;2388.0300;9071.9400;47.3300;521.6700;2388.0200;8146.5800;8.4362;393.0000;0.055067;-0.692430;0.000913;Healthy;WO432737;518.83
03-Jul-2026;eng-091;211;2026-01-09 19:00:00;643.3400;1593.5100;1419.7300;552.2500;2388.2000;9046.3200;47.7600;520.2400;2388.1800;8126.3800;8.4682;394.0000;-0.325817;1.015908;0.010341;Warning;WO857841;24053.66
03-Jul-2026;ENG-066;127;2026-01-06 07:00:00;643.0500;1599.3800;1415.8500;552.6800;2388.1400;9094.5000;47.8300;520.7300;2388.1500;8171.0100;8.4648;394.0000;0.289199;0.901685;0.006436;Warning;WO424363;14148.03
03-Jul-2026;ENG-092;142;2026-01-06 22:00:00;643.3500;1590.0100;1419.7000;552.0800;2388.2500;9050.7400;47.7800;519.9500;2388.2200;8123.2100;8.5374;396.0000;-0.519807;1.241461;0.017367;Warning;WO756960;4962.96
2026-07-03;ENG-041;118;2026-01-05 22:00:00;643.1400;1587.7900;1410.9000;552.3300;2388.1700;9037.4900;47.6000;521.3700;2388.1700;8114.7700;8.4545;394.0000;-0.073863;0.491191;0.005375;Warning;WO797569;8170.68
2026-07-03;ENG-068;157;2026-01-07 13:00:00;642.7200;1587.9300;1417.9100;552.6100;2388.1600;9067.4300;47.6000;520.9900;2388.1700;8140.8100;8.4590;394.0000;-0.004565;0.536560;0.005605;Warning;WO871123;2,348.20
03-Jul-2026;ENG-005;67;2026-01-03 19:00:00;642.5800;1586.5900;1410.2900;553.2000;2388.1000;9058.1700;47.5300;521.7500;2388.0600;8128.1600;8.4509;394.0000;0.049166;-0.030648;;Healthy;WO113002;2732.35
2026-07-03;ENG-019;108;2026-01-05 12:00:00;642.6200;1586.9000;1401.3700;554.6100;2388.0700;9061.9600;47.4500;521.9400;2388.0000;8140.7600;8.4109;391.0000;0.037306;-0.677710;0.002238;Healthy;WO213336;2,030.83
2026-07-03;ENG-004;83;2026-01-04 11:00:00;642.4900;1593.5800;1407.8200;553.7500;2388.1200;9048.3900;47.5200;520.7900;2388.0800;8134.9400;8.4438;392.0000;0.027498;-0.006641;0.001413;Healthy;WO254594;2650.41
2026/07/03;eng-074;94;2026-01-04 22:00:00;642.5200;1595.0400;1403.6600;554.4100;2388.0000;9063.9100;47.3200;521.4600;2388.1200;8140.1000;8.4105;393.0000;0.043650;-0.332206;0.001465;Healthy;WO143481;241.75
03-Jul-2026;  ENG-023 ;99;2026-01-05 03:00:00;642.0300;1586.6800;1398.0300;554.9200;2388.0200;9051.4600;47.1600;522.1800;2388.0300;8138.2800;8.4449;393.0000;0.012102;-0.998063;0.000880;Healthy;WO776794;118.97
2026/07/03;  ENG-029 ;159;2026-01-07 15:00:00;642.5800;1594.0600;1409.4100;553.4900;2388.0300;9068.8000;47.2800;521.7400;2388.0400;8144.5000;8.4577;393.0000;0.081207;-0.262289;0.001362;Warning;WO481643;18,454.95
2026/07/03;ENG-097;128;2026-01-06 08:00:00;642.4600;1590.6100;1401.1800;553.8700;2388.0500;9074.3500;47.5000;521.6400;2388.0600;8155.9100;8.4026;392.0000;0.073868;-0.532183;0.003253;Healthy;WO885442;2710.41
03-Jul-2026;  ENG-012 ;181;2026-01-08 13:00:00;642.4400;1586.4400;1397.9500;553.9500;2388.0200;9062.9000;47.3400;522.6700;2388.0200;8148.4300;8.4306;393.0000;0.056383;-0.831272;;Healthy;WO254965;1,985.34
2026-07-03;ENG-072;93;2026-01-04 21:00:00;642.3900;1588.8200;1405.5100;553.9600;2388.0700;9069.8000;47.4400;521.9300;2388.0300;8142.6900;8.4009;393.0000;0.053809;-0.503670;0.001811;healthy;WO305688;1896.89
2026-07-03;  ENG-052 ;155;2026-01-07 11:00:00;642.5400;1588.2700;1404.7900;553.7000;2388.0600;9079.2400;47.5300;522.2800;2388.0600;8157.7500;8.4226;390.0000;0.076623;-0.694307;0.002211;Healthy;WO990594;989.60
2026/07/03;  ENG-003 ;120;2026-01-06 00:00:00;642.8400;1599.4900;1416.6400;552.3100;2388.1400;9050.5400;47.8800;521.0300;2388.1400;8129.5100;8.4614;394.0000;-0.065304;0.783285;0.000598;Warning;WO777655;9,189.75
2026/07/03;ENG-011;76;2026-01-04 04:00:00;642.9300;1596.6800;1411.4700;553.3600;2388.1600;9038.1000;47.5900;521.2000;2388.1100;8123.9900;8.4538;393.0000;-0.035877;0.323340;0.002735;Warning;WO586286;16827.12
2026-07-03;  ENG-084 ;150;2026-01-07 06:00:00;642.3400;1591.8300;1415.1900;553.0200;2388.1100;9052.6300;47.6300;520.9100;2388.0600;8137.6500;8.4346;394.0000;0.014106;0.245434;0.001514;Warning;WO188386;7661.79
2026/07/03;ENG-034;168;2026-01-08 00:00:00;643.2900;1589.4500;1410.7800;553.4100;2388.1400;9064.2500;47.6700;521.4800;2388.1100;8134.2500;8.4628;393.0000;0.036361;0.259047;0.001601;Healthy;WO426076;2771.62
2026/07/03;ENG-049;224;2026-01-10 08:00:00;642.1200;1593.8400;1408.6900;553.5400;2388.0400;9064.6900;47.4300;521.3300;2388.0200;8131.9900;8.4301;393.0000;0.066020;-0.234056;0.001949;Healthy;WO941107;2299.06
2026-07-03;ENG-046;128;2026-01-06 08:00:00;642.6600;1593.3900;1404.6900;552.8700;2388.0900;9082.8900;47.7600;521.2400;2388.1400;8153.6300;8.4696;393.0000;0.102689;0.310076;0.006706;WARNING;WO558966;17364.85
03-Jul-2026;eng-041;94;2026-01-04 22:00:00;643.1700;1593.8400;1407.6200;554.3300;2388.1000;9050.7700;47.4500;521.0900;2388.0900;8121.9500;8.4183;393.0000;0.008801;-0.051783;0.002068;Healthy;WO190639;311.14
2026/07/03;ENG-029;137;2026-01-06 17:00:00;641.9400;1588.7100;1405.8200;553.4400;2388.0200;9059.5500;47.3600;521.9500;2387.9900;8149.7500;8.4551;393.0000;0.067361;-0.568860;0.004445;Healthy;WO143768;468.95
2026/07/03;ENG-032;98;2026-01-05 02:00:00;642.1200;1584.7700;1404.7700;554.1400;2388.0600;9077.8100;47.2600;522.1400;2388.0600;8162.4600;8.4314;394.0000;0.056178;-0.794794;0.002072;healthy;WO974369;2,805.49
2026-07-03;ENG-028;113;2026-01-05 17:00:00;642.8500;1592.1100;1407.1900;553.9300;2388.0500;9056.7100;47.5500;521.2400;2388.0900;8133.0600;8.4037;393.0000;0.049339;-0.169941;;Healthy;WO752178;347.42
2026-07-03;  ENG-035 ;175;2026-01-08 07:00:00;643.4400;1600.6600;1417.6500;552.4200;2388.1500;9074.5100;47.9000;520.5900;2388.2100;8145.7900;8.4699;396.0000;-0.124939;1.237496;0.007084;WARNING;WO150025;14,941.87
03-Jul-2026;eng-035;186;2026-01-08 18:00:00;643.3400;1595.6000;1425.6600;552.3000;2388.2000;9074.9600;47.9400;520.4700;2388.1900;8143.4800;8.4832;396.0000;-0.277883;1.445206;0.035187;Warning;WO279996;4525.88
2026-07-03;ENG-027;121;2026-01-06 01:00:00;642.5600;1590.4300;1405.5500;553.5100;2388.0800;9062.1800;47.5800;521.7900;2388.0100;8133.3400;8.3956;392.0000;0.056100;-0.367213;0.000423;Healthy;WO163612;2237.98
03-Jul-2026;eng-023;110;2026-01-05 14:00:00;642.2200;1582.9000;1399.4600;554.1800;2388.0400;9057.0400;47.2800;522.0400;2388.0200;8131.0400;8.3943;393.0000;0.005129;-0.952241;0.001859;Healthy;WO358881;1334.89
03-Jul-2026;ENG-087;47;2026-01-02 23:00:00;642.2400;1582.9200;1400.8900;554.4700;2388.0200;9058.2100;47.4200;522.1000;2388.0800;8141.5400;8.3898;392.0000;0.019145;-0.829392;0.002380;Healthy;WO725027;779.80
2026/07/03;eng-074;135;2026-01-06 15:00:00;642.7100;1596.4900;1409.9800;554.1800;2388.0800;9056.0000;47.5900;520.9400;2388.0800;8138.5600;8.4460;393.0000;0.036161;0.154958;0.001641;Healthy;WO560863;1427.16
2026/07/03;ENG-076;200;2026-01-09 08:00:00;643.2700;1601.4000;1422.5700;552.3500;2388.1500;9099.9900;48.0200;520.5400;2388.1200;8179.0300;8.4897;396.0000;0.350633;1.482081;0.038211;Warning;WO205294;3,663.24
2026-07-03;  ENG-011 ;66;2026-01-03 18:00:00;642.7400;1598.2000;1413.5000;553.8900;2388.1500;9036.1200;47.6400;521.3500;2388.1400;8121.1900;8.4227;392.0000;-0.022332;0.060906;0.002700;Healthy;WO564713;2687.60
2026/07/03;ENG-009;42;2026-01-02 18:00:00;643.0800;1594.7900;1404.2100;553.6600;2388.0900;9051.8300;47.4600;521.2900;2388.1700;8131.1900;8.4179;394.0000;0.012999;0.174392;0.000861;healthy;WO449533;1,414.58
03-Jul-2026;  ENG-093 ;228;2026-01-10 12:00:00;642.7700;1598.9300;1414.0400;552.5500;2388.1100;9077.5200;47.9500;520.8100;2388.1300;8153.0200;8.4567;395.0000;0.102800;0.774205;0.004200;Warning;WO404212;21,918.05
2026/07/03;ENG-008;132;2026-01-06 12:00:00;642.8700;1583.5100;1414.4700;553.9100;2388.1100;9052.0400;47.3700;521.8400;2388.1300;8131.8500;8.4365;393.0000;0.037097;-0.127767;0.001321;HEALTHY;WO506394;1,322.71
03-Jul-2026;ENG-046;145;2026-01-07 01:00:00;643.5800;1596.8000;1413.2400;552.9800;2388.1200;9086.3800;47.7200;521.0400;2388.1600;8160.1000;8.4804;395.0000;0.176596;0.819002;0.003010;Warning;WO519496;11603.17
2026-07-03;ENG-054;104;2026-01-05 08:00:00;642.5000;1586.9700;1398.6400;554.0200;2388.0100;9059.5200;47.1200;522.1800;2388.0500;8150.2300;8.3879;392.0000;0.032722;-1.020578;0.001381;HEALTHY;WO350968;2691.03
03-Jul-2026;ENG-063;110;2026-01-05 14:00:00;642.1900;1589.1800;1406.0300;553.7200;2388.1600;9042.6200;47.6000;521.5100;2388.1100;8126.8600;8.4757;393.0000;0.005392;-0.050478;0.002816;Healthy;WO688844;720.39
2026-07-03;ENG-070;138;2026-01-06 18:00:00;642.5500;1586.2600;1405.8100;553.5200;2388.0800;9054.1800;47.5100;521.8100;2388.1000;8131.4200;8.4178;394.0000;0.054471;-0.110093;0.001094;Healthy;WO211259;267.93
2026/07/03;ENG-050;53;2026-01-03 05:00:00;642.6100;1581.2900;1395.4600;554.4500;2388.0300;9066.9700;47.4100;522.1600;2388.0500;8140.4600;8.4088;392.0000;0.035801;-0.928000;0.001691;Healthy;WO954328;1096.84
03-Jul-2026;ENG-034;144;2026-01-07 00:00:00;642.7200;1584.9400;1408.3700;553.3300;2388.0400;9057.0100;47.5300;521.7400;2388.0500;8143.3600;8.4183;394.0000;0.062487;-0.302385;0.001961;Warning;WO956166;6018.74
2026-07-03;ENG-002;41;2026-01-02 17:00:00;642.7800;1595.9800;1405.7900;553.4400;2388.0800;9042.0300;47.4400;521.4700;2388.1000;8125.4900;8.4247;393.0000;0.031075;-0.068987;0.000579;Healthy;WO163292;1861.30
2026/07/03;eng-031;171;2026-01-08 03:00:00;643.4900;1594.5100;1417.4400;552.7200;2388.1000;9078.1700;47.7400;520.6400;2388.1100;8156.6000;8.4836;394.0000;0.117568;0.759189;0.004395;Warning;WO878308;20935.15
2026-07-03;ENG-059;76;2026-01-04 04:00:00;642.0100;1588.9600;1397.1300;554.3600;2388.0300;9056.5000;47.2000;522.4200;2388.0400;8143.1800;8.4166;393.0000;0.021676;-0.947840;0.001007;healthy;WO136754;122.15
03-Jul-2026;  ENG-008 ;112;2026-01-05 16:00:00;642.8600;1595.8200;1402.8000;553.6500;2388.1300;9052.5900;47.6000;521.5800;2388.1100;8130.8900;8.4247;394.0000;0.047944;-0.062532;0.000810;Healthy;WO209647;2848.76
2026/07/03;ENG-081;161;2026-01-07 17:00:00;642.8200;1589.8500;1410.1700;552.5800;2388.0900;9073.9900;47.5300;521.2200;2388.0500;8150.5300;8.4524;394.0000;0.092333;0.210560;0.003490;Warning;WO303477;6242.50
03-Jul-2026;eng-080;119;2026-01-05 23:00:00;642.2700;1594.5200;1405.3300;553.6300;2388.1000;9066.4300;47.6900;520.9600;2388.1200;8138.5000;8.4286;392.0000;0.066492;-0.011325;0.002420;warning;WO552411;2888.30
2026/07/03;ENG-017;144;2026-01-07 00:00:00;642.6800;1592.0200;1404.6800;552.8400;2387.9900;9078.9600;47.5200;521.2900;2388.0600;8162.5200;8.4318;393.0000;0.125971;-0.028942;0.002322;Healthy;WO920756;1,639.91
2026/07/03;ENG-093;203;2026-01-09 11:00:00;643.1200;1592.0700;1415.2000;552.6000;2388.1000;9072.6900;47.7000;520.9100;2388.0900;8146.7800;8.4739;394.0000;0.045520;0.605665;0.000386;Warning;WO408153;18204.09
2026/07/03;ENG-099;66;2026-01-03 18:00:00;641.6700;1588.0900;1392.5900;554.8600;2388.0300;9060.8700;47.1400;522.0700;2388.0200;8148.6800;8.4054;392.0000;0.037709;-1.155920;0.002342;Healthy;WO270192;1944.94
03-Jul-2026;ENG-071;48;2026-01-03 00:00:00;642.2300;1582.6200;1401.0800;553.7700;2387.9900;9071.4000;47.2700;522.3700;2388.0000;8154.7800;8.3890;392.0000;0.063618;-0.958774;0.001875;Healthy;WO772930;148.44
03-Jul-2026;ENG-035;158;2026-01-07 14:00:00;642.9800;1599.1900;1413.5300;553.1200;2388.1600;9073.1600;47.8600;520.8100;2388.1200;8143.1400;8.4442;395.0000;0.038361;0.840099;0.004753;healthy;WO181989;664.00
03-Jul-2026;ENG-049;214;2026-01-09 22:00:00;642.5700;1589.9100;1408.8700;553.6000;2388.0500;9063.7400;47.5100;521.7900;2388.1000;8141.6700;8.4351;394.0000;0.071650;-0.206563;0.001260;Healthy;WO486609;167.79
03-Jul-2026;ENG-014;36;2026-01-02 12:00:00;642.8700;1596.7100;1408.2300;553.4500;2388.1800;9035.1200;47.4500;520.9500;2388.1400;8118.9600;8.4130;395.0000;-0.056763;0.219755;0.003003;Healthy;WO762693;1,081.21
03-Jul-2026;eng-080;127;2026-01-06 07:00:00;642.0500;1589.7600;1408.0200;553.0300;2388.0700;9065.5500;47.5500;521.6400;2388.0700;8143.5200;8.4854;393.0000;0.096970;-0.014813;0.001993;Warning;WO281860;1,578.05
03-Jul-2026;ENG-046;134;2026-01-06 14:00:00;643.0600;1590.0000;1413.9900;552.8900;2388.1200;9076.8900;47.7100;521.6100;2388.0500;8158.4100;8.4555;395.0000;0.092277;0.351652;0.004797;warning;WO796640;6,385.48
2026/07/03;ENG-045;105;2026-01-05 09:00:00;643.0800;1586.8200;1402.6700;552.7200;2388.1400;9055.3200;47.5500;521.4400;2388.1200;8141.3100;8.4411;393.0000;0.043850;0.151452;0.003390;Warning;WO414477;9267.25
2026/07/03;ENG-031;179;2026-01-08 11:00:00;643.4800;1598.0200;1426.4000;552.8600;2388.1100;9086.5700;48.0200;519.7100;2388.1500;8154.7000;8.4857;394.0000;0.026275;1.301106;0.018152;Warning;WO748647;1941.40
2026-07-03;ENG-003;94;2026-01-04 22:00:00;642.6800;1588.4000;1413.4900;552.8300;2388.1600;9056.8000;47.6400;521.2300;2388.1100;8131.8300;8.4445;394.0000;0.002520;0.234521;0.001927;Healthy;WO958119;2,547.12
03-Jul-2026;ENG-042;134;2026-01-06 14:00:00;643.1000;1591.2500;1413.0400;552.9300;2388.1600;9039.1200;47.5800;520.5100;2388.2100;8118.0700;8.4762;394.0000;-0.129382;0.649629;0.006989;Warning;WO630676;16673.92
03-Jul-2026;ENG-051;123;2026-01-06 03:00:00;642.2800;1583.3000;1415.0200;552.7500;2388.0800;9052.0400;47.5700;521.5200;2388.1200;8131.7500;8.3903;392.0000;0.044124;-0.218296;0.001950;Healthy;WO350133;1,419.45
03-Jul-2026;  ENG-092 ;131;2026-01-06 11:00:00;643.3500;1590.9800;1419.7500;552.4500;2388.1900;9043.6300;47.9100;520.4900;2388.1900;8121.2000;8.4779;394.0000;-0.231878;0.895306;;Healthy;WO868251;1915.51
2026/07/03;ENG-086;84;2026-01-04 12:00:00;642.4000;1583.6100;1413.9800;553.4500;2388.1500;9059.3200;47.4300;521.8300;2388.0400;8143.6500;8.4027;392.0000;0.053154;-0.296112;0.000640;healthy;WO180300;2,788.39
03-Jul-2026;ENG-082;130;2026-01-06 10:00:00;643.1000;1592.0900;1414.0100;553.0700;2388.1400;9054.4500;47.7500;521.3200;2388.1300;8139.3000;8.4539;393.0000;0.006367;0.405698;0.002995;Healthy;WO136902;2702.96
2026/07/03;eng-013;158;2026-01-07 14:00:00;642.4900;1589.5400;1406.4000;554.0000;2388.0500;9056.6900;47.4300;521.8700;2388.0300;8145.4600;8.4298;393.0000;0.052348;-0.479155;0.003676;Healthy;WO727089;2879.97
03-Jul-2026;  ENG-066 ;105;2026-01-05 09:00:00;642.8900;1588.0500;1405.1300;552.4700;2388.0800;9076.1500;47.5200;520.6900;2388.1000;8158.8300;8.4166;395.0000;0.098849;0.252184;0.001365;Healthy;WO404295;154.72
2026/07/03;ENG-020;173;2026-01-08 05:00:00;643.6100;1599.2700;1421.4900;552.4000;2388.1700;9058.2800;47.6600;521.0000;2388.1700;8142.9900;8.4736;397.0000;-0.190162;1.218294;0.012227;WARNING;WO458201;9,234.47
03-Jul-2026;  ENG-081 ;150;2026-01-07 06:00:00;642.3700;1597.3200;1408.4700;552.6000;2388.1000;9070.9000;47.4100;521.4200;2388.0700;8145.0400;8.4450;394.0000;0.089188;0.145711;0.000340;Healthy;WO685321;2,042.89
2026/07/03;ENG-093;229;2026-01-10 13:00:00;642.8100;1589.5600;1415.0200;552.3300;2388.1200;9074.8200;47.5500;520.4600;2388.1100;8152.0300;8.4238;394.0000;0.076003;0.583639;0.005486;WARNING;WO131932;22,153.01
03-Jul-2026;ENG-008;126;2026-01-06 06:00:00;642.6600;1590.3000;1413.2200;553.8300;2388.1700;9050.6300;47.3700;521.6500;2388.1000;8131.9400;8.3663;394.0000;0.008001;-0.018504;0.001103;Healthy;WO158741;
03-Jul-2026;ENG-089;168;2026-01-08 00:00:00;642.6900;1584.6800;1408.0900;553.6700;2388.1200;9051.8500;47.5400;521.5900;2388.1000;8126.5600;8.4344;392.0000;0.023800;-0.081083;0.003284;Healthy;WO309171;1,299.41
03-Jul-2026;ENG-075;82;2026-01-04 10:00:00;642.4500;1586.1600;1403.0200;553.7400;2388.0700;9056.0400;47.3700;521.8000;2388.0700;8140.5900;8.4521;393.0000;0.050245;-0.331397;0.001500;Warning;WO489092;3189.28
2026-07-03;ENG-045;122;2026-01-06 02:00:00;642.6200;1583.0600;1410.8100;552.5700;2388.0500;9062.1100;47.6600;521.2300;2388.2000;8147.0900;8.4352;394.0000;0.064647;0.128144;0.001091;Healthy;WO350389;2879.79
2026-07-03;ENG-096;96;2026-01-05 00:00:00;642.4600;1586.2200;1404.7600;554.2100;2388.0300;9072.1400;47.4400;522.4000;2388.0500;8144.7900;8.4437;393.0000;0.064595;-0.640824;0.003466;Healthy;WO660358;2393.47
2026/07/03;ENG-093;187;2026-01-08 19:00:00;642.7900;1590.7900;1408.4100;553.7000;2388.0900;9062.0400;47.6600;521.3300;2388.0600;8142.0300;8.4168;394.0000;0.057113;0.139727;0.001480;Healthy;WO100327;
2026-07-03;ENG-047;73;2026-01-04 01:00:00;642.7300;1587.0900;1402.7900;553.0500;2388.1600;9038.3200;47.4400;521.2900;2388.1400;8125.5700;8.4586;392.0000;-0.007973;0.030378;0.000741;Healthy;WO283026;1,990.10
03-Jul-2026;ENG-070;132;2026-01-06 12:00:00;642.6600;1588.1800;1409.7300;553.6000;2388.1700;9051.8800;47.3000;521.3500;2388.1000;8135.0200;8.4022;392.0000;0.038087;-0.235830;0.001300;healthy;WO613444;1254.21
2026-07-03;  ENG-077 ;134;2026-01-06 14:00:00;642.6000;1596.1000;1406.2800;553.2600;2388.1300;9050.7600;47.5900;520.9500;2388.1300;8131.2700;8.4415;393.0000;0.007872;0.166225;0.001264;Healthy;WO553783;1085.37
2026-07-03;ENG-019;92;2026-01-04 20:00:00;642.2000;1592.6300;1402.4100;554.8400;2388.0300;9059.0500;47.4000;521.8200;2388.0600;8138.0900;8.3962;393.0000;0.025091;-0.656562;0.001050;Healthy;WO772983;2,935.74
2026-07-03;ENG-020;147;2026-01-07 03:00:00;642.6500;1592.8100;1409.3200;552.8200;2388.1500;9070.8000;47.6800;520.8900;2388.1300;8142.9900;8.4544;393.0000;0.032587;0.418171;0.002475;Healthy;WO599611;95.16
03-Jul-2026;ENG-074;121;2026-01-06 01:00:00;642.1400;1588.5200;1411.1000;553.5200;2388.1400;9059.5800;47.6300;521.2800;2388.0900;8140.7300;8.4446;393.0000;0.050621;-0.018170;0.003186;Healthy;WO316099;2591.60
03-Jul-2026;  ENG-089 ;175;2026-01-08 07:00:00;643.0100;1592.4300;1410.2600;553.7000;2388.0800;9055.9100;47.5100;521.2400;2388.1400;8133.8200;8.4156;392.0000;0.037991;0.068439;0.001763;Healthy;WO702527;1283.44
2026/07/03;eng-046;132;2026-01-06 12:00:00;643.2800;1593.2900;1414.6000;553.3000;2388.1000;9084.2300;47.7400;520.2400;2388.1100;8152.1400;8.4493;394.0000;0.074575;0.520950;0.002329;Healthy;WO798576;2415.86
03-Jul-2026;ENG-092;107;2026-01-05 11:00:00;642.9100;1591.9200;1414.1700;552.3500;2388.1700;9050.5800;47.7300;520.7800;2388.1800;8123.5100;8.4663;395.0000;-0.177000;0.790049;0.001601;Warning;WO957758;11,174.13
2026/07/03;eng-070;146;2026-01-07 02:00:00;642.2500;1586.8300;1410.1300;553.3700;2388.1500;9065.1800;47.5200;521.7800;2388.1500;8131.5800;8.4664;394.0000;0.034186;0.044211;;Healthy;WO705191;2226.78
03-Jul-2026;ENG-051;113;2026-01-05 17:00:00;642.2700;1589.0800;1406.5100;553.0000;2388.0500;9046.2300;47.4400;521.8700;2388.0400;8126.8200;8.4503;393.0000;0.047975;-0.275465;0.001410;Healthy;WO414759;573.69
03-Jul-2026;ENG-013;167;2026-01-07 23:00:00;642.1400;1589.2000;1402.8200;554.0600;2388.0700;9062.2500;47.4500;521.3800;2388.0400;8141.1500;8.4462;392.0000;0.046092;-0.444305;0.001907;Healthy;WO766180;1,621.99
2026-07-03;eng-055;86;2026-01-04 14:00:00;642.1000;1593.6300;1402.7300;553.6300;2387.9600;9054.0900;47.3900;522.2300;2388.0600;8136.7500;8.4127;391.0000;0.034031;-0.877914;0.001811;HEALTHY;WO694852;898.33
2026-07-03;ENG-011;67;2026-01-03 19:00:00;643.1600;1580.7500;1408.7000;553.5900;2388.1200;9041.5800;47.4900;521.3500;2388.1500;8119.1000;8.4364;392.0000;-0.014064;-0.069783;0.007111;Healthy;WO286547;1,753.14
2026-07-03;eng-064;157;2026-01-07 13:00:00;642.7400;1590.4500;1417.4800;552.4700;2388.1800;9062.1700;47.8100;520.4300;2388.1400;8131.6900;8.4634;394.0000;-0.125346;0.809651;0.007982;warning;WO974051;5453.03
03-Jul-2026;ENG-051;99;2026-01-05 03:00:00;642.8600;1593.3300;1406.9700;554.2500;2388.0700;9054.4900;47.5100;521.6300;2388.1100;8134.5200;8.4352;395.0000;0.044443;0.023802;0.002134;Healthy;WO928516;1916.11
2026/07/03;ENG-090;119;2026-01-05 23:00:00;642.9300;1591.7900;1413.0300;552.7300;2388.1100;9076.6500;47.5300;521.1000;2388.1300;8146.5500;8.4240;395.0000;0.060074;0.327387;0.003127;Healthy;WO557972;
03-Jul-2026;eng-008;145;2026-01-07 01:00:00;642.5000;1583.2900;1407.3800;552.8500;2388.1400;9049.4200;47.7600;520.8100;2388.1200;8133.1600;8.4447;393.0000;-0.010822;0.228415;0.001386;Healthy;WO691120;2053.76
2026-07-03;eng-045;120;2026-01-06 00:00:00;642.8100;1591.2800;1407.5800;553.0300;2388.1300;9061.4200;47.4100;521.3200;2388.0900;8144.4100;8.4269;394.0000;0.058566;0.143784;0.002732;Warning;WO857818;10,730.62
03-Jul-2026;ENG-013;170;2026-01-08 02:00:00;642.4900;1594.6100;1409.0300;553.7700;2388.0800;9062.1000;47.1100;522.5300;2388.0300;8144.1900;8.4140;393.0000;0.052398;-0.566010;0.000712;healthy;WO572559;1804.58
2026/07/03;ENG-038;115;2026-01-05 19:00:00;642.9200;1590.7600;1413.6100;553.5300;2388.1400;9070.0900;47.6700;520.8700;2388.1100;8146.9700;8.4865;394.0000;0.021685;0.494100;0.001495;Warning;WO597362;3,818.42
2026/07/03;ENG-081;170;2026-01-08 02:00:00;643.1200;1600.2200;1414.6300;553.3300;2388.1000;9074.1700;47.8000;521.1000;2388.1900;8146.2700;8.5110;395.0000;0.093763;0.904736;0.018716;Warning;WO403949;4929.23
2026-07-03;eng-094;91;2026-01-04 19:00:00;642.9900;1590.5500;1411.7100;553.4500;2388.1500;9051.4000;47.4800;522.0700;2388.0900;8138.3000;8.4350;392.0000;0.055014;-0.012603;0.001454;healthy;WO168950;347.45
03-Jul-2026;ENG-041;100;2026-01-05 04:00:00;642.7300;1581.5500;1412.4300;553.5300;2388.1200;9046.5500;47.5000;521.3800;2388.1400;8126.5700;8.4338;391.0000;0.014628;-0.113981;0.001353;healthy;WO394349;1,020.38
2026/07/03;ENG-062;177;2026-01-08 09:00:00;642.1000;1577.6900;1406.3300;553.5400;2388.0300;9063.8500;47.3200;522.1400;2388.0500;8147.4400;8.4444;393.0000;0.048800;-0.679465;0.002079;Healthy;WO360754;1,211.38
2026-07-03;ENG-059;85;2026-01-04 13:00:00;641.8700;1575.9500;1396.2900;554.6100;2388.0200;9056.7800;47.3400;522.1000;2388.0400;8139.4100;8.4426;392.0000;0.028530;-1.043308;;Healthy;WO453402;2,976.55
2026-07-03;ENG-053;114;2026-01-05 18:00:00;642.3400;1585.1800;1409.9100;553.9900;2388.0300;9075.8800;47.6900;521.8800;2388.0800;8148.6400;8.4411;392.0000;0.088123;-0.346238;0.003193;Healthy;WO121763;
03-Jul-2026;ENG-030;118;2026-01-05 22:00:00;642.4000;1579.8700;1405.1900;553.8500;2388.1500;9042.2700;47.6900;521.1300;2388.1500;8131.0500;8.3993;392.0000;0.006514;-0.203501;0.001481;Healthy;WO520729;1,103.69
2026-07-03;  ENG-080 ;126;2026-01-06 06:00:00;643.1300;1590.2600;1409.9600;552.9000;2388.0500;9060.6800;47.4900;521.5300;2388.0700;8143.7100;8.4447;393.0000;0.090371;0.040441;0.001850;Healthy;WO652237;2709.41
2026-07-03;eng-027;97;2026-01-05 01:00:00;642.0800;1581.9900;1397.0500;554.1000;2388.0800;9050.1800;47.2700;521.8800;2388.0500;8131.4800;8.4019;392.0000;-0.006105;-0.949074;0.002290;Healthy;WO923350;2719.82
2026-07-03;ENG-054;115;2026-01-05 19:00:00;642.1000;1586.7400;1403.2700;554.6400;2388.0400;9058.7700;47.2900;522.4000;2387.9800;8142.4000;8.4222;392.0000;0.038166;-0.975730;0.001691;Healthy;WO660231;2498.39
2026/07/03;  ENG-061 ;109;2026-01-05 13:00:00;642.1800;1583.3900;1407.3500;553.9800;2388.0500;9065.6200;47.4400;521.5500;2388.0700;8149.0500;8.4063;393.0000;0.043076;-0.608405;0.002303;Healthy;WO891116;2,816.19
2026-07-03;ENG-001;23;2026-01-01 23:00:00;642.1200;1587.5100;1395.0900;555.0700;2388.0400;9052.0600;47.1900;522.0000;2388.0600;8130.9700;8.4116;393.0000;0.000283;-0.975641;0.003546;Healthy;WO143302;2531.66
03-Jul-2026;eng-020;124;2026-01-06 04:00:00;642.7400;1590.3400;1413.7400;553.6500;2388.0600;9061.1600;47.6500;521.8000;2388.0700;8143.7900;8.4445;392.0000;0.081067;0.086022;0.002403;Healthy;WO967051;1,647.90
2026/07/03;eng-047;52;2026-01-03 04:00:00;642.8200;1587.0900;1408.1900;553.4200;2388.1400;9034.3200;47.6400;521.1300;2388.1500;8118.5400;8.4663;392.0000;-0.051941;0.203192;0.010133;HEALTHY;WO382918;2711.43
2026/07/03;ENG-067;53;2026-01-03 05:00:00;642.9300;1589.3700;1398.7700;554.1100;2388.0300;9059.6000;47.2400;522.2300;2388.0300;8142.5000;8.3998;392.0000;0.000100;-2.671532;0.003521;Healthy;WO959383;557.39
03-Jul-2026;ENG-051;143;2026-01-06 23:00:00;643.1500;1598.7900;1403.9300;553.1900;2388.1100;9054.2800;47.4600;521.8100;2388.0600;8131.9300;8.4632;392.0000;0.080464;-0.020222;0.001404;Warning;WO300797;7411.59
03-Jul-2026;ENG-051;141;2026-01-06 21:00:00;642.7600;1587.1400;1404.3300;553.0100;2388.1400;9053.2000;47.6100;521.2100;2388.1100;8132.0400;8.4578;393.0000;0.020074;0.108321;0.004603;Warning;WO141586;18,215.55
2026/07/03;ENG-015;75;2026-01-04 03:00:00;642.3300;1594.5800;1407.8000;554.1400;2388.0800;9057.2900;47.2800;521.9000;2388.0600;8129.6900;8.4158;394.0000;0.040760;-0.383888;0.001651;Healthy;WO678567;2,918.65
03-Jul-2026;  ENG-046 ;141;2026-01-06 21:00:00;642.3600;1590.4600;1409.8500;553.4400;2388.1400;9089.0500;47.7400;520.8900;2388.0900;8158.3000;8.4520;394.0000;0.093425;0.268059;0.006770;Warning;WO900208;19,525.62
03-Jul-2026;eng-042;132;2026-01-06 12:00:00;642.7200;1596.2000;1410.0000;553.1100;2388.1000;9046.9400;47.5300;520.7000;2388.2000;8121.8600;8.4295;393.0000;-0.036498;0.356986;0.001651;Healthy;WO928727;2805.80
2026/07/03;eng-010;164;2026-01-07 20:00:00;642.3700;1585.8600;1403.8800;553.6500;2388.0600;9068.0200;47.4800;522.1000;2388.0600;8145.0800;8.4215;392.0000;0.052364;-0.607345;0.001348;Healthy;WO107427;613.49
2026/07/03;ENG-039;36;2026-01-02 12:00:00;641.7600;1582.2500;1396.6400;554.2300;2388.0300;9056.9100;47.3200;522.1600;2388.0700;8142.0600;8.4347;392.0000;0.021640;-0.938680;0.001292;Healthy;WO920074;2785.20
2026/07/03;ENG-080;120;2026-01-06 00:00:00;642.7400;1590.6000;1403.3600;553.0000;2388.0600;9067.1100;47.5700;521.4900;2388.0500;8142.6100;8.4264;394.0000;0.088664;-0.021728;0.005526;Warning;WO828513;14539.86
2026-07-03;ENG-010;159;2026-01-07 15:00:00;642.0600;1585.6400;1400.1500;553.9900;2388.0400;9065.1900;47.3200;521.6700;2388.0500;8148.2500;8.4241;392.0000;0.033046;-0.737753;0.003248;Healthy;WO457588;1841.83
2026/07/03;ENG-029;143;2026-01-06 23:00:00;642.4800;1588.6300;1397.9000;553.5000;2388.0400;9060.5100;47.3500;522.0200;2388.0500;8145.0500;8.4288;391.0000;0.049800;-0.648020;0.000244;Healthy;WO447524;1768.08
2026/07/03;ENG-095;73;2026-01-04 01:00:00;642.4200;1588.0700;1403.1100;554.1400;2388.0700;9043.7200;47.3200;521.4900;2388.1000;8134.2200;8.3941;392.0000;0.005516;-0.601128;0.000546;Healthy;WO896041;1,391.88
2026/07/03;ENG-016;89;2026-01-04 17:00:00;641.8000;1587.0700;1402.0600;554.6000;2388.0700;9060.5500;47.3800;522.3400;2388.0400;8142.6100;8.4302;394.0000;0.024195;-0.877857;0.000880;Healthy;WO181555;2907.37
03-Jul-2026;  ENG-089 ;161;2026-01-07 17:00:00;642.5800;1596.4600;1405.8600;554.0400;2388.1400;9054.7500;47.5700;521.8400;2388.1100;8132.2600;8.4087;392.0000;0.048117;-0.150815;0.001805;Healthy;WO837335;1029.50
2026/07/03;ENG-070;140;2026-01-06 20:00:00;642.7600;1590.6500;1413.4300;553.3600;2388.0900;9053.1200;47.5600;521.2400;2388.1500;8134.3300;8.4710;395.0000;0.006050;0.308088;0.003210;HEALTHY;WO517956;571.74
2026-07-03;ENG-012;168;2026-01-08 00:00:00;642.7000;1583.2700;1406.7400;553.3800;2388.0100;9065.4400;47.2000;522.1600;2388.0100;8141.8100;8.4078;392.0000;0.035703;-0.750880;0.002264;Healthy;WO575254;1846.94
2026/07/03;  ENG-011 ;74;2026-01-04 02:00:00;642.8600;1590.5500;1414.8000;553.6300;2388.1300;9042.3100;47.6600;521.0000;2388.1900;8122.1200;8.4652;393.0000;-0.057398;0.406319;0.000405;Warning;WO390114;4,181.27
03-Jul-2026;ENG-036;90;2026-01-04 18:00:00;643.1400;1599.7800;1408.8500;552.2700;2388.1600;9060.1100;47.8500;520.8300;2388.1600;8135.2800;8.4242;392.0000;-0.015774;0.695765;0.001777;Warning;WO606462;19,470.16
2026/07/03;ENG-016;87;2026-01-04 15:00:00;642.2900;1584.0300;1398.8400;554.0500;2388.0600;9054.5800;47.2800;522.2800;2388.0300;8136.8900;8.3808;392.0000;0.024665;-0.885672;0.002057;Healthy;WO846725;
2026/07/03;ENG-096;82;2026-01-04 10:00:00;641.8900;1591.3700;1404.7400;554.1800;2388.0000;9070.6500;47.1700;521.8900;2388.0000;8154.2400;8.4085;391.0000;-0.024763;-2.607470;0.003521;Healthy;WO889773;408.47
2026-07-03;ENG-070;112;2026-01-05 16:00:00;642.8100;1590.1200;1410.5800;553.7000;2388.0500;9051.0000;47.3400;521.5900;2388.0900;8129.1600;8.4420;392.0000;0.041272;-0.170460;0.001996;Healthy;WO665737;1,443.96
2026-07-03;ENG-085;26;2026-01-02 02:00:00;642.2800;1589.2800;1405.7200;552.6200;2388.1500;9043.2800;47.3000;521.5200;2388.1200;8129.2100;8.3818;393.0000;0.024758;-0.282774;0.002197;Healthy;WO348687;1,555.84
2026-07-03;  ENG-007 ;149;2026-01-07 05:00:00;641.8200;1586.9600;1401.7600;554.0600;2388.0300;9065.3600;47.3000;521.8600;2388.0300;8148.7000;8.3916;391.0000;0.035424;-0.897540;0.000598;Healthy;WO512664;2111.92
03-Jul-2026;ENG-083;51;2026-01-03 03:00:00;642.2800;1579.8700;1401.7100;553.3400;2388.0700;9056.7200;47.4300;521.9300;2388.0800;8138.4500;8.4258;393.0000;0.030991;-0.555155;0.002072;Healthy;WO153740;1,440.41
2026-07-03;  ENG-052 ;127;2026-01-06 07:00:00;641.8000;1584.6400;1402.5300;554.3700;2388.0100;9065.7300;47.1700;522.3800;2388.0200;8151.3300;8.3826;391.0000;0.040080;-1.199192;0.001196;HEALTHY;WO288663;1271.72
2026/07/03;ENG-073;76;2026-01-04 04:00:00;641.8200;1583.6000;1405.4400;554.0900;2388.0600;9048.2700;47.3100;521.9200;2387.9700;8133.1000;8.4259;392.0000;0.009922;-2.571803;0.003521;Healthy;WO896256;
2026/07/03;ENG-024;132;2026-01-06 12:00:00;641.7500;1591.0700;1402.5300;554.7600;2387.9800;9084.6100;47.4400;521.9000;2388.0300;8159.6200;8.4009;393.0000;0.049728;-0.948314;0.002889;Healthy;WO144739;372.45
2026-07-03;eng-037;110;2026-01-05 14:00:00;643.0100;1592.9100;1400.5300;552.6800;2388.0900;9049.6900;47.5300;520.8800;2388.1300;8130.5700;8.4323;394.0000;0.015383;0.245712;0.001624;WARNING;WO644060;11,939.79
03-Jul-2026;  ENG-003 ;100;2026-01-05 04:00:00;642.5300;1600.0700;1412.8300;552.7300;2388.1100;9059.5500;47.5500;520.9500;2388.1100;8127.4100;8.4299;394.0000;0.003938;0.350100;0.001348;Healthy;WO656594;1266.11
03-Jul-2026;ENG-030;130;2026-01-06 10:00:00;642.4800;1584.5600;1408.3600;553.1000;2388.1000;9042.6800;47.6700;521.0800;2388.1600;8126.6100;8.4370;393.0000;-0.009303;0.094041;0.003533;HEALTHY;WO529348;638.27
2026-07-03;eng-083;56;2026-01-03 08:00:00;642.6700;1584.6700;1405.6700;554.0500;2388.0900;9062.9600;47.3400;521.3200;2388.0600;8144.3200;8.4002;391.0000;0.027416;-0.576656;0.001691;HEALTHY;WO447045;903.96
2026/07/03;  ENG-029 ;121;2026-01-06 01:00:00;642.4700;1580.9400;1401.8600;554.5000;2388.0600;9060.8800;47.3400;521.7200;2388.0300;8144.2000;8.4039;393.0000;0.014625;-0.797009;0.002919;HEALTHY;WO891128;1334.28
03-Jul-2026;ENG-014;45;2026-01-02 21:00:00;642.8600;1595.2100;1412.5200;553.2000;2388.1600;9034.5200;47.5100;521.1700;2388.1500;8117.6800;8.4468;392.0000;-0.049799;0.255596;0.001691;Healthy;WO780089;2,404.18
2026/07/03;ENG-068;156;2026-01-07 12:00:00;642.3400;1594.5800;1408.1600;552.2100;2388.1700;9073.1700;47.8000;520.7000;2388.1100;8146.6100;8.4647;395.0000;0.029622;0.645058;;Healthy;WO905232;2817.30
03-Jul-2026;ENG-013;140;2026-01-06 20:00:00;642.2700;1587.1900;1399.8500;553.0000;2388.0300;9056.1700;47.3700;522.5000;2388.0700;8140.2900;8.4416;391.0000;0.038493;-0.803653;0.003418;Healthy;WO359845;358.35
03-Jul-2026;ENG-072;105;2026-01-05 09:00:00;642.1600;1582.4400;1408.1200;554.0700;2388.0600;9067.0100;47.4200;521.8500;2388.1000;8152.3800;8.4269;392.0000;0.059848;-0.455227;0.002079;Healthy;WO440344;2,712.29
03-Jul-2026;ENG-096;83;2026-01-04 11:00:00;641.9300;1584.1300;1402.6400;554.0100;2388.0400;9067.4200;47.1700;522.0700;2388.0100;8149.9700;8.4360;392.0000;0.042315;-0.960313;0.001337;healthy;WO860831;78.37
03-Jul-2026;ENG-080;108;2026-01-05 12:00:00;643.0600;1588.0700;1416.5800;553.8400;2388.0900;9068.3100;47.3500;521.3300;2388.1300;8145.5800;8.4213;392.0000;0.063116;-0.077045;0.002790;Healthy;WO181240;2,158.50
2026-07-03;  ENG-054 ;109;2026-01-05 13:00:00;641.5900;1586.1100;1410.3600;554.2500;2388.0200;9058.6900;47.2900;521.5000;2388.0200;8149.3900;8.4040;391.0000;0.025656;-0.896098;0.001292;healthy;WO853481;1,577.93
2026-07-03;ENG-066;145;2026-01-07 01:00:00;643.9300;1591.0000;1426.8100;552.7100;2388.1900;9126.2300;47.8200;520.7200;2388.1000;8195.6800;8.4565;396.0000;0.773648;1.436923;0.013514;Warning;WO813830;8120.14
2026/07/03;ENG-010;184;2026-01-08 16:00:00;642.6400;1593.4000;1404.0200;554.8100;2388.0300;9069.2200;47.5600;521.6500;2388.0100;8142.4400;8.4539;392.0000;0.069263;-0.404918;0.001298;HEALTHY;WO325441;685.98
03-Jul-2026;  ENG-064 ;113;2026-01-05 17:00:00;642.3500;1589.7400;1407.1800;553.2300;2388.1300;9062.6500;47.3900;521.3000;2388.1000;8138.1100;8.4146;392.0000;0.051969;-0.363397;0.001744;Warning;WO930436;10581.74
2026-07-03;ENG-034;170;2026-01-08 02:00:00;643.0900;1599.3900;1413.3300;552.3300;2388.0900;9057.1400;47.7700;521.4300;2388.2000;8136.5900;8.4417;394.0000;0.018203;0.537116;0.003538;Warning;WO272848;3025.72
2026/07/03;ENG-046;131;2026-01-06 11:00:00;642.9100;1595.1000;1411.2700;552.7500;2388.1000;9079.5700;47.6900;521.4400;2388.0700;8160.9800;8.4448;394.0000;0.110686;0.386090;0.010410;Warning;WO341226;22,792.43
03-Jul-2026;ENG-060;105;2026-01-05 09:00:00;642.5500;1592.9500;1410.8700;553.8100;2388.1000;9053.4100;47.5300;521.9500;2388.1200;8131.7100;8.4121;392.0000;0.053458;-0.071824;0.001692;Healthy;WO359727;
2026-07-03;ENG-080;115;2026-01-05 19:00:00;642.7500;1592.5600;1405.6700;553.4900;2388.0700;9061.2100;47.4400;521.3800;2388.0400;8146.1400;8.4076;391.0000;0.073085;-0.213445;0.000735;Healthy;WO769623;2,623.45
03-Jul-2026;ENG-034;180;2026-01-08 12:00:00;642.5000;1596.6700;1415.8400;552.4600;2388.1500;9057.4400;47.5800;521.7800;2388.1600;8133.8600;8.4965;395.0000;-0.003840;0.564303;0.002472;Healthy;WO592507;1078.98
03-Jul-2026;ENG-086;87;2026-01-04 15:00:00;642.4800;1587.2600;1410.5400;553.9300;2388.0900;9074.3400;47.4700;521.7700;2388.0800;8146.0000;8.4475;394.0000;0.080766;-0.064612;0.002035;Warning;WO766632;9951.61
2026-07-03;ENG-066;117;2026-01-05 21:00:00;642.6400;1591.8900;1419.0500;553.0700;2388.1600;9084.0200;47.7000;520.9800;2388.0900;8161.3100;8.4692;395.0000;0.125620;0.571165;0.004971;Warning;WO872955;8190.62
2026/07/03;ENG-021;120;2026-01-06 00:00:00;642.2600;1584.0200;1403.7600;554.4900;2388.0200;9065.6100;47.3700;521.6500;2388.0400;8146.4000;8.4201;391.0000;0.021411;-0.907950;0.000646;HEALTHY;WO734374;2,746.29
2026-07-03;ENG-077;138;2026-01-06 18:00:00;643.1000;1586.9600;1402.2500;553.4500;2388.1500;9046.3100;47.5700;521.3700;2388.1700;8132.2200;8.4231;394.0000;0.001760;0.127493;0.004045;healthy;WO535268;2430.12
2026/07/03;ENG-091;159;2026-01-07 15:00:00;642.9100;1583.4500;1407.1600;552.4900;2388.2000;9041.2400;47.7200;521.3100;2388.1900;8124.2400;8.4438;392.0000;-0.040149;0.293023;0.001649;warning;WO869322;2674.09
2026-07-03;ENG-023;112;2026-01-05 16:00:00;642.2400;1579.3000;1408.2400;554.9200;2388.0100;9055.6900;47.1600;521.5700;2388.0700;8136.1400;8.4224;391.0000;-0.015266;-1.008649;0.003860;Healthy;WO813675;2481.33
2026-07-03;ENG-053;138;2026-01-06 18:00:00;642.5900;1592.2800;1404.2600;553.7300;2388.0700;9072.0600;47.4600;521.5600;2388.1000;8158.1100;8.4643;394.0000;0.099044;0.006062;0.004105;Healthy;WO358101;2763.07
03-Jul-2026;ENG-031;192;2026-01-09 00:00:00;643.8600;1597.6300;1433.3600;551.6500;2388.2300;9087.6800;48.1400;520.2600;2388.1800;8161.0000;8.5274;394.0000;-0.245992;1.716559;0.018759;Warning;WO845671;2116.92
2026/07/03;  ENG-100 ;142;2026-01-06 22:00:00;642.5800;1584.9800;1402.8200;553.8200;2388.0400;9073.0400;47.3700;521.7700;2388.0200;8151.6900;8.4665;392.0000;0.073657;-0.502740;0.002514;HEALTHY;WO732777;2711.62
2026/07/03;  ENG-091 ;225;2026-01-10 09:00:00;643.3100;1593.3500;1420.0800;552.5500;2388.1800;9050.5700;47.8200;520.3600;2388.2400;8122.9500;8.4430;395.0000;-0.341072;1.031473;;Warning;WO401892;17769.95
03-Jul-2026;eng-097;108;2026-01-05 12:00:00;642.7200;1590.6400;1405.3000;553.5000;2388.0200;9071.5900;47.3300;521.9800;2387.9900;8146.1100;8.4263;394.0000;0.072499;-0.481339;0.000573;Warning;WO885080;1,704.46
2026-07-03;ENG-091;234;2026-01-10 18:00:00;643.1800;1605.0500;1419.7400;552.2200;2388.2000;9052.1300;48.0100;520.9600;2388.2100;8123.7100;8.5104;395.0000;-0.280246;1.157946;0.001582;Warning;WO361243;
2026/07/03;ENG-049;218;2026-01-10 02:00:00;642.5000;1588.2400;1410.3000;554.2800;2388.0600;9060.9700;47.4100;522.3700;2388.0900;8140.6700;8.4061;394.0000;0.042645;-0.463778;0.001843;Healthy;WO687342;1033.09
2026-07-03;ENG-066;116;2026-01-05 20:00:00;642.9500;1590.7500;1409.6600;553.6300;2388.0500;9088.8100;47.6000;521.4900;2388.0900;8161.0400;8.4787;395.0000;0.163237;0.271211;0.009086;Warning;WO276962;3765.77
03-Jul-2026;ENG-035;141;2026-01-06 21:00:00;642.5400;1590.7200;1413.6400;553.3000;2388.1500;9064.2600;47.7200;521.7300;2388.1300;8139.4900;8.4536;393.0000;0.052318;0.191454;0.001696;Healthy;WO321253;2,978.22
03-Jul-2026;ENG-082;139;2026-01-06 19:00:00;642.9400;1592.3700;1414.8900;552.5900;2388.1300;9062.5400;47.6800;520.8600;2388.1500;8131.9500;8.4472;395.0000;-0.019946;0.611274;0.001007;Healthy;WO909032;2,299.22
03-Jul-2026;ENG-058;172;2026-01-08 04:00:00;643.0300;1592.3100;1421.2700;552.8900;2388.1200;9055.4400;47.8300;520.9300;2388.1500;8138.4100;8.4626;393.0000;-0.010944;0.539051;0.000244;healthy;WO689292;2,374.58
2026/07/03;ENG-007;160;2026-01-07 16:00:00;642.1000;1589.5900;1413.5700;553.4200;2388.0400;9070.9900;47.3200;522.3200;2388.0700;8149.1900;8.4028;393.0000;0.073278;-0.463421;0.000573;Warning;WO905235;22747.35
03-Jul-2026;ENG-074;106;2026-01-05 10:00:00;642.3700;1594.0000;1410.6400;554.5000;2388.0700;9060.1200;47.5100;521.6900;2388.0700;8137.8700;8.4481;392.0000;0.069560;-0.151645;0.001448;Healthy;WO786443;2388.23
03-Jul-2026;ENG-070;144;2026-01-07 00:00:00;643.2200;1591.9000;1408.3200;553.3000;2388.1500;9052.7400;47.6600;521.2500;2388.1000;8132.5300;8.4060;393.0000;0.015700;0.165733;0.002930;Healthy;WO187782;1545.14
2026-07-03;ENG-075;77;2026-01-04 05:00:00;642.6300;1588.6800;1412.4000;553.6800;2388.0100;9052.7700;47.2600;522.1000;2388.0600;8140.8400;8.3856;392.0000;0.034528;-0.590422;0.001132;Healthy;WO664663;1,565.21
2026/07/03;eng-006;104;2026-01-05 08:00:00;642.0700;1588.5800;1408.8800;552.8900;2388.1100;9052.5800;47.4700;521.0500;2388.1100;8131.3500;8.4611;393.0000;0.038107;-0.075448;0.001816;Healthy;WO905967;376.44
2026-07-03;eng-049;204;2026-01-09 12:00:00;642.1500;1587.3100;1407.2400;554.2500;2388.1200;9053.2500;47.4500;521.5700;2388.0600;8135.7500;8.4234;392.0000;0.026001;-0.482428;0.001752;Healthy;WO865776;1308.64
2026-07-03;ENG-097;125;2026-01-06 05:00:00;642.3300;1587.7400;1403.8700;553.8800;2388.0400;9076.3300;47.5100;521.9600;2388.0500;8152.4100;8.4398;393.0000;0.076461;-0.529752;0.004623;Healthy;WO553409;1,248.29
2026/07/03;ENG-090;107;2026-01-05 11:00:00;642.6000;1586.6200;1410.0900;553.9000;2388.0900;9060.5500;47.6300;521.1900;2388.0000;8142.4300;8.4418;393.0000;0.059178;0.026968;0.001204;Warning;WO661075;4,824.74
2026/07/03;ENG-010;178;2026-01-08 10:00:00;642.0400;1581.9000;1396.7200;553.1600;2388.0300;9050.5500;47.0700;522.0200;2388.0600;8137.2000;8.4210;393.0000;0.015990;-0.759444;0.001525;Healthy;WO229484;1921.69
2026-07-03;ENG-057;125;2026-01-06 05:00:00;642.7600;1587.6800;1403.8100;553.2200;2388.1300;9050.3600;47.6700;521.6700;2388.1100;8128.1100;8.4380;393.0000;0.028744;0.005070;0.001268;Healthy;WO201977;1534.83
2026-07-03;  ENG-008 ;141;2026-01-06 21:00:00;642.3400;1594.5300;1412.1800;552.7700;2388.0700;9049.4700;47.4900;521.3400;2388.1700;8132.5200;8.4484;392.0000;0.041314;0.068673;;healthy;WO338779;2519.30
2026-07-03;ENG-049;210;2026-01-09 18:00:00;642.4600;1593.7600;1405.2100;553.7000;2388.0300;9067.8400;47.4900;521.7300;2388.0800;8139.7900;8.4472;393.0000;0.074503;-0.235872;0.002721;Healthy;WO169943;
2026-07-03;ENG-082;122;2026-01-06 02:00:00;642.2300;1588.1900;1404.5400;553.3900;2388.1000;9054.6800;47.4700;520.6800;2388.1700;8138.6300;8.4341;393.0000;0.025885;0.035943;0.000449;Healthy;WO357270;1224.93
2026-07-03;ENG-045;133;2026-01-06 13:00:00;642.4800;1594.4100;1411.4200;553.5300;2388.0300;9058.1400;47.4200;521.8900;2388.1100;8145.2700;8.4410;393.0000;0.071508;-0.292376;0.001520;Healthy;WO617408;389.14
2026-07-03;ENG-068;178;2026-01-08 10:00:00;643.5600;1593.6000;1416.1300;552.5300;2388.2100;9080.3600;47.7700;520.0100;2388.1800;8151.5800;8.4673;395.0000;-0.074107;1.119987;0.018432;Warning;WO375077;12,162.66
2026/07/03;  ENG-033 ;38;2026-01-02 14:00:00;643.2200;1584.7900;1417.7300;552.9600;2388.1100;9060.0300;47.5800;521.1700;2388.0900;8136.0800;8.4522;395.0000;0.003148;0.385899;0.001064;Warning;WO299072;18,249.41
2026-07-03;  ENG-089 ;128;2026-01-06 08:00:00;642.8100;1582.9000;1409.3200;553.6500;2388.1100;9042.9200;47.4200;521.7600;2388.1100;8126.9700;8.4757;394.0000;0.022330;-0.134904;0.001133;Healthy;WO976644;
03-Jul-2026;eng-035;160;2026-01-07 16:00:00;643.6400;1593.2700;1420.2200;552.3600;2388.1700;9057.7200;47.7300;520.2600;2388.1500;8138.6900;8.4424;396.0000;-0.192757;0.971281;0.006766;warning;WO600754;3166.80
2026-07-03;ENG-058;174;2026-01-08 06:00:00;642.8400;1590.4200;1412.7800;553.2600;2388.1400;9063.3900;47.8400;521.1800;2388.1700;8134.1700;8.4270;395.0000;-0.004655;0.393949;;Warning;WO422416;8,355.32
2026/07/03;  ENG-017 ;152;2026-01-07 08:00:00;643.1700;1594.0400;1415.0800;553.8400;2388.0800;9085.5500;47.6900;521.5100;2388.0900;8163.1200;8.4334;393.0000;0.123139;0.252530;0.009855;Warning;WO944917;10486.37
03-Jul-2026;ENG-070;123;2026-01-06 03:00:00;642.3100;1589.2100;1412.8600;553.0200;2388.1000;9055.0700;47.5700;521.2300;2388.1200;8133.4600;8.4705;391.0000;0.052155;-0.050634;0.001482;Healthy;WO756134;1929.70
2026-07-03;eng-056;123;2026-01-06 03:00:00;643.2200;1604.0800;1422.5700;551.9800;2388.2100;9043.2900;47.9400;519.8500;2388.2500;8116.0300;8.4669;395.0000;-0.606383;1.333943;0.006587;Warning;WO472848;8,911.93
03-Jul-2026;ENG-029;117;2026-01-05 21:00:00;642.2300;1586.7100;1398.4500;553.7600;2388.0300;9056.2000;47.4400;522.3000;2388.0300;8138.1200;8.4488;392.0000;0.040534;-0.708030;0.002980;Healthy;WO335006;537.39
2026-07-03;ENG-030;119;2026-01-05 23:00:00;642.9500;1592.1600;1414.8800;552.6200;2388.0900;9058.9000;47.4600;521.3400;2388.0600;8133.1600;8.4754;394.0000;0.038322;0.255111;0.001071;Healthy;WO358049;1675.82
03-Jul-2026;ENG-062;172;2026-01-08 04:00:00;642.5500;1593.6000;1401.1900;554.3600;2388.0400;9070.8100;47.3300;522.2800;2388.0200;8150.0900;8.4291;394.0000;0.075084;-0.643290;0.006341;Healthy;WO818198;2,434.97
03-Jul-2026;ENG-100;172;2026-01-08 04:00:00;642.6100;1594.5100;1403.9300;553.5800;2388.0000;9111.1700;47.6200;521.9000;2388.0600;8179.2900;8.4279;394.0000;0.179004;-0.275417;0.005455;WARNING;WO655719;12,935.35
2026/07/03;ENG-024;146;2026-01-07 02:00:00;642.4700;1586.7400;1410.8400;553.4100;2388.0500;9097.1200;47.4400;521.3100;2388.0100;8167.7500;8.4328;394.0000;0.112558;-0.185768;0.000717;warning;WO618810;22001.19
03-Jul-2026;  ENG-031 ;145;2026-01-07 01:00:00;642.3900;1599.5200;1418.4200;553.5900;2388.1300;9074.4400;47.5900;521.4400;2388.0800;8150.1100;8.4695;394.0000;0.062625;0.366263;0.001112;warning;WO608415;12,150.55
03-Jul-2026;ENG-053;123;2026-01-06 03:00:00;642.7000;1593.1300;1404.6800;554.0200;2388.1200;9066.4200;47.3200;521.5700;2388.0300;8149.8400;8.4363;393.0000;0.069235;-0.249452;0.001359;Healthy;WO640257;1,535.02
2026-07-03;ENG-006;97;2026-01-05 01:00:00;642.3900;1585.1400;1408.4600;553.8600;2388.0900;9046.4000;47.3400;522.0700;2388.1400;8135.1600;8.4458;393.0000;0.028673;-0.342625;0.004067;Healthy;WO327149;991.66
2026-07-03;ENG-034;191;2026-01-08 23:00:00;643.1900;1596.8800;1427.1600;552.0100;2388.2200;9055.1700;47.9500;520.3900;2388.2100;8129.1700;8.4685;394.0000;-0.389955;1.200380;0.009680;warning;WO884503;
2026/07/03;ENG-073;98;2026-01-05 02:00:00;642.3900;1592.1100;1401.5100;553.3500;2388.0900;9043.5300;47.4100;522.1500;2388.1200;8135.7500;8.3895;393.0000;0.031143;-0.379237;0.001500;Healthy;WO800939;2,775.14
2026/07/03;ENG-068;131;2026-01-06 11:00:00;642.3900;1591.5600;1404.3000;553.2000;2388.0700;9071.7800;47.6700;521.4800;2388.1200;8139.2200;8.4542;393.0000;0.084822;0.029209;0.002914;Healthy;WO274947;433.54
2026/07/03;ENG-072;119;2026-01-05 23:00:00;642.8000;1591.2200;1405.2200;553.4600;2388.1000;9074.2900;47.6500;521.8500;2388.0700;8143.0300;8.3977;392.0000;0.077576;-0.211150;0.000640;Healthy;WO550946;1,115.95
03-Jul-2026;ENG-010;149;2026-01-07 05:00:00;641.8500;1586.4900;1411.6100;553.5600;2388.0500;9070.5500;47.2900;521.8500;2388.0400;8140.9500;8.4131;392.0000;0.037633;-0.798811;0.001968;Healthy;WO461354;344.42
03-Jul-2026;  ENG-051 ;107;2026-01-05 11:00:00;642.8900;1583.5100;1405.9500;553.4900;2388.0200;9053.3700;47.3500;521.4500;2388.1000;8129.6300;8.4265;393.0000;0.023731;-0.457982;0.002935;Healthy;WO502920;829.25
2026-07-03;ENG-012;189;2026-01-08 21:00:00;643.1500;1585.2400;1402.5300;553.8100;2388.0900;9067.3100;47.3500;521.7900;2387.9700;8143.9800;8.4346;392.0000;0.057888;-0.495245;0.001413;Healthy;WO217815;2,766.63
2026-07-03;ENG-060;145;2026-01-07 01:00:00;642.5800;1593.2500;1411.7600;553.1600;2388.0700;9057.7500;47.4900;521.2700;2388.1100;8128.2300;8.4123;393.0000;0.047918;-0.047011;0.002718;Healthy;WO226414;2,901.08
2026/07/03;ENG-003;87;2026-01-04 15:00:00;643.2600;1588.1900;1416.5400;553.5800;2388.1700;9047.1100;47.7600;521.1500;2388.1600;8126.8100;8.4272;394.0000;-0.060845;0.479281;0.002584;Healthy;WO415733;1,910.66
2026-07-03;ENG-062;181;2026-01-08 13:00:00;642.0800;1583.9600;1407.9000;553.1100;2388.0600;9064.3000;47.4100;521.7800;2388.0400;8149.1400;8.4521;392.0000;0.072233;-0.354359;0.001619;healthy;WO383262;2613.39
2026-07-03;eng-034;152;2026-01-07 08:00:00;642.5200;1586.3600;1403.4400;553.1500;2388.0800;9051.8400;47.6200;521.2500;2388.0700;8142.9400;8.4560;392.0000;0.067295;-0.046487;0.000101;warning;WO682424;17798.21
03-Jul-2026;ENG-048;69;2026-01-03 21:00:00;642.6800;1587.9000;1409.0700;553.6300;2388.1000;9048.9700;47.4000;521.6100;2388.0500;8131.1000;8.4515;393.0000;0.042745;-0.246854;0.000440;Healthy;WO427913;1,616.97
03-Jul-2026;ENG-083;64;2026-01-03 16:00:00;642.9100;1586.5200;1403.9100;554.1300;2388.0800;9055.0000;47.3700;521.8200;2388.0600;8139.0800;8.4403;392.0000;0.034375;-0.502471;0.001078;Healthy;WO896760;2,439.45
2026-07-03;  ENG-086 ;91;2026-01-04 19:00:00;643.1300;1594.4300;1405.4300;553.7400;2388.0800;9054.0000;47.5300;521.6800;2388.0500;8142.6800;8.4402;392.0000;0.075670;-0.163767;0.001633;Healthy;WO520441;103.80
03-Jul-2026;ENG-045;147;2026-01-07 03:00:00;643.2400;1594.5200;1414.3500;552.8700;2388.0700;9057.1200;47.4400;520.8800;2388.1100;8139.3100;8.4644;393.0000;0.020596;0.451297;0.004307;Healthy;WO775020;2,831.97
03-Jul-2026;ENG-090;138;2026-01-06 18:00:00;642.8600;1595.9800;1414.6600;552.9500;2388.1200;9073.2800;47.6400;521.1800;2388.0900;8145.7200;8.4683;396.0000;0.081039;0.687426;0.005374;Healthy;WO343027;553.61
2026-07-03;ENG-060;110;2026-01-05 14:00:00;642.6200;1586.9200;1408.6300;553.3400;2388.1100;9056.8600;47.5400;521.9800;2388.0900;8132.4400;8.4437;392.0000;0.055428;-0.260184;0.000863;healthy;WO774967;2046.24
03-Jul-2026;  ENG-019 ;124;2026-01-06 04:00:00;642.4000;1589.9100;1406.8400;553.6300;2388.0600;9060.4000;47.3900;522.2500;2388.0500;8141.0200;8.4541;393.0000;0.059817;-0.449687;0.001370;Healthy;WO412777;740.55
2026-07-03;ENG-052;174;2026-01-08 06:00:00;642.6000;1592.8700;1403.0400;553.2300;2388.0500;9095.1800;47.6300;521.5800;2388.0400;8171.0700;8.4799;392.0000;0.199137;0.078832;0.022083;Warning;WO154857;16457.17
03-Jul-2026;ENG-049;259;2026-01-11 19:00:00;642.7700;1597.1500;1412.4700;552.7000;2388.1700;9060.2800;47.6400;521.2500;2388.1300;8137.3700;8.4460;395.0000;0.004564;0.474273;0.003305;Healthy;WO713052;2633.00
2026/07/03;ENG-032;136;2026-01-06 16:00:00;642.4300;1594.5000;1401.6700;554.0200;2388.0400;9097.5500;47.3700;521.3200;2388.0400;8173.6600;8.4279;392.0000;0.124465;-0.388384;0.004576;Warning;WO490923;
2026-07-03;ENG-041;87;2026-01-04 15:00:00;642.0200;1584.7000;1412.5900;553.8100;2388.0700;9048.2200;47.4700;521.7100;2388.0400;8131.9800;8.4286;392.0000;0.036372;-0.479051;0.000546;healthy;WO379691;2595.54
03-Jul-2026;eng-053;158;2026-01-07 14:00:00;642.9000;1596.5500;1419.7700;553.0400;2388.0700;9099.1600;47.8500;521.2200;2388.1000;8175.0900;8.4576;393.0000;0.336731;0.653932;;Warning;WO261418;5027.99
2026-07-03;ENG-083;73;2026-01-04 01:00:00;642.8100;1594.6800;1406.9000;553.8700;2388.0600;9058.7000;47.2000;521.6700;2388.0900;8141.3800;8.4309;392.0000;0.049753;-0.240531;0.002122;Healthy;WO533145;2,266.14
03-Jul-2026;ENG-008;117;2026-01-05 21:00:00;642.5100;1583.0800;1405.5000;553.7900;2388.0900;9054.3300;47.6500;521.6600;2388.1200;8130.1800;8.4337;392.0000;0.050157;-0.171271;0.001344;healthy;WO551819;1839.51
03-Jul-2026;ENG-008;164;2026-01-07 20:00:00;642.7100;1594.9800;1411.0200;553.3800;2388.1400;9047.7700;47.5100;520.9300;2388.0900;8128.2200;8.4396;393.0000;-0.000233;0.131298;0.001702;HEALTHY;WO621260;1700.54
2026-07-03;ENG-013;171;2026-01-08 03:00:00;642.4200;1585.1500;1399.8300;553.9500;2388.0700;9066.5300;47.4800;521.8600;2388.0000;8138.2200;8.4395;393.0000;0.048984;-0.613195;0.000622;Healthy;WO597443;1955.44
2026-07-03;ENG-097;91;2026-01-04 19:00:00;642.3300;1579.7300;1405.9700;553.7700;2388.0200;9066.6500;47.4300;522.0500;2388.0000;8150.5800;8.4024;392.0000;0.046804;-0.768865;0.001601;Healthy;WO369237;2,824.23
03-Jul-2026;eng-003;101;2026-01-05 05:00:00;642.4400;1586.9700;1408.9900;553.0100;2388.1600;9050.9400;47.5800;520.7000;2388.1200;8123.9700;8.4394;393.0000;-0.033796;0.260543;0.000737;Healthy;WO792827;2,206.42
03-Jul-2026;ENG-016;81;2026-01-04 09:00:00;642.1700;1588.2200;1401.4500;554.3500;2388.0400;9059.3200;47.2700;522.4500;2388.0800;8140.3200;8.4336;394.0000;0.010634;-0.907350;0.001601;Healthy;WO676691;2432.04
03-Jul-2026;ENG-060;122;2026-01-06 02:00:00;643.0700;1586.3400;1410.8000;553.0100;2388.0900;9056.9300;47.6200;521.0700;2388.1300;8135.9200;8.4378;392.0000;0.041408;0.099854;0.001980;Healthy;WO602359;1,879.90
2026-07-03;ENG-100;186;2026-01-08 18:00:00;643.3800;1592.0400;1416.2500;553.6200;2388.0600;9130.3300;47.6600;521.5700;2388.0200;8203.0300;8.4802;393.0000;0.649146;0.414630;0.015514;Warning;WO168922;1351.02
03-Jul-2026;ENG-062;224;2026-01-10 08:00:00;642.4700;1593.0100;1414.7000;553.5600;2388.1100;9088.9100;47.4900;521.5100;2388.0400;8165.5900;8.4507;392.0000;0.127191;0.032089;0.005214;healthy;WO289246;1072.21
2026-07-03;ENG-091;217;2026-01-10 01:00:00;643.3100;1598.0600;1411.5900;552.8100;2388.2300;9059.5900;47.8400;520.4600;2388.1900;8125.7100;8.4595;394.0000;-0.270294;1.006528;0.002072;Warning;WO637019;15957.83
03-Jul-2026;ENG-030;113;2026-01-05 17:00:00;642.6000;1588.3000;1411.1900;553.0500;2388.2000;9044.3200;47.6600;521.5400;2388.0900;8124.2100;8.4498;391.0000;-0.000615;0.025557;0.002739;Healthy;WO254193;1149.03
03-Jul-2026;ENG-038;93;2026-01-04 21:00:00;642.8300;1589.5100;1411.2100;553.1400;2388.1200;9061.7600;47.7200;521.0700;2388.0700;8139.2900;8.4575;395.0000;0.021059;0.325503;0.000938;Healthy;WO550262;1689.49
2026-07-03;ENG-030;97;2026-01-05 01:00:00;643.2900;1588.7200;1403.7700;553.1500;2388.1100;9046.5200;47.2800;521.4700;2388.1700;8131.7000;8.4408;393.0000;0.023783;0.048451;0.001864;healthy;WO558112;2283.98
2026-07-03;ENG-046;136;2026-01-06 16:00:00;642.8000;1598.4600;1416.4900;553.5000;2388.1300;9082.3300;47.8000;521.2700;2388.1100;8157.9500;8.4811;394.0000;0.128697;0.629979;0.017421;Warning;WO251111;21,847.13
2026-07-03;ENG-008;113;2026-01-05 17:00:00;642.8700;1587.6200;1405.4600;552.9400;2388.1400;9046.8500;47.3900;521.7000;2388.1100;8133.2000;8.4324;392.0000;0.042025;-0.030932;0.002193;Healthy;WO145326;1604.09
2026-07-03;ENG-063;122;2026-01-06 02:00:00;642.8400;1583.1600;1410.6400;553.5800;2388.1000;9050.0400;47.6600;521.0200;2388.1100;8130.6400;8.4223;394.0000;0.012361;0.002817;0.001431;Healthy;WO432941;2094.54
2026-07-03;ENG-090;144;2026-01-07 00:00:00;642.4600;1597.2800;1419.3800;552.5500;2388.1900;9084.9200;48.0600;520.4200;2388.1000;8153.2700;8.4487;395.0000;0.115451;1.039764;0.009741;Warning;WO995859;4053.24
2026-07-03;ENG-041;108;2026-01-05 12:00:00;642.7500;1585.5600;1410.0300;552.8100;2388.1700;9039.9500;47.4600;520.8700;2388.1600;8116.9700;8.4502;394.0000;-0.079577;0.338800;0.015875;Healthy;WO599800;685.59
2026-07-03;ENG-010;156;2026-01-07 12:00:00;642.2000;1588.4800;1400.9500;554.4500;2388.0700;9056.6300;47.1300;521.1400;2388.0800;8144.4600;8.4179;391.0000;0.007049;-0.729977;0.001064;Healthy;WO654415;2205.89
2026-07-03;ENG-057;145;2026-01-07 01:00:00;642.8900;1591.3400;1411.3600;552.8000;2388.1300;9050.8300;47.5700;521.1000;2388.1200;8124.3800;8.4190;394.0000;-0.012758;0.259236;0.002695;Healthy;WO261700;703.41
03-Jul-2026;ENG-082;110;2026-01-05 14:00:00;642.7000;1589.8100;1405.0900;552.2300;2388.1100;9061.9700;47.5500;521.5400;2388.0800;8139.3200;8.4411;393.0000;0.078332;0.112809;0.003053;Healthy;WO920050;1,832.62
2026-07-03;  ENG-024 ;147;2026-01-07 03:00:00;642.0700;1584.6000;1405.8100;553.8200;2388.0300;9088.2400;47.4700;521.9000;2388.0300;8170.5000;8.4337;393.0000;0.086313;-0.564198;0.000669;healthy;WO410121;2398.86
03-Jul-2026;ENG-077;136;2026-01-06 16:00:00;642.6000;1591.9000;1410.7900;553.0800;2388.1500;9049.3800;47.4800;521.5000;2388.1200;8129.2000;8.4621;395.0000;0.002998;0.217251;0.002761;Warning;WO597231;22910.86
03-Jul-2026;  ENG-021 ;113;2026-01-05 17:00:00;641.5400;1581.5700;1405.1400;554.1700;2388.0200;9062.5900;47.3000;522.1900;2388.0400;8145.5200;8.4201;393.0000;0.024955;-0.924381;0.001525;Healthy;WO984042;772.67
03-Jul-2026;ENG-017;149;2026-01-07 05:00:00;642.9100;1585.5500;1404.4500;553.8400;2388.0400;9084.5600;47.4800;521.2200;2388.0400;8166.6400;8.4352;392.0000;0.090440;-0.395385;0.007846;Warning;WO317451;24109.73
2026-07-03;  ENG-074 ;101;2026-01-05 05:00:00;642.2900;1589.5700;1406.4500;553.3800;2388.0700;9058.8800;47.1900;521.8000;2388.0700;8132.2200;8.4444;395.0000;0.043294;-0.241479;0.002153;Healthy;WO137892;2457.19
2026/07/03;ENG-066;121;2026-01-06 01:00:00;643.2100;1593.4600;1416.3000;551.7000;2388.1400;9086.8300;47.7500;521.1000;2388.1500;8165.7900;8.4570;394.0000;0.197175;0.800213;0.004395;Warning;WO186208;
03-Jul-2026;ENG-008;124;2026-01-06 04:00:00;641.8500;1592.7400;1404.5700;553.6500;2388.1400;9053.0600;47.5000;521.4600;2388.0600;8134.7900;8.4459;394.0000;0.050166;-0.149203;0.001072;Healthy;WO786444;2652.64
2026-07-03;  ENG-076 ;173;2026-01-08 05:00:00;642.9000;1592.1800;1415.9300;552.8500;2388.1300;9083.9700;47.8400;521.2600;2388.1000;8164.8800;8.4896;393.0000;0.159257;0.589180;0.003584;Warning;WO370721;5,890.00
2026-07-03;ENG-023;114;2026-01-05 18:00:00;642.5100;1588.4300;1398.2700;553.9200;2387.9900;9052.7200;47.3100;522.1900;2388.0500;8135.5600;8.4167;392.0000;0.024244;-0.837545;0.001485;Healthy;WO827680;837.36
2026/07/03;ENG-012;182;2026-01-08 14:00:00;642.8300;1578.5700;1398.7600;553.5800;2388.0400;9066.1300;47.3500;522.8800;2388.0600;8139.2500;8.4573;393.0000;0.046198;-0.628046;0.001656;Healthy;WO909511;2842.63
2026-07-03;ENG-056;112;2026-01-05 16:00:00;643.7400;1594.9500;1415.8100;552.0700;2388.1800;9046.0400;47.9900;520.8500;2388.1600;8123.0400;8.4989;393.0000;-0.341428;1.086203;0.006496;Warning;WO904164;19713.54
03-Jul-2026;ENG-024;161;2026-01-07 17:00:00;642.4500;1589.3900;1405.7300;553.1200;2387.9900;9110.1900;47.5300;522.2900;2388.0700;8186.5500;8.4569;393.0000;0.275652;-0.201793;0.039513;Warning;WO607311;
2026-07-03;ENG-072;127;2026-01-06 07:00:00;642.7600;1585.8200;1414.0900;552.8100;2388.0500;9065.9900;47.5800;521.3400;2388.0900;8146.1800;8.4095;393.0000;0.083710;-0.037289;0.000633;Healthy;WO583894;
2026/07/03;ENG-058;145;2026-01-07 01:00:00;643.1500;1586.4700;1408.9500;553.7400;2388.1200;9046.0800;47.4500;520.7500;2388.1300;8131.7300;8.4506;394.0000;-0.031247;0.290657;;Healthy;WO672045;
2026/07/03;ENG-068;158;2026-01-07 14:00:00;642.6700;1597.7600;1413.7600;553.0200;2388.1100;9075.5500;47.7100;521.1500;2388.1000;8147.4600;8.4584;393.0000;0.058631;0.452239;0.003390;Warning;WO105239;20978.68
2026/07/03;ENG-077;116;2026-01-05 20:00:00;642.8500;1588.5900;1407.5700;553.6400;2388.1400;9048.4000;47.3900;521.7800;2388.0900;8128.8200;8.4629;394.0000;0.017053;-0.005097;0.003761;Warning;WO603280;9865.16
2026-07-03;ENG-066;120;2026-01-06 00:00:00;642.9600;1595.6100;1404.5600;552.7900;2388.1600;9090.0600;47.7400;520.9400;2388.1100;8166.3500;8.5056;396.0000;0.208847;0.677347;0.010844;Warning;WO276139;17,509.24
03-Jul-2026;ENG-042;140;2026-01-06 20:00:00;643.1600;1604.9300;1412.6100;552.9300;2388.2000;9038.9500;47.6800;520.9400;2388.1900;8117.8600;8.4186;395.0000;-0.091044;0.656746;0.005597;Healthy;WO665058;600.21
03-Jul-2026;ENG-084;162;2026-01-07 18:00:00;642.5600;1597.1300;1412.6800;553.3600;2388.1600;9056.4800;47.7600;520.7800;2388.1700;8128.0100;8.4895;394.0000;-0.045772;0.556644;0.004740;Warning;WO878814;9,858.58
2026-07-03;ENG-013;177;2026-01-08 09:00:00;642.3900;1589.0800;1402.4900;553.8800;2388.0500;9064.5800;47.2100;522.0000;2388.1200;8143.4900;8.4136;393.0000;0.037190;-0.553060;0.000244;Healthy;WO939003;
2026-07-03;ENG-020;152;2026-01-07 08:00:00;643.1100;1594.7000;1415.1600;552.6800;2388.1900;9062.2600;47.7200;521.4100;2388.1500;8143.1500;8.4362;395.0000;0.012170;0.533873;0.004737;Healthy;WO876032;2774.56
2026/07/03;ENG-081;212;2026-01-09 20:00:00;643.3600;1600.1000;1430.8500;551.1900;2388.2000;9075.1500;47.9800;519.3800;2388.2400;8152.0900;8.5137;396.0000;-0.557674;1.824183;0.020403;warning;WO195954;23420.35
03-Jul-2026;ENG-052;177;2026-01-08 09:00:00;642.7900;1583.2200;1404.8900;554.0700;2388.0800;9088.4600;47.3800;521.1600;2388.0600;8177.4700;8.4419;394.0000;0.102714;-0.298159;0.007802;Warning;WO951107;13924.63
2026-07-03;ENG-038;108;2026-01-05 12:00:00;642.9600;1597.7300;1411.7900;553.2300;2388.1300;9076.5700;47.5900;521.2500;2388.0900;8139.5900;8.4741;393.0000;0.063176;0.333361;0.005071;Healthy;WO984492;1232.30
2026-07-03;ENG-019;122;2026-01-06 02:00:00;641.8600;1583.0600;1402.9600;553.9600;2388.1200;9056.4700;47.2200;521.8000;2388.0200;8139.9000;8.4210;393.0000;0.015449;-0.746705;0.004207;HEALTHY;WO983628;2715.72
2026/07/03;ENG-040;110;2026-01-05 14:00:00;642.6500;1596.9200;1401.2200;552.4300;2388.1300;9058.2500;47.6100;520.6600;2388.1400;8148.9700;8.4685;394.0000;0.031569;0.470561;0.004061;Healthy;WO261924;2619.87
03-Jul-2026;ENG-031;149;2026-01-07 05:00:00;643.1900;1593.3900;1410.1000;553.4700;2388.1300;9071.0600;47.6100;521.6400;2388.0500;8154.0200;8.4832;393.0000;0.074787;0.383967;0.003025;healthy;WO897484;
2026-07-03;  ENG-010 ;134;2026-01-06 14:00:00;642.6800;1591.8800;1399.5900;553.7000;2388.0500;9067.9900;47.1900;522.1700;2388.0600;8140.1400;8.4323;394.0000;0.040063;-0.674196;0.001171;Healthy;WO278447;2796.99
2026-07-03;ENG-020;141;2026-01-06 21:00:00;642.0200;1590.7000;1408.6400;552.6800;2388.1400;9062.2000;47.5600;520.9800;2388.0900;8144.9600;8.4166;393.0000;0.049239;0.133764;0.000483;Healthy;WO513060;587.64
03-Jul-2026;  ENG-084 ;127;2026-01-06 07:00:00;642.1800;1588.7400;1406.4200;552.9500;2388.1500;9048.8900;47.4100;521.5000;2388.1000;8133.4600;8.4446;391.0000;0.046413;-0.156872;0.000488;Healthy;WO542770;2953.62
2026-07-03;ENG-058;163;2026-01-07 19:00:00;642.4800;1588.9200;1419.2000;553.5100;2388.0700;9066.6500;47.6600;521.0500;2388.2100;8132.7200;8.4876;394.0000;0.004340;0.417650;0.005607;Warning;WO126068;2460.01
03-Jul-2026;ENG-034;189;2026-01-08 21:00:00;642.8100;1595.4000;1424.0900;552.7500;2388.2500;9052.0100;47.8700;520.1300;2388.2300;8130.0300;8.4497;395.0000;-0.214477;0.943653;0.009971;Warning;WO263407;
03-Jul-2026;ENG-033;48;2026-01-03 00:00:00;642.9400;1595.0400;1407.8400;553.2800;2388.1400;9050.9900;47.5800;521.7300;2388.1600;8142.6900;8.4885;395.0000;0.011641;0.415525;0.000782;healthy;WO626105;1787.50
2026-07-03;ENG-034;198;2026-01-09 06:00:00;643.4000;1591.4400;1418.8500;551.2100;2388.2300;9046.0300;48.2300;520.3600;2388.2700;8127.2600;8.4980;397.0000;-0.708731;1.445145;0.004658;Warning;WO908367;11303.21
2026-07-03;ENG-077;121;2026-01-06 01:00:00;642.6600;1589.3400;1410.4400;553.4800;2388.1500;9046.9900;47.5100;521.3700;2388.0700;8133.1000;8.4016;394.0000;0.014679;0.016755;0.001490;Healthy;WO161251;2862.09
2026-07-03;ENG-019;104;2026-01-05 08:00:00;642.3000;1582.9700;1402.9100;553.5900;2388.0300;9057.9700;47.3600;521.6600;2388.0100;8147.0100;8.4264;393.0000;0.041441;-0.532098;0.002691;Healthy;WO699022;2,403.63
2026-07-03;ENG-093;215;2026-01-09 23:00:00;642.7900;1589.1000;1416.5600;552.6700;2388.1400;9064.6800;47.8000;520.4700;2388.1200;8146.4200;8.4613;394.0000;-0.009148;0.669714;0.006106;Warning;WO607205;24183.24
2026-07-03;  ENG-089 ;148;2026-01-07 04:00:00;642.9300;1591.6300;1400.5800;553.1300;2388.1000;9045.6200;47.6600;521.9700;2388.0900;8131.2900;8.4210;392.0000;0.059075;-0.072878;0.003858;Healthy;WO822448;303.66
2026/07/03;ENG-055;81;2026-01-04 09:00:00;642.4300;1590.5800;1406.1500;553.8100;2388.0700;9061.3500;47.2700;522.1600;2388.0700;8137.9300;8.4021;391.0000;0.031927;-0.678153;0.001683;Healthy;WO465755;1302.70
03-Jul-2026;ENG-031;176;2026-01-08 08:00:00;643.3300;1597.4600;1423.8000;553.2200;2388.1900;9082.4000;47.9300;520.3600;2388.1500;8154.7400;8.4998;395.0000;0.094377;1.138453;0.006469;Warning;WO852578;6536.31
03-Jul-2026;  ENG-049 ;279;2026-01-12 15:00:00;643.7800;1597.9300;1412.5200;552.6900;2388.1700;9056.8600;47.8000;520.7700;2388.2200;8128.8100;8.4699;394.0000;-0.162365;0.919586;0.009050;Warning;WO804124;15286.45
03-Jul-2026;eng-021;104;2026-01-05 08:00:00;642.7000;1579.4100;1399.1000;554.1100;2388.0100;9054.8200;47.1900;522.1000;2388.0600;8139.7700;8.4183;392.0000;0.030854;-0.938241;0.002572;Healthy;WO815437;2245.98
03-Jul-2026;ENG-037;87;2026-01-04 15:00:00;642.1300;1582.0300;1406.9300;552.8600;2388.0200;9048.4700;47.4100;521.8400;2388.0500;8129.2300;8.4030;392.0000;0.024842;-0.654330;0.002323;Healthy;WO729993;2,313.19
2026/07/03;ENG-100;156;2026-01-07 12:00:00;642.3100;1595.8000;1408.0300;553.5300;2388.0100;9083.2600;47.2300;521.5500;2388.0100;8161.1800;8.4079;393.0000;0.083114;-0.564084;0.002680;Healthy;WO816892;2434.04
2026-07-03;ENG-056;131;2026-01-06 11:00:00;643.4200;1603.5300;1415.6700;552.0400;2388.3000;9041.7300;48.0400;520.4700;2388.2600;8119.0100;8.4756;397.0000;-0.577300;1.361777;0.006514;Warning;WO877764;16670.93
2026/07/03;ENG-055;84;2026-01-04 12:00:00;642.2900;1585.4200;1408.8600;553.8200;2388.0300;9054.6300;47.3300;521.6700;2388.0800;8142.2800;8.4175;392.0000;0.036950;-0.516585;0.001413;Healthy;WO480502;1,166.57
2026-07-03;  ENG-035 ;175;2026-01-08 07:00:00;643.4400;1600.6600;1417.6500;552.4200;2388.1500;9074.5100;47.9000;520.5900;2388.2100;8145.7900;8.4699;396.0000;-0.124939;1.237496;0.007084;WARNING;WO150025;14,941.87
03-Jul-2026;ENG-048;54;2026-01-03 06:00:00;642.1800;1586.1700;1404.8000;552.9200;2388.0800;9051.4100;47.4700;521.5100;2388.0700;8139.2400;8.3946;391.0000;0.032864;-0.561192;0.002284;Healthy;WO708364;
2026-07-03;ENG-056;130;2026-01-06 10:00:00;643.0500;1597.6600;1420.8300;552.1600;2388.2500;9041.3700;47.9100;520.3200;2388.1900;8121.4900;8.5011;395.0000;-0.521940;1.236058;0.013845;WARNING;WO741191;9786.35
2026/07/03;ENG-074;126;2026-01-06 06:00:00;642.1300;1594.5900;1400.7000;554.3200;2388.0600;9063.5600;47.5500;521.3200;2388.1100;8142.2700;8.4377;393.0000;0.070168;-0.069927;0.002077;Healthy;WO269259;361.08
03-Jul-2026;eng-033;42;2026-01-02 18:00:00;643.3600;1582.4300;1408.2100;552.1900;2388.1600;9055.4700;47.7500;521.1500;2388.1000;8136.7600;8.4351;395.0000;0.008637;0.307275;0.002276;Healthy;WO170197;2973.52
2026-07-03;ENG-049;216;2026-01-10 00:00:00;642.9300;1582.4600;1408.5600;553.7900;2388.0000;9058.8800;47.4800;521.2400;2388.0100;8138.9000;8.4209;392.0000;0.047103;-0.451166;0.000946;Healthy;WO606001;419.54
03-Jul-2026;eng-013;174;2026-01-08 06:00:00;642.4500;1583.2600;1409.0500;554.2200;2388.0700;9067.8800;47.3900;521.6100;2388.0700;8142.8400;8.4345;392.0000;0.052791;-0.460042;0.001105;Healthy;WO127309;2695.90
03-Jul-2026;ENG-019;109;2026-01-05 13:00:00;642.9500;1589.5800;1409.3500;554.3100;2388.0000;9064.1100;47.2600;521.4100;2388.0100;8142.2700;8.4049;392.0000;0.035067;-0.668337;0.001337;Healthy;WO708780;2589.86
03-Jul-2026;ENG-044;45;2026-01-02 21:00:00;642.2700;1587.0700;1404.3000;553.1100;2388.0400;9055.1400;47.4800;522.2400;2388.0700;8133.0300;8.4106;394.0000;0.053361;-0.404607;0.000386;warning;WO713272;24523.86
2026-07-03;ENG-074;111;2026-01-05 15:00:00;642.8800;1587.3900;1407.7300;553.7900;2388.0100;9055.1600;47.4200;521.7400;2388.1000;8141.6500;8.4624;392.0000;0.062970;-0.198806;0.000934;Healthy;WO159114;
2026/07/03;eng-093;199;2026-01-09 07:00:00;643.2800;1587.6000;1406.9100;552.4800;2388.0800;9074.7800;47.8600;521.0500;2388.1000;8142.9700;8.4676;394.0000;0.047441;0.577018;0.003638;healthy;WO727142;1,615.48
2026-07-03;ENG-031;183;2026-01-08 15:00:00;643.4500;1597.9700;1417.5300;552.2000;2388.1700;9082.1300;47.8300;520.7100;2388.2000;8155.2000;8.4852;395.0000;-0.017388;1.190343;0.012104;Warning;WO971543;24607.52
03-Jul-2026;ENG-005;68;2026-01-03 20:00:00;642.9000;1583.3300;1413.1700;553.8600;2388.1300;9053.7800;47.6000;521.0800;2388.1100;8131.5200;8.4320;394.0000;-0.000094;0.109059;0.004014;Healthy;WO603757;1,365.20
2026-07-03;ENG-057;145;2026-01-07 01:00:00;642.8900;1591.3400;1411.3600;552.8000;2388.1300;9050.8300;47.5700;521.1000;2388.1200;8124.3800;8.4190;394.0000;-0.012758;0.259236;0.002695;Healthy;WO261700;703.41
2026-07-03;eng-098;120;2026-01-06 00:00:00;642.8900;1593.1200;1403.3100;553.0000;2388.1000;9059.6500;47.7100;521.0600;2388.1200;8140.5200;8.4686;394.0000;0.034443;0.342274;0.001218;Healthy;WO526070;199.33
03-Jul-2026;ENG-090;112;2026-01-05 16:00:00;642.7200;1589.6700;1410.9700;553.3300;2388.0800;9063.2100;47.5300;520.9900;2388.0900;8142.4600;8.4521;393.0000;0.047521;0.219764;0.003428;Healthy;WO304245;109.02
03-Jul-2026;ENG-059;93;2026-01-04 21:00:00;642.4200;1585.8400;1403.0000;554.2200;2388.0800;9059.2700;47.3900;521.9100;2388.0600;8138.2200;8.4105;392.0000;0.030301;-0.607992;0.002555;Healthy;WO623108;576.73
2026/07/03;  ENG-058 ;138;2026-01-06 18:00:00;642.5600;1600.9900;1406.6400;553.6900;2388.0800;9055.0500;47.7200;521.8200;2388.1100;8136.0000;8.4140;393.0000;0.055396;0.152808;0.002400;Warning;WO869336;10592.96
03-Jul-2026;ENG-072;112;2026-01-05 16:00:00;642.3500;1587.3500;1406.5800;554.1500;2388.1000;9071.7500;47.4700;521.5200;2388.0300;8143.4000;8.4495;394.0000;0.066812;-0.237706;0.002362;healthy;WO968162;410.33
03-Jul-2026;ENG-100;183;2026-01-08 15:00:00;642.7800;1595.3400;1406.2100;553.5100;2388.0300;9122.9700;47.5300;522.0600;2388.0500;8197.4200;8.4463;394.0000;0.498912;0.086859;0.022001;Warning;WO609964;7238.83
2026-07-03;ENG-058;170;2026-01-08 02:00:00;642.7700;1594.4100;1409.0100;553.0300;2388.1600;9057.7100;47.7000;521.3200;2388.2000;8138.3300;8.5051;394.0000;-0.008335;0.545557;0.005027;Healthy;WO535666;598.08
2026-07-03;ENG-051;117;2026-01-05 21:00:00;642.0200;1581.5100;1412.7800;554.1000;2388.0500;9055.4200;47.2900;521.7000;2388.0400;8134.3700;8.4275;392.0000;0.016209;-0.704875;0.002224;Healthy;WO789080;309.51
2026/07/03;  ENG-094 ;125;2026-01-06 05:00:00;643.0300;1590.7800;1413.9800;552.8000;2388.1100;9055.8200;47.6700;520.8700;2388.1100;8138.8500;8.4815;395.0000;-0.001786;0.514288;0.002310;Warning;WO648935;10,619.87
2026/07/03;ENG-055;94;2026-01-04 22:00:00;641.7600;1589.5100;1403.3700;554.5500;2388.1000;9055.1900;47.5300;521.9900;2388.0100;8133.8800;8.4071;392.0000;0.019947;-0.733124;0.001221;Healthy;WO293755;2661.34
2026/07/03;ENG-089;142;2026-01-06 22:00:00;642.6200;1591.1300;1407.1800;553.4300;2388.1300;9051.3100;47.6300;521.8100;2388.0900;8123.4900;8.4155;393.0000;0.030083;-0.065979;0.002083;Healthy;WO621215;2866.76
03-Jul-2026;ENG-023;127;2026-01-06 07:00:00;642.8500;1589.1800;1397.5200;553.9200;2388.0800;9053.9100;47.3400;521.6800;2388.0500;8132.5000;8.4127;393.0000;0.015701;-0.670738;0.001991;Healthy;WO871797;1024.19
2026/07/03;ENG-081;182;2026-01-08 14:00:00;642.8500;1597.0400;1412.5600;552.4200;2388.1100;9069.7900;47.7700;521.0800;2388.1500;8148.9200;8.4665;395.0000;0.036464;0.674314;0.006927;Warning;WO460497;10,003.39
2026-07-03;  ENG-051 ;133;2026-01-06 13:00:00;642.6300;1588.4700;1408.0900;552.8700;2388.0800;9054.1000;47.5200;521.8000;2388.0500;8136.0900;8.4250;392.0000;0.073649;-0.145388;0.001584;Healthy;WO597909;2,121.87
03-Jul-2026;ENG-057;137;2026-01-06 17:00:00;642.6000;1602.5800;1410.8500;553.4400;2388.0600;9043.4800;47.6100;521.4300;2388.1500;8127.6600;8.4285;394.0000;0.008754;0.240297;0.002867;Healthy;WO550136;2966.78
03-Jul-2026;ENG-028;133;2026-01-06 13:00:00;642.9700;1587.6400;1409.2500;552.5300;2388.0700;9047.4800;47.4000;521.4500;2388.0700;8136.2000;8.4352;394.0000;0.054273;0.017501;0.003380;Warning;WO103893;20716.21
2026-07-03;ENG-030;131;2026-01-06 11:00:00;642.7000;1591.7700;1414.5100;553.2500;2388.1500;9044.8500;47.6800;521.0400;2388.1300;8128.2700;8.4820;395.0000;-0.058088;0.547013;0.002646;Warning;WO458142;23124.96
2026-07-03;ENG-089;119;2026-01-05 23:00:00;642.3800;1589.3900;1409.4700;553.2900;2388.0700;9050.1600;47.4200;521.4600;2388.1100;8131.1400;8.4268;393.0000;0.045378;-0.087022;0.001497;Healthy;WO334312;1978.14
2026/07/03;ENG-007;130;2026-01-06 10:00:00;642.2300;1581.9700;1403.1400;554.8600;2388.0100;9057.8300;47.4500;521.9200;2388.0900;8143.2900;8.4049;393.0000;0.018507;-0.799800;0.000000;Healthy;WO945954;745.60
03-Jul-2026;ENG-043;124;2026-01-06 04:00:00;642.4600;1592.2600;1408.5500;553.1600;2388.0400;9050.1200;47.5500;521.9900;2388.1200;8133.7700;8.4517;392.0000;0.067359;-0.097944;0.001032;HEALTHY;WO142696;2,238.07
2026-07-03;ENG-004;77;2026-01-04 05:00:00;642.4500;1593.8800;1407.8400;553.6100;2388.1200;9052.5300;47.5600;521.4500;2388.1000;8136.3100;8.4510;390.0000;0.059233;-0.123976;0.001640;Healthy;WO946428;2750.34
2026/07/03;ENG-057;117;2026-01-05 21:00:00;642.9500;1590.3300;1416.7400;553.7400;2388.1400;9052.3700;47.5900;521.6100;2388.1400;8128.3600;8.4317;393.0000;-0.003641;0.226202;0.001486;Healthy;WO341353;930.90
2026-07-03;ENG-098;96;2026-01-05 00:00:00;642.4100;1594.1300;1408.6000;553.3500;2388.1000;9064.3100;47.5400;521.9400;2388.0800;8149.0100;8.4385;393.0000;0.100118;0.026851;0.003024;Warning;WO427857;5453.13
2026-07-03;ENG-032;130;2026-01-06 10:00:00;643.0500;1586.7200;1405.5700;554.3600;2387.9600;9094.7000;47.4100;521.6500;2388.0400;8162.7000;8.4212;393.0000;0.093715;-0.555496;0.004239;Warning;WO578762;22955.01
2026/07/03;ENG-092;119;2026-01-05 23:00:00;642.8000;1590.8000;1411.3500;552.4500;2388.1700;9040.1700;47.9200;521.0800;2388.1700;8124.1000;8.4899;394.0000;-0.081397;0.658598;0.006436;Warning;WO873241;17,008.38
2026/07/03;ENG-088;57;2026-01-03 09:00:00;642.5100;1584.5300;1413.7800;553.4100;2388.1300;9040.2300;47.5700;521.6600;2388.1600;8118.8100;8.4466;392.0000;-0.003063;-0.130774;0.003279;healthy;WO482613;2,717.25
2026/07/03;ENG-033;35;2026-01-02 11:00:00;641.9900;1588.8700;1405.4300;553.8500;2388.1300;9063.1200;47.5600;520.9000;2388.1500;8136.3300;8.4340;394.0000;0.045596;-0.133650;0.002106;Healthy;WO560156;1,015.47
2026/07/03;ENG-076;165;2026-01-07 21:00:00;642.8700;1589.9200;1411.2800;553.3400;2388.0700;9077.5800;47.5500;521.1700;2388.0600;8155.8000;8.4594;393.0000;0.104605;0.209441;0.002319;Healthy;WO219893;1,083.70
2026/07/03;ENG-024;165;2026-01-07 21:00:00;642.3500;1590.6300;1406.1600;553.4100;2387.9800;9113.3900;47.5100;521.4500;2388.0000;8187.2800;8.4535;393.0000;0.303959;-0.238912;0.057660;Warning;WO328460;14,976.59
03-Jul-2026;eng-093;183;2026-01-08 15:00:00;642.6000;1599.0200;1406.8800;553.4500;2388.1400;9068.7100;47.7700;521.0500;2388.1100;8140.3700;8.4729;394.0000;0.036852;0.427840;0.002197;Warning;WO980290;1,494.90
2026/07/03;ENG-077;140;2026-01-06 20:00:00;642.8500;1590.1000;1407.1700;552.7900;2388.1000;9049.3700;47.6100;521.6800;2388.2000;8125.2600;8.4271;394.0000;0.012165;0.149581;0.002189;Healthy;WO173258;2255.15
2026-07-03;ENG-010;173;2026-01-08 05:00:00;643.1400;1584.8900;1399.1600;553.9100;2388.0300;9068.5400;47.5000;521.5700;2388.0600;8143.0300;8.4203;392.0000;0.056092;-0.425524;0.001348;HEALTHY;WO622862;2065.48
2026/07/03;ENG-055;102;2026-01-05 06:00:00;642.3000;1588.4100;1408.2500;553.0600;2388.0900;9061.4200;47.3800;521.7800;2388.0200;8133.2000;8.4404;393.0000;0.066062;-0.231124;0.001201;Healthy;WO192662;607.46
2026-07-03;ENG-022;36;2026-01-02 12:00:00;642.4300;1592.0800;1406.1500;553.5900;2388.1000;9046.5500;47.5700;521.1700;2388.1100;8129.8400;8.4095;392.0000;0.029632;-0.071548;0.001554;Healthy;WO882940;2764.29
03-Jul-2026;ENG-053;118;2026-01-05 22:00:00;643.1000;1581.6000;1409.1200;553.2100;2388.0500;9063.8700;47.4300;520.9800;2388.0900;8152.9700;8.4452;394.0000;0.077427;0.014525;0.001029;Healthy;WO831950;2,551.50
03-Jul-2026;ENG-093;194;2026-01-09 02:00:00;642.5700;1591.7900;1406.1100;553.0300;2388.1200;9059.4400;47.6200;521.0600;2388.0600;8143.8900;8.4550;394.0000;0.057906;0.145346;0.002341;Healthy;WO219179;1246.68
2026/07/03;ENG-076;171;2026-01-08 03:00:00;643.0000;1598.6600;1412.8500;552.4900;2388.0400;9080.9300;47.6400;521.2700;2388.0900;8150.9700;8.4299;394.0000;0.108913;0.363008;;Warning;WO796787;7102.52
2026-07-03;ENG-012;173;2026-01-08 05:00:00;642.5600;1580.8900;1407.1800;553.4400;2388.0100;9062.6000;47.1700;522.1300;2387.9700;8144.0700;8.4152;392.0000;0.049190;-0.821766;0.000691;Healthy;WO379496;
2026/07/03;ENG-093;241;2026-01-11 01:00:00;642.5400;1594.0500;1415.0300;551.8900;2388.2000;9075.2700;47.7600;520.9300;2388.1200;8153.9900;8.4854;395.0000;0.062209;0.739008;0.006432;Warning;WO240705;19905.07
03-Jul-2026;eng-061;121;2026-01-06 01:00:00;642.4400;1591.9400;1408.7100;553.1200;2388.1200;9068.8700;47.3400;521.0300;2388.0800;8152.2100;8.4045;393.0000;0.078169;-0.050079;0.001230;Warning;WO926587;8647.54
2026-07-03;ENG-084;130;2026-01-06 10:00:00;643.4100;1593.1600;1412.5700;553.1600;2388.1000;9057.8300;47.7100;521.0800;2388.0900;8129.0000;8.4418;394.0000;0.019163;0.300035;0.007080;Warning;WO793779;18,606.39
03-Jul-2026;  ENG-021 ;117;2026-01-05 21:00:00;641.6400;1587.8800;1397.2300;553.2300;2388.0000;9062.8400;47.1800;522.2200;2388.0400;8144.4600;8.4327;392.0000;0.046670;-0.983797;0.001726;Healthy;WO824944;1,205.92
03-Jul-2026;eng-068;142;2026-01-06 22:00:00;642.9200;1591.9900;1405.5000;553.8200;2388.0600;9066.3000;47.4500;521.5400;2388.1100;8137.1300;8.4150;393.0000;0.069663;0.025718;0.001767;healthy;WO668130;
2026/07/03;ENG-072;117;2026-01-05 21:00:00;643.0600;1590.0500;1411.1300;554.0900;2388.0700;9070.8800;47.5000;522.2000;2388.0400;8149.6500;8.4428;391.0000;0.085688;-0.232197;0.000992;healthy;WO965840;2039.19
2026/07/03;ENG-092;134;2026-01-06 14:00:00;642.9700;1593.6200;1412.9900;552.9100;2388.1500;9045.5800;47.9000;520.4800;2388.2100;8131.1600;8.4725;395.0000;-0.187042;0.855528;0.004462;Warning;WO410555;
2026/07/03;ENG-063;143;2026-01-06 23:00:00;642.6700;1596.6300;1414.0200;552.4700;2388.1300;9051.4700;47.6400;521.2200;2388.1900;8130.7900;8.4256;393.0000;-0.003603;0.415060;0.002829;Healthy;WO769799;1,903.55
2026-07-03;ENG-059;73;2026-01-04 01:00:00;642.3900;1587.8200;1399.0300;554.8000;2388.0200;9053.9200;47.1300;522.5300;2387.9900;8140.4700;8.4305;393.0000;0.035411;-1.002095;0.001465;Healthy;WO524841;2851.86
03-Jul-2026;eng-070;107;2026-01-05 11:00:00;642.6700;1592.0100;1407.9200;553.3900;2388.0700;9047.9800;47.4000;521.6000;2388.1000;8131.9800;8.4104;395.0000;0.048083;-0.080116;0.001747;Warning;WO894240;1,162.69
2026/07/03;ENG-062;157;2026-01-07 13:00:00;641.8700;1590.8300;1407.3700;553.3500;2388.0100;9061.3400;47.3000;522.1700;2388.0000;8148.1000;8.4214;393.0000;0.074300;-0.497667;0.003216;Healthy;WO323320;1,337.05
03-Jul-2026;ENG-041;102;2026-01-05 06:00:00;642.8800;1591.6100;1405.7300;552.6800;2388.1100;9044.2600;47.6100;521.0500;2388.1000;8125.7800;8.4413;391.0000;0.007722;0.164921;0.001195;Healthy;WO808332;1203.61
03-Jul-2026;ENG-100;137;2026-01-06 17:00:00;642.1500;1591.6000;1397.4600;554.4500;2388.0100;9077.9200;47.5000;522.1800;2388.0200;8157.5800;8.3445;392.0000;0.037624;-1.032265;0.001465;Healthy;WO997472;1415.59
2026/07/03;ENG-046;103;2026-01-05 07:00:00;642.8400;1596.6400;1407.6400;553.6400;2388.0800;9067.4600;47.3800;521.1100;2388.0600;8145.2300;8.4348;393.0000;0.087612;0.060813;0.002271;Healthy;WO647438;1278.55
03-Jul-2026;ENG-097;94;2026-01-04 22:00:00;642.6200;1586.4900;1410.9000;554.5100;2388.0800;9058.0200;47.4500;521.4600;2388.0600;8151.7300;8.3951;393.0000;0.045644;-0.486194;0.001337;Healthy;WO669784;2974.66
03-Jul-2026;ENG-079;100;2026-01-05 04:00:00;642.7500;1583.3900;1407.6200;553.6900;2388.0700;9049.2400;47.3800;521.4700;2388.0900;8123.7900;8.4631;393.0000;0.031470;-0.150942;0.002296;Healthy;WO554636;1138.53
03-Jul-2026;ENG-058;151;2026-01-07 07:00:00;642.8100;1589.5900;1418.4600;552.4100;2388.1100;9053.5300;47.5600;521.4100;2388.1300;8131.7700;8.4557;394.0000;-0.006840;0.419226;0.001899;Warning;WO628571;15,855.01
03-Jul-2026;ENG-076;189;2026-01-08 21:00:00;643.1100;1595.6000;1417.4500;552.9100;2388.1700;9095.7800;47.7300;521.0900;2388.1700;8167.2900;8.5038;393.0000;0.242222;0.848885;0.011920;Warning;WO452697;6,887.37
2026-07-03;ENG-023;129;2026-01-06 09:00:00;642.4800;1586.5500;1395.0400;554.3900;2388.0100;9051.7600;47.1600;522.3700;2388.0700;8136.7500;8.4002;391.0000;0.018774;-1.051846;0.001859;Healthy;WO685476;1,294.76
2026-07-03;ENG-090;128;2026-01-06 08:00:00;643.3700;1595.0300;1413.7600;552.8400;2388.1800;9074.5500;47.5900;520.4500;2388.1100;8149.6400;8.4840;395.0000;0.044065;0.771862;0.007361;Warning;WO480817;20152.21
03-Jul-2026;ENG-053;155;2026-01-07 11:00:00;642.6400;1593.5600;1414.2900;553.6200;2388.1200;9093.1600;47.5400;521.5500;2388.1200;8175.7300;8.4013;395.0000;0.197704;0.273374;0.021522;Warning;WO211535;8506.89
2026/07/03;ENG-012;180;2026-01-08 12:00:00;641.8000;1581.9400;1401.1500;554.2700;2388.0900;9064.5500;47.3600;521.5000;2387.9900;8147.8800;8.4470;391.0000;0.030161;-0.970835;0.000598;Healthy;WO301714;1926.45
2026-07-03;ENG-061;151;2026-01-07 07:00:00;643.1000;1594.0300;1409.0300;553.3700;2388.1400;9064.5000;47.7600;520.7400;2388.0800;8147.3100;8.4783;397.0000;0.008403;0.614278;0.006766;Healthy;WO964639;645.67
2026/07/03;  ENG-089 ;147;2026-01-07 03:00:00;643.0100;1595.8700;1409.7100;553.6200;2388.1300;9049.8300;47.5400;521.7900;2388.1300;8125.9000;8.4356;392.0000;0.038843;-0.022075;0.002116;Healthy;WO539022;1,344.80
2026/07/03;  ENG-052 ;128;2026-01-06 08:00:00;641.8100;1582.6000;1400.0300;555.0300;2388.0700;9069.7700;47.0400;522.3400;2388.0500;8150.5700;8.3942;392.0000;0.017100;-1.166493;0.003257;Healthy;WO789140;1085.58
2026-07-03;eng-036;126;2026-01-06 06:00:00;642.9400;1599.1900;1418.9800;552.3200;2388.1600;9056.3000;47.9400;520.0100;2388.2200;8136.9600;8.5259;394.0000;-0.346807;1.246723;;Warning;WO291258;11247.83
2026-07-03;  ENG-049 ;270;2026-01-12 06:00:00;643.2500;1594.3600;1411.3700;552.9700;2388.1500;9054.9400;47.9300;520.9300;2388.1500;8139.8400;8.4394;395.0000;-0.017676;0.642356;0.002674;WARNING;WO294811;22,533.59
03-Jul-2026;ENG-100;164;2026-01-07 20:00:00;643.1400;1588.4000;1410.4400;553.5000;2388.0700;9091.7000;47.4900;521.7900;2388.0400;8177.0800;8.4162;392.0000;0.130968;-0.224988;0.004359;Healthy;WO148133;2519.15
03-Jul-2026;ENG-055;98;2026-01-05 02:00:00;641.5300;1585.9100;1398.7600;554.7400;2388.0600;9050.8500;47.4000;522.0300;2388.0800;8136.2100;8.4153;393.0000;0.004990;-0.929760;0.001794;Healthy;WO806639;2,917.51
2026/07/03;ENG-048;68;2026-01-03 20:00:00;642.6400;1594.4200;1402.3400;553.9900;2388.1000;9063.1000;47.4100;521.8000;2388.1100;8139.9200;8.4273;393.0000;0.058555;-0.219709;0.001655;WARNING;WO617724;18365.02
03-Jul-2026;  ENG-012 ;162;2026-01-07 18:00:00;641.8600;1586.1600;1400.3800;553.6600;2388.0000;9061.5000;47.1500;521.6200;2388.0100;8140.9700;8.4447;392.0000;0.029506;-0.787319;0.000345;Healthy;WO101203;148.37
2026/07/03;ENG-086;104;2026-01-05 08:00:00;642.9900;1591.2500;1401.8400;552.6800;2388.0700;9069.1500;47.5200;521.3200;2388.0200;8147.9800;8.4617;393.0000;0.105318;-0.021139;0.002471;Warning;WO471061;6686.89
03-Jul-2026;ENG-060;106;2026-01-05 10:00:00;642.6300;1590.0600;1403.3700;553.2700;2388.0700;9057.1900;47.4800;521.6400;2388.0800;8139.8100;8.4546;392.0000;0.067183;-0.142299;0.001601;healthy;WO386895;1233.49
2026-07-03;ENG-050;63;2026-01-03 15:00:00;642.6700;1591.5800;1400.7600;553.4800;2388.0100;9065.3900;47.3200;522.1600;2388.0300;8143.6600;8.4550;393.0000;0.058026;-0.603207;0.004415;Healthy;WO824368;2566.41
2026/07/03;ENG-062;210;2026-01-09 18:00:00;641.6100;1593.3400;1414.2600;553.2400;2388.0500;9082.3800;47.4400;521.6600;2388.0300;8165.4900;8.4357;391.0000;0.102255;-0.352736;0.001995;Healthy;WO954631;2211.33
2026/07/03;ENG-097;115;2026-01-05 19:00:00;642.5800;1584.2100;1405.6000;553.9100;2388.0600;9074.5700;47.4600;521.8500;2388.0300;8147.0500;8.3845;392.0000;0.052631;-0.630180;0.001700;Healthy;WO937502;1483.17
2026-07-03;ENG-068;130;2026-01-06 10:00:00;642.4400;1592.3600;1412.0600;553.5100;2388.1100;9066.1600;47.6100;520.9800;2388.1000;8137.8100;8.4395;393.0000;0.044547;0.144030;0.001897;Healthy;WO219271;2,292.34
2026-07-03;ENG-041;84;2026-01-04 12:00:00;641.7800;1587.7800;1409.7400;554.2200;2388.0700;9047.9700;47.4100;521.5000;2388.0800;8127.3500;8.4479;392.0000;0.014962;-0.515801;0.002373;Healthy;WO228862;416.74
03-Jul-2026;ENG-029;133;2026-01-06 13:00:00;642.4100;1595.7200;1414.3700;553.4100;2388.1200;9064.8000;47.4500;521.7800;2388.0600;8141.0300;8.4382;393.0000;0.079358;-0.147604;;Healthy;WO592545;1605.06
03-Jul-2026;ENG-063;151;2026-01-07 07:00:00;642.4300;1589.8800;1408.4900;552.2600;2388.1700;9050.0200;47.7500;521.4500;2388.1800;8127.5200;8.4402;394.0000;-0.027169;0.414520;0.002364;Healthy;WO707778;1341.50
2026/07/03;eng-100;135;2026-01-06 15:00:00;642.7000;1592.9200;1400.0100;554.1700;2388.0300;9075.3100;47.4100;522.2000;2388.0200;8151.7900;8.4143;394.0000;0.077104;-0.516299;0.001718;Healthy;WO708750;206.20
03-Jul-2026;eng-053;111;2026-01-05 15:00:00;642.8100;1591.7200;1398.5200;553.9500;2388.0300;9064.8800;47.4200;521.7400;2388.0900;8145.6700;8.4150;392.0000;0.052699;-0.490316;0.001731;Healthy;WO164360;2201.64
2026/07/03;ENG-021;106;2026-01-05 10:00:00;642.8600;1587.3700;1404.6600;554.8900;2387.9900;9055.0900;47.1700;522.2300;2387.9900;8150.3100;8.4202;392.0000;0.034408;-0.935366;0.001601;Healthy;WO695008;2,354.44
2026-07-03;ENG-073;96;2026-01-05 00:00:00;642.8700;1582.7200;1405.4100;553.9500;2388.0600;9053.6900;47.4300;522.0100;2388.0800;8143.2600;8.4444;392.0000;0.041154;-0.503368;0.000345;Warning;WO587136;8014.15
2026-07-03;ENG-042;148;2026-01-07 04:00:00;643.2100;1597.0300;1416.5100;551.5300;2388.1900;9031.7100;47.8200;519.9100;2388.2300;8109.0300;8.4882;394.0000;-0.581341;1.165281;0.025835;Warning;WO494248;19,651.41
2026/07/03;ENG-005;84;2026-01-04 12:00:00;642.3000;1590.1500;1411.0100;553.8000;2388.1400;9056.8900;47.4100;521.1000;2388.1300;8130.2500;8.4543;394.0000;0.002914;0.156264;0.001909;Healthy;WO256555;975.21
03-Jul-2026;ENG-032;101;2026-01-05 05:00:00;642.2400;1586.8100;1398.9800;554.1700;2387.9800;9071.6800;47.2000;521.7700;2388.0400;8162.3300;8.4475;391.0000;0.060232;-0.948557;0.004312;Healthy;WO615644;299.95
2026-07-03;ENG-004;99;2026-01-05 03:00:00;642.9200;1585.8800;1407.7600;553.3100;2388.1600;9062.0400;47.7000;521.2200;2388.0900;8127.7700;8.4449;394.0000;0.005012;0.212062;0.001726;Healthy;WO185372;1,930.85
2026/07/03;ENG-053;116;2026-01-05 20:00:00;642.3300;1591.3000;1407.7600;553.4500;2388.0600;9069.3600;47.4200;522.1600;2388.0200;8142.7300;8.4594;392.0000;0.066796;-0.528301;0.000712;Healthy;WO326904;698.30
03-Jul-2026;ENG-086;96;2026-01-05 00:00:00;642.0000;1589.5600;1415.6200;553.7500;2388.0800;9062.4900;47.4200;521.3700;2388.0900;8147.3600;8.4504;393.0000;0.069013;-0.205029;0.001467;HEALTHY;WO257147;1994.57
2026-07-03;  ENG-082 ;156;2026-01-07 12:00:00;643.0100;1592.6500;1414.1700;551.8400;2388.2400;9053.6000;48.0400;520.2600;2388.1900;8127.6800;8.4970;396.0000;-0.505743;1.251649;0.011565;Warning;WO852224;24,026.64
2026/07/03;ENG-070;120;2026-01-06 00:00:00;642.1400;1592.2700;1405.4400;553.9400;2388.1100;9050.4500;47.5100;522.1900;2388.1100;8129.2300;8.4222;392.0000;0.043366;-0.274560;0.002345;Healthy;WO760117;1,497.90
2026-07-03;ENG-076;168;2026-01-08 00:00:00;642.9500;1591.5100;1409.7100;553.3600;2388.0900;9085.1800;47.8900;520.9400;2388.0800;8159.2800;8.4658;394.0000;0.166313;0.544792;0.010292;warning;WO510353;4,858.36
2026/07/03;ENG-049;265;2026-01-12 01:00:00;642.8500;1593.6500;1416.4200;552.6400;2388.1900;9050.2400;47.7600;521.1500;2388.1400;8141.6300;8.4557;393.0000;-0.004665;0.410926;0.001286;Healthy;WO858148;2,624.31
2026-07-03;ENG-042;145;2026-01-07 01:00:00;642.8000;1592.3700;1410.3500;552.0700;2388.2100;9041.3200;47.6700;520.7200;2388.1700;8119.8300;8.4744;394.0000;-0.076254;0.569138;0.004052;Warning;WO166586;1049.79
2026-07-03;ENG-030;140;2026-01-06 20:00:00;642.8500;1592.6200;1409.3600;553.5400;2388.1000;9052.9700;47.5600;520.9100;2388.1400;8133.3700;8.4181;396.0000;-0.002871;0.290541;0.002160;Healthy;WO649815;2535.59
03-Jul-2026;  ENG-009 ;49;2026-01-03 01:00:00;642.8100;1590.6100;1412.3300;553.4900;2388.1500;9051.8200;47.3100;522.0100;2388.0800;8130.5100;8.4409;393.0000;0.044314;-0.102981;0.001697;HEALTHY;WO639084;2,351.91
2026/07/03;ENG-044;54;2026-01-03 06:00:00;642.4900;1582.3000;1415.2900;552.9700;2388.1300;9057.7700;47.5200;521.7300;2388.1000;8131.4400;8.4391;392.0000;0.045964;-0.071550;0.003394;Healthy;WO834237;2,822.49
2026/07/03;ENG-013;179;2026-01-08 11:00:00;642.2200;1591.4700;1407.6700;553.7200;2388.1100;9060.4900;47.4600;521.7600;2388.0500;8143.5200;8.4105;394.0000;0.069971;-0.186670;0.004438;Healthy;WO662202;342.57
2026/07/03;ENG-068;137;2026-01-06 17:00:00;642.9200;1594.4500;1411.2200;553.4400;2388.1000;9071.6100;47.6300;520.6400;2388.1000;8136.6900;8.4247;393.0000;0.032872;0.383123;0.001402;Warning;WO453873;14094.97
03-Jul-2026;ENG-017;125;2026-01-06 05:00:00;642.5300;1591.0000;1403.5600;554.1200;2387.9900;9079.7000;47.4500;521.6800;2388.0200;8159.0800;8.4559;392.0000;0.087733;-0.548564;0.005836;Healthy;WO533072;2119.59
03-Jul-2026;ENG-084;137;2026-01-06 17:00:00;642.9100;1589.1300;1407.4100;552.7900;2388.1600;9057.0000;47.7300;521.4600;2388.1500;8136.2900;8.4517;393.0000;0.025341;0.230205;0.001725;Healthy;WO350065;2,717.57
2026-07-03;ENG-097;109;2026-01-05 13:00:00;642.6400;1590.1500;1407.6300;554.0300;2388.0000;9076.1800;47.4400;521.8500;2387.9700;8152.3100;8.4170;392.0000;0.071359;-0.676246;;Healthy;WO702538;1645.85
2026-07-03;ENG-094;129;2026-01-06 09:00:00;642.8200;1595.7600;1410.9700;552.2500;2388.1500;9057.5300;47.6200;521.4600;2388.1800;8134.3700;8.4731;394.0000;0.010047;0.472538;0.001761;Healthy;WO235252;1423.61
2026/07/03;eng-076;201;2026-01-09 09:00:00;643.1300;1599.5200;1427.5400;552.6200;2388.1400;9106.8900;47.9600;519.7700;2388.1700;8184.2100;8.5104;397.0000;0.385064;1.618936;0.030939;Warning;WO736358;12716.22
03-Jul-2026;ENG-093;173;2026-01-08 05:00:00;642.8600;1595.3700;1410.7400;553.5100;2388.0600;9067.8400;47.6500;521.3400;2388.0700;8141.3400;8.4347;393.0000;0.083040;0.100125;0.002184;warning;WO932491;13480.02
2026/07/03;eng-049;277;2026-01-12 13:00:00;643.3400;1592.2400;1415.7000;552.6100;2388.1700;9054.6000;47.7200;520.9700;2388.1000;8134.3900;8.4999;394.0000;-0.033124;0.717809;0.005208;healthy;WO382536;1650.14
03-Jul-2026;ENG-095;78;2026-01-04 06:00:00;643.3200;1587.1400;1411.5100;553.7200;2388.1100;9048.9500;47.3300;521.6100;2388.0500;8128.6100;8.4077;392.0000;0.037558;-0.251981;0.001705;Healthy;WO899630;108.89
2026-07-03;ENG-002;38;2026-01-02 14:00:00;642.6200;1588.4700;1401.8100;553.2900;2388.1000;9048.8900;47.5000;521.3500;2388.1200;8127.1900;8.4541;393.0000;0.033401;-0.092152;0.001198;HEALTHY;WO961790;2012.90
03-Jul-2026;ENG-037;119;2026-01-05 23:00:00;643.0100;1589.8200;1414.0100;553.7300;2388.2000;9044.4300;47.7300;520.9700;2388.1600;8122.8400;8.4718;395.0000;-0.106058;0.630462;0.007818;Warning;WO637921;9,625.98
2026-07-03;eng-100;163;2026-01-07 19:00:00;643.0000;1591.2200;1406.9400;554.2800;2388.0100;9098.2400;47.5200;521.4400;2388.0300;8175.2400;8.4371;393.0000;0.139781;-0.322944;0.007692;Warning;WO653031;
03-Jul-2026;eng-058;147;2026-01-07 03:00:00;643.1200;1592.4600;1414.8000;553.1900;2388.0900;9057.5700;47.4800;521.2800;2388.0800;8135.1100;8.4552;393.0000;0.028897;0.243110;0.003463;Healthy;WO986601;1475.43
2026/07/03;ENG-029;163;2026-01-07 19:00:00;642.4100;1585.8700;1399.9000;553.5200;2388.0100;9076.3300;47.2900;521.5000;2388.1200;8150.0600;8.4289;393.0000;0.050492;-0.543350;0.001761;HEALTHY;WO160326;284.89
03-Jul-2026;eng-094;104;2026-01-05 08:00:00;643.0000;1590.8400;1416.7500;552.8300;2388.1100;9055.0800;47.5900;520.8500;2388.1400;8131.2900;8.4853;394.0000;-0.025082;0.556140;0.006623;Healthy;WO115476;2687.92
2026/07/03;  ENG-055 ;89;2026-01-04 17:00:00;642.4300;1591.0900;1409.5800;554.3700;2388.0700;9056.1900;47.3900;521.9200;2388.0900;8138.6900;8.3782;392.0000;0.028490;-0.547011;0.002218;Healthy;WO513306;
03-Jul-2026;ENG-023;127;2026-01-06 07:00:00;642.8500;1589.1800;1397.5200;553.9200;2388.0800;9053.9100;47.3400;521.6800;2388.0500;8132.5000;8.4127;393.0000;0.015701;-0.670738;0.001991;Healthy;WO871797;1024.19
2026/07/03;ENG-034;201;2026-01-09 09:00:00;643.3600;1599.0500;1432.9500;551.7900;2388.2400;9042.6500;48.1200;519.9800;2388.3000;8124.6700;8.5049;396.0000;-0.860616;1.726841;0.020658;Warning;WO185000;17523.74
2026-07-03;eng-090;109;2026-01-05 13:00:00;642.7400;1591.3600;1409.3100;553.2400;2388.1800;9071.4800;47.4600;521.9000;2388.0700;8139.5500;8.4402;391.0000;0.078416;-0.097686;0.003194;Healthy;WO915936;
03-Jul-2026;ENG-049;241;2026-01-11 01:00:00;642.5000;1584.6300;1407.7500;553.2100;2388.1000;9051.9000;47.4900;521.0200;2388.1400;8139.5000;8.4665;392.0000;0.036204;0.008204;0.001060;Healthy;WO569528;
2026-07-03;ENG-100;195;2026-01-09 03:00:00;643.2200;1595.6900;1422.0500;553.2200;2388.0500;9140.6800;47.6000;521.0500;2388.0900;8210.8500;8.4512;395.0000;0.995172;1.019254;0.084247;Warning;WO603018;16335.61
2026-07-03;ENG-060;126;2026-01-06 06:00:00;642.7700;1596.3900;1405.7600;552.8900;2388.0700;9059.2100;47.6700;521.2500;2388.1700;8135.2200;8.4333;392.0000;0.069691;0.043781;0.002901;Healthy;WO188823;1,106.86
03-Jul-2026;  ENG-080 ;101;2026-01-05 05:00:00;642.5400;1587.7400;1402.8500;554.2400;2388.0700;9071.3800;47.6500;521.6100;2388.1100;8148.3400;8.4332;393.0000;0.076634;-0.226684;0.001198;Healthy;WO735304;2,850.48
2026/07/03;ENG-040;132;2026-01-06 12:00:00;643.0400;1591.8500;1421.3000;552.8000;2388.1800;9071.0900;47.9300;520.8600;2388.1900;8146.4400;8.4741;394.0000;-0.003006;0.913457;0.008614;Warning;WO706741;4451.45
2026-07-03;ENG-057;118;2026-01-05 22:00:00;642.3100;1588.1500;1400.8100;553.5700;2388.1500;9052.9500;47.4900;521.4500;2388.0900;8133.0900;8.4825;392.0000;0.048307;-0.158212;0.002285;HEALTHY;WO755479;1000.02
2026/07/03;ENG-078;53;2026-01-03 05:00:00;641.8400;1587.3600;1396.0400;554.4600;2388.0400;9056.2600;47.2600;523.0000;2388.0000;8141.0100;8.3882;390.0000;0.067734;-2.619346;0.006871;Healthy;WO789614;577.88
2026/07/03;ENG-093;165;2026-01-07 21:00:00;642.8800;1593.7900;1412.9800;552.6500;2388.0900;9061.5000;47.6100;521.2500;2388.1500;8142.8100;8.4627;393.0000;0.037065;0.408502;0.004021;Healthy;WO192061;2,016.39
03-Jul-2026;ENG-050;56;2026-01-03 08:00:00;642.0000;1588.0900;1404.4500;554.2500;2388.0400;9059.6800;47.1300;522.3900;2388.0200;8145.6800;8.4206;391.0000;0.029855;-1.035147;0.000772;Healthy;WO431174;2,240.88
03-Jul-2026;  ENG-013 ;138;2026-01-06 18:00:00;642.0400;1590.7300;1404.1800;553.5200;2388.0800;9067.1000;47.2800;522.1700;2388.0600;8144.6200;8.4448;393.0000;0.057153;-0.550413;0.004667;Healthy;WO919143;102.49
03-Jul-2026;ENG-099;92;2026-01-04 20:00:00;642.3200;1581.5200;1397.3700;554.7800;2387.9700;9060.3300;47.3300;522.1400;2387.9800;8144.6500;8.3913;392.0000;0.033028;-1.102470;0.001656;healthy;WO593281;732.20
2026/07/03;  ENG-017 ;158;2026-01-07 14:00:00;642.6400;1597.1000;1409.5700;553.0500;2388.0900;9086.4900;47.5800;521.1300;2388.0100;8170.8000;8.4466;394.0000;0.181290;0.237165;0.003405;warning;WO927514;24,820.67
03-Jul-2026;ENG-087;55;2026-01-03 07:00:00;641.9400;1587.9400;1398.4300;554.1300;2388.0400;9061.1000;47.2400;522.6400;2388.0800;8139.1900;8.4168;392.0000;0.025993;-1.007806;0.001582;Healthy;WO151786;
2026/07/03;ENG-017;121;2026-01-06 01:00:00;642.2200;1589.2500;1407.4400;554.0100;2388.0200;9079.6100;47.3100;522.4600;2388.0200;8156.0700;8.4593;392.0000;0.082670;-0.622731;0.006693;Healthy;WO679099;930.63
2026/07/03;eng-091;207;2026-01-09 15:00:00;643.2800;1589.4100;1416.4800;552.6500;2388.2000;9048.2300;47.8800;521.0300;2388.2400;8125.2500;8.4637;396.0000;-0.247150;0.911233;0.018580;warning;WO469731;
03-Jul-2026;ENG-037;88;2026-01-04 16:00:00;642.4500;1583.4300;1398.4200;553.9100;2388.0800;9052.7900;47.4600;522.0700;2388.0800;8135.8200;8.4260;393.0000;0.023217;-0.594674;;Healthy;WO674309;2760.40
03-Jul-2026;ENG-074;124;2026-01-06 04:00:00;642.5100;1593.3000;1409.8000;553.4300;2388.1300;9063.8500;47.4400;521.6200;2388.1200;8139.8800;8.4566;393.0000;0.055616;0.112153;0.001314;Healthy;WO265475;2,786.15
2026-07-03;  ENG-029 ;127;2026-01-06 07:00:00;642.6000;1590.7600;1402.7300;553.8300;2388.0000;9069.1700;47.3600;521.6400;2388.0400;8139.2400;8.4122;393.0000;0.054210;-0.509847;0.000173;Healthy;WO751881;1796.98
2026-07-03;ENG-059;71;2026-01-03 23:00:00;642.4500;1592.3200;1405.8000;554.9300;2388.0300;9051.7300;47.1000;522.1600;2388.0200;8133.4300;8.3957;391.0000;0.041054;-2.637442;0.001691;Healthy;WO972533;788.67
2026-07-03;ENG-023;123;2026-01-06 03:00:00;642.3200;1584.9400;1397.7400;554.6100;2387.9900;9054.8700;47.3300;522.1800;2388.0600;8129.3300;8.4377;391.0000;0.013304;-0.876843;0.001601;Healthy;WO665328;620.23
2026/07/03;ENG-087;46;2026-01-02 22:00:00;641.7900;1590.8800;1400.6800;553.8900;2388.0100;9060.6100;47.0800;522.1000;2388.0800;8143.1000;8.4083;393.0000;0.019618;-0.984500;0.004455;Healthy;WO988396;2,264.85
03-Jul-2026;ENG-046;139;2026-01-06 19:00:00;642.8000;1591.5000;1414.5000;552.8400;2388.0900;9078.9300;47.7500;520.9200;2388.1000;8157.8200;8.4764;394.0000;0.119048;0.533301;0.014435;Warning;WO864980;17305.64
2026-07-03;ENG-095;80;2026-01-04 08:00:00;642.3600;1591.1600;1404.8200;553.4700;2388.0300;9040.5200;47.5300;522.1800;2388.0600;8132.6100;8.4306;390.0000;0.033723;-0.603091;0.001582;Healthy;WO528146;
2026/07/03;ENG-094;106;2026-01-05 10:00:00;642.6900;1594.2400;1409.8500;553.2700;2388.0900;9054.6200;47.6600;521.0800;2388.1300;8138.9500;8.4544;394.0000;0.020026;0.324240;0.001510;Healthy;WO897780;1,080.87
03-Jul-2026;ENG-094;93;2026-01-04 21:00:00;642.4400;1594.8100;1410.1800;552.0800;2388.1400;9051.3200;47.6000;521.3300;2388.0500;8137.0200;8.4345;395.0000;0.012742;0.431034;0.000913;Warning;WO559133;20014.87
2026-07-03;  ENG-018 ;92;2026-01-04 20:00:00;642.6000;1584.7100;1404.4200;554.9700;2388.0300;9063.3400;47.1700;522.1500;2387.9900;8141.6400;8.4470;391.0000;0.027086;-0.843413;0.001582;Healthy;WO286159;2899.90
2026/07/03;eng-023;105;2026-01-05 09:00:00;642.6500;1586.5300;1400.7100;554.8500;2388.0100;9043.2300;47.3000;522.4600;2388.0200;8139.0100;8.4205;391.0000;0.041435;-0.867940;0.000546;Healthy;WO701968;1114.32
2026-07-03;ENG-072;113;2026-01-05 17:00:00;642.7900;1583.1000;1401.8900;553.3400;2388.0600;9066.6800;47.4000;521.9900;2388.0100;8144.2800;8.4634;393.0000;0.073706;-0.329325;0.002481;Healthy;WO562052;2,991.42
03-Jul-2026;ENG-020;181;2026-01-08 13:00:00;643.7400;1606.1800;1423.7800;552.2500;2388.1500;9061.0800;47.9600;520.7600;2388.2100;8145.6500;8.4790;395.0000;-0.222098;1.318581;0.007421;Warning;WO930696;15455.43
2026-07-03;ENG-033;46;2026-01-02 22:00:00;642.8700;1591.0000;1406.0100;553.2200;2388.1000;9062.9200;47.7100;521.7900;2388.0800;8136.7900;8.4304;393.0000;0.081916;-0.080338;0.002230;Healthy;WO777330;2914.43
03-Jul-2026;ENG-074;99;2026-01-05 03:00:00;642.2300;1592.3000;1404.3300;554.0600;2388.0900;9064.0200;47.2600;521.7700;2388.0600;8139.7300;8.4218;393.0000;0.048261;-0.400762;0.003854;Healthy;WO457208;879.23
2026/07/03;ENG-086;101;2026-01-05 05:00:00;643.0600;1586.4500;1404.6700;553.8000;2388.0900;9066.2000;47.6300;521.9100;2388.0700;8147.3100;8.4132;393.0000;0.079623;-0.132578;0.002453;Healthy;WO815563;1,162.97
03-Jul-2026;ENG-061;119;2026-01-05 23:00:00;642.4600;1582.3800;1404.5800;553.8200;2388.0800;9059.0400;47.5400;521.6200;2388.0400;8142.3900;8.4351;392.0000;0.049136;-0.469029;0.001696;HEALTHY;WO728824;2503.89
2026-07-03;ENG-049;258;2026-01-11 18:00:00;643.4100;1584.5300;1407.7000;553.2500;2388.0800;9057.8900;47.4300;521.3800;2388.1100;8138.4300;8.4345;394.0000;0.046828;0.107265;0.002802;Healthy;WO960858;2689.12
2026-07-03;ENG-024;163;2026-01-07 19:00:00;642.7000;1592.7000;1409.9500;553.0500;2388.0500;9110.4000;47.6400;521.9500;2388.0400;8186.1200;8.4526;393.0000;0.234530;-0.085263;0.008411;WARNING;WO597008;4,094.66
2026-07-03;ENG-014;46;2026-01-02 22:00:00;642.9100;1591.3900;1408.3500;553.7500;2388.1700;9037.3500;47.5700;520.6600;2388.1000;8118.1000;8.4233;393.0000;-0.065137;0.222637;0.009678;Healthy;WO408086;1859.86
03-Jul-2026;ENG-007;139;2026-01-06 19:00:00;642.4400;1592.0100;1395.1700;554.1900;2388.0300;9061.7800;47.2300;522.0800;2388.0200;8148.3800;8.4286;392.0000;0.056213;-0.869564;0.002899;Healthy;WO812100;128.14
2026/07/03;ENG-048;66;2026-01-03 18:00:00;642.4700;1592.3700;1405.2600;554.3800;2388.0400;9049.9700;47.5000;521.5700;2388.0700;8140.6900;8.4072;391.0000;0.037814;-0.477416;0.001938;Healthy;WO193454;748.27
2026/07/03;ENG-018;96;2026-01-05 00:00:00;642.4900;1590.1700;1398.7800;553.7900;2388.0300;9066.4500;47.4500;521.5400;2388.0700;8147.1100;8.4234;391.0000;-0.067538;-2.634365;0.009264;Healthy;WO956290;2631.98
2026-07-03;eng-064;158;2026-01-07 14:00:00;642.6000;1600.5600;1418.7100;552.7900;2388.1400;9060.2700;47.6900;520.5600;2388.1700;8128.7400;8.4535;394.0000;-0.045033;0.725427;0.004828;Warning;WO769085;17,082.66
2026/07/03;  ENG-059 ;72;2026-01-04 00:00:00;641.9400;1591.1900;1397.2300;553.8100;2387.9900;9058.3000;47.2600;522.4600;2388.0100;8141.2500;8.3723;391.0000;0.048441;-1.141668;0.000345;Healthy;WO627163;1084.02
03-Jul-2026;ENG-068;129;2026-01-06 09:00:00;642.7200;1587.7500;1410.0200;553.1600;2388.1100;9068.5300;47.6400;521.4800;2388.1000;8139.9000;8.4553;393.0000;0.054727;0.145991;0.000973;Healthy;WO813243;1053.06
03-Jul-2026;ENG-059;77;2026-01-04 05:00:00;642.1000;1582.8300;1401.2500;554.1000;2388.0100;9056.5400;47.1300;521.9700;2388.0400;8140.7900;8.3722;393.0000;0.006701;-0.996800;0.003040;Healthy;WO681526;1678.58
03-Jul-2026;ENG-063;136;2026-01-06 16:00:00;642.8500;1588.7600;1415.2300;552.9600;2388.1600;9048.6600;47.7600;521.1500;2388.1600;8128.6400;8.4592;395.0000;-0.043797;0.467925;0.000323;Healthy;WO308679;583.57
03-Jul-2026;eng-084;154;2026-01-07 10:00:00;642.9800;1594.9900;1410.7700;553.6100;2388.1200;9056.7800;47.6100;521.1300;2388.1700;8126.6300;8.4431;394.0000;-0.018936;0.388169;0.002426;Healthy;WO893203;2280.97
2026-07-03;ENG-034;172;2026-01-08 04:00:00;642.9500;1584.9000;1410.0100;552.3000;2388.1300;9055.4200;47.8900;520.8900;2388.1400;8133.5100;8.4636;393.0000;-0.009542;0.485890;0.002411;Healthy;WO451527;
03-Jul-2026;ENG-008;116;2026-01-05 20:00:00;642.7500;1585.1800;1401.8000;552.2800;2388.1300;9052.4700;47.5900;521.3400;2388.1300;8126.9100;8.4530;393.0000;0.018657;0.152056;0.003680;Healthy;WO660311;454.28
03-Jul-2026;ENG-037;102;2026-01-05 06:00:00;642.9100;1584.3400;1406.9600;553.8200;2388.1300;9048.7900;47.4700;520.9900;2388.1200;8127.9700;8.4265;393.0000;0.010710;-0.124170;0.002241;Healthy;WO543759;453.50
03-Jul-2026;ENG-076;172;2026-01-08 04:00:00;643.1200;1594.2900;1414.9200;552.2300;2388.1100;9091.3700;47.6500;521.2600;2388.1000;8163.0700;8.4535;393.0000;0.131490;0.427282;0.003729;Warning;WO197270;15098.78
03-Jul-2026;ENG-073;101;2026-01-05 05:00:00;642.3500;1584.7700;1404.1100;553.9400;2388.0400;9058.1200;47.3300;521.9200;2388.0500;8140.6600;8.4020;393.0000;0.032000;-0.636025;0.001326;Healthy;WO373315;2986.13
03-Jul-2026;ENG-031;193;2026-01-09 01:00:00;643.7200;1597.0900;1429.8900;551.5300;2388.2000;9085.7900;48.0200;519.8300;2388.2000;8157.2100;8.4807;396.0000;-0.290881;1.671996;0.039818;Warning;WO516524;
2026-07-03;  ENG-019 ;112;2026-01-05 16:00:00;641.8700;1582.3000;1394.9300;554.4200;2388.0600;9062.2100;47.4500;521.6300;2388.0100;8141.1600;8.4057;390.0000;0.022119;-0.982652;0.002367;Healthy;WO247616;715.93
2026-07-03;ENG-016;99;2026-01-05 03:00:00;642.0100;1592.5600;1401.7700;553.6500;2388.0700;9053.0000;47.2200;521.6500;2388.0200;8142.0500;8.4156;392.0000;0.028543;-0.693087;0.000488;Healthy;WO419959;1430.20
2026-07-03;ENG-093;167;2026-01-07 23:00:00;642.5300;1596.3700;1416.6700;553.3100;2388.1400;9066.7600;47.6800;521.5500;2388.1100;8146.4700;8.4575;394.0000;0.033831;0.477817;0.003638;Healthy;WO502967;492.68
03-Jul-2026;ENG-066;143;2026-01-06 23:00:00;643.2800;1597.9500;1415.1900;552.5300;2388.0900;9118.6800;47.7900;520.2900;2388.1100;8188.8600;8.5000;395.0000;0.706362;1.173981;0.019090;Warning;WO227704;1920.95
2026/07/03;ENG-089;137;2026-01-06 17:00:00;642.4300;1589.8600;1409.0800;553.0700;2388.1500;9050.6800;47.3600;521.9400;2388.1100;8129.4400;8.4346;394.0000;0.043706;-0.145420;0.000548;Healthy;WO622825;190.08
2026-07-03;ENG-077;114;2026-01-05 18:00:00;642.5100;1584.3100;1406.2800;554.3000;2388.0700;9049.7200;47.5500;521.7500;2388.1200;8130.4400;8.4339;393.0000;0.033407;-0.283787;0.001934;Healthy;WO687561;
03-Jul-2026;ENG-054;110;2026-01-05 14:00:00;642.0300;1590.9000;1409.3000;553.9200;2388.0400;9061.2100;47.2600;521.8600;2388.0200;8144.0200;8.3900;393.0000;0.037793;-0.701572;;HEALTHY;WO699798;2,979.41
2026-07-03;  ENG-093 ;223;2026-01-10 07:00:00;643.3000;1598.6700;1410.9400;552.4600;2388.1000;9075.2000;47.6200;520.7300;2388.1500;8152.4300;8.4781;395.0000;0.102935;0.893519;0.011627;Warning;WO916580;22534.95
2026-07-03;  ENG-014 ;43;2026-01-02 19:00:00;642.5600;1587.9400;1405.9600;553.3000;2388.1700;9042.9500;47.6400;521.4300;2388.1500;8120.1000;8.4221;393.0000;-0.016156;0.032047;0.002966;healthy;WO184355;1413.58
2026/07/03;ENG-018;127;2026-01-06 07:00:00;642.4500;1588.6100;1410.6100;553.7700;2388.1600;9052.5600;47.5600;520.7400;2388.1300;8133.5400;8.5174;394.0000;-0.034130;0.374867;0.004457;Warning;WO389558;18,026.22
2026-07-03;  ENG-075 ;80;2026-01-04 08:00:00;642.6700;1583.7500;1414.1400;553.7300;2388.0100;9064.9300;47.4200;521.4900;2388.0100;8140.2300;8.4214;393.0000;0.057224;-0.462457;0.001525;Warning;WO733047;7,764.31
2026/07/03;ENG-040;100;2026-01-05 04:00:00;642.8800;1598.0400;1411.0000;552.2500;2388.0900;9062.7600;47.7000;520.9200;2388.1500;8140.2100;8.4544;394.0000;0.034820;0.485123;0.002878;Warning;WO821129;2040.98
2026-07-03;ENG-015;57;2026-01-03 09:00:00;642.4900;1581.5000;1398.0900;553.3600;2388.0400;9057.2900;47.4500;522.2100;2387.9900;8138.0100;8.4155;390.0000;0.055407;-0.995684;0.001171;Healthy;WO724162;2669.86
2026/07/03;  ENG-038 ;110;2026-01-05 14:00:00;642.3200;1589.7500;1405.8200;552.9600;2388.1300;9074.0900;47.5300;520.5400;2388.0900;8142.2300;8.4510;394.0000;0.043530;0.243804;0.001312;Healthy;WO473978;744.41
2026-07-03;ENG-093;231;2026-01-10 15:00:00;642.8800;1590.4800;1417.3500;552.1900;2388.1900;9069.0700;47.7400;521.0900;2388.1200;8153.8000;8.4658;394.0000;0.061425;0.806007;0.008534;Warning;WO547202;20,351.05
03-Jul-2026;eng-048;60;2026-01-03 12:00:00;642.4100;1586.3100;1405.1000;553.2800;2388.0100;9060.0000;47.5800;521.6400;2388.0500;8134.8700;8.3773;391.0000;0.040521;-0.605100;0.000457;Healthy;WO361280;1,875.03
2026-07-03;ENG-002;44;2026-01-02 20:00:00;642.7700;1591.7500;1411.0500;553.6200;2388.1200;9049.8400;47.6500;520.9600;2388.1300;8132.1800;8.4366;392.0000;0.008168;0.112259;0.004239;HEALTHY;WO850493;2246.86
2026-07-03;ENG-012;217;2026-01-10 01:00:00;642.5900;1595.9000;1409.6400;553.3600;2388.0400;9074.2400;47.3700;522.0300;2388.0200;8155.7400;8.4482;393.0000;0.109496;-0.156641;0.006661;Healthy;WO304002;1,100.42
03-Jul-2026;ENG-036;116;2026-01-05 20:00:00;643.1200;1601.6000;1415.7000;551.9700;2388.1800;9062.1400;47.8200;520.5600;2388.2000;8140.5100;8.4550;395.0000;-0.188379;1.010519;0.010978;Warning;WO133122;22954.49
2026/07/03;  ENG-048 ;72;2026-01-04 00:00:00;642.5200;1595.1100;1408.8700;553.8200;2388.1000;9055.3200;47.5900;520.9200;2388.0800;8136.0800;8.4310;393.0000;0.035519;0.032258;0.002648;Healthy;WO551562;2689.99
03-Jul-2026;eng-055;107;2026-01-05 11:00:00;642.4800;1586.6700;1407.5300;554.2100;2388.0600;9062.1900;47.1900;521.3500;2388.0800;8142.6500;8.4148;393.0000;0.032820;-0.439689;0.000922;healthy;WO591413;2315.33
2026-07-03;ENG-035;162;2026-01-07 18:00:00;643.0100;1597.4900;1421.6100;552.7900;2388.1400;9067.3900;47.6700;520.6800;2388.1400;8137.4700;8.4570;395.0000;-0.014859;0.812385;0.004937;Warning;WO904026;18836.75
03-Jul-2026;ENG-086;106;2026-01-05 10:00:00;643.1400;1584.1900;1406.9500;553.2900;2388.0600;9067.6000;47.3600;521.6400;2388.0700;8146.8700;8.4339;394.0000;0.072312;-0.181948;0.000477;Warning;WO785140;9298.30
2026-07-03;ENG-021;115;2026-01-05 19:00:00;642.0800;1584.2300;1392.8800;554.2800;2387.9800;9068.7600;47.1700;521.9100;2388.0200;8148.2200;8.3914;392.0000;0.035338;-1.097567;0.000345;Healthy;WO108414;2748.60
03-Jul-2026;ENG-029;156;2026-01-07 12:00:00;643.1600;1583.0500;1406.9500;554.1800;2388.1000;9066.5700;47.3700;521.6100;2388.0800;8151.9500;8.4298;391.0000;0.064362;-0.250499;0.000854;Healthy;WO778402;1054.11
2026/07/03;ENG-037;92;2026-01-04 20:00:00;642.1900;1588.6200;1405.0400;553.5600;2388.0600;9057.1000;47.5000;521.1200;2388.0500;8132.2700;8.4229;392.0000;0.053218;-0.202939;0.001622;Healthy;WO820124;468.29
03-Jul-2026;  ENG-014 ;39;2026-01-02 15:00:00;642.8300;1590.4500;1410.2800;553.0800;2388.0900;9036.3500;47.4600;521.5400;2388.1600;8119.4400;8.4437;393.0000;-0.015541;0.100200;0.001772;Healthy;WO865496;461.43
2026/07/03;ENG-049;297;2026-01-13 09:00:00;643.1800;1595.6100;1422.2200;552.2100;2388.2200;9055.4100;47.9400;520.2900;2388.1700;8129.4300;8.4810;395.0000;-0.344857;1.141724;0.006991;Warning;WO218362;7011.93
2026/07/03;ENG-081;165;2026-01-07 21:00:00;642.5000;1591.5600;1405.6900;553.2400;2388.1400;9075.4900;47.8000;520.9500;2388.0900;8148.3500;8.4323;394.0000;0.057133;0.288498;0.004052;Healthy;WO818964;363.04
2026-07-03;eng-094;98;2026-01-05 02:00:00;642.8000;1589.2000;1415.4000;553.6900;2388.1300;9059.6600;47.6700;521.2800;2388.1400;8132.9600;8.4548;393.0000;-0.004385;0.355176;0.003171;Healthy;WO207659;1367.44
2026/07/03;ENG-051;115;2026-01-05 19:00:00;642.6300;1593.8200;1405.6500;554.7200;2388.0900;9045.0300;47.5300;521.2000;2388.1200;8127.5900;8.4440;394.0000;0.008939;-0.046526;0.003484;Healthy;WO547668;977.64
2026-07-03;ENG-076;164;2026-01-07 20:00:00;642.7900;1587.2100;1412.6500;553.0400;2388.0800;9082.4600;47.4600;521.0900;2388.1200;8155.2900;8.4406;395.0000;0.104791;0.135150;0.002492;Warning;WO918889;21623.53
2026/07/03;ENG-092;127;2026-01-06 07:00:00;642.9600;1589.2400;1418.3200;552.5600;2388.2000;9049.2200;47.8300;520.1300;2388.2000;8122.2100;8.4646;394.0000;-0.127798;0.720665;;Warning;WO596350;4,398.02
03-Jul-2026;  ENG-064 ;145;2026-01-07 01:00:00;642.3900;1596.2900;1411.2900;553.3400;2388.1500;9056.8500;47.6700;520.8200;2388.1700;8134.0900;8.4355;394.0000;-0.019036;0.399658;0.002319;healthy;WO952996;299.91
2026/07/03;ENG-072;118;2026-01-05 22:00:00;642.2100;1589.7400;1405.6000;553.3100;2388.0800;9063.1700;47.4700;521.3700;2388.0600;8141.6600;8.4128;393.0000;0.060297;-0.247246;0.002090;Healthy;WO670606;2953.22
2026-07-03;eng-032;106;2026-01-05 10:00:00;641.8400;1588.0400;1405.6400;554.3700;2387.9900;9083.3600;47.3400;521.5700;2387.9900;8151.8200;8.4407;391.0000;0.060859;-0.767700;0.003183;healthy;WO822275;190.36
2026/07/03;  ENG-007 ;124;2026-01-06 04:00:00;642.7100;1588.9000;1406.0200;554.1900;2388.0300;9060.8900;47.3300;522.0500;2387.9600;8146.3900;8.3945;390.0000;0.054541;-0.859441;0.003852;healthy;WO538495;334.82
03-Jul-2026;ENG-084;138;2026-01-06 18:00:00;642.3200;1586.2200;1413.9200;553.3200;2388.1100;9053.3700;47.5300;521.4000;2388.1000;8139.4000;8.4328;393.0000;0.033565;0.078865;0.001877;Healthy;WO919383;2,037.27
03-Jul-2026;ENG-028;145;2026-01-07 01:00:00;642.7400;1586.9400;1411.7900;553.6000;2388.1100;9055.4900;47.5600;521.5800;2388.1000;8141.1900;8.4021;394.0000;0.060977;-0.087926;0.000603;Healthy;WO934616;416.09
2026-07-03;ENG-068;128;2026-01-06 08:00:00;642.5700;1581.8800;1407.9500;553.0700;2388.1300;9065.8300;47.5600;521.4400;2388.1100;8142.2400;8.4365;392.0000;0.070255;-0.034681;0.000654;Healthy;WO939321;616.80
2026-07-03;ENG-053;147;2026-01-07 03:00:00;643.1800;1590.4300;1415.4300;553.2100;2388.1200;9097.5600;47.5600;521.4200;2388.0400;8160.3200;8.4884;394.0000;0.138834;0.277495;0.012214;Warning;WO472892;23168.91
2026-07-03;  ENG-036 ;107;2026-01-05 11:00:00;642.8400;1595.6300;1419.2600;553.0700;2388.1300;9060.5000;47.9300;520.6600;2388.1900;8136.7400;8.4709;394.0000;-0.078480;0.879159;0.008836;Warning;WO332658;3420.92
2026-07-03;  ENG-074 ;102;2026-01-05 06:00:00;642.2700;1594.1200;1404.1400;553.6800;2388.0900;9060.1900;47.3700;521.3800;2388.1400;8141.6100;8.3932;394.0000;0.057464;0.015821;0.000982;Warning;WO761945;4,421.50
2026/07/03;ENG-049;286;2026-01-12 22:00:00;643.1100;1590.1400;1411.6700;551.7900;2388.2000;9048.6800;47.8900;520.6200;2388.1300;8132.2200;8.4837;393.0000;-0.166876;0.803424;0.003703;Warning;WO307260;18300.68
2026/07/03;ENG-004;81;2026-01-04 09:00:00;642.8000;1593.6400;1399.2300;553.0300;2388.0900;9046.1800;47.6300;521.6900;2388.1500;8132.7200;8.4451;392.0000;0.050821;0.003383;0.002343;Warning;WO512776;19043.32
2026-07-03;ENG-025;41;2026-01-02 17:00:00;643.1200;1583.3900;1404.1800;553.9000;2388.0300;9056.7800;47.2500;521.7000;2388.0900;8132.9500;8.4223;392.0000;0.010704;-0.615216;0.000423;Healthy;WO425681;2786.71
2026-07-03;ENG-043;172;2026-01-08 04:00:00;642.7700;1594.1900;1418.4000;552.2500;2388.1300;9052.9300;47.6000;520.8600;2388.1600;8135.4600;8.4456;394.0000;-0.029279;0.617830;0.003103;Warning;WO829119;8,472.80
2026/07/03;ENG-048;73;2026-01-04 01:00:00;642.4600;1588.5100;1413.5400;553.5800;2388.1200;9057.6500;47.4500;521.3700;2388.0800;8134.6300;8.4399;392.0000;0.050027;-0.067969;0.000853;HEALTHY;WO322146;104.08
2026/07/03;ENG-032;99;2026-01-05 03:00:00;642.3100;1584.7000;1403.7000;554.9000;2388.0000;9078.1300;47.2300;522.0300;2387.9900;8155.6200;8.4160;392.0000;0.043911;-0.979510;0.001891;healthy;WO259564;864.31
03-Jul-2026;ENG-072;130;2026-01-06 10:00:00;643.0600;1594.2100;1413.5700;553.1300;2388.1200;9066.2600;47.5400;520.9400;2388.0900;8150.7500;8.4302;394.0000;0.073796;0.187413;0.002663;healthy;WO790309;2453.28
2026-07-03;ENG-063;113;2026-01-05 17:00:00;642.8300;1589.5800;1412.0500;553.1600;2388.0700;9051.2700;47.6200;521.1900;2388.1000;8135.0600;8.4174;392.0000;0.050080;-0.033270;0.001232;Healthy;WO609610;248.48
03-Jul-2026;  ENG-010 ;132;2026-01-06 12:00:00;642.6100;1585.3200;1406.9700;554.0000;2387.9800;9067.4900;47.3800;522.0200;2388.0600;8146.2700;8.4078;392.0000;0.046286;-0.739215;0.000913;Healthy;WO367861;2785.86
2026-07-03;eng-069;50;2026-01-03 02:00:00;642.0400;1587.5500;1401.0900;553.5800;2388.1200;9044.0700;47.4100;521.7700;2388.1100;8122.7500;8.4169;392.0000;0.007995;-0.526265;0.007629;Healthy;WO410099;2,609.45
2026/07/03;ENG-043;162;2026-01-07 18:00:00;642.7700;1590.8700;1415.7100;552.9300;2388.1500;9062.5400;47.6400;520.9900;2388.1500;8132.9400;8.4504;393.0000;0.001301;0.335784;;Warning;WO189122;20562.28
2026/07/03;  ENG-097 ;110;2026-01-05 14:00:00;642.1300;1586.2400;1404.0400;553.6500;2388.0100;9072.4200;47.2900;522.1100;2388.0400;8149.9400;8.3957;394.0000;0.047300;-0.693994;0.001221;Healthy;WO477404;1101.74
03-Jul-2026;ENG-077;154;2026-01-07 10:00:00;642.8500;1592.3000;1416.5300;552.6300;2388.1300;9052.1400;47.6500;521.0800;2388.1500;8124.5400;8.4486;393.0000;-0.030201;0.445924;0.004065;Warning;WO249356;14,207.50
2026/07/03;  ENG-029 ;168;2026-01-08 00:00:00;642.2200;1594.7900;1412.6800;553.6800;2388.0600;9073.0800;47.2900;521.6700;2388.1100;8151.5300;8.4331;394.0000;0.086731;-0.125812;0.004883;Healthy;WO953640;2,153.74
03-Jul-2026;ENG-049;262;2026-01-11 22:00:00;642.5900;1589.5700;1409.3800;553.2700;2388.0500;9049.2600;47.4200;521.2100;2388.1500;8135.6000;8.4533;395.0000;0.011587;0.253192;0.000949;Warning;WO652830;
03-Jul-2026;ENG-093;176;2026-01-08 08:00:00;642.5800;1587.5200;1410.9500;553.3200;2388.1300;9068.9100;47.6900;520.9800;2388.1500;8143.2700;8.4255;393.0000;0.035640;0.233547;0.001437;healthy;WO215549;1,142.41
2026-07-03;ENG-080;113;2026-01-05 17:00:00;642.5900;1585.4200;1403.2100;553.3000;2388.1200;9073.5900;47.3300;521.5700;2388.0600;8145.3900;8.4424;393.0000;0.065961;-0.303232;0.001125;healthy;WO394294;2287.92
03-Jul-2026;ENG-017;147;2026-01-07 03:00:00;642.5200;1588.5900;1401.4500;553.5500;2388.0100;9080.8300;47.4900;521.9700;2387.9900;8159.1700;8.4226;392.0000;0.111650;-0.357573;0.002339;Healthy;WO497206;1642.38
2026/07/03;ENG-097;103;2026-01-05 07:00:00;642.8400;1582.3600;1407.0100;554.2300;2388.0500;9076.3100;47.3700;522.0900;2388.0000;8148.7500;8.4418;393.0000;0.059289;-0.550640;0.003059;Healthy;WO551091;851.46
03-Jul-2026;ENG-046;105;2026-01-05 09:00:00;642.5000;1588.9100;1404.2600;553.5100;2388.0800;9080.9800;47.4500;521.4200;2388.0500;8150.0300;8.4279;392.0000;0.083759;-0.199812;0.001155;HEALTHY;WO122700;607.20
2026-07-03;ENG-016;80;2026-01-04 08:00:00;642.1300;1585.3000;1401.4700;554.2800;2388.0300;9056.0700;47.4700;522.1100;2388.0000;8139.1700;8.4243;391.0000;0.033065;-0.858139;0.001036;Healthy;WO603135;1143.48
03-Jul-2026;ENG-076;188;2026-01-08 20:00:00;643.3800;1599.6300;1416.4000;552.2700;2388.1300;9093.6800;47.7600;520.1600;2388.1300;8167.5300;8.4657;395.0000;0.257601;1.119102;0.007445;Warning;WO672995;19,296.64
2026-07-03;ENG-080;123;2026-01-06 03:00:00;642.7600;1587.9900;1410.9300;553.1700;2388.0800;9063.5300;47.5800;521.4200;2388.0700;8146.0800;8.4431;392.0000;0.087553;-0.034943;0.002308;Healthy;WO670178;130.55
03-Jul-2026;ENG-047;67;2026-01-03 19:00:00;642.4900;1594.7800;1404.9300;552.7500;2388.1900;9045.1200;47.6300;520.8800;2388.1700;8113.4800;8.4651;391.0000;-0.036697;0.167899;0.004096;healthy;WO363767;384.16
03-Jul-2026;ENG-080;106;2026-01-05 10:00:00;642.4200;1591.1800;1410.1500;553.3000;2388.1000;9074.1300;47.4500;521.7800;2388.0900;8140.8000;8.4259;393.0000;0.078484;-0.159870;0.001085;healthy;WO326849;1399.10
2026-07-03;ENG-034;182;2026-01-08 14:00:00;642.8800;1592.5400;1417.0100;552.8000;2388.1800;9057.0100;47.7400;521.1500;2388.2100;8136.0900;8.4488;394.0000;-0.029218;0.572151;0.003383;Warning;WO192940;8032.16
2026/07/03;ENG-017;135;2026-01-06 15:00:00;642.6300;1586.5800;1408.6700;553.5100;2388.0100;9082.8000;47.3700;521.8900;2388.0600;8157.7500;8.4512;393.0000;0.101631;-0.241099;;Warning;WO441668;17916.71
03-Jul-2026;ENG-079;77;2026-01-04 05:00:00;641.9200;1582.0800;1407.0600;554.0300;2388.1100;9048.1000;47.2700;522.2200;2388.0700;8134.1400;8.4297;392.0000;0.006386;-0.766072;0.004193;Healthy;WO673279;1373.79
2026/07/03;  ENG-037 ;109;2026-01-05 13:00:00;642.8300;1590.1800;1414.2800;552.4200;2388.0500;9044.5800;47.5400;520.8600;2388.2000;8125.9600;8.4397;394.0000;-0.012107;0.312022;0.000707;Healthy;WO863754;2925.39
2026-07-03;ENG-084;136;2026-01-06 16:00:00;642.5700;1588.6400;1414.1200;553.6300;2388.1000;9051.7600;47.6100;521.0500;2388.0800;8133.9000;8.4301;393.0000;0.020355;0.064269;0.001876;Healthy;WO829735;
03-Jul-2026;  ENG-045 ;144;2026-01-07 00:00:00;643.0300;1588.2700;1418.4800;552.9400;2388.1600;9063.6600;47.8600;521.1800;2388.1400;8136.1200;8.4680;394.0000;-0.013040;0.554717;0.003747;Healthy;WO281709;1,442.10
03-Jul-2026;  ENG-066 ;106;2026-01-05 10:00:00;642.4000;1594.1000;1414.0000;553.1600;2388.1100;9080.4500;47.7000;521.3900;2388.0600;8159.5800;8.4494;394.0000;0.101322;0.322445;0.002207;Warning;WO691273;3224.62
03-Jul-2026;ENG-077;115;2026-01-05 19:00:00;642.6100;1592.1600;1407.0700;553.5300;2388.2100;9049.0900;47.5200;521.4700;2388.1200;8131.4100;8.4397;393.0000;0.003226;0.100106;0.002400;Healthy;WO839722;2,359.70
2026/07/03;ENG-057;108;2026-01-05 12:00:00;642.7700;1594.4700;1410.1900;552.5500;2388.1200;9047.7300;47.5400;521.5700;2388.1600;8131.7100;8.4164;393.0000;0.026132;0.155983;0.002799;Healthy;WO480500;
2026-07-03;ENG-010;140;2026-01-06 20:00:00;642.7000;1588.5000;1401.9500;553.8300;2388.0700;9061.9200;47.3500;522.0400;2388.0100;8143.6300;8.3792;392.0000;0.043665;-0.675342;0.000244;Healthy;WO102884;425.89
2026-07-03;ENG-070;145;2026-01-07 01:00:00;642.6800;1589.3800;1409.1600;553.6100;2388.0600;9051.0100;47.6100;521.9500;2388.0900;8130.7900;8.4513;392.0000;0.052720;-0.020828;0.001788;healthy;WO433841;411.11
2026/07/03;  ENG-018 ;106;2026-01-05 10:00:00;642.1100;1587.7100;1409.7900;553.0200;2388.0600;9060.8300;47.5200;521.3800;2388.1100;8140.6800;8.4315;392.0000;0.073262;-0.103182;0.001172;Healthy;WO432408;997.82
03-Jul-2026;ENG-045;138;2026-01-06 18:00:00;642.6800;1594.3400;1413.6800;552.8000;2388.1000;9069.0300;47.6400;520.9400;2388.1000;8140.7700;8.4789;393.0000;0.027759;0.526921;0.002163;warning;WO621986;24187.72
2026-07-03;ENG-064;147;2026-01-07 03:00:00;643.0700;1591.9400;1413.2200;552.9800;2388.1400;9059.5900;47.8100;520.9300;2388.1500;8132.3900;8.4083;394.0000;0.004849;0.317027;0.001493;Warning;WO275938;16208.89
2026-07-03;ENG-019;119;2026-01-05 23:00:00;642.4000;1593.9100;1402.7500;554.2800;2388.0200;9061.2000;47.4700;521.8100;2388.0500;8144.9700;8.4329;392.0000;0.046564;-0.674973;0.001485;HEALTHY;WO489203;1685.54
2026-07-03;ENG-005;73;2026-01-04 01:00:00;642.8600;1596.1500;1405.1900;553.8300;2388.0900;9056.1200;47.5400;521.3100;2388.0600;8131.4000;8.3881;392.0000;0.054126;-0.096437;0.001814;HEALTHY;WO785474;101.23
2026-07-03;ENG-067;52;2026-01-03 04:00:00;642.3500;1592.5900;1398.8900;554.0300;2388.0100;9063.3100;47.2800;521.7000;2388.0500;8139.7300;8.4119;391.0000;0.024372;-0.833275;0.003266;HEALTHY;WO708810;509.51
2026-07-03;ENG-051;114;2026-01-05 18:00:00;642.5400;1591.6100;1409.7000;553.1700;2388.0600;9054.4900;47.2600;520.9400;2388.1100;8133.6600;8.4398;391.0000;0.042632;-0.174168;0.002054;Healthy;WO579243;1580.79
03-Jul-2026;ENG-068;132;2026-01-06 12:00:00;642.9300;1596.4900;1409.5000;553.5400;2388.0900;9064.7300;47.4000;521.1200;2388.1100;8143.7500;8.4238;393.0000;0.073293;0.090909;0.001894;Healthy;WO514921;2561.11
03-Jul-2026;ENG-046;125;2026-01-06 05:00:00;642.7400;1596.8400;1415.0800;553.7800;2388.0500;9076.8200;47.6000;520.8100;2388.1200;8154.8300;8.4561;392.0000;0.086699;0.398803;0.004965;Healthy;WO273378;1,388.32
03-Jul-2026;  ENG-018 ;98;2026-01-05 02:00:00;642.3500;1586.7600;1406.6000;553.3700;2388.0600;9055.5600;47.4200;521.5500;2388.0900;8136.4400;8.4151;393.0000;0.045883;-0.328255;0.001823;Healthy;WO730588;618.65
2026/07/03;ENG-048;78;2026-01-04 06:00:00;642.7700;1591.3400;1402.7300;553.8300;2388.1000;9054.1400;47.7000;522.0300;2388.1500;8137.2400;8.4515;393.0000;0.064264;-0.036645;0.000507;Healthy;WO227464;2209.97
03-Jul-2026;ENG-011;81;2026-01-04 09:00:00;642.7100;1588.2200;1421.3400;553.3700;2388.1500;9033.7900;47.3900;521.3500;2388.1900;8119.8100;8.4499;392.0000;-0.062897;0.252281;0.004219;Healthy;WO267195;880.34
03-Jul-2026;ENG-076;170;2026-01-08 02:00:00;642.5500;1599.0000;1406.9600;552.8300;2388.0700;9082.7400;47.7800;521.0000;2388.1000;8157.1200;8.4603;393.0000;0.117250;0.424215;0.004374;Healthy;WO860143;2,027.72
2026/07/03;ENG-057;155;2026-01-07 11:00:00;642.8300;1589.8800;1411.0400;553.5300;2388.0900;9053.7300;47.6000;521.7700;2388.1400;8126.0400;8.4672;395.0000;0.011369;0.201316;0.002302;Healthy;WO648832;1738.33
2026-07-03;  ENG-023 ;107;2026-01-05 11:00:00;642.4600;1591.0900;1403.5400;554.0700;2388.0800;9053.9200;47.2600;522.6100;2388.0500;8134.5400;8.4031;392.0000;0.016729;-0.888406;0.003030;Healthy;WO733048;2209.78
2026-07-03;ENG-093;201;2026-01-09 09:00:00;643.2900;1589.8600;1418.6100;553.1700;2388.1300;9069.1200;47.6500;520.5400;2388.0900;8143.3400;8.4516;395.0000;0.002315;0.657629;0.004849;Healthy;WO444516;2559.39
03-Jul-2026;eng-052;143;2026-01-06 23:00:00;642.6500;1585.2100;1401.6400;554.0000;2388.0300;9070.3400;47.4100;522.2100;2388.0100;8151.4200;8.3912;392.0000;0.051991;-0.812386;0.003069;Healthy;WO215611;
2026-07-03;ENG-042;142;2026-01-06 22:00:00;643.1000;1596.0900;1408.2800;552.0400;2388.2100;9030.9700;47.6800;520.8200;2388.1500;8124.1100;8.4731;394.0000;-0.255325;0.813139;0.017770;Warning;WO414475;20790.40
2026-07-03;ENG-032;107;2026-01-05 11:00:00;642.7200;1586.8100;1403.0700;554.5000;2387.9600;9079.4100;47.5000;522.2600;2388.0500;8163.2200;8.3955;391.0000;0.066932;-0.827845;0.004200;Healthy;WO637709;1391.06
2026/07/03;ENG-030;138;2026-01-06 18:00:00;643.3900;1594.0300;1412.8700;553.6200;2388.1800;9054.7500;47.7800;520.6000;2388.1600;8129.8800;8.4397;393.0000;-0.058832;0.620172;0.004590;HEALTHY;WO895967;2,605.56
2026-07-03;ENG-037;85;2026-01-04 13:00:00;642.0800;1591.0300;1399.1600;553.7200;2388.0900;9047.6200;47.3700;521.5600;2388.0600;8132.3300;8.4090;392.0000;0.012858;-0.645740;0.002348;Healthy;WO985210;836.63
2026-07-03;  ENG-019 ;111;2026-01-05 15:00:00;642.8300;1581.1400;1405.7400;553.5900;2388.0600;9062.7900;47.3900;521.1700;2388.0400;8140.9400;8.4205;393.0000;0.046655;-0.335274;0.002289;HEALTHY;WO937811;284.55
2026/07/03;ENG-083;57;2026-01-03 09:00:00;641.9300;1589.8000;1408.1500;554.0900;2388.1000;9056.3000;47.3800;522.1200;2388.0800;8136.5400;8.4139;392.0000;0.030013;-0.509085;0.002472;Healthy;WO968632;1554.06
03-Jul-2026;ENG-034;137;2026-01-06 17:00:00;642.2900;1586.0100;1409.4100;554.2300;2388.0500;9058.4500;47.3800;522.2600;2388.0600;8143.0200;8.4247;393.0000;0.037283;-0.569069;0.003392;Healthy;WO335518;2010.85
2026-07-03;ENG-050;59;2026-01-03 11:00:00;642.5700;1592.4300;1405.4800;553.2400;2388.0300;9060.8100;47.5000;522.2200;2388.1000;8140.5500;8.4049;392.0000;0.061456;-0.426648;0.003741;Healthy;WO756793;238.57
2026-07-03;ENG-069;48;2026-01-03 00:00:00;642.4900;1588.6300;1405.4400;553.7800;2388.0800;9051.9900;47.5300;521.0600;2388.0900;8135.1700;8.4275;392.0000;0.046782;-0.151140;0.001708;healthy;WO370474;632.55
2026/07/03;ENG-078;49;2026-01-03 01:00:00;641.6600;1583.3300;1393.8000;554.9300;2388.0000;9057.0500;47.1500;522.0800;2388.0200;8140.2500;8.3627;391.0000;0.036533;-1.304134;0.000772;Healthy;WO628768;1,052.57
03-Jul-2026;ENG-014;35;2026-01-02 11:00:00;642.6100;1596.7700;1410.4700;553.7500;2388.1800;9039.9500;47.7800;521.2600;2388.1200;8121.2400;8.4319;393.0000;-0.031454;0.131890;0.007064;Healthy;WO359365;2865.62
2026-07-03;ENG-097;95;2026-01-04 23:00:00;642.4400;1581.8200;1401.0300;554.3300;2388.0200;9076.0400;47.3600;522.3800;2388.0000;8148.2400;8.4083;393.0000;0.053076;-0.917708;0.002784;Healthy;WO999447;696.10
2026/07/03;  ENG-083 ;61;2026-01-03 13:00:00;642.1000;1598.1100;1410.2400;553.7300;2388.0600;9059.2400;47.2000;521.9700;2388.0300;8133.9200;8.4674;393.0000;0.065802;-0.255361;0.001105;Healthy;WO447740;2834.29
03-Jul-2026;ENG-094;102;2026-01-05 06:00:00;643.3500;1587.7800;1409.2500;553.5100;2388.0700;9057.6700;47.7500;521.5500;2388.1100;8133.3300;8.4247;393.0000;0.041754;0.146306;0.003545;Healthy;WO440775;1478.41
2026-07-03;ENG-003;97;2026-01-05 01:00:00;642.8600;1588.9000;1408.7200;553.1100;2388.1300;9050.3900;47.4500;521.2900;2388.1600;8128.3900;8.4480;392.0000;0.010705;0.117383;0.000434;Healthy;WO956395;1737.83
2026/07/03;ENG-028;138;2026-01-06 18:00:00;642.3200;1592.1500;1409.1800;553.6800;2388.1300;9049.9000;47.4900;521.4200;2388.0900;8140.1200;8.4596;393.0000;0.030107;0.087826;0.004091;Healthy;WO138958;1239.70
2026/07/03;ENG-097;92;2026-01-04 20:00:00;642.6700;1594.2100;1398.0100;553.9500;2388.0500;9074.2900;47.2400;521.9500;2388.0600;8145.7000;8.4245;392.0000;-0.051456;-2.667661;0.007564;Healthy;WO886814;2742.78
2026/07/03;ENG-073;77;2026-01-04 05:00:00;642.0400;1590.6400;1397.3300;554.5100;2388.0500;9049.7000;47.3200;521.6800;2388.0900;8134.3100;8.3763;393.0000;0.000880;-0.748232;0.001691;Healthy;WO245959;1,400.25
03-Jul-2026;eng-091;166;2026-01-07 22:00:00;642.5300;1589.7400;1409.4700;553.2700;2388.1800;9052.3900;47.6200;520.9100;2388.1600;8123.1300;8.4574;393.0000;-0.033969;0.255048;0.003322;Healthy;WO880619;360.88
2026/07/03;ENG-063;150;2026-01-07 06:00:00;641.8600;1580.2400;1404.0500;552.9500;2388.2200;9042.2600;47.5900;520.8200;2388.1700;8128.0800;8.4744;394.0000;-0.044026;0.106011;0.009089;Healthy;WO892241;
03-Jul-2026;ENG-059;75;2026-01-04 03:00:00;641.9400;1589.2700;1401.5800;554.5400;2388.0200;9058.2500;47.3200;522.2300;2387.9800;8138.2600;8.4345;392.0000;0.046726;-0.965725;0.001601;Healthy;WO942420;
03-Jul-2026;eng-020;172;2026-01-08 04:00:00;643.2500;1597.9300;1423.5200;552.6900;2388.1300;9063.7200;47.8100;520.2900;2388.2300;8138.7300;8.4624;393.0000;-0.136528;1.008944;0.007767;Warning;WO218227;5,891.99
03-Jul-2026;ENG-089;124;2026-01-06 04:00:00;642.2900;1591.2700;1410.1900;552.5300;2388.0900;9050.9100;47.5300;521.5500;2388.1200;8129.6200;8.3986;392.0000;0.054834;-0.095594;0.002057;Healthy;WO954571;2662.38
2026/07/03;ENG-077;160;2026-01-07 16:00:00;643.4100;1587.3300;1419.3600;552.2100;2388.1900;9047.2800;47.7400;520.3300;2388.1700;8126.6100;8.4783;395.0000;-0.245024;0.892204;0.004482;Warning;WO494153;2957.83
2026/07/03;ENG-017;148;2026-01-07 04:00:00;642.8800;1592.3700;1411.2600;553.4100;2388.0200;9083.4000;47.4400;521.3000;2388.0700;8161.2100;8.4307;393.0000;0.117394;0.052418;0.008289;Warning;WO228755;11046.30
2026/07/03;ENG-039;34;2026-01-02 10:00:00;641.3400;1594.4300;1396.6500;554.3200;2388.0100;9054.0100;47.1000;521.9200;2388.0500;8147.4100;8.3664;392.0000;0.023589;-1.149971;0.002561;Healthy;WO992940;2917.31
03-Jul-2026;ENG-079;78;2026-01-04 06:00:00;642.0700;1584.5700;1401.7800;553.6700;2388.0900;9052.2000;47.4000;522.3800;2388.1000;8128.7000;8.4032;391.0000;0.012130;-0.865697;0.004107;Healthy;WO198076;1025.13
2026/07/03;ENG-026;69;2026-01-03 21:00:00;642.3200;1583.8700;1400.7900;554.6200;2387.9600;9070.6300;47.3700;521.8600;2388.0300;8148.0700;8.3787;393.0000;0.033238;-0.944011;0.001953;Healthy;WO112587;
2026/07/03;ENG-089;140;2026-01-06 20:00:00;643.1700;1587.4200;1405.7600;554.0000;2388.1600;9047.6200;47.6000;521.4500;2388.1100;8129.9500;8.4545;393.0000;0.019031;-0.009897;0.002171;Healthy;WO815263;2563.32
2026/07/03;ENG-080;124;2026-01-06 04:00:00;642.4200;1590.2200;1409.3600;554.0000;2388.1000;9067.2500;47.6200;521.7100;2388.0900;8147.1500;8.3903;392.0000;0.073641;-0.225353;0.001994;Healthy;WO597785;924.68
2026-07-03;ENG-093;237;2026-01-10 21:00:00;642.9300;1593.0400;1418.9300;552.5800;2388.1400;9076.3000;47.7900;520.8000;2388.1900;8151.8200;8.4601;393.0000;0.069615;0.791364;0.008308;Warning;WO618161;4355.41
03-Jul-2026;ENG-016;93;2026-01-04 21:00:00;642.1600;1580.5600;1405.7500;553.8700;2388.0500;9056.2000;47.3400;522.0700;2388.0200;8135.0600;8.4529;393.0000;0.029890;-0.633576;0.001196;Healthy;WO404183;1,600.12
2026-07-03;  ENG-017 ;141;2026-01-06 21:00:00;642.7800;1583.8400;1406.8400;553.1700;2388.0500;9090.0200;47.4000;521.6700;2388.0800;8162.9600;8.4396;393.0000;0.108709;-0.235263;0.003748;Healthy;WO203240;1653.01
03-Jul-2026;ENG-043;126;2026-01-06 06:00:00;642.3400;1584.0000;1410.7100;553.4300;2388.0800;9047.7600;47.5800;521.3600;2388.1000;8130.3500;8.4307;393.0000;0.036747;-0.146844;0.003352;Healthy;WO888452;482.32
03-Jul-2026;ENG-011;65;2026-01-03 17:00:00;642.7200;1588.2500;1407.1500;552.6100;2388.1100;9039.2500;47.5600;521.8200;2388.1700;8121.8900;8.3978;394.0000;0.005812;-0.009493;0.001165;healthy;WO803319;2703.74
2026/07/03;ENG-041;113;2026-01-05 17:00:00;642.4900;1587.8000;1413.4000;552.4700;2388.2000;9034.5700;47.7900;520.7600;2388.2000;8118.5700;8.4538;394.0000;-0.100691;0.485734;0.013443;Healthy;WO954090;2,912.96
2026/07/03;  ENG-084 ;118;2026-01-05 22:00:00;642.6300;1590.5000;1407.5900;554.0800;2388.1000;9051.5800;47.6500;521.4200;2388.0600;8135.8300;8.4316;392.0000;0.054780;-0.146798;0.001111;Healthy;WO739658;
2026/07/03;ENG-023;109;2026-01-05 13:00:00;642.2000;1591.1600;1400.8800;553.7900;2388.0500;9044.9800;47.3000;521.4100;2388.0600;8132.0400;8.3912;390.0000;-0.005927;-0.885215;0.002950;Healthy;WO864112;62.57
2026/07/03;ENG-005;78;2026-01-04 06:00:00;642.4000;1588.2400;1408.7400;552.7800;2388.0900;9043.0900;47.5800;521.6200;2388.1400;8129.9500;8.4237;392.0000;0.039327;-0.045563;0.001398;Healthy;WO162025;923.01
2026/07/03;eng-046;107;2026-01-05 11:00:00;642.2900;1589.7300;1405.9300;553.4900;2388.0400;9073.9900;47.5700;521.1000;2388.0900;8151.0000;8.4602;394.0000;0.094422;-0.044984;0.002326;Healthy;WO720201;1,436.01
03-Jul-2026;eng-061;139;2026-01-06 19:00:00;642.6800;1597.0400;1410.2900;552.6600;2388.1300;9064.5300;47.5200;521.1100;2388.0700;8143.7500;8.4068;393.0000;0.071364;0.152063;0.003594;Healthy;WO314376;2138.54
2026/07/03;ENG-019;101;2026-01-05 05:00:00;642.4000;1582.6500;1398.8500;554.7900;2388.0700;9062.3100;47.5300;521.7300;2388.0300;8139.1200;8.4199;391.0000;0.029875;-0.688780;0.000712;Healthy;WO984504;260.33
03-Jul-2026;eng-041;101;2026-01-05 05:00:00;642.1600;1596.4600;1404.9800;552.2900;2388.1200;9046.8900;47.4600;521.7200;2388.1000;8126.2700;8.4215;394.0000;0.052737;-0.139678;0.002833;Warning;WO579986;17,191.11
03-Jul-2026;ENG-024;181;2026-01-08 13:00:00;642.8600;1597.4300;1406.0100;553.5900;2388.0500;9138.9500;47.8100;521.4200;2388.0500;8209.7200;8.4904;394.0000;0.883717;0.683380;0.029524;warning;WO592014;13,070.34
2026/07/03;ENG-008;115;2026-01-05 19:00:00;642.7100;1592.8800;1406.5500;553.3000;2388.1700;9050.1200;47.4200;521.1900;2388.1400;8131.8900;8.4360;392.0000;0.037685;-0.110054;0.001925;Healthy;WO755413;254.64
03-Jul-2026;ENG-055;87;2026-01-04 15:00:00;642.3700;1587.9800;1396.3900;553.5400;2388.0400;9050.8900;47.4400;521.7600;2388.0700;8135.6800;8.4187;392.0000;0.035418;-0.550792;0.001485;Healthy;WO938243;
2026-07-03;ENG-081;208;2026-01-09 16:00:00;643.1000;1596.4200;1424.8600;551.7000;2388.1900;9080.6700;48.1000;520.0900;2388.1800;8151.2500;8.5127;395.0000;-0.264882;1.519896;0.011430;Warning;WO371892;23853.44
03-Jul-2026;ENG-058;133;2026-01-06 13:00:00;642.3500;1587.5900;1410.8600;553.6500;2388.0900;9054.8600;47.4300;521.7000;2388.1000;8134.1800;8.4243;393.0000;0.044609;-0.212594;0.003591;Healthy;WO506724;2219.95
2026/07/03;ENG-070;134;2026-01-06 14:00:00;642.8200;1592.7400;1416.1600;553.2500;2388.1700;9054.9100;47.5400;521.6700;2388.1700;8133.7700;8.4300;392.0000;0.019434;0.163096;0.001731;Healthy;WO479413;1985.05
03-Jul-2026;  ENG-042 ;126;2026-01-06 06:00:00;642.6800;1589.5800;1402.3200;552.5200;2388.1100;9044.0100;47.4800;521.3700;2388.1100;8118.2800;8.4383;393.0000;0.013203;-0.028260;0.001337;Healthy;WO986077;2406.37
2026-07-03;  ENG-052 ;147;2026-01-07 03:00:00;642.0700;1589.3300;1396.8700;554.1500;2388.0100;9079.5900;47.3600;521.9800;2388.0300;8154.5100;8.4514;393.0000;0.061889;-0.845888;0.003285;Healthy;WO476520;2881.98
2026-07-03;ENG-007;155;2026-01-07 11:00:00;642.2900;1581.9600;1402.4300;553.5700;2388.0800;9067.7000;47.3100;522.0500;2388.0500;8145.1000;8.3959;393.0000;0.041524;-0.683193;0.002411;Healthy;WO526556;1451.47
03-Jul-2026;ENG-089;177;2026-01-08 09:00:00;642.9100;1588.9400;1407.4300;553.1800;2388.0800;9057.5800;47.3600;521.4700;2388.1200;8130.7600;8.4575;395.0000;0.033793;0.143876;0.002209;Healthy;WO981579;1,134.45
03-Jul-2026;ENG-087;42;2026-01-02 18:00:00;642.2200;1588.4700;1389.1700;554.0100;2387.9800;9057.9400;47.4500;522.5600;2388.0100;8143.1300;8.4192;391.0000;0.063704;-1.062745;0.003365;Healthy;WO686777;2802.90
2026-07-03;  ENG-007 ;122;2026-01-06 02:00:00;642.5200;1584.3600;1400.3700;554.5300;2388.0500;9062.0100;47.3500;522.0000;2388.0000;8142.4000;8.3938;392.0000;0.035747;-0.852782;0.002686;Healthy;WO565971;991.48
2026/07/03;eng-003;93;2026-01-04 21:00:00;642.7000;1593.2900;1407.2500;552.9100;2388.1600;9047.6300;47.4900;521.1400;2388.1600;8128.2500;8.4262;395.0000;-0.020630;0.318332;0.001767;Healthy;WO267279;2,143.52
2026/07/03;ENG-012;179;2026-01-08 11:00:00;642.2900;1589.2700;1396.5300;553.4600;2388.0100;9066.1500;47.4100;522.2200;2388.0000;8140.4400;8.4121;393.0000;0.059152;-0.820845;0.002826;Healthy;WO133679;2312.84
2026/07/03;ENG-006;83;2026-01-04 11:00:00;642.9400;1589.3600;1412.8800;553.4000;2388.1400;9051.9400;47.4700;521.1200;2388.1400;8131.0600;8.3982;394.0000;0.009802;0.067243;0.001937;Healthy;WO413284;1,440.67
03-Jul-2026;ENG-021;101;2026-01-05 05:00:00;642.6400;1587.5400;1406.7000;554.3500;2388.0300;9061.4100;47.3300;521.8100;2388.0500;8146.5500;8.4229;391.0000;0.035791;-0.765439;0.002329;Healthy;WO655336;1018.15
03-Jul-2026;ENG-010;176;2026-01-08 08:00:00;642.0800;1591.5000;1390.6900;553.5100;2388.0400;9065.1000;47.4900;521.6900;2388.0500;8141.7700;8.4411;392.0000;0.059547;-0.600153;0.003755;Healthy;WO854017;833.78
2026/07/03;ENG-053;126;2026-01-06 06:00:00;642.7800;1594.3200;1406.2700;553.9500;2388.0700;9067.4300;47.6300;522.0900;2388.0900;8150.7400;8.4451;392.0000;0.089135;-0.230835;0.001483;Healthy;WO799431;682.72
2026-07-03;ENG-053;150;2026-01-07 06:00:00;642.3800;1594.1000;1412.9200;553.7200;2388.0600;9085.3400;47.4300;521.4900;2388.0700;8163.4100;8.4326;394.0000;0.121884;0.051991;0.010777;Healthy;WO405305;946.74
2026-07-03;ENG-041;98;2026-01-05 02:00:00;642.5000;1588.6100;1405.1100;553.9200;2388.1000;9046.4300;47.6600;521.5000;2388.1400;8130.3700;8.4381;392.0000;0.037319;-0.155681;0.001586;Healthy;WO768143;1,173.37
03-Jul-2026;ENG-030;105;2026-01-05 09:00:00;642.3900;1588.7700;1412.9500;553.4200;2388.1400;9043.1900;47.5100;521.8900;2388.1400;8136.8700;8.4268;394.0000;0.021099;-0.002694;0.001539;Healthy;WO175551;2396.02
2026/07/03;  ENG-086 ;98;2026-01-05 02:00:00;642.3000;1590.8500;1403.8900;554.1700;2387.9900;9064.8100;47.4800;522.5700;2388.0400;8143.6500;8.4163;391.0000;0.053573;-0.691101;0.002873;Healthy;WO224416;2316.78
2026-07-03;ENG-055;97;2026-01-05 01:00:00;641.9900;1589.5900;1414.5700;553.2900;2388.0400;9062.0800;47.1800;521.7800;2388.0600;8136.4700;8.3887;394.0000;0.042747;-0.463935;0.001972;Healthy;WO802751;880.82
2026/07/03;ENG-010;186;2026-01-08 18:00:00;642.4400;1592.6400;1405.9700;553.4600;2388.0800;9061.8700;47.4500;521.7300;2388.0800;8142.1800;8.4315;393.0000;0.065781;-0.198450;0.001705;Healthy;WO847829;2,049.03
2026/07/03;  ENG-088 ;62;2026-01-03 14:00:00;642.4900;1590.5300;1409.3100;553.2200;2388.1200;9042.3300;47.5900;521.7000;2388.1500;8120.3200;8.4381;394.0000;0.003002;-0.003260;0.004804;Healthy;WO583273;
2026/07/03;eng-032;117;2026-01-05 21:00:00;642.0700;1586.1600;1406.6600;553.8400;2387.9400;9081.1100;47.2600;522.8800;2388.0200;8161.8800;8.4382;393.0000;0.084895;-0.914901;0.003435;HEALTHY;WO130017;1,241.19
03-Jul-2026;ENG-084;124;2026-01-06 04:00:00;642.1300;1585.3400;1411.6900;553.5400;2388.1100;9057.4100;47.5500;521.2900;2388.1400;8135.9900;8.4610;394.0000;0.025643;0.026045;0.002854;Healthy;WO884454;
03-Jul-2026;ENG-008;150;2026-01-07 06:00:00;642.1900;1593.3600;1408.4800;553.7500;2388.1600;9040.0700;47.6000;521.7900;2388.1900;8126.8400;8.4347;394.0000;0.006963;-0.113709;0.005142;Warning;WO298823;11879.85
03-Jul-2026;ENG-086;75;2026-01-04 03:00:00;642.4000;1591.5900;1407.1300;553.6300;2388.0500;9058.0500;47.5700;521.6700;2388.0300;8146.5800;8.4328;393.0000;0.087276;-0.126106;0.005070;Warning;WO354695;6643.46
2026/07/03;ENG-024;153;2026-01-07 09:00:00;642.6700;1595.1700;1412.7400;554.5700;2388.0500;9098.2400;47.4800;522.1600;2388.0200;8175.2700;8.4102;392.0000;0.122346;-0.509648;0.007608;Warning;WO650395;4,895.62
2026/07/03;ENG-093;170;2026-01-08 02:00:00;642.2500;1592.6500;1414.6700;552.8400;2388.1500;9064.5900;47.6900;521.1700;2388.1200;8140.7600;8.4752;393.0000;0.025483;0.355948;0.003010;Healthy;WO816339;2,069.74
03-Jul-2026;eng-052;171;2026-01-08 03:00:00;642.3100;1589.0700;1410.3600;553.3300;2388.0200;9087.3800;47.5700;521.3000;2388.0800;8163.1800;8.4455;393.0000;0.124644;-0.087527;0.006741;Warning;WO198658;1896.93
2026-07-03;  ENG-098 ;106;2026-01-05 10:00:00;642.4100;1589.5800;1408.6900;553.1500;2388.1300;9067.1300;47.5600;521.8100;2388.1100;8144.0200;8.4550;392.0000;0.085727;-0.011230;;HEALTHY;WO766684;1733.94
03-Jul-2026;ENG-012;204;2026-01-09 12:00:00;642.5500;1585.4000;1404.1300;553.7000;2388.0600;9069.3900;47.3800;522.0300;2388.0500;8152.4500;8.4111;392.0000;0.057586;-0.586472;0.001158;Healthy;WO696939;1069.80
2026-07-03;  ENG-034 ;176;2026-01-08 08:00:00;642.8400;1584.6800;1413.3200;552.0700;2388.1400;9055.3100;47.7000;521.0000;2388.0700;8133.9200;8.4703;394.0000;0.000620;0.407653;0.002789;Warning;WO234763;5814.34
03-Jul-2026;eng-062;195;2026-01-09 03:00:00;642.4300;1580.8300;1410.1400;554.1100;2388.0400;9070.5900;47.5100;521.9300;2388.0100;8152.3600;8.4215;392.0000;0.069316;-0.464770;0.002405;Healthy;WO424875;2,920.81
2026/07/03;eng-007;115;2026-01-05 19:00:00;642.3300;1584.5400;1402.0300;553.5300;2388.1100;9060.5300;47.3800;522.4200;2388.0200;8136.2300;8.3949;390.0000;0.040506;-0.810346;0.001843;Healthy;WO836500;2,443.29
2026/07/03;  ENG-014 ;37;2026-01-02 13:00:00;642.7900;1593.5400;1407.3600;553.0900;2388.1500;9032.7400;47.5700;521.1700;2388.1800;8119.2600;8.4496;395.0000;-0.056922;0.263243;0.002786;HEALTHY;WO855441;760.64
03-Jul-2026;ENG-046;129;2026-01-06 09:00:00;642.9800;1591.5300;1403.5900;553.8800;2388.1400;9085.5700;47.5400;520.7100;2388.0700;8158.4300;8.4625;393.0000;0.101373;0.209893;0.001453;Warning;WO144900;12,898.89
2026/07/03;ENG-003;90;2026-01-04 18:00:00;642.5700;1585.4200;1408.6400;553.0300;2388.1700;9047.1900;47.5600;521.3600;2388.1000;8136.1900;8.5043;393.0000;0.004061;0.177533;0.004172;Healthy;WO991170;1838.47
2026/07/03;ENG-027;117;2026-01-05 21:00:00;642.2000;1593.1500;1404.3600;554.0500;2388.0800;9047.1000;47.3800;522.0100;2388.0600;8130.9300;8.4266;394.0000;0.038788;-0.300134;0.003212;Healthy;WO927299;1738.40
03-Jul-2026;ENG-094;126;2026-01-06 06:00:00;643.5900;1591.6300;1411.9300;552.6400;2388.1600;9051.9300;47.6000;521.0700;2388.1800;8132.2700;8.4489;394.0000;-0.032103;0.605473;0.002386;warning;WO909209;9353.03
2026-07-03;ENG-048;76;2026-01-04 04:00:00;642.6000;1590.3100;1408.3200;553.2600;2388.0700;9058.3100;47.6400;521.5500;2388.0400;8136.9600;8.4210;392.0000;0.073211;-0.199921;0.001431;Healthy;WO468266;1460.57
2026-07-03;eng-095;79;2026-01-04 07:00:00;642.1600;1596.2100;1398.8900;553.9600;2388.0500;9050.3700;47.3200;521.6600;2388.0800;8133.0200;8.4271;393.0000;0.026424;-0.612346;0.000518;Healthy;WO512711;2,633.86
2026-07-03;eng-017;156;2026-01-07 12:00:00;642.1300;1588.4800;1412.5500;553.1900;2388.0300;9087.0500;47.5800;521.9100;2388.0400;8170.5900;8.4633;392.0000;0.139477;-0.148946;0.004829;Warning;WO632416;23021.80
03-Jul-2026;ENG-010;181;2026-01-08 13:00:00;642.6700;1591.7100;1397.6000;554.3100;2388.0600;9059.2400;47.3900;522.0800;2388.0900;8144.3600;8.4339;392.0000;0.046999;-0.457281;0.001085;Healthy;WO370669;1547.39
2026/07/03;ENG-062;225;2026-01-10 09:00:00;642.2900;1591.9100;1413.4400;553.2700;2388.0600;9086.0200;47.6800;521.6500;2388.0300;8160.0100;8.4399;394.0000;0.145808;0.166997;0.005262;Warning;WO613722;2,769.97
03-Jul-2026;ENG-012;157;2026-01-07 13:00:00;642.7600;1594.2300;1397.4900;554.0700;2388.0300;9066.0800;47.3300;522.0000;2387.9500;8148.0000;8.4140;393.0000;0.067345;-0.864166;0.003989;Healthy;WO459435;1,229.40
2026/07/03;  ENG-086 ;95;2026-01-04 23:00:00;643.0500;1587.2800;1406.9700;553.1000;2388.0400;9058.9900;47.4300;521.5100;2388.0900;8145.8200;8.4218;394.0000;0.068973;-0.188203;0.003569;Healthy;WO215768;432.16
2026-07-03;ENG-053;119;2026-01-05 23:00:00;642.8600;1586.8300;1408.5600;553.6900;2388.0600;9073.8700;47.4600;521.5500;2388.0300;8144.5200;8.4380;393.0000;0.080615;-0.089588;0.000921;Healthy;WO556682;2,882.50
2026-07-03;ENG-030;136;2026-01-06 16:00:00;642.5000;1588.1400;1413.0500;553.5800;2388.1100;9051.7400;47.5700;521.3800;2388.1700;8135.6400;8.4184;392.0000;0.032984;-0.038905;0.000910;Healthy;WO956278;2380.08
2026/07/03;ENG-057;117;2026-01-05 21:00:00;642.9500;1590.3300;1416.7400;553.7400;2388.1400;9052.3700;47.5900;521.6100;2388.1400;8128.3600;8.4317;393.0000;-0.003641;0.226202;0.001486;Healthy;WO341353;930.90
2026/07/03;  ENG-094 ;123;2026-01-06 03:00:00;642.8200;1587.6100;1416.4300;552.1800;2388.1800;9058.7100;47.4300;521.1300;2388.1200;8133.5300;8.4230;393.0000;0.005999;0.292973;0.002264;Healthy;WO264948;1,060.96
2026/07/03;ENG-007;112;2026-01-05 16:00:00;642.0900;1591.2300;1396.5500;554.2200;2388.0000;9056.8500;47.2300;522.6400;2388.0000;8152.4100;8.4290;393.0000;0.056734;-0.944893;0.004229;Healthy;WO292903;2213.41
2026-07-03;ENG-057;115;2026-01-05 19:00:00;642.2800;1589.5500;1410.3500;553.2200;2388.0900;9054.1800;47.6100;521.3900;2388.1200;8129.0900;8.4078;393.0000;0.039042;-0.068559;0.002025;Healthy;WO274349;919.10
2026/07/03;ENG-055;99;2026-01-05 03:00:00;642.7400;1592.8700;1396.6900;554.0600;2388.0200;9052.4300;47.3500;521.9400;2388.0600;8137.3100;8.3986;394.0000;0.032874;-0.609579;0.002021;Healthy;WO466358;2393.16
2026/07/03;ENG-017;123;2026-01-06 03:00:00;642.8800;1586.6800;1403.3100;553.9700;2388.0700;9073.7700;47.3600;521.9000;2388.0000;8159.3500;8.4012;392.0000;0.072728;-0.525732;0.000518;Warning;WO291756;23052.73
03-Jul-2026;ENG-042;153;2026-01-07 09:00:00;643.0900;1595.2400;1409.1800;551.9600;2388.2600;9036.2700;47.9600;520.3200;2388.2600;8116.0500;8.4690;394.0000;-0.442391;1.024350;0.018354;Warning;WO974306;12624.40
03-Jul-2026;ENG-026;61;2026-01-03 13:00:00;642.3700;1586.5900;1403.4100;553.8300;2388.0200;9065.2000;47.2900;521.4100;2388.0600;8151.0400;8.4124;391.0000;0.031754;-0.816320;0.001119;Healthy;WO591576;1647.83
2026/07/03;ENG-029;135;2026-01-06 15:00:00;642.4500;1590.0300;1402.3400;554.1100;2387.9800;9074.4600;47.5500;522.0200;2388.0400;8147.5400;8.3950;394.0000;0.075539;-0.523477;0.003117;Warning;WO675602;11921.13
2026/07/03;ENG-082;144;2026-01-07 00:00:00;642.1000;1597.2400;1416.2500;553.1100;2388.1800;9059.8700;47.6300;520.3800;2388.1800;8140.2900;8.4658;394.0000;-0.039544;0.604039;0.004821;Warning;WO149116;15083.57
03-Jul-2026;ENG-025;42;2026-01-02 18:00:00;642.6900;1590.0400;1403.6400;554.1500;2388.1000;9052.4900;47.4000;521.9000;2388.0700;8131.2900;8.4687;392.0000;0.033660;-0.392010;0.001125;Healthy;WO311403;458.03
2026/07/03;ENG-043;151;2026-01-07 07:00:00;643.1300;1591.2900;1406.7200;553.5600;2388.0700;9059.1900;47.5000;521.4000;2388.1200;8134.6800;8.4664;393.0000;0.048609;0.164546;0.003215;Healthy;WO200773;
2026-07-03;eng-007;144;2026-01-07 00:00:00;642.5300;1584.9800;1406.4800;554.0300;2388.0000;9068.4000;47.4400;521.7700;2388.0800;8144.8600;8.4046;393.0000;0.046109;-0.613761;0.000669;healthy;WO662475;2,939.55
2026-07-03;ENG-072;114;2026-01-05 18:00:00;642.5800;1594.0400;1402.6700;552.9400;2388.0600;9062.0600;47.3100;521.4900;2388.0700;8144.7800;8.4415;393.0000;0.083072;-0.091796;0.002410;Healthy;WO172112;2,504.19
03-Jul-2026;  ENG-048 ;58;2026-01-03 10:00:00;642.4400;1591.2700;1404.8800;553.6400;2388.1000;9058.0200;47.3000;521.4500;2388.0900;8140.9300;8.3684;394.0000;0.033673;-0.460825;0.001332;Healthy;WO239079;831.21
03-Jul-2026;  ENG-017 ;153;2026-01-07 09:00:00;642.3700;1590.9800;1412.1400;553.7900;2388.0400;9081.4200;47.5500;521.1600;2388.0000;8164.2700;8.4633;393.0000;0.126872;-0.038329;0.007520;Healthy;WO843466;849.05
03-Jul-2026;ENG-004;105;2026-01-05 09:00:00;642.6800;1593.0100;1408.2100;554.0500;2388.1800;9061.2600;47.6900;520.9400;2388.1200;8135.1900;8.4498;395.0000;-0.016099;0.359331;0.003005;Healthy;WO957244;194.56
03-Jul-2026;ENG-059;81;2026-01-04 09:00:00;642.0000;1590.7300;1407.0500;554.7700;2387.9800;9057.0800;47.4400;522.6100;2388.0400;8134.4200;8.3942;390.0000;0.019021;-0.986176;0.003347;healthy;WO686443;286.31
03-Jul-2026;ENG-019;128;2026-01-06 08:00:00;643.1700;1588.7000;1400.0000;553.3000;2388.0900;9055.3600;47.4300;521.8300;2388.0400;8145.1300;8.4326;391.0000;0.060749;-0.384481;0.000122;Healthy;WO947000;1399.44
03-Jul-2026;eng-038;123;2026-01-06 03:00:00;642.7000;1593.1800;1417.8600;552.4600;2388.1200;9082.0600;47.9700;520.9200;2388.0500;8159.0700;8.4920;393.0000;0.200023;0.799267;;Warning;WO622021;3347.42
2026/07/03;  ENG-081 ;189;2026-01-08 21:00:00;642.6600;1593.4200;1418.9100;552.0200;2388.1500;9078.1700;47.6500;520.2200;2388.2200;8149.3200;8.5045;393.0000;0.037766;0.852155;0.016264;Healthy;WO452852;683.52
2026-07-03;ENG-058;169;2026-01-08 01:00:00;643.2300;1595.6800;1414.2800;552.7000;2388.0900;9054.7300;47.6900;520.7400;2388.1600;8138.6100;8.4375;392.0000;-0.009787;0.588942;0.002794;Healthy;WO231536;251.69
2026/07/03;eng-006;77;2026-01-04 05:00:00;642.0400;1593.2800;1410.1900;553.5700;2388.1000;9061.5400;47.3300;521.4100;2388.0800;8139.1300;8.4549;393.0000;0.058357;-0.181209;0.000852;warning;WO401716;3175.73
2026-07-03;ENG-094;115;2026-01-05 19:00:00;643.2400;1588.8500;1409.8600;552.8200;2388.1600;9061.0000;47.5700;520.8400;2388.1300;8140.2100;8.4520;395.0000;0.010545;0.389191;0.001221;warning;WO921848;6117.38
2026-07-03;ENG-051;101;2026-01-05 05:00:00;642.6900;1583.3000;1406.7700;553.2400;2388.1100;9052.4500;47.4500;522.1100;2388.0500;8131.1800;8.3963;392.0000;0.031169;-0.474355;0.001171;Healthy;WO198079;2,607.31
2026/07/03;ENG-018;95;2026-01-04 23:00:00;642.6400;1586.4300;1397.2100;553.8100;2388.1000;9060.1900;47.4700;521.8800;2388.0500;8144.7800;8.4414;393.0000;0.050953;-0.465319;0.001731;Healthy;WO902058;1275.02
03-Jul-2026;ENG-048;61;2026-01-03 13:00:00;642.5400;1586.0100;1405.0900;553.4900;2388.0900;9055.1600;47.4100;521.5700;2388.0900;8135.1600;8.4593;394.0000;0.046837;-0.150864;0.001466;Healthy;WO686662;2301.32
2026/07/03;  ENG-092 ;128;2026-01-06 08:00:00;643.2100;1590.5800;1419.8600;552.8300;2388.2000;9048.7700;48.0000;521.1800;2388.2000;8122.3100;8.4908;395.0000;-0.191088;0.911472;0.005080;Warning;WO901757;17,747.56
2026-07-03;ENG-005;70;2026-01-03 22:00:00;642.4100;1584.2300;1402.1900;553.2600;2388.0500;9051.3000;47.7500;521.7800;2388.1100;8133.6800;8.4678;393.0000;0.059143;-0.062812;0.000199;Healthy;WO464431;2368.40
2026-07-03;eng-049;302;2026-01-13 14:00:00;642.9400;1591.3000;1416.2700;551.8800;2388.2700;9051.2200;47.9300;520.4800;2388.1900;8129.6600;8.4917;395.0000;-0.439582;1.148724;0.013888;Warning;WO160454;18437.09
2026/07/03;ENG-045;117;2026-01-05 21:00:00;643.0300;1592.0800;1410.1700;552.4600;2388.0800;9061.4800;47.6700;521.2700;2388.0700;8143.3800;8.4510;394.0000;0.061574;0.325932;0.003266;Healthy;WO863166;1129.80
2026-07-03;ENG-062;194;2026-01-09 02:00:00;642.4500;1587.7100;1410.0700;554.4500;2388.0200;9068.7900;47.3100;521.8600;2388.0500;8153.5500;8.4159;393.0000;0.047327;-0.630566;0.001851;Healthy;WO414941;2399.33
2026/07/03;ENG-014;44;2026-01-02 20:00:00;642.8100;1598.1400;1417.3900;552.8600;2388.1300;9029.8100;47.6600;520.8000;2388.2300;8122.6100;8.4634;393.0000;-0.079073;0.529345;0.007485;warning;WO389629;2,015.96
2026/07/03;ENG-091;198;2026-01-09 06:00:00;643.3500;1585.1400;1421.2000;552.3900;2388.1500;9050.2500;47.7300;520.6600;2388.1900;8137.1000;8.4752;396.0000;-0.229161;0.945769;0.005930;Warning;WO755686;
03-Jul-2026;ENG-068;160;2026-01-07 16:00:00;643.1400;1591.1100;1416.5400;553.0500;2388.1200;9075.4100;47.7900;521.3200;2388.1300;8147.7100;8.4718;394.0000;0.039143;0.614085;0.001907;healthy;WO587392;1846.63
2026/07/03;ENG-028;124;2026-01-06 04:00:00;642.0000;1589.9500;1412.5000;553.8100;2388.1000;9057.6500;47.7200;521.0500;2388.1200;8138.0500;8.4540;394.0000;0.027114;0.082666;0.003420;Healthy;WO556680;1,177.38
2026-07-03;ENG-012;190;2026-01-08 22:00:00;642.7200;1587.5600;1403.9600;554.0500;2388.0100;9060.2000;47.4300;521.8000;2388.0600;8142.1800;8.4210;394.0000;0.057359;-0.434616;0.002254;Healthy;WO450485;906.34
2026-07-03;eng-008;136;2026-01-06 16:00:00;642.5400;1590.0900;1413.6100;553.3700;2388.1800;9053.1500;47.5100;521.5800;2388.1400;8130.7500;8.4309;395.0000;0.002749;0.110455;0.000953;Healthy;WO294072;
2026/07/03;ENG-075;83;2026-01-04 11:00:00;642.1600;1582.7700;1401.4400;554.3800;2388.0800;9062.8900;47.3000;521.3300;2388.0300;8142.3100;8.4160;393.0000;0.016828;-0.746300;0.003321;Healthy;WO290976;
2026/07/03;eng-077;127;2026-01-06 07:00:00;642.6800;1583.4700;1409.8500;553.4900;2388.1400;9049.3700;47.5200;521.6500;2388.0900;8131.7000;8.4552;394.0000;0.018272;-0.016511;0.002096;Healthy;WO255519;682.60
2026-07-03;ENG-074;118;2026-01-05 22:00:00;642.4400;1589.8400;1409.6400;553.5300;2388.1000;9059.8300;47.4300;521.4000;2388.0300;8136.8000;8.4759;394.0000;0.059996;0.011127;0.003254;HEALTHY;WO589922;950.46
2026/07/03;ENG-025;33;2026-01-02 09:00:00;641.7100;1587.5800;1398.3000;553.9600;2388.0600;9051.1200;47.3600;521.7900;2388.0400;8127.4600;8.4316;393.0000;0.012631;-0.752001;0.002708;Healthy;WO348263;1477.94
03-Jul-2026;ENG-027;119;2026-01-05 23:00:00;642.2500;1584.8500;1402.4900;553.3300;2388.0100;9051.9500;47.1500;521.0300;2388.0400;8136.7600;8.4200;392.0000;0.006828;-0.780799;0.001544;Healthy;WO135340;1840.03
03-Jul-2026;ENG-092;111;2026-01-05 15:00:00;643.1500;1587.2100;1416.3600;552.5000;2388.2200;9055.4700;47.7900;520.6600;2388.2000;8119.2800;8.4195;395.0000;-0.117951;0.671596;0.005478;Warning;WO661855;
2026/07/03;ENG-029;158;2026-01-07 14:00:00;642.7300;1590.5100;1406.2300;553.7100;2388.0600;9060.9700;47.3000;521.4800;2387.9700;8142.0000;8.4260;393.0000;0.055740;-0.367350;0.000800;Healthy;WO153089;149.25
2026/07/03;ENG-036;109;2026-01-05 13:00:00;642.9800;1603.9100;1411.7500;552.4100;2388.1600;9054.7600;47.6800;520.2000;2388.1900;8143.1700;8.4851;396.0000;-0.177219;1.038064;0.001859;Warning;WO543721;20,376.60
03-Jul-2026;ENG-063;152;2026-01-07 08:00:00;642.8600;1590.3600;1412.4200;552.1200;2388.1500;9052.2700;47.5600;520.9500;2388.1300;8134.5600;8.5160;394.0000;-0.027341;0.616567;0.002751;Warning;WO290354;10,392.05
2026/07/03;eng-089;162;2026-01-07 18:00:00;642.3000;1587.7400;1404.3600;553.6900;2388.0700;9051.1900;47.5800;521.3800;2388.1000;8132.1200;8.3961;393.0000;0.044061;-0.240499;0.002699;Healthy;WO455919;2610.86
03-Jul-2026;  ENG-058 ;140;2026-01-06 20:00:00;642.6000;1589.2300;1411.5400;553.2400;2388.1200;9052.3500;47.3900;521.7300;2388.1800;8125.7200;8.4014;394.0000;0.010804;0.034095;0.005670;Healthy;WO191199;1391.18
2026-07-03;ENG-008;122;2026-01-06 02:00:00;642.8800;1590.4700;1401.0300;553.2800;2388.1200;9045.8600;47.6400;521.8500;2388.1000;8135.6700;8.4187;394.0000;0.042285;-0.001005;0.001478;Healthy;WO531310;2747.71
03-Jul-2026;ENG-015;64;2026-01-03 16:00:00;642.2800;1586.8500;1403.5700;553.5200;2387.9900;9051.8700;47.2300;522.3800;2388.0100;8138.9200;8.4514;392.0000;0.047548;-0.793598;0.000423;healthy;WO505765;1563.07
2026/07/03;ENG-093;218;2026-01-10 02:00:00;643.0700;1594.8800;1409.3200;553.0800;2388.1100;9063.0900;47.6900;521.4300;2388.1500;8147.1200;8.4998;394.0000;0.029453;0.576439;0.003952;HEALTHY;WO968071;609.85
03-Jul-2026;ENG-082;155;2026-01-07 11:00:00;643.7800;1592.3100;1416.0600;551.6500;2388.2100;9056.6400;47.9500;521.2500;2388.1400;8131.9100;8.4814;395.0000;-0.261337;1.051714;0.001465;Warning;WO400729;19772.96
03-Jul-2026;  ENG-062 ;193;2026-01-09 01:00:00;642.1600;1586.7000;1405.5900;554.4000;2388.0500;9073.3200;47.6100;522.0100;2388.0400;8147.2300;8.4147;392.0000;0.069044;-0.615193;0.002218;Healthy;WO609229;1283.56
03-Jul-2026;eng-036;98;2026-01-05 02:00:00;642.9000;1596.6000;1417.7500;553.1900;2388.1600;9064.0800;47.7300;520.3800;2388.1100;8138.7500;8.4900;393.0000;-0.033827;0.717830;0.004652;Healthy;WO440902;1001.08
2026-07-03;ENG-029;165;2026-01-07 21:00:00;642.0400;1586.4900;1409.2800;553.7700;2388.0600;9063.7500;47.4500;521.4300;2388.0500;8150.3200;8.4200;393.0000;0.058952;-0.450811;0.001269;Healthy;WO539691;197.05
2026/07/03;eng-009;44;2026-01-02 20:00:00;642.6800;1590.0100;1410.8800;552.9500;2388.0700;9052.8200;47.6800;521.1300;2388.1500;8126.9300;8.4101;392.0000;0.025565;0.096910;0.002929;Healthy;WO597884;338.99
03-Jul-2026;  ENG-035 ;174;2026-01-08 06:00:00;643.3300;1587.8900;1411.5400;552.8800;2388.2000;9071.0400;47.9500;520.4800;2388.1400;8146.5900;8.4696;394.0000;-0.044334;0.891988;0.008833;Warning;WO942030;
03-Jul-2026;ENG-018;97;2026-01-05 01:00:00;642.7700;1581.6500;1401.7200;554.0000;2388.0200;9066.4500;47.3200;521.7100;2388.0300;8146.3000;8.4286;391.0000;0.038066;-0.738647;0.001292;Healthy;WO857406;1,663.15
2026/07/03;ENG-021;119;2026-01-05 23:00:00;642.1000;1579.9400;1404.0300;554.1400;2388.0300;9064.9500;47.3100;521.5900;2388.0600;8148.4900;8.4153;391.0000;0.017250;-0.946974;0.003107;Healthy;WO861739;90.03
2026/07/03;ENG-059;87;2026-01-04 15:00:00;642.0400;1592.9800;1405.4200;553.7700;2388.0000;9057.6500;47.2000;522.4100;2388.0400;8140.1700;8.3873;393.0000;0.019108;-1.025066;0.001196;Healthy;WO703644;2077.05
2026-07-03;ENG-008;131;2026-01-06 11:00:00;642.5100;1584.0800;1403.6600;553.2100;2388.1100;9052.3400;47.4300;521.0100;2388.0700;8136.1300;8.4098;395.0000;0.030536;-0.042777;0.002426;Healthy;WO960433;
03-Jul-2026;  ENG-031 ;157;2026-01-07 13:00:00;643.0200;1594.5800;1413.4700;553.2500;2388.1100;9075.6900;47.7800;521.2400;2388.1600;8152.4800;8.4960;393.0000;0.060206;0.525224;0.001691;Warning;WO636245;23086.56
2026-07-03;ENG-028;120;2026-01-06 00:00:00;642.1100;1591.3100;1393.6600;553.6900;2388.0600;9056.1100;47.4700;521.6500;2388.0700;8135.6000;8.4104;393.0000;0.034813;-0.653082;0.001683;Healthy;WO203022;1482.00
2026-07-03;ENG-022;37;2026-01-02 13:00:00;642.5400;1590.9400;1411.5300;553.1100;2388.0600;9047.6900;47.6400;522.0200;2388.1100;8126.2300;8.4024;393.0000;0.050386;-0.142926;0.001018;Healthy;WO743723;175.04
2026-07-03;ENG-084;128;2026-01-06 08:00:00;642.9800;1583.3000;1403.6300;553.2400;2388.1100;9052.3600;47.3600;521.4300;2388.1800;8132.8700;8.4668;394.0000;0.032725;-0.144972;0.003923;Healthy;WO606015;2,549.32
2026-07-03;eng-070;115;2026-01-05 19:00:00;643.2100;1593.2700;1400.8900;553.7700;2388.0100;9054.7500;47.5800;521.5300;2388.1000;8131.0000;8.4125;392.0000;0.063913;-0.100323;0.002757;Healthy;WO556614;1402.33
03-Jul-2026;ENG-012;211;2026-01-09 19:00:00;642.6700;1596.3600;1404.6100;553.8300;2387.9600;9065.3800;47.3400;522.0400;2388.0000;8151.0200;8.4158;394.0000;0.063687;-0.607574;0.001544;Healthy;WO685337;2,337.51
2026/07/03;ENG-072;95;2026-01-04 23:00:00;642.4200;1589.5200;1402.0500;554.5800;2388.0200;9059.4500;47.3800;521.8000;2388.0600;8140.8300;8.4248;391.0000;0.026111;-0.786607;0.000732;Healthy;WO872473;937.72
2026-07-03;ENG-003;121;2026-01-06 01:00:00;643.0500;1595.3600;1412.3600;553.3300;2388.1800;9044.9300;47.6400;520.8700;2388.1500;8125.9300;8.4892;392.0000;-0.054992;0.539710;0.004292;warning;WO526422;18305.23
2026-07-03;ENG-041;91;2026-01-04 19:00:00;642.0000;1589.9100;1412.2600;553.3500;2388.0900;9046.6400;47.3900;521.9800;2388.1500;8123.5800;8.4255;392.0000;0.015874;-0.390426;0.003155;Healthy;WO864228;2,066.25
03-Jul-2026;  ENG-089 ;143;2026-01-06 23:00:00;641.9900;1582.8300;1415.2600;553.3600;2388.1100;9045.9000;47.6700;521.6900;2388.1000;8132.3100;8.4439;393.0000;0.017823;-0.004567;0.003103;healthy;WO240154;1564.29
03-Jul-2026;ENG-019;133;2026-01-06 13:00:00;642.6200;1586.4400;1400.9200;554.5300;2388.1000;9064.8600;47.5100;521.8500;2388.0900;8137.5500;8.3946;394.0000;0.037207;-0.428673;0.001577;Healthy;WO152905;2,450.21
2026-07-03;ENG-077;156;2026-01-07 12:00:00;642.7200;1591.3000;1420.7100;553.0500;2388.2000;9041.0600;47.5900;521.0200;2388.2100;8127.3600;8.4680;395.0000;-0.090583;0.594062;0.005033;Warning;WO948846;3,260.00
03-Jul-2026;ENG-064;132;2026-01-06 12:00:00;642.5800;1595.6300;1413.8800;553.4000;2388.1400;9054.9900;47.6900;521.6800;2388.1000;8142.2300;8.4312;391.0000;0.058938;0.070593;0.002200;Warning;WO224831;20,892.51
2026-07-03;ENG-010;131;2026-01-06 11:00:00;642.5200;1584.8900;1401.3800;553.1200;2388.0300;9067.6800;47.4000;522.0800;2388.0000;8143.8100;8.4367;394.0000;0.064901;-0.523697;0.003253;Healthy;WO831284;2182.42
2026-07-03;  ENG-003 ;119;2026-01-05 23:00:00;643.1500;1589.8600;1414.4700;553.1500;2388.1900;9049.4100;47.4600;520.9500;2388.1800;8133.9000;8.4591;393.0000;-0.037794;0.462873;0.002097;Warning;WO415542;6,704.98
03-Jul-2026;ENG-053;120;2026-01-06 00:00:00;642.8100;1588.2500;1406.5300;553.7100;2388.1200;9068.7000;47.5500;521.2500;2388.0800;8149.3100;8.4281;393.0000;0.076181;-0.030024;0.003014;Healthy;WO643522;2,329.83
03-Jul-2026;ENG-023;117;2026-01-05 21:00:00;641.8800;1580.7200;1398.4600;553.7500;2388.0500;9053.7500;47.2300;521.9900;2388.0000;8133.7500;8.3974;392.0000;0.021456;-1.056680;0.002719;Healthy;WO779001;1656.10
2026-07-03;eng-079;74;2026-01-04 02:00:00;642.7000;1592.5800;1399.9300;553.1400;2388.0700;9052.4700;47.4200;521.6400;2388.0700;8134.6500;8.3964;392.0000;0.042682;-0.361755;0.003883;Healthy;WO101754;
2026-07-03;ENG-005;71;2026-01-03 23:00:00;643.1100;1587.4000;1401.6600;553.3400;2388.1900;9057.8800;47.5900;521.6200;2388.1200;8133.8800;8.4428;394.0000;0.015633;0.205774;0.001230;Healthy;WO185586;1,343.58
2026/07/03;ENG-064;156;2026-01-07 12:00:00;642.9500;1583.9100;1419.1200;553.4100;2388.1200;9060.1600;47.5700;520.6900;2388.1200;8134.5100;8.4763;393.0000;-0.017302;0.404460;0.003365;Healthy;WO941590;2,209.29
2026-07-03;ENG-030;122;2026-01-06 02:00:00;642.6300;1588.8900;1407.9300;553.4600;2388.1200;9042.3900;47.5600;521.5900;2388.1800;8132.1900;8.4428;392.0000;0.017333;0.005539;0.001589;healthy;WO853613;2317.45
03-Jul-2026;ENG-053;153;2026-01-07 09:00:00;642.7900;1593.9000;1410.7200;553.1400;2388.0800;9100.6700;47.4900;521.5800;2388.0600;8165.9500;8.4634;392.0000;0.138866;-0.031124;0.015400;Healthy;WO127982;1828.16
2026-07-03;ENG-073;80;2026-01-04 08:00:00;642.5900;1586.2900;1408.2800;554.1100;2388.0700;9048.0700;47.4700;522.0600;2388.0600;8137.3100;8.3708;392.0000;0.023100;-0.580395;0.002816;Healthy;WO323985;2,945.68
2026/07/03;ENG-097;122;2026-01-06 02:00:00;642.3500;1593.0300;1400.4000;554.0700;2388.0300;9073.7500;47.3200;521.5000;2388.0200;8157.8600;8.4360;391.0000;0.071766;-0.565000;0.002367;healthy;WO391731;467.45
2026-07-03;  ENG-041 ;95;2026-01-04 23:00:00;643.0400;1582.1700;1397.0700;553.2300;2388.1400;9042.5400;47.2700;521.4300;2388.0900;8126.5300;8.4698;392.0000;0.017568;-0.275923;0.004088;Healthy;WO808308;652.95
2026-07-03;ENG-063;107;2026-01-05 11:00:00;642.4400;1593.2900;1403.8500;554.3200;2388.1200;9051.0900;47.5700;521.8200;2388.0900;8129.4100;8.4387;392.0000;0.041822;-0.285080;0.002670;HEALTHY;WO433653;1813.88
2026-07-03;ENG-039;30;2026-01-02 06:00:00;642.2500;1582.5700;1393.6700;553.7500;2388.0600;9055.8900;47.1700;521.9200;2388.0700;8143.3100;8.4056;392.0000;0.025993;-0.990776;0.001064;Healthy;WO777210;2,192.83
03-Jul-2026;ENG-035;138;2026-01-06 18:00:00;642.6500;1595.6200;1410.7000;553.1900;2388.1200;9064.7900;47.5500;520.9300;2388.1300;8137.5300;8.4673;394.0000;0.022158;0.354270;0.003876;Healthy;WO300517;655.81
03-Jul-2026;ENG-063;132;2026-01-06 12:00:00;642.6200;1595.0200;1398.1200;553.1500;2388.1500;9048.2800;47.5200;521.4500;2388.1400;8130.3200;8.4543;395.0000;0.020733;0.082946;0.002478;Healthy;WO932463;
03-Jul-2026;ENG-041;90;2026-01-04 18:00:00;642.3300;1578.5300;1409.4000;553.8700;2388.0700;9051.6200;47.4700;521.4700;2388.1300;8129.3200;8.4584;393.0000;0.022574;-0.292383;0.003070;Healthy;WO844846;2,906.68
03-Jul-2026;ENG-080;105;2026-01-05 09:00:00;642.8600;1591.8200;1408.4400;553.1700;2388.0900;9076.6200;47.4300;521.1700;2388.0400;8151.4500;8.4463;393.0000;0.100347;0.075555;0.006591;WARNING;WO888811;10102.62
03-Jul-2026;ENG-055;77;2026-01-04 05:00:00;642.6500;1587.4900;1403.4600;554.1200;2388.0700;9062.1300;47.1600;522.0700;2388.0700;8146.4600;8.4225;391.0000;0.021816;-0.795287;0.002686;Healthy;WO792389;2863.61
03-Jul-2026;ENG-028;108;2026-01-05 12:00:00;642.7800;1585.5000;1404.1800;553.8600;2388.1000;9050.5100;47.5200;521.8500;2388.1100;8129.9800;8.4505;396.0000;0.028409;-0.045528;0.000862;Healthy;WO566332;1735.16
03-Jul-2026;ENG-096;91;2026-01-04 19:00:00;642.5600;1582.5600;1398.3600;553.2200;2388.0400;9065.9600;47.2900;522.5700;2388.0100;8152.0700;8.4043;392.0000;0.075528;-0.958688;0.004747;Healthy;WO471678;1530.93
03-Jul-2026;ENG-047;64;2026-01-03 16:00:00;642.6600;1584.3900;1402.6100;553.0200;2388.1500;9044.4100;47.6500;521.7000;2388.1700;8120.1500;8.4355;392.0000;-0.014485;0.112876;0.005254;healthy;WO621154;2197.96
03-Jul-2026;ENG-053;159;2026-01-07 15:00:00;642.7800;1592.7400;1418.2200;553.5800;2388.0700;9096.0800;47.6100;521.2200;2388.1700;8174.5300;8.5041;396.0000;0.374143;0.745612;0.010770;Warning;WO280065;6,441.07
03-Jul-2026;ENG-050;64;2026-01-03 16:00:00;642.1200;1587.0800;1402.8600;554.3800;2388.0700;9062.6300;47.3400;521.9300;2387.9700;8134.8100;8.3941;393.0000;0.026707;-0.842426;0.001968;Healthy;WO529385;56.89
2026-07-03;ENG-091;232;2026-01-10 16:00:00;643.7200;1595.7500;1414.3300;552.2500;2388.1800;9051.2600;47.9400;519.9200;2388.2300;8128.7300;8.4501;394.0000;-0.464357;1.184509;0.010236;warning;WO740769;12,668.52
03-Jul-2026;ENG-052;175;2026-01-08 07:00:00;642.7100;1587.2300;1405.8900;553.9300;2388.1100;9098.5600;47.7400;521.9600;2388.0300;8163.9700;8.4592;394.0000;0.147117;0.050650;0.004799;Warning;WO228518;6804.08
2026-07-03;ENG-098;91;2026-01-04 19:00:00;642.2200;1591.5100;1408.3800;554.2400;2388.0200;9069.4500;47.4300;521.7400;2388.1100;8144.2800;8.4158;394.0000;0.067643;-0.246862;0.001312;Healthy;WO346845;609.67
2026/07/03;ENG-052;156;2026-01-07 12:00:00;642.1800;1595.8500;1404.8100;554.1200;2388.0300;9077.8700;47.4300;522.2500;2388.0100;8158.6700;8.4282;393.0000;0.097268;-0.475643;0.001769;Warning;WO876901;12,290.08
03-Jul-2026;ENG-053;151;2026-01-07 07:00:00;642.4200;1595.5700;1411.1000;553.2600;2388.0600;9089.8700;47.6200;520.7700;2388.1100;8171.4400;8.4622;393.0000;0.205033;0.304962;0.012705;Warning;WO836279;7,917.42
2026/07/03;ENG-093;221;2026-01-10 05:00:00;642.7100;1592.5100;1418.6200;552.2700;2388.2300;9069.3100;47.6900;520.8800;2388.1000;8153.5800;8.4488;395.0000;0.030627;0.754359;0.011915;warning;WO562404;5,746.53
03-Jul-2026;ENG-007;123;2026-01-06 03:00:00;642.1100;1586.2000;1397.7100;553.8200;2388.0300;9063.5900;47.1200;522.3000;2388.0300;8143.6300;8.4076;392.0000;0.033869;-1.032614;0.001036;Healthy;WO202002;314.35
2026/07/03;ENG-093;232;2026-01-10 16:00:00;643.1600;1588.7100;1411.6300;553.2700;2388.1000;9077.7300;47.8400;520.6300;2388.1200;8145.2500;8.4332;394.0000;0.041787;0.559846;0.003605;Healthy;WO743573;959.52
2026/07/03;ENG-090;124;2026-01-06 04:00:00;642.7700;1589.4100;1409.0700;552.5700;2388.0800;9079.7900;47.7400;520.7700;2388.1200;8141.1700;8.4418;395.0000;0.043512;0.472826;0.004265;Healthy;WO731162;646.98
03-Jul-2026;ENG-031;165;2026-01-07 21:00:00;642.8500;1592.8500;1413.1200;552.5800;2388.1700;9075.3900;47.6500;521.2500;2388.1300;8156.7700;8.4534;394.0000;0.070412;0.597326;0.003312;Warning;WO978895;3030.10
2026-07-03;ENG-077;151;2026-01-07 07:00:00;643.3900;1592.1700;1418.8300;552.7300;2388.1400;9055.6800;47.6800;520.7400;2388.1400;8123.1200;8.4443;393.0000;-0.046452;0.557425;0.004103;Warning;WO199199;4025.37
2026-07-03;ENG-098;90;2026-01-04 18:00:00;642.4800;1594.4900;1406.9400;553.2300;2388.0100;9062.3500;47.6100;521.1200;2388.0900;8142.5900;8.4232;393.0000;0.087814;-0.038389;0.002987;Healthy;WO178164;1,265.55
2026/07/03;ENG-023;125;2026-01-06 05:00:00;642.1400;1588.3800;1405.3300;554.4300;2388.0800;9050.5400;47.3900;521.6900;2388.0900;8132.6700;8.4311;393.0000;0.021530;-0.491265;0.003062;Healthy;WO751360;538.39
2026-07-03;ENG-051;105;2026-01-05 09:00:00;642.5200;1587.5400;1404.3400;553.3300;2388.1100;9048.6300;47.4800;521.6700;2388.1100;8129.1600;8.4398;393.0000;0.038007;-0.174385;0.003572;Healthy;WO662202;2,740.07
03-Jul-2026;ENG-069;40;2026-01-02 16:00:00;642.5000;1584.3400;1402.9300;554.1800;2388.1200;9054.9300;47.4700;521.8400;2388.0800;8129.8000;8.4394;392.0000;0.032054;-0.312404;0.003527;Healthy;WO250319;1279.34
2026-07-03;  ENG-010 ;143;2026-01-06 23:00:00;642.2200;1583.7600;1400.1100;555.1000;2388.0100;9061.0800;47.1600;521.8300;2388.0100;8140.2800;8.3736;393.0000;0.003711;-1.048297;0.003383;Healthy;WO452571;465.38
2026/07/03;ENG-048;59;2026-01-03 11:00:00;642.9200;1585.8100;1410.4400;553.7900;2388.0600;9058.4400;47.4300;521.9500;2388.0400;8138.9400;8.4472;394.0000;0.061858;-0.221094;0.001795;Healthy;WO539511;1634.38
03-Jul-2026;ENG-035;195;2026-01-09 03:00:00;643.4200;1599.5100;1429.3100;551.9300;2388.2000;9080.8600;48.0500;520.0200;2388.2200;8149.5600;8.5088;395.0000;-0.317064;1.611887;0.008415;Warning;WO663054;5,115.39
03-Jul-2026;  ENG-013 ;159;2026-01-07 15:00:00;641.8300;1592.2500;1403.7700;553.9300;2388.0900;9067.5500;47.4100;522.4700;2388.0700;8141.8000;8.4205;394.0000;0.062062;-0.425523;0.002514;Healthy;WO495199;1939.45
2026/07/03;ENG-089;166;2026-01-07 22:00:00;642.6200;1591.0400;1410.2400;553.1800;2388.0900;9060.0300;47.5700;521.3300;2388.0800;8124.4200;8.4405;394.0000;0.036725;0.010363;0.001158;Healthy;WO623453;2,603.52
2026-07-03;ENG-091;222;2026-01-10 06:00:00;643.4600;1593.1700;1418.4300;552.1100;2388.2600;9049.4600;47.7100;520.3700;2388.1700;8121.5100;8.4663;394.0000;-0.328178;1.000953;0.012667;Warning;WO518354;15,475.75
2026-07-03;ENG-096;94;2026-01-04 22:00:00;642.2500;1590.1300;1397.6000;554.2400;2388.0300;9069.8700;47.3300;521.9400;2388.1000;8154.6100;8.4134;392.0000;0.036793;-0.848643;0.002128;HEALTHY;WO731560;2903.27
2026/07/03;ENG-098;113;2026-01-05 17:00:00;642.8100;1583.3300;1400.4000;553.0100;2388.0900;9064.2600;47.6200;521.1000;2388.1500;8139.8500;8.5143;393.0000;0.050512;0.163742;0.002501;Healthy;WO813412;1,322.66
03-Jul-2026;ENG-091;158;2026-01-07 14:00:00;643.1700;1590.8200;1419.7200;552.7300;2388.1300;9044.8800;47.8300;521.3900;2388.1500;8132.6800;8.4494;394.0000;-0.040777;0.618805;0.000828;Healthy;WO398714;2,090.32
2026-07-03;ENG-052;133;2026-01-06 13:00:00;641.6800;1584.5400;1407.4400;553.9800;2387.9900;9069.0400;47.2100;521.9300;2387.9900;8146.5800;8.4223;391.0000;0.046535;-1.077705;0.003487;HEALTHY;WO539737;1476.74
2026/07/03;ENG-093;190;2026-01-08 22:00:00;642.7900;1592.4100;1408.9100;552.8700;2388.1200;9069.0800;47.6500;521.0800;2388.1500;8139.4500;8.4476;394.0000;0.042031;0.348853;0.001455;HEALTHY;WO296585;832.23
03-Jul-2026;ENG-085;34;2026-01-02 10:00:00;642.5800;1582.9400;1413.2200;553.5500;2388.0700;9045.2300;47.7300;521.4300;2388.0900;8126.6000;8.4228;393.0000;0.016991;-0.059872;0.001621;Healthy;WO369461;673.16
2026-07-03;ENG-019;125;2026-01-06 05:00:00;642.8500;1589.8200;1406.3600;554.0700;2388.1100;9055.9800;47.5000;521.6400;2388.1200;8143.1200;8.4017;393.0000;0.043154;-0.290418;0.000503;Healthy;WO823439;2,120.03
2026/07/03;  ENG-098 ;92;2026-01-04 20:00:00;642.6100;1592.6500;1403.0900;553.3600;2388.0900;9060.0800;47.4300;521.4400;2388.1000;8142.3000;8.3933;393.0000;0.057764;-0.238011;;Healthy;WO958608;1926.94
2026/07/03;ENG-061;157;2026-01-07 13:00:00;643.2900;1599.6200;1420.8200;552.6000;2388.1200;9066.7300;47.6700;520.6100;2388.1900;8146.4300;8.4810;395.0000;0.011730;0.893663;0.005710;Warning;WO683131;
2026-07-03;ENG-012;213;2026-01-09 21:00:00;642.2800;1585.7000;1405.3000;553.9800;2388.0000;9062.9200;47.4400;521.6800;2388.0300;8149.8000;8.4259;393.0000;0.056619;-0.498508;0.002057;Healthy;WO622528;693.73
2026/07/03;ENG-088;64;2026-01-03 16:00:00;643.1300;1588.8900;1407.7500;553.4100;2388.1500;9039.3100;47.6600;520.7600;2388.1300;8116.7000;8.4679;394.0000;-0.077514;0.435256;0.009724;healthy;WO558881;447.06
2026/07/03;ENG-088;47;2026-01-02 23:00:00;642.9300;1588.2500;1412.4500;552.5700;2388.1700;9037.8600;47.5600;521.6700;2388.1700;8120.5600;8.4618;393.0000;-0.039792;0.285030;0.000995;Healthy;WO347873;66.70
2026-07-03;ENG-079;87;2026-01-04 15:00:00;642.4200;1589.1000;1403.9200;553.1700;2388.1000;9051.9900;47.4900;521.9300;2388.1000;8129.3700;8.4209;392.0000;0.042961;-0.347894;0.001724;HEALTHY;WO259802;2,357.22
03-Jul-2026;eng-019;98;2026-01-05 02:00:00;641.9700;1590.3000;1394.7500;554.5800;2388.0800;9062.4100;47.1600;521.4600;2388.0700;8136.4500;8.4197;392.0000;0.003547;-0.911797;0.001619;Healthy;WO677566;2504.59
2026-07-03;ENG-056;110;2026-01-05 14:00:00;642.9200;1597.9400;1407.6200;552.5900;2388.1700;9042.7700;47.8400;520.0400;2388.2200;8125.4600;8.4917;394.0000;-0.256757;0.889408;0.007545;Warning;WO932586;6393.14
2026/07/03;ENG-028;136;2026-01-06 16:00:00;643.0100;1590.4900;1416.4900;552.5300;2388.1000;9051.1900;47.5800;521.3900;2388.0800;8138.0000;8.4564;392.0000;0.031466;0.274698;0.002068;Healthy;WO172240;2,314.30
2026/07/03;eng-046;124;2026-01-06 04:00:00;642.7800;1586.5700;1411.7300;553.5000;2388.0400;9073.7000;47.6500;522.0200;2388.0300;8150.5400;8.4309;394.0000;0.100508;-0.101858;0.004256;Warning;WO894193;13,966.57
2026-07-03;eng-091;167;2026-01-07 23:00:00;642.8800;1596.6500;1422.2100;552.5300;2388.1900;9052.7200;47.8700;520.6100;2388.1100;8123.1200;8.4704;393.0000;-0.087750;0.806533;0.010178;Warning;WO882132;7572.82
03-Jul-2026;ENG-092;108;2026-01-05 12:00:00;642.9500;1594.6500;1409.6100;552.8500;2388.1200;9047.7400;47.8200;520.8000;2388.1600;8122.5400;8.4741;395.0000;-0.078120;0.690078;0.006341;Warning;WO688705;14,973.03
2026-07-03;ENG-076;145;2026-01-07 01:00:00;641.5800;1593.3700;1400.8600;553.7000;2388.0500;9074.8500;47.5200;521.3600;2388.0700;8148.8400;8.4423;391.0000;0.068197;-0.571190;;Warning;WO908546;11406.35
2026-07-03;ENG-027;128;2026-01-06 08:00:00;642.2900;1593.4700;1407.9800;553.5800;2388.0600;9053.8300;47.4700;521.5600;2388.0800;8126.2600;8.4584;392.0000;0.046437;-0.267574;0.002359;Healthy;WO834436;608.90
2026/07/03;ENG-099;84;2026-01-04 12:00:00;642.4500;1586.7600;1393.3300;554.7300;2388.0100;9065.9200;47.1400;522.8200;2387.9500;8146.6100;8.3935;391.0000;0.069669;-1.160690;0.002156;healthy;WO304997;1517.71
2026/07/03;  ENG-076 ;186;2026-01-08 18:00:00;643.1700;1597.6200;1418.6000;552.2000;2388.1100;9092.5700;47.8200;520.8000;2388.1500;8164.9200;8.4529;395.0000;0.273950;1.023303;0.013650;Warning;WO592623;21363.46
2026-07-03;  ENG-050 ;61;2026-01-03 13:00:00;642.7800;1593.2400;1408.4200;553.8800;2388.1000;9060.7100;47.5000;522.0100;2388.0700;8140.9700;8.4307;390.0000;-0.003302;-2.700485;0.005859;Healthy;WO334462;2773.66
2026/07/03;ENG-013;136;2026-01-06 16:00:00;642.2900;1594.5200;1403.0300;554.5800;2388.0300;9059.7200;47.2800;521.6800;2388.0000;8142.8900;8.4424;391.0000;0.036308;-0.722530;0.001444;Healthy;WO267299;1936.03
2026-07-03;ENG-055;101;2026-01-05 05:00:00;642.2800;1589.6900;1404.9300;553.5200;2388.0600;9062.8400;47.2600;521.7200;2388.0700;8139.5800;8.4278;393.0000;0.039965;-0.505763;0.001036;Healthy;WO348034;1,575.28
03-Jul-2026;  ENG-031 ;159;2026-01-07 15:00:00;642.9200;1587.2700;1415.0800;552.9100;2388.1100;9081.3600;47.6100;520.7400;2388.0500;8147.8900;8.4632;395.0000;0.110525;0.546997;0.003414;Warning;WO983580;24,235.26
03-Jul-2026;ENG-026;55;2026-01-03 07:00:00;642.3600;1581.5000;1399.9800;553.9100;2388.0000;9070.7500;47.3100;522.3700;2388.0200;8146.2400;8.4204;391.0000;0.059028;-0.992946;0.001444;Healthy;WO420700;1859.49
03-Jul-2026;ENG-081;159;2026-01-07 15:00:00;642.7000;1589.9200;1415.4200;552.5200;2388.0600;9072.3900;47.6400;521.3600;2388.0800;8144.5800;8.4196;394.0000;0.066996;0.330825;0.002257;Healthy;WO299113;417.12
2026-07-03;ENG-091;212;2026-01-09 20:00:00;643.1400;1600.7800;1422.9600;552.6200;2388.1600;9052.0300;47.6800;520.0500;2388.1900;8130.1200;8.4714;395.0000;-0.267226;1.060148;0.003257;Warning;WO769135;21136.20
2026-07-03;ENG-029;142;2026-01-06 22:00:00;643.1200;1584.0800;1405.7100;553.5200;2388.0100;9066.7900;47.2500;521.6200;2388.0200;8147.4900;8.4377;393.0000;0.065260;-0.339657;0.001936;Healthy;WO337108;800.07
03-Jul-2026;  ENG-048 ;65;2026-01-03 17:00:00;643.0900;1593.9100;1414.1200;553.1800;2388.1200;9057.0400;47.3400;521.9200;2388.1100;8134.3900;8.4043;392.0000;0.058397;-0.049939;0.001543;Healthy;WO982634;907.63
2026/07/03;ENG-029;161;2026-01-07 17:00:00;642.6200;1592.7200;1409.5200;553.7700;2388.0800;9073.7200;47.2900;521.6800;2388.0600;8150.1700;8.4539;392.0000;0.082432;-0.124700;0.003325;Healthy;WO337420;1902.44
2026-07-03;eng-091;188;2026-01-08 20:00:00;642.9200;1597.1900;1412.0900;552.9900;2388.1500;9054.8100;47.9300;520.6300;2388.1700;8127.9900;8.4607;393.0000;-0.086097;0.775287;0.002290;Warning;WO964037;18,823.92
2026/07/03;ENG-079;94;2026-01-04 22:00:00;642.4900;1588.9000;1410.5900;553.1400;2388.1200;9046.9000;47.5600;521.6300;2388.1500;8133.9700;8.4380;393.0000;0.032892;0.006348;0.001587;Healthy;WO792176;1902.63
03-Jul-2026;ENG-047;70;2026-01-03 22:00:00;642.3400;1590.1700;1413.0100;552.4500;2388.1700;9039.5800;47.4700;521.0800;2388.1600;8126.7100;8.4421;393.0000;-0.034133;0.253261;0.003342;Healthy;WO156848;1952.60
03-Jul-2026;  ENG-027 ;107;2026-01-05 11:00:00;642.6800;1585.0200;1400.8800;554.6200;2388.0200;9047.9100;47.3500;521.2000;2388.0800;8130.3300;8.4262;392.0000;0.003147;-0.468747;0.002082;Healthy;WO146950;765.48
2026/07/03;ENG-021;129;2026-01-06 09:00:00;642.0400;1590.5400;1409.1100;554.4700;2387.9800;9071.3100;47.3800;522.1500;2388.0000;8146.6600;8.4268;392.0000;0.060811;-0.730636;0.001119;Healthy;WO987560;2483.79
2026/07/03;ENG-020;168;2026-01-08 00:00:00;643.3600;1599.1900;1415.2000;551.7100;2388.1800;9070.8700;47.8200;520.4000;2388.1800;8143.2200;8.4651;394.0000;-0.180894;1.090774;;WARNING;WO585540;24,590.79
2026/07/03;ENG-010;190;2026-01-08 22:00:00;642.7600;1588.1500;1401.0400;553.8900;2388.0500;9060.6400;47.1600;521.5600;2388.0600;8144.0900;8.4768;393.0000;0.048708;-0.363156;0.001092;Healthy;WO317631;268.01
2026/07/03;  ENG-097 ;111;2026-01-05 15:00:00;641.9200;1588.9900;1407.6400;554.0800;2388.0300;9078.8200;47.4100;521.5800;2388.0700;8148.1500;8.3822;392.0000;0.038422;-0.748830;0.003220;Healthy;WO962577;1,660.30
03-Jul-2026;eng-052;138;2026-01-06 18:00:00;642.3600;1588.8200;1399.5800;554.0000;2388.0200;9073.9400;47.3500;522.0400;2387.9900;8145.3100;8.4137;392.0000;0.053423;-0.917407;0.003030;HEALTHY;WO989642;2183.34
03-Jul-2026;ENG-028;151;2026-01-07 07:00:00;642.7200;1583.7000;1408.9500;552.9100;2388.1100;9058.9300;47.6400;521.4600;2388.1100;8139.0100;8.4850;392.0000;0.043686;0.173727;0.001519;Warning;WO669040;4,829.20
2026-07-03;ENG-003;89;2026-01-04 17:00:00;642.2400;1591.7600;1410.4200;552.8300;2388.1300;9052.1400;47.6000;520.9200;2388.0700;8130.1700;8.4720;394.0000;-0.005457;0.285667;;Healthy;WO840700;1007.33
03-Jul-2026;ENG-084;132;2026-01-06 12:00:00;642.4800;1594.2300;1411.1900;554.3400;2388.1700;9051.3500;47.5300;521.4600;2388.1100;8133.8900;8.4705;393.0000;-0.005633;0.195577;0.002663;Healthy;WO177230;
03-Jul-2026;ENG-079;84;2026-01-04 12:00:00;642.2600;1592.4000;1409.5800;553.8600;2388.1000;9048.6000;47.3400;521.2400;2388.0600;8133.1900;8.4372;392.0000;0.026590;-0.354526;0.001286;Healthy;WO411706;2422.18
2026/07/03;ENG-057;133;2026-01-06 13:00:00;643.0200;1594.9600;1406.4200;553.3000;2388.1000;9055.6900;47.5500;521.1700;2388.1800;8127.9500;8.4429;394.0000;-0.002960;0.379470;0.002389;Healthy;WO789044;395.55
2026/07/03;ENG-005;80;2026-01-04 08:00:00;642.7500;1596.8600;1403.0700;553.4200;2388.1400;9050.3800;47.4700;522.1700;2388.0600;8131.3500;8.4119;394.0000;0.063181;-0.068110;0.003025;Healthy;WO282472;102.55
2026/07/03;ENG-084;164;2026-01-07 20:00:00;642.9300;1586.1400;1415.0100;552.9500;2388.1700;9045.4900;47.7300;521.0400;2388.1100;8125.7800;8.4463;394.0000;-0.043595;0.384165;0.001843;Healthy;WO189654;2933.22
03-Jul-2026;ENG-076;199;2026-01-09 07:00:00;643.8400;1594.8100;1427.3900;552.1100;2388.1200;9100.3900;47.8500;520.3900;2388.1400;8176.8200;8.4771;396.0000;0.319661;1.522665;0.012138;Warning;WO755020;2,394.10
2026/07/03;ENG-007;159;2026-01-07 15:00:00;642.4900;1587.0500;1407.9800;554.3200;2388.0200;9071.6900;47.4300;522.3400;2388.0300;8148.4500;8.4450;393.0000;0.076034;-0.451515;0.000930;Healthy;WO231496;1255.32
2026/07/03;ENG-038;107;2026-01-05 11:00:00;642.5500;1584.5100;1414.9100;553.1600;2388.1100;9064.8300;47.6300;521.0800;2388.0700;8144.3600;8.4395;393.0000;0.046805;0.179930;0.002574;Warning;WO680163;
03-Jul-2026;ENG-080;112;2026-01-05 16:00:00;642.5100;1591.3500;1408.9800;552.7600;2388.0800;9063.8800;47.5800;521.8400;2388.0800;8148.8600;8.4156;393.0000;0.086326;-0.282436;0.003309;Warning;WO732729;20399.90
2026-07-03;  ENG-061 ;116;2026-01-05 20:00:00;643.0100;1587.5700;1401.8900;553.7200;2388.1000;9073.4700;47.3800;521.3900;2388.0400;8154.3600;8.4200;394.0000;0.082987;-0.102049;0.000465;Warning;WO517799;10765.11
2026/07/03;ENG-027;135;2026-01-06 15:00:00;642.4000;1587.8200;1409.4400;552.7500;2388.1600;9057.4700;47.5400;521.8200;2388.0100;8139.4300;8.4234;392.0000;0.066560;-0.237156;0.002928;healthy;WO544160;316.92
2026-07-03;ENG-019;118;2026-01-05 22:00:00;642.3600;1583.1800;1401.9600;553.7000;2388.1200;9059.4600;47.2700;522.4200;2388.0500;8141.1000;8.4335;392.0000;0.033522;-0.662744;;Healthy;WO647350;964.69
03-Jul-2026;ENG-070;150;2026-01-07 06:00:00;643.5600;1589.0800;1411.9200;553.7000;2388.0600;9061.0400;47.5900;520.5500;2388.1300;8135.6600;8.4445;392.0000;0.024435;0.234907;0.002341;Healthy;WO779932;976.93
2026/07/03;ENG-095;74;2026-01-04 02:00:00;642.0000;1588.3100;1404.8700;554.2200;2388.0700;9051.0300;47.3300;522.6400;2388.0700;8133.4000;8.4205;392.0000;0.015949;-0.799348;0.001843;Healthy;WO231614;2540.10
2026/07/03;ENG-093;208;2026-01-09 16:00:00;642.6300;1586.9700;1409.4300;552.8900;2388.2000;9064.3100;47.7800;521.1000;2388.1300;8149.3800;8.4909;393.0000;0.018263;0.460391;0.003071;Healthy;WO606652;2649.09
2026-07-03;ENG-036;122;2026-01-06 02:00:00;643.1300;1603.2700;1422.8500;551.5200;2388.1300;9062.6300;48.0600;520.5300;2388.2100;8143.5800;8.4649;395.0000;-0.315968;1.351774;0.003347;Warning;WO341944;4,819.37
2026/07/03;eng-081;186;2026-01-08 18:00:00;642.9200;1602.0700;1413.9300;552.4900;2388.1300;9079.1900;47.6300;520.5100;2388.1100;8145.5000;8.4477;394.0000;0.051602;0.700037;0.010546;Warning;WO211876;
2026/07/03;ENG-052;164;2026-01-07 20:00:00;642.3400;1591.5600;1405.2700;553.3800;2388.0100;9084.9900;47.4400;521.8100;2388.0800;8167.9100;8.4177;393.0000;0.108466;-0.322688;0.004464;Healthy;WO808337;1143.30
2026-07-03;ENG-032;126;2026-01-06 06:00:00;642.7000;1588.3400;1403.8100;553.7200;2387.9900;9082.6100;47.2600;522.4800;2388.0600;8162.3600;8.4013;393.0000;0.071122;-0.792824;0.005127;Healthy;WO147541;262.20
2026-07-03;  ENG-027 ;129;2026-01-06 09:00:00;642.6700;1591.3000;1411.8500;553.4000;2388.0900;9048.6500;47.4200;521.4400;2388.0600;8136.1500;8.3858;394.0000;0.050312;-0.267993;0.001152;Healthy;WO277982;1746.26
2026-07-03;ENG-068;165;2026-01-07 21:00:00;643.1400;1593.2700;1414.1700;553.0800;2388.1400;9070.4100;47.9100;521.0900;2388.1400;8148.9600;8.4522;394.0000;0.020222;0.621642;0.003400;HEALTHY;WO618735;1,153.30
2026-07-03;ENG-087;54;2026-01-03 06:00:00;642.7900;1588.5700;1401.0300;553.6100;2388.0500;9062.6100;47.1800;521.8300;2388.0300;8136.0200;8.4608;392.0000;0.038347;-0.617146;0.001381;healthy;WO194686;
2026/07/03;ENG-046;130;2026-01-06 10:00:00;643.1400;1595.5800;1414.7400;552.9100;2388.0300;9085.8200;47.4800;520.4500;2388.1200;8157.8800;8.4566;393.0000;0.165683;0.485658;0.009521;Warning;WO566633;24,126.97
2026-07-03;eng-046;99;2026-01-05 03:00:00;642.7300;1585.7400;1407.9100;553.1600;2388.0700;9066.3200;47.5800;520.9900;2388.0500;8149.3200;8.4468;390.0000;0.083687;-0.235051;0.000859;Healthy;WO841675;1202.60
03-Jul-2026;ENG-012;160;2026-01-07 16:00:00;642.1000;1584.9200;1403.9700;554.4000;2387.9700;9064.5700;47.1400;522.0500;2388.0500;8142.6900;8.4092;392.0000;0.016121;-1.000994;0.001983;healthy;WO263103;2780.62
2026/07/03;ENG-039;31;2026-01-02 07:00:00;642.3700;1587.6600;1399.2100;554.3600;2388.0400;9054.1000;47.1300;522.2400;2387.9900;8142.5600;8.3935;391.0000;0.022573;-1.084300;0.000913;Healthy;WO851377;1,038.06
2026-07-03;ENG-079;82;2026-01-04 10:00:00;642.0800;1596.7400;1399.8700;553.5000;2388.1200;9045.0000;47.3600;521.7700;2388.0900;8132.8500;8.4236;392.0000;0.032476;-0.410817;0.001596;Healthy;WO202870;2963.20
03-Jul-2026;ENG-089;146;2026-01-07 02:00:00;642.6000;1590.9300;1407.8100;553.1900;2388.1000;9047.3000;47.5800;521.0300;2388.1000;8131.5400;8.4558;394.0000;0.039733;-0.089031;0.001503;Healthy;WO949135;2985.11
2026/07/03;ENG-093;208;2026-01-09 16:00:00;642.6300;1586.9700;1409.4300;552.8900;2388.2000;9064.3100;47.7800;521.1000;2388.1300;8149.3800;8.4909;393.0000;0.018263;0.460391;0.003071;Healthy;WO606652;2649.09
03-Jul-2026;eng-031;169;2026-01-08 01:00:00;642.8600;1598.1700;1415.5300;552.2000;2388.1400;9085.6000;47.5100;520.7200;2388.1400;8148.8200;8.4355;395.0000;0.129903;0.776636;0.001907;Warning;WO192966;20596.45
2026-07-03;ENG-030;139;2026-01-06 19:00:00;642.7200;1590.5400;1409.4900;553.0600;2388.1000;9045.6500;47.6400;521.1300;2388.1300;8129.5600;8.4639;392.0000;0.001857;0.214326;0.002310;HEALTHY;WO875957;1316.66
2026-07-03;ENG-017;117;2026-01-05 21:00:00;641.8900;1588.6000;1404.9300;553.8000;2388.0200;9081.0200;47.2900;521.8000;2388.0400;8161.7300;8.4460;394.0000;0.074618;-0.645135;0.006931;Healthy;WO265585;1167.14
03-Jul-2026;ENG-030;110;2026-01-05 14:00:00;642.7000;1590.3700;1413.2900;553.3600;2388.1700;9053.5200;47.5500;520.8500;2388.1100;8127.9100;8.4200;394.0000;-0.032576;0.280370;0.002395;Healthy;WO686183;632.50
2026/07/03;ENG-010;163;2026-01-07 19:00:00;642.3400;1588.7900;1396.4400;553.6200;2388.0800;9059.0900;47.3200;521.4600;2388.0400;8141.6800;8.4281;393.0000;0.039659;-0.526450;0.001554;healthy;WO296745;340.49
2026-07-03;eng-089;164;2026-01-07 20:00:00;642.2200;1591.9100;1404.9400;553.1900;2388.1400;9054.8800;47.4800;521.3300;2388.0800;8128.6200;8.4618;392.0000;0.037477;-0.078568;0.003004;Healthy;WO571728;2,109.48
2026-07-03;ENG-007;125;2026-01-06 05:00:00;642.2300;1589.6500;1400.4900;554.1900;2387.9700;9070.0500;47.3200;521.8600;2388.0000;8141.1900;8.3960;392.0000;0.031843;-0.858081;0.000646;Healthy;WO816962;722.29
2026/07/03;ENG-069;37;2026-01-02 13:00:00;642.9600;1591.2500;1404.2100;554.4400;2388.0900;9050.8600;47.2800;522.1500;2388.1000;8132.9500;8.4199;392.0000;0.022475;-0.461285;0.002663;Healthy;WO227806;1143.19
2026/07/03;eng-006;85;2026-01-04 13:00:00;642.6800;1586.6000;1410.6800;553.1700;2388.0800;9054.1900;47.6300;521.4500;2388.0700;8136.5600;8.4592;393.0000;0.041178;0.115949;0.001207;Warning;WO373625;20941.61
03-Jul-2026;ENG-023;103;2026-01-05 07:00:00;642.1500;1585.7300;1399.1300;553.7600;2388.0800;9043.6200;47.1700;522.1500;2388.0600;8137.4700;8.3813;392.0000;0.012728;-1.035211;0.003365;Healthy;WO322278;75.13
03-Jul-2026;ENG-061;130;2026-01-06 10:00:00;642.4800;1597.1300;1402.1400;554.1300;2388.0500;9069.3800;47.6400;521.5000;2388.1500;8143.0000;8.4298;393.0000;0.077510;-0.120617;0.004665;Healthy;WO335727;662.95
2026/07/03;ENG-068;172;2026-01-08 04:00:00;643.2100;1598.7600;1417.8500;552.8800;2388.1400;9085.6600;47.8300;520.8300;2388.1900;8149.9500;8.4720;394.0000;0.109842;0.976436;0.005864;Warning;WO888570;19,293.84
2026/07/03;ENG-093;240;2026-01-11 00:00:00;643.9100;1591.8300;1417.4900;552.0000;2388.0700;9084.8800;47.7800;520.9300;2388.1700;8154.1100;8.4719;395.0000;0.128565;0.942868;0.002417;Warning;WO570723;
2026/07/03;ENG-069;52;2026-01-03 04:00:00;641.5700;1593.9200;1405.6600;552.9700;2388.0600;9045.5800;47.4400;521.8200;2388.1300;8130.9900;8.4443;392.0000;0.049292;-0.194364;0.001834;Healthy;WO378529;1788.19
2026/07/03;ENG-090;139;2026-01-06 19:00:00;642.5300;1601.4500;1412.6100;552.9600;2388.1500;9073.8300;47.8100;520.5700;2388.1300;8154.2800;8.4414;395.0000;0.053327;0.657799;0.010011;Healthy;WO172235;
03-Jul-2026;ENG-003;111;2026-01-05 15:00:00;643.0200;1589.9900;1419.2100;552.8400;2388.1600;9049.3100;47.6800;520.9200;2388.1300;8130.5100;8.4788;393.0000;-0.028475;0.443706;0.004354;Warning;WO168780;13788.43
2026/07/03;ENG-049;234;2026-01-10 18:00:00;642.5300;1588.4400;1410.8700;553.3500;2388.1100;9059.7900;47.4800;521.4800;2388.1200;8139.4100;8.4401;394.0000;0.049541;0.071262;0.002629;healthy;WO197423;843.58
2026-07-03;eng-068;138;2026-01-06 18:00:00;642.8300;1594.2200;1409.6300;552.9600;2388.1000;9064.1000;47.6300;520.8700;2388.1000;8142.8600;8.4790;395.0000;0.022069;0.490468;0.000872;Healthy;WO148056;1905.29
03-Jul-2026;  ENG-063 ;134;2026-01-06 14:00:00;642.4000;1586.1300;1403.8800;553.1500;2388.1500;9056.9300;47.4600;521.5700;2388.1000;8131.5700;8.4266;393.0000;0.048046;-0.089222;0.001624;Healthy;WO654647;2729.27
2026/07/03;ENG-066;146;2026-01-07 02:00:00;643.4100;1597.8100;1418.8600;551.4500;2388.0800;9120.0500;47.8400;520.6900;2388.0900;8190.6100;8.4822;395.0000;0.703137;1.419724;0.026204;Warning;WO249349;14801.76
03-Jul-2026;ENG-099;91;2026-01-04 19:00:00;642.6200;1586.2200;1404.5200;554.3800;2388.0300;9062.1000;47.3600;522.7400;2387.9800;8146.8100;8.4116;391.0000;0.059789;-1.015389;0.003952;Healthy;WO219032;
03-Jul-2026;eng-093;205;2026-01-09 13:00:00;642.7500;1586.8400;1421.2300;553.0900;2388.1800;9066.1400;47.5000;521.4100;2388.0800;8140.1200;8.4637;393.0000;0.018985;0.334477;0.001323;healthy;WO140765;529.87
2026-07-03;ENG-077;109;2026-01-05 13:00:00;642.7300;1583.8300;1409.3400;553.7200;2388.1000;9047.4500;47.4400;521.5700;2388.0900;8129.4500;8.4375;392.0000;0.030032;-0.251228;0.001796;Healthy;WO776916;2790.46
2026/07/03;ENG-013;152;2026-01-07 08:00:00;642.5000;1584.4800;1400.5700;554.1900;2388.0000;9057.0700;47.3800;522.1800;2388.1100;8145.0800;8.4213;393.0000;0.031547;-0.772299;0.000244;Healthy;WO623940;1,773.21
2026-07-03;  ENG-100 ;189;2026-01-08 21:00:00;643.2900;1592.3300;1417.6600;553.5900;2388.0600;9136.5500;47.5500;520.9300;2388.0900;8209.8400;8.4423;393.0000;0.780831;0.603858;0.043963;Warning;WO881035;14,082.51
2026-07-03;ENG-021;146;2026-01-07 02:00:00;642.2600;1589.0300;1405.2700;554.1600;2388.0100;9088.8300;47.4400;521.6700;2388.0100;8161.4400;8.4364;395.0000;0.092186;-0.502850;0.007592;Healthy;WO530465;2502.87
2026/07/03;ENG-076;142;2026-01-06 22:00:00;642.2600;1589.5900;1408.6800;553.9500;2388.1300;9072.1500;47.4700;521.2000;2388.0800;8145.3500;8.4289;392.0000;0.061728;-0.184862;0.002135;Warning;WO750642;7013.97
03-Jul-2026;ENG-017;131;2026-01-06 11:00:00;642.7000;1592.2500;1406.4500;553.6500;2388.0600;9080.1800;47.4000;522.1700;2388.1000;8160.1900;8.4413;393.0000;0.089542;-0.295079;0.002909;Healthy;WO608837;2104.46
2026-07-03;ENG-079;97;2026-01-05 01:00:00;642.7800;1584.6800;1401.9500;554.2500;2388.0800;9045.5900;47.4600;521.4400;2388.1000;8127.7200;8.4196;393.0000;0.009258;-0.470482;0.002463;Healthy;WO466406;2,177.57
2026-07-03;ENG-007;119;2026-01-05 23:00:00;642.5900;1590.8100;1400.7100;553.5200;2388.0900;9063.3000;47.3700;521.6400;2387.9800;8144.1500;8.4295;390.0000;0.061720;-0.456395;0.001245;Healthy;WO583726;2800.42
2026/07/03;ENG-028;122;2026-01-06 02:00:00;642.1300;1595.1900;1404.2300;553.2200;2388.0800;9046.3200;47.5000;521.6200;2388.1100;8133.3900;8.4576;394.0000;0.049834;-0.032308;0.000535;Healthy;WO862280;2074.60
2026/07/03;  ENG-027 ;109;2026-01-05 13:00:00;642.4800;1585.6300;1406.4900;554.1700;2388.0600;9050.6500;47.4200;521.5500;2388.0600;8136.0400;8.3831;392.0000;0.019030;-0.628478;0.002204;Healthy;WO257903;1710.23
2026-07-03;ENG-072;98;2026-01-05 02:00:00;642.6200;1587.9500;1404.5400;554.0700;2388.0500;9069.2300;47.4100;521.6800;2388.0600;8143.5200;8.4426;392.0000;0.055314;-0.417637;0.000173;Healthy;WO490116;1330.88
2026/07/03;ENG-031;155;2026-01-07 11:00:00;642.8500;1587.9800;1409.1900;553.7400;2388.0900;9080.4400;47.6500;521.3200;2388.0300;8154.0500;8.4314;394.0000;0.112329;0.044602;0.002315;Warning;WO424843;24072.39
03-Jul-2026;ENG-024;151;2026-01-07 07:00:00;642.6500;1588.7600;1409.1900;553.8900;2388.0200;9103.3300;47.4500;522.0800;2388.0600;8179.3300;8.4239;393.0000;0.128335;-0.371977;0.006013;Warning;WO830653;8,608.17
2026-07-03;ENG-035;147;2026-01-07 03:00:00;642.9400;1597.3200;1414.9100;552.3500;2388.1900;9061.2900;47.6700;520.4500;2388.1500;8140.9600;8.4600;394.0000;-0.133748;0.908085;0.003155;Warning;WO481479;21,195.13
2026/07/03;  ENG-042 ;150;2026-01-07 06:00:00;643.0200;1594.5900;1419.5900;552.6500;2388.2600;9033.6100;47.8200;520.6700;2388.2500;8112.5800;8.4797;394.0000;-0.354924;0.965816;0.013120;Warning;WO169872;13119.04
03-Jul-2026;ENG-037;97;2026-01-05 01:00:00;642.7800;1592.4500;1409.0300;553.0000;2388.1200;9047.1300;47.4200;521.9800;2388.0600;8130.2800;8.4245;393.0000;0.056662;-0.177960;0.002441;Warning;WO347356;19559.81
2026/07/03;ENG-084;171;2026-01-08 03:00:00;642.6600;1593.9500;1406.9300;551.9200;2388.1600;9048.9800;47.6700;520.7200;2388.2200;8129.3200;8.4615;392.0000;-0.030036;0.508029;0.004977;Healthy;WO304555;2493.40
2026/07/03;ENG-092;135;2026-01-06 15:00:00;643.1600;1584.3400;1422.7000;552.5500;2388.1600;9043.7500;47.9000;520.9700;2388.1700;8117.9600;8.4844;395.0000;-0.288748;0.925777;0.008700;WARNING;WO632658;13667.82
03-Jul-2026;  ENG-035 ;152;2026-01-07 08:00:00;643.1200;1600.6000;1414.6500;552.6100;2388.2100;9063.8900;47.7300;521.0700;2388.1900;8143.5800;8.4629;393.0000;-0.021418;0.813049;0.009914;Warning;WO181759;22199.50
2026-07-03;ENG-100;159;2026-01-07 15:00:00;642.5200;1586.3300;1412.2200;553.3200;2388.0300;9089.2900;47.4300;522.1600;2388.0200;8166.2400;8.3893;392.0000;0.091543;-0.449883;0.007212;Healthy;WO223574;1674.83
2026/07/03;ENG-013;157;2026-01-07 13:00:00;642.1400;1588.4000;1403.2400;554.2900;2388.0300;9057.3800;47.5000;521.9400;2388.0100;8142.5900;8.4156;393.0000;0.044083;-0.670735;0.002064;Healthy;WO287935;1810.11
2026/07/03;ENG-049;260;2026-01-11 20:00:00;642.9600;1590.3100;1410.0600;552.7000;2388.1100;9059.8200;47.4400;520.7200;2388.1100;8138.5500;8.4385;394.0000;0.006852;0.416821;0.005185;Healthy;WO266248;1344.04
03-Jul-2026;ENG-081;166;2026-01-07 22:00:00;642.7800;1590.5400;1414.4600;552.9300;2388.0800;9075.6500;47.6400;521.1400;2388.0900;8147.7600;8.4563;394.0000;0.071932;0.344838;0.004983;Warning;WO310159;20665.91
03-Jul-2026;ENG-054;112;2026-01-05 16:00:00;642.1500;1592.4300;1394.3000;553.9500;2388.0100;9058.7600;47.3800;522.3100;2388.0100;8143.7700;8.4096;392.0000;0.056747;-0.983123;0.000880;Healthy;WO391000;1597.73
03-Jul-2026;ENG-097;131;2026-01-06 11:00:00;642.8700;1585.0000;1397.7600;554.5700;2388.0300;9077.5700;47.2700;521.6900;2388.0500;8154.3700;8.4171;395.0000;0.055776;-0.511799;0.002448;Healthy;WO186689;601.32
03-Jul-2026;ENG-024;143;2026-01-06 23:00:00;642.6600;1588.0800;1407.4500;554.1100;2387.9800;9096.8200;47.4300;522.0700;2388.0700;8175.0200;8.4184;391.0000;0.090336;-0.730650;0.005844;HEALTHY;WO313766;1,761.29
03-Jul-2026;ENG-054;91;2026-01-04 19:00:00;642.1300;1581.7100;1395.3800;554.6100;2388.0400;9053.7100;47.2400;521.9700;2388.0400;8139.8700;8.4045;391.0000;0.023916;-1.083757;0.001337;HEALTHY;WO742893;233.64
03-Jul-2026;ENG-092;102;2026-01-05 06:00:00;642.8600;1588.0900;1415.9900;553.2900;2388.1600;9032.8400;47.7000;521.1400;2388.1400;8125.2300;8.4383;395.0000;-0.063195;0.336202;0.004737;Healthy;WO934760;2016.08
2026/07/03;ENG-083;65;2026-01-03 17:00:00;642.4600;1588.4800;1400.9500;553.5500;2388.0600;9056.9700;47.4500;521.9700;2388.0700;8138.3300;8.4197;392.0000;0.041202;-0.494458;0.002635;healthy;WO806876;1491.82
2026-07-03;  ENG-081 ;188;2026-01-08 20:00:00;643.3400;1591.9200;1414.6200;551.8300;2388.1600;9069.8700;47.8000;521.0400;2388.1800;8150.2300;8.4722;394.0000;-0.044132;0.906101;0.011960;Warning;WO209908;7,252.51
03-Jul-2026;ENG-060;141;2026-01-06 21:00:00;642.3800;1590.1700;1417.3300;553.1200;2388.1200;9053.9300;47.3700;521.5300;2388.1400;8137.2200;8.4642;392.0000;0.034104;0.088274;0.000817;Healthy;WO869834;102.82
2026-07-03;ENG-087;43;2026-01-02 19:00:00;642.5500;1583.9400;1405.4500;554.5400;2388.0100;9058.2300;47.3400;522.2000;2388.1000;8138.6400;8.4263;392.0000;0.018752;-0.851184;0.001221;Healthy;WO256867;2154.33
2026/07/03;ENG-020;170;2026-01-08 02:00:00;643.1600;1599.3300;1418.7200;552.5500;2388.0900;9071.9200;47.8200;520.5400;2388.1400;8144.7400;8.5027;394.0000;0.056469;0.940461;0.009717;Warning;WO904395;1020.21
2026/07/03;ENG-059;79;2026-01-04 07:00:00;642.3200;1579.4600;1406.1900;553.9200;2388.0500;9063.0600;47.2800;522.0700;2388.0200;8140.8100;8.3867;391.0000;0.026325;-0.950018;;Healthy;WO638881;1633.09
03-Jul-2026;ENG-062;206;2026-01-09 14:00:00;643.0800;1587.4400;1405.0200;553.5100;2388.0500;9078.8900;47.6100;521.7400;2388.0300;8157.8800;8.4303;391.0000;0.095553;-0.354153;0.006116;Healthy;WO646992;768.89
2026-07-03;ENG-082;152;2026-01-07 08:00:00;643.5600;1599.5500;1416.6400;552.2200;2388.2200;9051.1700;47.8800;520.7900;2388.2100;8129.0800;8.4801;396.0000;-0.375676;1.191189;0.008046;Warning;WO595383;15,552.25
03-Jul-2026;  ENG-066 ;138;2026-01-06 18:00:00;643.6600;1588.5500;1421.4000;552.8100;2388.1800;9110.5900;47.7900;520.8600;2388.1600;8180.1500;8.5254;396.0000;0.440344;1.059917;0.017425;warning;WO206001;18820.86
03-Jul-2026;ENG-097;123;2026-01-06 03:00:00;642.2900;1585.5200;1400.1600;553.6700;2388.0100;9068.6600;47.4000;522.0200;2388.0300;8153.9400;8.4398;393.0000;0.062767;-0.703480;0.000573;Healthy;WO285483;2217.17
2026/07/03;ENG-029;160;2026-01-07 16:00:00;642.5100;1591.8100;1403.1200;553.4000;2388.0600;9066.8300;47.4500;521.8200;2388.0400;8151.9600;8.4268;393.0000;0.082401;-0.312410;0.001633;Healthy;WO622157;292.07
03-Jul-2026;ENG-100;152;2026-01-07 08:00:00;642.9400;1587.5700;1411.3800;553.7400;2388.0300;9083.3800;47.4700;521.5800;2388.0300;8158.0900;8.4161;393.0000;0.102374;-0.177677;0.003148;Healthy;WO555512;1749.31
2026-07-03;  ENG-062 ;226;2026-01-10 10:00:00;643.1700;1595.4500;1410.0500;553.3200;2388.0600;9097.7600;47.4200;521.9300;2388.0400;8164.4100;8.4394;394.0000;0.153161;0.083697;0.000720;Warning;WO769677;19,680.00
2026/07/03;ENG-035;156;2026-01-07 12:00:00;643.5500;1596.9600;1410.2400;552.2700;2388.1700;9066.5300;47.5700;521.1100;2388.1300;8138.5700;8.4856;393.0000;0.006390;0.718507;0.004354;Warning;WO824231;23920.48
2026/07/03;ENG-063;116;2026-01-05 20:00:00;642.8600;1588.1600;1410.0100;553.2100;2388.1000;9055.1900;47.4900;521.7400;2388.1200;8125.7200;8.4361;393.0000;0.028084;0.081954;0.002227;Healthy;WO275813;1768.12
2026-07-03;ENG-028;135;2026-01-06 15:00:00;642.3100;1591.3600;1405.0500;553.7200;2388.1200;9055.2600;47.5400;521.3500;2388.0800;8131.5600;8.4421;395.0000;0.040281;-0.065940;0.001623;healthy;WO490849;1575.27
2026/07/03;ENG-070;130;2026-01-06 10:00:00;642.5700;1589.8000;1409.7900;552.9800;2388.1400;9058.4800;47.5300;521.3400;2388.1100;8131.6500;8.4304;394.0000;0.040445;0.003129;0.000976;Healthy;WO534136;220.35
2026/07/03;eng-029;150;2026-01-07 06:00:00;642.3200;1584.0000;1394.9400;554.2300;2388.0700;9063.8600;47.4700;521.8500;2388.0500;8148.6000;8.4308;394.0000;0.042993;-0.633029;0.004326;Healthy;WO464492;632.76
03-Jul-2026;ENG-097;119;2026-01-05 23:00:00;642.4500;1588.2600;1409.8300;553.9800;2388.0400;9074.9800;47.3100;522.4400;2388.0600;8150.3600;8.4382;393.0000;0.070363;-0.445799;0.001007;Healthy;WO736509;2408.69
03-Jul-2026;ENG-062;222;2026-01-10 06:00:00;643.1000;1585.5700;1409.2300;553.5300;2388.0000;9082.0600;47.6100;521.5900;2388.0500;8159.1000;8.4419;393.0000;0.123476;0.023555;0.004520;Warning;WO981257;6350.56
2026-07-03;eng-100;182;2026-01-08 14:00:00;642.2800;1598.0500;1414.4300;553.8500;2388.0500;9122.3900;47.6300;521.4700;2388.0300;8193.0500;8.4333;394.0000;0.462152;0.145788;0.029379;warning;WO226381;16,296.22
2026-07-03;ENG-077;153;2026-01-07 09:00:00;642.7900;1590.3300;1411.8900;553.8200;2388.1700;9053.4700;47.7400;520.8200;2388.1500;8131.3100;8.4627;393.0000;-0.030740;0.346172;0.001883;Warning;WO348492;17138.25
2026/07/03;ENG-007;153;2026-01-07 09:00:00;642.9400;1584.4400;1402.9700;553.4600;2388.0100;9062.3900;47.3700;521.9300;2388.0100;8154.2900;8.3824;392.0000;0.054727;-0.697067;0.001337;Healthy;WO683021;1595.14
03-Jul-2026;  ENG-031 ;188;2026-01-08 20:00:00;643.4000;1598.1200;1423.5200;551.9600;2388.1700;9079.4100;47.8700;520.1500;2388.2100;8153.3900;8.5063;395.0000;-0.132336;1.309717;0.004696;Warning;WO761875;18559.30
2026/07/03;eng-092;132;2026-01-06 12:00:00;643.7500;1594.1500;1418.5300;552.6200;2388.2500;9048.4700;47.6800;520.7700;2388.1700;8123.5700;8.4722;394.0000;-0.298482;1.020259;0.006138;Warning;WO745523;8,155.05
2026/07/03;eng-032;143;2026-01-06 23:00:00;642.5200;1591.0400;1408.9400;554.1200;2388.0400;9097.6800;47.5000;521.4400;2388.0300;8173.2600;8.4722;392.0000;0.160085;-0.130769;0.018141;Warning;WO134525;16,809.67
03-Jul-2026;ENG-091;226;2026-01-10 10:00:00;643.1700;1600.8500;1423.9200;551.9000;2388.2400;9055.2400;47.8600;519.9100;2388.2500;8122.0100;8.5092;394.0000;-0.615182;1.407776;0.009995;Warning;WO664910;6,032.84
2026-07-03;ENG-013;181;2026-01-08 13:00:00;642.3800;1586.7900;1407.0100;554.1300;2388.0400;9054.4900;47.5000;521.8000;2388.0400;8141.4500;8.4077;392.0000;0.038321;-0.553064;0.000000;Healthy;WO768188;1,469.20
03-Jul-2026;ENG-049;285;2026-01-12 21:00:00;643.1900;1590.4300;1409.2900;552.6100;2388.1400;9056.0300;47.7200;520.8700;2388.1900;8137.6500;8.4897;394.0000;-0.025669;0.670564;0.003719;Warning;WO411003;2901.93
2026/07/03;eng-049;206;2026-01-09 14:00:00;642.9500;1586.8200;1404.4700;553.7200;2388.0500;9069.9800;47.4700;522.1700;2388.0800;8142.6700;8.4106;394.0000;0.058131;-0.439741;0.001949;Healthy;WO764544;1159.25
2026-07-03;ENG-100;143;2026-01-06 23:00:00;642.5600;1583.0000;1408.1100;553.3000;2388.0800;9078.1500;47.3500;522.1200;2388.0600;8161.9700;8.4258;393.0000;0.085442;-0.505555;0.004522;Healthy;WO376694;1,776.80
2026/07/03;ENG-090;106;2026-01-05 10:00:00;641.9000;1592.7500;1410.3800;553.3900;2388.1200;9059.8400;47.5600;520.8300;2388.1200;8143.7500;8.4460;395.0000;0.050809;-0.010338;0.002843;Warning;WO813987;11213.79
2026/07/03;ENG-015;66;2026-01-03 18:00:00;642.5300;1586.6600;1406.5300;553.6300;2388.0200;9059.4500;47.4500;522.1100;2388.0800;8141.9900;8.4304;394.0000;0.051620;-0.533833;0.001158;Healthy;WO820545;2193.02
2026/07/03;eng-020;155;2026-01-07 11:00:00;642.5100;1594.0300;1420.4100;553.1200;2388.1700;9060.0000;47.7000;520.8800;2388.1200;8148.7600;8.4623;394.0000;-0.000146;0.518708;0.003262;Warning;WO943493;19,144.22
2026-07-03;  ENG-074 ;137;2026-01-06 17:00:00;642.6100;1595.1600;1406.1500;552.4400;2388.1000;9063.3500;47.5400;521.3900;2388.0700;8139.5900;8.4362;392.0000;0.076938;0.154401;;Healthy;WO966597;
2026/07/03;  ENG-037 ;101;2026-01-05 05:00:00;642.5900;1585.7700;1413.9500;553.6800;2388.0700;9043.0000;47.3500;521.3600;2388.1900;8124.4400;8.4230;394.0000;-0.015514;0.057270;0.004618;Healthy;WO908564;2,630.22
03-Jul-2026;ENG-018;122;2026-01-06 02:00:00;642.4500;1590.3400;1410.5100;553.1800;2388.1000;9056.1500;47.5000;521.1800;2388.1100;8135.3100;8.4584;394.0000;0.012573;0.270998;0.001320;HEALTHY;WO736640;
2026-07-03;ENG-049;208;2026-01-09 16:00:00;642.3400;1585.8300;1405.4000;553.6700;2388.0700;9056.2400;47.2200;522.1500;2388.0400;8140.0400;8.4224;394.0000;0.036533;-0.485076;0.001520;Healthy;WO983412;1224.50
2026/07/03;ENG-006;98;2026-01-05 02:00:00;642.7000;1593.1100;1405.7000;553.3800;2388.1300;9052.5200;47.5000;521.1900;2388.1300;8132.0600;8.4475;394.0000;0.020995;0.123688;0.000343;Healthy;WO164299;1,790.46
2026-07-03;ENG-057;159;2026-01-07 15:00:00;642.6900;1585.4600;1416.3600;553.4500;2388.0800;9044.0500;47.6600;521.3900;2388.1500;8130.7600;8.4964;395.0000;-0.028766;0.415700;0.003883;Healthy;WO175134;
2026-07-03;ENG-061;131;2026-01-06 11:00:00;643.2600;1589.6100;1408.2400;553.8500;2388.1400;9075.6600;47.5700;521.2200;2388.0900;8146.4200;8.4531;393.0000;0.048864;0.336887;0.003460;Warning;WO875906;12,161.23
2026/07/03;ENG-038;113;2026-01-05 17:00:00;642.9000;1595.5600;1412.7900;552.7900;2388.1100;9068.8800;47.7200;521.1300;2388.1300;8153.1400;8.4703;393.0000;0.055464;0.501181;0.003833;Healthy;WO749628;1385.20
03-Jul-2026;ENG-017;122;2026-01-06 02:00:00;642.2600;1587.7800;1406.0100;553.8100;2388.0700;9078.4400;47.4000;521.6900;2388.1200;8156.0200;8.4536;392.0000;0.079214;-0.343857;0.004293;Healthy;WO389230;418.56
2026-07-03;ENG-083;60;2026-01-03 12:00:00;642.3900;1584.4800;1406.8900;553.5100;2388.0300;9055.9500;47.3100;522.2500;2388.0600;8135.8500;8.4497;393.0000;0.041814;-0.542313;0.002184;Healthy;WO657086;716.86
2026-07-03;ENG-041;88;2026-01-04 16:00:00;642.7300;1587.3600;1401.6900;554.1600;2388.1400;9041.2400;47.4700;521.7500;2388.1000;8130.7600;8.4423;391.0000;0.026110;-0.234251;0.002033;Healthy;WO742216;2,526.29
2026-07-03;eng-069;42;2026-01-02 18:00:00;642.4600;1594.0700;1400.4900;554.6700;2388.0700;9050.5000;47.5100;521.2600;2388.0600;8133.4300;8.4642;393.0000;0.033526;-0.310999;0.002896;Healthy;WO860786;1032.83
03-Jul-2026;ENG-019;110;2026-01-05 14:00:00;642.2500;1581.7600;1408.6300;554.1200;2388.0100;9061.0500;47.1600;521.9400;2388.0600;8142.0000;8.4135;394.0000;0.016984;-0.738198;0.001119;Healthy;WO534786;
2026/07/03;ENG-080;114;2026-01-05 18:00:00;642.6000;1588.3400;1407.1600;553.8900;2388.1200;9069.7700;47.4700;521.6400;2388.0800;8145.1300;8.4541;393.0000;0.079329;-0.106087;0.000783;Warning;WO794658;10075.32
2026/07/03;ENG-059;82;2026-01-04 10:00:00;642.0000;1579.7300;1399.2900;554.3800;2388.0100;9058.1900;47.1800;522.2400;2388.0000;8134.2800;8.3813;391.0000;0.027652;-1.182625;0.003049;Healthy;WO153992;2,027.55
2026-07-03;ENG-063;149;2026-01-07 05:00:00;642.6100;1590.3900;1410.5000;552.8500;2388.1500;9044.6500;47.6400;521.4600;2388.1700;8127.6600;8.4313;392.0000;-0.004653;0.161962;0.001252;Healthy;WO384926;89.07
2026-07-03;ENG-081;185;2026-01-08 17:00:00;643.1000;1597.0300;1414.4600;551.9500;2388.1200;9071.3000;47.9000;520.2600;2388.1500;8144.2700;8.4564;394.0000;-0.072872;0.968324;0.008369;Warning;WO805994;1,862.27
03-Jul-2026;ENG-044;53;2026-01-03 05:00:00;642.2700;1594.6600;1403.2900;554.3400;2388.0900;9059.3800;47.2800;521.8000;2388.0500;8135.1400;8.4827;392.0000;0.042741;-0.407575;0.000669;healthy;WO112581;795.50
2026-07-03;ENG-027;103;2026-01-05 07:00:00;642.6500;1590.9900;1404.6200;553.9300;2388.0600;9053.0800;47.3700;522.2100;2388.0200;8135.9700;8.4022;391.0000;0.027588;-0.717167;0.003193;Healthy;WO302765;869.23
03-Jul-2026;ENG-078;54;2026-01-03 06:00:00;641.6900;1589.5400;1396.4000;554.2600;2388.0200;9062.7800;47.1000;522.5600;2388.0400;8146.3800;8.3468;392.0000;0.037485;-1.238784;0.002100;Healthy;WO182749;969.67
2026-07-03;ENG-016;83;2026-01-04 11:00:00;642.1200;1581.5300;1399.4600;554.2600;2388.0700;9059.4100;47.1500;521.9900;2388.0500;8138.3800;8.4202;393.0000;0.011643;-0.996035;0.001875;Healthy;WO348707;200.73
03-Jul-2026;ENG-020;161;2026-01-07 17:00:00;642.9400;1595.4700;1421.8300;552.1900;2388.1100;9067.5800;47.4900;520.9600;2388.1000;8145.4100;8.4554;395.0000;0.034963;0.692130;0.002955;Healthy;WO996961;1121.26
2026/07/03;ENG-042;146;2026-01-07 02:00:00;642.4700;1591.5700;1419.6800;552.6600;2388.2100;9025.9700;47.9000;520.7500;2388.2100;8115.0000;8.4725;394.0000;-0.182053;0.700278;0.037746;warning;WO237982;15,082.77
2026/07/03;eng-061;120;2026-01-06 00:00:00;643.2700;1589.4500;1401.7000;553.2700;2388.0900;9067.5100;47.5600;521.3800;2388.0700;8146.9100;8.4599;394.0000;0.075309;0.252541;0.003552;Warning;WO646120;16805.19
2026-07-03;ENG-036;95;2026-01-04 23:00:00;642.7800;1588.5300;1413.5300;552.6700;2388.1600;9060.3300;47.7600;520.5400;2388.1700;8135.3400;8.4557;396.0000;-0.032933;0.535456;0.004928;Warning;WO460835;2,264.50
03-Jul-2026;ENG-100;173;2026-01-08 05:00:00;642.5600;1591.4900;1405.7500;553.6600;2388.0500;9110.2100;47.4700;521.8200;2388.0400;8182.1700;8.4615;393.0000;0.184621;-0.261379;0.004525;Warning;WO409525;2958.91
2026/07/03;  ENG-080 ;132;2026-01-06 12:00:00;642.6200;1596.7500;1411.3200;552.9500;2388.0900;9073.0700;47.7200;521.6600;2388.1100;8137.8200;8.4400;392.0000;0.081714;0.211405;0.001405;Warning;WO655187;12622.53
2026-07-03;ENG-025;47;2026-01-02 23:00:00;642.5700;1587.5200;1399.3300;554.5200;2388.0500;9048.4700;47.2600;521.7100;2388.0600;8132.0200;8.3926;393.0000;-0.001010;-0.757186;0.005063;Healthy;WO876324;2,574.08
2026-07-03;ENG-063;127;2026-01-06 07:00:00;642.7000;1592.2600;1404.4500;552.9900;2388.1900;9055.0600;47.7600;521.3400;2388.1400;8127.2900;8.4491;392.0000;0.000229;0.226996;0.001585;HEALTHY;WO617714;632.74
03-Jul-2026;ENG-052;135;2026-01-06 15:00:00;642.7300;1583.7100;1406.2700;553.8900;2388.0300;9072.7800;47.3700;522.0800;2388.0000;8151.8700;8.4039;390.0000;0.057467;-0.684621;;Healthy;WO148301;1470.38
03-Jul-2026;ENG-031;193;2026-01-09 01:00:00;643.7200;1597.0900;1429.8900;551.5300;2388.2000;9085.7900;48.0200;519.8300;2388.2000;8157.2100;8.4807;396.0000;-0.290881;1.671996;0.039818;Warning;WO516524;
03-Jul-2026;ENG-001;27;2026-01-02 03:00:00;642.0800;1586.6500;1400.3100;554.3500;2388.0900;9046.1000;47.3400;521.8200;2388.0200;8127.2400;8.4494;392.0000;0.004317;-0.692187;0.002816;Healthy;WO975650;2479.09
2026/07/03;ENG-046;127;2026-01-06 07:00:00;642.7300;1589.0700;1410.1400;552.8500;2388.0900;9075.9600;47.6500;521.1900;2388.0900;8151.7300;8.4810;392.0000;0.093058;0.218584;0.005693;Warning;WO667593;14326.75
03-Jul-2026;ENG-081;192;2026-01-09 00:00:00;643.0700;1594.8000;1421.7800;552.4400;2388.1400;9076.7300;47.8700;520.5100;2388.1600;8148.0000;8.4497;395.0000;0.003071;1.029588;0.021828;Warning;WO690663;4921.95
2026/07/03;ENG-036;112;2026-01-05 16:00:00;643.5600;1598.6400;1416.6700;552.0800;2388.1100;9058.9400;47.7200;520.7200;2388.1800;8139.9000;8.4571;394.0000;-0.094237;0.881683;0.005349;Warning;WO552660;3,158.37
03-Jul-2026;ENG-082;162;2026-01-07 18:00:00;643.5700;1597.9900;1427.6900;551.1500;2388.2000;9058.6400;48.0800;520.0200;2388.2900;8126.2000;8.5028;397.0000;-0.736259;1.702158;0.006176;Warning;WO797844;20,791.96
2026-07-03;ENG-035;157;2026-01-07 13:00:00;643.6300;1593.4400;1419.9200;552.7800;2388.1400;9066.7400;47.8300;520.6000;2388.1700;8144.3600;8.4804;394.0000;-0.050984;0.975217;0.014881;Warning;WO874677;17,903.28
03-Jul-2026;ENG-081;144;2026-01-07 00:00:00;642.8200;1589.7200;1410.7400;554.1900;2388.1400;9064.5100;47.3900;521.3800;2388.1000;8152.6400;8.4505;395.0000;0.066153;0.070018;0.002887;Healthy;WO870287;1380.49
2026/07/03;ENG-082;141;2026-01-06 21:00:00;642.5900;1594.1400;1410.0500;552.6400;2388.2000;9052.0700;47.8000;520.5600;2388.1700;8133.3000;8.4671;393.0000;-0.056225;0.665932;0.003285;Warning;WO191837;7,343.30
03-Jul-2026;eng-098;85;2026-01-04 13:00:00;642.5400;1592.3100;1405.4000;553.4900;2388.0300;9063.5500;47.6600;521.5100;2388.0800;8140.9600;8.4191;393.0000;0.078562;-0.159614;0.000928;Healthy;WO822962;2790.72
03-Jul-2026;ENG-030;130;2026-01-06 10:00:00;642.4800;1584.5600;1408.3600;553.1000;2388.1000;9042.6800;47.6700;521.0800;2388.1600;8126.6100;8.4370;393.0000;-0.009303;0.094041;0.003533;HEALTHY;WO529348;638.27
2026-07-03;ENG-084;126;2026-01-06 06:00:00;642.9900;1590.3700;1402.5000;553.6500;2388.1100;9060.1000;47.5800;521.3600;2388.1100;8138.9800;8.4416;393.0000;0.056515;0.058685;0.001956;Healthy;WO151653;2,590.47
2026-07-03;ENG-047;68;2026-01-03 20:00:00;642.5200;1593.2800;1409.9900;553.2600;2388.1300;9042.4900;47.7000;522.2900;2388.1400;8123.3100;8.4311;393.0000;0.020507;-0.017745;0.001901;Warning;WO553431;19,862.37
03-Jul-2026;  ENG-084 ;141;2026-01-06 21:00:00;642.9000;1598.3500;1404.3500;553.2700;2388.1000;9051.9100;47.5200;521.4500;2388.1500;8134.2700;8.4497;393.0000;0.039697;0.189262;0.003189;Healthy;WO320229;1295.25
03-Jul-2026;ENG-003;102;2026-01-05 06:00:00;643.3900;1589.5100;1409.8900;553.1300;2388.1400;9053.0600;47.6100;521.0400;2388.1000;8130.4800;8.4504;393.0000;-0.013432;0.432132;0.003831;Healthy;WO164977;553.41
03-Jul-2026;ENG-048;55;2026-01-03 07:00:00;642.4200;1593.0800;1410.7800;553.8900;2388.0800;9053.8300;47.3200;521.7200;2388.0300;8135.5200;8.4230;393.0000;0.050503;-0.282392;0.003081;Healthy;WO249698;932.70
2026/07/03;ENG-011;60;2026-01-03 12:00:00;643.0100;1592.2900;1412.8500;553.4900;2388.2000;9038.5400;47.6000;520.6300;2388.1800;8121.5800;8.4475;394.0000;-0.085338;0.413134;0.014048;Warning;WO204590;9,935.30
2026-07-03;  ENG-035 ;188;2026-01-08 20:00:00;643.8600;1595.9400;1423.5100;552.1100;2388.2000;9077.4100;48.0600;520.3700;2388.1900;8148.7100;8.5182;395.0000;-0.236649;1.427504;0.017537;Warning;WO795443;2468.40
2026-07-03;  ENG-056 ;100;2026-01-05 04:00:00;643.2700;1596.2700;1413.6000;552.3700;2388.1800;9043.2700;47.7600;520.3700;2388.2000;8124.4500;8.4638;396.0000;-0.261256;0.916924;0.004292;Warning;WO394586;851.17
03-Jul-2026;ENG-016;113;2026-01-05 17:00:00;642.9900;1587.0300;1401.0000;554.6000;2388.0800;9059.7500;47.3700;521.7700;2388.0800;8147.4000;8.4299;391.0000;0.038963;-0.478538;0.002046;Healthy;WO330744;2271.84
03-Jul-2026;ENG-089;136;2026-01-06 16:00:00;642.5800;1591.0300;1399.8800;553.5200;2388.0900;9046.9900;47.4800;521.2900;2388.0600;8128.9900;8.4503;392.0000;0.044157;-0.129463;0.000662;Healthy;WO606537;2520.67
2026-07-03;ENG-006;86;2026-01-04 14:00:00;643.1300;1591.1300;1406.2500;552.9000;2388.1500;9052.8400;47.4600;521.6200;2388.0700;8131.8300;8.4542;394.0000;0.041679;0.092299;0.001158;Healthy;WO206906;
03-Jul-2026;ENG-074;100;2026-01-05 04:00:00;642.6000;1584.2100;1411.9400;553.8100;2388.0700;9058.2500;47.4800;521.5300;2388.0700;8140.6800;8.4687;394.0000;0.067211;-0.075583;0.001855;Healthy;WO358387;2473.81
03-Jul-2026;eng-090;132;2026-01-06 12:00:00;642.9800;1592.2000;1417.8000;553.0500;2388.0700;9070.6000;47.6200;520.6100;2388.1300;8151.5200;8.4735;393.0000;0.058841;0.567631;0.004469;Warning;WO839901;8277.94
2026/07/03;ENG-048;70;2026-01-03 22:00:00;641.9000;1585.6000;1407.2700;554.0100;2388.1000;9057.4800;47.5000;521.8700;2388.0900;8132.4100;8.4278;392.0000;0.035338;-0.406841;0.001014;healthy;WO215555;1819.11
2026-07-03;ENG-081;155;2026-01-07 11:00:00;642.5200;1598.7500;1412.1200;553.5200;2388.0800;9067.3200;47.5200;521.4700;2388.1300;8144.5900;8.4705;393.0000;0.078897;0.178924;0.001836;healthy;WO111833;
2026-07-03;ENG-081;164;2026-01-07 20:00:00;643.5900;1589.6900;1415.5300;553.6700;2388.1100;9069.8500;47.6100;521.4300;2388.1200;8149.5200;8.4576;394.0000;0.053120;0.393840;0.002380;warning;WO711051;16297.33
03-Jul-2026;  ENG-077 ;113;2026-01-05 17:00:00;642.6700;1588.1100;1399.4600;554.3200;2388.0900;9049.9000;47.3900;521.6800;2388.0800;8131.0500;8.4427;392.0000;0.021443;-0.376703;0.000872;Healthy;WO364069;834.52
2026/07/03;ENG-031;155;2026-01-07 11:00:00;642.8500;1587.9800;1409.1900;553.7400;2388.0900;9080.4400;47.6500;521.3200;2388.0300;8154.0500;8.4314;394.0000;0.112329;0.044602;0.002315;Warning;WO424843;24072.39
2026-07-03;ENG-017;160;2026-01-07 16:00:00;642.7600;1588.1400;1418.2500;553.6000;2388.0700;9094.7700;47.5200;521.6800;2388.0200;8169.9700;8.4247;393.0000;0.134512;0.004074;0.004815;Warning;WO756894;2577.57
2026-07-03;ENG-028;130;2026-01-06 10:00:00;642.7400;1591.1100;1408.1200;553.2100;2388.1400;9055.2300;47.6700;521.8200;2388.0700;8135.7400;8.4034;392.0000;0.058005;-0.024585;0.000398;Healthy;WO161267;
2026-07-03;ENG-022;34;2026-01-02 10:00:00;642.7600;1588.0900;1402.4100;553.6300;2388.0500;9052.2400;47.2100;522.2300;2388.1500;8131.3800;8.4424;392.0000;0.027879;-0.348574;0.000193;Healthy;WO244170;435.06
03-Jul-2026;ENG-043;167;2026-01-07 23:00:00;642.7700;1589.0900;1404.3600;553.0400;2388.1000;9058.6400;47.7700;520.7400;2388.1900;8134.3600;8.4827;393.0000;0.000827;0.392972;0.000889;Warning;WO942582;17302.76
03-Jul-2026;ENG-066;118;2026-01-05 22:00:00;642.9300;1606.2400;1411.4400;552.3300;2388.0900;9091.9700;47.8300;520.7400;2388.1000;8169.2800;8.4669;394.0000;0.302936;0.844060;0.013143;Warning;WO574676;14049.80
2026/07/03;ENG-054;85;2026-01-04 13:00:00;642.6000;1588.7900;1399.2000;554.4700;2388.0400;9062.6800;47.2600;522.1600;2388.0000;8137.4700;8.4578;391.0000;0.039304;-0.834812;0.002342;Healthy;WO513381;134.67
03-Jul-2026;  ENG-050 ;55;2026-01-03 07:00:00;642.6500;1584.5000;1399.8000;553.6800;2388.0500;9063.5700;47.1600;522.0200;2388.0300;8145.3400;8.4268;391.0000;0.049949;-0.818945;0.000732;Healthy;WO283842;
2026-07-03;ENG-011;64;2026-01-03 16:00:00;642.7400;1590.5400;1405.1700;553.4300;2388.1400;9044.4000;47.6500;520.8300;2388.1500;8126.6400;8.4553;393.0000;-0.019517;0.211457;0.000777;Healthy;WO595375;1,276.28
2026-07-03;ENG-055;104;2026-01-05 08:00:00;642.1200;1585.5000;1403.3700;554.3300;2388.0500;9053.9000;47.3600;521.8800;2388.0600;8143.9300;8.4269;391.0000;0.021313;-0.951511;0.001245;Healthy;WO127486;1126.17
2026-07-03;ENG-093;189;2026-01-08 21:00:00;642.5200;1599.1400;1400.2500;553.6600;2388.0700;9058.7300;47.5500;521.1700;2388.1000;8144.5000;8.4507;394.0000;0.064069;0.176262;0.005289;Healthy;WO828647;2391.09
2026/07/03;ENG-032;102;2026-01-05 06:00:00;642.5200;1591.2500;1400.9500;554.9500;2387.9800;9077.7700;47.4300;522.2600;2387.9800;8158.1800;8.4096;392.0000;0.058194;-0.880931;0.000598;Healthy;WO258343;2,207.62
2026/07/03;ENG-016;103;2026-01-05 07:00:00;641.6700;1589.4100;1401.7700;553.7800;2388.0400;9055.2000;47.2200;522.2300;2388.0800;8141.2000;8.3942;393.0000;0.013706;-0.899760;0.000810;Healthy;WO166063;2613.90
03-Jul-2026;ENG-043;140;2026-01-06 20:00:00;642.2600;1595.1900;1412.4000;552.9600;2388.0900;9050.4600;47.5400;521.1500;2388.1100;8130.7500;8.4243;391.0000;0.033163;0.084910;0.004258;Healthy;WO352285;553.23
2026-07-03;ENG-007;138;2026-01-06 18:00:00;642.1000;1579.2000;1405.7100;553.8100;2388.0500;9070.5900;47.4400;521.8400;2388.0300;8149.0800;8.3544;393.0000;-0.047029;-2.604706;0.004683;Healthy;WO340311;1,166.11
03-Jul-2026;ENG-054;111;2026-01-05 15:00:00;642.1700;1586.5500;1403.3000;553.4800;2388.0000;9061.1100;47.3100;522.1600;2387.9600;8143.4900;8.3867;392.0000;0.044765;-0.864807;0.001402;Healthy;WO155865;1,553.67
2026-07-03;ENG-052;173;2026-01-08 05:00:00;643.2300;1585.1600;1406.5200;552.8700;2388.0400;9096.1000;47.5300;521.9700;2388.0900;8166.3600;8.4232;393.0000;0.140502;-0.068333;0.001010;Warning;WO530990;17,415.38
2026/07/03;ENG-045;148;2026-01-07 04:00:00;642.9500;1595.8100;1411.6700;552.7700;2388.1200;9063.8400;47.6000;521.2000;2388.0900;8143.1300;8.4590;394.0000;0.028116;0.491463;0.000701;Warning;WO953242;15,238.35
2026/07/03;ENG-031;152;2026-01-07 08:00:00;642.6900;1597.9300;1414.1700;552.7300;2388.0600;9072.2300;47.5500;521.2400;2388.1500;8153.5200;8.4667;393.0000;0.075561;0.462152;0.001544;Warning;WO529321;7,981.22
2026/07/03;ENG-073;93;2026-01-04 21:00:00;642.3300;1582.7000;1401.5100;554.4200;2388.0000;9050.8200;47.3800;521.8900;2388.0600;8137.4900;8.4285;392.0000;0.013249;-0.746164;0.003312;Healthy;WO397313;560.79
03-Jul-2026;ENG-062;217;2026-01-10 01:00:00;642.8300;1590.0000;1407.3700;553.8400;2388.0300;9081.1900;47.5000;521.9200;2388.0600;8159.6800;8.4245;393.0000;0.119160;-0.025944;0.003111;Warning;WO200503;23396.86
2026/07/03;ENG-065;49;2026-01-03 01:00:00;642.1200;1582.5100;1398.0600;554.8200;2387.9800;9067.2300;47.2900;521.7600;2388.0100;8145.3400;8.4387;390.0000;0.055525;-1.124974;0.000772;Healthy;WO521365;2505.57
2026/07/03;eng-043;149;2026-01-07 05:00:00;642.9600;1590.2000;1417.0000;553.7300;2388.1100;9049.3000;47.5900;521.7700;2388.0500;8137.7400;8.4181;394.0000;0.029325;0.130769;0.001330;Healthy;WO753512;2830.30
03-Jul-2026;ENG-057;112;2026-01-05 16:00:00;642.2100;1592.3200;1404.6000;553.5300;2388.0500;9055.3600;47.4200;520.8800;2388.1400;8129.3600;8.4238;393.0000;0.031494;-0.201278;0.001765;Healthy;WO906541;1612.41
2026-07-03;ENG-096;75;2026-01-04 03:00:00;642.3900;1587.4200;1393.3300;554.9200;2388.0200;9072.7500;47.2600;522.5400;2388.0100;8152.9200;8.4275;391.0000;0.072085;-1.083945;0.003030;healthy;WO903612;2865.60
2026/07/03;ENG-076;141;2026-01-06 21:00:00;642.4800;1587.3400;1408.0000;553.6300;2388.0700;9074.0100;47.3800;521.8600;2388.0800;8147.6200;8.4641;395.0000;0.081421;-0.196349;0.002508;Warning;WO639873;
2026/07/03;ENG-066;139;2026-01-06 19:00:00;643.2800;1592.6700;1417.4300;552.1900;2388.1500;9112.6000;47.8800;520.6200;2388.0900;8186.3300;8.4469;395.0000;0.606958;1.170044;0.014818;Warning;WO611922;18,878.18
03-Jul-2026;  ENG-001 ;25;2026-01-02 01:00:00;642.2500;1582.4300;1400.2300;553.7600;2388.1100;9043.8000;47.3700;522.2600;2388.0800;8128.6500;8.4007;393.0000;-0.001554;-0.758653;0.003937;healthy;WO444953;2975.70
03-Jul-2026;ENG-009;50;2026-01-03 02:00:00;642.7200;1585.5100;1404.9800;553.6600;2388.1800;9054.6000;47.4400;521.7400;2388.0800;8127.6900;8.4263;394.0000;0.028904;-0.112606;0.001589;Healthy;WO102151;1170.83
2026/07/03;  ENG-002 ;42;2026-01-02 18:00:00;642.7400;1586.4300;1409.1000;553.9100;2388.0900;9045.0900;47.4500;521.5100;2388.1400;8126.6600;8.4788;393.0000;0.008637;0.031022;0.003570;Healthy;WO297529;1962.29
2026-07-03;ENG-056;119;2026-01-05 23:00:00;643.0100;1596.7600;1419.3900;551.9100;2388.1800;9049.0700;47.8300;520.4100;2388.2500;8124.8200;8.4935;395.0000;-0.387507;1.121847;;Warning;WO359783;23555.26
2026-07-03;ENG-088;55;2026-01-03 07:00:00;642.6500;1588.1000;1409.1300;553.9300;2388.1500;9044.3800;47.6200;521.0700;2388.1600;8123.4600;8.4335;394.0000;-0.029752;0.089411;0.005401;Healthy;WO241614;1,516.32
2026/07/03;ENG-057;110;2026-01-05 14:00:00;643.0800;1591.0100;1404.4800;553.5100;2388.1100;9049.6000;47.4200;521.0900;2388.0800;8129.7800;8.4746;393.0000;0.015295;0.150073;0.001799;healthy;WO213640;1,691.20
2026-07-03;ENG-057;126;2026-01-06 06:00:00;642.7400;1594.7800;1404.9300;553.4000;2388.1100;9052.7800;47.6900;521.2000;2388.0900;8135.6400;8.4802;393.0000;0.019821;0.275542;0.000539;Healthy;WO468641;2,350.39
2026-07-03;ENG-005;97;2026-01-05 01:00:00;642.7200;1593.0800;1415.1900;552.8800;2388.1000;9056.3000;47.4000;521.4500;2388.1000;8130.8300;8.4217;394.0000;0.024637;0.178094;0.001251;healthy;WO322728;1,299.17
2026/07/03;ENG-062;228;2026-01-10 12:00:00;642.7200;1599.1300;1410.1800;552.9900;2388.0100;9088.5400;47.5600;521.7100;2388.0800;8167.3600;8.4300;396.0000;0.245947;0.328498;0.022690;Warning;WO679340;2,891.13
2026/07/03;ENG-093;175;2026-01-08 07:00:00;643.0500;1582.4500;1415.1600;552.7300;2388.1100;9066.8000;47.6400;521.1300;2388.1200;8145.4600;8.4208;393.0000;0.036131;0.330620;0.002655;Healthy;WO730221;556.00
03-Jul-2026;ENG-073;82;2026-01-04 10:00:00;642.8500;1583.0800;1405.2900;553.6000;2388.0000;9049.0900;47.4300;522.2400;2387.9800;8136.7600;8.3939;391.0000;0.038855;-0.762466;0.002454;Healthy;WO165038;2,219.69
2026-07-03;ENG-066;134;2026-01-06 14:00:00;643.2200;1605.4800;1415.1700;552.7100;2388.1200;9108.8900;47.7000;520.8900;2388.1100;8173.8200;8.4837;397.0000;0.504635;1.078593;0.004408;Warning;WO825690;13,976.79
03-Jul-2026;eng-091;164;2026-01-07 20:00:00;642.5900;1593.6500;1412.0400;552.5900;2388.1900;9049.4200;47.7500;520.8900;2388.1300;8131.1100;8.4772;393.0000;-0.038925;0.496119;0.003784;Warning;WO811302;23,542.06
03-Jul-2026;ENG-074;96;2026-01-05 00:00:00;642.5600;1590.3900;1401.7200;552.7100;2388.1100;9060.4600;47.5400;521.6500;2388.1000;8142.1100;8.4361;393.0000;0.074965;-0.101559;0.001347;Healthy;WO957176;1044.23
2026/07/03;  ENG-052 ;145;2026-01-07 01:00:00;642.9700;1587.8200;1404.4500;554.2300;2388.0200;9077.0900;47.2700;521.6100;2388.0100;8146.4000;8.4454;392.0000;0.066101;-0.429045;0.000173;HEALTHY;WO574387;
2026-07-03;ENG-020;152;2026-01-07 08:00:00;643.1100;1594.7000;1415.1600;552.6800;2388.1900;9062.2600;47.7200;521.4100;2388.1500;8143.1500;8.4362;395.0000;0.012170;0.533873;0.004737;Healthy;WO876032;2774.56
2026-07-03;ENG-019;131;2026-01-06 11:00:00;642.1900;1582.9200;1402.3000;554.2300;2388.0500;9064.1000;47.5200;521.4400;2388.0400;8146.8000;8.3835;392.0000;-0.062357;-2.576279;0.003453;Healthy;WO142803;1527.21
2026-07-03;ENG-008;119;2026-01-05 23:00:00;642.6900;1582.8100;1406.4300;553.2300;2388.1300;9044.1800;47.5000;521.6900;2388.1100;8125.7200;8.4580;392.0000;0.017911;-0.081949;0.001342;Healthy;WO480664;783.52
2026/07/03;ENG-063;155;2026-01-07 11:00:00;643.2600;1592.1900;1412.7400;552.8000;2388.1900;9052.5700;47.7900;521.1700;2388.1700;8131.3000;8.4704;393.0000;-0.033511;0.581153;;Warning;WO406682;
2026-07-03;  ENG-024 ;172;2026-01-08 04:00:00;642.7200;1595.0600;1417.4800;553.2900;2388.0300;9130.0800;47.6400;521.8000;2388.0600;8191.5200;8.4643;393.0000;0.609972;0.431419;0.039860;Warning;WO593847;6,741.49
03-Jul-2026;ENG-040;112;2026-01-05 16:00:00;643.3700;1591.2400;1408.4800;552.6800;2388.1000;9068.9300;47.6400;520.7600;2388.1400;8145.7700;8.4872;394.0000;0.026998;0.604061;0.003427;warning;WO879009;6,724.84
03-Jul-2026;ENG-093;242;2026-01-11 02:00:00;643.0600;1592.5100;1418.3200;552.8700;2388.1100;9081.4400;47.7500;520.7700;2388.1700;8155.4600;8.5153;394.0000;0.165802;0.950250;0.015356;Warning;WO185028;12070.15
2026-07-03;ENG-080;99;2026-01-05 03:00:00;642.3800;1586.2400;1409.7400;553.6800;2388.0600;9066.5800;47.4700;522.0200;2388.1000;8146.7000;8.4591;394.0000;0.074201;-0.214523;0.001054;HEALTHY;WO912047;1,261.40
2026/07/03;  ENG-034 ;199;2026-01-09 07:00:00;643.2200;1599.1700;1422.2100;551.9500;2388.2300;9050.1400;48.0300;519.7200;2388.2500;8124.7500;8.4920;397.0000;-0.697391;1.544339;0.018683;Warning;WO648199;17,497.06
03-Jul-2026;ENG-036;94;2026-01-04 22:00:00;643.1800;1599.5500;1411.4500;552.4900;2388.2000;9068.1800;47.8900;520.7100;2388.1400;8138.9900;8.4823;394.0000;-0.071927;0.899018;0.010295;Warning;WO498070;20,340.90
2026-07-03;ENG-004;76;2026-01-04 04:00:00;643.1100;1583.4400;1408.3200;552.6800;2388.1300;9052.0600;47.7000;521.4900;2388.1500;8136.2400;8.4456;393.0000;0.026764;0.195492;0.000999;Healthy;WO590615;757.85
2026/07/03;ENG-070;147;2026-01-07 03:00:00;642.8500;1592.2400;1408.2100;553.0100;2388.1600;9055.1800;47.3000;521.4700;2388.1200;8128.0000;8.4668;393.0000;0.018935;0.157034;0.001029;Healthy;WO400380;2079.67
03-Jul-2026;  ENG-085 ;33;2026-01-02 09:00:00;642.7500;1588.3300;1405.6400;553.1800;2388.1300;9049.9600;47.4500;521.4000;2388.1400;8129.6800;8.4336;393.0000;0.025584;0.033676;0.000697;Healthy;WO254453;1300.72
2026/07/03;ENG-020;159;2026-01-07 15:00:00;642.8300;1595.4100;1413.8000;552.3500;2388.1200;9067.9000;47.5700;521.1000;2388.1900;8142.0000;8.4798;394.0000;0.024347;0.555978;0.003383;Healthy;WO999804;1,964.56
03-Jul-2026;ENG-023;90;2026-01-04 18:00:00;642.1200;1583.0200;1397.3700;554.5600;2388.0100;9044.6900;47.0800;521.4400;2388.0200;8139.1900;8.3609;393.0000;0.016042;-2.539798;0.010312;Healthy;WO818905;1,852.30
03-Jul-2026;ENG-035;135;2026-01-06 15:00:00;643.3800;1589.1500;1415.6700;552.6900;2388.1700;9057.9900;47.6800;520.7900;2388.1200;8134.2800;8.4390;393.0000;-0.032480;0.584238;0.004285;Warning;WO203636;14768.74
2026-07-03;ENG-007;147;2026-01-07 03:00:00;642.7800;1588.2700;1400.8500;553.9800;2388.0600;9069.2600;47.2700;521.5200;2388.0800;8143.8800;8.4087;393.0000;0.043130;-0.548039;0.000897;Healthy;WO775069;
03-Jul-2026;ENG-006;81;2026-01-04 09:00:00;642.5900;1577.5700;1406.4200;553.4300;2388.0900;9059.7800;47.4700;521.5100;2388.0900;8134.3000;8.4234;393.0000;0.030722;-0.421515;0.000872;HEALTHY;WO968677;303.95
2026/07/03;ENG-038;103;2026-01-05 07:00:00;643.0500;1585.8600;1413.4100;552.8900;2388.1700;9066.5400;47.7000;521.5100;2388.1400;8147.8800;8.4735;394.0000;0.014364;0.541365;0.001145;Healthy;WO196918;1,491.98
03-Jul-2026;ENG-008;160;2026-01-07 16:00:00;642.7200;1592.7700;1411.9900;552.7500;2388.1300;9054.5700;47.5000;521.0500;2388.1300;8134.9700;8.4726;394.0000;0.011680;0.279029;0.000999;Warning;WO287021;6239.92
2026-07-03;eng-056;98;2026-01-05 02:00:00;642.7400;1593.2500;1413.7000;552.3800;2388.1700;9047.4600;47.7300;520.5800;2388.2300;8122.7500;8.4351;394.0000;-0.068383;0.582100;0.006630;Warning;WO472209;23,927.13
2026/07/03;eng-045;111;2026-01-05 15:00:00;642.3300;1587.5600;1410.1200;553.4500;2388.0900;9061.5500;47.5200;521.1600;2388.0700;8142.2700;8.4541;393.0000;0.063159;-0.008427;0.002889;Healthy;WO590013;1004.23
2026/07/03;ENG-099;96;2026-01-05 00:00:00;642.3300;1583.3900;1403.3200;554.0400;2387.9800;9070.7400;47.1500;522.0800;2388.0100;8150.5300;8.4022;390.0000;0.045993;-1.122603;0.001761;Healthy;WO663574;2151.37
2026/07/03;ENG-060;121;2026-01-06 01:00:00;643.1600;1589.0700;1413.5600;553.6100;2388.0900;9057.0000;47.6000;521.3400;2388.0600;8142.7300;8.4481;393.0000;0.067576;0.012940;0.001558;Healthy;WO967092;474.32
2026/07/03;ENG-061;118;2026-01-05 22:00:00;643.1000;1593.2000;1407.8000;553.0900;2388.0900;9066.6600;47.4400;521.1200;2388.0500;8144.7100;8.4513;392.0000;0.092853;0.049710;0.002413;Healthy;WO872400;1909.66
03-Jul-2026;  ENG-080 ;95;2026-01-04 23:00:00;642.2900;1592.7500;1408.9000;553.2700;2388.0700;9069.6700;47.4600;521.4400;2388.1000;8142.6300;8.4142;393.0000;0.077005;-0.065480;0.001619;Healthy;WO200792;783.35
03-Jul-2026;ENG-079;101;2026-01-05 05:00:00;642.4300;1590.9400;1405.3900;553.4000;2388.1500;9040.3900;47.6600;521.5500;2388.1400;8125.5500;8.4516;393.0000;-0.010650;0.093568;0.003448;Healthy;WO294048;2472.54
2026/07/03;ENG-036;117;2026-01-05 21:00:00;643.1000;1593.6900;1420.7100;552.2700;2388.2100;9059.8400;47.8600;520.1700;2388.1400;8141.3200;8.4843;396.0000;-0.249600;1.180508;0.003555;Warning;WO231043;844.64
2026-07-03;ENG-026;59;2026-01-03 11:00:00;641.9700;1583.9300;1404.3400;554.8200;2388.0100;9064.3600;47.4400;522.4600;2388.0400;8144.5200;8.4678;393.0000;0.031718;-0.899014;0.000946;Healthy;WO565424;982.33
2026-07-03;ENG-091;174;2026-01-08 06:00:00;643.0100;1591.7500;1413.5600;552.3400;2388.1200;9060.2400;47.7000;521.2200;2388.1500;8128.9800;8.4802;395.0000;-0.014259;0.583562;0.002380;Warning;WO149584;12437.11
2026-07-03;ENG-063;105;2026-01-05 09:00:00;642.8400;1589.7600;1416.2200;552.9600;2388.1000;9045.7100;47.5000;521.5700;2388.1300;8126.9000;8.4122;393.0000;0.025668;-0.027088;0.002181;Healthy;WO327736;1,958.32
2026/07/03;ENG-014;33;2026-01-02 09:00:00;642.6000;1590.5800;1409.7200;553.0100;2388.1400;9036.5500;47.7300;521.7000;2388.1300;8114.2900;8.4406;393.0000;-0.019403;0.076906;0.002802;Healthy;WO984508;1,160.38
03-Jul-2026;ENG-076;172;2026-01-08 04:00:00;643.1200;1594.2900;1414.9200;552.2300;2388.1100;9091.3700;47.6500;521.2600;2388.1000;8163.0700;8.4535;393.0000;0.131490;0.427282;0.003729;Warning;WO197270;15098.78
03-Jul-2026;ENG-015;68;2026-01-03 20:00:00;642.1300;1586.2300;1399.9500;553.3700;2388.0200;9059.2900;47.3600;521.9900;2388.0200;8135.7500;8.4296;392.0000;0.043127;-0.915194;0.001119;Healthy;WO913260;1,542.26
03-Jul-2026;ENG-095;75;2026-01-04 03:00:00;642.9000;1587.4600;1398.9300;554.5900;2388.0400;9049.2700;47.3600;521.6300;2388.1100;8135.0200;8.3973;391.0000;0.005620;-0.632925;0.001208;Healthy;WO818021;1,484.05
2026-07-03;ENG-096;76;2026-01-04 04:00:00;642.1400;1586.2500;1401.9300;555.6900;2388.0100;9071.3100;47.1600;522.3500;2388.0100;8149.3300;8.4071;391.0000;0.061918;-2.714496;;Healthy;WO520672;
2026-07-03;ENG-031;162;2026-01-07 18:00:00;642.5500;1594.0800;1413.5600;552.8500;2388.1400;9075.1800;47.7800;520.5500;2388.1100;8162.3000;8.4575;394.0000;0.096976;0.583362;0.010392;Warning;WO838453;7,818.12
03-Jul-2026;eng-018;125;2026-01-06 05:00:00;642.7800;1588.4000;1411.3000;553.2700;2388.0700;9054.4700;47.7100;521.2100;2388.1300;8134.6600;8.4299;394.0000;0.014297;0.225929;0.001212;Healthy;WO905261;85.89
03-Jul-2026;ENG-043;166;2026-01-07 22:00:00;642.9900;1589.7000;1411.2400;553.7100;2388.1200;9064.0300;47.5000;521.0600;2388.1300;8133.0400;8.4417;395.0000;0.004177;0.319377;0.001007;Healthy;WO983109;1,243.11
03-Jul-2026;eng-090;132;2026-01-06 12:00:00;642.9800;1592.2000;1417.8000;553.0500;2388.0700;9070.6000;47.6200;520.6100;2388.1300;8151.5200;8.4735;393.0000;0.058841;0.567631;0.004469;Warning;WO839901;8277.94
2026-07-03;ENG-046;104;2026-01-05 08:00:00;642.9600;1596.0500;1406.3700;553.7200;2388.0600;9068.0600;47.5000;521.0500;2388.0900;8147.5800;8.4119;393.0000;0.085611;0.125779;0.001692;Healthy;WO423226;1,747.12
2026-07-03;ENG-068;162;2026-01-07 18:00:00;643.0100;1593.2600;1413.3900;551.9700;2388.1400;9069.9800;47.8400;520.5600;2388.0900;8145.6800;8.4832;394.0000;0.018678;0.672798;0.006621;warning;WO978537;11201.58
03-Jul-2026;eng-061;121;2026-01-06 01:00:00;642.4400;1591.9400;1408.7100;553.1200;2388.1200;9068.8700;47.3400;521.0300;2388.0800;8152.2100;8.4045;393.0000;0.078169;-0.050079;0.001230;Warning;WO926587;8647.54
03-Jul-2026;ENG-018;100;2026-01-05 04:00:00;642.8200;1593.4900;1399.0100;553.6100;2388.0800;9057.7800;47.2900;521.5900;2388.0100;8141.4100;8.4417;393.0000;0.054201;-0.407369;0.001119;Warning;WO724161;16164.40
2026-07-03;  ENG-082 ;113;2026-01-05 17:00:00;642.8200;1589.4700;1407.6000;553.4200;2388.1200;9066.4500;47.3300;521.4300;2388.1100;8137.4900;8.4473;393.0000;0.061677;0.014839;0.002315;Healthy;WO641148;1019.87
03-Jul-2026;  ENG-008 ;112;2026-01-05 16:00:00;642.8600;1595.8200;1402.8000;553.6500;2388.1300;9052.5900;47.6000;521.5800;2388.1100;8130.8900;8.4247;394.0000;0.047944;-0.062532;0.000810;Healthy;WO209647;2848.76
2026-07-03;ENG-005;94;2026-01-04 22:00:00;642.9100;1592.4100;1406.5200;553.4100;2388.1900;9054.3900;47.4100;521.1400;2388.1500;8128.3400;8.4377;393.0000;-0.004408;0.221592;0.000720;healthy;WO668964;1776.35
03-Jul-2026;ENG-064;139;2026-01-06 19:00:00;642.2900;1593.6200;1410.3800;554.1400;2388.1600;9062.4800;47.4900;521.7400;2388.0700;8138.4000;8.4314;393.0000;0.064690;-0.144601;0.000941;Healthy;WO330312;1,030.54
03-Jul-2026;ENG-016;88;2026-01-04 16:00:00;642.6000;1586.2400;1406.2300;553.9600;2388.0500;9055.4100;47.4300;522.2800;2388.0400;8133.5400;8.4052;393.0000;0.037983;-0.565155;0.000961;Healthy;WO472214;785.83
2026-07-03;ENG-055;82;2026-01-04 10:00:00;642.3600;1590.0800;1396.3900;554.5100;2388.0700;9059.8000;47.5800;521.8600;2388.1000;8134.8000;8.4098;394.0000;0.033510;-0.535052;0.001434;Healthy;WO937590;2807.35
03-Jul-2026;ENG-077;111;2026-01-05 15:00:00;642.7600;1591.8000;1410.0700;553.4900;2388.0800;9044.3700;47.5900;521.3700;2388.1000;8132.1600;8.4238;391.0000;0.048068;-0.127871;0.002253;Healthy;WO172016;1346.92
2026/07/03;ENG-023;106;2026-01-05 10:00:00;642.5600;1591.3100;1394.9900;553.9300;2388.0500;9049.9200;47.3200;521.5900;2388.0500;8140.3200;8.4050;392.0000;0.023180;-0.611326;0.001983;healthy;WO633214;2452.82
2026-07-03;  ENG-074 ;114;2026-01-05 18:00:00;642.6900;1592.5600;1407.8700;552.9100;2388.1000;9065.6300;47.4100;521.3500;2388.0700;8141.0900;8.4587;391.0000;0.086116;0.043506;;warning;WO387619;16,245.26
2026/07/03;ENG-058;148;2026-01-07 04:00:00;642.6100;1590.4900;1410.1300;553.0100;2388.1200;9050.5300;47.7400;521.4300;2388.1400;8136.6800;8.4525;393.0000;0.009422;0.314450;0.001373;healthy;WO326153;428.78
03-Jul-2026;ENG-061;117;2026-01-05 21:00:00;643.0100;1593.7700;1407.1900;553.8900;2388.0300;9066.7200;47.4800;521.6300;2388.0600;8142.1200;8.4168;393.0000;0.077217;-0.161342;0.001316;Healthy;WO111768;2,642.47
2026/07/03;ENG-073;85;2026-01-04 13:00:00;641.8500;1584.4800;1402.7000;553.8800;2388.0700;9051.6300;47.3000;522.0100;2388.0400;8134.5400;8.3728;392.0000;0.008576;-0.917393;0.001424;Healthy;WO819093;1152.20
2026/07/03;ENG-084;168;2026-01-08 00:00:00;642.1300;1600.0000;1412.4700;553.0500;2388.1400;9044.7400;47.7400;520.8100;2388.0800;8130.1200;8.4839;394.0000;-0.038548;0.539487;0.004004;Healthy;WO843090;1494.86
2026/07/03;ENG-035;136;2026-01-06 16:00:00;642.7800;1594.2700;1415.3900;552.8000;2388.1700;9065.6400;47.7200;520.6700;2388.1200;8142.7400;8.4513;393.0000;-0.008857;0.638842;0.003802;Warning;WO449223;5974.30
2026-07-03;ENG-010;160;2026-01-07 16:00:00;642.4200;1590.4700;1409.2400;554.3000;2388.1000;9066.5600;47.2600;521.6300;2388.0700;8138.4300;8.4698;393.0000;0.042442;-0.350676;0.003088;Healthy;WO973819;2,648.41
2026-07-03;ENG-054;94;2026-01-04 22:00:00;641.4500;1586.9600;1398.3600;553.9700;2387.9900;9062.2500;46.9700;522.5800;2388.0400;8141.1100;8.3728;392.0000;0.014797;-1.174571;0.002211;Healthy;WO366110;1088.65
2026/07/03;ENG-007;142;2026-01-06 22:00:00;642.8100;1590.4400;1408.2300;554.3800;2388.0200;9062.6800;47.4100;521.8200;2388.0000;8143.1100;8.4164;393.0000;0.060625;-0.403005;0.001739;Healthy;WO461558;1563.54
03-Jul-2026;  ENG-074 ;132;2026-01-06 12:00:00;643.0700;1583.7400;1405.3700;553.1500;2388.1400;9060.6200;47.5500;521.1800;2388.1300;8137.2300;8.4259;393.0000;0.040584;0.033105;0.000901;healthy;WO419992;1266.44
2026/07/03;ENG-057;143;2026-01-06 23:00:00;642.4800;1592.7200;1411.5500;552.5200;2388.1100;9053.8800;47.5900;521.1400;2388.1300;8132.2400;8.4585;394.0000;0.016666;0.266043;0.003817;Healthy;WO672872;1293.51
2026/07/03;ENG-049;244;2026-01-11 04:00:00;642.7000;1592.4100;1403.7500;553.2000;2388.1200;9064.8000;47.4800;521.7400;2388.1400;8139.0300;8.4641;394.0000;0.059284;0.156178;0.001928;Warning;WO772232;16320.59
2026/07/03;eng-029;141;2026-01-06 21:00:00;642.4800;1587.0900;1404.4100;554.7100;2388.0600;9059.5200;47.2700;521.5900;2388.0900;8140.0400;8.4325;393.0000;0.024330;-0.525106;0.002549;Healthy;WO697208;1071.07
03-Jul-2026;eng-098;87;2026-01-04 15:00:00;642.6300;1583.1600;1412.8900;553.8500;2388.1200;9065.0200;47.4200;521.0900;2388.1400;8141.8100;8.4485;393.0000;0.039614;0.027203;0.005083;Healthy;WO581509;1,125.88
2026/07/03;ENG-012;169;2026-01-08 01:00:00;642.2100;1587.7400;1402.0900;554.8800;2388.0100;9065.0300;47.3400;522.1000;2388.0600;8147.6500;8.4063;393.0000;0.021181;-2.733423;0.010831;Healthy;WO520549;1,840.15
2026-07-03;ENG-078;72;2026-01-04 00:00:00;641.7800;1580.6600;1389.3300;554.9300;2387.9900;9062.9400;47.2000;522.5100;2387.9600;8148.4600;8.3793;391.0000;0.062257;-1.259673;0.002537;Healthy;WO437173;1,972.46
03-Jul-2026;ENG-061;126;2026-01-06 06:00:00;642.8300;1594.9600;1405.7700;553.4700;2388.0800;9070.9000;47.6300;521.1400;2388.0800;8140.3500;8.4290;395.0000;0.076141;0.109931;0.001948;Healthy;WO290167;1,241.95
03-Jul-2026;ENG-060;129;2026-01-06 09:00:00;642.6200;1597.1000;1413.4400;552.9800;2388.1200;9050.9300;47.6300;520.9500;2388.1000;8134.0000;8.4941;392.0000;0.017625;0.255571;0.002201;Healthy;WO565092;851.59
2026-07-03;eng-097;117;2026-01-05 21:00:00;642.3900;1584.7600;1395.0100;553.3600;2388.0600;9068.5500;47.3200;521.7700;2388.0700;8151.4000;8.4175;393.0000;0.044179;-0.687332;0.002043;healthy;WO674440;1,220.63
2026-07-03;ENG-008;138;2026-01-06 18:00:00;642.9500;1584.0100;1406.2700;552.9300;2388.1800;9049.6000;47.5900;521.7000;2388.0800;8135.0500;8.4375;393.0000;0.039960;-0.022911;0.003494;Healthy;WO271163;2856.33
03-Jul-2026;ENG-075;73;2026-01-04 01:00:00;642.6300;1587.4400;1407.3800;554.1200;2388.1200;9063.0300;47.3300;521.9400;2388.0700;8136.7600;8.4195;393.0000;0.035701;-0.432007;0.000837;Healthy;WO390244;1513.30
2026/07/03;ENG-016;100;2026-01-05 04:00:00;642.2400;1589.6000;1402.8200;553.5500;2388.0700;9066.1900;47.2900;522.1200;2388.0300;8141.9900;8.4500;393.0000;0.060283;-0.518931;0.001337;healthy;WO559814;2,786.37
2026-07-03;ENG-089;156;2026-01-07 12:00:00;642.6000;1587.8800;1411.6600;553.1100;2388.1100;9050.6500;47.2600;521.5100;2388.1100;8134.0100;8.4184;393.0000;0.035898;-0.194458;0.001635;Healthy;WO829722;1821.34
2026/07/03;ENG-030;129;2026-01-06 09:00:00;642.3900;1594.1700;1407.7000;553.2200;2388.1200;9050.1600;47.4900;521.2400;2388.1300;8130.7900;8.4487;393.0000;0.015420;0.132273;0.000882;Healthy;WO710097;1201.62
03-Jul-2026;  ENG-081 ;202;2026-01-09 10:00:00;643.5500;1605.0300;1418.5300;551.8500;2388.1600;9070.7100;48.0700;520.2100;2388.2400;8145.4100;8.4745;394.0000;-0.318187;1.398102;0.008910;warning;WO280057;22,394.10
2026-07-03;  ENG-023 ;107;2026-01-05 11:00:00;642.4600;1591.0900;1403.5400;554.0700;2388.0800;9053.9200;47.2600;522.6100;2388.0500;8134.5400;8.4031;392.0000;0.016729;-0.888406;0.003030;Healthy;WO733048;2209.78
03-Jul-2026;ENG-004;105;2026-01-05 09:00:00;642.6800;1593.0100;1408.2100;554.0500;2388.1800;9061.2600;47.6900;520.9400;2388.1200;8135.1900;8.4498;395.0000;-0.016099;0.359331;0.003005;Healthy;WO957244;194.56
2026-07-03;ENG-005;91;2026-01-04 19:00:00;642.6000;1593.1500;1402.7700;553.2100;2388.1300;9052.8800;47.5900;521.1300;2388.0600;8127.9500;8.4720;393.0000;0.007899;0.216403;0.000942;Healthy;WO607906;100.11
2026-07-03;ENG-019;103;2026-01-05 07:00:00;641.8600;1589.3800;1400.8500;554.8000;2388.1000;9056.0500;47.2500;521.7200;2388.0400;8141.1900;8.4109;393.0000;0.003667;-0.831387;0.002980;Healthy;WO963794;1181.33
2026-07-03;eng-026;60;2026-01-03 12:00:00;642.1000;1588.1800;1405.3800;554.3400;2388.0000;9061.5400;47.1000;522.1900;2388.0100;8149.1300;8.4262;393.0000;0.047370;-0.825894;0.001582;healthy;WO402968;2420.93
03-Jul-2026;eng-086;93;2026-01-04 21:00:00;642.7100;1582.9600;1401.5700;553.3900;2388.0400;9063.8900;47.5000;521.8100;2388.0300;8143.4800;8.4214;394.0000;0.067431;-0.365422;0.003723;Healthy;WO828290;1149.98
2026/07/03;ENG-032;131;2026-01-06 11:00:00;642.1900;1585.2400;1404.3300;553.4200;2387.9500;9081.5200;47.3800;521.4600;2388.0300;8163.7500;8.4317;392.0000;0.073345;-0.703203;0.007105;Healthy;WO808258;1,879.10
2026-07-03;ENG-043;125;2026-01-06 05:00:00;642.3000;1594.6500;1392.5500;554.3800;2388.0800;9049.4000;47.4000;521.4600;2388.0900;8135.3200;8.4247;393.0000;0.017950;-0.555974;0.002894;Healthy;WO776800;1,133.25
2026/07/03;ENG-051;121;2026-01-06 01:00:00;642.8800;1597.4600;1406.0300;553.5800;2388.1000;9049.1500;47.5100;521.1000;2388.0800;8135.4800;8.4645;393.0000;0.028303;0.178951;0.001690;HEALTHY;WO737499;2223.65
2026/07/03;ENG-064;155;2026-01-07 11:00:00;643.0900;1593.4400;1418.4700;553.5700;2388.1300;9054.9500;47.5600;521.0400;2388.1700;8133.6500;8.4337;393.0000;-0.014583;0.384652;0.004237;Warning;WO269827;14880.16
03-Jul-2026;ENG-075;69;2026-01-03 21:00:00;642.0900;1583.0500;1409.7600;554.2800;2388.0400;9055.8300;47.2500;521.8600;2388.0600;8138.0700;8.4334;390.0000;0.018539;-0.950322;0.000423;Healthy;WO467620;766.97
2026/07/03;ENG-095;68;2026-01-03 20:00:00;641.9400;1585.6800;1405.4600;553.4800;2388.0600;9042.3100;47.5200;521.8900;2388.0600;8125.2400;8.4118;392.0000;0.014489;-0.626611;0.000880;Healthy;WO705941;1,222.76
03-Jul-2026;ENG-035;145;2026-01-07 01:00:00;642.9500;1588.5200;1413.7200;552.6800;2388.1500;9059.9300;47.7300;521.1100;2388.1200;8139.3700;8.4660;396.0000;-0.016797;0.584308;0.003164;warning;WO146864;19857.93
2026/07/03;eng-074;110;2026-01-05 14:00:00;643.1500;1586.1700;1409.9300;553.3200;2388.0900;9053.6600;47.5200;521.4600;2388.0700;8136.3800;8.4538;393.0000;0.054941;-0.016660;0.001269;Healthy;WO204107;930.24
2026-07-03;ENG-031;168;2026-01-08 00:00:00;643.4000;1596.0900;1420.1800;552.7800;2388.0600;9073.2200;47.7500;521.0300;2388.0900;8151.8700;8.4826;396.0000;0.169366;0.903882;0.005652;Warning;WO418495;5060.85
03-Jul-2026;ENG-054;101;2026-01-05 05:00:00;642.0900;1578.0900;1405.8200;554.0200;2388.0300;9067.4300;47.4000;522.5800;2388.0100;8142.4600;8.3990;392.0000;0.044303;-1.032733;0.002238;Healthy;WO404412;2,834.48
2026-07-03;  ENG-042 ;131;2026-01-06 11:00:00;642.2000;1590.6700;1402.3000;553.7500;2388.1400;9045.8200;47.6100;521.2700;2388.2200;8122.4000;8.4116;394.0000;-0.020817;0.072653;0.000645;Healthy;WO521075;1,081.64
2026/07/03;ENG-027;106;2026-01-05 10:00:00;642.6100;1587.0000;1402.5300;553.2900;2388.0500;9054.1000;47.2200;522.1700;2388.0400;8132.3100;8.4221;392.0000;0.021779;-0.711743;0.002417;Healthy;WO651189;1170.42
2026/07/03;ENG-010;141;2026-01-06 21:00:00;641.8300;1586.0400;1401.4400;554.1900;2388.0400;9059.1600;47.4900;521.6700;2388.0100;8139.5500;8.4310;394.0000;0.029724;-0.792418;0.001691;HEALTHY;WO915827;2900.19
2026/07/03;ENG-027;104;2026-01-05 08:00:00;642.5500;1579.0800;1392.4200;554.1400;2388.0800;9049.9500;47.4100;521.6300;2388.0300;8134.0500;8.4080;393.0000;0.004371;-0.830754;0.003695;Healthy;WO895851;1,235.08
2026/07/03;ENG-097;133;2026-01-06 13:00:00;642.2200;1584.9200;1403.9400;553.5200;2388.0400;9084.1100;47.5000;522.0600;2388.0400;8157.4400;8.4398;392.0000;0.080123;-0.618436;0.003525;Healthy;WO205651;2715.52
2026-07-03;  ENG-045 ;136;2026-01-06 16:00:00;642.9900;1591.2400;1418.2200;553.2500;2388.1200;9060.5500;47.7000;521.2000;2388.1400;8142.3900;8.4415;395.0000;0.006849;0.460555;0.003202;Warning;WO120415;2565.21
03-Jul-2026;ENG-074;105;2026-01-05 09:00:00;642.7300;1595.2200;1405.6600;553.3000;2388.0700;9061.0400;47.5100;521.7000;2388.1000;8139.9400;8.4231;393.0000;0.078650;-0.037043;0.000731;Warning;WO295948;3663.21
03-Jul-2026;ENG-027;138;2026-01-06 18:00:00;642.8200;1589.5200;1403.3400;553.6600;2388.0500;9044.8200;47.4200;521.9200;2388.0700;8128.5500;8.4057;392.0000;0.023185;-0.412978;0.002950;Healthy;WO676793;1264.83
2026-07-03;ENG-029;123;2026-01-06 03:00:00;642.5100;1590.3600;1402.6400;554.2300;2388.0600;9059.2100;47.4700;521.3600;2388.0600;8146.9400;8.4118;391.0000;0.044696;-0.526818;0.000977;Healthy;WO872738;2997.49
03-Jul-2026;  ENG-049 ;284;2026-01-12 20:00:00;643.0100;1594.1000;1411.4000;553.0800;2388.1800;9057.2300;47.6800;520.7400;2388.1400;8129.0800;8.4563;395.0000;-0.049685;0.653723;0.008559;Warning;WO706938;14,019.48
2026-07-03;ENG-041;97;2026-01-05 01:00:00;642.4800;1586.6400;1401.7700;553.5100;2388.1400;9049.1700;47.4800;521.3100;2388.0900;8126.4800;8.4105;392.0000;0.026297;-0.223791;0.002090;Healthy;WO218683;1226.24
2026-07-03;eng-076;156;2026-01-07 12:00:00;642.9200;1589.5400;1411.3100;554.3200;2388.0600;9076.8000;47.4100;521.3000;2388.0700;8150.0600;8.3980;391.0000;0.075510;-0.243894;0.002251;Healthy;WO300808;592.71
03-Jul-2026;ENG-090;113;2026-01-05 17:00:00;642.2000;1593.1600;1405.1400;552.4000;2388.1100;9066.4300;47.7000;521.7300;2388.1600;8138.3100;8.4770;393.0000;0.068678;0.205329;0.002019;Healthy;WO119907;1947.11
2026/07/03;ENG-034;142;2026-01-06 22:00:00;642.8300;1583.2600;1414.0600;553.4500;2388.0400;9063.5200;47.4600;522.0400;2388.0800;8141.5100;8.3927;393.0000;0.064264;-0.233884;0.000351;Healthy;WO294223;960.50
03-Jul-2026;ENG-018;112;2026-01-05 16:00:00;643.0400;1594.1700;1400.7500;553.8800;2388.1600;9064.7100;47.4100;522.0600;2388.0500;8147.0400;8.4408;394.0000;0.068039;-0.190889;0.001150;Healthy;WO596287;938.74
2026/07/03;ENG-047;50;2026-01-03 02:00:00;642.9300;1584.8100;1415.1200;552.9500;2388.1900;9043.6800;47.2700;521.3500;2388.1900;8120.9600;8.4344;392.0000;-0.037489;0.120710;0.002100;Healthy;WO308006;710.47
03-Jul-2026;eng-092;150;2026-01-07 06:00:00;644.0300;1597.0600;1414.0700;550.8800;2388.2300;9049.2500;47.9800;520.1700;2388.1900;8122.8900;8.4804;394.0000;-0.731151;1.436049;0.024778;Warning;WO664048;1504.23
03-Jul-2026;ENG-006;88;2026-01-04 16:00:00;642.3900;1592.6700;1415.7600;553.1800;2388.1200;9059.8300;47.5600;521.3000;2388.0700;8131.4300;8.4262;393.0000;0.048966;-0.008189;0.001713;Healthy;WO811407;1567.06
2026/07/03;  ENG-086 ;77;2026-01-04 05:00:00;642.5600;1586.7000;1399.9400;553.6200;2388.1200;9070.1900;47.4400;522.1100;2388.1200;8145.9300;8.4302;392.0000;0.055275;-0.457068;0.001190;Healthy;WO723775;2945.17
03-Jul-2026;ENG-099;95;2026-01-04 23:00:00;642.8000;1581.6300;1397.1400;553.6800;2387.9900;9072.6200;47.1600;521.4300;2388.0600;8148.2000;8.3801;391.0000;0.042722;-0.894134;0.003220;Healthy;WO350826;103.29
2026/07/03;ENG-037;114;2026-01-05 18:00:00;643.4400;1590.0600;1409.9400;553.4200;2388.1700;9044.0600;47.7500;521.2500;2388.1500;8126.4800;8.4516;393.0000;-0.034428;0.347591;0.002084;Warning;WO699594;17300.41
03-Jul-2026;ENG-018;126;2026-01-06 06:00:00;642.4100;1592.5300;1411.9200;552.4300;2388.1700;9050.0800;47.6800;520.4300;2388.1300;8138.0500;8.4705;393.0000;-0.035769;0.528744;0.001292;HEALTHY;WO431477;1,580.92
2026/07/03;ENG-068;161;2026-01-07 17:00:00;642.6500;1586.6300;1414.0600;552.3400;2388.1100;9074.0700;47.8100;520.7000;2388.1000;8150.9000;8.4647;394.0000;0.129077;0.719606;0.004143;Healthy;WO276869;1,768.05
2026-07-03;ENG-100;140;2026-01-06 20:00:00;643.0800;1585.5500;1397.3100;553.7500;2388.0300;9075.3300;47.2300;522.2200;2388.1000;8155.5300;8.3895;393.0000;0.047622;-0.690605;;Healthy;WO781090;2,960.38
03-Jul-2026;  ENG-004 ;89;2026-01-04 17:00:00;642.5300;1590.7400;1407.4000;553.0600;2388.0600;9051.9300;47.6100;521.1600;2388.1300;8136.0400;8.4485;394.0000;0.046135;0.072783;0.002799;Healthy;WO278958;350.18
2026-07-03;  ENG-055 ;112;2026-01-05 16:00:00;642.6300;1583.0400;1402.3000;553.9600;2388.0500;9064.5200;47.5000;522.5800;2388.1100;8142.0500;8.4096;393.0000;0.046981;-0.637264;0.001465;Healthy;WO344767;2,051.27
2026-07-03;  ENG-007 ;135;2026-01-06 15:00:00;642.1600;1586.3900;1402.8300;554.2800;2388.0300;9062.7800;47.2700;522.8100;2388.0500;8143.4600;8.3839;393.0000;0.033594;-1.093210;0.000772;HEALTHY;WO773777;2,444.40
2026/07/03;eng-020;178;2026-01-08 10:00:00;643.3900;1592.4500;1418.6400;551.4800;2388.1700;9064.8300;47.8400;520.4600;2388.1500;8140.1900;8.4945;393.0000;-0.164098;0.954710;0.003030;Warning;WO205135;24,794.13
2026/07/03;ENG-002;39;2026-01-02 15:00:00;642.9800;1591.6200;1405.4600;553.4900;2388.1000;9049.7100;47.5800;521.7500;2388.1300;8128.5300;8.4363;394.0000;0.020889;0.107735;0.003864;Warning;WO340553;23,585.12
03-Jul-2026;  ENG-077 ;132;2026-01-06 12:00:00;642.3500;1592.1900;1410.8200;554.3000;2388.1100;9050.0000;47.5400;521.5100;2388.1300;8129.1800;8.4772;394.0000;0.010916;0.046442;;Healthy;WO657911;2658.96
2026-07-03;ENG-008;140;2026-01-06 20:00:00;642.5700;1592.0900;1407.1400;553.1000;2388.1400;9050.7500;47.5500;521.2200;2388.0900;8132.2800;8.4617;394.0000;0.005107;0.246817;0.003124;Healthy;WO813279;484.58
2026-07-03;ENG-049;212;2026-01-09 20:00:00;642.5200;1589.5300;1406.0500;553.7500;2388.0900;9065.3400;47.5600;521.8500;2388.0700;8136.4900;8.4299;392.0000;0.062677;-0.237160;0.001593;Healthy;WO565302;885.60
2026-07-03;ENG-041;122;2026-01-06 02:00:00;643.0800;1590.8900;1416.2800;552.3300;2388.1800;9039.5100;47.8200;520.8000;2388.2100;8116.5000;8.5060;393.0000;-0.165252;0.754599;0.011223;Warning;WO629138;19426.89
2026/07/03;ENG-021;121;2026-01-06 01:00:00;642.1100;1581.6700;1393.3000;554.0300;2387.9900;9070.8300;47.3600;522.0600;2388.0500;8149.4700;8.4338;392.0000;0.050995;-0.852156;0.002858;Healthy;WO541207;2,792.94
03-Jul-2026;ENG-092;130;2026-01-06 10:00:00;643.4900;1597.2700;1421.2600;552.5600;2388.1800;9049.8000;47.7300;520.8200;2388.1300;8123.5100;8.4457;395.0000;-0.226893;0.965449;;Warning;WO732632;10,786.90
2026-07-03;ENG-052;162;2026-01-07 18:00:00;642.3800;1587.4100;1398.1900;553.7600;2388.0000;9081.9100;47.1700;521.4300;2388.0900;8159.2100;8.4288;394.0000;0.058661;-0.615797;0.002629;Healthy;WO377439;1251.20
2026/07/03;ENG-023;100;2026-01-05 04:00:00;641.8800;1586.3100;1398.1500;554.1000;2388.0600;9053.8500;47.3200;522.0400;2387.9900;8135.8000;8.3902;391.0000;0.030882;-0.966368;0.002909;Healthy;WO773258;1782.20
03-Jul-2026;eng-071;49;2026-01-03 01:00:00;642.4400;1588.4300;1398.9200;553.0700;2388.0400;9070.2900;47.4800;521.9800;2387.9900;8145.7300;8.4311;392.0000;0.071318;-0.626636;0.001444;Warning;WO527205;7718.84
2026-07-03;ENG-077;128;2026-01-06 08:00:00;642.3500;1591.0700;1409.6100;553.7000;2388.1600;9045.8800;47.5800;521.6900;2388.1200;8129.3900;8.4418;393.0000;0.008433;0.005471;0.004050;Healthy;WO806563;1610.92
03-Jul-2026;eng-017;114;2026-01-05 18:00:00;642.5500;1590.0900;1400.4900;554.3700;2387.9800;9072.4200;47.2500;522.2200;2388.0100;8157.3200;8.3979;394.0000;0.041445;-0.906398;0.002128;Healthy;WO334685;2393.83
2026-07-03;ENG-018;114;2026-01-05 18:00:00;642.1200;1583.3700;1408.7500;553.8500;2388.0900;9057.8100;47.6000;521.7600;2388.1200;8139.4000;8.4419;391.0000;0.044637;-0.353640;0.002142;Healthy;WO350904;213.33
03-Jul-2026;ENG-087;52;2026-01-03 04:00:00;641.9400;1575.8700;1396.1300;554.9100;2388.0000;9062.3400;47.3100;522.2500;2388.0700;8144.1000;8.3834;391.0000;0.019766;-1.236764;0.003453;Healthy;WO254143;2066.49
03-Jul-2026;  ENG-028 ;127;2026-01-06 07:00:00;642.8300;1589.8000;1406.7400;553.1200;2388.1200;9058.3400;47.3600;522.1900;2388.0600;8135.4200;8.4774;394.0000;0.070437;-0.004663;0.003330;Healthy;WO423271;
03-Jul-2026;ENG-023;93;2026-01-04 21:00:00;642.0100;1587.5600;1400.1300;554.2400;2387.9800;9054.5300;47.2100;522.0200;2388.0600;8138.2000;8.4223;391.0000;0.016258;-1.038537;0.001092;Healthy;WO424828;
2026/07/03;ENG-077;150;2026-01-07 06:00:00;642.6900;1592.6100;1411.9600;552.7200;2388.1900;9053.2300;47.7500;520.9700;2388.2000;8132.6200;8.4699;394.0000;-0.047626;0.591185;0.002050;Healthy;WO756957;1026.49
2026/07/03;ENG-019;107;2026-01-05 11:00:00;642.8300;1586.8400;1401.4400;554.4900;2388.0600;9056.6300;47.4500;521.2500;2388.0500;8134.8400;8.4195;392.0000;0.039534;-0.383512;0.002414;Healthy;WO559983;1,294.61
2026-07-03;ENG-029;126;2026-01-06 06:00:00;642.4300;1582.0700;1402.9100;553.7400;2388.0100;9061.0000;47.3800;521.9000;2388.0300;8147.6300;8.4318;392.0000;0.053553;-0.696736;0.001629;Healthy;WO465741;1,121.37
03-Jul-2026;ENG-030;141;2026-01-06 21:00:00;642.8800;1587.2800;1408.4700;553.9700;2388.1200;9047.5700;47.5200;521.2100;2388.1700;8126.7400;8.4387;394.0000;-0.021748;0.172185;0.003893;Healthy;WO876118;
03-Jul-2026;ENG-074;128;2026-01-06 08:00:00;642.3400;1585.4900;1409.5200;552.8400;2388.0900;9057.0400;47.4900;521.5900;2388.0700;8140.5100;8.3949;392.0000;0.052649;-0.366664;0.000743;Healthy;WO978406;197.05
2026/07/03;ENG-074;126;2026-01-06 06:00:00;642.1300;1594.5900;1400.7000;554.3200;2388.0600;9063.5600;47.5500;521.3200;2388.1100;8142.2700;8.4377;393.0000;0.070168;-0.069927;0.002077;Healthy;WO269259;361.08
03-Jul-2026;ENG-051;135;2026-01-06 15:00:00;642.6000;1592.3200;1409.0900;553.4100;2388.0700;9048.9900;47.6400;521.2300;2388.1100;8133.4900;8.4407;392.0000;0.029940;0.116880;0.001331;Healthy;WO594217;2333.08
2026/07/03;ENG-081;163;2026-01-07 19:00:00;642.6500;1595.6100;1414.7300;553.0100;2388.0900;9074.0400;47.5100;520.8400;2388.0700;8153.0000;8.4406;393.0000;0.075521;0.436295;0.007998;warning;WO123472;
2026/07/03;ENG-075;68;2026-01-03 20:00:00;642.2600;1583.6100;1398.6600;553.9200;2388.0500;9056.0600;47.4700;522.0800;2388.0200;8138.5600;8.4238;392.0000;0.033457;-0.785109;0.001196;healthy;WO755456;1960.68
2026-07-03;ENG-031;184;2026-01-08 16:00:00;643.6300;1594.8700;1421.8800;552.1400;2388.1900;9087.3400;47.6800;520.3200;2388.1900;8151.6400;8.4816;395.0000;-0.074827;1.312139;0.021636;Warning;WO454129;12846.54
2026-07-03;ENG-069;43;2026-01-02 19:00:00;642.3200;1580.3300;1407.3300;553.7000;2388.0800;9048.9100;47.3900;521.8400;2388.0800;8125.7200;8.4205;392.0000;0.015117;-0.500195;0.003621;Healthy;WO118857;2852.22
2026/07/03;ENG-086;100;2026-01-05 04:00:00;642.2500;1585.2000;1405.9500;553.8800;2388.0600;9065.8100;47.3400;521.7600;2388.1000;8143.7000;8.4225;392.0000;0.033736;-0.648374;0.001326;Healthy;WO622179;1,243.86
03-Jul-2026;ENG-012;178;2026-01-08 10:00:00;642.4800;1583.4400;1405.8500;554.1600;2388.0400;9069.9500;47.1300;522.2400;2388.0200;8144.7200;8.4155;391.0000;0.036363;-0.991754;0.000488;Healthy;WO327822;450.25
03-Jul-2026;ENG-054;89;2026-01-04 17:00:00;642.5400;1586.6800;1399.6800;554.1600;2388.0500;9060.8800;47.3400;522.8900;2387.9900;8140.0400;8.3715;391.0000;0.052422;-1.080002;0.001381;Healthy;WO657341;825.98
2026/07/03;eng-049;303;2026-01-13 15:00:00;643.2100;1607.5500;1425.3000;552.0000;2388.2100;9052.4800;48.0100;520.2700;2388.2200;8132.4600;8.5168;396.0000;-0.550337;1.573266;0.011920;Warning;WO712679;12,478.08
2026-07-03;ENG-028;116;2026-01-05 20:00:00;642.6800;1586.7600;1408.0800;553.8100;2388.1000;9052.9000;47.5000;521.4200;2388.1500;8132.2500;8.4454;393.0000;0.038551;-0.097792;0.002051;Warning;WO244864;9388.12
2026/07/03;ENG-071;55;2026-01-03 07:00:00;642.9200;1591.1000;1406.4300;555.0500;2388.0200;9075.4400;47.4200;521.9800;2387.9900;8144.7400;8.4077;391.0000;0.057660;-0.604492;0.003852;Healthy;WO862749;2,896.02
2026/07/03;  ENG-079 ;99;2026-01-05 03:00:00;642.3700;1593.4600;1404.7000;553.4800;2388.0600;9040.9700;47.4600;521.7100;2388.0500;8128.8200;8.4293;391.0000;0.040035;-0.354243;0.004342;Healthy;WO103626;
03-Jul-2026;ENG-020;167;2026-01-07 23:00:00;643.1900;1597.3200;1417.4700;552.1500;2388.1900;9068.2900;47.6800;521.2800;2388.1100;8140.5100;8.4519;394.0000;0.003341;0.707100;0.003321;warning;WO451634;8,518.99
2026-07-03;eng-067;68;2026-01-03 20:00:00;642.3800;1586.1600;1403.8400;554.5200;2388.0700;9060.7100;47.1800;521.4600;2388.0700;8130.3900;8.4667;392.0000;0.016764;-0.472082;0.004262;Healthy;WO629142;1338.05
2026-07-03;ENG-080;107;2026-01-05 11:00:00;642.8000;1588.5600;1410.4700;553.6500;2388.1100;9066.3100;47.4700;521.8900;2388.0500;8145.4400;8.4379;392.0000;0.071397;-0.250164;0.000449;healthy;WO310387;2300.16
03-Jul-2026;ENG-089;152;2026-01-07 08:00:00;642.2200;1587.3800;1409.8800;553.3400;2388.1900;9055.3300;47.5400;521.8000;2388.0800;8128.9300;8.4265;394.0000;0.023662;-0.038940;0.001987;healthy;WO215707;697.94
2026-07-03;ENG-066;123;2026-01-06 03:00:00;642.8300;1594.8900;1412.9400;552.6600;2388.1200;9096.5000;47.6300;521.2000;2388.0300;8161.7100;8.4655;394.0000;0.247546;0.543302;0.012325;Warning;WO321559;13,289.99
03-Jul-2026;  ENG-038 ;122;2026-01-06 02:00:00;642.7300;1590.7600;1414.8000;553.0000;2388.1100;9073.0400;47.6100;520.9800;2388.1000;8152.8200;8.4780;395.0000;0.066807;0.466253;0.005175;Warning;WO251288;24057.23
03-Jul-2026;ENG-092;104;2026-01-05 08:00:00;642.6700;1585.1900;1413.0700;552.6800;2388.1700;9041.7700;47.6600;521.1900;2388.1900;8120.4700;8.4799;395.0000;-0.101664;0.594611;0.008995;Warning;WO458640;21185.00
2026/07/03;ENG-075;79;2026-01-04 07:00:00;642.4400;1589.5400;1407.0400;553.6500;2388.0400;9057.6800;47.2500;522.0700;2388.0400;8140.2100;8.4263;391.0000;0.032123;-0.684566;0.003010;Healthy;WO525607;350.95
03-Jul-2026;  ENG-093 ;234;2026-01-10 18:00:00;642.5900;1598.4600;1423.9300;552.2400;2388.1200;9082.0600;47.8900;520.2100;2388.1500;8151.5100;8.4368;394.0000;0.102288;0.817633;0.017951;Warning;WO705976;19,637.96
03-Jul-2026;ENG-019;93;2026-01-04 21:00:00;642.2800;1583.5300;1395.3700;554.1300;2388.0200;9061.1100;47.3400;522.2100;2388.0600;8141.8200;8.4301;392.0000;0.032768;-0.912809;0.000946;Healthy;WO895695;
2026-07-03;ENG-058;158;2026-01-07 14:00:00;642.5500;1587.6100;1415.3100;553.2500;2388.1200;9047.3900;47.5800;520.9600;2388.0900;8133.6600;8.4632;393.0000;-0.012078;0.286394;0.000863;Healthy;WO717325;2192.33
03-Jul-2026;ENG-077;136;2026-01-06 16:00:00;642.6000;1591.9000;1410.7900;553.0800;2388.1500;9049.3800;47.4800;521.5000;2388.1200;8129.2000;8.4621;395.0000;0.002998;0.217251;0.002761;Warning;WO597231;22910.86
2026-07-03;eng-082;126;2026-01-06 06:00:00;642.5100;1594.8500;1407.9000;553.3600;2388.0800;9058.8800;47.5300;520.7800;2388.0900;8141.2600;8.4418;393.0000;0.049882;0.145519;0.001859;healthy;WO446187;2343.62
2026/07/03;ENG-024;137;2026-01-06 17:00:00;642.6100;1583.6000;1412.0400;554.9300;2387.9600;9089.7400;47.4300;522.1800;2387.9500;8162.2600;8.4462;393.0000;0.092651;-0.634194;0.003483;Healthy;WO866774;934.31
2026/07/03;ENG-054;85;2026-01-04 13:00:00;642.6000;1588.7900;1399.2000;554.4700;2388.0400;9062.6800;47.2600;522.1600;2388.0000;8137.4700;8.4578;391.0000;0.039304;-0.834812;0.002342;Healthy;WO513381;134.67
2026-07-03;  ENG-097 ;106;2026-01-05 10:00:00;642.6000;1587.3200;1404.8000;554.2300;2388.0400;9068.0900;47.2600;521.9000;2388.0200;8149.6400;8.4191;393.0000;0.047044;-0.672271;0.001221;Healthy;WO764652;839.58
03-Jul-2026;  ENG-096 ;72;2026-01-04 00:00:00;642.3800;1584.0500;1396.1200;554.5600;2388.0000;9069.8000;47.1700;522.3600;2387.9700;8149.4300;8.3703;392.0000;0.051154;-1.167750;0.000598;Healthy;WO575635;
03-Jul-2026;ENG-059;66;2026-01-03 18:00:00;642.2500;1585.2100;1406.9600;554.5600;2388.0500;9061.7000;47.1200;522.3300;2388.0300;8134.4600;8.4097;393.0000;0.005628;-0.934618;0.001359;Healthy;WO882721;831.33
2026-07-03;eng-052;185;2026-01-08 17:00:00;642.5800;1593.6100;1407.4200;553.3800;2388.0900;9106.0000;47.4800;521.2100;2388.0300;8182.8600;8.4513;393.0000;0.291364;0.108487;;WARNING;WO971728;15,845.52
2026-07-03;ENG-043;153;2026-01-07 09:00:00;642.3500;1590.8400;1408.4000;552.6900;2388.1300;9050.6500;47.6000;521.0600;2388.1000;8133.4500;8.4627;394.0000;0.012330;0.165250;0.005208;Healthy;WO166568;2349.44
2026-07-03;ENG-052;158;2026-01-07 14:00:00;642.6100;1582.1800;1395.1700;553.5400;2388.0400;9080.9900;47.3900;521.8700;2388.0200;8160.5900;8.4321;394.0000;0.080591;-0.604454;0.006626;Healthy;WO558111;1564.46
2026-07-03;ENG-100;150;2026-01-07 06:00:00;642.7500;1587.9100;1408.7700;553.4100;2388.0500;9077.0300;47.4600;521.9900;2388.0500;8162.6200;8.4270;393.0000;0.099883;-0.331979;0.008202;Healthy;WO880894;1,449.28
03-Jul-2026;ENG-030;106;2026-01-05 10:00:00;642.3700;1588.9600;1406.0800;552.4500;2388.1800;9051.3100;47.6400;521.4200;2388.0800;8131.0200;8.4636;393.0000;0.014577;0.131209;0.000751;Healthy;WO499570;2,715.53
2026/07/03;  ENG-049 ;222;2026-01-10 06:00:00;642.2100;1586.5800;1403.2000;553.7300;2388.0900;9053.2300;47.3400;521.4400;2388.1500;8135.6300;8.4227;393.0000;0.027114;-0.343518;0.004133;Healthy;WO126595;1384.84
03-Jul-2026;ENG-093;195;2026-01-09 03:00:00;642.1200;1593.0100;1410.4700;552.6300;2388.1400;9071.2500;47.7700;521.2800;2388.1200;8147.9400;8.4704;394.0000;0.047629;0.466550;0.002021;Warning;WO733329;12557.69
2026-07-03;  ENG-031 ;141;2026-01-06 21:00:00;642.3200;1591.7400;1407.7600;553.7000;2388.0900;9071.0600;47.4900;521.4400;2388.0900;8154.1500;8.4279;391.0000;0.091349;-0.065382;0.003810;healthy;WO999270;513.16
2026/07/03;ENG-081;197;2026-01-09 05:00:00;643.5300;1606.0400;1427.5700;553.0900;2388.2100;9076.6400;47.7700;519.7400;2388.1700;8151.3000;8.4846;395.0000;-0.093176;1.371071;0.025512;warning;WO561920;4780.06
2026/07/03;ENG-021;138;2026-01-06 18:00:00;641.9800;1589.0400;1400.5200;554.5800;2387.9700;9075.2900;47.5100;521.9100;2388.0700;8156.0000;8.3870;391.0000;0.044483;-0.921900;0.003339;Healthy;WO483089;1,388.80
2026/07/03;  ENG-078 ;71;2026-01-03 23:00:00;642.0300;1579.3800;1396.4600;555.0700;2388.0200;9068.6400;47.1600;522.3800;2388.0100;8150.2500;8.4166;392.0000;0.047356;-1.244374;0.001794;Healthy;WO421961;2184.78
2026/07/03;ENG-051;111;2026-01-05 15:00:00;642.4500;1587.1800;1402.8300;553.6100;2388.0700;9051.4700;47.5500;521.4500;2388.1000;8126.1000;8.4120;393.0000;0.032880;-0.304095;0.003382;Healthy;WO810078;1,731.12
2026-07-03;  ENG-005 ;95;2026-01-04 23:00:00;642.9000;1589.9700;1408.7800;552.5300;2388.1000;9047.8300;47.6600;520.7400;2388.1500;8129.6100;8.4390;393.0000;0.002644;0.213446;0.001130;healthy;WO496841;2882.17
03-Jul-2026;ENG-028;118;2026-01-05 22:00:00;641.6300;1599.3400;1407.0500;553.1400;2388.0400;9055.7800;47.4200;521.7500;2388.1200;8131.7000;8.4323;391.0000;0.046216;-0.390827;0.001132;Healthy;WO898754;1,478.68
2026/07/03;  ENG-028 ;148;2026-01-07 04:00:00;642.7500;1591.8000;1404.0100;552.7700;2388.0900;9062.6900;47.7700;521.4800;2388.0800;8142.6000;8.4610;392.0000;0.094340;0.019873;0.001141;Healthy;WO362492;263.28
03-Jul-2026;ENG-003;109;2026-01-05 13:00:00;643.2900;1593.5100;1411.0800;553.1600;2388.1000;9052.7300;47.6000;521.3600;2388.1400;8131.9000;8.4593;394.0000;-0.001866;0.441589;0.003131;Healthy;WO875345;852.41
2026/07/03;  ENG-016 ;90;2026-01-04 18:00:00;641.8900;1584.3400;1401.8700;553.5600;2388.0200;9046.5700;47.3000;521.9900;2388.0700;8140.8800;8.4037;392.0000;0.015747;-0.858168;0.000846;HEALTHY;WO584985;2855.86
2026-07-03;ENG-064;163;2026-01-07 19:00:00;643.1600;1589.3600;1417.9900;552.6400;2388.1700;9060.5800;47.6500;520.3000;2388.1300;8138.3000;8.4809;394.0000;-0.058769;0.767964;0.002277;warning;WO172411;22888.87
2026/07/03;  ENG-026 ;66;2026-01-03 18:00:00;642.7400;1588.7900;1398.7900;553.8900;2388.0600;9068.7100;47.4200;521.7300;2388.0400;8149.7900;8.4301;391.0000;0.053102;-0.632367;0.001752;Healthy;WO112534;2414.38
2026-07-03;ENG-052;134;2026-01-06 14:00:00;642.5600;1589.3900;1402.3900;554.4400;2387.9700;9068.5300;47.3300;522.3400;2388.0300;8143.8500;8.3932;393.0000;0.032170;-0.858105;0.000598;Healthy;WO177292;257.36
03-Jul-2026;ENG-083;70;2026-01-03 22:00:00;642.4000;1585.1800;1397.2400;555.2100;2388.0300;9056.7200;47.4500;522.0700;2388.0700;8141.6100;8.4364;393.0000;0.017384;-0.727525;0.003239;Healthy;WO266243;2338.13
03-Jul-2026;  ENG-078 ;60;2026-01-03 12:00:00;641.6400;1579.2900;1397.1600;554.8500;2387.9700;9060.5200;47.1800;522.6300;2387.9700;8148.0400;8.4163;393.0000;0.057168;-1.295820;0.001582;Healthy;WO860429;2478.62
2026/07/03;ENG-098;107;2026-01-05 11:00:00;642.5800;1597.5300;1403.1500;553.9700;2388.0800;9064.9000;47.4800;521.3300;2388.1200;8141.4400;8.4545;393.0000;0.072593;0.003742;0.000357;Healthy;WO631611;265.90
03-Jul-2026;ENG-098;108;2026-01-05 12:00:00;642.3900;1590.2400;1413.2100;553.5100;2388.0900;9063.1800;47.5100;521.3900;2388.0700;8141.2800;8.4452;393.0000;0.074626;-0.013675;0.002127;Healthy;WO425860;
03-Jul-2026;ENG-069;46;2026-01-02 22:00:00;642.4700;1590.1300;1400.9800;553.5200;2388.1300;9045.8000;47.3600;521.9500;2388.1300;8129.2800;8.4076;393.0000;0.019208;-0.353216;0.003260;Healthy;WO234701;1,687.46
03-Jul-2026;eng-084;151;2026-01-07 07:00:00;642.5500;1590.9500;1417.9200;553.5500;2388.0900;9049.8700;47.6100;521.3900;2388.1600;8138.5000;8.4313;394.0000;0.015597;0.237481;0.003025;Healthy;WO320276;1859.41
2026-07-03;ENG-019;123;2026-01-06 03:00:00;642.0400;1580.3600;1402.1600;554.3600;2388.0600;9066.0100;47.2500;521.6500;2388.0200;8141.4900;8.4170;391.0000;0.020347;-0.986956;0.002417;Healthy;WO928157;
03-Jul-2026;  ENG-049 ;299;2026-01-13 11:00:00;643.6100;1601.0400;1421.2800;552.9800;2388.1800;9050.2900;47.8500;520.6300;2388.2300;8131.0700;8.5087;396.0000;-0.269765;1.156298;0.003982;Warning;WO352630;21,865.18
03-Jul-2026;ENG-050;57;2026-01-03 09:00:00;642.8400;1586.8800;1398.3500;553.6900;2388.0100;9066.5000;47.1900;521.8500;2388.0700;8146.2300;8.4272;391.0000;0.031964;-0.768834;0.002629;Healthy;WO856062;2996.76
2026/07/03;ENG-017;112;2026-01-05 16:00:00;642.1900;1598.8100;1400.9900;553.6200;2388.0300;9076.1300;47.3000;521.7200;2388.0600;8156.6600;8.4291;393.0000;0.071035;-0.597960;0.004041;healthy;WO420305;
03-Jul-2026;eng-091;187;2026-01-08 19:00:00;643.1700;1593.9600;1418.8600;552.5300;2388.1900;9049.1900;47.7400;520.7000;2388.1600;8126.2200;8.4743;395.0000;-0.190044;0.887941;0.007568;Warning;WO118291;20299.12
2026/07/03;ENG-021;139;2026-01-06 19:00:00;641.7100;1584.5100;1405.4900;553.0600;2388.0000;9090.8000;47.3600;521.9700;2388.0100;8158.3600;8.4254;393.0000;0.075040;-0.633164;0.005467;Healthy;WO626907;1720.84
2026-07-03;eng-076;149;2026-01-07 05:00:00;642.7200;1594.1100;1408.9800;553.7000;2388.0500;9072.9900;47.4600;521.9200;2388.0700;8152.1900;8.4604;393.0000;0.102889;-0.202564;0.003693;Healthy;WO998665;1474.83
2026/07/03;ENG-051;136;2026-01-06 16:00:00;642.7500;1582.1100;1402.6200;553.7600;2388.0700;9041.8900;47.6400;521.2800;2388.1300;8133.1500;8.3997;392.0000;0.025606;-0.247050;0.004301;Healthy;WO640798;2622.62
2026/07/03;ENG-054;82;2026-01-04 10:00:00;641.9600;1580.2500;1403.3700;554.4800;2388.0000;9057.2200;47.1000;522.7000;2387.9800;8140.5800;8.4019;391.0000;0.051790;-1.236213;0.001145;Healthy;WO861810;1424.95
03-Jul-2026;eng-072;116;2026-01-05 20:00:00;642.4500;1591.3700;1408.3000;553.7400;2388.0500;9070.3800;47.5300;521.5800;2388.0500;8143.6800;8.4052;392.0000;0.077549;-0.270910;0.001771;Healthy;WO503254;109.83
03-Jul-2026;ENG-043;147;2026-01-07 03:00:00;642.4100;1589.8800;1402.3100;553.5700;2388.1400;9050.7500;47.5500;521.1800;2388.0800;8137.2500;8.4421;394.0000;0.038399;-0.034807;0.001398;Healthy;WO965817;874.36
2026/07/03;ENG-024;126;2026-01-06 06:00:00;642.4500;1592.5600;1401.0700;554.3500;2388.0400;9080.1200;47.3000;522.4600;2387.9700;8163.4700;8.4308;393.0000;0.088583;-0.747183;0.006814;Healthy;WO988072;2053.74
2026-07-03;ENG-016;107;2026-01-05 11:00:00;642.2200;1589.8200;1399.7000;554.2300;2388.0100;9065.0000;47.3700;522.1400;2388.0000;8146.9400;8.3991;392.0000;0.048701;-0.891421;0.003629;Healthy;WO325725;838.57
2026-07-03;ENG-094;92;2026-01-04 20:00:00;642.6400;1590.2000;1409.8000;552.7700;2388.0900;9059.0400;47.4000;521.2200;2388.1500;8137.5200;8.4603;393.0000;0.040932;0.179650;0.002716;Healthy;WO317650;2114.95
2026/07/03;ENG-068;140;2026-01-06 20:00:00;642.9100;1585.7400;1406.1800;553.0400;2388.1000;9063.4500;47.6700;520.8400;2388.0800;8143.6900;8.4514;393.0000;0.049420;0.200148;0.001564;Healthy;WO723689;381.79
2026-07-03;ENG-051;127;2026-01-06 07:00:00;642.2500;1587.7000;1404.6800;553.8100;2388.1100;9058.1000;47.5600;521.3500;2388.0800;8136.7300;8.4507;393.0000;0.053018;-0.214271;0.000598;Healthy;WO399230;
2026-07-03;ENG-083;62;2026-01-03 14:00:00;642.4100;1593.6500;1395.5800;554.3500;2388.0400;9059.4100;47.3000;521.8800;2388.0700;8140.8300;8.3873;394.0000;0.014082;-0.768679;;Healthy;WO658968;2542.40
2026-07-03;eng-062;162;2026-01-07 18:00:00;642.5900;1580.8000;1398.1400;554.5000;2388.0200;9061.2800;47.3600;522.3000;2387.9800;8144.1000;8.4569;392.0000;0.049353;-0.885893;0.000345;Healthy;WO842965;2545.24
2026-07-03;  ENG-069 ;41;2026-01-02 17:00:00;641.9000;1588.2100;1404.9800;553.9200;2388.1600;9040.6400;47.3100;521.7800;2388.1100;8127.4700;8.4060;392.0000;-0.007455;-0.581976;0.006514;Healthy;WO349558;862.45
2026/07/03;ENG-031;158;2026-01-07 14:00:00;643.0300;1587.4000;1411.7000;553.4200;2388.1200;9078.6600;47.4100;521.0300;2388.1300;8150.0900;8.4498;394.0000;0.074376;0.170414;0.001753;Warning;WO919697;22,909.23
03-Jul-2026;ENG-019;116;2026-01-05 20:00:00;642.6200;1589.2700;1395.7900;553.4900;2388.0700;9053.0800;47.3200;521.9200;2388.1000;8139.7600;8.4291;393.0000;0.032376;-0.486732;0.002392;healthy;WO247457;1,809.27
2026-07-03;ENG-024;135;2026-01-06 15:00:00;642.5200;1589.2500;1402.2900;553.9500;2387.9300;9085.6800;47.4500;522.0600;2388.0500;8167.7900;8.4516;391.0000;0.090088;-0.732579;0.007259;Healthy;WO855433;2690.52
2026-07-03;ENG-094;111;2026-01-05 15:00:00;642.1800;1592.9800;1407.9000;553.4200;2388.1200;9055.8800;47.6400;520.7600;2388.1900;8136.8200;8.4723;394.0000;0.008800;0.221827;0.002206;Healthy;WO655948;
2026-07-03;ENG-070;141;2026-01-06 21:00:00;642.3400;1590.3200;1407.3600;553.3900;2388.1400;9048.8500;47.6600;521.2800;2388.1300;8136.1400;8.4519;394.0000;0.014170;0.113504;0.001205;healthy;WO164616;1,808.29
2026/07/03;ENG-063;131;2026-01-06 11:00:00;642.5000;1587.9200;1409.5800;553.8100;2388.1100;9053.6700;47.7800;521.5100;2388.1100;8131.0500;8.4464;394.0000;0.013949;0.126598;0.003516;Warning;WO770061;22766.36
03-Jul-2026;ENG-051;108;2026-01-05 12:00:00;642.4100;1586.0300;1397.8500;553.0700;2388.1000;9049.0100;47.1000;521.9700;2388.1100;8128.8000;8.4435;392.0000;0.006430;-0.558335;0.002114;Healthy;WO695379;2,943.59
03-Jul-2026;ENG-055;110;2026-01-05 14:00:00;642.1200;1591.7600;1408.2900;554.0200;2388.1000;9060.6300;47.2800;521.8600;2388.0800;8140.4800;8.4586;393.0000;0.057739;-0.317463;0.000973;Healthy;WO368930;
03-Jul-2026;ENG-078;56;2026-01-03 08:00:00;642.2800;1582.1200;1398.5900;553.8900;2388.0100;9063.1200;47.2100;522.4200;2388.0600;8142.3100;8.4027;390.0000;-0.004486;-2.642709;0.004085;Healthy;WO961005;1,850.77
03-Jul-2026;ENG-013;151;2026-01-07 07:00:00;641.9300;1588.8600;1412.9400;553.6300;2388.0800;9063.2300;47.4100;521.6800;2388.0300;8142.5600;8.4476;393.0000;0.074521;-0.213568;0.000707;Healthy;WO217815;2386.52
03-Jul-2026;ENG-011;80;2026-01-04 08:00:00;642.8400;1595.3900;1417.8500;552.7900;2388.2400;9033.5800;47.5800;520.4800;2388.1800;8117.8600;8.4600;391.0000;-0.111373;0.534771;0.016055;Warning;WO480441;
03-Jul-2026;ENG-086;102;2026-01-05 06:00:00;642.2000;1583.5900;1402.9100;552.7700;2388.0900;9061.6900;47.4700;521.3700;2388.0600;8144.9300;8.4236;392.0000;0.056493;-0.367900;0.000657;healthy;WO291900;2,909.60
2026/07/03;eng-081;193;2026-01-09 01:00:00;643.6300;1592.6500;1420.7300;553.2800;2388.1400;9077.6600;47.9300;520.3600;2388.1800;8150.4900;8.4584;396.0000;0.038073;1.064862;0.011606;Warning;WO574123;24603.34
2026/07/03;ENG-021;132;2026-01-06 12:00:00;642.3500;1592.0700;1404.8000;553.2900;2388.0300;9069.4900;47.4600;522.3000;2388.0800;8156.5400;8.4258;393.0000;0.097899;-0.264244;0.003662;Warning;WO833197;2246.21
03-Jul-2026;  ENG-024 ;157;2026-01-07 13:00:00;642.9200;1596.6100;1404.5500;554.0500;2388.0300;9093.7500;47.5700;521.8600;2388.0200;8183.8000;8.4445;392.0000;0.155524;-0.302128;0.023647;Warning;WO390611;19074.89
2026-07-03;ENG-045;104;2026-01-05 08:00:00;642.7200;1587.4600;1410.6300;552.9400;2388.0800;9062.4100;47.7100;521.3700;2388.1200;8140.3800;8.4177;393.0000;0.059041;0.153191;0.002081;Warning;WO790487;13063.18
2026/07/03;ENG-010;139;2026-01-06 19:00:00;642.3300;1584.6600;1406.4000;554.5800;2388.0600;9060.1600;47.5000;522.2400;2388.0700;8141.9900;8.4204;393.0000;0.042261;-0.581613;0.002028;healthy;WO673755;1,526.06
2026/07/03;ENG-072;94;2026-01-04 22:00:00;642.4100;1589.9700;1409.7100;554.3800;2388.0100;9062.1300;47.3400;521.7900;2387.9900;8144.3700;8.4282;392.0000;0.045441;-0.705578;0.000880;Healthy;WO126772;1767.47
2026-07-03;ENG-040;125;2026-01-06 05:00:00;643.2800;1596.6900;1420.6300;552.4500;2388.2100;9063.5800;47.8000;520.6000;2388.2200;8136.5500;8.4966;395.0000;-0.223003;1.121452;0.002889;warning;WO203185;10,711.94
03-Jul-2026;ENG-070;105;2026-01-05 09:00:00;642.9800;1582.6600;1404.7400;553.7700;2388.0700;9039.2200;47.5300;521.9000;2388.1200;8127.0800;8.4462;393.0000;0.029184;-0.142930;0.002223;Healthy;WO755987;2,881.46
2026/07/03;ENG-007;111;2026-01-05 15:00:00;642.2600;1593.8000;1402.2800;554.0700;2388.0600;9060.7600;47.3500;521.8000;2388.0100;8145.9900;8.4237;391.0000;0.041223;-0.697646;0.001280;healthy;WO813684;1,569.58
2026-07-03;ENG-071;60;2026-01-03 12:00:00;642.4700;1598.9900;1407.9700;553.0700;2388.0200;9078.5800;47.3100;521.8500;2388.0600;8150.0800;8.4527;391.0000;0.083547;-0.531197;0.005923;Healthy;WO598449;2,545.85
03-Jul-2026;  ENG-050 ;60;2026-01-03 12:00:00;642.7300;1578.6700;1401.4100;554.3500;2388.0700;9058.5800;47.4200;521.6000;2388.0300;8144.4500;8.4045;393.0000;0.022855;-0.674476;0.001859;Healthy;WO467041;1415.67
2026-07-03;ENG-084;169;2026-01-08 01:00:00;642.7700;1590.9500;1415.8400;552.2900;2388.1700;9046.5400;47.6700;520.7500;2388.1300;8136.2500;8.4453;394.0000;-0.033059;0.544064;0.003103;Warning;WO914292;22,388.77
03-Jul-2026;ENG-077;118;2026-01-05 22:00:00;642.9200;1594.1300;1409.9500;553.3700;2388.0900;9046.4900;47.5200;521.2200;2388.1300;8124.3900;8.4471;393.0000;-0.001718;0.189591;0.002270;Healthy;WO181253;1237.71
2026-07-03;ENG-059;90;2026-01-04 18:00:00;641.8500;1582.8000;1395.4300;554.5900;2388.0600;9056.9900;47.2300;522.0800;2388.0600;8142.3600;8.4392;392.0000;0.019605;-1.036303;0.001092;Healthy;WO761821;
2026-07-03;ENG-005;88;2026-01-04 16:00:00;643.2200;1588.1300;1409.5100;553.0800;2388.0800;9052.9100;47.4500;520.9000;2388.1200;8129.1400;8.4380;393.0000;0.004687;0.251487;0.002306;Healthy;WO170003;778.01
2026/07/03;ENG-090;143;2026-01-06 23:00:00;643.3000;1585.8600;1412.3400;552.9200;2388.1300;9085.0900;47.8600;520.9500;2388.1200;8157.9900;8.4802;396.0000;0.212197;0.833653;0.005086;Warning;WO125004;20428.34
2026-07-03;ENG-049;219;2026-01-10 03:00:00;642.3700;1586.6200;1405.5400;553.5000;2388.0900;9062.4800;47.5700;521.3100;2388.1100;8144.2200;8.4533;393.0000;0.070995;-0.100742;0.002177;Healthy;WO271112;1141.06
2026-07-03;ENG-078;68;2026-01-03 20:00:00;642.1000;1582.5000;1395.2900;554.6300;2388.0000;9058.9800;47.1100;522.4400;2387.9800;8148.3000;8.4074;390.0000;0.063208;-1.289224;0.003670;Healthy;WO595900;421.65
03-Jul-2026;ENG-058;128;2026-01-06 08:00:00;642.9100;1582.4200;1405.3400;553.3300;2388.1400;9056.4300;47.4200;521.6000;2388.0700;8132.9300;8.4215;393.0000;0.036163;-0.261004;0.001221;Healthy;WO660376;2480.49
2026-07-03;ENG-036;85;2026-01-04 13:00:00;642.5800;1591.6500;1421.1200;552.3300;2388.1400;9059.3600;47.6600;521.0100;2388.1900;8132.0700;8.4879;394.0000;-0.036614;0.684320;0.006514;Warning;WO909831;13593.93
2026/07/03;ENG-063;121;2026-01-06 01:00:00;643.2900;1586.5600;1404.1700;553.2300;2388.1500;9043.2700;47.7000;521.1700;2388.1700;8126.7900;8.4350;394.0000;-0.016588;0.156763;0.003489;Healthy;WO749172;2906.63
03-Jul-2026;ENG-035;185;2026-01-08 17:00:00;643.3000;1603.5800;1430.6400;551.8800;2388.1500;9068.5800;47.8200;520.3300;2388.2000;8148.9800;8.5055;396.0000;-0.229384;1.451079;0.011627;Warning;WO953747;4,127.76
2026/07/03;ENG-091;161;2026-01-07 17:00:00;642.7800;1590.8700;1408.4100;553.5300;2388.1300;9052.9800;47.6200;520.7300;2388.1800;8124.1600;8.4657;395.0000;-0.050778;0.459908;0.002090;Healthy;WO689254;348.25
2026-07-03;  ENG-013 ;190;2026-01-08 22:00:00;642.0900;1585.7600;1411.2300;553.2700;2388.0700;9067.4100;47.4500;521.5100;2388.0800;8139.5500;8.4246;392.0000;0.052037;-0.311539;0.001320;Healthy;WO905019;1794.10
2026-07-03;  ENG-008 ;121;2026-01-06 01:00:00;642.4900;1581.7900;1407.0600;553.8800;2388.0900;9043.9800;47.3700;521.3500;2388.1500;8126.6400;8.4333;393.0000;0.010311;-0.201790;0.001378;Healthy;WO616794;1,122.87
03-Jul-2026;ENG-081;173;2026-01-08 05:00:00;642.8700;1589.6200;1415.4700;552.7800;2388.1300;9068.8200;47.7900;520.7100;2388.1200;8148.6200;8.4768;394.0000;0.025662;0.647826;0.006519;Healthy;WO558535;2698.02
2026/07/03;ENG-023;96;2026-01-05 00:00:00;642.2000;1584.7300;1392.6600;554.4900;2388.0500;9053.9500;47.1500;521.6200;2388.0500;8137.3400;8.3951;392.0000;0.008663;-1.071031;0.002013;Healthy;WO209921;1644.74
2026/07/03;ENG-041;89;2026-01-04 17:00:00;642.5000;1587.5700;1402.1900;553.6200;2388.1300;9043.4700;47.4100;521.3400;2388.1300;8122.8800;8.4549;392.0000;0.012695;-0.351315;0.003345;healthy;WO694165;2371.77
2026/07/03;ENG-034;138;2026-01-06 18:00:00;642.9700;1586.7900;1412.9800;554.3000;2388.0900;9063.4200;47.2500;521.0800;2388.0700;8143.9800;8.4377;392.0000;0.037892;-0.360785;0.002261;Healthy;WO963406;1824.38
03-Jul-2026;ENG-020;149;2026-01-07 05:00:00;643.0100;1585.7700;1413.0400;552.5100;2388.1600;9065.6800;47.6200;521.1100;2388.1000;8147.2900;8.4343;395.0000;0.024233;0.427393;0.003127;Healthy;WO479647;1637.20
2026/07/03;  ENG-018 ;130;2026-01-06 10:00:00;642.5400;1591.3600;1411.6000;553.3000;2388.1300;9060.5900;47.5800;520.8500;2388.1100;8135.5600;8.4762;393.0000;-0.003785;0.379983;0.002768;Healthy;WO911581;2827.99
2026/07/03;ENG-019;100;2026-01-05 04:00:00;642.9300;1580.6500;1397.9000;554.9900;2388.0000;9063.8700;47.2100;521.9800;2387.9900;8142.4900;8.4014;392.0000;0.036034;-0.877994;;Healthy;WO414525;1210.00
2026-07-03;  ENG-095 ;71;2026-01-03 23:00:00;642.0900;1586.0400;1396.8900;554.3000;2388.0700;9047.8500;47.3500;521.9000;2388.0200;8132.9800;8.4013;392.0000;-0.001028;-0.868856;0.001544;healthy;WO259018;1536.06
03-Jul-2026;ENG-010;145;2026-01-07 01:00:00;642.5100;1581.1400;1406.3700;554.5400;2388.0500;9058.4200;47.3000;522.1100;2388.0100;8140.5100;8.4272;392.0000;0.027070;-0.702978;0.001554;Healthy;WO882547;2075.63
03-Jul-2026;ENG-099;85;2026-01-04 13:00:00;641.6200;1584.6200;1400.8400;554.3400;2388.0100;9064.6200;47.3000;522.5200;2388.0200;8148.3600;8.3969;390.0000;0.059934;-1.190682;0.002013;Healthy;WO601397;622.01
2026/07/03;ENG-055;79;2026-01-04 07:00:00;642.4000;1585.7100;1399.3900;554.2700;2388.0700;9055.3900;47.2300;522.1900;2388.0100;8138.8400;8.4147;391.0000;0.033899;-0.821937;0.000345;Healthy;WO139739;388.36
2026-07-03;ENG-025;40;2026-01-02 16:00:00;642.7100;1582.4100;1400.7800;553.3100;2388.0200;9050.0700;47.3600;521.8800;2388.0200;8130.4700;8.4601;392.0000;0.040595;-0.560466;0.002373;Healthy;WO623852;529.25
2026/07/03;ENG-016;111;2026-01-05 15:00:00;642.2200;1583.1400;1398.0500;554.0700;2388.0900;9064.5200;47.3300;521.3100;2388.0300;8141.5200;8.4308;393.0000;0.039731;-0.487684;0.002705;Healthy;WO309288;1,074.52
2026-07-03;ENG-058;130;2026-01-06 10:00:00;642.8000;1592.8600;1413.5900;553.2900;2388.1200;9053.7700;47.5400;521.3000;2388.0900;8133.9400;8.4332;394.0000;0.020143;0.147337;0.003267;Healthy;WO618549;2,478.56
03-Jul-2026;ENG-017;137;2026-01-06 17:00:00;642.5400;1589.4700;1404.0400;553.8100;2388.0100;9076.2700;47.3200;521.4900;2388.0400;8160.6400;8.4655;391.0000;0.084638;-0.500837;0.005647;Healthy;WO157696;1912.56
03-Jul-2026;ENG-068;155;2026-01-07 11:00:00;643.0600;1597.5400;1415.4800;553.1900;2388.0700;9074.6700;47.4800;521.4600;2388.1300;8150.0300;8.4520;393.0000;0.082575;0.360564;0.002818;Warning;WO347579;19937.23
2026-07-03;ENG-031;168;2026-01-08 00:00:00;643.4000;1596.0900;1420.1800;552.7800;2388.0600;9073.2200;47.7500;521.0300;2388.0900;8151.8700;8.4826;396.0000;0.169366;0.903882;0.005652;Warning;WO418495;5060.85
2026-07-03;  ENG-052 ;157;2026-01-07 13:00:00;642.7600;1585.9400;1406.9100;553.9400;2388.0100;9076.9200;47.4400;521.6200;2388.0000;8157.8300;8.4200;392.0000;0.082100;-0.534306;0.006596;Healthy;WO854934;119.61
03-Jul-2026;  ENG-041 ;107;2026-01-05 11:00:00;643.0200;1591.6400;1410.9100;553.1200;2388.1200;9043.0400;47.5600;521.0800;2388.0900;8124.3800;8.4207;392.0000;0.004646;0.084979;0.001933;HEALTHY;WO498828;1,984.67
2026/07/03;eng-042;125;2026-01-06 05:00:00;642.6200;1583.7100;1410.5200;552.5200;2388.1100;9042.3000;47.5900;521.6000;2388.1800;8118.6700;8.4319;392.0000;-0.012200;0.101424;0.001206;healthy;WO617416;1593.69
2026/07/03;ENG-058;171;2026-01-08 03:00:00;642.5300;1596.0200;1415.2900;553.0200;2388.1700;9059.3500;47.7000;520.6400;2388.1800;8136.8500;8.4346;393.0000;-0.018156;0.479455;0.003160;WARNING;WO849105;21927.71
03-Jul-2026;ENG-013;148;2026-01-07 04:00:00;641.8600;1585.9000;1406.2900;553.6600;2388.0100;9068.2000;47.2400;522.1100;2388.0700;8146.9100;8.4173;392.0000;0.036577;-0.830394;0.002043;Healthy;WO652329;648.15
2026-07-03;  ENG-095 ;72;2026-01-04 00:00:00;641.9500;1583.9500;1400.5700;553.8900;2388.0900;9048.7500;47.4000;521.8900;2388.0500;8129.4800;8.4100;393.0000;0.006481;-0.742223;0.002114;Healthy;WO931038;494.95
2026/07/03;  ENG-072 ;111;2026-01-05 15:00:00;642.0800;1588.6200;1404.8200;554.5300;2388.1000;9067.3000;47.5100;521.4200;2388.0200;8148.0300;8.4363;394.0000;0.062129;-0.343752;0.000846;Healthy;WO714064;
2026-07-03;ENG-027;118;2026-01-05 22:00:00;642.1600;1582.6600;1398.4400;554.2400;2388.0500;9051.9900;47.4400;521.5800;2388.1100;8131.5000;8.4260;392.0000;0.003358;-0.734649;0.002990;Healthy;WO201148;752.71
03-Jul-2026;eng-080;109;2026-01-05 13:00:00;642.6900;1591.1000;1412.7200;554.3200;2388.0400;9066.7600;47.5200;521.7500;2388.1100;8142.0400;8.4198;392.0000;0.061636;-0.339746;0.001716;Warning;WO134489;3,036.67
03-Jul-2026;ENG-076;148;2026-01-07 04:00:00;642.4200;1586.0500;1403.2400;553.7500;2388.0800;9065.2600;47.5900;521.6600;2388.0800;8148.2600;8.4362;392.0000;0.069318;-0.391423;0.002850;Healthy;WO259195;2068.81
2026/07/03;ENG-015;59;2026-01-03 11:00:00;642.5200;1588.8500;1402.0700;554.2300;2388.0000;9052.3700;47.2500;522.0600;2388.0200;8134.3800;8.4240;392.0000;0.025072;-0.797260;0.001145;Healthy;WO210007;933.80
2026-07-03;ENG-094;107;2026-01-05 11:00:00;642.7400;1593.8300;1407.9400;553.4300;2388.1100;9060.0000;47.5900;520.8700;2388.1200;8136.5700;8.4646;393.0000;0.026860;0.234791;0.002493;healthy;WO926741;1934.49
2026/07/03;  ENG-080 ;111;2026-01-05 15:00:00;642.6900;1591.9000;1404.1400;554.0200;2388.1200;9063.3800;47.5300;521.3900;2388.1000;8143.8000;8.4277;392.0000;0.065968;-0.124997;0.001407;Healthy;WO550220;2,979.84
2026/07/03;ENG-084;165;2026-01-07 21:00:00;642.5700;1584.3400;1415.6600;553.0000;2388.1500;9049.4500;47.6400;521.5400;2388.1300;8134.9500;8.4478;394.0000;-0.015356;0.332135;0.000884;healthy;WO907147;1262.90
2026-07-03;ENG-046;126;2026-01-06 06:00:00;642.8300;1587.8900;1409.7900;552.9800;2388.0600;9070.9800;47.8600;520.8000;2388.1200;8151.4300;8.4727;394.0000;0.058490;0.421120;0.005696;Healthy;WO916034;277.11
2026-07-03;ENG-040;96;2026-01-05 00:00:00;642.9400;1595.4400;1409.1300;552.9700;2388.1200;9061.5900;47.7700;521.2200;2388.1900;8133.5800;8.4667;395.0000;0.000584;0.568926;0.001208;Warning;WO895075;13559.07
03-Jul-2026;ENG-007;128;2026-01-06 08:00:00;642.4600;1584.4000;1404.3600;554.2800;2388.0200;9061.5400;47.1300;521.9200;2388.0700;8143.7400;8.4205;392.0000;0.018293;-0.873860;0.003078;Healthy;WO920441;
03-Jul-2026;ENG-060;140;2026-01-06 20:00:00;642.9000;1587.4100;1409.0100;553.6000;2388.1600;9049.9800;47.4900;521.2800;2388.0800;8130.9600;8.4169;391.0000;0.024068;-0.071607;0.001236;Healthy;WO607618;2,292.82
2026/07/03;ENG-089;149;2026-01-07 05:00:00;642.3800;1592.4100;1403.4400;553.1600;2388.1400;9053.1600;47.5800;521.9200;2388.1200;8126.9100;8.4347;393.0000;0.057196;-0.134694;0.002681;Warning;WO781229;21592.14
2026/07/03;ENG-091;179;2026-01-08 11:00:00;643.0400;1591.4600;1413.5200;552.6600;2388.2100;9040.5700;47.8500;520.9000;2388.1900;8129.4700;8.4916;394.0000;-0.243742;0.896594;0.006035;WARNING;WO905121;16432.21
2026/07/03;ENG-020;150;2026-01-07 06:00:00;643.1200;1591.8100;1413.5600;552.7900;2388.1200;9056.4400;47.5700;520.3700;2388.1000;8144.2700;8.4781;393.0000;0.001372;0.488470;0.001549;Warning;WO317698;3,109.91
2026-07-03;  ENG-083 ;67;2026-01-03 19:00:00;642.0300;1583.7100;1410.4000;553.9200;2388.0400;9056.6300;47.4500;521.4200;2388.0500;8136.1000;8.4177;393.0000;0.037179;-0.491572;0.001257;Healthy;WO754449;903.46
03-Jul-2026;ENG-093;179;2026-01-08 11:00:00;642.7400;1597.0000;1411.2800;552.7600;2388.0900;9055.4400;47.7900;521.3400;2388.1900;8142.3400;8.4371;393.0000;0.033077;0.397458;0.003129;Healthy;WO980085;196.89
03-Jul-2026;ENG-052;131;2026-01-06 11:00:00;641.7100;1587.0500;1401.0800;553.7200;2388.0000;9061.1600;47.2100;522.9400;2387.9900;8149.1200;8.3722;391.0000;0.062141;-1.207832;0.001922;Healthy;WO302252;532.42
2026-07-03;ENG-043;170;2026-01-08 02:00:00;643.0800;1590.2300;1407.7200;552.9100;2388.1200;9057.0100;47.8500;521.0900;2388.1200;8134.6700;8.4296;394.0000;0.006001;0.377111;0.001057;healthy;WO252919;2958.90
2026-07-03;ENG-051;119;2026-01-05 23:00:00;642.8400;1591.6000;1407.8900;553.5400;2388.0900;9048.6500;47.5900;521.8100;2388.1400;8125.1200;8.4297;393.0000;0.024220;0.054510;0.001375;Healthy;WO242343;143.35
03-Jul-2026;ENG-021;143;2026-01-06 23:00:00;642.1200;1584.8700;1399.9100;554.0400;2388.0500;9092.9300;47.4000;521.9900;2388.0400;8163.9500;8.4415;393.0000;0.085669;-0.721663;0.004709;Healthy;WO499396;1,009.57
2026-07-03;ENG-041;103;2026-01-05 07:00:00;642.5400;1589.0600;1399.9300;553.9200;2388.1500;9041.2600;47.3100;521.1000;2388.1400;8126.7000;8.4493;393.0000;0.000393;-0.111100;0.009765;Healthy;WO185761;101.55
2026-07-03;ENG-054;87;2026-01-04 15:00:00;642.5400;1583.7800;1394.4000;554.8800;2388.0000;9059.8000;47.0900;522.2100;2388.0300;8138.7100;8.3935;392.0000;0.018085;-1.153147;0.003088;Healthy;WO788466;67.79
03-Jul-2026;ENG-063;108;2026-01-05 12:00:00;642.6200;1587.8900;1403.0900;552.9300;2388.1300;9053.0400;47.5400;520.9700;2388.1300;8129.7800;8.4425;393.0000;0.019794;0.036509;0.003664;Healthy;WO440967;2354.87
2026/07/03;  ENG-031 ;186;2026-01-08 18:00:00;643.3100;1599.3000;1418.3800;551.3400;2388.1700;9080.4900;48.0500;520.6100;2388.1700;8150.7200;8.5030;395.0000;-0.171384;1.348655;0.029536;Warning;WO150578;17137.41
2026-07-03;ENG-045;135;2026-01-06 15:00:00;642.5900;1593.0600;1413.6400;552.3800;2388.0900;9061.7900;47.5500;521.0900;2388.1000;8139.0800;8.4520;395.0000;0.035342;0.329280;0.003293;healthy;WO173882;1625.72
2026/07/03;ENG-012;185;2026-01-08 17:00:00;642.7700;1591.1000;1402.4300;554.2500;2388.0600;9066.8600;47.2000;521.4300;2388.0400;8142.5300;8.4098;392.0000;0.036430;-0.522171;0.002257;Healthy;WO907394;2960.46
2026-07-03;eng-064;167;2026-01-07 23:00:00;643.3500;1600.2800;1415.0100;552.0700;2388.1800;9053.4100;47.7500;520.3400;2388.1700;8136.4900;8.4610;395.0000;-0.256948;1.033313;0.004734;Warning;WO235379;6003.01
03-Jul-2026;ENG-093;206;2026-01-09 14:00:00;642.6500;1591.0500;1409.6600;552.7000;2388.1100;9066.9200;47.5900;521.2500;2388.1000;8144.6400;8.5058;393.0000;0.045222;0.438077;0.000762;Healthy;WO314593;867.47
03-Jul-2026;ENG-004;92;2026-01-04 20:00:00;642.5600;1591.0300;1403.3300;553.5600;2388.1200;9046.9600;47.4700;521.1800;2388.0500;8132.3100;8.4910;394.0000;0.020046;0.056339;0.002605;Healthy;WO266322;1,282.14
03-Jul-2026;ENG-054;107;2026-01-05 11:00:00;642.1700;1580.7500;1389.7100;554.7400;2388.0400;9057.9800;47.3300;522.4700;2387.9600;8147.0500;8.3754;392.0000;0.023431;-2.617307;0.004632;healthy;WO804595;816.45
2026/07/03;ENG-035;172;2026-01-08 04:00:00;643.4000;1595.9000;1416.5300;552.5400;2388.1200;9067.3500;48.0000;520.2400;2388.2200;8144.1400;8.4681;396.0000;-0.113070;1.061946;0.003937;Warning;WO956575;
03-Jul-2026;ENG-013;148;2026-01-07 04:00:00;641.8600;1585.9000;1406.2900;553.6600;2388.0100;9068.2000;47.2400;522.1100;2388.0700;8146.9100;8.4173;392.0000;0.036577;-0.830394;0.002043;Healthy;WO652329;648.15
2026-07-03;ENG-038;108;2026-01-05 12:00:00;642.9600;1597.7300;1411.7900;553.2300;2388.1300;9076.5700;47.5900;521.2500;2388.0900;8139.5900;8.4741;393.0000;0.063176;0.333361;0.005071;Healthy;WO984492;1232.30
03-Jul-2026;  ENG-017 ;150;2026-01-07 06:00:00;643.0800;1586.5200;1409.1700;554.0900;2388.0900;9084.2100;47.4900;522.0000;2388.0100;8169.2900;8.4171;392.0000;0.121346;-0.251609;0.010566;Healthy;WO984102;2317.12
2026-07-03;ENG-079;88;2026-01-04 16:00:00;642.9300;1585.2700;1410.2400;553.3900;2388.0700;9044.9200;47.5600;521.4700;2388.0700;8133.6800;8.4288;393.0000;0.053919;-0.129405;0.003888;Warning;WO499816;21670.69
03-Jul-2026;ENG-006;78;2026-01-04 06:00:00;643.0600;1584.3800;1404.3100;553.5900;2388.0600;9054.0200;47.4200;521.9800;2388.1200;8136.4700;8.4452;393.0000;0.055655;-0.096463;0.001044;Healthy;WO257038;1050.62
2026/07/03;ENG-070;152;2026-01-07 08:00:00;642.7100;1588.5600;1406.4900;553.0100;2388.1000;9054.8400;47.6700;521.6500;2388.1100;8133.8800;8.4349;394.0000;0.042828;0.115906;0.001411;Healthy;WO201864;2,862.60
03-Jul-2026;  ENG-049 ;250;2026-01-11 10:00:00;642.7400;1595.5700;1405.7900;553.0400;2388.1100;9063.2400;47.6500;521.2200;2388.1700;8137.6900;8.4725;394.0000;0.030167;0.360754;0.001303;HEALTHY;WO393189;2,685.69
2026/07/03;ENG-037;95;2026-01-04 23:00:00;642.7900;1586.2600;1398.0600;553.9600;2388.1100;9050.3100;47.4600;521.0700;2388.0000;8132.1700;8.4343;392.0000;0.032941;-0.349359;0.000722;healthy;WO449467;1,680.70
2026/07/03;ENG-015;61;2026-01-03 13:00:00;641.8400;1590.0600;1390.5500;553.8300;2388.0700;9056.5000;47.3500;522.6100;2388.0500;8130.5800;8.4508;393.0000;0.032213;-0.957314;0.002537;Healthy;WO968762;2,879.82
2026-07-03;ENG-064;135;2026-01-06 15:00:00;642.5500;1589.6900;1414.6500;553.1000;2388.1000;9060.2000;47.5200;520.9200;2388.1300;8132.4200;8.4227;392.0000;0.020867;0.193729;0.000965;Healthy;WO955393;2,787.91
03-Jul-2026;ENG-009;53;2026-01-03 05:00:00;642.7700;1584.8600;1409.1500;553.5300;2388.1400;9050.2200;47.7300;521.0000;2388.2000;8128.0100;8.4656;394.0000;-0.028983;0.245544;0.001856;Healthy;WO452190;2,052.17
2026-07-03;  ENG-013 ;190;2026-01-08 22:00:00;642.0900;1585.7600;1411.2300;553.2700;2388.0700;9067.4100;47.4500;521.5100;2388.0800;8139.5500;8.4246;392.0000;0.052037;-0.311539;0.001320;Healthy;WO905019;1794.10
03-Jul-2026;ENG-099;79;2026-01-04 07:00:00;642.2600;1590.9400;1400.4900;554.3500;2388.0000;9066.1500;47.1800;522.8100;2387.9800;8150.9300;8.4071;391.0000;0.067968;-1.101877;0.002970;Healthy;WO587337;683.03
2026/07/03;ENG-051;104;2026-01-05 08:00:00;642.5200;1587.6300;1405.9300;553.1800;2388.1300;9053.2600;47.5400;521.7600;2388.0900;8130.8200;8.4274;392.0000;0.047140;-0.215806;0.000727;Healthy;WO101209;
2026/07/03;ENG-073;87;2026-01-04 15:00:00;641.9400;1584.6900;1399.6300;553.9900;2388.0700;9060.3800;47.3200;521.8700;2388.0100;8134.8800;8.4161;391.0000;0.029200;-0.967846;0.001337;Healthy;WO282913;2,459.51
03-Jul-2026;ENG-030;102;2026-01-05 06:00:00;642.7600;1586.5000;1404.6300;553.0900;2388.1500;9053.9800;47.5100;521.5200;2388.1100;8133.2000;8.3959;391.0000;0.047530;-0.087717;0.001766;Healthy;WO783923;72.12
2026-07-03;eng-070;113;2026-01-05 17:00:00;642.9800;1587.6900;1404.4600;553.9700;2388.1200;9050.0900;47.4900;521.5900;2388.0300;8132.9700;8.4774;392.0000;0.050510;-0.170319;0.001443;Healthy;WO364212;2647.74
03-Jul-2026;ENG-045;125;2026-01-06 05:00:00;642.7700;1593.1200;1407.9300;553.3600;2388.1100;9064.3800;47.6700;521.1900;2388.0900;8142.3000;8.4317;393.0000;0.067754;0.100566;0.001406;Healthy;WO661463;1393.29
03-Jul-2026;ENG-076;202;2026-01-09 10:00:00;643.7200;1603.2100;1420.4700;552.3300;2388.1700;9105.9500;47.8300;519.9900;2388.1800;8177.7200;8.4726;396.0000;0.281826;1.628328;0.007979;Warning;WO262301;12985.90
2026/07/03;  ENG-091 ;189;2026-01-08 21:00:00;643.1500;1592.0800;1412.4400;552.6200;2388.1300;9054.6100;47.7200;520.4500;2388.1700;8127.4400;8.4375;393.0000;-0.040653;0.572140;0.002691;Warning;WO666027;1378.23
03-Jul-2026;ENG-082;153;2026-01-07 09:00:00;643.0500;1594.3600;1416.0500;552.6800;2388.1900;9048.6900;47.8600;520.4400;2388.2400;8125.4300;8.4923;397.0000;-0.390254;1.127215;0.009341;Warning;WO785356;24860.42
2026-07-03;eng-061;149;2026-01-07 05:00:00;642.9000;1594.1800;1413.5200;552.2000;2388.1600;9073.8700;47.9600;520.9500;2388.1800;8141.8300;8.4707;394.0000;0.004717;0.747787;0.002595;Warning;WO792250;13,271.05
2026-07-03;eng-046;133;2026-01-06 13:00:00;643.2800;1590.1400;1404.3100;553.6200;2388.1800;9076.8300;47.6300;521.7000;2388.1200;8154.2700;8.4978;395.0000;0.064675;0.413775;0.001332;Warning;WO982384;
03-Jul-2026;  ENG-003 ;105;2026-01-05 09:00:00;642.7300;1586.0900;1405.3600;552.6000;2388.1200;9050.5900;47.5900;521.1700;2388.1800;8126.2700;8.4394;395.0000;-0.009771;0.220947;0.004226;Healthy;WO578857;1766.67
03-Jul-2026;ENG-016;84;2026-01-04 12:00:00;641.9500;1588.3400;1401.4300;553.9400;2388.0400;9055.8600;47.3400;522.2000;2388.0100;8139.5000;8.4213;393.0000;0.038825;-0.738366;0.000546;Healthy;WO644728;1,016.68
2026/07/03;ENG-017;138;2026-01-06 18:00:00;642.1000;1590.0000;1412.4700;553.8600;2388.0800;9080.8500;47.3400;521.6000;2388.0300;8157.4200;8.4094;393.0000;0.073064;-0.466765;0.001085;Healthy;WO772182;2,218.04
2026/07/03;eng-020;133;2026-01-06 13:00:00;642.3500;1591.5800;1413.8300;553.3200;2388.0900;9063.4000;47.3900;520.9200;2388.1200;8139.7400;8.4344;393.0000;0.047779;0.096288;0.001941;Healthy;WO321512;2,388.28
2026/07/03;ENG-016;109;2026-01-05 13:00:00;642.5000;1588.2600;1402.5700;554.1700;2388.0400;9058.8600;47.2700;521.6500;2388.0500;8150.5400;8.4105;391.0000;0.028949;-0.766684;0.000000;healthy;WO751340;1719.82
2026-07-03;eng-053;135;2026-01-06 15:00:00;642.3900;1593.9300;1413.0600;553.4400;2388.1100;9081.1200;47.6300;521.8100;2388.0600;8149.5600;8.4384;393.0000;0.110671;0.103112;0.002011;Warning;WO335977;9748.70
03-Jul-2026;ENG-061;127;2026-01-06 07:00:00;642.4700;1589.1800;1411.5700;553.1400;2388.0900;9065.7700;47.5400;521.5200;2388.1200;8146.8300;8.4313;392.0000;0.082100;-0.016517;0.002793;warning;WO708499;12,140.23
03-Jul-2026;  ENG-036 ;99;2026-01-05 03:00:00;642.6400;1601.2600;1414.1900;552.9100;2388.1400;9064.7000;47.6000;521.0300;2388.0900;8132.8300;8.4771;396.0000;-0.009498;0.662656;0.008566;Warning;WO688891;5843.35
2026/07/03;ENG-093;198;2026-01-09 06:00:00;642.7700;1592.4500;1411.0800;553.2800;2388.0800;9066.7500;47.7600;521.0000;2388.1200;8144.3400;8.4633;392.0000;0.063924;0.228881;0.001010;Warning;WO933485;18,271.61
03-Jul-2026;ENG-055;78;2026-01-04 06:00:00;642.6700;1586.5800;1401.6900;553.6000;2387.9800;9062.2700;47.3700;522.0400;2388.0700;8139.6100;8.4021;391.0000;0.034522;-0.837711;0.000423;healthy;WO103189;1414.84
03-Jul-2026;  ENG-049 ;207;2026-01-09 15:00:00;642.7100;1590.2600;1407.8400;553.9900;2388.0800;9065.7400;47.6100;522.4400;2388.0400;8142.0600;8.4507;392.0000;0.085096;-0.349776;0.003150;Healthy;WO652202;2223.15
2026/07/03;  ENG-090 ;133;2026-01-06 13:00:00;642.3100;1587.0800;1408.5300;553.5900;2388.1300;9078.5600;47.6900;521.4900;2388.1400;8149.2300;8.4678;394.0000;0.069212;0.207323;0.002441;Healthy;WO456515;1,869.51
03-Jul-2026;ENG-070;110;2026-01-05 14:00:00;642.8100;1589.5700;1411.9100;553.3900;2388.1700;9050.1300;47.6100;521.8100;2388.1300;8134.2500;8.4329;395.0000;0.006148;0.182104;0.000750;healthy;WO344956;1,827.95
2026/07/03;ENG-035;133;2026-01-06 13:00:00;643.1100;1593.5300;1417.9400;552.9300;2388.1300;9061.8800;47.8000;521.0100;2388.1900;8136.3000;8.4526;395.0000;-0.034105;0.750377;0.005259;Warning;WO128459;13,997.55
2026-07-03;ENG-003;98;2026-01-05 02:00:00;642.4600;1596.3000;1409.7400;552.6600;2388.1400;9050.8800;47.5300;521.4700;2388.1600;8129.6900;8.4624;394.0000;0.017308;0.237440;0.002925;Healthy;WO831702;
2026/07/03;ENG-027;96;2026-01-05 00:00:00;642.3200;1577.9500;1403.9200;553.9500;2388.0300;9049.2000;47.2900;521.5200;2388.0600;8127.0600;8.4144;392.0000;-0.006313;-0.727212;0.004772;Healthy;WO854397;2,658.33
2026-07-03;ENG-027;100;2026-01-05 04:00:00;641.9700;1580.1800;1400.1300;554.7500;2388.0500;9052.7500;47.3000;521.7900;2388.0600;8134.2200;8.4339;393.0000;-0.002217;-0.925083;0.003312;Healthy;WO115011;2260.59
03-Jul-2026;eng-017;142;2026-01-06 22:00:00;642.5200;1589.6300;1404.4400;553.5600;2388.0300;9081.3900;47.3600;522.0300;2388.0500;8165.8900;8.4460;393.0000;0.096108;-0.528538;0.005060;warning;WO623598;
03-Jul-2026;ENG-001;26;2026-01-02 02:00:00;642.4800;1583.2800;1408.0700;554.5900;2388.0800;9053.4300;47.3300;521.9500;2388.0700;8129.1200;8.3949;391.0000;-0.001650;-0.683552;0.006478;Healthy;WO858382;809.42
03-Jul-2026;  ENG-062 ;203;2026-01-09 11:00:00;642.4300;1584.7600;1406.8200;553.8500;2388.0200;9074.7700;47.4800;521.5700;2388.0100;8153.3900;8.4323;394.0000;0.077502;-0.456769;0.006164;Healthy;WO622958;289.86
2026/07/03;  ENG-056 ;114;2026-01-05 18:00:00;642.9100;1589.7700;1423.6500;551.5800;2388.2600;9046.3600;48.0300;520.3400;2388.1900;8120.9900;8.5037;394.0000;-0.685773;1.357125;0.011830;Warning;WO608838;3,646.92
2026-07-03;ENG-070;118;2026-01-05 22:00:00;642.2300;1593.2100;1411.2000;553.5000;2388.0900;9050.2000;47.4000;521.1700;2388.1300;8136.2900;8.4478;392.0000;0.046945;-0.076619;0.001837;Healthy;WO876215;1688.75
2026-07-03;eng-074;115;2026-01-05 19:00:00;642.7000;1588.5900;1406.1900;553.2100;2388.1200;9062.7700;47.6000;521.0400;2388.0600;8133.3700;8.3938;393.0000;0.046270;0.004025;0.002109;Warning;WO596207;24291.83
2026/07/03;ENG-043;138;2026-01-06 18:00:00;642.5100;1591.8500;1408.5600;554.0700;2388.0800;9057.9700;47.6100;521.5200;2388.0900;8129.3900;8.4623;393.0000;0.049777;-0.041417;0.001000;Healthy;WO683797;1203.59
2026-07-03;  ENG-081 ;177;2026-01-08 09:00:00;643.2400;1583.2600;1415.3400;552.0800;2388.1600;9076.4400;47.6500;520.9700;2388.1200;8145.9100;8.4272;395.0000;0.022635;0.606739;0.004465;healthy;WO720939;567.61
03-Jul-2026;  ENG-031 ;138;2026-01-06 18:00:00;642.3700;1591.0700;1406.3100;552.9800;2388.0900;9069.6900;47.4700;521.6000;2388.1000;8153.8100;8.4266;390.0000;0.085853;-0.241139;0.002219;Healthy;WO721554;2172.66
2026-07-03;ENG-016;83;2026-01-04 11:00:00;642.1200;1581.5300;1399.4600;554.2600;2388.0700;9059.4100;47.1500;521.9900;2388.0500;8138.3800;8.4202;393.0000;0.011643;-0.996035;0.001875;Healthy;WO348707;200.73
2026-07-03;ENG-011;61;2026-01-03 13:00:00;643.0800;1594.3500;1414.8000;553.3700;2388.1400;9037.8200;47.7100;521.4000;2388.1400;8119.5300;8.4538;392.0000;-0.033749;0.257584;0.003107;Healthy;WO191187;2584.32
2026/07/03;ENG-082;146;2026-01-07 02:00:00;643.2200;1593.5500;1421.2600;552.6600;2388.1900;9055.4300;47.7000;520.5600;2388.1300;8133.3100;8.4564;393.0000;-0.056288;0.748227;0.009357;Warning;WO261858;1,747.76
2026/07/03;ENG-093;212;2026-01-09 20:00:00;641.8700;1595.6800;1411.6700;552.6100;2388.1600;9071.0000;47.8700;521.1200;2388.1300;8142.5400;8.4671;394.0000;0.013755;0.555815;0.004056;Healthy;WO889791;2,470.33
2026/07/03;ENG-091;201;2026-01-09 09:00:00;643.1600;1590.7800;1418.9700;551.9800;2388.1800;9046.3200;47.8300;520.9900;2388.1700;8120.5800;8.4900;393.0000;-0.167624;0.810277;0.008524;Warning;WO599527;7489.03
2026/07/03;ENG-061;115;2026-01-05 19:00:00;642.0900;1583.1200;1404.0900;552.7800;2388.0700;9066.1300;47.4400;521.1300;2388.1000;8145.8300;8.4689;393.0000;0.068662;-0.135107;0.001708;Healthy;WO841087;1,529.68
2026-07-03;eng-049;245;2026-01-11 05:00:00;642.4600;1591.6100;1410.6200;553.6500;2388.1500;9050.8300;47.3400;521.7300;2388.1000;8139.6700;8.4625;393.0000;0.049864;-0.067887;0.000923;Healthy;WO419437;505.60
2026/07/03;eng-077;162;2026-01-07 18:00:00;642.7900;1593.8100;1418.6200;552.2400;2388.2500;9045.4300;47.8100;520.1600;2388.2100;8128.1600;8.4543;396.0000;-0.337457;1.001277;;Warning;WO649086;19871.09
2026/07/03;  ENG-031 ;163;2026-01-07 19:00:00;642.9400;1592.3600;1414.7600;552.9100;2388.1700;9074.9600;47.7700;520.8700;2388.1700;8148.1500;8.4677;393.0000;0.018776;0.699877;0.002277;Warning;WO372743;15289.21
2026-07-03;ENG-010;165;2026-01-07 21:00:00;642.3700;1590.6600;1407.5500;554.2800;2388.0800;9054.7700;47.4300;522.3600;2388.0100;8148.0300;8.4311;392.0000;0.054166;-0.632750;0.001257;HEALTHY;WO605279;2121.93
03-Jul-2026;ENG-087;56;2026-01-03 08:00:00;642.1800;1584.3300;1391.4800;554.3900;2388.0400;9056.9900;47.4000;522.1500;2388.0200;8146.9400;8.4313;393.0000;0.040937;-0.795519;0.001998;Healthy;WO308860;1,813.26
2026-07-03;ENG-043;152;2026-01-07 08:00:00;642.3800;1590.9800;1403.6200;553.6200;2388.1200;9058.2200;47.4800;521.6700;2388.1500;8133.1500;8.4255;394.0000;0.049345;-0.112553;0.001896;Healthy;WO275859;2,828.99
2026/07/03;ENG-059;79;2026-01-04 07:00:00;642.3200;1579.4600;1406.1900;553.9200;2388.0500;9063.0600;47.2800;522.0700;2388.0200;8140.8100;8.3867;391.0000;0.026325;-0.950018;;Healthy;WO638881;1633.09
2026/07/03;ENG-066;108;2026-01-05 12:00:00;642.4100;1594.1400;1407.9000;553.0500;2388.0600;9080.4600;47.5200;521.6500;2388.0900;8155.5100;8.4572;394.0000;0.128749;0.185297;0.004276;Warning;WO527790;1575.59
2026-07-03;  ENG-036 ;97;2026-01-05 01:00:00;642.9200;1586.6000;1417.4400;553.2100;2388.1100;9060.9000;47.7900;520.7300;2388.2000;8141.6300;8.4409;393.0000;0.004515;0.410721;0.000992;Healthy;WO761194;1446.14
2026/07/03;  ENG-084 ;116;2026-01-05 20:00:00;642.4700;1585.3400;1408.2200;553.8500;2388.0800;9054.0500;47.5800;521.3700;2388.1200;8136.1000;8.4545;393.0000;0.041855;-0.063063;0.000971;Warning;WO981956;18,373.95
03-Jul-2026;eng-084;172;2026-01-08 04:00:00;643.3900;1588.7000;1412.7300;552.4700;2388.1600;9050.5700;47.6000;520.8800;2388.2200;8130.6100;8.4791;395.0000;-0.146929;0.767077;0.007793;Warning;WO936837;22628.86
2026-07-03;ENG-060;99;2026-01-05 03:00:00;642.1900;1597.2200;1405.7400;552.8500;2388.1000;9058.6200;47.3200;521.7200;2388.0700;8131.5000;8.4465;394.0000;0.072256;-0.083250;0.001536;Healthy;WO205712;2407.21
03-Jul-2026;ENG-045;107;2026-01-05 11:00:00;642.9100;1588.6300;1410.4500;553.2800;2388.1500;9062.9500;47.4300;521.6900;2388.1400;8136.4900;8.4544;392.0000;0.046829;0.102597;0.001355;Healthy;WO617356;1,942.21
03-Jul-2026;eng-096;71;2026-01-03 23:00:00;642.5100;1583.7700;1402.9900;553.8200;2387.9800;9064.3900;47.3400;522.1300;2388.0300;8147.9100;8.4063;391.0000;0.049892;-0.895624;0.001337;Healthy;WO604246;1736.13
2026-07-03;ENG-028;111;2026-01-05 15:00:00;642.6700;1583.8400;1403.3900;553.6900;2388.1500;9052.4600;47.5500;521.9600;2388.0500;8133.6400;8.4297;393.0000;0.046700;-0.263679;0.001624;Healthy;WO162550;2783.03
2026/07/03;  ENG-030 ;99;2026-01-05 03:00:00;643.4000;1588.2300;1400.3100;553.6000;2388.0900;9043.7700;47.6000;520.5800;2388.0700;8131.9400;8.4554;393.0000;0.012811;0.063130;0.002706;Healthy;WO757968;
2026/07/03;ENG-079;91;2026-01-04 19:00:00;642.3800;1599.1800;1409.8300;553.8600;2388.1400;9048.5100;47.4500;521.1300;2388.0700;8130.3400;8.4147;394.0000;0.016201;0.002649;0.002697;Healthy;WO310126;1598.50
2026/07/03;eng-076;163;2026-01-07 19:00:00;642.3900;1591.0500;1416.0800;552.9300;2388.1500;9076.3900;47.5600;521.2100;2388.1000;8154.5000;8.4305;393.0000;0.083531;0.155728;0.000930;Healthy;WO799575;1,171.06
03-Jul-2026;ENG-060;128;2026-01-06 08:00:00;642.3600;1592.2900;1408.8800;553.8300;2388.1000;9055.6500;47.6300;521.5100;2388.0900;8130.2200;8.4393;393.0000;0.059116;-0.190552;0.001587;Healthy;WO699150;2,028.93
2026/07/03;ENG-098;109;2026-01-05 13:00:00;641.9600;1592.8800;1401.8700;553.4900;2388.0800;9060.3600;47.7100;520.9200;2388.0600;8141.7700;8.4594;393.0000;0.070449;0.002730;0.001732;Healthy;WO475531;2,238.22
2026-07-03;ENG-007;109;2026-01-05 13:00:00;642.0700;1580.4000;1401.3800;554.4700;2388.0200;9062.1600;46.9600;522.1700;2388.0600;8139.3300;8.3905;393.0000;-0.006343;-1.111638;0.006413;Healthy;WO564001;2,953.04
2026/07/03;ENG-013;132;2026-01-06 12:00:00;642.3200;1582.8200;1397.3200;554.1600;2388.0500;9062.8400;47.2200;521.5400;2388.0300;8144.2800;8.4431;393.0000;0.029229;-0.682255;0.000345;Healthy;WO530545;2717.30
2026/07/03;ENG-059;78;2026-01-04 06:00:00;641.4600;1583.1200;1401.5000;554.5500;2388.0500;9058.8100;47.2400;522.2800;2388.0200;8143.8300;8.4223;391.0000;-0.017694;-2.604814;0.004580;Healthy;WO556564;2717.62
03-Jul-2026;ENG-053;157;2026-01-07 13:00:00;642.8800;1598.9500;1410.1600;552.1700;2388.1000;9102.6400;47.7100;521.3600;2388.0600;8173.9400;8.4547;394.0000;0.360015;0.622311;;Warning;WO197780;11310.81
03-Jul-2026;  ENG-076 ;161;2026-01-07 17:00:00;642.9900;1590.0200;1409.0000;553.4300;2388.1100;9080.2900;47.6700;521.7100;2388.0400;8155.1900;8.4461;395.0000;0.113894;0.180025;0.011279;Healthy;WO821838;2,646.92
2026/07/03;  ENG-024 ;130;2026-01-06 10:00:00;642.5000;1582.6700;1407.4700;554.3500;2387.9600;9087.9500;47.6100;522.3700;2388.0800;8160.0200;8.4366;392.0000;0.100574;-0.506377;0.012456;Healthy;WO257492;2073.45
2026/07/03;ENG-007;129;2026-01-06 09:00:00;642.0700;1580.1300;1399.6800;553.8000;2387.9900;9069.2600;47.0300;521.9700;2388.0400;8151.4700;8.3928;393.0000;-0.021239;-2.607472;0.005736;Healthy;WO120936;721.44
2026-07-03;eng-006;76;2026-01-04 04:00:00;643.0200;1591.1600;1413.6600;552.7500;2388.0800;9051.7300;47.4700;521.3700;2388.0900;8135.0700;8.4554;393.0000;0.035372;0.169906;0.000822;Healthy;WO767433;529.57
2026/07/03;ENG-058;175;2026-01-08 07:00:00;643.4700;1592.8300;1419.2100;551.9900;2388.2000;9049.1800;47.7100;520.8100;2388.1600;8131.1300;8.4813;394.0000;-0.216366;0.934994;0.004974;Warning;WO873882;13027.25
03-Jul-2026;ENG-027;115;2026-01-05 19:00:00;642.3800;1594.5300;1396.5800;553.2000;2388.1400;9055.3000;47.5800;521.6900;2388.0600;8133.4100;8.4129;393.0000;0.052627;-0.304384;0.001608;Warning;WO409557;6367.78
2026/07/03;ENG-031;195;2026-01-09 03:00:00;643.5700;1603.8200;1426.4400;551.9300;2388.1600;9091.7600;47.9100;519.8400;2388.2000;8151.1400;8.4715;396.0000;-0.160846;1.562782;0.030835;Warning;WO266476;18696.24
2026-07-03;eng-040;97;2026-01-05 01:00:00;642.7600;1590.7200;1411.6100;552.8700;2388.1300;9058.0900;47.8400;521.0300;2388.2100;8135.3600;8.4955;394.0000;-0.024785;0.578157;0.002064;Healthy;WO530492;
2026-07-03;ENG-094;103;2026-01-05 07:00:00;642.8900;1593.4600;1408.4800;553.3300;2388.0500;9067.0900;47.6100;521.2100;2388.1600;8132.1000;8.4571;392.0000;0.052560;0.191160;0.001610;Warning;WO858759;23257.25
2026-07-03;eng-008;130;2026-01-06 10:00:00;642.5800;1586.0600;1414.2700;553.0600;2388.1200;9056.1500;47.4900;521.2100;2388.1100;8126.4100;8.4255;393.0000;0.003123;0.163264;0.001795;healthy;WO597814;
2026/07/03;ENG-042;113;2026-01-05 17:00:00;642.1000;1585.1600;1406.8200;553.6100;2388.1400;9052.5200;47.4800;521.6500;2388.1300;8133.1200;8.4508;393.0000;0.042679;-0.177825;;Healthy;WO212451;1220.72
2026-07-03;ENG-015;74;2026-01-04 02:00:00;642.0300;1599.6600;1397.8800;554.7400;2388.0400;9057.6800;47.2700;521.7700;2388.0200;8135.4400;8.4200;393.0000;0.027058;-0.725596;0.001891;Healthy;WO732248;2,161.56
2026-07-03;ENG-070;122;2026-01-06 02:00:00;642.4000;1595.4300;1412.7600;554.3900;2388.0900;9056.1400;47.5300;521.3900;2388.1100;8127.5300;8.4460;393.0000;0.032701;-0.035194;0.002503;Healthy;WO360028;2266.47
2026-07-03;eng-035;187;2026-01-08 19:00:00;643.2500;1595.0900;1421.2000;552.6200;2388.1900;9075.8000;48.1200;520.0500;2388.2200;8153.0200;8.5275;395.0000;-0.261630;1.490530;0.011575;Warning;WO533454;16,733.48
2026/07/03;ENG-095;68;2026-01-03 20:00:00;641.9400;1585.6800;1405.4600;553.4800;2388.0600;9042.3100;47.5200;521.8900;2388.0600;8125.2400;8.4118;392.0000;0.014489;-0.626611;0.000880;Healthy;WO705941;1,222.76
2026/07/03;  ENG-079 ;86;2026-01-04 14:00:00;642.9300;1592.8200;1402.1700;553.8400;2388.0700;9041.7900;47.4100;521.6600;2388.0300;8129.2200;8.4282;391.0000;0.034680;-0.327477;0.002050;Healthy;WO947876;2526.85
2026-07-03;ENG-010;177;2026-01-08 09:00:00;642.6600;1588.0200;1407.2300;553.3200;2388.0800;9060.6200;47.4900;522.0200;2388.1500;8140.4800;8.4336;392.0000;0.063593;-0.238709;0.000737;Healthy;WO698841;885.82
03-Jul-2026;ENG-049;296;2026-01-13 08:00:00;643.1600;1591.9900;1413.9700;552.3600;2388.1700;9043.7600;48.0100;520.0000;2388.2200;8133.8300;8.5293;394.0000;-0.430277;1.177810;0.005415;Warning;WO919485;18,187.41
2026-07-03;ENG-091;209;2026-01-09 17:00:00;642.8400;1586.2900;1419.3200;552.3400;2388.1900;9050.5100;48.0000;520.6100;2388.1600;8129.5900;8.4686;394.0000;-0.153818;0.801061;0.006560;Warning;WO493901;14571.73
2026-07-03;ENG-046;109;2026-01-05 13:00:00;642.6700;1585.1600;1406.1800;554.0200;2388.0900;9066.1100;47.5600;521.6900;2388.1400;8149.1400;8.4500;393.0000;0.074690;-0.041745;0.000429;Healthy;WO716572;2697.43
2026-07-03;ENG-054;90;2026-01-04 18:00:00;642.6800;1582.1200;1389.3000;554.0200;2387.9800;9060.9800;47.1900;522.4500;2387.9300;8134.7000;8.4213;391.0000;0.077293;-1.153711;0.000691;Healthy;WO812581;339.71
2026/07/03;ENG-012;166;2026-01-07 22:00:00;642.3500;1585.2500;1401.8000;553.9900;2388.0600;9063.1300;47.4500;521.9300;2388.1000;8143.6700;8.3964;393.0000;0.037172;-0.603392;0.001777;Healthy;WO270934;839.53
2026/07/03;  ENG-024 ;167;2026-01-07 23:00:00;642.7900;1590.0800;1410.1400;552.8900;2388.0100;9116.5300;47.4800;521.3400;2388.1000;8186.1900;8.4081;393.0000;0.390511;0.130678;0.017147;warning;WO287153;3,481.98
2026/07/03;ENG-089;153;2026-01-07 09:00:00;642.3600;1589.7600;1406.9600;554.2100;2388.0500;9055.8600;47.4200;520.8400;2388.1300;8130.4700;8.4707;392.0000;0.029264;-0.022782;0.001357;Healthy;WO875606;
03-Jul-2026;ENG-051;124;2026-01-06 04:00:00;642.9300;1591.5300;1414.4600;553.4800;2388.1500;9052.0200;47.3200;521.9300;2388.1100;8135.8200;8.4120;393.0000;0.043652;-0.002686;0.003037;Healthy;WO551844;411.71
2026-07-03;  ENG-028 ;134;2026-01-06 14:00:00;642.4600;1586.8300;1400.8100;553.4600;2388.1300;9055.8300;47.3000;521.3900;2388.1900;8130.1900;8.4247;392.0000;0.013739;-0.364746;0.005157;Healthy;WO393823;1819.64
03-Jul-2026;  ENG-092 ;122;2026-01-06 02:00:00;642.7200;1598.5800;1419.1500;552.1800;2388.2000;9036.7400;47.7500;520.8200;2388.2000;8125.8200;8.4624;394.0000;-0.208359;0.854236;0.005950;Warning;WO236941;7282.76
2026/07/03;  ENG-011 ;62;2026-01-03 14:00:00;642.8800;1580.6000;1414.1900;552.8600;2388.1300;9038.5100;47.6100;521.3400;2388.1300;8114.6600;8.4511;394.0000;-0.047767;0.155365;0.004290;Healthy;WO526165;607.80
2026/07/03;ENG-096;92;2026-01-04 20:00:00;642.5100;1584.6200;1405.8400;554.2200;2387.9700;9062.2900;47.1800;522.1500;2388.0100;8147.7200;8.3837;392.0000;0.038369;-0.974955;0.002184;Healthy;WO253757;2,229.14
2026/07/03;  ENG-031 ;180;2026-01-08 12:00:00;642.9600;1603.7300;1422.1300;551.6900;2388.2000;9085.3500;48.0300;520.8700;2388.1600;8157.7400;8.4559;395.0000;0.027597;1.161508;0.010119;Warning;WO261602;8917.13
2026-07-03;eng-098;101;2026-01-05 05:00:00;642.6500;1592.7500;1413.8200;553.8100;2388.1200;9063.6700;47.4700;521.5900;2388.1600;8137.2700;8.4612;393.0000;0.044110;0.103194;;healthy;WO897050;122.95
2026-07-03;ENG-093;214;2026-01-09 22:00:00;643.2500;1591.7000;1404.5800;553.0800;2388.1200;9072.9000;47.7000;520.8300;2388.1800;8149.2000;8.4834;394.0000;0.040495;0.484396;0.004103;Healthy;WO549897;2,302.62
2026-07-03;eng-076;155;2026-01-07 11:00:00;642.8800;1584.3800;1407.5900;553.7500;2388.0700;9071.4100;47.5500;521.0200;2388.0800;8151.3500;8.4059;393.0000;0.069633;-0.190546;0.001489;HEALTHY;WO105746;2627.84
2026/07/03;ENG-013;145;2026-01-07 01:00:00;642.7400;1584.6000;1410.3400;553.9600;2387.9800;9054.3500;47.3300;522.1600;2388.0600;8140.5200;8.3957;392.0000;0.032288;-0.760413;0.001777;Healthy;WO597084;2013.90
03-Jul-2026;  ENG-041 ;115;2026-01-05 19:00:00;642.6800;1596.4600;1417.7000;552.9200;2388.2000;9039.6700;47.6000;520.9400;2388.1700;8116.5800;8.4680;392.0000;-0.077972;0.471737;0.004632;Healthy;WO582820;1,023.32
03-Jul-2026;ENG-049;253;2026-01-11 13:00:00;642.7100;1596.4900;1405.5000;553.5500;2388.1300;9062.9900;47.5800;521.4200;2388.0900;8139.8700;8.4556;394.0000;0.048720;0.200521;0.002278;Healthy;WO262951;1717.03
2026-07-03;ENG-010;153;2026-01-07 09:00:00;642.3500;1583.0300;1398.8000;554.1000;2387.9900;9066.6300;47.4200;521.9800;2388.0700;8142.7200;8.3879;392.0000;0.021482;-0.903125;0.001485;Healthy;WO211985;516.80
2026-07-03;eng-064;121;2026-01-06 01:00:00;642.9400;1599.1400;1403.5300;553.4200;2388.1100;9055.7500;47.5600;521.5400;2388.1700;8135.2200;8.4315;393.0000;0.048580;0.161206;0.001536;Healthy;WO195847;991.96
2026/07/03;ENG-023;92;2026-01-04 20:00:00;642.0500;1589.3600;1398.6400;554.0800;2388.0300;9046.4900;47.2300;521.9200;2388.0400;8131.5600;8.3881;392.0000;0.005746;-0.954259;0.000546;Healthy;WO752446;184.78
2026/07/03;ENG-042;151;2026-01-07 07:00:00;643.3400;1594.7600;1417.1600;551.9800;2388.2100;9032.0500;47.8800;520.3700;2388.3200;8112.6400;8.5108;395.0000;-0.772709;1.387772;0.009430;Warning;WO455072;12793.26
2026-07-03;ENG-060;131;2026-01-06 11:00:00;642.4200;1585.5100;1406.5700;553.8800;2388.1100;9054.5900;47.6400;520.9700;2388.0200;8131.1300;8.4617;393.0000;0.019910;0.029676;0.001335;Healthy;WO400122;241.19
03-Jul-2026;ENG-094;130;2026-01-06 10:00:00;642.6000;1588.1400;1417.5600;552.8600;2388.1600;9059.6900;47.6000;520.7800;2388.1300;8137.4900;8.4830;394.0000;-0.019388;0.555002;0.003646;Healthy;WO699269;1,024.86
2026-07-03;ENG-081;206;2026-01-09 14:00:00;643.4500;1603.1500;1421.7100;551.9600;2388.2300;9080.8900;47.8000;519.6800;2388.2100;8154.9300;8.5205;394.0000;-0.283069;1.538579;0.002674;Warning;WO797806;8779.14
2026/07/03;ENG-017;111;2026-01-05 15:00:00;642.5700;1587.2800;1402.3800;554.2800;2388.0200;9069.8800;47.3500;521.5900;2387.9800;8162.3900;8.4282;393.0000;0.068196;-0.569147;0.003613;warning;WO959446;4,357.54
2026/07/03;  ENG-036 ;114;2026-01-05 18:00:00;643.1300;1598.9700;1428.3100;553.0400;2388.1800;9052.6800;48.0600;520.5200;2388.1700;8139.1600;8.4882;395.0000;-0.244524;1.268765;0.005225;Warning;WO870440;17,794.26
2026-07-03;ENG-020;141;2026-01-06 21:00:00;642.0200;1590.7000;1408.6400;552.6800;2388.1400;9062.2000;47.5600;520.9800;2388.0900;8144.9600;8.4166;393.0000;0.049239;0.133764;0.000483;Healthy;WO513060;587.64
2026/07/03;ENG-097;102;2026-01-05 06:00:00;642.2900;1591.5300;1400.7300;553.9600;2388.0400;9073.2600;47.3700;521.9500;2388.0300;8151.1200;8.3989;392.0000;0.053927;-0.860482;0.003220;Healthy;WO924855;2695.95
2026-07-03;ENG-038;105;2026-01-05 09:00:00;642.8300;1593.2400;1416.0400;553.1700;2388.0700;9070.1200;47.7000;521.1800;2388.1200;8140.0900;8.4432;394.0000;0.033735;0.474932;0.001596;Healthy;WO841169;653.84
2026/07/03;ENG-036;124;2026-01-06 04:00:00;643.0200;1601.0100;1424.6100;551.9000;2388.1800;9066.0200;47.8400;520.1400;2388.2000;8135.8100;8.4980;394.0000;-0.351186;1.355509;0.006668;Warning;WO748013;3,344.82
2026/07/03;  ENG-019 ;135;2026-01-06 15:00:00;642.7900;1588.8800;1406.3200;553.8700;2388.1000;9055.5400;47.3500;521.4800;2388.0600;8140.2000;8.4768;393.0000;0.058798;-0.104398;0.001087;Healthy;WO627612;1186.42
2026/07/03;ENG-012;164;2026-01-07 20:00:00;642.3300;1599.5800;1405.9100;553.4900;2388.0300;9070.5600;47.3100;522.2700;2387.9900;8144.5900;8.4206;391.0000;0.072918;-0.613349;0.002950;Healthy;WO754851;2783.68
2026-07-03;ENG-098;99;2026-01-05 03:00:00;642.5300;1586.6400;1411.7200;553.4500;2388.1200;9063.1200;47.5300;521.6100;2388.1000;8141.5800;8.4433;393.0000;0.068901;-0.052991;0.001280;Warning;WO335632;17,864.87
03-Jul-2026;ENG-093;239;2026-01-10 23:00:00;643.0300;1593.9300;1417.2200;552.3700;2388.1300;9075.5800;47.9100;520.9100;2388.1800;8156.9800;8.4404;396.0000;0.097142;0.881313;;Warning;WO622333;10298.39
03-Jul-2026;eng-077;124;2026-01-06 04:00:00;642.5700;1588.2200;1409.5200;552.9900;2388.1200;9046.6900;47.5500;521.8200;2388.0900;8130.0700;8.4219;393.0000;0.044739;-0.223178;0.002436;Healthy;WO529841;1656.19
03-Jul-2026;ENG-047;57;2026-01-03 09:00:00;642.4900;1590.6100;1413.1800;553.2200;2388.1700;9037.9200;47.6500;520.9900;2388.1900;8117.6500;8.4627;394.0000;-0.071664;0.355430;0.016206;Warning;WO900971;16,244.58
2026/07/03;ENG-068;141;2026-01-06 21:00:00;643.0000;1590.7500;1407.2700;552.7600;2388.1300;9065.4200;47.6600;521.5000;2388.1400;8141.5300;8.4372;395.0000;0.046965;0.268312;0.002246;Healthy;WO627910;1503.83
2026/07/03;ENG-086;108;2026-01-05 12:00:00;642.6700;1592.1600;1404.6900;553.3600;2388.0600;9064.3700;47.3300;521.2300;2388.1400;8142.2600;8.4135;392.0000;0.054496;-0.250931;0.001439;Healthy;WO908584;1810.44
2026-07-03;ENG-079;75;2026-01-04 03:00:00;642.4200;1588.4400;1411.3700;553.6600;2388.1200;9047.9300;47.2900;521.5800;2388.1200;8129.4500;8.4233;392.0000;0.018189;-0.305512;0.006121;Healthy;WO920003;1320.96
03-Jul-2026;ENG-010;137;2026-01-06 17:00:00;642.0600;1585.8200;1401.1400;553.6000;2388.0600;9063.5300;47.3700;522.3100;2388.0400;8146.0100;8.4172;392.0000;0.037516;-0.839362;0.001656;Healthy;WO522960;1,963.26
2026-07-03;ENG-060;132;2026-01-06 12:00:00;642.0700;1596.3700;1407.2000;553.4000;2388.1100;9054.5300;47.4000;521.1900;2388.1100;8136.4400;8.4456;393.0000;0.049448;-0.035842;0.002808;Healthy;WO465962;508.54
2026/07/03;ENG-029;132;2026-01-06 12:00:00;641.9800;1590.3300;1403.9100;554.5900;2388.0800;9072.8300;47.3800;521.7300;2388.0400;8143.8200;8.3901;391.0000;0.036816;-0.761842;0.001709;Healthy;WO262131;956.95
2026/07/03;eng-009;52;2026-01-03 04:00:00;642.8400;1589.1800;1408.6800;553.8200;2388.1400;9056.3900;47.5100;522.0000;2388.1300;8133.3200;8.4436;393.0000;0.048966;-0.106460;0.003174;healthy;WO991796;2940.49
03-Jul-2026;eng-081;154;2026-01-07 10:00:00;642.8700;1586.8700;1409.9100;552.2900;2388.0900;9063.2500;47.5500;521.2400;2388.0900;8143.7400;8.4785;393.0000;0.060552;0.264581;0.003619;Healthy;WO670185;1,605.33
2026-07-03;ENG-037;116;2026-01-05 20:00:00;642.9900;1582.5900;1411.9300;552.6400;2388.1600;9037.6300;47.5100;521.3400;2388.1800;8122.0400;8.4658;393.0000;-0.051995;0.296809;0.003757;Healthy;WO365068;1063.30
2026-07-03;  ENG-068 ;183;2026-01-08 15:00:00;643.6400;1602.5900;1419.7800;552.0000;2388.1600;9081.9700;48.0700;520.3400;2388.2300;8155.8600;8.4721;395.0000;-0.141697;1.413402;0.019665;Warning;WO918688;20,428.77
2026/07/03;ENG-076;154;2026-01-07 10:00:00;642.4400;1590.1500;1408.3900;552.1800;2388.0300;9074.1300;47.6100;521.7800;2388.0400;8154.8900;8.4333;394.0000;0.126927;0.038570;0.004443;Warning;WO865575;4500.27
2026/07/03;eng-098;97;2026-01-05 01:00:00;642.7800;1587.8500;1409.9000;552.8600;2388.0700;9058.0600;47.4600;521.5400;2388.0800;8137.6400;8.4153;393.0000;0.074254;-0.051810;0.001726;Healthy;WO788223;820.62
03-Jul-2026;ENG-094;90;2026-01-04 18:00:00;642.2000;1592.6600;1405.3100;553.0900;2388.1300;9060.3000;47.5700;521.4300;2388.1100;8144.2300;8.4460;393.0000;0.062019;0.105756;0.001235;Warning;WO704381;10209.00
2026/07/03;  ENG-016 ;96;2026-01-05 00:00:00;642.0600;1588.9600;1405.8000;553.9900;2388.0800;9057.9800;47.3400;521.5500;2388.0500;8139.1400;8.4011;390.0000;0.021447;-0.760422;0.002043;Healthy;WO949137;2,605.74
2026-07-03;ENG-094;94;2026-01-04 22:00:00;642.8900;1590.0200;1407.0500;553.3300;2388.1700;9055.8600;47.7300;520.8500;2388.1300;8135.1500;8.4552;393.0000;-0.003716;0.243861;0.001704;Warning;WO611784;
2026-07-03;  ENG-002 ;46;2026-01-02 22:00:00;642.8400;1589.3100;1401.6700;553.8300;2388.1100;9045.3500;47.4200;521.0400;2388.1000;8128.8200;8.4455;394.0000;0.010974;0.006200;0.002276;Healthy;WO563947;
2026-07-03;ENG-031;177;2026-01-08 09:00:00;642.9600;1587.9500;1420.4200;553.5500;2388.1300;9079.9900;47.8400;520.5200;2388.1600;8147.7100;8.4907;395.0000;0.120327;0.862725;0.013626;Warning;WO817049;9648.43
03-Jul-2026;ENG-058;144;2026-01-07 00:00:00;642.7700;1589.0600;1405.7700;553.1500;2388.1500;9054.5800;47.4500;521.3500;2388.1300;8129.5200;8.4176;393.0000;0.024562;0.016308;0.001364;Healthy;WO820170;2735.33
03-Jul-2026;eng-032;111;2026-01-05 15:00:00;642.3300;1581.4600;1408.3300;554.6500;2388.0200;9089.0300;47.3300;522.2800;2388.0000;8159.4800;8.4236;393.0000;0.060809;-0.736161;0.003891;Warning;WO330545;10,981.40
03-Jul-2026;ENG-061;138;2026-01-06 18:00:00;642.9200;1594.5700;1413.2400;553.1500;2388.1000;9063.4000;47.5400;521.7100;2388.0600;8144.4000;8.4458;394.0000;0.058995;0.308053;0.004026;Healthy;WO155919;1,025.16
03-Jul-2026;ENG-038;101;2026-01-05 05:00:00;642.7500;1595.6400;1407.8000;553.5500;2388.1200;9074.6900;47.7200;520.6300;2388.1200;8145.5000;8.4643;396.0000;0.024805;0.519254;0.003248;healthy;WO305186;2565.25
03-Jul-2026;ENG-030;101;2026-01-05 05:00:00;642.4700;1588.5300;1406.6500;553.4500;2388.1700;9052.9900;47.5900;521.7500;2388.1500;8125.0900;8.4654;392.0000;0.018324;0.005302;0.001376;Healthy;WO501613;809.06
03-Jul-2026;ENG-076;166;2026-01-07 22:00:00;642.3800;1595.0600;1411.4500;553.7200;2388.0700;9080.2900;47.7100;521.6700;2388.1300;8163.8500;8.4657;395.0000;0.118601;0.247353;0.003016;warning;WO225311;13,559.03
03-Jul-2026;ENG-070;125;2026-01-06 05:00:00;642.3600;1592.3900;1411.3000;553.6400;2388.1300;9052.1300;47.5200;521.2900;2388.1500;8132.2700;8.4313;393.0000;0.019754;0.076081;0.002038;HEALTHY;WO658002;940.39
2026/07/03;eng-056;95;2026-01-04 23:00:00;643.0000;1584.4700;1418.1000;552.0200;2388.1900;9040.3000;47.9000;520.8500;2388.1800;8125.1500;8.4437;393.0000;-0.185148;0.722079;0.022005;Warning;WO675650;2363.33
2026/07/03;ENG-009;41;2026-01-02 17:00:00;642.6100;1587.8800;1409.2200;553.3700;2388.1700;9055.6000;47.7300;521.5800;2388.1100;8126.2500;8.4177;394.0000;0.016088;0.011609;0.001411;Healthy;WO651490;
2026/07/03;ENG-058;167;2026-01-07 23:00:00;642.7000;1602.5100;1413.3600;551.8500;2388.1000;9051.8400;47.8200;521.0300;2388.1500;8129.9300;8.4819;393.0000;-0.012221;0.716121;0.003646;Warning;WO323461;9719.20
03-Jul-2026;ENG-089;130;2026-01-06 10:00:00;642.6400;1587.6500;1407.6800;553.2900;2388.0800;9053.7300;47.6100;521.7100;2388.1100;8131.4000;8.4132;392.0000;0.050633;-0.189853;0.000786;Healthy;WO190490;91.44
03-Jul-2026;eng-017;124;2026-01-06 04:00:00;642.1800;1584.0600;1402.7800;554.9200;2388.0300;9083.7100;47.5100;521.9200;2388.0300;8160.1700;8.4139;393.0000;0.067028;-0.626546;0.004623;Healthy;WO520204;
2026-07-03;ENG-036;106;2026-01-05 10:00:00;642.4600;1594.4300;1416.7000;552.7700;2388.2200;9059.3200;47.8200;520.6800;2388.1200;8139.2500;8.4521;395.0000;-0.051008;0.726912;0.001424;Warning;WO412685;8872.52
2026/07/03;ENG-049;288;2026-01-13 00:00:00;643.2200;1595.0000;1418.2300;552.0000;2388.2300;9055.6800;47.7300;520.9500;2388.2500;8125.4900;8.4896;394.0000;-0.171279;0.881465;0.001145;Warning;WO481359;11815.67
03-Jul-2026;ENG-090;125;2026-01-06 05:00:00;643.0600;1592.0800;1420.9800;553.2800;2388.1600;9070.1500;47.7000;521.0400;2388.1400;8144.1000;8.4873;394.0000;0.002638;0.604896;0.001337;Healthy;WO580648;1305.49
2026-07-03;ENG-088;61;2026-01-03 13:00:00;642.7100;1596.6600;1417.7500;552.9700;2388.1300;9038.8200;47.4700;521.3900;2388.1200;8116.4700;8.4695;393.0000;-0.028863;0.202001;0.004366;Healthy;WO478802;1,759.88
2026/07/03;ENG-003;95;2026-01-04 23:00:00;642.9500;1595.3700;1408.5700;553.0100;2388.1000;9049.8800;47.6100;521.0000;2388.1600;8129.8400;8.4695;393.0000;-0.009897;0.436269;0.004480;Healthy;WO995459;2,553.46
2026/07/03;ENG-062;204;2026-01-09 12:00:00;642.1700;1587.0000;1405.8700;553.7000;2388.0400;9074.0300;47.6700;521.8500;2388.0000;8151.6600;8.4273;393.0000;0.091388;-0.484822;0.004758;Warning;WO857730;11,572.32
03-Jul-2026;ENG-010;137;2026-01-06 17:00:00;642.0600;1585.8200;1401.1400;553.6000;2388.0600;9063.5300;47.3700;522.3100;2388.0400;8146.0100;8.4172;392.0000;0.037516;-0.839362;0.001656;Healthy;WO522960;1,963.26
03-Jul-2026;ENG-012;212;2026-01-09 20:00:00;642.4000;1589.0200;1404.6500;553.8600;2388.0900;9066.0900;47.4900;521.7400;2388.0500;8150.3600;8.4345;392.0000;0.068771;-0.345989;0.001635;Healthy;WO616808;2522.34
2026/07/03;eng-003;113;2026-01-05 17:00:00;643.2200;1595.3800;1416.0700;553.7300;2388.1200;9054.8000;47.5800;520.6400;2388.1700;8130.1100;8.4495;394.0000;-0.026078;0.429932;0.002290;Warning;WO177703;21,249.92
03-Jul-2026;ENG-042;121;2026-01-06 01:00:00;642.8700;1589.1600;1409.2400;552.9600;2388.1000;9042.0600;47.5500;521.1900;2388.1300;8120.3900;8.4513;394.0000;-0.009550;0.083380;0.002322;Healthy;WO173104;2513.04
2026/07/03;ENG-046;137;2026-01-06 17:00:00;643.0000;1598.6300;1404.7200;553.4400;2388.1000;9080.3200;47.7500;521.3600;2388.1000;8157.7100;8.4402;394.0000;0.105939;0.360039;0.004078;WARNING;WO606941;4894.96
2026-07-03;ENG-090;137;2026-01-06 17:00:00;642.9400;1596.7100;1417.8300;552.8100;2388.1500;9073.3500;47.7300;521.1800;2388.1400;8154.5100;8.4630;394.0000;0.087701;0.783290;0.017317;Warning;WO793451;3,798.41
2026-07-03;ENG-032;114;2026-01-05 18:00:00;642.6000;1582.4800;1400.3300;554.3200;2387.9700;9080.2600;47.2100;522.3000;2388.0500;8159.6800;8.4141;391.0000;0.068661;-1.010938;0.003453;Healthy;WO800421;2565.47
2026/07/03;ENG-049;271;2026-01-12 07:00:00;643.0300;1593.3400;1422.0500;553.4200;2388.1400;9052.1400;47.8100;521.2000;2388.1700;8136.0600;8.4831;393.0000;-0.029740;0.548557;0.002960;Warning;WO451725;24,335.04
2026/07/03;ENG-073;99;2026-01-05 03:00:00;642.4700;1594.4000;1405.9800;554.7000;2388.0900;9055.7600;47.1800;522.2800;2388.1100;8130.3700;8.4021;393.0000;0.003892;-0.629285;;Healthy;WO667749;2692.88
2026/07/03;ENG-100;193;2026-01-09 01:00:00;643.1000;1595.6000;1414.6200;553.1800;2388.0800;9139.8800;47.5800;521.3700;2388.0500;8213.5700;8.4429;395.0000;0.913086;0.761153;0.044065;warning;WO219361;11277.87
2026-07-03;ENG-045;141;2026-01-06 21:00:00;642.6900;1598.8800;1407.2400;553.3100;2388.1200;9061.7000;47.7000;521.0400;2388.1500;8144.3700;8.4468;392.0000;0.049842;0.270405;0.002132;Healthy;WO261668;512.50
03-Jul-2026;ENG-076;147;2026-01-07 03:00:00;642.8700;1581.9200;1408.3900;554.4100;2388.0400;9073.4100;47.3500;521.5100;2388.0900;8150.8200;8.4247;394.0000;0.065392;-0.223082;0.001639;Healthy;WO289670;2,806.84
2026-07-03;ENG-056;135;2026-01-06 15:00:00;643.1400;1598.0200;1420.0800;552.2000;2388.2600;9053.0200;47.9800;519.8800;2388.2300;8117.8300;8.4911;395.0000;-0.693217;1.484004;0.014328;Warning;WO408070;24,050.76
03-Jul-2026;ENG-077;152;2026-01-07 08:00:00;642.9600;1587.5500;1412.3100;553.0900;2388.1800;9045.5100;47.6900;521.4000;2388.1100;8127.4000;8.4658;394.0000;-0.045451;0.502028;0.003440;Warning;WO462346;14972.18
03-Jul-2026;ENG-012;152;2026-01-07 08:00:00;642.1900;1591.1500;1403.3200;554.3400;2388.0100;9065.0500;47.4100;521.6100;2388.0100;8148.4300;8.4280;392.0000;0.046412;-0.676688;0.000977;Healthy;WO164672;1860.59
2026/07/03;ENG-076;183;2026-01-08 15:00:00;642.8400;1598.2400;1414.5600;553.4500;2388.0600;9092.2400;47.9000;521.4600;2388.1200;8171.8300;8.4585;394.0000;0.276578;0.600856;0.018064;Warning;WO666870;13714.57
2026-07-03;ENG-093;243;2026-01-11 03:00:00;642.8000;1596.3900;1421.4000;552.0400;2388.1400;9077.9900;47.7100;520.3700;2388.1200;8151.5200;8.4909;394.0000;0.098343;0.914248;0.012268;Warning;WO400777;20112.59
2026/07/03;ENG-070;137;2026-01-06 17:00:00;641.9600;1579.6500;1405.3100;553.7000;2388.0700;9052.6000;47.5600;521.2400;2388.0600;8135.2200;8.4668;393.0000;0.039129;-0.280836;0.000786;Healthy;WO775589;683.25
2026-07-03;ENG-027;124;2026-01-06 04:00:00;642.5100;1589.5000;1406.2300;553.6200;2388.0700;9058.9600;47.5100;521.2100;2388.1000;8134.9300;8.4233;391.0000;0.052142;-0.243933;0.000193;Healthy;WO933396;949.32
2026-07-03;eng-081;199;2026-01-09 07:00:00;642.7400;1598.6900;1418.5400;551.9800;2388.1600;9077.6000;47.9900;520.4000;2388.1500;8155.1200;8.4919;395.0000;-0.032230;1.178026;0.012525;Warning;WO693814;7,080.24
03-Jul-2026;ENG-090;102;2026-01-05 06:00:00;642.6100;1589.8000;1408.3700;553.1600;2388.1000;9056.2700;47.5600;520.9300;2388.0700;8133.0600;8.4108;393.0000;0.036380;0.027636;0.003427;Healthy;WO230910;662.90
2026-07-03;ENG-064;148;2026-01-07 04:00:00;642.6300;1592.0700;1415.7500;553.3300;2388.1200;9057.3000;47.5100;520.9500;2388.1200;8137.3900;8.4290;394.0000;0.008107;0.299602;0.001739;Warning;WO541409;
03-Jul-2026;ENG-062;184;2026-01-08 16:00:00;642.4100;1589.1200;1405.6800;553.9100;2388.0900;9074.6800;47.3900;521.5300;2388.0100;8148.9700;8.4177;392.0000;0.059184;-0.427506;0.003287;Healthy;WO315214;1240.79
03-Jul-2026;ENG-006;80;2026-01-04 08:00:00;642.9300;1596.7300;1418.4800;554.1100;2388.0800;9053.6900;47.5800;521.2400;2388.1100;8134.5100;8.4397;393.0000;0.014689;0.257409;0.002285;Healthy;WO452232;2847.93
2026-07-03;ENG-018;123;2026-01-06 03:00:00;642.5100;1591.0300;1403.1200;553.6300;2388.1600;9057.3600;47.4900;520.7000;2388.1200;8132.0400;8.4419;391.0000;0.027061;-0.025526;0.001906;healthy;WO703408;
2026-07-03;ENG-084;145;2026-01-07 01:00:00;642.7000;1594.5900;1408.0400;553.1600;2388.1200;9057.7500;47.4900;521.2200;2388.1400;8133.1200;8.4579;393.0000;0.017100;0.281817;0.001306;Healthy;WO943055;2191.48
03-Jul-2026;ENG-082;110;2026-01-05 14:00:00;642.7000;1589.8100;1405.0900;552.2300;2388.1100;9061.9700;47.5500;521.5400;2388.0800;8139.3200;8.4411;393.0000;0.078332;0.112809;0.003053;Healthy;WO920050;1,832.62
2026-07-03;ENG-035;173;2026-01-08 05:00:00;643.0700;1599.4000;1416.5600;552.9200;2388.1800;9075.2600;47.8900;519.9900;2388.2200;8143.1400;8.4846;396.0000;-0.091278;1.127883;0.005673;Warning;WO960909;11,302.81
2026/07/03;ENG-004;85;2026-01-04 13:00:00;642.6900;1591.5700;1411.4200;553.4000;2388.1500;9047.1900;47.5400;521.0300;2388.1300;8137.8500;8.4214;395.0000;0.004355;0.146626;0.003325;Healthy;WO453172;1,258.14
2026/07/03;ENG-062;215;2026-01-09 23:00:00;642.3800;1591.2100;1399.4200;553.6500;2388.0300;9083.7400;47.4400;521.3400;2388.0700;8161.9600;8.4302;393.0000;0.095975;-0.316770;0.001917;Healthy;WO494745;1,068.00
2026-07-03;ENG-083;68;2026-01-03 20:00:00;642.4900;1585.1100;1402.9300;553.7900;2388.0400;9050.8700;47.3400;522.4500;2388.0600;8144.1100;8.4098;393.0000;0.037256;-0.626472;0.001709;Healthy;WO364436;1,716.13
2026-07-03;ENG-032;109;2026-01-05 13:00:00;642.6100;1589.3200;1395.8000;554.2100;2388.0600;9085.0100;47.4700;522.2100;2387.9800;8161.4100;8.4246;392.0000;0.094284;-0.803082;0.012561;Warning;WO466047;16,912.41
2026/07/03;ENG-097;98;2026-01-05 02:00:00;642.4000;1581.3800;1402.6100;553.9200;2388.0300;9067.5100;47.5800;522.1400;2387.9900;8155.6000;8.4313;391.0000;0.069383;-0.678717;0.002100;healthy;WO507094;1,829.87
2026/07/03;ENG-095;70;2026-01-03 22:00:00;642.0400;1580.9600;1408.7500;553.8200;2388.1200;9057.4700;47.0900;521.4400;2388.0300;8126.0700;8.4050;393.0000;-0.007484;-0.646637;0.017806;HEALTHY;WO233235;2016.02
03-Jul-2026;  ENG-065 ;67;2026-01-03 19:00:00;642.3500;1587.2500;1397.0200;554.9500;2388.0000;9068.5100;47.1100;522.4400;2387.9200;8147.3600;8.3916;392.0000;0.058730;-1.158021;0.001859;Healthy;WO394613;
2026/07/03;ENG-075;71;2026-01-03 23:00:00;642.7300;1589.4200;1401.1400;554.0000;2388.0500;9052.5700;47.2600;521.7600;2388.0600;8144.2300;8.4444;392.0000;0.041729;-0.469171;0.000634;Healthy;WO707644;75.67
2026/07/03;  ENG-077 ;112;2026-01-05 16:00:00;642.8900;1585.2900;1412.2600;553.6200;2388.0800;9047.6200;47.7200;521.4600;2388.0500;8128.4900;8.4291;392.0000;0.021632;0.003088;0.003442;Healthy;WO539494;2797.74
2026-07-03;ENG-036;101;2026-01-05 05:00:00;643.0400;1598.1000;1409.1400;552.0700;2388.1400;9062.5200;47.5200;520.4700;2388.1500;8136.5600;8.4793;393.0000;-0.033728;0.710797;0.006125;warning;WO170270;20634.37
2026/07/03;ENG-044;50;2026-01-03 02:00:00;642.6600;1583.0100;1407.2500;553.4400;2388.0700;9050.2300;47.3600;522.1200;2388.0700;8135.3800;8.3894;393.0000;0.027918;-0.461502;0.001520;Healthy;WO632845;1,353.40
03-Jul-2026;ENG-039;27;2026-01-02 03:00:00;642.7500;1585.9500;1391.4400;554.2600;2387.9900;9059.1700;47.3100;522.1900;2388.0000;8140.6100;8.4154;392.0000;0.044330;-1.014014;0.001691;Healthy;WO151766;356.02
2026/07/03;  ENG-021 ;112;2026-01-05 16:00:00;642.7600;1585.8500;1397.2900;553.7900;2388.0400;9059.1800;47.4000;522.0200;2388.0000;8147.0700;8.4580;390.0000;0.052211;-0.734644;0.000488;Healthy;WO431966;146.45
03-Jul-2026;ENG-016;104;2026-01-05 08:00:00;642.6400;1586.0100;1404.1400;553.2400;2388.0200;9058.3500;47.3700;522.5800;2388.0600;8142.3300;8.4061;392.0000;0.047753;-0.713871;0.000846;Healthy;WO936248;500.70
2026-07-03;eng-089;125;2026-01-06 05:00:00;642.7800;1584.0000;1409.0300;553.4400;2388.1200;9048.5400;47.5600;521.3500;2388.1000;8126.7400;8.4111;393.0000;0.012977;-0.047197;0.002435;Healthy;WO909649;2033.91
2026/07/03;ENG-030;104;2026-01-05 08:00:00;641.8100;1595.9500;1401.0400;552.8800;2388.1600;9052.6900;47.6100;521.2800;2388.1300;8123.5500;8.4381;392.0000;0.033050;-0.079795;0.002097;Healthy;WO755197;1534.81
2026/07/03;eng-076;193;2026-01-09 01:00:00;643.1700;1591.0600;1422.7900;552.1500;2388.1200;9103.7200;47.8600;520.4500;2388.1600;8166.7700;8.4631;396.0000;0.315046;1.169615;0.012700;Warning;WO849558;18325.95
2026-07-03;ENG-045;116;2026-01-05 20:00:00;643.1200;1584.1200;1414.7200;553.3000;2388.1400;9066.6400;47.4700;521.4500;2388.0900;8138.8200;8.3893;394.0000;0.051767;0.072355;0.002497;Healthy;WO877014;
2026-07-03;ENG-032;139;2026-01-06 19:00:00;642.9300;1592.9900;1409.8700;554.0100;2388.0800;9087.7500;47.3100;521.9500;2387.9900;8166.9600;8.4380;394.0000;0.118242;-0.268667;0.005548;Healthy;WO272335;1513.38
2026-07-03;ENG-013;189;2026-01-08 21:00:00;642.5400;1588.3300;1409.6600;553.0400;2388.0600;9065.6600;47.5000;521.5400;2388.0400;8141.8500;8.4809;394.0000;0.085819;-0.122026;0.003383;healthy;WO673763;174.36
2026/07/03;ENG-019;134;2026-01-06 14:00:00;642.2600;1591.9500;1400.1300;554.0000;2388.0700;9063.4100;47.5100;521.6000;2388.0800;8140.0900;8.4274;392.0000;0.047724;-0.475239;0.000992;HEALTHY;WO124782;871.57
2026/07/03;eng-046;118;2026-01-05 22:00:00;642.3600;1590.6600;1409.8200;553.2400;2388.1000;9071.8900;47.5400;521.3900;2388.0800;8152.6100;8.4355;394.0000;0.099439;0.039683;0.002365;Healthy;WO787604;1,849.53
03-Jul-2026;ENG-090;110;2026-01-05 14:00:00;642.9500;1591.1600;1412.3400;552.6700;2388.0800;9066.3700;47.4100;521.5800;2388.1500;8146.9700;8.4610;393.0000;0.085963;0.172808;0.004032;warning;WO339214;10860.90
2026/07/03;ENG-035;164;2026-01-07 20:00:00;642.9100;1590.1100;1411.3600;553.0100;2388.1600;9071.4700;47.6900;521.3100;2388.1700;8148.7600;8.4533;394.0000;0.034859;0.646552;0.003798;Healthy;WO968980;2415.68
2026/07/03;ENG-024;145;2026-01-07 01:00:00;642.5400;1588.7200;1403.4600;554.4800;2388.0500;9094.3300;47.6300;521.9300;2388.0100;8172.2200;8.4346;393.0000;0.120174;-0.459944;0.017893;warning;WO728055;22466.58
03-Jul-2026;ENG-034;160;2026-01-07 16:00:00;642.7400;1589.6900;1408.3000;553.3900;2388.1200;9056.9600;47.5500;521.4100;2388.1000;8141.3500;8.4380;395.0000;0.042068;0.142112;0.001947;Healthy;WO845337;2151.64
2026/07/03;ENG-100;174;2026-01-08 06:00:00;642.8100;1589.9700;1404.9000;553.6600;2388.0400;9103.7800;47.3900;521.7300;2388.0000;8183.7000;8.4234;392.0000;0.222838;-0.207831;0.011199;Warning;WO371341;19,330.84
03-Jul-2026;  ENG-006 ;94;2026-01-04 22:00:00;642.4100;1594.8300;1408.5000;552.8000;2388.0800;9053.1600;47.3700;521.7200;2388.0900;8132.8300;8.4583;391.0000;0.060945;-0.185358;0.001786;Healthy;WO342645;1,986.53
03-Jul-2026;eng-028;149;2026-01-07 05:00:00;641.9500;1591.3200;1414.6800;553.5800;2388.1300;9053.4600;47.5400;521.1400;2388.1500;8139.5400;8.4505;394.0000;0.022667;0.050053;0.002799;Healthy;WO557146;953.04
03-Jul-2026;ENG-060;107;2026-01-05 11:00:00;643.0800;1591.6100;1413.0800;553.6500;2388.0800;9056.9600;47.6200;521.4300;2388.1100;8135.4700;8.4281;392.0000;0.042337;0.111488;0.001276;healthy;WO387398;1230.69
03-Jul-2026;ENG-084;133;2026-01-06 13:00:00;642.6400;1587.9000;1406.3600;553.6000;2388.0800;9058.3700;47.7200;521.0600;2388.1200;8131.1300;8.4584;393.0000;0.025478;0.127320;0.001043;Healthy;WO286792;2,738.91
2026/07/03;ENG-072;100;2026-01-05 04:00:00;642.4500;1589.5900;1396.9900;553.4700;2388.1100;9072.7200;47.5100;521.8600;2388.0200;8139.6400;8.4203;394.0000;0.071266;-0.302626;0.001161;Healthy;WO188887;1768.34
03-Jul-2026;ENG-069;44;2026-01-02 20:00:00;642.0800;1584.8200;1408.3600;553.6500;2388.0900;9041.7800;47.2700;521.5100;2388.0800;8123.4700;8.4179;393.0000;0.004426;-0.497101;0.005793;Healthy;WO129686;1,540.07
03-Jul-2026;ENG-024;142;2026-01-06 22:00:00;642.1800;1586.8100;1398.9900;553.9100;2388.0000;9087.5900;47.4500;521.1500;2387.9800;8176.1800;8.4013;393.0000;0.108766;-0.547284;0.012067;Warning;WO515679;9,474.11
2026/07/03;ENG-009;38;2026-01-02 14:00:00;642.6200;1587.1300;1411.5200;553.2700;2388.1000;9052.8900;47.4300;521.6600;2388.1200;8141.9100;8.4398;393.0000;0.061573;-0.045735;0.000971;Healthy;WO327315;1,537.75
2026-07-03;ENG-065;55;2026-01-03 07:00:00;642.5800;1585.8300;1400.8600;554.3900;2388.0100;9061.5200;47.1000;522.3000;2388.0000;8149.6100;8.4140;392.0000;0.051178;-2.714495;0.002072;healthy;WO578465;473.39
2026/07/03;  ENG-049 ;291;2026-01-13 03:00:00;643.2200;1598.9300;1418.3400;553.3900;2388.2400;9055.5200;47.8900;520.5100;2388.1900;8138.9700;8.4491;395.0000;-0.107625;0.919289;0.001381;Warning;WO446502;7,349.06
2026-07-03;ENG-084;157;2026-01-07 13:00:00;642.8500;1581.9800;1407.2200;552.7100;2388.1500;9060.5800;47.7100;521.7500;2388.1400;8129.1700;8.4500;395.0000;0.016379;0.197458;0.001885;Healthy;WO184173;1183.69
2026-07-03;  ENG-061 ;159;2026-01-07 15:00:00;643.2900;1603.1600;1414.1700;552.7400;2388.1600;9065.7900;47.8100;520.9700;2388.1700;8147.5100;8.4725;395.0000;-0.029538;0.991684;0.004374;Warning;WO921260;18,704.73
03-Jul-2026;ENG-057;139;2026-01-06 19:00:00;642.6800;1584.5900;1410.5400;552.9400;2388.1400;9049.1600;47.6100;521.3200;2388.1400;8127.3700;8.4404;393.0000;-0.000020;0.131991;0.001248;Healthy;WO638236;2,853.88
2026-07-03;ENG-015;56;2026-01-03 08:00:00;642.3200;1580.8200;1397.8600;553.9300;2388.0000;9056.7300;47.2500;522.0900;2388.0000;8132.8900;8.3909;391.0000;0.033925;-1.051113;0.000691;Healthy;WO322389;1,451.23
2026-07-03;ENG-071;64;2026-01-03 16:00:00;642.4500;1591.3400;1398.5000;553.4100;2388.0600;9070.4800;47.2400;522.5500;2388.0900;8146.7500;8.4168;393.0000;0.055094;-0.579963;0.001976;Healthy;WO619370;198.56
03-Jul-2026;ENG-048;67;2026-01-03 19:00:00;642.5500;1592.1800;1404.7100;554.1600;2388.1000;9057.3600;47.2200;521.8200;2388.0400;8132.8700;8.4335;392.0000;0.027523;-0.453783;0.000546;Warning;WO986186;23127.49
2026/07/03;ENG-043;146;2026-01-07 02:00:00;642.1600;1589.0600;1413.3800;553.4200;2388.1000;9063.7200;47.4700;521.7500;2388.1000;8134.4000;8.4209;394.0000;0.053426;-0.012814;0.001730;Healthy;WO354001;1842.63
2026/07/03;ENG-012;202;2026-01-09 10:00:00;642.7200;1585.3500;1406.8000;554.0700;2388.0600;9069.3200;47.0900;521.6300;2388.0800;8155.6900;8.4301;394.0000;0.037295;-0.629704;0.000457;Healthy;WO285483;1,934.85
03-Jul-2026;ENG-062;167;2026-01-07 23:00:00;642.1800;1586.2000;1400.8900;554.1100;2388.0800;9069.6800;47.4700;522.2700;2388.0700;8146.2000;8.4075;391.0000;0.030760;-0.909149;0.001953;Healthy;WO495806;1479.44
03-Jul-2026;ENG-030;134;2026-01-06 14:00:00;643.2200;1590.5900;1411.3900;553.1600;2388.1200;9049.7700;47.7200;521.3700;2388.1700;8134.2500;8.4408;393.0000;-0.001433;0.402302;0.002493;Warning;WO427805;12155.71
2026/07/03;ENG-061;153;2026-01-07 09:00:00;643.3500;1594.0700;1412.0100;552.7400;2388.1300;9068.4000;47.7000;520.8200;2388.1400;8141.5600;8.4714;394.0000;0.013197;0.581858;0.004418;Warning;WO714416;21163.43
2026-07-03;  ENG-029 ;140;2026-01-06 20:00:00;642.4900;1588.7000;1401.7800;554.3300;2388.0400;9075.5100;47.5200;522.1800;2388.0500;8143.9700;8.4415;392.0000;0.062534;-0.560813;0.002142;healthy;WO248376;2,585.79
03-Jul-2026;ENG-067;50;2026-01-03 02:00:00;642.3900;1589.7300;1399.2500;553.6900;2388.0000;9058.8100;47.3100;522.8900;2388.0200;8138.6400;8.3940;393.0000;0.046190;-0.917128;0.000345;HEALTHY;WO574497;1,929.97
2026-07-03;ENG-016;82;2026-01-04 10:00:00;642.4400;1579.7500;1402.3600;554.7100;2388.0300;9061.0900;47.3100;522.2000;2388.0100;8135.7700;8.4150;391.0000;0.030290;-0.982727;0.002238;Healthy;WO119868;1376.56
2026/07/03;eng-063;133;2026-01-06 13:00:00;642.3600;1596.3300;1408.4700;553.0200;2388.1100;9049.8100;47.8200;521.5200;2388.1500;8129.8900;8.4453;394.0000;0.010132;0.239747;0.002228;Healthy;WO326106;1776.88
2026/07/03;ENG-091;192;2026-01-09 00:00:00;642.9100;1593.0700;1414.8100;552.3500;2388.1600;9051.1200;47.6000;520.6500;2388.1700;8125.6700;8.4763;395.0000;-0.124861;0.742572;0.001525;Warning;WO231184;
2026-07-03;ENG-088;49;2026-01-03 01:00:00;642.9300;1585.7400;1410.1200;553.6300;2388.1500;9036.1700;47.4900;521.1100;2388.1400;8119.4600;8.4464;393.0000;-0.038413;0.037446;0.005401;Healthy;WO368347;1,088.73
2026/07/03;eng-080;128;2026-01-06 08:00:00;642.6300;1586.9700;1404.2600;553.6700;2388.0200;9071.7100;47.4500;521.7800;2388.1000;8144.5800;8.4326;391.0000;0.069092;-0.388709;0.001145;Warning;WO415055;9131.42
03-Jul-2026;  ENG-098 ;115;2026-01-05 19:00:00;642.2200;1587.6700;1415.0700;552.7300;2388.1300;9064.4100;47.5600;521.3300;2388.0600;8141.4200;8.4383;395.0000;0.043116;0.168331;0.003165;Healthy;WO170348;
2026/07/03;  ENG-054 ;108;2026-01-05 12:00:00;642.0000;1591.1100;1400.9500;554.1800;2388.0300;9057.9800;47.1300;522.2000;2387.9900;8146.1300;8.4164;392.0000;0.056900;-0.997618;0.001859;HEALTHY;WO641164;2,664.31
2026-07-03;ENG-091;185;2026-01-08 17:00:00;642.7700;1593.2500;1419.2600;553.0900;2388.1400;9051.6000;47.6600;520.6000;2388.1600;8134.7000;8.4447;394.0000;-0.046533;0.628253;0.006248;warning;WO497476;5,532.41
03-Jul-2026;ENG-079;90;2026-01-04 18:00:00;642.1200;1591.5300;1411.5400;553.6600;2388.1000;9056.1800;47.3600;521.8300;2388.1000;8125.7200;8.4107;391.0000;0.018573;-0.503305;0.001050;Healthy;WO933183;2,481.36
2026/07/03;  ENG-036 ;110;2026-01-05 14:00:00;643.5700;1598.3400;1422.0500;553.0300;2388.2100;9065.7300;47.7900;520.3400;2388.1500;8140.5800;8.4854;395.0000;-0.132706;1.119501;0.008053;Warning;WO733458;14,759.28
2026/07/03;ENG-099;68;2026-01-03 20:00:00;642.1900;1589.6100;1395.1000;554.6100;2387.9700;9062.9500;47.1100;522.6800;2388.0100;8145.7200;8.4118;390.0000;0.063100;-1.216578;0.001196;Healthy;WO923590;1,188.67
03-Jul-2026;ENG-078;51;2026-01-03 03:00:00;641.9700;1581.1700;1390.5400;554.6500;2388.0400;9059.3600;47.2000;522.5500;2387.9800;8150.6000;8.3739;392.0000;0.051759;-1.293188;0.003719;Healthy;WO508100;1083.74
2026-07-03;ENG-049;213;2026-01-09 21:00:00;642.2800;1586.6100;1412.0200;553.5000;2388.0700;9060.7800;47.3700;521.5000;2388.0800;8139.4300;8.3935;392.0000;0.037060;-0.433529;0.000440;Healthy;WO763608;433.32
03-Jul-2026;ENG-057;157;2026-01-07 13:00:00;643.1300;1589.4700;1411.3300;553.3200;2388.1800;9046.6500;47.6300;520.9500;2388.1400;8129.2200;8.3743;393.0000;-0.028327;0.237668;0.002957;Healthy;WO852371;1382.28
2026/07/03;  ENG-064 ;161;2026-01-07 17:00:00;642.6800;1598.6000;1412.6400;552.2800;2388.2200;9053.9200;47.7000;520.5700;2388.1800;8136.0600;8.4608;394.0000;-0.049744;0.716714;;Healthy;WO463934;2,930.19
03-Jul-2026;ENG-058;157;2026-01-07 13:00:00;642.4400;1595.4900;1412.7000;553.1500;2388.1700;9052.1900;47.6800;520.7800;2388.1900;8133.4200;8.4333;394.0000;-0.032178;0.456291;;healthy;WO812342;1030.42
2026-07-03;ENG-036;113;2026-01-05 17:00:00;643.2800;1593.2100;1423.9800;552.1600;2388.2500;9062.9800;47.8800;521.1500;2388.2000;8135.6700;8.4762;395.0000;-0.241457;1.098058;0.010271;Warning;WO364069;17508.48
2026-07-03;ENG-050;54;2026-01-03 06:00:00;642.5300;1584.7200;1404.6200;554.7400;2388.0800;9063.4000;47.2600;522.6500;2388.0600;8145.2500;8.4164;392.0000;0.009930;-2.754723;0.034644;healthy;WO441687;1663.17
2026-07-03;ENG-004;82;2026-01-04 10:00:00;642.4800;1593.2200;1409.2500;553.5400;2388.1500;9047.7800;47.6300;521.4500;2388.1300;8131.6700;8.4550;394.0000;-0.001192;0.190171;0.002411;Healthy;WO823173;1,569.76
03-Jul-2026;ENG-074;129;2026-01-06 09:00:00;642.3900;1591.3000;1404.8100;553.0400;2388.0900;9068.4300;47.4500;521.0900;2388.0700;8144.7600;8.4303;394.0000;0.073865;0.103002;0.001968;Healthy;WO621902;2389.81
2026/07/03;  ENG-053 ;154;2026-01-07 10:00:00;643.0000;1590.2200;1415.1000;553.5200;2388.0700;9092.7200;47.6200;521.4600;2388.0700;8171.6000;8.4509;394.0000;0.245130;0.353085;0.014583;Warning;WO389771;16525.10
2026-07-03;ENG-042;148;2026-01-07 04:00:00;643.2100;1597.0300;1416.5100;551.5300;2388.1900;9031.7100;47.8200;519.9100;2388.2300;8109.0300;8.4882;394.0000;-0.581341;1.165281;0.025835;Warning;WO494248;19,651.41
03-Jul-2026;ENG-060;106;2026-01-05 10:00:00;642.6300;1590.0600;1403.3700;553.2700;2388.0700;9057.1900;47.4800;521.6400;2388.0800;8139.8100;8.4546;392.0000;0.067183;-0.142299;0.001601;healthy;WO386895;1233.49
2026-07-03;  ENG-049 ;238;2026-01-10 22:00:00;642.8700;1588.4600;1403.3100;553.0800;2388.1200;9054.3100;47.5400;521.3700;2388.0900;8142.3300;8.4842;391.0000;0.056242;0.089181;0.001707;Healthy;WO348931;1767.76
2026-07-03;eng-004;97;2026-01-05 01:00:00;643.0000;1591.3500;1410.5800;553.2900;2388.1700;9047.6700;47.6600;521.3700;2388.1400;8132.4400;8.4303;393.0000;0.004412;0.162511;0.000609;Healthy;WO992873;1177.13
2026-07-03;ENG-034;179;2026-01-08 11:00:00;642.9100;1586.9900;1412.3000;552.8700;2388.1400;9054.4800;47.7000;520.6700;2388.1500;8136.4800;8.4581;395.0000;-0.026816;0.506210;0.006133;Healthy;WO426134;83.73
2026/07/03;eng-077;126;2026-01-06 06:00:00;642.8500;1590.3700;1406.2000;552.9900;2388.1600;9046.5800;47.4300;521.4700;2388.1500;8124.4100;8.3984;393.0000;0.002538;0.029680;0.002725;Healthy;WO853072;2512.03
2026-07-03;  ENG-093 ;227;2026-01-10 11:00:00;643.0000;1603.4000;1419.5200;553.0800;2388.1600;9077.0000;47.7000;520.6300;2388.1200;8148.0600;8.4729;396.0000;0.082632;0.887142;0.012669;Warning;WO351494;2359.18
2026/07/03;ENG-059;83;2026-01-04 11:00:00;642.4700;1593.7100;1396.0100;554.0000;2388.0400;9061.2000;47.3300;521.3600;2388.0400;8139.5100;8.4072;392.0000;0.034236;-0.641632;0.001945;Healthy;WO529026;1,016.27
03-Jul-2026;ENG-094;117;2026-01-05 21:00:00;643.1900;1589.9600;1411.8200;552.7600;2388.1000;9057.0800;47.6200;520.6800;2388.1300;8135.4500;8.4552;395.0000;-0.006539;0.471841;0.001105;Healthy;WO617918;2675.03
2026/07/03;ENG-057;154;2026-01-07 10:00:00;642.8300;1592.8300;1414.0800;552.5700;2388.1100;9048.6500;47.6600;520.8900;2388.1100;8130.3800;8.4427;394.0000;-0.007510;0.323656;0.004772;Healthy;WO854992;2422.44
2026-07-03;ENG-009;43;2026-01-02 19:00:00;642.6100;1592.6700;1414.4200;553.8000;2388.0900;9055.8300;47.5900;521.2400;2388.1400;8135.0000;8.4521;393.0000;0.010717;0.249948;0.002022;Healthy;WO119489;121.32
03-Jul-2026;  ENG-008 ;166;2026-01-07 22:00:00;642.5900;1591.9100;1413.8900;553.5100;2388.1400;9049.9600;47.5900;520.5300;2388.1200;8127.8400;8.4744;393.0000;-0.042401;0.393075;0.002973;Healthy;WO710688;1764.53
2026/07/03;ENG-063;112;2026-01-05 16:00:00;642.5600;1587.4700;1414.4200;553.1700;2388.1200;9056.0000;47.5800;521.4700;2388.1400;8130.9600;8.4462;393.0000;0.019415;0.120637;0.000716;Healthy;WO765183;237.29
03-Jul-2026;ENG-100;141;2026-01-06 21:00:00;642.5900;1587.4000;1407.1700;554.4400;2388.0300;9077.6100;47.2500;521.7900;2388.0000;8158.2800;8.4322;392.0000;0.068393;-0.574902;0.001968;Healthy;WO283530;
2026/07/03;ENG-082;137;2026-01-06 17:00:00;642.7000;1595.2000;1415.0700;553.3900;2388.1400;9059.4900;47.8600;521.0900;2388.1700;8136.9400;8.4271;396.0000;-0.023593;0.602307;0.004257;Warning;WO407507;23740.18
03-Jul-2026;ENG-007;136;2026-01-06 16:00:00;642.3000;1577.7000;1403.3800;554.1600;2388.0000;9067.9500;47.4200;521.8200;2387.9900;8147.7200;8.4349;392.0000;0.039992;-0.867148;0.001145;healthy;WO874711;1,501.83
03-Jul-2026;ENG-073;86;2026-01-04 14:00:00;642.2700;1582.4000;1403.9600;553.8700;2388.0400;9052.9300;47.3700;522.2200;2388.0400;8136.9300;8.4065;392.0000;-0.002275;-2.631923;0.001196;Healthy;WO191392;2,377.38
2026/07/03;ENG-095;87;2026-01-04 15:00:00;642.5800;1590.2400;1402.5900;553.3900;2388.0800;9053.5300;47.3700;521.4300;2388.0200;8127.1500;8.4133;392.0000;-0.033172;-2.569701;0.003906;Healthy;WO551572;2052.03
2026-07-03;  ENG-015 ;69;2026-01-03 21:00:00;641.8600;1588.5000;1403.2700;553.6400;2388.0800;9054.1600;47.3900;522.1900;2388.0500;8132.9300;8.4284;391.0000;0.024816;-0.875957;0.001601;Healthy;WO706277;2574.78
03-Jul-2026;  ENG-093 ;226;2026-01-10 10:00:00;643.1300;1589.4600;1415.7500;552.5600;2388.1200;9076.8200;47.6600;520.3900;2388.1300;8146.5000;8.5025;395.0000;0.087565;0.795783;0.012212;WARNING;WO834402;22794.53
03-Jul-2026;  ENG-086 ;90;2026-01-04 18:00:00;643.0100;1577.5600;1410.2100;553.5300;2388.0400;9061.7000;47.3900;521.4600;2388.0500;8147.8500;8.4358;391.0000;0.048747;-0.424914;0.000598;Healthy;WO401072;1324.77
2026-07-03;ENG-064;152;2026-01-07 08:00:00;642.6900;1587.9700;1407.0500;552.7300;2388.2300;9061.8500;47.7300;521.2600;2388.1900;8133.1100;8.4429;395.0000;-0.020912;0.429761;0.005956;warning;WO244199;4077.85
2026/07/03;eng-053;161;2026-01-07 17:00:00;642.8600;1589.4200;1403.6400;552.5800;2388.0600;9106.4500;47.6800;520.5700;2388.1000;8174.3700;8.4725;395.0000;0.452648;0.652155;0.016995;WARNING;WO994961;14,252.77
2026/07/03;ENG-074;125;2026-01-06 05:00:00;642.4300;1590.4400;1401.3000;553.7400;2388.0900;9061.2000;47.5300;521.5100;2388.1000;8136.5600;8.4587;393.0000;0.059307;-0.182693;0.001150;warning;WO296146;17924.34
2026/07/03;ENG-034;174;2026-01-08 06:00:00;642.8900;1587.0700;1418.7500;552.9200;2388.1400;9061.0600;47.4600;521.2500;2388.2000;8135.8700;8.4250;394.0000;-0.001897;0.323734;0.002423;Healthy;WO310916;1,931.12
2026/07/03;ENG-026;68;2026-01-03 20:00:00;642.1700;1588.0200;1405.9800;553.8100;2388.0300;9072.3900;47.2300;522.3100;2388.0300;8146.4300;8.4312;393.0000;0.048597;-0.827795;0.002072;Healthy;WO569710;1916.20
2026/07/03;ENG-081;179;2026-01-08 11:00:00;643.1000;1591.9900;1416.5600;553.6300;2388.0700;9066.9200;47.7500;520.7500;2388.1700;8151.0200;8.4781;394.0000;0.040950;0.606755;0.004577;Warning;WO796221;19872.27
2026/07/03;ENG-019;105;2026-01-05 09:00:00;642.6000;1587.5700;1401.0900;553.8500;2388.0400;9057.3700;47.0700;521.9600;2388.0500;8139.5100;8.3881;390.0000;0.010153;-1.023984;0.001381;Healthy;WO505920;1806.32
2026/07/03;ENG-066;124;2026-01-06 04:00:00;643.1300;1590.6100;1416.3900;552.5600;2388.1000;9095.5100;47.6600;521.0500;2388.0900;8165.2900;8.4488;394.0000;0.243620;0.591363;0.020178;WARNING;WO810167;11835.36
2026/07/03;ENG-012;198;2026-01-09 06:00:00;642.3200;1589.2500;1405.8800;554.4600;2388.0700;9077.3100;47.4300;521.7500;2388.0300;8146.4300;8.4190;391.0000;0.057457;-0.581905;0.000573;warning;WO170872;2266.13
2026-07-03;  ENG-024 ;148;2026-01-07 04:00:00;641.9600;1583.1200;1402.5300;553.5100;2388.0400;9107.1200;47.3800;521.9700;2388.0300;8177.0000;8.4445;394.0000;0.117951;-0.610046;0.003918;Healthy;WO965781;2,712.30
2026-07-03;ENG-062;216;2026-01-10 00:00:00;642.6100;1591.4700;1410.6900;553.3900;2388.0500;9080.1500;47.6700;521.6700;2388.0600;8157.3700;8.4532;392.0000;0.118835;-0.022722;0.004587;Warning;WO435583;22917.44
03-Jul-2026;ENG-052;168;2026-01-08 00:00:00;642.7500;1589.1300;1412.5400;552.9400;2388.0600;9086.3400;47.5000;521.7100;2388.0200;8160.4500;8.4448;395.0000;0.128809;0.099856;0.000963;healthy;WO223915;2330.97
2026-07-03;ENG-060;120;2026-01-06 00:00:00;642.8000;1586.0500;1403.3100;553.5300;2388.0900;9056.0600;47.5000;521.3100;2388.0900;8134.9000;8.4192;392.0000;0.047923;-0.232076;0.001510;Healthy;WO870040;1478.55
03-Jul-2026;ENG-020;143;2026-01-06 23:00:00;642.2300;1594.3400;1407.2300;553.5200;2388.1300;9075.1000;47.5900;521.1900;2388.1000;8141.6400;8.4809;394.0000;0.058226;0.217739;0.003580;Warning;WO661511;5623.25
2026-07-03;ENG-100;194;2026-01-09 02:00:00;643.2400;1599.4500;1415.7900;553.4100;2388.0200;9142.3700;47.6900;520.6900;2388.0000;8213.2800;8.4715;394.0000;1.094182;1.051615;0.020647;Warning;WO654102;7480.91
2026/07/03;ENG-023;126;2026-01-06 06:00:00;642.5400;1578.9000;1399.8500;553.8500;2388.0000;9056.5300;47.3400;522.3100;2388.0200;8131.1200;8.3655;391.0000;0.017948;-1.032666;0.002762;Healthy;WO978693;339.36
03-Jul-2026;eng-053;115;2026-01-05 19:00:00;642.8400;1590.3800;1409.3300;553.3400;2388.0200;9073.2100;47.5400;521.4800;2388.0400;8146.2100;8.4502;393.0000;0.099332;-0.114160;0.004521;Healthy;WO187656;94.86
2026-07-03;ENG-017;154;2026-01-07 10:00:00;642.7600;1587.9900;1409.2900;553.4500;2388.0400;9093.6700;47.3900;521.5900;2388.0700;8164.5300;8.4343;392.0000;0.119675;-0.131854;0.004033;healthy;WO678414;330.10
2026-07-03;eng-040;104;2026-01-05 08:00:00;643.2800;1604.0300;1414.0900;552.9500;2388.1200;9046.8900;47.7700;520.7700;2388.1500;8139.6300;8.4752;395.0000;-0.029728;0.754366;0.006015;Warning;WO842311;2539.51
2026-07-03;ENG-096;66;2026-01-03 18:00:00;642.6400;1585.8900;1396.7700;554.2100;2387.9700;9066.1400;47.2100;522.0700;2387.9800;8144.9400;8.4303;391.0000;0.056414;-0.982160;0.000946;Healthy;WO452838;1,014.46
2026-07-03;ENG-025;37;2026-01-02 13:00:00;642.3900;1591.8100;1392.5300;553.9400;2388.0600;9046.5900;47.2600;521.4300;2388.1200;8127.6700;8.3778;392.0000;-0.007422;-0.698700;0.003248;Healthy;WO196331;165.30
2026/07/03;ENG-013;185;2026-01-08 17:00:00;642.4300;1584.4200;1408.5600;553.2200;2388.1100;9067.6100;47.4900;521.6600;2388.0900;8137.2500;8.4301;392.0000;0.059763;-0.220748;;warning;WO566027;2293.57
2026-07-03;ENG-005;82;2026-01-04 10:00:00;642.7500;1586.8100;1407.2800;553.5800;2388.1300;9058.6000;47.5800;521.3700;2388.1100;8129.8000;8.4500;392.0000;0.036226;-0.033568;0.001440;HEALTHY;WO130850;2,598.27
2026-07-03;ENG-068;154;2026-01-07 10:00:00;642.2800;1587.2800;1412.5200;553.4800;2388.1500;9071.6500;47.7600;521.2600;2388.1000;8148.2000;8.4277;395.0000;0.030199;0.329788;0.002206;warning;WO164057;7,528.76
2026/07/03;  ENG-047 ;65;2026-01-03 17:00:00;643.0900;1596.6600;1413.1600;552.8500;2388.1300;9045.5300;47.8700;521.0300;2388.1300;8123.1500;8.4835;394.0000;-0.047592;0.594875;0.001794;Healthy;WO928190;2954.78
03-Jul-2026;ENG-037;93;2026-01-04 21:00:00;641.9100;1587.3100;1406.6500;553.7600;2388.0800;9050.4400;47.4500;521.1500;2388.1200;8133.1100;8.4425;393.0000;0.038081;-0.165032;0.000909;Healthy;WO290321;942.40
2026-07-03;eng-089;157;2026-01-07 13:00:00;642.4900;1593.2500;1405.7500;553.9500;2388.0900;9050.5300;47.4900;521.8200;2388.1600;8130.6300;8.4421;393.0000;0.045819;-0.107202;0.002207;Healthy;WO828807;1,311.64
2026-07-03;ENG-038;111;2026-01-05 15:00:00;643.6500;1589.4800;1412.3900;552.7300;2388.1200;9076.5100;47.7800;520.9400;2388.1300;8148.6400;8.4211;394.0000;0.043975;0.543834;0.004852;healthy;WO127424;2595.35
2026-07-03;ENG-065;71;2026-01-03 23:00:00;641.7500;1588.1000;1398.1700;554.3900;2388.0300;9063.1700;47.1000;522.6500;2388.0300;8153.0600;8.4240;392.0000;-0.024443;-2.656681;0.005940;Healthy;WO448405;644.22
2026-07-03;  ENG-091 ;233;2026-01-10 17:00:00;643.1100;1591.7100;1422.5700;552.2100;2388.2400;9045.0900;47.9300;519.5500;2388.2300;8122.5200;8.4901;395.0000;-0.657640;1.360125;0.007828;Warning;WO538376;3,513.64
03-Jul-2026;ENG-035;184;2026-01-08 16:00:00;642.9600;1598.5500;1424.4300;552.0200;2388.1900;9064.3700;48.0300;520.3800;2388.1300;8147.1100;8.5074;396.0000;-0.184019;1.277357;0.013922;Warning;WO902915;4557.97
2026-07-03;ENG-048;53;2026-01-03 05:00:00;642.6600;1584.5400;1408.8500;553.0000;2388.0600;9050.2800;47.3300;521.5100;2388.0400;8139.5500;8.4352;394.0000;0.049771;-0.228420;0.002517;Healthy;WO782863;2941.36
2026/07/03;ENG-046;113;2026-01-05 17:00:00;642.1600;1587.1600;1407.2900;553.0900;2388.1300;9076.2100;47.5700;521.0300;2388.0900;8152.6300;8.4172;393.0000;0.082103;-0.154978;0.001774;Warning;WO175882;18845.40
03-Jul-2026;ENG-097;121;2026-01-06 01:00:00;642.1300;1588.8400;1405.3500;554.4300;2388.0600;9076.2500;47.3000;521.5800;2388.0600;8151.4400;8.4092;393.0000;0.049287;-0.597531;0.001145;Healthy;WO471598;1,969.31
2026/07/03;ENG-058;160;2026-01-07 16:00:00;642.4400;1597.0700;1415.4400;553.4100;2388.1400;9058.6900;47.7900;521.1300;2388.1100;8129.6800;8.4456;392.0000;-0.011307;0.438435;0.003997;Healthy;WO887576;1,694.74
2026-07-03;  ENG-036 ;115;2026-01-05 19:00:00;642.6200;1591.7200;1424.1200;552.4300;2388.2000;9061.2400;47.8600;520.0200;2388.1900;8137.3100;8.4992;395.0000;-0.172130;0.999609;0.003538;Warning;WO385119;
2026/07/03;ENG-084;131;2026-01-06 11:00:00;642.0800;1591.0200;1410.0900;553.1000;2388.1000;9052.4900;47.4000;521.3900;2388.1400;8138.3900;8.4047;394.0000;0.042981;-0.019936;0.002283;HEALTHY;WO246625;566.88
03-Jul-2026;ENG-058;125;2026-01-06 05:00:00;642.2500;1587.8800;1404.1700;552.5000;2388.1100;9053.4800;47.3800;521.8900;2388.1100;8131.2600;8.4226;394.0000;0.058569;-0.201956;0.001992;Healthy;WO653878;2794.74
2026/07/03;ENG-056;99;2026-01-05 03:00:00;643.0600;1594.9600;1417.6500;552.9900;2388.1400;9045.8800;47.6800;521.0700;2388.1800;8122.4800;8.4319;395.0000;-0.056376;0.503498;0.000173;Warning;WO464023;8447.58
2026/07/03;ENG-028;112;2026-01-05 16:00:00;642.2900;1588.3300;1404.7400;553.9000;2388.1100;9047.2700;47.5900;520.8700;2388.0600;8129.0900;8.4464;393.0000;0.008578;-0.046622;0.003850;Healthy;WO352638;2833.83
2026/07/03;ENG-013;172;2026-01-08 04:00:00;642.5900;1588.6000;1409.0300;554.4300;2388.0900;9062.9500;47.2700;521.8400;2388.0800;8143.4000;8.4102;393.0000;0.049313;-0.344431;0.001132;Healthy;WO976168;2,683.91
03-Jul-2026;eng-024;156;2026-01-07 12:00:00;642.7300;1588.9200;1406.6400;553.5500;2388.0200;9104.5100;47.4900;521.8600;2388.0800;8176.2900;8.4184;393.0000;0.120653;-0.501288;0.010045;Healthy;WO744602;1,828.54
2026/07/03;  ENG-016 ;110;2026-01-05 14:00:00;642.2900;1583.9700;1400.6400;553.9800;2388.0200;9064.5100;47.4200;521.6800;2388.0500;8148.4700;8.4246;391.0000;0.039391;-0.754763;0.000732;Healthy;WO609451;1266.92
2026-07-03;ENG-093;230;2026-01-10 14:00:00;643.5300;1590.0400;1412.4900;552.2400;2388.1100;9072.9400;47.7500;520.7200;2388.1300;8142.5100;8.4684;394.0000;0.038222;0.544738;0.004775;Healthy;WO585410;787.66
2026-07-03;ENG-056;129;2026-01-06 09:00:00;643.6400;1591.3100;1427.4200;551.8600;2388.1800;9045.5100;47.8600;520.1800;2388.2000;8120.4600;8.4932;395.0000;-0.585704;1.372279;0.006569;Warning;WO182933;12053.02
2026/07/03;ENG-047;53;2026-01-03 05:00:00;642.6400;1583.9500;1411.3000;553.4100;2388.1000;9038.8900;47.6100;521.8800;2388.1700;8128.1500;8.4727;394.0000;-0.002646;0.071730;0.002726;Warning;WO803465;17,639.39
2026/07/03;eng-062;220;2026-01-10 04:00:00;642.4100;1601.0600;1403.4900;553.7500;2388.1200;9081.7200;47.4900;520.9800;2388.0200;8159.7500;8.4426;395.0000;0.121554;0.152080;0.004938;Warning;WO157989;861.28
2026/07/03;ENG-097;113;2026-01-05 17:00:00;642.9600;1582.5200;1401.7500;553.6600;2388.0100;9069.3200;47.2000;522.0200;2388.0800;8152.9600;8.3958;393.0000;0.043650;-0.673514;0.001976;Healthy;WO190823;1222.74
2026-07-03;  ENG-050 ;52;2026-01-03 04:00:00;642.2900;1579.3100;1397.3300;554.4300;2388.0100;9057.5000;47.2100;522.1600;2388.0500;8145.8100;8.4112;393.0000;0.018500;-1.031597;0.001582;Healthy;WO985608;1826.04
2026/07/03;ENG-070;119;2026-01-05 23:00:00;643.0100;1584.3100;1409.8000;554.0500;2388.1500;9051.9500;47.5500;520.8400;2388.1100;8139.4900;8.4376;395.0000;0.004994;0.073226;0.003956;Healthy;WO502192;2399.42
2026-07-03;ENG-072;90;2026-01-04 18:00:00;642.1600;1578.5200;1409.2400;554.2600;2388.0100;9067.1600;47.3200;521.7500;2388.0600;8141.9700;8.4042;394.0000;0.025029;-0.673125;0.001171;Healthy;WO868075;825.28
03-Jul-2026;ENG-017;136;2026-01-06 16:00:00;642.2500;1594.3800;1404.3500;554.1200;2388.0200;9082.5100;47.4700;521.1800;2388.0500;8158.8000;8.4183;393.0000;0.093761;-0.271512;0.002303;Healthy;WO757919;414.83
2026-07-03;ENG-089;144;2026-01-07 00:00:00;642.9100;1584.2800;1405.3000;553.2300;2388.1000;9052.4100;47.4500;521.8500;2388.1400;8133.3600;8.4698;395.0000;0.049611;-0.046601;0.001628;Healthy;WO863929;472.31
2026/07/03;ENG-086;97;2026-01-05 01:00:00;642.7700;1593.6800;1406.7300;553.4600;2388.0100;9071.4000;47.4200;521.5100;2388.0700;8143.3900;8.4098;393.0000;0.070709;-0.303216;0.001949;Healthy;WO559925;336.22
03-Jul-2026;ENG-007;152;2026-01-07 08:00:00;641.5700;1589.0800;1399.0400;553.9200;2388.0000;9069.5100;47.3100;521.8900;2388.0200;8144.8700;8.4226;394.0000;0.047666;-0.782378;0.001196;healthy;WO800221;2,929.82
2026-07-03;ENG-066;101;2026-01-05 05:00:00;642.5000;1597.2000;1411.8600;553.0200;2388.1100;9070.4900;47.6000;520.7600;2388.1300;8151.8100;8.4445;393.0000;0.072424;0.272738;0.001599;Healthy;WO614993;285.55
2026-07-03;ENG-041;111;2026-01-05 15:00:00;642.8200;1590.4600;1406.1000;552.8400;2388.1100;9041.6200;47.6700;521.5100;2388.1500;8120.1100;8.4750;393.0000;-0.005179;0.184309;0.002656;Healthy;WO509697;
03-Jul-2026;  ENG-039 ;28;2026-01-02 04:00:00;642.0100;1581.4500;1397.0700;554.3100;2388.0400;9058.8700;47.2300;522.5000;2387.9900;8142.3800;8.4075;391.0000;0.055340;-1.173104;0.001381;Healthy;WO178290;2,096.85
2026/07/03;ENG-028;154;2026-01-07 10:00:00;642.4700;1590.6400;1404.0800;553.6700;2388.1200;9061.8600;47.4000;521.4800;2388.0800;8137.1300;8.4428;394.0000;0.052120;-0.238034;0.000317;healthy;WO789763;2,812.05
2026-07-03;ENG-092;141;2026-01-06 21:00:00;643.4100;1595.3800;1419.3500;552.3900;2388.2000;9049.3800;47.7900;520.5000;2388.1700;8127.3400;8.4902;396.0000;-0.320198;1.092238;0.002674;Warning;WO824329;13,081.84
03-Jul-2026;ENG-074;107;2026-01-05 11:00:00;642.3400;1586.5000;1408.4900;553.4700;2388.1000;9055.3600;47.7500;521.3300;2388.0800;8141.5900;8.4408;395.0000;0.036801;0.115565;0.001911;Healthy;WO189612;2,960.32
03-Jul-2026;ENG-098;103;2026-01-05 07:00:00;642.8100;1591.4900;1409.5100;552.7500;2388.1700;9073.7500;47.4400;521.2500;2388.0600;8138.7000;8.4302;393.0000;0.056275;0.197374;0.002090;Warning;WO902348;8951.69
03-Jul-2026;  ENG-003 ;105;2026-01-05 09:00:00;642.7300;1586.0900;1405.3600;552.6000;2388.1200;9050.5900;47.5900;521.1700;2388.1800;8126.2700;8.4394;395.0000;-0.009771;0.220947;0.004226;Healthy;WO578857;1766.67
2026/07/03;ENG-079;72;2026-01-04 00:00:00;642.4400;1586.3900;1409.1100;553.9000;2388.0600;9050.5000;47.4100;521.5300;2388.0600;8129.7800;8.4329;392.0000;0.029789;-0.382652;0.001269;Healthy;WO656912;110.65
2026/07/03;ENG-096;86;2026-01-04 14:00:00;642.4300;1583.7800;1395.9300;553.7900;2387.9800;9066.5000;47.2900;521.9500;2388.0400;8146.2400;8.3760;392.0000;0.033700;-0.988443;0.000846;Healthy;WO555881;2267.08
03-Jul-2026;ENG-004;103;2026-01-05 07:00:00;642.9300;1594.2600;1414.0500;553.0700;2388.0900;9049.9200;47.5800;521.4600;2388.1300;8134.7200;8.4657;393.0000;0.021391;0.290319;0.001580;Healthy;WO765431;
03-Jul-2026;ENG-056;97;2026-01-05 01:00:00;643.2900;1595.0400;1417.4000;552.4000;2388.1900;9041.0000;47.8200;520.9600;2388.1600;8119.5200;8.4886;394.0000;-0.136585;0.794528;0.008656;Warning;WO735027;18807.43
2026/07/03;ENG-013;168;2026-01-08 00:00:00;642.8700;1591.4000;1406.7600;554.2000;2388.0900;9057.4800;47.3800;522.0700;2388.0800;8138.2600;8.4351;392.0000;0.040620;-0.408678;0.002632;HEALTHY;WO515375;1,823.53
03-Jul-2026;ENG-096;81;2026-01-04 09:00:00;642.8900;1579.7700;1402.5200;554.0000;2388.0100;9063.7600;47.2200;522.7900;2388.0300;8150.9500;8.3729;391.0000;0.043066;-1.100370;0.001953;HEALTHY;WO580325;2054.48
2026/07/03;ENG-013;186;2026-01-08 18:00:00;642.3100;1590.8100;1409.4600;553.2800;2388.0600;9064.7200;47.4300;522.0100;2388.0400;8140.7500;8.4194;393.0000;0.064832;-0.444312;0.001949;Healthy;WO220327;2,349.65
2026/07/03;ENG-020;180;2026-01-08 12:00:00;643.1300;1598.5200;1419.7500;551.7100;2388.2300;9058.9700;47.8800;520.2900;2388.2400;8139.0400;8.5414;394.0000;-0.459167;1.393487;0.011177;Warning;WO572386;18,340.81
03-Jul-2026;ENG-058;162;2026-01-07 18:00:00;642.9900;1596.8400;1416.7300;552.5100;2388.1900;9051.5900;47.5700;521.2800;2388.1400;8128.1800;8.4698;393.0000;-0.027854;0.575318;0.001021;warning;WO262875;4504.76
2026/07/03;ENG-036;125;2026-01-06 05:00:00;643.6800;1602.3500;1422.9000;551.7900;2388.2200;9066.7300;47.8400;519.9800;2388.2100;8137.5300;8.5136;395.0000;-0.411145;1.438994;0.022693;Warning;WO436122;5999.16
2026-07-03;ENG-057;160;2026-01-07 16:00:00;642.1700;1590.3800;1411.9500;552.4300;2388.1100;9043.8000;47.5900;521.6100;2388.1900;8131.7600;8.4603;394.0000;0.003712;0.217443;0.002293;Warning;WO603972;1069.46
03-Jul-2026;ENG-096;88;2026-01-04 16:00:00;642.5100;1586.1200;1402.1600;554.2100;2388.0300;9066.2000;47.4200;522.1100;2388.0100;8147.1200;8.3890;394.0000;0.043714;-0.762447;0.001968;Healthy;WO487236;
03-Jul-2026;  ENG-072 ;129;2026-01-06 09:00:00;642.0100;1586.1300;1403.5900;553.0100;2388.1000;9065.7400;47.6100;521.6500;2388.1500;8146.5600;8.4399;394.0000;0.079847;-0.007345;0.002023;Warning;WO913873;23897.13
2026-07-03;ENG-046;114;2026-01-05 18:00:00;643.1700;1580.9400;1408.6700;552.9000;2388.1100;9075.1400;47.6500;521.3200;2388.1600;8153.8300;8.4682;394.0000;0.069856;0.312812;;warning;WO857997;9997.20
2026-07-03;  ENG-017 ;116;2026-01-05 20:00:00;642.9200;1588.8800;1399.5000;553.7100;2388.0700;9085.6200;47.4200;521.9500;2388.0200;8159.2300;8.4049;393.0000;0.077014;-0.607796;0.005519;Healthy;WO131883;1973.10
03-Jul-2026;eng-079;80;2026-01-04 08:00:00;642.4800;1586.0600;1407.9000;553.6800;2388.0900;9052.7200;47.3500;521.6800;2388.0800;8126.7900;8.4230;392.0000;0.027077;-0.326567;0.003046;HEALTHY;WO347355;
2026/07/03;ENG-025;45;2026-01-02 21:00:00;642.6400;1589.9400;1401.2000;553.3800;2388.1000;9048.7900;47.2900;521.3400;2388.1000;8135.0800;8.3908;392.0000;0.016848;-0.442214;0.002983;Healthy;WO433547;910.04
2026/07/03;ENG-084;134;2026-01-06 14:00:00;642.8500;1590.1900;1403.7800;553.8200;2388.0800;9052.5700;47.6400;521.4600;2388.1100;8134.8400;8.4337;394.0000;0.046363;0.025132;0.003742;Healthy;WO557001;1913.67
03-Jul-2026;ENG-029;170;2026-01-08 02:00:00;642.8500;1584.7100;1406.7500;554.5600;2388.0200;9069.1800;47.4200;521.0800;2388.1000;8146.5100;8.4390;393.0000;0.043542;-0.406885;0.000880;Healthy;WO340540;62.78
2026-07-03;ENG-064;143;2026-01-06 23:00:00;642.6900;1590.2200;1411.8900;553.5000;2388.1200;9058.5000;47.6200;521.1500;2388.1100;8135.0400;8.4772;394.0000;0.015542;0.233734;;Healthy;WO671753;2,439.35
03-Jul-2026;ENG-017;164;2026-01-07 20:00:00;642.3900;1583.1300;1413.0300;552.8800;2388.0700;9093.4900;47.3900;521.3700;2388.0300;8169.9700;8.4149;393.0000;0.110360;-0.221209;0.004877;Warning;WO652508;15,145.55
03-Jul-2026;ENG-087;53;2026-01-03 05:00:00;641.8900;1592.4700;1399.0600;554.4800;2388.0700;9055.3700;47.3600;521.8600;2388.0200;8144.6000;8.3977;393.0000;0.022947;-0.866552;0.000880;Healthy;WO664097;2560.69
03-Jul-2026;ENG-042;136;2026-01-06 16:00:00;643.1800;1587.1500;1409.9900;552.7400;2388.1200;9043.8500;47.7300;520.8100;2388.2300;8119.2500;8.4278;395.0000;-0.069282;0.484610;0.004388;healthy;WO368923;61.02
2026/07/03;ENG-010;147;2026-01-07 03:00:00;642.5100;1589.6900;1402.3300;554.2900;2388.0600;9056.2600;47.2300;521.8800;2388.0500;8137.5100;8.4275;392.0000;0.029874;-0.542858;0.002231;Healthy;WO278266;1959.42
2026/07/03;ENG-064;168;2026-01-08 00:00:00;643.0100;1597.9400;1417.1400;552.0500;2388.2200;9056.2500;47.7300;520.9700;2388.1300;8133.0000;8.4665;394.0000;-0.138985;0.883173;0.002277;Healthy;WO938725;1952.09
2026-07-03;ENG-062;211;2026-01-09 19:00:00;642.6500;1584.0600;1403.8000;554.6700;2388.0800;9075.5800;47.5200;522.4800;2388.0500;8159.2100;8.4712;391.0000;0.071516;-0.602841;0.001505;Healthy;WO655920;1801.38
2026/07/03;ENG-032;104;2026-01-05 08:00:00;642.3400;1582.4600;1404.6400;554.2100;2388.0200;9083.9300;47.4700;522.0700;2387.9800;8158.8200;8.3867;392.0000;0.056544;-0.760537;;Healthy;WO914003;713.47
2026-07-03;eng-001;29;2026-01-02 05:00:00;641.9500;1587.1500;1398.1100;554.1500;2388.0800;9046.1100;47.4200;522.3900;2388.0700;8133.1300;8.4212;392.0000;0.011672;-0.868991;0.001145;Healthy;WO435275;2,904.35
03-Jul-2026;ENG-030;125;2026-01-06 05:00:00;643.0200;1592.8200;1411.3300;552.6600;2388.1100;9050.8300;47.5000;521.3600;2388.1700;8118.4000;8.4247;393.0000;-0.001293;0.207325;0.001213;Healthy;WO722525;2,363.37
2026/07/03;ENG-016;109;2026-01-05 13:00:00;642.5000;1588.2600;1402.5700;554.1700;2388.0400;9058.8600;47.2700;521.6500;2388.0500;8150.5400;8.4105;391.0000;0.028949;-0.766684;0.000000;healthy;WO751340;1719.82
03-Jul-2026;  ENG-008 ;127;2026-01-06 07:00:00;642.8100;1591.6200;1411.3500;553.6600;2388.1000;9047.3900;47.4100;521.2400;2388.0800;8131.9900;8.4560;391.0000;0.034699;-0.037997;;Healthy;WO916672;1,806.42
03-Jul-2026;ENG-087;48;2026-01-03 00:00:00;642.5100;1585.4500;1398.3400;554.2100;2388.0300;9057.6700;47.2400;522.0700;2388.0500;8140.2200;8.4084;392.0000;-0.032949;-2.614620;0.004931;Healthy;WO483210;2574.90
2026-07-03;eng-062;166;2026-01-07 22:00:00;642.0800;1580.5400;1403.4900;553.8700;2388.0200;9057.4100;47.3000;521.5700;2388.0100;8137.3300;8.4186;393.0000;0.019493;-0.753383;0.001119;Healthy;WO797476;2,359.02
2026-07-03;  ENG-051 ;133;2026-01-06 13:00:00;642.6300;1588.4700;1408.0900;552.8700;2388.0800;9054.1000;47.5200;521.8000;2388.0500;8136.0900;8.4250;392.0000;0.073649;-0.145388;0.001584;Healthy;WO597909;2,121.87
2026/07/03;ENG-008;147;2026-01-07 03:00:00;642.6600;1590.6100;1406.5900;553.7200;2388.1400;9043.0700;47.4500;521.1700;2388.1000;8130.9000;8.4567;392.0000;0.017171;-0.096786;0.001748;Healthy;WO437605;2959.89
2026-07-03;eng-037;82;2026-01-04 10:00:00;642.6000;1585.6000;1406.3700;553.1100;2388.1000;9056.7600;47.3800;521.6200;2388.1000;8128.4400;8.4433;393.0000;0.047907;-0.220338;0.001852;Healthy;WO238108;1,610.25
2026/07/03;ENG-018;118;2026-01-05 22:00:00;642.7000;1585.3800;1408.4800;552.7500;2388.1300;9058.3000;47.5800;521.4900;2388.1300;8141.8100;8.4341;394.0000;0.048191;0.099526;0.001309;Warning;WO960579;17521.04
2026-07-03;ENG-068;150;2026-01-07 06:00:00;642.4400;1597.0400;1412.0800;553.1600;2388.0900;9067.5300;47.5200;521.1200;2388.1600;8144.8300;8.4505;394.0000;0.048007;0.340044;;Warning;WO418448;17,244.32
2026-07-03;ENG-029;118;2026-01-05 22:00:00;642.1400;1587.6300;1400.3100;553.9400;2388.0600;9065.4800;47.5000;522.8900;2388.0400;8142.2500;8.4180;392.0000;0.055568;-0.710032;0.001424;Healthy;WO776140;334.28
2026-07-03;ENG-077;129;2026-01-06 09:00:00;642.8200;1590.8800;1411.3200;553.3000;2388.1200;9055.4200;47.5900;521.2200;2388.0900;8127.7500;8.4213;392.0000;0.017113;0.148371;0.003480;Healthy;WO594282;2617.66
2026-07-03;ENG-078;70;2026-01-03 22:00:00;642.4500;1586.9700;1405.2600;555.0000;2387.9500;9061.4200;47.1600;522.5600;2388.0300;8149.6800;8.4112;391.0000;0.057840;-2.725886;0.004683;Healthy;WO185574;2460.84
03-Jul-2026;ENG-053;113;2026-01-05 17:00:00;642.7300;1590.2900;1403.1800;553.5000;2388.0900;9073.7500;47.3800;521.5000;2387.9900;8153.6400;8.4197;393.0000;0.082697;-0.285236;0.003249;Healthy;WO791970;
2026-07-03;ENG-076;139;2026-01-06 19:00:00;643.0400;1590.5700;1414.5200;554.3700;2388.0000;9069.7000;47.5400;521.7400;2388.0500;8147.1900;8.4136;392.0000;0.074244;-0.287449;0.000922;Healthy;WO312378;1,909.74
2026/07/03;ENG-061;134;2026-01-06 14:00:00;642.8300;1593.9300;1406.3000;553.5000;2388.1100;9076.6800;47.5900;521.2300;2388.0400;8145.0600;8.4548;392.0000;0.080496;0.220926;0.001489;Warning;WO168162;5827.65
2026/07/03;eng-086;88;2026-01-04 16:00:00;642.7900;1597.3000;1409.8300;553.3800;2388.0800;9066.5600;47.4000;521.5900;2388.1600;8143.1000;8.4299;392.0000;0.079081;0.059303;0.003864;Healthy;WO290297;2876.49
03-Jul-2026;ENG-047;63;2026-01-03 15:00:00;642.8500;1588.4000;1412.8900;553.6300;2388.1900;9044.1500;47.5500;521.3100;2388.1700;8119.1200;8.4550;393.0000;-0.047187;0.159540;0.001522;Healthy;WO502885;2658.03
2026-07-03;ENG-089;123;2026-01-06 03:00:00;642.3700;1588.4300;1404.1600;553.1800;2388.1100;9041.2100;47.4800;521.2700;2388.1000;8128.8300;8.4502;393.0000;0.023997;-0.075388;0.001268;Healthy;WO560680;952.80
03-Jul-2026;ENG-100;169;2026-01-08 01:00:00;642.3600;1591.2500;1408.4800;553.5600;2388.0400;9098.8400;47.3600;521.6300;2388.0200;8176.1700;8.4480;392.0000;0.135753;-0.318450;0.009490;Warning;WO269887;
2026-07-03;ENG-034;147;2026-01-07 03:00:00;642.6300;1590.7200;1409.4200;553.8300;2388.1300;9058.7100;47.4300;521.6500;2388.0900;8138.2500;8.4141;393.0000;0.048060;-0.256699;0.001280;Healthy;WO499452;1065.25
2026-07-03;ENG-073;88;2026-01-04 16:00:00;642.1900;1589.2400;1404.9100;553.9700;2388.0500;9052.6000;47.2900;522.1400;2388.0600;8141.3000;8.4088;392.0000;0.012867;-0.833087;0.000846;Healthy;WO351662;1,631.36
2026-07-03;ENG-036;103;2026-01-05 07:00:00;643.1600;1594.7900;1416.8600;551.8500;2388.1500;9068.1000;47.7700;520.5900;2388.1800;8133.9700;8.4750;395.0000;-0.192495;1.044621;0.014555;Warning;WO721284;24296.16
2026/07/03;  ENG-050 ;62;2026-01-03 14:00:00;642.9800;1591.1400;1406.5200;554.2700;2388.0600;9061.3700;47.3600;521.9500;2388.0400;8147.5200;8.4035;391.0000;0.048173;-0.589737;0.001899;healthy;WO600773;2,545.93
2026/07/03;ENG-007;153;2026-01-07 09:00:00;642.9400;1584.4400;1402.9700;553.4600;2388.0100;9062.3900;47.3700;521.9300;2388.0100;8154.2900;8.3824;392.0000;0.054727;-0.697067;0.001337;Healthy;WO683021;1595.14
2026-07-03;ENG-033;36;2026-01-02 12:00:00;642.9800;1590.5800;1405.1100;553.0600;2388.0800;9057.6600;47.5900;521.7400;2388.0800;8135.0700;8.4160;391.0000;0.069275;-0.170202;0.002380;Healthy;WO478463;1036.32
03-Jul-2026;ENG-021;124;2026-01-06 04:00:00;641.9900;1592.1200;1399.7900;554.0700;2388.0600;9071.5900;47.3700;522.0600;2388.0300;8152.1400;8.4163;393.0000;0.057882;-0.716244;0.002762;Healthy;WO937287;1,620.50
2026/07/03;ENG-043;117;2026-01-05 21:00:00;642.1900;1594.9500;1410.5300;554.1600;2388.0600;9054.2900;47.5700;521.4800;2388.1400;8134.3300;8.4186;395.0000;0.044288;-0.040556;0.002856;Healthy;WO276496;1292.01
03-Jul-2026;ENG-073;109;2026-01-05 13:00:00;642.0200;1588.4100;1400.3800;553.9300;2388.0400;9058.7000;47.4300;521.9700;2388.0800;8135.0100;8.4125;393.0000;0.030773;-0.649299;0.001505;healthy;WO747233;180.08
2026-07-03;  ENG-014 ;43;2026-01-02 19:00:00;642.5600;1587.9400;1405.9600;553.3000;2388.1700;9042.9500;47.6400;521.4300;2388.1500;8120.1000;8.4221;393.0000;-0.016156;0.032047;0.002966;healthy;WO184355;1413.58
2026/07/03;ENG-064;120;2026-01-06 00:00:00;641.8900;1580.6600;1410.8800;553.6700;2388.0600;9065.1100;47.4900;521.5200;2388.0900;8141.0800;8.4522;394.0000;0.050337;-0.375052;0.002184;Healthy;WO356104;1,357.26
03-Jul-2026;ENG-010;174;2026-01-08 06:00:00;642.5100;1590.4000;1406.3500;553.9100;2388.1300;9066.5400;47.3900;521.6000;2388.0300;8144.0800;8.4447;393.0000;0.056708;-0.390836;0.000211;Healthy;WO595148;2,870.74
03-Jul-2026;  ENG-003 ;124;2026-01-06 04:00:00;643.0600;1590.4900;1412.7800;552.3000;2388.1300;9047.8400;47.6100;520.8700;2388.1600;8133.6100;8.4551;395.0000;-0.038269;0.595629;0.006675;Warning;WO435922;4014.49
2026/07/03;ENG-066;140;2026-01-06 20:00:00;643.5100;1594.5000;1414.0100;552.4600;2388.1100;9110.5500;47.8400;520.9100;2388.0900;8184.2000;8.4897;397.0000;0.603309;1.090090;0.012434;Warning;WO619657;13045.85
2026/07/03;  ENG-100 ;144;2026-01-07 00:00:00;642.6300;1585.9200;1405.6400;554.5400;2388.0400;9085.3000;47.2600;521.7000;2388.0400;8157.5900;8.4253;394.0000;0.065358;-0.550159;0.003122;Healthy;WO202300;2100.68
03-Jul-2026;ENG-045;109;2026-01-05 13:00:00;642.8700;1593.9400;1408.2000;553.3400;2388.1200;9063.1600;47.3200;521.5500;2388.1600;8144.0200;8.4858;395.0000;0.039984;0.346976;0.001483;Healthy;WO712255;504.12
03-Jul-2026;eng-037;103;2026-01-05 07:00:00;642.6600;1584.7800;1411.8500;553.3500;2388.0800;9044.2100;47.3600;521.2800;2388.1000;8130.3200;8.4430;393.0000;0.035234;-0.180394;0.003562;Healthy;WO230610;1,709.24
2026-07-03;  ENG-062 ;198;2026-01-09 06:00:00;642.4700;1587.9300;1406.4300;554.2100;2388.1000;9077.7700;47.3400;521.8700;2388.0100;8157.9700;8.4148;393.0000;0.070872;-0.489625;0.005765;Healthy;WO100006;2401.46
03-Jul-2026;  ENG-061 ;143;2026-01-06 23:00:00;642.5900;1596.7800;1411.8200;553.4000;2388.1800;9067.6300;47.6500;521.4100;2388.1200;8144.3700;8.4362;394.0000;0.056447;0.164137;0.000963;healthy;WO350253;2,971.16
03-Jul-2026;  ENG-032 ;138;2026-01-06 18:00:00;642.3000;1584.2300;1404.0200;553.0800;2388.0200;9098.8000;47.3600;521.5600;2388.0600;8171.9400;8.4537;393.0000;0.129285;-0.348708;0.005284;Warning;WO961060;14,369.26
03-Jul-2026;ENG-034;155;2026-01-07 11:00:00;642.2300;1586.2800;1403.7700;553.4400;2388.1000;9061.7400;47.5800;521.1100;2388.0700;8141.7000;8.4700;394.0000;0.067506;-0.017904;0.000201;Healthy;WO966109;1597.17
2026/07/03;ENG-027;126;2026-01-06 06:00:00;642.3900;1591.2300;1400.8600;553.5900;2388.1100;9060.1000;47.2200;521.5700;2388.1000;8137.8100;8.4297;392.0000;0.025884;-0.583962;0.001050;Healthy;WO373963;2936.39
03-Jul-2026;eng-076;169;2026-01-08 01:00:00;642.8800;1593.2500;1409.2500;553.6500;2388.0800;9087.6900;47.5900;521.1900;2388.0700;8157.4500;8.4630;393.0000;0.125966;0.163590;0.006452;Warning;WO407162;2403.62
2026-07-03;ENG-029;116;2026-01-05 20:00:00;642.6400;1586.3700;1405.7200;554.3300;2388.0200;9055.0700;47.3700;522.0400;2388.0300;8141.9000;8.4069;391.0000;0.000981;-2.670806;0.004528;HEALTHY;WO968365;2,770.37
2026/07/03;ENG-080;118;2026-01-05 22:00:00;643.0800;1587.3600;1405.0900;553.5200;2388.0500;9064.7900;47.4600;521.2700;2388.0800;8143.4800;8.4357;392.0000;0.069475;-0.104446;0.001682;Healthy;WO947861;2,403.20
2026/07/03;ENG-017;139;2026-01-06 19:00:00;643.0800;1589.4500;1410.7500;553.6800;2388.0400;9082.2200;47.6600;521.6300;2388.0100;8158.7700;8.4675;393.0000;0.134714;0.069159;0.014339;Healthy;WO194061;1851.74
03-Jul-2026;ENG-053;144;2026-01-07 00:00:00;642.5400;1594.9600;1409.8200;553.8500;2388.0600;9086.3500;47.4300;521.4600;2388.0500;8162.8300;8.4531;395.0000;0.123445;0.035652;0.004669;Warning;WO760322;11431.87
2026-07-03;  ENG-006 ;102;2026-01-05 06:00:00;642.8000;1591.5300;1406.2600;553.3600;2388.1400;9049.8200;47.6000;521.4800;2388.1000;8131.1700;8.4443;393.0000;0.004739;0.233179;0.003756;Healthy;WO138513;1564.05
2026/07/03;eng-068;177;2026-01-08 09:00:00;642.8500;1602.2700;1423.2500;552.2600;2388.1600;9075.9000;48.0100;519.8800;2388.1800;8154.2900;8.5023;395.0000;-0.150362;1.376410;0.007666;Warning;WO633274;11,721.73
2026/07/03;ENG-020;175;2026-01-08 07:00:00;643.2500;1596.9600;1423.2900;552.6000;2388.1700;9071.6400;47.6600;520.5100;2388.2200;8138.2300;8.4797;394.0000;-0.070309;0.933619;0.009056;Warning;WO451429;
2026-07-03;  ENG-092 ;109;2026-01-05 13:00:00;642.9000;1598.0000;1405.7500;552.8700;2388.2300;9043.6500;47.6500;520.9100;2388.1500;8126.7000;8.4576;394.0000;-0.054106;0.553261;0.002057;Healthy;WO580942;1,016.71
03-Jul-2026;ENG-089;133;2026-01-06 13:00:00;642.6000;1590.5500;1402.6800;553.2000;2388.1100;9042.8900;47.6200;520.8300;2388.1100;8129.9400;8.4435;392.0000;0.006909;0.067830;0.001996;healthy;WO788508;2120.17
2026/07/03;  ENG-081 ;200;2026-01-09 08:00:00;643.1700;1596.6500;1415.1100;551.7900;2388.1700;9077.1100;47.9700;520.5000;2388.1600;8149.7600;8.4764;395.0000;-0.093912;1.140123;0.012473;Warning;WO194779;12262.73
03-Jul-2026;ENG-012;170;2026-01-08 02:00:00;642.3700;1585.7900;1397.4100;554.5900;2388.0400;9057.6200;47.3400;522.0200;2388.0400;8147.0500;8.4115;391.0000;0.036367;-0.935681;0.001221;Healthy;WO295508;
03-Jul-2026;eng-064;138;2026-01-06 18:00:00;643.2600;1588.1100;1405.0200;553.8000;2388.1200;9059.7000;47.7500;520.9300;2388.1400;8137.7300;8.4250;393.0000;0.022120;0.230954;0.001507;Warning;WO222367;2119.83
2026-07-03;  ENG-045 ;146;2026-01-07 02:00:00;642.9900;1596.5400;1411.0500;553.4900;2388.1300;9061.8400;47.5100;521.8100;2388.1000;8140.5600;8.4417;392.0000;0.063441;0.121995;0.001776;Healthy;WO662509;2,518.85
03-Jul-2026;eng-076;179;2026-01-08 11:00:00;642.6900;1595.5100;1418.3000;552.2300;2388.0900;9096.1700;47.7800;521.4200;2388.0600;8161.5100;8.4949;393.0000;0.253990;0.637438;0.006355;Warning;WO632250;
2026-07-03;ENG-094;105;2026-01-05 09:00:00;642.7600;1596.6000;1420.7700;552.4000;2388.1300;9051.3600;47.6700;520.5200;2388.1600;8132.2100;8.4324;395.0000;-0.041779;0.583443;0.004045;Warning;WO416549;24,514.71
03-Jul-2026;  ENG-064 ;126;2026-01-06 06:00:00;642.7000;1593.7600;1408.0900;553.1800;2388.0700;9055.4000;47.4600;521.5900;2388.1400;8140.7000;8.4039;395.0000;0.064282;-0.039445;0.000390;healthy;WO346316;2,363.95
2026/07/03;ENG-053;141;2026-01-06 21:00:00;642.3300;1588.7200;1412.8900;553.5700;2387.9900;9084.1700;47.7000;521.3100;2388.0900;8159.8800;8.4630;394.0000;0.181816;0.203219;0.001187;healthy;WO804293;1275.64
03-Jul-2026;ENG-017;157;2026-01-07 13:00:00;642.6500;1597.2900;1413.0500;553.2000;2388.0400;9097.5800;47.4700;521.8800;2388.0600;8166.5300;8.4455;393.0000;0.149513;-0.007888;0.017940;Warning;WO839654;23071.70
2026-07-03;ENG-090;135;2026-01-06 15:00:00;642.9200;1588.7000;1411.8000;553.0500;2388.0800;9077.7700;47.8300;520.9200;2388.1000;8153.9300;8.4428;394.0000;0.068479;0.420295;;Warning;WO629580;24068.38
03-Jul-2026;ENG-078;69;2026-01-03 21:00:00;642.1400;1589.1700;1389.6600;554.7000;2387.9700;9069.4400;46.8900;522.3400;2387.9700;8153.9900;8.3847;390.0000;0.070509;-1.388944;0.005448;Healthy;WO530856;1,665.71
03-Jul-2026;  ENG-043 ;116;2026-01-05 20:00:00;642.2400;1592.3300;1413.0600;553.5200;2388.0600;9053.0300;47.3700;521.3500;2388.0800;8134.1800;8.4495;393.0000;0.052966;-0.123205;0.000509;Healthy;WO143972;1694.93
2026/07/03;ENG-078;64;2026-01-03 16:00:00;641.9300;1575.8900;1396.2100;554.7100;2388.0000;9065.6400;47.3200;522.5300;2387.9900;8142.2800;8.4391;392.0000;0.052869;-1.144050;0.002342;Healthy;WO103140;1376.03
03-Jul-2026;ENG-058;154;2026-01-07 10:00:00;642.8800;1582.2900;1416.2600;552.7800;2388.1500;9055.0800;47.6800;521.5000;2388.1200;8132.3300;8.4747;395.0000;-0.022385;0.460755;0.004682;Warning;WO166693;1760.18
2026-07-03;  ENG-004 ;88;2026-01-04 16:00:00;642.5200;1593.8300;1409.4200;553.8800;2388.1000;9050.8000;47.5000;521.4400;2388.1000;8137.4400;8.4584;393.0000;0.044703;-0.020415;0.001686;healthy;WO109626;2030.33
03-Jul-2026;ENG-004;86;2026-01-04 14:00:00;642.7300;1591.8300;1412.4600;553.8800;2388.1000;9057.0400;47.6300;521.4000;2388.1000;8137.1400;8.4346;392.0000;0.051133;0.041660;0.003751;Healthy;WO331357;1,637.40
03-Jul-2026;eng-098;100;2026-01-05 04:00:00;642.9500;1595.8500;1405.2700;553.2400;2388.0800;9057.9900;47.6300;521.5100;2388.1100;8134.0200;8.4652;392.0000;0.061015;0.092334;0.001552;Healthy;WO236797;971.54
2026-07-03;ENG-005;76;2026-01-04 04:00:00;642.0200;1587.5800;1410.8900;553.0400;2388.1200;9052.9700;47.6300;521.4600;2388.1100;8132.5500;8.4374;393.0000;0.022534;0.064653;0.000537;Healthy;WO120388;
2026/07/03;eng-068;153;2026-01-07 09:00:00;642.8300;1598.7100;1417.1000;552.7600;2388.1300;9070.6700;47.6800;520.6400;2388.1600;8146.3000;8.4638;394.0000;0.023992;0.730698;0.007067;Warning;WO231487;6126.09
2026-07-03;  ENG-034 ;145;2026-01-07 01:00:00;641.6900;1594.3400;1405.9800;553.8400;2388.1100;9060.4500;47.4700;520.9400;2388.0200;8142.7900;8.4410;393.0000;0.063294;-0.224896;0.000876;Healthy;WO170320;602.66
03-Jul-2026;  ENG-049 ;256;2026-01-11 16:00:00;642.2400;1593.9000;1411.9800;553.0200;2388.1200;9050.4400;47.8100;520.8800;2388.1400;8130.0700;8.4382;393.0000;0.000468;0.187715;0.000625;Healthy;WO172948;2,715.66
2026/07/03;eng-036;93;2026-01-04 21:00:00;643.2400;1599.1800;1414.8000;552.8400;2388.1800;9063.0100;47.6400;521.1000;2388.1600;8138.8200;8.4671;395.0000;-0.021453;0.795922;0.009040;HEALTHY;WO368702;2,197.73
2026-07-03;ENG-057;153;2026-01-07 09:00:00;642.6800;1591.2200;1402.5800;553.9500;2388.1500;9049.2500;47.5200;521.2700;2388.1400;8133.4600;8.4160;393.0000;0.024891;-0.034840;0.001209;Healthy;WO427872;2121.76
03-Jul-2026;ENG-028;157;2026-01-07 13:00:00;643.0000;1590.8500;1408.8100;553.5100;2388.1000;9058.3400;47.6600;521.3400;2388.1300;8139.0000;8.4239;393.0000;0.052981;0.048566;0.001384;Healthy;WO984206;2738.03
2026-07-03;ENG-043;154;2026-01-07 10:00:00;642.8600;1585.1300;1407.0600;553.2000;2388.1200;9057.3500;47.5000;521.1600;2388.1300;8131.4600;8.4521;393.0000;0.015735;0.139731;0.001576;Healthy;WO549029;389.77
2026/07/03;  ENG-052 ;183;2026-01-08 15:00:00;642.1700;1596.5700;1411.2800;553.2500;2388.0600;9104.6300;47.4200;521.2600;2388.0900;8178.8100;8.4684;393.0000;0.252906;0.060994;0.011669;Warning;WO454562;19,604.44
2026/07/03;ENG-042;138;2026-01-06 18:00:00;642.9300;1592.2800;1415.2500;552.5200;2388.1600;9041.6700;47.7300;521.3800;2388.1800;8119.7400;8.4041;394.0000;-0.055758;0.470533;0.001455;Warning;WO201292;12935.87
2026-07-03;ENG-089;160;2026-01-07 16:00:00;642.6200;1587.9300;1412.8100;554.0500;2388.1100;9052.3500;47.4300;521.1000;2388.1300;8131.8400;8.4593;392.0000;0.017966;-0.037913;0.003008;Healthy;WO906211;971.92
2026-07-03;ENG-054;97;2026-01-05 01:00:00;642.0700;1578.6500;1398.8800;555.2200;2388.0000;9065.9200;47.1900;521.9800;2388.0100;8142.7500;8.4160;392.0000;0.026773;-1.151889;0.001292;Healthy;WO343323;1972.11
2026-07-03;ENG-072;104;2026-01-05 08:00:00;642.6500;1594.7900;1401.9100;553.9700;2388.0700;9060.5200;47.6200;521.3200;2388.0600;8142.5300;8.4529;393.0000;0.083665;-0.076468;0.000443;healthy;WO675334;274.41
2026-07-03;ENG-073;81;2026-01-04 09:00:00;642.5400;1582.8000;1400.8500;554.6800;2388.0400;9058.3300;47.3200;522.5100;2388.0300;8139.8100;8.4004;393.0000;0.026468;-0.905803;0.000244;Healthy;WO556967;1806.90
2026-07-03;ENG-018;120;2026-01-06 00:00:00;642.5400;1601.2900;1404.2000;552.6900;2388.0900;9049.3000;47.5700;521.7400;2388.1400;8133.9900;8.4360;393.0000;0.055513;0.108262;0.002129;Healthy;WO417006;
2026-07-03;ENG-078;59;2026-01-03 11:00:00;641.6200;1584.2200;1392.7600;554.1500;2387.9700;9059.3300;47.1400;522.9000;2388.0000;8142.0200;8.3993;389.0000;0.100440;-1.412586;0.011409;Healthy;WO263662;2,506.10
2026/07/03;ENG-067;70;2026-01-03 22:00:00;642.6300;1583.9800;1402.2000;553.8800;2388.0700;9059.6600;47.4100;521.7600;2388.0700;8136.9600;8.3893;393.0000;0.027735;-0.557565;0.000897;Healthy;WO761650;2439.05
03-Jul-2026;  ENG-056 ;92;2026-01-04 20:00:00;643.1500;1591.1500;1417.0300;553.4500;2388.1100;9047.2200;47.7700;521.1600;2388.2500;8125.3300;8.4688;394.0000;-0.050120;0.505411;0.003762;Warning;WO582232;7086.71
03-Jul-2026;ENG-012;155;2026-01-07 11:00:00;642.3300;1584.3700;1402.3400;554.5000;2388.0100;9064.3500;47.3500;522.3900;2387.9800;8145.7500;8.4060;393.0000;0.045092;-0.985509;0.001337;Healthy;WO234280;2,441.22
2026/07/03;ENG-006;90;2026-01-04 18:00:00;643.0600;1589.5000;1409.8400;553.2600;2388.1100;9048.4700;47.3700;521.1000;2388.1200;8132.2500;8.4021;392.0000;0.033512;-0.069205;0.002983;Healthy;WO971908;489.62
03-Jul-2026;eng-065;50;2026-01-03 02:00:00;641.5700;1583.3100;1397.4300;554.0500;2387.9900;9065.3400;47.2300;522.0300;2388.0400;8150.9700;8.4099;392.0000;0.040532;-1.151199;0.001245;healthy;WO532788;1,654.51
2026/07/03;eng-089;173;2026-01-08 05:00:00;642.9200;1590.8000;1402.5000;552.9900;2388.0800;9052.3700;47.5600;520.9600;2388.1100;8133.6800;8.4272;393.0000;0.038846;0.061576;0.001347;Healthy;WO403793;1,386.27
2026-07-03;ENG-082;140;2026-01-06 20:00:00;642.7100;1599.1600;1411.8300;552.2600;2388.1300;9057.9200;47.8300;520.7300;2388.1000;8129.7800;8.4724;394.0000;-0.014905;0.596733;0.001158;Healthy;WO639534;
2026/07/03;ENG-017;118;2026-01-05 22:00:00;642.2600;1589.6600;1407.9400;554.1500;2388.0800;9080.2900;47.2600;522.0200;2388.0300;8160.9900;8.3842;392.0000;0.058454;-0.755770;0.001402;healthy;WO143427;206.99
2026-07-03;eng-100;175;2026-01-08 07:00:00;642.2500;1595.0800;1398.4600;553.0700;2388.0300;9104.5300;47.4400;521.6000;2387.9900;8182.5000;8.4691;393.0000;0.202684;-0.287474;0.022448;WARNING;WO392848;3822.70
2026/07/03;ENG-049;227;2026-01-10 11:00:00;642.3300;1597.9300;1408.7400;553.4000;2388.0600;9062.4000;47.6300;522.1000;2388.0600;8138.3100;8.4207;394.0000;0.084773;-0.188345;0.002300;Healthy;WO417785;85.79
2026/07/03;ENG-060;135;2026-01-06 15:00:00;642.7100;1586.7000;1405.3000;552.4900;2388.1000;9048.1000;47.5300;521.1900;2388.1000;8133.8200;8.4619;392.0000;0.049991;0.002940;0.002447;Healthy;WO705117;2156.69
2026/07/03;ENG-060;136;2026-01-06 16:00:00;643.2000;1599.1100;1409.3200;553.6000;2388.0900;9057.3200;47.5700;521.7800;2388.1500;8133.4100;8.4584;394.0000;0.041043;0.218116;0.001280;Warning;WO936084;13,685.74
2026/07/03;ENG-010;144;2026-01-07 00:00:00;642.2700;1588.2700;1403.8900;554.7200;2388.0800;9067.4700;47.3400;521.7600;2388.0100;8148.4300;8.3967;392.0000;0.036203;-0.731456;0.001269;Healthy;WO165968;953.67
2026-07-03;ENG-093;213;2026-01-09 21:00:00;642.8400;1601.4500;1417.6600;553.2800;2388.1400;9075.1300;47.7500;521.1400;2388.0800;8147.5500;8.4217;395.0000;0.060503;0.686188;0.004815;Healthy;WO193116;2918.90
2026/07/03;ENG-066;136;2026-01-06 16:00:00;643.2100;1597.0200;1419.6800;551.9200;2388.0700;9105.5100;47.8000;520.7800;2388.1300;8178.8100;8.4666;395.0000;0.456475;0.932663;0.002847;warning;WO674962;21,454.60
2026/07/03;eng-056;118;2026-01-05 22:00:00;643.0900;1592.5400;1415.3600;552.6700;2388.2100;9038.8300;47.8600;520.0000;2388.2300;8121.0700;8.4656;395.0000;-0.360493;0.975064;;Warning;WO856562;19,416.63
2026/07/03;  ENG-055 ;90;2026-01-04 18:00:00;642.7500;1592.0600;1407.1500;554.2200;2388.0100;9053.3300;47.3200;522.1000;2388.1100;8136.8500;8.4169;394.0000;0.037290;-0.510680;0.002635;Healthy;WO108107;2015.14
03-Jul-2026;  ENG-048 ;71;2026-01-03 23:00:00;642.9300;1585.8000;1402.3200;553.7900;2388.0800;9055.4700;47.4100;521.3000;2388.0900;8136.8200;8.4382;394.0000;0.046700;-0.177993;0.002651;Healthy;WO871494;1104.27
2026/07/03;ENG-012;195;2026-01-09 03:00:00;642.7600;1579.7700;1403.8000;553.8500;2388.0600;9074.4900;47.4200;521.9900;2388.0100;8151.9100;8.4495;392.0000;0.064386;-0.593816;0.002348;Healthy;WO445364;2381.65
03-Jul-2026;eng-077;148;2026-01-07 04:00:00;643.2300;1591.2000;1415.7900;553.0600;2388.1700;9051.7600;47.5900;520.7800;2388.1900;8129.4400;8.4419;393.0000;-0.059287;0.613256;0.001592;Warning;WO546839;3814.86
03-Jul-2026;ENG-062;221;2026-01-10 05:00:00;641.8700;1591.2000;1413.2500;553.2500;2388.0100;9089.0600;47.4800;521.1600;2388.0600;8161.9300;8.4251;392.0000;0.103709;-0.235058;0.004198;Warning;WO367368;15,370.82
03-Jul-2026;ENG-062;185;2026-01-08 17:00:00;642.2400;1594.5600;1399.7500;554.7400;2388.0000;9073.4900;47.1600;522.2500;2388.0500;8147.6500;8.4148;394.0000;0.035842;-0.799426;0.000244;Healthy;WO254393;2234.11
2026/07/03;ENG-017;146;2026-01-07 02:00:00;642.2300;1589.5200;1409.4100;553.0000;2388.0400;9078.9800;47.5000;521.8400;2388.0000;8162.4900;8.4607;395.0000;0.127937;-0.068694;0.013494;Warning;WO544583;2582.59
03-Jul-2026;ENG-046;112;2026-01-05 16:00:00;643.1700;1591.3600;1408.9300;553.6600;2388.0800;9073.3100;47.6200;521.2600;2388.1000;8152.4600;8.4207;393.0000;0.096309;0.107387;0.002839;Warning;WO509345;17032.06
03-Jul-2026;ENG-008;155;2026-01-07 11:00:00;642.4800;1584.2800;1404.7300;553.1300;2388.1300;9049.9900;47.6000;520.9800;2388.1200;8124.1300;8.4801;393.0000;0.002368;0.032300;0.000967;Healthy;WO439776;876.93
2026-07-03;  ENG-044 ;38;2026-01-02 14:00:00;642.6600;1591.8300;1398.3900;553.6900;2388.1100;9061.6100;47.5300;521.7400;2388.0700;8134.9100;8.3958;392.0000;0.043942;-0.459959;0.001386;Healthy;WO640384;1553.11
03-Jul-2026;ENG-066;104;2026-01-05 08:00:00;643.1300;1598.9600;1413.6400;553.5000;2388.0700;9075.6300;47.6500;521.1200;2388.0600;8152.0200;8.4543;393.0000;0.082547;0.381470;0.003574;Warning;WO884521;20832.59
03-Jul-2026;ENG-073;112;2026-01-05 16:00:00;642.2700;1576.9300;1398.6200;554.4100;2388.0800;9051.3900;47.2500;522.0200;2388.0500;8136.8700;8.4317;393.0000;0.006234;-0.826615;0.001827;Healthy;WO633159;759.56
2026/07/03;ENG-008;157;2026-01-07 13:00:00;642.6500;1594.9700;1409.2800;553.2700;2388.1600;9053.0200;47.5900;520.7500;2388.1900;8131.3600;8.4697;394.0000;-0.040407;0.478344;0.002068;Healthy;WO707267;1949.60
2026/07/03;eng-027;99;2026-01-05 03:00:00;642.7000;1579.7700;1400.2500;553.7000;2388.0300;9051.9900;47.4100;521.2800;2388.0100;8133.8800;8.3816;394.0000;0.017289;-0.592700;0.001348;Healthy;WO128238;1067.17
03-Jul-2026;ENG-031;172;2026-01-08 04:00:00;643.0300;1597.1800;1408.5300;552.3300;2388.1600;9080.9300;47.7000;521.4000;2388.0900;8152.5200;8.4594;395.0000;0.136120;0.733462;0.002367;Healthy;WO565368;1,810.47
03-Jul-2026;eng-053;125;2026-01-06 05:00:00;642.5800;1592.0000;1414.1100;554.1100;2388.0300;9067.8000;47.3300;522.0700;2388.1200;8148.2900;8.4648;394.0000;0.074878;-0.173551;0.001556;Warning;WO390788;9,590.56
03-Jul-2026;ENG-026;57;2026-01-03 09:00:00;642.9100;1586.9300;1403.5400;553.7900;2388.0600;9060.0800;47.3600;522.3100;2388.0300;8147.6500;8.4200;392.0000;0.045338;-0.762870;0.000946;Healthy;WO471171;2,866.85
2026/07/03;eng-049;249;2026-01-11 09:00:00;643.0000;1591.7000;1415.6400;553.0200;2388.1400;9057.0000;47.5400;521.1700;2388.1000;8139.2500;8.3827;393.0000;0.043831;0.076720;0.003338;Healthy;WO681685;
2026/07/03;ENG-004;102;2026-01-05 06:00:00;642.6900;1588.8700;1418.3800;553.9300;2388.0300;9056.9200;47.6100;521.6500;2388.0700;8134.1500;8.4156;393.0000;0.055818;0.010044;0.001769;Healthy;WO995365;2740.80
2026-07-03;ENG-017;165;2026-01-07 21:00:00;642.9000;1599.1700;1412.5400;553.4900;2388.0600;9094.7200;47.5500;521.5200;2388.0300;8171.9800;8.4319;394.0000;0.232169;0.233409;0.019285;Warning;WO143529;
2026-07-03;ENG-094;122;2026-01-06 02:00:00;643.0400;1592.4500;1416.0600;552.3500;2388.0800;9057.1900;47.6300;521.1200;2388.1200;8131.1500;8.4534;394.0000;0.008896;0.494509;0.005713;Warning;WO404498;2,391.30
2026/07/03;ENG-008;158;2026-01-07 14:00:00;642.6500;1589.0800;1404.3300;552.5000;2388.1300;9043.6600;47.5800;521.2600;2388.1600;8130.3700;8.4586;393.0000;-0.001451;0.199919;0.003003;Healthy;WO828839;1460.54
2026-07-03;ENG-031;142;2026-01-06 22:00:00;642.8100;1588.1000;1406.0000;553.2200;2388.1200;9068.1800;47.6500;520.8100;2388.0800;8150.4500;8.4202;395.0000;0.063936;0.162845;0.001936;HEALTHY;WO745292;1385.63
2026/07/03;ENG-056;115;2026-01-05 19:00:00;643.4600;1596.6700;1415.7500;552.1700;2388.2300;9044.3100;47.7100;519.7300;2388.2000;8121.0100;8.4596;394.0000;-0.443289;1.089397;0.008457;Warning;WO349470;18108.13
2026/07/03;ENG-006;93;2026-01-04 21:00:00;642.7400;1592.3800;1411.2400;553.6500;2388.0900;9048.8500;47.6000;521.4400;2388.0500;8130.7000;8.4161;392.0000;0.042258;-0.095122;0.003511;Warning;WO171793;3134.79
2026/07/03;ENG-049;248;2026-01-11 08:00:00;642.5200;1595.4600;1409.8000;553.2200;2388.1100;9057.1900;47.6300;521.1200;2388.1400;8133.4300;8.4823;393.0000;0.023056;0.233140;0.000889;Warning;WO970764;5061.82
2026/07/03;ENG-029;153;2026-01-07 09:00:00;642.1000;1586.9100;1406.9600;554.1200;2388.0300;9058.8900;47.3600;522.3800;2388.0200;8146.8800;8.4814;392.0000;0.065536;-0.479938;0.000905;HEALTHY;WO613316;2,325.39
03-Jul-2026;  ENG-095 ;88;2026-01-04 16:00:00;642.9200;1583.4000;1401.4200;553.3400;2388.1100;9049.8700;47.5000;521.3300;2388.0300;8132.5600;8.4261;392.0000;0.042973;-0.267634;0.002797;Healthy;WO494584;360.68
2026/07/03;ENG-062;207;2026-01-09 15:00:00;642.5900;1591.3200;1408.1900;554.0300;2388.0700;9078.4900;47.3400;521.9000;2388.0000;8156.4400;8.4232;393.0000;0.088124;-0.325917;0.005712;Healthy;WO501314;2864.03
2026/07/03;ENG-084;147;2026-01-07 03:00:00;643.3200;1584.6900;1413.6400;553.7600;2388.1300;9061.4800;47.7400;521.5500;2388.1800;8130.6000;8.4172;393.0000;0.005105;0.207328;0.002979;Warning;WO916873;5952.30
2026/07/03;ENG-034;149;2026-01-07 05:00:00;642.1000;1597.2000;1407.6300;553.2600;2388.1000;9065.0400;47.4500;521.3100;2388.1300;8139.0700;8.4623;393.0000;0.082372;-0.038777;0.001939;healthy;WO519840;2419.75
2026/07/03;ENG-057;113;2026-01-05 17:00:00;642.9400;1590.8500;1413.9400;553.5600;2388.1600;9045.1200;47.4000;521.2300;2388.1400;8131.1400;8.4357;393.0000;0.003590;0.086286;0.003273;HEALTHY;WO252789;2,007.13
2026/07/03;ENG-055;88;2026-01-04 16:00:00;642.2000;1590.6100;1402.3100;554.9100;2388.0500;9056.2600;47.5200;521.9400;2388.0800;8142.2800;8.4246;393.0000;0.040150;-0.602769;0.001145;Healthy;WO717870;2579.09
2026-07-03;ENG-045;118;2026-01-05 22:00:00;642.7200;1591.9900;1407.4400;553.2600;2388.0800;9059.5900;47.5800;521.0600;2388.1500;8146.1500;8.4261;393.0000;0.050015;0.171287;0.003917;Healthy;WO925346;834.79
2026-07-03;ENG-035;171;2026-01-08 03:00:00;643.0200;1598.4300;1413.0000;552.2900;2388.1600;9067.8800;47.8700;521.2300;2388.1800;8144.8500;8.4697;395.0000;-0.040022;0.919984;0.004508;Warning;WO791121;7,092.55
2026/07/03;  ENG-089 ;165;2026-01-07 21:00:00;642.8400;1579.0500;1415.5500;553.2700;2388.1400;9053.5700;47.4800;521.2100;2388.1200;8133.2700;8.4782;393.0000;0.003118;0.109227;0.001285;Healthy;WO140103;2288.98
03-Jul-2026;ENG-003;91;2026-01-04 19:00:00;642.5100;1591.6000;1404.1400;553.2900;2388.1400;9054.2800;47.4200;521.3500;2388.1500;8130.1400;8.4529;395.0000;0.026960;0.027579;0.003537;Healthy;WO534720;189.59
2026/07/03;ENG-100;157;2026-01-07 13:00:00;642.7800;1587.5500;1407.8400;554.5700;2388.0700;9086.2200;47.3900;521.8700;2388.0400;8169.6700;8.4228;394.0000;0.092794;-0.435553;0.003100;Warning;WO831305;11147.97
03-Jul-2026;ENG-019;113;2026-01-05 17:00:00;642.8700;1589.5300;1400.9300;553.8600;2388.0700;9059.9200;47.3500;521.7000;2388.0700;8135.7000;8.3887;391.0000;0.033134;-0.497415;0.002323;Healthy;WO424291;930.47
2026/07/03;ENG-051;132;2026-01-06 12:00:00;642.7600;1582.1300;1406.0300;552.9600;2388.1200;9056.0300;47.6700;521.3200;2388.1300;8127.2300;8.4310;391.0000;0.039832;-0.086073;0.001168;Healthy;WO129807;2,724.43
03-Jul-2026;eng-086;110;2026-01-05 14:00:00;643.0700;1586.2900;1404.8300;553.6500;2388.0500;9074.5300;47.5200;521.5200;2388.1300;8148.1400;8.4500;394.0000;0.091433;-0.006157;0.003469;healthy;WO572637;2106.29
2026/07/03;ENG-003;104;2026-01-05 08:00:00;642.9100;1591.4700;1409.8000;553.1600;2388.1500;9055.5300;47.7800;521.5000;2388.1600;8133.1400;8.4978;393.0000;0.002737;0.417975;0.004553;Warning;WO155391;10887.90
2026-07-03;ENG-064;160;2026-01-07 16:00:00;643.4300;1594.5700;1418.1600;552.6300;2388.1300;9059.6800;47.8400;521.5000;2388.1900;8135.9500;8.4681;395.0000;-0.025225;0.772834;0.007105;Warning;WO972089;24774.58
03-Jul-2026;ENG-007;114;2026-01-05 18:00:00;641.8700;1586.3600;1402.3200;553.9300;2388.0200;9062.4700;47.2300;521.8400;2388.0200;8139.4500;8.4170;391.0000;0.022185;-0.846763;0.001938;Healthy;WO776428;2,767.83
2026-07-03;ENG-082;109;2026-01-05 13:00:00;642.0200;1585.0100;1407.1500;553.6900;2388.0600;9064.9100;47.4700;521.8500;2388.1300;8140.7800;8.4439;394.0000;0.058525;-0.303148;0.002762;Healthy;WO974151;2,167.97
2026-07-03;  ENG-015 ;72;2026-01-04 00:00:00;642.6400;1591.5700;1398.2600;554.3600;2388.1000;9049.7600;47.5200;521.3600;2388.1100;8134.6700;8.4219;392.0000;0.022966;-0.436987;0.001700;Healthy;WO824045;2,440.35
03-Jul-2026;ENG-094;133;2026-01-06 13:00:00;642.7700;1589.5000;1420.9400;552.7800;2388.1700;9051.2200;47.8100;520.6200;2388.1300;8133.3600;8.5167;393.0000;-0.066705;0.725630;0.001998;Warning;WO820596;5213.90
2026-07-03;ENG-077;153;2026-01-07 09:00:00;642.7900;1590.3300;1411.8900;553.8200;2388.1700;9053.4700;47.7400;520.8200;2388.1500;8131.3100;8.4627;393.0000;-0.030740;0.346172;0.001883;Warning;WO348492;17138.25
2026-07-03;ENG-024;178;2026-01-08 10:00:00;643.4400;1596.5500;1407.8900;553.7000;2388.1000;9133.4400;47.5300;521.3800;2388.0600;8200.0500;8.4495;395.0000;0.808530;0.724550;0.039767;WARNING;WO650349;6577.03
2026/07/03;ENG-016;89;2026-01-04 17:00:00;641.8000;1587.0700;1402.0600;554.6000;2388.0700;9060.5500;47.3800;522.3400;2388.0400;8142.6100;8.4302;394.0000;0.024195;-0.877857;0.000880;Healthy;WO181555;2907.37
03-Jul-2026;ENG-033;45;2026-01-02 21:00:00;643.2100;1587.0600;1407.8000;552.9200;2388.1200;9062.1900;47.5400;521.3100;2388.0700;8137.7200;8.4635;393.0000;0.044740;0.200425;0.003343;Healthy;WO852176;634.48
03-Jul-2026;eng-053;143;2026-01-06 23:00:00;643.0500;1594.3300;1410.6600;553.7100;2388.1000;9086.6500;47.6400;521.3100;2388.0900;8162.8400;8.4229;393.0000;0.123326;0.132729;0.010081;warning;WO186126;
2026/07/03;ENG-081;157;2026-01-07 13:00:00;642.6700;1582.4800;1414.3300;553.0100;2388.1000;9069.3600;47.7900;521.4100;2388.0900;8156.8400;8.4431;392.0000;0.091364;0.132523;0.003842;Warning;WO653728;19616.44
2026-07-03;ENG-036;100;2026-01-05 04:00:00;643.4300;1583.4700;1421.1500;552.7900;2388.1700;9062.1600;47.7200;520.5000;2388.1300;8143.3100;8.4848;392.0000;-0.029250;0.677828;0.000977;Warning;WO912930;19360.33
03-Jul-2026;  ENG-034 ;148;2026-01-07 04:00:00;642.7700;1584.2700;1402.1500;553.6600;2388.0500;9055.4100;47.7200;522.1300;2388.0300;8141.5300;8.3902;393.0000;0.059035;-0.442063;0.003625;Healthy;WO523184;2143.44
2026-07-03;eng-056;116;2026-01-05 20:00:00;643.2600;1594.9200;1423.3100;552.6800;2388.2600;9032.0900;47.7700;521.0400;2388.2400;8117.5700;8.4666;394.0000;-0.328521;0.981442;0.009661;Warning;WO140871;20,876.99
03-Jul-2026;ENG-040;113;2026-01-05 17:00:00;643.0700;1591.7100;1408.6600;552.9500;2388.1900;9054.8600;47.5300;520.7500;2388.1800;8136.4500;8.4872;394.0000;-0.042203;0.615078;0.001563;warning;WO311421;23513.14
03-Jul-2026;ENG-027;132;2026-01-06 12:00:00;642.6800;1589.8300;1410.2500;553.0400;2388.0300;9049.6100;47.3700;521.2400;2388.0900;8133.8200;8.4439;392.0000;0.063824;-0.064701;0.000170;Healthy;WO324463;1,226.30
2026-07-03;ENG-025;39;2026-01-02 15:00:00;642.6500;1585.1400;1407.4100;553.4300;2388.0800;9049.6900;47.3700;521.9300;2388.0700;8129.7000;8.4263;393.0000;0.037853;-0.297726;0.002715;Healthy;WO401748;2,005.93
2026/07/03;ENG-062;232;2026-01-10 16:00:00;642.8300;1594.7800;1407.8600;553.8100;2388.0300;9096.2000;47.5200;521.2000;2388.0600;8162.0800;8.4622;394.0000;0.190128;0.166018;0.020895;Warning;WO317633;9675.00
2026/07/03;ENG-065;53;2026-01-03 05:00:00;642.2700;1578.8200;1399.9500;554.6200;2387.9400;9073.9400;47.1500;522.9100;2388.0100;8141.6600;8.4166;393.0000;0.038815;-1.216208;0.001656;Healthy;WO597558;2460.94
03-Jul-2026;  ENG-065 ;67;2026-01-03 19:00:00;642.3500;1587.2500;1397.0200;554.9500;2388.0000;9068.5100;47.1100;522.4400;2387.9200;8147.3600;8.3916;392.0000;0.058730;-1.158021;0.001859;Healthy;WO394613;
2026/07/03;ENG-017;119;2026-01-05 23:00:00;642.6400;1587.4200;1407.3400;553.7500;2388.0100;9077.6500;47.2700;521.9000;2388.0400;8158.9700;8.4646;395.0000;0.083807;-0.380391;0.004618;Healthy;WO967023;2803.54
2026/07/03;ENG-060;116;2026-01-05 20:00:00;642.5100;1593.1300;1406.7900;553.6000;2388.1200;9050.3400;47.4200;521.7000;2388.0900;8134.9100;8.4424;392.0000;0.054033;-0.146748;0.000465;healthy;WO725100;2,580.50
2026-07-03;ENG-047;62;2026-01-03 14:00:00;642.2200;1594.5200;1416.0000;552.7900;2388.1000;9033.2700;47.7600;520.9800;2388.1200;8117.9100;8.4401;392.0000;-0.032123;0.143846;0.002859;Healthy;WO266593;1,166.82
03-Jul-2026;ENG-074;93;2026-01-04 21:00:00;642.4300;1596.2800;1411.8400;553.5600;2388.1100;9057.8100;47.4800;521.7400;2388.0900;8135.2800;8.4415;393.0000;0.065287;-0.045871;0.001757;Healthy;WO785274;2,197.99
2026-07-03;  ENG-024 ;128;2026-01-06 08:00:00;641.8900;1584.1900;1407.2900;553.8900;2388.0000;9085.1100;47.1500;522.6800;2388.0400;8159.4900;8.4225;393.0000;0.047913;-0.982155;0.002354;Healthy;WO346180;
03-Jul-2026;ENG-065;66;2026-01-03 18:00:00;642.0600;1592.8000;1400.8400;554.5200;2388.0100;9068.3200;47.3000;522.4500;2388.0800;8142.6600;8.3685;391.0000;0.034805;-1.164473;0.000977;Healthy;WO170574;
2026-07-03;ENG-063;142;2026-01-06 22:00:00;643.7000;1591.7300;1416.0800;553.5400;2388.1600;9048.3000;47.6300;520.9400;2388.1100;8124.7900;8.4670;393.0000;-0.059163;0.603098;0.002121;Warning;WO184056;9,657.49
2026-07-03;ENG-021;133;2026-01-06 13:00:00;642.3100;1580.5500;1397.9000;553.8500;2387.9600;9081.8900;47.2300;521.8800;2388.0200;8152.2500;8.4167;393.0000;0.058676;-1.028611;0.004956;Healthy;WO806584;728.71
03-Jul-2026;ENG-008;125;2026-01-06 05:00:00;643.1000;1586.9700;1411.4300;553.2100;2388.1400;9051.5300;47.2900;521.4100;2388.0900;8128.0600;8.4492;392.0000;0.031650;-0.067185;0.002288;Healthy;WO481715;175.59
03-Jul-2026;ENG-018;108;2026-01-05 12:00:00;643.2000;1587.3600;1405.2800;553.5300;2388.0700;9059.5800;47.4700;522.1500;2388.0900;8139.2800;8.4482;393.0000;0.069034;-0.196567;0.000696;Healthy;WO441874;2,416.96
03-Jul-2026;  ENG-038 ;114;2026-01-05 18:00:00;642.9800;1598.2700;1414.0300;553.9600;2388.1100;9068.7200;47.7800;521.1100;2388.1000;8148.7400;8.4545;394.0000;0.029285;0.564042;0.005156;Healthy;WO144010;
2026-07-03;ENG-018;102;2026-01-05 06:00:00;642.1300;1590.0400;1402.9400;554.3700;2388.0600;9060.6400;47.4100;522.1200;2388.0300;8144.4600;8.4277;393.0000;0.051736;-0.520274;0.001991;Healthy;WO562531;
2026-07-03;ENG-061;110;2026-01-05 14:00:00;642.4700;1585.1500;1409.7300;553.1600;2388.0300;9071.7300;47.3700;521.5000;2388.0200;8150.7500;8.4233;394.0000;0.083475;-0.264538;0.003042;Healthy;WO551681;511.15
2026-07-03;ENG-008;120;2026-01-06 00:00:00;642.4600;1589.0400;1408.8500;553.5600;2388.0900;9051.1900;47.3400;521.4800;2388.1000;8130.2800;8.4206;392.0000;0.038898;-0.141267;0.000815;Healthy;WO375736;2447.57
03-Jul-2026;ENG-099;69;2026-01-03 21:00:00;641.8400;1580.8800;1391.8600;554.0500;2388.0200;9065.8200;47.2900;522.3300;2387.9900;8149.7500;8.3614;390.0000;-0.005536;-2.562536;0.005524;Healthy;WO946314;1,993.97
03-Jul-2026;ENG-074;123;2026-01-06 03:00:00;643.4400;1589.8100;1404.1500;554.0400;2388.0800;9068.6200;47.5100;521.6700;2388.1800;8143.3500;8.4312;393.0000;0.072437;0.075903;0.001221;Warning;WO747021;20,835.67
03-Jul-2026;ENG-040;128;2026-01-06 08:00:00;642.9300;1600.7200;1422.0500;550.9100;2388.1800;9069.4800;47.8300;520.6500;2388.1400;8145.1100;8.5016;397.0000;-0.222988;1.304901;0.011456;Warning;WO970839;22,213.05
2026-07-03;eng-066;122;2026-01-06 02:00:00;642.5300;1596.2100;1423.6900;552.8600;2388.0900;9092.5400;47.9300;520.6400;2388.0600;8165.9600;8.4528;396.0000;0.309087;0.860673;0.004012;Warning;WO625292;7431.23
2026-07-03;ENG-058;143;2026-01-06 23:00:00;642.3100;1592.7700;1413.0600;553.1200;2388.1200;9042.7200;47.5600;521.6000;2388.0700;8131.4500;8.4414;393.0000;0.018791;0.047781;0.002447;WARNING;WO646906;13,745.61
03-Jul-2026;  ENG-051 ;129;2026-01-06 09:00:00;642.6000;1590.2400;1409.2100;553.5900;2388.1000;9042.2300;47.4300;521.9100;2388.1000;8129.3400;8.4633;392.0000;0.037988;-0.133455;0.001712;Healthy;WO272293;2807.55
2026-07-03;  ENG-040 ;107;2026-01-05 11:00:00;642.8100;1599.0200;1415.0200;552.7200;2388.0800;9059.6700;47.7000;521.0000;2388.1700;8139.6900;8.4822;394.0000;0.013285;0.597039;0.003921;Warning;WO615561;13,860.83
03-Jul-2026;ENG-075;61;2026-01-03 13:00:00;642.4200;1586.0200;1395.4000;554.1200;2388.0000;9055.0400;47.5400;521.2900;2388.0700;8143.9500;8.4442;393.0000;0.041982;-0.506356;0.000691;Healthy;WO224189;485.99
2026-07-03;ENG-081;147;2026-01-07 03:00:00;642.7200;1591.6000;1418.9700;553.2100;2388.0400;9062.3800;47.5700;521.6500;2388.1600;8147.6100;8.4724;393.0000;0.079418;0.179438;0.001366;Healthy;WO445684;1142.90
2026/07/03;ENG-027;114;2026-01-05 18:00:00;642.4500;1589.2800;1400.6400;553.6400;2388.0600;9053.9500;47.5100;522.5200;2388.0600;8134.8600;8.3961;392.0000;0.039528;-0.605996;0.001292;Healthy;WO452792;1587.15
03-Jul-2026;ENG-053;124;2026-01-06 04:00:00;642.3600;1594.5400;1410.0100;553.9500;2388.1100;9070.6600;47.5800;521.6000;2388.0700;8145.9200;8.4122;392.0000;0.082909;-0.065267;0.000332;Warning;WO802012;8127.15
2026-07-03;ENG-091;209;2026-01-09 17:00:00;642.8400;1586.2900;1419.3200;552.3400;2388.1900;9050.5100;48.0000;520.6100;2388.1600;8129.5900;8.4686;394.0000;-0.153818;0.801061;0.006560;Warning;WO493901;14571.73
03-Jul-2026;ENG-061;145;2026-01-07 01:00:00;642.6700;1591.7300;1418.7300;553.2000;2388.1100;9072.6900;47.7300;520.9300;2388.1900;8144.3600;8.4466;394.0000;0.024622;0.541243;0.003083;Warning;WO746262;10,712.02
2026/07/03;  ENG-014 ;41;2026-01-02 17:00:00;642.9000;1582.4600;1411.7100;553.1600;2388.1700;9042.6300;47.5800;520.9200;2388.1500;8119.6300;8.4707;393.0000;-0.061177;0.267734;0.006024;Healthy;WO453254;835.83
2026-07-03;  ENG-092 ;105;2026-01-05 09:00:00;642.6900;1588.7000;1409.7100;552.8800;2388.2000;9048.1000;47.5800;521.4000;2388.1600;8124.3800;8.4409;394.0000;-0.019387;0.195413;0.001207;Healthy;WO133859;270.99
03-Jul-2026;ENG-011;83;2026-01-04 11:00:00;642.4200;1587.7300;1414.2200;552.8000;2388.2100;9037.1100;47.6700;520.7400;2388.1800;8116.8500;8.4640;394.0000;-0.105494;0.467680;;Healthy;WO120049;1540.42
03-Jul-2026;ENG-044;41;2026-01-02 17:00:00;642.4900;1585.3100;1406.2500;553.5000;2388.0800;9053.6400;47.4200;521.7300;2388.0200;8137.3700;8.4506;393.0000;0.053377;-0.296692;0.000244;Healthy;WO724916;1558.77
2026-07-03;ENG-093;188;2026-01-08 20:00:00;643.3400;1588.5300;1415.2000;552.0600;2388.1400;9067.3800;47.7600;521.4000;2388.1600;8148.6700;8.4502;392.0000;0.051895;0.458755;0.003248;Warning;WO242596;9015.32
03-Jul-2026;  ENG-090 ;120;2026-01-06 00:00:00;642.4600;1592.1900;1409.2700;553.1400;2388.1100;9067.4100;47.5100;521.0000;2388.1200;8148.2600;8.4567;394.0000;0.064095;0.199150;0.001516;Warning;WO110050;24854.70
2026/07/03;ENG-027;130;2026-01-06 10:00:00;642.1300;1591.5700;1405.6700;553.2800;2388.0700;9053.4500;47.4300;521.8900;2388.0800;8129.5400;8.4052;392.0000;0.033383;-0.502560;0.001945;Healthy;WO335507;2785.47
2026/07/03;ENG-058;161;2026-01-07 17:00:00;642.6800;1593.8000;1410.0800;552.9800;2388.1600;9058.6400;47.7800;521.1100;2388.1100;8132.6000;8.4449;392.0000;0.013360;0.279557;0.001392;Warning;WO959537;
03-Jul-2026;ENG-016;98;2026-01-05 02:00:00;642.2500;1580.7000;1399.4100;553.8000;2388.0200;9056.6000;47.3000;521.9400;2388.1200;8144.0900;8.3987;393.0000;0.004664;-0.891816;0.000880;Healthy;WO602815;2399.14
03-Jul-2026;ENG-093;174;2026-01-08 06:00:00;643.2500;1590.2700;1409.7800;552.6700;2388.1000;9069.7600;47.5700;521.4100;2388.1100;8141.2300;8.4118;393.0000;0.074633;0.163198;0.001646;Healthy;WO949884;2663.88
03-Jul-2026;  ENG-031 ;145;2026-01-07 01:00:00;642.3900;1599.5200;1418.4200;553.5900;2388.1300;9074.4400;47.5900;521.4400;2388.0800;8150.1100;8.4695;394.0000;0.062625;0.366263;0.001112;warning;WO608415;12,150.55
03-Jul-2026;  ENG-084 ;152;2026-01-07 08:00:00;643.0100;1586.8500;1408.8200;552.8000;2388.1400;9049.9500;47.8400;521.1900;2388.1600;8129.2600;8.4564;394.0000;-0.019183;0.349012;0.005003;Warning;WO861099;14992.47
2026/07/03;ENG-077;146;2026-01-07 02:00:00;642.5300;1585.2700;1411.8400;552.9000;2388.1600;9048.0600;47.7200;520.9800;2388.1700;8122.3700;8.4557;393.0000;-0.031212;0.225786;0.004288;Warning;WO512920;15911.05
2026-07-03;ENG-068;179;2026-01-08 11:00:00;642.7500;1602.6700;1421.1000;552.5200;2388.1500;9083.1600;47.9900;520.3700;2388.2000;8157.8900;8.4737;395.0000;0.061715;1.175417;0.016421;Warning;WO403509;9,509.20
03-Jul-2026;ENG-040;127;2026-01-06 07:00:00;643.5200;1602.6400;1412.2800;552.2900;2388.1900;9071.3800;47.9300;520.9700;2388.1800;8139.9000;8.4820;393.0000;-0.122696;1.035306;0.024008;Warning;WO579210;16327.47
03-Jul-2026;ENG-016;91;2026-01-04 19:00:00;642.8700;1577.4600;1402.8400;554.4600;2387.9900;9064.2200;47.3600;522.0000;2388.0400;8138.0100;8.4088;394.0000;0.032790;-0.680708;0.000863;Healthy;WO917388;296.08
03-Jul-2026;  ENG-066 ;138;2026-01-06 18:00:00;643.6600;1588.5500;1421.4000;552.8100;2388.1800;9110.5900;47.7900;520.8600;2388.1600;8180.1500;8.5254;396.0000;0.440344;1.059917;0.017425;warning;WO206001;18820.86
03-Jul-2026;eng-038;106;2026-01-05 10:00:00;643.1100;1591.2700;1410.2000;552.4500;2388.0800;9070.1900;47.6500;521.0700;2388.1000;8141.6400;8.4791;393.0000;0.043129;0.523434;0.001945;Healthy;WO790201;1236.21
2026-07-03;ENG-037;83;2026-01-04 11:00:00;642.2400;1586.9800;1396.1800;553.2400;2388.0300;9048.4100;47.6500;522.4400;2388.1000;8139.1800;8.4324;394.0000;0.053916;-0.500060;0.001819;Healthy;WO413067;772.91
2026-07-03;ENG-053;160;2026-01-07 16:00:00;642.4900;1587.2900;1408.4500;552.8100;2388.0900;9106.7300;47.7600;521.1600;2388.0800;8180.5900;8.4505;392.0000;0.262699;0.152907;0.021114;Warning;WO999968;10,845.02
2026/07/03;ENG-076;178;2026-01-08 10:00:00;643.2900;1597.1200;1413.7700;552.8300;2388.1100;9086.4500;47.8700;520.9000;2388.1100;8162.0700;8.4824;395.0000;0.178893;0.743009;0.017341;Warning;WO795118;12646.72
03-Jul-2026;  ENG-096 ;73;2026-01-04 01:00:00;642.1000;1580.9700;1403.6700;554.2900;2388.0000;9064.5100;47.0700;522.7100;2388.0200;8149.3500;8.4212;392.0000;0.045377;-1.137605;0.001196;Healthy;WO514477;
2026-07-03;ENG-091;163;2026-01-07 19:00:00;642.7000;1594.6700;1414.3600;552.7200;2388.2100;9045.3000;47.7900;521.2600;2388.1900;8129.1900;8.4472;395.0000;-0.061249;0.595936;0.004445;Healthy;WO880552;2220.78
2026/07/03;ENG-076;205;2026-01-09 13:00:00;643.1400;1603.4800;1420.0700;551.8200;2388.1800;9114.9900;48.0400;520.1900;2388.1400;8182.4500;8.5125;395.0000;0.341533;1.691500;0.003621;Warning;WO425603;23,469.18
2026-07-03;ENG-012;214;2026-01-09 22:00:00;642.4600;1588.8400;1409.3700;553.6700;2388.0700;9073.2300;47.4100;521.7400;2388.0300;8148.3000;8.4290;392.0000;0.078636;-0.257067;0.001891;Healthy;WO645969;2468.94
03-Jul-2026;  ENG-041 ;96;2026-01-05 00:00:00;642.4000;1595.8700;1402.6400;554.6700;2388.1400;9043.4800;47.3700;521.9000;2388.1000;8129.3000;8.4042;393.0000;0.007220;-0.502213;0.005157;Healthy;WO951532;2,265.97
03-Jul-2026;ENG-039;35;2026-01-02 11:00:00;641.7300;1583.9900;1395.1700;554.1500;2388.0100;9059.6400;47.2400;522.0800;2388.0200;8142.7100;8.4209;390.0000;0.053840;-1.113311;0.001582;Healthy;WO275810;1401.22
03-Jul-2026;  ENG-041 ;96;2026-01-05 00:00:00;642.4000;1595.8700;1402.6400;554.6700;2388.1400;9043.4800;47.3700;521.9000;2388.1000;8129.3000;8.4042;393.0000;0.007220;-0.502213;0.005157;Healthy;WO951532;2,265.97
03-Jul-2026;eng-018;104;2026-01-05 08:00:00;642.8000;1594.4900;1404.1500;554.0900;2388.0900;9058.6800;47.5400;522.0200;2388.0700;8140.4700;8.4254;392.0000;0.062327;-0.254177;0.000634;Healthy;WO351366;1,954.42
2026-07-03;ENG-012;146;2026-01-07 02:00:00;642.6900;1588.7600;1403.4600;554.3900;2388.0400;9066.4700;47.2000;522.2600;2388.0300;8139.4500;8.3898;392.0000;0.026549;-0.848626;0.002392;Healthy;WO569949;1,247.43
2026-07-03;ENG-089;138;2026-01-06 18:00:00;642.3200;1597.3600;1411.8000;553.6400;2388.1000;9041.2600;47.4900;521.3100;2388.1200;8125.9000;8.4521;393.0000;0.000965;0.093239;0.000664;Healthy;WO201075;1,494.83
2026-07-03;ENG-066;144;2026-01-07 00:00:00;643.2100;1601.7000;1420.9400;552.1200;2388.1200;9128.3200;48.0600;521.0300;2388.1200;8188.6300;8.5017;394.0000;0.703311;1.299998;0.020455;Warning;WO248672;22,247.24
03-Jul-2026;ENG-017;162;2026-01-07 18:00:00;643.1100;1596.4600;1409.7700;553.2600;2388.0500;9094.8800;47.4500;522.3000;2388.0100;8166.6500;8.4259;392.0000;0.160841;-0.075842;0.005909;Warning;WO694669;17068.01
2026/07/03;ENG-021;118;2026-01-05 22:00:00;642.8700;1587.7200;1398.9700;554.0000;2388.0500;9065.1900;47.3000;521.6800;2388.0000;8146.5500;8.3984;394.0000;0.041645;-0.680969;0.002128;Healthy;WO312212;1,275.85
2026/07/03;ENG-084;155;2026-01-07 11:00:00;642.5600;1593.5800;1406.3100;553.1300;2388.1100;9051.3700;47.8000;520.9600;2388.1300;8138.7700;8.4630;394.0000;0.001354;0.418325;0.003209;Warning;WO932422;7230.82
2026/07/03;ENG-071;51;2026-01-03 03:00:00;642.3100;1587.5700;1395.7400;554.2500;2388.0000;9064.6900;47.2900;522.0800;2388.0300;8145.5000;8.3855;392.0000;0.029028;-1.069950;0.001196;Healthy;WO390251;2,310.90
2026-07-03;eng-073;92;2026-01-04 20:00:00;641.6400;1591.1700;1396.4300;554.0100;2388.0700;9054.2700;47.1400;522.0100;2388.0100;8140.9300;8.4249;391.0000;0.027255;-1.013064;0.001619;Healthy;WO733087;389.78
03-Jul-2026;  ENG-069 ;45;2026-01-02 21:00:00;642.4100;1587.2500;1397.4900;553.0800;2388.0700;9049.9700;47.5900;521.5900;2388.1000;8129.7700;8.4432;394.0000;0.040229;-0.009085;0.001200;Healthy;WO724619;578.59
03-Jul-2026;eng-089;167;2026-01-07 23:00:00;642.9100;1586.8400;1410.6500;553.6300;2388.1500;9040.2900;47.5700;521.3500;2388.1300;8131.8900;8.4313;392.0000;-0.000828;0.050477;0.000213;Healthy;WO144677;2850.91
03-Jul-2026;ENG-046;144;2026-01-07 00:00:00;643.3100;1589.4100;1413.0300;552.9300;2388.1200;9084.0200;47.7000;521.2400;2388.1000;8157.9400;8.4781;394.0000;0.137324;0.590976;0.019537;Warning;WO696025;9,979.38
03-Jul-2026;ENG-034;165;2026-01-07 21:00:00;643.1400;1598.3400;1409.1800;553.1900;2388.1200;9058.7700;47.6400;521.3900;2388.1200;8133.9200;8.4435;394.0000;0.031510;0.303719;0.005018;Healthy;WO912729;1939.23
03-Jul-2026;eng-049;278;2026-01-12 14:00:00;643.0600;1591.3900;1416.7400;552.6500;2388.1800;9046.6200;47.7100;520.8000;2388.1900;8133.1500;8.4444;393.0000;-0.051245;0.617740;0.007625;Warning;WO995328;16145.63
03-Jul-2026;ENG-059;81;2026-01-04 09:00:00;642.0000;1590.7300;1407.0500;554.7700;2387.9800;9057.0800;47.4400;522.6100;2388.0400;8134.4200;8.3942;390.0000;0.019021;-0.986176;0.003347;healthy;WO686443;286.31
03-Jul-2026;ENG-007;136;2026-01-06 16:00:00;642.3000;1577.7000;1403.3800;554.1600;2388.0000;9067.9500;47.4200;521.8200;2387.9900;8147.7200;8.4349;392.0000;0.039992;-0.867148;0.001145;healthy;WO874711;1,501.83
2026/07/03;ENG-064;120;2026-01-06 00:00:00;641.8900;1580.6600;1410.8800;553.6700;2388.0600;9065.1100;47.4900;521.5200;2388.0900;8141.0800;8.4522;394.0000;0.050337;-0.375052;0.002184;Healthy;WO356104;1,357.26
03-Jul-2026;ENG-098;117;2026-01-05 21:00:00;642.4100;1592.5600;1413.5300;553.2800;2388.1100;9065.1100;47.4300;521.4500;2388.1200;8138.2200;8.4603;394.0000;0.056035;0.071048;0.001092;Healthy;WO916407;1182.07
2026-07-03;eng-034;143;2026-01-06 23:00:00;642.3300;1580.2300;1406.9800;553.7200;2388.0500;9059.1400;47.5400;521.6300;2388.0500;8138.6900;8.4250;394.0000;0.053289;-0.289910;0.000311;Healthy;WO628810;312.25
2026-07-03;ENG-027;140;2026-01-06 20:00:00;642.5600;1586.5600;1407.1600;553.3000;2388.0600;9049.4500;47.4400;521.6400;2388.1400;8124.1500;8.4400;392.0000;0.042342;-0.104305;0.000995;Healthy;WO591261;264.45
2026-07-03;  ENG-076 ;184;2026-01-08 16:00:00;642.9600;1598.2500;1403.2300;552.6900;2388.0600;9092.0100;47.8200;521.0600;2388.1200;8166.0300;8.4726;396.0000;0.355089;0.847891;0.013240;Warning;WO563602;13,303.49
2026/07/03;ENG-056;128;2026-01-06 08:00:00;643.5500;1595.2500;1425.3800;552.1800;2388.2300;9047.1300;47.9100;520.0700;2388.2600;8120.3700;8.5231;395.0000;-0.589753;1.361399;0.013129;Warning;WO689698;21089.08
2026/07/03;ENG-064;117;2026-01-05 21:00:00;642.8200;1581.3500;1400.6100;553.3000;2388.1600;9053.7200;47.4200;521.5900;2388.1200;8133.6200;8.4501;392.0000;0.026945;-0.309238;0.002563;Healthy;WO217189;2205.57
2026/07/03;ENG-018;131;2026-01-06 11:00:00;643.2900;1594.2400;1408.4900;554.0600;2388.1300;9065.9600;47.4900;521.3300;2388.1300;8133.0600;8.4389;394.0000;0.019088;0.320764;0.002800;Healthy;WO137839;682.47
2026-07-03;  ENG-077 ;147;2026-01-07 03:00:00;642.9000;1596.8800;1406.4400;552.8900;2388.1600;9058.4000;47.7000;520.7400;2388.1400;8138.1900;8.4701;394.0000;0.002766;0.454943;0.002248;Warning;WO807173;14347.60
03-Jul-2026;ENG-080;96;2026-01-05 00:00:00;642.7600;1586.0400;1409.9900;553.6600;2388.0700;9063.2800;47.4200;521.3000;2388.0700;8141.7400;8.4088;394.0000;0.051737;-0.244076;0.000244;Healthy;WO804589;
2026/07/03;  ENG-081 ;205;2026-01-09 13:00:00;643.3800;1597.6300;1420.9200;551.5300;2388.1400;9077.6900;47.9800;520.4900;2388.1900;8143.0200;8.5010;395.0000;-0.283496;1.462042;0.022081;Warning;WO536639;9,061.24
2026/07/03;ENG-063;114;2026-01-05 18:00:00;642.0600;1582.0400;1404.7700;553.5400;2388.1300;9053.0800;47.3900;521.4300;2388.0700;8129.7300;8.4481;394.0000;0.031876;-0.169696;0.002023;Healthy;WO354329;795.76
2026/07/03;ENG-041;109;2026-01-05 13:00:00;642.3900;1583.5900;1404.9600;552.8800;2388.0900;9040.1700;47.6500;520.9900;2388.1300;8119.7900;8.4054;394.0000;-0.001573;-0.070831;0.002903;Healthy;WO898495;2930.35
03-Jul-2026;ENG-005;87;2026-01-04 15:00:00;642.8900;1596.1800;1407.5900;552.9200;2388.1300;9059.2900;47.7200;521.2000;2388.1600;8132.7700;8.4878;394.0000;0.009719;0.449750;0.002367;Warning;WO139058;20,857.76
2026/07/03;eng-080;133;2026-01-06 13:00:00;642.6400;1591.4100;1407.1500;552.6300;2388.1100;9069.7000;47.5700;521.0500;2388.0200;8142.8900;8.4671;393.0000;0.067125;0.230643;0.001478;Healthy;WO176295;1491.41
2026/07/03;  ENG-020 ;128;2026-01-06 08:00:00;642.9100;1590.8700;1406.2500;553.4700;2388.1200;9065.3300;47.6600;521.1500;2388.0900;8148.0200;8.4268;394.0000;0.074156;0.070237;0.001331;healthy;WO192490;1117.22
2026-07-03;ENG-091;218;2026-01-10 02:00:00;643.3600;1595.2800;1419.8500;552.0100;2388.2000;9053.5300;47.7600;520.6500;2388.1700;8126.7200;8.4642;394.0000;-0.179114;0.897476;0.007088;Warning;WO419833;20,836.12
03-Jul-2026;  ENG-082 ;114;2026-01-05 18:00:00;642.6600;1593.1900;1410.1400;553.1400;2388.1000;9060.9900;47.5700;521.4400;2388.0700;8147.8900;8.4522;394.0000;0.066712;0.174561;0.006539;HEALTHY;WO710272;995.14
2026-07-03;ENG-077;131;2026-01-06 11:00:00;642.3700;1589.9000;1417.4100;553.2300;2388.0800;9045.6500;47.4600;521.4800;2388.1500;8129.9000;8.4082;393.0000;0.018333;0.008972;0.001119;Healthy;WO162794;472.53
2026/07/03;ENG-056;104;2026-01-05 08:00:00;643.0400;1592.5500;1413.6700;552.5100;2388.1900;9051.0800;47.5900;521.1400;2388.2100;8126.4500;8.4717;395.0000;-0.048836;0.537851;0.000173;Healthy;WO408827;2,024.61
2026/07/03;ENG-091;160;2026-01-07 16:00:00;643.1500;1590.5100;1408.8600;553.1700;2388.1400;9044.0100;47.8400;520.9200;2388.1600;8124.9600;8.4702;393.0000;-0.044831;0.392793;0.002441;Healthy;WO457977;938.63
2026-07-03;ENG-020;162;2026-01-07 18:00:00;642.9700;1590.2500;1408.0900;552.4400;2388.1400;9059.6500;47.8300;520.1500;2388.2100;8133.7300;8.4646;394.0000;-0.167524;0.797581;0.006935;Warning;WO418781;17335.97
03-Jul-2026;eng-076;160;2026-01-07 16:00:00;642.2500;1594.1800;1411.9200;553.0000;2388.0800;9078.3100;47.5000;521.5300;2388.0200;8155.2500;8.4225;393.0000;0.112960;-0.071989;0.004293;Warning;WO504424;21,626.08
2026/07/03;  ENG-054 ;118;2026-01-05 22:00:00;642.8000;1594.2600;1400.4100;554.2100;2388.0000;9062.4500;47.2600;522.4200;2388.0100;8148.0300;8.4294;392.0000;0.056461;-0.792625;0.003470;Healthy;WO905356;1894.51
03-Jul-2026;ENG-028;156;2026-01-07 12:00:00;642.4400;1586.6200;1410.3000;553.9500;2388.0500;9067.3600;47.6000;522.1500;2388.0900;8137.6600;8.4438;394.0000;0.076493;-0.150611;0.003062;Healthy;WO788398;2,667.81
2026/07/03;ENG-035;169;2026-01-08 01:00:00;643.2800;1593.0900;1421.1100;552.5100;2388.1400;9069.9000;47.8800;520.0600;2388.1800;8145.3400;8.4796;394.0000;-0.128254;1.110372;0.008272;Warning;WO435969;14,227.16
2026-07-03;  ENG-024 ;177;2026-01-08 09:00:00;642.8400;1597.5300;1413.6700;552.9800;2388.0100;9126.1700;47.5800;521.3700;2388.1100;8200.3800;8.4410;395.0000;0.728493;0.605583;0.028449;Warning;WO126138;24,472.08
2026-07-03;eng-043;133;2026-01-06 13:00:00;641.9400;1597.8100;1409.1900;553.8000;2388.0600;9052.1100;47.5400;521.2400;2388.1000;8131.2300;8.3971;394.0000;0.050262;-0.184348;0.003420;Healthy;WO449558;311.93
2026-07-03;ENG-023;128;2026-01-06 08:00:00;642.6900;1587.9500;1396.7600;554.3900;2388.0900;9045.2400;47.1700;521.7800;2388.0400;8131.6800;8.3694;391.0000;-0.003883;-0.984526;0.001582;Healthy;WO949687;1,951.70
2026/07/03;ENG-050;51;2026-01-03 03:00:00;642.7800;1583.5700;1398.5900;553.6300;2388.0100;9062.3700;47.2900;521.9600;2388.0400;8146.1100;8.4256;392.0000;0.036943;-0.730897;0.000810;Healthy;WO707547;239.27
2026/07/03;ENG-006;96;2026-01-05 00:00:00;642.6800;1592.1000;1407.4400;552.5000;2388.1200;9053.8000;47.5400;520.7300;2388.1300;8133.1300;8.4092;395.0000;-0.001213;0.300664;0.001298;Healthy;WO373080;545.15
2026-07-03;ENG-049;240;2026-01-11 00:00:00;642.9000;1588.9000;1400.5800;553.7600;2388.1300;9072.4400;47.4500;521.4300;2388.1100;8135.4100;8.4173;392.0000;0.060654;-0.112874;0.002887;Healthy;WO781330;
2026-07-03;ENG-084;153;2026-01-07 09:00:00;642.6400;1590.8400;1412.2900;552.4000;2388.1400;9055.1500;47.6500;521.1100;2388.1300;8129.7700;8.4428;394.0000;-0.004874;0.361498;0.002170;healthy;WO816254;1,385.18
2026/07/03;  ENG-081 ;198;2026-01-09 06:00:00;644.3000;1596.3700;1411.1400;552.2400;2388.2600;9074.1500;47.8300;520.5800;2388.1400;8148.2100;8.4861;394.0000;-0.199365;1.204482;0.011770;Warning;WO965880;21128.52
2026/07/03;eng-030;133;2026-01-06 13:00:00;643.0600;1588.7900;1411.7200;553.2100;2388.1300;9060.0200;47.4400;521.0500;2388.1400;8133.4200;8.4178;391.0000;0.033549;0.084335;0.004533;Healthy;WO199552;456.89
2026/07/03;ENG-060;103;2026-01-05 07:00:00;642.4600;1585.2400;1402.9300;553.8000;2388.0500;9052.8800;47.3900;521.6700;2388.0500;8133.8200;8.4332;394.0000;0.041384;-0.352207;0.004265;Healthy;WO760033;1504.33
2026/07/03;ENG-035;154;2026-01-07 10:00:00;643.2100;1605.8700;1412.6800;552.8100;2388.1700;9059.7300;47.7600;520.5200;2388.1200;8142.3400;8.4575;396.0000;-0.091225;0.996627;0.004709;Healthy;WO963985;1474.86
2026-07-03;ENG-017;151;2026-01-07 07:00:00;642.7000;1596.0300;1410.2900;552.7200;2388.0600;9089.3300;47.5500;521.7700;2388.0700;8168.9400;8.4517;393.0000;0.144025;-0.002145;0.015706;Warning;WO531133;15693.35
2026-07-03;  ENG-064 ;164;2026-01-07 20:00:00;642.9200;1597.3600;1420.0900;552.4600;2388.1600;9058.1500;47.6800;520.2700;2388.1800;8134.8200;8.4854;393.0000;-0.197779;1.000899;0.009003;warning;WO455392;2906.68
03-Jul-2026;  ENG-031 ;153;2026-01-07 09:00:00;642.5400;1594.5300;1413.3800;552.8100;2388.1200;9082.0300;47.7000;521.4100;2388.1000;8153.5900;8.4195;393.0000;0.097532;0.275191;0.002454;Warning;WO741242;5984.82
2026-07-03;  ENG-053 ;145;2026-01-07 01:00:00;643.4200;1594.5300;1411.3600;552.9200;2388.0800;9084.1500;47.6300;521.2400;2388.1300;8158.5600;8.4740;394.0000;0.101122;0.459207;0.004413;Warning;WO802207;19476.36
2026-07-03;ENG-082;158;2026-01-07 14:00:00;643.3000;1592.6900;1417.7400;551.8200;2388.2100;9046.8200;47.9500;519.7900;2388.2200;8128.9100;8.5007;394.0000;-0.571988;1.244575;0.022795;warning;WO327108;18160.68
03-Jul-2026;eng-091;162;2026-01-07 18:00:00;642.6900;1582.3900;1420.1700;553.6100;2388.1400;9050.4100;47.7000;520.8000;2388.1800;8125.3200;8.4716;394.0000;-0.065588;0.371846;0.004258;Healthy;WO911036;2,585.76
2026/07/03;ENG-027;125;2026-01-06 05:00:00;642.2000;1589.6600;1404.0600;554.0500;2388.0600;9052.9200;47.5100;521.5700;2388.0800;8130.8100;8.4121;393.0000;0.031796;-0.383682;0.001007;healthy;WO258884;2515.61
03-Jul-2026;  ENG-030 ;108;2026-01-05 12:00:00;643.0200;1587.5800;1407.8400;552.6800;2388.1100;9050.7700;47.6100;521.8600;2388.1200;8133.4700;8.4536;393.0000;0.047488;0.059131;0.001578;Healthy;WO753775;844.69
2026/07/03;ENG-018;128;2026-01-06 08:00:00;642.8800;1588.8800;1416.6300;553.1800;2388.1500;9051.7200;47.6200;521.4200;2388.1300;8138.4000;8.4378;394.0000;-0.016912;0.425733;0.007437;Warning;WO869624;21988.99
2026/07/03;  ENG-031 ;194;2026-01-09 02:00:00;643.3000;1593.4500;1426.2100;551.6700;2388.1900;9080.8900;48.1500;520.3000;2388.1900;8156.4000;8.4803;395.0000;-0.214432;1.481481;0.010918;Warning;WO641132;24264.94
03-Jul-2026;ENG-019;132;2026-01-06 12:00:00;642.4800;1590.2200;1409.8500;553.3600;2388.0300;9057.5800;47.4800;521.9900;2388.0600;8143.3100;8.4337;393.0000;0.073126;-0.287362;0.001660;Healthy;WO185044;1626.17
2026-07-03;ENG-032;135;2026-01-06 15:00:00;642.1300;1584.8100;1407.5200;553.5000;2388.0200;9090.7000;47.4100;521.6800;2387.9700;8168.3100;8.4811;392.0000;0.116292;-0.445855;0.014114;Healthy;WO961767;
2026-07-03;ENG-089;132;2026-01-06 12:00:00;643.2200;1590.2900;1408.8200;553.5600;2388.1000;9046.6700;47.6800;521.0000;2388.1300;8125.5200;8.4195;395.0000;-0.020040;0.255997;0.001784;Healthy;WO529577;415.90
03-Jul-2026;  ENG-089 ;151;2026-01-07 07:00:00;642.8800;1588.1200;1407.9100;553.3500;2388.0600;9049.3200;47.7100;521.0200;2388.1300;8128.3100;8.4346;392.0000;0.014428;0.137604;0.001490;Healthy;WO178728;1,917.99
2026-07-03;ENG-012;153;2026-01-07 09:00:00;642.4900;1587.5900;1399.1900;554.5400;2388.0000;9061.1600;47.3300;522.1000;2388.0600;8140.3300;8.4438;392.0000;0.026560;-0.915686;0.000846;Healthy;WO675585;2042.11
2026-07-03;eng-100;197;2026-01-09 05:00:00;643.2600;1594.9900;1419.3600;553.3700;2388.0700;9148.8500;47.6100;521.3300;2388.0800;8220.4800;8.4711;395.0000;1.085858;0.987612;0.038512;warning;WO651445;23354.30
03-Jul-2026;ENG-035;168;2026-01-08 00:00:00;643.4100;1592.5200;1417.5400;552.1000;2388.2300;9065.5000;48.0100;520.3300;2388.2100;8146.9800;8.4893;395.0000;-0.289854;1.246872;0.015841;warning;WO175022;24,189.63
2026-07-03;ENG-026;76;2026-01-04 04:00:00;642.3100;1580.9800;1402.4000;554.4500;2388.0200;9074.0100;47.4000;521.9300;2387.9800;8151.6400;8.4331;392.0000;0.051055;-0.825465;0.002043;Healthy;WO422038;
2026-07-03;ENG-008;148;2026-01-07 04:00:00;642.4700;1591.5100;1398.9800;553.4300;2388.1600;9049.5500;47.5800;521.3500;2388.1000;8126.2600;8.4456;392.0000;0.044263;-0.177429;0.003256;healthy;WO904898;395.34
2026-07-03;ENG-068;169;2026-01-08 01:00:00;643.2700;1597.2100;1417.6900;552.9300;2388.1900;9075.8700;47.8000;520.4500;2388.1200;8152.6100;8.5086;395.0000;0.071900;1.015554;0.012988;Warning;WO879163;4923.09
2026-07-03;ENG-092;101;2026-01-05 05:00:00;642.6600;1584.0800;1423.0300;552.2800;2388.1700;9042.7900;47.5600;521.1300;2388.1500;8121.3400;8.4766;394.0000;-0.085848;0.606838;0.003810;Warning;WO901271;17490.59
2026-07-03;ENG-093;192;2026-01-09 00:00:00;643.2600;1590.4800;1409.6000;552.8100;2388.1300;9071.1600;47.5800;521.1200;2388.1300;8141.6700;8.4821;395.0000;0.026243;0.646507;0.006366;Healthy;WO447239;1844.81
03-Jul-2026;ENG-017;140;2026-01-06 20:00:00;642.2000;1585.0300;1397.0400;553.4600;2388.0500;9088.3900;47.4500;521.6800;2388.0000;8158.1300;8.4259;394.0000;0.089532;-0.507870;0.005012;healthy;WO168557;386.49
2026-07-03;eng-090;109;2026-01-05 13:00:00;642.7400;1591.3600;1409.3100;553.2400;2388.1800;9071.4800;47.4600;521.9000;2388.0700;8139.5500;8.4402;391.0000;0.078416;-0.097686;0.003194;Healthy;WO915936;
2026-07-03;ENG-012;208;2026-01-09 16:00:00;642.6100;1592.1400;1398.2500;554.6200;2388.0600;9075.5700;47.4300;522.0200;2388.0000;8150.1700;8.4418;391.0000;0.068322;-0.573942;0.002658;Healthy;WO420408;2,775.57
03-Jul-2026;ENG-034;193;2026-01-09 01:00:00;643.1800;1598.1100;1417.3200;552.4000;2388.2200;9050.6800;47.8700;520.5600;2388.2300;8128.4900;8.4898;394.0000;-0.425293;1.194182;0.006157;Warning;WO967259;16,724.57
2026/07/03;ENG-024;152;2026-01-07 08:00:00;642.1300;1593.1400;1407.8800;554.2100;2388.0200;9099.9200;47.4100;521.7500;2388.0000;8176.8600;8.4572;394.0000;0.176493;-0.263500;0.007075;Warning;WO443137;20,715.69
03-Jul-2026;ENG-074;127;2026-01-06 07:00:00;642.1500;1584.3200;1412.4200;553.5200;2388.1100;9058.6100;47.5200;521.4900;2388.1100;8140.7200;8.4562;392.0000;0.052764;-0.035852;;Healthy;WO113317;463.47
03-Jul-2026;ENG-038;86;2026-01-04 14:00:00;642.5900;1592.4200;1406.7500;553.8300;2388.1400;9061.5100;47.7700;521.3100;2388.1200;8136.4400;8.4467;393.0000;0.030413;0.189891;0.002968;Healthy;WO879953;2403.26
03-Jul-2026;  ENG-013 ;137;2026-01-06 17:00:00;642.7200;1585.9700;1400.9800;554.0400;2388.0400;9058.0000;47.4100;521.8800;2388.0500;8141.9500;8.4097;392.0000;0.037022;-0.593168;0.001280;Healthy;WO923552;172.51
2026/07/03;  ENG-081 ;158;2026-01-07 14:00:00;642.8300;1588.0700;1406.1900;552.7200;2388.1000;9072.9700;47.4200;521.3000;2388.0700;8148.0400;8.4555;393.0000;0.094196;0.077168;;Warning;WO360210;7,141.61
03-Jul-2026;ENG-040;126;2026-01-06 06:00:00;643.5400;1592.0900;1417.8700;553.3500;2388.1400;9063.4800;47.9600;520.7900;2388.1900;8139.9700;8.4821;396.0000;-0.127730;1.125587;0.008243;Warning;WO395743;20039.53
2026-07-03;ENG-008;114;2026-01-05 18:00:00;642.7100;1587.3200;1408.5600;553.6100;2388.1100;9049.0500;47.5700;521.4500;2388.0700;8132.7700;8.4094;392.0000;0.026089;0.038715;0.001381;Healthy;WO514611;2088.83
2026/07/03;ENG-064;127;2026-01-06 07:00:00;642.3200;1580.3200;1406.1300;553.0000;2388.1300;9063.8000;47.5200;521.2400;2388.1100;8134.4900;8.4249;392.0000;0.045877;-0.032392;0.001057;Healthy;WO622361;2042.15
2026/07/03;  ENG-003 ;117;2026-01-05 21:00:00;642.6100;1592.1600;1418.6200;552.8000;2388.1500;9050.3700;47.8100;520.7800;2388.1300;8126.6200;8.4657;395.0000;-0.043650;0.502302;0.003316;Warning;WO940212;7990.28
03-Jul-2026;  ENG-063 ;125;2026-01-06 05:00:00;642.3900;1588.4900;1419.4000;553.0300;2388.1300;9045.5600;47.6000;521.6000;2388.1100;8130.5200;8.4623;395.0000;-0.018440;0.302304;;Healthy;WO594378;1,198.49
2026/07/03;ENG-084;117;2026-01-05 21:00:00;642.6300;1583.7200;1405.8700;554.0500;2388.0300;9050.8600;47.4200;521.8500;2388.1200;8133.8100;8.4198;392.0000;0.027627;-0.408734;0.002332;healthy;WO514446;1784.98
03-Jul-2026;ENG-035;155;2026-01-07 11:00:00;642.5800;1593.8000;1414.4700;552.4700;2388.1400;9066.4700;47.6200;520.7100;2388.1200;8143.4100;8.4561;394.0000;0.005751;0.571788;0.004834;Warning;WO327781;5834.42
2026-07-03;eng-018;90;2026-01-04 18:00:00;642.3000;1579.8200;1404.7800;554.0200;2388.0900;9061.3600;47.3900;522.2200;2388.0200;8149.0300;8.4295;391.0000;0.041651;-0.692551;0.001269;Healthy;WO767085;205.56
03-Jul-2026;ENG-072;123;2026-01-06 03:00:00;642.4800;1588.3800;1403.3500;554.4700;2388.0600;9068.0700;47.4400;521.8000;2388.0800;8141.4000;8.4323;393.0000;0.048049;-0.482314;;Healthy;WO418438;1930.20
2026-07-03;ENG-057;119;2026-01-05 23:00:00;642.5300;1592.2800;1404.2900;553.4900;2388.1600;9047.2200;47.4700;521.2300;2388.1100;8124.9500;8.4342;393.0000;0.012672;-0.061379;0.002364;Healthy;WO594864;759.03
2026-07-03;ENG-091;219;2026-01-10 03:00:00;643.3500;1595.7300;1421.3500;552.4300;2388.1700;9048.5700;47.8300;520.0600;2388.2000;8127.8500;8.4656;393.0000;-0.310910;1.036872;0.007767;Warning;WO300161;23123.22
2026-07-03;ENG-054;90;2026-01-04 18:00:00;642.6800;1582.1200;1389.3000;554.0200;2387.9800;9060.9800;47.1900;522.4500;2387.9300;8134.7000;8.4213;391.0000;0.077293;-1.153711;0.000691;Healthy;WO812581;339.71
03-Jul-2026;ENG-098;112;2026-01-05 16:00:00;642.4900;1595.2000;1417.3100;553.6200;2388.1600;9062.1000;47.6000;520.9800;2388.0700;8138.6700;8.4660;392.0000;0.017237;0.296946;0.005897;Healthy;WO851649;590.89
2026/07/03;ENG-022;28;2026-01-02 04:00:00;642.5000;1585.5000;1402.2300;553.9800;2388.1100;9046.2100;47.4100;522.0400;2388.0600;8129.4300;8.4638;392.0000;0.026783;-0.404280;0.000473;HEALTHY;WO868003;
2026-07-03;ENG-081;190;2026-01-08 22:00:00;643.5600;1597.3300;1415.5800;552.5400;2388.1500;9078.5400;48.0000;520.6400;2388.1400;8147.2700;8.4845;395.0000;-0.018933;1.128826;0.025062;warning;WO614542;16721.31
2026/07/03;ENG-089;134;2026-01-06 14:00:00;642.2300;1584.4800;1401.9900;553.2200;2388.1200;9050.6700;47.4600;521.3900;2388.1200;8125.7100;8.4346;393.0000;0.030129;-0.154527;0.001170;Healthy;WO860159;
2026-07-03;ENG-030;120;2026-01-06 00:00:00;643.1800;1588.0600;1414.4700;554.0700;2388.0600;9046.6200;47.5100;520.9600;2388.1700;8132.3400;8.4466;395.0000;-0.024986;0.314845;;Healthy;WO155590;72.38
2026-07-03;ENG-032;123;2026-01-06 03:00:00;642.3700;1590.6800;1405.7900;553.8100;2388.0200;9092.2300;47.3600;521.9900;2388.0800;8166.5800;8.3786;392.0000;0.071263;-0.652486;0.000345;Healthy;WO682075;1,664.14
03-Jul-2026;eng-066;125;2026-01-06 05:00:00;642.7500;1596.5300;1413.6500;553.1000;2388.1100;9092.7200;47.4700;520.6400;2388.0900;8168.1000;8.4449;395.0000;0.255609;0.552371;0.005920;Warning;WO356494;22073.81
2026-07-03;  ENG-020 ;154;2026-01-07 10:00:00;643.1400;1595.5100;1412.1300;552.4800;2388.1100;9066.4000;47.7200;521.2400;2388.1200;8139.7700;8.4719;393.0000;0.031964;0.520837;0.004871;Warning;WO940587;9913.00
03-Jul-2026;ENG-095;67;2026-01-03 19:00:00;642.3400;1584.0600;1401.2200;554.3000;2388.0600;9053.1900;47.3800;522.2300;2388.0500;8130.4400;8.4299;393.0000;0.010917;-0.751080;0.002784;Healthy;WO345015;1,260.74
2026/07/03;eng-049;274;2026-01-12 10:00:00;642.9500;1595.1600;1416.2600;552.6200;2388.1600;9058.1700;47.5600;520.4600;2388.1100;8133.4600;8.4621;393.0000;-0.030274;0.638565;0.001735;warning;WO529959;11,478.44
2026-07-03;eng-062;188;2026-01-08 20:00:00;642.5500;1590.2600;1404.7000;553.7200;2388.0000;9068.4300;47.5000;521.8700;2388.0600;8153.2500;8.4112;393.0000;0.074852;-0.441379;0.005914;Healthy;WO780117;995.33
2026/07/03;ENG-032;121;2026-01-06 01:00:00;642.9200;1586.2400;1400.9900;554.3900;2388.0200;9079.7500;47.2600;522.2200;2387.9900;8159.3900;8.4130;391.0000;0.083832;-0.843884;0.006040;Healthy;WO878897;1791.63
03-Jul-2026;ENG-010;162;2026-01-07 18:00:00;642.4500;1591.8100;1398.2500;553.5900;2388.0400;9066.5000;47.4200;522.2200;2388.1000;8141.3600;8.4471;392.0000;0.054655;-0.554912;;Healthy;WO276616;2791.32
2026-07-03;ENG-095;61;2026-01-03 13:00:00;642.2900;1587.6500;1406.4000;553.2900;2388.0900;9053.6000;47.2100;522.1200;2388.0700;8132.5600;8.4459;392.0000;0.023337;-0.680493;0.000977;healthy;WO445378;2560.25
03-Jul-2026;ENG-089;155;2026-01-07 11:00:00;642.6000;1589.3100;1414.3500;553.8700;2388.0700;9056.3200;47.4700;521.7800;2388.1800;8130.7700;8.4635;395.0000;0.029855;0.073300;0.000434;Healthy;WO720066;820.35
2026/07/03;eng-034;161;2026-01-07 17:00:00;643.1900;1586.4100;1408.9000;553.8200;2388.0500;9055.7700;47.4600;521.1000;2388.1200;8137.8900;8.4472;394.0000;0.040710;0.110923;0.001629;Healthy;WO820998;478.09
2026-07-03;  ENG-013 ;144;2026-01-07 00:00:00;642.5200;1593.4300;1406.1600;554.0700;2387.9700;9065.5200;47.4300;521.7400;2388.0500;8139.7500;8.3794;392.0000;0.042279;-0.652311;0.001221;Healthy;WO439956;2166.15
2026/07/03;ENG-094;120;2026-01-06 00:00:00;643.3800;1596.0100;1414.9400;552.9800;2388.1200;9064.2700;47.7100;520.9300;2388.1100;8138.3100;8.4767;395.0000;0.000749;0.844667;0.002057;WARNING;WO747958;13,987.10
2026/07/03;ENG-043;131;2026-01-06 11:00:00;642.3800;1590.7300;1409.6100;553.9300;2388.1200;9049.7700;47.3300;521.3300;2388.1400;8130.5200;8.4604;393.0000;0.032010;-0.140726;0.003611;Healthy;WO354563;1,630.96
2026/07/03;ENG-072;124;2026-01-06 04:00:00;642.3800;1590.5300;1409.5400;553.4300;2388.0600;9065.2000;47.5200;521.3800;2388.1300;8148.5800;8.4462;394.0000;0.083726;-0.018775;0.002308;warning;WO530968;22941.92
2026-07-03;ENG-071;57;2026-01-03 09:00:00;641.9400;1584.7000;1394.0600;554.3700;2388.0300;9059.5500;47.0900;522.1500;2388.0200;8145.0300;8.4393;393.0000;0.036104;-0.970530;0.001638;Healthy;WO177769;2,257.27
2026-07-03;ENG-070;151;2026-01-07 07:00:00;642.8700;1593.4000;1407.4700;553.4400;2388.1000;9057.0500;47.6100;521.4000;2388.1800;8141.6900;8.4661;393.0000;0.033348;0.300656;0.001483;Healthy;WO843119;902.91
03-Jul-2026;ENG-015;53;2026-01-03 05:00:00;641.8700;1589.1600;1398.7000;554.3100;2388.0200;9058.3100;47.3900;522.0900;2388.0400;8136.2300;8.4241;392.0000;0.016103;-0.946714;0.003662;Healthy;WO935649;723.64
2026/07/03;  ENG-072 ;107;2026-01-05 11:00:00;642.5400;1589.8900;1409.2600;553.9100;2388.0500;9075.3400;47.4700;521.5200;2388.0700;8141.0300;8.4158;392.0000;0.067437;-0.313526;0.000488;Healthy;WO647232;133.40
2026/07/03;ENG-052;153;2026-01-07 09:00:00;642.9400;1587.1900;1405.4100;554.2400;2388.0400;9077.1800;47.5000;521.7700;2388.0800;8153.2000;8.4348;394.0000;0.074889;-0.338922;0.002660;HEALTHY;WO771461;468.20
03-Jul-2026;ENG-050;68;2026-01-03 20:00:00;642.6800;1588.1700;1399.6200;554.1000;2388.0800;9065.1900;47.3200;521.8600;2388.0700;8143.6700;8.4067;393.0000;0.038023;-0.576755;0.002635;Healthy;WO604530;2,564.93
03-Jul-2026;ENG-080;116;2026-01-05 20:00:00;642.8600;1595.7100;1408.4800;553.8000;2388.1200;9063.5500;47.5100;521.6900;2388.0700;8142.8000;8.4452;393.0000;0.090224;-0.006454;0.002600;Healthy;WO980470;2481.82
03-Jul-2026;  ENG-046 ;135;2026-01-06 15:00:00;642.7900;1589.4700;1415.7400;553.9600;2388.0500;9088.9200;47.6300;521.2900;2388.0700;8159.2200;8.4654;393.0000;0.134272;0.198692;0.001638;Warning;WO672316;1,953.99
2026-07-03;ENG-073;103;2026-01-05 07:00:00;641.9600;1586.3500;1400.5500;554.7100;2388.0200;9058.3600;47.3200;522.3000;2388.0300;8140.9400;8.4145;393.0000;-0.024003;-2.638147;0.004931;Healthy;WO101533;1713.87
2026/07/03;ENG-039;33;2026-01-02 09:00:00;642.1300;1582.6000;1402.6500;554.2300;2387.9700;9061.8800;47.2000;522.1600;2387.9700;8138.7100;8.4139;391.0000;0.045951;-1.114244;0.000488;Healthy;WO314896;2,917.45
03-Jul-2026;ENG-040;114;2026-01-05 18:00:00;642.7100;1595.8100;1414.5300;552.3900;2388.1700;9061.2900;47.6900;520.3900;2388.1500;8139.3300;8.4761;395.0000;-0.089184;0.818372;0.005476;Warning;WO861161;5058.67
2026-07-03;eng-096;70;2026-01-03 22:00:00;641.9500;1580.6500;1399.5900;554.6400;2387.9800;9066.8100;47.2400;522.3700;2388.0500;8147.7700;8.4102;392.0000;-0.012904;-2.665231;0.002930;Healthy;WO924155;978.86
2026-07-03;ENG-077;137;2026-01-06 17:00:00;642.4700;1597.5200;1410.1000;553.5100;2388.1300;9039.4200;47.6500;520.5300;2388.1500;8131.3300;8.4490;393.0000;-0.024613;0.217170;0.001775;Healthy;WO718016;710.87
2026-07-03;ENG-043;136;2026-01-06 16:00:00;642.7800;1591.5500;1407.1000;553.5100;2388.0900;9059.5700;47.3100;521.3500;2388.1300;8133.8900;8.4430;392.0000;0.049175;-0.104321;0.003479;healthy;WO334601;534.19
2026-07-03;ENG-043;132;2026-01-06 12:00:00;642.5400;1589.2200;1400.8100;553.6100;2388.1000;9063.1100;47.4700;521.6800;2388.1200;8131.1400;8.4272;392.0000;0.049006;-0.225168;0.001707;Healthy;WO691960;1060.55
2026-07-03;ENG-083;58;2026-01-03 10:00:00;642.5900;1588.5500;1405.6500;553.4400;2388.0000;9059.0100;47.1600;521.6900;2388.0400;8141.9900;8.3860;391.0000;0.022492;-0.766729;0.004107;Healthy;WO785810;378.33
03-Jul-2026;eng-008;145;2026-01-07 01:00:00;642.5000;1583.2900;1407.3800;552.8500;2388.1400;9049.4200;47.7600;520.8100;2388.1200;8133.1600;8.4447;393.0000;-0.010822;0.228415;0.001386;Healthy;WO691120;2053.76
2026-07-03;ENG-044;47;2026-01-02 23:00:00;642.5800;1592.9500;1409.5700;553.7000;2388.0700;9055.6500;47.3700;521.3500;2388.0600;8134.4100;8.4078;393.0000;0.054485;-0.145500;0.001759;Healthy;WO728159;2020.78
2026/07/03;ENG-020;142;2026-01-06 22:00:00;643.1100;1596.5900;1414.3800;554.0900;2388.1300;9065.4000;47.5800;521.2700;2388.1000;8143.3800;8.4286;393.0000;0.041999;0.273795;0.004251;Healthy;WO634918;1,023.71
2026/07/03;ENG-053;128;2026-01-06 08:00:00;642.3400;1588.5700;1405.8700;553.0400;2388.0900;9070.0100;47.5500;521.4100;2388.0700;8156.4500;8.4197;393.0000;0.095721;-0.114808;0.001627;Warning;WO915264;24783.37
2026/07/03;  ENG-042 ;139;2026-01-06 19:00:00;642.7700;1594.7000;1412.1100;552.8500;2388.2400;9036.3300;47.7400;520.6900;2388.1700;8124.8800;8.4728;394.0000;-0.111215;0.682521;0.005842;Healthy;WO639074;315.85
2026/07/03;ENG-016;108;2026-01-05 12:00:00;642.6000;1595.2000;1396.3900;554.4500;2388.0700;9060.9700;47.3600;522.1200;2388.0500;8137.4800;8.4029;392.0000;0.034767;-0.638948;0.002028;Healthy;WO123838;1154.84
2026-07-03;ENG-061;140;2026-01-06 20:00:00;642.7300;1594.3600;1408.0400;552.7200;2388.0900;9069.4900;47.7000;521.5700;2388.0700;8143.8300;8.4008;393.0000;0.098254;0.107289;0.002036;Warning;WO355067;19,410.20
2026/07/03;ENG-053;129;2026-01-06 09:00:00;642.3700;1587.8900;1404.2000;553.3700;2388.0100;9075.2100;47.6200;521.7700;2388.0700;8159.8600;8.4228;393.0000;0.094379;-0.379143;0.001918;Healthy;WO759433;
2026/07/03;ENG-096;89;2026-01-04 17:00:00;642.3800;1584.6600;1399.1100;554.2400;2388.0500;9070.1700;47.2800;522.2300;2387.9800;8150.9100;8.4137;391.0000;0.056808;-1.003553;0.003418;Healthy;WO186392;1403.91
2026/07/03;ENG-015;55;2026-01-03 07:00:00;642.3000;1588.3800;1399.0500;554.0800;2388.0400;9060.6100;47.3000;522.2400;2388.0700;8133.4900;8.4278;392.0000;0.021716;-0.795352;0.002595;Healthy;WO838155;1,497.79
2026/07/03;  ENG-092 ;110;2026-01-05 14:00:00;643.1100;1593.1100;1406.4900;552.6900;2388.1200;9048.6300;47.6100;520.8900;2388.1900;8123.9600;8.4722;393.0000;-0.014989;0.361666;0.002534;Healthy;WO196771;1668.26
2026-07-03;  ENG-075 ;74;2026-01-04 02:00:00;642.0500;1587.7700;1400.4600;553.9800;2388.1100;9061.6600;47.4500;521.6700;2388.0500;8140.6800;8.4256;393.0000;0.042505;-0.427146;0.001619;Healthy;WO911463;1334.31
03-Jul-2026;ENG-037;98;2026-01-05 02:00:00;642.7000;1589.3000;1408.8800;553.1500;2388.1000;9048.2200;47.4100;521.1800;2388.1000;8129.0900;8.4269;392.0000;0.024767;0.011566;0.002085;HEALTHY;WO641275;1,189.39
2026-07-03;ENG-024;129;2026-01-06 09:00:00;642.6600;1583.9900;1407.2700;554.5300;2388.0000;9081.8600;47.2700;522.3800;2388.0000;8166.2300;8.3972;393.0000;0.067901;-0.877970;0.004367;Healthy;WO286209;479.13
2026/07/03;ENG-087;51;2026-01-03 03:00:00;641.4600;1579.1300;1402.3500;554.4000;2388.0300;9062.4600;47.1900;521.4200;2388.0500;8143.1200;8.4281;393.0000;0.006150;-0.997516;0.003117;Healthy;WO999686;2558.11
03-Jul-2026;ENG-084;135;2026-01-06 15:00:00;642.6300;1589.9800;1407.7200;553.4200;2388.1300;9051.4900;47.5800;521.4700;2388.1200;8135.5500;8.4404;394.0000;0.023289;0.120990;0.001223;Healthy;WO601548;712.65
2026/07/03;ENG-034;184;2026-01-08 16:00:00;643.2400;1595.6900;1414.9000;551.9100;2388.2100;9048.2200;47.8400;520.4200;2388.1500;8126.0400;8.4733;394.0000;-0.283661;0.973593;0.008221;Warning;WO515329;11183.90
2026-07-03;ENG-013;134;2026-01-06 14:00:00;642.0300;1593.3800;1405.5600;554.3600;2388.0700;9067.0300;47.3900;522.1500;2388.0300;8141.4900;8.4254;392.0000;0.056264;-0.575497;0.001899;healthy;WO223035;2772.05
2026-07-03;  ENG-071 ;59;2026-01-03 11:00:00;642.6600;1588.9900;1396.7700;553.7000;2388.0300;9068.8900;47.2400;522.0300;2388.0500;8146.5700;8.4336;391.0000;0.045156;-0.904651;0.003478;Healthy;WO967303;2046.32
03-Jul-2026;  ENG-068 ;175;2026-01-08 07:00:00;643.4700;1600.0400;1423.9600;552.1000;2388.1500;9077.7500;47.9500;520.2000;2388.1100;8151.1100;8.4681;395.0000;-0.061990;1.258310;0.011870;Warning;WO605333;22,088.04
03-Jul-2026;  ENG-013 ;191;2026-01-08 23:00:00;642.5500;1593.8500;1411.1900;553.6800;2388.0200;9062.0100;47.5000;522.1700;2388.0700;8149.6600;8.4115;393.0000;0.081203;-0.275138;0.002809;healthy;WO613280;869.10
03-Jul-2026;eng-032;132;2026-01-06 12:00:00;642.1900;1587.5400;1409.7000;552.8900;2388.0500;9083.4000;47.4000;521.3100;2388.0400;8166.6900;8.4096;393.0000;0.100321;-0.180139;0.000865;Healthy;WO524708;2,956.48
2026-07-03;ENG-063;139;2026-01-06 19:00:00;643.2800;1593.6500;1412.8500;552.9700;2388.1100;9049.9500;47.6700;521.0900;2388.2200;8132.8800;8.4663;394.0000;-0.035673;0.660156;0.003248;Warning;WO671759;24323.76
2026-07-03;ENG-063;137;2026-01-06 17:00:00;642.7300;1592.9900;1413.3200;552.6700;2388.2100;9047.1300;47.8200;521.3200;2388.1100;8128.8100;8.4660;393.0000;-0.044622;0.531803;0.003703;HEALTHY;WO821772;
2026/07/03;  ENG-086 ;86;2026-01-04 14:00:00;642.5800;1587.8200;1403.9300;553.4200;2388.0900;9055.5100;47.6200;520.8500;2388.0700;8146.6200;8.4347;394.0000;0.066099;-0.032681;0.000891;Healthy;WO669799;1,214.90
2026-07-03;ENG-043;160;2026-01-07 16:00:00;642.7800;1592.8800;1405.7700;553.5000;2388.1200;9058.7500;47.5700;521.4100;2388.1100;8127.8300;8.4790;395.0000;0.027025;0.144034;0.001177;Healthy;WO838114;143.86
2026/07/03;ENG-048;77;2026-01-04 05:00:00;642.5400;1590.8900;1401.1200;553.6600;2388.0900;9061.1900;47.4100;521.6000;2388.1200;8136.6100;8.4311;392.0000;0.049558;-0.224154;0.000709;Healthy;WO325433;1,027.24
2026-07-03;ENG-024;169;2026-01-08 01:00:00;643.2600;1595.9600;1410.6900;552.8800;2387.9800;9121.9500;47.6100;520.5900;2388.0500;8191.9900;8.4580;395.0000;0.634374;0.526320;0.032602;Warning;WO239022;2774.57
2026/07/03;ENG-055;80;2026-01-04 08:00:00;642.1800;1581.8200;1408.5100;554.0200;2388.0000;9061.6200;47.3200;522.1900;2388.0700;8137.3500;8.4017;392.0000;0.021899;-0.757604;;HEALTHY;WO695193;2565.71
03-Jul-2026;ENG-075;70;2026-01-03 22:00:00;642.6200;1580.5100;1407.6000;554.5800;2388.0700;9060.5200;47.3800;521.8900;2388.0800;8144.6900;8.4172;394.0000;0.039556;-0.477043;0.000473;Healthy;WO970797;64.50
03-Jul-2026;ENG-005;74;2026-01-04 02:00:00;643.0300;1591.8100;1416.1000;553.2200;2388.1600;9058.1400;47.7600;521.4000;2388.1500;8137.4000;8.4450;393.0000;0.003351;0.376091;0.003711;Healthy;WO460045;2,295.01
03-Jul-2026;ENG-081;151;2026-01-07 07:00:00;642.9100;1598.6900;1407.3700;552.7900;2388.0900;9079.9300;47.4600;521.5700;2388.0800;8147.3600;8.4544;393.0000;0.119015;0.114806;0.002149;Warning;WO513895;5,209.72
03-Jul-2026;ENG-055;106;2026-01-05 10:00:00;641.8600;1584.4600;1401.5000;553.8800;2388.1200;9056.3200;47.3000;521.8300;2388.0600;8134.9500;8.4487;392.0000;0.015079;-0.652526;0.001883;warning;WO543104;11,106.71
2026-07-03;ENG-068;147;2026-01-07 03:00:00;642.9300;1586.5300;1409.9900;552.3200;2388.1300;9070.9500;47.7700;520.8900;2388.1200;8144.3100;8.4672;393.0000;0.042231;0.384508;;warning;WO954528;8623.37
2026-07-03;ENG-029;144;2026-01-07 00:00:00;642.1500;1591.1800;1405.1200;552.8400;2388.0600;9065.6600;47.5000;521.4100;2388.0500;8145.1600;8.3884;392.0000;-0.066214;-2.533372;0.015747;HEALTHY;WO161977;2,000.01
03-Jul-2026;eng-099;83;2026-01-04 11:00:00;642.7200;1587.7600;1392.3900;554.7000;2388.0000;9058.2900;47.0200;522.2800;2387.9900;8140.0600;8.4243;391.0000;0.044350;-1.094530;0.002100;Healthy;WO867841;2512.05
03-Jul-2026;ENG-003;125;2026-01-06 05:00:00;643.2400;1588.6400;1412.6000;553.1000;2388.1900;9048.1200;47.6200;520.1300;2388.2100;8128.0200;8.4608;394.0000;-0.159553;0.731986;;Warning;WO306228;4474.72
2026/07/03;eng-053;137;2026-01-06 17:00:00;643.0100;1591.8200;1415.7200;553.5000;2388.0400;9072.1500;47.5000;521.9100;2388.0700;8158.4400;8.4162;393.0000;0.115629;0.056280;0.005362;Healthy;WO483899;628.03
2026/07/03;eng-026;64;2026-01-03 16:00:00;642.4000;1580.9500;1403.5400;553.2900;2388.0600;9064.5000;47.4700;522.2000;2388.0200;8147.8000;8.4035;390.0000;-0.033612;-2.608728;0.000977;HEALTHY;WO368472;469.21
03-Jul-2026;ENG-032;127;2026-01-06 07:00:00;642.4200;1589.4300;1400.5000;553.7100;2388.0500;9085.6200;47.2100;521.5300;2388.0300;8163.3100;8.4269;392.0000;0.076726;-0.618235;;Healthy;WO734972;1140.74
2026/07/03;ENG-090;146;2026-01-07 02:00:00;643.4500;1587.7800;1418.8500;552.3100;2388.1900;9087.5900;48.0000;521.3200;2388.0900;8156.4600;8.4686;393.0000;0.173680;0.898839;0.010885;Warning;WO630176;2,297.64
2026-07-03;ENG-043;123;2026-01-06 03:00:00;642.6600;1582.4400;1409.7500;553.7500;2388.1000;9056.6000;47.5000;521.7800;2388.0400;8131.6700;8.4149;393.0000;0.041895;-0.328061;0.001500;Healthy;WO398220;2496.14
2026/07/03;  ENG-013 ;150;2026-01-07 06:00:00;642.2500;1586.8000;1397.9800;554.3200;2388.0700;9070.5900;47.4300;521.5100;2388.0500;8142.1800;8.3869;392.0000;0.035526;-0.624912;0.001683;Healthy;WO633504;1,253.00
2026/07/03;eng-091;191;2026-01-08 23:00:00;642.8600;1593.1700;1415.4000;553.0100;2388.1000;9053.9400;48.0200;520.9900;2388.2200;8125.0900;8.4785;393.0000;-0.057276;0.736447;0.003989;healthy;WO185436;
03-Jul-2026;ENG-062;200;2026-01-09 08:00:00;642.8000;1586.2800;1403.3900;554.3200;2388.0500;9078.2600;47.2900;521.5800;2388.0300;8151.1400;8.4035;391.0000;0.042025;-0.791508;0.000772;Healthy;WO613570;237.69
2026-07-03;ENG-021;107;2026-01-05 11:00:00;642.0500;1586.7500;1407.6200;553.8800;2388.0900;9063.9000;47.3200;521.9500;2388.0300;8143.9400;8.4253;392.0000;0.047554;-0.548013;0.001158;Healthy;WO524983;2,378.27
03-Jul-2026;ENG-061;155;2026-01-07 11:00:00;643.0000;1589.0000;1419.8500;552.6200;2388.1600;9068.9700;47.7200;520.9300;2388.1700;8142.2000;8.4779;394.0000;-0.010897;0.673596;0.007799;Warning;WO314091;7871.23
03-Jul-2026;eng-063;111;2026-01-05 15:00:00;642.4600;1583.7800;1407.2300;554.1000;2388.0800;9047.3900;47.5100;521.1100;2388.1700;8132.0000;8.4893;393.0000;0.019618;-0.106974;0.000639;Healthy;WO159338;201.85
2026-07-03;ENG-067;67;2026-01-03 19:00:00;642.5000;1583.5600;1396.7800;553.7900;2388.0200;9059.7900;47.4300;522.2900;2387.9800;8132.8500;8.3911;391.0000;0.055022;-0.967921;0.002072;healthy;WO616885;574.41
03-Jul-2026;eng-024;180;2026-01-08 12:00:00;642.8300;1605.5800;1413.3000;553.9000;2388.0900;9137.4000;47.6800;521.4300;2388.0900;8201.9800;8.4441;395.0000;0.747460;0.636994;0.014101;Warning;WO844888;18,532.64
2026/07/03;ENG-004;98;2026-01-05 02:00:00;642.5000;1590.3200;1415.0400;553.5600;2388.1400;9054.4200;47.5600;521.0100;2388.1300;8137.1200;8.4575;394.0000;0.000259;0.265367;0.002919;Warning;WO287635;15,482.32
2026-07-03;ENG-021;142;2026-01-06 22:00:00;642.3200;1591.9800;1410.1300;553.6800;2388.0400;9085.5200;47.4500;522.2300;2387.9700;8162.2800;8.4284;394.0000;0.106529;-0.445364;0.005954;Healthy;WO482657;2,445.85
2026-07-03;ENG-093;191;2026-01-08 23:00:00;643.0500;1588.5900;1415.6700;554.0400;2388.1200;9065.5800;47.5400;521.1100;2388.1200;8150.0200;8.4410;394.0000;0.048556;0.192985;0.001642;Healthy;WO536691;2,071.01
2026-07-03;  ENG-002 ;40;2026-01-02 16:00:00;642.6500;1590.3300;1407.8200;553.6800;2388.1600;9051.0700;47.4700;521.9100;2388.1200;8127.5900;8.4190;393.0000;0.031303;-0.128293;0.001743;healthy;WO476341;1210.30
03-Jul-2026;ENG-052;135;2026-01-06 15:00:00;642.7300;1583.7100;1406.2700;553.8900;2388.0300;9072.7800;47.3700;522.0800;2388.0000;8151.8700;8.4039;390.0000;0.057467;-0.684621;;Healthy;WO148301;1470.38
2026/07/03;ENG-013;164;2026-01-07 20:00:00;642.2500;1586.2400;1400.0300;553.4800;2388.0400;9072.9000;47.3600;522.3100;2388.0500;8147.1900;8.4040;393.0000;0.062532;-0.850701;0.002889;Healthy;WO112029;2,220.69
2026-07-03;  ENG-069 ;47;2026-01-02 23:00:00;642.5300;1575.0300;1404.0900;553.1400;2388.0800;9047.4400;47.3300;521.4300;2388.1500;8127.1100;8.4265;394.0000;0.020044;-0.214464;0.000861;Healthy;WO869534;180.98
03-Jul-2026;ENG-007;158;2026-01-07 14:00:00;642.6000;1583.2600;1412.2800;554.4000;2388.0600;9076.7400;47.3700;522.5100;2388.0500;8144.3200;8.4352;393.0000;0.056553;-0.626719;0.001891;Healthy;WO366806;52.08
2026-07-03;ENG-042;109;2026-01-05 13:00:00;642.7300;1588.0500;1405.3400;553.7800;2388.1300;9047.8600;47.5200;521.8500;2388.1000;8128.8100;8.4649;393.0000;0.049177;-0.170168;0.000386;Healthy;WO501244;1,654.10
2026-07-03;ENG-010;171;2026-01-08 03:00:00;642.5400;1585.7600;1406.5500;553.7000;2388.0200;9065.6500;47.5100;521.6900;2388.0000;8145.8300;8.4261;393.0000;0.070872;-0.462328;0.002420;healthy;WO277315;2,262.62
03-Jul-2026;ENG-091;171;2026-01-08 03:00:00;643.2500;1594.3400;1414.1100;553.4600;2388.1500;9050.1400;47.7900;520.5200;2388.1500;8123.2000;8.4513;393.0000;-0.073942;0.662161;0.004309;Warning;WO475582;21034.88
03-Jul-2026;ENG-043;119;2026-01-05 23:00:00;642.5500;1590.5100;1401.0100;553.4300;2388.0800;9054.8400;47.6100;521.2400;2388.0500;8132.1800;8.4638;392.0000;0.055481;-0.030091;0.001136;Healthy;WO620745;625.18
03-Jul-2026;eng-042;116;2026-01-05 20:00:00;643.2600;1587.0300;1412.9000;553.6300;2388.0800;9042.7100;47.5800;521.6800;2388.0700;8130.5600;8.4313;390.0000;0.044845;-0.140756;0.000873;Healthy;WO289350;1,193.62
03-Jul-2026;eng-035;176;2026-01-08 08:00:00;643.1900;1598.2500;1415.0300;551.4500;2388.1700;9070.0300;47.9900;520.1300;2388.2000;8138.3900;8.5343;395.0000;-0.362594;1.397248;0.017510;Warning;WO534679;18720.70
03-Jul-2026;ENG-028;152;2026-01-07 08:00:00;642.2800;1593.5800;1416.6400;553.3400;2388.1300;9059.1200;47.6400;521.0700;2388.1500;8133.4400;8.4260;393.0000;0.012289;0.257372;0.001537;Healthy;WO260640;1676.01
2026-07-03;ENG-021;133;2026-01-06 13:00:00;642.3100;1580.5500;1397.9000;553.8500;2387.9600;9081.8900;47.2300;521.8800;2388.0200;8152.2500;8.4167;393.0000;0.058676;-1.028611;0.004956;Healthy;WO806584;728.71
2026/07/03;ENG-062;227;2026-01-10 11:00:00;642.3500;1588.9000;1406.9000;553.7000;2388.1100;9089.5500;47.5000;522.0000;2388.1000;8159.9000;8.4067;394.0000;0.103439;-0.100154;0.002261;HEALTHY;WO675395;2336.14
2026-07-03;ENG-054;117;2026-01-05 21:00:00;642.5300;1579.2400;1403.9600;553.7900;2388.0600;9058.5100;47.1800;521.9700;2387.9800;8143.9500;8.4383;393.0000;0.000001;-2.663905;0.006587;Healthy;WO825348;1,732.44
03-Jul-2026;  ENG-020 ;160;2026-01-07 16:00:00;643.1600;1594.3700;1411.5200;553.1600;2388.1700;9063.2800;47.6300;521.3300;2388.1600;8143.1000;8.4664;393.0000;0.008690;0.593440;0.002590;Healthy;WO735319;2401.49
03-Jul-2026;ENG-088;50;2026-01-03 02:00:00;642.7300;1587.4900;1413.3800;553.1300;2388.1500;9041.4400;47.8000;521.4500;2388.1700;8123.4000;8.4463;393.0000;-0.029738;0.217307;0.002744;Healthy;WO556043;836.75
2026-07-03;eng-012;200;2026-01-09 08:00:00;642.1100;1591.0900;1403.9600;553.5500;2388.0400;9065.2300;47.6000;522.0400;2388.1000;8146.1900;8.4043;392.0000;0.067536;-0.510241;0.001761;Warning;WO951582;
03-Jul-2026;eng-091;181;2026-01-08 13:00:00;643.0700;1589.2900;1415.3000;552.5400;2388.2100;9053.1200;47.7400;520.3000;2388.1600;8132.1300;8.4868;393.0000;-0.195839;0.854350;0.004696;Warning;WO803612;15,583.05
03-Jul-2026;ENG-010;188;2026-01-08 20:00:00;643.0700;1585.8600;1399.5900;554.1100;2388.0700;9065.3200;47.5000;521.4300;2388.0600;8136.2000;8.4437;392.0000;0.054386;-0.314090;0.000814;Healthy;WO566394;1178.48
03-Jul-2026;ENG-091;193;2026-01-09 01:00:00;643.5500;1600.2000;1413.4500;552.3000;2388.2300;9045.1900;47.7100;520.3400;2388.1400;8125.3500;8.4749;394.0000;-0.335598;1.052404;0.002392;Warning;WO208594;16677.71
03-Jul-2026;ENG-027;139;2026-01-06 19:00:00;642.4900;1580.8000;1401.7500;553.7600;2388.1300;9052.4000;47.3500;521.3400;2388.0400;8132.6800;8.4344;393.0000;0.022427;-0.419098;0.003727;Healthy;WO252071;
03-Jul-2026;ENG-040;91;2026-01-04 19:00:00;643.1700;1592.7100;1409.4700;553.4800;2388.1300;9050.7700;47.5900;521.0100;2388.1700;8138.5800;8.4341;393.0000;0.010633;0.194391;0.001341;Healthy;WO352220;757.38
2026/07/03;ENG-091;196;2026-01-09 04:00:00;643.3200;1591.9900;1415.3500;552.9800;2388.1500;9055.3100;47.7400;520.6100;2388.2200;8128.6200;8.4633;394.0000;-0.136376;0.809442;0.006871;Healthy;WO854435;2,722.32
2026/07/03;eng-062;176;2026-01-08 08:00:00;642.2200;1581.3300;1401.2700;554.9700;2388.0300;9070.0200;47.2700;522.3200;2388.0600;8144.9600;8.4236;392.0000;0.029034;-1.056671;0.000913;Healthy;WO841962;2,233.34
2026-07-03;ENG-067;69;2026-01-03 21:00:00;642.1800;1590.6400;1404.7600;553.9000;2388.0300;9056.8400;47.1900;521.8900;2388.0300;8141.8000;8.4296;392.0000;0.033195;-0.686846;0.000992;Healthy;WO777482;1,888.11
2026/07/03;ENG-020;158;2026-01-07 14:00:00;642.8800;1588.2100;1412.7900;552.2900;2388.1500;9063.8300;47.9200;520.8300;2388.1800;8139.8100;8.4399;395.0000;-0.018574;0.665654;0.001777;Healthy;WO254898;317.42
2026-07-03;ENG-034;166;2026-01-07 22:00:00;642.8600;1589.4600;1415.1000;553.0500;2388.1600;9061.7400;47.8100;521.0200;2388.0600;8132.4700;8.4253;393.0000;0.013096;0.267349;0.002886;Warning;WO827927;14030.58
2026-07-03;ENG-046;106;2026-01-05 10:00:00;642.8300;1588.4500;1401.7000;553.3300;2388.0700;9071.7100;47.4000;521.3300;2388.0900;8149.1000;8.4632;394.0000;0.086150;-0.012688;0.000808;Healthy;WO128723;
2026/07/03;eng-025;34;2026-01-02 10:00:00;642.1200;1594.2100;1402.1500;553.7700;2388.0800;9051.9400;47.1700;521.9400;2388.0600;8130.9000;8.4287;394.0000;0.009746;-0.663937;0.001802;Healthy;WO439303;1,895.71
03-Jul-2026;ENG-013;165;2026-01-07 21:00:00;642.4900;1595.3000;1401.0600;554.0400;2388.0800;9064.9000;47.4800;522.1600;2388.0800;8148.6500;8.3854;392.0000;0.059654;-0.501190;0.001811;Healthy;WO216254;2989.94
03-Jul-2026;ENG-021;128;2026-01-06 08:00:00;642.4300;1585.6400;1405.4600;554.5100;2388.0600;9073.7800;47.3700;521.8900;2387.9800;8153.9500;8.4323;393.0000;0.066291;-0.679544;0.003088;Healthy;WO411178;985.93
2026/07/03;ENG-063;144;2026-01-07 00:00:00;642.9100;1591.9500;1412.3400;552.9700;2388.1800;9048.4100;47.6100;520.8400;2388.1900;8131.7000;8.4340;392.0000;-0.031854;0.383736;0.002194;Healthy;WO952587;1336.48
2026-07-03;  ENG-034 ;183;2026-01-08 15:00:00;642.9300;1597.3700;1424.2600;551.9800;2388.1900;9059.7400;47.6800;520.8800;2388.1700;8133.0100;8.4648;394.0000;-0.124666;0.897553;0.003040;warning;WO226828;10441.68
2026/07/03;ENG-081;169;2026-01-08 01:00:00;643.0400;1596.9300;1412.6500;552.7700;2388.1000;9068.5100;47.7500;520.5800;2388.1200;8147.3700;8.4790;394.0000;0.023732;0.640430;0.003435;Healthy;WO210580;2,498.74
2026/07/03;ENG-054;82;2026-01-04 10:00:00;641.9600;1580.2500;1403.3700;554.4800;2388.0000;9057.2200;47.1000;522.7000;2387.9800;8140.5800;8.4019;391.0000;0.051790;-1.236213;0.001145;Healthy;WO861810;1424.95
2026-07-03;ENG-068;163;2026-01-07 19:00:00;642.7700;1589.5900;1416.6600;553.3400;2388.1000;9073.8000;47.8000;521.0700;2388.1600;8149.7600;8.4865;395.0000;0.048719;0.570854;0.002478;warning;WO757477;10,771.67
2026/07/03;  ENG-020 ;125;2026-01-06 05:00:00;642.5000;1591.1800;1407.0000;553.1300;2388.1000;9073.2300;47.3300;521.6500;2388.0700;8144.0500;8.4067;392.0000;0.079728;-0.177554;0.004793;Warning;WO936722;8,648.40
2026/07/03;ENG-034;187;2026-01-08 19:00:00;643.4900;1595.8300;1416.7500;552.5000;2388.1800;9054.3100;47.9800;520.4300;2388.1800;8128.8500;8.5000;395.0000;-0.346827;1.168921;0.009643;Warning;WO345331;11057.13
2026/07/03;  ENG-095 ;81;2026-01-04 09:00:00;642.1700;1588.0300;1401.0600;553.9400;2387.9900;9045.0700;47.4100;521.9700;2388.1200;8130.5800;8.3665;393.0000;0.008444;-0.645679;0.005705;Healthy;WO745931;1,848.89
2026/07/03;ENG-042;106;2026-01-05 10:00:00;642.4800;1588.2300;1411.2400;553.4100;2388.0800;9050.6200;47.3700;521.7100;2388.1100;8129.8600;8.4372;392.0000;0.045530;-0.298312;0.001642;Healthy;WO276739;1632.30
03-Jul-2026;ENG-001;30;2026-01-02 06:00:00;642.7900;1585.7200;1400.9700;554.1000;2388.0900;9047.4500;47.4000;521.7800;2388.1000;8134.7900;8.4110;391.0000;0.007987;-0.714070;0.002184;Healthy;WO309284;981.79
2026/07/03;ENG-012;149;2026-01-07 05:00:00;642.8300;1584.8400;1402.4300;554.3000;2388.0200;9057.5700;47.2500;521.7400;2388.0600;8142.5300;8.4128;392.0000;0.022345;-0.715432;0.001315;Healthy;WO228719;2964.60
2026/07/03;ENG-068;164;2026-01-07 20:00:00;643.1000;1594.6300;1416.8300;551.9800;2388.1300;9078.4200;47.8800;520.1500;2388.1300;8148.1800;8.4491;395.0000;0.046010;0.854008;0.020624;healthy;WO229202;831.43
2026-07-03;ENG-040;94;2026-01-04 22:00:00;642.6000;1594.5000;1410.3500;553.3000;2388.1100;9053.6500;47.5900;521.2000;2388.1200;8132.6700;8.4233;392.0000;0.009785;0.241559;0.002450;Healthy;WO878433;510.33
2026/07/03;ENG-039;29;2026-01-02 05:00:00;641.9300;1588.2000;1395.9400;554.1700;2388.0200;9067.6600;47.2500;522.6700;2388.0400;8140.0200;8.3858;391.0000;0.047230;-1.128413;0.000000;Healthy;WO588255;767.64
2026/07/03;eng-058;142;2026-01-06 22:00:00;642.8800;1585.0800;1408.0400;553.4600;2388.1100;9052.0700;47.5600;521.7500;2388.1400;8134.2800;8.4536;392.0000;0.041853;0.000882;0.000529;Healthy;WO610372;
03-Jul-2026;  ENG-035 ;153;2026-01-07 09:00:00;643.2700;1590.6000;1417.9800;552.9100;2388.1200;9074.2400;47.7300;520.7200;2388.1400;8141.9100;8.4725;394.0000;0.042378;0.785368;0.006892;warning;WO282177;5337.33
03-Jul-2026;ENG-070;109;2026-01-05 13:00:00;642.6300;1595.8100;1410.2400;553.1900;2388.1000;9044.5200;47.5800;521.2000;2388.1100;8129.1900;8.4631;392.0000;0.023346;0.057337;;healthy;WO569280;2091.39
2026/07/03;ENG-007;116;2026-01-05 20:00:00;642.0800;1583.8800;1396.9400;553.8800;2388.0400;9049.6300;47.2500;522.4800;2387.9800;8142.5900;8.4270;392.0000;0.046613;-1.034661;0.000488;Healthy;WO875637;562.86
2026-07-03;ENG-008;165;2026-01-07 21:00:00;643.2700;1594.1400;1406.1200;552.6500;2388.0900;9044.4400;47.6100;520.9900;2388.1500;8132.9000;8.4441;392.0000;0.007235;0.310482;0.001802;Healthy;WO146132;1,685.34
2026/07/03;ENG-082;115;2026-01-05 19:00:00;643.0100;1588.2900;1408.4400;553.2900;2388.1800;9058.1500;47.5500;521.2000;2388.1000;8136.5100;8.4578;393.0000;0.010979;0.273566;0.002055;Healthy;WO694772;1934.92
03-Jul-2026;ENG-049;254;2026-01-11 14:00:00;642.6500;1587.1100;1410.0800;552.9700;2388.1500;9054.0500;47.6600;521.3500;2388.1300;8133.3700;8.4546;394.0000;0.004130;0.250128;;Healthy;WO891607;1,740.50
03-Jul-2026;eng-074;133;2026-01-06 13:00:00;642.6500;1589.8700;1407.5200;553.3000;2388.0900;9054.9600;47.5000;521.7700;2388.1700;8145.0600;8.4794;393.0000;0.058997;0.122632;0.003749;Healthy;WO867483;893.87
2026/07/03;ENG-018;103;2026-01-05 07:00:00;642.7500;1585.0200;1398.8000;554.0100;2388.1200;9056.1500;47.3400;521.9200;2388.0600;8142.3900;8.4752;394.0000;0.052941;-0.288448;0.000585;healthy;WO293643;
2026/07/03;ENG-047;53;2026-01-03 05:00:00;642.6400;1583.9500;1411.3000;553.4100;2388.1000;9038.8900;47.6100;521.8800;2388.1700;8128.1500;8.4727;394.0000;-0.002646;0.071730;0.002726;Warning;WO803465;17,639.39
2026/07/03;ENG-010;138;2026-01-06 18:00:00;642.2100;1584.9300;1399.3900;554.3900;2388.0200;9062.8100;47.4500;522.4400;2388.0700;8143.6100;8.4130;391.0000;0.036306;-0.970576;0.001582;Healthy;WO342465;1143.33
03-Jul-2026;ENG-026;56;2026-01-03 08:00:00;641.9300;1584.5400;1398.6700;554.0200;2388.0000;9066.7500;47.1600;522.2100;2388.0400;8146.9300;8.4080;391.0000;0.030356;-1.075055;0.001465;Healthy;WO806503;769.92
